index,singular_value
1,1.804490277205335e+00
2,1.687480824121458e+00
3,1.144626003185538e+00
4,1.086265646193453e+00
5,9.021597406203681e-01
6,8.353986325601030e-01
7,4.147506389219058e-01
8,1.789530476941520e-01
