cell,system,instance,noise,n_rows,best_oracle,rank1_err,rank1_s2,rk_err_1,rk_err_10,rk_s2_1,rk_s2_10
aircraft_pitch_0_0,aircraft_pitch,0,0,100,4.329065994568282e-10,3.3643161312379988e-09,8.703570780754788e-09,1,1,1,1
aircraft_pitch_0_1em2,aircraft_pitch,0,1em2,100,0.0016732988357543999,0.11015391122290563,0.002806621551513677,19,19,1,1
aircraft_pitch_0_1em4,aircraft_pitch,0,1em4,100,6.754970550537642e-05,0.0008703889846801705,0.0009876909255981392,1,1,1,1
aircraft_pitch_0_1em6,aircraft_pitch,0,1em6,100,6.39381408691353e-05,0.0008384408950805611,0.00024159526824951705,1,1,1,1
aircraft_pitch_0_1em8,aircraft_pitch,0,1em8,100,1.383231034546295e-06,1.383231034546295e-06,0.0001599016189575142,1,1,1,1
aircraft_pitch_1_0,aircraft_pitch,1,0,100,4.680552057045873e-10,4.680552057045873e-10,1.527786254884589e-05,1,1,1,1
aircraft_pitch_1_1em2,aircraft_pitch,1,1em2,100,0.011769037246704084,0.05290720477616351,0.011811714172363263,,1,,1
aircraft_pitch_1_1em4,aircraft_pitch,1,1em4,100,1.5343666076639284e-05,9.347915649415839e-05,9.347915649415839e-05,1,1,1,1
aircraft_pitch_1_1em6,aircraft_pitch,1,1em6,100,3.260170264512974e-05,5.08022308349787e-05,5.08022308349787e-05,1,1,1,1
aircraft_pitch_1_1em8,aircraft_pitch,1,1em8,100,1.3883950585491522e-05,2.7368847914710503e-05,0.0005802106857299982,1,1,1,1
aircraft_pitch_2_0,aircraft_pitch,2,0,100,2.0543478029821927e-10,2.0543478029821927e-10,4.572010040282404e-05,1,1,1,1
aircraft_pitch_2_1em2,aircraft_pitch,2,1em2,100,0.012562927246093758,0.03222177683417404,0.029367264747619637,,1,,1
aircraft_pitch_2_1em4,aircraft_pitch,2,1em4,100,2.5328636169441587e-05,8.482074737548029e-05,8.482074737548029e-05,1,1,1,1
aircraft_pitch_2_1em6,aircraft_pitch,2,1em6,100,6.442928314209784e-05,0.0018443431854248127,0.0018443431854248127,1,1,1,1
aircraft_pitch_2_1em8,aircraft_pitch,2,1em8,100,5.588826670255287e-05,0.0005715522766113201,0.0005715522766113201,1,1,1,1
aircraft_pitch_3_0,aircraft_pitch,3,0,100,2.1356289070517676e-08,2.1356289070517676e-08,9.277534484863903e-05,1,1,1,1
aircraft_pitch_3_1em2,aircraft_pitch,3,1em2,100,0.00027397346496582653,0.002235085487365729,0.002235085487365729,1,1,1,1
aircraft_pitch_3_1em4,aircraft_pitch,3,1em4,100,0.00014606189727783825,0.003662436485290521,0.003662436485290521,1,1,1,1
aircraft_pitch_3_1em6,aircraft_pitch,3,1em6,100,1.0409841333269831e-05,1.0409841333269831e-05,0.0016977481842040953,1,1,1,1
aircraft_pitch_3_1em8,aircraft_pitch,3,1em8,100,9.782933885205125e-08,9.782933885205125e-08,9.277534484863903e-05,1,1,1,1
aircraft_pitch_4_0,aircraft_pitch,4,0,100,9.065717065936951e-10,2.587661973585398e-09,3.3038759505998883e-09,1,1,1,1
aircraft_pitch_4_1em2,aircraft_pitch,4,1em2,100,0.0001131296157836914,0.0007835597991943111,0.0007835597991943111,1,1,1,1
aircraft_pitch_4_1em4,aircraft_pitch,4,1em4,100,4.815769195554154e-05,0.00010859680175778763,0.00010859680175778763,1,1,1,1
aircraft_pitch_4_1em6,aircraft_pitch,4,1em6,100,1.7604827881045892e-06,0.0009435386657714595,0.0009435386657714595,1,1,1,1
aircraft_pitch_4_1em8,aircraft_pitch,4,1em8,100,1.4131832460906324e-06,3.6683899706679846e-05,0.001138451576232935,1,1,1,1
aircraft_pitch_5_0,aircraft_pitch,5,0,100,1.4757504354645512e-07,1.4757504354645512e-07,0.00015908145904541815,1,1,1,1
aircraft_pitch_5_1em2,aircraft_pitch,5,1em2,100,0.13700264358520509,0.14157145881652833,3.0741781866522175,,,,
aircraft_pitch_5_1em4,aircraft_pitch,5,1em4,100,0.0009868707656860431,0.011986073493957528,0.011986073493957528,3,1,3,1
aircraft_pitch_5_1em6,aircraft_pitch,5,1em6,100,0.00029056930541992987,0.012231287002563485,0.012231287002563485,2,1,2,1
aircraft_pitch_5_1em8,aircraft_pitch,5,1em8,100,0.0003367033004760822,0.01233428382873536,0.01233428382873536,2,1,2,1
aircraft_pitch_6_0,aircraft_pitch,6,0,100,1.1769965141406047e-08,1.1769965141406047e-08,6.885051727295588e-05,1,1,1,1
aircraft_pitch_6_1em2,aircraft_pitch,6,1em2,100,0.027507357597351068,0.06019661565588076,0.028832488059997552,,1,,1
aircraft_pitch_6_1em4,aircraft_pitch,6,1em4,100,0.00011938095092772771,0.00013368606567382146,0.00013368606567382146,1,1,1,1
aircraft_pitch_6_1em6,aircraft_pitch,6,1em6,100,6.885051727295588e-05,6.885051727295588e-05,6.885051727295588e-05,1,1,1,1
aircraft_pitch_6_1em8,aircraft_pitch,6,1em8,100,9.358476092347079e-05,9.358476092347079e-05,0.00012571334838867854,1,1,1,1
aircraft_pitch_7_0,aircraft_pitch,7,0,100,2.120300324204294e-10,2.861812509191708e-09,6.303215026853826e-05,1,1,1,1
aircraft_pitch_7_1em2,aircraft_pitch,7,1em2,100,0.02120457965048894,0.13694992497798686,0.035725206375122054,,5,,1
aircraft_pitch_7_1em4,aircraft_pitch,7,1em4,100,6.1693191528156e-06,0.0010257663726806476,0.0010257663726806476,1,1,1,1
aircraft_pitch_7_1em6,aircraft_pitch,7,1em6,100,7.721805572508122e-05,0.0005709829330444172,0.0005709829330444172,1,1,1,1
aircraft_pitch_7_1em8,aircraft_pitch,7,1em8,100,3.187193344367234e-05,5.39796497587286e-05,0.0001766386032104328,1,1,1,1
aircraft_pitch_8_0,aircraft_pitch,8,0,100,5.645551803823423e-09,7.436638804758644e-09,7.436638804758644e-09,1,1,1,1
aircraft_pitch_8_1em2,aircraft_pitch,8,1em2,100,0.04760316875365522,0.04760316875365522,0.05744533634185789,,1,,1
aircraft_pitch_8_1em4,aircraft_pitch,8,1em4,100,3.762149810793147e-05,0.000211168289184549,0.000211168289184549,1,1,1,1
aircraft_pitch_8_1em6,aircraft_pitch,8,1em6,100,1.220798492429509e-05,0.0008191576004028533,0.0008191576004028533,1,1,1,1
aircraft_pitch_8_1em8,aircraft_pitch,8,1em8,100,1.48953605080826e-05,1.48953605080826e-05,0.00029997920989988103,1,1,1,1
aircraft_pitch_9_0,aircraft_pitch,9,0,100,5.943864289648104e-10,8.76639283386993e-09,8.76639283386993e-09,1,1,1,1
aircraft_pitch_9_1em2,aircraft_pitch,9,1em2,100,0.0006231286426497951,0.0006231286426497951,0.03236217212677006,1,1,63,1
aircraft_pitch_9_1em4,aircraft_pitch,9,1em4,100,4.582691192622779e-05,0.002610853195190388,0.002610853195190388,1,1,1,1
aircraft_pitch_9_1em6,aircraft_pitch,9,1em6,100,4.3103218078655026e-05,0.0031756668090819895,0.0031756668090819895,1,1,1,1
aircraft_pitch_9_1em8,aircraft_pitch,9,1em8,100,1.0437506282157116e-05,7.611456737754985e-05,0.002188017845153767,1,1,1,1
bicycle_model_0_0,bicycle_model,0,0,100,5.37751509988027e-11,5.37751509988027e-11,5.37751509988027e-11,1,1,1,1
bicycle_model_0_1em2,bicycle_model,0,1em2,100,0.0020175590515136843,0.0787842269145963,0.0020175590515136843,25,1,1,1
bicycle_model_0_1em4,bicycle_model,0,1em4,100,4.333400726319603e-05,4.333400726319603e-05,4.333400726319603e-05,1,1,1,1
bicycle_model_0_1em6,bicycle_model,0,1em6,100,8.673667907688198e-06,8.673667907688198e-06,8.673667907688198e-06,1,1,1,1
bicycle_model_0_1em8,bicycle_model,0,1em8,100,2.055168151882114e-06,2.055168151882114e-06,2.055168151882114e-06,1,1,1,1
bicycle_model_1_0,bicycle_model,1,0,100,1.0618173007514997e-12,1.0618173007514997e-12,1.0618173007514997e-12,1,1,1,1
bicycle_model_1_1em2,bicycle_model,1,1em2,100,0.00021580219268801937,0.0027369110875691827,0.00021819686889645862,1,1,1,1
bicycle_model_1_1em4,bicycle_model,1,1em4,100,5.050659179661743e-06,5.050659179661743e-06,5.050659179661743e-06,1,1,1,1
bicycle_model_1_1em6,bicycle_model,1,1em6,100,2.9602050781174505e-06,2.9602050781174505e-06,2.9602050781174505e-06,1,1,1,1
bicycle_model_1_1em8,bicycle_model,1,1em8,100,9.809976161401224e-07,9.809976161401224e-07,9.809976161401224e-07,1,1,1,1
bicycle_model_2_0,bicycle_model,2,0,100,7.14373005195057e-13,7.14373005195057e-13,7.14373005195057e-13,1,1,1,1
bicycle_model_2_1em2,bicycle_model,2,1em2,100,0.000546481132507326,0.010200114318846543,0.0006032247543334979,13,1,1,1
bicycle_model_2_1em4,bicycle_model,2,1em4,100,7.950782775878462e-06,7.950782775878462e-06,7.950782775878462e-06,1,1,1,1
bicycle_model_2_1em6,bicycle_model,2,1em6,100,3.046035766618438e-06,3.046035766618438e-06,3.046035766618438e-06,1,1,1,1
bicycle_model_2_1em8,bicycle_model,2,1em8,100,2.9609286422704884e-07,2.9609286422704884e-07,2.9609286422704884e-07,1,1,1,1
bicycle_model_3_0,bicycle_model,3,0,100,1.265987314980066e-12,1.265987314980066e-12,0.0001798248291016158,1,1,1,1
bicycle_model_3_1em2,bicycle_model,3,1em2,100,0.020652709960937488,0.23638605146295077,0.022384582519531238,,11,,1
bicycle_model_3_1em4,bicycle_model,3,1em4,100,0.0003914373490127021,0.004421968485582739,0.0008011474609375124,1,1,1,1
bicycle_model_3_1em6,bicycle_model,3,1em6,100,3.6062800957803454e-05,5.131201647823325e-05,0.0015906677246093626,1,1,1,1
bicycle_model_3_1em8,bicycle_model,3,1em8,100,3.986765881425214e-06,1.8556970155625407e-05,0.0005645141601562376,1,1,1,1
bicycle_model_4_0,bicycle_model,4,0,100,3.836853057492817e-11,3.836853057492817e-11,3.836853057492817e-11,1,1,1,1
bicycle_model_4_1em2,bicycle_model,4,1em2,100,0.002702761650085428,0.08331850999356838,0.002702761650085428,16,1,1,1
bicycle_model_4_1em4,bicycle_model,4,1em4,100,0.00010160023353328329,0.00010692119598387784,0.00010692119598387784,1,1,1,1
bicycle_model_4_1em6,bicycle_model,4,1em6,100,3.1089782714932568e-06,5.061531066896663e-05,5.061531066896663e-05,1,1,1,1
bicycle_model_4_1em8,bicycle_model,4,1em8,100,5.692844863292024e-07,5.692844863292024e-07,5.692844863292024e-07,1,1,1,1
bicycle_model_5_0,bicycle_model,5,0,100,6.084022174945858e-14,6.084022174945858e-14,6.084022174945858e-14,1,1,1,1
bicycle_model_5_1em2,bicycle_model,5,1em2,100,0.001334918975830074,0.02467177866403747,0.0014522209167480427,6,1,1,1
bicycle_model_5_1em4,bicycle_model,5,1em4,100,4.6502113342339335e-05,0.00011741924285890715,0.00011741924285890715,1,1,1,1
bicycle_model_5_1em6,bicycle_model,5,1em6,100,1.1298816334492923e-05,3.8137435913077056e-05,3.8137435913077056e-05,1,1,1,1
bicycle_model_5_1em8,bicycle_model,5,1em8,100,2.4278527299692598e-08,2.4278527299692598e-08,2.4278527299692598e-08,1,1,1,1
bicycle_model_6_0,bicycle_model,6,0,100,8.834710740757146e-12,8.834710740757146e-12,8.834710740757146e-12,1,1,1,1
bicycle_model_6_1em2,bicycle_model,6,1em2,100,0.0011364955902100071,0.20624143097307912,0.0011399526596069798,23,5,1,1
bicycle_model_6_1em4,bicycle_model,6,1em4,100,6.898498535157227e-05,6.898498535157227e-05,6.898498535157227e-05,1,1,1,1
bicycle_model_6_1em6,bicycle_model,6,1em6,100,1.927471160889649e-05,3.1544685363815717e-05,3.1544685363815717e-05,1,1,1,1
bicycle_model_6_1em8,bicycle_model,6,1em8,100,1.5449463950378828e-06,1.5449463950378828e-06,1.5449463950378828e-06,1,1,1,1
bicycle_model_7_0,bicycle_model,7,0,100,7.062953555347917e-10,7.062953555347917e-10,0.0016925201416015945,1,1,1,1
bicycle_model_7_1em2,bicycle_model,7,1em2,100,0.014624343872070344,30.471931354967293,0.02038072204589847,,87,,1
bicycle_model_7_1em4,bicycle_model,7,1em4,100,0.001109374999999968,2.3238629033477647,0.0029232635498046555,7,7,1,1
bicycle_model_7_1em6,bicycle_model,7,1em6,100,0.0003061715703057133,0.059041745000598445,0.03179620361328128,8,1,2,1
bicycle_model_7_1em8,bicycle_model,7,1em8,100,3.588272563526118e-06,0.001263886176698148,0.001666320800781218,1,1,1,1
bicycle_model_8_0,bicycle_model,8,0,100,6.757927550893328e-13,6.757927550893328e-13,6.757927550893328e-13,1,1,1,1
bicycle_model_8_1em2,bicycle_model,8,1em2,100,0.004501749038696268,0.09413414054917457,0.004526663780212381,30,1,1,1
bicycle_model_8_1em4,bicycle_model,8,1em4,100,4.967880249018286e-05,4.967880249018286e-05,4.967880249018286e-05,1,1,1,1
bicycle_model_8_1em6,bicycle_model,8,1em6,100,1.0203361511251785e-05,1.0203361511251785e-05,1.0203361511251785e-05,1,1,1,1
bicycle_model_8_1em8,bicycle_model,8,1em8,100,3.6495022304183777e-07,3.6495022304183777e-07,3.6495022304183777e-07,1,1,1,1
bicycle_model_9_0,bicycle_model,9,0,100,1.0574874309554616e-13,1.0574874309554616e-13,1.0574874309554616e-13,1,1,1,1
bicycle_model_9_1em2,bicycle_model,9,1em2,100,0.0004255018234252672,0.010318249679929059,0.00047163581848141956,2,1,1,1
bicycle_model_9_1em4,bicycle_model,9,1em4,100,6.122970581057263e-05,6.122970581057263e-05,6.122970581057263e-05,1,1,1,1
bicycle_model_9_1em6,bicycle_model,9,1em6,100,6.242752075169555e-06,1.339530944821643e-05,1.339530944821643e-05,1,1,1,1
bicycle_model_9_1em8,bicycle_model,9,1em8,100,6.361107518504383e-08,6.361107518504383e-08,6.361107518504383e-08,1,1,1,1
biohydrogenation_0_0,biohydrogenation,0,0,100,8.621020564092419e-10,8.621020564092419e-10,8.621020564092419e-10,1,1,1,1
biohydrogenation_0_1em2,biohydrogenation,0,1em2,100,1.8063527997480728,2.7590151715999194,2.7590151715999194,,,,
biohydrogenation_0_1em4,biohydrogenation,0,1em4,100,0.647678592188899,1.5693744501607534,0.6476786400072378,,,,
biohydrogenation_0_1em6,biohydrogenation,0,1em6,100,0.0021635790810455857,0.0021696312399817064,0.0021696944388377437,1,1,1,1
biohydrogenation_0_1em8,biohydrogenation,0,1em8,100,7.229854062029695e-05,7.283204673691479e-05,7.283204673691479e-05,1,1,1,1
biohydrogenation_1_0,biohydrogenation,1,0,100,2.561489909069792e-10,2.561489909069792e-10,2.561489909069792e-10,1,1,1,1
biohydrogenation_1_1em2,biohydrogenation,1,1em2,100,0.8608797225089383,7.433989525313613,5.563899046703061,,,,
biohydrogenation_1_1em4,biohydrogenation,1,1em4,100,0.3228312556046799,0.3229672220104744,0.3229672220104744,,,,
biohydrogenation_1_1em6,biohydrogenation,1,1em6,100,0.007014528670599429,0.00701600584258627,0.00701600584258627,1,1,1,1
biohydrogenation_1_1em8,biohydrogenation,1,1em8,100,0.00010429062372813158,0.00010439150249313967,0.00010439150249313967,1,1,1,1
biohydrogenation_2_0,biohydrogenation,2,0,100,3.2692539453371694e-08,5.1313520321727424e-08,5.1313520321727424e-08,1,1,1,1
biohydrogenation_2_1em2,biohydrogenation,2,1em2,100,1.3411709111964918,1.3411709111964918,1.3411709111964918,,,,
biohydrogenation_2_1em4,biohydrogenation,2,1em4,100,0.6768483680608952,2.0683442495156585,2.0683442495156585,,,,
biohydrogenation_2_1em6,biohydrogenation,2,1em6,100,0.5953714607444451,9.259000000000002,0.5953714607444451,,,,
biohydrogenation_2_1em8,biohydrogenation,2,1em8,100,0.0009528672722932674,0.0009662627091169274,0.0009662627091169274,1,1,1,1
biohydrogenation_3_0,biohydrogenation,3,0,100,2.747012617376754e-10,2.747012617376754e-10,2.747012617376754e-10,1,1,1,1
biohydrogenation_3_1em2,biohydrogenation,3,1em2,100,1.263374549783383,7.110468403897296,3.757002791564209,,,,
biohydrogenation_3_1em4,biohydrogenation,3,1em4,100,0.4806221986222241,0.4806221986222241,0.5706978304356718,,,,
biohydrogenation_3_1em6,biohydrogenation,3,1em6,100,0.024589255213280037,0.02460113627883742,0.02460113627883742,,1,,1
biohydrogenation_3_1em8,biohydrogenation,3,1em8,100,0.0006495624671832845,0.0006498609771431463,0.0006498609771431463,1,1,1,1
biohydrogenation_4_0,biohydrogenation,4,0,100,3.0196622979872245e-11,3.0196622979872245e-11,3.0196622979872245e-11,1,1,1,1
biohydrogenation_4_1em2,biohydrogenation,4,1em2,100,1.1961688655528824,4.739669175004296,3.8277389041675205,,,,
biohydrogenation_4_1em4,biohydrogenation,4,1em4,100,0.04393416184689225,0.4785942600978109,0.043938904048877236,,19,,1
biohydrogenation_4_1em6,biohydrogenation,4,1em6,100,0.0003847447367845147,0.00038515077088407956,0.00038515077088407956,1,1,1,1
biohydrogenation_4_1em8,biohydrogenation,4,1em8,100,4.064561296757141e-06,4.11313926651502e-06,4.11313926651502e-06,1,1,1,1
biohydrogenation_5_0,biohydrogenation,5,0,100,1.5719272550285268e-09,1.5719272550285268e-09,1.5719272550285268e-09,1,1,1,1
biohydrogenation_5_1em2,biohydrogenation,5,1em2,100,3.207385513697522,9.473795205326402,5.943285682772244,,,,
biohydrogenation_5_1em4,biohydrogenation,5,1em4,100,0.7182854009957286,1.987502083661858,0.7811232176931591,,,,
biohydrogenation_5_1em6,biohydrogenation,5,1em6,100,0.005292183071763157,0.005296750934303485,0.005296750934303485,1,1,1,1
biohydrogenation_5_1em8,biohydrogenation,5,1em8,100,5.697461117526448e-05,5.720585783086651e-05,5.720576827550339e-05,1,1,1,1
biohydrogenation_6_0,biohydrogenation,6,0,100,2.1396462379641434e-10,7.27527926791538e-09,7.27527926791538e-09,1,1,1,1
biohydrogenation_6_1em2,biohydrogenation,6,1em2,100,1.5848473415077988,4.316158417489955,4.316158417489955,,,,
biohydrogenation_6_1em4,biohydrogenation,6,1em4,100,0.7900293250250853,2.378656398957208,2.378656398957208,,,,
biohydrogenation_6_1em6,biohydrogenation,6,1em6,100,0.7700075362781538,9.182000000000002,0.7700075362781538,,,,
biohydrogenation_6_1em8,biohydrogenation,6,1em8,100,0.007560154949329045,0.00761299620657141,0.00761299620657141,1,1,1,1
biohydrogenation_7_0,biohydrogenation,7,0,100,4.7127401991975404e-07,4.7127401991975404e-07,4.7127401991975404e-07,1,1,1,1
biohydrogenation_7_1em2,biohydrogenation,7,1em2,100,0.822,0.8537855565134195,5.4548434266686225,,,,
biohydrogenation_7_1em4,biohydrogenation,7,1em4,100,0.5039053387924515,2.4936366659757883,0.5039053490501075,,,,
biohydrogenation_7_1em6,biohydrogenation,7,1em6,100,0.018136333546569405,0.01813854479454724,0.01813854479454724,,1,,1
biohydrogenation_7_1em8,biohydrogenation,7,1em8,100,0.00013533894918260625,0.0001355555628725913,0.0001355555628725913,1,1,1,1
biohydrogenation_8_0,biohydrogenation,8,0,100,2.7337284547179763e-08,2.7337284547179763e-08,2.7337284547179763e-08,1,1,1,1
biohydrogenation_8_1em2,biohydrogenation,8,1em2,100,1.177790444108488,1.817267742605301,7.21827893935297,,,,
biohydrogenation_8_1em4,biohydrogenation,8,1em4,100,0.5122538000055579,0.5122538000055579,0.5122538000055579,,,,
biohydrogenation_8_1em6,biohydrogenation,8,1em6,100,0.0009274380476161914,0.0009274973058959191,0.0009274973058959191,1,1,1,1
biohydrogenation_8_1em8,biohydrogenation,8,1em8,100,4.4614865419956296e-05,4.4614865419956296e-05,4.4614865419956296e-05,1,1,1,1
biohydrogenation_9_1em2,biohydrogenation,9,1em2,100,0.711,1.569427818949914,7.295311890359542,,,,
biohydrogenation_9_1em6,biohydrogenation,9,1em6,100,0.00074153149384526,0.0007421272902569109,0.0007421272902569109,1,1,1,1
biohydrogenation_9_1em8,biohydrogenation,9,1em8,100,2.257007435668701e-05,2.2655801602988745e-05,2.265618804275782e-05,1,1,1,1
boost_converter_0_0,boost_converter,0,0,100,1.4164024730867197e-08,1.4164024730867197e-08,0.0001697387695313024,1,1,1,1
boost_converter_0_1em2,boost_converter,0,1em2,100,0.0019427490234374956,0.3656117911983059,0.0044909667968749956,63,63,1,1
boost_converter_0_1em4,boost_converter,0,1em4,100,8.117675781249556e-05,0.002855623118856232,0.0008526000976561976,1,1,1,1
boost_converter_0_1em6,boost_converter,0,1em6,100,1.8537112105088127e-05,1.8537112105088127e-05,0.0003299560546875524,1,1,1,1
boost_converter_0_1em8,boost_converter,0,1em8,100,8.915983168433783e-07,8.915983168433783e-07,0.0001544799804688024,1,1,1,1
boost_converter_1_0,boost_converter,1,0,100,2.7061970717667805e-06,2.7061970717667805e-06,4.3395996093709144e-05,1,1,1,1
boost_converter_1_1em2,boost_converter,1,1em2,100,0.04130461567287702,0.04130461567287702,0.04242236328125004,,1,,1
boost_converter_1_1em4,boost_converter,1,1em4,100,0.00012500000000004174,0.0020476235682496124,0.0006514282226562917,1,1,1,1
boost_converter_1_1em6,boost_converter,1,1em6,100,3.409821517841305e-05,0.00016452672611411145,0.0010557861328125417,1,1,1,1
boost_converter_1_1em8,boost_converter,1,1em8,100,1.4547933769870625e-06,1.4547933769870625e-06,4.8156738281290856e-05,1,1,1,1
boost_converter_2_0,boost_converter,2,0,100,2.4573709733743954e-10,2.4573709733743954e-10,5.120849609374645e-05,1,1,1,1
boost_converter_2_1em2,boost_converter,2,1em2,100,0.02906588745117189,0.2531841842948611,0.02941683959960939,,83,,1
boost_converter_2_1em4,boost_converter,2,1em4,100,0.00028067016601562855,0.0014018347976169077,0.0008676452636718901,1,1,1,1
boost_converter_2_1em6,boost_converter,2,1em6,100,5.263522009057997e-05,8.716064366620646e-05,0.0004556579589843901,1,1,1,1
boost_converter_2_1em8,boost_converter,2,1em8,100,2.587536879206098e-06,2.587536879206098e-06,5.319213867188699e-05,1,1,1,1
boost_converter_3_0,boost_converter,3,0,84,9.221801211545255e-09,9.221801211545255e-09,4.1473388671886546e-05,1,1,1,1
boost_converter_3_1em2,boost_converter,3,1em2,100,0.010494750976562495,0.01683300977312696,0.01097921752929687,,1,,1
boost_converter_3_1em4,boost_converter,3,1em4,100,0.00016836547851561967,0.004819571202303807,0.00016836547851561967,1,1,1,1
boost_converter_3_1em6,boost_converter,3,1em6,100,1.1483747618501461e-05,1.6852233241659853e-05,0.00011877441406249467,1,1,1,1
boost_converter_3_1em8,boost_converter,3,1em8,95,2.806792132159508e-06,2.806792132159508e-06,4.1473388671886546e-05,1,1,1,1
boost_converter_4_0,boost_converter,4,0,100,2.3426692252748182e-08,2.3426692252748182e-08,4.165649414067385e-05,1,1,1,1
boost_converter_4_1em2,boost_converter,4,1em2,100,0.003753448486328137,0.09325162575403212,0.02665606689453126,88,1,30,1
boost_converter_4_1em4,boost_converter,4,1em4,100,0.00024517822265623934,0.0004099553539827494,0.00024517822265623934,1,1,1,1
boost_converter_4_1em6,boost_converter,4,1em6,100,1.1845503013696579e-05,1.5317048278618017e-05,0.0006207580566406357,1,1,1,1
boost_converter_4_1em8,boost_converter,4,1em8,100,2.2461837985154887e-06,2.2461837985154887e-06,4.888916015627354e-05,1,1,1,1
boost_converter_5_0,boost_converter,5,0,100,2.413587210647883e-07,2.413587210647883e-07,6.71386718750222e-05,1,1,1,1
boost_converter_5_1em2,boost_converter,5,1em2,100,0.007211303710937478,0.5022926699247418,0.018545532226562522,88,3,36,1
boost_converter_5_1em4,boost_converter,5,1em4,100,0.0004592895507812278,0.0095695221277744,0.0004592895507812278,1,1,1,1
boost_converter_5_1em6,boost_converter,5,1em6,100,1.3604376786713335e-05,9.56162367666824e-05,0.0004257202148437722,1,1,1,1
boost_converter_5_1em8,boost_converter,5,1em8,100,1.088197027088178e-05,1.088197027088178e-05,5.108642578122158e-05,1,1,1,1
boost_converter_6_0,boost_converter,6,0,100,0.00023452758789060946,0.00044067382812501554,0.00044067382812501554,1,1,1,1
boost_converter_6_1em2,boost_converter,6,1em2,88,0.002761627197265637,2.6030686987887957,0.01746566772460939,28,21,8,1
boost_converter_6_1em4,boost_converter,6,1em4,100,0.00026885986328123446,0.0006083679199218595,0.0006083679199218595,1,1,1,1
boost_converter_6_1em6,boost_converter,6,1em6,100,0.00042922973632814054,0.00042922973632814054,0.00042922973632814054,1,1,1,1
boost_converter_6_1em8,boost_converter,6,1em8,100,0.0005282592773437345,0.0005282592773437345,0.0005282592773437345,1,1,1,1
boost_converter_7_0,boost_converter,7,0,100,6.313838341043265e-13,6.313838341043265e-13,5.0384521484370115e-05,1,1,1,1
boost_converter_7_1em2,boost_converter,7,1em2,100,0.004803741455078114,0.15878084053100672,0.005799377441406239,64,5,1,1
boost_converter_7_1em4,boost_converter,7,1em4,100,4.299926757811434e-05,0.00034034603970323207,8.349609375002398e-05,1,1,1,1
boost_converter_7_1em6,boost_converter,7,1em6,100,3.2845409555726235e-05,4.828160733327813e-05,0.00017651367187498934,1,1,1,1
boost_converter_7_1em8,boost_converter,7,1em8,100,3.368937874337341e-06,3.368937874337341e-06,3.09143066405948e-05,1,1,1,1
boost_converter_8_0,boost_converter,8,0,93,2.6566207800282626e-07,2.6566207800282626e-07,5.7800292968757105e-05,1,1,1,1
boost_converter_8_1em2,boost_converter,8,1em2,100,0.02017935981869945,0.02017935981869945,0.03849468994140626,,1,,1
boost_converter_8_1em4,boost_converter,8,1em4,100,0.0001035766601562571,0.001988842068137542,0.0002409057617187571,1,1,1,1
boost_converter_8_1em6,boost_converter,8,1em6,100,2.1651293268698524e-05,3.887458526952159e-05,0.001468078613281243,1,1,1,1
boost_converter_8_1em8,boost_converter,8,1em8,100,2.6547761631245947e-06,2.6547761631245947e-06,0.0007139282226562571,1,1,1,1
boost_converter_9_0,boost_converter,9,0,79,4.684448242187056e-05,0.1944241793520171,0.00023437500000000888,13,13,1,1
boost_converter_9_1em2,boost_converter,9,1em2,100,0.024209747314453134,1.0764192599523181,0.040063629150390634,,51,,1
boost_converter_9_1em4,boost_converter,9,1em4,84,5.447387695312056e-05,0.19306177082224324,0.00011611938476563388,16,16,1,1
boost_converter_9_1em6,boost_converter,9,1em6,80,4.214477539060679e-05,7.797241210938388e-05,7.797241210938388e-05,1,1,1,1
boost_converter_9_1em8,boost_converter,9,1em8,78,4.214477539060679e-05,4.214477539060679e-05,4.214477539060679e-05,1,1,1,1
brusselator_0_0,brusselator,0,0,89,2.3370194668359545e-13,2.3370194668359545e-13,2.3370194668359545e-13,1,1,1,1
brusselator_0_1em2,brusselator,0,1em2,100,0.060713717100195685,0.06401219090825175,0.06401219090825175,,1,,1
brusselator_0_1em4,brusselator,0,1em4,100,0.0002766466683192803,0.0003184015163074372,0.0002766466683192803,1,1,1,1
brusselator_0_1em6,brusselator,0,1em6,100,7.267198630644955e-07,7.267198630644955e-07,7.267198630644955e-07,1,1,1,1
brusselator_0_1em8,brusselator,0,1em8,89,3.1308295955767562e-09,3.1308295955767562e-09,3.1308295955767562e-09,1,1,1,1
brusselator_1_0,brusselator,1,0,100,1.9092505354478817e-12,1.9092505354478817e-12,1.9092505354478817e-12,1,1,1,1
brusselator_1_1em2,brusselator,1,1em2,100,0.01310929984752518,0.2876934110358965,0.2876934110358965,,6,,6
brusselator_1_1em4,brusselator,1,1em4,100,0.0005839640545659552,0.0007897209201962463,0.0005839640545659552,1,1,1,1
brusselator_1_1em6,brusselator,1,1em6,100,6.1241211147811114e-06,6.1241211147811114e-06,6.1241211147811114e-06,1,1,1,1
brusselator_1_1em8,brusselator,1,1em8,97,9.892724556204158e-08,9.892724556204158e-08,9.892724556204158e-08,1,1,1,1
brusselator_2_0,brusselator,2,0,100,1.2202905352864946e-11,1.2202905352864946e-11,1.2202905352864946e-11,1,1,1,1
brusselator_2_1em2,brusselator,2,1em2,100,0.0234747507833879,0.0234747507833879,0.0234747507833879,,1,,1
brusselator_2_1em4,brusselator,2,1em4,100,0.017336281400835096,0.017336281400835096,0.017336281400835096,,1,,1
brusselator_2_1em6,brusselator,2,1em6,100,6.165747747921557e-06,6.165747747921557e-06,6.165747747921557e-06,1,1,1,1
brusselator_2_1em8,brusselator,2,1em8,100,1.2303180008110814e-07,1.2303180008110814e-07,1.2303180008110814e-07,1,1,1,1
brusselator_3_0,brusselator,3,0,100,5.38902256153051e-13,5.38902256153051e-13,5.38902256153051e-13,1,1,1,1
brusselator_3_1em2,brusselator,3,1em2,100,0.1166406382161771,0.1166406382161771,0.1166406382161771,,,,
brusselator_3_1em4,brusselator,3,1em4,100,0.00032459358480729783,0.0027915995023715112,0.00032459358480729783,1,1,1,1
brusselator_3_1em6,brusselator,3,1em6,100,5.2484656865026125e-06,2.26251554611423e-05,5.2484656865026125e-06,1,1,1,1
brusselator_3_1em8,brusselator,3,1em8,98,5.722339602165505e-08,5.722339602165505e-08,5.722339602165505e-08,1,1,1,1
brusselator_4_0,brusselator,4,0,100,7.042144645197368e-13,7.042144645197368e-13,7.042144645197368e-13,1,1,1,1
brusselator_4_1em2,brusselator,4,1em2,100,0.03667026926842365,0.1165841660035647,0.1165841660035647,,16,,16
brusselator_4_1em4,brusselator,4,1em4,100,0.0011561920318483576,0.01609440678069296,0.0018228774737217568,8,1,1,1
brusselator_4_1em6,brusselator,4,1em6,100,9.92632010143879e-06,9.92632010143879e-06,9.92632010143879e-06,1,1,1,1
brusselator_4_1em8,brusselator,4,1em8,100,1.6346008530065959e-07,1.6346008530065959e-07,1.6346008530065959e-07,1,1,1,1
brusselator_5_0,brusselator,5,0,79,9.333000000000002,87338481.031,9.531000000000011,,,,
brusselator_5_1em2,brusselator,5,1em2,1,0.8031194302967289,0.8031194302967289,0.8031194302967289,,,,
brusselator_5_1em4,brusselator,5,1em4,1,9.530999959450746,9.530999959450746,9.530999959450746,,,,
brusselator_5_1em6,brusselator,5,1em6,1,9.431956469204035,9.431956469204035,9.431956469204035,,,,
brusselator_5_1em8,brusselator,5,1em8,18,9.530999999999993,29375877.8435,29375877.8435,,,,
brusselator_6_0,brusselator,6,0,100,0.04890894026173298,0.04890894026173298,0.04890894026173298,,1,,1
brusselator_6_1em2,brusselator,6,1em2,1,9.18092054756729,9.18092054756729,9.18092054756729,,,,
brusselator_6_1em4,brusselator,6,1em4,30,9.348999999999993,8676683.385762328,8676683.385762328,,,,
brusselator_6_1em6,brusselator,6,1em6,100,9.348999999999993,69133.73482788086,69133.73482788086,,,,
brusselator_6_1em8,brusselator,6,1em8,100,35.27110124241916,14772.509892578126,14772.509892578126,,,,
brusselator_7_0,brusselator,7,0,100,3.878908305665618e-11,3.878908305665618e-11,3.878908305665618e-11,1,1,1,1
brusselator_7_1em2,brusselator,7,1em2,100,0.776,0.776,0.8842295563845085,,,,
brusselator_7_1em4,brusselator,7,1em4,100,0.37929868196413064,0.5098915535034612,0.5098915535034612,,,,
brusselator_7_1em6,brusselator,7,1em6,100,0.002054584773531154,0.002054584773531154,0.002054584773531154,1,1,1,1
brusselator_7_1em8,brusselator,7,1em8,100,2.950562434178572e-05,2.950562434178572e-05,2.950562434178572e-05,1,1,1,1
brusselator_8_0,brusselator,8,0,41,9.484000000000002,848443894.821,9.878000000000002,,,,
brusselator_8_1em2,brusselator,8,1em2,1,0.3709058787848899,0.3709058787848899,0.3709058787848899,,,,
brusselator_8_1em4,brusselator,8,1em4,1,9.820991361803209,9.820991361803209,9.820991361803209,,,,
brusselator_8_1em6,brusselator,8,1em6,1,9.877956881352612,9.877956881352612,9.877956881352612,,,,
brusselator_8_1em8,brusselator,8,1em8,1,9.877956877582777,9.877956877582777,9.877956877582777,,,,
brusselator_9_0,brusselator,9,0,100,6.789568907095145e-13,6.789568907095145e-13,6.789568907095145e-13,1,1,1,1
brusselator_9_1em2,brusselator,9,1em2,100,0.08266014108715031,0.08266014108715031,0.08266014108715031,,1,,1
brusselator_9_1em4,brusselator,9,1em4,100,0.00010029564005431535,0.0023378463705021058,0.00010029564005431535,1,1,1,1
brusselator_9_1em6,brusselator,9,1em6,100,1.0842317504866639e-05,1.0842317504866639e-05,1.0842317504866639e-05,1,1,1,1
brusselator_9_1em8,brusselator,9,1em8,100,2.8061130918910493e-08,2.8061130918910493e-08,2.8061130918910493e-08,1,1,1,1
crauste_0_0,crauste,0,0,100,4.4485349922629425e-06,4.4485349922629425e-06,4.4485349922629425e-06,1,1,1,1
crauste_0_1em2,crauste,0,1em2,100,24317.64049390182,108131852.05602315,8501830.987893932,,,,
crauste_0_1em4,crauste,0,1em4,100,937.368618460811,23948.506958981638,21769.956147587167,,,,
crauste_0_1em6,crauste,0,1em6,100,0.7605427136483588,30.58795311028841,0.7838231472978548,,,,
crauste_0_1em8,crauste,0,1em8,100,0.30906004158327494,0.30906004158327494,0.30906004158327494,,,,
crauste_1_0,crauste,1,0,100,6.934230967203803e-11,6.934230967203803e-11,6.934230967203803e-11,1,1,1,1
crauste_1_1em4,crauste,1,1em4,100,343.97528401563386,1187.768619083264,1187.768619083264,,,,
crauste_1_1em6,crauste,1,1em6,100,0.03696284873059519,101.56186560004979,0.03696284873059519,,3,,1
crauste_1_1em8,crauste,1,1em8,100,0.00010581322962921469,0.00010581322962921469,0.00010581322962921469,1,1,1,1
crauste_2_0,crauste,2,0,100,8.72683036945432e-09,8.72683036945432e-09,8.72683036945432e-09,1,1,1,1
crauste_2_1em2,crauste,2,1em2,100,9.284000000000002,99977.24446247482,9.705000000000002,,,,
crauste_2_1em6,crauste,2,1em6,100,0.13731526457240933,0.13731526457240933,0.13731526457240933,,,,
crauste_2_1em8,crauste,2,1em8,100,0.0001520431992371174,0.00018028800130248657,0.00018028800130248657,1,1,1,1
crauste_3_1em4,crauste,3,1em4,100,6.445057794680748,242.55619605289084,19.876004845319944,,,,
crauste_3_1em6,crauste,3,1em6,100,0.008548987198315428,0.008548987198315428,0.008548987198315428,1,1,1,1
crauste_3_1em8,crauste,3,1em8,100,6.097074309241446e-05,6.097074309241446e-05,6.097074309241446e-05,1,1,1,1
crauste_4_0,crauste,4,0,100,1.3534751097665776e-10,1.3534751097665776e-10,1.3534751097665776e-10,1,1,1,1
crauste_4_1em2,crauste,4,1em2,100,0.84899,968594.71275784,0.84899,,,,
crauste_4_1em4,crauste,4,1em4,100,0.45809352392554836,24.892908891443533,0.45809352392554836,,,,
crauste_4_1em6,crauste,4,1em6,100,0.001781487603626175,9.244086193645783,0.001781487603626175,4,4,1,1
crauste_4_1em8,crauste,4,1em8,100,1.110766389278428e-05,1.110766389278428e-05,1.110766389278428e-05,1,1,1,1
crauste_5_0,crauste,5,0,100,2.496272013319256e-06,2.496272013319256e-06,2.496272013319256e-06,1,1,1,1
crauste_5_1em2,crauste,5,1em2,100,29370.498138437102,77957.11646633202,1963766.1608568318,,,,
crauste_5_1em4,crauste,5,1em4,100,972.9005405517174,4859.593235980546,65078.4097326623,,,,
crauste_5_1em6,crauste,5,1em6,100,0.4837931257186477,101.79431701495297,7.644876119083729,,,,
crauste_5_1em8,crauste,5,1em8,100,0.483892968485684,1.0012745569206425,1.0012745569206425,,,,
crauste_6_0,crauste,6,0,100,3.302843276653533e-10,3.302843276653533e-10,3.302843276653533e-10,1,1,1,1
crauste_6_1em4,crauste,6,1em4,100,41.13719887252289,274.17694360683356,66.85271970122008,,,,
crauste_6_1em6,crauste,6,1em6,100,0.029045126782347164,0.5628005727416681,0.029045126782347164,,10,,1
crauste_6_1em8,crauste,6,1em8,100,0.0003687977486558913,0.0003687977486558913,0.0003687977486558913,1,1,1,1
crauste_7_0,crauste,7,0,100,2.0529189459495e-10,2.0529189459495e-10,2.0529189459495e-10,1,1,1,1
crauste_7_1em4,crauste,7,1em4,100,4.451698407325364,2994.401202038438,6.53672295106461,,,,
crauste_7_1em6,crauste,7,1em6,100,0.0057322086947817485,42.52692390422696,0.0057322086947817485,3,3,1,1
crauste_7_1em8,crauste,7,1em8,100,4.885018200351254e-05,4.885018200351254e-05,4.885018200351254e-05,1,1,1,1
crauste_8_0,crauste,8,0,100,4.5572878804023276e-10,4.5572878804023276e-10,4.5572878804023276e-10,1,1,1,1
crauste_8_1em4,crauste,8,1em4,100,69.75166855782213,436.6193212997372,1177.1428208440716,,,,
crauste_8_1em6,crauste,8,1em6,100,0.006458798853243686,0.006458798853243686,0.006458798853243686,1,1,1,1
crauste_8_1em8,crauste,8,1em8,100,7.788259339808201e-06,7.788259339808201e-06,7.788259339808201e-06,1,1,1,1
crauste_9_0,crauste,9,0,100,1.4551554960995361e-08,1.4551554960995361e-08,1.4551554960995361e-08,1,1,1,1
crauste_9_1em4,crauste,9,1em4,100,0.4479897730929416,4.522437827497909,0.5881455276706314,,,,
crauste_9_1em6,crauste,9,1em6,100,0.004629449689024345,0.004629449689024345,0.004629449689024345,1,1,1,1
crauste_9_1em8,crauste,9,1em8,100,2.8978252133438076e-05,2.8978252133438076e-05,2.8978252133438076e-05,1,1,1,1
cstr_0_0,cstr,0,0,100,0.00011100586638945753,0.0028830303812029667,0.0028830303812029667,1,1,1,1
cstr_0_1em2,cstr,0,1em2,100,1.407809930470071,1.407809930470071,5.817325555072636,,,,
cstr_0_1em4,cstr,0,1em4,100,0.521226800412785,18.01689224625367,2.1358753527811705,,,,
cstr_0_1em6,cstr,0,1em6,100,0.07876140568549139,0.48399312867413324,0.48399312867413324,,17,,10
cstr_0_1em8,cstr,0,1em8,100,0.11807922284884997,78.1799390206777,0.41721019895438594,,,,
cstr_1_0,cstr,1,0,100,3.301937127375698e-05,0.0006650657504486679,0.0006650657504486679,1,1,1,1
cstr_1_1em2,cstr,1,1em2,100,1.410019934189561,31.261137269211922,3.035000440024361,,,,
cstr_1_1em4,cstr,1,1em4,100,2.662982046102737,16.129048063097052,16.129048063097052,,,,
cstr_1_1em6,cstr,1,1em6,100,1.7877613286876666,57.217965689204966,2.142471621772471,,,,
cstr_1_1em8,cstr,1,1em8,100,0.5364246566590681,9.446560672730376,2.191791061868797,,,,
cstr_2_0,cstr,2,0,100,2.5876160247850777e-07,2.5876160247850777e-07,2.5876160247850777e-07,1,1,1,1
cstr_2_1em2,cstr,2,1em2,100,0.2513459013059919,1.9095750258026845,1.9095750258026845,,,,
cstr_2_1em4,cstr,2,1em4,100,0.2120264983266742,0.24099774905707938,0.24099774905707938,,,,
cstr_2_1em6,cstr,2,1em6,100,0.016391585583355184,0.028911717960950045,0.028911717960950045,,1,,1
cstr_2_1em8,cstr,2,1em8,100,0.0030836664952210713,0.011142119987265553,0.011142119987265553,2,1,2,1
cstr_3_0,cstr,3,0,100,0.005371649643125975,0.005371649643125975,0.005371649643125975,1,1,1,1
cstr_3_1em2,cstr,3,1em2,100,1.65894709432815,1.65894709432815,10.331859599034043,,,,
cstr_3_1em4,cstr,3,1em4,100,0.9607916575852441,132.22952385044482,1.1884036930939454,,,,
cstr_3_1em6,cstr,3,1em6,100,0.8268238618268886,82.98788481598206,1.0227332187256848,,,,
cstr_3_1em8,cstr,3,1em8,100,0.4540690777920148,65.76291957752952,5.605692882157791,,,,
cstr_4_0,cstr,4,0,100,0.8629999999932111,1.4540472911062687,2.4854775236410407,,,,
cstr_4_1em2,cstr,4,1em2,100,1.2066180153794188,35.668339185758875,6.683679725357926,,,,
cstr_4_1em4,cstr,4,1em4,100,0.8629999999991296,1.1655160832284637,2.917813324376527,,,,
cstr_4_1em6,cstr,4,1em6,100,0.8629999999932576,1.4565168231874295,2.479277751989388,,,,
cstr_4_1em8,cstr,4,1em8,100,0.8629999999932033,1.4540775940697368,2.485999251903384,,,,
cstr_5_0,cstr,5,0,100,0.850999999999798,2.781266034907763,0.8846264514320671,,,,
cstr_5_1em2,cstr,5,1em2,100,0.8503661884387425,6.121383489548514,4.826585541581229,,,,
cstr_5_1em4,cstr,5,1em4,100,0.8509999999999095,1.5711951615918496,2.681776904964753,,,,
cstr_5_1em6,cstr,5,1em6,100,1.0035720307425315,1.6051906784410594,5.436082232214134,,,,
cstr_5_1em8,cstr,5,1em8,100,0.8509999999997055,1.6653064419240946,5.5135602146489955,,,,
cstr_6_0,cstr,6,0,100,1.8168815119068427e-08,1.8168815119068427e-08,1.8168815119068427e-08,1,1,1,1
cstr_6_1em2,cstr,6,1em2,100,1.174515101982626,8.623670061146509,8.623670061146509,,,,
cstr_6_1em4,cstr,6,1em4,100,0.2224296220884218,6.914607963015441,6.914607963015441,,,,
cstr_6_1em6,cstr,6,1em6,100,0.20249383581096714,1.809548582928216,0.4843081097871884,,,,
cstr_6_1em8,cstr,6,1em8,100,0.2516014687326965,0.6201226719407142,0.2516014687326965,,,,
cstr_7_0,cstr,7,0,100,0.22559941496484848,1.7118941788718895,0.4933114397164529,,,,
cstr_7_1em2,cstr,7,1em2,100,0.8524103667292348,1.9189990148211225,5.500384923946145,,,,
cstr_7_1em4,cstr,7,1em4,100,0.3817440498652285,0.4179453595498513,6.674464331705849,,,,
cstr_7_1em6,cstr,7,1em6,100,0.3318967597605578,79.87032469417926,0.9065771537192696,,,,
cstr_7_1em8,cstr,7,1em8,100,0.2675730791101314,2.7461843508326957,2.3361235394359743,,,,
cstr_8_0,cstr,8,0,100,0.7499990267120031,2.7426149876702377,6.236488439974755,,,,
cstr_8_1em2,cstr,8,1em2,100,1.0376749028607706,2.33038712697004,6.1059275252213885,,,,
cstr_8_1em4,cstr,8,1em4,100,0.7499996756932977,0.77086810167676,0.77086810167676,,,,
cstr_8_1em6,cstr,8,1em6,100,0.7499999846423081,2.764585669557554,6.235363143579379,,,,
cstr_8_1em8,cstr,8,1em8,100,0.749999123013878,2.7415855267242946,6.236280543860261,,,,
cstr_9_0,cstr,9,0,100,0.8179999999999062,1.2386660497895674,4.358997076477216,,,,
cstr_9_1em2,cstr,9,1em2,100,0.9437770418859858,2.309076540899599,27.87144615282195,,,,
cstr_9_1em4,cstr,9,1em4,100,0.8179999999999996,7.980469515904502,4.054906701772527,,,,
cstr_9_1em6,cstr,9,1em6,100,0.8179999999997273,0.9122742474284051,4.4375318613272565,,,,
cstr_9_1em8,cstr,9,1em8,100,0.8179999999998753,1.716058735650967,569.6561657864058,,,,
daisy_mamil3_0_0,daisy_mamil3,0,0,100,1.0983554066257284e-09,1.0983554066257284e-09,1.0983554066257284e-09,1,1,1,1
daisy_mamil3_0_1em2,daisy_mamil3,0,1em2,100,0.18175847004160645,0.9951852010473102,0.4557730555583465,,,,
daisy_mamil3_0_1em4,daisy_mamil3,0,1em4,100,0.009146143978305599,0.009146143978305599,0.009146143978305599,1,1,1,1
daisy_mamil3_0_1em6,daisy_mamil3,0,1em6,100,1.3469091979745329e-05,1.3469091979745329e-05,1.3469091979745329e-05,1,1,1,1
daisy_mamil3_0_1em8,daisy_mamil3,0,1em8,100,1.7781634498170718e-07,1.7781634498170718e-07,1.7781634498170718e-07,1,1,1,1
daisy_mamil3_1_0,daisy_mamil3,1,0,100,1.4233059175694507e-12,1.4233059175694507e-12,1.4233059175694507e-12,1,1,1,1
daisy_mamil3_1_1em2,daisy_mamil3,1,1em2,100,0.02651048037788606,0.02651048037788606,0.028281895979762606,,1,,1
daisy_mamil3_1_1em4,daisy_mamil3,1,1em4,100,4.883234172903261e-05,4.883234172903261e-05,4.883234172903261e-05,1,1,1,1
daisy_mamil3_1_1em6,daisy_mamil3,1,1em6,100,2.79390458279849e-06,2.79390458279849e-06,2.79390458279849e-06,1,1,1,1
daisy_mamil3_1_1em8,daisy_mamil3,1,1em8,100,2.4768332274049953e-08,2.4768332274049953e-08,2.4768332274049953e-08,1,1,1,1
daisy_mamil3_2_0,daisy_mamil3,2,0,100,2.08455863681678e-10,2.08455863681678e-10,2.08455863681678e-10,1,1,1,1
daisy_mamil3_2_1em2,daisy_mamil3,2,1em2,100,0.06441982223678311,0.15019404789609103,0.06441982223678311,,60,,1
daisy_mamil3_2_1em4,daisy_mamil3,2,1em4,100,0.000254044612811255,0.000254044612811255,0.000254044612811255,1,1,1,1
daisy_mamil3_2_1em6,daisy_mamil3,2,1em6,100,3.922301582748311e-06,3.922301582748311e-06,3.922301582748311e-06,1,1,1,1
daisy_mamil3_2_1em8,daisy_mamil3,2,1em8,100,6.54374232578192e-08,6.54374232578192e-08,6.54374232578192e-08,1,1,1,1
daisy_mamil3_3_0,daisy_mamil3,3,0,100,9.52427026135183e-12,9.52427026135183e-12,9.52427026135183e-12,1,1,1,1
daisy_mamil3_3_1em2,daisy_mamil3,3,1em2,100,0.0379912377055851,0.1747135583742958,0.0379912377055851,,65,,1
daisy_mamil3_3_1em4,daisy_mamil3,3,1em4,100,0.000334893787380941,0.000334893787380941,0.000334893787380941,1,1,1,1
daisy_mamil3_3_1em6,daisy_mamil3,3,1em6,100,1.6078570906907785e-06,1.6078570906907785e-06,1.6078570906907785e-06,1,1,1,1
daisy_mamil3_3_1em8,daisy_mamil3,3,1em8,100,6.994651358116499e-08,6.994651358116499e-08,6.994651358116499e-08,1,1,1,1
daisy_mamil3_4_0,daisy_mamil3,4,0,100,5.134431768638592e-10,5.134431768638592e-10,5.134431768638592e-10,1,1,1,1
daisy_mamil3_4_1em2,daisy_mamil3,4,1em2,100,0.1105280312350555,1.4911455068693313,0.1105280312350555,,,,
daisy_mamil3_4_1em4,daisy_mamil3,4,1em4,100,0.0004079440950081059,0.0004079440950081059,0.0004079440950081059,1,1,1,1
daisy_mamil3_4_1em6,daisy_mamil3,4,1em6,100,3.99871821854525e-06,3.99871821854525e-06,3.99871821854525e-06,1,1,1,1
daisy_mamil3_4_1em8,daisy_mamil3,4,1em8,100,2.008710342504827e-08,2.008710342504827e-08,2.008710342504827e-08,1,1,1,1
daisy_mamil3_5_0,daisy_mamil3,5,0,100,6.714614420033627e-10,6.714614420033627e-10,6.714614420033627e-10,1,1,1,1
daisy_mamil3_5_1em2,daisy_mamil3,5,1em2,100,0.1055302761768731,1.6302123012233134,0.1055302761768731,,,,
daisy_mamil3_5_1em4,daisy_mamil3,5,1em4,100,0.004451408154544312,0.004451408154544312,0.004451408154544312,1,1,1,1
daisy_mamil3_5_1em6,daisy_mamil3,5,1em6,100,1.0870292231568435e-05,1.0870292231568435e-05,1.0870292231568435e-05,1,1,1,1
daisy_mamil3_5_1em8,daisy_mamil3,5,1em8,100,5.5473351023849204e-08,5.5473351023849204e-08,5.5473351023849204e-08,1,1,1,1
daisy_mamil3_6_0,daisy_mamil3,6,0,100,9.281911905745233e-10,9.281911905745233e-10,9.281911905745233e-10,1,1,1,1
daisy_mamil3_6_1em2,daisy_mamil3,6,1em2,100,0.16055666121060042,0.43375135918834246,0.16055666121060042,,,,
daisy_mamil3_6_1em4,daisy_mamil3,6,1em4,100,4.41206281344142e-05,4.41206281344142e-05,4.41206281344142e-05,1,1,1,1
daisy_mamil3_6_1em6,daisy_mamil3,6,1em6,100,6.917967445008166e-06,6.917967445008166e-06,6.917967445008166e-06,1,1,1,1
daisy_mamil3_6_1em8,daisy_mamil3,6,1em8,100,4.524372942960042e-08,4.524372942960042e-08,4.524372942960042e-08,1,1,1,1
daisy_mamil3_7_0,daisy_mamil3,7,0,100,2.6042695777661606e-11,2.6042695777661606e-11,2.6042695777661606e-11,1,1,1,1
daisy_mamil3_7_1em2,daisy_mamil3,7,1em2,100,0.01651259091691147,0.2238623152808933,0.01651259091691147,,67,,1
daisy_mamil3_7_1em4,daisy_mamil3,7,1em4,100,0.00015732678789737164,0.00015732678789737164,0.00015732678789737164,1,1,1,1
daisy_mamil3_7_1em6,daisy_mamil3,7,1em6,100,1.0551950551218603e-05,1.0551950551218603e-05,1.0551950551218603e-05,1,1,1,1
daisy_mamil3_7_1em8,daisy_mamil3,7,1em8,100,1.9390183153555896e-08,1.9390183153555896e-08,1.9390183153555896e-08,1,1,1,1
daisy_mamil3_8_0,daisy_mamil3,8,0,100,1.0671352690394542e-11,1.0671352690394542e-11,1.0671352690394542e-11,1,1,1,1
daisy_mamil3_8_1em2,daisy_mamil3,8,1em2,100,0.008242410606900896,0.09138109186649268,0.008242410606900896,69,1,1,1
daisy_mamil3_8_1em4,daisy_mamil3,8,1em4,100,0.00011744405999958296,0.00011744405999958296,0.00011744405999958296,1,1,1,1
daisy_mamil3_8_1em6,daisy_mamil3,8,1em6,100,1.3267999791066742e-06,1.3267999791066742e-06,1.3267999791066742e-06,1,1,1,1
daisy_mamil3_8_1em8,daisy_mamil3,8,1em8,100,2.5919094648330088e-09,2.5919094648330088e-09,2.5919094648330088e-09,1,1,1,1
daisy_mamil3_9_0,daisy_mamil3,9,0,100,1.5137292530553736e-09,1.5137292530553736e-09,1.5137292530553736e-09,1,1,1,1
daisy_mamil3_9_1em2,daisy_mamil3,9,1em2,100,0.10876524623981998,0.3864247214486471,0.2612280772014673,,,,
daisy_mamil3_9_1em4,daisy_mamil3,9,1em4,100,0.0052562909348750075,0.0052562909348750075,0.0052562909348750075,1,1,1,1
daisy_mamil3_9_1em6,daisy_mamil3,9,1em6,100,6.663363657510857e-07,6.663363657510857e-07,6.663363657510857e-07,1,1,1,1
daisy_mamil3_9_1em8,daisy_mamil3,9,1em8,100,4.7568418332089024e-07,4.7568418332089024e-07,4.7568418332089024e-07,1,1,1,1
daisy_mamil4_0_0,daisy_mamil4,0,0,100,1.4866041730954294e-10,0.5550000001486273,0.5550000001486273,2,2,2,2
daisy_mamil4_0_1em2,daisy_mamil4,0,1em2,100,0.3747562800560347,3.837292036317691,0.9795154005786862,,,,
daisy_mamil4_0_1em4,daisy_mamil4,0,1em4,100,0.00822659771871287,0.6154556761909926,0.00822659771871287,5,2,1,1
daisy_mamil4_0_1em6,daisy_mamil4,0,1em6,100,0.0004391124883508235,0.5545608032722129,0.5545608032722129,2,2,2,2
daisy_mamil4_1_0,daisy_mamil4,1,0,100,5.14622677805221e-10,0.20933333281833155,0.20933333281833155,2,2,2,2
daisy_mamil4_1_1em2,daisy_mamil4,1,1em2,100,0.5751271539401155,0.6355550474457415,8.664172020507419,,,,
daisy_mamil4_1_1em4,daisy_mamil4,1,1em4,100,0.0364412825028384,0.0977930517626171,0.185514249385686,,1,,2
daisy_mamil4_1_1em6,daisy_mamil4,1,1em6,100,0.0007135971567663879,0.20957796316324562,0.20957796316324562,2,2,2,2
daisy_mamil4_1_1em8,daisy_mamil4,1,1em8,100,4.042129815418072e-06,4.042129815418072e-06,4.042129815418072e-06,1,1,1,1
daisy_mamil4_2_0,daisy_mamil4,2,0,100,1.3079703986562663e-10,0.8783333332327663,0.8783333332327663,2,2,2,2
daisy_mamil4_2_1em2,daisy_mamil4,2,1em2,100,0.1203900513941038,0.7874798079601857,0.7874798079601857,,,,
daisy_mamil4_2_1em4,daisy_mamil4,2,1em4,100,0.0033428926068056475,0.8807198305853123,0.8756061432449826,2,2,2,2
daisy_mamil4_2_1em6,daisy_mamil4,2,1em6,100,3.694245579555222e-05,0.8783040957728678,0.8783040957728678,2,2,2,2
daisy_mamil4_2_1em8,daisy_mamil4,2,1em8,100,1.4106812928904588e-07,0.8783334480630112,0.8783334480630112,2,2,2,2
daisy_mamil4_3_0,daisy_mamil4,3,0,100,3.6833758265686356e-11,0.6036666666574642,0.6036666666574642,2,2,2,2
daisy_mamil4_3_1em2,daisy_mamil4,3,1em2,100,0.4906762805738404,3.778416043958698,3.778416043958698,,,,
daisy_mamil4_3_1em4,daisy_mamil4,3,1em4,100,0.04751074985484205,0.6534402838002049,0.5907725197173807,,10,,2
daisy_mamil4_3_1em6,daisy_mamil4,3,1em6,100,7.786368543982736e-05,7.786368543982736e-05,7.786368543982736e-05,1,1,1,1
daisy_mamil4_3_1em8,daisy_mamil4,3,1em8,100,3.5027681370980446e-06,3.5027681370980446e-06,3.5027681370980446e-06,1,1,1,1
daisy_mamil4_4_0,daisy_mamil4,4,0,100,3.5362730521626418e-09,3.5362730521626418e-09,3.5362730521626418e-09,1,1,1,1
daisy_mamil4_4_1em2,daisy_mamil4,4,1em2,100,0.289559134439361,0.32464818287602426,0.32464818287602426,,,,
daisy_mamil4_4_1em4,daisy_mamil4,4,1em4,100,0.05967229253965123,0.24799253146729028,0.05967229253965123,,5,,1
daisy_mamil4_4_1em6,daisy_mamil4,4,1em6,100,0.002248859436969952,0.19082472996442246,0.19082472996442246,2,2,2,2
daisy_mamil4_4_1em8,daisy_mamil4,4,1em8,100,2.143456384473552e-05,2.143456384473552e-05,2.143456384473552e-05,1,1,1,1
daisy_mamil4_5_0,daisy_mamil4,5,0,100,7.040007465874965e-11,0.8296666665958781,0.8296666665958781,2,2,2,2
daisy_mamil4_5_1em2,daisy_mamil4,5,1em2,100,2.6089077714469253,8.482491227472995,3.9887986111774265,,,,
daisy_mamil4_5_1em4,daisy_mamil4,5,1em4,100,0.043621266487360366,0.16857159716415507,0.8161461285259481,,9,,2
daisy_mamil4_5_1em6,daisy_mamil4,5,1em6,100,0.0008047046276929426,0.8294737445021738,0.8294737445021738,2,2,2,2
daisy_mamil4_5_1em8,daisy_mamil4,5,1em8,100,4.618219086705011e-06,0.8296678346208475,0.8296678346208475,2,2,2,2
daisy_mamil4_6_0,daisy_mamil4,6,0,100,3.2539348993054773e-10,3.2539348993054773e-10,3.2539348993054773e-10,1,1,1,1
daisy_mamil4_6_1em2,daisy_mamil4,6,1em2,100,0.38474058507494613,1.8637787024002692,6.998207187014225,,,,
daisy_mamil4_6_1em4,daisy_mamil4,6,1em4,100,0.012249821628775859,0.156393528554444,0.012249821628775859,,3,,1
daisy_mamil4_6_1em6,daisy_mamil4,6,1em6,100,0.0004508101667541897,0.0004508101667541897,0.0004508101667541897,1,1,1,1
daisy_mamil4_6_1em8,daisy_mamil4,6,1em8,100,6.1079210745829116e-06,0.44799888949923244,0.44799888949923244,2,2,2,2
daisy_mamil4_7_0,daisy_mamil4,7,0,100,9.438295700547883e-10,0.5549999997945132,0.5549999997945132,2,2,2,2
daisy_mamil4_7_1em2,daisy_mamil4,7,1em2,100,0.42648935251624315,1.0199042446022843,0.7852043750094218,,,,
daisy_mamil4_7_1em6,daisy_mamil4,7,1em6,100,5.730305445317274e-05,0.5549899819617781,0.5549899819617781,2,2,2,2
daisy_mamil4_7_1em8,daisy_mamil4,7,1em8,100,5.339878796917219e-07,0.5550001148238084,0.5550001148238084,2,2,2,2
daisy_mamil4_8_0,daisy_mamil4,8,0,100,9.137905765121968e-07,0.8180009137904691,0.8180009137904691,2,2,2,2
daisy_mamil4_8_1em2,daisy_mamil4,8,1em2,100,0.33409650814236597,1.5271064447026732,0.38955979998580503,,,,
daisy_mamil4_8_1em4,daisy_mamil4,8,1em4,100,0.2850873594337615,1.0082186552116434,0.5379976913319536,,,,
daisy_mamil4_8_1em6,daisy_mamil4,8,1em6,100,0.018288756962648978,0.6567746874453955,0.6567746874453955,,12,,12
daisy_mamil4_8_1em8,daisy_mamil4,8,1em8,100,0.01188273558745026,0.806117270232996,0.806117270232996,,2,,2
daisy_mamil4_9_0,daisy_mamil4,9,0,100,5.670524050316317e-10,5.670524050316317e-10,5.670524050316317e-10,1,1,1,1
daisy_mamil4_9_1em2,daisy_mamil4,9,1em2,100,0.19634162315079073,2.319505776526562,2.071675675029609,,,,
daisy_mamil4_9_1em4,daisy_mamil4,9,1em4,100,0.001540817571427211,0.027227677705109365,0.8972788557174376,22,1,2,2
daisy_mamil4_9_1em6,daisy_mamil4,9,1em6,100,0.00011944961641219276,0.00011944961641219276,0.00011944961641219276,1,1,1,1
daisy_mamil4_9_1em8,daisy_mamil4,9,1em8,100,4.1711286202783526e-07,4.1711286202783526e-07,4.1711286202783526e-07,1,1,1,1
dc_motor_0_0,dc_motor,0,0,100,2.6252111595681527e-11,2.6252111595681527e-11,1.4961242675803899e-05,1,1,1,1
dc_motor_0_1em2,dc_motor,0,1em2,100,0.015460403442382864,0.10904115146215304,0.015576751708984427,,26,,1
dc_motor_0_1em4,dc_motor,0,1em4,100,8.17184448242414e-05,0.013310335917617655,0.00030747222900395776,3,1,1,1
dc_motor_0_1em6,dc_motor,0,1em6,100,2.044759528940787e-05,2.044759528940787e-05,5.847167968747735e-05,1,1,1,1
dc_motor_0_1em8,dc_motor,0,1em8,100,2.542859041876344e-05,6.10898147750949e-05,0.00017100524902341485,1,1,1,1
dc_motor_1_0,dc_motor,1,0,100,4.339528736352349e-12,4.339528736352349e-12,5.40161132811523e-06,1,1,1,1
dc_motor_1_1em2,dc_motor,1,1em2,100,0.018501914978027334,0.09595366354187962,0.01863733673095702,,1,,1
dc_motor_1_1em4,dc_motor,1,1em4,100,9.99794006347754e-05,0.005261180620782624,0.0003422126770019629,1,1,1,1
dc_motor_1_1em6,dc_motor,1,1em6,100,5.116158492690648e-06,4.515828046702808e-05,1.970672607420898e-05,1,1,1,1
dc_motor_1_1em8,dc_motor,1,1em8,100,3.8080100831505703e-06,3.8080100831505703e-06,4.253387451136348e-06,1,1,1,1
dc_motor_2_0,dc_motor,2,0,100,2.487138273110645e-11,2.487138273110645e-11,1.1093139648421513e-05,1,1,1,1
dc_motor_2_1em2,dc_motor,2,1em2,100,0.022213584899902328,0.04216512302330727,0.02231467437744139,,1,,1
dc_motor_2_1em4,dc_motor,2,1em4,100,0.000219696044921891,0.0025777479671642567,0.0008052520751953285,1,1,1,1
dc_motor_2_1em6,dc_motor,2,1em6,100,3.849792480470349e-05,4.065704345701526e-05,4.065704345701526e-05,1,1,1,1
dc_motor_2_1em8,dc_motor,2,1em8,100,3.467995622175035e-06,2.8308586850378514e-05,0.00010979843139646839,1,1,1,1
dc_motor_3_0,dc_motor,3,0,100,1.608102540018308e-12,1.608102540018308e-12,1.811981201171875e-05,1,1,1,1
dc_motor_3_1em2,dc_motor,3,1em2,100,0.016292572021484375,0.12744209424641617,0.016587257385253906,,12,,1
dc_motor_3_1em4,dc_motor,3,1em4,100,9.441375732421875e-05,0.0015798631037744482,0.00014015960693358753,1,1,1,1
dc_motor_3_1em6,dc_motor,3,1em6,100,1.811981201171875e-05,4.083897758810906e-05,5.626678466796875e-05,1,1,1,1
dc_motor_3_1em8,dc_motor,3,1em8,100,6.537309682475012e-07,6.537309682475012e-07,1.1444091796875e-05,1,1,1,1
dc_motor_4_0,dc_motor,4,0,100,1.1194323246144222e-11,1.1194323246144222e-11,1.197814941411579e-05,1,1,1,1
dc_motor_4_1em2,dc_motor,4,1em2,100,0.03280098952203636,0.11577355807582046,0.050585556030273426,,8,,1
dc_motor_4_1em4,dc_motor,4,1em4,100,0.00012703704833982865,0.0034377116668227736,0.0004995346069335826,1,1,1,1
dc_motor_4_1em6,dc_motor,4,1em6,100,2.4468583937786725e-05,6.759212656048952e-05,0.00023632049560545765,1,1,1,1
dc_motor_4_1em8,dc_motor,4,1em8,100,5.43741877390147e-06,5.43741877390147e-06,1.641082763670365e-05,1,1,1,1
dc_motor_5_0,dc_motor,5,0,100,2.454741965252083e-11,2.454741965252083e-11,1.9531249999982236e-05,1,1,1,1
dc_motor_5_1em2,dc_motor,5,1em2,100,0.021250762939453105,0.0428677779019484,0.02140716552734373,,1,,1
dc_motor_5_1em4,dc_motor,5,1em4,100,0.00027346801757810457,0.0018721656397779896,0.0006167907714843546,1,1,1,1
dc_motor_5_1em6,dc_motor,5,1em6,100,2.021537646734739e-05,9.216314185894747e-05,2.7618408203144984e-05,1,1,1,1
dc_motor_5_1em8,dc_motor,5,1em8,100,4.242609184468282e-06,4.242609184468282e-06,1.8356323242207928e-05,1,1,1,1
dc_motor_6_0,dc_motor,6,0,100,4.916733686854968e-12,4.916733686854968e-12,1.6937255859383882e-05,1,1,1,1
dc_motor_6_1em2,dc_motor,6,1em2,100,0.020282234285614376,0.07508325485220224,0.061650634765625045,,1,,1
dc_motor_6_1em4,dc_motor,6,1em4,100,5.317687988282138e-05,0.0037029292184159734,7.68890380858922e-05,1,1,1,1
dc_motor_6_1em6,dc_motor,6,1em6,100,1.3828208141108966e-05,8.28813044198018e-05,9.895324707032138e-05,1,1,1,1
dc_motor_6_1em8,dc_motor,6,1em8,100,4.235939100594166e-07,4.235939100594166e-07,1.0848999023482797e-05,1,1,1,1
dc_motor_7_0,dc_motor,7,0,100,1.7413182007430805e-11,1.7413182007430805e-11,4.802703857442747e-06,1,1,1,1
dc_motor_7_1em2,dc_motor,7,1em2,100,0.011978012084960965,0.09712934673591045,0.01198945617675784,,1,,1
dc_motor_7_1em4,dc_motor,7,1em4,100,2.8644561767598997e-05,0.0052269146890987495,0.00019490814208988905,1,1,1,1
dc_motor_7_1em6,dc_motor,7,1em6,100,5.246280455839525e-06,5.246280455839525e-06,3.278350830082655e-05,1,1,1,1
dc_motor_7_1em8,dc_motor,7,1em8,100,4.0612197428346875e-06,4.0612197428346875e-06,5.756378173848997e-06,1,1,1,1
dc_motor_8_0,dc_motor,8,0,100,4.9489634612598365e-11,4.9489634612598365e-11,6.973266601595363e-06,1,1,1,1
dc_motor_8_1em2,dc_motor,8,1em2,100,0.05798153686523433,0.40587979058776913,0.05800156402587886,,58,,1
dc_motor_8_1em4,dc_motor,8,1em4,100,0.0002266769409179359,0.02150908585010891,0.0003242950439452663,46,1,1,1
dc_motor_8_1em6,dc_motor,8,1em6,100,4.6684265136764935e-05,0.0005373827393888586,6.575775146488994e-05,1,1,1,1
dc_motor_8_1em8,dc_motor,8,1em8,100,6.238519280887811e-07,6.238519280887811e-07,6.721496581985065e-06,1,1,1,1
dc_motor_9_0,dc_motor,9,0,100,2.1268542482744124e-12,2.1268542482744124e-12,1.240539550784181e-05,1,1,1,1
dc_motor_9_1em2,dc_motor,9,1em2,100,0.028321072798208946,0.06803796662555528,0.0317910842895508,,1,,1
dc_motor_9_1em4,dc_motor,9,1em4,100,1.143646240231444e-05,0.0035194553677345697,0.00010203552246090819,1,1,1,1
dc_motor_9_1em6,dc_motor,9,1em6,100,2.8344591024520582e-05,4.570740738663037e-05,0.00020981597900393556,1,1,1,1
dc_motor_9_1em8,dc_motor,9,1em8,100,7.879764514773235e-06,1.3551075090822984e-05,1.431274414065431e-05,1,1,1,1
fitzhugh_nagumo_0_0,fitzhugh_nagumo,0,0,100,2.2017943024366105e-10,2.2017943024366105e-10,2.2017943024366105e-10,1,1,1,1
fitzhugh_nagumo_0_1em2,fitzhugh_nagumo,0,1em2,100,3.38321049166117,4.264030091038659,4.264030091038659,,,,
fitzhugh_nagumo_0_1em4,fitzhugh_nagumo,0,1em4,100,0.004109400828444465,0.09052429969396873,0.004109400828444465,17,1,1,1
fitzhugh_nagumo_0_1em6,fitzhugh_nagumo,0,1em6,100,0.0001250505761780374,0.0001250505761780374,0.0001250505761780374,1,1,1,1
fitzhugh_nagumo_0_1em8,fitzhugh_nagumo,0,1em8,100,7.330192657029055e-07,7.330192657029055e-07,7.330192657029055e-07,1,1,1,1
fitzhugh_nagumo_1_0,fitzhugh_nagumo,1,0,100,2.673639087902302e-12,2.673639087902302e-12,2.673639087902302e-12,1,1,1,1
fitzhugh_nagumo_1_1em2,fitzhugh_nagumo,1,1em2,100,0.3562568476705763,0.3562568476705763,0.3562568476705763,,,,
fitzhugh_nagumo_1_1em4,fitzhugh_nagumo,1,1em4,100,0.0019233586716235207,0.43259023024267296,0.0019233586716235207,10,5,1,1
fitzhugh_nagumo_1_1em6,fitzhugh_nagumo,1,1em6,100,0.0002895568059626541,0.0002895568059626541,0.0002895568059626541,1,1,1,1
fitzhugh_nagumo_1_1em8,fitzhugh_nagumo,1,1em8,100,1.6967894138630868e-06,1.6967894138630868e-06,1.6967894138630868e-06,1,1,1,1
fitzhugh_nagumo_2_0,fitzhugh_nagumo,2,0,100,1.6141543657255397e-10,1.6141543657255397e-10,1.6141543657255397e-10,1,1,1,1
fitzhugh_nagumo_2_1em2,fitzhugh_nagumo,2,1em2,100,0.20651303611895475,13.621730480999231,0.3216304784856413,,,,
fitzhugh_nagumo_2_1em4,fitzhugh_nagumo,2,1em4,100,0.009163517199259785,0.017491337813516306,0.009163517199259785,9,1,1,1
fitzhugh_nagumo_2_1em6,fitzhugh_nagumo,2,1em6,100,7.199291389481388e-05,7.199291389481388e-05,7.199291389481388e-05,1,1,1,1
fitzhugh_nagumo_2_1em8,fitzhugh_nagumo,2,1em8,100,1.3400952594277982e-06,1.3400952594277982e-06,1.3400952594277982e-06,1,1,1,1
fitzhugh_nagumo_3_0,fitzhugh_nagumo,3,0,100,9.533972611386332e-09,9.533972611386332e-09,9.533972611386332e-09,1,1,1,1
fitzhugh_nagumo_3_1em2,fitzhugh_nagumo,3,1em2,100,0.3481177520493962,2.611007668501514,2.611007668501514,,,,
fitzhugh_nagumo_3_1em4,fitzhugh_nagumo,3,1em4,100,0.013633870063940567,0.709928877284918,0.013633870063940567,,9,,1
fitzhugh_nagumo_3_1em6,fitzhugh_nagumo,3,1em6,100,2.657237902381482e-05,2.657237902381482e-05,2.657237902381482e-05,1,1,1,1
fitzhugh_nagumo_3_1em8,fitzhugh_nagumo,3,1em8,100,1.6779846253589525e-06,1.6779846253589525e-06,1.6779846253589525e-06,1,1,1,1
fitzhugh_nagumo_4_0,fitzhugh_nagumo,4,0,100,9.070450612824743e-09,9.070450612824743e-09,9.070450612824743e-09,1,1,1,1
fitzhugh_nagumo_4_1em2,fitzhugh_nagumo,4,1em2,100,0.14708568286020407,2.0201742373561156,2.0201742373561156,,,,
fitzhugh_nagumo_4_1em4,fitzhugh_nagumo,4,1em4,100,0.05205533214657604,0.10329748409568415,0.20936460932972983,,2,,3
fitzhugh_nagumo_4_1em6,fitzhugh_nagumo,4,1em6,100,0.0004983460820325303,0.005663573033768521,0.005663573033768521,1,1,1,1
fitzhugh_nagumo_4_1em8,fitzhugh_nagumo,4,1em8,100,5.2668400623234746e-05,5.2668400623234746e-05,5.2668400623234746e-05,1,1,1,1
fitzhugh_nagumo_5_0,fitzhugh_nagumo,5,0,100,8.921349214929819e-10,8.921349214929819e-10,8.921349214929819e-10,1,1,1,1
fitzhugh_nagumo_5_1em2,fitzhugh_nagumo,5,1em2,100,0.8887512804966894,22.568685466269244,2.8117734037412916,,,,
fitzhugh_nagumo_5_1em4,fitzhugh_nagumo,5,1em4,100,0.008735153162121478,0.29747497067512857,0.008735153162121478,16,2,1,1
fitzhugh_nagumo_5_1em6,fitzhugh_nagumo,5,1em6,100,0.00035164082910532635,0.00035164082910532635,0.00035164082910532635,1,1,1,1
fitzhugh_nagumo_5_1em8,fitzhugh_nagumo,5,1em8,100,3.8345073519741035e-06,3.8345073519741035e-06,3.8345073519741035e-06,1,1,1,1
fitzhugh_nagumo_6_0,fitzhugh_nagumo,6,0,100,2.3901103318735295e-11,2.3901103318735295e-11,2.3901103318735295e-11,1,1,1,1
fitzhugh_nagumo_6_1em2,fitzhugh_nagumo,6,1em2,100,0.3415673827664822,4.114312578927254,0.4215879094253124,,,,
fitzhugh_nagumo_6_1em4,fitzhugh_nagumo,6,1em4,100,0.011067083121443888,0.05474169468263529,0.011067083121443888,,1,,1
fitzhugh_nagumo_6_1em6,fitzhugh_nagumo,6,1em6,100,0.00020912326712363427,0.00020912326712363427,0.00020912326712363427,1,1,1,1
fitzhugh_nagumo_6_1em8,fitzhugh_nagumo,6,1em8,100,1.9725526884117883e-06,1.9725526884117883e-06,1.9725526884117883e-06,1,1,1,1
fitzhugh_nagumo_7_0,fitzhugh_nagumo,7,0,100,1.7831059961892493e-09,1.7831059961892493e-09,1.7831059961892493e-09,1,1,1,1
fitzhugh_nagumo_7_1em2,fitzhugh_nagumo,7,1em2,100,1.1997039156990965,2.275698746998676,2.7931481494814037,,,,
fitzhugh_nagumo_7_1em4,fitzhugh_nagumo,7,1em4,100,0.04582807848070647,0.5225090226898446,0.04582807848070647,,5,,1
fitzhugh_nagumo_7_1em6,fitzhugh_nagumo,7,1em6,100,0.0008542807657520024,0.0008542807657520024,0.0008542807657520024,1,1,1,1
fitzhugh_nagumo_7_1em8,fitzhugh_nagumo,7,1em8,100,1.1060026930742595e-05,1.1060026930742595e-05,1.1060026930742595e-05,1,1,1,1
fitzhugh_nagumo_8_0,fitzhugh_nagumo,8,0,100,4.0349862895361355e-09,4.0349862895361355e-09,4.0349862895361355e-09,1,1,1,1
fitzhugh_nagumo_8_1em2,fitzhugh_nagumo,8,1em2,100,0.17283597686683483,0.17628251045351478,0.17628251045351478,,,,
fitzhugh_nagumo_8_1em4,fitzhugh_nagumo,8,1em4,100,0.012391001130611867,0.01721349295768626,0.012391001130611867,,1,,1
fitzhugh_nagumo_8_1em6,fitzhugh_nagumo,8,1em6,100,2.441441309386505e-05,2.441441309386505e-05,2.441441309386505e-05,1,1,1,1
fitzhugh_nagumo_8_1em8,fitzhugh_nagumo,8,1em8,100,5.2711977227559714e-08,5.2711977227559714e-08,5.2711977227559714e-08,1,1,1,1
fitzhugh_nagumo_9_0,fitzhugh_nagumo,9,0,100,1.0828532515105849e-09,1.0828532515105849e-09,1.0828532515105849e-09,1,1,1,1
fitzhugh_nagumo_9_1em2,fitzhugh_nagumo,9,1em2,100,1.6607585931561037,63.80758426562972,4.669604918386029,,,,
fitzhugh_nagumo_9_1em4,fitzhugh_nagumo,9,1em4,100,0.007342901232185839,0.2820630104709084,0.007342901232185839,11,11,1,1
fitzhugh_nagumo_9_1em6,fitzhugh_nagumo,9,1em6,100,0.00015401052847219265,0.00015401052847219265,0.00015401052847219265,1,1,1,1
fitzhugh_nagumo_9_1em8,fitzhugh_nagumo,9,1em8,100,2.016538250493305e-06,2.016538250493305e-06,2.016538250493305e-06,1,1,1,1
flexible_arm_0_0,flexible_arm,0,0,100,1.9679258222993212e-12,1.9679258222993212e-12,1.9679258222993212e-12,1,1,1,1
flexible_arm_0_1em2,flexible_arm,0,1em2,100,0.8769797296379072,3.2408320969135582,3.437443664576173,,,,
flexible_arm_0_1em4,flexible_arm,0,1em4,100,0.06662531792873871,0.8107886638815962,0.06662531792873871,,21,,1
flexible_arm_0_1em6,flexible_arm,0,1em6,100,0.0011562375800169278,0.0011562375800169278,0.0011562375800169278,1,1,1,1
flexible_arm_0_1em8,flexible_arm,0,1em8,100,2.1505448619674183e-06,2.1505448619674183e-06,2.1505448619674183e-06,1,1,1,1
flexible_arm_1_0,flexible_arm,1,0,100,4.656275365277907e-13,4.656275365277907e-13,4.656275365277907e-13,1,1,1,1
flexible_arm_1_1em2,flexible_arm,1,1em2,100,0.48494160533776354,1.4754813241299998,0.7164237436599374,,,,
flexible_arm_1_1em4,flexible_arm,1,1em4,100,0.009051885896463607,1.1945558655460808,0.009051885896463607,32,32,1,1
flexible_arm_1_1em6,flexible_arm,1,1em6,100,0.00014360584398220855,0.00014360584398220855,0.00014360584398220855,1,1,1,1
flexible_arm_1_1em8,flexible_arm,1,1em8,100,5.94875277815099e-07,5.94875277815099e-07,5.94875277815099e-07,1,1,1,1
flexible_arm_2_0,flexible_arm,2,0,100,1.1864953464169048e-12,1.1864953464169048e-12,1.1864953464169048e-12,1,1,1,1
flexible_arm_2_1em2,flexible_arm,2,1em2,100,0.4604138978446547,1.1771178580681294,0.8625081663825372,,,,
flexible_arm_2_1em4,flexible_arm,2,1em4,100,0.002317478408126017,0.52052263215182,0.002317478408126017,27,27,1,1
flexible_arm_2_1em6,flexible_arm,2,1em6,100,0.00014330539665852182,0.00014330539665852182,0.00014330539665852182,1,1,1,1
flexible_arm_2_1em8,flexible_arm,2,1em8,100,5.447565317728831e-07,5.447565317728831e-07,5.447565317728831e-07,1,1,1,1
flexible_arm_3_0,flexible_arm,3,0,100,3.9879211044535623e-13,3.9879211044535623e-13,3.9879211044535623e-13,1,1,1,1
flexible_arm_3_1em2,flexible_arm,3,1em2,100,0.4765176531966716,0.6764423361102695,0.617723131657168,,,,
flexible_arm_3_1em4,flexible_arm,3,1em4,100,0.002022005715971331,0.06656288038105612,0.002022005715971331,10,1,1,1
flexible_arm_3_1em6,flexible_arm,3,1em6,100,4.742722285377976e-05,4.742722285377976e-05,4.742722285377976e-05,1,1,1,1
flexible_arm_3_1em8,flexible_arm,3,1em8,100,9.820094939438917e-07,9.820094939438917e-07,9.820094939438917e-07,1,1,1,1
flexible_arm_4_0,flexible_arm,4,0,100,4.830580380144056e-13,4.830580380144056e-13,4.830580380144056e-13,1,1,1,1
flexible_arm_4_1em2,flexible_arm,4,1em2,100,0.28298999999999996,0.7383209839799462,0.3533957353965169,,,,
flexible_arm_4_1em4,flexible_arm,4,1em4,100,0.007304096023798001,0.42361717724553277,0.007304096023798001,7,6,1,1
flexible_arm_4_1em6,flexible_arm,4,1em6,100,7.921945856220747e-05,7.921945856220747e-05,7.921945856220747e-05,1,1,1,1
flexible_arm_4_1em8,flexible_arm,4,1em8,100,1.6578269673717116e-07,1.6578269673717116e-07,1.6578269673717116e-07,1,1,1,1
flexible_arm_5_0,flexible_arm,5,0,100,1.4770407119613083e-12,1.4770407119613083e-12,1.4770407119613083e-12,1,1,1,1
flexible_arm_5_1em2,flexible_arm,5,1em2,100,1.2460836573114338,4.395924370794678,2.8322640124640155,,,,
flexible_arm_5_1em4,flexible_arm,5,1em4,100,0.025795309867896354,0.1354642830443349,0.025795309867896354,,18,,1
flexible_arm_5_1em6,flexible_arm,5,1em6,100,0.0003112838843323251,0.0003112838843323251,0.0003112838843323251,1,1,1,1
flexible_arm_5_1em8,flexible_arm,5,1em8,100,2.4928321727957226e-06,2.4928321727957226e-06,2.4928321727957226e-06,1,1,1,1
flexible_arm_6_0,flexible_arm,6,0,100,6.59916565837193e-13,6.59916565837193e-13,6.59916565837193e-13,1,1,1,1
flexible_arm_6_1em2,flexible_arm,6,1em2,100,0.7140257404909288,1.3035250912601675,1.7291893300537913,,,,
flexible_arm_6_1em4,flexible_arm,6,1em4,100,0.0044598644088325035,0.06602288744440588,0.0044598644088325035,18,1,1,1
flexible_arm_6_1em6,flexible_arm,6,1em6,100,4.2618778028691295e-05,4.2618778028691295e-05,4.2618778028691295e-05,1,1,1,1
flexible_arm_6_1em8,flexible_arm,6,1em8,100,4.810740796834523e-07,4.810740796834523e-07,4.810740796834523e-07,1,1,1,1
flexible_arm_7_0,flexible_arm,7,0,100,3.219247091124089e-11,3.219247091124089e-11,3.219247091124089e-11,1,1,1,1
flexible_arm_7_1em2,flexible_arm,7,1em2,100,0.7452723045193695,0.8514534163406337,0.7452723045193695,,,,
flexible_arm_7_1em4,flexible_arm,7,1em4,100,0.019551983386597027,1.7051262611704536,0.019551983386597027,,32,,1
flexible_arm_7_1em6,flexible_arm,7,1em6,100,0.0001310901698718947,0.0001310901698718947,0.0001310901698718947,1,1,1,1
flexible_arm_7_1em8,flexible_arm,7,1em8,100,8.107439927185212e-07,8.107439927185212e-07,8.107439927185212e-07,1,1,1,1
flexible_arm_8_0,flexible_arm,8,0,100,2.0373702724896248e-12,2.0373702724896248e-12,2.0373702724896248e-12,1,1,1,1
flexible_arm_8_1em2,flexible_arm,8,1em2,100,0.7749158374126269,5.596543252324787,0.9023163421326146,,,,
flexible_arm_8_1em4,flexible_arm,8,1em4,100,0.03763102232970422,0.77800701739278,0.03763102232970422,,25,,1
flexible_arm_8_1em6,flexible_arm,8,1em6,100,0.0003751622995237791,0.0003751622995237791,0.0003751622995237791,1,1,1,1
flexible_arm_8_1em8,flexible_arm,8,1em8,100,3.2695094531187685e-06,3.2695094531187685e-06,3.2695094531187685e-06,1,1,1,1
flexible_arm_9_0,flexible_arm,9,0,100,1.1624035067825389e-12,1.1624035067825389e-12,1.1624035067825389e-12,1,1,1,1
flexible_arm_9_1em2,flexible_arm,9,1em2,100,0.6779485351744033,1.4395832667731412,1.29766299613072,,,,
flexible_arm_9_1em4,flexible_arm,9,1em4,100,0.019895409138411868,0.4876422871693734,0.019895409138411868,,25,,1
flexible_arm_9_1em6,flexible_arm,9,1em6,100,5.9998175602204995e-05,5.9998175602204995e-05,5.9998175602204995e-05,1,1,1,1
flexible_arm_9_1em8,flexible_arm,9,1em8,100,1.962690099333031e-06,1.962690099333031e-06,1.962690099333031e-06,1,1,1,1
forced_lotka_volterra_0_0,forced_lotka_volterra,0,0,100,7.502794718838857e-09,7.502794718838857e-09,7.502794718838857e-09,1,1,1,1
forced_lotka_volterra_0_1em2,forced_lotka_volterra,0,1em2,100,0.0005443801879883026,0.09644792427574578,0.000561119079589889,57,1,1,1
forced_lotka_volterra_0_1em4,forced_lotka_volterra,0,1em4,100,2.7488708496115066e-05,2.7488708496115066e-05,2.7488708496115066e-05,1,1,1,1
forced_lotka_volterra_0_1em6,forced_lotka_volterra,0,1em6,100,6.42547607422328e-05,9.251763207407393e-05,6.42547607422328e-05,1,1,1,1
forced_lotka_volterra_0_1em8,forced_lotka_volterra,0,1em8,100,2.3374869168035772e-06,2.3374869168035772e-06,1.4137268066427566e-05,1,1,1,1
forced_lotka_volterra_1_0,forced_lotka_volterra,1,0,100,1.73976499873163e-10,1.73976499873163e-10,8.972167968746003e-05,1,1,1,1
forced_lotka_volterra_1_1em2,forced_lotka_volterra,1,1em2,100,0.00018875122070316497,3.362352235136085,0.00173004150390621,84,84,1,1
forced_lotka_volterra_1_1em4,forced_lotka_volterra,1,1em4,100,0.00011260986328121003,0.00103576660156246,0.00103576660156246,1,1,1,1
forced_lotka_volterra_1_1em6,forced_lotka_volterra,1,1em6,100,0.00058929443359379,0.011114031852557438,0.00058929443359379,7,1,1,1
forced_lotka_volterra_1_1em8,forced_lotka_volterra,1,1em8,100,3.584510325693735e-05,3.584510325693735e-05,0.00032608032226566497,1,1,1,1
forced_lotka_volterra_2_0,forced_lotka_volterra,2,0,100,8.231998416263764e-11,8.231998416263764e-11,0.00013513183593749645,1,1,1,1
forced_lotka_volterra_2_1em2,forced_lotka_volterra,2,1em2,100,0.0031258544921874964,0.7706645117896812,0.0031258544921874964,58,58,1,1
forced_lotka_volterra_2_1em4,forced_lotka_volterra,2,1em4,100,0.0013983764648437536,0.003070564168631662,0.0013983764648437536,1,1,1,1
forced_lotka_volterra_2_1em6,forced_lotka_volterra,2,1em6,100,0.00010132378754612592,0.00010132378754612592,0.00027246093749999645,1,1,1,1
forced_lotka_volterra_2_1em8,forced_lotka_volterra,2,1em8,100,1.0374096904519625e-05,1.0374096904519625e-05,6.323242187500355e-05,1,1,1,1
forced_lotka_volterra_3_0,forced_lotka_volterra,3,0,100,1.6329948504534286e-09,1.6329948504534286e-09,0.000265686035156254,1,1,1,1
forced_lotka_volterra_3_1em2,forced_lotka_volterra,3,1em2,100,0.001890747070312504,0.4754649614500926,0.002943603515625004,50,50,1,1
forced_lotka_volterra_3_1em4,forced_lotka_volterra,3,1em4,100,9.4024658203129e-05,0.0590916785567539,0.0004119873046875,3,1,1,1
forced_lotka_volterra_3_1em6,forced_lotka_volterra,3,1em6,100,0.000637054443359375,0.009857926378631254,0.000743865966796875,1,1,1,1
forced_lotka_volterra_3_1em8,forced_lotka_volterra,3,1em8,100,6.140729440434756e-05,6.140729440434756e-05,0.000509826660156254,1,1,1,1
forced_lotka_volterra_4_0,forced_lotka_volterra,4,0,100,5.966446781080492e-10,5.966446781080492e-10,3.308105468746714e-05,1,1,1,1
forced_lotka_volterra_4_1em2,forced_lotka_volterra,4,1em2,100,0.0019282226562499782,0.21625189136392542,0.0029622192382812718,38,38,1,1
forced_lotka_volterra_4_1em4,forced_lotka_volterra,4,1em4,100,3.231811523435324e-05,3.231811523435324e-05,3.231811523435324e-05,1,1,1,1
forced_lotka_volterra_4_1em6,forced_lotka_volterra,4,1em6,100,0.00019824218749997513,0.0002710080886929589,0.00019824218749997513,1,1,1,1
forced_lotka_volterra_4_1em8,forced_lotka_volterra,4,1em8,100,1.79957607773229e-05,1.79957607773229e-05,9.741210937497247e-05,1,1,1,1
forced_lotka_volterra_5_0,forced_lotka_volterra,5,0,100,0.0006811676025391122,0.0006883239746093839,0.0006883239746093839,1,1,1,1
forced_lotka_volterra_5_1em2,forced_lotka_volterra,5,1em2,100,0.0005738830566406339,1.1914606446686622,0.0008733215332030753,56,56,1,1
forced_lotka_volterra_5_1em4,forced_lotka_volterra,5,1em4,100,0.00015235900878907138,0.0003774261474609464,0.0003774261474609464,1,1,1,1
forced_lotka_volterra_5_1em6,forced_lotka_volterra,5,1em6,100,0.00016952514648438388,0.00016952514648438388,0.00016952514648438388,1,1,1,1
forced_lotka_volterra_5_1em8,forced_lotka_volterra,5,1em8,100,0.0003068542480468839,0.0008356628417969247,0.0008356628417969247,1,1,1,1
forced_lotka_volterra_6_0,forced_lotka_volterra,6,0,100,9.063720703084144e-06,9.063720703084144e-06,9.063720703084144e-06,1,1,1,1
forced_lotka_volterra_6_1em2,forced_lotka_volterra,6,1em2,100,0.002215381622314494,0.4758641093262899,0.0026373825073242596,91,91,1,1
forced_lotka_volterra_6_1em4,forced_lotka_volterra,6,1em4,100,5.6985855102498206e-05,0.00019932174682613102,0.00019932174682613102,1,1,1,1
forced_lotka_volterra_6_1em6,forced_lotka_volterra,6,1em6,100,2.6130676269442432e-06,1.3593673706013831e-05,1.3593673706013831e-05,1,1,1,1
forced_lotka_volterra_6_1em8,forced_lotka_volterra,6,1em8,100,6.202697753865394e-06,6.413841247554508e-05,6.413841247554508e-05,1,1,1,1
forced_lotka_volterra_7_0,forced_lotka_volterra,7,0,100,1.5568807354426895e-09,1.5568807354426895e-09,1.5568807354426895e-09,1,1,1,1
forced_lotka_volterra_7_1em2,forced_lotka_volterra,7,1em2,100,0.03254956054687502,65.0219463940285,0.03254956054687502,,57,,1
forced_lotka_volterra_7_1em4,forced_lotka_volterra,7,1em4,100,0.018808447687945873,0.10319576322273336,0.347124755859375,,5,,8
forced_lotka_volterra_7_1em6,forced_lotka_volterra,7,1em6,100,0.0006672235774972113,0.0006672235774972113,0.0006672235774972113,1,1,1,1
forced_lotka_volterra_7_1em8,forced_lotka_volterra,7,1em8,100,0.0007918558588847491,0.001907782983987527,0.001907782983987527,1,1,1,1
forced_lotka_volterra_8_0,forced_lotka_volterra,8,0,100,4.76154743411783e-09,4.76154743411783e-09,4.321289062497735e-05,1,1,1,1
forced_lotka_volterra_8_1em2,forced_lotka_volterra,8,1em2,100,0.000262786865234399,0.3808756601363168,0.000262786865234399,57,57,1,1
forced_lotka_volterra_8_1em4,forced_lotka_volterra,8,1em4,100,0.0014882202148437385,0.013833848818629146,0.0014882202148437385,3,1,1,1
forced_lotka_volterra_8_1em6,forced_lotka_volterra,8,1em6,100,0.000621093749999968,0.0010320817242893132,0.000621093749999968,1,1,1,1
forced_lotka_volterra_8_1em8,forced_lotka_volterra,8,1em8,100,3.475952148435102e-05,5.610345097400993e-05,3.475952148435102e-05,1,1,1,1
forced_lotka_volterra_9_0,forced_lotka_volterra,9,0,100,1.0217096613196475e-10,1.0217096613196475e-10,8.593749999996625e-05,1,1,1,1
forced_lotka_volterra_9_1em2,forced_lotka_volterra,9,1em2,100,0.0007768249511719283,0.032934986388881815,0.0007768249511719283,78,1,1,1
forced_lotka_volterra_9_1em4,forced_lotka_volterra,9,1em4,100,0.00013992309570309835,0.00015670776367182615,0.00015670776367182615,1,1,1,1
forced_lotka_volterra_9_1em6,forced_lotka_volterra,9,1em6,100,0.00019965952650513596,0.001402036461738282,0.0014435729980468714,1,1,1,1
forced_lotka_volterra_9_1em8,forced_lotka_volterra,9,1em8,100,2.5709018252384475e-05,0.00010276266280845325,6.304931640621625e-05,1,1,1,1
harmonic_oscillator_0_0,harmonic_oscillator,0,0,10,1.8013368574543165e-14,1.8013368574543165e-14,1.8013368574543165e-14,1,1,1,1
harmonic_oscillator_0_1em2,harmonic_oscillator,0,1em2,100,4.3056535174446076e-05,6.86108406249275e-05,4.3056535174446076e-05,1,1,1,1
harmonic_oscillator_0_1em4,harmonic_oscillator,0,1em4,51,1.9067714646103795e-07,1.9067714646103795e-07,1.9067714646103795e-07,1,1,1,1
harmonic_oscillator_0_1em6,harmonic_oscillator,0,1em6,27,8.540446710947336e-09,8.540446710947336e-09,8.540446710947336e-09,1,1,1,1
harmonic_oscillator_0_1em8,harmonic_oscillator,0,1em8,10,5.2195608946092875e-11,5.2195608946092875e-11,5.2195608946092875e-11,1,1,1,1
harmonic_oscillator_1_0,harmonic_oscillator,1,0,13,1.6187051699034782e-13,1.6187051699034782e-13,1.6187051699034782e-13,1,1,1,1
harmonic_oscillator_1_1em2,harmonic_oscillator,1,1em2,100,1.547210875152416e-05,6.193416871813628e-05,1.547210875152416e-05,1,1,1,1
harmonic_oscillator_1_1em4,harmonic_oscillator,1,1em4,73,2.0533346611895098e-07,2.0533346611895098e-07,2.0533346611895098e-07,1,1,1,1
harmonic_oscillator_1_1em6,harmonic_oscillator,1,1em6,20,2.049938330195289e-09,2.049938330195289e-09,2.049938330195289e-09,1,1,1,1
harmonic_oscillator_1_1em8,harmonic_oscillator,1,1em8,15,3.1837088521058377e-11,3.1837088521058377e-11,3.1837088521058377e-11,1,1,1,1
harmonic_oscillator_2_0,harmonic_oscillator,2,0,6,4.6851411639181606e-14,4.6851411639181606e-14,4.6851411639181606e-14,1,1,1,1
harmonic_oscillator_2_1em2,harmonic_oscillator,2,1em2,73,8.232597561552701e-06,8.36024525663337e-06,8.36024525663337e-06,1,1,1,1
harmonic_oscillator_2_1em4,harmonic_oscillator,2,1em4,11,1.8047314309654894e-08,1.8047314309654894e-08,1.8047314309654894e-08,1,1,1,1
harmonic_oscillator_2_1em6,harmonic_oscillator,2,1em6,5,2.339837212872453e-10,2.339837212872453e-10,2.339837212872453e-10,1,1,1,1
harmonic_oscillator_2_1em8,harmonic_oscillator,2,1em8,5,3.350597577167491e-12,3.350597577167491e-12,3.350597577167491e-12,1,1,1,1
harmonic_oscillator_3_0,harmonic_oscillator,3,0,11,7.494005416219807e-14,7.494005416219807e-14,7.494005416219807e-14,1,1,1,1
harmonic_oscillator_3_1em2,harmonic_oscillator,3,1em2,100,6.661425698717416e-06,6.661425698717416e-06,6.661425698717416e-06,1,1,1,1
harmonic_oscillator_3_1em4,harmonic_oscillator,3,1em4,78,3.1899624919340397e-07,3.1899624919340397e-07,3.1899624919340397e-07,1,1,1,1
harmonic_oscillator_3_1em6,harmonic_oscillator,3,1em6,11,7.107458510624554e-10,7.107458510624554e-10,7.107458510624554e-10,1,1,1,1
harmonic_oscillator_3_1em8,harmonic_oscillator,3,1em8,11,7.98577870497752e-12,7.98577870497752e-12,7.98577870497752e-12,1,1,1,1
harmonic_oscillator_4_0,harmonic_oscillator,4,0,12,2.7200464103316335e-14,2.7200464103316335e-14,2.7200464103316335e-14,1,1,1,1
harmonic_oscillator_4_1em2,harmonic_oscillator,4,1em2,100,7.158672686918832e-05,0.00012197439857608572,7.158672686918832e-05,1,1,1,1
harmonic_oscillator_4_1em4,harmonic_oscillator,4,1em4,92,4.4078290584170787e-07,4.4078290584170787e-07,4.4078290584170787e-07,1,1,1,1
harmonic_oscillator_4_1em6,harmonic_oscillator,4,1em6,23,1.0198061728416974e-08,1.0198061728416974e-08,1.0198061728416974e-08,1,1,1,1
harmonic_oscillator_4_1em8,harmonic_oscillator,4,1em8,14,4.350898807903292e-11,4.350898807903292e-11,4.350898807903292e-11,1,1,1,1
harmonic_oscillator_5_0,harmonic_oscillator,5,0,7,8.959499808725013e-14,8.959499808725013e-14,8.959499808725013e-14,1,1,1,1
harmonic_oscillator_5_1em2,harmonic_oscillator,5,1em2,100,1.547126419620959e-05,0.00021545310217030433,1.547126419620959e-05,1,1,1,1
harmonic_oscillator_5_1em4,harmonic_oscillator,5,1em4,90,1.2142224743438845e-06,1.2142224743438845e-06,1.2142224743438845e-06,1,1,1,1
harmonic_oscillator_5_1em6,harmonic_oscillator,5,1em6,25,1.0349638923656812e-08,1.0349638923656812e-08,1.0349638923656812e-08,1,1,1,1
harmonic_oscillator_5_1em8,harmonic_oscillator,5,1em8,6,2.949063215851311e-11,2.949063215851311e-11,2.949063215851311e-11,1,1,1,1
harmonic_oscillator_6_0,harmonic_oscillator,6,0,6,1.2434497875801753e-14,1.2434497875801753e-14,1.2434497875801753e-14,1,1,1,1
harmonic_oscillator_6_1em2,harmonic_oscillator,6,1em2,100,0.00011103689513006221,0.00016058253559961266,0.00011103689513006221,1,1,1,1
harmonic_oscillator_6_1em4,harmonic_oscillator,6,1em4,75,5.007069361351313e-06,5.007069361351313e-06,5.007069361351313e-06,1,1,1,1
harmonic_oscillator_6_1em6,harmonic_oscillator,6,1em6,18,4.983957857529475e-08,4.983957857529475e-08,4.983957857529475e-08,1,1,1,1
harmonic_oscillator_6_1em8,harmonic_oscillator,6,1em8,7,7.910788690779214e-11,7.910788690779214e-11,7.910788690779214e-11,1,1,1,1
harmonic_oscillator_7_0,harmonic_oscillator,7,0,17,2.615685446016869e-13,2.615685446016869e-13,2.615685446016869e-13,1,1,1,1
harmonic_oscillator_7_1em2,harmonic_oscillator,7,1em2,100,8.904647194496462e-06,1.5815221358767007e-05,1.5815221358767007e-05,1,1,1,1
harmonic_oscillator_7_1em4,harmonic_oscillator,7,1em4,46,1.4748152254995262e-08,1.4748152254995262e-08,1.4748152254995262e-08,1,1,1,1
harmonic_oscillator_7_1em6,harmonic_oscillator,7,1em6,17,3.753039823362059e-10,3.753039823362059e-10,3.753039823362059e-10,1,1,1,1
harmonic_oscillator_7_1em8,harmonic_oscillator,7,1em8,14,9.09966546558394e-13,9.09966546558394e-13,9.09966546558394e-13,1,1,1,1
harmonic_oscillator_8_0,harmonic_oscillator,8,0,7,1.669497873280079e-14,1.669497873280079e-14,1.669497873280079e-14,1,1,1,1
harmonic_oscillator_8_1em2,harmonic_oscillator,8,1em2,100,4.664986697611173e-05,0.0001136618587446736,4.664986697611173e-05,1,1,1,1
harmonic_oscillator_8_1em4,harmonic_oscillator,8,1em4,81,6.689873137677438e-07,6.689873137677438e-07,6.689873137677438e-07,1,1,1,1
harmonic_oscillator_8_1em6,harmonic_oscillator,8,1em6,16,7.966142995252667e-09,7.966142995252667e-09,7.966142995252667e-09,1,1,1,1
harmonic_oscillator_8_1em8,harmonic_oscillator,8,1em8,10,1.1097689434080849e-10,1.1097689434080849e-10,1.1097689434080849e-10,1,1,1,1
harmonic_oscillator_9_0,harmonic_oscillator,9,0,9,1.2401191185062999e-13,1.2401191185062999e-13,1.2401191185062999e-13,1,1,1,1
harmonic_oscillator_9_1em2,harmonic_oscillator,9,1em2,100,6.197892693815543e-05,6.197892693815543e-05,0.00015590171455848179,1,1,1,1
harmonic_oscillator_9_1em4,harmonic_oscillator,9,1em4,88,5.586770410737074e-07,5.586770410737074e-07,5.586770410737074e-07,1,1,1,1
harmonic_oscillator_9_1em6,harmonic_oscillator,9,1em6,14,7.028243653728339e-09,7.028243653728339e-09,7.028243653728339e-09,1,1,1,1
harmonic_oscillator_9_1em8,harmonic_oscillator,9,1em8,9,3.9708458743348274e-11,3.9708458743348274e-11,3.9708458743348274e-11,1,1,1,1
hiv_0_0,hiv,0,0,100,2.2427863310969798e-07,2.2427863310969798e-07,2.2427863310969798e-07,1,1,1,1
hiv_0_1em2,hiv,0,1em2,100,44.50690459474437,8296.455603475924,4546.607980287155,,,,
hiv_0_1em4,hiv,0,1em4,100,30.017368791373038,7037.559533617049,6669.395097522104,,,,
hiv_0_1em6,hiv,0,1em6,100,0.5322330137844847,0.5349900000000001,0.5349790177466482,,,,
hiv_0_1em8,hiv,0,1em8,100,0.013980067845101862,0.01403653156842355,0.01403653156842355,,1,,1
hiv_1_0,hiv,1,0,100,2.803623222469298e-09,2.803623222469298e-09,2.803623222469298e-09,1,1,1,1
hiv_1_1em2,hiv,1,1em2,100,18.5453353777908,2084.5740122121824,1398.5800150498362,,,,
hiv_1_1em4,hiv,1,1em4,100,76.42153352090041,223.01024258967723,1572.8371109625496,,,,
hiv_1_1em6,hiv,1,1em6,100,0.32239108199941724,0.32242858040481015,0.32242858040481015,,,,
hiv_1_1em8,hiv,1,1em8,100,0.002966155542842963,0.002966155542842963,0.002966155542842963,1,1,1,1
hiv_2_0,hiv,2,0,100,2.5918304336070008e-08,2.5918304336070008e-08,2.5918304336070008e-08,1,1,1,1
hiv_2_1em2,hiv,2,1em2,100,14.80893974971994,14037.574310628821,840.4170411378235,,,,
hiv_2_1em4,hiv,2,1em4,100,21.147595965690538,10740.864700088,385.9862697342575,,,,
hiv_2_1em6,hiv,2,1em6,100,0.2719899995527409,23.76033849201979,0.5883350354509408,,,,
hiv_2_1em8,hiv,2,1em8,100,0.0017171829509556868,0.0017171829509556868,0.0017171829509556868,1,1,1,1
hiv_3_0,hiv,3,0,100,2.406171539792723e-09,2.406171539792723e-09,2.406171539792723e-09,1,1,1,1
hiv_3_1em2,hiv,3,1em2,100,44.90260293210718,12806.44732826191,15653.283414117719,,,,
hiv_3_1em4,hiv,3,1em4,100,155.04780180178489,155.04780180178489,155.04780180178489,,,,
hiv_3_1em6,hiv,3,1em6,100,0.03849545399110449,0.03852216532743685,0.03852216532743685,,1,,1
hiv_3_1em8,hiv,3,1em8,100,0.0003721877121343198,0.0003721877121343198,0.0003721877121343198,1,1,1,1
hiv_4_0,hiv,4,0,100,2.6569061506442893e-08,2.6569061506442893e-08,2.6569061506442893e-08,1,1,1,1
hiv_4_1em2,hiv,4,1em2,100,117.06041710064848,18148.655506681072,13264.319004346795,,,,
hiv_4_1em4,hiv,4,1em4,100,15.596429907055606,652.4456175067654,13876.881193159292,,,,
hiv_4_1em6,hiv,4,1em6,100,0.19886589499882912,0.19889630203884145,0.19889630203884145,,,,
hiv_4_1em8,hiv,4,1em8,100,0.002896067864254115,0.002896067864254115,0.002896067864254115,1,1,1,1
hiv_5_0,hiv,5,0,100,2.4317534652595896e-09,2.4317534652595896e-09,2.4317534652595896e-09,1,1,1,1
hiv_5_1em2,hiv,5,1em2,100,15.950342096826628,97.68754874028238,97.68754874028238,,,,
hiv_5_1em6,hiv,5,1em6,100,0.03425704437249444,53.37073160007478,0.03425704437249444,,7,,1
hiv_5_1em8,hiv,5,1em8,100,0.00020470006136996677,0.00020470006136996677,0.00020470006136996677,1,1,1,1
hiv_6_0,hiv,6,0,100,1.0865838007134698e-08,1.0865838007134698e-08,1.0865838007134698e-08,1,1,1,1
hiv_6_1em2,hiv,6,1em2,100,57.1421914521426,1383.602200331801,4299.023537763349,,,,
hiv_6_1em4,hiv,6,1em4,100,2.6463112904528696,212.47369952784283,212.47369952784283,,,,
hiv_6_1em6,hiv,6,1em6,100,0.7541710840611848,0.7550748917592467,0.7550748917592467,,,,
hiv_6_1em8,hiv,6,1em8,100,0.025227386421411424,0.025302675396453922,0.025302675396453922,,1,,1
hiv_7_0,hiv,7,0,100,1.251713205308036e-09,1.251713205308036e-09,1.251713205308036e-09,1,1,1,1
hiv_7_1em2,hiv,7,1em2,100,111.99928859562692,1664.3409408262717,1144.693702299593,,,,
hiv_7_1em6,hiv,7,1em6,100,0.0071479309186874285,0.6678562535227893,0.0071479309186874285,5,5,1,1
hiv_7_1em8,hiv,7,1em8,100,0.0004005337999294367,0.0004005337999294367,0.0004005337999294367,1,1,1,1
hiv_8_0,hiv,8,0,100,1.2438681497306536e-07,1.2438681497306536e-07,1.2438681497306536e-07,1,1,1,1
hiv_8_1em2,hiv,8,1em2,100,40.80422591078017,40.80422591078017,7954.850162463501,,,,
hiv_8_1em4,hiv,8,1em4,100,13.329063885134415,254.37371825404318,4620.551584822278,,,,
hiv_8_1em6,hiv,8,1em6,100,0.10499,0.10499,0.10499,,,,
hiv_8_1em8,hiv,8,1em8,100,0.016365259866847767,0.016411825950232897,0.016411825950232897,,1,,1
hiv_9_0,hiv,9,0,100,5.320645518613887e-08,5.320645518613887e-08,5.320645518613887e-08,1,1,1,1
hiv_9_1em2,hiv,9,1em2,100,11.471376960156805,7936.943601072442,7983.999078941466,,,,
hiv_9_1em4,hiv,9,1em4,100,809.1011377450875,7048.288516147832,809.1011377450875,,,,
hiv_9_1em6,hiv,9,1em6,100,0.35173405872355734,0.3524397724788001,0.3524397724788001,,,,
hiv_9_1em8,hiv,9,1em8,100,0.005114327299298449,0.005132324022917856,0.005132324022917856,1,1,1,1
lotka_volterra_0_0,lotka_volterra,0,0,100,2.7150504067208203e-13,2.7150504067208203e-13,2.7150504067208203e-13,1,1,1,1
lotka_volterra_0_1em2,lotka_volterra,0,1em2,100,0.0013289314060010438,0.04970240039331704,0.0013289314060010438,18,1,1,1
lotka_volterra_0_1em4,lotka_volterra,0,1em4,100,3.755554234140257e-05,3.755554234140257e-05,3.755554234140257e-05,1,1,1,1
lotka_volterra_0_1em6,lotka_volterra,0,1em6,100,7.62737208157005e-07,7.62737208157005e-07,7.62737208157005e-07,1,1,1,1
lotka_volterra_0_1em8,lotka_volterra,0,1em8,100,9.985919313670877e-10,9.985919313670877e-10,9.985919313670877e-10,1,1,1,1
lotka_volterra_1_0,lotka_volterra,1,0,100,2.05613304160579e-13,2.05613304160579e-13,2.05613304160579e-13,1,1,1,1
lotka_volterra_1_1em2,lotka_volterra,1,1em2,100,0.20039633342591712,1.4836576201676177,0.578583967412071,,,,
lotka_volterra_1_1em4,lotka_volterra,1,1em4,100,2.082850043216844e-05,2.082850043216844e-05,2.082850043216844e-05,1,1,1,1
lotka_volterra_1_1em6,lotka_volterra,1,1em6,100,2.3519729513976628e-07,2.3519729513976628e-07,2.3519729513976628e-07,1,1,1,1
lotka_volterra_1_1em8,lotka_volterra,1,1em8,100,9.223586894258062e-10,9.223586894258062e-10,9.223586894258062e-10,1,1,1,1
lotka_volterra_2_0,lotka_volterra,2,0,100,8.948397578478762e-14,8.948397578478762e-14,8.948397578478762e-14,1,1,1,1
lotka_volterra_2_1em2,lotka_volterra,2,1em2,100,0.10153083319034817,0.10153083319034817,0.10153083319034817,,,,
lotka_volterra_2_1em4,lotka_volterra,2,1em4,100,4.99721114644025e-06,4.99721114644025e-06,4.99721114644025e-06,1,1,1,1
lotka_volterra_2_1em6,lotka_volterra,2,1em6,100,2.610603933028699e-08,2.610603933028699e-08,2.610603933028699e-08,1,1,1,1
lotka_volterra_2_1em8,lotka_volterra,2,1em8,100,2.154383171859564e-09,2.154383171859564e-09,2.154383171859564e-09,1,1,1,1
lotka_volterra_3_0,lotka_volterra,3,0,100,4.313216450668733e-13,4.313216450668733e-13,4.313216450668733e-13,1,1,1,1
lotka_volterra_3_1em2,lotka_volterra,3,1em2,100,0.10509974412376566,0.14762482737450366,0.14762482737450366,,,,
lotka_volterra_3_1em4,lotka_volterra,3,1em4,100,1.4214582385541075e-05,1.4214582385541075e-05,1.4214582385541075e-05,1,1,1,1
lotka_volterra_3_1em6,lotka_volterra,3,1em6,100,3.305211306869893e-07,3.305211306869893e-07,3.305211306869893e-07,1,1,1,1
lotka_volterra_3_1em8,lotka_volterra,3,1em8,100,3.96778293554334e-09,3.96778293554334e-09,3.96778293554334e-09,1,1,1,1
lotka_volterra_4_0,lotka_volterra,4,0,100,7.996425743783675e-11,7.996425743783675e-11,7.996425743783675e-11,1,1,1,1
lotka_volterra_4_1em2,lotka_volterra,4,1em2,100,0.008898563550814198,0.17021738270779874,0.008898563550814198,31,7,1,1
lotka_volterra_4_1em4,lotka_volterra,4,1em4,100,9.365081446366386e-05,9.365081446366386e-05,9.365081446366386e-05,1,1,1,1
lotka_volterra_4_1em6,lotka_volterra,4,1em6,100,4.3099415925063056e-07,4.3099415925063056e-07,4.3099415925063056e-07,1,1,1,1
lotka_volterra_4_1em8,lotka_volterra,4,1em8,100,7.489261433235583e-10,7.489261433235583e-10,7.489261433235583e-10,1,1,1,1
lotka_volterra_5_0,lotka_volterra,5,0,100,5.828670879282072e-14,5.828670879282072e-14,5.828670879282072e-14,1,1,1,1
lotka_volterra_5_1em2,lotka_volterra,5,1em2,100,0.000551167885018633,0.04398230293900418,0.000551167885018633,2,1,1,1
lotka_volterra_5_1em4,lotka_volterra,5,1em4,100,7.428683940546854e-06,7.428683940546854e-06,7.428683940546854e-06,1,1,1,1
lotka_volterra_5_1em6,lotka_volterra,5,1em6,100,5.067304083006263e-07,5.067304083006263e-07,5.067304083006263e-07,1,1,1,1
lotka_volterra_5_1em8,lotka_volterra,5,1em8,100,4.952943388758513e-09,4.952943388758513e-09,4.952943388758513e-09,1,1,1,1
lotka_volterra_6_0,lotka_volterra,6,0,100,7.405187574249794e-14,7.405187574249794e-14,7.405187574249794e-14,1,1,1,1
lotka_volterra_6_1em2,lotka_volterra,6,1em2,100,0.017374196823233712,0.15288538856561906,0.15288538856561906,,3,,3
lotka_volterra_6_1em4,lotka_volterra,6,1em4,100,2.10197792253064e-05,2.10197792253064e-05,2.10197792253064e-05,1,1,1,1
lotka_volterra_6_1em6,lotka_volterra,6,1em6,100,1.88695966185648e-07,1.88695966185648e-07,1.88695966185648e-07,1,1,1,1
lotka_volterra_6_1em8,lotka_volterra,6,1em8,100,7.129219881107929e-09,7.129219881107929e-09,7.129219881107929e-09,1,1,1,1
lotka_volterra_7_0,lotka_volterra,7,0,100,4.221067939624845e-13,4.221067939624845e-13,4.221067939624845e-13,1,1,1,1
lotka_volterra_7_1em2,lotka_volterra,7,1em2,100,0.051581043019484296,0.051581043019484296,0.051581043019484296,,1,,1
lotka_volterra_7_1em4,lotka_volterra,7,1em4,100,6.831865427031625e-05,6.831865427031625e-05,6.831865427031625e-05,1,1,1,1
lotka_volterra_7_1em6,lotka_volterra,7,1em6,100,1.1357324403160618e-07,1.1357324403160618e-07,1.1357324403160618e-07,1,1,1,1
lotka_volterra_7_1em8,lotka_volterra,7,1em8,100,4.3106706537621164e-09,4.3106706537621164e-09,4.3106706537621164e-09,1,1,1,1
lotka_volterra_8_0,lotka_volterra,8,0,100,4.981570711493077e-13,4.981570711493077e-13,4.981570711493077e-13,1,1,1,1
lotka_volterra_8_1em2,lotka_volterra,8,1em2,100,0.07234732632650953,0.07234732632650953,0.07234732632650953,,1,,1
lotka_volterra_8_1em4,lotka_volterra,8,1em4,100,3.181033905241826e-05,3.181033905241826e-05,3.181033905241826e-05,1,1,1,1
lotka_volterra_8_1em6,lotka_volterra,8,1em6,100,1.5727155111555646e-07,1.5727155111555646e-07,1.5727155111555646e-07,1,1,1,1
lotka_volterra_8_1em8,lotka_volterra,8,1em8,100,1.4947271753662505e-09,1.4947271753662505e-09,1.4947271753662505e-09,1,1,1,1
lotka_volterra_9_0,lotka_volterra,9,0,100,2.7200464103316335e-14,2.7200464103316335e-14,2.7200464103316335e-14,1,1,1,1
lotka_volterra_9_1em2,lotka_volterra,9,1em2,100,0.326056054341562,5.447204246435958,5.447204246435958,,,,
lotka_volterra_9_1em4,lotka_volterra,9,1em4,100,6.967220327336321e-06,6.967220327336321e-06,6.967220327336321e-06,1,1,1,1
lotka_volterra_9_1em6,lotka_volterra,9,1em6,100,2.027369007118196e-07,2.027369007118196e-07,2.027369007118196e-07,1,1,1,1
lotka_volterra_9_1em8,lotka_volterra,9,1em8,100,3.161199635393075e-10,3.161199635393075e-10,3.161199635393075e-10,1,1,1,1
mass_spring_damper_0_0,mass_spring_damper,0,0,100,2.1649348980190553e-14,2.1649348980190553e-14,2.1649348980190553e-14,1,1,1,1
mass_spring_damper_0_1em2,mass_spring_damper,0,1em2,100,0.001001288548143145,0.007418127774429906,0.001001288548143145,1,1,1,1
mass_spring_damper_0_1em4,mass_spring_damper,0,1em4,100,1.1725759112346523e-05,0.00018604830826723928,1.1725759112346523e-05,1,1,1,1
mass_spring_damper_0_1em6,mass_spring_damper,0,1em6,100,2.0579499948603086e-07,2.0579499948603086e-07,2.0579499948603086e-07,1,1,1,1
mass_spring_damper_0_1em8,mass_spring_damper,0,1em8,100,2.862527326286113e-09,2.862527326286113e-09,2.862527326286113e-09,1,1,1,1
mass_spring_damper_1_0,mass_spring_damper,1,0,100,2.456368441983159e-14,2.456368441983159e-14,2.456368441983159e-14,1,1,1,1
mass_spring_damper_1_1em2,mass_spring_damper,1,1em2,100,0.0015338107981072713,0.0015338107981072713,0.0015338107981072713,1,1,1,1
mass_spring_damper_1_1em4,mass_spring_damper,1,1em4,100,4.413736523378731e-06,4.413736523378731e-06,4.413736523378731e-06,1,1,1,1
mass_spring_damper_1_1em6,mass_spring_damper,1,1em6,100,3.37362507929484e-08,3.37362507929484e-08,3.37362507929484e-08,1,1,1,1
mass_spring_damper_1_1em8,mass_spring_damper,1,1em8,100,2.4950498334064264e-09,2.4950498334064264e-09,2.4950498334064264e-09,1,1,1,1
mass_spring_damper_2_0,mass_spring_damper,2,0,100,1.8740564655672642e-13,1.8740564655672642e-13,1.8740564655672642e-13,1,1,1,1
mass_spring_damper_2_1em2,mass_spring_damper,2,1em2,100,0.01576227436279487,0.01576227436279487,0.01576227436279487,,1,,1
mass_spring_damper_2_1em4,mass_spring_damper,2,1em4,100,1.8618018512328582e-05,1.8618018512328582e-05,1.8618018512328582e-05,1,1,1,1
mass_spring_damper_2_1em6,mass_spring_damper,2,1em6,100,4.2980419245886026e-07,4.2980419245886026e-07,4.2980419245886026e-07,1,1,1,1
mass_spring_damper_2_1em8,mass_spring_damper,2,1em8,100,9.963890712505474e-09,9.963890712505474e-09,9.963890712505474e-09,1,1,1,1
mass_spring_damper_3_0,mass_spring_damper,3,0,100,4.424238753131249e-14,4.424238753131249e-14,4.424238753131249e-14,1,1,1,1
mass_spring_damper_3_1em2,mass_spring_damper,3,1em2,100,0.01953620572488554,0.021798759827292666,0.021798759827292666,,1,,1
mass_spring_damper_3_1em4,mass_spring_damper,3,1em4,100,4.5990999308964664e-05,4.5990999308964664e-05,4.5990999308964664e-05,1,1,1,1
mass_spring_damper_3_1em6,mass_spring_damper,3,1em6,100,4.989572345570625e-07,4.989572345570625e-07,4.989572345570625e-07,1,1,1,1
mass_spring_damper_3_1em8,mass_spring_damper,3,1em8,100,3.726031982953515e-09,3.726031982953515e-09,3.726031982953515e-09,1,1,1,1
mass_spring_damper_4_0,mass_spring_damper,4,0,100,1.5865087021893487e-13,1.5865087021893487e-13,1.5865087021893487e-13,1,1,1,1
mass_spring_damper_4_1em2,mass_spring_damper,4,1em2,100,0.002254106128124933,0.03966310351131108,0.002254106128124933,78,1,1,1
mass_spring_damper_4_1em4,mass_spring_damper,4,1em4,100,3.79504279824916e-05,3.79504279824916e-05,3.79504279824916e-05,1,1,1,1
mass_spring_damper_4_1em6,mass_spring_damper,4,1em6,100,7.303974425276749e-08,7.303974425276749e-08,7.303974425276749e-08,1,1,1,1
mass_spring_damper_4_1em8,mass_spring_damper,4,1em8,100,2.0699914005106734e-09,2.0699914005106734e-09,2.0699914005106734e-09,1,1,1,1
mass_spring_damper_5_0,mass_spring_damper,5,0,100,4.901634653720066e-14,4.901634653720066e-14,4.901634653720066e-14,1,1,1,1
mass_spring_damper_5_1em2,mass_spring_damper,5,1em2,100,0.0016491590965795333,0.0016491590965795333,0.0016491590965795333,1,1,1,1
mass_spring_damper_5_1em4,mass_spring_damper,5,1em4,100,7.756346115883606e-06,7.756346115883606e-06,7.756346115883606e-06,1,1,1,1
mass_spring_damper_5_1em6,mass_spring_damper,5,1em6,100,1.4901245781739902e-07,1.4901245781739902e-07,1.4901245781739902e-07,1,1,1,1
mass_spring_damper_5_1em8,mass_spring_damper,5,1em8,100,6.435669774873531e-10,6.435669774873531e-10,6.435669774873531e-10,1,1,1,1
mass_spring_damper_6_0,mass_spring_damper,6,0,100,4.2243986086987206e-14,4.2243986086987206e-14,4.2243986086987206e-14,1,1,1,1
mass_spring_damper_6_1em2,mass_spring_damper,6,1em2,100,0.0015776968268795821,0.004961417456426198,0.0015776968268795821,1,1,1,1
mass_spring_damper_6_1em4,mass_spring_damper,6,1em4,100,1.515459252454665e-05,1.7958046546584505e-05,1.7958046546584505e-05,1,1,1,1
mass_spring_damper_6_1em6,mass_spring_damper,6,1em6,100,1.1590935439231842e-07,1.1590935439231842e-07,1.1590935439231842e-07,1,1,1,1
mass_spring_damper_6_1em8,mass_spring_damper,6,1em8,100,9.959704727613428e-10,9.959704727613428e-10,9.959704727613428e-10,1,1,1,1
mass_spring_damper_7_0,mass_spring_damper,7,0,100,7.904787935331115e-14,7.904787935331115e-14,7.904787935331115e-14,1,1,1,1
mass_spring_damper_7_1em2,mass_spring_damper,7,1em2,100,0.0011144859683646091,0.0017187506525758733,0.0017187506525758733,1,1,1,1
mass_spring_damper_7_1em4,mass_spring_damper,7,1em4,100,1.566590829149561e-05,1.566590829149561e-05,1.566590829149561e-05,1,1,1,1
mass_spring_damper_7_1em6,mass_spring_damper,7,1em6,100,2.8157706488673995e-07,2.8157706488673995e-07,2.8157706488673995e-07,1,1,1,1
mass_spring_damper_7_1em8,mass_spring_damper,7,1em8,100,1.0547941409200234e-09,1.0547941409200234e-09,1.0547941409200234e-09,1,1,1,1
mass_spring_damper_8_0,mass_spring_damper,8,0,100,3.655409308578328e-14,3.655409308578328e-14,3.655409308578328e-14,1,1,1,1
mass_spring_damper_8_1em2,mass_spring_damper,8,1em2,100,0.013877633801909761,0.013877633801909761,0.013877633801909761,,1,,1
mass_spring_damper_8_1em4,mass_spring_damper,8,1em4,100,4.344381205662051e-05,0.0001954891501864675,4.344381205662051e-05,1,1,1,1
mass_spring_damper_8_1em6,mass_spring_damper,8,1em6,100,2.590932345336583e-07,2.590932345336583e-07,2.590932345336583e-07,1,1,1,1
mass_spring_damper_8_1em8,mass_spring_damper,8,1em8,100,2.5417905835656285e-09,2.5417905835656285e-09,2.5417905835656285e-09,1,1,1,1
mass_spring_damper_9_0,mass_spring_damper,9,0,100,7.260858581048524e-14,7.260858581048524e-14,7.260858581048524e-14,1,1,1,1
mass_spring_damper_9_1em2,mass_spring_damper,9,1em2,100,0.012381377563497442,0.021905249075808042,0.021905249075808042,,1,,1
mass_spring_damper_9_1em4,mass_spring_damper,9,1em4,100,1.7661465499307916e-05,6.348683181967019e-05,1.7661465499307916e-05,1,1,1,1
mass_spring_damper_9_1em6,mass_spring_damper,9,1em6,100,3.9903210680147794e-07,3.9903210680147794e-07,3.9903210680147794e-07,1,1,1,1
mass_spring_damper_9_1em8,mass_spring_damper,9,1em8,100,2.2678340871884473e-09,2.2678340871884473e-09,2.2678340871884473e-09,1,1,1,1
quadrotor_0_0,quadrotor,0,0,62,3.3173352953497215e-11,3.3173352953497215e-11,3.964233398440209e-05,1,1,1,1
quadrotor_0_1em2,quadrotor,0,1em2,100,0.007574768066406223,0.0216998356901138,0.007574768066406223,99,1,1,1
quadrotor_0_1em4,quadrotor,0,1em4,100,0.00026913452148438766,0.0003556692857696886,0.00034072875976565165,1,1,1,1
quadrotor_0_1em6,quadrotor,0,1em6,100,1.1143959055603947e-05,2.186375629009696e-05,4.345703125002709e-05,1,1,1,1
quadrotor_0_1em8,quadrotor,0,1em8,100,3.050232421086818e-07,3.050232421086818e-07,2.520751953122291e-05,1,1,1,1
quadrotor_1_0,quadrotor,1,0,75,1.133326765767606e-11,1.133326765767606e-11,4.257202148438832e-05,1,1,1,1
quadrotor_1_1em2,quadrotor,1,1em2,100,0.02610907683566288,0.0773100095892768,0.06233154296874999,,1,,1
quadrotor_1_1em4,quadrotor,1,1em4,100,0.0002180216532006174,0.0010219361773359248,0.0004660034179687633,1,1,1,1
quadrotor_1_1em6,quadrotor,1,1em6,100,9.049066308053355e-06,9.049066308053355e-06,9.049066308053355e-06,1,1,1,1
quadrotor_1_1em8,quadrotor,1,1em8,72,3.0432325537343985e-07,3.0432325537343985e-07,0.00011764526367186168,1,1,1,1
quadrotor_2_0,quadrotor,2,0,56,1.546851535749738e-11,1.546851535749738e-11,4.0008544921921185e-05,1,1,1,1
quadrotor_2_1em2,quadrotor,2,1em2,100,0.010791198730468743,0.05208522474836308,0.013469116210937493,,1,,1
quadrotor_2_1em4,quadrotor,2,1em4,100,0.0006174011230468679,0.001220560251757874,0.001202209472656257,1,1,1,1
quadrotor_2_1em6,quadrotor,2,1em6,100,6.221115802063082e-06,3.807830995061767e-05,0.0005422668457031321,1,1,1,1
quadrotor_2_1em8,quadrotor,2,1em8,82,1.736230620386081e-07,1.736230620386081e-07,4.7637939453171185e-05,1,1,1,1
quadrotor_3_0,quadrotor,3,0,49,1.7116030814889882e-12,1.7116030814889882e-12,0.0001649780273437207,1,1,1,1
quadrotor_3_1em2,quadrotor,3,1em2,100,0.01196575927734378,0.5565408647291784,0.01965618896484378,,74,,1
quadrotor_3_1em4,quadrotor,3,1em4,100,5.46675813469788e-05,5.46675813469788e-05,0.00010632324218751155,1,1,1,1
quadrotor_3_1em6,quadrotor,3,1em6,100,1.2891371340750801e-05,1.291621399912568e-05,0.0010023193359375293,1,1,1,1
quadrotor_3_1em8,quadrotor,3,1em8,96,1.5308529039970153e-06,1.5308529039970153e-06,8.868408203122069e-05,1,1,1,1
quadrotor_4_0,quadrotor,4,0,65,3.9612757518625585e-12,3.9612757518625585e-12,9.967041015623845e-05,1,1,1,1
quadrotor_4_1em2,quadrotor,4,1em2,100,0.0022857971191406756,0.09590928633707008,0.0022857971191406756,69,1,1,1
quadrotor_4_1em4,quadrotor,4,1em4,100,0.000410831147987345,0.000410831147987345,0.0010981445312500115,1,1,1,1
quadrotor_4_1em6,quadrotor,4,1em6,100,6.197268286212143e-06,6.197268286212143e-06,3.0029296875011546e-05,1,1,1,1
quadrotor_4_1em8,quadrotor,4,1em8,60,1.1667171806450938e-06,1.1667171806450938e-06,2.5909423828074374e-05,1,1,1,1
quadrotor_5_0,quadrotor,5,0,69,2.3600066345608184e-11,2.3600066345608184e-11,6.14318847655948e-05,1,1,1,1
quadrotor_5_1em2,quadrotor,5,1em2,100,0.013533846429566121,0.02840286825880678,0.031524261474609405,,1,,1
quadrotor_5_1em4,quadrotor,5,1em4,100,0.0001483764648437802,0.0002815539908648246,0.0012096557617187198,1,1,1,1
quadrotor_5_1em6,quadrotor,5,1em6,100,2.57335781604362e-05,6.864099736592078e-05,0.0002818908691406552,1,1,1,1
quadrotor_5_1em8,quadrotor,5,1em8,73,1.4384717645921086e-06,1.4384717645921086e-06,9.49707031250302e-05,1,1,1,1
quadrotor_6_0,quadrotor,6,0,45,9.402700840155376e-12,9.402700840155376e-12,2.722167968749467e-05,1,1,1,1
quadrotor_6_1em2,quadrotor,6,1em2,100,0.0011509704589843794,0.1145464541505381,0.0023455200195312553,64,3,1,1
quadrotor_6_1em4,quadrotor,6,1em4,100,0.00023191211713247117,0.00023191211713247117,0.0009798583984375053,1,1,1,1
quadrotor_6_1em6,quadrotor,6,1em6,100,8.105969234561972e-06,8.906738340419551e-06,0.00043054199218750533,1,1,1,1
quadrotor_6_1em8,quadrotor,6,1em8,60,8.277800134237623e-08,8.277800134237623e-08,2.3071289062481792e-05,1,1,1,1
quadrotor_7_0,quadrotor,7,0,51,2.6282198639648868e-11,2.6282198639648868e-11,4.278564453125133e-05,1,1,1,1
quadrotor_7_1em2,quadrotor,7,1em2,100,0.007254852294921843,0.03221770889223713,0.009082092285156218,84,1,1,1
quadrotor_7_1em4,quadrotor,7,1em4,100,0.00013281249999996803,0.0005630530377366272,0.000561462402343782,1,1,1,1
quadrotor_7_1em6,quadrotor,7,1em6,100,5.88803591439202e-06,5.88803591439202e-06,8.309936523437367e-05,1,1,1,1
quadrotor_7_1em8,quadrotor,7,1em8,77,5.502771019960662e-07,5.502771019960662e-07,4.1259765624968026e-05,1,1,1,1
quadrotor_8_0,quadrotor,8,0,58,7.1314065763772305e-12,7.1314065763772305e-12,2.4734497070313943e-05,1,1,1,1
quadrotor_8_1em2,quadrotor,8,1em2,100,0.01722520446777344,0.05894884364544209,0.017923294067382814,,1,,1
quadrotor_8_1em4,quadrotor,8,1em4,100,0.00011313149749814233,0.00011313149749814233,0.00018316650390624856,1,1,1,1
quadrotor_8_1em6,quadrotor,8,1em6,100,1.0086059570313388e-05,1.9457593530614048e-05,0.00015188598632809303,1,1,1,1
quadrotor_8_1em8,quadrotor,8,1em8,96,1.13957954739341e-07,1.13957954739341e-07,1.4556884765593026e-05,1,1,1,1
quadrotor_9_0,quadrotor,9,0,60,7.424677539447089e-11,7.424677539447089e-11,0.00010562133789060457,1,1,1,1
quadrotor_9_1em2,quadrotor,9,1em2,100,0.008278900722596627,0.04409709437514786,0.02523541259765627,3,1,23,1
quadrotor_9_1em4,quadrotor,9,1em4,100,0.0005696411132812829,0.004001547208946132,0.00393176269531248,1,1,1,1
quadrotor_9_1em6,quadrotor,9,1em6,100,6.375650641654573e-06,6.375650641654573e-06,0.0008075256347656046,1,1,1,1
quadrotor_9_1em8,quadrotor,9,1em8,76,1.516976644300172e-07,1.516976644300172e-07,8.129882812502043e-05,1,1,1,1
repressilator_0_0,repressilator,0,0,100,1.8851586958135158e-13,1.8851586958135158e-13,1.8851586958135158e-13,1,1,1,1
repressilator_0_1em2,repressilator,0,1em2,100,0.007380130512408045,0.13114112586744553,0.007380130512408045,89,7,1,1
repressilator_0_1em4,repressilator,0,1em4,100,0.00012360492848917382,0.008773405956404745,0.00012360492848917382,1,1,1,1
repressilator_0_1em6,repressilator,0,1em6,100,6.611384618659955e-07,6.611384618659955e-07,6.611384618659955e-07,1,1,1,1
repressilator_0_1em8,repressilator,0,1em8,100,6.6005845233974014e-09,6.6005845233974014e-09,6.6005845233974014e-09,1,1,1,1
repressilator_1_0,repressilator,1,0,100,2.166822277160918e-12,2.166822277160918e-12,2.166822277160918e-12,1,1,1,1
repressilator_1_1em2,repressilator,1,1em2,100,0.026054730456438024,0.06466831343664714,0.06466831343664714,,1,,1
repressilator_1_1em4,repressilator,1,1em4,100,8.72487011721601e-05,0.0034834775841709464,8.72487011721601e-05,1,1,1,1
repressilator_1_1em6,repressilator,1,1em6,100,1.340513664183085e-06,1.340513664183085e-06,1.340513664183085e-06,1,1,1,1
repressilator_1_1em8,repressilator,1,1em8,100,1.0293900953861623e-08,1.0293900953861623e-08,1.0293900953861623e-08,1,1,1,1
repressilator_2_0,repressilator,2,0,100,2.1782575743145571e-13,2.1782575743145571e-13,2.1782575743145571e-13,1,1,1,1
repressilator_2_1em2,repressilator,2,1em2,100,0.07194563594300041,0.11632094565290252,0.11632094565290252,,5,,5
repressilator_2_1em4,repressilator,2,1em4,100,0.000355217588073109,0.0014011462552535603,0.000355217588073109,1,1,1,1
repressilator_2_1em6,repressilator,2,1em6,100,2.9407597561537102e-06,2.9407597561537102e-06,2.9407597561537102e-06,1,1,1,1
repressilator_2_1em8,repressilator,2,1em8,100,1.96076177516602e-08,1.96076177516602e-08,1.96076177516602e-08,1,1,1,1
repressilator_3_0,repressilator,3,0,100,1.6225909504896663e-13,1.6225909504896663e-13,1.6225909504896663e-13,1,1,1,1
repressilator_3_1em2,repressilator,3,1em2,100,0.006769408947994382,0.006769408947994382,0.007818616495737285,1,1,1,1
repressilator_3_1em4,repressilator,3,1em4,100,3.8320661824159385e-05,0.00154476097839501,3.8320661824159385e-05,1,1,1,1
repressilator_3_1em6,repressilator,3,1em6,100,7.441863267843019e-07,7.441863267843019e-07,7.441863267843019e-07,1,1,1,1
repressilator_3_1em8,repressilator,3,1em8,100,1.2321782899560318e-08,1.2321782899560318e-08,1.2321782899560318e-08,1,1,1,1
repressilator_4_0,repressilator,4,0,100,1.1113332476497817e-13,1.1113332476497817e-13,1.1113332476497817e-13,1,1,1,1
repressilator_4_1em2,repressilator,4,1em2,100,0.05803838135265238,0.20121758697828895,0.20121758697828895,,3,,3
repressilator_4_1em4,repressilator,4,1em4,100,0.0001746177105707014,0.002176249620799542,0.0001746177105707014,1,1,1,1
repressilator_4_1em6,repressilator,4,1em6,100,7.06615532974908e-07,7.06615532974908e-07,7.06615532974908e-07,1,1,1,1
repressilator_4_1em8,repressilator,4,1em8,100,2.0897243602213678e-08,2.0897243602213678e-08,2.0897243602213678e-08,1,1,1,1
repressilator_5_0,repressilator,5,0,100,1.2301271112846734e-12,1.2301271112846734e-12,1.2301271112846734e-12,1,1,1,1
repressilator_5_1em2,repressilator,5,1em2,100,0.01391912169171905,0.03710763276181839,0.01391912169171905,,1,,1
repressilator_5_1em4,repressilator,5,1em4,100,5.149893105538261e-05,0.002327781189461531,5.149893105538261e-05,1,1,1,1
repressilator_5_1em6,repressilator,5,1em6,100,1.4579247610280177e-06,1.4579247610280177e-06,1.4579247610280177e-06,1,1,1,1
repressilator_5_1em8,repressilator,5,1em8,100,9.541338163998603e-09,9.541338163998603e-09,9.541338163998603e-09,1,1,1,1
repressilator_6_0,repressilator,6,0,100,2.162714451969805e-13,2.162714451969805e-13,2.162714451969805e-13,1,1,1,1
repressilator_6_1em2,repressilator,6,1em2,100,0.0857352156545099,0.38072199044859234,0.45836935270008994,,29,,19
repressilator_6_1em4,repressilator,6,1em4,100,0.0003157671205217816,0.002601511628083919,0.0003157671205217816,1,1,1,1
repressilator_6_1em6,repressilator,6,1em6,100,3.1774618640678653e-06,3.1774618640678653e-06,3.1774618640678653e-06,1,1,1,1
repressilator_6_1em8,repressilator,6,1em8,100,1.055347180756172e-07,1.055347180756172e-07,1.055347180756172e-07,1,1,1,1
repressilator_7_0,repressilator,7,0,100,2.4188429037508286e-12,2.4188429037508286e-12,2.4188429037508286e-12,1,1,1,1
repressilator_7_1em2,repressilator,7,1em2,100,0.021447348555155732,0.06364008983823366,0.06364008983823366,,1,,1
repressilator_7_1em4,repressilator,7,1em4,100,0.0002691127088515488,0.0023583842680844347,0.0002691127088515488,1,1,1,1
repressilator_7_1em6,repressilator,7,1em6,100,1.141418933703342e-06,1.141418933703342e-06,1.141418933703342e-06,1,1,1,1
repressilator_7_1em8,repressilator,7,1em8,100,3.3240338259687974e-08,3.3240338259687974e-08,3.3240338259687974e-08,1,1,1,1
repressilator_8_0,repressilator,8,0,100,4.75175454539567e-14,4.75175454539567e-14,4.75175454539567e-14,1,1,1,1
repressilator_8_1em2,repressilator,8,1em2,100,0.048627017803407724,0.048627017803407724,0.048627017803407724,,1,,1
repressilator_8_1em4,repressilator,8,1em4,100,0.0002153490061692631,0.002158299862112134,0.0002153490061692631,1,1,1,1
repressilator_8_1em6,repressilator,8,1em6,100,2.866934392109499e-07,2.866934392109499e-07,2.866934392109499e-07,1,1,1,1
repressilator_8_1em8,repressilator,8,1em8,100,1.2140626115542119e-08,1.2140626115542119e-08,1.2140626115542119e-08,1,1,1,1
repressilator_9_0,repressilator,9,0,100,1.0235146064019318e-12,1.0235146064019318e-12,1.0235146064019318e-12,1,1,1,1
repressilator_9_1em2,repressilator,9,1em2,100,0.0371916008604094,0.05216717529531478,0.05216717529531478,,1,,1
repressilator_9_1em4,repressilator,9,1em4,100,0.0001634521351282503,0.002234796623679536,0.0001634521351282503,1,1,1,1
repressilator_9_1em6,repressilator,9,1em6,100,9.777254912357591e-07,9.777254912357591e-07,9.777254912357591e-07,1,1,1,1
repressilator_9_1em8,repressilator,9,1em8,100,1.2920146397199517e-08,1.2920146397199517e-08,1.2920146397199517e-08,1,1,1,1
seir_0_0,seir,0,0,100,1.7775780847273381e-12,1.7775780847273381e-12,1.7775780847273381e-12,1,1,1,1
seir_0_1em2,seir,0,1em2,100,0.10037444992271838,0.5977508511332562,1.473384541384239,,,,
seir_0_1em4,seir,0,1em4,100,0.05270671388040282,0.2963258344746236,0.2963258344746236,,2,,2
seir_0_1em6,seir,0,1em6,100,2.160928258343464e-05,0.04122449584230525,2.160928258343464e-05,3,1,1,1
seir_0_1em8,seir,0,1em8,100,1.230579581013025e-07,1.230579581013025e-07,1.230579581013025e-07,1,1,1,1
seir_1_0,seir,1,0,100,1.2437051388758391e-11,1.2437051388758391e-11,1.2437051388758391e-11,1,1,1,1
seir_1_1em2,seir,1,1em2,100,1.083549694138728,36.59733229599902,1.3092615711672657,,,,
seir_1_1em4,seir,1,1em4,100,0.050325611790380864,1.6561381344811852,1.6561381344811852,,2,,2
seir_1_1em6,seir,1,1em6,100,0.005312941882440025,0.008471825014994439,0.008471825014994439,1,1,1,1
seir_1_1em8,seir,1,1em8,100,6.512785468704152e-07,1.9993901700289278,1.9993901700289278,2,2,2,2
seir_2_0,seir,2,0,100,3.981037721700886e-12,3.981037721700886e-12,3.981037721700886e-12,1,1,1,1
seir_2_1em2,seir,2,1em2,100,0.19963393884332226,0.9956511543438986,0.9956511543438986,,,,
seir_2_1em4,seir,2,1em4,100,0.1296433801130965,0.37795444992093874,0.37795444992093874,,,,
seir_2_1em6,seir,2,1em6,100,0.0001560136692602132,0.03237097478987372,0.0001560136692602132,8,1,1,1
seir_2_1em8,seir,2,1em8,100,4.420098431712205e-07,4.420098431712205e-07,4.420098431712205e-07,1,1,1,1
seir_3_0,seir,3,0,100,2.930877762707951e-11,2.930877762707951e-11,2.930877762707951e-11,1,1,1,1
seir_3_1em2,seir,3,1em2,100,0.052987580412799606,0.8734808712312929,0.8734808712312929,,9,,9
seir_3_1em4,seir,3,1em4,100,0.032360959674578305,0.2780291492139141,0.2780291492139141,,15,,15
seir_3_1em6,seir,3,1em6,100,0.000263524102659618,0.014946702909092169,0.04442006264397358,5,1,2,1
seir_3_1em8,seir,3,1em8,100,7.771987886040499e-06,7.771987886040499e-06,7.771987886040499e-06,1,1,1,1
seir_4_0,seir,4,0,100,0.0019915671027724846,0.006991483438737234,0.006991483438737234,1,1,1,1
seir_4_1em2,seir,4,1em2,100,33.70836185834494,487.04430681954756,487.04430681954784,,,,
seir_4_1em4,seir,4,1em4,100,11.633496630578852,142.44320695905293,11.633496630578852,,,,
seir_4_1em6,seir,4,1em6,100,0.42891514357877697,1.869492693166564,1.869492693166564,,,,
seir_4_1em8,seir,4,1em8,100,0.027712688778606998,0.032151039394592185,0.032151039394592185,,1,,1
seir_5_0,seir,5,0,100,1.5021317523178368e-13,1.5021317523178368e-13,1.5021317523178368e-13,1,1,1,1
seir_5_1em2,seir,5,1em2,100,0.3287906111662957,5.648305197985244,0.3287906111662957,,,,
seir_5_1em4,seir,5,1em4,100,0.0018883676248794279,2.01080343326985,2.0825992311463306,66,2,2,2
seir_5_1em6,seir,5,1em6,100,4.19917173076767e-05,2.093140831525735,2.093140831525735,2,2,2,2
seir_5_1em8,seir,5,1em8,100,4.125946125865809e-07,2.0933953682984954,2.0933953682984954,2,2,2,2
seir_6_0,seir,6,0,100,1.3345554772392632e-08,1.3345554772392632e-08,1.3345554772392632e-08,1,1,1,1
seir_6_1em2,seir,6,1em2,100,0.9942421479901224,18.205222932387098,4.10582941276209,,,,
seir_6_1em4,seir,6,1em4,100,4.3499927020735205,627.5437526230453,4.3499927020735205,,,,
seir_6_1em6,seir,6,1em6,100,0.05977773773462236,4.002865816200937,0.05977773773462236,,19,,1
seir_6_1em8,seir,6,1em8,100,0.005280866150415453,0.005280866150415453,0.005280866150415453,1,1,1,1
seir_7_0,seir,7,0,100,3.8223090859101916e-08,0.6312036571344467,0.6312036571344467,2,2,2,2
seir_7_1em2,seir,7,1em2,100,2.8386725509332047,84.18598254490315,2.8386725509332047,,,,
seir_7_1em4,seir,7,1em4,100,0.08806501808625894,4.865571464623001,4.865571464623001,,11,,7
seir_7_1em6,seir,7,1em6,100,0.003081870182801816,0.010602794970531293,0.008881349243477887,3,1,1,1
seir_7_1em8,seir,7,1em8,100,4.061196896726349e-05,4.061196896726349e-05,4.061196896726349e-05,1,1,1,1
seir_8_0,seir,8,0,100,2.7126959419865315e-06,2.1173466204393865e-05,2.1173466204393865e-05,1,1,1,1
seir_8_1em2,seir,8,1em2,100,10.36967441119355,2554.4229723804096,199.6851836563622,,,,
seir_8_1em4,seir,8,1em4,100,6.902283386469334,281.11554124328717,199.19174962937873,,,,
seir_8_1em6,seir,8,1em6,100,0.13565227826504728,0.9238698904456933,0.9238698904456933,,,,
seir_8_1em8,seir,8,1em8,100,0.0031540264981828603,0.0031540264981828603,0.0031540264981828603,1,1,1,1
seir_9_0,seir,9,0,100,8.41826608422025e-12,8.41826608422025e-12,8.41826608422025e-12,1,1,1,1
seir_9_1em2,seir,9,1em2,100,0.40409654045833754,0.8877460865969778,0.8877460865969778,,,,
seir_9_1em4,seir,9,1em4,100,0.03291453547511014,0.03976538706850785,0.03976538706850785,,1,,1
seir_9_1em6,seir,9,1em6,100,0.00011694793526861869,0.01405645798224786,0.00011694793526861869,3,1,1,1
seir_9_1em8,seir,9,1em8,100,6.156684621005937e-07,0.07635783891629211,0.07635783891629211,2,1,2,1
sirt_treatment_0_0,sirt_treatment,0,0,100,2.8033131371785203e-12,2.8033131371785203e-12,2.8033131371785203e-12,1,1,1,1
sirt_treatment_0_1em2,sirt_treatment,0,1em2,100,0.28318745751144836,0.611547439232098,0.740511431836196,,,,
sirt_treatment_0_1em4,sirt_treatment,0,1em4,100,0.024302175356339606,0.14102306538428294,0.024302175356339606,,2,,1
sirt_treatment_0_1em6,sirt_treatment,0,1em6,100,1.0760535096215884e-05,0.0027343252718642075,1.0760535096215884e-05,1,1,1,1
sirt_treatment_0_1em8,sirt_treatment,0,1em8,100,2.3695255751965405e-07,2.3695255751965405e-07,2.3695255751965405e-07,1,1,1,1
sirt_treatment_1_0,sirt_treatment,1,0,100,3.533284775869561e-14,3.533284775869561e-14,3.533284775869561e-14,1,1,1,1
sirt_treatment_1_1em2,sirt_treatment,1,1em2,100,0.19357993162998816,0.8336238517048655,0.34821793974344795,,,,
sirt_treatment_1_1em4,sirt_treatment,1,1em4,100,0.017181196413590616,0.029466588271817862,0.029466588271817862,,1,,1
sirt_treatment_1_1em6,sirt_treatment,1,1em6,100,1.151597337489818e-06,0.0003339126050354302,1.151597337489818e-06,1,1,1,1
sirt_treatment_1_1em8,sirt_treatment,1,1em8,100,7.635903057079396e-08,7.635903057079396e-08,7.635903057079396e-08,1,1,1,1
sirt_treatment_2_0,sirt_treatment,2,0,100,2.038347268751295e-11,2.038347268751295e-11,2.038347268751295e-11,1,1,1,1
sirt_treatment_2_1em2,sirt_treatment,2,1em2,100,0.25911574004349414,0.25911574004349414,0.25911574004349414,,,,
sirt_treatment_2_1em4,sirt_treatment,2,1em4,100,0.022657712978198075,0.04067200042492497,0.04067200042492497,,1,,1
sirt_treatment_2_1em6,sirt_treatment,2,1em6,100,4.4550272689236614e-05,0.0003067429093261964,0.0003067429093261964,1,1,1,1
sirt_treatment_2_1em8,sirt_treatment,2,1em8,100,3.46535584228036e-07,3.46535584228036e-07,3.46535584228036e-07,1,1,1,1
sirt_treatment_3_0,sirt_treatment,3,0,100,3.377853552422039e-13,3.377853552422039e-13,3.377853552422039e-13,1,1,1,1
sirt_treatment_3_1em2,sirt_treatment,3,1em2,100,0.07624488564503396,0.9055232912824688,0.9055232912824688,,11,,8
sirt_treatment_3_1em4,sirt_treatment,3,1em4,100,0.0022834727773756724,0.03799880477582673,0.03799880477582673,9,1,9,1
sirt_treatment_3_1em6,sirt_treatment,3,1em6,100,1.3397460763120428e-05,0.00038196776094090445,1.3397460763120428e-05,1,1,1,1
sirt_treatment_3_1em8,sirt_treatment,3,1em8,100,7.70724077336915e-08,7.70724077336915e-08,7.70724077336915e-08,1,1,1,1
sirt_treatment_4_0,sirt_treatment,4,0,100,1.638023050531956e-12,1.638023050531956e-12,1.638023050531956e-12,1,1,1,1
sirt_treatment_4_1em2,sirt_treatment,4,1em2,100,0.6699833949098324,1.3839290007646592,0.864295392667614,,,,
sirt_treatment_4_1em4,sirt_treatment,4,1em4,100,0.0008797425516648971,0.20528188569494377,0.0008797425516648971,77,2,1,1
sirt_treatment_4_1em6,sirt_treatment,4,1em6,100,9.27920775373181e-06,0.0010913940681094303,9.27920775373181e-06,1,1,1,1
sirt_treatment_4_1em8,sirt_treatment,4,1em8,100,1.4164142203565433e-07,1.4164142203565433e-07,1.4164142203565433e-07,1,1,1,1
sirt_treatment_5_0,sirt_treatment,5,0,100,3.2307490016592055e-14,3.2307490016592055e-14,3.2307490016592055e-14,1,1,1,1
sirt_treatment_5_1em2,sirt_treatment,5,1em2,100,0.1437847595131955,0.7762851781584877,0.7762851781584877,,,,
sirt_treatment_5_1em4,sirt_treatment,5,1em4,100,0.019621364865930302,0.027236580387216824,0.027236580387216824,,1,,1
sirt_treatment_5_1em6,sirt_treatment,5,1em6,100,3.108006280327924e-05,0.00028962868007098574,3.108006280327924e-05,1,1,1,1
sirt_treatment_5_1em8,sirt_treatment,5,1em8,100,1.057185086694723e-07,1.057185086694723e-07,1.057185086694723e-07,1,1,1,1
sirt_treatment_6_0,sirt_treatment,6,0,100,1.921796055626146e-13,1.921796055626146e-13,1.921796055626146e-13,1,1,1,1
sirt_treatment_6_1em2,sirt_treatment,6,1em2,100,0.36413893499956096,0.9779168766753283,0.9779168766753283,,,,
sirt_treatment_6_1em4,sirt_treatment,6,1em4,100,0.00819978852779335,0.04968499656895198,0.04968499656895198,40,1,40,1
sirt_treatment_6_1em6,sirt_treatment,6,1em6,100,3.7260370977176827e-05,0.0016946176905917598,3.7260370977176827e-05,1,1,1,1
sirt_treatment_6_1em8,sirt_treatment,6,1em8,100,4.3686636552742186e-07,4.3686636552742186e-07,4.3686636552742186e-07,1,1,1,1
sirt_treatment_7_0,sirt_treatment,7,0,100,4.219036231489781e-11,4.219036231489781e-11,4.219036231489781e-11,1,1,1,1
sirt_treatment_7_1em2,sirt_treatment,7,1em2,100,0.07755776103759304,0.13013580701747907,0.13013580701747907,,24,,20
sirt_treatment_7_1em4,sirt_treatment,7,1em4,100,0.0029741083591061646,0.06879256051856875,0.06879256051856875,22,1,22,1
sirt_treatment_7_1em6,sirt_treatment,7,1em6,100,0.0001144878250074477,0.0014221420051458988,0.0014221420051458988,1,1,1,1
sirt_treatment_7_1em8,sirt_treatment,7,1em8,100,3.292109285846223e-06,3.292109285846223e-06,3.292109285846223e-06,1,1,1,1
sirt_treatment_8_0,sirt_treatment,8,0,100,1.1926015730523432e-12,1.1926015730523432e-12,1.1926015730523432e-12,1,1,1,1
sirt_treatment_8_1em2,sirt_treatment,8,1em2,100,0.5376078630360391,1.234663208481352,1.234663208481352,,,,
sirt_treatment_8_1em4,sirt_treatment,8,1em4,100,0.0007210228460470258,0.006314091606125283,0.006314091606125283,1,1,1,1
sirt_treatment_8_1em6,sirt_treatment,8,1em6,100,0.00011703349036173982,0.00021033344821547173,0.00021033344821547173,1,1,1,1
sirt_treatment_8_1em8,sirt_treatment,8,1em8,100,4.458210022262321e-07,4.458210022262321e-07,4.458210022262321e-07,1,1,1,1
sirt_treatment_9_0,sirt_treatment,9,0,100,8.401612738850872e-14,8.401612738850872e-14,8.401612738850872e-14,1,1,1,1
sirt_treatment_9_1em2,sirt_treatment,9,1em2,100,0.12353438572703129,1.499203573541448,1.499203573541448,,,,
sirt_treatment_9_1em4,sirt_treatment,9,1em4,100,0.005578769177920578,0.03823562050626267,0.03823562050626267,10,1,10,1
sirt_treatment_9_1em6,sirt_treatment,9,1em6,100,1.0900405620295484e-05,0.0005528572478555316,1.0900405620295484e-05,1,1,1,1
sirt_treatment_9_1em8,sirt_treatment,9,1em8,100,3.493417360944662e-08,3.493417360944662e-08,3.493417360944662e-08,1,1,1,1
slow_fast_0_0,slow_fast,0,0,100,1.4432899320127035e-14,1.4432899320127035e-14,1.4432899320127035e-14,1,1,1,1
slow_fast_0_1em2,slow_fast,0,1em2,100,0.031640609339078696,0.05317671240736313,0.05317671240736313,,1,,1
slow_fast_0_1em4,slow_fast,0,1em4,100,0.0004688466095360555,0.0006388300618998394,0.0004688466095360555,1,1,1,1
slow_fast_0_1em6,slow_fast,0,1em6,100,1.2855506589665167e-06,1.2855506589665167e-06,1.2855506589665167e-06,1,1,1,1
slow_fast_0_1em8,slow_fast,0,1em8,100,2.7904402455369848e-08,2.7904402455369848e-08,2.7904402455369848e-08,1,1,1,1
slow_fast_1_0,slow_fast,1,0,100,3.4574565432876625e-12,3.4574565432876625e-12,3.4574565432876625e-12,1,1,1,1
slow_fast_1_1em2,slow_fast,1,1em2,100,0.023042601889935233,1.0770723421788801,0.19747369766651568,,10,,5
slow_fast_1_1em4,slow_fast,1,1em4,100,0.0008090247806314954,0.9779137135276676,0.0026178699683528928,2,2,1,1
slow_fast_1_1em6,slow_fast,1,1em6,100,1.4419932540810088e-06,1.4419932540810088e-06,1.4419932540810088e-06,1,1,1,1
slow_fast_1_1em8,slow_fast,1,1em8,100,2.9525596190183023e-08,2.9525596190183023e-08,2.9525596190183023e-08,1,1,1,1
slow_fast_2_0,slow_fast,2,0,100,3.560485239972877e-13,3.560485239972877e-13,3.560485239972877e-13,1,1,1,1
slow_fast_2_1em2,slow_fast,2,1em2,100,0.010822268191580997,0.03076836732255042,0.03076836732255042,,1,,1
slow_fast_2_1em4,slow_fast,2,1em4,100,0.00032318015105428644,0.001423333030310281,0.001423333030310281,1,1,1,1
slow_fast_2_1em6,slow_fast,2,1em6,100,5.549486598033226e-07,5.549486598033226e-07,5.549486598033226e-07,1,1,1,1
slow_fast_2_1em8,slow_fast,2,1em8,100,6.073137548412433e-09,6.073137548412433e-09,6.073137548412433e-09,1,1,1,1
slow_fast_3_0,slow_fast,3,0,100,2.5587310048535983e-12,2.5587310048535983e-12,2.5587310048535983e-12,1,1,1,1
slow_fast_3_1em2,slow_fast,3,1em2,100,0.1534334506839301,0.2917194862550676,0.2917194862550676,,,,
slow_fast_3_1em4,slow_fast,3,1em4,100,0.002917207656774723,0.004011201357903893,0.004011201357903893,1,1,1,1
slow_fast_3_1em6,slow_fast,3,1em6,100,2.9286560304653264e-05,8.798206190951952e-05,8.798206190951952e-05,1,1,1,1
slow_fast_3_1em8,slow_fast,3,1em8,100,4.510692325210286e-07,4.510692325210286e-07,4.510692325210286e-07,1,1,1,1
slow_fast_4_0,slow_fast,4,0,100,3.8691272408186705e-13,3.8691272408186705e-13,3.8691272408186705e-13,1,1,1,1
slow_fast_4_1em2,slow_fast,4,1em2,100,0.016747391981580706,1.933113594333303,0.016747391981580706,,2,,1
slow_fast_4_1em4,slow_fast,4,1em4,100,0.0005804351123764873,0.0029452862256836854,0.0029452862256836854,1,1,1,1
slow_fast_4_1em6,slow_fast,4,1em6,100,1.8882775767448123e-06,1.8882775767448123e-06,1.8882775767448123e-06,1,1,1,1
slow_fast_4_1em8,slow_fast,4,1em8,100,8.121283534556767e-08,8.121283534556767e-08,8.121283534556767e-08,1,1,1,1
slow_fast_5_0,slow_fast,5,0,100,8.661182882008234e-12,8.661182882008234e-12,8.661182882008234e-12,1,1,1,1
slow_fast_5_1em2,slow_fast,5,1em2,100,0.046936614835623613,0.5464840378729583,0.5464840378729583,,4,,4
slow_fast_5_1em4,slow_fast,5,1em4,100,0.0007303171169611988,0.2891900042529501,0.2891900042529501,2,2,2,2
slow_fast_5_1em6,slow_fast,5,1em6,100,1.946318816559156e-06,0.2828541626275904,0.2828541626275904,2,2,2,2
slow_fast_5_1em8,slow_fast,5,1em8,100,6.518922701648222e-08,0.28285516828319685,0.28285516828319685,2,2,2,2
slow_fast_6_0,slow_fast,6,0,100,1.701971896750365e-13,1.701971896750365e-13,1.701971896750365e-13,1,1,1,1
slow_fast_6_1em2,slow_fast,6,1em2,100,0.030868387296040578,0.048906790800335664,0.048906790800335664,,1,,1
slow_fast_6_1em4,slow_fast,6,1em4,100,0.0005360265418269117,10.790833168220415,0.0008320220168575032,2,2,1,1
slow_fast_6_1em6,slow_fast,6,1em6,100,2.570608486074377e-06,2.570608486074377e-06,2.570608486074377e-06,1,1,1,1
slow_fast_6_1em8,slow_fast,6,1em8,100,3.637402712364235e-09,3.637402712364235e-09,3.637402712364235e-09,1,1,1,1
slow_fast_7_0,slow_fast,7,0,100,8.379408278358369e-12,8.379408278358369e-12,8.379408278358369e-12,1,1,1,1
slow_fast_7_1em2,slow_fast,7,1em2,100,0.05631416877403639,0.8471059076981975,0.18641897705248356,,40,,15
slow_fast_7_1em4,slow_fast,7,1em4,100,0.0008528028793800546,0.010979101124182322,0.010979101124182322,3,1,2,1
slow_fast_7_1em6,slow_fast,7,1em6,100,9.043181510959286e-06,3.531444734317102e-05,3.531444734317102e-05,1,1,1,1
slow_fast_7_1em8,slow_fast,7,1em8,100,2.4576029211687e-07,2.4576029211687e-07,2.4576029211687e-07,1,1,1,1
slow_fast_8_0,slow_fast,8,0,100,1.1614043060603763e-12,1.1614043060603763e-12,1.1614043060603763e-12,1,1,1,1
slow_fast_8_1em2,slow_fast,8,1em2,100,0.04383041024735557,0.75981499454685,0.75981499454685,,5,,3
slow_fast_8_1em4,slow_fast,8,1em4,100,0.0017252762915930808,1.1091429843141223,0.0038600035157294044,2,2,1,1
slow_fast_8_1em6,slow_fast,8,1em6,100,5.939269796195745e-06,4.777244996223562e-05,4.777244996223562e-05,1,1,1,1
slow_fast_8_1em8,slow_fast,8,1em8,100,6.444371202229959e-07,6.444371202229959e-07,6.444371202229959e-07,1,1,1,1
slow_fast_9_0,slow_fast,9,0,100,1.8075541063922174e-12,1.8075541063922174e-12,1.8075541063922174e-12,1,1,1,1
slow_fast_9_1em2,slow_fast,9,1em2,100,0.06720140960283272,0.2734210175728967,0.2734210175728967,,5,,3
slow_fast_9_1em4,slow_fast,9,1em4,100,0.003912085227656625,0.9551758295446867,0.004656561211350496,2,2,1,1
slow_fast_9_1em6,slow_fast,9,1em6,100,6.312268941144339e-05,6.312268941144339e-05,6.312268941144339e-05,1,1,1,1
slow_fast_9_1em8,slow_fast,9,1em8,100,3.3600905946507e-08,3.3600905946507e-08,3.3600905946507e-08,1,1,1,1
vanderpol_0_0,vanderpol,0,0,93,1.5987211554602254e-14,1.5987211554602254e-14,1.5987211554602254e-14,1,1,1,1
vanderpol_0_1em2,vanderpol,0,1em2,100,2.678777200337823e-05,0.0012736912879116047,2.678777200337823e-05,1,1,1,1
vanderpol_0_1em4,vanderpol,0,1em4,100,4.4902135448721125e-07,4.4902135448721125e-07,4.4902135448721125e-07,1,1,1,1
vanderpol_0_1em6,vanderpol,0,1em6,100,7.450837835598634e-09,7.450837835598634e-09,7.450837835598634e-09,1,1,1,1
vanderpol_0_1em8,vanderpol,0,1em8,95,1.3528872466750386e-11,1.3528872466750386e-11,1.3528872466750386e-11,1,1,1,1
vanderpol_1_0,vanderpol,1,0,82,2.9753977059954195e-14,2.9753977059954195e-14,2.9753977059954195e-14,1,1,1,1
vanderpol_1_1em2,vanderpol,1,1em2,100,9.020161691564166e-05,0.00022299350168583643,0.00012391106723308454,1,1,1,1
vanderpol_1_1em4,vanderpol,1,1em4,100,7.929849713539383e-07,7.929849713539383e-07,7.929849713539383e-07,1,1,1,1
vanderpol_1_1em6,vanderpol,1,1em6,93,2.2579823344415217e-08,2.2579823344415217e-08,2.2579823344415217e-08,1,1,1,1
vanderpol_1_1em8,vanderpol,1,1em8,85,8.36459790320987e-11,8.36459790320987e-11,8.36459790320987e-11,1,1,1,1
vanderpol_2_0,vanderpol,2,0,94,1.2356782264077992e-13,1.2356782264077992e-13,1.2356782264077992e-13,1,1,1,1
vanderpol_2_1em2,vanderpol,2,1em2,100,0.0002439169424260923,0.0006067330632727463,0.0002439169424260923,1,1,1,1
vanderpol_2_1em4,vanderpol,2,1em4,100,1.008532078294877e-06,1.008532078294877e-06,1.008532078294877e-06,1,1,1,1
vanderpol_2_1em6,vanderpol,2,1em6,100,4.1426111430098445e-09,4.1426111430098445e-09,4.1426111430098445e-09,1,1,1,1
vanderpol_2_1em8,vanderpol,2,1em8,100,1.6448031825433418e-10,1.6448031825433418e-10,1.6448031825433418e-10,1,1,1,1
vanderpol_3_0,vanderpol,3,0,100,3.352873534367973e-14,3.352873534367973e-14,3.352873534367973e-14,1,1,1,1
vanderpol_3_1em2,vanderpol,3,1em2,100,9.558578788498862e-05,0.004304762001659024,9.558578788498862e-05,1,1,1,1
vanderpol_3_1em4,vanderpol,3,1em4,100,1.9350547376117966e-06,2.9765299388695432e-05,1.9350547376117966e-06,1,1,1,1
vanderpol_3_1em6,vanderpol,3,1em6,100,9.08228753315754e-09,9.08228753315754e-09,9.08228753315754e-09,1,1,1,1
vanderpol_3_1em8,vanderpol,3,1em8,95,1.7228418691672687e-10,1.7228418691672687e-10,1.7228418691672687e-10,1,1,1,1
vanderpol_4_0,vanderpol,4,0,81,9.645062526431047e-15,9.645062526431047e-15,9.645062526431047e-15,1,1,1,1
vanderpol_4_1em2,vanderpol,4,1em2,100,2.1472863268590103e-06,3.4252584457439283e-05,2.1472863268590103e-06,1,1,1,1
vanderpol_4_1em4,vanderpol,4,1em4,100,1.5079270877793594e-07,1.5079270877793594e-07,1.5079270877793594e-07,1,1,1,1
vanderpol_4_1em6,vanderpol,4,1em6,98,1.0420542068123595e-09,1.0420542068123595e-09,1.0420542068123595e-09,1,1,1,1
vanderpol_4_1em8,vanderpol,4,1em8,81,1.181166275898704e-11,1.181166275898704e-11,1.181166275898704e-11,1,1,1,1
vanderpol_5_0,vanderpol,5,0,100,2.3647750424515834e-14,2.3647750424515834e-14,2.3647750424515834e-14,1,1,1,1
vanderpol_5_1em2,vanderpol,5,1em2,100,0.009229051159103885,0.009229051159103885,0.009229051159103885,1,1,1,1
vanderpol_5_1em4,vanderpol,5,1em4,100,7.573012776707078e-06,0.0005360668367476451,7.573012776707078e-06,1,1,1,1
vanderpol_5_1em6,vanderpol,5,1em6,100,2.530451500004638e-07,2.530451500004638e-07,2.530451500004638e-07,1,1,1,1
vanderpol_5_1em8,vanderpol,5,1em8,100,4.820056576093634e-10,4.820056576093634e-10,4.820056576093634e-10,1,1,1,1
vanderpol_6_0,vanderpol,6,0,92,1.2323475573339238e-14,1.2323475573339238e-14,1.2323475573339238e-14,1,1,1,1
vanderpol_6_1em2,vanderpol,6,1em2,100,6.410455482611099e-05,0.0010868772012246064,6.410455482611099e-05,1,1,1,1
vanderpol_6_1em4,vanderpol,6,1em4,100,4.653330852033566e-07,4.653330852033566e-07,4.653330852033566e-07,1,1,1,1
vanderpol_6_1em6,vanderpol,6,1em6,100,3.690130251365886e-08,3.690130251365886e-08,3.690130251365886e-08,1,1,1,1
vanderpol_6_1em8,vanderpol,6,1em8,100,3.9985237343387325e-11,3.9985237343387325e-11,3.9985237343387325e-11,1,1,1,1
vanderpol_7_0,vanderpol,7,0,100,5.090372567906343e-14,5.090372567906343e-14,5.090372567906343e-14,1,1,1,1
vanderpol_7_1em2,vanderpol,7,1em2,100,6.79505248335488e-06,0.0005215269686661972,6.79505248335488e-06,1,1,1,1
vanderpol_7_1em4,vanderpol,7,1em4,100,1.4855694518978169e-07,1.4855694518978169e-07,1.4855694518978169e-07,1,1,1,1
vanderpol_7_1em6,vanderpol,7,1em6,100,1.7054145873274251e-09,1.7054145873274251e-09,1.7054145873274251e-09,1,1,1,1
vanderpol_7_1em8,vanderpol,7,1em8,100,2.8210767055725228e-12,2.8210767055725228e-12,2.8210767055725228e-12,1,1,1,1
vanderpol_8_0,vanderpol,8,0,100,4.241051954068098e-14,4.241051954068098e-14,4.241051954068098e-14,1,1,1,1
vanderpol_8_1em2,vanderpol,8,1em2,100,0.00030820100488648805,0.018448620113617364,0.00030820100488648805,3,1,1,1
vanderpol_8_1em4,vanderpol,8,1em4,100,7.465987040600197e-06,7.465987040600197e-06,7.465987040600197e-06,1,1,1,1
vanderpol_8_1em6,vanderpol,8,1em6,100,2.7976386318684376e-08,2.7976386318684376e-08,2.7976386318684376e-08,1,1,1,1
vanderpol_8_1em8,vanderpol,8,1em8,100,1.7533515750400852e-09,1.7533515750400852e-09,1.7533515750400852e-09,1,1,1,1
vanderpol_9_0,vanderpol,9,0,100,9.742207041085749e-15,9.742207041085749e-15,9.742207041085749e-15,1,1,1,1
vanderpol_9_1em2,vanderpol,9,1em2,100,0.0010287725650004464,0.00505965131752964,0.00505965131752964,1,1,1,1
vanderpol_9_1em4,vanderpol,9,1em4,100,1.46834549041297e-05,0.0011949661665118239,1.46834549041297e-05,1,1,1,1
vanderpol_9_1em6,vanderpol,9,1em6,100,2.3827384221242198e-07,2.3827384221242198e-07,2.3827384221242198e-07,1,1,1,1
vanderpol_9_1em8,vanderpol,9,1em8,100,9.43121136742775e-10,9.43121136742775e-10,9.43121136742775e-10,1,1,1,1
