cell,system,instance,noise,n_rows_06,n_rows_14,ceiling_06,ceiling_14,delta
aircraft_pitch_0_0,aircraft_pitch,0,0,339,100,4.329039904327203e-10,4.329065994568282e-10,2.609024107869118e-15
aircraft_pitch_0_1em2,aircraft_pitch,0,1em2,239,100,0.0006643114089965874,0.0016732988357543999,0.0010089874267578125
aircraft_pitch_0_1em4,aircraft_pitch,0,1em4,372,100,4.986095428466397e-05,6.754970550537642e-05,1.768875122071245e-05
aircraft_pitch_0_1em6,aircraft_pitch,0,1em6,391,100,1.5096664428559947e-06,6.39381408691353e-05,6.24284744262793e-05
aircraft_pitch_0_1em8,aircraft_pitch,0,1em8,359,100,1.383230747498132e-06,1.383231034546295e-06,2.870481630168342e-13
aircraft_pitch_1_0,aircraft_pitch,1,0,337,100,1.4238113466014113e-09,4.680552057045873e-10,-9.55756140896824e-10
aircraft_pitch_1_1em2,aircraft_pitch,1,1em2,215,100,0.01079199790954588,0.011769037246704084,0.0009770393371582031
aircraft_pitch_1_1em4,aircraft_pitch,1,1em4,334,100,1.5343666076639284e-05,1.5343666076639284e-05,0.0
aircraft_pitch_1_1em6,aircraft_pitch,1,1em6,373,100,1.1577606200963153e-06,3.260170264512974e-05,3.144394202503342e-05
aircraft_pitch_1_1em8,aircraft_pitch,1,1em8,332,100,1.1577606200963153e-06,1.3883950585491522e-05,1.2726189965395207e-05
aircraft_pitch_2_0,aircraft_pitch,2,0,335,100,5.3234795460710416e-09,2.0543478029821927e-10,-5.118044765772822e-09
aircraft_pitch_2_1em2,aircraft_pitch,2,1em2,282,100,0.012562927246093758,0.012562927246093758,0.0
aircraft_pitch_2_1em4,aircraft_pitch,2,1em4,409,100,1.183605194088333e-05,2.5328636169441587e-05,1.3492584228558258e-05
aircraft_pitch_2_1em6,aircraft_pitch,2,1em6,364,100,1.4543533325417357e-06,6.442928314209784e-05,6.29749298095561e-05
aircraft_pitch_2_1em8,aircraft_pitch,2,1em8,347,100,1.4543533325417357e-06,5.588826670255287e-05,5.443391337001113e-05
aircraft_pitch_3_0,aircraft_pitch,3,0,386,100,1.4989086527528173e-08,2.1356289070517676e-08,6.367202542989503e-09
aircraft_pitch_3_1em2,aircraft_pitch,3,1em2,388,100,0.0003060407638549867,0.00027397346496582653,-3.2067298889160156e-05
aircraft_pitch_3_1em4,aircraft_pitch,3,1em4,406,100,3.0689239501890953e-06,0.00014606189727783825,0.00014299297332764915
aircraft_pitch_3_1em6,aircraft_pitch,3,1em6,402,100,1.7757415771146867e-06,1.0409841333269831e-05,8.634099756155145e-06
aircraft_pitch_3_1em8,aircraft_pitch,3,1em8,387,100,1.7791418616130983e-07,9.782933885205125e-08,-8.008484730925858e-08
aircraft_pitch_4_0,aircraft_pitch,4,0,371,100,1.7157020248959043e-09,9.065717065936951e-10,-8.091303183022092e-10
aircraft_pitch_4_1em2,aircraft_pitch,4,1em2,306,100,0.00010955333709716797,0.0001131296157836914,3.5762786865234375e-06
aircraft_pitch_4_1em4,aircraft_pitch,4,1em4,398,100,2.0236968993891935e-06,4.815769195554154e-05,4.6133995056152344e-05
aircraft_pitch_4_1em6,aircraft_pitch,4,1em6,403,100,1.7604827881045892e-06,1.7604827881045892e-06,0.0
aircraft_pitch_4_1em8,aircraft_pitch,4,1em8,404,100,1.4131615393431218e-06,1.4131832460906324e-06,2.1706747510563673e-11
aircraft_pitch_5_0,aircraft_pitch,5,0,353,100,1.4757504354645512e-07,1.4757504354645512e-07,0.0
aircraft_pitch_5_1em2,aircraft_pitch,5,1em2,303,100,0.13697784805297852,0.13700264358520509,2.47955322265625e-05
aircraft_pitch_5_1em4,aircraft_pitch,5,1em4,370,100,0.00052863025665284,0.0009868707656860431,0.0004582405090332031
aircraft_pitch_5_1em6,aircraft_pitch,5,1em6,370,100,0.00029056930541992987,0.00029056930541992987,0.0
aircraft_pitch_5_1em8,aircraft_pitch,5,1em8,370,100,0.00026207828521729315,0.0003367033004760822,7.462501525878906e-05
aircraft_pitch_6_0,aircraft_pitch,6,0,393,100,1.0307338038639813e-09,1.1769965141406047e-08,1.0739231337542066e-08
aircraft_pitch_6_1em2,aircraft_pitch,6,1em2,261,100,0.025816254615783685,0.027507357597351068,0.0016911029815673828
aircraft_pitch_6_1em4,aircraft_pitch,6,1em4,404,100,1.0856628417932335e-05,0.00011938095092772771,0.00010852432250979538
aircraft_pitch_6_1em6,aircraft_pitch,6,1em6,405,100,1.5125274658300825e-06,6.885051727295588e-05,6.73379898071258e-05
aircraft_pitch_6_1em8,aircraft_pitch,6,1em8,412,100,1.5125274658300825e-06,9.358476092347079e-05,9.20722334576407e-05
aircraft_pitch_7_0,aircraft_pitch,7,0,348,100,2.120300324204294e-10,2.120300324204294e-10,0.0
aircraft_pitch_7_1em2,aircraft_pitch,7,1em2,237,100,0.021204579650467625,0.02120457965048894,2.1316282072803006e-14
aircraft_pitch_7_1em4,aircraft_pitch,7,1em4,339,100,6.1693191528156e-06,6.1693191528156e-06,0.0
aircraft_pitch_7_1em6,aircraft_pitch,7,1em6,396,100,1.578330993678989e-06,7.721805572508122e-05,7.563972473140224e-05
aircraft_pitch_7_1em8,aircraft_pitch,7,1em8,375,100,1.578330993678989e-06,3.187193344367234e-05,3.029360244999335e-05
aircraft_pitch_8_0,aircraft_pitch,8,0,324,100,6.513395378604514e-11,5.645551803823423e-09,5.580417850037378e-09
aircraft_pitch_8_1em2,aircraft_pitch,8,1em2,268,100,0.004643623140248132,0.04760316875365522,0.04295954561340709
aircraft_pitch_8_1em4,aircraft_pitch,8,1em4,374,100,8.631706237771652e-06,3.762149810793147e-05,2.898979187015982e-05
aircraft_pitch_8_1em6,aircraft_pitch,8,1em6,354,100,2.09712982179866e-06,1.220798492429509e-05,1.011085510249643e-05
aircraft_pitch_8_1em8,aircraft_pitch,8,1em8,352,100,1.5048980712695226e-06,1.48953605080826e-05,1.3390462436813078e-05
aircraft_pitch_9_0,aircraft_pitch,9,0,301,100,3.729191400125842e-10,5.943864289648104e-10,2.2146728895222623e-10
aircraft_pitch_9_1em2,aircraft_pitch,9,1em2,281,100,0.0013225352046353223,0.0006231286426497951,-0.0006994065619855272
aircraft_pitch_9_1em4,aircraft_pitch,9,1em4,334,100,1.103591918949487e-05,4.582691192622779e-05,3.479099273673292e-05
aircraft_pitch_9_1em6,aircraft_pitch,9,1em6,356,100,3.1499862670480994e-06,4.3103218078655026e-05,3.9953231811606926e-05
aircraft_pitch_9_1em8,aircraft_pitch,9,1em8,330,100,3.1499862670480994e-06,1.0437506282157116e-05,7.287520015109017e-06
bicycle_model_0_0,bicycle_model,0,0,142,100,5.379763301505136e-11,5.37751509988027e-11,-2.248201624865942e-14
bicycle_model_0_1em2,bicycle_model,0,1em2,188,100,0.0020099296569824343,0.0020175590515136843,7.62939453125e-06
bicycle_model_0_1em4,bicycle_model,0,1em4,221,100,4.2529106140110073e-05,4.333400726319603e-05,8.049011230859549e-07
bicycle_model_0_1em6,bicycle_model,0,1em6,165,100,8.673667907688198e-06,8.673667907688198e-06,0.0
bicycle_model_0_1em8,bicycle_model,0,1em8,154,100,2.055168151882114e-06,2.055168151882114e-06,0.0
bicycle_model_1_0,bicycle_model,1,0,198,100,6.762368442991828e-13,1.0618173007514997e-12,3.8558045645231687e-13
bicycle_model_1_1em2,bicycle_model,1,1em2,202,100,0.00021580219268801937,0.00021580219268801937,0.0
bicycle_model_1_1em4,bicycle_model,1,1em4,241,100,5.050659179661743e-06,5.050659179661743e-06,0.0
bicycle_model_1_1em6,bicycle_model,1,1em6,224,100,2.101898193385132e-06,2.9602050781174505e-06,8.583068847323183e-07
bicycle_model_1_1em8,bicycle_model,1,1em8,203,100,9.80956673279909e-07,9.809976161401224e-07,4.0942860213277754e-11
bicycle_model_2_0,bicycle_model,2,0,145,100,8.499312365017886e-13,7.14373005195057e-13,-1.3555823130673161e-13
bicycle_model_2_1em2,bicycle_model,2,1em2,200,100,0.000546481132507326,0.000546481132507326,0.0
bicycle_model_2_1em4,bicycle_model,2,1em4,206,100,1.3780593872136926e-06,7.950782775878462e-06,6.5727233886647696e-06
bicycle_model_2_1em6,bicycle_model,2,1em6,176,100,1.3780593872136926e-06,3.046035766618438e-06,1.6679763794047453e-06
bicycle_model_2_1em8,bicycle_model,2,1em8,149,100,3.308719602745924e-07,2.9609286422704884e-07,-3.477909604754359e-08
bicycle_model_3_0,bicycle_model,3,0,215,100,1.265987314980066e-12,1.265987314980066e-12,0.0
bicycle_model_3_1em2,bicycle_model,3,1em2,350,100,0.012913284301757866,0.020652709960937488,0.007739425659179622
bicycle_model_3_1em4,bicycle_model,3,1em4,271,100,7.826232910157493e-05,0.0003914373490127021,0.00031317501991112717
bicycle_model_3_1em6,bicycle_model,3,1em6,257,100,3.606280095080905e-05,3.6062800957803454e-05,6.994405055138486e-15
bicycle_model_3_1em8,bicycle_model,3,1em8,231,100,3.98676541979448e-06,3.986765881425214e-06,4.616307336391401e-13
bicycle_model_4_0,bicycle_model,4,0,156,100,3.848621421553844e-11,3.836853057492817e-11,-1.176836406102666e-13
bicycle_model_4_1em2,bicycle_model,4,1em2,185,100,0.002550054550170877,0.002702761650085428,0.00015270709991455078
bicycle_model_4_1em4,bicycle_model,4,1em4,237,100,1.685714721677556e-05,0.00010160023353328329,8.474308631650773e-05
bicycle_model_4_1em6,bicycle_model,4,1em6,169,100,6.685256958016694e-06,3.1089782714932568e-06,-3.5762786865234375e-06
bicycle_model_4_1em8,bicycle_model,4,1em8,167,100,6.502159968224674e-07,5.692844863292024e-07,-8.093151049326508e-08
bicycle_model_5_0,bicycle_model,5,0,176,100,6.084022174945858e-14,6.084022174945858e-14,0.0
bicycle_model_5_1em2,bicycle_model,5,1em2,208,100,0.0013362274169922417,0.001334918975830074,-1.3084411621677727e-06
bicycle_model_5_1em4,bicycle_model,5,1em4,244,100,2.281087637578949e-05,4.6502113342339335e-05,2.3691236966549845e-05
bicycle_model_5_1em6,bicycle_model,5,1em6,212,100,3.944396972710429e-06,1.1298816334492923e-05,7.354419361782494e-06
bicycle_model_5_1em8,bicycle_model,5,1em8,179,100,2.4278527299692598e-08,2.4278527299692598e-08,0.0
bicycle_model_6_0,bicycle_model,6,0,165,100,8.890777003500716e-12,8.834710740757146e-12,-5.6066262743570405e-14
bicycle_model_6_1em2,bicycle_model,6,1em2,196,100,0.0010441083908081517,0.0011364955902100071,9.238719940185547e-05
bicycle_model_6_1em4,bicycle_model,6,1em4,228,100,5.6400299072167925e-06,6.898498535157227e-05,6.334495544435548e-05
bicycle_model_6_1em6,bicycle_model,6,1em6,195,100,5.6400299072167925e-06,1.927471160889649e-05,1.3634681701679696e-05
bicycle_model_6_1em8,bicycle_model,6,1em8,177,100,5.032099807955603e-07,1.5449463950378828e-06,1.0417364142423224e-06
bicycle_model_7_0,bicycle_model,7,0,207,100,6.562238530349873e-10,7.062953555347917e-10,5.007150249980441e-11
bicycle_model_7_1em2,bicycle_model,7,1em2,309,100,0.014624343872070344,0.014624343872070344,0.0
bicycle_model_7_1em4,bicycle_model,7,1em4,218,100,0.000766052246093718,0.001109374999999968,0.00034332275390625
bicycle_model_7_1em6,bicycle_model,7,1em6,246,100,0.00010401916503910424,0.0003061715703057133,0.00020215240526660905
bicycle_model_7_1em8,bicycle_model,7,1em8,225,100,3.5882615243565397e-06,3.588272563526118e-06,1.1039169578452857e-11
bicycle_model_8_0,bicycle_model,8,0,159,100,3.903655176884513e-12,6.757927550893328e-13,-3.22786242179518e-12
bicycle_model_8_1em2,bicycle_model,8,1em2,164,100,0.004501749038696268,0.004501749038696268,0.0
bicycle_model_8_1em4,bicycle_model,8,1em4,243,100,7.2345733642675825e-06,4.967880249018286e-05,4.244422912591528e-05
bicycle_model_8_1em6,bicycle_model,8,1em6,191,100,6.923675537340301e-07,1.0203361511251785e-05,9.510993957517755e-06
bicycle_model_8_1em8,bicycle_model,8,1em8,163,100,3.6495065069974686e-07,3.6495022304183777e-07,-4.276579090856103e-13
bicycle_model_9_0,bicycle_model,9,0,186,100,3.115840918610502e-13,1.0574874309554616e-13,-2.0583534876550402e-13
bicycle_model_9_1em2,bicycle_model,9,1em2,207,100,0.0004255018234252672,0.0004255018234252672,0.0
bicycle_model_9_1em4,bicycle_model,9,1em4,239,100,8.897061145207719e-06,6.122970581057263e-05,5.2332644665364914e-05
bicycle_model_9_1em6,bicycle_model,9,1em6,207,100,1.0919570923029198e-06,6.242752075169555e-06,5.1507949828666355e-06
bicycle_model_9_1em8,bicycle_model,9,1em8,184,100,6.361107518504383e-08,6.361107518504383e-08,0.0
biohydrogenation_0_0,biohydrogenation,0,0,2107,100,3.0641489345839545e-11,8.621020564092419e-10,8.314605670634023e-10
biohydrogenation_0_1em2,biohydrogenation,0,1em2,1354,100,0.8128086889188939,1.8063527997480728,0.9935441108291789
biohydrogenation_0_1em4,biohydrogenation,0,1em4,1376,100,0.6476786297109665,0.647678592188899,-3.752206745311071e-08
biohydrogenation_0_1em6,biohydrogenation,0,1em6,1748,100,0.002160321905607443,0.0021635790810455857,3.2571754381427453e-06
biohydrogenation_0_1em8,biohydrogenation,0,1em8,2115,100,7.210210397956551e-05,7.229854062029695e-05,1.964366407314344e-07
biohydrogenation_1_0,biohydrogenation,1,0,1586,100,8.465672607371744e-12,2.561489909069792e-10,2.4768331829960744e-10
biohydrogenation_1_1em2,biohydrogenation,1,1em2,1528,100,0.30699,0.8608797225089383,0.5538897225089383
biohydrogenation_1_1em4,biohydrogenation,1,1em4,1874,100,0.22277317244666212,0.3228312556046799,0.10005808315801779
biohydrogenation_1_1em6,biohydrogenation,1,1em6,1566,100,0.007014104554288747,0.007014528670599429,4.241163106821766e-07
biohydrogenation_1_1em8,biohydrogenation,1,1em8,1612,100,0.00010422409185795178,0.00010429062372813158,6.653187017979789e-08
biohydrogenation_2_0,biohydrogenation,2,0,1682,100,8.036225018770438e-10,3.2692539453371694e-08,3.188891695149465e-08
biohydrogenation_2_1em2,biohydrogenation,2,1em2,1021,100,0.7094714918680542,1.3411709111964918,0.6316994193284375
biohydrogenation_2_1em4,biohydrogenation,2,1em4,1347,100,0.6768483686103666,0.6768483680608952,-5.494713573028775e-10
biohydrogenation_2_1em6,biohydrogenation,2,1em6,1408,100,0.07942720145112891,0.5953714607444451,0.5159442592933162
biohydrogenation_2_1em8,biohydrogenation,2,1em8,1601,100,0.0008028811867285546,0.0009528672722932674,0.00014998608556471282
biohydrogenation_3_0,biohydrogenation,3,0,1893,100,7.192435536040875e-11,2.747012617376754e-10,2.0277690637726664e-10
biohydrogenation_3_1em2,biohydrogenation,3,1em2,1000,100,0.6842441634974334,1.263374549783383,0.5791303862859496
biohydrogenation_3_1em4,biohydrogenation,3,1em4,973,100,0.4806221981406441,0.4806221986222241,4.815799981017221e-10
biohydrogenation_3_1em6,biohydrogenation,3,1em6,1458,100,0.024587090670179057,0.024589255213280037,2.164543100979799e-06
biohydrogenation_3_1em8,biohydrogenation,3,1em8,1621,100,0.0006488929817538569,0.0006495624671832845,6.694854294275743e-07
biohydrogenation_4_0,biohydrogenation,4,0,2443,100,4.293787547737793e-13,3.0196622979872245e-11,2.9767244225098466e-11
biohydrogenation_4_1em2,biohydrogenation,4,1em2,1533,100,0.48595993076344124,1.1961688655528824,0.7102089347894411
biohydrogenation_4_1em4,biohydrogenation,4,1em4,1367,100,0.043937618143100376,0.04393416184689225,-3.456296208126375e-06
biohydrogenation_4_1em6,biohydrogenation,4,1em6,2370,100,0.0003848118749363305,0.0003847447367845147,-6.713815181580429e-08
biohydrogenation_4_1em8,biohydrogenation,4,1em8,2125,100,4.068329921724789e-06,4.064561296757141e-06,-3.768624967648293e-09
biohydrogenation_5_0,biohydrogenation,5,0,1748,100,5.932465629854278e-11,1.5719272550285268e-09,1.512602598729984e-09
biohydrogenation_5_1em2,biohydrogenation,5,1em2,1146,100,0.7213163012351744,3.207385513697522,2.4860692124623474
biohydrogenation_5_1em4,biohydrogenation,5,1em4,1260,100,0.7182854009952093,0.7182854009957286,5.192513086171857e-13
biohydrogenation_5_1em6,biohydrogenation,5,1em6,1514,100,0.005294838281977965,0.005292183071763157,-2.655210214808079e-06
biohydrogenation_5_1em8,biohydrogenation,5,1em8,1452,100,5.709462582104141e-05,5.697461117526448e-05,-1.2001464577693355e-07
biohydrogenation_6_0,biohydrogenation,6,0,1866,100,2.028478496285402e-10,2.1396462379641434e-10,1.1116774167874155e-11
biohydrogenation_6_1em2,biohydrogenation,6,1em2,1416,100,0.72999,1.5848473415077988,0.8548573415077988
biohydrogenation_6_1em4,biohydrogenation,6,1em4,1231,100,0.6578435935572502,0.7900293250250853,0.13218573146783508
biohydrogenation_6_1em6,biohydrogenation,6,1em6,1997,100,0.5974716836284173,0.7700075362781538,0.17253585264973648
biohydrogenation_6_1em8,biohydrogenation,6,1em8,1331,100,0.007539864638644311,0.007560154949329045,2.029031068473408e-05
biohydrogenation_7_0,biohydrogenation,7,0,2082,100,1.8334223028659835e-12,4.7127401991975404e-07,4.7127218649745117e-07
biohydrogenation_7_1em2,biohydrogenation,7,1em2,1233,100,0.7111241967243863,0.822,0.11087580327561364
biohydrogenation_7_1em4,biohydrogenation,7,1em4,1256,100,0.5039026242632463,0.5039053387924515,2.714529205194438e-06
biohydrogenation_7_1em6,biohydrogenation,7,1em6,1715,100,0.00729549711425348,0.018136333546569405,0.010840836432315926
biohydrogenation_7_1em8,biohydrogenation,7,1em8,2323,100,0.00013508693382668913,0.00013533894918260625,2.5201535591712343e-07
biohydrogenation_8_1em2,biohydrogenation,8,1em2,1547,100,0.4422487418828688,1.177790444108488,0.7355417022256193
biohydrogenation_8_1em4,biohydrogenation,8,1em4,1242,100,0.4613121181916102,0.5122538000055579,0.05094168181394765
biohydrogenation_8_1em6,biohydrogenation,8,1em6,1105,100,0.0009269815465070552,0.0009274380476161914,4.565011091361981e-07
biohydrogenation_8_1em8,biohydrogenation,8,1em8,1060,100,4.440285499984764e-05,4.4614865419956296e-05,2.1201042010865478e-07
biohydrogenation_9_1em2,biohydrogenation,9,1em2,1636,100,0.6702056949937715,0.711,0.04079430500622849
biohydrogenation_9_1em6,biohydrogenation,9,1em6,1734,100,0.0007414727317619496,0.00074153149384526,5.87620833103486e-08
biohydrogenation_9_1em8,biohydrogenation,9,1em8,1971,100,2.258939034394114e-05,2.257007435668701e-05,-1.9315987254131528e-08
boost_converter_0_0,boost_converter,0,0,167,100,4.902721673083477e-09,1.4164024730867197e-08,9.26130305778372e-09
boost_converter_0_1em2,boost_converter,0,1em2,233,100,0.0018062744140624476,0.0019427490234374956,0.00013647460937504796
boost_converter_0_1em4,boost_converter,0,1em4,228,100,8.117675781249556e-05,8.117675781249556e-05,0.0
boost_converter_0_1em6,boost_converter,0,1em6,185,100,3.614842639654281e-05,1.8537112105088127e-05,-1.7611314291454683e-05
boost_converter_0_1em8,boost_converter,0,1em8,174,100,1.5900154959336277e-07,8.915983168433783e-07,7.325967672500155e-07
boost_converter_1_0,boost_converter,1,0,181,100,2.551649330717609e-07,2.7061970717667805e-06,2.4510321386950196e-06
boost_converter_1_1em2,boost_converter,1,1em2,295,100,0.030848571777343792,0.04130461567287702,0.010456043895533229
boost_converter_1_1em4,boost_converter,1,1em4,270,100,0.00011322021484372335,0.00012500000000004174,1.177978515631839e-05
boost_converter_1_1em6,boost_converter,1,1em6,228,100,3.409821515709677e-05,3.409821517841305e-05,2.1316282072803006e-14
boost_converter_1_1em8,boost_converter,1,1em8,184,100,1.454793350008643e-06,1.4547933769870625e-06,2.6978419498391304e-14
boost_converter_2_0,boost_converter,2,0,269,100,3.7098102367849606e-12,2.4573709733743954e-10,2.420272871006546e-10
boost_converter_2_1em2,boost_converter,2,1em2,319,100,0.02369479370117189,0.02906588745117189,0.00537109375
boost_converter_2_1em4,boost_converter,2,1em4,303,100,6.31408691406099e-05,0.00028067016601562855,0.00021752929687501865
boost_converter_2_1em6,boost_converter,2,1em6,321,100,4.306747087734486e-06,5.263522009057997e-05,4.8328473002845485e-05
boost_converter_2_1em8,boost_converter,2,1em8,292,100,2.5875368788730313e-06,2.587536879206098e-06,3.3306690738754696e-16
boost_converter_3_0,boost_converter,3,0,124,84,5.18859399889493e-10,9.221801211545255e-09,8.702941811655762e-09
boost_converter_3_1em2,boost_converter,3,1em2,262,100,0.0067594299316405815,0.010494750976562495,0.003735321044921913
boost_converter_3_1em4,boost_converter,3,1em4,205,100,7.196044921875533e-05,0.00016836547851561967,9.640502929686434e-05
boost_converter_3_1em6,boost_converter,3,1em6,174,100,1.1483747618501461e-05,1.1483747618501461e-05,0.0
boost_converter_3_1em8,boost_converter,3,1em8,137,95,3.220710181883746e-07,2.806792132159508e-06,2.4847211139711334e-06
boost_converter_4_0,boost_converter,4,0,171,100,1.137795035965894e-08,2.3426692252748182e-08,1.2048741893089243e-08
boost_converter_4_1em2,boost_converter,4,1em2,227,100,0.003753448486328137,0.003753448486328137,0.0
boost_converter_4_1em4,boost_converter,4,1em4,224,100,0.00018969726562501066,0.00024517822265623934,5.5480957031228684e-05
boost_converter_4_1em6,boost_converter,4,1em6,178,100,1.4372364541270777e-05,1.1845503013696579e-05,-2.526861527574198e-06
boost_converter_4_1em8,boost_converter,4,1em8,147,100,9.170970716176896e-08,2.2461837985154887e-06,2.1544740913537197e-06
boost_converter_5_0,boost_converter,5,0,152,100,5.1096993303190175e-09,2.413587210647883e-07,2.3624902173446927e-07
boost_converter_5_1em2,boost_converter,5,1em2,229,100,0.005689208984374972,0.007211303710937478,0.0015220947265625062
boost_converter_5_1em4,boost_converter,5,1em4,211,100,6.335449218752842e-05,0.0004592895507812278,0.0003959350585936994
boost_converter_5_1em6,boost_converter,5,1em6,194,100,8.907887660447589e-06,1.3604376786713335e-05,4.696489126265746e-06
boost_converter_5_1em8,boost_converter,5,1em8,183,100,2.8562951784327772e-06,1.088197027088178e-05,8.025675092449003e-06
boost_converter_6_0,boost_converter,6,0,194,100,0.00023452758789060946,0.00023452758789060946,0.0
boost_converter_6_1em2,boost_converter,6,1em2,138,88,0.002761627197265637,0.002761627197265637,0.0
boost_converter_6_1em4,boost_converter,6,1em4,195,100,0.00026885986328123446,0.00026885986328123446,0.0
boost_converter_6_1em6,boost_converter,6,1em6,194,100,0.00024597167968748446,0.00042922973632814054,0.00018325805664065609
boost_converter_6_1em8,boost_converter,6,1em8,195,100,0.000213836669921863,0.0005282592773437345,0.00031442260742187145
boost_converter_7_0,boost_converter,7,0,177,100,1.1546319456101628e-13,6.313838341043265e-13,5.159206395433102e-13
boost_converter_7_1em2,boost_converter,7,1em2,239,100,0.004803741455078114,0.004803741455078114,0.0
boost_converter_7_1em4,boost_converter,7,1em4,222,100,4.299926757811434e-05,4.299926757811434e-05,0.0
boost_converter_7_1em6,boost_converter,7,1em6,256,100,1.4002848675809254e-05,3.2845409555726235e-05,1.884256087991698e-05
boost_converter_7_1em8,boost_converter,7,1em8,227,100,3.3689378855505936e-06,3.368937874337341e-06,-1.1213252548714081e-14
boost_converter_8_0,boost_converter,8,0,158,93,1.9487190161537882e-07,2.6566207800282626e-07,7.079017638744745e-08
boost_converter_8_1em2,boost_converter,8,1em2,246,100,0.021755798339843757,0.02017935981869945,-0.0015764385211443077
boost_converter_8_1em4,boost_converter,8,1em4,227,100,8.081054687503197e-05,0.0001035766601562571,2.276611328122513e-05
boost_converter_8_1em6,boost_converter,8,1em6,176,100,2.1651293251268022e-05,2.1651293268698524e-05,1.7430501486614958e-14
boost_converter_8_1em8,boost_converter,8,1em8,165,100,6.980432347925003e-06,2.6547761631245947e-06,-4.325656184800408e-06
boost_converter_9_0,boost_converter,9,0,126,79,4.684448242187056e-05,4.684448242187056e-05,0.0
boost_converter_9_1em2,boost_converter,9,1em2,268,100,0.021348724365234384,0.024209747314453134,0.00286102294921875
boost_converter_9_1em4,boost_converter,9,1em4,130,84,5.447387695312056e-05,5.447387695312056e-05,0.0
boost_converter_9_1em6,boost_converter,9,1em6,124,80,4.214477539060679e-05,4.214477539060679e-05,0.0
boost_converter_9_1em8,boost_converter,9,1em8,123,78,4.214477539060679e-05,4.214477539060679e-05,0.0
brusselator_0_0,brusselator,0,0,87,89,1.3034018309099338e-13,2.3370194668359545e-13,1.0336176359260207e-13
brusselator_0_1em2,brusselator,0,1em2,264,100,0.013339550684319246,0.060713717100195685,0.04737416641587644
brusselator_0_1em4,brusselator,0,1em4,172,100,0.0002766466674425372,0.0002766466683192803,8.767431225464861e-13
brusselator_0_1em6,brusselator,0,1em6,126,100,7.267171097113945e-07,7.267198630644955e-07,2.7533531010703882e-12
brusselator_0_1em8,brusselator,0,1em8,92,89,3.1308328152235276e-09,3.1308295955767562e-09,-3.219646771412954e-15
brusselator_1_0,brusselator,1,0,91,100,4.535816167106077e-13,1.9092505354478817e-12,1.455668918737274e-12
brusselator_1_1em2,brusselator,1,1em2,290,100,0.013107464514009792,0.01310929984752518,1.8353335153875605e-06
brusselator_1_1em4,brusselator,1,1em4,245,100,0.0005839647718560159,0.0005839640545659552,-7.172900606811083e-10
brusselator_1_1em6,brusselator,1,1em6,146,100,6.1241211147811114e-06,6.1241211147811114e-06,0.0
brusselator_1_1em8,brusselator,1,1em8,98,97,9.892727725890893e-08,9.892724556204158e-08,-3.169686735304822e-14
brusselator_2_0,brusselator,2,0,125,100,4.6407322429331543e-14,1.2202905352864946e-11,1.2156498030435614e-11
brusselator_2_1em2,brusselator,2,1em2,338,100,0.0234747507833879,0.0234747507833879,0.0
brusselator_2_1em4,brusselator,2,1em4,291,100,0.0016936600053534256,0.017336281400835096,0.01564262139548167
brusselator_2_1em6,brusselator,2,1em6,157,100,6.165746717079479e-06,6.165747747921557e-06,1.0308420783644578e-12
brusselator_2_1em8,brusselator,2,1em8,143,100,1.2321455988839602e-07,1.2303180008110814e-07,-1.8275980728788e-10
brusselator_3_0,brusselator,3,0,95,100,2.2437607327674414e-13,5.38902256153051e-13,3.1452618287630685e-13
brusselator_3_1em2,brusselator,3,1em2,297,100,0.020223381445284294,0.1166406382161771,0.0964172567708928
brusselator_3_1em4,brusselator,3,1em4,185,100,0.00032459383665672803,0.00032459358480729783,-2.5184943019951334e-10
brusselator_3_1em6,brusselator,3,1em6,118,100,5.248499126087047e-06,5.2484656865026125e-06,-3.343958443480233e-11
brusselator_3_1em8,brusselator,3,1em8,102,98,5.7223386362714734e-08,5.722339602165505e-08,9.658940314238862e-15
brusselator_4_0,brusselator,4,0,116,100,3.0815905383008158e-12,7.042144645197368e-13,-2.377376073781079e-12
brusselator_4_1em2,brusselator,4,1em2,316,100,0.008222340025266395,0.03667026926842365,0.028447929243157255
brusselator_4_1em4,brusselator,4,1em4,250,100,0.0004122342741688101,0.0011561920318483576,0.0007439577576795475
brusselator_4_1em6,brusselator,4,1em6,158,100,9.92632010143879e-06,9.92632010143879e-06,0.0
brusselator_4_1em8,brusselator,4,1em8,122,100,1.6346196776706456e-07,1.6346008530065959e-07,-1.8824664049788e-12
brusselator_5_0,brusselator,5,0,92,79,0.3955216617564835,9.333000000000002,8.937478338243519
brusselator_5_1em2,brusselator,5,1em2,1,1,0.7800000000002203,0.8031194302967289,0.023119430296508647
brusselator_5_1em8,brusselator,5,1em8,23,18,9.530999999999993,9.530999999999993,0.0
brusselator_6_0,brusselator,6,0,200,100,0.048908940260918854,0.04890894026173298,8.141265439576273e-13
brusselator_6_1em2,brusselator,6,1em2,1,1,0.8080000000168424,9.18092054756729,8.372920547550446
brusselator_6_1em4,brusselator,6,1em4,28,30,9.348999999999993,9.348999999999993,0.0
brusselator_6_1em6,brusselator,6,1em6,155,100,0.5751638442127505,9.348999999999993,8.773836155787242
brusselator_6_1em8,brusselator,6,1em8,197,100,0.7621230981910204,35.27110124241916,34.50897814422814
brusselator_7_0,brusselator,7,0,192,100,5.508615785743132e-11,3.878908305665618e-11,-1.6297074800775135e-11
brusselator_7_1em2,brusselator,7,1em2,435,100,0.47461078317556193,0.776,0.3013892168244381
brusselator_7_1em4,brusselator,7,1em4,377,100,0.06364182335799706,0.37929868196413064,0.3156568586061336
brusselator_7_1em6,brusselator,7,1em6,273,100,0.0020532790912424215,0.002054584773531154,1.3056822887325126e-06
brusselator_7_1em8,brusselator,7,1em8,207,100,2.953265598149013e-05,2.950562434178572e-05,-2.7031639704411248e-08
brusselator_8_0,brusselator,8,0,45,41,0.4983875067316148,9.484000000000002,8.985612493268388
brusselator_8_1em2,brusselator,8,1em2,1,1,0.8690000000002203,0.3709058787848899,-0.49809412121533037
brusselator_9_0,brusselator,9,0,99,100,1.0913492332065289e-13,6.789568907095145e-13,5.698219673888616e-13
brusselator_9_1em2,brusselator,9,1em2,253,100,0.008791453281054962,0.08266014108715031,0.07386868780609535
brusselator_9_1em4,brusselator,9,1em4,192,100,0.00010029676234835083,0.00010029564005431535,-1.122294035482696e-09
brusselator_9_1em6,brusselator,9,1em6,133,100,1.084846970361708e-05,1.0842317504866639e-05,-6.1521987504420395e-09
brusselator_9_1em8,brusselator,9,1em8,108,100,2.8078645686324677e-08,2.8061130918910493e-08,-1.7514767414184007e-11
crauste_0_0,crauste,0,0,2398,100,2.878827397267969e-05,4.4485349922629425e-06,-2.4339738980416747e-05
crauste_0_1em2,crauste,0,1em2,1406,100,0.848071541724084,24317.64049390182,24316.792422360097
crauste_0_1em4,crauste,0,1em4,1991,100,0.556989999355549,937.368618460811,936.8116284614555
crauste_0_1em6,crauste,0,1em6,2849,100,0.556989999990024,0.7605427136483588,0.20355271365833483
crauste_0_1em8,crauste,0,1em8,2435,100,0.36370973928696104,0.30906004158327494,-0.054649697703686106
crauste_1_0,crauste,1,0,1232,100,2.810979227163557e-10,6.934230967203803e-11,-2.1175561304431767e-10
crauste_1_1em4,crauste,1,1em4,1387,100,0.5955143212086413,343.97528401563386,343.3797696944252
crauste_1_1em6,crauste,1,1em6,1494,100,0.036962851458422374,0.03696284873059519,-2.727827186355114e-09
crauste_1_1em8,crauste,1,1em8,1620,100,0.20064755812067392,0.00010581322962921469,-0.2005417448910447
crauste_2_0,crauste,2,0,1754,100,9.064960559967972e-09,8.72683036945432e-09,-3.3813019051365245e-10
crauste_2_1em2,crauste,2,1em2,1428,100,8.836953821643377,9.284000000000002,0.44704617835662575
crauste_2_1em6,crauste,2,1em6,1828,100,0.13459727783955833,0.13731526457240933,0.0027179867328510077
crauste_2_1em8,crauste,2,1em8,2088,100,0.00012065306875386206,0.0001520431992371174,3.139013048325534e-05
crauste_3_1em4,crauste,3,1em4,1318,100,0.6379333974606856,6.445057794680748,5.807124397220063
crauste_3_1em6,crauste,3,1em6,1419,100,0.008548987194643587,0.008548987198315428,3.67184060934278e-12
crauste_3_1em8,crauste,3,1em8,2171,100,6.0970691123762855e-05,6.097074309241446e-05,5.196865160428388e-11
crauste_4_0,crauste,4,0,1486,100,6.672373764615713e-11,1.3534751097665776e-10,6.862377333050063e-11
crauste_4_1em2,crauste,4,1em2,1164,100,0.5539899984850273,0.84899,0.29500000151497274
crauste_4_1em4,crauste,4,1em4,1304,100,0.4580935242770392,0.45809352392554836,-3.514908364365965e-10
crauste_4_1em6,crauste,4,1em6,1626,100,0.5539093254357667,0.001781487603626175,-0.5521278378321405
crauste_4_1em8,crauste,4,1em8,1636,100,1.1107624303119401e-05,1.110766389278428e-05,3.958966487971338e-11
crauste_5_0,crauste,5,0,2551,100,8.131776874087393e-07,2.496272013319256e-06,1.6830943259105169e-06
crauste_5_1em2,crauste,5,1em2,1833,100,0.7589519254057029,29370.498138437102,29369.739186511695
crauste_5_1em4,crauste,5,1em4,2117,100,0.7583852915379454,972.9005405517174,972.1421552601795
crauste_5_1em6,crauste,5,1em6,2201,100,0.4818347580235474,0.4837931257186477,0.0019583676951002715
crauste_5_1em8,crauste,5,1em8,2675,100,0.33898999999930757,0.483892968485684,0.14490296848637646
crauste_6_0,crauste,6,0,1724,100,3.7578345990496587e-10,3.302843276653533e-10,-4.549913223961255e-11
crauste_6_1em4,crauste,6,1em4,2070,100,0.24298275430080876,41.13719887252289,40.894216118222076
crauste_6_1em6,crauste,6,1em6,1555,100,0.029045123667240325,0.029045126782347164,3.1151068391466197e-09
crauste_6_1em8,crauste,6,1em8,1366,100,0.0003687978266876113,0.0003687977486558913,-7.803171997444736e-11
crauste_7_0,crauste,7,0,1179,100,1.4968581929508673e-10,2.0529189459495e-10,5.560607529986328e-11
crauste_7_1em4,crauste,7,1em4,1452,100,0.325766744887403,4.451698407325364,4.125931662437961
crauste_7_1em6,crauste,7,1em6,1431,100,0.0057322087931422905,0.0057322086947817485,-9.836054193357313e-11
crauste_7_1em8,crauste,7,1em8,1271,100,4.885007157728882e-05,4.885018200351254e-05,1.1042622372059441e-10
crauste_8_0,crauste,8,0,1303,100,1.6233570043766576e-10,4.5572878804023276e-10,2.93393087602567e-10
crauste_8_1em4,crauste,8,1em4,1309,100,0.8621001062056209,69.75166855782213,68.88956845161651
crauste_8_1em6,crauste,8,1em6,1352,100,0.0064587988909532434,0.006458798853243686,-3.770955769866191e-11
crauste_8_1em8,crauste,8,1em8,1396,100,7.788270204867054e-06,7.788259339808201e-06,-1.0865058852616016e-11
crauste_9_0,crauste,9,0,1222,100,4.1179465393170744e-10,1.4551554960995361e-08,1.4139760307063653e-08
crauste_9_1em4,crauste,9,1em4,1118,100,0.8699899967118618,0.4479897730929416,-0.42200022361892026
crauste_9_1em6,crauste,9,1em6,1122,100,0.86999,0.004629449689024345,-0.8653605503109757
crauste_9_1em8,crauste,9,1em8,1248,100,0.07097950049164209,2.8978252133438076e-05,-0.07095052223950865
cstr_0_0,cstr,0,0,1204,100,9.877556152226852e-05,0.00011100586638945753,1.2230304867189012e-05
cstr_0_1em2,cstr,0,1em2,842,100,0.6598618013344801,1.407809930470071,0.7479481291355909
cstr_0_1em4,cstr,0,1em4,1027,100,0.521226800412785,0.521226800412785,0.0
cstr_0_1em6,cstr,0,1em6,1254,100,0.10148990741127267,0.07876140568549139,-0.02272850172578128
cstr_0_1em8,cstr,0,1em8,1241,100,0.08490909776213912,0.11807922284884997,0.033170125086710855
cstr_1_0,cstr,1,0,1132,100,3.301937127364596e-05,3.301937127375698e-05,1.1102230246251565e-16
cstr_1_1em2,cstr,1,1em2,1014,100,0.90861083984375,1.410019934189561,0.5014090943458109
cstr_1_1em4,cstr,1,1em4,1077,100,0.7213398042772279,2.662982046102737,1.9416422418255093
cstr_1_1em6,cstr,1,1em6,1130,100,0.22410156250000002,1.7877613286876666,1.5636597661876666
cstr_1_1em8,cstr,1,1em8,1225,100,0.12420815593436511,0.5364246566590681,0.412216500724703
cstr_2_0,cstr,2,0,1138,100,2.5876189768681e-07,2.5876160247850777e-07,-2.952083022478291e-13
cstr_2_1em2,cstr,2,1em2,588,100,0.2513459013059909,0.2513459013059919,9.992007221626409e-16
cstr_2_1em4,cstr,2,1em4,864,100,0.14279492187499998,0.2120264983266742,0.06923157645167421
cstr_2_1em6,cstr,2,1em6,1108,100,0.006134811017026842,0.016391585583355184,0.010256774566328342
cstr_2_1em8,cstr,2,1em8,1339,100,0.0030836663509797857,0.0030836664952210713,1.4424128558232496e-10
cstr_3_0,cstr,3,0,1107,100,0.005371649643125975,0.005371649643125975,0.0
cstr_3_1em2,cstr,3,1em2,812,100,0.6968782056436784,1.65894709432815,0.9620688886844715
cstr_3_1em4,cstr,3,1em4,770,100,0.57251171875,0.9607916575852441,0.38827993883524414
cstr_3_1em6,cstr,3,1em6,1109,100,0.5398063322401311,0.8268238618268886,0.2870175295867575
cstr_3_1em8,cstr,3,1em8,1313,100,0.5481247673277558,0.4540690777920148,-0.09405568953574106
cstr_4_0,cstr,4,0,1155,100,0.5786181640625,0.8629999999932111,0.2843818359307111
cstr_4_1em2,cstr,4,1em2,1116,100,0.76833447265625,1.2066180153794188,0.43828354272316883
cstr_4_1em4,cstr,4,1em4,1189,100,0.69355419921875,0.8629999999991296,0.16944580078037963
cstr_4_1em6,cstr,4,1em6,1185,100,0.7583857421875,0.8629999999932576,0.10461425780575762
cstr_4_1em8,cstr,4,1em8,1169,100,0.73297607421875,0.8629999999932033,0.13002392577445332
cstr_5_0,cstr,5,0,947,100,0.6390859375,0.850999999999798,0.21191406249979805
cstr_5_1em2,cstr,5,1em2,1140,100,0.8503661884380042,0.8503661884387425,7.382983113757291e-13
cstr_5_1em4,cstr,5,1em4,869,100,0.6433662109375,0.8509999999999095,0.20763378906240948
cstr_5_1em6,cstr,5,1em6,1060,100,0.785551754284183,1.0035720307425315,0.21802027645834854
cstr_5_1em8,cstr,5,1em8,1087,100,0.63951318359375,0.8509999999997055,0.21148681640595557
cstr_6_0,cstr,6,0,1674,100,1.2549460470800966e-08,1.8168815119068427e-08,5.6193546482674606e-09
cstr_6_1em2,cstr,6,1em2,846,100,0.34320556640625,1.174515101982626,0.8313095355763761
cstr_6_1em4,cstr,6,1em4,965,100,0.2224296221254652,0.2224296220884218,-3.70433961283112e-11
cstr_6_1em6,cstr,6,1em6,989,100,0.11102099609374999,0.20249383581096714,0.09147283971721715
cstr_6_1em8,cstr,6,1em8,1550,100,0.009343424750531626,0.2516014687326965,0.24225804398216488
cstr_7_0,cstr,7,0,1057,100,0.19499894853246352,0.22559941496484848,0.030600466432384954
cstr_7_1em2,cstr,7,1em2,1190,100,0.6196474609375,0.8524103667292348,0.23276290579173475
cstr_7_1em4,cstr,7,1em4,1055,100,0.36122917864571014,0.3817440498652285,0.020514871219518338
cstr_7_1em6,cstr,7,1em6,742,100,0.19488878834823448,0.3318967597605578,0.13700797141232335
cstr_7_1em8,cstr,7,1em8,988,100,0.26752294456975734,0.2675730791101314,5.013454037405829e-05
cstr_8_0,cstr,8,0,1292,100,0.749755859375,0.7499990267120031,0.0002431673370031362
cstr_8_1em2,cstr,8,1em2,1251,100,0.74945068359375,1.0376749028607706,0.2882242192670206
cstr_8_1em4,cstr,8,1em4,1150,100,0.7021592648285995,0.7499996756932977,0.04784041086469826
cstr_8_1em6,cstr,8,1em6,1135,100,0.7177282249220315,0.7499999846423081,0.03227175972027663
cstr_8_1em8,cstr,8,1em8,1134,100,0.74945068359375,0.749999123013878,0.0005484394201280551
cstr_9_0,cstr,9,0,1048,100,0.4350458949270779,0.8179999999999062,0.38295410507282834
cstr_9_1em2,cstr,9,1em2,1058,100,0.749971923828125,0.9437770418859858,0.19380511805786071
cstr_9_1em4,cstr,9,1em4,931,100,0.558264892578125,0.8179999999999996,0.25973510742187467
cstr_9_1em6,cstr,9,1em6,898,100,0.817999999999956,0.8179999999997273,-2.2870594307278225e-13
cstr_9_1em8,cstr,9,1em8,1044,100,0.39841381835937495,0.8179999999998753,0.4195861816405003
daisy_mamil3_0_0,daisy_mamil3,0,0,339,100,5.234701561107613e-13,1.0983554066257284e-09,1.0978319364696176e-09
daisy_mamil3_0_1em2,daisy_mamil3,0,1em2,316,100,0.18175847004160645,0.18175847004160645,0.0
daisy_mamil3_0_1em4,daisy_mamil3,0,1em4,269,100,0.009146144205877449,0.009146143978305599,-2.2757185025312765e-10
daisy_mamil3_0_1em6,daisy_mamil3,0,1em6,372,100,1.346878730357215e-05,1.3469091979745329e-05,3.0467617317953e-10
daisy_mamil3_0_1em8,daisy_mamil3,0,1em8,399,100,1.790300547810375e-07,1.7781634498170718e-07,-1.2137097993303314e-09
daisy_mamil3_1_0,daisy_mamil3,1,0,333,100,1.609823385706477e-14,1.4233059175694507e-12,1.407207683712386e-12
daisy_mamil3_1_1em2,daisy_mamil3,1,1em2,339,100,0.026510480377885504,0.02651048037788606,5.551115123125783e-16
daisy_mamil3_1_1em4,daisy_mamil3,1,1em4,322,100,4.883234187358365e-05,4.883234172903261e-05,-1.4455103780619538e-13
daisy_mamil3_1_1em6,daisy_mamil3,1,1em6,427,100,2.7939010791566687e-06,2.79390458279849e-06,3.503641821112069e-12
daisy_mamil3_1_1em8,daisy_mamil3,1,1em8,392,100,2.4771613482688082e-08,2.4768332274049953e-08,-3.281208638128419e-12
daisy_mamil3_2_0,daisy_mamil3,2,0,390,100,3.6926017799032707e-13,2.08455863681678e-10,2.0808660350368768e-10
daisy_mamil3_2_1em2,daisy_mamil3,2,1em2,396,100,0.06441981984020173,0.06441982223678311,2.3965813777948597e-09
daisy_mamil3_2_1em4,daisy_mamil3,2,1em4,354,100,0.00025404468805190206,0.000254044612811255,-7.524064704611533e-11
daisy_mamil3_2_1em6,daisy_mamil3,2,1em6,438,100,3.9224283773231505e-06,3.922301582748311e-06,-1.2679457483955048e-10
daisy_mamil3_2_1em8,daisy_mamil3,2,1em8,425,100,6.543747554932366e-08,6.54374232578192e-08,-5.229150445984487e-14
daisy_mamil3_3_0,daisy_mamil3,3,0,360,100,5.473399511402022e-14,9.52427026135183e-12,9.46953626623781e-12
daisy_mamil3_3_1em2,daisy_mamil3,3,1em2,369,100,0.03799124840740553,0.0379912377055851,-1.0701820429837028e-08
daisy_mamil3_3_1em4,daisy_mamil3,3,1em4,318,100,0.0003348937458189649,0.000334893787380941,4.156197608295997e-11
daisy_mamil3_3_1em6,daisy_mamil3,3,1em6,378,100,1.608281293363767e-06,1.6078570906907785e-06,-4.242026729883719e-10
daisy_mamil3_3_1em8,daisy_mamil3,3,1em8,416,100,6.994660040060552e-08,6.994651358116499e-08,-8.681944052568724e-14
daisy_mamil3_4_0,daisy_mamil3,4,0,336,100,1.432187701766452e-13,5.134431768638592e-10,5.132999580936826e-10
daisy_mamil3_4_1em2,daisy_mamil3,4,1em2,289,100,0.11052801650320565,0.1105280312350555,1.4731849851123968e-08
daisy_mamil3_4_1em4,daisy_mamil3,4,1em4,291,100,0.0004079441712864229,0.0004079440950081059,-7.627831699608123e-11
daisy_mamil3_4_1em6,daisy_mamil3,4,1em6,395,100,3.998718248854338e-06,3.99871821854525e-06,-3.0309088572266774e-14
daisy_mamil3_4_1em8,daisy_mamil3,4,1em8,395,100,2.0088863461609208e-08,2.008710342504827e-08,-1.7600365609382607e-12
daisy_mamil3_5_0,daisy_mamil3,5,0,374,100,7.286393710614902e-13,6.714614420033627e-10,6.707328026323012e-10
daisy_mamil3_5_1em2,daisy_mamil3,5,1em2,353,100,0.10553032421439273,0.1055302761768731,-4.803751962878522e-08
daisy_mamil3_5_1em4,daisy_mamil3,5,1em4,377,100,0.004451408035776094,0.004451408154544312,1.187682174830229e-10
daisy_mamil3_5_1em6,daisy_mamil3,5,1em6,445,100,1.0868780619455176e-05,1.0870292231568435e-05,1.5116121132585647e-09
daisy_mamil3_5_1em8,daisy_mamil3,5,1em8,446,100,5.547202586164701e-08,5.5473351023849204e-08,1.3251622021925868e-12
daisy_mamil3_6_0,daisy_mamil3,6,0,345,100,2.7533531010703882e-14,9.281911905745233e-10,9.281636570435126e-10
daisy_mamil3_6_1em2,daisy_mamil3,6,1em2,298,100,0.16055666103186172,0.16055666121060042,1.7873869051499014e-10
daisy_mamil3_6_1em4,daisy_mamil3,6,1em4,295,100,4.412083072946604e-05,4.41206281344142e-05,-2.0259505184583304e-10
daisy_mamil3_6_1em6,daisy_mamil3,6,1em6,395,100,6.916993226524504e-06,6.917967445008166e-06,9.742184836625256e-10
daisy_mamil3_6_1em8,daisy_mamil3,6,1em8,400,100,4.528043151541539e-08,4.524372942960042e-08,-3.670208581496581e-11
daisy_mamil3_7_0,daisy_mamil3,7,0,356,100,2.0905499553691698e-13,2.6042695777661606e-11,2.583364078212469e-11
daisy_mamil3_7_1em2,daisy_mamil3,7,1em2,288,100,0.016512584352482124,0.01651259091691147,6.564429347322154e-09
daisy_mamil3_7_1em4,daisy_mamil3,7,1em4,332,100,0.00015732677412161333,0.00015732678789737164,1.3775758311851405e-11
daisy_mamil3_7_1em6,daisy_mamil3,7,1em6,352,100,1.0551902978980787e-05,1.0551950551218603e-05,4.7572237815707297e-11
daisy_mamil3_7_1em8,daisy_mamil3,7,1em8,417,100,1.9401824744025298e-08,1.9390183153555896e-08,-1.1641590469402274e-11
daisy_mamil3_8_0,daisy_mamil3,8,0,364,100,4.063416270128073e-14,1.0671352690394542e-11,1.0630718527693261e-11
daisy_mamil3_8_1em2,daisy_mamil3,8,1em2,353,100,0.008242424500343848,0.008242410606900896,-1.3893442951662394e-08
daisy_mamil3_8_1em4,daisy_mamil3,8,1em4,341,100,0.00011744404976787859,0.00011744405999958296,1.023170437264298e-11
daisy_mamil3_8_1em6,daisy_mamil3,8,1em6,439,100,1.3268066171301385e-06,1.3267999791066742e-06,-6.638023464233811e-12
daisy_mamil3_8_1em8,daisy_mamil3,8,1em8,426,100,2.5919082435876817e-09,2.5919094648330088e-09,1.2212453270876722e-15
daisy_mamil3_9_0,daisy_mamil3,9,0,342,100,1.0857426069321718e-12,1.5137292530553736e-09,1.5126435104484415e-09
daisy_mamil3_9_1em2,daisy_mamil3,9,1em2,309,100,0.10876524623862294,0.10876524623981998,1.1970424651508438e-12
daisy_mamil3_9_1em4,daisy_mamil3,9,1em4,303,100,0.005256308867965298,0.0052562909348750075,-1.7933090290522813e-08
daisy_mamil3_9_1em6,daisy_mamil3,9,1em6,404,100,6.680785950008428e-07,6.663363657510857e-07,-1.742229249757088e-09
daisy_mamil3_9_1em8,daisy_mamil3,9,1em8,403,100,4.758475731780898e-07,4.7568418332089024e-07,-1.6338985719954735e-10
daisy_mamil4_0_0,daisy_mamil4,0,0,597,100,5.21249710061511e-13,1.4866041730954294e-10,1.4813916759948142e-10
daisy_mamil4_0_1em2,daisy_mamil4,0,1em2,466,100,0.29698414485883967,0.3747562800560347,0.077772135197195
daisy_mamil4_0_1em4,daisy_mamil4,0,1em4,450,100,0.008226596590190427,0.00822659771871287,1.1285224421619944e-09
daisy_mamil4_0_1em6,daisy_mamil4,0,1em6,519,100,0.00043911067993313013,0.0004391124883508235,1.808417693371922e-09
daisy_mamil4_1_0,daisy_mamil4,1,0,587,100,4.153788424332561e-12,5.14622677805221e-10,5.104688893808884e-10
daisy_mamil4_1_1em2,daisy_mamil4,1,1em2,400,100,0.5751271539401145,0.5751271539401155,9.992007221626409e-16
daisy_mamil4_1_1em4,daisy_mamil4,1,1em4,462,100,0.03644128245806816,0.0364412825028384,4.477024306837052e-11
daisy_mamil4_1_1em6,daisy_mamil4,1,1em6,477,100,0.0007135963479748542,0.0007135971567663879,8.087915337462448e-10
daisy_mamil4_1_1em8,daisy_mamil4,1,1em8,682,100,4.042129538417427e-06,4.042129815418072e-06,2.7700064464397656e-13
daisy_mamil4_2_0,daisy_mamil4,2,0,559,100,1.2234657731369225e-13,1.3079703986562663e-10,1.3067469328831294e-10
daisy_mamil4_2_1em2,daisy_mamil4,2,1em2,439,100,0.1203900513941038,0.1203900513941038,0.0
daisy_mamil4_2_1em4,daisy_mamil4,2,1em4,457,100,0.003342857235623775,0.0033428926068056475,3.537118187235677e-08
daisy_mamil4_2_1em6,daisy_mamil4,2,1em6,523,100,3.6942430568065454e-05,3.694245579555222e-05,2.522748676625497e-11
daisy_mamil4_2_1em8,daisy_mamil4,2,1em8,653,100,1.4100902706593033e-07,1.4106812928904588e-07,5.910222311555913e-11
daisy_mamil4_3_0,daisy_mamil4,3,0,626,100,4.203970505045618e-12,3.6833758265686356e-11,3.262978776064074e-11
daisy_mamil4_3_1em2,daisy_mamil4,3,1em2,378,100,0.3488525018050527,0.4906762805738404,0.1418237787687877
daisy_mamil4_3_1em4,daisy_mamil4,3,1em4,498,100,0.04751074055229143,0.04751074985484205,9.302550618706107e-09
daisy_mamil4_3_1em6,daisy_mamil4,3,1em6,640,100,7.782557558300152e-05,7.786368543982736e-05,3.810985682584089e-08
daisy_mamil4_3_1em8,daisy_mamil4,3,1em8,699,100,3.502865480453643e-06,3.5027681370980446e-06,-9.734335559841156e-11
daisy_mamil4_4_0,daisy_mamil4,4,0,618,100,9.51672074478438e-12,3.5362730521626418e-09,3.5267563314178574e-09
daisy_mamil4_4_1em2,daisy_mamil4,4,1em2,520,100,0.10981778120105568,0.289559134439361,0.1797413532383053
daisy_mamil4_4_1em4,daisy_mamil4,4,1em4,496,100,0.05967284341644319,0.05967229253965123,-5.508767919604196e-07
daisy_mamil4_4_1em6,daisy_mamil4,4,1em6,635,100,0.00035858370318259114,0.002248859436969952,0.001890275733787361
daisy_mamil4_4_1em8,daisy_mamil4,4,1em8,699,100,2.1434457884828007e-05,2.143456384473552e-05,1.0595990751482987e-10
daisy_mamil4_5_0,daisy_mamil4,5,0,532,100,3.333167075680876e-13,7.040007465874965e-11,7.006675795118156e-11
daisy_mamil4_5_1em2,daisy_mamil4,5,1em2,481,100,0.15598999997994745,2.6089077714469253,2.4529177714669776
daisy_mamil4_5_1em4,daisy_mamil4,5,1em4,463,100,0.04362126648759396,0.043621266487360366,-2.3359092438113294e-13
daisy_mamil4_5_1em6,daisy_mamil4,5,1em6,607,100,0.0008046918644919188,0.0008047046276929426,1.2763201023835435e-08
daisy_mamil4_5_1em8,daisy_mamil4,5,1em8,630,100,4.617988162231024e-06,4.618219086705011e-06,2.3092447398731508e-10
daisy_mamil4_6_0,daisy_mamil4,6,0,532,100,6.59916565837193e-13,3.2539348993054773e-10,3.2473357336471054e-10
daisy_mamil4_6_1em2,daisy_mamil4,6,1em2,384,100,0.29398497232218945,0.38474058507494613,0.09075561275275668
daisy_mamil4_6_1em4,daisy_mamil4,6,1em4,488,100,0.012249766634702675,0.012249821628775859,5.4994073184211345e-08
daisy_mamil4_6_1em6,daisy_mamil4,6,1em6,571,100,0.00045080554901977266,0.0004508101667541897,4.617734417067254e-09
daisy_mamil4_6_1em8,daisy_mamil4,6,1em8,644,100,6.107958058110263e-06,6.1079210745829116e-06,-3.698352735170829e-11
daisy_mamil4_7_0,daisy_mamil4,7,0,576,100,1.130762150580722e-12,9.438295700547883e-10,9.426988079042076e-10
daisy_mamil4_7_1em2,daisy_mamil4,7,1em2,506,100,0.12331572981539984,0.42648935251624315,0.3031736227008433
daisy_mamil4_7_1em6,daisy_mamil4,7,1em6,460,100,5.730289904770647e-05,5.730305445317274e-05,1.554054662733506e-10
daisy_mamil4_7_1em8,daisy_mamil4,7,1em8,678,100,5.33982126404986e-07,5.339878796917219e-07,5.753286735910024e-12
daisy_mamil4_8_0,daisy_mamil4,8,0,884,100,2.1575815328800374e-08,9.137905765121968e-07,8.922147611833964e-07
daisy_mamil4_8_1em2,daisy_mamil4,8,1em2,482,100,0.3340965081410293,0.33409650814236597,1.3366530104974572e-12
daisy_mamil4_8_1em4,daisy_mamil4,8,1em4,650,100,0.2609621200087847,0.2850873594337615,0.024125239424976797
daisy_mamil4_8_1em6,daisy_mamil4,8,1em6,672,100,0.018288756967648312,0.018288756962648978,-4.99933427988708e-12
daisy_mamil4_8_1em8,daisy_mamil4,8,1em8,884,100,0.0011767098595817649,0.01188273558745026,0.010706025727868496
daisy_mamil4_9_0,daisy_mamil4,9,0,560,100,1.0805800698676649e-12,5.670524050316317e-10,5.65971824961764e-10
daisy_mamil4_9_1em2,daisy_mamil4,9,1em2,492,100,0.19634425295190872,0.19634162315079073,-2.6298011179815006e-06
daisy_mamil4_9_1em4,daisy_mamil4,9,1em4,481,100,0.001540703833060597,0.001540817571427211,1.1373836661388026e-07
daisy_mamil4_9_1em6,daisy_mamil4,9,1em6,465,100,0.00011944960724641351,0.00011944961641219276,9.165779246700367e-12
daisy_mamil4_9_1em8,daisy_mamil4,9,1em8,680,100,4.1714312659646424e-07,4.1711286202783526e-07,-3.0264568628979305e-11
dc_motor_0_0,dc_motor,0,0,204,100,2.6265323249674566e-11,2.6252111595681527e-11,-1.3211653993039363e-14
dc_motor_0_1em2,dc_motor,0,1em2,242,100,0.01134911346435552,0.015460403442382864,0.004111289978027344
dc_motor_0_1em4,dc_motor,0,1em4,260,100,8.17184448242414e-05,8.17184448242414e-05,0.0
dc_motor_0_1em6,dc_motor,0,1em6,280,100,1.122283935545143e-05,2.044759528940787e-05,9.224755933956441e-06
dc_motor_0_1em8,dc_motor,0,1em8,229,100,1.408386230467018e-05,2.542859041876344e-05,1.1344728114093261e-05
dc_motor_1_0,dc_motor,1,0,214,100,4.340749981679437e-12,4.339528736352349e-12,-1.2212453270876722e-15
dc_motor_1_1em2,dc_motor,1,1em2,217,100,0.01857582473754882,0.018501914978027334,-7.390975952148438e-05
dc_motor_1_1em4,dc_motor,1,1em4,201,100,9.99794006347754e-05,9.99794006347754e-05,0.0
dc_motor_1_1em6,dc_motor,1,1em6,272,100,4.611968994150395e-06,5.116158492690648e-06,5.041894985402529e-07
dc_motor_1_1em8,dc_motor,1,1em8,249,100,4.012605965164617e-06,3.8080100831505703e-06,-2.04595882014047e-07
dc_motor_2_0,dc_motor,2,0,210,100,2.4865443037924706e-11,2.487138273110645e-11,5.9396931817445875e-15
dc_motor_2_1em2,dc_motor,2,1em2,254,100,0.022213584899902328,0.022213584899902328,0.0
dc_motor_2_1em4,dc_motor,2,1em4,237,100,0.000219696044921891,0.000219696044921891,0.0
dc_motor_2_1em6,dc_motor,2,1em6,260,100,2.9640197753977304e-06,3.849792480470349e-05,3.553390502930576e-05
dc_motor_2_1em8,dc_motor,2,1em8,212,100,3.4408569336008554e-06,3.467995622175035e-06,2.713868857417978e-08
dc_motor_3_0,dc_motor,3,0,198,100,1.6066314945106797e-12,1.608102540018308e-12,1.4710455076283324e-15
dc_motor_3_1em2,dc_motor,3,1em2,205,100,0.016292572021484375,0.016292572021484375,0.0
dc_motor_3_1em4,dc_motor,3,1em4,219,100,3.556060791010118e-05,9.441375732421875e-05,5.885314941411757e-05
dc_motor_3_1em6,dc_motor,3,1em6,250,100,5.882263183598635e-06,1.811981201171875e-05,1.2237548828120115e-05
dc_motor_3_1em8,dc_motor,3,1em8,243,100,6.537309934495639e-07,6.537309682475012e-07,-2.5202062658991053e-14
dc_motor_4_0,dc_motor,4,0,249,100,1.1013079337374165e-11,1.1194323246144222e-11,1.812439087700568e-13
dc_motor_4_1em2,dc_motor,4,1em2,215,100,0.032800989522035195,0.03280098952203636,1.1657341758564144e-15
dc_motor_4_1em4,dc_motor,4,1em4,305,100,0.00012703704833982865,0.00012703704833982865,0.0
dc_motor_4_1em6,dc_motor,4,1em6,310,100,1.377105712885296e-05,2.4468583937786725e-05,1.0697526808933766e-05
dc_motor_4_1em8,dc_motor,4,1em8,275,100,5.437419042686464e-06,5.43741877390147e-06,-2.687849942617504e-13
dc_motor_5_0,dc_motor,5,0,193,100,2.4557800237801075e-11,2.454741965252083e-11,-1.0380585280245214e-14
dc_motor_5_1em2,dc_motor,5,1em2,253,100,0.019455947875976543,0.021250762939453105,0.0017948150634765625
dc_motor_5_1em4,dc_motor,5,1em4,254,100,0.00018211364746095748,0.00027346801757810457,9.135437011714709e-05
dc_motor_5_1em6,dc_motor,5,1em6,289,100,1.1721692285360241e-05,2.021537646734739e-05,8.493684181987149e-06
dc_motor_5_1em8,dc_motor,5,1em8,234,100,4.242608872495612e-06,4.242609184468282e-06,3.11972669919669e-13
dc_motor_6_0,dc_motor,6,0,195,100,1.4953593918676233e-12,4.916733686854968e-12,3.421374294987345e-12
dc_motor_6_1em2,dc_motor,6,1em2,247,100,0.020282234285614376,0.020282234285614376,0.0
dc_motor_6_1em4,dc_motor,6,1em4,259,100,5.317687988282138e-05,5.317687988282138e-05,0.0
dc_motor_6_1em6,dc_motor,6,1em6,299,100,1.3828208141108966e-05,1.3828208141108966e-05,0.0
dc_motor_6_1em8,dc_motor,6,1em8,254,100,4.2359396124069804e-07,4.235939100594166e-07,-5.1181281435219717e-14
dc_motor_7_0,dc_motor,7,0,209,100,1.7413515074338193e-11,1.7413182007430805e-11,-3.3306690738754696e-16
dc_motor_7_1em2,dc_motor,7,1em2,224,100,0.011978012084960965,0.011978012084960965,0.0
dc_motor_7_1em4,dc_motor,7,1em4,272,100,1.7982482910183784e-05,2.8644561767598997e-05,1.0662078857415214e-05
dc_motor_7_1em6,dc_motor,7,1em6,249,100,5.246280449677787e-06,5.246280455839525e-06,6.161737786669619e-15
dc_motor_7_1em8,dc_motor,7,1em8,228,100,4.061186564596753e-06,4.0612197428346875e-06,3.3178237934805566e-11
dc_motor_8_0,dc_motor,8,0,206,100,4.9404924595819466e-11,4.9489634612598365e-11,8.471001677889944e-14
dc_motor_8_1em2,dc_motor,8,1em2,176,100,0.05798153686523433,0.05798153686523433,0.0
dc_motor_8_1em4,dc_motor,8,1em4,246,100,0.00017323303222654962,0.0002266769409179359,5.3443908691386266e-05
dc_motor_8_1em6,dc_motor,8,1em6,262,100,1.2100219726529637e-05,4.6684265136764935e-05,3.45840454102353e-05
dc_motor_8_1em8,dc_motor,8,1em8,240,100,7.659964208206471e-07,6.238519280887811e-07,-1.4214449273186602e-07
dc_motor_9_0,dc_motor,9,0,212,100,1.7855716905046393e-12,2.1268542482744124e-12,3.412825577697731e-13
dc_motor_9_1em2,dc_motor,9,1em2,178,100,0.028321072798208946,0.028321072798208946,0.0
dc_motor_9_1em4,dc_motor,9,1em4,274,100,2.237701416019089e-05,1.143646240231444e-05,-1.0940551757876449e-05
dc_motor_9_1em6,dc_motor,9,1em6,284,100,8.232116699202763e-06,2.8344591024520582e-05,2.011247432531782e-05
dc_motor_9_1em8,dc_motor,9,1em8,238,100,8.232116699202763e-06,7.879764514773235e-06,-3.523521844295274e-07
fitzhugh_nagumo_0_0,fitzhugh_nagumo,0,0,538,100,2.293443213119417e-12,2.2017943024366105e-10,2.1788598703054163e-10
fitzhugh_nagumo_0_1em2,fitzhugh_nagumo,0,1em2,392,100,0.5976972067391841,3.38321049166117,2.785513284921986
fitzhugh_nagumo_0_1em4,fitzhugh_nagumo,0,1em4,446,100,0.0041094011666094055,0.004109400828444465,-3.381649404943232e-10
fitzhugh_nagumo_0_1em6,fitzhugh_nagumo,0,1em6,546,100,0.0001250506101454496,0.0001250505761780374,-3.396741221628474e-11
fitzhugh_nagumo_0_1em8,fitzhugh_nagumo,0,1em8,628,100,7.329741854300575e-07,7.330192657029055e-07,4.5080272847997094e-11
fitzhugh_nagumo_1_0,fitzhugh_nagumo,1,0,537,100,7.83129117110093e-12,2.673639087902302e-12,-5.157652083198627e-12
fitzhugh_nagumo_1_1em2,fitzhugh_nagumo,1,1em2,484,100,0.35738131168408493,0.3562568476705763,-0.0011244640135086303
fitzhugh_nagumo_1_1em4,fitzhugh_nagumo,1,1em4,338,100,0.0019233483404138552,0.0019233586716235207,1.0331209665537244e-08
fitzhugh_nagumo_1_1em6,fitzhugh_nagumo,1,1em6,544,100,0.00028956404031865723,0.0002895568059626541,-7.234356003138487e-09
fitzhugh_nagumo_1_1em8,fitzhugh_nagumo,1,1em8,588,100,1.6975858592171988e-06,1.6967894138630868e-06,-7.96445354112052e-10
fitzhugh_nagumo_2_0,fitzhugh_nagumo,2,0,556,100,3.1973312886179883e-12,1.6141543657255397e-10,1.5821810528393598e-10
fitzhugh_nagumo_2_1em2,fitzhugh_nagumo,2,1em2,464,100,0.16709189503827482,0.20651303611895475,0.03942114108067993
fitzhugh_nagumo_2_1em4,fitzhugh_nagumo,2,1em4,386,100,0.009163569156149354,0.009163517199259785,-5.195688956849409e-08
fitzhugh_nagumo_2_1em6,fitzhugh_nagumo,2,1em6,615,100,7.198911615724501e-05,7.199291389481388e-05,3.797737568866921e-09
fitzhugh_nagumo_2_1em8,fitzhugh_nagumo,2,1em8,558,100,1.3378665658092537e-06,1.3400952594277982e-06,2.2286936185444972e-09
fitzhugh_nagumo_3_0,fitzhugh_nagumo,3,0,546,100,2.9443669724571464e-11,9.533972611386332e-09,9.50452894166176e-09
fitzhugh_nagumo_3_1em2,fitzhugh_nagumo,3,1em2,295,100,0.31956472364259536,0.3481177520493962,0.02855302840680085
fitzhugh_nagumo_3_1em4,fitzhugh_nagumo,3,1em4,350,100,0.013633770071256213,0.013633870063940567,9.999268435478825e-08
fitzhugh_nagumo_3_1em6,fitzhugh_nagumo,3,1em6,445,100,2.6541001284741128e-05,2.657237902381482e-05,3.1377739073690236e-08
fitzhugh_nagumo_3_1em8,fitzhugh_nagumo,3,1em8,487,100,1.677693921009471e-06,1.6779846253589525e-06,2.907043494815298e-10
fitzhugh_nagumo_4_0,fitzhugh_nagumo,4,0,561,100,1.0848794085305258e-11,9.070450612824743e-09,9.059601818739438e-09
fitzhugh_nagumo_4_1em2,fitzhugh_nagumo,4,1em2,295,100,0.14708568286020374,0.14708568286020407,3.3306690738754696e-16
fitzhugh_nagumo_4_1em4,fitzhugh_nagumo,4,1em4,353,100,0.042056513666754086,0.05205533214657604,0.009998818479821953
fitzhugh_nagumo_4_1em6,fitzhugh_nagumo,4,1em6,556,100,0.0004983461006719536,0.0004983460820325303,-1.863942333812929e-11
fitzhugh_nagumo_4_1em8,fitzhugh_nagumo,4,1em8,524,100,5.265577451579739e-05,5.2668400623234746e-05,1.2626107437352374e-08
fitzhugh_nagumo_5_0,fitzhugh_nagumo,5,0,531,100,7.034262061722529e-12,8.921349214929819e-10,8.851006594312594e-10
fitzhugh_nagumo_5_1em2,fitzhugh_nagumo,5,1em2,422,100,0.825186275698415,0.8887512804966894,0.06356500479827443
fitzhugh_nagumo_5_1em4,fitzhugh_nagumo,5,1em4,441,100,0.008735152176592598,0.008735153162121478,9.855288807258944e-10
fitzhugh_nagumo_5_1em6,fitzhugh_nagumo,5,1em6,489,100,0.0003516409109801666,0.00035164082910532635,-8.187484024091418e-11
fitzhugh_nagumo_5_1em8,fitzhugh_nagumo,5,1em8,554,100,3.834508214062282e-06,3.8345073519741035e-06,-8.620881786214341e-13
fitzhugh_nagumo_6_0,fitzhugh_nagumo,6,0,522,100,1.9847457011223923e-12,2.3901103318735295e-11,2.1916357617612903e-11
fitzhugh_nagumo_6_1em2,fitzhugh_nagumo,6,1em2,363,100,0.3415673827664823,0.3415673827664822,-1.1102230246251565e-16
fitzhugh_nagumo_6_1em4,fitzhugh_nagumo,6,1em4,452,100,0.011067081402837353,0.011067083121443888,1.7186065348617774e-09
fitzhugh_nagumo_6_1em6,fitzhugh_nagumo,6,1em6,531,100,0.00020911522924615955,0.00020912326712363427,8.03787747472029e-09
fitzhugh_nagumo_6_1em8,fitzhugh_nagumo,6,1em8,493,100,1.9723251930559016e-06,1.9725526884117883e-06,2.2749535588673098e-10
fitzhugh_nagumo_7_0,fitzhugh_nagumo,7,0,582,100,1.8669510382096632e-12,1.7831059961892493e-09,1.7812390451510396e-09
fitzhugh_nagumo_7_1em2,fitzhugh_nagumo,7,1em2,530,100,0.8329885754129622,1.1997039156990965,0.3667153402861343
fitzhugh_nagumo_7_1em4,fitzhugh_nagumo,7,1em4,477,100,0.04582811783804053,0.04582807848070647,-3.93573340584652e-08
fitzhugh_nagumo_7_1em6,fitzhugh_nagumo,7,1em6,577,100,0.0008542709029304429,0.0008542807657520024,9.862821559458723e-09
fitzhugh_nagumo_7_1em8,fitzhugh_nagumo,7,1em8,590,100,1.1062122040828015e-05,1.1060026930742595e-05,-2.095110085420515e-09
fitzhugh_nagumo_8_0,fitzhugh_nagumo,8,0,488,100,1.6747714326470486e-12,4.0349862895361355e-09,4.0333115181034884e-09
fitzhugh_nagumo_8_1em2,fitzhugh_nagumo,8,1em2,415,100,0.1099418398916947,0.17283597686683483,0.06289413697514012
fitzhugh_nagumo_8_1em4,fitzhugh_nagumo,8,1em4,433,100,0.012390965282594424,0.012391001130611867,3.584801744338506e-08
fitzhugh_nagumo_8_1em6,fitzhugh_nagumo,8,1em6,684,100,2.441443151823819e-05,2.441441309386505e-05,-1.8424373138259398e-11
fitzhugh_nagumo_8_1em8,fitzhugh_nagumo,8,1em8,512,100,5.270986974670322e-08,5.2711977227559714e-08,2.1074808564947034e-12
fitzhugh_nagumo_9_0,fitzhugh_nagumo,9,0,642,100,7.014411274042232e-11,1.0828532515105849e-09,1.0127091387701626e-09
fitzhugh_nagumo_9_1em2,fitzhugh_nagumo,9,1em2,358,100,0.60299,1.6607585931561037,1.0577685931561036
fitzhugh_nagumo_9_1em4,fitzhugh_nagumo,9,1em4,557,100,0.007342782456517538,0.007342901232185839,1.1877566830076347e-07
fitzhugh_nagumo_9_1em6,fitzhugh_nagumo,9,1em6,527,100,0.0001540003175271032,0.00015401052847219265,1.0210945089461632e-08
fitzhugh_nagumo_9_1em8,fitzhugh_nagumo,9,1em8,647,100,2.0164624543461684e-06,2.016538250493305e-06,7.579614713648652e-11
flexible_arm_0_0,flexible_arm,0,0,202,100,2.0019541580040823e-12,1.9679258222993212e-12,-3.402833570476105e-14
flexible_arm_0_1em2,flexible_arm,0,1em2,244,100,0.876948772765889,0.8769797296379072,3.095687201815078e-05
flexible_arm_0_1em4,flexible_arm,0,1em4,208,100,0.06662531205961836,0.06662531792873871,5.869120356383206e-09
flexible_arm_0_1em6,flexible_arm,0,1em6,210,100,0.0011562348047963744,0.0011562375800169278,2.7752205533637664e-09
flexible_arm_0_1em8,flexible_arm,0,1em8,208,100,2.1509463384306038e-06,2.1505448619674183e-06,-4.0147646318544616e-10
flexible_arm_1_0,flexible_arm,1,0,235,100,4.688471832992036e-13,4.656275365277907e-13,-3.219646771412954e-15
flexible_arm_1_1em2,flexible_arm,1,1em2,277,100,0.4825344754631693,0.48494160533776354,0.0024071298745942382
flexible_arm_1_1em4,flexible_arm,1,1em4,266,100,0.009051885238131552,0.009051885896463607,6.58332055536448e-10
flexible_arm_1_1em6,flexible_arm,1,1em6,235,100,0.00014360584300004975,0.00014360584398220855,9.821587987346447e-13
flexible_arm_1_1em8,flexible_arm,1,1em8,235,100,5.949108249914126e-07,5.94875277815099e-07,-3.5547176313599493e-11
flexible_arm_2_0,flexible_arm,2,0,190,100,9.958700530887654e-13,1.1864953464169048e-12,1.9062529332813938e-13
flexible_arm_2_1em2,flexible_arm,2,1em2,292,100,0.45992833460477445,0.4604138978446547,0.00048556323988024896
flexible_arm_2_1em4,flexible_arm,2,1em4,212,100,0.002317500496502589,0.002317478408126017,-2.2088376572249047e-08
flexible_arm_2_1em6,flexible_arm,2,1em6,195,100,0.0001433053996318101,0.00014330539665852182,-2.9732882822486317e-12
flexible_arm_2_1em8,flexible_arm,2,1em8,198,100,5.448907852145801e-07,5.447565317728831e-07,-1.342534416970409e-10
flexible_arm_3_0,flexible_arm,3,0,181,100,6.274980535181385e-13,3.9879211044535623e-13,-2.2870594307278225e-13
flexible_arm_3_1em2,flexible_arm,3,1em2,235,100,0.4764932819636345,0.4765176531966716,2.437123303711264e-05
flexible_arm_3_1em4,flexible_arm,3,1em4,197,100,0.002022005684961803,0.002022005715971331,3.1009528278502785e-11
flexible_arm_3_1em6,flexible_arm,3,1em6,230,100,4.742722295225654e-05,4.742722285377976e-05,-9.847678228425139e-14
flexible_arm_3_1em8,flexible_arm,3,1em8,225,100,9.820102955249155e-07,9.820094939438917e-07,-8.01581023779363e-13
flexible_arm_4_0,flexible_arm,4,0,198,100,4.731770530952417e-13,4.830580380144056e-13,9.880984919163893e-15
flexible_arm_4_1em2,flexible_arm,4,1em2,226,100,0.28298999999999996,0.28298999999999996,0.0
flexible_arm_4_1em4,flexible_arm,4,1em4,210,100,0.007304094998056732,0.007304096023798001,1.02574126970012e-09
flexible_arm_4_1em6,flexible_arm,4,1em6,242,100,7.921945884831194e-05,7.921945856220747e-05,-2.8610447344590284e-13
flexible_arm_4_1em8,flexible_arm,4,1em8,238,100,1.657839694968466e-07,1.6578269673717116e-07,-1.2727596754302795e-12
flexible_arm_5_0,flexible_arm,5,0,197,100,1.5100143357926754e-12,1.4770407119613083e-12,-3.297362383136715e-14
flexible_arm_5_1em2,flexible_arm,5,1em2,234,100,0.9322349932759764,1.2460836573114338,0.3138486640354574
flexible_arm_5_1em4,flexible_arm,5,1em4,212,100,0.025795330797965255,0.025795309867896354,-2.0930068900248955e-08
flexible_arm_5_1em6,flexible_arm,5,1em6,204,100,0.00031128388380530225,0.0003112838843323251,5.270228697895618e-13
flexible_arm_5_1em8,flexible_arm,5,1em8,194,100,2.4928323218986748e-06,2.4928321727957226e-06,-1.4910295220715852e-13
flexible_arm_6_0,flexible_arm,6,0,189,100,5.839773109528323e-13,6.59916565837193e-13,7.593925488436071e-14
flexible_arm_6_1em2,flexible_arm,6,1em2,252,100,0.41187561053438715,0.7140257404909288,0.30215012995654167
flexible_arm_6_1em4,flexible_arm,6,1em4,202,100,0.004459864443323247,0.0044598644088325035,-3.4490743594517426e-11
flexible_arm_6_1em6,flexible_arm,6,1em6,234,100,4.261877538069836e-05,4.2618778028691295e-05,2.647992936033461e-12
flexible_arm_6_1em8,flexible_arm,6,1em8,232,100,4.81022144782628e-07,4.810740796834523e-07,5.193490082433527e-11
flexible_arm_7_0,flexible_arm,7,0,263,100,2.548738997631972e-12,3.219247091124089e-11,2.964373191360892e-11
flexible_arm_7_1em2,flexible_arm,7,1em2,252,100,0.7452723688313938,0.7452723045193695,-6.431202426160354e-08
flexible_arm_7_1em4,flexible_arm,7,1em4,226,100,0.019552019646600804,0.019551983386597027,-3.626000377732197e-08
flexible_arm_7_1em6,flexible_arm,7,1em6,312,100,0.00013109016962764564,0.0001310901698718947,2.4424906541753444e-13
flexible_arm_7_1em8,flexible_arm,7,1em8,294,100,8.107420533809417e-07,8.107439927185212e-07,1.9393375794152234e-12
flexible_arm_8_0,flexible_arm,8,0,253,100,1.7436607713250396e-12,2.0373702724896248e-12,2.9370950116458516e-13
flexible_arm_8_1em2,flexible_arm,8,1em2,266,100,0.57428463466604,0.7749158374126269,0.20063120274658697
flexible_arm_8_1em4,flexible_arm,8,1em4,249,100,0.03763102798492579,0.03763102232970422,-5.655221568812152e-09
flexible_arm_8_1em6,flexible_arm,8,1em6,247,100,0.00037516229955386615,0.0003751622995237791,-3.008704396734174e-14
flexible_arm_8_1em8,flexible_arm,8,1em8,254,100,3.2695808017679795e-06,3.2695094531187685e-06,-7.134864921098938e-11
flexible_arm_9_0,flexible_arm,9,0,231,100,9.877654250090018e-13,1.1624035067825389e-12,1.7463808177353712e-13
flexible_arm_9_1em2,flexible_arm,9,1em2,213,100,0.6718611362451028,0.6779485351744033,0.006087398929300547
flexible_arm_9_1em4,flexible_arm,9,1em4,231,100,0.019895408209068766,0.019895409138411868,9.293431024737231e-10
flexible_arm_9_1em6,flexible_arm,9,1em6,222,100,5.9998173908726304e-05,5.9998175602204995e-05,1.6934786906119825e-12
flexible_arm_9_1em8,flexible_arm,9,1em8,228,100,1.962692749490902e-06,1.962690099333031e-06,-2.65015787093148e-12
forced_lotka_volterra_0_0,forced_lotka_volterra,0,0,185,100,3.3272162802688854e-10,7.502794718838857e-09,7.170073090811968e-09
forced_lotka_volterra_0_1em2,forced_lotka_volterra,0,1em2,254,100,0.0005443801879883026,0.0005443801879883026,0.0
forced_lotka_volterra_0_1em4,forced_lotka_volterra,0,1em4,214,100,2.1865844726520756e-05,2.7488708496115066e-05,5.622863769594311e-06
forced_lotka_volterra_0_1em6,forced_lotka_volterra,0,1em6,268,100,1.6143798828083256e-05,6.42547607422328e-05,4.811096191414954e-05
forced_lotka_volterra_0_1em8,forced_lotka_volterra,0,1em8,193,100,2.1410015484946143e-06,2.3374869168035772e-06,1.964853683089629e-07
forced_lotka_volterra_1_0,forced_lotka_volterra,1,0,243,100,1.73976499873163e-10,1.73976499873163e-10,0.0
forced_lotka_volterra_1_1em2,forced_lotka_volterra,1,1em2,296,100,0.00018875122070316497,0.00018875122070316497,0.0
forced_lotka_volterra_1_1em4,forced_lotka_volterra,1,1em4,338,100,0.00018127441406246003,0.00011260986328121003,-6.866455078125e-05
forced_lotka_volterra_1_1em6,forced_lotka_volterra,1,1em6,338,100,0.00012771606445316497,0.00058929443359379,0.000461578369140625
forced_lotka_volterra_1_1em8,forced_lotka_volterra,1,1em8,276,100,6.166033746657362e-05,3.584510325693735e-05,-2.5815234209636273e-05
forced_lotka_volterra_2_0,forced_lotka_volterra,2,0,227,100,5.1802118150590104e-11,8.231998416263764e-11,3.0517866012047534e-11
forced_lotka_volterra_2_1em2,forced_lotka_volterra,2,1em2,299,100,0.008077331542968746,0.0031258544921874964,-0.00495147705078125
forced_lotka_volterra_2_1em4,forced_lotka_volterra,2,1em4,356,100,0.0023367919921875036,0.0013983764648437536,-0.00093841552734375
forced_lotka_volterra_2_1em6,forced_lotka_volterra,2,1em6,382,100,0.00013189697265625355,0.00010132378754612592,-3.057318511012763e-05
forced_lotka_volterra_2_1em8,forced_lotka_volterra,2,1em8,286,100,1.77497740076471e-05,1.0374096904519625e-05,-7.375677103127476e-06
forced_lotka_volterra_3_0,forced_lotka_volterra,3,0,222,100,2.659396591830898e-10,1.6329948504534286e-09,1.3670551912703388e-09
forced_lotka_volterra_3_1em2,forced_lotka_volterra,3,1em2,257,100,0.001890747070312504,0.001890747070312504,0.0
forced_lotka_volterra_3_1em4,forced_lotka_volterra,3,1em4,382,100,9.5367431640625e-05,9.4024658203129e-05,-1.3427734374960032e-06
forced_lotka_volterra_3_1em6,forced_lotka_volterra,3,1em6,393,100,0.00011444091796875,0.000637054443359375,0.000522613525390625
forced_lotka_volterra_3_1em8,forced_lotka_volterra,3,1em8,311,100,6.140729440434756e-05,6.140729440434756e-05,0.0
forced_lotka_volterra_4_0,forced_lotka_volterra,4,0,225,100,1.1219192241895826e-10,5.966446781080492e-10,4.84452755689091e-10
forced_lotka_volterra_4_1em2,forced_lotka_volterra,4,1em2,240,100,0.0010548706054687718,0.0019282226562499782,0.0008733520507812065
forced_lotka_volterra_4_1em4,forced_lotka_volterra,4,1em4,293,100,6.280517578127753e-05,3.231811523435324e-05,-3.0487060546924294e-05
forced_lotka_volterra_4_1em6,forced_lotka_volterra,4,1em6,356,100,0.00019824218749997513,0.00019824218749997513,0.0
forced_lotka_volterra_4_1em8,forced_lotka_volterra,4,1em8,268,100,1.79957607773229e-05,1.79957607773229e-05,0.0
forced_lotka_volterra_5_0,forced_lotka_volterra,5,0,204,100,0.0005185699462890714,0.0006811676025391122,0.00016259765625004086
forced_lotka_volterra_5_1em2,forced_lotka_volterra,5,1em2,255,100,0.0005738830566406339,0.0005738830566406339,0.0
forced_lotka_volterra_5_1em4,forced_lotka_volterra,5,1em4,291,100,0.00015235900878907138,0.00015235900878907138,0.0
forced_lotka_volterra_5_1em6,forced_lotka_volterra,5,1em6,332,100,0.00016952514648438388,0.00016952514648438388,0.0
forced_lotka_volterra_5_1em8,forced_lotka_volterra,5,1em8,255,100,0.00013710021972657138,0.0003068542480468839,0.0001697540283203125
forced_lotka_volterra_6_0,forced_lotka_volterra,6,0,193,100,9.063720703084144e-06,9.063720703084144e-06,0.0
forced_lotka_volterra_6_1em2,forced_lotka_volterra,6,1em2,179,100,0.002183671951293986,0.002215381622314494,3.170967102050781e-05
forced_lotka_volterra_6_1em4,forced_lotka_volterra,6,1em4,214,100,5.174064636226383e-05,5.6985855102498206e-05,5.245208740234375e-06
forced_lotka_volterra_6_1em6,forced_lotka_volterra,6,1em6,224,100,2.6130676269442432e-06,2.6130676269442432e-06,0.0
forced_lotka_volterra_6_1em8,forced_lotka_volterra,6,1em8,207,100,6.202697753865394e-06,6.202697753865394e-06,0.0
forced_lotka_volterra_7_0,forced_lotka_volterra,7,0,276,100,1.5568796252196648e-09,1.5568807354426895e-09,1.1102230246251565e-15
forced_lotka_volterra_7_1em2,forced_lotka_volterra,7,1em2,297,100,0.03651684570312502,0.03254956054687502,-0.00396728515625
forced_lotka_volterra_7_1em4,forced_lotka_volterra,7,1em4,353,100,0.009227294921875018,0.018808447687945873,0.009581152766070855
forced_lotka_volterra_7_1em6,forced_lotka_volterra,7,1em6,425,100,0.00012637390200143095,0.0006672235774972113,0.0005408496754957803
forced_lotka_volterra_7_1em8,forced_lotka_volterra,7,1em8,372,100,1.7929480446987611e-06,0.0007918558588847491,0.0007900629108400503
forced_lotka_volterra_8_0,forced_lotka_volterra,8,0,248,100,1.3099793472193255e-10,4.76154743411783e-09,4.630549499395897e-09
forced_lotka_volterra_8_1em2,forced_lotka_volterra,8,1em2,293,100,0.000262786865234399,0.000262786865234399,0.0
forced_lotka_volterra_8_1em4,forced_lotka_volterra,8,1em4,294,100,0.0009160156249999885,0.0014882202148437385,0.00057220458984375
forced_lotka_volterra_8_1em6,forced_lotka_volterra,8,1em6,347,100,0.00013970947265629086,0.000621093749999968,0.00048138427734367717
forced_lotka_volterra_8_1em8,forced_lotka_volterra,8,1em8,287,100,3.475952148435102e-05,3.475952148435102e-05,0.0
forced_lotka_volterra_9_0,forced_lotka_volterra,9,0,240,100,1.221841794407652e-10,1.0217096613196475e-10,-2.001321330880046e-11
forced_lotka_volterra_9_1em2,forced_lotka_volterra,9,1em2,291,100,0.0007768249511719283,0.0007768249511719283,0.0
forced_lotka_volterra_9_1em4,forced_lotka_volterra,9,1em4,340,100,9.375000000000355e-05,0.00013992309570309835,4.61730957030948e-05
forced_lotka_volterra_9_1em6,forced_lotka_volterra,9,1em6,350,100,9.756469726562855e-05,0.00019965952650513596,0.00010209482923950741
forced_lotka_volterra_9_1em8,forced_lotka_volterra,9,1em8,287,100,9.769318149666084e-06,2.5709018252384475e-05,1.593970010271839e-05
harmonic_oscillator_0_0,harmonic_oscillator,0,0,11,10,1.8457457784393227e-14,1.8013368574543165e-14,-4.440892098500626e-16
harmonic_oscillator_0_1em2,harmonic_oscillator,0,1em2,154,100,4.305654185154939e-05,4.3056535174446076e-05,-6.6771033147006165e-12
harmonic_oscillator_0_1em4,harmonic_oscillator,0,1em4,50,51,1.90676134492751e-07,1.9067714646103795e-07,1.0119682869458302e-12
harmonic_oscillator_0_1em6,harmonic_oscillator,0,1em6,22,27,8.540439272453071e-09,8.540446710947336e-09,7.438494264988549e-15
harmonic_oscillator_0_1em8,harmonic_oscillator,0,1em8,9,10,5.2180315623928664e-11,5.2195608946092875e-11,1.529332216421153e-14
harmonic_oscillator_1_0,harmonic_oscillator,1,0,17,13,4.3298697960381105e-14,1.6187051699034782e-13,1.1857181902996672e-13
harmonic_oscillator_1_1em2,harmonic_oscillator,1,1em2,169,100,1.547210879870864e-05,1.547210875152416e-05,-4.718447854656915e-14
harmonic_oscillator_1_1em4,harmonic_oscillator,1,1em4,73,73,2.05333434921684e-07,2.0533346611895098e-07,3.11972669919669e-14
harmonic_oscillator_1_1em6,harmonic_oscillator,1,1em6,19,20,2.049968861328466e-09,2.049938330195289e-09,-3.0531133177191805e-14
harmonic_oscillator_1_1em8,harmonic_oscillator,1,1em8,11,15,3.1838809366746545e-11,3.1837088521058377e-11,-1.7208456881689926e-15
harmonic_oscillator_2_0,harmonic_oscillator,2,0,6,6,1.2323475573339238e-14,4.6851411639181606e-14,3.452793606584237e-14
harmonic_oscillator_2_1em2,harmonic_oscillator,2,1em2,73,73,8.23259756199679e-06,8.232597561552701e-06,-4.440892098500626e-16
harmonic_oscillator_2_1em4,harmonic_oscillator,2,1em4,11,11,1.804731419863259e-08,1.8047314309654894e-08,1.1102230246251565e-16
harmonic_oscillator_2_1em6,harmonic_oscillator,2,1em6,5,5,2.3394364223605635e-10,2.339837212872453e-10,4.007905118896815e-14
harmonic_oscillator_2_1em8,harmonic_oscillator,2,1em8,5,5,3.3539282462413667e-12,3.350597577167491e-12,-3.3306690738754696e-15
harmonic_oscillator_3_0,harmonic_oscillator,3,0,10,11,3.314015728506092e-14,7.494005416219807e-14,4.1799896877137144e-14
harmonic_oscillator_3_1em2,harmonic_oscillator,3,1em2,142,100,6.66142570082684e-06,6.661425698717416e-06,-2.1094237467877974e-15
harmonic_oscillator_3_1em4,harmonic_oscillator,3,1em4,80,78,3.1899749286523615e-07,3.1899624919340397e-07,-1.2436718321851004e-12
harmonic_oscillator_3_1em6,harmonic_oscillator,3,1em6,10,11,7.107575639153652e-10,7.107458510624554e-10,-1.1712852909795402e-14
harmonic_oscillator_3_1em8,harmonic_oscillator,3,1em8,9,11,7.988054662178001e-12,7.98577870497752e-12,-2.275957200481571e-15
harmonic_oscillator_4_0,harmonic_oscillator,4,0,12,12,1.5640266859406893e-14,2.7200464103316335e-14,1.1560197243909442e-14
harmonic_oscillator_4_1em2,harmonic_oscillator,4,1em2,176,100,7.158694992315251e-05,7.158672686918832e-05,-2.2305396418786927e-10
harmonic_oscillator_4_1em4,harmonic_oscillator,4,1em4,82,92,4.40782905897219e-07,4.4078290584170787e-07,-5.551115123125783e-17
harmonic_oscillator_4_1em6,harmonic_oscillator,4,1em6,20,23,1.0197974409376087e-08,1.0198061728416974e-08,8.731904088676856e-14
harmonic_oscillator_4_1em8,harmonic_oscillator,4,1em8,14,14,4.3495929080705764e-11,4.350898807903292e-11,1.3058998327153404e-14
harmonic_oscillator_5_0,harmonic_oscillator,5,0,6,7,2.1316282072803006e-14,8.959499808725013e-14,6.827871601444713e-14
harmonic_oscillator_5_1em2,harmonic_oscillator,5,1em2,177,100,1.5471409967826588e-05,1.547126419620959e-05,-1.4577161699946828e-10
harmonic_oscillator_5_1em4,harmonic_oscillator,5,1em4,85,90,1.214226204249158e-06,1.2142224743438845e-06,-3.729905273530676e-12
harmonic_oscillator_5_1em6,harmonic_oscillator,5,1em6,23,25,1.0349607615367518e-08,1.0349638923656812e-08,3.1308289294429414e-14
harmonic_oscillator_5_1em8,harmonic_oscillator,5,1em8,6,6,2.9492186470747583e-11,2.949063215851311e-11,-1.5543122344752192e-15
harmonic_oscillator_6_0,harmonic_oscillator,6,0,7,6,8.715250743307479e-15,1.2434497875801753e-14,3.7192471324942744e-15
harmonic_oscillator_6_1em2,harmonic_oscillator,6,1em2,155,100,0.00011103689507810377,0.00011103689513006221,5.1958437552457326e-14
harmonic_oscillator_6_1em4,harmonic_oscillator,6,1em4,75,75,5.007069361351313e-06,5.007069361351313e-06,0.0
harmonic_oscillator_6_1em6,harmonic_oscillator,6,1em6,20,18,4.98396708348281e-08,4.983957857529475e-08,-9.225953334635051e-14
harmonic_oscillator_6_1em8,harmonic_oscillator,6,1em8,8,7,7.910277988187886e-11,7.910788690779214e-11,5.10702591327572e-15
harmonic_oscillator_7_0,harmonic_oscillator,7,0,15,17,1.5459855617905305e-14,2.615685446016869e-13,2.461086889837816e-13
harmonic_oscillator_7_1em2,harmonic_oscillator,7,1em2,135,100,8.904647194496462e-06,8.904647194496462e-06,0.0
harmonic_oscillator_7_1em4,harmonic_oscillator,7,1em4,51,46,1.4748233301276059e-08,1.4748152254995262e-08,-8.104628079763643e-14
harmonic_oscillator_7_1em6,harmonic_oscillator,7,1em6,17,17,3.752553545677273e-10,3.753039823362059e-10,4.8627768478581856e-14
harmonic_oscillator_7_1em8,harmonic_oscillator,7,1em8,14,14,9.09661235226622e-13,9.09966546558394e-13,3.0531133177191805e-16
harmonic_oscillator_8_0,harmonic_oscillator,8,0,7,7,1.5834555888716295e-14,1.669497873280079e-14,8.604228440844963e-16
harmonic_oscillator_8_1em2,harmonic_oscillator,8,1em2,174,100,4.6649867244896726e-05,4.664986697611173e-05,-2.687849942617504e-13
harmonic_oscillator_8_1em4,harmonic_oscillator,8,1em4,81,81,6.689873137677438e-07,6.689873137677438e-07,0.0
harmonic_oscillator_8_1em6,harmonic_oscillator,8,1em6,13,16,7.965953896515998e-09,7.966142995252667e-09,1.890987366692798e-13
harmonic_oscillator_8_1em8,harmonic_oscillator,8,1em8,9,10,1.109774494523208e-10,1.1097689434080849e-10,-5.551115123125783e-16
harmonic_oscillator_9_0,harmonic_oscillator,9,0,9,9,2.55351295663786e-14,1.2401191185062999e-13,9.847678228425139e-14
harmonic_oscillator_9_1em2,harmonic_oscillator,9,1em2,157,100,6.197892693815543e-05,6.197892693815543e-05,0.0
harmonic_oscillator_9_1em4,harmonic_oscillator,9,1em4,88,88,5.586770410737074e-07,5.586770410737074e-07,0.0
harmonic_oscillator_9_1em6,harmonic_oscillator,9,1em6,14,14,7.028304382927786e-09,7.028243653728339e-09,-6.072919944699606e-14
harmonic_oscillator_9_1em8,harmonic_oscillator,9,1em8,10,9,3.971234452393446e-11,3.9708458743348274e-11,-3.885780586188048e-15
hiv_0_0,hiv,0,0,1468,100,2.2239115249345076e-07,2.2427863310969798e-07,1.887480616247217e-09
hiv_0_1em2,hiv,0,1em2,1361,100,0.3571239944821741,44.50690459474437,44.1497806002622
hiv_0_1em4,hiv,0,1em4,1245,100,0.4693247779929828,30.017368791373038,29.548044013380053
hiv_0_1em6,hiv,0,1em6,1209,100,0.531772370173296,0.5322330137844847,0.00046064361118869357
hiv_0_1em8,hiv,0,1em8,1532,100,0.013928961830752762,0.013980067845101862,5.110601434910045e-05
hiv_1_0,hiv,1,0,1422,100,1.195188947811232e-09,2.803623222469298e-09,1.608434274658066e-09
hiv_1_1em2,hiv,1,1em2,1440,100,1.4600951604359862,18.5453353777908,17.085240217354812
hiv_1_1em4,hiv,1,1em4,1425,100,0.7459882036020602,76.42153352090041,75.67554531729834
hiv_1_1em6,hiv,1,1em6,1435,100,0.32238070534190755,0.32239108199941724,1.0376657509691967e-05
hiv_1_1em8,hiv,1,1em8,2151,100,0.00037841567737739723,0.002966155542842963,0.002587739865465566
hiv_2_0,hiv,2,0,1500,100,2.6371409722614203e-08,2.5918304336070008e-08,-4.5310538654419474e-10
hiv_2_1em2,hiv,2,1em2,1209,100,0.7489872325002462,14.80893974971994,14.059952517219694
hiv_2_1em4,hiv,2,1em4,1063,100,0.2517279457255994,21.147595965690538,20.89586801996494
hiv_2_1em6,hiv,2,1em6,1187,100,0.24836517574202177,0.2719899995527409,0.02362482381071912
hiv_2_1em8,hiv,2,1em8,1418,100,0.0017171823923522456,0.0017171829509556868,5.586034412807805e-10
hiv_3_0,hiv,3,0,1618,100,2.405371013480817e-09,2.406171539792723e-09,8.005263119059691e-13
hiv_3_1em2,hiv,3,1em2,960,100,0.3392390438877969,44.90260293210718,44.563363888219385
hiv_3_1em4,hiv,3,1em4,1155,100,0.4328360768259458,155.04780180178489,154.61496572495895
hiv_3_1em6,hiv,3,1em6,1367,100,0.03848842604909969,0.03849545399110449,7.0279420048002805e-06
hiv_3_1em8,hiv,3,1em8,1597,100,0.00033734908584037715,0.0003721877121343198,3.483862629394263e-05
hiv_4_0,hiv,4,0,1617,100,3.5484140514796536e-08,2.6569061506442893e-08,-8.915079008353644e-09
hiv_4_1em2,hiv,4,1em2,1513,100,0.6256622061498845,117.06041710064848,116.4347548944986
hiv_4_1em4,hiv,4,1em4,1352,100,0.8025048238533885,15.596429907055606,14.793925083202218
hiv_4_1em6,hiv,4,1em6,1233,100,0.19886045744557157,0.19886589499882912,5.437553257547911e-06
hiv_4_1em8,hiv,4,1em8,1702,100,0.0028957693954739794,0.002896067864254115,2.9846878013550793e-07
hiv_5_0,hiv,5,0,1843,100,2.542240196135026e-09,2.4317534652595896e-09,-1.1048673087543648e-10
hiv_5_1em2,hiv,5,1em2,1401,100,4.00944340465797,15.950342096826628,11.940898692168657
hiv_5_1em6,hiv,5,1em6,1760,100,0.03425583809075261,0.03425704437249444,1.2062817418279081e-06
hiv_5_1em8,hiv,5,1em8,2117,100,0.00020472680970384793,0.00020470006136996677,-2.674833388116582e-08
hiv_6_0,hiv,6,0,1621,100,9.638820630542e-09,1.0865838007134698e-08,1.2270173765926984e-09
hiv_6_1em2,hiv,6,1em2,1536,100,0.84799,57.1421914521426,56.294201452142595
hiv_6_1em4,hiv,6,1em4,1411,100,0.8838231105144841,2.6463112904528696,1.7624881799383854
hiv_6_1em6,hiv,6,1em6,1294,100,0.7544565396741474,0.7541710840611848,-0.0002854556129625596
hiv_6_1em8,hiv,6,1em8,1675,100,0.025180237500491254,0.025227386421411424,4.714892092017031e-05
hiv_7_0,hiv,7,0,1582,100,1.2156033402099808e-09,1.251713205308036e-09,3.610986509805514e-11
hiv_7_1em2,hiv,7,1em2,1424,100,4.367073711401642,111.99928859562692,107.63221488422528
hiv_7_1em6,hiv,7,1em6,1825,100,0.007139476786727994,0.0071479309186874285,8.454131959434452e-06
hiv_7_1em8,hiv,7,1em8,1771,100,0.0004005338101786826,0.0004005337999294367,-1.0249245896432058e-11
hiv_8_0,hiv,8,0,1452,100,1.2631944301677578e-07,1.2438681497306536e-07,-1.932628043710416e-09
hiv_8_1em2,hiv,8,1em2,1480,100,2.9795585390326615,40.80422591078017,37.82466737174751
hiv_8_1em4,hiv,8,1em4,1489,100,0.1049899995494967,13.329063885134415,13.224073885584918
hiv_8_1em6,hiv,8,1em6,1313,100,0.1022413923951445,0.10499,0.002748607604855499
hiv_8_1em8,hiv,8,1em8,1505,100,0.014421537097601689,0.016365259866847767,0.0019437227692460785
hiv_9_0,hiv,9,0,1409,100,5.65189646195563e-08,5.320645518613887e-08,-3.312509433417432e-09
hiv_9_1em2,hiv,9,1em2,1457,100,1.3594447295788457,11.471376960156805,10.11193223057796
hiv_9_1em4,hiv,9,1em4,1211,100,0.3588229926137405,809.1011377450875,808.7423147524737
hiv_9_1em6,hiv,9,1em6,1470,100,0.34932154333374343,0.35173405872355734,0.0024125153898139073
hiv_9_1em8,hiv,9,1em8,1467,100,0.005037613272530106,0.005114327299298449,7.671402676834305e-05
lotka_volterra_0_0,lotka_volterra,0,0,586,100,8.287814878826794e-14,2.7150504067208203e-13,1.886268918838141e-13
lotka_volterra_0_1em2,lotka_volterra,0,1em2,404,100,0.0013289366150907311,0.0013289314060010438,-5.209089687374657e-09
lotka_volterra_0_1em4,lotka_volterra,0,1em4,516,100,3.755540519778666e-05,3.755554234140257e-05,1.3714361590810853e-10
lotka_volterra_0_1em6,lotka_volterra,0,1em6,633,100,7.627196469822684e-07,7.62737208157005e-07,1.756117473661334e-11
lotka_volterra_0_1em8,lotka_volterra,0,1em8,625,100,9.988533195004479e-10,9.985919313670877e-10,-2.613881333601853e-13
lotka_volterra_1_0,lotka_volterra,1,0,731,100,2.0861090632706691e-13,2.05613304160579e-13,-2.9976021664879227e-15
lotka_volterra_1_1em2,lotka_volterra,1,1em2,605,100,0.0013642413605334247,0.20039633342591712,0.1990320920653837
lotka_volterra_1_1em4,lotka_volterra,1,1em4,721,100,2.0828375156267676e-05,2.082850043216844e-05,1.2527590076416573e-10
lotka_volterra_1_1em6,lotka_volterra,1,1em6,783,100,2.351780534204373e-07,2.3519729513976628e-07,1.9241719328988438e-11
lotka_volterra_1_1em8,lotka_volterra,1,1em8,789,100,9.223645736078367e-10,9.223586894258062e-10,-5.88418203051333e-15
lotka_volterra_2_0,lotka_volterra,2,0,658,100,8.881784197001252e-14,8.948397578478762e-14,6.661338147750939e-16
lotka_volterra_2_1em2,lotka_volterra,2,1em2,566,100,0.0021565609088445292,0.10153083319034817,0.09937427228150364
lotka_volterra_2_1em4,lotka_volterra,2,1em4,637,100,4.997211019652781e-06,4.99721114644025e-06,1.2678746941219288e-13
lotka_volterra_2_1em6,lotka_volterra,2,1em6,765,100,2.6106016903781892e-08,2.610603933028699e-08,2.2426505097428162e-14
lotka_volterra_2_1em8,lotka_volterra,2,1em8,738,100,2.1543552497504947e-09,2.154383171859564e-09,2.7922109069322687e-14
lotka_volterra_3_0,lotka_volterra,3,0,516,100,4.576894419017208e-13,4.313216450668733e-13,-2.6367796834847468e-14
lotka_volterra_3_1em2,lotka_volterra,3,1em2,368,100,0.005771474624501283,0.10509974412376566,0.09932826949926438
lotka_volterra_3_1em4,lotka_volterra,3,1em4,457,100,1.4214583036020745e-05,1.4214582385541075e-05,-6.504796701278792e-13
lotka_volterra_3_1em6,lotka_volterra,3,1em6,625,100,3.305494062355585e-07,3.305211306869893e-07,-2.8275548569212106e-11
lotka_volterra_3_1em8,lotka_volterra,3,1em8,595,100,3.967781991853769e-09,3.96778293554334e-09,9.43689570931383e-16
lotka_volterra_4_0,lotka_volterra,4,0,576,100,9.214851104388799e-14,7.996425743783675e-11,7.987210892679286e-11
lotka_volterra_4_1em2,lotka_volterra,4,1em2,445,100,0.008898563478146215,0.008898563550814198,7.266798274230268e-11
lotka_volterra_4_1em4,lotka_volterra,4,1em4,559,100,9.365081485146476e-05,9.365081446366386e-05,-3.878009025015672e-13
lotka_volterra_4_1em6,lotka_volterra,4,1em6,612,100,4.309943990588039e-07,4.3099415925063056e-07,-2.398081733190338e-13
lotka_volterra_4_1em8,lotka_volterra,4,1em8,622,100,7.489941999949679e-10,7.489261433235583e-10,-6.80566714095221e-14
lotka_volterra_5_0,lotka_volterra,5,0,617,100,7.271960811294775e-14,5.828670879282072e-14,-1.4432899320127035e-14
lotka_volterra_5_1em2,lotka_volterra,5,1em2,510,100,0.0005511679883797305,0.000551167885018633,-1.033610974587873e-10
lotka_volterra_5_1em4,lotka_volterra,5,1em4,523,100,7.428683245436218e-06,7.428683940546854e-06,6.951106357178105e-13
lotka_volterra_5_1em6,lotka_volterra,5,1em6,666,100,5.067184538631864e-07,5.067304083006263e-07,1.1954437439953836e-11
lotka_volterra_5_1em8,lotka_volterra,5,1em8,665,100,4.956952848189644e-09,4.952943388758513e-09,-4.00945943113129e-12
lotka_volterra_6_0,lotka_volterra,6,0,435,100,2.7111646261346323e-13,7.405187574249794e-14,-1.9706458687096529e-13
lotka_volterra_6_1em2,lotka_volterra,6,1em2,353,100,0.0027618470662535977,0.017374196823233712,0.014612349756980114
lotka_volterra_6_1em4,lotka_volterra,6,1em4,425,100,2.1019316837622704e-05,2.10197792253064e-05,4.623876836973295e-10
lotka_volterra_6_1em6,lotka_volterra,6,1em6,559,100,1.8872029036720583e-07,1.88695966185648e-07,-2.4324181557844327e-11
lotka_volterra_6_1em8,lotka_volterra,6,1em8,493,100,7.129197898692041e-09,7.129219881107929e-09,2.19824158875781e-14
lotka_volterra_7_0,lotka_volterra,7,0,503,100,4.675704268208847e-13,4.221067939624845e-13,-4.546363285840016e-14
lotka_volterra_7_1em2,lotka_volterra,7,1em2,359,100,0.004795345580767774,0.051581043019484296,0.04678569743871652
lotka_volterra_7_1em4,lotka_volterra,7,1em4,433,100,6.831885228880674e-05,6.831865427031625e-05,-1.9801849049372322e-10
lotka_volterra_7_1em6,lotka_volterra,7,1em6,634,100,1.1357294582570177e-07,1.1357324403160618e-07,2.9820590441431705e-13
lotka_volterra_7_1em8,lotka_volterra,7,1em8,627,100,4.304964329460148e-09,4.3106706537621164e-09,5.7063243019683796e-12
lotka_volterra_8_0,lotka_volterra,8,0,640,100,5.992983886926595e-13,4.981570711493077e-13,-1.0114131754335176e-13
lotka_volterra_8_1em2,lotka_volterra,8,1em2,526,100,0.0008632789062042456,0.07234732632650953,0.07148404742030529
lotka_volterra_8_1em4,lotka_volterra,8,1em4,628,100,3.181037556287958e-05,3.181033905241826e-05,-3.651046132091551e-11
lotka_volterra_8_1em6,lotka_volterra,8,1em6,735,100,1.5726956764661182e-07,1.5727155111555646e-07,1.9834689446440734e-12
lotka_volterra_8_1em8,lotka_volterra,8,1em8,725,100,1.4951683779962366e-09,1.4947271753662505e-09,-4.412026299860372e-13
lotka_volterra_9_0,lotka_volterra,9,0,634,100,4.807265696626928e-14,2.7200464103316335e-14,-2.0872192862952943e-14
lotka_volterra_9_1em2,lotka_volterra,9,1em2,511,100,0.0006170126115444541,0.326056054341562,0.32543904173001753
lotka_volterra_9_1em4,lotka_volterra,9,1em4,418,100,6.9672190938785405e-06,6.967220327336321e-06,1.233457780358549e-12
lotka_volterra_9_1em6,lotka_volterra,9,1em6,709,100,2.027371580615167e-07,2.027369007118196e-07,-2.573496971081113e-13
lotka_volterra_9_1em8,lotka_volterra,9,1em8,722,100,3.161190753608878e-10,3.161199635393075e-10,8.881784197001252e-16
mass_spring_damper_0_0,mass_spring_damper,0,0,155,100,2.3370194668359545e-14,2.1649348980190553e-14,-1.7208456881689926e-15
mass_spring_damper_0_1em2,mass_spring_damper,0,1em2,206,100,0.0010012885045427578,0.001001288548143145,4.3600387189535184e-11
mass_spring_damper_0_1em4,mass_spring_damper,0,1em4,254,100,1.1725740102441762e-05,1.1725759112346523e-05,1.9009904761446705e-11
mass_spring_damper_0_1em6,mass_spring_damper,0,1em6,263,100,2.0578788495484446e-07,2.0579499948603086e-07,7.114531186402928e-12
mass_spring_damper_0_1em8,mass_spring_damper,0,1em8,193,100,2.862525438906971e-09,2.862527326286113e-09,1.887379141862766e-15
mass_spring_damper_1_0,mass_spring_damper,1,0,139,100,2.503552920529728e-14,2.456368441983159e-14,-4.718447854656915e-16
mass_spring_damper_1_1em2,mass_spring_damper,1,1em2,251,100,0.0007521219088381104,0.0015338107981072713,0.0007816888892691609
mass_spring_damper_1_1em4,mass_spring_damper,1,1em4,237,100,4.413736577557614e-06,4.413736523378731e-06,-5.417888360170764e-14
mass_spring_damper_1_1em6,mass_spring_damper,1,1em6,215,100,3.3736588855859395e-08,3.37362507929484e-08,-3.3806291099836017e-13
mass_spring_damper_1_1em8,mass_spring_damper,1,1em8,147,100,2.4950455035366303e-09,2.4950498334064264e-09,4.3298697960381105e-15
mass_spring_damper_2_0,mass_spring_damper,2,0,254,100,1.8496315590255108e-13,1.8740564655672642e-13,2.4424906541753444e-15
mass_spring_damper_2_1em2,mass_spring_damper,2,1em2,321,100,0.0024048543255601462,0.01576227436279487,0.013357420037234724
mass_spring_damper_2_1em4,mass_spring_damper,2,1em4,302,100,1.8618018317040352e-05,1.8618018512328582e-05,1.9528823003156504e-13
mass_spring_damper_2_1em6,mass_spring_damper,2,1em6,359,100,4.2980419134863723e-07,4.2980419245886026e-07,1.1102230246251565e-15
mass_spring_damper_2_1em8,mass_spring_damper,2,1em8,312,100,9.967593195270297e-09,9.963890712505474e-09,-3.7024827648224345e-12
mass_spring_damper_3_0,mass_spring_damper,3,0,215,100,9.43689570931383e-15,4.424238753131249e-14,3.480549182199866e-14
mass_spring_damper_3_1em2,mass_spring_damper,3,1em2,285,100,0.0090344046627924,0.01953620572488554,0.010501801062093141
mass_spring_damper_3_1em4,mass_spring_damper,3,1em4,291,100,4.599099936827833e-05,4.5990999308964664e-05,-5.931366509059899e-14
mass_spring_damper_3_1em6,mass_spring_damper,3,1em6,336,100,4.989573770264322e-07,4.989572345570625e-07,-1.4246936963502321e-13
mass_spring_damper_3_1em8,mass_spring_damper,3,1em8,214,100,3.726026681638572e-09,3.726031982953515e-09,5.3013149425851225e-15
mass_spring_damper_4_0,mass_spring_damper,4,0,195,100,4.1744385725905886e-14,1.5865087021893487e-13,1.1690648449302898e-13
mass_spring_damper_4_1em2,mass_spring_damper,4,1em2,247,100,0.002254106106663323,0.002254106128124933,2.146161026672644e-11
mass_spring_damper_4_1em4,mass_spring_damper,4,1em4,330,100,3.7950626938565435e-05,3.79504279824916e-05,-1.9895607383801917e-10
mass_spring_damper_4_1em6,mass_spring_damper,4,1em6,329,100,7.303974403072289e-08,7.303974425276749e-08,2.220446049250313e-16
mass_spring_damper_4_1em8,mass_spring_damper,4,1em8,275,100,2.069961535511311e-09,2.0699914005106734e-09,2.986499936241671e-14
mass_spring_damper_5_0,mass_spring_damper,5,0,145,100,4.668487818548783e-14,4.901634653720066e-14,2.3314683517128287e-15
mass_spring_damper_5_1em2,mass_spring_damper,5,1em2,254,100,0.0010367877815771198,0.0016491590965795333,0.0006123713150024135
mass_spring_damper_5_1em4,mass_spring_damper,5,1em4,276,100,7.756351001586559e-06,7.756346115883606e-06,-4.885702953316695e-12
mass_spring_damper_5_1em6,mass_spring_damper,5,1em6,250,100,1.490124539871296e-07,1.4901245781739902e-07,3.83026943495679e-15
mass_spring_damper_5_1em8,mass_spring_damper,5,1em8,210,100,6.436122745867578e-10,6.435669774873531e-10,-4.529709940470639e-14
mass_spring_damper_6_0,mass_spring_damper,6,0,177,100,4.2021941482062175e-14,4.2243986086987206e-14,2.220446049250313e-16
mass_spring_damper_6_1em2,mass_spring_damper,6,1em2,225,100,0.0015776968411655434,0.0015776968268795821,-1.4285961302817896e-11
mass_spring_damper_6_1em4,mass_spring_damper,6,1em4,316,100,1.7847283900529476e-05,1.515459252454665e-05,-2.6926913759828253e-06
mass_spring_damper_6_1em6,mass_spring_damper,6,1em6,266,100,1.159093375724396e-07,1.1590935439231842e-07,1.6819878823071122e-14
mass_spring_damper_6_1em8,mass_spring_damper,6,1em8,188,100,9.959523206148901e-10,9.959704727613428e-10,1.815214645262131e-14
mass_spring_damper_7_0,mass_spring_damper,7,0,149,100,7.882583474838611e-14,7.904787935331115e-14,2.220446049250313e-16
mass_spring_damper_7_1em2,mass_spring_damper,7,1em2,274,100,0.0011144859683646091,0.0011144859683646091,0.0
mass_spring_damper_7_1em4,mass_spring_damper,7,1em4,281,100,1.5665908966844277e-05,1.566590829149561e-05,-6.753486658794827e-13
mass_spring_damper_7_1em6,mass_spring_damper,7,1em6,265,100,2.8157467046874274e-07,2.8157706488673995e-07,2.394417997209075e-12
mass_spring_damper_7_1em8,mass_spring_damper,7,1em8,163,100,1.055125764537479e-09,1.0547941409200234e-09,-3.3162361745553426e-13
mass_spring_damper_8_0,mass_spring_damper,8,0,129,100,3.722022690055837e-14,3.655409308578328e-14,-6.661338147750939e-16
mass_spring_damper_8_1em2,mass_spring_damper,8,1em2,215,100,0.002138466325398075,0.013877633801909761,0.011739167476511686
mass_spring_damper_8_1em4,mass_spring_damper,8,1em4,245,100,4.344399993025383e-05,4.344381205662051e-05,-1.8787363331718154e-10
mass_spring_damper_8_1em6,mass_spring_damper,8,1em6,302,100,2.5909402212587196e-07,2.590932345336583e-07,-7.87592213669086e-13
mass_spring_damper_8_1em8,mass_spring_damper,8,1em8,178,100,2.541873433958841e-09,2.5417905835656285e-09,-8.285039321265231e-14
mass_spring_damper_9_0,mass_spring_damper,9,0,143,100,6.727951529228449e-14,7.260858581048524e-14,5.329070518200751e-15
mass_spring_damper_9_1em2,mass_spring_damper,9,1em2,234,100,0.004491279704281759,0.012381377563497442,0.007890097859215683
mass_spring_damper_9_1em4,mass_spring_damper,9,1em4,241,100,1.7661466207519183e-05,1.7661465499307916e-05,-7.082112674083874e-13
mass_spring_damper_9_1em6,mass_spring_damper,9,1em6,212,100,3.9903207027514043e-07,3.9903210680147794e-07,3.652633751016765e-14
mass_spring_damper_9_1em8,mass_spring_damper,9,1em8,173,100,2.2678379174578822e-09,2.2678340871884473e-09,-3.83026943495679e-15
quadrotor_0_0,quadrotor,0,0,65,62,3.317268681968244e-11,3.3173352953497215e-11,6.661338147750939e-16
quadrotor_0_1em2,quadrotor,0,1em2,257,100,0.006254394531250013,0.007574768066406223,0.0013203735351562107
quadrotor_0_1em4,quadrotor,0,1em4,189,100,0.00015899658203122335,0.00026913452148438766,0.0001101379394531643
quadrotor_0_1em6,quadrotor,0,1em6,231,100,1.0045145291626145e-05,1.1143959055603947e-05,1.0988137639778017e-06
quadrotor_0_1em8,quadrotor,0,1em8,160,100,8.71815482694771e-07,3.050232421086818e-07,-5.667922405860892e-07
quadrotor_1_0,quadrotor,1,0,87,75,1.2029710561023421e-11,1.133326765767606e-11,-6.964429033473607e-13
quadrotor_1_1em2,quadrotor,1,1em2,265,100,0.006175384521484362,0.02610907683566288,0.01993369231417852
quadrotor_1_1em4,quadrotor,1,1em4,238,100,2.9724121093699374e-05,0.0002180216532006174,0.00018829753210691802
quadrotor_1_1em6,quadrotor,1,1em6,160,100,9.049066462818445e-06,9.049066308053355e-06,-1.5476508963274682e-13
quadrotor_1_1em8,quadrotor,1,1em8,94,72,3.0432293884885553e-07,3.0432325537343985e-07,3.1652458432063213e-13
quadrotor_2_0,quadrotor,2,0,45,56,1.546984762512693e-11,1.546851535749738e-11,-1.3322676295501878e-15
quadrotor_2_1em2,quadrotor,2,1em2,223,100,0.007727996826171868,0.010791198730468743,0.003063201904296875
quadrotor_2_1em4,quadrotor,2,1em4,256,100,0.00016366742750406615,0.0006174011230468679,0.00045373369554280174
quadrotor_2_1em6,quadrotor,2,1em6,234,100,6.221115801230415e-06,6.221115802063082e-06,8.326672684688674e-16
quadrotor_2_1em8,quadrotor,2,1em8,80,82,1.736230619275858e-07,1.736230620386081e-07,1.1102230246251565e-16
quadrotor_3_0,quadrotor,3,0,57,49,9.19878062610735e-12,1.7116030814889882e-12,-7.487177544618362e-12
quadrotor_3_1em2,quadrotor,3,1em2,244,100,0.00986767578125003,0.01196575927734378,0.00209808349609375
quadrotor_3_1em4,quadrotor,3,1em4,206,100,5.466759566319368e-05,5.46675813469788e-05,-1.4316214880238931e-11
quadrotor_3_1em6,quadrotor,3,1em6,188,100,1.2229146093334364e-05,1.2891371340750801e-05,6.62225247416437e-07
quadrotor_3_1em8,quadrotor,3,1em8,140,96,1.5302691782625999e-06,1.5308529039970153e-06,5.837257344154523e-10
quadrotor_4_0,quadrotor,4,0,75,65,1.5351608873004352e-12,3.9612757518625585e-12,2.4261148645621233e-12
quadrotor_4_1em2,quadrotor,4,1em2,222,100,0.0022857971191406756,0.0022857971191406756,0.0
quadrotor_4_1em4,quadrotor,4,1em4,250,100,5.267333984371181e-05,0.000410831147987345,0.0003581578081436332
quadrotor_4_1em6,quadrotor,4,1em6,140,100,3.88428623021575e-06,6.197268286212143e-06,2.312982055996393e-06
quadrotor_4_1em8,quadrotor,4,1em8,72,60,1.1667171989637737e-06,1.1667171806450938e-06,-1.8318679906315083e-14
quadrotor_5_0,quadrotor,5,0,76,69,2.5930901870196976e-10,2.3600066345608184e-11,-2.357089523563616e-10
quadrotor_5_1em2,quadrotor,5,1em2,269,100,0.004310211181640655,0.013533846429566121,0.009223635247925466
quadrotor_5_1em4,quadrotor,5,1em4,178,100,0.0001483764648437802,0.0001483764648437802,0.0
quadrotor_5_1em6,quadrotor,5,1em6,163,100,4.292145462547747e-06,2.57335781604362e-05,2.1441432697888452e-05
quadrotor_5_1em8,quadrotor,5,1em8,82,73,1.4384715244508683e-06,1.4384717645921086e-06,2.4014124022642136e-13
quadrotor_6_0,quadrotor,6,0,50,45,9.403422485121382e-12,9.402700840155376e-12,-7.216449660063518e-16
quadrotor_6_1em2,quadrotor,6,1em2,218,100,0.0011509704589843794,0.0011509704589843794,0.0
quadrotor_6_1em4,quadrotor,6,1em4,220,100,6.433105468750533e-05,0.00023191211713247117,0.00016758106244496584
quadrotor_6_1em6,quadrotor,6,1em6,213,100,7.745112063584081e-06,8.105969234561972e-06,3.608571709778907e-07
quadrotor_6_1em8,quadrotor,6,1em8,61,60,8.277800317424422e-08,8.277800134237623e-08,-1.8318679906315083e-15
quadrotor_7_0,quadrotor,7,0,62,51,3.043654217549374e-11,2.6282198639648868e-11,-4.154343535844873e-12
quadrotor_7_1em2,quadrotor,7,1em2,219,100,0.005950225830078093,0.007254852294921843,0.00130462646484375
quadrotor_7_1em4,quadrotor,7,1em4,250,100,4.925537109373712e-05,0.00013281249999996803,8.35571289062309e-05
quadrotor_7_1em6,quadrotor,7,1em6,269,100,5.888035914725087e-06,5.88803591439202e-06,-3.3306690738754696e-16
quadrotor_7_1em8,quadrotor,7,1em8,70,77,5.50277103772423e-07,5.502771019960662e-07,-1.7763568394002505e-15
quadrotor_8_0,quadrotor,8,0,60,58,1.3855583347321954e-13,7.1314065763772305e-12,6.992850742904011e-12
quadrotor_8_1em2,quadrotor,8,1em2,255,100,0.0017611846923828445,0.01722520446777344,0.015464019775390594
quadrotor_8_1em4,quadrotor,8,1em4,239,100,1.8371582031218026e-05,0.00011313149749814233,9.47599154669243e-05
quadrotor_8_1em6,quadrotor,8,1em6,198,100,2.1601524869407918e-05,1.0086059570313388e-05,-1.151546529909453e-05
quadrotor_8_1em8,quadrotor,8,1em8,101,96,2.1197340760448213e-07,1.13957954739341e-07,-9.801545286514113e-08
quadrotor_9_0,quadrotor,9,0,68,60,8.908346282865409e-11,7.424677539447089e-11,-1.4836687434183204e-11
quadrotor_9_1em2,quadrotor,9,1em2,215,100,0.008278900722596627,0.008278900722596627,0.0
quadrotor_9_1em4,quadrotor,9,1em4,240,100,5.4718017578114786e-05,0.0005696411132812829,0.0005149230957031681
quadrotor_9_1em6,quadrotor,9,1em6,198,100,6.3756506428203075e-06,6.375650641654573e-06,-1.1657341758564144e-15
quadrotor_9_1em8,quadrotor,9,1em8,80,76,1.5169797557001985e-07,1.516976644300172e-07,-3.111400026512001e-13
repressilator_0_0,repressilator,0,0,588,100,3.5860203695392556e-14,1.8851586958135158e-13,1.5265566588595902e-13
repressilator_0_1em2,repressilator,0,1em2,496,100,0.0073801266089730255,0.007380130512408045,3.90343501965873e-09
repressilator_0_1em4,repressilator,0,1em4,490,100,0.00012360492847995896,0.00012360492848917382,9.2148511043888e-15
repressilator_0_1em6,repressilator,0,1em6,689,100,6.611449316906715e-07,6.611384618659955e-07,-6.4698246760031e-12
repressilator_0_1em8,repressilator,0,1em8,676,100,6.6005828580628645e-09,6.6005845233974014e-09,1.6653345369377348e-15
repressilator_1_0,repressilator,1,0,510,100,2.0372592501871623e-14,2.166822277160918e-12,2.1464496846590464e-12
repressilator_1_1em2,repressilator,1,1em2,487,100,0.017640738906658626,0.026054730456438024,0.008413991549779398
repressilator_1_1em4,repressilator,1,1em4,565,100,8.724911007607083e-05,8.72487011721601e-05,-4.089039107313397e-10
repressilator_1_1em6,repressilator,1,1em6,631,100,1.340512325476162e-06,1.340513664183085e-06,1.3387069230930138e-12
repressilator_1_1em8,repressilator,1,1em8,607,100,1.0293533247995867e-08,1.0293900953861623e-08,3.6770586575585185e-13
repressilator_2_0,repressilator,2,0,475,100,2.0050627824730327e-13,2.1782575743145571e-13,1.7319479184152442e-14
repressilator_2_1em2,repressilator,2,1em2,494,100,0.022466993016859615,0.07194563594300041,0.04947864292614079
repressilator_2_1em4,repressilator,2,1em4,495,100,0.0003552177007628554,0.000355217588073109,-1.1268974642320018e-10
repressilator_2_1em6,repressilator,2,1em6,685,100,2.940761519854007e-06,2.9407597561537102e-06,-1.7637002969195237e-12
repressilator_2_1em8,repressilator,2,1em8,557,100,1.9607597212534245e-08,1.96076177516602e-08,2.0539125955565396e-14
repressilator_3_0,repressilator,3,0,579,100,4.773959005888173e-14,1.6225909504896663e-13,1.145195049900849e-13
repressilator_3_1em2,repressilator,3,1em2,483,100,0.006769408947994382,0.006769408947994382,0.0
repressilator_3_1em4,repressilator,3,1em4,494,100,3.8320717685808026e-05,3.8320661824159385e-05,-5.586164864013199e-11
repressilator_3_1em6,repressilator,3,1em6,632,100,7.441867564406124e-07,7.441863267843019e-07,-4.296563105299356e-13
repressilator_3_1em8,repressilator,3,1em8,641,100,1.2321784870206187e-08,1.2321782899560318e-08,-1.970645868709653e-15
repressilator_4_0,repressilator,4,0,499,100,9.514611321037592e-14,1.1113332476497817e-13,1.5987211554602254e-14
repressilator_4_1em2,repressilator,4,1em2,489,100,0.04468867150894684,0.05803838135265238,0.013349709843705537
repressilator_4_1em4,repressilator,4,1em4,495,100,0.00017461771272786475,0.0001746177105707014,-2.157163336846679e-12
repressilator_4_1em6,repressilator,4,1em6,690,100,7.066259177790357e-07,7.06615532974908e-07,-1.038480412773879e-11
repressilator_4_1em8,repressilator,4,1em8,604,100,2.0897163777178207e-08,2.0897243602213678e-08,7.982503547054876e-14
repressilator_5_0,repressilator,5,0,568,100,4.263256414560601e-14,1.2301271112846734e-12,1.1874945471390674e-12
repressilator_5_1em2,repressilator,5,1em2,421,100,0.013919120561924347,0.01391912169171905,1.1297947022370636e-09
repressilator_5_1em4,repressilator,5,1em4,491,100,5.149891455658029e-05,5.149893105538261e-05,1.6498802324349526e-11
repressilator_5_1em6,repressilator,5,1em6,591,100,1.4579255708246919e-06,1.4579247610280177e-06,-8.097966741615892e-13
repressilator_5_1em8,repressilator,5,1em8,672,100,9.541340051377745e-09,9.541338163998603e-09,-1.887379141862766e-15
repressilator_6_0,repressilator,6,0,453,100,6.769584892651892e-14,2.162714451969805e-13,1.4857559627046157e-13
repressilator_6_1em2,repressilator,6,1em2,419,100,0.030514000427130344,0.0857352156545099,0.05522121522737955
repressilator_6_1em4,repressilator,6,1em4,427,100,0.0003157671701239373,0.0003157671205217816,-4.9602155716144125e-11
repressilator_6_1em6,repressilator,6,1em6,650,100,3.1774618418078937e-06,3.1774618640678653e-06,2.225997164373439e-14
repressilator_6_1em8,repressilator,6,1em8,537,100,1.055345777434269e-07,1.055347180756172e-07,1.4033219031261979e-13
repressilator_7_0,repressilator,7,0,567,100,1.4865886299730846e-13,2.4188429037508286e-12,2.27018404075352e-12
repressilator_7_1em2,repressilator,7,1em2,473,100,0.006182170965420286,0.021447348555155732,0.015265177589735446
repressilator_7_1em4,repressilator,7,1em4,498,100,0.0002691125152065599,0.0002691127088515488,1.9364498893281734e-10
repressilator_7_1em6,repressilator,7,1em6,664,100,1.1414189380332118e-06,1.141418933703342e-06,-4.3298697960381105e-15
repressilator_7_1em8,repressilator,7,1em8,666,100,3.323895592100001e-08,3.3240338259687974e-08,1.3823386879607824e-12
repressilator_8_0,repressilator,8,0,582,100,5.595524044110789e-14,4.75175454539567e-14,-8.43769498715119e-15
repressilator_8_1em2,repressilator,8,1em2,518,100,0.030459227214503504,0.048627017803407724,0.01816779058890422
repressilator_8_1em4,repressilator,8,1em4,494,100,0.00021534900630104659,0.0002153490061692631,-1.3178347302300608e-13
repressilator_8_1em6,repressilator,8,1em6,679,100,2.8669343710152617e-07,2.866934392109499e-07,2.1094237467877974e-15
repressilator_8_1em8,repressilator,8,1em8,664,100,1.2140476512989551e-08,1.2140626115542119e-08,1.4960255256823984e-13
repressilator_9_0,repressilator,9,0,534,100,3.780309398848658e-14,1.0235146064019318e-12,9.857115124134452e-13
repressilator_9_1em2,repressilator,9,1em2,539,100,0.017274297814978856,0.0371916008604094,0.019917303045430546
repressilator_9_1em4,repressilator,9,1em4,517,100,0.00016345208197177108,0.0001634521351282503,5.315647921833033e-11
repressilator_9_1em6,repressilator,9,1em6,658,100,9.777255016718556e-07,9.777254912357591e-07,-1.0436096431476471e-14
repressilator_9_1em8,repressilator,9,1em8,630,100,1.291767315336756e-08,1.2920146397199517e-08,2.4732438319574612e-12
seir_0_0,seir,0,0,889,100,1.963984530561902e-12,1.7775780847273381e-12,-1.8640644583456378e-13
seir_0_1em2,seir,0,1em2,521,100,0.07851596057829996,0.10037444992271838,0.02185848934441842
seir_0_1em4,seir,0,1em4,788,100,0.0007430938079970861,0.05270671388040282,0.051963620072405736
seir_0_1em6,seir,0,1em6,1089,100,2.161126983157846e-05,2.160928258343464e-05,-1.9872481438198975e-09
seir_0_1em8,seir,0,1em8,907,100,1.2302376228845446e-07,1.230579581013025e-07,3.419581284802575e-11
seir_1_0,seir,1,0,787,100,1.1850631587151383e-11,1.2437051388758391e-11,5.864198016070077e-13
seir_1_1em2,seir,1,1em2,1160,100,0.25013678325576283,1.083549694138728,0.8334129108829651
seir_1_1em4,seir,1,1em4,890,100,0.05032561179056272,0.050325611790380864,-1.8185453143360064e-13
seir_1_1em6,seir,1,1em6,1016,100,0.0005022946614010593,0.005312941882440025,0.004810647221038966
seir_1_1em8,seir,1,1em8,804,100,6.511890606741844e-07,6.512785468704152e-07,8.948619623083687e-11
seir_2_0,seir,2,0,962,100,4.4506620611173275e-12,3.981037721700886e-12,-4.696243394164412e-13
seir_2_1em2,seir,2,1em2,749,100,0.08137302366784971,0.19963393884332226,0.11826091517547255
seir_2_1em4,seir,2,1em4,733,100,0.04379862457084682,0.1296433801130965,0.08584475554224968
seir_2_1em6,seir,2,1em6,883,100,0.0001560140520661113,0.0001560136692602132,-3.8280589809147614e-10
seir_2_1em8,seir,2,1em8,1056,100,4.419828110169277e-07,4.420098431712205e-07,2.703215429278316e-11
seir_3_0,seir,3,0,895,100,1.674216321134736e-13,2.930877762707951e-11,2.9141355994966034e-11
seir_3_1em2,seir,3,1em2,776,100,0.04025527439497589,0.052987580412799606,0.012732306017823714
seir_3_1em4,seir,3,1em4,646,100,0.022483435924968154,0.032360959674578305,0.009877523749610151
seir_3_1em6,seir,3,1em6,871,100,0.00026353473976081787,0.000263524102659618,-1.0637101199861831e-08
seir_3_1em8,seir,3,1em8,1059,100,7.771900706998736e-06,7.771987886040499e-06,8.717904176336333e-11
seir_4_0,seir,4,0,1339,100,0.0007010195744656667,0.0019915671027724846,0.001290547528306818
seir_4_1em2,seir,4,1em2,1290,100,0.5205815762873014,33.70836185834494,33.18778028205764
seir_4_1em4,seir,4,1em4,1164,100,0.08129121356036717,11.633496630578852,11.552205417018484
seir_4_1em6,seir,4,1em6,1126,100,0.06367048288335375,0.42891514357877697,0.3652446606954232
seir_4_1em8,seir,4,1em8,1528,100,0.02348193159267775,0.027712688778606998,0.004230757185929246
seir_5_0,seir,5,0,902,100,7.338574192772285e-14,1.5021317523178368e-13,7.682743330406083e-14
seir_5_1em2,seir,5,1em2,572,100,0.1707871390025434,0.3287906111662957,0.15800347216375232
seir_5_1em4,seir,5,1em4,766,100,0.0018883684516537436,0.0018883676248794279,-8.267743156764595e-10
seir_5_1em6,seir,5,1em6,792,100,4.19917184775187e-05,4.19917173076767e-05,-1.1698420010475274e-12
seir_5_1em8,seir,5,1em8,1090,100,4.126005033189273e-07,4.125946125865809e-07,-5.890732346358618e-12
seir_6_0,seir,6,0,1353,100,2.4099333639782117e-10,1.3345554772392632e-08,1.310456143599481e-08
seir_6_1em2,seir,6,1em2,1136,100,0.21268358158334655,0.9942421479901224,0.7815585664067759
seir_6_1em4,seir,6,1em4,1047,100,0.26597799710555325,4.3499927020735205,4.084014704967967
seir_6_1em6,seir,6,1em6,1082,100,0.005616228597793094,0.05977773773462236,0.05416150913682927
seir_6_1em8,seir,6,1em8,1465,100,0.00024519768835251643,0.005280866150415453,0.005035668462062937
seir_7_0,seir,7,0,1047,100,1.975766217299224e-10,3.8223090859101916e-08,3.8025514237371993e-08
seir_7_1em2,seir,7,1em2,1061,100,0.10763647362822559,2.8386725509332047,2.731036077304979
seir_7_1em4,seir,7,1em4,1001,100,0.08806501808626077,0.08806501808625894,-1.8318679906315083e-15
seir_7_1em6,seir,7,1em6,1086,100,0.0030818863637311344,0.003081870182801816,-1.6180929318654336e-08
seir_7_1em8,seir,7,1em8,1187,100,3.1120187175270875e-05,4.061196896726349e-05,9.491781791992615e-06
seir_8_0,seir,8,0,1301,100,1.936198978924608e-10,2.7126959419865315e-06,2.712502322088639e-06
seir_8_1em2,seir,8,1em2,973,100,0.4216582775615178,10.36967441119355,9.948016133632033
seir_8_1em4,seir,8,1em4,1069,100,0.1741034884467107,6.902283386469334,6.728179898022623
seir_8_1em6,seir,8,1em6,1088,100,0.015217450767886054,0.13565227826504728,0.12043482749716122
seir_8_1em8,seir,8,1em8,1397,100,0.0005132400707030249,0.0031540264981828603,0.0026407864274798354
seir_9_0,seir,9,0,923,100,6.906364369285711e-12,8.41826608422025e-12,1.5119017149345382e-12
seir_9_1em2,seir,9,1em2,700,100,0.0648351089220417,0.40409654045833754,0.33926143153629584
seir_9_1em4,seir,9,1em4,834,100,0.018939417781234757,0.03291453547511014,0.013975117693875383
seir_9_1em6,seir,9,1em6,1152,100,0.00011685245644554865,0.00011694793526861869,9.547882307003874e-08
seir_9_1em8,seir,9,1em8,1030,100,6.156946116275819e-07,6.156684621005937e-07,-2.6149526988206162e-11
sirt_treatment_0_0,sirt_treatment,0,0,1084,100,3.375077994860476e-14,2.8033131371785203e-12,2.7695623572299155e-12
sirt_treatment_0_1em2,sirt_treatment,0,1em2,889,100,0.18418370353828634,0.28318745751144836,0.09900375397316202
sirt_treatment_0_1em4,sirt_treatment,0,1em4,945,100,0.0013316775089649846,0.024302175356339606,0.02297049784737462
sirt_treatment_0_1em6,sirt_treatment,0,1em6,1316,100,1.0760681877455824e-05,1.0760535096215884e-05,-1.467812399402746e-10
sirt_treatment_0_1em8,sirt_treatment,0,1em8,1190,100,2.36959991961605e-07,2.3695255751965405e-07,-7.434441950948667e-12
sirt_treatment_1_0,sirt_treatment,1,0,968,100,1.3469780846264712e-13,3.533284775869561e-14,-9.936496070395151e-14
sirt_treatment_1_1em2,sirt_treatment,1,1em2,800,100,0.12499,0.19357993162998816,0.06858993162998815
sirt_treatment_1_1em4,sirt_treatment,1,1em4,744,100,0.0002769781193254911,0.017181196413590616,0.016904218294265125
sirt_treatment_1_1em6,sirt_treatment,1,1em6,748,100,1.1515962042019101e-06,1.151597337489818e-06,1.1332879079617442e-12
sirt_treatment_1_1em8,sirt_treatment,1,1em8,1069,100,7.635783619286407e-08,7.635903057079396e-08,1.1943779298917434e-12
sirt_treatment_2_0,sirt_treatment,2,0,959,100,5.754285936632186e-13,2.038347268751295e-11,1.980804409384973e-11
sirt_treatment_2_1em2,sirt_treatment,2,1em2,1130,100,0.2591157400434915,0.25911574004349414,2.609024107869118e-15
sirt_treatment_2_1em4,sirt_treatment,2,1em4,948,100,0.015383175313069986,0.022657712978198075,0.007274537665128089
sirt_treatment_2_1em6,sirt_treatment,2,1em6,1113,100,4.4550272689236614e-05,4.4550272689236614e-05,0.0
sirt_treatment_2_1em8,sirt_treatment,2,1em8,997,100,3.4636042700597613e-07,3.46535584228036e-07,1.7515722205985185e-10
sirt_treatment_3_0,sirt_treatment,3,0,963,100,2.939315457695102e-13,3.377853552422039e-13,4.3853809472693683e-14
sirt_treatment_3_1em2,sirt_treatment,3,1em2,767,100,0.07624488564509102,0.07624488564503396,-5.706546346573305e-14
sirt_treatment_3_1em4,sirt_treatment,3,1em4,898,100,0.002283472777525608,0.0022834727773756724,-1.499356194756274e-13
sirt_treatment_3_1em6,sirt_treatment,3,1em6,1074,100,1.3397394597880474e-05,1.3397460763120428e-05,6.616523995361945e-11
sirt_treatment_3_1em8,sirt_treatment,3,1em8,1056,100,7.703147320015091e-08,7.70724077336915e-08,4.0934533540593065e-11
sirt_treatment_4_0,sirt_treatment,4,0,859,100,2.530198273120732e-13,1.638023050531956e-12,1.3850032232198828e-12
sirt_treatment_4_1em2,sirt_treatment,4,1em2,872,100,0.3105349409030609,0.6699833949098324,0.3594484540067715
sirt_treatment_4_1em4,sirt_treatment,4,1em4,836,100,0.000879742602295619,0.0008797425516648971,-5.06307218373081e-11
sirt_treatment_4_1em6,sirt_treatment,4,1em6,973,100,9.279207793588817e-06,9.27920775373181e-06,-3.985700658404312e-14
sirt_treatment_4_1em8,sirt_treatment,4,1em8,943,100,1.4164457573517808e-07,1.4164142203565433e-07,-3.1536995237502197e-12
sirt_treatment_5_0,sirt_treatment,5,0,1223,100,2.1987967002701225e-13,3.2307490016592055e-14,-1.875721800104202e-13
sirt_treatment_5_1em2,sirt_treatment,5,1em2,708,100,0.09398845689603696,0.1437847595131955,0.04979630261715853
sirt_treatment_5_1em4,sirt_treatment,5,1em4,938,100,0.005497346083517096,0.019621364865930302,0.014124018782413206
sirt_treatment_5_1em6,sirt_treatment,5,1em6,1414,100,3.108006203217384e-05,3.108006280327924e-05,7.711054017534025e-13
sirt_treatment_5_1em8,sirt_treatment,5,1em8,1472,100,1.0582147680349152e-07,1.057185086694723e-07,-1.0296813401922122e-10
sirt_treatment_6_0,sirt_treatment,6,0,1244,100,6.98885394001536e-13,1.921796055626146e-13,-5.067057884389214e-13
sirt_treatment_6_1em2,sirt_treatment,6,1em2,947,100,0.20964738971858815,0.36413893499956096,0.1544915452809728
sirt_treatment_6_1em4,sirt_treatment,6,1em4,882,100,0.00044650321408634674,0.00819978852779335,0.0077532853137070035
sirt_treatment_6_1em6,sirt_treatment,6,1em6,1487,100,2.7908641386575894e-05,3.7260370977176827e-05,9.351729590600932e-06
sirt_treatment_6_1em8,sirt_treatment,6,1em8,1277,100,4.358585065089571e-07,4.3686636552742186e-07,1.007859018464785e-09
sirt_treatment_7_0,sirt_treatment,7,0,1282,100,1.0341727474383333e-12,4.219036231489781e-11,4.115618956745948e-11
sirt_treatment_7_1em2,sirt_treatment,7,1em2,907,100,0.07755776103759304,0.07755776103759304,0.0
sirt_treatment_7_1em4,sirt_treatment,7,1em4,1017,100,0.002974108359003691,0.0029741083591061646,1.0247358517290195e-13
sirt_treatment_7_1em6,sirt_treatment,7,1em6,1426,100,0.0001144878250074477,0.0001144878250074477,0.0
sirt_treatment_7_1em8,sirt_treatment,7,1em8,1273,100,3.298707964449754e-06,3.292109285846223e-06,-6.5986786035310274e-09
sirt_treatment_8_0,sirt_treatment,8,0,1028,100,1.732114451868938e-12,1.1926015730523432e-12,-5.395128788165948e-13
sirt_treatment_8_1em2,sirt_treatment,8,1em2,929,100,0.5376078630361913,0.5376078630360391,-1.5221157667610896e-13
sirt_treatment_8_1em4,sirt_treatment,8,1em4,1076,100,0.0007240028626691597,0.0007210228460470258,-2.980016622133874e-06
sirt_treatment_8_1em6,sirt_treatment,8,1em6,1381,100,7.182789003801204e-06,0.00011703349036173982,0.00010985070135793862
sirt_treatment_8_1em8,sirt_treatment,8,1em8,1217,100,4.458822613906399e-07,4.458210022262321e-07,-6.125916440780088e-11
sirt_treatment_9_0,sirt_treatment,9,0,1259,100,1.7486012637846216e-13,8.401612738850872e-14,-9.084399898995343e-14
sirt_treatment_9_1em2,sirt_treatment,9,1em2,872,100,0.07345342148565029,0.12353438572703129,0.050080964241381004
sirt_treatment_9_1em4,sirt_treatment,9,1em4,975,100,0.002926729876846723,0.005578769177920578,0.002652039301073855
sirt_treatment_9_1em6,sirt_treatment,9,1em6,1321,100,1.09004054269779e-05,1.0900405620295484e-05,1.9331758416285538e-13
sirt_treatment_9_1em8,sirt_treatment,9,1em8,1401,100,3.498690040459884e-08,3.493417360944662e-08,-5.272679515222478e-11
slow_fast_0_0,slow_fast,0,0,646,100,1.509903313490213e-14,1.4432899320127035e-14,-6.661338147750939e-16
slow_fast_0_1em2,slow_fast,0,1em2,728,100,0.007398866944296922,0.031640609339078696,0.024241742394781773
slow_fast_0_1em4,slow_fast,0,1em4,637,100,0.0004688466096156585,0.0004688466095360555,-7.960299086562372e-14
slow_fast_0_1em6,slow_fast,0,1em6,752,100,1.2855478486312188e-06,1.2855506589665167e-06,2.8103352978092744e-12
slow_fast_0_1em8,slow_fast,0,1em8,861,100,2.7904409560797205e-08,2.7904402455369848e-08,-7.105427357601002e-15
slow_fast_1_0,slow_fast,1,0,407,100,9.325873406851315e-15,3.4574565432876625e-12,3.448130669880811e-12
slow_fast_1_1em2,slow_fast,1,1em2,535,100,0.023042601889942116,0.023042601889935233,-6.8833827526759706e-15
slow_fast_1_1em4,slow_fast,1,1em4,556,100,0.0002932042880652297,0.0008090247806314954,0.0005158204925662657
slow_fast_1_1em6,slow_fast,1,1em6,737,100,1.4419980936541954e-06,1.4419932540810088e-06,-4.83957318664352e-12
slow_fast_1_1em8,slow_fast,1,1em8,546,100,2.953129663030296e-08,2.9525596190183023e-08,-5.700440119937866e-12
slow_fast_2_0,slow_fast,2,0,535,100,7.882583474838611e-15,3.560485239972877e-13,3.481659405224491e-13
slow_fast_2_1em2,slow_fast,2,1em2,708,100,0.004866044951823301,0.010822268191580997,0.005956223239757696
slow_fast_2_1em4,slow_fast,2,1em4,590,100,0.00018047053001085667,0.00032318015105428644,0.00014270962104342977
slow_fast_2_1em6,slow_fast,2,1em6,839,100,5.548310466618744e-07,5.549486598033226e-07,1.176131414482029e-10
slow_fast_2_1em8,slow_fast,2,1em8,747,100,6.0718646777147e-09,6.073137548412433e-09,1.272870697732742e-12
slow_fast_3_0,slow_fast,3,0,649,100,8.37108160567368e-13,2.5587310048535983e-12,1.7216228442862302e-12
slow_fast_3_1em2,slow_fast,3,1em2,728,100,0.10959173486853735,0.1534334506839301,0.04384171581539276
slow_fast_3_1em4,slow_fast,3,1em4,654,100,0.0017955410791334891,0.002917207656774723,0.0011216665776412338
slow_fast_3_1em6,slow_fast,3,1em6,840,100,8.799377784640683e-05,2.9286560304653264e-05,-5.8707217541753565e-05
slow_fast_3_1em8,slow_fast,3,1em8,653,100,4.5104614310176316e-07,4.510692325210286e-07,2.3089419265431843e-11
slow_fast_4_0,slow_fast,4,0,604,100,9.547918011776346e-15,3.8691272408186705e-13,3.773648060700907e-13
slow_fast_4_1em2,slow_fast,4,1em2,577,100,0.016747391981585924,0.016747391981580706,-5.218048215738236e-15
slow_fast_4_1em4,slow_fast,4,1em4,540,100,0.00019439479204219623,0.0005804351123764873,0.00038604032033429103
slow_fast_4_1em6,slow_fast,4,1em6,673,100,1.8889774703323425e-06,1.8882775767448123e-06,-6.998935875301981e-10
slow_fast_4_1em8,slow_fast,4,1em8,729,100,8.122104100394267e-08,8.121283534556767e-08,-8.205658375004532e-12
slow_fast_5_0,slow_fast,5,0,552,100,4.363176486776865e-14,8.661182882008234e-12,8.617551117140465e-12
slow_fast_5_1em2,slow_fast,5,1em2,662,100,0.046936614835623613,0.046936614835623613,0.0
slow_fast_5_1em4,slow_fast,5,1em4,559,100,0.0003313062763161678,0.0007303171169611988,0.000399010840645031
slow_fast_5_1em6,slow_fast,5,1em6,796,100,1.946385900675196e-06,1.946318816559156e-06,-6.708411603995046e-11
slow_fast_5_1em8,slow_fast,5,1em8,690,100,6.527814955248346e-08,6.518922701648222e-08,-8.892253600123468e-11
slow_fast_6_0,slow_fast,6,0,540,100,3.8746783559417963e-14,1.701971896750365e-13,1.3145040611561853e-13
slow_fast_6_1em2,slow_fast,6,1em2,496,100,0.015391873261623945,0.030868387296040578,0.015476514034416633
slow_fast_6_1em4,slow_fast,6,1em4,638,100,2.0863693140582562e-05,0.0005360265418269117,0.0005151628486863291
slow_fast_6_1em6,slow_fast,6,1em6,690,100,2.5705865105418724e-06,2.570608486074377e-06,2.1975532504825424e-11
slow_fast_6_1em8,slow_fast,6,1em8,616,100,3.641483892202757e-09,3.637402712364235e-09,-4.0811798385220754e-12
slow_fast_7_0,slow_fast,7,0,648,100,3.469446951953614e-13,8.379408278358369e-12,8.032463583163008e-12
slow_fast_7_1em2,slow_fast,7,1em2,684,100,0.05631416877403639,0.05631416877403639,0.0
slow_fast_7_1em4,slow_fast,7,1em4,696,100,0.0008528028793826081,0.0008528028793800546,-2.55351295663786e-15
slow_fast_7_1em6,slow_fast,7,1em6,803,100,9.043181365742115e-06,9.043181510959286e-06,1.4521717162097048e-13
slow_fast_7_1em8,slow_fast,7,1em8,628,100,2.4574703083590776e-07,2.4576029211687e-07,1.3261280962240107e-11
slow_fast_8_0,slow_fast,8,0,486,100,1.798006188380441e-13,1.1614043060603763e-12,9.816036872223322e-13
slow_fast_8_1em2,slow_fast,8,1em2,690,100,0.043830410247357954,0.04383041024735557,-2.3869795029440866e-15
slow_fast_8_1em4,slow_fast,8,1em4,681,100,0.000876087616972443,0.0017252762915930808,0.0008491886746206379
slow_fast_8_1em6,slow_fast,8,1em6,838,100,5.939270477373082e-06,5.939269796195745e-06,-6.811773367587648e-13
slow_fast_8_1em8,slow_fast,8,1em8,643,100,6.44504191904538e-07,6.444371202229959e-07,-6.707168154207466e-11
slow_fast_9_0,slow_fast,9,0,673,100,7.549516567451064e-14,1.8075541063922174e-12,1.7320589407177067e-12
slow_fast_9_1em2,slow_fast,9,1em2,667,100,0.06720356675384698,0.06720140960283272,-2.1571510142592842e-06
slow_fast_9_1em4,slow_fast,9,1em4,690,100,0.0039120852266719686,0.003912085227656625,9.846568005400513e-13
slow_fast_9_1em6,slow_fast,9,1em6,636,100,6.312146829945409e-05,6.312268941144339e-05,1.2211119893024147e-09
slow_fast_9_1em8,slow_fast,9,1em8,805,100,3.477514476379895e-08,3.3600905946507e-08,-1.1742388172919505e-09
vanderpol_0_0,vanderpol,0,0,104,93,1.354472090042691e-14,1.5987211554602254e-14,2.4424906541753444e-15
vanderpol_0_1em2,vanderpol,0,1em2,199,100,2.6788624627238633e-05,2.678777200337823e-05,-8.52623860403412e-10
vanderpol_0_1em4,vanderpol,0,1em4,200,100,4.4902143281344564e-07,4.4902135448721125e-07,-7.83262343873048e-14
vanderpol_0_1em6,vanderpol,0,1em6,122,100,7.450883215964765e-09,7.450837835598634e-09,-4.5380366131553274e-14
vanderpol_0_1em8,vanderpol,0,1em8,106,95,1.3546413990539463e-11,1.3528872466750386e-11,-1.7541523789077473e-14
vanderpol_1_0,vanderpol,1,0,84,82,3.0753177782116836e-14,2.9753977059954195e-14,-9.992007221626409e-16
vanderpol_1_1em2,vanderpol,1,1em2,177,100,9.020161691564166e-05,9.020161691564166e-05,0.0
vanderpol_1_1em4,vanderpol,1,1em4,197,100,7.929845999843366e-07,7.929849713539383e-07,3.7136960173711486e-13
vanderpol_1_1em6,vanderpol,1,1em6,98,93,2.257978382047554e-08,2.2579823344415217e-08,3.952393967665557e-14
vanderpol_1_1em8,vanderpol,1,1em8,81,85,8.396983108838185e-11,8.36459790320987e-11,-3.2385205628315816e-13
vanderpol_2_0,vanderpol,2,0,95,94,5.639932965095795e-14,1.2356782264077992e-13,6.716849298982197e-14
vanderpol_2_1em2,vanderpol,2,1em2,187,100,0.00024391709264981465,0.0002439169424260923,-1.5022372235051762e-10
vanderpol_2_1em4,vanderpol,2,1em4,221,100,1.0085322381669926e-06,1.008532078294877e-06,-1.5987211554602254e-13
vanderpol_2_1em6,vanderpol,2,1em6,140,100,4.144173448850097e-09,4.1426111430098445e-09,-1.5623058402525203e-12
vanderpol_2_1em8,vanderpol,2,1em8,100,100,1.6448375994571052e-10,1.6448031825433418e-10,-3.4416913763379853e-15
vanderpol_3_0,vanderpol,3,0,100,100,1.715294573045867e-14,3.352873534367973e-14,1.637578961322106e-14
vanderpol_3_1em2,vanderpol,3,1em2,189,100,9.558578599466738e-05,9.558578788498862e-05,1.8903212328780228e-12
vanderpol_3_1em4,vanderpol,3,1em4,217,100,1.9350547335039714e-06,1.9350547376117966e-06,4.107825191113079e-15
vanderpol_3_1em6,vanderpol,3,1em6,127,100,9.087505858929035e-09,9.08228753315754e-09,-5.218325771494392e-12
vanderpol_3_1em8,vanderpol,3,1em8,96,95,1.7228324322715594e-10,1.7228418691672687e-10,9.43689570931383e-16
vanderpol_4_0,vanderpol,4,0,80,81,9.867107131356079e-15,9.645062526431047e-15,-2.220446049250313e-16
vanderpol_4_1em2,vanderpol,4,1em2,178,100,2.147286343623378e-06,2.1472863268590103e-06,-1.6764367671839864e-14
vanderpol_4_1em4,vanderpol,4,1em4,171,100,1.5079274849616464e-07,1.5079270877793594e-07,-3.9718228705964975e-14
vanderpol_4_1em6,vanderpol,4,1em6,100,98,1.0420565382807112e-09,1.0420542068123595e-09,-2.3314683517128287e-15
vanderpol_4_1em8,vanderpol,4,1em8,86,81,1.1738054972454393e-11,1.181166275898704e-11,7.360778653264788e-14
vanderpol_5_0,vanderpol,5,0,113,100,2.475797344914099e-14,2.3647750424515834e-14,-1.1102230246251565e-15
vanderpol_5_1em2,vanderpol,5,1em2,220,100,0.002703586161720284,0.009229051159103885,0.006525464997383601
vanderpol_5_1em4,vanderpol,5,1em4,167,100,7.573002673233464e-06,7.573012776707078e-06,1.0103473613298775e-11
vanderpol_5_1em6,vanderpol,5,1em6,126,100,2.5304514961188573e-07,2.530451500004638e-07,3.885780586188048e-16
vanderpol_5_1em8,vanderpol,5,1em8,111,100,4.820061849653001e-10,4.820056576093634e-10,-5.273559366969494e-16
vanderpol_6_0,vanderpol,6,0,92,92,1.0658141036401503e-14,1.2323475573339238e-14,1.6653345369377348e-15
vanderpol_6_1em2,vanderpol,6,1em2,186,100,6.410459232972232e-05,6.410455482611099e-05,-3.7503611327593944e-11
vanderpol_6_1em4,vanderpol,6,1em4,204,100,4.6533371333978835e-07,4.653330852033566e-07,-6.281364317572979e-13
vanderpol_6_1em6,vanderpol,6,1em6,114,100,3.6901356803564767e-08,3.690130251365886e-08,-5.4289905904170155e-14
vanderpol_6_1em8,vanderpol,6,1em8,106,100,3.998343323097231e-11,3.9985237343387325e-11,1.8041124150158794e-15
vanderpol_7_0,vanderpol,7,0,113,100,9.103828801926284e-15,5.090372567906343e-14,4.1799896877137144e-14
vanderpol_7_1em2,vanderpol,7,1em2,212,100,6.795052506891608e-06,6.79505248335488e-06,-2.353672812205332e-14
vanderpol_7_1em4,vanderpol,7,1em4,174,100,1.485571762271931e-07,1.4855694518978169e-07,-2.310374114244951e-13
vanderpol_7_1em6,vanderpol,7,1em6,128,100,1.7045923561553877e-09,1.7054145873274251e-09,8.222311720373909e-13
vanderpol_7_1em8,vanderpol,7,1em8,124,100,2.821520794782373e-12,2.8210767055725228e-12,-4.440892098500626e-16
vanderpol_8_0,vanderpol,8,0,123,100,4.463096558993129e-14,4.241051954068098e-14,-2.220446049250313e-15
vanderpol_8_1em2,vanderpol,8,1em2,194,100,0.00030820100574324716,0.00030820100488648805,-8.567591081032333e-13
vanderpol_8_1em4,vanderpol,8,1em4,210,100,7.466578903603249e-06,7.465987040600197e-06,-5.918630030521399e-10
vanderpol_8_1em6,vanderpol,8,1em6,167,100,2.7976471583812668e-08,2.7976386318684376e-08,-8.526512829121202e-14
vanderpol_8_1em8,vanderpol,8,1em8,131,100,1.7533516860623877e-09,1.7533515750400852e-09,-1.1102230246251565e-16
vanderpol_9_0,vanderpol,9,0,126,100,9.547918011776346e-15,9.742207041085749e-15,1.942890293094024e-16
vanderpol_9_1em2,vanderpol,9,1em2,212,100,0.0010287725650004464,0.0010287725650004464,0.0
vanderpol_9_1em4,vanderpol,9,1em4,196,100,1.4683484887173526e-05,1.46834549041297e-05,-2.998304382550998e-11
vanderpol_9_1em6,vanderpol,9,1em6,177,100,2.3827731529535434e-07,2.3827384221242198e-07,-3.4730829323592616e-12
vanderpol_9_1em8,vanderpol,9,1em8,144,100,9.43120775920292e-10,9.43121136742775e-10,3.608224830031759e-16
