
======================================================================================
Information request received. A stacktrace will print followed by a 10.0 second profile.
--trace-compile is enabled during profile collection.
======================================================================================

cmd: /home/orebas/.julia/juliaup/julia-1.13.0+0.x64.linux.gnu/bin/julia 3209835 running 1 of 1

signal (10): User defined signal 1
_ZN4llvm12hash_combineIJjjPNS_8MetadataES2_bEEENS_9hash_codeEDpRKT_ at /home/orebas/.julia/juliaup/julia-1.13.0+0.x64.linux.gnu/bin/../lib/julia/libLLVM.so.20.1jl (unknown line)
_ZN4llvm12DenseMapBaseINS_8DenseMapIPNS_10DILocationENS_6detail13DenseSetEmptyENS_10MDNodeInfoIS2_EENS4_12DenseSetPairIS3_EEEES3_S5_S7_S9_E15LookupBucketForIS3_EEbRKT_RPS9_ at /home/orebas/.julia/juliaup/julia-1.13.0+0.x64.linux.gnu/bin/../lib/julia/libLLVM.so.20.1jl (unknown line)
_ZN4llvm10DILocation7getImplERNS_11LLVMContextEjjPNS_8MetadataES4_bNS3_11StorageTypeEb at /home/orebas/.julia/juliaup/julia-1.13.0+0.x64.linux.gnu/bin/../lib/julia/libLLVM.so.20.1jl (unknown line)
warning: address range table at offset 0x3900 has a premature terminator entry at offset 0x4260
warning: address range table at offset 0x3900 has a premature terminator entry at offset 0x42c0
getImpl at /cache/build/builder-amdci4-4/julialang/julia-ci/usr/include/llvm/IR/DebugInfoMetadata.h:2004 [inlined]
get at /cache/build/builder-amdci4-4/julialang/julia-ci/usr/include/llvm/IR/DebugInfoMetadata.h:2024 [inlined]
operator() at /cache/build/builder-amdci4-4/julialang/julia-ci/src/codegen.cpp:9158
operator() at /usr/local/x86_64-linux-gnu/include/c++/9.1.0/bits/std_function.h:690 [inlined]
operator() at /cache/build/builder-amdci4-4/julialang/julia-ci/src/codegen.cpp:9109
operator() at /usr/local/x86_64-linux-gnu/include/c++/9.1.0/bits/std_function.h:690 [inlined]
operator() at /cache/build/builder-amdci4-4/julialang/julia-ci/src/codegen.cpp:9173 [inlined]
emit_function at /cache/build/builder-amdci4-4/julialang/julia-ci/src/codegen.cpp:9353
jl_emit_code at /cache/build/builder-amdci4-4/julialang/julia-ci/src/codegen.cpp:9963
jl_emit_codeinst at /cache/build/builder-amdci4-4/julialang/julia-ci/src/codegen.cpp:10034
jl_emit_codeinst_to_jit_impl at /cache/build/builder-amdci4-4/julialang/julia-ci/src/jitlayers.cpp:819
add_codeinsts_to_jit! at ./../usr/share/julia/Compiler/src/typeinfer.jl:1595
typeinf_ext_toplevel at ./../usr/share/julia/Compiler/src/typeinfer.jl:1602 [inlined]
typeinf_ext_toplevel at ./../usr/share/julia/Compiler/src/typeinfer.jl:1610
jfptr_typeinf_ext_toplevel_87105.1 at /home/orebas/.julia/juliaup/julia-1.13.0+0.x64.linux.gnu/lib/julia/sys.so (unknown line)
jl_apply at /cache/build/builder-amdci4-4/julialang/julia-ci/src/julia.h:2318 [inlined]
jl_type_infer at /cache/build/builder-amdci4-4/julialang/julia-ci/src/gf.c:478
jl_compile_method_internal at /cache/build/builder-amdci4-4/julialang/julia-ci/src/gf.c:3697
_jl_invoke at /cache/build/builder-amdci4-4/julialang/julia-ci/src/gf.c:4171 [inlined]
ijl_apply_generic at /cache/build/builder-amdci4-4/julialang/julia-ci/src/gf.c:4380
jl_apply at /cache/build/builder-amdci4-4/julialang/julia-ci/src/julia.h:2318 [inlined]
do_call at /cache/build/builder-amdci4-4/julialang/julia-ci/src/interpreter.c:123
eval_value at /cache/build/builder-amdci4-4/julialang/julia-ci/src/interpreter.c:243
eval_body at /cache/build/builder-amdci4-4/julialang/julia-ci/src/interpreter.c:581
eval_body at /cache/build/builder-amdci4-4/julialang/julia-ci/src/interpreter.c:558
eval_body at /cache/build/builder-amdci4-4/julialang/julia-ci/src/interpreter.c:558
jl_interpret_toplevel_thunk at /cache/build/builder-amdci4-4/julialang/julia-ci/src/interpreter.c:884
jl_toplevel_eval_flex at /cache/build/builder-amdci4-4/julialang/julia-ci/src/toplevel.c:742
jl_eval_toplevel_stmts at /cache/build/builder-amdci4-4/julialang/julia-ci/src/toplevel.c:585
jl_toplevel_eval_flex at /cache/build/builder-amdci4-4/julialang/julia-ci/src/toplevel.c:683
ijl_toplevel_eval at /cache/build/builder-amdci4-4/julialang/julia-ci/src/toplevel.c:754
ijl_toplevel_eval_in at /cache/build/builder-amdci4-4/julialang/julia-ci/src/toplevel.c:799
eval at ./boot.jl:489
include_string at ./loading.jl:3016
_include at ./loading.jl:3076
include at ./Base.jl:309
exec_options at ./client.jl:344
_start at ./client.jl:577
jfptr__start_59126.1 at /home/orebas/.julia/juliaup/julia-1.13.0+0.x64.linux.gnu/lib/julia/sys.so (unknown line)
jl_apply at /cache/build/builder-amdci4-4/julialang/julia-ci/src/julia.h:2318 [inlined]
true_main at /cache/build/builder-amdci4-4/julialang/julia-ci/src/jlapi.c:985
jl_repl_entrypoint at /cache/build/builder-amdci4-4/julialang/julia-ci/src/jlapi.c:1152
main at /cache/build/builder-amdci4-4/julialang/julia-ci/cli/loader_exe.c:58
unknown function (ip: 0x709f34e2a600) at /usr/lib/x86_64-linux-gnu/libc.so.6
__libc_start_main at /usr/lib/x86_64-linux-gnu/libc.so.6 (unknown line)
unknown function (ip: 0x4010b8) at /workspace/srcdir/glibc-2.17/csu/../sysdeps/x86_64/start.S
unknown function (ip: (nil)) at (unknown file)


==============================================================
Profile collected. A report will print at the next yield point.
Disabling --trace-compile
==============================================================


======================================================================================
Information request received. A stacktrace will print followed by a 10.0 second profile.
--trace-compile is enabled during profile collection.
======================================================================================

cmd: /home/orebas/.julia/juliaup/julia-1.13.0+0.x64.linux.gnu/bin/julia 3209835 running 1 of 1

signal (10): User defined signal 1
_ZN4llvm12MachineInstr17addRegisterKilledENS_8RegisterEPKNS_18TargetRegisterInfoEb at /home/orebas/.julia/juliaup/julia-1.13.0+0.x64.linux.gnu/bin/../lib/julia/libLLVM.so.20.1jl (unknown line)
_ZN4llvm13LiveVariables17HandlePhysRegKillENS_8RegisterEPNS_12MachineInstrE at /home/orebas/.julia/juliaup/julia-1.13.0+0.x64.linux.gnu/bin/../lib/julia/libLLVM.so.20.1jl (unknown line)
_ZN4llvm13LiveVariables16HandlePhysRegDefENS_8RegisterEPNS_12MachineInstrERNS_15SmallVectorImplIS1_EE at /home/orebas/.julia/juliaup/julia-1.13.0+0.x64.linux.gnu/bin/../lib/julia/libLLVM.so.20.1jl (unknown line)
_ZN4llvm13LiveVariables10runOnInstrERNS_12MachineInstrERNS_15SmallVectorImplINS_8RegisterEEEj at /home/orebas/.julia/juliaup/julia-1.13.0+0.x64.linux.gnu/bin/../lib/julia/libLLVM.so.20.1jl (unknown line)
_ZN4llvm13LiveVariables10runOnBlockEPNS_17MachineBasicBlockEj at /home/orebas/.julia/juliaup/julia-1.13.0+0.x64.linux.gnu/bin/../lib/julia/libLLVM.so.20.1jl (unknown line)
_ZN4llvm13LiveVariables7analyzeERNS_15MachineFunctionE at /home/orebas/.julia/juliaup/julia-1.13.0+0.x64.linux.gnu/bin/../lib/julia/libLLVM.so.20.1jl (unknown line)
_ZN4llvm24LiveVariablesWrapperPass20runOnMachineFunctionERNS_15MachineFunctionE at /home/orebas/.julia/juliaup/julia-1.13.0+0.x64.linux.gnu/bin/../lib/julia/libLLVM.so.20.1jl (unknown line)
_ZN4llvm19MachineFunctionPass13runOnFunctionERNS_8FunctionE.part.0 at /home/orebas/.julia/juliaup/julia-1.13.0+0.x64.linux.gnu/bin/../lib/julia/libLLVM.so.20.1jl (unknown line)
_ZN4llvm13FPPassManager13runOnFunctionERNS_8FunctionE at /home/orebas/.julia/juliaup/julia-1.13.0+0.x64.linux.gnu/bin/../lib/julia/libLLVM.so.20.1jl (unknown line)
_ZN4llvm13FPPassManager11runOnModuleERNS_6ModuleE at /home/orebas/.julia/juliaup/julia-1.13.0+0.x64.linux.gnu/bin/../lib/julia/libLLVM.so.20.1jl (unknown line)
_ZN4llvm6legacy15PassManagerImpl3runERNS_6ModuleE at /home/orebas/.julia/juliaup/julia-1.13.0+0.x64.linux.gnu/bin/../lib/julia/libLLVM.so.20.1jl (unknown line)
operator() at /cache/build/builder-amdci4-4/julialang/julia-ci/src/jitlayers.cpp:1627
addModule at /cache/build/builder-amdci4-4/julialang/julia-ci/src/jitlayers.cpp:2130
jl_compile_codeinst_now at /cache/build/builder-amdci4-4/julialang/julia-ci/src/jitlayers.cpp:681
jl_compile_codeinst_impl at /cache/build/builder-amdci4-4/julialang/julia-ci/src/jitlayers.cpp:875
jl_compile_method_internal at /cache/build/builder-amdci4-4/julialang/julia-ci/src/gf.c:3709
_jl_invoke at /cache/build/builder-amdci4-4/julialang/julia-ci/src/gf.c:4171 [inlined]
ijl_apply_generic at /cache/build/builder-amdci4-4/julialang/julia-ci/src/gf.c:4380
#49 at /home/orebas/.julia/dev/ODEParameterEstimation/repro/petab/dense_single/run.jl:29
unknown function (ip: 0x709e99576d4f) at (unknown file)
jl_apply at /cache/build/builder-amdci4-4/julialang/julia-ci/src/julia.h:2318 [inlined]
jl_f_invokelatest at /cache/build/builder-amdci4-4/julialang/julia-ci/src/builtins.c:889
profile_printing_listener at ./Base.jl:337
#start_profile_listener##0 at ./Base.jl:355
jfptr_YY.start_profile_listenerYY.YY.0_13562.1 at /home/orebas/.julia/juliaup/julia-1.13.0+0.x64.linux.gnu/lib/julia/sys.so (unknown line)
jl_apply at /cache/build/builder-amdci4-4/julialang/julia-ci/src/julia.h:2318 [inlined]
start_task at /cache/build/builder-amdci4-4/julialang/julia-ci/src/task.c:1285
unknown function (ip: (nil)) at (unknown file)

#= 2772.2 ms =# precompile(Tuple{typeof(Core.kwcall), NamedTuple{(:format, :C, :sortedby), Tuple{Symbol, Bool, Symbol}}, typeof(Profile.print), String})
[33m#=  102.6 ms =# precompile(Tuple{typeof(Core.kwcall), NamedTuple{(:checks,), Tuple{Bool}}, Type{ModelingToolkitBase.System}, UInt64, Array{Symbolics.Equation, 1}, Nothing, Array{Union{JumpProcesses.ConstantRateJump{F1, F2} where F2 where F1, JumpProcesses.MassActionJump{T, S, U, V} where V where U where S where T, JumpProcesses.VariableRateJump{R, F, R2, R3, R4, I, T, T2} where T2 where T where I where R4 where R3 where R2 where F where R}, 1}, Array{Union{Symbolics.Equation, Symbolics.Inequality}, 1}, Array{SymbolicUtils.BasicSymbolicImpl.var"typeof(BasicSymbolicImpl)"{SymbolicUtils.SymReal}, 1}, typeof(ModelingToolkitBase.default_consolidate), Array{SymbolicUtils.BasicSymbolicImpl.var"typeof(BasicSymbolicImpl)"{SymbolicUtils.SymReal}, 1}, Array{SymbolicUtils.BasicSymbolicImpl.var"typeof(BasicSymbolicImpl)"{SymbolicUtils.SymReal}, 1}, Array{SymbolicUtils.BasicSymbolicImpl.var"typeof(BasicSymbolicImpl)"{SymbolicUtils.SymReal}, 1}, Array{SymbolicUtils.BasicSymbolicImpl.var"typeof(BasicSymbolicImpl)"{SymbolicUtils.SymReal}, 1}, SymbolicUtils.BasicSymbolicImpl.var"typeof(BasicSymbolicImpl)"{SymbolicUtils.SymReal}, Array{Symbolics.Equation, 1}, Base.Dict{Symbol, SymbolicUtils.BasicSymbolicImpl.var"typeof(BasicSymbolicImpl)"{SymbolicUtils.SymReal}}, Symbol, String, ReadOnlyDicts.ReadOnlyDict{SymbolicUtils.BasicSymbolicImpl.var"typeof(BasicSymbolicImpl)"{SymbolicUtils.SymReal}, SymbolicUtils.BasicSymbolicImpl.var"typeof(BasicSymbolicImpl)"{SymbolicUtils.SymReal}, ModelingToolkitBase.AtomicArrayDict{SymbolicUtils.BasicSymbolicImpl.var"typeof(BasicSymbolicImpl)"{SymbolicUtils.SymReal}, Base.Dict{SymbolicUtils.BasicSymbolicImpl.var"typeof(BasicSymbolicImpl)"{SymbolicUtils.SymReal}, SymbolicUtils.BasicSymbolicImpl.var"typeof(BasicSymbolicImpl)"{SymbolicUtils.SymReal}}}}, ModelingToolkitBase.AtomicArrayDict{SymbolicUtils.BasicSymbolicImpl.var"typeof(BasicSymbolicImpl)"{SymbolicUtils.SymReal}, Base.Dict{SymbolicUtils.BasicSymbolicImpl.var"typeof(BasicSymbolicImpl)"{SymbolicUtils.SymReal}, SymbolicUtils.BasicSymbolicImpl.var"typeof(BasicSymbolicImpl)"{SymbolicUtils.SymReal}}}, ModelingToolkitBase.AtomicArrayDict{SymbolicUtils.BasicSymbolicImpl.var"typeof(BasicSymbolicImpl)"{SymbolicUtils.SymReal}, Base.Dict{SymbolicUtils.BasicSymbolicImpl.var"typeof(BasicSymbolicImpl)"{SymbolicUtils.SymReal}, SymbolicUtils.BasicSymbolicImpl.var"typeof(BasicSymbolicImpl)"{SymbolicUtils.SymReal}}}, Array{ModelingToolkitBase.System, 1}, Array{Symbolics.Equation, 1}, Array{ModelingToolkitBase.SymbolicContinuousCallback, 1}, Array{ModelingToolkitBase.SymbolicDiscreteCallback, 1}, Nothing, Base.Dict{SymbolicUtils.BasicSymbolicImpl.var"typeof(BasicSymbolicImpl)"{SymbolicUtils.SymReal}, String}, Base.ImmutableDict{typeof(DataType), Any}, Nothing, Bool, Array{Any, 1}, Nothing, OrderedCollections.OrderedSet{SymbolicUtils.BasicSymbolicImpl.var"typeof(BasicSymbolicImpl)"{SymbolicUtils.SymReal}}, OrderedCollections.OrderedSet{SymbolicUtils.BasicSymbolicImpl.var"typeof(BasicSymbolicImpl)"{SymbolicUtils.SymReal}}, ModelingToolkitTearing.TearingState, Bool, Bool, Nothing, ModelingToolkitBase.ParameterBindingsGraph, Nothing, Nothing, ModelingToolkitBase.System, Nothing, Bool, Bool, ModelingToolkitBase.AtomicArrayDict{Int64, Base.Dict{SymbolicUtils.BasicSymbolicImpl.var"typeof(BasicSymbolicImpl)"{SymbolicUtils.SymReal}, Int64}}, ModelingToolkitBase.AtomicArraySet{Base.Dict{SymbolicUtils.BasicSymbolicImpl.var"typeof(BasicSymbolicImpl)"{SymbolicUtils.SymReal}, Nothing}}, ModelingToolkitBase.AtomicArraySet{Base.Dict{SymbolicUtils.BasicSymbolicImpl.var"typeof(BasicSymbolicImpl)"{SymbolicUtils.SymReal}, Nothing}}, TaskLocalValues.TaskLocalValue{SymbolicUtils.IRStructure{SymbolicUtils.SymReal}, typeof(ModelingToolkitBase.__new_irstructure)}, Bool, ModelingToolkitBase.Schedule, Base.Dict{SymbolicUtils.BasicSymbolicImpl.var"typeof(BasicSymbolicImpl)"{SymbolicUtils.SymReal}, SymbolicUtils.BasicSymbolicImpl.var"typeof(BasicSymbolicImpl)"{SymbolicUtils.SymReal}}}) # recompile[0m
[33m#=   60.0 ms =# precompile(Tuple{typeof(ModelingToolkitBase.reverse_transformation), ModelingToolkitBase.System, ModelingToolkitBase.ScalarizedArrayObserved}) # recompile[0m
#=    7.8 ms =# precompile(Tuple{Type{SymbolicUtils.SmallVec{SymbolicUtils.BasicSymbolicImpl.var"typeof(BasicSymbolicImpl)"{SymbolicUtils.SymReal}, Array{SymbolicUtils.BasicSymbolicImpl.var"typeof(BasicSymbolicImpl)"{SymbolicUtils.SymReal}, 1}}}, Tuple{SymbolicUtils.BasicSymbolicImpl.var"typeof(BasicSymbolicImpl)"{SymbolicUtils.SymReal}}})
[33m#=  117.9 ms =# precompile(Tuple{typeof(Base.setindex!), Base.Dict{SymbolicUtils.BasicSymbolicImpl.var"typeof(BasicSymbolicImpl)"{SymbolicUtils.SymReal}, Base.Set{Union{SymbolicIndexingInterface.ContinuousTimeseries, Int64}}}, Base.Set{Union{SymbolicIndexingInterface.ContinuousTimeseries, Int64}}, SymbolicUtils.BasicSymbolicImpl.var"typeof(BasicSymbolicImpl)"{SymbolicUtils.SymReal}}) # recompile[0m
[33m#=  118.3 ms =# precompile(Tuple{typeof(Core.kwcall), NamedTuple{(:checks,), Tuple{Bool}}, Type{ModelingToolkitBase.System}, UInt64, Array{Symbolics.Equation, 1}, Nothing, Array{Union{JumpProcesses.ConstantRateJump{F1, F2} where F2 where F1, JumpProcesses.MassActionJump{T, S, U, V} where V where U where S where T, JumpProcesses.VariableRateJump{R, F, R2, R3, R4, I, T, T2} where T2 where T where I where R4 where R3 where R2 where F where R}, 1}, Array{Union{Symbolics.Equation, Symbolics.Inequality}, 1}, Array{SymbolicUtils.BasicSymbolicImpl.var"typeof(BasicSymbolicImpl)"{SymbolicUtils.SymReal}, 1}, typeof(ModelingToolkitBase.default_consolidate), Array{SymbolicUtils.BasicSymbolicImpl.var"typeof(BasicSymbolicImpl)"{SymbolicUtils.SymReal}, 1}, Array{SymbolicUtils.BasicSymbolicImpl.var"typeof(BasicSymbolicImpl)"{SymbolicUtils.SymReal}, 1}, Array{SymbolicUtils.BasicSymbolicImpl.var"typeof(BasicSymbolicImpl)"{SymbolicUtils.SymReal}, 1}, Array{SymbolicUtils.BasicSymbolicImpl.var"typeof(BasicSymbolicImpl)"{SymbolicUtils.SymReal}, 1}, SymbolicUtils.BasicSymbolicImpl.var"typeof(BasicSymbolicImpl)"{SymbolicUtils.SymReal}, Array{Symbolics.Equation, 1}, Base.Dict{Symbol, SymbolicUtils.BasicSymbolicImpl.var"typeof(BasicSymbolicImpl)"{SymbolicUtils.SymReal}}, Symbol, String, ReadOnlyDicts.ReadOnlyDict{SymbolicUtils.BasicSymbolicImpl.var"typeof(BasicSymbolicImpl)"{SymbolicUtils.SymReal}, SymbolicUtils.BasicSymbolicImpl.var"typeof(BasicSymbolicImpl)"{SymbolicUtils.SymReal}, ModelingToolkitBase.AtomicArrayDict{SymbolicUtils.BasicSymbolicImpl.var"typeof(BasicSymbolicImpl)"{SymbolicUtils.SymReal}, Base.Dict{SymbolicUtils.BasicSymbolicImpl.var"typeof(BasicSymbolicImpl)"{SymbolicUtils.SymReal}, SymbolicUtils.BasicSymbolicImpl.var"typeof(BasicSymbolicImpl)"{SymbolicUtils.SymReal}}}}, ModelingToolkitBase.AtomicArrayDict{SymbolicUtils.BasicSymbolicImpl.var"typeof(BasicSymbolicImpl)"{SymbolicUtils.SymReal}, Base.Dict{SymbolicUtils.BasicSymbolicImpl.var"typeof(BasicSymbolicImpl)"{SymbolicUtils.SymReal}, SymbolicUtils.BasicSymbolicImpl.var"typeof(BasicSymbolicImpl)"{SymbolicUtils.SymReal}}}, ModelingToolkitBase.AtomicArrayDict{SymbolicUtils.BasicSymbolicImpl.var"typeof(BasicSymbolicImpl)"{SymbolicUtils.SymReal}, Base.Dict{SymbolicUtils.BasicSymbolicImpl.var"typeof(BasicSymbolicImpl)"{SymbolicUtils.SymReal}, SymbolicUtils.BasicSymbolicImpl.var"typeof(BasicSymbolicImpl)"{SymbolicUtils.SymReal}}}, Array{ModelingToolkitBase.System, 1}, Array{Symbolics.Equation, 1}, Array{ModelingToolkitBase.SymbolicContinuousCallback, 1}, Array{ModelingToolkitBase.SymbolicDiscreteCallback, 1}, Nothing, Base.Dict{SymbolicUtils.BasicSymbolicImpl.var"typeof(BasicSymbolicImpl)"{SymbolicUtils.SymReal}, String}, Base.ImmutableDict{typeof(DataType), Any}, Nothing, Bool, Array{Any, 1}, Nothing, OrderedCollections.OrderedSet{SymbolicUtils.BasicSymbolicImpl.var"typeof(BasicSymbolicImpl)"{SymbolicUtils.SymReal}}, OrderedCollections.OrderedSet{SymbolicUtils.BasicSymbolicImpl.var"typeof(BasicSymbolicImpl)"{SymbolicUtils.SymReal}}, ModelingToolkitTearing.TearingState, Bool, Bool, ModelingToolkitBase.IndexCache, ModelingToolkitBase.ParameterBindingsGraph, Nothing, Nothing, ModelingToolkitBase.System, Nothing, Bool, Bool, ModelingToolkitBase.AtomicArrayDict{Int64, Base.Dict{SymbolicUtils.BasicSymbolicImpl.var"typeof(BasicSymbolicImpl)"{SymbolicUtils.SymReal}, Int64}}, ModelingToolkitBase.AtomicArraySet{Base.Dict{SymbolicUtils.BasicSymbolicImpl.var"typeof(BasicSymbolicImpl)"{SymbolicUtils.SymReal}, Nothing}}, ModelingToolkitBase.AtomicArraySet{Base.Dict{SymbolicUtils.BasicSymbolicImpl.var"typeof(BasicSymbolicImpl)"{SymbolicUtils.SymReal}, Nothing}}, TaskLocalValues.TaskLocalValue{SymbolicUtils.IRStructure{SymbolicUtils.SymReal}, typeof(ModelingToolkitBase.__new_irstructure)}, Bool, ModelingToolkitBase.Schedule, Base.Dict{SymbolicUtils.BasicSymbolicImpl.var"typeof(BasicSymbolicImpl)"{SymbolicUtils.SymReal}, SymbolicUtils.BasicSymbolicImpl.var"typeof(BasicSymbolicImpl)"{SymbolicUtils.SymReal}}}) # recompile[0m
[33m#=  116.4 ms =# precompile(Tuple{typeof(PEtab._reorder_speciemap), Array{Pair{Symbolics.Num, Float64}, 1}, ModelingToolkitBase.System}) # recompile[0m
[33m#=  119.8 ms =# precompile(Tuple{typeof(SymbolicUtils.show_call), Base.GenericIOBuffer{Memory{UInt8}}, Any, SymbolicUtils.BasicSymbolicImpl.var"typeof(BasicSymbolicImpl)"{SymbolicUtils.SymReal}}) # recompile[0m
[33m#=   45.0 ms =# precompile(Tuple{typeof(PEtab._get_sys_observables), ModelingToolkitBase.System}) # recompile[0m
#= 1570.9 ms =# precompile(Tuple{typeof(ModelingToolkitBase.build_explicit_observed_function), ModelingToolkitBase.System, Any, ModelingToolkitBase.GeneratedFunctionOptions{false, false}})
#=   28.4 ms =# precompile(Tuple{typeof(SymbolicIndexingInterface.symbolic_type), SymbolicUtils.BasicSymbolicImpl.var"typeof(BasicSymbolicImpl)"{SymbolicUtils.SymReal}})
[33m#=   79.5 ms =# precompile(Tuple{typeof(Core.kwcall), NamedTuple{(:allsyms,), Tuple{Array{SymbolicUtils.BasicSymbolicImpl.var"typeof(BasicSymbolicImpl)"{SymbolicUtils.SymReal}, 1}}}, typeof(ModelingToolkitBase.symbol_to_symbolic), ModelingToolkitBase.System, SymbolicUtils.BasicSymbolicImpl.var"typeof(BasicSymbolicImpl)"{SymbolicUtils.SymReal}}) # recompile[0m
[33m#=   22.6 ms =# precompile(Tuple{typeof(Base.foreach), Base.Fix{1, typeof(ModelingToolkitBase.push_as_atomic_array!), ModelingToolkitBase.AtomicArraySet{Base.Dict{SymbolicUtils.BasicSymbolicImpl.var"typeof(BasicSymbolicImpl)"{SymbolicUtils.SymReal}, Nothing}}}, ModelingToolkitBase.AtomicArraySet{OrderedCollections.OrderedDict{SymbolicUtils.BasicSymbolicImpl.var"typeof(BasicSymbolicImpl)"{SymbolicUtils.SymReal}, Nothing}}}) # recompile[0m
[33m#=   29.2 ms =# precompile(Tuple{typeof(Base.union!), ModelingToolkitBase.AtomicArraySet{Base.Dict{SymbolicUtils.BasicSymbolicImpl.var"typeof(BasicSymbolicImpl)"{SymbolicUtils.SymReal}, Nothing}}, Array{SymbolicUtils.BasicSymbolicImpl.var"typeof(BasicSymbolicImpl)"{SymbolicUtils.SymReal}, 1}}) # recompile[0m
[33m#=    7.4 ms =# precompile(Tuple{typeof(Base.push!), Base.Set{SymbolicUtils.BasicSymbolicImpl.var"typeof(BasicSymbolicImpl)"{SymbolicUtils.SymReal}}, SymbolicUtils.BasicSymbolicImpl.var"typeof(BasicSymbolicImpl)"{SymbolicUtils.SymReal}}) # recompile[0m
[33m#=  226.0 ms =# precompile(Tuple{typeof(SymbolicUtils.query), ModelingToolkitBase.CheckInvalidAndTrackNamespaced, SymbolicUtils.BasicSymbolicImpl.var"typeof(BasicSymbolicImpl)"{SymbolicUtils.SymReal}}) # recompile[0m
[33m#=    9.7 ms =# precompile(Tuple{typeof(SymbolicUtils.substitute), SymbolicUtils.BasicSymbolicImpl.var"typeof(BasicSymbolicImpl)"{SymbolicUtils.SymReal}, Base.Dict{SymbolicUtils.BasicSymbolicImpl.var"typeof(BasicSymbolicImpl)"{SymbolicUtils.SymReal}, SymbolicUtils.BasicSymbolicImpl.var"typeof(BasicSymbolicImpl)"{SymbolicUtils.SymReal}}}) # recompile[0m
[33m#=  510.2 ms =# precompile(Tuple{SymbolicUtils.MulWorkerBuffer{SymbolicUtils.SymReal}, SymbolicUtils.SmallVec{SymbolicUtils.BasicSymbolicImpl.var"typeof(BasicSymbolicImpl)"{SymbolicUtils.SymReal}, Array{SymbolicUtils.BasicSymbolicImpl.var"typeof(BasicSymbolicImpl)"{SymbolicUtils.SymReal}, 1}}}) # recompile[0m
#=   11.3 ms =# precompile(Tuple{SymbolicUtils.IRSubstituter{false, SymbolicUtils.SymReal, Base.Dict{SymbolicUtils.BasicSymbolicImpl.var"typeof(BasicSymbolicImpl)"{SymbolicUtils.SymReal}, SymbolicUtils.BasicSymbolicImpl.var"typeof(BasicSymbolicImpl)"{SymbolicUtils.SymReal}}, typeof(SymbolicUtils.default_substitute_filter)}, SymbolicUtils.BasicSymbolicImpl.var"typeof(BasicSymbolicImpl)"{SymbolicUtils.SymReal}})
#=  235.7 ms =# precompile(Tuple{typeof(Core.kwcall), NamedTuple{(:is_atomic,), Tuple{Base.Returns{Bool}}}, typeof(SymbolicUtils.search_variables!), SymbolicUtils.IRStructureSearchBuffer{SymbolicUtils.SymReal, Base.Set{SymbolicUtils.BasicSymbolicImpl.var"typeof(BasicSymbolicImpl)"{SymbolicUtils.SymReal}}}, SymbolicUtils.BasicSymbolicImpl.var"typeof(BasicSymbolicImpl)"{SymbolicUtils.SymReal}})
#=  318.4 ms =# precompile(Tuple{typeof(Core.kwcall), NamedTuple{(:is_atomic, :recurse), Tuple{typeof(ModelingToolkitBase.find_arrvars_is_atomic), Base.ComposedFunction{typeof(Base.:(!)), typeof(SymbolicUtils.default_is_atomic)}}}, typeof(SymbolicUtils.search_variables!), SymbolicUtils.IRStructureSearchBuffer{SymbolicUtils.SymReal, Base.Set{SymbolicUtils.BasicSymbolicImpl.var"typeof(BasicSymbolicImpl)"{SymbolicUtils.SymReal}}}, SymbolicUtils.BasicSymbolicImpl.var"typeof(BasicSymbolicImpl)"{SymbolicUtils.SymReal}})
[33m#=   13.9 ms =# precompile(Tuple{typeof(Core.kwcall), NamedTuple{(:ignore_vars, :filter_vars, :argument_name, :ignore_arg_idxs), Tuple{Base.KeySet{SymbolicUtils.BasicSymbolicImpl.var"typeof(BasicSymbolicImpl)"{SymbolicUtils.SymReal}, Base.Dict{SymbolicUtils.BasicSymbolicImpl.var"typeof(BasicSymbolicImpl)"{SymbolicUtils.SymReal}, Array{Tuple{Int64, Int64}, 1}}}, Base.Set{SymbolicUtils.BasicSymbolicImpl.var"typeof(BasicSymbolicImpl)"{SymbolicUtils.SymReal}}, typeof(ModelingToolkitBase.generated_argument_name), Base.UnitRange{Int64}}}, typeof(ModelingToolkitBase.array_variable_assignments), Any, Vararg{Any}}) # recompile[0m
[33m#=   46.6 ms =# precompile(Tuple{ModelingToolkitBase.var"##array_variable_assignments#385", Base.KeySet{SymbolicUtils.BasicSymbolicImpl.var"typeof(BasicSymbolicImpl)"{SymbolicUtils.SymReal}, Base.Dict{SymbolicUtils.BasicSymbolicImpl.var"typeof(BasicSymbolicImpl)"{SymbolicUtils.SymReal}, Array{Tuple{Int64, Int64}, 1}}}, Base.Set{SymbolicUtils.BasicSymbolicImpl.var"typeof(BasicSymbolicImpl)"{SymbolicUtils.SymReal}}, Function, Int64, Base.UnitRange{Int64}, typeof(ModelingToolkitBase.array_variable_assignments), Any, Vararg{Any}}) # recompile[0m
[33m#=  127.9 ms =# precompile(Tuple{typeof(ModelingToolkitBase._compute_array_variable_buffer_idxs), Array{Any, 1}, Base.KeySet{SymbolicUtils.BasicSymbolicImpl.var"typeof(BasicSymbolicImpl)"{SymbolicUtils.SymReal}, Base.Dict{SymbolicUtils.BasicSymbolicImpl.var"typeof(BasicSymbolicImpl)"{SymbolicUtils.SymReal}, Array{Tuple{Int64, Int64}, 1}}}, Base.UnitRange{Int64}}) # recompile[0m
[33m#=    8.3 ms =# precompile(Tuple{typeof(Core.kwcall), NamedTuple{(:argument_name, :buffer_offset, :filter_vars), Tuple{typeof(ModelingToolkitBase.generated_argument_name), Int64, Base.Set{SymbolicUtils.BasicSymbolicImpl.var"typeof(BasicSymbolicImpl)"{SymbolicUtils.SymReal}}}}, typeof(ModelingToolkitBase.array_variable_buffer_idxs_to_assignments), Base.Dict{SymbolicUtils.BasicSymbolicImpl.var"typeof(BasicSymbolicImpl)"{SymbolicUtils.SymReal}, Array{Tuple{Int64, Int64}, 1}}}) # recompile[0m
#=   17.1 ms =# precompile(Tuple{typeof(Base._cshp), Int64, Tuple{Bool}, Tuple{}, Tuple{Int64}})
[33m#=  178.0 ms =# precompile(Tuple{typeof(Symbolics.codegen_function), SymbolicUtils.IRStructure{SymbolicUtils.SymReal}, SymbolicUtils.BasicSymbolicImpl.var"typeof(BasicSymbolicImpl)"{SymbolicUtils.SymReal}, Array{Any, 1}, Symbolics.CodegenFunctionOptions}) # recompile[0m
#=   19.1 ms =# precompile(Tuple{typeof(Base.pairs), NamedTuple{(:type, :shape), Tuple{typeof(DataType), SymbolicUtils.Unknown}}})
#=   10.1 ms =# precompile(Tuple{typeof(Base.merge), NamedTuple{(), Tuple{}}, Base.Pairs{Symbol, Any, Nothing, NamedTuple{(:type, :shape), Tuple{typeof(DataType), SymbolicUtils.Unknown}}}})
[33m#= 2758.7 ms =# precompile(Tuple{typeof(SymbolicUtils.Code.fast_toexpr), SymbolicUtils.Code.Func, SymbolicUtils.IRStructure{SymbolicUtils.SymReal}, Base.Dict{Any, Any}}) # recompile[0m
#=   10.7 ms =# precompile(Tuple{typeof(Base.getindex), Base.OneTo{Int64}, Int64})

==============================================================
Profile collected. A report will print at the next yield point.
Disabling --trace-compile
==============================================================

PROFILE_SAVED /tmp/odepe-local-si-sneyd-20260914/profile_1789414334.txt
PROFILE_SAVED /tmp/odepe-local-si-sneyd-20260914/profile_1789414370.txt

======================================================================================
Information request received. A stacktrace will print followed by a 10.0 second profile.
--trace-compile is enabled during profile collection.
======================================================================================

cmd: /home/orebas/.julia/juliaup/julia-1.13.0+0.x64.linux.gnu/bin/julia 3209835 running 1 of 1

signal (10): User defined signal 1
is_all_const_call at ./../usr/share/julia/Compiler/src/ssair/irinterp.jl:312
#227 at ./../usr/share/julia/Compiler/src/ssair/irinterp.jl:342
scan! at ./../usr/share/julia/Compiler/src/ssair/irinterp.jl:286
#ir_abstract_constant_propagation#223 at ./../usr/share/julia/Compiler/src/ssair/irinterp.jl:332
ir_abstract_constant_propagation at ./../usr/share/julia/Compiler/src/ssair/irinterp.jl:318 [inlined]
semi_concrete_eval_call at ./../usr/share/julia/Compiler/src/abstractinterpretation.jl:1277
abstract_call_method_with_const_args at ./../usr/share/julia/Compiler/src/abstractinterpretation.jl:904
abstract_call_method_with_const_args at ./../usr/share/julia/Compiler/src/abstractinterpretation.jl:879 [inlined]
handle1 at ./../usr/share/julia/Compiler/src/abstractinterpretation.jl:189
infercalls at ./../usr/share/julia/Compiler/src/abstractinterpretation.jl:263
abstract_call_gf_by_type at ./../usr/share/julia/Compiler/src/abstractinterpretation.jl:349
abstract_call_known at ./../usr/share/julia/Compiler/src/abstractinterpretation.jl:2869
abstract_call at ./../usr/share/julia/Compiler/src/abstractinterpretation.jl:2975
abstract_call at ./../usr/share/julia/Compiler/src/abstractinterpretation.jl:2968 [inlined]
abstract_call at ./../usr/share/julia/Compiler/src/abstractinterpretation.jl:3128
abstract_eval_call at ./../usr/share/julia/Compiler/src/abstractinterpretation.jl:3146 [inlined]
abstract_eval_statement_expr at ./../usr/share/julia/Compiler/src/abstractinterpretation.jl:3502
abstract_eval_basic_statement at ./../usr/share/julia/Compiler/src/abstractinterpretation.jl:3896 [inlined]
abstract_eval_basic_statement at ./../usr/share/julia/Compiler/src/abstractinterpretation.jl:3853 [inlined]
typeinf_local at ./../usr/share/julia/Compiler/src/abstractinterpretation.jl:4402
jfptr_typeinf_local_86421.1 at /home/orebas/.julia/juliaup/julia-1.13.0+0.x64.linux.gnu/lib/julia/sys.so (unknown line)
typeinf at ./../usr/share/julia/Compiler/src/abstractinterpretation.jl:4563
const_prop_call at ./../usr/share/julia/Compiler/src/abstractinterpretation.jl:1365
abstract_call_method_with_const_args at ./../usr/share/julia/Compiler/src/abstractinterpretation.jl:910
abstract_call_method_with_const_args at ./../usr/share/julia/Compiler/src/abstractinterpretation.jl:879 [inlined]
handle1 at ./../usr/share/julia/Compiler/src/abstractinterpretation.jl:189
infercalls at ./../usr/share/julia/Compiler/src/abstractinterpretation.jl:263
abstract_call_gf_by_type at ./../usr/share/julia/Compiler/src/abstractinterpretation.jl:349
abstract_call_known at ./../usr/share/julia/Compiler/src/abstractinterpretation.jl:2869
abstract_call at ./../usr/share/julia/Compiler/src/abstractinterpretation.jl:2975
abstract_call at ./../usr/share/julia/Compiler/src/abstractinterpretation.jl:2968 [inlined]
abstract_call at ./../usr/share/julia/Compiler/src/abstractinterpretation.jl:3128
abstract_eval_call at ./../usr/share/julia/Compiler/src/abstractinterpretation.jl:3146 [inlined]
abstract_eval_statement_expr at ./../usr/share/julia/Compiler/src/abstractinterpretation.jl:3502
abstract_eval_basic_statement at ./../usr/share/julia/Compiler/src/abstractinterpretation.jl:3896 [inlined]
abstract_eval_basic_statement at ./../usr/share/julia/Compiler/src/abstractinterpretation.jl:3853 [inlined]
typeinf_local at ./../usr/share/julia/Compiler/src/abstractinterpretation.jl:4402
jfptr_typeinf_local_86421.1 at /home/orebas/.julia/juliaup/julia-1.13.0+0.x64.linux.gnu/lib/julia/sys.so (unknown line)
typeinf at ./../usr/share/julia/Compiler/src/abstractinterpretation.jl:4563
const_prop_call at ./../usr/share/julia/Compiler/src/abstractinterpretation.jl:1365
abstract_call_method_with_const_args at ./../usr/share/julia/Compiler/src/abstractinterpretation.jl:910
abstract_call_method_with_const_args at ./../usr/share/julia/Compiler/src/abstractinterpretation.jl:879 [inlined]
handle1 at ./../usr/share/julia/Compiler/src/abstractinterpretation.jl:189
infercalls at ./../usr/share/julia/Compiler/src/abstractinterpretation.jl:263
abstract_call_gf_by_type at ./../usr/share/julia/Compiler/src/abstractinterpretation.jl:349
abstract_call_known at ./../usr/share/julia/Compiler/src/abstractinterpretation.jl:2869
abstract_call at ./../usr/share/julia/Compiler/src/abstractinterpretation.jl:2975
abstract_call at ./../usr/share/julia/Compiler/src/abstractinterpretation.jl:2968 [inlined]
abstract_call at ./../usr/share/julia/Compiler/src/abstractinterpretation.jl:3128
abstract_eval_call at ./../usr/share/julia/Compiler/src/abstractinterpretation.jl:3146 [inlined]
abstract_eval_statement_expr at ./../usr/share/julia/Compiler/src/abstractinterpretation.jl:3502
abstract_eval_basic_statement at ./../usr/share/julia/Compiler/src/abstractinterpretation.jl:3896 [inlined]
abstract_eval_basic_statement at ./../usr/share/julia/Compiler/src/abstractinterpretation.jl:3853 [inlined]
typeinf_local at ./../usr/share/julia/Compiler/src/abstractinterpretation.jl:4402
jfptr_typeinf_local_86421.1 at /home/orebas/.julia/juliaup/julia-1.13.0+0.x64.linux.gnu/lib/julia/sys.so (unknown line)
typeinf at ./../usr/share/julia/Compiler/src/abstractinterpretation.jl:4563
const_prop_call at ./../usr/share/julia/Compiler/src/abstractinterpretation.jl:1365
abstract_call_method_with_const_args at ./../usr/share/julia/Compiler/src/abstractinterpretation.jl:910
abstract_call_method_with_const_args at ./../usr/share/julia/Compiler/src/abstractinterpretation.jl:879 [inlined]
handle1 at ./../usr/share/julia/Compiler/src/abstractinterpretation.jl:189
infercalls at ./../usr/share/julia/Compiler/src/abstractinterpretation.jl:263
abstract_call_gf_by_type at ./../usr/share/julia/Compiler/src/abstractinterpretation.jl:349
abstract_call_known at ./../usr/share/julia/Compiler/src/abstractinterpretation.jl:2869
abstract_call at ./../usr/share/julia/Compiler/src/abstractinterpretation.jl:2975
abstract_call at ./../usr/share/julia/Compiler/src/abstractinterpretation.jl:2968 [inlined]
abstract_call at ./../usr/share/julia/Compiler/src/abstractinterpretation.jl:3128
abstract_eval_call at ./../usr/share/julia/Compiler/src/abstractinterpretation.jl:3146 [inlined]
abstract_eval_statement_expr at ./../usr/share/julia/Compiler/src/abstractinterpretation.jl:3502
abstract_eval_basic_statement at ./../usr/share/julia/Compiler/src/abstractinterpretation.jl:3896 [inlined]
abstract_eval_basic_statement at ./../usr/share/julia/Compiler/src/abstractinterpretation.jl:3853 [inlined]
typeinf_local at ./../usr/share/julia/Compiler/src/abstractinterpretation.jl:4402
jfptr_typeinf_local_86421.1 at /home/orebas/.julia/juliaup/julia-1.13.0+0.x64.linux.gnu/lib/julia/sys.so (unknown line)
typeinf at ./../usr/share/julia/Compiler/src/abstractinterpretation.jl:4563
const_prop_call at ./../usr/share/julia/Compiler/src/abstractinterpretation.jl:1365
abstract_call_method_with_const_args at ./../usr/share/julia/Compiler/src/abstractinterpretation.jl:910
abstract_call_method_with_const_args at ./../usr/share/julia/Compiler/src/abstractinterpretation.jl:879 [inlined]
handle1 at ./../usr/share/julia/Compiler/src/abstractinterpretation.jl:189
infercalls at ./../usr/share/julia/Compiler/src/abstractinterpretation.jl:263
abstract_call_gf_by_type at ./../usr/share/julia/Compiler/src/abstractinterpretation.jl:349
abstract_call_known at ./../usr/share/julia/Compiler/src/abstractinterpretation.jl:2869
abstract_call at ./../usr/share/julia/Compiler/src/abstractinterpretation.jl:2975
abstract_call at ./../usr/share/julia/Compiler/src/abstractinterpretation.jl:2968 [inlined]
abstract_call at ./../usr/share/julia/Compiler/src/abstractinterpretation.jl:3128
abstract_eval_call at ./../usr/share/julia/Compiler/src/abstractinterpretation.jl:3146 [inlined]
abstract_eval_statement_expr at ./../usr/share/julia/Compiler/src/abstractinterpretation.jl:3502
abstract_eval_basic_statement at ./../usr/share/julia/Compiler/src/abstractinterpretation.jl:3896 [inlined]
abstract_eval_basic_statement at ./../usr/share/julia/Compiler/src/abstractinterpretation.jl:3853 [inlined]
typeinf_local at ./../usr/share/julia/Compiler/src/abstractinterpretation.jl:4402
jfptr_typeinf_local_86421.1 at /home/orebas/.julia/juliaup/julia-1.13.0+0.x64.linux.gnu/lib/julia/sys.so (unknown line)
typeinf at ./../usr/share/julia/Compiler/src/abstractinterpretation.jl:4563
const_prop_call at ./../usr/share/julia/Compiler/src/abstractinterpretation.jl:1365
abstract_call_method_with_const_args at ./../usr/share/julia/Compiler/src/abstractinterpretation.jl:910
abstract_call_method_with_const_args at ./../usr/share/julia/Compiler/src/abstractinterpretation.jl:879 [inlined]
handle1 at ./../usr/share/julia/Compiler/src/abstractinterpretation.jl:189
infercalls at ./../usr/share/julia/Compiler/src/abstractinterpretation.jl:263
abstract_call_gf_by_type at ./../usr/share/julia/Compiler/src/abstractinterpretation.jl:349
abstract_call_known at ./../usr/share/julia/Compiler/src/abstractinterpretation.jl:2869
abstract_call at ./../usr/share/julia/Compiler/src/abstractinterpretation.jl:2975
abstract_call at ./../usr/share/julia/Compiler/src/abstractinterpretation.jl:2968 [inlined]
abstract_call at ./../usr/share/julia/Compiler/src/abstractinterpretation.jl:3128
abstract_eval_call at ./../usr/share/julia/Compiler/src/abstractinterpretation.jl:3146 [inlined]
abstract_eval_statement_expr at ./../usr/share/julia/Compiler/src/abstractinterpretation.jl:3502
abstract_eval_basic_statement at ./../usr/share/julia/Compiler/src/abstractinterpretation.jl:3896 [inlined]
abstract_eval_basic_statement at ./../usr/share/julia/Compiler/src/abstractinterpretation.jl:3853 [inlined]
typeinf_local at ./../usr/share/julia/Compiler/src/abstractinterpretation.jl:4402
jfptr_typeinf_local_86421.1 at /home/orebas/.julia/juliaup/julia-1.13.0+0.x64.linux.gnu/lib/julia/sys.so (unknown line)
typeinf at ./../usr/share/julia/Compiler/src/abstractinterpretation.jl:4563
const_prop_call at ./../usr/share/julia/Compiler/src/abstractinterpretation.jl:1365
abstract_call_method_with_const_args at ./../usr/share/julia/Compiler/src/abstractinterpretation.jl:910
abstract_call_method_with_const_args at ./../usr/share/julia/Compiler/src/abstractinterpretation.jl:879 [inlined]
handle1 at ./../usr/share/julia/Compiler/src/abstractinterpretation.jl:189
infercalls at ./../usr/share/julia/Compiler/src/abstractinterpretation.jl:263
abstract_call_gf_by_type at ./../usr/share/julia/Compiler/src/abstractinterpretation.jl:349
abstract_call_known at ./../usr/share/julia/Compiler/src/abstractinterpretation.jl:2869
abstract_call at ./../usr/share/julia/Compiler/src/abstractinterpretation.jl:2975
abstract_call at ./../usr/share/julia/Compiler/src/abstractinterpretation.jl:2968 [inlined]
abstract_call at ./../usr/share/julia/Compiler/src/abstractinterpretation.jl:3128
abstract_eval_call at ./../usr/share/julia/Compiler/src/abstractinterpretation.jl:3146 [inlined]
abstract_eval_statement_expr at ./../usr/share/julia/Compiler/src/abstractinterpretation.jl:3502
abstract_eval_basic_statement at ./../usr/share/julia/Compiler/src/abstractinterpretation.jl:3896 [inlined]
abstract_eval_basic_statement at ./../usr/share/julia/Compiler/src/abstractinterpretation.jl:3853 [inlined]
typeinf_local at ./../usr/share/julia/Compiler/src/abstractinterpretation.jl:4402
jfptr_typeinf_local_86421.1 at /home/orebas/.julia/juliaup/julia-1.13.0+0.x64.linux.gnu/lib/julia/sys.so (unknown line)
typeinf at ./../usr/share/julia/Compiler/src/abstractinterpretation.jl:4563
const_prop_call at ./../usr/share/julia/Compiler/src/abstractinterpretation.jl:1365
abstract_call_method_with_const_args at ./../usr/share/julia/Compiler/src/abstractinterpretation.jl:910
abstract_call_method_with_const_args at ./../usr/share/julia/Compiler/src/abstractinterpretation.jl:879 [inlined]
handle1 at ./../usr/share/julia/Compiler/src/abstractinterpretation.jl:189
infercalls at ./../usr/share/julia/Compiler/src/abstractinterpretation.jl:263
abstract_call_gf_by_type at ./../usr/share/julia/Compiler/src/abstractinterpretation.jl:349
abstract_call_known at ./../usr/share/julia/Compiler/src/abstractinterpretation.jl:2869
abstract_call at ./../usr/share/julia/Compiler/src/abstractinterpretation.jl:2975
abstract_call at ./../usr/share/julia/Compiler/src/abstractinterpretation.jl:2968 [inlined]
abstract_call at ./../usr/share/julia/Compiler/src/abstractinterpretation.jl:3128
abstract_eval_call at ./../usr/share/julia/Compiler/src/abstractinterpretation.jl:3146 [inlined]
abstract_eval_statement_expr at ./../usr/share/julia/Compiler/src/abstractinterpretation.jl:3502
abstract_eval_basic_statement at ./../usr/share/julia/Compiler/src/abstractinterpretation.jl:3896 [inlined]
abstract_eval_basic_statement at ./../usr/share/julia/Compiler/src/abstractinterpretation.jl:3853 [inlined]
typeinf_local at ./../usr/share/julia/Compiler/src/abstractinterpretation.jl:4402
jfptr_typeinf_local_86421.1 at /home/orebas/.julia/juliaup/julia-1.13.0+0.x64.linux.gnu/lib/julia/sys.so (unknown line)
typeinf at ./../usr/share/julia/Compiler/src/abstractinterpretation.jl:4563
const_prop_call at ./../usr/share/julia/Compiler/src/abstractinterpretation.jl:1365
abstract_call_method_with_const_args at ./../usr/share/julia/Compiler/src/abstractinterpretation.jl:910
abstract_call_method_with_const_args at ./../usr/share/julia/Compiler/src/abstractinterpretation.jl:879 [inlined]
handle1 at ./../usr/share/julia/Compiler/src/abstractinterpretation.jl:189
infercalls at ./../usr/share/julia/Compiler/src/abstractinterpretation.jl:263
abstract_call_gf_by_type at ./../usr/share/julia/Compiler/src/abstractinterpretation.jl:349
abstract_call_known at ./../usr/share/julia/Compiler/src/abstractinterpretation.jl:2869
abstract_call at ./../usr/share/julia/Compiler/src/abstractinterpretation.jl:2975
abstract_call at ./../usr/share/julia/Compiler/src/abstractinterpretation.jl:2968 [inlined]
abstract_call at ./../usr/share/julia/Compiler/src/abstractinterpretation.jl:3128
abstract_eval_call at ./../usr/share/julia/Compiler/src/abstractinterpretation.jl:3146 [inlined]
abstract_eval_statement_expr at ./../usr/share/julia/Compiler/src/abstractinterpretation.jl:3502
abstract_eval_basic_statement at ./../usr/share/julia/Compiler/src/abstractinterpretation.jl:3896 [inlined]
abstract_eval_basic_statement at ./../usr/share/julia/Compiler/src/abstractinterpretation.jl:3853 [inlined]
typeinf_local at ./../usr/share/julia/Compiler/src/abstractinterpretation.jl:4402
jfptr_typeinf_local_86421.1 at /home/orebas/.julia/juliaup/julia-1.13.0+0.x64.linux.gnu/lib/julia/sys.so (unknown line)
typeinf at ./../usr/share/julia/Compiler/src/abstractinterpretation.jl:4563
const_prop_call at ./../usr/share/julia/Compiler/src/abstractinterpretation.jl:1365
abstract_call_method_with_const_args at ./../usr/share/julia/Compiler/src/abstractinterpretation.jl:910
abstract_call_method_with_const_args at ./../usr/share/julia/Compiler/src/abstractinterpretation.jl:879 [inlined]
handle1 at ./../usr/share/julia/Compiler/src/abstractinterpretation.jl:189
infercalls at ./../usr/share/julia/Compiler/src/abstractinterpretation.jl:263
abstract_call_gf_by_type at ./../usr/share/julia/Compiler/src/abstractinterpretation.jl:349
abstract_call_known at ./../usr/share/julia/Compiler/src/abstractinterpretation.jl:2869
abstract_call at ./../usr/share/julia/Compiler/src/abstractinterpretation.jl:2975
abstract_call at ./../usr/share/julia/Compiler/src/abstractinterpretation.jl:2968 [inlined]
abstract_call at ./../usr/share/julia/Compiler/src/abstractinterpretation.jl:3128
abstract_eval_call at ./../usr/share/julia/Compiler/src/abstractinterpretation.jl:3146 [inlined]
abstract_eval_statement_expr at ./../usr/share/julia/Compiler/src/abstractinterpretation.jl:3502
abstract_eval_basic_statement at ./../usr/share/julia/Compiler/src/abstractinterpretation.jl:3896 [inlined]
abstract_eval_basic_statement at ./../usr/share/julia/Compiler/src/abstractinterpretation.jl:3853 [inlined]
typeinf_local at ./../usr/share/julia/Compiler/src/abstractinterpretation.jl:4402
jfptr_typeinf_local_86421.1 at /home/orebas/.julia/juliaup/julia-1.13.0+0.x64.linux.gnu/lib/julia/sys.so (unknown line)
typeinf at ./../usr/share/julia/Compiler/src/abstractinterpretation.jl:4563
const_prop_call at ./../usr/share/julia/Compiler/src/abstractinterpretation.jl:1365
abstract_call_method_with_const_args at ./../usr/share/julia/Compiler/src/abstractinterpretation.jl:910
abstract_call_method_with_const_args at ./../usr/share/julia/Compiler/src/abstractinterpretation.jl:879 [inlined]
handle1 at ./../usr/share/julia/Compiler/src/abstractinterpretation.jl:189
infercalls at ./../usr/share/julia/Compiler/src/abstractinterpretation.jl:263
abstract_call_gf_by_type at ./../usr/share/julia/Compiler/src/abstractinterpretation.jl:349
abstract_call_known at ./../usr/share/julia/Compiler/src/abstractinterpretation.jl:2869
abstract_call at ./../usr/share/julia/Compiler/src/abstractinterpretation.jl:2975
abstract_call at ./../usr/share/julia/Compiler/src/abstractinterpretation.jl:2968 [inlined]
abstract_call at ./../usr/share/julia/Compiler/src/abstractinterpretation.jl:3128
abstract_eval_call at ./../usr/share/julia/Compiler/src/abstractinterpretation.jl:3146 [inlined]
abstract_eval_statement_expr at ./../usr/share/julia/Compiler/src/abstractinterpretation.jl:3502
abstract_eval_basic_statement at ./../usr/share/julia/Compiler/src/abstractinterpretation.jl:3896 [inlined]
abstract_eval_basic_statement at ./../usr/share/julia/Compiler/src/abstractinterpretation.jl:3853 [inlined]
typeinf_local at ./../usr/share/julia/Compiler/src/abstractinterpretation.jl:4402
jfptr_typeinf_local_86421.1 at /home/orebas/.julia/juliaup/julia-1.13.0+0.x64.linux.gnu/lib/julia/sys.so (unknown line)
typeinf at ./../usr/share/julia/Compiler/src/abstractinterpretation.jl:4563
const_prop_call at ./../usr/share/julia/Compiler/src/abstractinterpretation.jl:1365
abstract_call_method_with_const_args at ./../usr/share/julia/Compiler/src/abstractinterpretation.jl:910
abstract_call_method_with_const_args at ./../usr/share/julia/Compiler/src/abstractinterpretation.jl:879 [inlined]
handle1 at ./../usr/share/julia/Compiler/src/abstractinterpretation.jl:189
infercalls at ./../usr/share/julia/Compiler/src/abstractinterpretation.jl:263
abstract_call_gf_by_type at ./../usr/share/julia/Compiler/src/abstractinterpretation.jl:349
abstract_call_known at ./../usr/share/julia/Compiler/src/abstractinterpretation.jl:2869
abstract_call at ./../usr/share/julia/Compiler/src/abstractinterpretation.jl:2975
abstract_call at ./../usr/share/julia/Compiler/src/abstractinterpretation.jl:2968 [inlined]
abstract_call at ./../usr/share/julia/Compiler/src/abstractinterpretation.jl:3128
abstract_eval_call at ./../usr/share/julia/Compiler/src/abstractinterpretation.jl:3146 [inlined]
abstract_eval_statement_expr at ./../usr/share/julia/Compiler/src/abstractinterpretation.jl:3502
abstract_eval_basic_statement at ./../usr/share/julia/Compiler/src/abstractinterpretation.jl:3896 [inlined]
abstract_eval_basic_statement at ./../usr/share/julia/Compiler/src/abstractinterpretation.jl:3853 [inlined]
typeinf_local at ./../usr/share/julia/Compiler/src/abstractinterpretation.jl:4402
jfptr_typeinf_local_86421.1 at /home/orebas/.julia/juliaup/julia-1.13.0+0.x64.linux.gnu/lib/julia/sys.so (unknown line)
typeinf at ./../usr/share/julia/Compiler/src/abstractinterpretation.jl:4563
typeinf_ext at ./../usr/share/julia/Compiler/src/typeinfer.jl:1404
typeinf_ext_toplevel at ./../usr/share/julia/Compiler/src/typeinfer.jl:1601 [inlined]
typeinf_ext_toplevel at ./../usr/share/julia/Compiler/src/typeinfer.jl:1610
jfptr_typeinf_ext_toplevel_87105.1 at /home/orebas/.julia/juliaup/julia-1.13.0+0.x64.linux.gnu/lib/julia/sys.so (unknown line)
jl_apply at /cache/build/builder-amdci4-4/julialang/julia-ci/src/julia.h:2318 [inlined]
jl_type_infer at /cache/build/builder-amdci4-4/julialang/julia-ci/src/gf.c:478
jl_compile_method_internal at /cache/build/builder-amdci4-4/julialang/julia-ci/src/gf.c:3697
_jl_invoke at /cache/build/builder-amdci4-4/julialang/julia-ci/src/gf.c:4171 [inlined]
ijl_apply_generic at /cache/build/builder-amdci4-4/julialang/julia-ci/src/gf.c:4380
#solve_up#34 at /home/orebas/.julia/packages/DiffEqBase/xEDij/src/solve.jl:667
solve_up at /home/orebas/.julia/packages/DiffEqBase/xEDij/src/solve.jl:637 [inlined]
#solve#33 at /home/orebas/.julia/packages/DiffEqBase/xEDij/src/solve.jl:621
solve at /home/orebas/.julia/packages/DiffEqBase/xEDij/src/solve.jl:609
unknown function (ip: 0x709e93f235ad) at (unknown file)
#sample_data#1283 at /home/orebas/.julia/dev/ODEParameterEstimation/src/core/sampling.jl:142
sample_data at /home/orebas/.julia/dev/ODEParameterEstimation/src/core/sampling.jl:106
unknown function (ip: 0x709e9456a695) at (unknown file)
sample_dense at /home/orebas/.julia/dev/ODEParameterEstimation/repro/petab/dense_single/common.jl:115
unknown function (ip: 0x709e9456641d) at (unknown file)
jl_apply at /cache/build/builder-amdci4-4/julialang/julia-ci/src/julia.h:2318 [inlined]
do_call at /cache/build/builder-amdci4-4/julialang/julia-ci/src/interpreter.c:123
eval_value at /cache/build/builder-amdci4-4/julialang/julia-ci/src/interpreter.c:243
eval_body at /cache/build/builder-amdci4-4/julialang/julia-ci/src/interpreter.c:581
eval_body at /cache/build/builder-amdci4-4/julialang/julia-ci/src/interpreter.c:558
eval_body at /cache/build/builder-amdci4-4/julialang/julia-ci/src/interpreter.c:558
jl_interpret_toplevel_thunk at /cache/build/builder-amdci4-4/julialang/julia-ci/src/interpreter.c:884
jl_toplevel_eval_flex at /cache/build/builder-amdci4-4/julialang/julia-ci/src/toplevel.c:742
jl_eval_toplevel_stmts at /cache/build/builder-amdci4-4/julialang/julia-ci/src/toplevel.c:585
jl_toplevel_eval_flex at /cache/build/builder-amdci4-4/julialang/julia-ci/src/toplevel.c:683
ijl_toplevel_eval at /cache/build/builder-amdci4-4/julialang/julia-ci/src/toplevel.c:754
ijl_toplevel_eval_in at /cache/build/builder-amdci4-4/julialang/julia-ci/src/toplevel.c:799
eval at ./boot.jl:489
include_string at ./loading.jl:3016
_include at ./loading.jl:3076
include at ./Base.jl:309
exec_options at ./client.jl:344
_start at ./client.jl:577
jfptr__start_59126.1 at /home/orebas/.julia/juliaup/julia-1.13.0+0.x64.linux.gnu/lib/julia/sys.so (unknown line)
jl_apply at /cache/build/builder-amdci4-4/julialang/julia-ci/src/julia.h:2318 [inlined]
true_main at /cache/build/builder-amdci4-4/julialang/julia-ci/src/jlapi.c:985
jl_repl_entrypoint at /cache/build/builder-amdci4-4/julialang/julia-ci/src/jlapi.c:1152
main at /cache/build/builder-amdci4-4/julialang/julia-ci/cli/loader_exe.c:58
unknown function (ip: 0x709f34e2a600) at /usr/lib/x86_64-linux-gnu/libc.so.6
__libc_start_main at /usr/lib/x86_64-linux-gnu/libc.so.6 (unknown line)
unknown function (ip: 0x4010b8) at /workspace/srcdir/glibc-2.17/csu/../sysdeps/x86_64/start.S
unknown function (ip: (nil)) at (unknown file)

#=   39.4 ms =# precompile(Tuple{OrdinaryDiffEqCore.var"##80#81", Vararg{Any, 9}})

==============================================================
Profile collected. A report will print at the next yield point.
Disabling --trace-compile
==============================================================

PROFILE_SAVED /tmp/odepe-local-si-sneyd-20260914/profile_1789414414.txt
ESTIMATION_START 1.789414426200402e9

======================================================================================
Information request received. A stacktrace will print followed by a 10.0 second profile.
--trace-compile is enabled during profile collection.
======================================================================================

cmd: /home/orebas/.julia/juliaup/julia-1.13.0+0.x64.linux.gnu/bin/julia 3209835 running 1 of 1

signal (10): User defined signal 1
gc_mark_obj8 at /cache/build/builder-amdci4-4/julialang/julia-ci/src/gc-stock.c:1728
gc_mark_outrefs at /cache/build/builder-amdci4-4/julialang/julia-ci/src/gc-stock.c:2497 [inlined]
gc_mark_loop_serial_ at /cache/build/builder-amdci4-4/julialang/julia-ci/src/gc-stock.c:2553
gc_mark_loop_serial at /cache/build/builder-amdci4-4/julialang/julia-ci/src/gc-stock.c:2576
gc_mark_loop at /cache/build/builder-amdci4-4/julialang/julia-ci/src/gc-stock.c:2764 [inlined]
_jl_gc_collect at /cache/build/builder-amdci4-4/julialang/julia-ci/src/gc-stock.c:3134
ijl_gc_collect at /cache/build/builder-amdci4-4/julialang/julia-ci/src/gc-stock.c:3574
maybe_collect at /cache/build/builder-amdci4-4/julialang/julia-ci/src/gc-stock.c:355 [inlined]
jl_gc_small_alloc_inner at /cache/build/builder-amdci4-4/julialang/julia-ci/src/gc-stock.c:731 [inlined]
jl_gc_small_alloc_noinline at /cache/build/builder-amdci4-4/julialang/julia-ci/src/gc-stock.c:789 [inlined]
jl_gc_alloc_ at /cache/build/builder-amdci4-4/julialang/julia-ci/src/gc-stock.c:803
jl_alloc_genericmemory_unchecked at /cache/build/builder-amdci4-4/julialang/julia-ci/src/genericmemory.c:41
GenericMemory at ./boot.jl:588 [inlined]
array_new_memory at ./array.jl:1101 [inlined]
_growend_internal! at ./array.jl:1181
_growend! at ./array.jl:1205 [inlined]
_push! at ./array.jl:1348 [inlined]
push! at ./array.jl:1345 [inlined]
construct_ssa! at ./../usr/share/julia/Compiler/src/ssair/slot2ssa.jl:605
slot2reg at ./../usr/share/julia/Compiler/src/optimize.jl:1346 [inlined]
run_passes_ipo_safe at ./../usr/share/julia/Compiler/src/optimize.jl:1049
run_passes_ipo_safe at ./../usr/share/julia/Compiler/src/optimize.jl:1062 [inlined]
optimize at ./../usr/share/julia/Compiler/src/optimize.jl:1035
jfptr_optimize_87185.1 at /home/orebas/.julia/juliaup/julia-1.13.0+0.x64.linux.gnu/lib/julia/sys.so (unknown line)
finish_nocycle at ./../usr/share/julia/Compiler/src/typeinfer.jl:231
jfptr_finish_nocycle_88086.1 at /home/orebas/.julia/juliaup/julia-1.13.0+0.x64.linux.gnu/lib/julia/sys.so (unknown line)
typeinf at ./../usr/share/julia/Compiler/src/abstractinterpretation.jl:4570
typeinf_ext at ./../usr/share/julia/Compiler/src/typeinfer.jl:1404
typeinf_ext_toplevel at ./../usr/share/julia/Compiler/src/typeinfer.jl:1601 [inlined]
typeinf_ext_toplevel at ./../usr/share/julia/Compiler/src/typeinfer.jl:1610
jfptr_typeinf_ext_toplevel_87105.1 at /home/orebas/.julia/juliaup/julia-1.13.0+0.x64.linux.gnu/lib/julia/sys.so (unknown line)
jl_apply at /cache/build/builder-amdci4-4/julialang/julia-ci/src/julia.h:2318 [inlined]
jl_type_infer at /cache/build/builder-amdci4-4/julialang/julia-ci/src/gf.c:478
jl_compile_method_internal at /cache/build/builder-amdci4-4/julialang/julia-ci/src/gf.c:3697
_jl_invoke at /cache/build/builder-amdci4-4/julialang/julia-ci/src/gf.c:4171 [inlined]
ijl_apply_generic at /cache/build/builder-amdci4-4/julialang/julia-ci/src/gf.c:4380
jl_apply at /cache/build/builder-amdci4-4/julialang/julia-ci/src/julia.h:2318 [inlined]
do_call at /cache/build/builder-amdci4-4/julialang/julia-ci/src/interpreter.c:123
eval_value at /cache/build/builder-amdci4-4/julialang/julia-ci/src/interpreter.c:243
eval_body at /cache/build/builder-amdci4-4/julialang/julia-ci/src/interpreter.c:581
eval_body at /cache/build/builder-amdci4-4/julialang/julia-ci/src/interpreter.c:558
eval_body at /cache/build/builder-amdci4-4/julialang/julia-ci/src/interpreter.c:558
jl_interpret_toplevel_thunk at /cache/build/builder-amdci4-4/julialang/julia-ci/src/interpreter.c:884
jl_toplevel_eval_flex at /cache/build/builder-amdci4-4/julialang/julia-ci/src/toplevel.c:742
jl_eval_toplevel_stmts at /cache/build/builder-amdci4-4/julialang/julia-ci/src/toplevel.c:585
jl_toplevel_eval_flex at /cache/build/builder-amdci4-4/julialang/julia-ci/src/toplevel.c:683
ijl_toplevel_eval at /cache/build/builder-amdci4-4/julialang/julia-ci/src/toplevel.c:754
ijl_toplevel_eval_in at /cache/build/builder-amdci4-4/julialang/julia-ci/src/toplevel.c:799
eval at ./boot.jl:489
include_string at ./loading.jl:3016
_include at ./loading.jl:3076
include at ./Base.jl:309
exec_options at ./client.jl:344
_start at ./client.jl:577
jfptr__start_59126.1 at /home/orebas/.julia/juliaup/julia-1.13.0+0.x64.linux.gnu/lib/julia/sys.so (unknown line)
jl_apply at /cache/build/builder-amdci4-4/julialang/julia-ci/src/julia.h:2318 [inlined]
true_main at /cache/build/builder-amdci4-4/julialang/julia-ci/src/jlapi.c:985
jl_repl_entrypoint at /cache/build/builder-amdci4-4/julialang/julia-ci/src/jlapi.c:1152
main at /cache/build/builder-amdci4-4/julialang/julia-ci/cli/loader_exe.c:58
unknown function (ip: 0x709f34e2a600) at /usr/lib/x86_64-linux-gnu/libc.so.6
__libc_start_main at /usr/lib/x86_64-linux-gnu/libc.so.6 (unknown line)
unknown function (ip: 0x4010b8) at /workspace/srcdir/glibc-2.17/csu/../sysdeps/x86_64/start.S
unknown function (ip: (nil)) at (unknown file)

#=   19.3 ms =# precompile(Tuple{typeof(Base.getproperty), Base.MappingRF{ODEParameterEstimation.var"#_resolve_missing_state_count##0#_resolve_missing_state_count##1", Base.BottomRF{typeof(Base.min)}}, Symbol})
#=   18.6 ms =# precompile(Tuple{typeof(Base.hash), Tuple{Symbol}, UInt64})
#=   12.7 ms =# precompile(Tuple{typeof(Base.getproperty), Base.MappingRF{Base.var"#_bool##0#_bool##1"{typeof(Base.isnan)}, Base.BottomRF{typeof(Base.add_sum)}}, Symbol})
#=   49.1 ms =# precompile(Tuple{typeof(Base.:(+)), Char, UInt8})
#=   15.1 ms =# precompile(Tuple{Type{NamedTuple{(:with_mp,), T} where T<:Tuple}, Tuple{Bool}})
#=   20.2 ms =# precompile(Tuple{typeof(Base.indexed_iterate), Tuple{Symbol, typeof(ODEParameterEstimation._category_d_per_interpolator)}, Int64})
#=    8.1 ms =# precompile(Tuple{typeof(Base.indexed_iterate), Tuple{Symbol, typeof(ODEParameterEstimation._category_d_per_interpolator)}, Int64, Int64})
#=   12.1 ms =# precompile(Tuple{typeof(Base.:(>=)), Float64})
#=   11.2 ms =# precompile(Tuple{Type{NamedTuple{(:status,), T} where T<:Tuple}, Tuple{Symbol}})
#=   11.2 ms =# precompile(Tuple{Type{NamedTuple{(:only_nonsingular, :only_real, :real_tol), T} where T<:Tuple}, Tuple{Bool, Bool, Float64}})
#=   23.8 ms =# precompile(Tuple{typeof(Base.getproperty), Base.Order.By{typeof(ODEParameterEstimation._result_err_key), Base.Order.ForwardOrdering}, Symbol})
#=   10.1 ms =# precompile(Tuple{typeof(Base.getproperty), Base.Order.Lt{Base.Sort.var"#_sort!##10#_sort!##11"{Base.Order.By{typeof(ODEParameterEstimation._result_err_key), Base.Order.ForwardOrdering}}}, Symbol})
#=   31.6 ms =# precompile(Tuple{typeof(Base.getproperty), Pair{Symbol, Int64}, Symbol})
#=   19.2 ms =# precompile(Tuple{typeof(Base.getproperty), Base.MappingRF{ODEParameterEstimation.var"#805#806", Base.BottomRF{typeof(Base.add_sum)}}, Symbol})
#=   16.2 ms =# precompile(Tuple{typeof(Base.getproperty), Base.MappingRF{ODEParameterEstimation.var"#_print_phase_profile##0#_print_phase_profile##1", Base.BottomRF{typeof(Base.add_sum)}}, Symbol})
#=    9.1 ms =# precompile(Tuple{typeof(Base.getproperty), Base.MappingRF{ODEParameterEstimation.var"#_print_phase_profile##2#_print_phase_profile##3", Base.BottomRF{typeof(Base.add_sum)}}, Symbol})
#=   13.8 ms =# precompile(Tuple{typeof(Base.getproperty), Base.MappingRF{ODEParameterEstimation.var"#_print_phase_profile##4#_print_phase_profile##5", Base.BottomRF{typeof(Base.add_sum)}}, Symbol})
#=   10.0 ms =# precompile(Tuple{typeof(Base.getproperty), Base.MappingRF{ODEParameterEstimation.var"#_print_phase_profile##6#_print_phase_profile##7", Base.BottomRF{typeof(Base.max)}}, Symbol})
#=   12.3 ms =# precompile(Tuple{typeof(Base.getproperty), Base.MappingRF{ODEParameterEstimation.var"#_print_phase_profile##8#_print_phase_profile##9", Base.BottomRF{typeof(Base.add_sum)}}, Symbol})
#=   10.2 ms =# precompile(Tuple{typeof(Base.getproperty), Base.MappingRF{ODEParameterEstimation.var"#_print_phase_profile##10#_print_phase_profile##11", Base.BottomRF{typeof(Base.max)}}, Symbol})
#=   12.1 ms =# precompile(Tuple{Type{NamedTuple{(:capture_timing, :selection_recipe), T} where T<:Tuple}, Tuple{Bool, Nothing}})
#=   81.3 ms =# precompile(Tuple{Type{Base.Iterators.Filter{F, I} where I where F}, ODEParameterEstimation.var"#_analyze_parameter_estimation_problem_impl##2#_analyze_parameter_estimation_problem_impl##3", NTuple{113, Symbol}})
#=   14.3 ms =# precompile(Tuple{typeof(Base.getproperty), Base.Iterators.Filter{ODEParameterEstimation.var"#_analyze_parameter_estimation_problem_impl##2#_analyze_parameter_estimation_problem_impl##3", NTuple{113, Symbol}}, Symbol})
#=   20.6 ms =# precompile(Tuple{ODEParameterEstimation.var"#_analyze_parameter_estimation_problem_impl##2#_analyze_parameter_estimation_problem_impl##3", Symbol})
#=   15.6 ms =# precompile(Tuple{typeof(Base.literal_pow), typeof(Base.:(^)), String, Base.Val{50}})
#=   18.9 ms =# precompile(Tuple{typeof(Base.getproperty), Base.MappingRF{ODEParameterEstimation.var"#188#189", Base.BottomRF{typeof(Base.max)}}, Symbol})
#=   13.4 ms =# precompile(Tuple{typeof(Base.indexed_iterate), Tuple{Bool, NTuple{4, Base.Missing}}, Int64})
#=   13.8 ms =# precompile(Tuple{typeof(Base.indexed_iterate), Tuple{Bool, NTuple{4, Base.Missing}}, Int64, Int64})
#=   19.2 ms =# precompile(Tuple{Type{NamedTuple{(:kind,), T} where T<:Tuple}, Tuple{Symbol}})
#=   20.6 ms =# precompile(Tuple{Type{NamedTuple{(:rtol, :atol), T} where T<:Tuple}, Tuple{Float64, Float64}})
#=   23.1 ms =# precompile(Tuple{typeof(Base.getproperty), Base.MappingRF{ODEParameterEstimation.var"#_uq_assemble_data_covariance##10#_uq_assemble_data_covariance##11", Base.BottomRF{typeof(Base.max)}}, Symbol})
#=   12.0 ms =# precompile(Tuple{typeof(Base.indexed_iterate), Tuple{Base.BottomRF{typeof(Base.add_sum)}, Tuple{}}, Int64})
#=   17.0 ms =# precompile(Tuple{typeof(Base.indexed_iterate), Tuple{Base.BottomRF{typeof(Base.add_sum)}, Tuple{}}, Int64, Int64})
#=   14.1 ms =# precompile(Tuple{typeof(Base.merge), NamedTuple{(), Tuple{}}, Base.Pairs{Symbol, Bool, Nothing, NamedTuple{(:rev,), Tuple{Bool}}}})

==============================================================
Profile collected. A report will print at the next yield point.
Disabling --trace-compile
==============================================================

Auto-rescale: power-of-2 scaling (5 nontrivial factors; max |log2 const| 0.0 → 3.3)
Starting model: Sneyd_PNAS2002_Ca_dose_response__1_dense_rescaled
[HB 15:35:03] ▶ run model=Sneyd_PNAS2002_Ca_dose_response__1_dense_rescaled pid=3209835 julia=1.13.0 odepe=1.1.0-DEV hc=2.22.4 threads=1 gcthreads=1
  Activating project at `/tmp/odepe-petab-pilot-env`
Using NEW optimized parameter estimation flow
[HB 15:35:04] ▶ Setup (identifiability)
[HB 15:35:15] ✓ Setup (identifiability) (11.1s)
[HB 15:35:17] ▶ SI Template (SIAN analysis)

======================================================================================
Information request received. A stacktrace will print followed by a 10.0 second profile.
--trace-compile is enabled during profile collection.
======================================================================================

cmd: /home/orebas/.julia/juliaup/julia-1.13.0+0.x64.linux.gnu/bin/julia 3209835 running 1 of 1

signal (10): User defined signal 1
_ZN4llvm25array_pod_sort_comparatorIPKNS_4SCEVEEEiPKvS5_ at /home/orebas/.julia/juliaup/julia-1.13.0+0.x64.linux.gnu/bin/../lib/julia/libLLVM.so.20.1jl (unknown line)
unknown function (ip: 0x709f34e4acfc) at /usr/lib/x86_64-linux-gnu/libc.so.6
unknown function (ip: 0x709f34e4b0c0) at /usr/lib/x86_64-linux-gnu/libc.so.6
qsort_r at /usr/lib/x86_64-linux-gnu/libc.so.6 (unknown line)
_ZN12_GLOBAL__N_111LSRInstance13InsertFormulaERNS_6LSRUseEjRKNS_7FormulaE at /home/orebas/.julia/juliaup/julia-1.13.0+0.x64.linux.gnu/bin/../lib/julia/libLLVM.so.20.1jl (unknown line)
_ZN12_GLOBAL__N_111LSRInstance31CollectFixupsAndInitialFormulaeEv at /home/orebas/.julia/juliaup/julia-1.13.0+0.x64.linux.gnu/bin/../lib/julia/libLLVM.so.20.1jl (unknown line)
_ZL18ReduceLoopStrengthPN4llvm4LoopERNS_7IVUsersERNS_15ScalarEvolutionERNS_13DominatorTreeERNS_8LoopInfoERKNS_19TargetTransformInfoERNS_15AssumptionCacheERNS_17TargetLibraryInfoEPNS_9MemorySSAE at /home/orebas/.julia/juliaup/julia-1.13.0+0.x64.linux.gnu/bin/../lib/julia/libLLVM.so.20.1jl (unknown line)
_ZN12_GLOBAL__N_118LoopStrengthReduce9runOnLoopEPN4llvm4LoopERNS1_13LPPassManagerE at /home/orebas/.julia/juliaup/julia-1.13.0+0.x64.linux.gnu/bin/../lib/julia/libLLVM.so.20.1jl (unknown line)
_ZN4llvm13LPPassManager13runOnFunctionERNS_8FunctionE at /home/orebas/.julia/juliaup/julia-1.13.0+0.x64.linux.gnu/bin/../lib/julia/libLLVM.so.20.1jl (unknown line)
_ZN4llvm13FPPassManager13runOnFunctionERNS_8FunctionE at /home/orebas/.julia/juliaup/julia-1.13.0+0.x64.linux.gnu/bin/../lib/julia/libLLVM.so.20.1jl (unknown line)
_ZN4llvm13FPPassManager11runOnModuleERNS_6ModuleE at /home/orebas/.julia/juliaup/julia-1.13.0+0.x64.linux.gnu/bin/../lib/julia/libLLVM.so.20.1jl (unknown line)
_ZN4llvm6legacy15PassManagerImpl3runERNS_6ModuleE at /home/orebas/.julia/juliaup/julia-1.13.0+0.x64.linux.gnu/bin/../lib/julia/libLLVM.so.20.1jl (unknown line)
operator() at /cache/build/builder-amdci4-4/julialang/julia-ci/src/jitlayers.cpp:1627
addModule at /cache/build/builder-amdci4-4/julialang/julia-ci/src/jitlayers.cpp:2130
jl_compile_codeinst_now at /cache/build/builder-amdci4-4/julialang/julia-ci/src/jitlayers.cpp:681
jl_compile_codeinst_impl at /cache/build/builder-amdci4-4/julialang/julia-ci/src/jitlayers.cpp:875
jl_compile_method_internal at /cache/build/builder-amdci4-4/julialang/julia-ci/src/gf.c:3709
_jl_invoke at /cache/build/builder-amdci4-4/julialang/julia-ci/src/gf.c:4171 [inlined]
ijl_apply_generic at /cache/build/builder-amdci4-4/julialang/julia-ci/src/gf.c:4380
#optimized_multishot_parameter_estimation##6 at /home/orebas/.julia/dev/ODEParameterEstimation/src/core/optimized_multishot_estimation.jl:793
macro expansion at ./timing.jl:699 [inlined]
_record_phase! at /home/orebas/.julia/dev/ODEParameterEstimation/src/core/optimized_multishot_estimation.jl:262
unknown function (ip: 0x709e893ca7d1) at (unknown file)
optimized_multishot_parameter_estimation at /home/orebas/.julia/dev/ODEParameterEstimation/src/core/optimized_multishot_estimation.jl:792
_analyze_parameter_estimation_problem_impl at /home/orebas/.julia/dev/ODEParameterEstimation/src/core/analysis_utils.jl:1019
analyze_parameter_estimation_problem at /home/orebas/.julia/dev/ODEParameterEstimation/src/core/analysis_utils.jl:968 [inlined]
#69 at /home/orebas/.julia/dev/ODEParameterEstimation/repro/petab/dense_single/run.jl:75 [inlined]
with at ./scopedvalues.jl:324
unknown function (ip: 0x709e8979617d) at (unknown file)
#67 at /home/orebas/.julia/dev/ODEParameterEstimation/repro/petab/dense_single/run.jl:74
cd at ./file.jl:112
unknown function (ip: 0x709e8df549ed) at (unknown file)
jl_apply at /cache/build/builder-amdci4-4/julialang/julia-ci/src/julia.h:2318 [inlined]
do_call at /cache/build/builder-amdci4-4/julialang/julia-ci/src/interpreter.c:123
eval_value at /cache/build/builder-amdci4-4/julialang/julia-ci/src/interpreter.c:243
eval_body at /cache/build/builder-amdci4-4/julialang/julia-ci/src/interpreter.c:581
eval_body at /cache/build/builder-amdci4-4/julialang/julia-ci/src/interpreter.c:558
eval_body at /cache/build/builder-amdci4-4/julialang/julia-ci/src/interpreter.c:558
jl_interpret_toplevel_thunk at /cache/build/builder-amdci4-4/julialang/julia-ci/src/interpreter.c:884
jl_toplevel_eval_flex at /cache/build/builder-amdci4-4/julialang/julia-ci/src/toplevel.c:742
jl_eval_toplevel_stmts at /cache/build/builder-amdci4-4/julialang/julia-ci/src/toplevel.c:585
jl_toplevel_eval_flex at /cache/build/builder-amdci4-4/julialang/julia-ci/src/toplevel.c:683
ijl_toplevel_eval at /cache/build/builder-amdci4-4/julialang/julia-ci/src/toplevel.c:754
ijl_toplevel_eval_in at /cache/build/builder-amdci4-4/julialang/julia-ci/src/toplevel.c:799
eval at ./boot.jl:489
include_string at ./loading.jl:3016
_include at ./loading.jl:3076
include at ./Base.jl:309
exec_options at ./client.jl:344
_start at ./client.jl:577
jfptr__start_59126.1 at /home/orebas/.julia/juliaup/julia-1.13.0+0.x64.linux.gnu/lib/julia/sys.so (unknown line)
jl_apply at /cache/build/builder-amdci4-4/julialang/julia-ci/src/julia.h:2318 [inlined]
true_main at /cache/build/builder-amdci4-4/julialang/julia-ci/src/jlapi.c:985
jl_repl_entrypoint at /cache/build/builder-amdci4-4/julialang/julia-ci/src/jlapi.c:1152
main at /cache/build/builder-amdci4-4/julialang/julia-ci/cli/loader_exe.c:58
unknown function (ip: 0x709f34e2a600) at /usr/lib/x86_64-linux-gnu/libc.so.6
__libc_start_main at /usr/lib/x86_64-linux-gnu/libc.so.6 (unknown line)
unknown function (ip: 0x4010b8) at /workspace/srcdir/glibc-2.17/csu/../sysdeps/x86_64/start.S
unknown function (ip: (nil)) at (unknown file)

#= 24621.4 ms =# precompile(Tuple{typeof(Core.kwcall), NamedTuple{(:states, :params, :infolevel, :si_probability, :si_fix_strategy, :placeholder_fail_categories), Tuple{Array{SymbolicUtils.BasicSymbolicImpl.var"typeof(BasicSymbolicImpl)"{SymbolicUtils.SymReal}, 1}, Array{SymbolicUtils.BasicSymbolicImpl.var"typeof(BasicSymbolicImpl)"{SymbolicUtils.SymReal}, 1}, Int64, Float64, Symbol, Array{Symbol, 1}}}, typeof(ODEParameterEstimation.prepare_si_template_with_structural_fix), ODEParameterEstimation.OrderedODESystem, Array{Symbolics.Equation, 1}, OrderedCollections.OrderedDict{Union{String, Symbolics.Num}, Array{Float64, 1}}, ODEParameterEstimation.DerivativeData, Bool})
#=   62.2 ms =# precompile(Tuple{typeof(Base.CoreLogging.shouldlog), Base.CoreLogging.ConsoleLogger, Base.CoreLogging.LogLevel, Module, Symbol, Symbol})

==============================================================
Profile collected. A report will print at the next yield point.
Disabling --trace-compile
==============================================================


======================================================================================
Information request received. A stacktrace will print followed by a 10.0 second profile.
--trace-compile is enabled during profile collection.
======================================================================================

cmd: /home/orebas/.julia/juliaup/julia-1.13.0+0.x64.linux.gnu/bin/julia 3209835 running 1 of 1

signal (10): User defined signal 1
unknown function (ip: 0x709f34eb2c10) at /usr/lib/x86_64-linux-gnu/libc.so.6
unknown function (ip: 0x709f34eb4269) at /usr/lib/x86_64-linux-gnu/libc.so.6
realloc at /usr/lib/x86_64-linux-gnu/libc.so.6 (unknown line)
ijl_gc_counted_realloc_with_old_size at /cache/build/builder-amdci4-4/julialang/julia-ci/src/gc-stock.c:3903
__gmpz_realloc at /home/orebas/.julia/juliaup/julia-1.13.0+0.x64.linux.gnu/bin/../lib/julia/libgmp.so.10 (unknown line)
__gmpz_set at /home/orebas/.julia/juliaup/julia-1.13.0+0.x64.linux.gnu/bin/../lib/julia/libgmp.so.10 (unknown line)
fmpz_mat_rref_upper_certify_lu_mod_p at /workspace/srcdir/flint-3.6.0/src/fmpz_mat/rref_mul.c:36
fmpz_mat_rref_mul at /workspace/srcdir/flint-3.6.0/src/fmpz_mat/rref_mul.c:159
fmpq_mat_rref_fraction_free at /workspace/srcdir/flint-3.6.0/src/fmpq_mat/rref_fraction_free.c:30
rank at /home/orebas/.julia/packages/Nemo/1ce8i/src/flint/fmpq_mat.jl:551
#get_polynomial_system_from_sian#262 at /home/orebas/.julia/dev/ODEParameterEstimation/src/core/si_equation_builder.jl:1189
get_polynomial_system_from_sian at /home/orebas/.julia/dev/ODEParameterEstimation/src/core/si_equation_builder.jl:1037 [inlined]
#get_si_equation_system#244 at /home/orebas/.julia/dev/ODEParameterEstimation/src/core/si_equation_builder.jl:760
get_si_equation_system at /home/orebas/.julia/dev/ODEParameterEstimation/src/core/si_equation_builder.jl:705 [inlined]
#build_si_template_for_fixed_params#548 at /home/orebas/.julia/dev/ODEParameterEstimation/src/core/parameter_estimation.jl:513
build_si_template_for_fixed_params at /home/orebas/.julia/dev/ODEParameterEstimation/src/core/parameter_estimation.jl:500
unknown function (ip: 0x709e7d327504) at (unknown file)
#prepare_si_template_with_structural_fix#553 at /home/orebas/.julia/dev/ODEParameterEstimation/src/core/parameter_estimation.jl:593
prepare_si_template_with_structural_fix at /home/orebas/.julia/dev/ODEParameterEstimation/src/core/parameter_estimation.jl:560
unknown function (ip: 0x709e809f639a) at (unknown file)
#optimized_multishot_parameter_estimation##6 at /home/orebas/.julia/dev/ODEParameterEstimation/src/core/optimized_multishot_estimation.jl:793
macro expansion at ./timing.jl:699 [inlined]
_record_phase! at /home/orebas/.julia/dev/ODEParameterEstimation/src/core/optimized_multishot_estimation.jl:262
unknown function (ip: 0x709e893ca7d1) at (unknown file)
optimized_multishot_parameter_estimation at /home/orebas/.julia/dev/ODEParameterEstimation/src/core/optimized_multishot_estimation.jl:792
_analyze_parameter_estimation_problem_impl at /home/orebas/.julia/dev/ODEParameterEstimation/src/core/analysis_utils.jl:1019
analyze_parameter_estimation_problem at /home/orebas/.julia/dev/ODEParameterEstimation/src/core/analysis_utils.jl:968 [inlined]
#69 at /home/orebas/.julia/dev/ODEParameterEstimation/repro/petab/dense_single/run.jl:75 [inlined]
with at ./scopedvalues.jl:324
unknown function (ip: 0x709e8979617d) at (unknown file)
#67 at /home/orebas/.julia/dev/ODEParameterEstimation/repro/petab/dense_single/run.jl:74
cd at ./file.jl:112
unknown function (ip: 0x709e8df549ed) at (unknown file)
jl_apply at /cache/build/builder-amdci4-4/julialang/julia-ci/src/julia.h:2318 [inlined]
do_call at /cache/build/builder-amdci4-4/julialang/julia-ci/src/interpreter.c:123
eval_value at /cache/build/builder-amdci4-4/julialang/julia-ci/src/interpreter.c:243
eval_body at /cache/build/builder-amdci4-4/julialang/julia-ci/src/interpreter.c:581
eval_body at /cache/build/builder-amdci4-4/julialang/julia-ci/src/interpreter.c:558
eval_body at /cache/build/builder-amdci4-4/julialang/julia-ci/src/interpreter.c:558
jl_interpret_toplevel_thunk at /cache/build/builder-amdci4-4/julialang/julia-ci/src/interpreter.c:884
jl_toplevel_eval_flex at /cache/build/builder-amdci4-4/julialang/julia-ci/src/toplevel.c:742
jl_eval_toplevel_stmts at /cache/build/builder-amdci4-4/julialang/julia-ci/src/toplevel.c:585
jl_toplevel_eval_flex at /cache/build/builder-amdci4-4/julialang/julia-ci/src/toplevel.c:683
ijl_toplevel_eval at /cache/build/builder-amdci4-4/julialang/julia-ci/src/toplevel.c:754
ijl_toplevel_eval_in at /cache/build/builder-amdci4-4/julialang/julia-ci/src/toplevel.c:799
eval at ./boot.jl:489
include_string at ./loading.jl:3016
_include at ./loading.jl:3076
include at ./Base.jl:309
exec_options at ./client.jl:344
_start at ./client.jl:577
jfptr__start_59126.1 at /home/orebas/.julia/juliaup/julia-1.13.0+0.x64.linux.gnu/lib/julia/sys.so (unknown line)
jl_apply at /cache/build/builder-amdci4-4/julialang/julia-ci/src/julia.h:2318 [inlined]
true_main at /cache/build/builder-amdci4-4/julialang/julia-ci/src/jlapi.c:985
jl_repl_entrypoint at /cache/build/builder-amdci4-4/julialang/julia-ci/src/jlapi.c:1152
main at /cache/build/builder-amdci4-4/julialang/julia-ci/cli/loader_exe.c:58
unknown function (ip: 0x709f34e2a600) at /usr/lib/x86_64-linux-gnu/libc.so.6
__libc_start_main at /usr/lib/x86_64-linux-gnu/libc.so.6 (unknown line)
unknown function (ip: 0x4010b8) at /workspace/srcdir/glibc-2.17/csu/../sysdeps/x86_64/start.S
unknown function (ip: (nil)) at (unknown file)


==============================================================
Profile collected. A report will print at the next yield point.
Disabling --trace-compile
==============================================================


======================================================================================
Information request received. A stacktrace will print followed by a 10.0 second profile.
--trace-compile is enabled during profile collection.
======================================================================================

cmd: /home/orebas/.julia/juliaup/julia-1.13.0+0.x64.linux.gnu/bin/julia 3209835 running 1 of 1

signal (10): User defined signal 1
getindex at ./essentials.jl:970 [inlined]
getindex at ./abstractarray.jl:1366 [inlined]
f4_find_multiplied_reducer! at /home/orebas/.julia/packages/Groebner/d0Ueg/src/f4/f4.jl:264
f4_symbolic_preprocessing! at /home/orebas/.julia/packages/Groebner/d0Ueg/src/f4/f4.jl:101
f4! at /home/orebas/.julia/packages/Groebner/d0Ueg/src/f4/f4.jl:435
unknown function (ip: 0x709e7d38f65e) at (unknown file)
_groebner_guess_lucky_prime at /home/orebas/.julia/packages/Groebner/d0Ueg/src/groebner/groebner.jl:181
_groebner_learn_and_apply at /home/orebas/.julia/packages/Groebner/d0Ueg/src/groebner/groebner.jl:251
_groebner2 at /home/orebas/.julia/packages/Groebner/d0Ueg/src/groebner/groebner.jl:147 [inlined]
groebner2 at /home/orebas/.julia/packages/Groebner/d0Ueg/src/groebner/groebner.jl:84
unknown function (ip: 0x709e7d3885ac) at (unknown file)
__groebner1 at /home/orebas/.julia/packages/Groebner/d0Ueg/src/groebner/groebner.jl:61
unknown function (ip: 0x709e7d34dbd7) at (unknown file)
_groebner1 at /home/orebas/.julia/packages/Groebner/d0Ueg/src/groebner/groebner.jl:40
unknown function (ip: 0x709e7d34cf30) at (unknown file)
groebner0 at /home/orebas/.julia/packages/Groebner/d0Ueg/src/groebner/groebner.jl:10
#groebner#229 at /home/orebas/.julia/packages/Groebner/d0Ueg/src/interface.jl:113 [inlined]
groebner at /home/orebas/.julia/packages/Groebner/d0Ueg/src/interface.jl:111
unknown function (ip: 0x709e7d345be2) at (unknown file)
macro expansion at ./timing.jl:463 [inlined]
#get_polynomial_system_from_sian#262 at /home/orebas/.julia/dev/ODEParameterEstimation/src/core/si_equation_builder.jl:1244
get_polynomial_system_from_sian at /home/orebas/.julia/dev/ODEParameterEstimation/src/core/si_equation_builder.jl:1037 [inlined]
#get_si_equation_system#244 at /home/orebas/.julia/dev/ODEParameterEstimation/src/core/si_equation_builder.jl:760
get_si_equation_system at /home/orebas/.julia/dev/ODEParameterEstimation/src/core/si_equation_builder.jl:705 [inlined]
#build_si_template_for_fixed_params#548 at /home/orebas/.julia/dev/ODEParameterEstimation/src/core/parameter_estimation.jl:513
build_si_template_for_fixed_params at /home/orebas/.julia/dev/ODEParameterEstimation/src/core/parameter_estimation.jl:500
unknown function (ip: 0x709e7d327504) at (unknown file)
#prepare_si_template_with_structural_fix#553 at /home/orebas/.julia/dev/ODEParameterEstimation/src/core/parameter_estimation.jl:593
prepare_si_template_with_structural_fix at /home/orebas/.julia/dev/ODEParameterEstimation/src/core/parameter_estimation.jl:560
unknown function (ip: 0x709e809f639a) at (unknown file)
#optimized_multishot_parameter_estimation##6 at /home/orebas/.julia/dev/ODEParameterEstimation/src/core/optimized_multishot_estimation.jl:793
macro expansion at ./timing.jl:699 [inlined]
_record_phase! at /home/orebas/.julia/dev/ODEParameterEstimation/src/core/optimized_multishot_estimation.jl:262
unknown function (ip: 0x709e893ca7d1) at (unknown file)
optimized_multishot_parameter_estimation at /home/orebas/.julia/dev/ODEParameterEstimation/src/core/optimized_multishot_estimation.jl:792
_analyze_parameter_estimation_problem_impl at /home/orebas/.julia/dev/ODEParameterEstimation/src/core/analysis_utils.jl:1019
analyze_parameter_estimation_problem at /home/orebas/.julia/dev/ODEParameterEstimation/src/core/analysis_utils.jl:968 [inlined]
#69 at /home/orebas/.julia/dev/ODEParameterEstimation/repro/petab/dense_single/run.jl:75 [inlined]
with at ./scopedvalues.jl:324
unknown function (ip: 0x709e8979617d) at (unknown file)
#67 at /home/orebas/.julia/dev/ODEParameterEstimation/repro/petab/dense_single/run.jl:74
cd at ./file.jl:112
unknown function (ip: 0x709e8df549ed) at (unknown file)
jl_apply at /cache/build/builder-amdci4-4/julialang/julia-ci/src/julia.h:2318 [inlined]
do_call at /cache/build/builder-amdci4-4/julialang/julia-ci/src/interpreter.c:123
eval_value at /cache/build/builder-amdci4-4/julialang/julia-ci/src/interpreter.c:243
eval_body at /cache/build/builder-amdci4-4/julialang/julia-ci/src/interpreter.c:581
eval_body at /cache/build/builder-amdci4-4/julialang/julia-ci/src/interpreter.c:558
eval_body at /cache/build/builder-amdci4-4/julialang/julia-ci/src/interpreter.c:558
jl_interpret_toplevel_thunk at /cache/build/builder-amdci4-4/julialang/julia-ci/src/interpreter.c:884
jl_toplevel_eval_flex at /cache/build/builder-amdci4-4/julialang/julia-ci/src/toplevel.c:742
jl_eval_toplevel_stmts at /cache/build/builder-amdci4-4/julialang/julia-ci/src/toplevel.c:585
jl_toplevel_eval_flex at /cache/build/builder-amdci4-4/julialang/julia-ci/src/toplevel.c:683
ijl_toplevel_eval at /cache/build/builder-amdci4-4/julialang/julia-ci/src/toplevel.c:754
ijl_toplevel_eval_in at /cache/build/builder-amdci4-4/julialang/julia-ci/src/toplevel.c:799
eval at ./boot.jl:489
include_string at ./loading.jl:3016
_include at ./loading.jl:3076
include at ./Base.jl:309
exec_options at ./client.jl:344
_start at ./client.jl:577
jfptr__start_59126.1 at /home/orebas/.julia/juliaup/julia-1.13.0+0.x64.linux.gnu/lib/julia/sys.so (unknown line)
jl_apply at /cache/build/builder-amdci4-4/julialang/julia-ci/src/julia.h:2318 [inlined]
true_main at /cache/build/builder-amdci4-4/julialang/julia-ci/src/jlapi.c:985
jl_repl_entrypoint at /cache/build/builder-amdci4-4/julialang/julia-ci/src/jlapi.c:1152
main at /cache/build/builder-amdci4-4/julialang/julia-ci/cli/loader_exe.c:58
unknown function (ip: 0x709f34e2a600) at /usr/lib/x86_64-linux-gnu/libc.so.6
__libc_start_main at /usr/lib/x86_64-linux-gnu/libc.so.6 (unknown line)
unknown function (ip: 0x4010b8) at /workspace/srcdir/glibc-2.17/csu/../sysdeps/x86_64/start.S
unknown function (ip: (nil)) at (unknown file)


==============================================================
Profile collected. A report will print at the next yield point.
Disabling --trace-compile
==============================================================


======================================================================================
Information request received. A stacktrace will print followed by a 10.0 second profile.
--trace-compile is enabled during profile collection.
======================================================================================

cmd: /home/orebas/.julia/juliaup/julia-1.13.0+0.x64.linux.gnu/bin/julia 3209835 running 1 of 1

signal (10): User defined signal 1
getindex at ./essentials.jl:970 [inlined]
getindex at ./abstractarray.jl:1366 [inlined]
f4_find_multiplied_reducer! at /home/orebas/.julia/packages/Groebner/d0Ueg/src/f4/f4.jl:264
f4_symbolic_preprocessing! at /home/orebas/.julia/packages/Groebner/d0Ueg/src/f4/f4.jl:101
f4! at /home/orebas/.julia/packages/Groebner/d0Ueg/src/f4/f4.jl:435
unknown function (ip: 0x709e7d38f65e) at (unknown file)
_groebner_guess_lucky_prime at /home/orebas/.julia/packages/Groebner/d0Ueg/src/groebner/groebner.jl:181
_groebner_learn_and_apply at /home/orebas/.julia/packages/Groebner/d0Ueg/src/groebner/groebner.jl:251
_groebner2 at /home/orebas/.julia/packages/Groebner/d0Ueg/src/groebner/groebner.jl:147 [inlined]
groebner2 at /home/orebas/.julia/packages/Groebner/d0Ueg/src/groebner/groebner.jl:84
unknown function (ip: 0x709e7d3885ac) at (unknown file)
__groebner1 at /home/orebas/.julia/packages/Groebner/d0Ueg/src/groebner/groebner.jl:61
unknown function (ip: 0x709e7d34dbd7) at (unknown file)
_groebner1 at /home/orebas/.julia/packages/Groebner/d0Ueg/src/groebner/groebner.jl:40
unknown function (ip: 0x709e7d34cf30) at (unknown file)
groebner0 at /home/orebas/.julia/packages/Groebner/d0Ueg/src/groebner/groebner.jl:10
#groebner#229 at /home/orebas/.julia/packages/Groebner/d0Ueg/src/interface.jl:113 [inlined]
groebner at /home/orebas/.julia/packages/Groebner/d0Ueg/src/interface.jl:111
unknown function (ip: 0x709e7d345be2) at (unknown file)
macro expansion at ./timing.jl:463 [inlined]
#get_polynomial_system_from_sian#262 at /home/orebas/.julia/dev/ODEParameterEstimation/src/core/si_equation_builder.jl:1244
get_polynomial_system_from_sian at /home/orebas/.julia/dev/ODEParameterEstimation/src/core/si_equation_builder.jl:1037 [inlined]
#get_si_equation_system#244 at /home/orebas/.julia/dev/ODEParameterEstimation/src/core/si_equation_builder.jl:760
get_si_equation_system at /home/orebas/.julia/dev/ODEParameterEstimation/src/core/si_equation_builder.jl:705 [inlined]
#build_si_template_for_fixed_params#548 at /home/orebas/.julia/dev/ODEParameterEstimation/src/core/parameter_estimation.jl:513
build_si_template_for_fixed_params at /home/orebas/.julia/dev/ODEParameterEstimation/src/core/parameter_estimation.jl:500
unknown function (ip: 0x709e7d327504) at (unknown file)
#prepare_si_template_with_structural_fix#553 at /home/orebas/.julia/dev/ODEParameterEstimation/src/core/parameter_estimation.jl:593
prepare_si_template_with_structural_fix at /home/orebas/.julia/dev/ODEParameterEstimation/src/core/parameter_estimation.jl:560
unknown function (ip: 0x709e809f639a) at (unknown file)
#optimized_multishot_parameter_estimation##6 at /home/orebas/.julia/dev/ODEParameterEstimation/src/core/optimized_multishot_estimation.jl:793
macro expansion at ./timing.jl:699 [inlined]
_record_phase! at /home/orebas/.julia/dev/ODEParameterEstimation/src/core/optimized_multishot_estimation.jl:262
unknown function (ip: 0x709e893ca7d1) at (unknown file)
optimized_multishot_parameter_estimation at /home/orebas/.julia/dev/ODEParameterEstimation/src/core/optimized_multishot_estimation.jl:792
_analyze_parameter_estimation_problem_impl at /home/orebas/.julia/dev/ODEParameterEstimation/src/core/analysis_utils.jl:1019
analyze_parameter_estimation_problem at /home/orebas/.julia/dev/ODEParameterEstimation/src/core/analysis_utils.jl:968 [inlined]
#69 at /home/orebas/.julia/dev/ODEParameterEstimation/repro/petab/dense_single/run.jl:75 [inlined]
with at ./scopedvalues.jl:324
unknown function (ip: 0x709e8979617d) at (unknown file)
#67 at /home/orebas/.julia/dev/ODEParameterEstimation/repro/petab/dense_single/run.jl:74
cd at ./file.jl:112
unknown function (ip: 0x709e8df549ed) at (unknown file)
jl_apply at /cache/build/builder-amdci4-4/julialang/julia-ci/src/julia.h:2318 [inlined]
do_call at /cache/build/builder-amdci4-4/julialang/julia-ci/src/interpreter.c:123
eval_value at /cache/build/builder-amdci4-4/julialang/julia-ci/src/interpreter.c:243
eval_body at /cache/build/builder-amdci4-4/julialang/julia-ci/src/interpreter.c:581
eval_body at /cache/build/builder-amdci4-4/julialang/julia-ci/src/interpreter.c:558
eval_body at /cache/build/builder-amdci4-4/julialang/julia-ci/src/interpreter.c:558
jl_interpret_toplevel_thunk at /cache/build/builder-amdci4-4/julialang/julia-ci/src/interpreter.c:884
jl_toplevel_eval_flex at /cache/build/builder-amdci4-4/julialang/julia-ci/src/toplevel.c:742
jl_eval_toplevel_stmts at /cache/build/builder-amdci4-4/julialang/julia-ci/src/toplevel.c:585
jl_toplevel_eval_flex at /cache/build/builder-amdci4-4/julialang/julia-ci/src/toplevel.c:683
ijl_toplevel_eval at /cache/build/builder-amdci4-4/julialang/julia-ci/src/toplevel.c:754
ijl_toplevel_eval_in at /cache/build/builder-amdci4-4/julialang/julia-ci/src/toplevel.c:799
eval at ./boot.jl:489
include_string at ./loading.jl:3016
_include at ./loading.jl:3076
include at ./Base.jl:309
exec_options at ./client.jl:344
_start at ./client.jl:577
jfptr__start_59126.1 at /home/orebas/.julia/juliaup/julia-1.13.0+0.x64.linux.gnu/lib/julia/sys.so (unknown line)
jl_apply at /cache/build/builder-amdci4-4/julialang/julia-ci/src/julia.h:2318 [inlined]
true_main at /cache/build/builder-amdci4-4/julialang/julia-ci/src/jlapi.c:985
jl_repl_entrypoint at /cache/build/builder-amdci4-4/julialang/julia-ci/src/jlapi.c:1152
main at /cache/build/builder-amdci4-4/julialang/julia-ci/cli/loader_exe.c:58
unknown function (ip: 0x709f34e2a600) at /usr/lib/x86_64-linux-gnu/libc.so.6
__libc_start_main at /usr/lib/x86_64-linux-gnu/libc.so.6 (unknown line)
unknown function (ip: 0x4010b8) at /workspace/srcdir/glibc-2.17/csu/../sysdeps/x86_64/start.S
unknown function (ip: (nil)) at (unknown file)


==============================================================
Profile collected. A report will print at the next yield point.
Disabling --trace-compile
==============================================================


======================================================================================
Information request received. A stacktrace will print followed by a 10.0 second profile.
--trace-compile is enabled during profile collection.
======================================================================================

cmd: /home/orebas/.julia/juliaup/julia-1.13.0+0.x64.linux.gnu/bin/julia 3209835 running 1 of 1

signal (10): User defined signal 1
* at ./int.jl:88 [inlined]
mod_p at /home/orebas/.julia/packages/Groebner/d0Ueg/src/arithmetic/Zp.jl:124 [inlined]
linalg_vector_addmul_sparsedense_mod_p! at /home/orebas/.julia/packages/Groebner/d0Ueg/src/f4/linalg/backend.jl:767 [inlined]
#linalg_reduce_dense_row_by_pivots_sparse!#110 at /home/orebas/.julia/packages/Groebner/d0Ueg/src/f4/linalg/backend.jl:411
linalg_reduce_dense_row_by_pivots_sparse! at /home/orebas/.julia/packages/Groebner/d0Ueg/src/f4/linalg/backend.jl:365 [inlined]
linalg_reduce_dense_row_by_pivots_sparse! at /home/orebas/.julia/packages/Groebner/d0Ueg/src/f4/linalg/backend.jl:365 [inlined]
linalg_randomized_reduce_matrix_lower_part! at /home/orebas/.julia/packages/Groebner/d0Ueg/src/f4/linalg/backend_randomized.jl:106
linalg_randomized_sparse! at /home/orebas/.julia/packages/Groebner/d0Ueg/src/f4/linalg/backend_randomized.jl:22 [inlined]
_linalg_main! at /home/orebas/.julia/packages/Groebner/d0Ueg/src/f4/linalg/linalg.jl:165
#linalg_main!#101 at /home/orebas/.julia/packages/Groebner/d0Ueg/src/f4/linalg/linalg.jl:42 [inlined]
linalg_main! at /home/orebas/.julia/packages/Groebner/d0Ueg/src/f4/linalg/linalg.jl:23 [inlined]
linalg_main! at /home/orebas/.julia/packages/Groebner/d0Ueg/src/f4/linalg/linalg.jl:23 [inlined]
f4_reduction! at /home/orebas/.julia/packages/Groebner/d0Ueg/src/f4/f4.jl:55
f4! at /home/orebas/.julia/packages/Groebner/d0Ueg/src/f4/f4.jl:436
unknown function (ip: 0x709e7d38f65e) at (unknown file)
_groebner_guess_lucky_prime at /home/orebas/.julia/packages/Groebner/d0Ueg/src/groebner/groebner.jl:181
_groebner_learn_and_apply at /home/orebas/.julia/packages/Groebner/d0Ueg/src/groebner/groebner.jl:251
_groebner2 at /home/orebas/.julia/packages/Groebner/d0Ueg/src/groebner/groebner.jl:147 [inlined]
groebner2 at /home/orebas/.julia/packages/Groebner/d0Ueg/src/groebner/groebner.jl:84
unknown function (ip: 0x709e7d3885ac) at (unknown file)
__groebner1 at /home/orebas/.julia/packages/Groebner/d0Ueg/src/groebner/groebner.jl:61
unknown function (ip: 0x709e7d34dbd7) at (unknown file)
_groebner1 at /home/orebas/.julia/packages/Groebner/d0Ueg/src/groebner/groebner.jl:40
unknown function (ip: 0x709e7d34cf30) at (unknown file)
groebner0 at /home/orebas/.julia/packages/Groebner/d0Ueg/src/groebner/groebner.jl:10
#groebner#229 at /home/orebas/.julia/packages/Groebner/d0Ueg/src/interface.jl:113 [inlined]
groebner at /home/orebas/.julia/packages/Groebner/d0Ueg/src/interface.jl:111
unknown function (ip: 0x709e7d345be2) at (unknown file)
macro expansion at ./timing.jl:463 [inlined]
#get_polynomial_system_from_sian#262 at /home/orebas/.julia/dev/ODEParameterEstimation/src/core/si_equation_builder.jl:1244
get_polynomial_system_from_sian at /home/orebas/.julia/dev/ODEParameterEstimation/src/core/si_equation_builder.jl:1037 [inlined]
#get_si_equation_system#244 at /home/orebas/.julia/dev/ODEParameterEstimation/src/core/si_equation_builder.jl:760
get_si_equation_system at /home/orebas/.julia/dev/ODEParameterEstimation/src/core/si_equation_builder.jl:705 [inlined]
#build_si_template_for_fixed_params#548 at /home/orebas/.julia/dev/ODEParameterEstimation/src/core/parameter_estimation.jl:513
build_si_template_for_fixed_params at /home/orebas/.julia/dev/ODEParameterEstimation/src/core/parameter_estimation.jl:500
unknown function (ip: 0x709e7d327504) at (unknown file)
#prepare_si_template_with_structural_fix#553 at /home/orebas/.julia/dev/ODEParameterEstimation/src/core/parameter_estimation.jl:593
prepare_si_template_with_structural_fix at /home/orebas/.julia/dev/ODEParameterEstimation/src/core/parameter_estimation.jl:560
unknown function (ip: 0x709e809f639a) at (unknown file)
#optimized_multishot_parameter_estimation##6 at /home/orebas/.julia/dev/ODEParameterEstimation/src/core/optimized_multishot_estimation.jl:793
macro expansion at ./timing.jl:699 [inlined]
_record_phase! at /home/orebas/.julia/dev/ODEParameterEstimation/src/core/optimized_multishot_estimation.jl:262
unknown function (ip: 0x709e893ca7d1) at (unknown file)
optimized_multishot_parameter_estimation at /home/orebas/.julia/dev/ODEParameterEstimation/src/core/optimized_multishot_estimation.jl:792
_analyze_parameter_estimation_problem_impl at /home/orebas/.julia/dev/ODEParameterEstimation/src/core/analysis_utils.jl:1019
analyze_parameter_estimation_problem at /home/orebas/.julia/dev/ODEParameterEstimation/src/core/analysis_utils.jl:968 [inlined]
#69 at /home/orebas/.julia/dev/ODEParameterEstimation/repro/petab/dense_single/run.jl:75 [inlined]
with at ./scopedvalues.jl:324
unknown function (ip: 0x709e8979617d) at (unknown file)
#67 at /home/orebas/.julia/dev/ODEParameterEstimation/repro/petab/dense_single/run.jl:74
cd at ./file.jl:112
unknown function (ip: 0x709e8df549ed) at (unknown file)
jl_apply at /cache/build/builder-amdci4-4/julialang/julia-ci/src/julia.h:2318 [inlined]
do_call at /cache/build/builder-amdci4-4/julialang/julia-ci/src/interpreter.c:123
eval_value at /cache/build/builder-amdci4-4/julialang/julia-ci/src/interpreter.c:243
eval_body at /cache/build/builder-amdci4-4/julialang/julia-ci/src/interpreter.c:581
eval_body at /cache/build/builder-amdci4-4/julialang/julia-ci/src/interpreter.c:558
eval_body at /cache/build/builder-amdci4-4/julialang/julia-ci/src/interpreter.c:558
jl_interpret_toplevel_thunk at /cache/build/builder-amdci4-4/julialang/julia-ci/src/interpreter.c:884
jl_toplevel_eval_flex at /cache/build/builder-amdci4-4/julialang/julia-ci/src/toplevel.c:742
jl_eval_toplevel_stmts at /cache/build/builder-amdci4-4/julialang/julia-ci/src/toplevel.c:585
jl_toplevel_eval_flex at /cache/build/builder-amdci4-4/julialang/julia-ci/src/toplevel.c:683
ijl_toplevel_eval at /cache/build/builder-amdci4-4/julialang/julia-ci/src/toplevel.c:754
ijl_toplevel_eval_in at /cache/build/builder-amdci4-4/julialang/julia-ci/src/toplevel.c:799
eval at ./boot.jl:489
include_string at ./loading.jl:3016
_include at ./loading.jl:3076
include at ./Base.jl:309
exec_options at ./client.jl:344
_start at ./client.jl:577
jfptr__start_59126.1 at /home/orebas/.julia/juliaup/julia-1.13.0+0.x64.linux.gnu/lib/julia/sys.so (unknown line)
jl_apply at /cache/build/builder-amdci4-4/julialang/julia-ci/src/julia.h:2318 [inlined]
true_main at /cache/build/builder-amdci4-4/julialang/julia-ci/src/jlapi.c:985
jl_repl_entrypoint at /cache/build/builder-amdci4-4/julialang/julia-ci/src/jlapi.c:1152
main at /cache/build/builder-amdci4-4/julialang/julia-ci/cli/loader_exe.c:58
unknown function (ip: 0x709f34e2a600) at /usr/lib/x86_64-linux-gnu/libc.so.6
__libc_start_main at /usr/lib/x86_64-linux-gnu/libc.so.6 (unknown line)
unknown function (ip: 0x4010b8) at /workspace/srcdir/glibc-2.17/csu/../sysdeps/x86_64/start.S
unknown function (ip: (nil)) at (unknown file)


==============================================================
Profile collected. A report will print at the next yield point.
Disabling --trace-compile
==============================================================


======================================================================================
Information request received. A stacktrace will print followed by a 10.0 second profile.
--trace-compile is enabled during profile collection.
======================================================================================

cmd: /home/orebas/.julia/juliaup/julia-1.13.0+0.x64.linux.gnu/bin/julia 3209835 running 1 of 1

signal (10): User defined signal 1
_setindex! at ./array.jl:1025 [inlined]
setindex! at ./array.jl:1020 [inlined]
setindex! at ./multidimensional.jl:774 [inlined]
linalg_vector_addmul_sparsedense_mod_p! at /home/orebas/.julia/packages/Groebner/d0Ueg/src/f4/linalg/backend.jl:767 [inlined]
#linalg_reduce_dense_row_by_pivots_sparse!#110 at /home/orebas/.julia/packages/Groebner/d0Ueg/src/f4/linalg/backend.jl:411
linalg_reduce_dense_row_by_pivots_sparse! at /home/orebas/.julia/packages/Groebner/d0Ueg/src/f4/linalg/backend.jl:365 [inlined]
linalg_reduce_dense_row_by_pivots_sparse! at /home/orebas/.julia/packages/Groebner/d0Ueg/src/f4/linalg/backend.jl:365 [inlined]
linalg_randomized_reduce_matrix_lower_part! at /home/orebas/.julia/packages/Groebner/d0Ueg/src/f4/linalg/backend_randomized.jl:106
linalg_randomized_sparse! at /home/orebas/.julia/packages/Groebner/d0Ueg/src/f4/linalg/backend_randomized.jl:22 [inlined]
_linalg_main! at /home/orebas/.julia/packages/Groebner/d0Ueg/src/f4/linalg/linalg.jl:165
#linalg_main!#101 at /home/orebas/.julia/packages/Groebner/d0Ueg/src/f4/linalg/linalg.jl:42 [inlined]
linalg_main! at /home/orebas/.julia/packages/Groebner/d0Ueg/src/f4/linalg/linalg.jl:23 [inlined]
linalg_main! at /home/orebas/.julia/packages/Groebner/d0Ueg/src/f4/linalg/linalg.jl:23 [inlined]
f4_reduction! at /home/orebas/.julia/packages/Groebner/d0Ueg/src/f4/f4.jl:55
f4! at /home/orebas/.julia/packages/Groebner/d0Ueg/src/f4/f4.jl:436
unknown function (ip: 0x709e7d38f65e) at (unknown file)
_groebner_guess_lucky_prime at /home/orebas/.julia/packages/Groebner/d0Ueg/src/groebner/groebner.jl:181
_groebner_learn_and_apply at /home/orebas/.julia/packages/Groebner/d0Ueg/src/groebner/groebner.jl:251
_groebner2 at /home/orebas/.julia/packages/Groebner/d0Ueg/src/groebner/groebner.jl:147 [inlined]
groebner2 at /home/orebas/.julia/packages/Groebner/d0Ueg/src/groebner/groebner.jl:84
unknown function (ip: 0x709e7d3885ac) at (unknown file)
__groebner1 at /home/orebas/.julia/packages/Groebner/d0Ueg/src/groebner/groebner.jl:61
unknown function (ip: 0x709e7d34dbd7) at (unknown file)
_groebner1 at /home/orebas/.julia/packages/Groebner/d0Ueg/src/groebner/groebner.jl:40
unknown function (ip: 0x709e7d34cf30) at (unknown file)
groebner0 at /home/orebas/.julia/packages/Groebner/d0Ueg/src/groebner/groebner.jl:10
#groebner#229 at /home/orebas/.julia/packages/Groebner/d0Ueg/src/interface.jl:113 [inlined]
groebner at /home/orebas/.julia/packages/Groebner/d0Ueg/src/interface.jl:111
unknown function (ip: 0x709e7d345be2) at (unknown file)
macro expansion at ./timing.jl:463 [inlined]
#get_polynomial_system_from_sian#262 at /home/orebas/.julia/dev/ODEParameterEstimation/src/core/si_equation_builder.jl:1244
get_polynomial_system_from_sian at /home/orebas/.julia/dev/ODEParameterEstimation/src/core/si_equation_builder.jl:1037 [inlined]
#get_si_equation_system#244 at /home/orebas/.julia/dev/ODEParameterEstimation/src/core/si_equation_builder.jl:760
get_si_equation_system at /home/orebas/.julia/dev/ODEParameterEstimation/src/core/si_equation_builder.jl:705 [inlined]
#build_si_template_for_fixed_params#548 at /home/orebas/.julia/dev/ODEParameterEstimation/src/core/parameter_estimation.jl:513
build_si_template_for_fixed_params at /home/orebas/.julia/dev/ODEParameterEstimation/src/core/parameter_estimation.jl:500
unknown function (ip: 0x709e7d327504) at (unknown file)
#prepare_si_template_with_structural_fix#553 at /home/orebas/.julia/dev/ODEParameterEstimation/src/core/parameter_estimation.jl:593
prepare_si_template_with_structural_fix at /home/orebas/.julia/dev/ODEParameterEstimation/src/core/parameter_estimation.jl:560
unknown function (ip: 0x709e809f639a) at (unknown file)
#optimized_multishot_parameter_estimation##6 at /home/orebas/.julia/dev/ODEParameterEstimation/src/core/optimized_multishot_estimation.jl:793
macro expansion at ./timing.jl:699 [inlined]
_record_phase! at /home/orebas/.julia/dev/ODEParameterEstimation/src/core/optimized_multishot_estimation.jl:262
unknown function (ip: 0x709e893ca7d1) at (unknown file)
optimized_multishot_parameter_estimation at /home/orebas/.julia/dev/ODEParameterEstimation/src/core/optimized_multishot_estimation.jl:792
_analyze_parameter_estimation_problem_impl at /home/orebas/.julia/dev/ODEParameterEstimation/src/core/analysis_utils.jl:1019
analyze_parameter_estimation_problem at /home/orebas/.julia/dev/ODEParameterEstimation/src/core/analysis_utils.jl:968 [inlined]
#69 at /home/orebas/.julia/dev/ODEParameterEstimation/repro/petab/dense_single/run.jl:75 [inlined]
with at ./scopedvalues.jl:324
unknown function (ip: 0x709e8979617d) at (unknown file)
#67 at /home/orebas/.julia/dev/ODEParameterEstimation/repro/petab/dense_single/run.jl:74
cd at ./file.jl:112
unknown function (ip: 0x709e8df549ed) at (unknown file)
jl_apply at /cache/build/builder-amdci4-4/julialang/julia-ci/src/julia.h:2318 [inlined]
do_call at /cache/build/builder-amdci4-4/julialang/julia-ci/src/interpreter.c:123
eval_value at /cache/build/builder-amdci4-4/julialang/julia-ci/src/interpreter.c:243
eval_body at /cache/build/builder-amdci4-4/julialang/julia-ci/src/interpreter.c:581
eval_body at /cache/build/builder-amdci4-4/julialang/julia-ci/src/interpreter.c:558
eval_body at /cache/build/builder-amdci4-4/julialang/julia-ci/src/interpreter.c:558
jl_interpret_toplevel_thunk at /cache/build/builder-amdci4-4/julialang/julia-ci/src/interpreter.c:884
jl_toplevel_eval_flex at /cache/build/builder-amdci4-4/julialang/julia-ci/src/toplevel.c:742
jl_eval_toplevel_stmts at /cache/build/builder-amdci4-4/julialang/julia-ci/src/toplevel.c:585
jl_toplevel_eval_flex at /cache/build/builder-amdci4-4/julialang/julia-ci/src/toplevel.c:683
ijl_toplevel_eval at /cache/build/builder-amdci4-4/julialang/julia-ci/src/toplevel.c:754
ijl_toplevel_eval_in at /cache/build/builder-amdci4-4/julialang/julia-ci/src/toplevel.c:799
eval at ./boot.jl:489
include_string at ./loading.jl:3016
_include at ./loading.jl:3076
include at ./Base.jl:309
exec_options at ./client.jl:344
_start at ./client.jl:577
jfptr__start_59126.1 at /home/orebas/.julia/juliaup/julia-1.13.0+0.x64.linux.gnu/lib/julia/sys.so (unknown line)
jl_apply at /cache/build/builder-amdci4-4/julialang/julia-ci/src/julia.h:2318 [inlined]
true_main at /cache/build/builder-amdci4-4/julialang/julia-ci/src/jlapi.c:985
jl_repl_entrypoint at /cache/build/builder-amdci4-4/julialang/julia-ci/src/jlapi.c:1152
main at /cache/build/builder-amdci4-4/julialang/julia-ci/cli/loader_exe.c:58
unknown function (ip: 0x709f34e2a600) at /usr/lib/x86_64-linux-gnu/libc.so.6
__libc_start_main at /usr/lib/x86_64-linux-gnu/libc.so.6 (unknown line)
unknown function (ip: 0x4010b8) at /workspace/srcdir/glibc-2.17/csu/../sysdeps/x86_64/start.S
unknown function (ip: (nil)) at (unknown file)


==============================================================
Profile collected. A report will print at the next yield point.
Disabling --trace-compile
==============================================================


======================================================================================
Information request received. A stacktrace will print followed by a 10.0 second profile.
--trace-compile is enabled during profile collection.
======================================================================================

cmd: /home/orebas/.julia/juliaup/julia-1.13.0+0.x64.linux.gnu/bin/julia 3209835 running 1 of 1

signal (10): User defined signal 1
* at ./int.jl:88 [inlined]
mod_p at /home/orebas/.julia/packages/Groebner/d0Ueg/src/arithmetic/Zp.jl:124 [inlined]
linalg_vector_addmul_sparsedense_mod_p! at /home/orebas/.julia/packages/Groebner/d0Ueg/src/f4/linalg/backend.jl:767 [inlined]
#linalg_reduce_dense_row_by_pivots_sparse!#110 at /home/orebas/.julia/packages/Groebner/d0Ueg/src/f4/linalg/backend.jl:411
linalg_reduce_dense_row_by_pivots_sparse! at /home/orebas/.julia/packages/Groebner/d0Ueg/src/f4/linalg/backend.jl:365 [inlined]
linalg_reduce_dense_row_by_pivots_sparse! at /home/orebas/.julia/packages/Groebner/d0Ueg/src/f4/linalg/backend.jl:365 [inlined]
linalg_randomized_reduce_matrix_lower_part! at /home/orebas/.julia/packages/Groebner/d0Ueg/src/f4/linalg/backend_randomized.jl:106
linalg_randomized_sparse! at /home/orebas/.julia/packages/Groebner/d0Ueg/src/f4/linalg/backend_randomized.jl:22 [inlined]
_linalg_main! at /home/orebas/.julia/packages/Groebner/d0Ueg/src/f4/linalg/linalg.jl:165
#linalg_main!#101 at /home/orebas/.julia/packages/Groebner/d0Ueg/src/f4/linalg/linalg.jl:42 [inlined]
linalg_main! at /home/orebas/.julia/packages/Groebner/d0Ueg/src/f4/linalg/linalg.jl:23 [inlined]
linalg_main! at /home/orebas/.julia/packages/Groebner/d0Ueg/src/f4/linalg/linalg.jl:23 [inlined]
f4_reduction! at /home/orebas/.julia/packages/Groebner/d0Ueg/src/f4/f4.jl:55
f4! at /home/orebas/.julia/packages/Groebner/d0Ueg/src/f4/f4.jl:436
unknown function (ip: 0x709e7d38f65e) at (unknown file)
_groebner_guess_lucky_prime at /home/orebas/.julia/packages/Groebner/d0Ueg/src/groebner/groebner.jl:181
_groebner_learn_and_apply at /home/orebas/.julia/packages/Groebner/d0Ueg/src/groebner/groebner.jl:251
_groebner2 at /home/orebas/.julia/packages/Groebner/d0Ueg/src/groebner/groebner.jl:147 [inlined]
groebner2 at /home/orebas/.julia/packages/Groebner/d0Ueg/src/groebner/groebner.jl:84
unknown function (ip: 0x709e7d3885ac) at (unknown file)
__groebner1 at /home/orebas/.julia/packages/Groebner/d0Ueg/src/groebner/groebner.jl:61
unknown function (ip: 0x709e7d34dbd7) at (unknown file)
_groebner1 at /home/orebas/.julia/packages/Groebner/d0Ueg/src/groebner/groebner.jl:40
unknown function (ip: 0x709e7d34cf30) at (unknown file)
groebner0 at /home/orebas/.julia/packages/Groebner/d0Ueg/src/groebner/groebner.jl:10
#groebner#229 at /home/orebas/.julia/packages/Groebner/d0Ueg/src/interface.jl:113 [inlined]
groebner at /home/orebas/.julia/packages/Groebner/d0Ueg/src/interface.jl:111
unknown function (ip: 0x709e7d345be2) at (unknown file)
macro expansion at ./timing.jl:463 [inlined]
#get_polynomial_system_from_sian#262 at /home/orebas/.julia/dev/ODEParameterEstimation/src/core/si_equation_builder.jl:1244
get_polynomial_system_from_sian at /home/orebas/.julia/dev/ODEParameterEstimation/src/core/si_equation_builder.jl:1037 [inlined]
#get_si_equation_system#244 at /home/orebas/.julia/dev/ODEParameterEstimation/src/core/si_equation_builder.jl:760
get_si_equation_system at /home/orebas/.julia/dev/ODEParameterEstimation/src/core/si_equation_builder.jl:705 [inlined]
#build_si_template_for_fixed_params#548 at /home/orebas/.julia/dev/ODEParameterEstimation/src/core/parameter_estimation.jl:513
build_si_template_for_fixed_params at /home/orebas/.julia/dev/ODEParameterEstimation/src/core/parameter_estimation.jl:500
unknown function (ip: 0x709e7d327504) at (unknown file)
#prepare_si_template_with_structural_fix#553 at /home/orebas/.julia/dev/ODEParameterEstimation/src/core/parameter_estimation.jl:593
prepare_si_template_with_structural_fix at /home/orebas/.julia/dev/ODEParameterEstimation/src/core/parameter_estimation.jl:560
unknown function (ip: 0x709e809f639a) at (unknown file)
#optimized_multishot_parameter_estimation##6 at /home/orebas/.julia/dev/ODEParameterEstimation/src/core/optimized_multishot_estimation.jl:793
macro expansion at ./timing.jl:699 [inlined]
_record_phase! at /home/orebas/.julia/dev/ODEParameterEstimation/src/core/optimized_multishot_estimation.jl:262
unknown function (ip: 0x709e893ca7d1) at (unknown file)
optimized_multishot_parameter_estimation at /home/orebas/.julia/dev/ODEParameterEstimation/src/core/optimized_multishot_estimation.jl:792
_analyze_parameter_estimation_problem_impl at /home/orebas/.julia/dev/ODEParameterEstimation/src/core/analysis_utils.jl:1019
analyze_parameter_estimation_problem at /home/orebas/.julia/dev/ODEParameterEstimation/src/core/analysis_utils.jl:968 [inlined]
#69 at /home/orebas/.julia/dev/ODEParameterEstimation/repro/petab/dense_single/run.jl:75 [inlined]
with at ./scopedvalues.jl:324
unknown function (ip: 0x709e8979617d) at (unknown file)
#67 at /home/orebas/.julia/dev/ODEParameterEstimation/repro/petab/dense_single/run.jl:74
cd at ./file.jl:112
unknown function (ip: 0x709e8df549ed) at (unknown file)
jl_apply at /cache/build/builder-amdci4-4/julialang/julia-ci/src/julia.h:2318 [inlined]
do_call at /cache/build/builder-amdci4-4/julialang/julia-ci/src/interpreter.c:123
eval_value at /cache/build/builder-amdci4-4/julialang/julia-ci/src/interpreter.c:243
eval_body at /cache/build/builder-amdci4-4/julialang/julia-ci/src/interpreter.c:581
eval_body at /cache/build/builder-amdci4-4/julialang/julia-ci/src/interpreter.c:558
eval_body at /cache/build/builder-amdci4-4/julialang/julia-ci/src/interpreter.c:558
jl_interpret_toplevel_thunk at /cache/build/builder-amdci4-4/julialang/julia-ci/src/interpreter.c:884
jl_toplevel_eval_flex at /cache/build/builder-amdci4-4/julialang/julia-ci/src/toplevel.c:742
jl_eval_toplevel_stmts at /cache/build/builder-amdci4-4/julialang/julia-ci/src/toplevel.c:585
jl_toplevel_eval_flex at /cache/build/builder-amdci4-4/julialang/julia-ci/src/toplevel.c:683
ijl_toplevel_eval at /cache/build/builder-amdci4-4/julialang/julia-ci/src/toplevel.c:754
ijl_toplevel_eval_in at /cache/build/builder-amdci4-4/julialang/julia-ci/src/toplevel.c:799
eval at ./boot.jl:489
include_string at ./loading.jl:3016
_include at ./loading.jl:3076
include at ./Base.jl:309
exec_options at ./client.jl:344
_start at ./client.jl:577
jfptr__start_59126.1 at /home/orebas/.julia/juliaup/julia-1.13.0+0.x64.linux.gnu/lib/julia/sys.so (unknown line)
jl_apply at /cache/build/builder-amdci4-4/julialang/julia-ci/src/julia.h:2318 [inlined]
true_main at /cache/build/builder-amdci4-4/julialang/julia-ci/src/jlapi.c:985
jl_repl_entrypoint at /cache/build/builder-amdci4-4/julialang/julia-ci/src/jlapi.c:1152
main at /cache/build/builder-amdci4-4/julialang/julia-ci/cli/loader_exe.c:58
unknown function (ip: 0x709f34e2a600) at /usr/lib/x86_64-linux-gnu/libc.so.6
__libc_start_main at /usr/lib/x86_64-linux-gnu/libc.so.6 (unknown line)
unknown function (ip: 0x4010b8) at /workspace/srcdir/glibc-2.17/csu/../sysdeps/x86_64/start.S
unknown function (ip: (nil)) at (unknown file)


==============================================================
Profile collected. A report will print at the next yield point.
Disabling --trace-compile
==============================================================


======================================================================================
Information request received. A stacktrace will print followed by a 10.0 second profile.
--trace-compile is enabled during profile collection.
======================================================================================

cmd: /home/orebas/.julia/juliaup/julia-1.13.0+0.x64.linux.gnu/bin/julia 3209835 running 1 of 1

signal (10): User defined signal 1
getindex at ./essentials.jl:970 [inlined]
linalg_vector_addmul_sparsedense_mod_p! at /home/orebas/.julia/packages/Groebner/d0Ueg/src/f4/linalg/backend.jl:764 [inlined]
#linalg_reduce_dense_row_by_pivots_sparse!#110 at /home/orebas/.julia/packages/Groebner/d0Ueg/src/f4/linalg/backend.jl:411
linalg_reduce_dense_row_by_pivots_sparse! at /home/orebas/.julia/packages/Groebner/d0Ueg/src/f4/linalg/backend.jl:365 [inlined]
linalg_reduce_dense_row_by_pivots_sparse! at /home/orebas/.julia/packages/Groebner/d0Ueg/src/f4/linalg/backend.jl:365 [inlined]
linalg_randomized_reduce_matrix_lower_part! at /home/orebas/.julia/packages/Groebner/d0Ueg/src/f4/linalg/backend_randomized.jl:106
linalg_randomized_sparse! at /home/orebas/.julia/packages/Groebner/d0Ueg/src/f4/linalg/backend_randomized.jl:22 [inlined]
_linalg_main! at /home/orebas/.julia/packages/Groebner/d0Ueg/src/f4/linalg/linalg.jl:165
#linalg_main!#101 at /home/orebas/.julia/packages/Groebner/d0Ueg/src/f4/linalg/linalg.jl:42 [inlined]
linalg_main! at /home/orebas/.julia/packages/Groebner/d0Ueg/src/f4/linalg/linalg.jl:23 [inlined]
linalg_main! at /home/orebas/.julia/packages/Groebner/d0Ueg/src/f4/linalg/linalg.jl:23 [inlined]
f4_reduction! at /home/orebas/.julia/packages/Groebner/d0Ueg/src/f4/f4.jl:55
f4! at /home/orebas/.julia/packages/Groebner/d0Ueg/src/f4/f4.jl:436
unknown function (ip: 0x709e7d38f65e) at (unknown file)
_groebner_guess_lucky_prime at /home/orebas/.julia/packages/Groebner/d0Ueg/src/groebner/groebner.jl:181
_groebner_learn_and_apply at /home/orebas/.julia/packages/Groebner/d0Ueg/src/groebner/groebner.jl:251
_groebner2 at /home/orebas/.julia/packages/Groebner/d0Ueg/src/groebner/groebner.jl:147 [inlined]
groebner2 at /home/orebas/.julia/packages/Groebner/d0Ueg/src/groebner/groebner.jl:84
unknown function (ip: 0x709e7d3885ac) at (unknown file)
__groebner1 at /home/orebas/.julia/packages/Groebner/d0Ueg/src/groebner/groebner.jl:61
unknown function (ip: 0x709e7d34dbd7) at (unknown file)
_groebner1 at /home/orebas/.julia/packages/Groebner/d0Ueg/src/groebner/groebner.jl:40
unknown function (ip: 0x709e7d34cf30) at (unknown file)
groebner0 at /home/orebas/.julia/packages/Groebner/d0Ueg/src/groebner/groebner.jl:10
#groebner#229 at /home/orebas/.julia/packages/Groebner/d0Ueg/src/interface.jl:113 [inlined]
groebner at /home/orebas/.julia/packages/Groebner/d0Ueg/src/interface.jl:111
unknown function (ip: 0x709e7d345be2) at (unknown file)
macro expansion at ./timing.jl:463 [inlined]
#get_polynomial_system_from_sian#262 at /home/orebas/.julia/dev/ODEParameterEstimation/src/core/si_equation_builder.jl:1244
get_polynomial_system_from_sian at /home/orebas/.julia/dev/ODEParameterEstimation/src/core/si_equation_builder.jl:1037 [inlined]
#get_si_equation_system#244 at /home/orebas/.julia/dev/ODEParameterEstimation/src/core/si_equation_builder.jl:760
get_si_equation_system at /home/orebas/.julia/dev/ODEParameterEstimation/src/core/si_equation_builder.jl:705 [inlined]
#build_si_template_for_fixed_params#548 at /home/orebas/.julia/dev/ODEParameterEstimation/src/core/parameter_estimation.jl:513
build_si_template_for_fixed_params at /home/orebas/.julia/dev/ODEParameterEstimation/src/core/parameter_estimation.jl:500
unknown function (ip: 0x709e7d327504) at (unknown file)
#prepare_si_template_with_structural_fix#553 at /home/orebas/.julia/dev/ODEParameterEstimation/src/core/parameter_estimation.jl:593
prepare_si_template_with_structural_fix at /home/orebas/.julia/dev/ODEParameterEstimation/src/core/parameter_estimation.jl:560
unknown function (ip: 0x709e809f639a) at (unknown file)
#optimized_multishot_parameter_estimation##6 at /home/orebas/.julia/dev/ODEParameterEstimation/src/core/optimized_multishot_estimation.jl:793
macro expansion at ./timing.jl:699 [inlined]
_record_phase! at /home/orebas/.julia/dev/ODEParameterEstimation/src/core/optimized_multishot_estimation.jl:262
unknown function (ip: 0x709e893ca7d1) at (unknown file)
optimized_multishot_parameter_estimation at /home/orebas/.julia/dev/ODEParameterEstimation/src/core/optimized_multishot_estimation.jl:792
_analyze_parameter_estimation_problem_impl at /home/orebas/.julia/dev/ODEParameterEstimation/src/core/analysis_utils.jl:1019
analyze_parameter_estimation_problem at /home/orebas/.julia/dev/ODEParameterEstimation/src/core/analysis_utils.jl:968 [inlined]
#69 at /home/orebas/.julia/dev/ODEParameterEstimation/repro/petab/dense_single/run.jl:75 [inlined]
with at ./scopedvalues.jl:324
unknown function (ip: 0x709e8979617d) at (unknown file)
#67 at /home/orebas/.julia/dev/ODEParameterEstimation/repro/petab/dense_single/run.jl:74
cd at ./file.jl:112
unknown function (ip: 0x709e8df549ed) at (unknown file)
jl_apply at /cache/build/builder-amdci4-4/julialang/julia-ci/src/julia.h:2318 [inlined]
do_call at /cache/build/builder-amdci4-4/julialang/julia-ci/src/interpreter.c:123
eval_value at /cache/build/builder-amdci4-4/julialang/julia-ci/src/interpreter.c:243
eval_body at /cache/build/builder-amdci4-4/julialang/julia-ci/src/interpreter.c:581
eval_body at /cache/build/builder-amdci4-4/julialang/julia-ci/src/interpreter.c:558
eval_body at /cache/build/builder-amdci4-4/julialang/julia-ci/src/interpreter.c:558
jl_interpret_toplevel_thunk at /cache/build/builder-amdci4-4/julialang/julia-ci/src/interpreter.c:884
jl_toplevel_eval_flex at /cache/build/builder-amdci4-4/julialang/julia-ci/src/toplevel.c:742
jl_eval_toplevel_stmts at /cache/build/builder-amdci4-4/julialang/julia-ci/src/toplevel.c:585
jl_toplevel_eval_flex at /cache/build/builder-amdci4-4/julialang/julia-ci/src/toplevel.c:683
ijl_toplevel_eval at /cache/build/builder-amdci4-4/julialang/julia-ci/src/toplevel.c:754
ijl_toplevel_eval_in at /cache/build/builder-amdci4-4/julialang/julia-ci/src/toplevel.c:799
eval at ./boot.jl:489
include_string at ./loading.jl:3016
_include at ./loading.jl:3076
include at ./Base.jl:309
exec_options at ./client.jl:344
_start at ./client.jl:577
jfptr__start_59126.1 at /home/orebas/.julia/juliaup/julia-1.13.0+0.x64.linux.gnu/lib/julia/sys.so (unknown line)
jl_apply at /cache/build/builder-amdci4-4/julialang/julia-ci/src/julia.h:2318 [inlined]
true_main at /cache/build/builder-amdci4-4/julialang/julia-ci/src/jlapi.c:985
jl_repl_entrypoint at /cache/build/builder-amdci4-4/julialang/julia-ci/src/jlapi.c:1152
main at /cache/build/builder-amdci4-4/julialang/julia-ci/cli/loader_exe.c:58
unknown function (ip: 0x709f34e2a600) at /usr/lib/x86_64-linux-gnu/libc.so.6
__libc_start_main at /usr/lib/x86_64-linux-gnu/libc.so.6 (unknown line)
unknown function (ip: 0x4010b8) at /workspace/srcdir/glibc-2.17/csu/../sysdeps/x86_64/start.S
unknown function (ip: (nil)) at (unknown file)


==============================================================
Profile collected. A report will print at the next yield point.
Disabling --trace-compile
==============================================================


======================================================================================
Information request received. A stacktrace will print followed by a 10.0 second profile.
--trace-compile is enabled during profile collection.
======================================================================================

cmd: /home/orebas/.julia/juliaup/julia-1.13.0+0.x64.linux.gnu/bin/julia 3209835 running 1 of 1

signal (10): User defined signal 1
linalg_vector_addmul_sparsedense_mod_p! at /home/orebas/.julia/packages/Groebner/d0Ueg/src/f4/linalg/backend.jl:0 [inlined]
#linalg_reduce_dense_row_by_pivots_sparse!#110 at /home/orebas/.julia/packages/Groebner/d0Ueg/src/f4/linalg/backend.jl:411
linalg_reduce_dense_row_by_pivots_sparse! at /home/orebas/.julia/packages/Groebner/d0Ueg/src/f4/linalg/backend.jl:365 [inlined]
linalg_reduce_dense_row_by_pivots_sparse! at /home/orebas/.julia/packages/Groebner/d0Ueg/src/f4/linalg/backend.jl:365 [inlined]
linalg_randomized_reduce_matrix_lower_part! at /home/orebas/.julia/packages/Groebner/d0Ueg/src/f4/linalg/backend_randomized.jl:106
linalg_randomized_sparse! at /home/orebas/.julia/packages/Groebner/d0Ueg/src/f4/linalg/backend_randomized.jl:22 [inlined]
_linalg_main! at /home/orebas/.julia/packages/Groebner/d0Ueg/src/f4/linalg/linalg.jl:165
#linalg_main!#101 at /home/orebas/.julia/packages/Groebner/d0Ueg/src/f4/linalg/linalg.jl:42 [inlined]
linalg_main! at /home/orebas/.julia/packages/Groebner/d0Ueg/src/f4/linalg/linalg.jl:23 [inlined]
linalg_main! at /home/orebas/.julia/packages/Groebner/d0Ueg/src/f4/linalg/linalg.jl:23 [inlined]
f4_reduction! at /home/orebas/.julia/packages/Groebner/d0Ueg/src/f4/f4.jl:55
f4! at /home/orebas/.julia/packages/Groebner/d0Ueg/src/f4/f4.jl:436
unknown function (ip: 0x709e7d38f65e) at (unknown file)
_groebner_guess_lucky_prime at /home/orebas/.julia/packages/Groebner/d0Ueg/src/groebner/groebner.jl:181
_groebner_learn_and_apply at /home/orebas/.julia/packages/Groebner/d0Ueg/src/groebner/groebner.jl:251
_groebner2 at /home/orebas/.julia/packages/Groebner/d0Ueg/src/groebner/groebner.jl:147 [inlined]
groebner2 at /home/orebas/.julia/packages/Groebner/d0Ueg/src/groebner/groebner.jl:84
unknown function (ip: 0x709e7d3885ac) at (unknown file)
__groebner1 at /home/orebas/.julia/packages/Groebner/d0Ueg/src/groebner/groebner.jl:61
unknown function (ip: 0x709e7d34dbd7) at (unknown file)
_groebner1 at /home/orebas/.julia/packages/Groebner/d0Ueg/src/groebner/groebner.jl:40
unknown function (ip: 0x709e7d34cf30) at (unknown file)
groebner0 at /home/orebas/.julia/packages/Groebner/d0Ueg/src/groebner/groebner.jl:10
#groebner#229 at /home/orebas/.julia/packages/Groebner/d0Ueg/src/interface.jl:113 [inlined]
groebner at /home/orebas/.julia/packages/Groebner/d0Ueg/src/interface.jl:111
unknown function (ip: 0x709e7d345be2) at (unknown file)
macro expansion at ./timing.jl:463 [inlined]
#get_polynomial_system_from_sian#262 at /home/orebas/.julia/dev/ODEParameterEstimation/src/core/si_equation_builder.jl:1244
get_polynomial_system_from_sian at /home/orebas/.julia/dev/ODEParameterEstimation/src/core/si_equation_builder.jl:1037 [inlined]
#get_si_equation_system#244 at /home/orebas/.julia/dev/ODEParameterEstimation/src/core/si_equation_builder.jl:760
get_si_equation_system at /home/orebas/.julia/dev/ODEParameterEstimation/src/core/si_equation_builder.jl:705 [inlined]
#build_si_template_for_fixed_params#548 at /home/orebas/.julia/dev/ODEParameterEstimation/src/core/parameter_estimation.jl:513
build_si_template_for_fixed_params at /home/orebas/.julia/dev/ODEParameterEstimation/src/core/parameter_estimation.jl:500
unknown function (ip: 0x709e7d327504) at (unknown file)
#prepare_si_template_with_structural_fix#553 at /home/orebas/.julia/dev/ODEParameterEstimation/src/core/parameter_estimation.jl:593
prepare_si_template_with_structural_fix at /home/orebas/.julia/dev/ODEParameterEstimation/src/core/parameter_estimation.jl:560
unknown function (ip: 0x709e809f639a) at (unknown file)
#optimized_multishot_parameter_estimation##6 at /home/orebas/.julia/dev/ODEParameterEstimation/src/core/optimized_multishot_estimation.jl:793
macro expansion at ./timing.jl:699 [inlined]
_record_phase! at /home/orebas/.julia/dev/ODEParameterEstimation/src/core/optimized_multishot_estimation.jl:262
unknown function (ip: 0x709e893ca7d1) at (unknown file)
optimized_multishot_parameter_estimation at /home/orebas/.julia/dev/ODEParameterEstimation/src/core/optimized_multishot_estimation.jl:792
_analyze_parameter_estimation_problem_impl at /home/orebas/.julia/dev/ODEParameterEstimation/src/core/analysis_utils.jl:1019
analyze_parameter_estimation_problem at /home/orebas/.julia/dev/ODEParameterEstimation/src/core/analysis_utils.jl:968 [inlined]
#69 at /home/orebas/.julia/dev/ODEParameterEstimation/repro/petab/dense_single/run.jl:75 [inlined]
with at ./scopedvalues.jl:324
unknown function (ip: 0x709e8979617d) at (unknown file)
#67 at /home/orebas/.julia/dev/ODEParameterEstimation/repro/petab/dense_single/run.jl:74
cd at ./file.jl:112
unknown function (ip: 0x709e8df549ed) at (unknown file)
jl_apply at /cache/build/builder-amdci4-4/julialang/julia-ci/src/julia.h:2318 [inlined]
do_call at /cache/build/builder-amdci4-4/julialang/julia-ci/src/interpreter.c:123
eval_value at /cache/build/builder-amdci4-4/julialang/julia-ci/src/interpreter.c:243
eval_body at /cache/build/builder-amdci4-4/julialang/julia-ci/src/interpreter.c:581
eval_body at /cache/build/builder-amdci4-4/julialang/julia-ci/src/interpreter.c:558
eval_body at /cache/build/builder-amdci4-4/julialang/julia-ci/src/interpreter.c:558
jl_interpret_toplevel_thunk at /cache/build/builder-amdci4-4/julialang/julia-ci/src/interpreter.c:884
jl_toplevel_eval_flex at /cache/build/builder-amdci4-4/julialang/julia-ci/src/toplevel.c:742
jl_eval_toplevel_stmts at /cache/build/builder-amdci4-4/julialang/julia-ci/src/toplevel.c:585
jl_toplevel_eval_flex at /cache/build/builder-amdci4-4/julialang/julia-ci/src/toplevel.c:683
ijl_toplevel_eval at /cache/build/builder-amdci4-4/julialang/julia-ci/src/toplevel.c:754
ijl_toplevel_eval_in at /cache/build/builder-amdci4-4/julialang/julia-ci/src/toplevel.c:799
eval at ./boot.jl:489
include_string at ./loading.jl:3016
_include at ./loading.jl:3076
include at ./Base.jl:309
exec_options at ./client.jl:344
_start at ./client.jl:577
jfptr__start_59126.1 at /home/orebas/.julia/juliaup/julia-1.13.0+0.x64.linux.gnu/lib/julia/sys.so (unknown line)
jl_apply at /cache/build/builder-amdci4-4/julialang/julia-ci/src/julia.h:2318 [inlined]
true_main at /cache/build/builder-amdci4-4/julialang/julia-ci/src/jlapi.c:985
jl_repl_entrypoint at /cache/build/builder-amdci4-4/julialang/julia-ci/src/jlapi.c:1152
main at /cache/build/builder-amdci4-4/julialang/julia-ci/cli/loader_exe.c:58
unknown function (ip: 0x709f34e2a600) at /usr/lib/x86_64-linux-gnu/libc.so.6
__libc_start_main at /usr/lib/x86_64-linux-gnu/libc.so.6 (unknown line)
unknown function (ip: 0x4010b8) at /workspace/srcdir/glibc-2.17/csu/../sysdeps/x86_64/start.S
unknown function (ip: (nil)) at (unknown file)


==============================================================
Profile collected. A report will print at the next yield point.
Disabling --trace-compile
==============================================================


======================================================================================
Information request received. A stacktrace will print followed by a 10.0 second profile.
--trace-compile is enabled during profile collection.
======================================================================================

cmd: /home/orebas/.julia/juliaup/julia-1.13.0+0.x64.linux.gnu/bin/julia 3209835 running 1 of 1

signal (10): User defined signal 1
* at ./int.jl:88 [inlined]
mod_p at /home/orebas/.julia/packages/Groebner/d0Ueg/src/arithmetic/Zp.jl:124 [inlined]
linalg_vector_addmul_sparsedense_mod_p! at /home/orebas/.julia/packages/Groebner/d0Ueg/src/f4/linalg/backend.jl:767 [inlined]
#linalg_reduce_dense_row_by_pivots_sparse!#110 at /home/orebas/.julia/packages/Groebner/d0Ueg/src/f4/linalg/backend.jl:411
linalg_reduce_dense_row_by_pivots_sparse! at /home/orebas/.julia/packages/Groebner/d0Ueg/src/f4/linalg/backend.jl:365 [inlined]
linalg_reduce_dense_row_by_pivots_sparse! at /home/orebas/.julia/packages/Groebner/d0Ueg/src/f4/linalg/backend.jl:365 [inlined]
linalg_randomized_reduce_matrix_lower_part! at /home/orebas/.julia/packages/Groebner/d0Ueg/src/f4/linalg/backend_randomized.jl:106
linalg_randomized_sparse! at /home/orebas/.julia/packages/Groebner/d0Ueg/src/f4/linalg/backend_randomized.jl:22 [inlined]
_linalg_main! at /home/orebas/.julia/packages/Groebner/d0Ueg/src/f4/linalg/linalg.jl:165
#linalg_main!#101 at /home/orebas/.julia/packages/Groebner/d0Ueg/src/f4/linalg/linalg.jl:42 [inlined]
linalg_main! at /home/orebas/.julia/packages/Groebner/d0Ueg/src/f4/linalg/linalg.jl:23 [inlined]
linalg_main! at /home/orebas/.julia/packages/Groebner/d0Ueg/src/f4/linalg/linalg.jl:23 [inlined]
f4_reduction! at /home/orebas/.julia/packages/Groebner/d0Ueg/src/f4/f4.jl:55
f4! at /home/orebas/.julia/packages/Groebner/d0Ueg/src/f4/f4.jl:436
unknown function (ip: 0x709e7d38f65e) at (unknown file)
_groebner_guess_lucky_prime at /home/orebas/.julia/packages/Groebner/d0Ueg/src/groebner/groebner.jl:181
_groebner_learn_and_apply at /home/orebas/.julia/packages/Groebner/d0Ueg/src/groebner/groebner.jl:251
_groebner2 at /home/orebas/.julia/packages/Groebner/d0Ueg/src/groebner/groebner.jl:147 [inlined]
groebner2 at /home/orebas/.julia/packages/Groebner/d0Ueg/src/groebner/groebner.jl:84
unknown function (ip: 0x709e7d3885ac) at (unknown file)
__groebner1 at /home/orebas/.julia/packages/Groebner/d0Ueg/src/groebner/groebner.jl:61
unknown function (ip: 0x709e7d34dbd7) at (unknown file)
_groebner1 at /home/orebas/.julia/packages/Groebner/d0Ueg/src/groebner/groebner.jl:40
unknown function (ip: 0x709e7d34cf30) at (unknown file)
groebner0 at /home/orebas/.julia/packages/Groebner/d0Ueg/src/groebner/groebner.jl:10
#groebner#229 at /home/orebas/.julia/packages/Groebner/d0Ueg/src/interface.jl:113 [inlined]
groebner at /home/orebas/.julia/packages/Groebner/d0Ueg/src/interface.jl:111
unknown function (ip: 0x709e7d345be2) at (unknown file)
macro expansion at ./timing.jl:463 [inlined]
#get_polynomial_system_from_sian#262 at /home/orebas/.julia/dev/ODEParameterEstimation/src/core/si_equation_builder.jl:1244
get_polynomial_system_from_sian at /home/orebas/.julia/dev/ODEParameterEstimation/src/core/si_equation_builder.jl:1037 [inlined]
#get_si_equation_system#244 at /home/orebas/.julia/dev/ODEParameterEstimation/src/core/si_equation_builder.jl:760
get_si_equation_system at /home/orebas/.julia/dev/ODEParameterEstimation/src/core/si_equation_builder.jl:705 [inlined]
#build_si_template_for_fixed_params#548 at /home/orebas/.julia/dev/ODEParameterEstimation/src/core/parameter_estimation.jl:513
build_si_template_for_fixed_params at /home/orebas/.julia/dev/ODEParameterEstimation/src/core/parameter_estimation.jl:500
unknown function (ip: 0x709e7d327504) at (unknown file)
#prepare_si_template_with_structural_fix#553 at /home/orebas/.julia/dev/ODEParameterEstimation/src/core/parameter_estimation.jl:593
prepare_si_template_with_structural_fix at /home/orebas/.julia/dev/ODEParameterEstimation/src/core/parameter_estimation.jl:560
unknown function (ip: 0x709e809f639a) at (unknown file)
#optimized_multishot_parameter_estimation##6 at /home/orebas/.julia/dev/ODEParameterEstimation/src/core/optimized_multishot_estimation.jl:793
macro expansion at ./timing.jl:699 [inlined]
_record_phase! at /home/orebas/.julia/dev/ODEParameterEstimation/src/core/optimized_multishot_estimation.jl:262
unknown function (ip: 0x709e893ca7d1) at (unknown file)
optimized_multishot_parameter_estimation at /home/orebas/.julia/dev/ODEParameterEstimation/src/core/optimized_multishot_estimation.jl:792
_analyze_parameter_estimation_problem_impl at /home/orebas/.julia/dev/ODEParameterEstimation/src/core/analysis_utils.jl:1019
analyze_parameter_estimation_problem at /home/orebas/.julia/dev/ODEParameterEstimation/src/core/analysis_utils.jl:968 [inlined]
#69 at /home/orebas/.julia/dev/ODEParameterEstimation/repro/petab/dense_single/run.jl:75 [inlined]
with at ./scopedvalues.jl:324
unknown function (ip: 0x709e8979617d) at (unknown file)
#67 at /home/orebas/.julia/dev/ODEParameterEstimation/repro/petab/dense_single/run.jl:74
cd at ./file.jl:112
unknown function (ip: 0x709e8df549ed) at (unknown file)
jl_apply at /cache/build/builder-amdci4-4/julialang/julia-ci/src/julia.h:2318 [inlined]
do_call at /cache/build/builder-amdci4-4/julialang/julia-ci/src/interpreter.c:123
eval_value at /cache/build/builder-amdci4-4/julialang/julia-ci/src/interpreter.c:243
eval_body at /cache/build/builder-amdci4-4/julialang/julia-ci/src/interpreter.c:581
eval_body at /cache/build/builder-amdci4-4/julialang/julia-ci/src/interpreter.c:558
eval_body at /cache/build/builder-amdci4-4/julialang/julia-ci/src/interpreter.c:558
jl_interpret_toplevel_thunk at /cache/build/builder-amdci4-4/julialang/julia-ci/src/interpreter.c:884
jl_toplevel_eval_flex at /cache/build/builder-amdci4-4/julialang/julia-ci/src/toplevel.c:742
jl_eval_toplevel_stmts at /cache/build/builder-amdci4-4/julialang/julia-ci/src/toplevel.c:585
jl_toplevel_eval_flex at /cache/build/builder-amdci4-4/julialang/julia-ci/src/toplevel.c:683
ijl_toplevel_eval at /cache/build/builder-amdci4-4/julialang/julia-ci/src/toplevel.c:754
ijl_toplevel_eval_in at /cache/build/builder-amdci4-4/julialang/julia-ci/src/toplevel.c:799
eval at ./boot.jl:489
include_string at ./loading.jl:3016
_include at ./loading.jl:3076
include at ./Base.jl:309
exec_options at ./client.jl:344
_start at ./client.jl:577
jfptr__start_59126.1 at /home/orebas/.julia/juliaup/julia-1.13.0+0.x64.linux.gnu/lib/julia/sys.so (unknown line)
jl_apply at /cache/build/builder-amdci4-4/julialang/julia-ci/src/julia.h:2318 [inlined]
true_main at /cache/build/builder-amdci4-4/julialang/julia-ci/src/jlapi.c:985
jl_repl_entrypoint at /cache/build/builder-amdci4-4/julialang/julia-ci/src/jlapi.c:1152
main at /cache/build/builder-amdci4-4/julialang/julia-ci/cli/loader_exe.c:58
unknown function (ip: 0x709f34e2a600) at /usr/lib/x86_64-linux-gnu/libc.so.6
__libc_start_main at /usr/lib/x86_64-linux-gnu/libc.so.6 (unknown line)
unknown function (ip: 0x4010b8) at /workspace/srcdir/glibc-2.17/csu/../sysdeps/x86_64/start.S
unknown function (ip: (nil)) at (unknown file)


==============================================================
Profile collected. A report will print at the next yield point.
Disabling --trace-compile
==============================================================


======================================================================================
Information request received. A stacktrace will print followed by a 10.0 second profile.
--trace-compile is enabled during profile collection.
======================================================================================

cmd: /home/orebas/.julia/juliaup/julia-1.13.0+0.x64.linux.gnu/bin/julia 3209835 running 1 of 1

signal (10): User defined signal 1
_setindex! at ./array.jl:1025 [inlined]
setindex! at ./array.jl:1020 [inlined]
setindex! at ./multidimensional.jl:774 [inlined]
linalg_vector_addmul_sparsedense_mod_p! at /home/orebas/.julia/packages/Groebner/d0Ueg/src/f4/linalg/backend.jl:767 [inlined]
#linalg_reduce_dense_row_by_pivots_sparse!#110 at /home/orebas/.julia/packages/Groebner/d0Ueg/src/f4/linalg/backend.jl:411
linalg_reduce_dense_row_by_pivots_sparse! at /home/orebas/.julia/packages/Groebner/d0Ueg/src/f4/linalg/backend.jl:365 [inlined]
linalg_reduce_dense_row_by_pivots_sparse! at /home/orebas/.julia/packages/Groebner/d0Ueg/src/f4/linalg/backend.jl:365 [inlined]
linalg_randomized_reduce_matrix_lower_part! at /home/orebas/.julia/packages/Groebner/d0Ueg/src/f4/linalg/backend_randomized.jl:106
linalg_randomized_sparse! at /home/orebas/.julia/packages/Groebner/d0Ueg/src/f4/linalg/backend_randomized.jl:22 [inlined]
_linalg_main! at /home/orebas/.julia/packages/Groebner/d0Ueg/src/f4/linalg/linalg.jl:165
#linalg_main!#101 at /home/orebas/.julia/packages/Groebner/d0Ueg/src/f4/linalg/linalg.jl:42 [inlined]
linalg_main! at /home/orebas/.julia/packages/Groebner/d0Ueg/src/f4/linalg/linalg.jl:23 [inlined]
linalg_main! at /home/orebas/.julia/packages/Groebner/d0Ueg/src/f4/linalg/linalg.jl:23 [inlined]
f4_reduction! at /home/orebas/.julia/packages/Groebner/d0Ueg/src/f4/f4.jl:55
f4! at /home/orebas/.julia/packages/Groebner/d0Ueg/src/f4/f4.jl:436
unknown function (ip: 0x709e7d38f65e) at (unknown file)
_groebner_guess_lucky_prime at /home/orebas/.julia/packages/Groebner/d0Ueg/src/groebner/groebner.jl:181
_groebner_learn_and_apply at /home/orebas/.julia/packages/Groebner/d0Ueg/src/groebner/groebner.jl:251
_groebner2 at /home/orebas/.julia/packages/Groebner/d0Ueg/src/groebner/groebner.jl:147 [inlined]
groebner2 at /home/orebas/.julia/packages/Groebner/d0Ueg/src/groebner/groebner.jl:84
unknown function (ip: 0x709e7d3885ac) at (unknown file)
__groebner1 at /home/orebas/.julia/packages/Groebner/d0Ueg/src/groebner/groebner.jl:61
unknown function (ip: 0x709e7d34dbd7) at (unknown file)
_groebner1 at /home/orebas/.julia/packages/Groebner/d0Ueg/src/groebner/groebner.jl:40
unknown function (ip: 0x709e7d34cf30) at (unknown file)
groebner0 at /home/orebas/.julia/packages/Groebner/d0Ueg/src/groebner/groebner.jl:10
#groebner#229 at /home/orebas/.julia/packages/Groebner/d0Ueg/src/interface.jl:113 [inlined]
groebner at /home/orebas/.julia/packages/Groebner/d0Ueg/src/interface.jl:111
unknown function (ip: 0x709e7d345be2) at (unknown file)
macro expansion at ./timing.jl:463 [inlined]
#get_polynomial_system_from_sian#262 at /home/orebas/.julia/dev/ODEParameterEstimation/src/core/si_equation_builder.jl:1244
get_polynomial_system_from_sian at /home/orebas/.julia/dev/ODEParameterEstimation/src/core/si_equation_builder.jl:1037 [inlined]
#get_si_equation_system#244 at /home/orebas/.julia/dev/ODEParameterEstimation/src/core/si_equation_builder.jl:760
get_si_equation_system at /home/orebas/.julia/dev/ODEParameterEstimation/src/core/si_equation_builder.jl:705 [inlined]
#build_si_template_for_fixed_params#548 at /home/orebas/.julia/dev/ODEParameterEstimation/src/core/parameter_estimation.jl:513
build_si_template_for_fixed_params at /home/orebas/.julia/dev/ODEParameterEstimation/src/core/parameter_estimation.jl:500
unknown function (ip: 0x709e7d327504) at (unknown file)
#prepare_si_template_with_structural_fix#553 at /home/orebas/.julia/dev/ODEParameterEstimation/src/core/parameter_estimation.jl:593
prepare_si_template_with_structural_fix at /home/orebas/.julia/dev/ODEParameterEstimation/src/core/parameter_estimation.jl:560
unknown function (ip: 0x709e809f639a) at (unknown file)
#optimized_multishot_parameter_estimation##6 at /home/orebas/.julia/dev/ODEParameterEstimation/src/core/optimized_multishot_estimation.jl:793
macro expansion at ./timing.jl:699 [inlined]
_record_phase! at /home/orebas/.julia/dev/ODEParameterEstimation/src/core/optimized_multishot_estimation.jl:262
unknown function (ip: 0x709e893ca7d1) at (unknown file)
optimized_multishot_parameter_estimation at /home/orebas/.julia/dev/ODEParameterEstimation/src/core/optimized_multishot_estimation.jl:792
_analyze_parameter_estimation_problem_impl at /home/orebas/.julia/dev/ODEParameterEstimation/src/core/analysis_utils.jl:1019
analyze_parameter_estimation_problem at /home/orebas/.julia/dev/ODEParameterEstimation/src/core/analysis_utils.jl:968 [inlined]
#69 at /home/orebas/.julia/dev/ODEParameterEstimation/repro/petab/dense_single/run.jl:75 [inlined]
with at ./scopedvalues.jl:324
unknown function (ip: 0x709e8979617d) at (unknown file)
#67 at /home/orebas/.julia/dev/ODEParameterEstimation/repro/petab/dense_single/run.jl:74
cd at ./file.jl:112
unknown function (ip: 0x709e8df549ed) at (unknown file)
jl_apply at /cache/build/builder-amdci4-4/julialang/julia-ci/src/julia.h:2318 [inlined]
do_call at /cache/build/builder-amdci4-4/julialang/julia-ci/src/interpreter.c:123
eval_value at /cache/build/builder-amdci4-4/julialang/julia-ci/src/interpreter.c:243
eval_body at /cache/build/builder-amdci4-4/julialang/julia-ci/src/interpreter.c:581
eval_body at /cache/build/builder-amdci4-4/julialang/julia-ci/src/interpreter.c:558
eval_body at /cache/build/builder-amdci4-4/julialang/julia-ci/src/interpreter.c:558
jl_interpret_toplevel_thunk at /cache/build/builder-amdci4-4/julialang/julia-ci/src/interpreter.c:884
jl_toplevel_eval_flex at /cache/build/builder-amdci4-4/julialang/julia-ci/src/toplevel.c:742
jl_eval_toplevel_stmts at /cache/build/builder-amdci4-4/julialang/julia-ci/src/toplevel.c:585
jl_toplevel_eval_flex at /cache/build/builder-amdci4-4/julialang/julia-ci/src/toplevel.c:683
ijl_toplevel_eval at /cache/build/builder-amdci4-4/julialang/julia-ci/src/toplevel.c:754
ijl_toplevel_eval_in at /cache/build/builder-amdci4-4/julialang/julia-ci/src/toplevel.c:799
eval at ./boot.jl:489
include_string at ./loading.jl:3016
_include at ./loading.jl:3076
include at ./Base.jl:309
exec_options at ./client.jl:344
_start at ./client.jl:577
jfptr__start_59126.1 at /home/orebas/.julia/juliaup/julia-1.13.0+0.x64.linux.gnu/lib/julia/sys.so (unknown line)
jl_apply at /cache/build/builder-amdci4-4/julialang/julia-ci/src/julia.h:2318 [inlined]
true_main at /cache/build/builder-amdci4-4/julialang/julia-ci/src/jlapi.c:985
jl_repl_entrypoint at /cache/build/builder-amdci4-4/julialang/julia-ci/src/jlapi.c:1152
main at /cache/build/builder-amdci4-4/julialang/julia-ci/cli/loader_exe.c:58
unknown function (ip: 0x709f34e2a600) at /usr/lib/x86_64-linux-gnu/libc.so.6
__libc_start_main at /usr/lib/x86_64-linux-gnu/libc.so.6 (unknown line)
unknown function (ip: 0x4010b8) at /workspace/srcdir/glibc-2.17/csu/../sysdeps/x86_64/start.S
unknown function (ip: (nil)) at (unknown file)


==============================================================
Profile collected. A report will print at the next yield point.
Disabling --trace-compile
==============================================================


======================================================================================
Information request received. A stacktrace will print followed by a 10.0 second profile.
--trace-compile is enabled during profile collection.
======================================================================================

cmd: /home/orebas/.julia/juliaup/julia-1.13.0+0.x64.linux.gnu/bin/julia 3209835 running 1 of 1

signal (10): User defined signal 1
_setindex! at ./array.jl:1025 [inlined]
setindex! at ./array.jl:1020 [inlined]
setindex! at ./multidimensional.jl:774 [inlined]
linalg_vector_addmul_sparsedense_mod_p! at /home/orebas/.julia/packages/Groebner/d0Ueg/src/f4/linalg/backend.jl:767 [inlined]
#linalg_reduce_dense_row_by_pivots_sparse!#110 at /home/orebas/.julia/packages/Groebner/d0Ueg/src/f4/linalg/backend.jl:411
linalg_reduce_dense_row_by_pivots_sparse! at /home/orebas/.julia/packages/Groebner/d0Ueg/src/f4/linalg/backend.jl:365 [inlined]
linalg_reduce_dense_row_by_pivots_sparse! at /home/orebas/.julia/packages/Groebner/d0Ueg/src/f4/linalg/backend.jl:365 [inlined]
linalg_randomized_reduce_matrix_lower_part! at /home/orebas/.julia/packages/Groebner/d0Ueg/src/f4/linalg/backend_randomized.jl:106
linalg_randomized_sparse! at /home/orebas/.julia/packages/Groebner/d0Ueg/src/f4/linalg/backend_randomized.jl:22 [inlined]
_linalg_main! at /home/orebas/.julia/packages/Groebner/d0Ueg/src/f4/linalg/linalg.jl:165
#linalg_main!#101 at /home/orebas/.julia/packages/Groebner/d0Ueg/src/f4/linalg/linalg.jl:42 [inlined]
linalg_main! at /home/orebas/.julia/packages/Groebner/d0Ueg/src/f4/linalg/linalg.jl:23 [inlined]
linalg_main! at /home/orebas/.julia/packages/Groebner/d0Ueg/src/f4/linalg/linalg.jl:23 [inlined]
f4_reduction! at /home/orebas/.julia/packages/Groebner/d0Ueg/src/f4/f4.jl:55
f4! at /home/orebas/.julia/packages/Groebner/d0Ueg/src/f4/f4.jl:436
unknown function (ip: 0x709e7d38f65e) at (unknown file)
_groebner_guess_lucky_prime at /home/orebas/.julia/packages/Groebner/d0Ueg/src/groebner/groebner.jl:181
_groebner_learn_and_apply at /home/orebas/.julia/packages/Groebner/d0Ueg/src/groebner/groebner.jl:251
_groebner2 at /home/orebas/.julia/packages/Groebner/d0Ueg/src/groebner/groebner.jl:147 [inlined]
groebner2 at /home/orebas/.julia/packages/Groebner/d0Ueg/src/groebner/groebner.jl:84
unknown function (ip: 0x709e7d3885ac) at (unknown file)
__groebner1 at /home/orebas/.julia/packages/Groebner/d0Ueg/src/groebner/groebner.jl:61
unknown function (ip: 0x709e7d34dbd7) at (unknown file)
_groebner1 at /home/orebas/.julia/packages/Groebner/d0Ueg/src/groebner/groebner.jl:40
unknown function (ip: 0x709e7d34cf30) at (unknown file)
groebner0 at /home/orebas/.julia/packages/Groebner/d0Ueg/src/groebner/groebner.jl:10
#groebner#229 at /home/orebas/.julia/packages/Groebner/d0Ueg/src/interface.jl:113 [inlined]
groebner at /home/orebas/.julia/packages/Groebner/d0Ueg/src/interface.jl:111
unknown function (ip: 0x709e7d345be2) at (unknown file)
macro expansion at ./timing.jl:463 [inlined]
#get_polynomial_system_from_sian#262 at /home/orebas/.julia/dev/ODEParameterEstimation/src/core/si_equation_builder.jl:1244
get_polynomial_system_from_sian at /home/orebas/.julia/dev/ODEParameterEstimation/src/core/si_equation_builder.jl:1037 [inlined]
#get_si_equation_system#244 at /home/orebas/.julia/dev/ODEParameterEstimation/src/core/si_equation_builder.jl:760
get_si_equation_system at /home/orebas/.julia/dev/ODEParameterEstimation/src/core/si_equation_builder.jl:705 [inlined]
#build_si_template_for_fixed_params#548 at /home/orebas/.julia/dev/ODEParameterEstimation/src/core/parameter_estimation.jl:513
build_si_template_for_fixed_params at /home/orebas/.julia/dev/ODEParameterEstimation/src/core/parameter_estimation.jl:500
unknown function (ip: 0x709e7d327504) at (unknown file)
#prepare_si_template_with_structural_fix#553 at /home/orebas/.julia/dev/ODEParameterEstimation/src/core/parameter_estimation.jl:593
prepare_si_template_with_structural_fix at /home/orebas/.julia/dev/ODEParameterEstimation/src/core/parameter_estimation.jl:560
unknown function (ip: 0x709e809f639a) at (unknown file)
#optimized_multishot_parameter_estimation##6 at /home/orebas/.julia/dev/ODEParameterEstimation/src/core/optimized_multishot_estimation.jl:793
macro expansion at ./timing.jl:699 [inlined]
_record_phase! at /home/orebas/.julia/dev/ODEParameterEstimation/src/core/optimized_multishot_estimation.jl:262
unknown function (ip: 0x709e893ca7d1) at (unknown file)
optimized_multishot_parameter_estimation at /home/orebas/.julia/dev/ODEParameterEstimation/src/core/optimized_multishot_estimation.jl:792
_analyze_parameter_estimation_problem_impl at /home/orebas/.julia/dev/ODEParameterEstimation/src/core/analysis_utils.jl:1019
analyze_parameter_estimation_problem at /home/orebas/.julia/dev/ODEParameterEstimation/src/core/analysis_utils.jl:968 [inlined]
#69 at /home/orebas/.julia/dev/ODEParameterEstimation/repro/petab/dense_single/run.jl:75 [inlined]
with at ./scopedvalues.jl:324
unknown function (ip: 0x709e8979617d) at (unknown file)
#67 at /home/orebas/.julia/dev/ODEParameterEstimation/repro/petab/dense_single/run.jl:74
cd at ./file.jl:112
unknown function (ip: 0x709e8df549ed) at (unknown file)
jl_apply at /cache/build/builder-amdci4-4/julialang/julia-ci/src/julia.h:2318 [inlined]
do_call at /cache/build/builder-amdci4-4/julialang/julia-ci/src/interpreter.c:123
eval_value at /cache/build/builder-amdci4-4/julialang/julia-ci/src/interpreter.c:243
eval_body at /cache/build/builder-amdci4-4/julialang/julia-ci/src/interpreter.c:581
eval_body at /cache/build/builder-amdci4-4/julialang/julia-ci/src/interpreter.c:558
eval_body at /cache/build/builder-amdci4-4/julialang/julia-ci/src/interpreter.c:558
jl_interpret_toplevel_thunk at /cache/build/builder-amdci4-4/julialang/julia-ci/src/interpreter.c:884
jl_toplevel_eval_flex at /cache/build/builder-amdci4-4/julialang/julia-ci/src/toplevel.c:742
jl_eval_toplevel_stmts at /cache/build/builder-amdci4-4/julialang/julia-ci/src/toplevel.c:585
jl_toplevel_eval_flex at /cache/build/builder-amdci4-4/julialang/julia-ci/src/toplevel.c:683
ijl_toplevel_eval at /cache/build/builder-amdci4-4/julialang/julia-ci/src/toplevel.c:754
ijl_toplevel_eval_in at /cache/build/builder-amdci4-4/julialang/julia-ci/src/toplevel.c:799
eval at ./boot.jl:489
include_string at ./loading.jl:3016
_include at ./loading.jl:3076
include at ./Base.jl:309
exec_options at ./client.jl:344
_start at ./client.jl:577
jfptr__start_59126.1 at /home/orebas/.julia/juliaup/julia-1.13.0+0.x64.linux.gnu/lib/julia/sys.so (unknown line)
jl_apply at /cache/build/builder-amdci4-4/julialang/julia-ci/src/julia.h:2318 [inlined]
true_main at /cache/build/builder-amdci4-4/julialang/julia-ci/src/jlapi.c:985
jl_repl_entrypoint at /cache/build/builder-amdci4-4/julialang/julia-ci/src/jlapi.c:1152
main at /cache/build/builder-amdci4-4/julialang/julia-ci/cli/loader_exe.c:58
unknown function (ip: 0x709f34e2a600) at /usr/lib/x86_64-linux-gnu/libc.so.6
__libc_start_main at /usr/lib/x86_64-linux-gnu/libc.so.6 (unknown line)
unknown function (ip: 0x4010b8) at /workspace/srcdir/glibc-2.17/csu/../sysdeps/x86_64/start.S
unknown function (ip: (nil)) at (unknown file)


==============================================================
Profile collected. A report will print at the next yield point.
Disabling --trace-compile
==============================================================


======================================================================================
Information request received. A stacktrace will print followed by a 10.0 second profile.
--trace-compile is enabled during profile collection.
======================================================================================

cmd: /home/orebas/.julia/juliaup/julia-1.13.0+0.x64.linux.gnu/bin/julia 3209835 running 1 of 1

signal (10): User defined signal 1
_setindex! at ./array.jl:1025 [inlined]
setindex! at ./array.jl:1020 [inlined]
linalg_extract_sparse_row! at /home/orebas/.julia/packages/Groebner/d0Ueg/src/f4/linalg/backend.jl:929 [inlined]
#linalg_reduce_dense_row_by_pivots_sparse!#110 at /home/orebas/.julia/packages/Groebner/d0Ueg/src/f4/linalg/backend.jl:424
linalg_reduce_dense_row_by_pivots_sparse! at /home/orebas/.julia/packages/Groebner/d0Ueg/src/f4/linalg/backend.jl:365 [inlined]
linalg_reduce_dense_row_by_pivots_sparse! at /home/orebas/.julia/packages/Groebner/d0Ueg/src/f4/linalg/backend.jl:365 [inlined]
linalg_randomized_reduce_matrix_lower_part! at /home/orebas/.julia/packages/Groebner/d0Ueg/src/f4/linalg/backend_randomized.jl:106
linalg_randomized_sparse! at /home/orebas/.julia/packages/Groebner/d0Ueg/src/f4/linalg/backend_randomized.jl:22 [inlined]
_linalg_main! at /home/orebas/.julia/packages/Groebner/d0Ueg/src/f4/linalg/linalg.jl:165
#linalg_main!#101 at /home/orebas/.julia/packages/Groebner/d0Ueg/src/f4/linalg/linalg.jl:42 [inlined]
linalg_main! at /home/orebas/.julia/packages/Groebner/d0Ueg/src/f4/linalg/linalg.jl:23 [inlined]
linalg_main! at /home/orebas/.julia/packages/Groebner/d0Ueg/src/f4/linalg/linalg.jl:23 [inlined]
f4_reduction! at /home/orebas/.julia/packages/Groebner/d0Ueg/src/f4/f4.jl:55
f4! at /home/orebas/.julia/packages/Groebner/d0Ueg/src/f4/f4.jl:436
unknown function (ip: 0x709e7d38f65e) at (unknown file)
_groebner_guess_lucky_prime at /home/orebas/.julia/packages/Groebner/d0Ueg/src/groebner/groebner.jl:181
_groebner_learn_and_apply at /home/orebas/.julia/packages/Groebner/d0Ueg/src/groebner/groebner.jl:251
_groebner2 at /home/orebas/.julia/packages/Groebner/d0Ueg/src/groebner/groebner.jl:147 [inlined]
groebner2 at /home/orebas/.julia/packages/Groebner/d0Ueg/src/groebner/groebner.jl:84
unknown function (ip: 0x709e7d3885ac) at (unknown file)
__groebner1 at /home/orebas/.julia/packages/Groebner/d0Ueg/src/groebner/groebner.jl:61
unknown function (ip: 0x709e7d34dbd7) at (unknown file)
_groebner1 at /home/orebas/.julia/packages/Groebner/d0Ueg/src/groebner/groebner.jl:40
unknown function (ip: 0x709e7d34cf30) at (unknown file)
groebner0 at /home/orebas/.julia/packages/Groebner/d0Ueg/src/groebner/groebner.jl:10
#groebner#229 at /home/orebas/.julia/packages/Groebner/d0Ueg/src/interface.jl:113 [inlined]
groebner at /home/orebas/.julia/packages/Groebner/d0Ueg/src/interface.jl:111
unknown function (ip: 0x709e7d345be2) at (unknown file)
macro expansion at ./timing.jl:463 [inlined]
#get_polynomial_system_from_sian#262 at /home/orebas/.julia/dev/ODEParameterEstimation/src/core/si_equation_builder.jl:1244
get_polynomial_system_from_sian at /home/orebas/.julia/dev/ODEParameterEstimation/src/core/si_equation_builder.jl:1037 [inlined]
#get_si_equation_system#244 at /home/orebas/.julia/dev/ODEParameterEstimation/src/core/si_equation_builder.jl:760
get_si_equation_system at /home/orebas/.julia/dev/ODEParameterEstimation/src/core/si_equation_builder.jl:705 [inlined]
#build_si_template_for_fixed_params#548 at /home/orebas/.julia/dev/ODEParameterEstimation/src/core/parameter_estimation.jl:513
build_si_template_for_fixed_params at /home/orebas/.julia/dev/ODEParameterEstimation/src/core/parameter_estimation.jl:500
unknown function (ip: 0x709e7d327504) at (unknown file)
#prepare_si_template_with_structural_fix#553 at /home/orebas/.julia/dev/ODEParameterEstimation/src/core/parameter_estimation.jl:593
prepare_si_template_with_structural_fix at /home/orebas/.julia/dev/ODEParameterEstimation/src/core/parameter_estimation.jl:560
unknown function (ip: 0x709e809f639a) at (unknown file)
#optimized_multishot_parameter_estimation##6 at /home/orebas/.julia/dev/ODEParameterEstimation/src/core/optimized_multishot_estimation.jl:793
macro expansion at ./timing.jl:699 [inlined]
_record_phase! at /home/orebas/.julia/dev/ODEParameterEstimation/src/core/optimized_multishot_estimation.jl:262
unknown function (ip: 0x709e893ca7d1) at (unknown file)
optimized_multishot_parameter_estimation at /home/orebas/.julia/dev/ODEParameterEstimation/src/core/optimized_multishot_estimation.jl:792
_analyze_parameter_estimation_problem_impl at /home/orebas/.julia/dev/ODEParameterEstimation/src/core/analysis_utils.jl:1019
analyze_parameter_estimation_problem at /home/orebas/.julia/dev/ODEParameterEstimation/src/core/analysis_utils.jl:968 [inlined]
#69 at /home/orebas/.julia/dev/ODEParameterEstimation/repro/petab/dense_single/run.jl:75 [inlined]
with at ./scopedvalues.jl:324
unknown function (ip: 0x709e8979617d) at (unknown file)
#67 at /home/orebas/.julia/dev/ODEParameterEstimation/repro/petab/dense_single/run.jl:74
cd at ./file.jl:112
unknown function (ip: 0x709e8df549ed) at (unknown file)
jl_apply at /cache/build/builder-amdci4-4/julialang/julia-ci/src/julia.h:2318 [inlined]
do_call at /cache/build/builder-amdci4-4/julialang/julia-ci/src/interpreter.c:123
eval_value at /cache/build/builder-amdci4-4/julialang/julia-ci/src/interpreter.c:243
eval_body at /cache/build/builder-amdci4-4/julialang/julia-ci/src/interpreter.c:581
eval_body at /cache/build/builder-amdci4-4/julialang/julia-ci/src/interpreter.c:558
eval_body at /cache/build/builder-amdci4-4/julialang/julia-ci/src/interpreter.c:558
jl_interpret_toplevel_thunk at /cache/build/builder-amdci4-4/julialang/julia-ci/src/interpreter.c:884
jl_toplevel_eval_flex at /cache/build/builder-amdci4-4/julialang/julia-ci/src/toplevel.c:742
jl_eval_toplevel_stmts at /cache/build/builder-amdci4-4/julialang/julia-ci/src/toplevel.c:585
jl_toplevel_eval_flex at /cache/build/builder-amdci4-4/julialang/julia-ci/src/toplevel.c:683
ijl_toplevel_eval at /cache/build/builder-amdci4-4/julialang/julia-ci/src/toplevel.c:754
ijl_toplevel_eval_in at /cache/build/builder-amdci4-4/julialang/julia-ci/src/toplevel.c:799
eval at ./boot.jl:489
include_string at ./loading.jl:3016
_include at ./loading.jl:3076
include at ./Base.jl:309
exec_options at ./client.jl:344
_start at ./client.jl:577
jfptr__start_59126.1 at /home/orebas/.julia/juliaup/julia-1.13.0+0.x64.linux.gnu/lib/julia/sys.so (unknown line)
jl_apply at /cache/build/builder-amdci4-4/julialang/julia-ci/src/julia.h:2318 [inlined]
true_main at /cache/build/builder-amdci4-4/julialang/julia-ci/src/jlapi.c:985
jl_repl_entrypoint at /cache/build/builder-amdci4-4/julialang/julia-ci/src/jlapi.c:1152
main at /cache/build/builder-amdci4-4/julialang/julia-ci/cli/loader_exe.c:58
unknown function (ip: 0x709f34e2a600) at /usr/lib/x86_64-linux-gnu/libc.so.6
__libc_start_main at /usr/lib/x86_64-linux-gnu/libc.so.6 (unknown line)
unknown function (ip: 0x4010b8) at /workspace/srcdir/glibc-2.17/csu/../sysdeps/x86_64/start.S
unknown function (ip: (nil)) at (unknown file)


==============================================================
Profile collected. A report will print at the next yield point.
Disabling --trace-compile
==============================================================


======================================================================================
Information request received. A stacktrace will print followed by a 10.0 second profile.
--trace-compile is enabled during profile collection.
======================================================================================

cmd: /home/orebas/.julia/juliaup/julia-1.13.0+0.x64.linux.gnu/bin/julia 3209835 running 1 of 1

signal (10): User defined signal 1
_setindex! at ./array.jl:1025 [inlined]
setindex! at ./array.jl:1020 [inlined]
_fill! at ./array.jl:363 [inlined]
fill! at ./array.jl:359 [inlined]
copyto! at ./broadcast.jl:960 [inlined]
materialize! at ./broadcast.jl:910 [inlined]
materialize! at ./broadcast.jl:907 [inlined]
linalg_randomized_reduce_matrix_lower_part! at /home/orebas/.julia/packages/Groebner/d0Ueg/src/f4/linalg/backend_randomized.jl:84
linalg_randomized_sparse! at /home/orebas/.julia/packages/Groebner/d0Ueg/src/f4/linalg/backend_randomized.jl:22 [inlined]
_linalg_main! at /home/orebas/.julia/packages/Groebner/d0Ueg/src/f4/linalg/linalg.jl:165
#linalg_main!#101 at /home/orebas/.julia/packages/Groebner/d0Ueg/src/f4/linalg/linalg.jl:42 [inlined]
linalg_main! at /home/orebas/.julia/packages/Groebner/d0Ueg/src/f4/linalg/linalg.jl:23 [inlined]
linalg_main! at /home/orebas/.julia/packages/Groebner/d0Ueg/src/f4/linalg/linalg.jl:23 [inlined]
f4_reduction! at /home/orebas/.julia/packages/Groebner/d0Ueg/src/f4/f4.jl:55
f4! at /home/orebas/.julia/packages/Groebner/d0Ueg/src/f4/f4.jl:436
unknown function (ip: 0x709e7d38f65e) at (unknown file)
_groebner_guess_lucky_prime at /home/orebas/.julia/packages/Groebner/d0Ueg/src/groebner/groebner.jl:181
_groebner_learn_and_apply at /home/orebas/.julia/packages/Groebner/d0Ueg/src/groebner/groebner.jl:251
_groebner2 at /home/orebas/.julia/packages/Groebner/d0Ueg/src/groebner/groebner.jl:147 [inlined]
groebner2 at /home/orebas/.julia/packages/Groebner/d0Ueg/src/groebner/groebner.jl:84
unknown function (ip: 0x709e7d3885ac) at (unknown file)
__groebner1 at /home/orebas/.julia/packages/Groebner/d0Ueg/src/groebner/groebner.jl:61
unknown function (ip: 0x709e7d34dbd7) at (unknown file)
_groebner1 at /home/orebas/.julia/packages/Groebner/d0Ueg/src/groebner/groebner.jl:40
unknown function (ip: 0x709e7d34cf30) at (unknown file)
groebner0 at /home/orebas/.julia/packages/Groebner/d0Ueg/src/groebner/groebner.jl:10
#groebner#229 at /home/orebas/.julia/packages/Groebner/d0Ueg/src/interface.jl:113 [inlined]
groebner at /home/orebas/.julia/packages/Groebner/d0Ueg/src/interface.jl:111
unknown function (ip: 0x709e7d345be2) at (unknown file)
macro expansion at ./timing.jl:463 [inlined]
#get_polynomial_system_from_sian#262 at /home/orebas/.julia/dev/ODEParameterEstimation/src/core/si_equation_builder.jl:1244
get_polynomial_system_from_sian at /home/orebas/.julia/dev/ODEParameterEstimation/src/core/si_equation_builder.jl:1037 [inlined]
#get_si_equation_system#244 at /home/orebas/.julia/dev/ODEParameterEstimation/src/core/si_equation_builder.jl:760
get_si_equation_system at /home/orebas/.julia/dev/ODEParameterEstimation/src/core/si_equation_builder.jl:705 [inlined]
#build_si_template_for_fixed_params#548 at /home/orebas/.julia/dev/ODEParameterEstimation/src/core/parameter_estimation.jl:513
build_si_template_for_fixed_params at /home/orebas/.julia/dev/ODEParameterEstimation/src/core/parameter_estimation.jl:500
unknown function (ip: 0x709e7d327504) at (unknown file)
#prepare_si_template_with_structural_fix#553 at /home/orebas/.julia/dev/ODEParameterEstimation/src/core/parameter_estimation.jl:593
prepare_si_template_with_structural_fix at /home/orebas/.julia/dev/ODEParameterEstimation/src/core/parameter_estimation.jl:560
unknown function (ip: 0x709e809f639a) at (unknown file)
#optimized_multishot_parameter_estimation##6 at /home/orebas/.julia/dev/ODEParameterEstimation/src/core/optimized_multishot_estimation.jl:793
macro expansion at ./timing.jl:699 [inlined]
_record_phase! at /home/orebas/.julia/dev/ODEParameterEstimation/src/core/optimized_multishot_estimation.jl:262
unknown function (ip: 0x709e893ca7d1) at (unknown file)
optimized_multishot_parameter_estimation at /home/orebas/.julia/dev/ODEParameterEstimation/src/core/optimized_multishot_estimation.jl:792
_analyze_parameter_estimation_problem_impl at /home/orebas/.julia/dev/ODEParameterEstimation/src/core/analysis_utils.jl:1019
analyze_parameter_estimation_problem at /home/orebas/.julia/dev/ODEParameterEstimation/src/core/analysis_utils.jl:968 [inlined]
#69 at /home/orebas/.julia/dev/ODEParameterEstimation/repro/petab/dense_single/run.jl:75 [inlined]
with at ./scopedvalues.jl:324
unknown function (ip: 0x709e8979617d) at (unknown file)
#67 at /home/orebas/.julia/dev/ODEParameterEstimation/repro/petab/dense_single/run.jl:74
cd at ./file.jl:112
unknown function (ip: 0x709e8df549ed) at (unknown file)
jl_apply at /cache/build/builder-amdci4-4/julialang/julia-ci/src/julia.h:2318 [inlined]
do_call at /cache/build/builder-amdci4-4/julialang/julia-ci/src/interpreter.c:123
eval_value at /cache/build/builder-amdci4-4/julialang/julia-ci/src/interpreter.c:243
eval_body at /cache/build/builder-amdci4-4/julialang/julia-ci/src/interpreter.c:581
eval_body at /cache/build/builder-amdci4-4/julialang/julia-ci/src/interpreter.c:558
eval_body at /cache/build/builder-amdci4-4/julialang/julia-ci/src/interpreter.c:558
jl_interpret_toplevel_thunk at /cache/build/builder-amdci4-4/julialang/julia-ci/src/interpreter.c:884
jl_toplevel_eval_flex at /cache/build/builder-amdci4-4/julialang/julia-ci/src/toplevel.c:742
jl_eval_toplevel_stmts at /cache/build/builder-amdci4-4/julialang/julia-ci/src/toplevel.c:585
jl_toplevel_eval_flex at /cache/build/builder-amdci4-4/julialang/julia-ci/src/toplevel.c:683
ijl_toplevel_eval at /cache/build/builder-amdci4-4/julialang/julia-ci/src/toplevel.c:754
ijl_toplevel_eval_in at /cache/build/builder-amdci4-4/julialang/julia-ci/src/toplevel.c:799
eval at ./boot.jl:489
include_string at ./loading.jl:3016
_include at ./loading.jl:3076
include at ./Base.jl:309
exec_options at ./client.jl:344
_start at ./client.jl:577
jfptr__start_59126.1 at /home/orebas/.julia/juliaup/julia-1.13.0+0.x64.linux.gnu/lib/julia/sys.so (unknown line)
jl_apply at /cache/build/builder-amdci4-4/julialang/julia-ci/src/julia.h:2318 [inlined]
true_main at /cache/build/builder-amdci4-4/julialang/julia-ci/src/jlapi.c:985
jl_repl_entrypoint at /cache/build/builder-amdci4-4/julialang/julia-ci/src/jlapi.c:1152
main at /cache/build/builder-amdci4-4/julialang/julia-ci/cli/loader_exe.c:58
unknown function (ip: 0x709f34e2a600) at /usr/lib/x86_64-linux-gnu/libc.so.6
__libc_start_main at /usr/lib/x86_64-linux-gnu/libc.so.6 (unknown line)
unknown function (ip: 0x4010b8) at /workspace/srcdir/glibc-2.17/csu/../sysdeps/x86_64/start.S
unknown function (ip: (nil)) at (unknown file)


==============================================================
Profile collected. A report will print at the next yield point.
Disabling --trace-compile
==============================================================


======================================================================================
Information request received. A stacktrace will print followed by a 10.0 second profile.
--trace-compile is enabled during profile collection.
======================================================================================

cmd: /home/orebas/.julia/juliaup/julia-1.13.0+0.x64.linux.gnu/bin/julia 3209835 running 1 of 1

signal (10): User defined signal 1
* at ./int.jl:88 [inlined]
mod_p at /home/orebas/.julia/packages/Groebner/d0Ueg/src/arithmetic/Zp.jl:124 [inlined]
linalg_vector_addmul_sparsedense_mod_p! at /home/orebas/.julia/packages/Groebner/d0Ueg/src/f4/linalg/backend.jl:767 [inlined]
#linalg_reduce_dense_row_by_pivots_sparse!#110 at /home/orebas/.julia/packages/Groebner/d0Ueg/src/f4/linalg/backend.jl:411
linalg_reduce_dense_row_by_pivots_sparse! at /home/orebas/.julia/packages/Groebner/d0Ueg/src/f4/linalg/backend.jl:365 [inlined]
linalg_reduce_dense_row_by_pivots_sparse! at /home/orebas/.julia/packages/Groebner/d0Ueg/src/f4/linalg/backend.jl:365 [inlined]
linalg_randomized_reduce_matrix_lower_part! at /home/orebas/.julia/packages/Groebner/d0Ueg/src/f4/linalg/backend_randomized.jl:106
linalg_randomized_sparse! at /home/orebas/.julia/packages/Groebner/d0Ueg/src/f4/linalg/backend_randomized.jl:22 [inlined]
_linalg_main! at /home/orebas/.julia/packages/Groebner/d0Ueg/src/f4/linalg/linalg.jl:165
#linalg_main!#101 at /home/orebas/.julia/packages/Groebner/d0Ueg/src/f4/linalg/linalg.jl:42 [inlined]
linalg_main! at /home/orebas/.julia/packages/Groebner/d0Ueg/src/f4/linalg/linalg.jl:23 [inlined]
linalg_main! at /home/orebas/.julia/packages/Groebner/d0Ueg/src/f4/linalg/linalg.jl:23 [inlined]
f4_reduction! at /home/orebas/.julia/packages/Groebner/d0Ueg/src/f4/f4.jl:55
f4! at /home/orebas/.julia/packages/Groebner/d0Ueg/src/f4/f4.jl:436
unknown function (ip: 0x709e7d38f65e) at (unknown file)
_groebner_guess_lucky_prime at /home/orebas/.julia/packages/Groebner/d0Ueg/src/groebner/groebner.jl:181
_groebner_learn_and_apply at /home/orebas/.julia/packages/Groebner/d0Ueg/src/groebner/groebner.jl:251
_groebner2 at /home/orebas/.julia/packages/Groebner/d0Ueg/src/groebner/groebner.jl:147 [inlined]
groebner2 at /home/orebas/.julia/packages/Groebner/d0Ueg/src/groebner/groebner.jl:84
unknown function (ip: 0x709e7d3885ac) at (unknown file)
__groebner1 at /home/orebas/.julia/packages/Groebner/d0Ueg/src/groebner/groebner.jl:61
unknown function (ip: 0x709e7d34dbd7) at (unknown file)
_groebner1 at /home/orebas/.julia/packages/Groebner/d0Ueg/src/groebner/groebner.jl:40
unknown function (ip: 0x709e7d34cf30) at (unknown file)
groebner0 at /home/orebas/.julia/packages/Groebner/d0Ueg/src/groebner/groebner.jl:10
#groebner#229 at /home/orebas/.julia/packages/Groebner/d0Ueg/src/interface.jl:113 [inlined]
groebner at /home/orebas/.julia/packages/Groebner/d0Ueg/src/interface.jl:111
unknown function (ip: 0x709e7d345be2) at (unknown file)
macro expansion at ./timing.jl:463 [inlined]
#get_polynomial_system_from_sian#262 at /home/orebas/.julia/dev/ODEParameterEstimation/src/core/si_equation_builder.jl:1244
get_polynomial_system_from_sian at /home/orebas/.julia/dev/ODEParameterEstimation/src/core/si_equation_builder.jl:1037 [inlined]
#get_si_equation_system#244 at /home/orebas/.julia/dev/ODEParameterEstimation/src/core/si_equation_builder.jl:760
get_si_equation_system at /home/orebas/.julia/dev/ODEParameterEstimation/src/core/si_equation_builder.jl:705 [inlined]
#build_si_template_for_fixed_params#548 at /home/orebas/.julia/dev/ODEParameterEstimation/src/core/parameter_estimation.jl:513
build_si_template_for_fixed_params at /home/orebas/.julia/dev/ODEParameterEstimation/src/core/parameter_estimation.jl:500
unknown function (ip: 0x709e7d327504) at (unknown file)
#prepare_si_template_with_structural_fix#553 at /home/orebas/.julia/dev/ODEParameterEstimation/src/core/parameter_estimation.jl:593
prepare_si_template_with_structural_fix at /home/orebas/.julia/dev/ODEParameterEstimation/src/core/parameter_estimation.jl:560
unknown function (ip: 0x709e809f639a) at (unknown file)
#optimized_multishot_parameter_estimation##6 at /home/orebas/.julia/dev/ODEParameterEstimation/src/core/optimized_multishot_estimation.jl:793
macro expansion at ./timing.jl:699 [inlined]
_record_phase! at /home/orebas/.julia/dev/ODEParameterEstimation/src/core/optimized_multishot_estimation.jl:262
unknown function (ip: 0x709e893ca7d1) at (unknown file)
optimized_multishot_parameter_estimation at /home/orebas/.julia/dev/ODEParameterEstimation/src/core/optimized_multishot_estimation.jl:792
_analyze_parameter_estimation_problem_impl at /home/orebas/.julia/dev/ODEParameterEstimation/src/core/analysis_utils.jl:1019
analyze_parameter_estimation_problem at /home/orebas/.julia/dev/ODEParameterEstimation/src/core/analysis_utils.jl:968 [inlined]
#69 at /home/orebas/.julia/dev/ODEParameterEstimation/repro/petab/dense_single/run.jl:75 [inlined]
with at ./scopedvalues.jl:324
unknown function (ip: 0x709e8979617d) at (unknown file)
#67 at /home/orebas/.julia/dev/ODEParameterEstimation/repro/petab/dense_single/run.jl:74
cd at ./file.jl:112
unknown function (ip: 0x709e8df549ed) at (unknown file)
jl_apply at /cache/build/builder-amdci4-4/julialang/julia-ci/src/julia.h:2318 [inlined]
do_call at /cache/build/builder-amdci4-4/julialang/julia-ci/src/interpreter.c:123
eval_value at /cache/build/builder-amdci4-4/julialang/julia-ci/src/interpreter.c:243
eval_body at /cache/build/builder-amdci4-4/julialang/julia-ci/src/interpreter.c:581
eval_body at /cache/build/builder-amdci4-4/julialang/julia-ci/src/interpreter.c:558
eval_body at /cache/build/builder-amdci4-4/julialang/julia-ci/src/interpreter.c:558
jl_interpret_toplevel_thunk at /cache/build/builder-amdci4-4/julialang/julia-ci/src/interpreter.c:884
jl_toplevel_eval_flex at /cache/build/builder-amdci4-4/julialang/julia-ci/src/toplevel.c:742
jl_eval_toplevel_stmts at /cache/build/builder-amdci4-4/julialang/julia-ci/src/toplevel.c:585
jl_toplevel_eval_flex at /cache/build/builder-amdci4-4/julialang/julia-ci/src/toplevel.c:683
ijl_toplevel_eval at /cache/build/builder-amdci4-4/julialang/julia-ci/src/toplevel.c:754
ijl_toplevel_eval_in at /cache/build/builder-amdci4-4/julialang/julia-ci/src/toplevel.c:799
eval at ./boot.jl:489
include_string at ./loading.jl:3016
_include at ./loading.jl:3076
include at ./Base.jl:309
exec_options at ./client.jl:344
_start at ./client.jl:577
jfptr__start_59126.1 at /home/orebas/.julia/juliaup/julia-1.13.0+0.x64.linux.gnu/lib/julia/sys.so (unknown line)
jl_apply at /cache/build/builder-amdci4-4/julialang/julia-ci/src/julia.h:2318 [inlined]
true_main at /cache/build/builder-amdci4-4/julialang/julia-ci/src/jlapi.c:985
jl_repl_entrypoint at /cache/build/builder-amdci4-4/julialang/julia-ci/src/jlapi.c:1152
main at /cache/build/builder-amdci4-4/julialang/julia-ci/cli/loader_exe.c:58
unknown function (ip: 0x709f34e2a600) at /usr/lib/x86_64-linux-gnu/libc.so.6
__libc_start_main at /usr/lib/x86_64-linux-gnu/libc.so.6 (unknown line)
unknown function (ip: 0x4010b8) at /workspace/srcdir/glibc-2.17/csu/../sysdeps/x86_64/start.S
unknown function (ip: (nil)) at (unknown file)


==============================================================
Profile collected. A report will print at the next yield point.
Disabling --trace-compile
==============================================================


======================================================================================
Information request received. A stacktrace will print followed by a 10.0 second profile.
--trace-compile is enabled during profile collection.
======================================================================================

cmd: /home/orebas/.julia/juliaup/julia-1.13.0+0.x64.linux.gnu/bin/julia 3209835 running 1 of 1

signal (10): User defined signal 1
* at ./int.jl:1043 [inlined]
* at ./int.jl:1058 [inlined]
_mul_high at /home/orebas/.julia/packages/Groebner/d0Ueg/src/arithmetic/Zp.jl:98 [inlined]
mod_p at /home/orebas/.julia/packages/Groebner/d0Ueg/src/arithmetic/Zp.jl:122 [inlined]
linalg_vector_addmul_sparsedense_mod_p! at /home/orebas/.julia/packages/Groebner/d0Ueg/src/f4/linalg/backend.jl:767 [inlined]
#linalg_reduce_dense_row_by_pivots_sparse!#110 at /home/orebas/.julia/packages/Groebner/d0Ueg/src/f4/linalg/backend.jl:411
linalg_reduce_dense_row_by_pivots_sparse! at /home/orebas/.julia/packages/Groebner/d0Ueg/src/f4/linalg/backend.jl:365 [inlined]
linalg_reduce_dense_row_by_pivots_sparse! at /home/orebas/.julia/packages/Groebner/d0Ueg/src/f4/linalg/backend.jl:365 [inlined]
linalg_randomized_reduce_matrix_lower_part! at /home/orebas/.julia/packages/Groebner/d0Ueg/src/f4/linalg/backend_randomized.jl:106
linalg_randomized_sparse! at /home/orebas/.julia/packages/Groebner/d0Ueg/src/f4/linalg/backend_randomized.jl:22 [inlined]
_linalg_main! at /home/orebas/.julia/packages/Groebner/d0Ueg/src/f4/linalg/linalg.jl:165
#linalg_main!#101 at /home/orebas/.julia/packages/Groebner/d0Ueg/src/f4/linalg/linalg.jl:42 [inlined]
linalg_main! at /home/orebas/.julia/packages/Groebner/d0Ueg/src/f4/linalg/linalg.jl:23 [inlined]
linalg_main! at /home/orebas/.julia/packages/Groebner/d0Ueg/src/f4/linalg/linalg.jl:23 [inlined]
f4_reduction! at /home/orebas/.julia/packages/Groebner/d0Ueg/src/f4/f4.jl:55
f4! at /home/orebas/.julia/packages/Groebner/d0Ueg/src/f4/f4.jl:436
unknown function (ip: 0x709e7d38f65e) at (unknown file)
_groebner_guess_lucky_prime at /home/orebas/.julia/packages/Groebner/d0Ueg/src/groebner/groebner.jl:181
_groebner_learn_and_apply at /home/orebas/.julia/packages/Groebner/d0Ueg/src/groebner/groebner.jl:251
_groebner2 at /home/orebas/.julia/packages/Groebner/d0Ueg/src/groebner/groebner.jl:147 [inlined]
groebner2 at /home/orebas/.julia/packages/Groebner/d0Ueg/src/groebner/groebner.jl:84
unknown function (ip: 0x709e7d3885ac) at (unknown file)
__groebner1 at /home/orebas/.julia/packages/Groebner/d0Ueg/src/groebner/groebner.jl:61
unknown function (ip: 0x709e7d34dbd7) at (unknown file)
_groebner1 at /home/orebas/.julia/packages/Groebner/d0Ueg/src/groebner/groebner.jl:40
unknown function (ip: 0x709e7d34cf30) at (unknown file)
groebner0 at /home/orebas/.julia/packages/Groebner/d0Ueg/src/groebner/groebner.jl:10
#groebner#229 at /home/orebas/.julia/packages/Groebner/d0Ueg/src/interface.jl:113 [inlined]
groebner at /home/orebas/.julia/packages/Groebner/d0Ueg/src/interface.jl:111
unknown function (ip: 0x709e7d345be2) at (unknown file)
macro expansion at ./timing.jl:463 [inlined]
#get_polynomial_system_from_sian#262 at /home/orebas/.julia/dev/ODEParameterEstimation/src/core/si_equation_builder.jl:1244
get_polynomial_system_from_sian at /home/orebas/.julia/dev/ODEParameterEstimation/src/core/si_equation_builder.jl:1037 [inlined]
#get_si_equation_system#244 at /home/orebas/.julia/dev/ODEParameterEstimation/src/core/si_equation_builder.jl:760
get_si_equation_system at /home/orebas/.julia/dev/ODEParameterEstimation/src/core/si_equation_builder.jl:705 [inlined]
#build_si_template_for_fixed_params#548 at /home/orebas/.julia/dev/ODEParameterEstimation/src/core/parameter_estimation.jl:513
build_si_template_for_fixed_params at /home/orebas/.julia/dev/ODEParameterEstimation/src/core/parameter_estimation.jl:500
unknown function (ip: 0x709e7d327504) at (unknown file)
#prepare_si_template_with_structural_fix#553 at /home/orebas/.julia/dev/ODEParameterEstimation/src/core/parameter_estimation.jl:593
prepare_si_template_with_structural_fix at /home/orebas/.julia/dev/ODEParameterEstimation/src/core/parameter_estimation.jl:560
unknown function (ip: 0x709e809f639a) at (unknown file)
#optimized_multishot_parameter_estimation##6 at /home/orebas/.julia/dev/ODEParameterEstimation/src/core/optimized_multishot_estimation.jl:793
macro expansion at ./timing.jl:699 [inlined]
_record_phase! at /home/orebas/.julia/dev/ODEParameterEstimation/src/core/optimized_multishot_estimation.jl:262
unknown function (ip: 0x709e893ca7d1) at (unknown file)
optimized_multishot_parameter_estimation at /home/orebas/.julia/dev/ODEParameterEstimation/src/core/optimized_multishot_estimation.jl:792
_analyze_parameter_estimation_problem_impl at /home/orebas/.julia/dev/ODEParameterEstimation/src/core/analysis_utils.jl:1019
analyze_parameter_estimation_problem at /home/orebas/.julia/dev/ODEParameterEstimation/src/core/analysis_utils.jl:968 [inlined]
#69 at /home/orebas/.julia/dev/ODEParameterEstimation/repro/petab/dense_single/run.jl:75 [inlined]
with at ./scopedvalues.jl:324
unknown function (ip: 0x709e8979617d) at (unknown file)
#67 at /home/orebas/.julia/dev/ODEParameterEstimation/repro/petab/dense_single/run.jl:74
cd at ./file.jl:112
unknown function (ip: 0x709e8df549ed) at (unknown file)
jl_apply at /cache/build/builder-amdci4-4/julialang/julia-ci/src/julia.h:2318 [inlined]
do_call at /cache/build/builder-amdci4-4/julialang/julia-ci/src/interpreter.c:123
eval_value at /cache/build/builder-amdci4-4/julialang/julia-ci/src/interpreter.c:243
eval_body at /cache/build/builder-amdci4-4/julialang/julia-ci/src/interpreter.c:581
eval_body at /cache/build/builder-amdci4-4/julialang/julia-ci/src/interpreter.c:558
eval_body at /cache/build/builder-amdci4-4/julialang/julia-ci/src/interpreter.c:558
jl_interpret_toplevel_thunk at /cache/build/builder-amdci4-4/julialang/julia-ci/src/interpreter.c:884
jl_toplevel_eval_flex at /cache/build/builder-amdci4-4/julialang/julia-ci/src/toplevel.c:742
jl_eval_toplevel_stmts at /cache/build/builder-amdci4-4/julialang/julia-ci/src/toplevel.c:585
jl_toplevel_eval_flex at /cache/build/builder-amdci4-4/julialang/julia-ci/src/toplevel.c:683
ijl_toplevel_eval at /cache/build/builder-amdci4-4/julialang/julia-ci/src/toplevel.c:754
ijl_toplevel_eval_in at /cache/build/builder-amdci4-4/julialang/julia-ci/src/toplevel.c:799
eval at ./boot.jl:489
include_string at ./loading.jl:3016
_include at ./loading.jl:3076
include at ./Base.jl:309
exec_options at ./client.jl:344
_start at ./client.jl:577
jfptr__start_59126.1 at /home/orebas/.julia/juliaup/julia-1.13.0+0.x64.linux.gnu/lib/julia/sys.so (unknown line)
jl_apply at /cache/build/builder-amdci4-4/julialang/julia-ci/src/julia.h:2318 [inlined]
true_main at /cache/build/builder-amdci4-4/julialang/julia-ci/src/jlapi.c:985
jl_repl_entrypoint at /cache/build/builder-amdci4-4/julialang/julia-ci/src/jlapi.c:1152
main at /cache/build/builder-amdci4-4/julialang/julia-ci/cli/loader_exe.c:58
unknown function (ip: 0x709f34e2a600) at /usr/lib/x86_64-linux-gnu/libc.so.6
__libc_start_main at /usr/lib/x86_64-linux-gnu/libc.so.6 (unknown line)
unknown function (ip: 0x4010b8) at /workspace/srcdir/glibc-2.17/csu/../sysdeps/x86_64/start.S
unknown function (ip: (nil)) at (unknown file)


==============================================================
Profile collected. A report will print at the next yield point.
Disabling --trace-compile
==============================================================


======================================================================================
Information request received. A stacktrace will print followed by a 10.0 second profile.
--trace-compile is enabled during profile collection.
======================================================================================

cmd: /home/orebas/.julia/juliaup/julia-1.13.0+0.x64.linux.gnu/bin/julia 3209835 running 1 of 1

signal (10): User defined signal 1
- at ./int.jl:86 [inlined]
mod_p at /home/orebas/.julia/packages/Groebner/d0Ueg/src/arithmetic/Zp.jl:124 [inlined]
linalg_vector_addmul_sparsedense_mod_p! at /home/orebas/.julia/packages/Groebner/d0Ueg/src/f4/linalg/backend.jl:767 [inlined]
#linalg_reduce_dense_row_by_pivots_sparse!#110 at /home/orebas/.julia/packages/Groebner/d0Ueg/src/f4/linalg/backend.jl:411
linalg_reduce_dense_row_by_pivots_sparse! at /home/orebas/.julia/packages/Groebner/d0Ueg/src/f4/linalg/backend.jl:365 [inlined]
linalg_reduce_dense_row_by_pivots_sparse! at /home/orebas/.julia/packages/Groebner/d0Ueg/src/f4/linalg/backend.jl:365 [inlined]
linalg_randomized_reduce_matrix_lower_part! at /home/orebas/.julia/packages/Groebner/d0Ueg/src/f4/linalg/backend_randomized.jl:106
linalg_randomized_sparse! at /home/orebas/.julia/packages/Groebner/d0Ueg/src/f4/linalg/backend_randomized.jl:22 [inlined]
_linalg_main! at /home/orebas/.julia/packages/Groebner/d0Ueg/src/f4/linalg/linalg.jl:165
#linalg_main!#101 at /home/orebas/.julia/packages/Groebner/d0Ueg/src/f4/linalg/linalg.jl:42 [inlined]
linalg_main! at /home/orebas/.julia/packages/Groebner/d0Ueg/src/f4/linalg/linalg.jl:23 [inlined]
linalg_main! at /home/orebas/.julia/packages/Groebner/d0Ueg/src/f4/linalg/linalg.jl:23 [inlined]
f4_reduction! at /home/orebas/.julia/packages/Groebner/d0Ueg/src/f4/f4.jl:55
f4! at /home/orebas/.julia/packages/Groebner/d0Ueg/src/f4/f4.jl:436
unknown function (ip: 0x709e7d38f65e) at (unknown file)
_groebner_guess_lucky_prime at /home/orebas/.julia/packages/Groebner/d0Ueg/src/groebner/groebner.jl:181
_groebner_learn_and_apply at /home/orebas/.julia/packages/Groebner/d0Ueg/src/groebner/groebner.jl:251
_groebner2 at /home/orebas/.julia/packages/Groebner/d0Ueg/src/groebner/groebner.jl:147 [inlined]
groebner2 at /home/orebas/.julia/packages/Groebner/d0Ueg/src/groebner/groebner.jl:84
unknown function (ip: 0x709e7d3885ac) at (unknown file)
__groebner1 at /home/orebas/.julia/packages/Groebner/d0Ueg/src/groebner/groebner.jl:61
unknown function (ip: 0x709e7d34dbd7) at (unknown file)
_groebner1 at /home/orebas/.julia/packages/Groebner/d0Ueg/src/groebner/groebner.jl:40
unknown function (ip: 0x709e7d34cf30) at (unknown file)
groebner0 at /home/orebas/.julia/packages/Groebner/d0Ueg/src/groebner/groebner.jl:10
#groebner#229 at /home/orebas/.julia/packages/Groebner/d0Ueg/src/interface.jl:113 [inlined]
groebner at /home/orebas/.julia/packages/Groebner/d0Ueg/src/interface.jl:111
unknown function (ip: 0x709e7d345be2) at (unknown file)
macro expansion at ./timing.jl:463 [inlined]
#get_polynomial_system_from_sian#262 at /home/orebas/.julia/dev/ODEParameterEstimation/src/core/si_equation_builder.jl:1244
get_polynomial_system_from_sian at /home/orebas/.julia/dev/ODEParameterEstimation/src/core/si_equation_builder.jl:1037 [inlined]
#get_si_equation_system#244 at /home/orebas/.julia/dev/ODEParameterEstimation/src/core/si_equation_builder.jl:760
get_si_equation_system at /home/orebas/.julia/dev/ODEParameterEstimation/src/core/si_equation_builder.jl:705 [inlined]
#build_si_template_for_fixed_params#548 at /home/orebas/.julia/dev/ODEParameterEstimation/src/core/parameter_estimation.jl:513
build_si_template_for_fixed_params at /home/orebas/.julia/dev/ODEParameterEstimation/src/core/parameter_estimation.jl:500
unknown function (ip: 0x709e7d327504) at (unknown file)
#prepare_si_template_with_structural_fix#553 at /home/orebas/.julia/dev/ODEParameterEstimation/src/core/parameter_estimation.jl:593
prepare_si_template_with_structural_fix at /home/orebas/.julia/dev/ODEParameterEstimation/src/core/parameter_estimation.jl:560
unknown function (ip: 0x709e809f639a) at (unknown file)
#optimized_multishot_parameter_estimation##6 at /home/orebas/.julia/dev/ODEParameterEstimation/src/core/optimized_multishot_estimation.jl:793
macro expansion at ./timing.jl:699 [inlined]
_record_phase! at /home/orebas/.julia/dev/ODEParameterEstimation/src/core/optimized_multishot_estimation.jl:262
unknown function (ip: 0x709e893ca7d1) at (unknown file)
optimized_multishot_parameter_estimation at /home/orebas/.julia/dev/ODEParameterEstimation/src/core/optimized_multishot_estimation.jl:792
_analyze_parameter_estimation_problem_impl at /home/orebas/.julia/dev/ODEParameterEstimation/src/core/analysis_utils.jl:1019
analyze_parameter_estimation_problem at /home/orebas/.julia/dev/ODEParameterEstimation/src/core/analysis_utils.jl:968 [inlined]
#69 at /home/orebas/.julia/dev/ODEParameterEstimation/repro/petab/dense_single/run.jl:75 [inlined]
with at ./scopedvalues.jl:324
unknown function (ip: 0x709e8979617d) at (unknown file)
#67 at /home/orebas/.julia/dev/ODEParameterEstimation/repro/petab/dense_single/run.jl:74
cd at ./file.jl:112
unknown function (ip: 0x709e8df549ed) at (unknown file)
jl_apply at /cache/build/builder-amdci4-4/julialang/julia-ci/src/julia.h:2318 [inlined]
do_call at /cache/build/builder-amdci4-4/julialang/julia-ci/src/interpreter.c:123
eval_value at /cache/build/builder-amdci4-4/julialang/julia-ci/src/interpreter.c:243
eval_body at /cache/build/builder-amdci4-4/julialang/julia-ci/src/interpreter.c:581
eval_body at /cache/build/builder-amdci4-4/julialang/julia-ci/src/interpreter.c:558
eval_body at /cache/build/builder-amdci4-4/julialang/julia-ci/src/interpreter.c:558
jl_interpret_toplevel_thunk at /cache/build/builder-amdci4-4/julialang/julia-ci/src/interpreter.c:884
jl_toplevel_eval_flex at /cache/build/builder-amdci4-4/julialang/julia-ci/src/toplevel.c:742
jl_eval_toplevel_stmts at /cache/build/builder-amdci4-4/julialang/julia-ci/src/toplevel.c:585
jl_toplevel_eval_flex at /cache/build/builder-amdci4-4/julialang/julia-ci/src/toplevel.c:683
ijl_toplevel_eval at /cache/build/builder-amdci4-4/julialang/julia-ci/src/toplevel.c:754
ijl_toplevel_eval_in at /cache/build/builder-amdci4-4/julialang/julia-ci/src/toplevel.c:799
eval at ./boot.jl:489
include_string at ./loading.jl:3016
_include at ./loading.jl:3076
include at ./Base.jl:309
exec_options at ./client.jl:344
_start at ./client.jl:577
jfptr__start_59126.1 at /home/orebas/.julia/juliaup/julia-1.13.0+0.x64.linux.gnu/lib/julia/sys.so (unknown line)
jl_apply at /cache/build/builder-amdci4-4/julialang/julia-ci/src/julia.h:2318 [inlined]
true_main at /cache/build/builder-amdci4-4/julialang/julia-ci/src/jlapi.c:985
jl_repl_entrypoint at /cache/build/builder-amdci4-4/julialang/julia-ci/src/jlapi.c:1152
main at /cache/build/builder-amdci4-4/julialang/julia-ci/cli/loader_exe.c:58
unknown function (ip: 0x709f34e2a600) at /usr/lib/x86_64-linux-gnu/libc.so.6
__libc_start_main at /usr/lib/x86_64-linux-gnu/libc.so.6 (unknown line)
unknown function (ip: 0x4010b8) at /workspace/srcdir/glibc-2.17/csu/../sysdeps/x86_64/start.S
unknown function (ip: (nil)) at (unknown file)


==============================================================
Profile collected. A report will print at the next yield point.
Disabling --trace-compile
==============================================================


======================================================================================
Information request received. A stacktrace will print followed by a 10.0 second profile.
--trace-compile is enabled during profile collection.
======================================================================================

cmd: /home/orebas/.julia/juliaup/julia-1.13.0+0.x64.linux.gnu/bin/julia 3209835 running 1 of 1

signal (10): User defined signal 1
linalg_vector_addmul_sparsedense_mod_p! at /home/orebas/.julia/packages/Groebner/d0Ueg/src/f4/linalg/backend.jl:0 [inlined]
#linalg_reduce_dense_row_by_pivots_sparse!#110 at /home/orebas/.julia/packages/Groebner/d0Ueg/src/f4/linalg/backend.jl:411
linalg_reduce_dense_row_by_pivots_sparse! at /home/orebas/.julia/packages/Groebner/d0Ueg/src/f4/linalg/backend.jl:365 [inlined]
linalg_reduce_dense_row_by_pivots_sparse! at /home/orebas/.julia/packages/Groebner/d0Ueg/src/f4/linalg/backend.jl:365 [inlined]
linalg_randomized_reduce_matrix_lower_part! at /home/orebas/.julia/packages/Groebner/d0Ueg/src/f4/linalg/backend_randomized.jl:106
linalg_randomized_sparse! at /home/orebas/.julia/packages/Groebner/d0Ueg/src/f4/linalg/backend_randomized.jl:22 [inlined]
_linalg_main! at /home/orebas/.julia/packages/Groebner/d0Ueg/src/f4/linalg/linalg.jl:165
#linalg_main!#101 at /home/orebas/.julia/packages/Groebner/d0Ueg/src/f4/linalg/linalg.jl:42 [inlined]
linalg_main! at /home/orebas/.julia/packages/Groebner/d0Ueg/src/f4/linalg/linalg.jl:23 [inlined]
linalg_main! at /home/orebas/.julia/packages/Groebner/d0Ueg/src/f4/linalg/linalg.jl:23 [inlined]
f4_reduction! at /home/orebas/.julia/packages/Groebner/d0Ueg/src/f4/f4.jl:55
f4! at /home/orebas/.julia/packages/Groebner/d0Ueg/src/f4/f4.jl:436
unknown function (ip: 0x709e7d38f65e) at (unknown file)
_groebner_guess_lucky_prime at /home/orebas/.julia/packages/Groebner/d0Ueg/src/groebner/groebner.jl:181
_groebner_learn_and_apply at /home/orebas/.julia/packages/Groebner/d0Ueg/src/groebner/groebner.jl:251
_groebner2 at /home/orebas/.julia/packages/Groebner/d0Ueg/src/groebner/groebner.jl:147 [inlined]
groebner2 at /home/orebas/.julia/packages/Groebner/d0Ueg/src/groebner/groebner.jl:84
unknown function (ip: 0x709e7d3885ac) at (unknown file)
__groebner1 at /home/orebas/.julia/packages/Groebner/d0Ueg/src/groebner/groebner.jl:61
unknown function (ip: 0x709e7d34dbd7) at (unknown file)
_groebner1 at /home/orebas/.julia/packages/Groebner/d0Ueg/src/groebner/groebner.jl:40
unknown function (ip: 0x709e7d34cf30) at (unknown file)
groebner0 at /home/orebas/.julia/packages/Groebner/d0Ueg/src/groebner/groebner.jl:10
#groebner#229 at /home/orebas/.julia/packages/Groebner/d0Ueg/src/interface.jl:113 [inlined]
groebner at /home/orebas/.julia/packages/Groebner/d0Ueg/src/interface.jl:111
unknown function (ip: 0x709e7d345be2) at (unknown file)
macro expansion at ./timing.jl:463 [inlined]
#get_polynomial_system_from_sian#262 at /home/orebas/.julia/dev/ODEParameterEstimation/src/core/si_equation_builder.jl:1244
get_polynomial_system_from_sian at /home/orebas/.julia/dev/ODEParameterEstimation/src/core/si_equation_builder.jl:1037 [inlined]
#get_si_equation_system#244 at /home/orebas/.julia/dev/ODEParameterEstimation/src/core/si_equation_builder.jl:760
get_si_equation_system at /home/orebas/.julia/dev/ODEParameterEstimation/src/core/si_equation_builder.jl:705 [inlined]
#build_si_template_for_fixed_params#548 at /home/orebas/.julia/dev/ODEParameterEstimation/src/core/parameter_estimation.jl:513
build_si_template_for_fixed_params at /home/orebas/.julia/dev/ODEParameterEstimation/src/core/parameter_estimation.jl:500
unknown function (ip: 0x709e7d327504) at (unknown file)
#prepare_si_template_with_structural_fix#553 at /home/orebas/.julia/dev/ODEParameterEstimation/src/core/parameter_estimation.jl:593
prepare_si_template_with_structural_fix at /home/orebas/.julia/dev/ODEParameterEstimation/src/core/parameter_estimation.jl:560
unknown function (ip: 0x709e809f639a) at (unknown file)
#optimized_multishot_parameter_estimation##6 at /home/orebas/.julia/dev/ODEParameterEstimation/src/core/optimized_multishot_estimation.jl:793
macro expansion at ./timing.jl:699 [inlined]
_record_phase! at /home/orebas/.julia/dev/ODEParameterEstimation/src/core/optimized_multishot_estimation.jl:262
unknown function (ip: 0x709e893ca7d1) at (unknown file)
optimized_multishot_parameter_estimation at /home/orebas/.julia/dev/ODEParameterEstimation/src/core/optimized_multishot_estimation.jl:792
_analyze_parameter_estimation_problem_impl at /home/orebas/.julia/dev/ODEParameterEstimation/src/core/analysis_utils.jl:1019
analyze_parameter_estimation_problem at /home/orebas/.julia/dev/ODEParameterEstimation/src/core/analysis_utils.jl:968 [inlined]
#69 at /home/orebas/.julia/dev/ODEParameterEstimation/repro/petab/dense_single/run.jl:75 [inlined]
with at ./scopedvalues.jl:324
unknown function (ip: 0x709e8979617d) at (unknown file)
#67 at /home/orebas/.julia/dev/ODEParameterEstimation/repro/petab/dense_single/run.jl:74
cd at ./file.jl:112
unknown function (ip: 0x709e8df549ed) at (unknown file)
jl_apply at /cache/build/builder-amdci4-4/julialang/julia-ci/src/julia.h:2318 [inlined]
do_call at /cache/build/builder-amdci4-4/julialang/julia-ci/src/interpreter.c:123
eval_value at /cache/build/builder-amdci4-4/julialang/julia-ci/src/interpreter.c:243
eval_body at /cache/build/builder-amdci4-4/julialang/julia-ci/src/interpreter.c:581
eval_body at /cache/build/builder-amdci4-4/julialang/julia-ci/src/interpreter.c:558
eval_body at /cache/build/builder-amdci4-4/julialang/julia-ci/src/interpreter.c:558
jl_interpret_toplevel_thunk at /cache/build/builder-amdci4-4/julialang/julia-ci/src/interpreter.c:884
jl_toplevel_eval_flex at /cache/build/builder-amdci4-4/julialang/julia-ci/src/toplevel.c:742
jl_eval_toplevel_stmts at /cache/build/builder-amdci4-4/julialang/julia-ci/src/toplevel.c:585
jl_toplevel_eval_flex at /cache/build/builder-amdci4-4/julialang/julia-ci/src/toplevel.c:683
ijl_toplevel_eval at /cache/build/builder-amdci4-4/julialang/julia-ci/src/toplevel.c:754
ijl_toplevel_eval_in at /cache/build/builder-amdci4-4/julialang/julia-ci/src/toplevel.c:799
eval at ./boot.jl:489
include_string at ./loading.jl:3016
_include at ./loading.jl:3076
include at ./Base.jl:309
exec_options at ./client.jl:344
_start at ./client.jl:577
jfptr__start_59126.1 at /home/orebas/.julia/juliaup/julia-1.13.0+0.x64.linux.gnu/lib/julia/sys.so (unknown line)
jl_apply at /cache/build/builder-amdci4-4/julialang/julia-ci/src/julia.h:2318 [inlined]
true_main at /cache/build/builder-amdci4-4/julialang/julia-ci/src/jlapi.c:985
jl_repl_entrypoint at /cache/build/builder-amdci4-4/julialang/julia-ci/src/jlapi.c:1152
main at /cache/build/builder-amdci4-4/julialang/julia-ci/cli/loader_exe.c:58
unknown function (ip: 0x709f34e2a600) at /usr/lib/x86_64-linux-gnu/libc.so.6
__libc_start_main at /usr/lib/x86_64-linux-gnu/libc.so.6 (unknown line)
unknown function (ip: 0x4010b8) at /workspace/srcdir/glibc-2.17/csu/../sysdeps/x86_64/start.S
unknown function (ip: (nil)) at (unknown file)


==============================================================
Profile collected. A report will print at the next yield point.
Disabling --trace-compile
==============================================================


======================================================================================
Information request received. A stacktrace will print followed by a 10.0 second profile.
--trace-compile is enabled during profile collection.
======================================================================================

cmd: /home/orebas/.julia/juliaup/julia-1.13.0+0.x64.linux.gnu/bin/julia 3209835 running 1 of 1

signal (10): User defined signal 1
_setindex! at ./array.jl:1025 [inlined]
setindex! at ./array.jl:1020 [inlined]
setindex! at ./multidimensional.jl:774 [inlined]
linalg_vector_addmul_sparsedense_mod_p! at /home/orebas/.julia/packages/Groebner/d0Ueg/src/f4/linalg/backend.jl:767 [inlined]
#linalg_reduce_dense_row_by_pivots_sparse!#110 at /home/orebas/.julia/packages/Groebner/d0Ueg/src/f4/linalg/backend.jl:411
linalg_reduce_dense_row_by_pivots_sparse! at /home/orebas/.julia/packages/Groebner/d0Ueg/src/f4/linalg/backend.jl:365 [inlined]
linalg_reduce_dense_row_by_pivots_sparse! at /home/orebas/.julia/packages/Groebner/d0Ueg/src/f4/linalg/backend.jl:365 [inlined]
linalg_randomized_reduce_matrix_lower_part! at /home/orebas/.julia/packages/Groebner/d0Ueg/src/f4/linalg/backend_randomized.jl:106
linalg_randomized_sparse! at /home/orebas/.julia/packages/Groebner/d0Ueg/src/f4/linalg/backend_randomized.jl:22 [inlined]
_linalg_main! at /home/orebas/.julia/packages/Groebner/d0Ueg/src/f4/linalg/linalg.jl:165
#linalg_main!#101 at /home/orebas/.julia/packages/Groebner/d0Ueg/src/f4/linalg/linalg.jl:42 [inlined]
linalg_main! at /home/orebas/.julia/packages/Groebner/d0Ueg/src/f4/linalg/linalg.jl:23 [inlined]
linalg_main! at /home/orebas/.julia/packages/Groebner/d0Ueg/src/f4/linalg/linalg.jl:23 [inlined]
f4_reduction! at /home/orebas/.julia/packages/Groebner/d0Ueg/src/f4/f4.jl:55
f4! at /home/orebas/.julia/packages/Groebner/d0Ueg/src/f4/f4.jl:436
unknown function (ip: 0x709e7d38f65e) at (unknown file)
_groebner_guess_lucky_prime at /home/orebas/.julia/packages/Groebner/d0Ueg/src/groebner/groebner.jl:181
_groebner_learn_and_apply at /home/orebas/.julia/packages/Groebner/d0Ueg/src/groebner/groebner.jl:251
_groebner2 at /home/orebas/.julia/packages/Groebner/d0Ueg/src/groebner/groebner.jl:147 [inlined]
groebner2 at /home/orebas/.julia/packages/Groebner/d0Ueg/src/groebner/groebner.jl:84
unknown function (ip: 0x709e7d3885ac) at (unknown file)
__groebner1 at /home/orebas/.julia/packages/Groebner/d0Ueg/src/groebner/groebner.jl:61
unknown function (ip: 0x709e7d34dbd7) at (unknown file)
_groebner1 at /home/orebas/.julia/packages/Groebner/d0Ueg/src/groebner/groebner.jl:40
unknown function (ip: 0x709e7d34cf30) at (unknown file)
groebner0 at /home/orebas/.julia/packages/Groebner/d0Ueg/src/groebner/groebner.jl:10
#groebner#229 at /home/orebas/.julia/packages/Groebner/d0Ueg/src/interface.jl:113 [inlined]
groebner at /home/orebas/.julia/packages/Groebner/d0Ueg/src/interface.jl:111
unknown function (ip: 0x709e7d345be2) at (unknown file)
macro expansion at ./timing.jl:463 [inlined]
#get_polynomial_system_from_sian#262 at /home/orebas/.julia/dev/ODEParameterEstimation/src/core/si_equation_builder.jl:1244
get_polynomial_system_from_sian at /home/orebas/.julia/dev/ODEParameterEstimation/src/core/si_equation_builder.jl:1037 [inlined]
#get_si_equation_system#244 at /home/orebas/.julia/dev/ODEParameterEstimation/src/core/si_equation_builder.jl:760
get_si_equation_system at /home/orebas/.julia/dev/ODEParameterEstimation/src/core/si_equation_builder.jl:705 [inlined]
#build_si_template_for_fixed_params#548 at /home/orebas/.julia/dev/ODEParameterEstimation/src/core/parameter_estimation.jl:513
build_si_template_for_fixed_params at /home/orebas/.julia/dev/ODEParameterEstimation/src/core/parameter_estimation.jl:500
unknown function (ip: 0x709e7d327504) at (unknown file)
#prepare_si_template_with_structural_fix#553 at /home/orebas/.julia/dev/ODEParameterEstimation/src/core/parameter_estimation.jl:593
prepare_si_template_with_structural_fix at /home/orebas/.julia/dev/ODEParameterEstimation/src/core/parameter_estimation.jl:560
unknown function (ip: 0x709e809f639a) at (unknown file)
#optimized_multishot_parameter_estimation##6 at /home/orebas/.julia/dev/ODEParameterEstimation/src/core/optimized_multishot_estimation.jl:793
macro expansion at ./timing.jl:699 [inlined]
_record_phase! at /home/orebas/.julia/dev/ODEParameterEstimation/src/core/optimized_multishot_estimation.jl:262
unknown function (ip: 0x709e893ca7d1) at (unknown file)
optimized_multishot_parameter_estimation at /home/orebas/.julia/dev/ODEParameterEstimation/src/core/optimized_multishot_estimation.jl:792
_analyze_parameter_estimation_problem_impl at /home/orebas/.julia/dev/ODEParameterEstimation/src/core/analysis_utils.jl:1019
analyze_parameter_estimation_problem at /home/orebas/.julia/dev/ODEParameterEstimation/src/core/analysis_utils.jl:968 [inlined]
#69 at /home/orebas/.julia/dev/ODEParameterEstimation/repro/petab/dense_single/run.jl:75 [inlined]
with at ./scopedvalues.jl:324
unknown function (ip: 0x709e8979617d) at (unknown file)
#67 at /home/orebas/.julia/dev/ODEParameterEstimation/repro/petab/dense_single/run.jl:74
cd at ./file.jl:112
unknown function (ip: 0x709e8df549ed) at (unknown file)
jl_apply at /cache/build/builder-amdci4-4/julialang/julia-ci/src/julia.h:2318 [inlined]
do_call at /cache/build/builder-amdci4-4/julialang/julia-ci/src/interpreter.c:123
eval_value at /cache/build/builder-amdci4-4/julialang/julia-ci/src/interpreter.c:243
eval_body at /cache/build/builder-amdci4-4/julialang/julia-ci/src/interpreter.c:581
eval_body at /cache/build/builder-amdci4-4/julialang/julia-ci/src/interpreter.c:558
eval_body at /cache/build/builder-amdci4-4/julialang/julia-ci/src/interpreter.c:558
jl_interpret_toplevel_thunk at /cache/build/builder-amdci4-4/julialang/julia-ci/src/interpreter.c:884
jl_toplevel_eval_flex at /cache/build/builder-amdci4-4/julialang/julia-ci/src/toplevel.c:742
jl_eval_toplevel_stmts at /cache/build/builder-amdci4-4/julialang/julia-ci/src/toplevel.c:585
jl_toplevel_eval_flex at /cache/build/builder-amdci4-4/julialang/julia-ci/src/toplevel.c:683
ijl_toplevel_eval at /cache/build/builder-amdci4-4/julialang/julia-ci/src/toplevel.c:754
ijl_toplevel_eval_in at /cache/build/builder-amdci4-4/julialang/julia-ci/src/toplevel.c:799
eval at ./boot.jl:489
include_string at ./loading.jl:3016
_include at ./loading.jl:3076
include at ./Base.jl:309
exec_options at ./client.jl:344
_start at ./client.jl:577
jfptr__start_59126.1 at /home/orebas/.julia/juliaup/julia-1.13.0+0.x64.linux.gnu/lib/julia/sys.so (unknown line)
jl_apply at /cache/build/builder-amdci4-4/julialang/julia-ci/src/julia.h:2318 [inlined]
true_main at /cache/build/builder-amdci4-4/julialang/julia-ci/src/jlapi.c:985
jl_repl_entrypoint at /cache/build/builder-amdci4-4/julialang/julia-ci/src/jlapi.c:1152
main at /cache/build/builder-amdci4-4/julialang/julia-ci/cli/loader_exe.c:58
unknown function (ip: 0x709f34e2a600) at /usr/lib/x86_64-linux-gnu/libc.so.6
__libc_start_main at /usr/lib/x86_64-linux-gnu/libc.so.6 (unknown line)
unknown function (ip: 0x4010b8) at /workspace/srcdir/glibc-2.17/csu/../sysdeps/x86_64/start.S
unknown function (ip: (nil)) at (unknown file)


==============================================================
Profile collected. A report will print at the next yield point.
Disabling --trace-compile
==============================================================


======================================================================================
Information request received. A stacktrace will print followed by a 10.0 second profile.
--trace-compile is enabled during profile collection.
======================================================================================

cmd: /home/orebas/.julia/juliaup/julia-1.13.0+0.x64.linux.gnu/bin/julia 3209835 running 1 of 1

signal (10): User defined signal 1
- at ./int.jl:86 [inlined]
mod_p at /home/orebas/.julia/packages/Groebner/d0Ueg/src/arithmetic/Zp.jl:124 [inlined]
linalg_vector_addmul_sparsedense_mod_p! at /home/orebas/.julia/packages/Groebner/d0Ueg/src/f4/linalg/backend.jl:767 [inlined]
#linalg_reduce_dense_row_by_pivots_sparse!#110 at /home/orebas/.julia/packages/Groebner/d0Ueg/src/f4/linalg/backend.jl:411
linalg_reduce_dense_row_by_pivots_sparse! at /home/orebas/.julia/packages/Groebner/d0Ueg/src/f4/linalg/backend.jl:365 [inlined]
linalg_reduce_dense_row_by_pivots_sparse! at /home/orebas/.julia/packages/Groebner/d0Ueg/src/f4/linalg/backend.jl:365 [inlined]
linalg_randomized_reduce_matrix_lower_part! at /home/orebas/.julia/packages/Groebner/d0Ueg/src/f4/linalg/backend_randomized.jl:106
linalg_randomized_sparse! at /home/orebas/.julia/packages/Groebner/d0Ueg/src/f4/linalg/backend_randomized.jl:22 [inlined]
_linalg_main! at /home/orebas/.julia/packages/Groebner/d0Ueg/src/f4/linalg/linalg.jl:165
#linalg_main!#101 at /home/orebas/.julia/packages/Groebner/d0Ueg/src/f4/linalg/linalg.jl:42 [inlined]
linalg_main! at /home/orebas/.julia/packages/Groebner/d0Ueg/src/f4/linalg/linalg.jl:23 [inlined]
linalg_main! at /home/orebas/.julia/packages/Groebner/d0Ueg/src/f4/linalg/linalg.jl:23 [inlined]
f4_reduction! at /home/orebas/.julia/packages/Groebner/d0Ueg/src/f4/f4.jl:55
f4! at /home/orebas/.julia/packages/Groebner/d0Ueg/src/f4/f4.jl:436
unknown function (ip: 0x709e7d38f65e) at (unknown file)
_groebner_guess_lucky_prime at /home/orebas/.julia/packages/Groebner/d0Ueg/src/groebner/groebner.jl:181
_groebner_learn_and_apply at /home/orebas/.julia/packages/Groebner/d0Ueg/src/groebner/groebner.jl:251
_groebner2 at /home/orebas/.julia/packages/Groebner/d0Ueg/src/groebner/groebner.jl:147 [inlined]
groebner2 at /home/orebas/.julia/packages/Groebner/d0Ueg/src/groebner/groebner.jl:84
unknown function (ip: 0x709e7d3885ac) at (unknown file)
__groebner1 at /home/orebas/.julia/packages/Groebner/d0Ueg/src/groebner/groebner.jl:61
unknown function (ip: 0x709e7d34dbd7) at (unknown file)
_groebner1 at /home/orebas/.julia/packages/Groebner/d0Ueg/src/groebner/groebner.jl:40
unknown function (ip: 0x709e7d34cf30) at (unknown file)
groebner0 at /home/orebas/.julia/packages/Groebner/d0Ueg/src/groebner/groebner.jl:10
#groebner#229 at /home/orebas/.julia/packages/Groebner/d0Ueg/src/interface.jl:113 [inlined]
groebner at /home/orebas/.julia/packages/Groebner/d0Ueg/src/interface.jl:111
unknown function (ip: 0x709e7d345be2) at (unknown file)
macro expansion at ./timing.jl:463 [inlined]
#get_polynomial_system_from_sian#262 at /home/orebas/.julia/dev/ODEParameterEstimation/src/core/si_equation_builder.jl:1244
get_polynomial_system_from_sian at /home/orebas/.julia/dev/ODEParameterEstimation/src/core/si_equation_builder.jl:1037 [inlined]
#get_si_equation_system#244 at /home/orebas/.julia/dev/ODEParameterEstimation/src/core/si_equation_builder.jl:760
get_si_equation_system at /home/orebas/.julia/dev/ODEParameterEstimation/src/core/si_equation_builder.jl:705 [inlined]
#build_si_template_for_fixed_params#548 at /home/orebas/.julia/dev/ODEParameterEstimation/src/core/parameter_estimation.jl:513
build_si_template_for_fixed_params at /home/orebas/.julia/dev/ODEParameterEstimation/src/core/parameter_estimation.jl:500
unknown function (ip: 0x709e7d327504) at (unknown file)
#prepare_si_template_with_structural_fix#553 at /home/orebas/.julia/dev/ODEParameterEstimation/src/core/parameter_estimation.jl:593
prepare_si_template_with_structural_fix at /home/orebas/.julia/dev/ODEParameterEstimation/src/core/parameter_estimation.jl:560
unknown function (ip: 0x709e809f639a) at (unknown file)
#optimized_multishot_parameter_estimation##6 at /home/orebas/.julia/dev/ODEParameterEstimation/src/core/optimized_multishot_estimation.jl:793
macro expansion at ./timing.jl:699 [inlined]
_record_phase! at /home/orebas/.julia/dev/ODEParameterEstimation/src/core/optimized_multishot_estimation.jl:262
unknown function (ip: 0x709e893ca7d1) at (unknown file)
optimized_multishot_parameter_estimation at /home/orebas/.julia/dev/ODEParameterEstimation/src/core/optimized_multishot_estimation.jl:792
_analyze_parameter_estimation_problem_impl at /home/orebas/.julia/dev/ODEParameterEstimation/src/core/analysis_utils.jl:1019
analyze_parameter_estimation_problem at /home/orebas/.julia/dev/ODEParameterEstimation/src/core/analysis_utils.jl:968 [inlined]
#69 at /home/orebas/.julia/dev/ODEParameterEstimation/repro/petab/dense_single/run.jl:75 [inlined]
with at ./scopedvalues.jl:324
unknown function (ip: 0x709e8979617d) at (unknown file)
#67 at /home/orebas/.julia/dev/ODEParameterEstimation/repro/petab/dense_single/run.jl:74
cd at ./file.jl:112
unknown function (ip: 0x709e8df549ed) at (unknown file)
jl_apply at /cache/build/builder-amdci4-4/julialang/julia-ci/src/julia.h:2318 [inlined]
do_call at /cache/build/builder-amdci4-4/julialang/julia-ci/src/interpreter.c:123
eval_value at /cache/build/builder-amdci4-4/julialang/julia-ci/src/interpreter.c:243
eval_body at /cache/build/builder-amdci4-4/julialang/julia-ci/src/interpreter.c:581
eval_body at /cache/build/builder-amdci4-4/julialang/julia-ci/src/interpreter.c:558
eval_body at /cache/build/builder-amdci4-4/julialang/julia-ci/src/interpreter.c:558
jl_interpret_toplevel_thunk at /cache/build/builder-amdci4-4/julialang/julia-ci/src/interpreter.c:884
jl_toplevel_eval_flex at /cache/build/builder-amdci4-4/julialang/julia-ci/src/toplevel.c:742
jl_eval_toplevel_stmts at /cache/build/builder-amdci4-4/julialang/julia-ci/src/toplevel.c:585
jl_toplevel_eval_flex at /cache/build/builder-amdci4-4/julialang/julia-ci/src/toplevel.c:683
ijl_toplevel_eval at /cache/build/builder-amdci4-4/julialang/julia-ci/src/toplevel.c:754
ijl_toplevel_eval_in at /cache/build/builder-amdci4-4/julialang/julia-ci/src/toplevel.c:799
eval at ./boot.jl:489
include_string at ./loading.jl:3016
_include at ./loading.jl:3076
include at ./Base.jl:309
exec_options at ./client.jl:344
_start at ./client.jl:577
jfptr__start_59126.1 at /home/orebas/.julia/juliaup/julia-1.13.0+0.x64.linux.gnu/lib/julia/sys.so (unknown line)
jl_apply at /cache/build/builder-amdci4-4/julialang/julia-ci/src/julia.h:2318 [inlined]
true_main at /cache/build/builder-amdci4-4/julialang/julia-ci/src/jlapi.c:985
jl_repl_entrypoint at /cache/build/builder-amdci4-4/julialang/julia-ci/src/jlapi.c:1152
main at /cache/build/builder-amdci4-4/julialang/julia-ci/cli/loader_exe.c:58
unknown function (ip: 0x709f34e2a600) at /usr/lib/x86_64-linux-gnu/libc.so.6
__libc_start_main at /usr/lib/x86_64-linux-gnu/libc.so.6 (unknown line)
unknown function (ip: 0x4010b8) at /workspace/srcdir/glibc-2.17/csu/../sysdeps/x86_64/start.S
unknown function (ip: (nil)) at (unknown file)


==============================================================
Profile collected. A report will print at the next yield point.
Disabling --trace-compile
==============================================================


======================================================================================
Information request received. A stacktrace will print followed by a 10.0 second profile.
--trace-compile is enabled during profile collection.
======================================================================================

cmd: /home/orebas/.julia/juliaup/julia-1.13.0+0.x64.linux.gnu/bin/julia 3209835 running 1 of 1

signal (10): User defined signal 1
_setindex! at ./array.jl:1025 [inlined]
setindex! at ./array.jl:1020 [inlined]
setindex! at ./multidimensional.jl:774 [inlined]
linalg_vector_addmul_sparsedense_mod_p! at /home/orebas/.julia/packages/Groebner/d0Ueg/src/f4/linalg/backend.jl:767 [inlined]
#linalg_reduce_dense_row_by_pivots_sparse!#110 at /home/orebas/.julia/packages/Groebner/d0Ueg/src/f4/linalg/backend.jl:411
linalg_reduce_dense_row_by_pivots_sparse! at /home/orebas/.julia/packages/Groebner/d0Ueg/src/f4/linalg/backend.jl:365 [inlined]
linalg_reduce_dense_row_by_pivots_sparse! at /home/orebas/.julia/packages/Groebner/d0Ueg/src/f4/linalg/backend.jl:365 [inlined]
linalg_randomized_reduce_matrix_lower_part! at /home/orebas/.julia/packages/Groebner/d0Ueg/src/f4/linalg/backend_randomized.jl:106
linalg_randomized_sparse! at /home/orebas/.julia/packages/Groebner/d0Ueg/src/f4/linalg/backend_randomized.jl:22 [inlined]
_linalg_main! at /home/orebas/.julia/packages/Groebner/d0Ueg/src/f4/linalg/linalg.jl:165
#linalg_main!#101 at /home/orebas/.julia/packages/Groebner/d0Ueg/src/f4/linalg/linalg.jl:42 [inlined]
linalg_main! at /home/orebas/.julia/packages/Groebner/d0Ueg/src/f4/linalg/linalg.jl:23 [inlined]
linalg_main! at /home/orebas/.julia/packages/Groebner/d0Ueg/src/f4/linalg/linalg.jl:23 [inlined]
f4_reduction! at /home/orebas/.julia/packages/Groebner/d0Ueg/src/f4/f4.jl:55
f4! at /home/orebas/.julia/packages/Groebner/d0Ueg/src/f4/f4.jl:436
unknown function (ip: 0x709e7d38f65e) at (unknown file)
_groebner_guess_lucky_prime at /home/orebas/.julia/packages/Groebner/d0Ueg/src/groebner/groebner.jl:181
_groebner_learn_and_apply at /home/orebas/.julia/packages/Groebner/d0Ueg/src/groebner/groebner.jl:251
_groebner2 at /home/orebas/.julia/packages/Groebner/d0Ueg/src/groebner/groebner.jl:147 [inlined]
groebner2 at /home/orebas/.julia/packages/Groebner/d0Ueg/src/groebner/groebner.jl:84
unknown function (ip: 0x709e7d3885ac) at (unknown file)
__groebner1 at /home/orebas/.julia/packages/Groebner/d0Ueg/src/groebner/groebner.jl:61
unknown function (ip: 0x709e7d34dbd7) at (unknown file)
_groebner1 at /home/orebas/.julia/packages/Groebner/d0Ueg/src/groebner/groebner.jl:40
unknown function (ip: 0x709e7d34cf30) at (unknown file)
groebner0 at /home/orebas/.julia/packages/Groebner/d0Ueg/src/groebner/groebner.jl:10
#groebner#229 at /home/orebas/.julia/packages/Groebner/d0Ueg/src/interface.jl:113 [inlined]
groebner at /home/orebas/.julia/packages/Groebner/d0Ueg/src/interface.jl:111
unknown function (ip: 0x709e7d345be2) at (unknown file)
macro expansion at ./timing.jl:463 [inlined]
#get_polynomial_system_from_sian#262 at /home/orebas/.julia/dev/ODEParameterEstimation/src/core/si_equation_builder.jl:1244
get_polynomial_system_from_sian at /home/orebas/.julia/dev/ODEParameterEstimation/src/core/si_equation_builder.jl:1037 [inlined]
#get_si_equation_system#244 at /home/orebas/.julia/dev/ODEParameterEstimation/src/core/si_equation_builder.jl:760
get_si_equation_system at /home/orebas/.julia/dev/ODEParameterEstimation/src/core/si_equation_builder.jl:705 [inlined]
#build_si_template_for_fixed_params#548 at /home/orebas/.julia/dev/ODEParameterEstimation/src/core/parameter_estimation.jl:513
build_si_template_for_fixed_params at /home/orebas/.julia/dev/ODEParameterEstimation/src/core/parameter_estimation.jl:500
unknown function (ip: 0x709e7d327504) at (unknown file)
#prepare_si_template_with_structural_fix#553 at /home/orebas/.julia/dev/ODEParameterEstimation/src/core/parameter_estimation.jl:593
prepare_si_template_with_structural_fix at /home/orebas/.julia/dev/ODEParameterEstimation/src/core/parameter_estimation.jl:560
unknown function (ip: 0x709e809f639a) at (unknown file)
#optimized_multishot_parameter_estimation##6 at /home/orebas/.julia/dev/ODEParameterEstimation/src/core/optimized_multishot_estimation.jl:793
macro expansion at ./timing.jl:699 [inlined]
_record_phase! at /home/orebas/.julia/dev/ODEParameterEstimation/src/core/optimized_multishot_estimation.jl:262
unknown function (ip: 0x709e893ca7d1) at (unknown file)
optimized_multishot_parameter_estimation at /home/orebas/.julia/dev/ODEParameterEstimation/src/core/optimized_multishot_estimation.jl:792
_analyze_parameter_estimation_problem_impl at /home/orebas/.julia/dev/ODEParameterEstimation/src/core/analysis_utils.jl:1019
analyze_parameter_estimation_problem at /home/orebas/.julia/dev/ODEParameterEstimation/src/core/analysis_utils.jl:968 [inlined]
#69 at /home/orebas/.julia/dev/ODEParameterEstimation/repro/petab/dense_single/run.jl:75 [inlined]
with at ./scopedvalues.jl:324
unknown function (ip: 0x709e8979617d) at (unknown file)
#67 at /home/orebas/.julia/dev/ODEParameterEstimation/repro/petab/dense_single/run.jl:74
cd at ./file.jl:112
unknown function (ip: 0x709e8df549ed) at (unknown file)
jl_apply at /cache/build/builder-amdci4-4/julialang/julia-ci/src/julia.h:2318 [inlined]
do_call at /cache/build/builder-amdci4-4/julialang/julia-ci/src/interpreter.c:123
eval_value at /cache/build/builder-amdci4-4/julialang/julia-ci/src/interpreter.c:243
eval_body at /cache/build/builder-amdci4-4/julialang/julia-ci/src/interpreter.c:581
eval_body at /cache/build/builder-amdci4-4/julialang/julia-ci/src/interpreter.c:558
eval_body at /cache/build/builder-amdci4-4/julialang/julia-ci/src/interpreter.c:558
jl_interpret_toplevel_thunk at /cache/build/builder-amdci4-4/julialang/julia-ci/src/interpreter.c:884
jl_toplevel_eval_flex at /cache/build/builder-amdci4-4/julialang/julia-ci/src/toplevel.c:742
jl_eval_toplevel_stmts at /cache/build/builder-amdci4-4/julialang/julia-ci/src/toplevel.c:585
jl_toplevel_eval_flex at /cache/build/builder-amdci4-4/julialang/julia-ci/src/toplevel.c:683
ijl_toplevel_eval at /cache/build/builder-amdci4-4/julialang/julia-ci/src/toplevel.c:754
ijl_toplevel_eval_in at /cache/build/builder-amdci4-4/julialang/julia-ci/src/toplevel.c:799
eval at ./boot.jl:489
include_string at ./loading.jl:3016
_include at ./loading.jl:3076
include at ./Base.jl:309
exec_options at ./client.jl:344
_start at ./client.jl:577
jfptr__start_59126.1 at /home/orebas/.julia/juliaup/julia-1.13.0+0.x64.linux.gnu/lib/julia/sys.so (unknown line)
jl_apply at /cache/build/builder-amdci4-4/julialang/julia-ci/src/julia.h:2318 [inlined]
true_main at /cache/build/builder-amdci4-4/julialang/julia-ci/src/jlapi.c:985
jl_repl_entrypoint at /cache/build/builder-amdci4-4/julialang/julia-ci/src/jlapi.c:1152
main at /cache/build/builder-amdci4-4/julialang/julia-ci/cli/loader_exe.c:58
unknown function (ip: 0x709f34e2a600) at /usr/lib/x86_64-linux-gnu/libc.so.6
__libc_start_main at /usr/lib/x86_64-linux-gnu/libc.so.6 (unknown line)
unknown function (ip: 0x4010b8) at /workspace/srcdir/glibc-2.17/csu/../sysdeps/x86_64/start.S
unknown function (ip: (nil)) at (unknown file)


==============================================================
Profile collected. A report will print at the next yield point.
Disabling --trace-compile
==============================================================


======================================================================================
Information request received. A stacktrace will print followed by a 10.0 second profile.
--trace-compile is enabled during profile collection.
======================================================================================

cmd: /home/orebas/.julia/juliaup/julia-1.13.0+0.x64.linux.gnu/bin/julia 3209835 running 1 of 1

signal (10): User defined signal 1
getindex at ./essentials.jl:970 [inlined]
linalg_vector_addmul_sparsedense_mod_p! at /home/orebas/.julia/packages/Groebner/d0Ueg/src/f4/linalg/backend.jl:764 [inlined]
#linalg_reduce_dense_row_by_pivots_sparse!#110 at /home/orebas/.julia/packages/Groebner/d0Ueg/src/f4/linalg/backend.jl:411
linalg_reduce_dense_row_by_pivots_sparse! at /home/orebas/.julia/packages/Groebner/d0Ueg/src/f4/linalg/backend.jl:365 [inlined]
linalg_reduce_dense_row_by_pivots_sparse! at /home/orebas/.julia/packages/Groebner/d0Ueg/src/f4/linalg/backend.jl:365 [inlined]
linalg_randomized_reduce_matrix_lower_part! at /home/orebas/.julia/packages/Groebner/d0Ueg/src/f4/linalg/backend_randomized.jl:106
linalg_randomized_sparse! at /home/orebas/.julia/packages/Groebner/d0Ueg/src/f4/linalg/backend_randomized.jl:22 [inlined]
_linalg_main! at /home/orebas/.julia/packages/Groebner/d0Ueg/src/f4/linalg/linalg.jl:165
#linalg_main!#101 at /home/orebas/.julia/packages/Groebner/d0Ueg/src/f4/linalg/linalg.jl:42 [inlined]
linalg_main! at /home/orebas/.julia/packages/Groebner/d0Ueg/src/f4/linalg/linalg.jl:23 [inlined]
linalg_main! at /home/orebas/.julia/packages/Groebner/d0Ueg/src/f4/linalg/linalg.jl:23 [inlined]
f4_reduction! at /home/orebas/.julia/packages/Groebner/d0Ueg/src/f4/f4.jl:55
f4! at /home/orebas/.julia/packages/Groebner/d0Ueg/src/f4/f4.jl:436
unknown function (ip: 0x709e7d38f65e) at (unknown file)
_groebner_guess_lucky_prime at /home/orebas/.julia/packages/Groebner/d0Ueg/src/groebner/groebner.jl:181
_groebner_learn_and_apply at /home/orebas/.julia/packages/Groebner/d0Ueg/src/groebner/groebner.jl:251
_groebner2 at /home/orebas/.julia/packages/Groebner/d0Ueg/src/groebner/groebner.jl:147 [inlined]
groebner2 at /home/orebas/.julia/packages/Groebner/d0Ueg/src/groebner/groebner.jl:84
unknown function (ip: 0x709e7d3885ac) at (unknown file)
__groebner1 at /home/orebas/.julia/packages/Groebner/d0Ueg/src/groebner/groebner.jl:61
unknown function (ip: 0x709e7d34dbd7) at (unknown file)
_groebner1 at /home/orebas/.julia/packages/Groebner/d0Ueg/src/groebner/groebner.jl:40
unknown function (ip: 0x709e7d34cf30) at (unknown file)
groebner0 at /home/orebas/.julia/packages/Groebner/d0Ueg/src/groebner/groebner.jl:10
#groebner#229 at /home/orebas/.julia/packages/Groebner/d0Ueg/src/interface.jl:113 [inlined]
groebner at /home/orebas/.julia/packages/Groebner/d0Ueg/src/interface.jl:111
unknown function (ip: 0x709e7d345be2) at (unknown file)
macro expansion at ./timing.jl:463 [inlined]
#get_polynomial_system_from_sian#262 at /home/orebas/.julia/dev/ODEParameterEstimation/src/core/si_equation_builder.jl:1244
get_polynomial_system_from_sian at /home/orebas/.julia/dev/ODEParameterEstimation/src/core/si_equation_builder.jl:1037 [inlined]
#get_si_equation_system#244 at /home/orebas/.julia/dev/ODEParameterEstimation/src/core/si_equation_builder.jl:760
get_si_equation_system at /home/orebas/.julia/dev/ODEParameterEstimation/src/core/si_equation_builder.jl:705 [inlined]
#build_si_template_for_fixed_params#548 at /home/orebas/.julia/dev/ODEParameterEstimation/src/core/parameter_estimation.jl:513
build_si_template_for_fixed_params at /home/orebas/.julia/dev/ODEParameterEstimation/src/core/parameter_estimation.jl:500
unknown function (ip: 0x709e7d327504) at (unknown file)
#prepare_si_template_with_structural_fix#553 at /home/orebas/.julia/dev/ODEParameterEstimation/src/core/parameter_estimation.jl:593
prepare_si_template_with_structural_fix at /home/orebas/.julia/dev/ODEParameterEstimation/src/core/parameter_estimation.jl:560
unknown function (ip: 0x709e809f639a) at (unknown file)
#optimized_multishot_parameter_estimation##6 at /home/orebas/.julia/dev/ODEParameterEstimation/src/core/optimized_multishot_estimation.jl:793
macro expansion at ./timing.jl:699 [inlined]
_record_phase! at /home/orebas/.julia/dev/ODEParameterEstimation/src/core/optimized_multishot_estimation.jl:262
unknown function (ip: 0x709e893ca7d1) at (unknown file)
optimized_multishot_parameter_estimation at /home/orebas/.julia/dev/ODEParameterEstimation/src/core/optimized_multishot_estimation.jl:792
_analyze_parameter_estimation_problem_impl at /home/orebas/.julia/dev/ODEParameterEstimation/src/core/analysis_utils.jl:1019
analyze_parameter_estimation_problem at /home/orebas/.julia/dev/ODEParameterEstimation/src/core/analysis_utils.jl:968 [inlined]
#69 at /home/orebas/.julia/dev/ODEParameterEstimation/repro/petab/dense_single/run.jl:75 [inlined]
with at ./scopedvalues.jl:324
unknown function (ip: 0x709e8979617d) at (unknown file)
#67 at /home/orebas/.julia/dev/ODEParameterEstimation/repro/petab/dense_single/run.jl:74
cd at ./file.jl:112
unknown function (ip: 0x709e8df549ed) at (unknown file)
jl_apply at /cache/build/builder-amdci4-4/julialang/julia-ci/src/julia.h:2318 [inlined]
do_call at /cache/build/builder-amdci4-4/julialang/julia-ci/src/interpreter.c:123
eval_value at /cache/build/builder-amdci4-4/julialang/julia-ci/src/interpreter.c:243
eval_body at /cache/build/builder-amdci4-4/julialang/julia-ci/src/interpreter.c:581
eval_body at /cache/build/builder-amdci4-4/julialang/julia-ci/src/interpreter.c:558
eval_body at /cache/build/builder-amdci4-4/julialang/julia-ci/src/interpreter.c:558
jl_interpret_toplevel_thunk at /cache/build/builder-amdci4-4/julialang/julia-ci/src/interpreter.c:884
jl_toplevel_eval_flex at /cache/build/builder-amdci4-4/julialang/julia-ci/src/toplevel.c:742
jl_eval_toplevel_stmts at /cache/build/builder-amdci4-4/julialang/julia-ci/src/toplevel.c:585
jl_toplevel_eval_flex at /cache/build/builder-amdci4-4/julialang/julia-ci/src/toplevel.c:683
ijl_toplevel_eval at /cache/build/builder-amdci4-4/julialang/julia-ci/src/toplevel.c:754
ijl_toplevel_eval_in at /cache/build/builder-amdci4-4/julialang/julia-ci/src/toplevel.c:799
eval at ./boot.jl:489
include_string at ./loading.jl:3016
_include at ./loading.jl:3076
include at ./Base.jl:309
exec_options at ./client.jl:344
_start at ./client.jl:577
jfptr__start_59126.1 at /home/orebas/.julia/juliaup/julia-1.13.0+0.x64.linux.gnu/lib/julia/sys.so (unknown line)
jl_apply at /cache/build/builder-amdci4-4/julialang/julia-ci/src/julia.h:2318 [inlined]
true_main at /cache/build/builder-amdci4-4/julialang/julia-ci/src/jlapi.c:985
jl_repl_entrypoint at /cache/build/builder-amdci4-4/julialang/julia-ci/src/jlapi.c:1152
main at /cache/build/builder-amdci4-4/julialang/julia-ci/cli/loader_exe.c:58
unknown function (ip: 0x709f34e2a600) at /usr/lib/x86_64-linux-gnu/libc.so.6
__libc_start_main at /usr/lib/x86_64-linux-gnu/libc.so.6 (unknown line)
unknown function (ip: 0x4010b8) at /workspace/srcdir/glibc-2.17/csu/../sysdeps/x86_64/start.S
unknown function (ip: (nil)) at (unknown file)


==============================================================
Profile collected. A report will print at the next yield point.
Disabling --trace-compile
==============================================================


======================================================================================
Information request received. A stacktrace will print followed by a 10.0 second profile.
--trace-compile is enabled during profile collection.
======================================================================================

cmd: /home/orebas/.julia/juliaup/julia-1.13.0+0.x64.linux.gnu/bin/julia 3209835 running 1 of 1

signal (10): User defined signal 1
>>> at ./int.jl:576 [inlined]
mod_p at /home/orebas/.julia/packages/Groebner/d0Ueg/src/arithmetic/Zp.jl:124 [inlined]
linalg_vector_addmul_sparsedense_mod_p! at /home/orebas/.julia/packages/Groebner/d0Ueg/src/f4/linalg/backend.jl:767 [inlined]
#linalg_reduce_dense_row_by_pivots_sparse!#110 at /home/orebas/.julia/packages/Groebner/d0Ueg/src/f4/linalg/backend.jl:411
linalg_reduce_dense_row_by_pivots_sparse! at /home/orebas/.julia/packages/Groebner/d0Ueg/src/f4/linalg/backend.jl:365 [inlined]
linalg_reduce_dense_row_by_pivots_sparse! at /home/orebas/.julia/packages/Groebner/d0Ueg/src/f4/linalg/backend.jl:365 [inlined]
linalg_randomized_reduce_matrix_lower_part! at /home/orebas/.julia/packages/Groebner/d0Ueg/src/f4/linalg/backend_randomized.jl:106
linalg_randomized_sparse! at /home/orebas/.julia/packages/Groebner/d0Ueg/src/f4/linalg/backend_randomized.jl:22 [inlined]
_linalg_main! at /home/orebas/.julia/packages/Groebner/d0Ueg/src/f4/linalg/linalg.jl:165
#linalg_main!#101 at /home/orebas/.julia/packages/Groebner/d0Ueg/src/f4/linalg/linalg.jl:42 [inlined]
linalg_main! at /home/orebas/.julia/packages/Groebner/d0Ueg/src/f4/linalg/linalg.jl:23 [inlined]
linalg_main! at /home/orebas/.julia/packages/Groebner/d0Ueg/src/f4/linalg/linalg.jl:23 [inlined]
f4_reduction! at /home/orebas/.julia/packages/Groebner/d0Ueg/src/f4/f4.jl:55
f4! at /home/orebas/.julia/packages/Groebner/d0Ueg/src/f4/f4.jl:436
unknown function (ip: 0x709e7d38f65e) at (unknown file)
_groebner_guess_lucky_prime at /home/orebas/.julia/packages/Groebner/d0Ueg/src/groebner/groebner.jl:181
_groebner_learn_and_apply at /home/orebas/.julia/packages/Groebner/d0Ueg/src/groebner/groebner.jl:251
_groebner2 at /home/orebas/.julia/packages/Groebner/d0Ueg/src/groebner/groebner.jl:147 [inlined]
groebner2 at /home/orebas/.julia/packages/Groebner/d0Ueg/src/groebner/groebner.jl:84
unknown function (ip: 0x709e7d3885ac) at (unknown file)
__groebner1 at /home/orebas/.julia/packages/Groebner/d0Ueg/src/groebner/groebner.jl:61
unknown function (ip: 0x709e7d34dbd7) at (unknown file)
_groebner1 at /home/orebas/.julia/packages/Groebner/d0Ueg/src/groebner/groebner.jl:40
unknown function (ip: 0x709e7d34cf30) at (unknown file)
groebner0 at /home/orebas/.julia/packages/Groebner/d0Ueg/src/groebner/groebner.jl:10
#groebner#229 at /home/orebas/.julia/packages/Groebner/d0Ueg/src/interface.jl:113 [inlined]
groebner at /home/orebas/.julia/packages/Groebner/d0Ueg/src/interface.jl:111
unknown function (ip: 0x709e7d345be2) at (unknown file)
macro expansion at ./timing.jl:463 [inlined]
#get_polynomial_system_from_sian#262 at /home/orebas/.julia/dev/ODEParameterEstimation/src/core/si_equation_builder.jl:1244
get_polynomial_system_from_sian at /home/orebas/.julia/dev/ODEParameterEstimation/src/core/si_equation_builder.jl:1037 [inlined]
#get_si_equation_system#244 at /home/orebas/.julia/dev/ODEParameterEstimation/src/core/si_equation_builder.jl:760
get_si_equation_system at /home/orebas/.julia/dev/ODEParameterEstimation/src/core/si_equation_builder.jl:705 [inlined]
#build_si_template_for_fixed_params#548 at /home/orebas/.julia/dev/ODEParameterEstimation/src/core/parameter_estimation.jl:513
build_si_template_for_fixed_params at /home/orebas/.julia/dev/ODEParameterEstimation/src/core/parameter_estimation.jl:500
unknown function (ip: 0x709e7d327504) at (unknown file)
#prepare_si_template_with_structural_fix#553 at /home/orebas/.julia/dev/ODEParameterEstimation/src/core/parameter_estimation.jl:593
prepare_si_template_with_structural_fix at /home/orebas/.julia/dev/ODEParameterEstimation/src/core/parameter_estimation.jl:560
unknown function (ip: 0x709e809f639a) at (unknown file)
#optimized_multishot_parameter_estimation##6 at /home/orebas/.julia/dev/ODEParameterEstimation/src/core/optimized_multishot_estimation.jl:793
macro expansion at ./timing.jl:699 [inlined]
_record_phase! at /home/orebas/.julia/dev/ODEParameterEstimation/src/core/optimized_multishot_estimation.jl:262
unknown function (ip: 0x709e893ca7d1) at (unknown file)
optimized_multishot_parameter_estimation at /home/orebas/.julia/dev/ODEParameterEstimation/src/core/optimized_multishot_estimation.jl:792
_analyze_parameter_estimation_problem_impl at /home/orebas/.julia/dev/ODEParameterEstimation/src/core/analysis_utils.jl:1019
analyze_parameter_estimation_problem at /home/orebas/.julia/dev/ODEParameterEstimation/src/core/analysis_utils.jl:968 [inlined]
#69 at /home/orebas/.julia/dev/ODEParameterEstimation/repro/petab/dense_single/run.jl:75 [inlined]
with at ./scopedvalues.jl:324
unknown function (ip: 0x709e8979617d) at (unknown file)
#67 at /home/orebas/.julia/dev/ODEParameterEstimation/repro/petab/dense_single/run.jl:74
cd at ./file.jl:112
unknown function (ip: 0x709e8df549ed) at (unknown file)
jl_apply at /cache/build/builder-amdci4-4/julialang/julia-ci/src/julia.h:2318 [inlined]
do_call at /cache/build/builder-amdci4-4/julialang/julia-ci/src/interpreter.c:123
eval_value at /cache/build/builder-amdci4-4/julialang/julia-ci/src/interpreter.c:243
eval_body at /cache/build/builder-amdci4-4/julialang/julia-ci/src/interpreter.c:581
eval_body at /cache/build/builder-amdci4-4/julialang/julia-ci/src/interpreter.c:558
eval_body at /cache/build/builder-amdci4-4/julialang/julia-ci/src/interpreter.c:558
jl_interpret_toplevel_thunk at /cache/build/builder-amdci4-4/julialang/julia-ci/src/interpreter.c:884
jl_toplevel_eval_flex at /cache/build/builder-amdci4-4/julialang/julia-ci/src/toplevel.c:742
jl_eval_toplevel_stmts at /cache/build/builder-amdci4-4/julialang/julia-ci/src/toplevel.c:585
jl_toplevel_eval_flex at /cache/build/builder-amdci4-4/julialang/julia-ci/src/toplevel.c:683
ijl_toplevel_eval at /cache/build/builder-amdci4-4/julialang/julia-ci/src/toplevel.c:754
ijl_toplevel_eval_in at /cache/build/builder-amdci4-4/julialang/julia-ci/src/toplevel.c:799
eval at ./boot.jl:489
include_string at ./loading.jl:3016
_include at ./loading.jl:3076
include at ./Base.jl:309
exec_options at ./client.jl:344
_start at ./client.jl:577
jfptr__start_59126.1 at /home/orebas/.julia/juliaup/julia-1.13.0+0.x64.linux.gnu/lib/julia/sys.so (unknown line)
jl_apply at /cache/build/builder-amdci4-4/julialang/julia-ci/src/julia.h:2318 [inlined]
true_main at /cache/build/builder-amdci4-4/julialang/julia-ci/src/jlapi.c:985
jl_repl_entrypoint at /cache/build/builder-amdci4-4/julialang/julia-ci/src/jlapi.c:1152
main at /cache/build/builder-amdci4-4/julialang/julia-ci/cli/loader_exe.c:58
unknown function (ip: 0x709f34e2a600) at /usr/lib/x86_64-linux-gnu/libc.so.6
__libc_start_main at /usr/lib/x86_64-linux-gnu/libc.so.6 (unknown line)
unknown function (ip: 0x4010b8) at /workspace/srcdir/glibc-2.17/csu/../sysdeps/x86_64/start.S
unknown function (ip: (nil)) at (unknown file)


==============================================================
Profile collected. A report will print at the next yield point.
Disabling --trace-compile
==============================================================


======================================================================================
Information request received. A stacktrace will print followed by a 10.0 second profile.
--trace-compile is enabled during profile collection.
======================================================================================

cmd: /home/orebas/.julia/juliaup/julia-1.13.0+0.x64.linux.gnu/bin/julia 3209835 running 1 of 1

signal (10): User defined signal 1
getindex at ./essentials.jl:970 [inlined]
linalg_vector_addmul_sparsedense_mod_p! at /home/orebas/.julia/packages/Groebner/d0Ueg/src/f4/linalg/backend.jl:764 [inlined]
#linalg_reduce_dense_row_by_pivots_sparse!#110 at /home/orebas/.julia/packages/Groebner/d0Ueg/src/f4/linalg/backend.jl:411
linalg_reduce_dense_row_by_pivots_sparse! at /home/orebas/.julia/packages/Groebner/d0Ueg/src/f4/linalg/backend.jl:365 [inlined]
linalg_reduce_dense_row_by_pivots_sparse! at /home/orebas/.julia/packages/Groebner/d0Ueg/src/f4/linalg/backend.jl:365 [inlined]
linalg_randomized_reduce_matrix_lower_part! at /home/orebas/.julia/packages/Groebner/d0Ueg/src/f4/linalg/backend_randomized.jl:106
linalg_randomized_sparse! at /home/orebas/.julia/packages/Groebner/d0Ueg/src/f4/linalg/backend_randomized.jl:22 [inlined]
_linalg_main! at /home/orebas/.julia/packages/Groebner/d0Ueg/src/f4/linalg/linalg.jl:165
#linalg_main!#101 at /home/orebas/.julia/packages/Groebner/d0Ueg/src/f4/linalg/linalg.jl:42 [inlined]
linalg_main! at /home/orebas/.julia/packages/Groebner/d0Ueg/src/f4/linalg/linalg.jl:23 [inlined]
linalg_main! at /home/orebas/.julia/packages/Groebner/d0Ueg/src/f4/linalg/linalg.jl:23 [inlined]
f4_reduction! at /home/orebas/.julia/packages/Groebner/d0Ueg/src/f4/f4.jl:55
f4! at /home/orebas/.julia/packages/Groebner/d0Ueg/src/f4/f4.jl:436
unknown function (ip: 0x709e7d38f65e) at (unknown file)
_groebner_guess_lucky_prime at /home/orebas/.julia/packages/Groebner/d0Ueg/src/groebner/groebner.jl:181
_groebner_learn_and_apply at /home/orebas/.julia/packages/Groebner/d0Ueg/src/groebner/groebner.jl:251
_groebner2 at /home/orebas/.julia/packages/Groebner/d0Ueg/src/groebner/groebner.jl:147 [inlined]
groebner2 at /home/orebas/.julia/packages/Groebner/d0Ueg/src/groebner/groebner.jl:84
unknown function (ip: 0x709e7d3885ac) at (unknown file)
__groebner1 at /home/orebas/.julia/packages/Groebner/d0Ueg/src/groebner/groebner.jl:61
unknown function (ip: 0x709e7d34dbd7) at (unknown file)
_groebner1 at /home/orebas/.julia/packages/Groebner/d0Ueg/src/groebner/groebner.jl:40
unknown function (ip: 0x709e7d34cf30) at (unknown file)
groebner0 at /home/orebas/.julia/packages/Groebner/d0Ueg/src/groebner/groebner.jl:10
#groebner#229 at /home/orebas/.julia/packages/Groebner/d0Ueg/src/interface.jl:113 [inlined]
groebner at /home/orebas/.julia/packages/Groebner/d0Ueg/src/interface.jl:111
unknown function (ip: 0x709e7d345be2) at (unknown file)
macro expansion at ./timing.jl:463 [inlined]
#get_polynomial_system_from_sian#262 at /home/orebas/.julia/dev/ODEParameterEstimation/src/core/si_equation_builder.jl:1244
get_polynomial_system_from_sian at /home/orebas/.julia/dev/ODEParameterEstimation/src/core/si_equation_builder.jl:1037 [inlined]
#get_si_equation_system#244 at /home/orebas/.julia/dev/ODEParameterEstimation/src/core/si_equation_builder.jl:760
get_si_equation_system at /home/orebas/.julia/dev/ODEParameterEstimation/src/core/si_equation_builder.jl:705 [inlined]
#build_si_template_for_fixed_params#548 at /home/orebas/.julia/dev/ODEParameterEstimation/src/core/parameter_estimation.jl:513
build_si_template_for_fixed_params at /home/orebas/.julia/dev/ODEParameterEstimation/src/core/parameter_estimation.jl:500
unknown function (ip: 0x709e7d327504) at (unknown file)
#prepare_si_template_with_structural_fix#553 at /home/orebas/.julia/dev/ODEParameterEstimation/src/core/parameter_estimation.jl:593
prepare_si_template_with_structural_fix at /home/orebas/.julia/dev/ODEParameterEstimation/src/core/parameter_estimation.jl:560
unknown function (ip: 0x709e809f639a) at (unknown file)
#optimized_multishot_parameter_estimation##6 at /home/orebas/.julia/dev/ODEParameterEstimation/src/core/optimized_multishot_estimation.jl:793
macro expansion at ./timing.jl:699 [inlined]
_record_phase! at /home/orebas/.julia/dev/ODEParameterEstimation/src/core/optimized_multishot_estimation.jl:262
unknown function (ip: 0x709e893ca7d1) at (unknown file)
optimized_multishot_parameter_estimation at /home/orebas/.julia/dev/ODEParameterEstimation/src/core/optimized_multishot_estimation.jl:792
_analyze_parameter_estimation_problem_impl at /home/orebas/.julia/dev/ODEParameterEstimation/src/core/analysis_utils.jl:1019
analyze_parameter_estimation_problem at /home/orebas/.julia/dev/ODEParameterEstimation/src/core/analysis_utils.jl:968 [inlined]
#69 at /home/orebas/.julia/dev/ODEParameterEstimation/repro/petab/dense_single/run.jl:75 [inlined]
with at ./scopedvalues.jl:324
unknown function (ip: 0x709e8979617d) at (unknown file)
#67 at /home/orebas/.julia/dev/ODEParameterEstimation/repro/petab/dense_single/run.jl:74
cd at ./file.jl:112
unknown function (ip: 0x709e8df549ed) at (unknown file)
jl_apply at /cache/build/builder-amdci4-4/julialang/julia-ci/src/julia.h:2318 [inlined]
do_call at /cache/build/builder-amdci4-4/julialang/julia-ci/src/interpreter.c:123
eval_value at /cache/build/builder-amdci4-4/julialang/julia-ci/src/interpreter.c:243
eval_body at /cache/build/builder-amdci4-4/julialang/julia-ci/src/interpreter.c:581
eval_body at /cache/build/builder-amdci4-4/julialang/julia-ci/src/interpreter.c:558
eval_body at /cache/build/builder-amdci4-4/julialang/julia-ci/src/interpreter.c:558
jl_interpret_toplevel_thunk at /cache/build/builder-amdci4-4/julialang/julia-ci/src/interpreter.c:884
jl_toplevel_eval_flex at /cache/build/builder-amdci4-4/julialang/julia-ci/src/toplevel.c:742
jl_eval_toplevel_stmts at /cache/build/builder-amdci4-4/julialang/julia-ci/src/toplevel.c:585
jl_toplevel_eval_flex at /cache/build/builder-amdci4-4/julialang/julia-ci/src/toplevel.c:683
ijl_toplevel_eval at /cache/build/builder-amdci4-4/julialang/julia-ci/src/toplevel.c:754
ijl_toplevel_eval_in at /cache/build/builder-amdci4-4/julialang/julia-ci/src/toplevel.c:799
eval at ./boot.jl:489
include_string at ./loading.jl:3016
_include at ./loading.jl:3076
include at ./Base.jl:309
exec_options at ./client.jl:344
_start at ./client.jl:577
jfptr__start_59126.1 at /home/orebas/.julia/juliaup/julia-1.13.0+0.x64.linux.gnu/lib/julia/sys.so (unknown line)
jl_apply at /cache/build/builder-amdci4-4/julialang/julia-ci/src/julia.h:2318 [inlined]
true_main at /cache/build/builder-amdci4-4/julialang/julia-ci/src/jlapi.c:985
jl_repl_entrypoint at /cache/build/builder-amdci4-4/julialang/julia-ci/src/jlapi.c:1152
main at /cache/build/builder-amdci4-4/julialang/julia-ci/cli/loader_exe.c:58
unknown function (ip: 0x709f34e2a600) at /usr/lib/x86_64-linux-gnu/libc.so.6
__libc_start_main at /usr/lib/x86_64-linux-gnu/libc.so.6 (unknown line)
unknown function (ip: 0x4010b8) at /workspace/srcdir/glibc-2.17/csu/../sysdeps/x86_64/start.S
unknown function (ip: (nil)) at (unknown file)


==============================================================
Profile collected. A report will print at the next yield point.
Disabling --trace-compile
==============================================================


======================================================================================
Information request received. A stacktrace will print followed by a 10.0 second profile.
--trace-compile is enabled during profile collection.
======================================================================================

cmd: /home/orebas/.julia/juliaup/julia-1.13.0+0.x64.linux.gnu/bin/julia 3209835 running 1 of 1

signal (10): User defined signal 1
iterate at ./range.jl:928 [inlined]
#linalg_reduce_dense_row_by_pivots_sparse!#110 at /home/orebas/.julia/packages/Groebner/d0Ueg/src/f4/linalg/backend.jl:414
linalg_reduce_dense_row_by_pivots_sparse! at /home/orebas/.julia/packages/Groebner/d0Ueg/src/f4/linalg/backend.jl:365 [inlined]
linalg_reduce_dense_row_by_pivots_sparse! at /home/orebas/.julia/packages/Groebner/d0Ueg/src/f4/linalg/backend.jl:365 [inlined]
#linalg_interreduce_matrix_pivots!#104 at /home/orebas/.julia/packages/Groebner/d0Ueg/src/f4/linalg/backend.jl:170
linalg_interreduce_matrix_pivots! at /home/orebas/.julia/packages/Groebner/d0Ueg/src/f4/linalg/backend.jl:127 [inlined]
linalg_randomized_sparse! at /home/orebas/.julia/packages/Groebner/d0Ueg/src/f4/linalg/backend_randomized.jl:24 [inlined]
_linalg_main! at /home/orebas/.julia/packages/Groebner/d0Ueg/src/f4/linalg/linalg.jl:165
#linalg_main!#101 at /home/orebas/.julia/packages/Groebner/d0Ueg/src/f4/linalg/linalg.jl:42 [inlined]
linalg_main! at /home/orebas/.julia/packages/Groebner/d0Ueg/src/f4/linalg/linalg.jl:23 [inlined]
linalg_main! at /home/orebas/.julia/packages/Groebner/d0Ueg/src/f4/linalg/linalg.jl:23 [inlined]
f4_reduction! at /home/orebas/.julia/packages/Groebner/d0Ueg/src/f4/f4.jl:55
f4! at /home/orebas/.julia/packages/Groebner/d0Ueg/src/f4/f4.jl:436
unknown function (ip: 0x709e7d38f65e) at (unknown file)
_groebner_guess_lucky_prime at /home/orebas/.julia/packages/Groebner/d0Ueg/src/groebner/groebner.jl:181
_groebner_learn_and_apply at /home/orebas/.julia/packages/Groebner/d0Ueg/src/groebner/groebner.jl:251
_groebner2 at /home/orebas/.julia/packages/Groebner/d0Ueg/src/groebner/groebner.jl:147 [inlined]
groebner2 at /home/orebas/.julia/packages/Groebner/d0Ueg/src/groebner/groebner.jl:84
unknown function (ip: 0x709e7d3885ac) at (unknown file)
__groebner1 at /home/orebas/.julia/packages/Groebner/d0Ueg/src/groebner/groebner.jl:61
unknown function (ip: 0x709e7d34dbd7) at (unknown file)
_groebner1 at /home/orebas/.julia/packages/Groebner/d0Ueg/src/groebner/groebner.jl:40
unknown function (ip: 0x709e7d34cf30) at (unknown file)
groebner0 at /home/orebas/.julia/packages/Groebner/d0Ueg/src/groebner/groebner.jl:10
#groebner#229 at /home/orebas/.julia/packages/Groebner/d0Ueg/src/interface.jl:113 [inlined]
groebner at /home/orebas/.julia/packages/Groebner/d0Ueg/src/interface.jl:111
unknown function (ip: 0x709e7d345be2) at (unknown file)
macro expansion at ./timing.jl:463 [inlined]
#get_polynomial_system_from_sian#262 at /home/orebas/.julia/dev/ODEParameterEstimation/src/core/si_equation_builder.jl:1244
get_polynomial_system_from_sian at /home/orebas/.julia/dev/ODEParameterEstimation/src/core/si_equation_builder.jl:1037 [inlined]
#get_si_equation_system#244 at /home/orebas/.julia/dev/ODEParameterEstimation/src/core/si_equation_builder.jl:760
get_si_equation_system at /home/orebas/.julia/dev/ODEParameterEstimation/src/core/si_equation_builder.jl:705 [inlined]
#build_si_template_for_fixed_params#548 at /home/orebas/.julia/dev/ODEParameterEstimation/src/core/parameter_estimation.jl:513
build_si_template_for_fixed_params at /home/orebas/.julia/dev/ODEParameterEstimation/src/core/parameter_estimation.jl:500
unknown function (ip: 0x709e7d327504) at (unknown file)
#prepare_si_template_with_structural_fix#553 at /home/orebas/.julia/dev/ODEParameterEstimation/src/core/parameter_estimation.jl:593
prepare_si_template_with_structural_fix at /home/orebas/.julia/dev/ODEParameterEstimation/src/core/parameter_estimation.jl:560
unknown function (ip: 0x709e809f639a) at (unknown file)
#optimized_multishot_parameter_estimation##6 at /home/orebas/.julia/dev/ODEParameterEstimation/src/core/optimized_multishot_estimation.jl:793
macro expansion at ./timing.jl:699 [inlined]
_record_phase! at /home/orebas/.julia/dev/ODEParameterEstimation/src/core/optimized_multishot_estimation.jl:262
unknown function (ip: 0x709e893ca7d1) at (unknown file)
optimized_multishot_parameter_estimation at /home/orebas/.julia/dev/ODEParameterEstimation/src/core/optimized_multishot_estimation.jl:792
_analyze_parameter_estimation_problem_impl at /home/orebas/.julia/dev/ODEParameterEstimation/src/core/analysis_utils.jl:1019
analyze_parameter_estimation_problem at /home/orebas/.julia/dev/ODEParameterEstimation/src/core/analysis_utils.jl:968 [inlined]
#69 at /home/orebas/.julia/dev/ODEParameterEstimation/repro/petab/dense_single/run.jl:75 [inlined]
with at ./scopedvalues.jl:324
unknown function (ip: 0x709e8979617d) at (unknown file)
#67 at /home/orebas/.julia/dev/ODEParameterEstimation/repro/petab/dense_single/run.jl:74
cd at ./file.jl:112
unknown function (ip: 0x709e8df549ed) at (unknown file)
jl_apply at /cache/build/builder-amdci4-4/julialang/julia-ci/src/julia.h:2318 [inlined]
do_call at /cache/build/builder-amdci4-4/julialang/julia-ci/src/interpreter.c:123
eval_value at /cache/build/builder-amdci4-4/julialang/julia-ci/src/interpreter.c:243
eval_body at /cache/build/builder-amdci4-4/julialang/julia-ci/src/interpreter.c:581
eval_body at /cache/build/builder-amdci4-4/julialang/julia-ci/src/interpreter.c:558
eval_body at /cache/build/builder-amdci4-4/julialang/julia-ci/src/interpreter.c:558
jl_interpret_toplevel_thunk at /cache/build/builder-amdci4-4/julialang/julia-ci/src/interpreter.c:884
jl_toplevel_eval_flex at /cache/build/builder-amdci4-4/julialang/julia-ci/src/toplevel.c:742
jl_eval_toplevel_stmts at /cache/build/builder-amdci4-4/julialang/julia-ci/src/toplevel.c:585
jl_toplevel_eval_flex at /cache/build/builder-amdci4-4/julialang/julia-ci/src/toplevel.c:683
ijl_toplevel_eval at /cache/build/builder-amdci4-4/julialang/julia-ci/src/toplevel.c:754
ijl_toplevel_eval_in at /cache/build/builder-amdci4-4/julialang/julia-ci/src/toplevel.c:799
eval at ./boot.jl:489
include_string at ./loading.jl:3016
_include at ./loading.jl:3076
include at ./Base.jl:309
exec_options at ./client.jl:344
_start at ./client.jl:577
jfptr__start_59126.1 at /home/orebas/.julia/juliaup/julia-1.13.0+0.x64.linux.gnu/lib/julia/sys.so (unknown line)
jl_apply at /cache/build/builder-amdci4-4/julialang/julia-ci/src/julia.h:2318 [inlined]
true_main at /cache/build/builder-amdci4-4/julialang/julia-ci/src/jlapi.c:985
jl_repl_entrypoint at /cache/build/builder-amdci4-4/julialang/julia-ci/src/jlapi.c:1152
main at /cache/build/builder-amdci4-4/julialang/julia-ci/cli/loader_exe.c:58
unknown function (ip: 0x709f34e2a600) at /usr/lib/x86_64-linux-gnu/libc.so.6
__libc_start_main at /usr/lib/x86_64-linux-gnu/libc.so.6 (unknown line)
unknown function (ip: 0x4010b8) at /workspace/srcdir/glibc-2.17/csu/../sysdeps/x86_64/start.S
unknown function (ip: (nil)) at (unknown file)


==============================================================
Profile collected. A report will print at the next yield point.
Disabling --trace-compile
==============================================================


======================================================================================
Information request received. A stacktrace will print followed by a 10.0 second profile.
--trace-compile is enabled during profile collection.
======================================================================================

cmd: /home/orebas/.julia/juliaup/julia-1.13.0+0.x64.linux.gnu/bin/julia 3209835 running 1 of 1

signal (10): User defined signal 1
getindex at ./essentials.jl:970 [inlined]
basis_mark_redundant_elements! at /home/orebas/.julia/packages/Groebner/d0Ueg/src/f4/basis.jl:579
f4_update! at /home/orebas/.julia/packages/Groebner/d0Ueg/src/f4/f4.jl:74
f4! at /home/orebas/.julia/packages/Groebner/d0Ueg/src/f4/f4.jl:437
unknown function (ip: 0x709e7d38f65e) at (unknown file)
_groebner_guess_lucky_prime at /home/orebas/.julia/packages/Groebner/d0Ueg/src/groebner/groebner.jl:181
_groebner_learn_and_apply at /home/orebas/.julia/packages/Groebner/d0Ueg/src/groebner/groebner.jl:251
_groebner2 at /home/orebas/.julia/packages/Groebner/d0Ueg/src/groebner/groebner.jl:147 [inlined]
groebner2 at /home/orebas/.julia/packages/Groebner/d0Ueg/src/groebner/groebner.jl:84
unknown function (ip: 0x709e7d3885ac) at (unknown file)
__groebner1 at /home/orebas/.julia/packages/Groebner/d0Ueg/src/groebner/groebner.jl:61
unknown function (ip: 0x709e7d34dbd7) at (unknown file)
_groebner1 at /home/orebas/.julia/packages/Groebner/d0Ueg/src/groebner/groebner.jl:40
unknown function (ip: 0x709e7d34cf30) at (unknown file)
groebner0 at /home/orebas/.julia/packages/Groebner/d0Ueg/src/groebner/groebner.jl:10
#groebner#229 at /home/orebas/.julia/packages/Groebner/d0Ueg/src/interface.jl:113 [inlined]
groebner at /home/orebas/.julia/packages/Groebner/d0Ueg/src/interface.jl:111
unknown function (ip: 0x709e7d345be2) at (unknown file)
macro expansion at ./timing.jl:463 [inlined]
#get_polynomial_system_from_sian#262 at /home/orebas/.julia/dev/ODEParameterEstimation/src/core/si_equation_builder.jl:1244
get_polynomial_system_from_sian at /home/orebas/.julia/dev/ODEParameterEstimation/src/core/si_equation_builder.jl:1037 [inlined]
#get_si_equation_system#244 at /home/orebas/.julia/dev/ODEParameterEstimation/src/core/si_equation_builder.jl:760
get_si_equation_system at /home/orebas/.julia/dev/ODEParameterEstimation/src/core/si_equation_builder.jl:705 [inlined]
#build_si_template_for_fixed_params#548 at /home/orebas/.julia/dev/ODEParameterEstimation/src/core/parameter_estimation.jl:513
build_si_template_for_fixed_params at /home/orebas/.julia/dev/ODEParameterEstimation/src/core/parameter_estimation.jl:500
unknown function (ip: 0x709e7d327504) at (unknown file)
#prepare_si_template_with_structural_fix#553 at /home/orebas/.julia/dev/ODEParameterEstimation/src/core/parameter_estimation.jl:593
prepare_si_template_with_structural_fix at /home/orebas/.julia/dev/ODEParameterEstimation/src/core/parameter_estimation.jl:560
unknown function (ip: 0x709e809f639a) at (unknown file)
#optimized_multishot_parameter_estimation##6 at /home/orebas/.julia/dev/ODEParameterEstimation/src/core/optimized_multishot_estimation.jl:793
macro expansion at ./timing.jl:699 [inlined]
_record_phase! at /home/orebas/.julia/dev/ODEParameterEstimation/src/core/optimized_multishot_estimation.jl:262
unknown function (ip: 0x709e893ca7d1) at (unknown file)
optimized_multishot_parameter_estimation at /home/orebas/.julia/dev/ODEParameterEstimation/src/core/optimized_multishot_estimation.jl:792
_analyze_parameter_estimation_problem_impl at /home/orebas/.julia/dev/ODEParameterEstimation/src/core/analysis_utils.jl:1019
analyze_parameter_estimation_problem at /home/orebas/.julia/dev/ODEParameterEstimation/src/core/analysis_utils.jl:968 [inlined]
#69 at /home/orebas/.julia/dev/ODEParameterEstimation/repro/petab/dense_single/run.jl:75 [inlined]
with at ./scopedvalues.jl:324
unknown function (ip: 0x709e8979617d) at (unknown file)
#67 at /home/orebas/.julia/dev/ODEParameterEstimation/repro/petab/dense_single/run.jl:74
cd at ./file.jl:112
unknown function (ip: 0x709e8df549ed) at (unknown file)
jl_apply at /cache/build/builder-amdci4-4/julialang/julia-ci/src/julia.h:2318 [inlined]
do_call at /cache/build/builder-amdci4-4/julialang/julia-ci/src/interpreter.c:123
eval_value at /cache/build/builder-amdci4-4/julialang/julia-ci/src/interpreter.c:243
eval_body at /cache/build/builder-amdci4-4/julialang/julia-ci/src/interpreter.c:581
eval_body at /cache/build/builder-amdci4-4/julialang/julia-ci/src/interpreter.c:558
eval_body at /cache/build/builder-amdci4-4/julialang/julia-ci/src/interpreter.c:558
jl_interpret_toplevel_thunk at /cache/build/builder-amdci4-4/julialang/julia-ci/src/interpreter.c:884
jl_toplevel_eval_flex at /cache/build/builder-amdci4-4/julialang/julia-ci/src/toplevel.c:742
jl_eval_toplevel_stmts at /cache/build/builder-amdci4-4/julialang/julia-ci/src/toplevel.c:585
jl_toplevel_eval_flex at /cache/build/builder-amdci4-4/julialang/julia-ci/src/toplevel.c:683
ijl_toplevel_eval at /cache/build/builder-amdci4-4/julialang/julia-ci/src/toplevel.c:754
ijl_toplevel_eval_in at /cache/build/builder-amdci4-4/julialang/julia-ci/src/toplevel.c:799
eval at ./boot.jl:489
include_string at ./loading.jl:3016
_include at ./loading.jl:3076
include at ./Base.jl:309
exec_options at ./client.jl:344
_start at ./client.jl:577
jfptr__start_59126.1 at /home/orebas/.julia/juliaup/julia-1.13.0+0.x64.linux.gnu/lib/julia/sys.so (unknown line)
jl_apply at /cache/build/builder-amdci4-4/julialang/julia-ci/src/julia.h:2318 [inlined]
true_main at /cache/build/builder-amdci4-4/julialang/julia-ci/src/jlapi.c:985
jl_repl_entrypoint at /cache/build/builder-amdci4-4/julialang/julia-ci/src/jlapi.c:1152
main at /cache/build/builder-amdci4-4/julialang/julia-ci/cli/loader_exe.c:58
unknown function (ip: 0x709f34e2a600) at /usr/lib/x86_64-linux-gnu/libc.so.6
__libc_start_main at /usr/lib/x86_64-linux-gnu/libc.so.6 (unknown line)
unknown function (ip: 0x4010b8) at /workspace/srcdir/glibc-2.17/csu/../sysdeps/x86_64/start.S
unknown function (ip: (nil)) at (unknown file)


==============================================================
Profile collected. A report will print at the next yield point.
Disabling --trace-compile
==============================================================

[STRUCTURAL-FIX] Structural unidentifiable set from SI: Set(Num[k_3, k1, k2, IPR_R(t), l_6, l4, IPR_S(t), IPR_O(t), l2, IPR_A(t), k3, k_4, IPR_I1(t), k_1, IPR_I2(t), l_2, l_4, l6, k_2, k4])
[STRUCTURAL-FIX] Representative structural fix set: OrderedCollections.OrderedDict{Num, Float64}(l2 => 1.0, k_4 => 1.0, k_3 => 1.0, k_2 => 1.0, k_1 => 1.0, k4 => 1.0, k3 => 1.0, k2 => 1.0, k1 => 1.0)
[STRUCTURAL-FIX] Practical/numerical identifiability status: not_assessed
FINISHED Sneyd_PNAS2002 interrupted
PROFILE_SAVED /tmp/odepe-local-si-sneyd-20260914/profile_1789414503.txt
[ Info: Getting equation system from StructuralIdentifiability.jl
[ Info: Converting ODESystem to SI.jl format
┌ Warning: Floating point value -2.0 will be converted to -2//1.
└ @ ModelingToolkitSIExt ~/.julia/packages/StructuralIdentifiability/S5eMo/ext/ModelingToolkitSIExt.jl:97
┌ Warning: Floating point value 2.0 will be converted to 2.
└ @ ModelingToolkitSIExt ~/.julia/packages/StructuralIdentifiability/S5eMo/ext/ModelingToolkitSIExt.jl:97
┌ Warning: Floating point value 0.1 will be converted to 1//10.
└ @ ModelingToolkitSIExt ~/.julia/packages/StructuralIdentifiability/S5eMo/ext/ModelingToolkitSIExt.jl:97
┌ Warning: Floating point value 2.0 will be converted to 2.
└ @ ModelingToolkitSIExt ~/.julia/packages/StructuralIdentifiability/S5eMo/ext/ModelingToolkitSIExt.jl:97
┌ Warning: Floating point value -0.1 will be converted to -1//10.
└ @ ModelingToolkitSIExt ~/.julia/packages/StructuralIdentifiability/S5eMo/ext/ModelingToolkitSIExt.jl:97
┌ Warning: Floating point value 0.1 will be converted to 1//10.
└ @ ModelingToolkitSIExt ~/.julia/packages/StructuralIdentifiability/S5eMo/ext/ModelingToolkitSIExt.jl:97
┌ Warning: Floating point value -10.0 will be converted to -10//1.
└ @ ModelingToolkitSIExt ~/.julia/packages/StructuralIdentifiability/S5eMo/ext/ModelingToolkitSIExt.jl:97
┌ Warning: Floating point value 0.1 will be converted to 1//10.
└ @ ModelingToolkitSIExt ~/.julia/packages/StructuralIdentifiability/S5eMo/ext/ModelingToolkitSIExt.jl:97
┌ Warning: Floating point value 0.1 will be converted to 1//10.
└ @ ModelingToolkitSIExt ~/.julia/packages/StructuralIdentifiability/S5eMo/ext/ModelingToolkitSIExt.jl:97
┌ Warning: Floating point value 2.0 will be converted to 2.
└ @ ModelingToolkitSIExt ~/.julia/packages/StructuralIdentifiability/S5eMo/ext/ModelingToolkitSIExt.jl:97
┌ Warning: Floating point value 0.1 will be converted to 1//10.
└ @ ModelingToolkitSIExt ~/.julia/packages/StructuralIdentifiability/S5eMo/ext/ModelingToolkitSIExt.jl:97
┌ Warning: Floating point value 0.1 will be converted to 1//10.
└ @ ModelingToolkitSIExt ~/.julia/packages/StructuralIdentifiability/S5eMo/ext/ModelingToolkitSIExt.jl:97
┌ Warning: Floating point value -2.0 will be converted to -2//1.
└ @ ModelingToolkitSIExt ~/.julia/packages/StructuralIdentifiability/S5eMo/ext/ModelingToolkitSIExt.jl:97
┌ Warning: Floating point value 0.1 will be converted to 1//10.
└ @ ModelingToolkitSIExt ~/.julia/packages/StructuralIdentifiability/S5eMo/ext/ModelingToolkitSIExt.jl:97
┌ Warning: Floating point value -2.0 will be converted to -2//1.
└ @ ModelingToolkitSIExt ~/.julia/packages/StructuralIdentifiability/S5eMo/ext/ModelingToolkitSIExt.jl:97
┌ Warning: Floating point value 0.1 will be converted to 1//10.
└ @ ModelingToolkitSIExt ~/.julia/packages/StructuralIdentifiability/S5eMo/ext/ModelingToolkitSIExt.jl:97
┌ Warning: Floating point value 0.1 will be converted to 1//10.
└ @ ModelingToolkitSIExt ~/.julia/packages/StructuralIdentifiability/S5eMo/ext/ModelingToolkitSIExt.jl:97
┌ Warning: Floating point value 2.0 will be converted to 2.
└ @ ModelingToolkitSIExt ~/.julia/packages/StructuralIdentifiability/S5eMo/ext/ModelingToolkitSIExt.jl:97
┌ Warning: Floating point value -0.2 will be converted to -1//5.
└ @ ModelingToolkitSIExt ~/.julia/packages/StructuralIdentifiability/S5eMo/ext/ModelingToolkitSIExt.jl:97
┌ Warning: Floating point value 0.1 will be converted to 1//10.
└ @ ModelingToolkitSIExt ~/.julia/packages/StructuralIdentifiability/S5eMo/ext/ModelingToolkitSIExt.jl:97
┌ Warning: Floating point value 0.5 will be converted to 1//2.
└ @ ModelingToolkitSIExt ~/.julia/packages/StructuralIdentifiability/S5eMo/ext/ModelingToolkitSIExt.jl:97
┌ Warning: Floating point value 0.1 will be converted to 1//10.
└ @ ModelingToolkitSIExt ~/.julia/packages/StructuralIdentifiability/S5eMo/ext/ModelingToolkitSIExt.jl:97
┌ Warning: Floating point value 10.0 will be converted to 10.
└ @ ModelingToolkitSIExt ~/.julia/packages/StructuralIdentifiability/S5eMo/ext/ModelingToolkitSIExt.jl:97
┌ Warning: Floating point value 0.1 will be converted to 1//10.
└ @ ModelingToolkitSIExt ~/.julia/packages/StructuralIdentifiability/S5eMo/ext/ModelingToolkitSIExt.jl:97
┌ Warning: Floating point value 0.1 will be converted to 1//10.
└ @ ModelingToolkitSIExt ~/.julia/packages/StructuralIdentifiability/S5eMo/ext/ModelingToolkitSIExt.jl:97
┌ Warning: Floating point value 2.0 will be converted to 2.
└ @ ModelingToolkitSIExt ~/.julia/packages/StructuralIdentifiability/S5eMo/ext/ModelingToolkitSIExt.jl:97
┌ Warning: Floating point value -0.5 will be converted to -1//2.
└ @ ModelingToolkitSIExt ~/.julia/packages/StructuralIdentifiability/S5eMo/ext/ModelingToolkitSIExt.jl:97
┌ Warning: Floating point value 0.05 will be converted to 1//20.
└ @ ModelingToolkitSIExt ~/.julia/packages/StructuralIdentifiability/S5eMo/ext/ModelingToolkitSIExt.jl:97
┌ Warning: Floating point value 0.1 will be converted to 1//10.
└ @ ModelingToolkitSIExt ~/.julia/packages/StructuralIdentifiability/S5eMo/ext/ModelingToolkitSIExt.jl:97
┌ Warning: Floating point value 0.5 will be converted to 1//2.
└ @ ModelingToolkitSIExt ~/.julia/packages/StructuralIdentifiability/S5eMo/ext/ModelingToolkitSIExt.jl:97
┌ Warning: Floating point value 0.1 will be converted to 1//10.
└ @ ModelingToolkitSIExt ~/.julia/packages/StructuralIdentifiability/S5eMo/ext/ModelingToolkitSIExt.jl:97
┌ Warning: Floating point value 0.1 will be converted to 1//10.
└ @ ModelingToolkitSIExt ~/.julia/packages/StructuralIdentifiability/S5eMo/ext/ModelingToolkitSIExt.jl:97
┌ Warning: Floating point value -0.05 will be converted to -1//20.
└ @ ModelingToolkitSIExt ~/.julia/packages/StructuralIdentifiability/S5eMo/ext/ModelingToolkitSIExt.jl:97
┌ Warning: Floating point value 0.1 will be converted to 1//10.
└ @ ModelingToolkitSIExt ~/.julia/packages/StructuralIdentifiability/S5eMo/ext/ModelingToolkitSIExt.jl:97
┌ Warning: Floating point value 0.5 will be converted to 1//2.
└ @ ModelingToolkitSIExt ~/.julia/packages/StructuralIdentifiability/S5eMo/ext/ModelingToolkitSIExt.jl:97
┌ Warning: Floating point value -0.5 will be converted to -1//2.
└ @ ModelingToolkitSIExt ~/.julia/packages/StructuralIdentifiability/S5eMo/ext/ModelingToolkitSIExt.jl:97
┌ Warning: Floating point value 0.1 will be converted to 1//10.
└ @ ModelingToolkitSIExt ~/.julia/packages/StructuralIdentifiability/S5eMo/ext/ModelingToolkitSIExt.jl:97
┌ Warning: Floating point value 0.2 will be converted to 1//5.
└ @ ModelingToolkitSIExt ~/.julia/packages/StructuralIdentifiability/S5eMo/ext/ModelingToolkitSIExt.jl:97
┌ Warning: Floating point value 0.1 will be converted to 1//10.
└ @ ModelingToolkitSIExt ~/.julia/packages/StructuralIdentifiability/S5eMo/ext/ModelingToolkitSIExt.jl:97
┌ Warning: Floating point value 0.5 will be converted to 1//2.
└ @ ModelingToolkitSIExt ~/.julia/packages/StructuralIdentifiability/S5eMo/ext/ModelingToolkitSIExt.jl:97
┌ Warning: Floating point value 0.2 will be converted to 1//5.
└ @ ModelingToolkitSIExt ~/.julia/packages/StructuralIdentifiability/S5eMo/ext/ModelingToolkitSIExt.jl:97
┌ Warning: Floating point value 0.45 will be converted to 9//20.
└ @ ModelingToolkitSIExt ~/.julia/packages/StructuralIdentifiability/S5eMo/ext/ModelingToolkitSIExt.jl:97
┌ Warning: Floating point value 0.015625 will be converted to 1//64.
└ @ ModelingToolkitSIExt ~/.julia/packages/StructuralIdentifiability/S5eMo/ext/ModelingToolkitSIExt.jl:97
[ Info: Getting polynomial system from SIAN
[ Info: Built polynomial system with 73 equations
[ Info: [DEBUG-ALG-INDEP] Input: 73 equations, 81 indeterminates
[ Info: [DEBUG-ALG-INDEP] Jacobian size: (73, 81)
[ Info: [DEBUG-ALG-INDEP] Jacobian rank: 72
[ Info: [DEBUG-ALG-INDEP] Found 72 pivot columns
[ Info: [DEBUG-ALG-INDEP] Selected 72 equations (current_rank=72)
[ Info: [DEBUG-ALG-INDEP] Returning: output_ids=[1, 2, 3, 4, 5, 6, 7, 8, 9, 10, 11, 12, 13, 14, 15, 16, 17, 18, 19, 20, 21, 22, 23, 24, 25, 26, 27, 28, 29, 30, 31, 32, 33, 34, 35, 36, 37, 38, 39, 40, 41, 42, 43, 44, 45, 46, 47, 48, 49, 50, 51, 52, 53, 54, 55, 56, 57, 58, 59, 60, 61, 62, 63, 64, 65, 66, 67, 68, 69, 70, 71, 72], alg_indep has 9 vars
[ Info: Reduced polynomial system to 72 equations
┌ Info: [SI-TEMPLATE] Polynomial construction summary
│   raw_equations = 73
│   raw_ring_variables = 81
│   locally_identifiable_count = 20
│   filtered_ring_variables = 81
│   selected_equations = 72
└   dropped_equations = 1
┌ Info: [SI-TEMPLATE] Rank trimming removed polynomial equations
│   dropped_indices =
│    1-element Vector{Int64}:
└     73
┌ Info: [SI-TEMPLATE] Reduced polynomial system is not square before data/support-variable accounting
│   equations = 72
└   ring_variables = 92
┌ Info: [SI-MAP] Extending DerivativeData support for SI template
│   current_order = 9
└   required_order = 21
┌ Info: Checking identifiability
│   strategy = :local_basis
└   reused = false
┌ Info: [SI-STRUCTURAL] Analysis timing
│   reused = false
│   seconds =
│    OrderedCollections.OrderedDict{Symbol, Float64} with 1 entry:
└      :assess_local_identifiability => 3.54755
┌ Info: [SI-STRUCTURAL] SIAN/SI template summary
│   template_equation_count = 72
│   derivative_symbol_count = 22
│   max_derivative_order = 21
│   structural_unidentifiable_count = 20
│   identifiable_function_count = nothing
└   coordinate_basis = 9-element Vector{String}: …
┌ Info: [SI-STRUCTURAL] Structural unidentifiable variables from SI
│   variables =
│    Set{Nemo.QQMPolyRingElem} with 20 elements:
│      l_4
│      k_2
│      l2
│      IPR_O
│      IPR_R
│      IPR_I2
│      l6
└      ⋮ 
┌ Info: [SI-STRUCTURAL] Observable derivative support requested by SI template
│   derivative_orders =
│    Dict{Any, Any} with 22 entries:
│      dense_y1_14 => 14
│      dense_y1_20 => 20
│      dense_y1_18 => 18
│      dense_y1_4  => 4
│      dense_y1_13 => 13
│      dense_y1_8  => 8
│      dense_y1_15 => 15
└      ⋮           => ⋮
┌ Info: [SI-STRUCTURAL] Identifiable functions returned by SI
└   functions = nothing
┌ Info: [SI-MAP] Classified symbolic SI support variables while converting SIAN output
│   counts =
│    Dict{Symbol, Int64} with 3 entries:
│      :state_jet              => 5
│      :parameter_or_ic_symbol => 5
│      :measured_rhs_jet       => 5
│   samples =
│    Dict{Symbol, Vector{String}} with 3 entries:
│      :state_jet              => ["IPR_I2_0", "IPR_R_0", "IPR_S_0", "IPR_I2_1"…
│      :parameter_or_ic_symbol => ["k1_0", "k4_0", "k_1_0", "k_4_0", "l2_0"]
└      :measured_rhs_jet       => ["IPR_O_0", "IPR_A_0", "IPR_A_1", "IPR_O_1", …
[ Info: [SI-MAP] Template uses 92 of 176 SIAN ring variables
[ Info: Converting 72 polynomials from Nemo to Symbolics
┌ Info: [SI-MAP] Extending DerivativeData support for SI template
│   current_order = 9
└   required_order = 21
[ Info: Getting equation system from StructuralIdentifiability.jl
[ Info: [PRE-FIX] Will apply 9 pre-fixed parameters after SIAN analysis
[ Info: Converting ODESystem to SI.jl format
┌ Warning: Floating point value -2.0 will be converted to -2//1.
└ @ ModelingToolkitSIExt ~/.julia/packages/StructuralIdentifiability/S5eMo/ext/ModelingToolkitSIExt.jl:97
┌ Warning: Floating point value 2.0 will be converted to 2.
└ @ ModelingToolkitSIExt ~/.julia/packages/StructuralIdentifiability/S5eMo/ext/ModelingToolkitSIExt.jl:97
┌ Warning: Floating point value 0.1 will be converted to 1//10.
└ @ ModelingToolkitSIExt ~/.julia/packages/StructuralIdentifiability/S5eMo/ext/ModelingToolkitSIExt.jl:97
┌ Warning: Floating point value 2.0 will be converted to 2.
└ @ ModelingToolkitSIExt ~/.julia/packages/StructuralIdentifiability/S5eMo/ext/ModelingToolkitSIExt.jl:97
┌ Warning: Floating point value -0.1 will be converted to -1//10.
└ @ ModelingToolkitSIExt ~/.julia/packages/StructuralIdentifiability/S5eMo/ext/ModelingToolkitSIExt.jl:97
┌ Warning: Floating point value 0.1 will be converted to 1//10.
└ @ ModelingToolkitSIExt ~/.julia/packages/StructuralIdentifiability/S5eMo/ext/ModelingToolkitSIExt.jl:97
┌ Warning: Floating point value -10.0 will be converted to -10//1.
└ @ ModelingToolkitSIExt ~/.julia/packages/StructuralIdentifiability/S5eMo/ext/ModelingToolkitSIExt.jl:97
┌ Warning: Floating point value 0.1 will be converted to 1//10.
└ @ ModelingToolkitSIExt ~/.julia/packages/StructuralIdentifiability/S5eMo/ext/ModelingToolkitSIExt.jl:97
┌ Warning: Floating point value 0.1 will be converted to 1//10.
└ @ ModelingToolkitSIExt ~/.julia/packages/StructuralIdentifiability/S5eMo/ext/ModelingToolkitSIExt.jl:97
┌ Warning: Floating point value 2.0 will be converted to 2.
└ @ ModelingToolkitSIExt ~/.julia/packages/StructuralIdentifiability/S5eMo/ext/ModelingToolkitSIExt.jl:97
┌ Warning: Floating point value 0.1 will be converted to 1//10.
└ @ ModelingToolkitSIExt ~/.julia/packages/StructuralIdentifiability/S5eMo/ext/ModelingToolkitSIExt.jl:97
┌ Warning: Floating point value 0.1 will be converted to 1//10.
└ @ ModelingToolkitSIExt ~/.julia/packages/StructuralIdentifiability/S5eMo/ext/ModelingToolkitSIExt.jl:97
┌ Warning: Floating point value -2.0 will be converted to -2//1.
└ @ ModelingToolkitSIExt ~/.julia/packages/StructuralIdentifiability/S5eMo/ext/ModelingToolkitSIExt.jl:97
┌ Warning: Floating point value 0.1 will be converted to 1//10.
└ @ ModelingToolkitSIExt ~/.julia/packages/StructuralIdentifiability/S5eMo/ext/ModelingToolkitSIExt.jl:97
┌ Warning: Floating point value -2.0 will be converted to -2//1.
└ @ ModelingToolkitSIExt ~/.julia/packages/StructuralIdentifiability/S5eMo/ext/ModelingToolkitSIExt.jl:97
┌ Warning: Floating point value 0.1 will be converted to 1//10.
└ @ ModelingToolkitSIExt ~/.julia/packages/StructuralIdentifiability/S5eMo/ext/ModelingToolkitSIExt.jl:97
┌ Warning: Floating point value 0.1 will be converted to 1//10.
└ @ ModelingToolkitSIExt ~/.julia/packages/StructuralIdentifiability/S5eMo/ext/ModelingToolkitSIExt.jl:97
┌ Warning: Floating point value 2.0 will be converted to 2.
└ @ ModelingToolkitSIExt ~/.julia/packages/StructuralIdentifiability/S5eMo/ext/ModelingToolkitSIExt.jl:97
┌ Warning: Floating point value -0.2 will be converted to -1//5.
└ @ ModelingToolkitSIExt ~/.julia/packages/StructuralIdentifiability/S5eMo/ext/ModelingToolkitSIExt.jl:97
┌ Warning: Floating point value 0.1 will be converted to 1//10.
└ @ ModelingToolkitSIExt ~/.julia/packages/StructuralIdentifiability/S5eMo/ext/ModelingToolkitSIExt.jl:97
┌ Warning: Floating point value 0.5 will be converted to 1//2.
└ @ ModelingToolkitSIExt ~/.julia/packages/StructuralIdentifiability/S5eMo/ext/ModelingToolkitSIExt.jl:97
┌ Warning: Floating point value 0.1 will be converted to 1//10.
└ @ ModelingToolkitSIExt ~/.julia/packages/StructuralIdentifiability/S5eMo/ext/ModelingToolkitSIExt.jl:97
┌ Warning: Floating point value 10.0 will be converted to 10.
└ @ ModelingToolkitSIExt ~/.julia/packages/StructuralIdentifiability/S5eMo/ext/ModelingToolkitSIExt.jl:97
┌ Warning: Floating point value 0.1 will be converted to 1//10.
└ @ ModelingToolkitSIExt ~/.julia/packages/StructuralIdentifiability/S5eMo/ext/ModelingToolkitSIExt.jl:97
┌ Warning: Floating point value 0.1 will be converted to 1//10.
└ @ ModelingToolkitSIExt ~/.julia/packages/StructuralIdentifiability/S5eMo/ext/ModelingToolkitSIExt.jl:97
┌ Warning: Floating point value 2.0 will be converted to 2.
└ @ ModelingToolkitSIExt ~/.julia/packages/StructuralIdentifiability/S5eMo/ext/ModelingToolkitSIExt.jl:97
┌ Warning: Floating point value -0.5 will be converted to -1//2.
└ @ ModelingToolkitSIExt ~/.julia/packages/StructuralIdentifiability/S5eMo/ext/ModelingToolkitSIExt.jl:97
┌ Warning: Floating point value 0.05 will be converted to 1//20.
└ @ ModelingToolkitSIExt ~/.julia/packages/StructuralIdentifiability/S5eMo/ext/ModelingToolkitSIExt.jl:97
┌ Warning: Floating point value 0.1 will be converted to 1//10.
└ @ ModelingToolkitSIExt ~/.julia/packages/StructuralIdentifiability/S5eMo/ext/ModelingToolkitSIExt.jl:97
┌ Warning: Floating point value 0.5 will be converted to 1//2.
└ @ ModelingToolkitSIExt ~/.julia/packages/StructuralIdentifiability/S5eMo/ext/ModelingToolkitSIExt.jl:97
┌ Warning: Floating point value 0.1 will be converted to 1//10.
└ @ ModelingToolkitSIExt ~/.julia/packages/StructuralIdentifiability/S5eMo/ext/ModelingToolkitSIExt.jl:97
┌ Warning: Floating point value 0.1 will be converted to 1//10.
└ @ ModelingToolkitSIExt ~/.julia/packages/StructuralIdentifiability/S5eMo/ext/ModelingToolkitSIExt.jl:97
┌ Warning: Floating point value -0.05 will be converted to -1//20.
└ @ ModelingToolkitSIExt ~/.julia/packages/StructuralIdentifiability/S5eMo/ext/ModelingToolkitSIExt.jl:97
┌ Warning: Floating point value 0.1 will be converted to 1//10.
└ @ ModelingToolkitSIExt ~/.julia/packages/StructuralIdentifiability/S5eMo/ext/ModelingToolkitSIExt.jl:97
┌ Warning: Floating point value 0.5 will be converted to 1//2.
└ @ ModelingToolkitSIExt ~/.julia/packages/StructuralIdentifiability/S5eMo/ext/ModelingToolkitSIExt.jl:97
┌ Warning: Floating point value -0.5 will be converted to -1//2.
└ @ ModelingToolkitSIExt ~/.julia/packages/StructuralIdentifiability/S5eMo/ext/ModelingToolkitSIExt.jl:97
┌ Warning: Floating point value 0.1 will be converted to 1//10.
└ @ ModelingToolkitSIExt ~/.julia/packages/StructuralIdentifiability/S5eMo/ext/ModelingToolkitSIExt.jl:97
┌ Warning: Floating point value 0.2 will be converted to 1//5.
└ @ ModelingToolkitSIExt ~/.julia/packages/StructuralIdentifiability/S5eMo/ext/ModelingToolkitSIExt.jl:97
┌ Warning: Floating point value 0.1 will be converted to 1//10.
└ @ ModelingToolkitSIExt ~/.julia/packages/StructuralIdentifiability/S5eMo/ext/ModelingToolkitSIExt.jl:97
┌ Warning: Floating point value 0.5 will be converted to 1//2.
└ @ ModelingToolkitSIExt ~/.julia/packages/StructuralIdentifiability/S5eMo/ext/ModelingToolkitSIExt.jl:97
┌ Warning: Floating point value 0.2 will be converted to 1//5.
└ @ ModelingToolkitSIExt ~/.julia/packages/StructuralIdentifiability/S5eMo/ext/ModelingToolkitSIExt.jl:97
┌ Warning: Floating point value 0.45 will be converted to 9//20.
└ @ ModelingToolkitSIExt ~/.julia/packages/StructuralIdentifiability/S5eMo/ext/ModelingToolkitSIExt.jl:97
┌ Warning: Floating point value 0.015625 will be converted to 1//64.
└ @ ModelingToolkitSIExt ~/.julia/packages/StructuralIdentifiability/S5eMo/ext/ModelingToolkitSIExt.jl:97
[ Info: Getting polynomial system from SIAN
[ Info: Built polynomial system with 73 equations
