case_id	system	comparison_run	lambda	lambda_label	method_key	method_label	status	reason	regularization_mode	research_analysis_mode	raw_candidate_count	imported_best_benchmark_rmse	analyzed_input_best_benchmark_rmse	analyzed_input_selected_benchmark_rmse	saved_amigo_rmse	saved_nopolish_rmse	saved_polish_rmse	selected_benchmark_rmse	best_benchmark_rmse	selected_local_rel_rmse	best_local_rel_rmse	selected_fit_objective	best_benchmark_fit_objective	runtime_seconds
crauste_5_1em4	crauste	6	0.0	0	scalar_log	Scalar log-space	ok		l2_log	ungated	18	10.949789448615359	10.949789448615359	17.523838446943746	0.009394026262032954	10.949789448615359	1.3407926225104674	0.47293580337722846	0.4293902364506584	0.7254723316042901	0.671144058980138	Inf	Inf	306.316906223
crauste_5_1em4	crauste	6	0.0001	1e-04	scalar_log	Scalar log-space	ok		l2_log	ungated	18	10.949789448615359	10.949789448615359	17.523838446943746	0.009394026262032954	10.949789448615359	1.3407926225104674	0.46815128837445474	0.443591810416956	0.724456060765944	0.6546871793076078	Inf	Inf	302.762990583
crauste_5_1em4	crauste	6	0.001	1e-03	scalar_log	Scalar log-space	ok		l2_log	ungated	18	10.949789448615359	10.949789448615359	17.523838446943746	0.009394026262032954	10.949789448615359	1.3407926225104674	0.47073256307339895	0.43125048953610495	0.7250456759904051	0.6115472375158562	Inf	Inf	301.551700675
crauste_5_1em4	crauste	6	0.01	1e-02	scalar_log	Scalar log-space	ok		l2_log	ungated	18	10.949789448615359	10.949789448615359	17.523838446943746	0.009394026262032954	10.949789448615359	1.3407926225104674	0.4716173938778393	0.41340246110806544	0.7248664717961221	0.655676606901465	Inf	Inf	329.418411834
crauste_5_1em4	crauste	6	0.1	1e-01	scalar_log	Scalar log-space	ok		l2_log	ungated	18	10.949789448615359	10.949789448615359	17.523838446943746	0.009394026262032954	10.949789448615359	1.3407926225104674	0.47120172454384324	0.43551394820256945	0.7246803530452868	0.6496596723520158	Inf	Inf	303.899933169
crauste_5_1em4	crauste	6	0.0	0	residual_lso_lm_bounded_log	Bounded LeastSquaresOptim LM log-space	ok		l2_log	ungated	18	10.949789448615359	10.949789448615359	17.523838446943746	0.009394026262032954	10.949789448615359	1.3407926225104674	0.3216926550688759	0.3216926550688759	0.5174734831667988	0.5174734831667988	Inf	Inf	173.148517385
crauste_5_1em4	crauste	6	0.0001	1e-04	residual_lso_lm_bounded_log	Bounded LeastSquaresOptim LM log-space	ok		l2_log	ungated	18	10.949789448615359	10.949789448615359	17.523838446943746	0.009394026262032954	10.949789448615359	1.3407926225104674	0.3216296281169496	0.3216296281169496	0.5174236505623839	0.5174236505623839	Inf	Inf	151.530646927
crauste_5_1em4	crauste	6	0.001	1e-03	residual_lso_lm_bounded_log	Bounded LeastSquaresOptim LM log-space	ok		l2_log	ungated	18	10.949789448615359	10.949789448615359	17.523838446943746	0.009394026262032954	10.949789448615359	1.3407926225104674	0.33031586009034963	0.3225971292257477	0.5213123408379866	0.518206537320375	Inf	Inf	151.786663105
crauste_5_1em4	crauste	6	0.01	1e-02	residual_lso_lm_bounded_log	Bounded LeastSquaresOptim LM log-space	ok		l2_log	ungated	18	10.949789448615359	10.949789448615359	17.523838446943746	0.009394026262032954	10.949789448615359	1.3407926225104674	0.3205946986858674	0.3205946986858674	0.5166191278417944	0.5166191278417944	Inf	Inf	152.90448481
crauste_5_1em4	crauste	6	0.1	1e-01	residual_lso_lm_bounded_log	Bounded LeastSquaresOptim LM log-space	ok		l2_log	ungated	18	10.949789448615359	10.949789448615359	17.523838446943746	0.009394026262032954	10.949789448615359	1.3407926225104674	0.30081093952468996	0.30081093952468996	0.4616650047612152	0.4568514760541987	Inf	Inf	150.047582281
crauste_5_1em4	crauste	6	0.0	0	residual_fastlm_bounded_log	Bounded FastLevenbergMarquardt log-space	ok		l2_log	ungated	18	10.949789448615359	10.949789448615359	17.523838446943746	0.009394026262032954	10.949789448615359	1.3407926225104674	0.25331213598446994	0.25331213598446994	0.4078679905059916	0.4078679905059916	Inf	Inf	82.559098585
crauste_5_1em4	crauste	6	0.0001	1e-04	residual_fastlm_bounded_log	Bounded FastLevenbergMarquardt log-space	ok		l2_log	ungated	18	10.949789448615359	10.949789448615359	17.523838446943746	0.009394026262032954	10.949789448615359	1.3407926225104674	0.21609728655131505	0.21609728655131505	0.3306842304725333	0.3306842304725333	Inf	Inf	101.862341276
crauste_5_1em4	crauste	6	0.001	1e-03	residual_fastlm_bounded_log	Bounded FastLevenbergMarquardt log-space	ok		l2_log	ungated	18	10.949789448615359	10.949789448615359	17.523838446943746	0.009394026262032954	10.949789448615359	1.3407926225104674	0.2347170023900687	0.2347170023900687	0.3777045016265612	0.35880671671787845	Inf	Inf	106.982873384
crauste_5_1em4	crauste	6	0.01	1e-02	residual_fastlm_bounded_log	Bounded FastLevenbergMarquardt log-space	ok		l2_log	ungated	18	10.949789448615359	10.949789448615359	17.523838446943746	0.009394026262032954	10.949789448615359	1.3407926225104674	0.18730311006830788	0.18730311006830788	0.2865679726992616	0.2865679726992616	Inf	Inf	109.288849647
crauste_5_1em4	crauste	6	0.1	1e-01	residual_fastlm_bounded_log	Bounded FastLevenbergMarquardt log-space	ok		l2_log	ungated	18	10.949789448615359	10.949789448615359	17.523838446943746	0.009394026262032954	10.949789448615359	1.3407926225104674	0.01838824904141103	0.01838824904141103	0.02867704806259191	0.02867704806259191	Inf	Inf	111.2811285
seir_6_1em4	seir	7	0.0	0	scalar_log	Scalar log-space	ok		l2_log	ungated	276	1.6208620106305969	1.6208620106305969	12.96643756571282	0.013258299826362157	1.6208620106305969	0.8203560812665048	0.5387341842609683	0.050130208234351964	0.9076716928024616	0.09566764828818698	Inf	Inf	312.674870254
seir_6_1em4	seir	7	0.0001	1e-04	scalar_log	Scalar log-space	ok		l2_log	ungated	276	1.6208620106305969	1.6208620106305969	12.96643756571282	0.013258299826362157	1.6208620106305969	0.8203560812665048	0.5387341840407944	0.01836793222260214	0.9076716921103475	0.0349768977207826	Inf	Inf	317.65221513
seir_6_1em4	seir	7	0.001	1e-03	scalar_log	Scalar log-space	ok		l2_log	ungated	276	1.6208620106305969	1.6208620106305969	12.96643756571282	0.013258299826362157	1.6208620106305969	0.8203560812665048	0.5387341827704943	0.0009592462615852554	0.9076716897478945	0.001579235220329714	Inf	Inf	302.34529152
seir_6_1em4	seir	7	0.01	1e-02	scalar_log	Scalar log-space	ok		l2_log	ungated	276	1.6208620106305969	1.6208620106305969	12.96643756571282	0.013258299826362157	1.6208620106305969	0.8203560812665048	0.5387341692717061	0.003985232187741966	0.907671661853678	0.006851284998426073	Inf	Inf	303.86728238
seir_6_1em4	seir	7	0.1	1e-01	scalar_log	Scalar log-space	ok		l2_log	ungated	276	1.6208620106305969	1.6208620106305969	12.96643756571282	0.013258299826362157	1.6208620106305969	0.8203560812665048	0.5387340352125495	0.032701363938047734	0.9076713873437932	0.05690984194701211	Inf	Inf	302.539643697
seir_6_1em4	seir	7	0.0	0	residual_lso_lm_bounded_log	Bounded LeastSquaresOptim LM log-space	ok		l2_log	ungated	276	1.6208620106305969	1.6208620106305969	12.96643756571282	0.013258299826362157	1.6208620106305969	0.8203560812665048	0.11506519948245739	0.11506519948245739	0.21676912370106946	0.21676912370106946	Inf	Inf	117.269925801
seir_6_1em4	seir	7	0.0001	1e-04	residual_lso_lm_bounded_log	Bounded LeastSquaresOptim LM log-space	ok		l2_log	ungated	276	1.6208620106305969	1.6208620106305969	12.96643756571282	0.013258299826362157	1.6208620106305969	0.8203560812665048	0.011931231068936454	0.011931231068936454	0.023204573194296203	0.023204573194296203	Inf	Inf	120.661027786
seir_6_1em4	seir	7	0.001	1e-03	residual_lso_lm_bounded_log	Bounded LeastSquaresOptim LM log-space	ok		l2_log	ungated	276	1.6208620106305969	1.6208620106305969	12.96643756571282	0.013258299826362157	1.6208620106305969	0.8203560812665048	0.0007130653558399659	0.0007130653558399659	0.0013864253028733097	0.0013864253028733097	Inf	Inf	121.588205813
seir_6_1em4	seir	7	0.01	1e-02	residual_lso_lm_bounded_log	Bounded LeastSquaresOptim LM log-space	ok		l2_log	ungated	276	1.6208620106305969	1.6208620106305969	12.96643756571282	0.013258299826362157	1.6208620106305969	0.8203560812665048	0.0039785704658127745	0.0039785704658127745	0.006852966161801407	0.006852966161801407	Inf	Inf	123.263775265
seir_6_1em4	seir	7	0.1	1e-01	residual_lso_lm_bounded_log	Bounded LeastSquaresOptim LM log-space	ok		l2_log	ungated	276	1.6208620106305969	1.6208620106305969	12.96643756571282	0.013258299826362157	1.6208620106305969	0.8203560812665048	0.03270088077202676	0.03268785056719998	0.05718905830628192	0.057164381345616785	Inf	Inf	96.854209088
seir_6_1em4	seir	7	0.0	0	residual_fastlm_bounded_log	Bounded FastLevenbergMarquardt log-space	ok		l2_log	ungated	276	1.6208620106305969	1.6208620106305969	12.96643756571282	0.013258299826362157	1.6208620106305969	0.8203560812665048	0.013254163339294214	0.009485925253807415	0.025738998563803794	0.01848114290200865	Inf	Inf	104.736734853
seir_6_1em4	seir	7	0.0001	1e-04	residual_fastlm_bounded_log	Bounded FastLevenbergMarquardt log-space	ok		l2_log	ungated	276	1.6208620106305969	1.6208620106305969	12.96643756571282	0.013258299826362157	1.6208620106305969	0.8203560812665048	0.0012986755756557457	0.0012917925269348754	0.00264547113302898	0.002631993291226405	Inf	Inf	106.67963328
seir_6_1em4	seir	7	0.001	1e-03	residual_fastlm_bounded_log	Bounded FastLevenbergMarquardt log-space	ok		l2_log	ungated	276	1.6208620106305969	1.6208620106305969	12.96643756571282	0.013258299826362157	1.6208620106305969	0.8203560812665048	0.0007128251897213414	0.0007053142202940444	0.0013857419238101636	0.001364045858603195	Inf	Inf	103.829986346
seir_6_1em4	seir	7	0.01	1e-02	residual_fastlm_bounded_log	Bounded FastLevenbergMarquardt log-space	ok		l2_log	ungated	276	1.6208620106305969	1.6208620106305969	12.96643756571282	0.013258299826362157	1.6208620106305969	0.8203560812665048	0.003978564853450217	0.003956408290674183	0.0068529657653331934	0.006852618759680799	Inf	Inf	96.420217955
seir_6_1em4	seir	7	0.1	1e-01	residual_fastlm_bounded_log	Bounded FastLevenbergMarquardt log-space	ok		l2_log	ungated	276	1.6208620106305969	1.6208620106305969	12.96643756571282	0.013258299826362157	1.6208620106305969	0.8203560812665048	0.03270087494539828	0.02716947259622897	0.0571890560158233	0.055587740138763664	Inf	Inf	89.512521336
crauste_6_1em4	crauste	7	0.0	0	scalar_log	Scalar log-space	ok		l2_log	ungated	15	1.8772707451904442	1.8772707451904442	50.763890597745515	0.05346890734755271	1.8772707451904442	1.9955465073752952	0.42022380919031704	0.42022380919031704	0.7142527768782898	0.7142527768782898	-1.0877221009195842e11	-1.0877221009195842e11	306.579452137
crauste_6_1em4	crauste	7	0.0001	1e-04	scalar_log	Scalar log-space	ok		l2_log	ungated	15	1.8772707451904442	1.8772707451904442	50.763890597745515	0.05346890734755271	1.8772707451904442	1.9955465073752952	0.41556378731533217	0.41556378731533217	0.6753024854945807	0.6753024854945807	-1.0897656680657524e11	-1.0897656680657524e11	303.069552633
crauste_6_1em4	crauste	7	0.001	1e-03	scalar_log	Scalar log-space	ok		l2_log	ungated	15	1.8772707451904442	1.8772707451904442	50.763890597745515	0.05346890734755271	1.8772707451904442	1.9955465073752952	0.4194340000446024	0.4194340000446024	0.7283957229850843	0.7283957229850843	-1.0872095707205168e11	-1.0872095707205168e11	325.179764424
crauste_6_1em4	crauste	7	0.01	1e-02	scalar_log	Scalar log-space	ok		l2_log	ungated	15	1.8772707451904442	1.8772707451904442	50.763890597745515	0.05346890734755271	1.8772707451904442	1.9955465073752952	0.4253476482226796	0.4253476482226796	0.733078227319765	0.733078227319765	-1.087485223626004e11	-1.087485223626004e11	305.001981867
crauste_6_1em4	crauste	7	0.1	1e-01	scalar_log	Scalar log-space	ok		l2_log	ungated	15	1.8772707451904442	1.8772707451904442	50.763890597745515	0.05346890734755271	1.8772707451904442	1.9955465073752952	0.4225423760605172	0.4225423760605172	0.7052743288954728	0.7052743288954728	-1.0883267018397935e11	-1.0883267018397935e11	313.26230577
crauste_6_1em4	crauste	7	0.0	0	residual_lso_lm_bounded_log	Bounded LeastSquaresOptim LM log-space	ok		l2_log	ungated	15	1.8772707451904442	1.8772707451904442	50.763890597745515	0.05346890734755271	1.8772707451904442	1.9955465073752952	0.33911439550847766	0.3041027158690212	0.6471736128791552	0.5729035628935595	148118.4537575998	198759.20143353043	136.100710559
crauste_6_1em4	crauste	7	0.0001	1e-04	residual_lso_lm_bounded_log	Bounded LeastSquaresOptim LM log-space	ok		l2_log	ungated	15	1.8772707451904442	1.8772707451904442	50.763890597745515	0.05346890734755271	1.8772707451904442	1.9955465073752952	0.33918787016781893	0.29261848221665365	0.647242124814999	0.5639807940532836	148202.39209545028	150879.9232290006	115.012526638
crauste_6_1em4	crauste	7	0.001	1e-03	residual_lso_lm_bounded_log	Bounded LeastSquaresOptim LM log-space	ok		l2_log	ungated	15	1.8772707451904442	1.8772707451904442	50.763890597745515	0.05346890734755271	1.8772707451904442	1.9955465073752952	0.29117096468431913	0.29117096468431913	0.562883173164473	0.562883173164473	147445.99773405874	147445.99773405874	113.965990956
crauste_6_1em4	crauste	7	0.01	1e-02	residual_lso_lm_bounded_log	Bounded LeastSquaresOptim LM log-space	ok		l2_log	ungated	15	1.8772707451904442	1.8772707451904442	50.763890597745515	0.05346890734755271	1.8772707451904442	1.9955465073752952	0.3367450607733483	0.2915647504956922	0.6413849660758142	0.5631855552005134	137866.92870032962	147591.35429295	119.367460427
crauste_6_1em4	crauste	7	0.1	1e-01	residual_lso_lm_bounded_log	Bounded LeastSquaresOptim LM log-space	ok		l2_log	ungated	15	1.8772707451904442	1.8772707451904442	50.763890597745515	0.05346890734755271	1.8772707451904442	1.9955465073752952	0.2890760894041127	0.2890760894041127	0.5565664957027261	0.5565664957027261	145134.70840889297	145134.70840889297	132.976895844
crauste_6_1em4	crauste	7	0.0	0	residual_fastlm_bounded_log	Bounded FastLevenbergMarquardt log-space	ok		l2_log	ungated	15	1.8772707451904442	1.8772707451904442	50.763890597745515	0.05346890734755271	1.8772707451904442	1.9955465073752952	0.8088773016681969	0.3363038288947033	1.4066483951940234	0.5967646051538877	205719.88450104237	1.1255110863286853e6	76.591132729
crauste_6_1em4	crauste	7	0.0001	1e-04	residual_fastlm_bounded_log	Bounded FastLevenbergMarquardt log-space	ok		l2_log	ungated	15	1.8772707451904442	1.8772707451904442	50.763890597745515	0.05346890734755271	1.8772707451904442	1.9955465073752952	0.3480182937058661	0.3480182937058661	0.7144534707887951	0.7144534707887951	123784.6612403584	123784.6612403584	78.390735131
crauste_6_1em4	crauste	7	0.001	1e-03	residual_fastlm_bounded_log	Bounded FastLevenbergMarquardt log-space	ok		l2_log	ungated	15	1.8772707451904442	1.8772707451904442	50.763890597745515	0.05346890734755271	1.8772707451904442	1.9955465073752952	0.3511807490353645	0.3511807490353645	0.7221229075850912	0.7221229075850912	129859.45734996922	129859.45734996922	83.232554212
crauste_6_1em4	crauste	7	0.01	1e-02	residual_fastlm_bounded_log	Bounded FastLevenbergMarquardt log-space	ok		l2_log	ungated	15	1.8772707451904442	1.8772707451904442	50.763890597745515	0.05346890734755271	1.8772707451904442	1.9955465073752952	0.8088779090868055	0.8088779090868055	1.4066493137794729	1.4066493137794729	205721.72012163344	205721.72012163344	85.405903655
crauste_6_1em4	crauste	7	0.1	1e-01	residual_fastlm_bounded_log	Bounded FastLevenbergMarquardt log-space	ok		l2_log	ungated	15	1.8772707451904442	1.8772707451904442	50.763890597745515	0.05346890734755271	1.8772707451904442	1.9955465073752952	0.8088965244226357	0.8088965244226357	1.406674013149865	1.406674013149865	205742.2090187419	205742.2090187419	80.272705732
daisy_mamil4_1_1em4	daisy_mamil4	2	0.0	0	scalar_log	Scalar log-space	ok		l2_log	ungated	132	0.4213234221162567	0.4213234221162567	1.321665753255259	0.011718605641535087	0.4213234221162567	0.4105270895522247	0.38622276815116596	0.32724959931831654	0.8168139582208004	0.5609515371743632	-27.10165159670083	-0.7581602287080778	311.230355821
daisy_mamil4_1_1em4	daisy_mamil4	2	0.0001	1e-04	scalar_log	Scalar log-space	ok		l2_log	ungated	132	0.4213234221162567	0.4213234221162567	1.321665753255259	0.011718605641535087	0.4213234221162567	0.4105270895522247	0.38592609977168335	0.1933491781178106	0.8156887371240126	0.33042697615009287	-27.08489784706754	-0.10033498126161212	301.6503864
daisy_mamil4_1_1em4	daisy_mamil4	2	0.001	1e-03	scalar_log	Scalar log-space	ok		l2_log	ungated	132	0.4213234221162567	0.4213234221162567	1.321665753255259	0.011718605641535087	0.4213234221162567	0.4105270895522247	0.3829673120334433	0.1484103074851365	0.8045456819669805	0.33340047419564306	-26.943434900926594	-0.2438873508450533	300.862890098
daisy_mamil4_1_1em4	daisy_mamil4	2	0.01	1e-02	scalar_log	Scalar log-space	ok		l2_log	ungated	132	0.4213234221162567	0.4213234221162567	1.321665753255259	0.011718605641535087	0.4213234221162567	0.4105270895522247	0.3342348069596949	0.1410959068420949	0.6304314898400646	0.44750624014466306	-26.09269125331866	-3.9139478481853143	256.308302434
daisy_mamil4_1_1em4	daisy_mamil4	2	0.1	1e-01	scalar_log	Scalar log-space	ok		l2_log	ungated	132	0.4213234221162567	0.4213234221162567	1.321665753255259	0.011718605641535087	0.4213234221162567	0.4105270895522247	0.2558567393959234	0.2558567393959234	0.8816008105053911	0.7438763163785149	-23.998956782508493	-23.998956782508493	163.180715487
daisy_mamil4_1_1em4	daisy_mamil4	2	0.0	0	residual_lso_lm_bounded_log	Bounded LeastSquaresOptim LM log-space	ok		l2_log	ungated	132	0.4213234221162567	0.4213234221162567	1.321665753255259	0.011718605641535087	0.4213234221162567	0.4105270895522247	0.299205533025795	0.006261953676021721	1.5618380375248813	0.010639639850485964	9.966535010458478e-6	9.966555231156932e-6	107.572648296
daisy_mamil4_1_1em4	daisy_mamil4	2	0.0001	1e-04	residual_lso_lm_bounded_log	Bounded LeastSquaresOptim LM log-space	ok		l2_log	ungated	132	0.4213234221162567	0.4213234221162567	1.321665753255259	0.011718605641535087	0.4213234221162567	0.4105270895522247	0.5224205200571057	0.3141720337193685	1.7460907424401098	0.6276474972061628	0.0017628408193877977	0.0017690425592021505	101.874935435
daisy_mamil4_1_1em4	daisy_mamil4	2	0.001	1e-03	residual_lso_lm_bounded_log	Bounded LeastSquaresOptim LM log-space	ok		l2_log	ungated	132	0.4213234221162567	0.4213234221162567	1.321665753255259	0.011718605641535087	0.4213234221162567	0.4105270895522247	0.746839884019738	0.4213234221162567	2.311542480376263	0.7438763163785149	0.015029577602933806	2.075464749920366	70.359735072
daisy_mamil4_1_1em4	daisy_mamil4	2	0.01	1e-02	residual_lso_lm_bounded_log	Bounded LeastSquaresOptim LM log-space	ok		l2_log	ungated	132	0.4213234221162567	0.4213234221162567	1.321665753255259	0.011718605641535087	0.4213234221162567	0.4105270895522247	0.6871304231357162	0.4213234221162567	2.019509285340571	0.7438763163785149	0.12432741067690012	2.075464749920366	80.958995192
daisy_mamil4_1_1em4	daisy_mamil4	2	0.1	1e-01	residual_lso_lm_bounded_log	Bounded LeastSquaresOptim LM log-space	ok		l2_log	ungated	132	0.4213234221162567	0.4213234221162567	1.321665753255259	0.011718605641535087	0.4213234221162567	0.4105270895522247	0.7305180117106468	0.4213234221162567	2.2847479704309204	0.7438763163785149	0.9654436030813962	2.075464749920366	47.552464077
daisy_mamil4_1_1em4	daisy_mamil4	2	0.0	0	residual_fastlm_bounded_log	Bounded FastLevenbergMarquardt log-space	ok		l2_log	ungated	132	0.4213234221162567	0.4213234221162567	1.321665753255259	0.011718605641535087	0.4213234221162567	0.4105270895522247	0.0676660041347933	0.0676660041347933	0.11627904280449222	0.11627904280449222	9.969644611738672e-6	9.969644611738672e-6	73.111959515
daisy_mamil4_1_1em4	daisy_mamil4	2	0.0001	1e-04	residual_fastlm_bounded_log	Bounded FastLevenbergMarquardt log-space	ok		l2_log	ungated	132	0.4213234221162567	0.4213234221162567	1.321665753255259	0.011718605641535087	0.4213234221162567	0.4105270895522247	0.5224205364163813	0.10697870445355905	1.7460907811276958	0.2008806617188288	0.0017628408193878	0.001974022242696559	77.946813922
daisy_mamil4_1_1em4	daisy_mamil4	2	0.001	1e-03	residual_fastlm_bounded_log	Bounded FastLevenbergMarquardt log-space	ok		l2_log	ungated	132	0.4213234221162567	0.4213234221162567	1.321665753255259	0.011718605641535087	0.4213234221162567	0.4105270895522247	0.7468398559654829	0.4213234221162567	2.3115424017181483	0.7438763163785149	0.01502957760293383	2.075464749920366	74.330380259
daisy_mamil4_1_1em4	daisy_mamil4	2	0.01	1e-02	residual_fastlm_bounded_log	Bounded FastLevenbergMarquardt log-space	ok		l2_log	ungated	132	0.4213234221162567	0.4213234221162567	1.321665753255259	0.011718605641535087	0.4213234221162567	0.4105270895522247	0.6871304168014862	0.4213234221162567	2.01950991208709	0.7438763163785149	0.12432741067695371	2.075464749920366	81.63699821
daisy_mamil4_1_1em4	daisy_mamil4	2	0.1	1e-01	residual_fastlm_bounded_log	Bounded FastLevenbergMarquardt log-space	ok		l2_log	ungated	132	0.4213234221162567	0.4213234221162567	1.321665753255259	0.011718605641535087	0.4213234221162567	0.4105270895522247	0.730518022186646	0.4213234221162567	2.2847479825895745	0.7438763163785149	0.9654436030813974	2.075464749920366	88.899680963
seir_7_1em4	seir	8	0.0	0	scalar_log	Scalar log-space	ok		l2_log	ungated	298	1.492708526672522	1.492708526672522	60.23008317006681	0.04798278084003529	1.4927085266725217	1.4927085266725217	0.3950862364961282	0.013312468642945427	0.7108582175953571	0.020967025932517574	-23293.571825415547	32.40898969734841	311.610893466
seir_7_1em4	seir	8	0.0001	1e-04	scalar_log	Scalar log-space	ok		l2_log	ungated	298	1.492708526672522	1.492708526672522	60.23008317006681	0.04798278084003529	1.4927085266725217	1.4927085266725217	0.3950861092724297	0.0033216116275416826	0.710857789321024	0.0109182229014238	-23293.56590523437	21.990812077669446	304.518837496
seir_7_1em4	seir	8	0.001	1e-03	scalar_log	Scalar log-space	ok		l2_log	ungated	298	1.492708526672522	1.492708526672522	60.23008317006681	0.04798278084003529	1.4927085266725217	1.4927085266725217	0.3950849368803902	0.017324822330021892	0.7108539428526862	0.025244125654903225	-23293.512625595147	14.656886977620902	304.096173897
seir_7_1em4	seir	8	0.01	1e-02	scalar_log	Scalar log-space	ok		l2_log	ungated	298	1.492708526672522	1.492708526672522	60.23008317006681	0.04798278084003529	1.4927085266725217	1.4927085266725217	0.39507322808041273	0.011919387455433366	0.7108154517375231	0.046096811626713474	-23292.980026256842	9.678496922868398	304.081842795
seir_7_1em4	seir	8	0.1	1e-01	scalar_log	Scalar log-space	ok		l2_log	ungated	298	1.492708526672522	1.492708526672522	60.23008317006681	0.04798278084003529	1.4927085266725217	1.4927085266725217	0.3949551888314072	0.027380240483664924	0.7104284824746118	0.0545682675688537	-23287.673649161647	23.398724007530404	298.671181889
seir_7_1em4	seir	8	0.0	0	residual_lso_lm_bounded_log	Bounded LeastSquaresOptim LM log-space	ok		l2_log	ungated	298	1.492708526672522	1.492708526672522	60.23008317006681	0.04798278084003529	1.4927085266725217	1.4927085266725217	0.1264625303276205	0.1264625303276205	0.4576103817956521	0.4576103817956521	42.172399703316636	42.172399703316636	117.236941591
seir_7_1em4	seir	8	0.0001	1e-04	residual_lso_lm_bounded_log	Bounded LeastSquaresOptim LM log-space	ok		l2_log	ungated	298	1.492708526672522	1.492708526672522	60.23008317006681	0.04798278084003529	1.4927085266725217	1.4927085266725217	1.007586457493927	0.09262672033662525	4.684308192994159	0.3498257132087346	42.173460515090575	42.173618564050386	112.09481649
seir_7_1em4	seir	8	0.001	1e-03	residual_lso_lm_bounded_log	Bounded LeastSquaresOptim LM log-space	ok		l2_log	ungated	298	1.492708526672522	1.492708526672522	60.23008317006681	0.04798278084003529	1.4927085266725217	1.4927085266725217	0.0409523430612956	0.01149773519915857	0.17067221053562318	0.047445475378241536	42.176637884170226	42.17714945721467	113.376375188
seir_7_1em4	seir	8	0.01	1e-02	residual_lso_lm_bounded_log	Bounded LeastSquaresOptim LM log-space	ok		l2_log	ungated	298	1.492708526672522	1.492708526672522	60.23008317006681	0.04798278084003529	1.4927085266725217	1.4927085266725217	0.12876552851370018	0.018735016575054574	0.5509166224930615	0.07216447120863015	42.20997837909333	42.22066148043208	115.147153479
seir_7_1em4	seir	8	0.1	1e-01	residual_lso_lm_bounded_log	Bounded LeastSquaresOptim LM log-space	ok		l2_log	ungated	298	1.492708526672522	1.492708526672522	60.23008317006681	0.04798278084003529	1.4927085266725217	1.4927085266725217	0.12941955009194925	0.09082235059838391	0.5498598128724882	0.36674591588818234	42.54765151949201	42.63837854057341	113.479378521
seir_7_1em4	seir	8	0.0	0	residual_fastlm_bounded_log	Bounded FastLevenbergMarquardt log-space	ok		l2_log	ungated	298	1.492708526672522	1.492708526672522	60.23008317006681	0.04798278084003529	1.4927085266725217	1.4927085266725217	0.14183872269382425	0.10695859968344477	0.6094174782787882	0.39701661444194375	42.17239875174922	42.172399476490384	107.569404636
seir_7_1em4	seir	8	0.0001	1e-04	residual_fastlm_bounded_log	Bounded FastLevenbergMarquardt log-space	ok		l2_log	ungated	298	1.492708526672522	1.492708526672522	60.23008317006681	0.04798278084003529	1.4927085266725217	1.4927085266725217	0.12614964474156712	0.0857944494037577	0.5398265290724198	0.3266064990194665	42.172774260165234	42.17349056526325	112.092654888
seir_7_1em4	seir	8	0.001	1e-03	residual_fastlm_bounded_log	Bounded FastLevenbergMarquardt log-space	ok		l2_log	ungated	298	1.492708526672522	1.492708526672522	60.23008317006681	0.04798278084003529	1.4927085266725217	1.4927085266725217	0.12845883702914118	0.0012272810204846938	0.5499988172308932	0.004154836274902248	42.17615699278125	42.177448972453185	110.269601498
seir_7_1em4	seir	8	0.01	1e-02	residual_fastlm_bounded_log	Bounded FastLevenbergMarquardt log-space	ok		l2_log	ungated	298	1.492708526672522	1.492708526672522	60.23008317006681	0.04798278084003529	1.4927085266725217	1.4927085266725217	0.12876555491815933	0.02159638057926292	0.550916739926929	0.047990252387692806	42.20997837909332	42.224606471822995	105.487768756
seir_7_1em4	seir	8	0.1	1e-01	residual_fastlm_bounded_log	Bounded FastLevenbergMarquardt log-space	ok		l2_log	ungated	298	1.492708526672522	1.492708526672522	60.23008317006681	0.04798278084003529	1.4927085266725217	1.4927085266725217	0.12941959251777815	0.05950835802673328	0.5498600038310822	0.17031681042577604	42.54765151949201	42.57701308859563	95.606225171
crauste_1_1em4	crauste	2	0.0	0	scalar_log	Scalar log-space	ok		l2_log	ungated	15	363.78431443346636	40096.38382218717	40096.38382218717	0.1493143664732035	363.78431443346636	3.367033533314074	4.5867317949595705	3.1589370043991845	8.406006338901753	4.86743500736258	5.800299759925653e11	3.6598289588529146e12	335.413417412
crauste_1_1em4	crauste	2	0.0001	1e-04	scalar_log	Scalar log-space	ok		l2_log	ungated	15	363.78431443346636	40096.38382218717	40096.38382218717	0.1493143664732035	363.78431443346636	3.367033533314074	3.202681482991832	3.202681482991832	4.098375887897731	4.098375887897731	4.375789961487942e10	4.375789961487942e10	324.586992221
crauste_1_1em4	crauste	2	0.001	1e-03	scalar_log	Scalar log-space	ok		l2_log	ungated	15	363.78431443346636	40096.38382218717	40096.38382218717	0.1493143664732035	363.78431443346636	3.367033533314074	3.9738233580501126	3.3837761138638043	11.544032164772224	4.744832832188652	5.3079286286887836e11	8.039636330896523e12	332.123440491
crauste_1_1em4	crauste	2	0.01	1e-02	scalar_log	Scalar log-space	ok		l2_log	ungated	15	363.78431443346636	40096.38382218717	40096.38382218717	0.1493143664732035	363.78431443346636	3.367033533314074	3.5280113335237386	3.403315317683197	5.1178372555065526	4.682714020785381	2.1650265307009982e11	1.175628494684421e12	330.557743212
crauste_1_1em4	crauste	2	0.1	1e-01	scalar_log	Scalar log-space	ok		l2_log	ungated	15	363.78431443346636	40096.38382218717	40096.38382218717	0.1493143664732035	363.78431443346636	3.367033533314074	4.573977457371508	2.303746723630626	5.965146145714982	3.0004739117279837	1.8048960857915647e12	1.898108902763457e12	305.829682024
crauste_1_1em4	crauste	2	0.0	0	residual_lso_lm_bounded_log	Bounded LeastSquaresOptim LM log-space	ok		l2_log	ungated	15	363.78431443346636	40096.38382218717	40096.38382218717	0.1493143664732035	363.78431443346636	3.367033533314074	0.48168605893888305	0.48168605893888305	0.6955887417065759	0.6955887417065759	3.3877356409848444e6	3.3877356409848444e6	57.893168306
crauste_1_1em4	crauste	2	0.0001	1e-04	residual_lso_lm_bounded_log	Bounded LeastSquaresOptim LM log-space	ok		l2_log	ungated	15	363.78431443346636	40096.38382218717	40096.38382218717	0.1493143664732035	363.78431443346636	3.367033533314074	0.48168614939816357	0.48168614939816357	0.6955889812116465	0.6955889812116465	3.387798611032486e6	3.387798611032486e6	62.052265095
crauste_1_1em4	crauste	2	0.001	1e-03	residual_lso_lm_bounded_log	Bounded LeastSquaresOptim LM log-space	ok		l2_log	ungated	15	363.78431443346636	40096.38382218717	40096.38382218717	0.1493143664732035	363.78431443346636	3.367033533314074	0.48168685897848523	0.48168685897848523	0.6955909447436435	0.6955909447436435	3.387991256302811e6	3.387991256302811e6	58.602093407
crauste_1_1em4	crauste	2	0.01	1e-02	residual_lso_lm_bounded_log	Bounded LeastSquaresOptim LM log-space	ok		l2_log	ungated	15	363.78431443346636	40096.38382218717	40096.38382218717	0.1493143664732035	363.78431443346636	3.367033533314074	0.49463601122396783	0.49463601122396783	0.7181043340649059	0.7181043340649059	5.582809717778005e6	5.582809717778005e6	54.751282257
crauste_1_1em4	crauste	2	0.1	1e-01	residual_lso_lm_bounded_log	Bounded LeastSquaresOptim LM log-space	ok		l2_log	ungated	15	363.78431443346636	40096.38382218717	40096.38382218717	0.1493143664732035	363.78431443346636	3.367033533314074	0.4801070050315969	0.4801070050315969	0.6911702929106496	0.6911702929106496	3.383497009913493e6	3.383497009913493e6	52.540913465
crauste_1_1em4	crauste	2	0.0	0	residual_fastlm_bounded_log	Bounded FastLevenbergMarquardt log-space	ok		l2_log	ungated	15	363.78431443346636	40096.38382218717	40096.38382218717	0.1493143664732035	363.78431443346636	3.367033533314074	3.803660273735205	3.293592717725368	6.615217101004275	4.591670342826543	2.631231448782604e11	4.054925228864597e12	36.969427658
crauste_1_1em4	crauste	2	0.0001	1e-04	residual_fastlm_bounded_log	Bounded FastLevenbergMarquardt log-space	ok		l2_log	ungated	15	363.78431443346636	40096.38382218717	40096.38382218717	0.1493143664732035	363.78431443346636	3.367033533314074	0.8884753932204968	0.8884753932204968	1.2427252572533438	1.2427252572533438	2.486808108201278e12	2.486808108201278e12	38.855868428
crauste_1_1em4	crauste	2	0.001	1e-03	residual_fastlm_bounded_log	Bounded FastLevenbergMarquardt log-space	ok		l2_log	ungated	15	363.78431443346636	40096.38382218717	40096.38382218717	0.1493143664732035	363.78431443346636	3.367033533314074	4.878194849763148	3.5322815310319777	13.649903594212175	7.7727428175523245	5.202594650205456e12	5.687572691179314e12	26.829485024
crauste_1_1em4	crauste	2	0.01	1e-02	residual_fastlm_bounded_log	Bounded FastLevenbergMarquardt log-space	ok		l2_log	ungated	15	363.78431443346636	40096.38382218717	40096.38382218717	0.1493143664732035	363.78431443346636	3.367033533314074	4.586507236406701	1.1242401513590161	9.920847547265234	4.465566017809225	1.0836130817495403e12	4.139983125677918e12	31.400738771
crauste_1_1em4	crauste	2	0.1	1e-01	residual_fastlm_bounded_log	Bounded FastLevenbergMarquardt log-space	ok		l2_log	ungated	15	363.78431443346636	40096.38382218717	40096.38382218717	0.1493143664732035	363.78431443346636	3.367033533314074	3.2051106867825077	3.2051106867825077	8.736934875357019	7.896227728797792	4.0976795938839365e12	4.0976795938839365e12	36.067494603
crauste_0_1em4	crauste	1	0.0	0	scalar_log	Scalar log-space	ok		l2_log	ungated	3	4.295732866637848	4.295732866637848	4.295732866637848	0.09961555374066251	4.295732866637848	2.148067603382861	0.3790923811135167	0.3790923811135167	0.6858755342375086	0.6857656348624814	-4.411409227866898e8	-4.411409227866898e8	134.697113517
crauste_0_1em4	crauste	1	0.0001	1e-04	scalar_log	Scalar log-space	ok		l2_log	ungated	3	4.295732866637848	4.295732866637848	4.295732866637848	0.09961555374066251	4.295732866637848	2.148067603382861	0.3790923816976759	0.3790923816976759	0.6858755347766822	0.6857656375668402	-4.4114092277169615e8	-4.4114092277169615e8	126.581537715
crauste_0_1em4	crauste	1	0.001	1e-03	scalar_log	Scalar log-space	ok		l2_log	ungated	3	4.295732866637848	4.295732866637848	4.295732866637848	0.09961555374066251	4.295732866637848	2.148067603382861	0.3790923801701769	0.3790923801701769	0.6858755329660468	0.6857656361762204	-4.411409226367551e8	-4.411409226367551e8	135.814701633
crauste_0_1em4	crauste	1	0.01	1e-02	scalar_log	Scalar log-space	ok		l2_log	ungated	3	4.295732866637848	4.295732866637848	4.295732866637848	0.09961555374066251	4.295732866637848	2.148067603382861	0.37909237282071817	0.37909237282071817	0.6858755226638662	0.6857656242078745	-4.411409212873435e8	-4.411409212873435e8	133.102771154
crauste_0_1em4	crauste	1	0.1	1e-01	scalar_log	Scalar log-space	ok		l2_log	ungated	3	4.295732866637848	4.295732866637848	4.295732866637848	0.09961555374066251	4.295732866637848	2.148067603382861	0.3790922987927629	0.3790922987927629	0.6858754190715382	0.6857654973603893	-4.411409077932348e8	-4.411409077932348e8	130.907661514
crauste_0_1em4	crauste	1	0.0	0	residual_lso_lm_bounded_log	Bounded LeastSquaresOptim LM log-space	ok		l2_log	ungated	3	4.295732866637848	4.295732866637848	4.295732866637848	0.09961555374066251	4.295732866637848	2.148067603382861	0.09960320333231011	0.09960320333231011	0.266282801012184	0.26628053466870244	2634.2269462085274	2634.2269462085274	42.550517616
crauste_0_1em4	crauste	1	0.0001	1e-04	residual_lso_lm_bounded_log	Bounded LeastSquaresOptim LM log-space	ok		l2_log	ungated	3	4.295732866637848	4.295732866637848	4.295732866637848	0.09961555374066251	4.295732866637848	2.148067603382861	0.09945549731564998	0.09934008370283516	0.26587844409142913	0.26546654553877247	2634.2359147881034	2634.2716565089604	42.978762115
crauste_0_1em4	crauste	1	0.001	1e-03	residual_lso_lm_bounded_log	Bounded LeastSquaresOptim LM log-space	ok		l2_log	ungated	3	4.295732866637848	4.295732866637848	4.295732866637848	0.09961555374066251	4.295732866637848	2.148067603382861	0.0982932304940004	0.09817703212947633	0.26271291388770457	0.26229270730766674	2634.29240659542	2634.3473342020807	43.457912575
crauste_0_1em4	crauste	1	0.01	1e-02	residual_lso_lm_bounded_log	Bounded LeastSquaresOptim LM log-space	ok		l2_log	ungated	3	4.295732866637848	4.295732866637848	4.295732866637848	0.09961555374066251	4.295732866637848	2.148067603382861	0.09184233130847018	0.09162080897189943	0.24538706048341483	0.24479942298180388	2634.605783072727	2634.6066769882755	42.970379181
crauste_0_1em4	crauste	1	0.1	1e-01	residual_lso_lm_bounded_log	Bounded LeastSquaresOptim LM log-space	ok		l2_log	ungated	3	4.295732866637848	4.295732866637848	4.295732866637848	0.09961555374066251	4.295732866637848	2.148067603382861	0.06468222429899517	0.06468222429899517	0.17416980932191847	0.17416980932191847	2636.802271156029	2636.802271156029	40.212220035
crauste_0_1em4	crauste	1	0.0	0	residual_fastlm_bounded_log	Bounded FastLevenbergMarquardt log-space	ok		l2_log	ungated	3	4.295732866637848	4.295732866637848	4.295732866637848	0.09961555374066251	4.295732866637848	2.148067603382861	0.09960319159862799	0.09955109195384344	0.2662830365871911	0.26614029916665677	2634.226945781328	2634.227402566718	20.893726633
crauste_0_1em4	crauste	1	0.0001	1e-04	residual_fastlm_bounded_log	Bounded FastLevenbergMarquardt log-space	ok		l2_log	ungated	3	4.295732866637848	4.295732866637848	4.295732866637848	0.09961555374066251	4.295732866637848	2.148067603382861	0.09942891004769366	0.09942891004769366	0.265811501984871	0.265811501984871	2634.2357718303892	2634.2357718303892	9.850512806
crauste_0_1em4	crauste	1	0.001	1e-03	residual_fastlm_bounded_log	Bounded FastLevenbergMarquardt log-space	ok		l2_log	ungated	3	4.295732866637848	4.295732866637848	4.295732866637848	0.09961555374066251	4.295732866637848	2.148067603382861	0.09831462028355331	0.09831462028355331	0.2628024072541331	0.2628024072541331	2634.285346073925	2634.285346073925	25.373576073
crauste_0_1em4	crauste	1	0.01	1e-02	residual_fastlm_bounded_log	Bounded FastLevenbergMarquardt log-space	ok		l2_log	ungated	3	4.295732866637848	4.295732866637848	4.295732866637848	0.09961555374066251	4.295732866637848	2.148067603382861	0.09160239648368511	0.09158358376721483	0.2447653845470964	0.2447142130724855	2634.601792265368	2634.601795296413	25.235608554
crauste_0_1em4	crauste	1	0.1	1e-01	residual_fastlm_bounded_log	Bounded FastLevenbergMarquardt log-space	ok		l2_log	ungated	3	4.295732866637848	4.295732866637848	4.295732866637848	0.09961555374066251	4.295732866637848	2.148067603382861	0.06426532654545462	0.06387130210871378	0.1732092040529603	0.17215927265535816	2636.7383738222293	2636.7415727260586	28.533848724
hiv_5_1em4	hiv	6	0.0	0	scalar_log	Scalar log-space	ok		l2_log	ungated	379	6.507612274980539	6.507612274980539	151.07745456279264	0.055216770580443525	6.507612274980539	0.7887617626988013	2.066548496350345	0.26083902299331874	3.4932165163277413	0.5973633384073586	-584743.3126792168	3682.334901501351	383.048838727
hiv_5_1em4	hiv	6	0.0001	1e-04	scalar_log	Scalar log-space	ok		l2_log	ungated	379	6.507612274980539	6.507612274980539	151.07745456279264	0.055216770580443525	6.507612274980539	0.7887617626988013	2.0505749873312236	0.24647615399829395	3.4608034161148122	0.5814524149075222	-601692.1051056498	-6443.362720425069	374.385802408
hiv_5_1em4	hiv	6	0.001	1e-03	scalar_log	Scalar log-space	ok		l2_log	ungated	379	6.507612274980539	6.507612274980539	151.07745456279264	0.055216770580443525	6.507612274980539	0.7887617626988013	1.4688855576302589	0.217858967737512	2.503028305837639	0.5531766576952709	-599258.2810286717	653558.580988424	344.49685775
hiv_5_1em4	hiv	6	0.01	1e-02	scalar_log	Scalar log-space	ok		l2_log	ungated	379	6.507612274980539	6.507612274980539	151.07745456279264	0.055216770580443525	6.507612274980539	0.7887617626988013	2.4580376719246346	0.23754683616072877	4.148896680823069	0.6249736800695471	-571400.3539854325	-762.9141587738256	349.074304287
hiv_5_1em4	hiv	6	0.1	1e-01	scalar_log	Scalar log-space	ok		l2_log	ungated	379	6.507612274980539	6.507612274980539	151.07745456279264	0.055216770580443525	6.507612274980539	0.7887617626988013	1.9349226391090277	0.23527452919576572	3.2758233151006513	0.55333205538085	-610152.1274830943	6133.939898334356	341.865298207
hiv_5_1em4	hiv	6	0.0	0	residual_lso_lm_bounded_log	Bounded LeastSquaresOptim LM log-space	ok		l2_log	ungated	379	6.507612274980539	6.507612274980539	151.07745456279264	0.055216770580443525	6.507612274980539	0.7887617626988013	0.05521752492418988	0.025422574552286904	0.2620871147287041	0.05136676157115496	7.134991004907864	7.135001491579706	1574.24984218
hiv_5_1em4	hiv	6	0.0001	1e-04	residual_lso_lm_bounded_log	Bounded LeastSquaresOptim LM log-space	ok		l2_log	ungated	379	6.507612274980539	6.507612274980539	151.07745456279264	0.055216770580443525	6.507612274980539	0.7887617626988013	0.17743557763107917	0.04680663706051944	0.9011842936944261	0.25380171733579626	7.136673900671041	7.191151238833807	1764.621362029
hiv_5_1em4	hiv	6	0.001	1e-03	residual_lso_lm_bounded_log	Bounded LeastSquaresOptim LM log-space	ok		l2_log	ungated	379	6.507612274980539	6.507612274980539	151.07745456279264	0.055216770580443525	6.507612274980539	0.7887617626988013	0.22251880171978566	0.13415606235718622	1.1615128736932447	0.34801235900733546	7.1503563319564485	7.872793684571464	1739.616825106
hiv_5_1em4	hiv	6	0.01	1e-02	residual_lso_lm_bounded_log	Bounded LeastSquaresOptim LM log-space	ok		l2_log	ungated	379	6.507612274980539	6.507612274980539	151.07745456279264	0.055216770580443525	6.507612274980539	0.7887617626988013	0.2517287777590925	0.24747294695810038	1.4203226060139145	0.7874368302996226	7.27875711451153	9.452268973604172	1982.160432844
hiv_5_1em4	hiv	6	0.1	1e-01	residual_lso_lm_bounded_log	Bounded LeastSquaresOptim LM log-space	ok		l2_log	ungated	379	6.507612274980539	6.507612274980539	151.07745456279264	0.055216770580443525	6.507612274980539	0.7887617626988013	0.2786097428150348	0.27653796970050726	1.6438592241021197	1.6171114621344616	8.491543166069722	8.666260178506127	2190.589449052
hiv_5_1em4	hiv	6	0.0	0	residual_fastlm_bounded_log	Bounded FastLevenbergMarquardt log-space	ok		l2_log	ungated	379	6.507612274980539	6.507612274980539	151.07745456279264	0.055216770580443525	6.507612274980539	0.7887617626988013	0.055217520126677806	0.04894832618446722	0.2620871109920656	0.24585013145945434	7.1349910049030845	7.1611682297161945	998.87305206
hiv_5_1em4	hiv	6	0.0001	1e-04	residual_fastlm_bounded_log	Bounded FastLevenbergMarquardt log-space	ok		l2_log	ungated	379	6.507612274980539	6.507612274980539	151.07745456279264	0.055216770580443525	6.507612274980539	0.7887617626988013	0.1774355691983055	0.051201134548279	0.9011842575746333	0.17813797008286097	7.136673900670571	7.149105100438017	1015.138729508
hiv_5_1em4	hiv	6	0.001	1e-03	residual_fastlm_bounded_log	Bounded FastLevenbergMarquardt log-space	ok		l2_log	ungated	379	6.507612274980539	6.507612274980539	151.07745456279264	0.055216770580443525	6.507612274980539	0.7887617626988013	0.22251880072409522	0.0985276517009789	1.1615128746284908	0.45718443749811105	7.150356331956648	7.715272926247044	1165.115815126
hiv_5_1em4	hiv	6	0.01	1e-02	residual_fastlm_bounded_log	Bounded FastLevenbergMarquardt log-space	ok		l2_log	ungated	379	6.507612274980539	6.507612274980539	151.07745456279264	0.055216770580443525	6.507612274980539	0.7887617626988013	0.2517288114031818	0.16575513331938602	1.420322920353526	0.7849367940588358	7.27875711451175	8.528927457128505	1716.201405669
hiv_5_1em4	hiv	6	0.1	1e-01	residual_fastlm_bounded_log	Bounded FastLevenbergMarquardt log-space	ok		l2_log	ungated	379	6.507612274980539	6.507612274980539	151.07745456279264	0.055216770580443525	6.507612274980539	0.7887617626988013	0.27860975079630446	0.26103626714907063	1.6438592841731035	1.3942547465624362	8.491543166069176	8.86012410157047	1770.961398182
brusselator_0_1em4	brusselator	1	0.0	0	scalar_log	Scalar log-space	ok		l2_log	ungated	0	Inf	Inf	Inf	0.5430346994353146	0.021727745790236574	6.3302995854514	Inf	Inf	Inf	Inf	Inf	Inf	0.004776858
brusselator_0_1em4	brusselator	1	0.0001	1e-04	scalar_log	Scalar log-space	ok		l2_log	ungated	0	Inf	Inf	Inf	0.5430346994353146	0.021727745790236574	6.3302995854514	Inf	Inf	Inf	Inf	Inf	Inf	0.010232232
brusselator_0_1em4	brusselator	1	0.001	1e-03	scalar_log	Scalar log-space	ok		l2_log	ungated	0	Inf	Inf	Inf	0.5430346994353146	0.021727745790236574	6.3302995854514	Inf	Inf	Inf	Inf	Inf	Inf	0.004546259
brusselator_0_1em4	brusselator	1	0.01	1e-02	scalar_log	Scalar log-space	ok		l2_log	ungated	0	Inf	Inf	Inf	0.5430346994353146	0.021727745790236574	6.3302995854514	Inf	Inf	Inf	Inf	Inf	Inf	0.003649243
brusselator_0_1em4	brusselator	1	0.1	1e-01	scalar_log	Scalar log-space	ok		l2_log	ungated	0	Inf	Inf	Inf	0.5430346994353146	0.021727745790236574	6.3302995854514	Inf	Inf	Inf	Inf	Inf	Inf	0.003607229
brusselator_0_1em4	brusselator	1	0.0	0	residual_lso_lm_bounded_log	Bounded LeastSquaresOptim LM log-space	ok		l2_log	ungated	0	Inf	Inf	Inf	0.5430346994353146	0.021727745790236574	6.3302995854514	Inf	Inf	Inf	Inf	Inf	Inf	0.003637832
brusselator_0_1em4	brusselator	1	0.0001	1e-04	residual_lso_lm_bounded_log	Bounded LeastSquaresOptim LM log-space	ok		l2_log	ungated	0	Inf	Inf	Inf	0.5430346994353146	0.021727745790236574	6.3302995854514	Inf	Inf	Inf	Inf	Inf	Inf	0.003477989
brusselator_0_1em4	brusselator	1	0.001	1e-03	residual_lso_lm_bounded_log	Bounded LeastSquaresOptim LM log-space	ok		l2_log	ungated	0	Inf	Inf	Inf	0.5430346994353146	0.021727745790236574	6.3302995854514	Inf	Inf	Inf	Inf	Inf	Inf	0.003502889
brusselator_0_1em4	brusselator	1	0.01	1e-02	residual_lso_lm_bounded_log	Bounded LeastSquaresOptim LM log-space	ok		l2_log	ungated	0	Inf	Inf	Inf	0.5430346994353146	0.021727745790236574	6.3302995854514	Inf	Inf	Inf	Inf	Inf	Inf	0.003609498
brusselator_0_1em4	brusselator	1	0.1	1e-01	residual_lso_lm_bounded_log	Bounded LeastSquaresOptim LM log-space	ok		l2_log	ungated	0	Inf	Inf	Inf	0.5430346994353146	0.021727745790236574	6.3302995854514	Inf	Inf	Inf	Inf	Inf	Inf	0.003636744
brusselator_0_1em4	brusselator	1	0.0	0	residual_fastlm_bounded_log	Bounded FastLevenbergMarquardt log-space	ok		l2_log	ungated	0	Inf	Inf	Inf	0.5430346994353146	0.021727745790236574	6.3302995854514	Inf	Inf	Inf	Inf	Inf	Inf	0.003607839
brusselator_0_1em4	brusselator	1	0.0001	1e-04	residual_fastlm_bounded_log	Bounded FastLevenbergMarquardt log-space	ok		l2_log	ungated	0	Inf	Inf	Inf	0.5430346994353146	0.021727745790236574	6.3302995854514	Inf	Inf	Inf	Inf	Inf	Inf	0.003434812
brusselator_0_1em4	brusselator	1	0.001	1e-03	residual_fastlm_bounded_log	Bounded FastLevenbergMarquardt log-space	ok		l2_log	ungated	0	Inf	Inf	Inf	0.5430346994353146	0.021727745790236574	6.3302995854514	Inf	Inf	Inf	Inf	Inf	Inf	0.003514947
brusselator_0_1em4	brusselator	1	0.01	1e-02	residual_fastlm_bounded_log	Bounded FastLevenbergMarquardt log-space	ok		l2_log	ungated	0	Inf	Inf	Inf	0.5430346994353146	0.021727745790236574	6.3302995854514	Inf	Inf	Inf	Inf	Inf	Inf	0.003525349
brusselator_0_1em4	brusselator	1	0.1	1e-01	residual_fastlm_bounded_log	Bounded FastLevenbergMarquardt log-space	ok		l2_log	ungated	0	Inf	Inf	Inf	0.5430346994353146	0.021727745790236574	6.3302995854514	Inf	Inf	Inf	Inf	Inf	Inf	0.003642264
crauste_7_1em4	crauste	8	0.0	0	scalar_log	Scalar log-space	ok		l2_log	ungated	20	64.45986321743501	187.5198425730863	1639.097487955268	0.19620521618467582	64.45986321743501	1.6702059519056445	0.4098048661702537	0.40961468878163787	0.8346781726678683	0.8344640425006576	-9.453321398428226e10	-8.292331593963585e10	287.431137975
crauste_7_1em4	crauste	8	0.0001	1e-04	scalar_log	Scalar log-space	ok		l2_log	ungated	20	64.45986321743501	187.5198425730863	1639.097487955268	0.19620521618467582	64.45986321743501	1.6702059519056445	0.4098048662180914	0.409614688781111	0.8346781728655935	0.8344640424984882	-9.453321398425987e10	-8.29233159396135e10	304.952005653
crauste_7_1em4	crauste	8	0.001	1e-03	scalar_log	Scalar log-space	ok		l2_log	ungated	20	64.45986321743501	187.5198425730863	1639.097487955268	0.19620521618467582	64.45986321743501	1.6702059519056445	0.40980486625436985	0.38835368046063484	0.8346781731545332	0.8344640424930306	-9.453321398405836e10	-2.162976095314031e10	298.178311074
crauste_7_1em4	crauste	8	0.01	1e-02	scalar_log	Scalar log-space	ok		l2_log	ungated	20	64.45986321743501	187.5198425730863	1639.097487955268	0.19620521618467582	64.45986321743501	1.6702059519056445	0.4098048662035493	0.40961468884077346	0.8346781728158235	0.8344640428362302	-9.453321398204332e10	-8.29233159373977e10	292.097796042
crauste_7_1em4	crauste	8	0.1	1e-01	scalar_log	Scalar log-space	ok		l2_log	ungated	20	64.45986321743501	187.5198425730863	1639.097487955268	0.19620521618467582	64.45986321743501	1.6702059519056445	0.40980486603398236	0.3699813326263812	0.8346781722325087	0.8341320600142053	-9.453321396189291e10	-1.5462973102944192e8	285.419928095
crauste_7_1em4	crauste	8	0.0	0	residual_lso_lm_bounded_log	Bounded LeastSquaresOptim LM log-space	ok		l2_log	ungated	20	64.45986321743501	187.5198425730863	1639.097487955268	0.19620521618467582	64.45986321743501	1.6702059519056445	2.445712379564965	0.3565602453218376	10.54197884889285	0.6806757834675614	128485.08431354992	266293.65920579806	95.196998859
crauste_7_1em4	crauste	8	0.0001	1e-04	residual_lso_lm_bounded_log	Bounded LeastSquaresOptim LM log-space	ok		l2_log	ungated	20	64.45986321743501	187.5198425730863	1639.097487955268	0.19620521618467582	64.45986321743501	1.6702059519056445	2.4456036516027404	0.35979453823074314	10.5418959910656	0.6851100103962904	128379.37246355836	283947.6931647427	96.126105791
crauste_7_1em4	crauste	8	0.001	1e-03	residual_lso_lm_bounded_log	Bounded LeastSquaresOptim LM log-space	ok		l2_log	ungated	20	64.45986321743501	187.5198425730863	1639.097487955268	0.19620521618467582	64.45986321743501	1.6702059519056445	2.445733264485072	0.3603209047078692	10.541994674906116	0.6859694903199924	128550.05175367111	282046.0665195154	95.231917051
crauste_7_1em4	crauste	8	0.01	1e-02	residual_lso_lm_bounded_log	Bounded LeastSquaresOptim LM log-space	ok		l2_log	ungated	20	64.45986321743501	187.5198425730863	1639.097487955268	0.19620521618467582	64.45986321743501	1.6702059519056445	2.445620776814662	0.3634403487877551	10.541919159725628	0.6893039001023359	128477.99600047711	325041.0547738584	96.885382303
crauste_7_1em4	crauste	8	0.1	1e-01	residual_lso_lm_bounded_log	Bounded LeastSquaresOptim LM log-space	ok		l2_log	ungated	20	64.45986321743501	187.5198425730863	1639.097487955268	0.19620521618467582	64.45986321743501	1.6702059519056445	2.4456903335439835	0.3649515078038721	10.54197173019282	0.6909474505476596	128622.42084617185	344726.1520073843	93.930897153
crauste_7_1em4	crauste	8	0.0	0	residual_fastlm_bounded_log	Bounded FastLevenbergMarquardt log-space	ok		l2_log	ungated	20	64.45986321743501	187.5198425730863	1639.097487955268	0.19620521618467582	64.45986321743501	1.6702059519056445	2.385488832727355	2.22382879566379	7.79953439574299	6.434433223988935	1.4082900354750842e8	4.229825756599654e10	56.558521771
crauste_7_1em4	crauste	8	0.0001	1e-04	residual_fastlm_bounded_log	Bounded FastLevenbergMarquardt log-space	ok		l2_log	ungated	20	64.45986321743501	187.5198425730863	1639.097487955268	0.19620521618467582	64.45986321743501	1.6702059519056445	0.3276039117652418	0.3276039117652418	0.6353749143336546	0.6353749143336546	21841.93240111503	21841.93240111503	63.465127537
crauste_7_1em4	crauste	8	0.001	1e-03	residual_fastlm_bounded_log	Bounded FastLevenbergMarquardt log-space	ok		l2_log	ungated	20	64.45986321743501	187.5198425730863	1639.097487955268	0.19620521618467582	64.45986321743501	1.6702059519056445	0.3431573607575252	0.3431573607575252	0.6537378279385405	0.6537378279385405	31999.70885534792	31999.70885534792	59.462161229
crauste_7_1em4	crauste	8	0.01	1e-02	residual_fastlm_bounded_log	Bounded FastLevenbergMarquardt log-space	ok		l2_log	ungated	20	64.45986321743501	187.5198425730863	1639.097487955268	0.19620521618467582	64.45986321743501	1.6702059519056445	0.2357169776681074	0.2357169776681074	0.48829415019514205	0.48829415019514205	1934.0021396786374	1934.0021396786374	60.784036358
crauste_7_1em4	crauste	8	0.1	1e-01	residual_fastlm_bounded_log	Bounded FastLevenbergMarquardt log-space	ok		l2_log	ungated	20	64.45986321743501	187.5198425730863	1639.097487955268	0.19620521618467582	64.45986321743501	1.6702059519056445	2.5012485760140843	1.9760893196636642	7.929055823770091	3.4463797681252912	2.164468068395707e8	4.078140315254133e10	63.457446293
brusselator_4_1em4	brusselator	5	0.0	0	scalar_log	Scalar log-space	ok		l2_log	ungated	20	20.334331466217744	20.334331466217744	78272.25994228368	2.6765462279822985	0.0005358578125155483	20.334331466217744	1.4172914612195269	1.4172914612195269	6.981752737437358	5.093093222872369	1.253888844006974e23	1.253888844006974e23	54.008072678
brusselator_4_1em4	brusselator	5	0.0001	1e-04	scalar_log	Scalar log-space	ok		l2_log	ungated	20	20.334331466217744	20.334331466217744	78272.25994228368	2.6765462279822985	0.0005358578125155483	20.334331466217744	4.925106283386764	0.4593440701137309	25.28516610921357	0.8199349896614044	1.2538888545794198e23	1.2538888552839305e23	16.554004633
brusselator_4_1em4	brusselator	5	0.001	1e-03	scalar_log	Scalar log-space	ok		l2_log	ungated	20	20.334331466217744	20.334331466217744	78272.25994228368	2.6765462279822985	0.0005358578125155483	20.334331466217744	0.6210867618763168	0.49278945640711636	2.1988561949183736	0.9017792061164391	1.2538888501371278e23	1.2538888506571434e23	37.502467629
brusselator_4_1em4	brusselator	5	0.01	1e-02	scalar_log	Scalar log-space	ok		l2_log	ungated	20	20.334331466217744	20.334331466217744	78272.25994228368	2.6765462279822985	0.0005358578125155483	20.334331466217744	0.6920133666873484	0.46589143461235266	2.3466879844141744	0.847837334473754	1.2538888516913798e23	1.2538888553220418e23	16.418761114
brusselator_4_1em4	brusselator	5	0.1	1e-01	scalar_log	Scalar log-space	ok		l2_log	ungated	20	20.334331466217744	20.334331466217744	78272.25994228368	2.6765462279822985	0.0005358578125155483	20.334331466217744	6.730718439360195	0.4417901406331097	25.941816710114747	0.6511969296405306	1.2538888438378484e23	1.2538888564107863e23	129.091356505
brusselator_4_1em4	brusselator	5	0.0	0	residual_lso_lm_bounded_log	Bounded LeastSquaresOptim LM log-space	ok		l2_log	ungated	20	20.334331466217744	20.334331466217744	78272.25994228368	2.6765462279822985	0.0005358578125155483	20.334331466217744	6.768876241670398	6.768876241670398	17.176127789378516	17.176127789378516	3.002e15	3.002e15	22.605720553
brusselator_4_1em4	brusselator	5	0.0001	1e-04	residual_lso_lm_bounded_log	Bounded LeastSquaresOptim LM log-space	ok		l2_log	ungated	20	20.334331466217744	20.334331466217744	78272.25994228368	2.6765462279822985	0.0005358578125155483	20.334331466217744	6.768876241670398	6.768876241670398	17.176127789378516	17.176127789378516	3.006e15	3.006e15	6.872145935
brusselator_4_1em4	brusselator	5	0.001	1e-03	residual_lso_lm_bounded_log	Bounded LeastSquaresOptim LM log-space	ok		l2_log	ungated	20	20.334331466217744	20.334331466217744	78272.25994228368	2.6765462279822985	0.0005358578125155483	20.334331466217744	6.768876241670398	6.768876241670398	17.176127789378516	17.176127789378516	3.006e15	3.006e15	6.543810587
brusselator_4_1em4	brusselator	5	0.01	1e-02	residual_lso_lm_bounded_log	Bounded LeastSquaresOptim LM log-space	ok		l2_log	ungated	20	20.334331466217744	20.334331466217744	78272.25994228368	2.6765462279822985	0.0005358578125155483	20.334331466217744	6.768876241670398	6.768876241670398	17.176127789378516	17.176127789378516	3.006e15	3.006e15	7.011933735
brusselator_4_1em4	brusselator	5	0.1	1e-01	residual_lso_lm_bounded_log	Bounded LeastSquaresOptim LM log-space	ok		l2_log	ungated	20	20.334331466217744	20.334331466217744	78272.25994228368	2.6765462279822985	0.0005358578125155483	20.334331466217744	6.768876241670398	6.768876241670398	17.176127789378516	17.176127789378516	3.006e15	3.006e15	7.214087032
brusselator_4_1em4	brusselator	5	0.0	0	residual_fastlm_bounded_log	Bounded FastLevenbergMarquardt log-space	ok		l2_log	ungated	20	20.334331466217744	20.334331466217744	78272.25994228368	2.6765462279822985	0.0005358578125155483	20.334331466217744	6.768876241670398	6.768876241670398	17.176127789378516	17.176127789378516	3.002e15	3.002e15	6.879027249
brusselator_4_1em4	brusselator	5	0.0001	1e-04	residual_fastlm_bounded_log	Bounded FastLevenbergMarquardt log-space	ok		l2_log	ungated	20	20.334331466217744	20.334331466217744	78272.25994228368	2.6765462279822985	0.0005358578125155483	20.334331466217744	6.768876241670398	6.768876241670398	17.176127789378516	17.176127789378516	3.006e15	3.006e15	6.654296644
brusselator_4_1em4	brusselator	5	0.001	1e-03	residual_fastlm_bounded_log	Bounded FastLevenbergMarquardt log-space	ok		l2_log	ungated	20	20.334331466217744	20.334331466217744	78272.25994228368	2.6765462279822985	0.0005358578125155483	20.334331466217744	6.768876241670398	6.768876241670398	17.176127789378516	17.176127789378516	3.006e15	3.006e15	6.860402217
brusselator_4_1em4	brusselator	5	0.01	1e-02	residual_fastlm_bounded_log	Bounded FastLevenbergMarquardt log-space	ok		l2_log	ungated	20	20.334331466217744	20.334331466217744	78272.25994228368	2.6765462279822985	0.0005358578125155483	20.334331466217744	6.768876241670398	6.768876241670398	17.176127789378516	17.176127789378516	3.006e15	3.006e15	7.013119342
brusselator_4_1em4	brusselator	5	0.1	1e-01	residual_fastlm_bounded_log	Bounded FastLevenbergMarquardt log-space	ok		l2_log	ungated	20	20.334331466217744	20.334331466217744	78272.25994228368	2.6765462279822985	0.0005358578125155483	20.334331466217744	6.768876241670398	6.768876241670398	17.176127789378516	17.176127789378516	3.006e15	3.006e15	6.970156912
hiv_2_1em4	hiv	3	0.0	0	scalar_log	Scalar log-space	ok		l2_log	ungated	251	2.256652800069876	2.256652800069876	235.76669804854288	0.149771519232908	2.2566528000698765	1.1031107637719835	0.5307112138891298	0.2695422812867609	0.9041516164920201	0.5639062412643852	-8.892062998695554e7	1.0919310814332594e6	358.068378157
hiv_2_1em4	hiv	3	0.0001	1e-04	scalar_log	Scalar log-space	ok		l2_log	ungated	251	2.256652800069876	2.256652800069876	235.76669804854288	0.149771519232908	2.2566528000698765	1.1031107637719835	0.5307112137727344	0.27011228114465796	0.9041516161138108	0.6064217438514133	-8.892062995921257e7	1.0925198659424384e6	370.104324341
hiv_2_1em4	hiv	3	0.001	1e-03	scalar_log	Scalar log-space	ok		l2_log	ungated	251	2.256652800069876	2.256652800069876	235.76669804854288	0.149771519232908	2.2566528000698765	1.1031107637719835	0.5307115711331364	0.27011177353567756	0.9041516430139502	0.6065029011866202	-8.892062970296752e7	1.0925191609637567e6	371.534627508
hiv_2_1em4	hiv	3	0.01	1e-02	scalar_log	Scalar log-space	ok		l2_log	ungated	251	2.256652800069876	2.256652800069876	235.76669804854288	0.149771519232908	2.2566528000698765	1.1031107637719835	0.5307112023021137	0.2695377661296043	0.904151578874838	0.52988523677295	-8.892062721265985e7	1.0919233395861324e6	358.925284267
hiv_2_1em4	hiv	3	0.1	1e-01	scalar_log	Scalar log-space	ok		l2_log	ungated	251	2.256652800069876	2.256652800069876	235.76669804854288	0.149771519232908	2.2566528000698765	1.1031107637719835	0.5307110974922492	0.27005557410874964	0.9041512382724844	0.48667496957093165	-8.892060224407464e7	1.0924443373049614e6	349.726895099
hiv_2_1em4	hiv	3	0.0	0	residual_lso_lm_bounded_log	Bounded LeastSquaresOptim LM log-space	ok		l2_log	ungated	251	2.256652800069876	2.256652800069876	235.76669804854288	0.149771519232908	2.2566528000698765	1.1031107637719835	0.1497715132996398	0.003267906522178295	0.2582145887045082	0.004922025504011914	4.801234897387546	4.801235322401957	833.686096111
hiv_2_1em4	hiv	3	0.0001	1e-04	residual_lso_lm_bounded_log	Bounded LeastSquaresOptim LM log-space	ok		l2_log	ungated	251	2.256652800069876	2.256652800069876	235.76669804854288	0.149771519232908	2.2566528000698765	1.1031107637719835	0.11130446043854236	0.02298508332077685	0.20458297306655865	0.05196013905413483	4.80277435672658	4.802937451176398	986.410842099
hiv_2_1em4	hiv	3	0.001	1e-03	residual_lso_lm_bounded_log	Bounded LeastSquaresOptim LM log-space	ok		l2_log	ungated	251	2.256652800069876	2.256652800069876	235.76669804854288	0.149771519232908	2.2566528000698765	1.1031107637719835	0.12938907556116275	0.07038826706036906	0.3330697303163644	0.24760227605062307	4.815535182567958	4.817422925528585	1179.531043352
hiv_2_1em4	hiv	3	0.01	1e-02	residual_lso_lm_bounded_log	Bounded LeastSquaresOptim LM log-space	ok		l2_log	ungated	251	2.256652800069876	2.256652800069876	235.76669804854288	0.149771519232908	2.2566528000698765	1.1031107637719835	0.1776067918497942	0.17758490458582	0.6222436178888244	0.5746092786213314	4.934397184770258	4.93443434161273	1144.617508922
hiv_2_1em4	hiv	3	0.1	1e-01	residual_lso_lm_bounded_log	Bounded LeastSquaresOptim LM log-space	ok		l2_log	ungated	251	2.256652800069876	2.256652800069876	235.76669804854288	0.149771519232908	2.2566528000698765	1.1031107637719835	0.22924495288430466	0.22924495288430466	0.8539670509236992	0.8539670509236992	6.069889653867618	6.069889653867618	1288.873273369
hiv_2_1em4	hiv	3	0.0	0	residual_fastlm_bounded_log	Bounded FastLevenbergMarquardt log-space	ok		l2_log	ungated	251	2.256652800069876	2.256652800069876	235.76669804854288	0.149771519232908	2.2566528000698765	1.1031107637719835	0.1497715132796933	0.027853724777619975	0.2582145880293474	0.04513386708764437	4.8012348973871175	4.818408063509205	927.698227271
hiv_2_1em4	hiv	3	0.0001	1e-04	residual_fastlm_bounded_log	Bounded FastLevenbergMarquardt log-space	ok		l2_log	ungated	251	2.256652800069876	2.256652800069876	235.76669804854288	0.149771519232908	2.2566528000698765	1.1031107637719835	0.11130445217788859	0.11122358532659016	0.20458294575786043	0.20445649816897377	4.802774356727197	4.802862084132038	969.324440236
hiv_2_1em4	hiv	3	0.001	1e-03	residual_fastlm_bounded_log	Bounded FastLevenbergMarquardt log-space	ok		l2_log	ungated	251	2.256652800069876	2.256652800069876	235.76669804854288	0.149771519232908	2.2566528000698765	1.1031107637719835	0.12938912007309206	0.07938406071579761	0.3330700315571649	0.2705775015973942	4.815535182567833	4.860679560059569	1015.881536821
hiv_2_1em4	hiv	3	0.01	1e-02	residual_fastlm_bounded_log	Bounded FastLevenbergMarquardt log-space	ok		l2_log	ungated	251	2.256652800069876	2.256652800069876	235.76669804854288	0.149771519232908	2.2566528000698765	1.1031107637719835	0.17760672496478197	0.16979572864250556	0.6222432636713157	0.49547060077087723	4.934397184770471	5.080507336382691	1133.432647627
hiv_2_1em4	hiv	3	0.1	1e-01	residual_fastlm_bounded_log	Bounded FastLevenbergMarquardt log-space	ok		l2_log	ungated	251	2.256652800069876	2.256652800069876	235.76669804854288	0.149771519232908	2.2566528000698765	1.1031107637719835	0.22924496822434326	0.22922551990532886	0.8539671174689475	0.8496931023668727	6.069889653867499	6.069895293582008	1292.767815784
hiv_7_1em4	hiv	8	0.0	0	scalar_log	Scalar log-space	ok		l2_log	ungated	256	5.403962474896902	5.403962474896902	96.2628878237528	0.19457038714391597	5.403962474896902	1.356534926925259	0.947617595470654	0.28547429457636153	6.357091368757946	0.47676404517248794	-159830.82617404984	-160.95339363174259	334.999217965
hiv_7_1em4	hiv	8	0.0001	1e-04	scalar_log	Scalar log-space	ok		l2_log	ungated	256	5.403962474896902	5.403962474896902	96.2628878237528	0.19457038714391597	5.403962474896902	1.356534926925259	0.4153670857323753	0.14323574933568853	0.8970270308886473	0.3339596670173458	-138462.47681438303	-5.605551831160527	320.477206539
hiv_7_1em4	hiv	8	0.001	1e-03	scalar_log	Scalar log-space	ok		l2_log	ungated	256	5.403962474896902	5.403962474896902	96.2628878237528	0.19457038714391597	5.403962474896902	1.356534926925259	0.4067602479647967	0.2553538146486574	0.8832482666420901	0.4998784033072134	-131278.37900995737	-127.18125396050604	350.710200418
hiv_7_1em4	hiv	8	0.01	1e-02	scalar_log	Scalar log-space	ok		l2_log	ungated	256	5.403962474896902	5.403962474896902	96.2628878237528	0.19457038714391597	5.403962474896902	1.356534926925259	0.4146378458009116	0.13937402227594006	0.9036110250394065	0.239012873356766	-135257.8072076683	-5.458299564657157	381.600417945
hiv_7_1em4	hiv	8	0.1	1e-01	scalar_log	Scalar log-space	ok		l2_log	ungated	256	5.403962474896902	5.403962474896902	96.2628878237528	0.19457038714391597	5.403962474896902	1.356534926925259	0.4153932019049155	0.1337653258771765	0.8968091878251871	0.31870932519688827	-131859.33072103476	-43.97946047675728	350.225931276
hiv_7_1em4	hiv	8	0.0	0	residual_lso_lm_bounded_log	Bounded LeastSquaresOptim LM log-space	ok		l2_log	ungated	256	5.403962474896902	5.403962474896902	96.2628878237528	0.19457038714391597	5.403962474896902	1.356534926925259	0.19457038807510912	0.13834938871145103	0.26469570509208284	0.2594623270798221	2.0390402972900277	2.0390799681734553	676.618173662
hiv_7_1em4	hiv	8	0.0001	1e-04	residual_lso_lm_bounded_log	Bounded LeastSquaresOptim LM log-space	ok		l2_log	ungated	256	5.403962474896902	5.403962474896902	96.2628878237528	0.19457038714391597	5.403962474896902	1.356534926925259	0.10600760446711023	0.0850067765380039	0.3494891595301598	0.26933150746404855	2.0412119884596613	2.041222055340692	614.908889202
hiv_7_1em4	hiv	8	0.001	1e-03	residual_lso_lm_bounded_log	Bounded LeastSquaresOptim LM log-space	ok		l2_log	ungated	256	5.403962474896902	5.403962474896902	96.2628878237528	0.19457038714391597	5.403962474896902	1.356534926925259	0.169555662144473	0.16425517099649223	0.7405596710865214	0.7392422242939939	2.059535665518855	2.0595420593801816	554.619583162
hiv_7_1em4	hiv	8	0.01	1e-02	residual_lso_lm_bounded_log	Bounded LeastSquaresOptim LM log-space	ok		l2_log	ungated	256	5.403962474896902	5.403962474896902	96.2628878237528	0.19457038714391597	5.403962474896902	1.356534926925259	0.2328557826686895	0.22766863939399193	1.0800095104233454	0.993098651701995	2.232925283795958	2.2340467189808355	636.153080599
hiv_7_1em4	hiv	8	0.1	1e-01	residual_lso_lm_bounded_log	Bounded LeastSquaresOptim LM log-space	ok		l2_log	ungated	256	5.403962474896902	5.403962474896902	96.2628878237528	0.19457038714391597	5.403962474896902	1.356534926925259	0.26693916830572495	0.26693916830572495	1.2125043481203455	1.2125043481203455	3.8649625411757684	3.8649625411757684	702.706651555
hiv_7_1em4	hiv	8	0.0	0	residual_fastlm_bounded_log	Bounded FastLevenbergMarquardt log-space	ok		l2_log	ungated	256	5.403962474896902	5.403962474896902	96.2628878237528	0.19457038714391597	5.403962474896902	1.356534926925259	0.19457038213363229	0.15361234444285554	0.26469568105181074	0.21161119714248303	2.039040297289924	2.039040338458612	502.974380455
hiv_7_1em4	hiv	8	0.0001	1e-04	residual_fastlm_bounded_log	Bounded FastLevenbergMarquardt log-space	ok		l2_log	ungated	256	5.403962474896902	5.403962474896902	96.2628878237528	0.19457038714391597	5.403962474896902	1.356534926925259	0.1060080461435622	0.10447497796021238	0.349491815602419	0.2604439824793429	2.0412119884596103	2.043353997138286	517.823642226
hiv_7_1em4	hiv	8	0.001	1e-03	residual_fastlm_bounded_log	Bounded FastLevenbergMarquardt log-space	ok		l2_log	ungated	256	5.403962474896902	5.403962474896902	96.2628878237528	0.19457038714391597	5.403962474896902	1.356534926925259	0.16955544203690887	0.12419854217994984	0.7405584867593058	0.4094939359667944	2.059535665518724	8.251111636596614	506.269435844
hiv_7_1em4	hiv	8	0.01	1e-02	residual_fastlm_bounded_log	Bounded FastLevenbergMarquardt log-space	ok		l2_log	ungated	256	5.403962474896902	5.403962474896902	96.2628878237528	0.19457038714391597	5.403962474896902	1.356534926925259	0.23285578541312324	0.22214145874545407	1.0800095184702274	0.9600916895184487	2.2329252837958804	5.072584450211722	645.177957555
hiv_7_1em4	hiv	8	0.1	1e-01	residual_fastlm_bounded_log	Bounded FastLevenbergMarquardt log-space	ok		l2_log	ungated	256	5.403962474896902	5.403962474896902	96.2628878237528	0.19457038714391597	5.403962474896902	1.356534926925259	0.2669391525623234	0.2561998297160588	1.2125043033921217	1.1901964475989493	3.8649625411756934	8.427979382827052	665.803871475
crauste_4_1em4	crauste	5	0.0	0	scalar_log	Scalar log-space	ok		l2_log	ungated	1	0.21649914007806018	0.21649914007806018	0.21649914007806018	0.18655426058167765	0.2164991400780602	1.2662834120192192	0.33678518996164863	0.21649914007806018	0.6672960995043159	0.41096358378865505	-9.810637594708598e7	8.185307571137297e6	140.032510738
crauste_4_1em4	crauste	5	0.0001	1e-04	scalar_log	Scalar log-space	ok		l2_log	ungated	1	0.21649914007806018	0.21649914007806018	0.21649914007806018	0.18655426058167765	0.2164991400780602	1.2662834120192192	0.33678518882521336	0.21649914007806018	0.667296097690709	0.41096358378865505	-9.810637593318513e7	8.185307571137297e6	127.639669421
crauste_4_1em4	crauste	5	0.001	1e-03	scalar_log	Scalar log-space	ok		l2_log	ungated	1	0.21649914007806018	0.21649914007806018	0.21649914007806018	0.18655426058167765	0.2164991400780602	1.2662834120192192	0.3367851861083239	0.21649914007806018	0.6672960925972109	0.41096358378865505	-9.810637580807735e7	8.185307571137297e6	139.633956207
crauste_4_1em4	crauste	5	0.01	1e-02	scalar_log	Scalar log-space	ok		l2_log	ungated	1	0.21649914007806018	0.21649914007806018	0.21649914007806018	0.18655426058167765	0.2164991400780602	1.2662834120192192	0.33678515460266584	0.21649914007806018	0.6672960357232698	0.41096358378865505	-9.810637455700034e7	8.185307571137297e6	133.145732082
crauste_4_1em4	crauste	5	0.1	1e-01	scalar_log	Scalar log-space	ok		l2_log	ungated	1	0.21649914007806018	0.21649914007806018	0.21649914007806018	0.18655426058167765	0.2164991400780602	1.2662834120192192	0.33678481918776665	0.21649914007806018	0.6672954309843878	0.41096358378865505	-9.810636204626063e7	8.185307571137297e6	144.834312055
crauste_4_1em4	crauste	5	0.0	0	residual_lso_lm_bounded_log	Bounded LeastSquaresOptim LM log-space	ok		l2_log	ungated	1	0.21649914007806018	0.21649914007806018	0.21649914007806018	0.18655426058167765	0.2164991400780602	1.2662834120192192	0.15284535092907608	0.15284535092907608	0.2718427791351024	0.2718427791351024	8461.674652235004	8461.674652235004	20.338238867
crauste_4_1em4	crauste	5	0.0001	1e-04	residual_lso_lm_bounded_log	Bounded LeastSquaresOptim LM log-space	ok		l2_log	ungated	1	0.21649914007806018	0.21649914007806018	0.21649914007806018	0.18655426058167765	0.2164991400780602	1.2662834120192192	0.14798927923740116	0.14798927923740116	0.26321253502513237	0.26321253502513237	8461.67591569544	8461.67591569544	20.589471588
crauste_4_1em4	crauste	5	0.001	1e-03	residual_lso_lm_bounded_log	Bounded LeastSquaresOptim LM log-space	ok		l2_log	ungated	1	0.21649914007806018	0.21649914007806018	0.21649914007806018	0.18655426058167765	0.2164991400780602	1.2662834120192192	0.14503702956461206	0.14503702956461206	0.25796640957155664	0.25796640957155664	8461.71062455471	8461.71062455471	20.707220343
crauste_4_1em4	crauste	5	0.01	1e-02	residual_lso_lm_bounded_log	Bounded LeastSquaresOptim LM log-space	ok		l2_log	ungated	1	0.21649914007806018	0.21649914007806018	0.21649914007806018	0.18655426058167765	0.2164991400780602	1.2662834120192192	0.12131047666676051	0.12131047666676051	0.21580746423966443	0.21580746423966443	8461.976618187678	8461.976618187678	20.292786457
crauste_4_1em4	crauste	5	0.1	1e-01	residual_lso_lm_bounded_log	Bounded LeastSquaresOptim LM log-space	ok		l2_log	ungated	1	0.21649914007806018	0.21649914007806018	0.21649914007806018	0.18655426058167765	0.2164991400780602	1.2662834120192192	0.030880519469255453	0.030880519469255453	0.05553657217233256	0.05553657217233256	8464.473245405186	8464.473245405186	20.209351457
crauste_4_1em4	crauste	5	0.0	0	residual_fastlm_bounded_log	Bounded FastLevenbergMarquardt log-space	ok		l2_log	ungated	1	0.21649914007806018	0.21649914007806018	0.21649914007806018	0.18655426058167765	0.2164991400780602	1.2662834120192192	0.15475214642718388	0.15475214642718388	0.27523171289022247	0.27523171289022247	8461.696052785534	8461.696052785534	10.87208557
crauste_4_1em4	crauste	5	0.0001	1e-04	residual_fastlm_bounded_log	Bounded FastLevenbergMarquardt log-space	ok		l2_log	ungated	1	0.21649914007806018	0.21649914007806018	0.21649914007806018	0.18655426058167765	0.2164991400780602	1.2662834120192192	0.15468047511012017	0.15468047511012017	0.27510436785344833	0.27510436785344833	8461.699230578131	8461.699230578131	11.225936783
crauste_4_1em4	crauste	5	0.001	1e-03	residual_fastlm_bounded_log	Bounded FastLevenbergMarquardt log-space	ok		l2_log	ungated	1	0.21649914007806018	0.21649914007806018	0.21649914007806018	0.18655426058167765	0.2164991400780602	1.2662834120192192	0.1540334937774261	0.1540334937774261	0.2739548409692256	0.2739548409692256	8461.727883898106	8461.727883898106	10.873102743
crauste_4_1em4	crauste	5	0.01	1e-02	residual_fastlm_bounded_log	Bounded FastLevenbergMarquardt log-space	ok		l2_log	ungated	1	0.21649914007806018	0.21649914007806018	0.21649914007806018	0.18655426058167765	0.2164991400780602	1.2662834120192192	0.15036919101499624	0.15036919101499624	0.26744180828831393	0.26744180828831393	8462.007399973376	8462.007399973376	10.962893185
crauste_4_1em4	crauste	5	0.1	1e-01	residual_fastlm_bounded_log	Bounded FastLevenbergMarquardt log-space	ok		l2_log	ungated	1	0.21649914007806018	0.21649914007806018	0.21649914007806018	0.18655426058167765	0.2164991400780602	1.2662834120192192	0.13526296527189616	0.13526296527189616	0.24059957628603068	0.24059957628603068	8464.736747566294	8464.736747566294	10.903650394
crauste_2_1em4	crauste	3	0.0	0	scalar_log	Scalar log-space	ok		l2_log	ungated	19	25.974128606002424	25.974128606002424	5.278528167382495e6	0.2877175152913365	25.974128606002424	1.7349726369106897	2.3651030750180864	1.0910765625996544	11.631345782468037	1.5138156491958292	-1.374366573451105e10	-1.096394015862716e10	296.821300818
crauste_2_1em4	crauste	3	0.0001	1e-04	scalar_log	Scalar log-space	ok		l2_log	ungated	19	25.974128606002424	25.974128606002424	5.278528167382495e6	0.2877175152913365	25.974128606002424	1.7349726369106897	0.7307823138089453	0.36850224153814654	2.817459233058888	0.7240661649556377	-1.6224326340217306e10	-1.146694552725669e10	288.373281197
crauste_2_1em4	crauste	3	0.001	1e-03	scalar_log	Scalar log-space	ok		l2_log	ungated	19	25.974128606002424	25.974128606002424	5.278528167382495e6	0.2877175152913365	25.974128606002424	1.7349726369106897	2.3953439578582563	0.5517469600325305	11.756263753974576	0.8809512776158104	-1.2733740690760542e10	-1.0865452365691483e10	297.011744169
crauste_2_1em4	crauste	3	0.01	1e-02	scalar_log	Scalar log-space	ok		l2_log	ungated	19	25.974128606002424	25.974128606002424	5.278528167382495e6	0.2877175152913365	25.974128606002424	1.7349726369106897	2.6206584685661913	0.44656696798624734	11.546100768946934	0.7701715686133198	-1.3834388069458372e10	-9.796985050921135e9	289.638782774
crauste_2_1em4	crauste	3	0.1	1e-01	scalar_log	Scalar log-space	ok		l2_log	ungated	19	25.974128606002424	25.974128606002424	5.278528167382495e6	0.2877175152913365	25.974128606002424	1.7349726369106897	2.307931273838843	1.3938407389407925	11.298024661599767	2.475688180705305	-1.4796455861438368e10	-8.198232091960078e9	303.732834259
crauste_2_1em4	crauste	3	0.0	0	residual_lso_lm_bounded_log	Bounded LeastSquaresOptim LM log-space	ok		l2_log	ungated	19	25.974128606002424	25.974128606002424	5.278528167382495e6	0.2877175152913365	25.974128606002424	1.7349726369106897	0.6242896136732013	0.607095488621593	2.26568760607044	1.1452503849810243	2.401295699483609e9	2.6916171103993063e9	294.451418744
crauste_2_1em4	crauste	3	0.0001	1e-04	residual_lso_lm_bounded_log	Bounded LeastSquaresOptim LM log-space	ok		l2_log	ungated	19	25.974128606002424	25.974128606002424	5.278528167382495e6	0.2877175152913365	25.974128606002424	1.7349726369106897	0.6243468257623532	0.6070955445859998	2.266474639603238	1.1455843140469129	2.4007773654333267e9	2.6916142215248914e9	301.696322475
crauste_2_1em4	crauste	3	0.001	1e-03	residual_lso_lm_bounded_log	Bounded LeastSquaresOptim LM log-space	ok		l2_log	ungated	19	25.974128606002424	25.974128606002424	5.278528167382495e6	0.2877175152913365	25.974128606002424	1.7349726369106897	0.6248756932277062	0.6070960505763722	2.273706888190664	1.1477290645517795	2.3960268637810526e9	2.6915882140671854e9	321.388015476
crauste_2_1em4	crauste	3	0.01	1e-02	residual_lso_lm_bounded_log	Bounded LeastSquaresOptim LM log-space	ok		l2_log	ungated	19	25.974128606002424	25.974128606002424	5.278528167382495e6	0.2877175152913365	25.974128606002424	1.7349726369106897	0.6167344236242096	0.6048011657732012	2.151834671661452	1.1336673623412459	2.479091216503252e9	2.936113333480945e9	330.359556002
crauste_2_1em4	crauste	3	0.1	1e-01	residual_lso_lm_bounded_log	Bounded LeastSquaresOptim LM log-space	ok		l2_log	ungated	19	25.974128606002424	25.974128606002424	5.278528167382495e6	0.2877175152913365	25.974128606002424	1.7349726369106897	0.6078766392950284	0.6071501059227568	1.968428407142102	1.1393889565799675	2.616519027547113e9	2.6893453744252152e9	326.147941795
crauste_2_1em4	crauste	3	0.0	0	residual_fastlm_bounded_log	Bounded FastLevenbergMarquardt log-space	ok		l2_log	ungated	19	25.974128606002424	25.974128606002424	5.278528167382495e6	0.2877175152913365	25.974128606002424	1.7349726369106897	2.254283748563937	0.9854485964521476	2.934009187836417	1.640802105347481	6.240500146912732e9	8.551668938724368e9	160.698458584
crauste_2_1em4	crauste	3	0.0001	1e-04	residual_fastlm_bounded_log	Bounded FastLevenbergMarquardt log-space	ok		l2_log	ungated	19	25.974128606002424	25.974128606002424	5.278528167382495e6	0.2877175152913365	25.974128606002424	1.7349726369106897	2.255695517839998	0.9854721182163392	2.9422961759143402	1.6407979835940234	6.423583067098964e9	8.550128833874001e9	145.891088904
crauste_2_1em4	crauste	3	0.001	1e-03	residual_fastlm_bounded_log	Bounded FastLevenbergMarquardt log-space	ok		l2_log	ungated	19	25.974128606002424	25.974128606002424	5.278528167382495e6	0.2877175152913365	25.974128606002424	1.7349726369106897	2.2595660930876327	1.0503211837860833	2.9529987639253816	1.7275418178186905	6.40874015873673e9	8.715625922301828e9	145.099099572
crauste_2_1em4	crauste	3	0.01	1e-02	residual_fastlm_bounded_log	Bounded FastLevenbergMarquardt log-space	ok		l2_log	ungated	19	25.974128606002424	25.974128606002424	5.278528167382495e6	0.2877175152913365	25.974128606002424	1.7349726369106897	2.2598188876865293	1.0492649906461624	2.9445819858332234	1.722906575410399	6.382944329127398e9	8.744628482632994e9	141.884912002
crauste_2_1em4	crauste	3	0.1	1e-01	residual_fastlm_bounded_log	Bounded FastLevenbergMarquardt log-space	ok		l2_log	ungated	19	25.974128606002424	25.974128606002424	5.278528167382495e6	0.2877175152913365	25.974128606002424	1.7349726369106897	2.254828023001336	0.43872789001035156	2.939571398625738	0.9344277066827258	6.305115985510447e9	7.126240095142354e9	148.221727784
brusselator_3_1em4	brusselator	4	0.0	0	scalar_log	Scalar log-space	ok		l2_log	ungated	20	2.2645680174686134	2.2645680174686134	4.363550752997529	0.45927532494568923	20.334331466217744	2.2645680174686134	4.771813427917298	0.24160967581221374	10.143267776274833	0.6667536541698327	3.12395190497939e16	3.123961902968635e16	278.255641072
brusselator_3_1em4	brusselator	4	0.0001	1e-04	scalar_log	Scalar log-space	ok		l2_log	ungated	20	2.2645680174686134	2.2645680174686134	4.363550752997529	0.45927532494568923	20.334331466217744	2.2645680174686134	4.762982978838321	0.2522766854743265	10.122926496338222	0.6667543858173922	3.1239442634353972e16	3.1239764884451524e16	276.850825865
brusselator_3_1em4	brusselator	4	0.001	1e-03	scalar_log	Scalar log-space	ok		l2_log	ungated	20	2.2645680174686134	2.2645680174686134	4.363550752997529	0.45927532494568923	20.334331466217744	2.2645680174686134	2.901167480665406	0.2522761517347395	6.17473473292033	0.6362070905911645	3.1239509089351676e16	3.1239764886727464e16	55.077413753
brusselator_3_1em4	brusselator	4	0.01	1e-02	scalar_log	Scalar log-space	ok		l2_log	ungated	20	2.2645680174686134	2.2645680174686134	4.363550752997529	0.45927532494568923	20.334331466217744	2.2645680174686134	4.246850237298093	2.2645680174686134	10.639016858427798	5.237547661749929	3.1240080935244304e16	3.1240183178626556e16	274.565756444
brusselator_3_1em4	brusselator	4	0.1	1e-01	scalar_log	Scalar log-space	ok		l2_log	ungated	20	2.2645680174686134	2.2645680174686134	4.363550752997529	0.45927532494568923	20.334331466217744	2.2645680174686134	0.2793600371890431	0.2522771323230389	0.7584779793398373	0.6667551396657041	3.1239548602049204e16	3.1239764882546096e16	276.963719455
brusselator_3_1em4	brusselator	4	0.0	0	residual_lso_lm_bounded_log	Bounded LeastSquaresOptim LM log-space	ok		l2_log	ungated	20	2.2645680174686134	2.2645680174686134	4.363550752997529	0.45927532494568923	20.334331466217744	2.2645680174686134	6.8287147509652195	2.2645680174686134	21.290808010776665	5.237547661749929	3.002e15	3.1240183178626556e16	6.489570867
brusselator_3_1em4	brusselator	4	0.0001	1e-04	residual_lso_lm_bounded_log	Bounded LeastSquaresOptim LM log-space	ok		l2_log	ungated	20	2.2645680174686134	2.2645680174686134	4.363550752997529	0.45927532494568923	20.334331466217744	2.2645680174686134	6.8287147509652195	2.2645680174686134	21.290808010776665	5.237547661749929	3.006e15	3.1240183178626556e16	6.537891624
brusselator_3_1em4	brusselator	4	0.001	1e-03	residual_lso_lm_bounded_log	Bounded LeastSquaresOptim LM log-space	ok		l2_log	ungated	20	2.2645680174686134	2.2645680174686134	4.363550752997529	0.45927532494568923	20.334331466217744	2.2645680174686134	6.8287147509652195	2.2645680174686134	21.290808010776665	5.237547661749929	3.006e15	3.1240183178626556e16	6.74506631
brusselator_3_1em4	brusselator	4	0.01	1e-02	residual_lso_lm_bounded_log	Bounded LeastSquaresOptim LM log-space	ok		l2_log	ungated	20	2.2645680174686134	2.2645680174686134	4.363550752997529	0.45927532494568923	20.334331466217744	2.2645680174686134	6.8287147509652195	2.2645680174686134	21.290808010776665	5.237547661749929	3.006e15	3.1240183178626556e16	7.106964941
brusselator_3_1em4	brusselator	4	0.1	1e-01	residual_lso_lm_bounded_log	Bounded LeastSquaresOptim LM log-space	ok		l2_log	ungated	20	2.2645680174686134	2.2645680174686134	4.363550752997529	0.45927532494568923	20.334331466217744	2.2645680174686134	9.606318207305023	2.2645680174686134	26.45522640629869	5.237547661749929	3.006e15	3.1240183178626556e16	5.277907158
brusselator_3_1em4	brusselator	4	0.0	0	residual_fastlm_bounded_log	Bounded FastLevenbergMarquardt log-space	ok		l2_log	ungated	20	2.2645680174686134	2.2645680174686134	4.363550752997529	0.45927532494568923	20.334331466217744	2.2645680174686134	6.8287147509652195	2.2645680174686134	21.290808010776665	5.237547661749929	3.002e15	3.1240183178626556e16	5.713882212
brusselator_3_1em4	brusselator	4	0.0001	1e-04	residual_fastlm_bounded_log	Bounded FastLevenbergMarquardt log-space	ok		l2_log	ungated	20	2.2645680174686134	2.2645680174686134	4.363550752997529	0.45927532494568923	20.334331466217744	2.2645680174686134	6.8287147509652195	2.2645680174686134	21.290808010776665	5.237547661749929	3.006e15	3.1240183178626556e16	5.672853
brusselator_3_1em4	brusselator	4	0.001	1e-03	residual_fastlm_bounded_log	Bounded FastLevenbergMarquardt log-space	ok		l2_log	ungated	20	2.2645680174686134	2.2645680174686134	4.363550752997529	0.45927532494568923	20.334331466217744	2.2645680174686134	6.8287147509652195	2.2645680174686134	21.290808010776665	5.237547661749929	3.006e15	3.1240183178626556e16	6.960756907
brusselator_3_1em4	brusselator	4	0.01	1e-02	residual_fastlm_bounded_log	Bounded FastLevenbergMarquardt log-space	ok		l2_log	ungated	20	2.2645680174686134	2.2645680174686134	4.363550752997529	0.45927532494568923	20.334331466217744	2.2645680174686134	6.8287147509652195	2.2645680174686134	21.290808010776665	5.237547661749929	3.006e15	3.1240183178626556e16	5.477587347
brusselator_3_1em4	brusselator	4	0.1	1e-01	residual_fastlm_bounded_log	Bounded FastLevenbergMarquardt log-space	ok		l2_log	ungated	20	2.2645680174686134	2.2645680174686134	4.363550752997529	0.45927532494568923	20.334331466217744	2.2645680174686134	7.048130740387689	2.2645680174686134	21.616956631099843	5.237547661749929	3.006e15	3.1240183178626556e16	5.283667339
seir_3_1em4	seir	4	0.0	0	scalar_log	Scalar log-space	ok		l2_log	ungated	345	3.228605732071512	3.228605732071512	3.6461729932043996	0.07043501513654775	3.228605732071512	0.30190204918040964	0.24876633494782346	0.08147373236343945	0.6416682118105088	0.16867875970031157	-34908.4378513112	3.0827963290750566	287.209595481
seir_3_1em4	seir	4	0.0001	1e-04	scalar_log	Scalar log-space	ok		l2_log	ungated	345	3.228605732071512	3.228605732071512	3.6461729932043996	0.07043501513654775	3.228605732071512	0.30190204918040964	0.2487662242282153	0.036698648396275686	0.641667746716456	0.07116816175937798	-34908.43276615545	3.9739822186376914	278.925949528
seir_3_1em4	seir	4	0.001	1e-03	scalar_log	Scalar log-space	ok		l2_log	ungated	345	3.228605732071512	3.228605732071512	3.6461729932043996	0.07043501513654775	3.228605732071512	0.30190204918040964	0.2487652322703445	0.0009824925365719398	0.6416635675929409	0.002614250432112415	-34908.38700105784	3.4877410428662388	282.501752669
seir_3_1em4	seir	4	0.01	1e-02	scalar_log	Scalar log-space	ok		l2_log	ungated	345	3.228605732071512	3.228605732071512	3.6461729932043996	0.07043501513654775	3.228605732071512	0.30190204918040964	0.2487552930476953	0.007450747504136496	0.6416217369926664	0.02063016110124469	-34907.92947914459	4.868491800995455	281.726509454
seir_3_1em4	seir	4	0.1	1e-01	scalar_log	Scalar log-space	ok		l2_log	ungated	345	3.228605732071512	3.228605732071512	3.6461729932043996	0.07043501513654775	3.228605732071512	0.30190204918040964	0.248655709414585	0.05146370198038698	0.641202276320746	0.12288611366560731	-34903.36711916089	-68.68055007643238	281.174480463
seir_3_1em4	seir	4	0.0	0	residual_lso_lm_bounded_log	Bounded LeastSquaresOptim LM log-space	ok		l2_log	ungated	345	3.228605732071512	3.228605732071512	3.6461729932043996	0.07043501513654775	3.228605732071512	0.30190204918040964	0.278964921186605	0.278964921186605	0.6822239751846588	0.6795250853738637	5.988085785652451	5.988085785652451	165.928183302
seir_3_1em4	seir	4	0.0001	1e-04	residual_lso_lm_bounded_log	Bounded LeastSquaresOptim LM log-space	ok		l2_log	ungated	345	3.228605732071512	3.228605732071512	3.6461729932043996	0.07043501513654775	3.228605732071512	0.30190204918040964	0.18234873221533549	0.07935251336109994	0.3141829744769681	0.1675438740176929	5.988982319114122	5.98919052050982	194.622622664
seir_3_1em4	seir	4	0.001	1e-03	residual_lso_lm_bounded_log	Bounded LeastSquaresOptim LM log-space	ok		l2_log	ungated	345	3.228605732071512	3.228605732071512	3.6461729932043996	0.07043501513654775	3.228605732071512	0.30190204918040964	0.09523046997314538	0.0017990734138271598	0.1626038140704384	0.003185776386087438	5.996704403018323	5.997403528115547	194.574473259
seir_3_1em4	seir	4	0.01	1e-02	residual_lso_lm_bounded_log	Bounded LeastSquaresOptim LM log-space	ok		l2_log	ungated	345	3.228605732071512	3.228605732071512	3.6461729932043996	0.07043501513654775	3.228605732071512	0.30190204918040964	3.6461729932043996	0.00817301001497485	9.471922490724587	0.01977093222287707	6.064114602476521	6.0803944323416195	149.040351228
seir_3_1em4	seir	4	0.1	1e-01	residual_lso_lm_bounded_log	Bounded LeastSquaresOptim LM log-space	ok		l2_log	ungated	345	3.228605732071512	3.228605732071512	3.6461729932043996	0.07043501513654775	3.228605732071512	0.30190204918040964	3.6461729932043996	0.11292312179519552	9.471922490724587	0.2501538931712942	6.064114602476521	6.82487663955231	124.798000752
seir_3_1em4	seir	4	0.0	0	residual_fastlm_bounded_log	Bounded FastLevenbergMarquardt log-space	ok		l2_log	ungated	345	3.228605732071512	3.228605732071512	3.6461729932043996	0.07043501513654775	3.228605732071512	0.30190204918040964	0.050546223087905094	0.038864151232310386	0.08876118967174502	0.06908212582302987	5.988078649855779	5.988078652903638	143.565132466
seir_3_1em4	seir	4	0.0001	1e-04	residual_fastlm_bounded_log	Bounded FastLevenbergMarquardt log-space	ok		l2_log	ungated	345	3.228605732071512	3.228605732071512	3.6461729932043996	0.07043501513654775	3.228605732071512	0.30190204918040964	0.09502987524477183	0.0020272284192741083	0.1622482544633647	0.0036403517102382432	5.9889415555627314	5.989036932658296	157.699979983
seir_3_1em4	seir	4	0.001	1e-03	residual_fastlm_bounded_log	Bounded FastLevenbergMarquardt log-space	ok		l2_log	ungated	345	3.228605732071512	3.228605732071512	3.6461729932043996	0.07043501513654775	3.228605732071512	0.30190204918040964	0.09523068051079424	0.009004362148501971	0.1626041609870626	0.01726770824277833	5.996704403018325	5.997240053458075	154.419659201
seir_3_1em4	seir	4	0.01	1e-02	residual_fastlm_bounded_log	Bounded FastLevenbergMarquardt log-space	ok		l2_log	ungated	345	3.228605732071512	3.228605732071512	3.6461729932043996	0.07043501513654775	3.228605732071512	0.30190204918040964	3.6461729932043996	0.0030886388892657378	9.471922490724587	0.010965997050226857	6.064114602476521	6.0820362479749654	147.785298746
seir_3_1em4	seir	4	0.1	1e-01	residual_fastlm_bounded_log	Bounded FastLevenbergMarquardt log-space	ok		l2_log	ungated	345	3.228605732071512	3.228605732071512	3.6461729932043996	0.07043501513654775	3.228605732071512	0.30190204918040964	3.6461729932043996	0.10505272227617529	9.471922490724587	0.24712469668678508	6.064114602476521	6.827260709661234	144.183673458
biohydrogenation_4_1em4	biohydrogenation	5	0.0	0	scalar_log	Scalar log-space	ok		l2_log	ungated	189	0.2869486192793021	0.2869486192793021	0.6065082500191735	0.11991686657847594	0.2869486192793021	0.43184435288150974	0.37405012975183205	0.2869486192793021	0.6213681200123071	0.5227036261920815	-23.42972547872701	0.00048453378420548364	245.553049517
biohydrogenation_4_1em4	biohydrogenation	5	0.0001	1e-04	scalar_log	Scalar log-space	ok		l2_log	ungated	189	0.2869486192793021	0.2869486192793021	0.6065082500191735	0.11991686657847594	0.2869486192793021	0.43184435288150974	0.3738114116102654	0.18201093963705886	0.6207398441762569	0.4228388838093736	-23.369594117037806	-0.001523319483776544	250.151481428
biohydrogenation_4_1em4	biohydrogenation	5	0.001	1e-03	scalar_log	Scalar log-space	ok		l2_log	ungated	189	0.2869486192793021	0.2869486192793021	0.6065082500191735	0.11991686657847594	0.2869486192793021	0.43184435288150974	0.503365907022438	0.16194902196782007	1.6757034809753149	0.46851994447912776	-23.03414334883216	-0.026039548209677386	248.532104433
biohydrogenation_4_1em4	biohydrogenation	5	0.01	1e-02	scalar_log	Scalar log-space	ok		l2_log	ungated	189	0.2869486192793021	0.2869486192793021	0.6065082500191735	0.11991686657847594	0.2869486192793021	0.43184435288150974	0.32980089060960904	0.15597131729628494	0.4834085041770458	0.4292771881008625	-22.94907173471912	-0.34936553553840477	213.897936226
biohydrogenation_4_1em4	biohydrogenation	5	0.1	1e-01	scalar_log	Scalar log-space	ok		l2_log	ungated	189	0.2869486192793021	0.2869486192793021	0.6065082500191735	0.11991686657847594	0.2869486192793021	0.43184435288150974	0.22047931486228348	0.17230966102035564	0.6741452817218073	0.6741452817218073	-22.27105958225499	-4.79499163049009	168.006545258
biohydrogenation_4_1em4	biohydrogenation	5	0.0	0	residual_lso_lm_bounded_log	Bounded LeastSquaresOptim LM log-space	ok		l2_log	ungated	189	0.2869486192793021	0.2869486192793021	0.6065082500191735	0.11991686657847594	0.2869486192793021	0.43184435288150974	0.2557985681013381	0.12373524055504019	0.4707512145142493	0.34034886432748823	0.0002696285878698859	0.00026962866251547537	109.508239726
biohydrogenation_4_1em4	biohydrogenation	5	0.0001	1e-04	residual_lso_lm_bounded_log	Bounded LeastSquaresOptim LM log-space	ok		l2_log	ungated	189	0.2869486192793021	0.2869486192793021	0.6065082500191735	0.11991686657847594	0.2869486192793021	0.43184435288150974	0.6065082500191735	0.18571713192133388	1.7786389688071869	0.6157912162325454	0.00028253803662978025	0.0007044412698257807	84.571431419
biohydrogenation_4_1em4	biohydrogenation	5	0.001	1e-03	residual_lso_lm_bounded_log	Bounded LeastSquaresOptim LM log-space	ok		l2_log	ungated	189	0.2869486192793021	0.2869486192793021	0.6065082500191735	0.11991686657847594	0.2869486192793021	0.43184435288150974	0.6065082500191735	0.1702553210082327	1.7786389688071869	0.5228511715156788	0.00028253803662978025	0.00430411352022032	56.819830675
biohydrogenation_4_1em4	biohydrogenation	5	0.01	1e-02	residual_lso_lm_bounded_log	Bounded LeastSquaresOptim LM log-space	ok		l2_log	ungated	189	0.2869486192793021	0.2869486192793021	0.6065082500191735	0.11991686657847594	0.2869486192793021	0.43184435288150974	0.6065082500191735	0.17012563858730503	1.7786389688071869	0.5911836539324472	0.00028253803662978025	0.035808329103133016	47.6380958
biohydrogenation_4_1em4	biohydrogenation	5	0.1	1e-01	residual_lso_lm_bounded_log	Bounded LeastSquaresOptim LM log-space	ok		l2_log	ungated	189	0.2869486192793021	0.2869486192793021	0.6065082500191735	0.11991686657847594	0.2869486192793021	0.43184435288150974	0.6065082500191735	0.19216217097205418	1.7786389688071869	0.5808833789747567	0.00028253803662978025	0.28894688291649423	37.131721022
biohydrogenation_4_1em4	biohydrogenation	5	0.0	0	residual_fastlm_bounded_log	Bounded FastLevenbergMarquardt log-space	ok		l2_log	ungated	189	0.2869486192793021	0.2869486192793021	0.6065082500191735	0.11991686657847594	0.2869486192793021	0.43184435288150974	0.262303222341874	0.16765546604903156	0.36210373255746003	0.36197704923192997	0.0002696285977384636	0.00026962866251619474	75.993133123
biohydrogenation_4_1em4	biohydrogenation	5	0.0001	1e-04	residual_fastlm_bounded_log	Bounded FastLevenbergMarquardt log-space	ok		l2_log	ungated	189	0.2869486192793021	0.2869486192793021	0.6065082500191735	0.11991686657847594	0.2869486192793021	0.43184435288150974	0.6065082500191735	0.1765010531020752	1.7786389688071869	0.6212530071734209	0.00028253803662978025	0.0007048562329214335	71.332308642
biohydrogenation_4_1em4	biohydrogenation	5	0.001	1e-03	residual_fastlm_bounded_log	Bounded FastLevenbergMarquardt log-space	ok		l2_log	ungated	189	0.2869486192793021	0.2869486192793021	0.6065082500191735	0.11991686657847594	0.2869486192793021	0.43184435288150974	0.6065082500191735	0.17025530345751544	1.7786389688071869	0.6212530071734209	0.00028253803662978025	0.004304113520220357	67.964561647
biohydrogenation_4_1em4	biohydrogenation	5	0.01	1e-02	residual_fastlm_bounded_log	Bounded FastLevenbergMarquardt log-space	ok		l2_log	ungated	189	0.2869486192793021	0.2869486192793021	0.6065082500191735	0.11991686657847594	0.2869486192793021	0.43184435288150974	0.6065082500191735	0.17012562151097163	1.7786389688071869	0.6147722379009645	0.00028253803662978025	0.035808329103132655	61.66035704
biohydrogenation_4_1em4	biohydrogenation	5	0.1	1e-01	residual_fastlm_bounded_log	Bounded FastLevenbergMarquardt log-space	ok		l2_log	ungated	189	0.2869486192793021	0.2869486192793021	0.6065082500191735	0.11991686657847594	0.2869486192793021	0.43184435288150974	0.6065082500191735	0.19216217868074065	1.7786389688071869	0.5541248104652575	0.00028253803662978025	0.28894688291649306	41.730901085
brusselator_7_1em4	brusselator	8	0.0	0	scalar_log	Scalar log-space	ok		l2_log	ungated	0	Inf	Inf	Inf	2.1061706330517502	Inf	6.136867167067103	Inf	Inf	Inf	Inf	Inf	Inf	0.003511333
brusselator_7_1em4	brusselator	8	0.0001	1e-04	scalar_log	Scalar log-space	ok		l2_log	ungated	0	Inf	Inf	Inf	2.1061706330517502	Inf	6.136867167067103	Inf	Inf	Inf	Inf	Inf	Inf	0.003319103
brusselator_7_1em4	brusselator	8	0.001	1e-03	scalar_log	Scalar log-space	ok		l2_log	ungated	0	Inf	Inf	Inf	2.1061706330517502	Inf	6.136867167067103	Inf	Inf	Inf	Inf	Inf	Inf	0.003340776
brusselator_7_1em4	brusselator	8	0.01	1e-02	scalar_log	Scalar log-space	ok		l2_log	ungated	0	Inf	Inf	Inf	2.1061706330517502	Inf	6.136867167067103	Inf	Inf	Inf	Inf	Inf	Inf	0.003388174
brusselator_7_1em4	brusselator	8	0.1	1e-01	scalar_log	Scalar log-space	ok		l2_log	ungated	0	Inf	Inf	Inf	2.1061706330517502	Inf	6.136867167067103	Inf	Inf	Inf	Inf	Inf	Inf	0.00329057
brusselator_7_1em4	brusselator	8	0.0	0	residual_lso_lm_bounded_log	Bounded LeastSquaresOptim LM log-space	ok		l2_log	ungated	0	Inf	Inf	Inf	2.1061706330517502	Inf	6.136867167067103	Inf	Inf	Inf	Inf	Inf	Inf	0.003353183
brusselator_7_1em4	brusselator	8	0.0001	1e-04	residual_lso_lm_bounded_log	Bounded LeastSquaresOptim LM log-space	ok		l2_log	ungated	0	Inf	Inf	Inf	2.1061706330517502	Inf	6.136867167067103	Inf	Inf	Inf	Inf	Inf	Inf	0.003313573
brusselator_7_1em4	brusselator	8	0.001	1e-03	residual_lso_lm_bounded_log	Bounded LeastSquaresOptim LM log-space	ok		l2_log	ungated	0	Inf	Inf	Inf	2.1061706330517502	Inf	6.136867167067103	Inf	Inf	Inf	Inf	Inf	Inf	0.003432932
brusselator_7_1em4	brusselator	8	0.01	1e-02	residual_lso_lm_bounded_log	Bounded LeastSquaresOptim LM log-space	ok		l2_log	ungated	0	Inf	Inf	Inf	2.1061706330517502	Inf	6.136867167067103	Inf	Inf	Inf	Inf	Inf	Inf	0.003325443
brusselator_7_1em4	brusselator	8	0.1	1e-01	residual_lso_lm_bounded_log	Bounded LeastSquaresOptim LM log-space	ok		l2_log	ungated	0	Inf	Inf	Inf	2.1061706330517502	Inf	6.136867167067103	Inf	Inf	Inf	Inf	Inf	Inf	0.00332497
brusselator_7_1em4	brusselator	8	0.0	0	residual_fastlm_bounded_log	Bounded FastLevenbergMarquardt log-space	ok		l2_log	ungated	0	Inf	Inf	Inf	2.1061706330517502	Inf	6.136867167067103	Inf	Inf	Inf	Inf	Inf	Inf	0.003388612
brusselator_7_1em4	brusselator	8	0.0001	1e-04	residual_fastlm_bounded_log	Bounded FastLevenbergMarquardt log-space	ok		l2_log	ungated	0	Inf	Inf	Inf	2.1061706330517502	Inf	6.136867167067103	Inf	Inf	Inf	Inf	Inf	Inf	0.003479849
brusselator_7_1em4	brusselator	8	0.001	1e-03	residual_fastlm_bounded_log	Bounded FastLevenbergMarquardt log-space	ok		l2_log	ungated	0	Inf	Inf	Inf	2.1061706330517502	Inf	6.136867167067103	Inf	Inf	Inf	Inf	Inf	Inf	0.003544193
brusselator_7_1em4	brusselator	8	0.01	1e-02	residual_fastlm_bounded_log	Bounded FastLevenbergMarquardt log-space	ok		l2_log	ungated	0	Inf	Inf	Inf	2.1061706330517502	Inf	6.136867167067103	Inf	Inf	Inf	Inf	Inf	Inf	0.003501804
brusselator_7_1em4	brusselator	8	0.1	1e-01	residual_fastlm_bounded_log	Bounded FastLevenbergMarquardt log-space	ok		l2_log	ungated	0	Inf	Inf	Inf	2.1061706330517502	Inf	6.136867167067103	Inf	Inf	Inf	Inf	Inf	Inf	0.003536541
hiv_4_1em4	hiv	5	0.0	0	scalar_log	Scalar log-space	ok		l2_log	ungated	172	12.680963612766515	12.680963612766515	188.2579194616824	0.9037001777101372	12.680963612766515	1.8079030749076195	1.3688245748192605	0.2525504491321425	2.4076045481753483	0.4762937850482389	-1.0418340984738184e6	11666.102610753154	295.545387241
hiv_4_1em4	hiv	5	0.0001	1e-04	scalar_log	Scalar log-space	ok		l2_log	ungated	172	12.680963612766515	12.680963612766515	188.2579194616824	0.9037001777101372	12.680963612766515	1.8079030749076195	0.6884311808231655	0.2525503323242792	1.1706721385806627	0.47629407605155555	-1.0849031658271905e6	11668.43339710896	292.551538871
hiv_4_1em4	hiv	5	0.001	1e-03	scalar_log	Scalar log-space	ok		l2_log	ungated	172	12.680963612766515	12.680963612766515	188.2579194616824	0.9037001777101372	12.680963612766515	1.8079030749076195	1.5695449231089054	0.2525492805609374	2.760394994463374	0.47629669695334576	-1.0298004621499382e6	11689.457111107053	299.10063829
hiv_4_1em4	hiv	5	0.01	1e-02	scalar_log	Scalar log-space	ok		l2_log	ungated	172	12.680963612766515	12.680963612766515	188.2579194616824	0.9037001777101372	12.680963612766515	1.8079030749076195	2.477877068223095	0.2525387143568903	4.409322127922732	0.4763230906325916	-976868.3878763833	11904.352345579939	302.307606164
hiv_4_1em4	hiv	5	0.1	1e-01	scalar_log	Scalar log-space	ok		l2_log	ungated	172	12.680963612766515	12.680963612766515	188.2579194616824	0.9037001777101372	12.680963612766515	1.8079030749076195	2.4397092732750356	0.2524284604401926	4.315428531403006	0.4766047867348764	-1.015661652569095e6	14561.973436444878	303.247294043
hiv_4_1em4	hiv	5	0.0	0	residual_lso_lm_bounded_log	Bounded LeastSquaresOptim LM log-space	ok		l2_log	ungated	172	12.680963612766515	12.680963612766515	188.2579194616824	0.9037001777101372	12.680963612766515	1.8079030749076195	0.9035450157662426	0.1531394599359811	1.5134757611036675	0.2565146352410371	8.304862598286386	8.305084326433361	412.287626188
hiv_4_1em4	hiv	5	0.0001	1e-04	residual_lso_lm_bounded_log	Bounded LeastSquaresOptim LM log-space	ok		l2_log	ungated	172	12.680963612766515	12.680963612766515	188.2579194616824	0.9037001777101372	12.680963612766515	1.8079030749076195	0.28935436654980146	0.28935436654980146	0.4846901146829993	0.4846901146829993	8.305645636822616	8.305645636822616	421.873649074
hiv_4_1em4	hiv	5	0.001	1e-03	residual_lso_lm_bounded_log	Bounded LeastSquaresOptim LM log-space	ok		l2_log	ungated	172	12.680963612766515	12.680963612766515	188.2579194616824	0.9037001777101372	12.680963612766515	1.8079030749076195	0.11627263982316595	0.11627263982316595	0.1959342235398477	0.1959342235398477	8.311673804347665	8.311673804347665	415.262399222
hiv_4_1em4	hiv	5	0.01	1e-02	residual_lso_lm_bounded_log	Bounded LeastSquaresOptim LM log-space	ok		l2_log	ungated	172	12.680963612766515	12.680963612766515	188.2579194616824	0.9037001777101372	12.680963612766515	1.8079030749076195	0.12485056936221044	0.12485056936221044	0.22884196209958516	0.22884196209958516	8.368278026661494	8.368278026661494	398.773445657
hiv_4_1em4	hiv	5	0.1	1e-01	residual_lso_lm_bounded_log	Bounded LeastSquaresOptim LM log-space	ok		l2_log	ungated	172	12.680963612766515	12.680963612766515	188.2579194616824	0.9037001777101372	12.680963612766515	1.8079030749076195	0.1723775768838286	0.1723775768838286	0.3536115084936498	0.3536115084936498	8.885789851190633	8.885789851190633	507.961566287
hiv_4_1em4	hiv	5	0.0	0	residual_fastlm_bounded_log	Bounded FastLevenbergMarquardt log-space	ok		l2_log	ungated	172	12.680963612766515	12.680963612766515	188.2579194616824	0.9037001777101372	12.680963612766515	1.8079030749076195	0.9035451243750342	0.9035451243750342	1.5134759430279445	1.5134759430279445	8.304862598287448	8.304862598287448	310.938331221
hiv_4_1em4	hiv	5	0.0001	1e-04	residual_fastlm_bounded_log	Bounded FastLevenbergMarquardt log-space	ok		l2_log	ungated	172	12.680963612766515	12.680963612766515	188.2579194616824	0.9037001777101372	12.680963612766515	1.8079030749076195	0.28938359250429535	0.2893637465648823	0.48473906844211406	0.48470582629906617	8.305645636821247	8.30564563682212	275.389657392
hiv_4_1em4	hiv	5	0.001	1e-03	residual_fastlm_bounded_log	Bounded FastLevenbergMarquardt log-space	ok		l2_log	ungated	172	12.680963612766515	12.680963612766515	188.2579194616824	0.9037001777101372	12.680963612766515	1.8079030749076195	0.11627264204483675	0.11627264204483675	0.19593422757025064	0.19593422757025064	8.311673804346732	8.311673804346732	300.33368895
hiv_4_1em4	hiv	5	0.01	1e-02	residual_fastlm_bounded_log	Bounded FastLevenbergMarquardt log-space	ok		l2_log	ungated	172	12.680963612766515	12.680963612766515	188.2579194616824	0.9037001777101372	12.680963612766515	1.8079030749076195	0.12485060004562071	0.12485060004562071	0.22884204092586402	0.22884204092586402	8.368278026662523	8.368278026662523	328.768334751
hiv_4_1em4	hiv	5	0.1	1e-01	residual_fastlm_bounded_log	Bounded FastLevenbergMarquardt log-space	ok		l2_log	ungated	172	12.680963612766515	12.680963612766515	188.2579194616824	0.9037001777101372	12.680963612766515	1.8079030749076195	0.17237757687106586	0.17237757687106586	0.35361150845915995	0.35361150845915995	8.885789851191053	8.885789851191053	391.485778342
