index,singular_value
1,3.079458942922097e+00
2,1.700788691647728e+00
3,1.027589893876507e+00
4,9.540084195642762e-01
5,8.919212578202599e-01
6,2.308736423488829e-01
