┌ Warning: terminal_fallback is ignored when flow=FlowDirectOpt (FlowDirectOpt already is the terminal optimizer)
└ @ ODEParameterEstimation /tmp/odepe-hardening-20260723/src/types/estimation_options.jl:1381
[ Info: backsolve_recovery is ignored outside FlowStandard
┌ Error: t0_state_completion must be :strict or :seed_for_polish
└ @ ODEParameterEstimation /tmp/odepe-hardening-20260723/src/types/estimation_options.jl:1342
┌ Error: uq_failure_policy must be :return_failed or :throw
└ @ ODEParameterEstimation /tmp/odepe-hardening-20260723/src/types/estimation_options.jl:1410
┌ Error: Unknown si_placeholder_fail_categories: [:not_a_real_category]
└ @ ODEParameterEstimation /tmp/odepe-hardening-20260723/src/types/estimation_options.jl:1416
┌ Error: branch_completion_max_anchors must be positive (got 0)
└ @ ODEParameterEstimation /tmp/odepe-hardening-20260723/src/types/estimation_options.jl:1330
┌ Error: branch_completion_residual_tol must be non-negative (got -1.0)
└ @ ODEParameterEstimation /tmp/odepe-hardening-20260723/src/types/estimation_options.jl:1334
┌ Error: system_construction_policy must be :legacy or :noise_frontier (got unknown)
└ @ ODEParameterEstimation /tmp/odepe-hardening-20260723/src/types/estimation_options.jl:1397
┌ Error: construction_candidate_limit must be positive (got 0)
└ @ ODEParameterEstimation /tmp/odepe-hardening-20260723/src/types/estimation_options.jl:1401
┌ Error: construction_beam_width must be positive (got 0)
└ @ ODEParameterEstimation /tmp/odepe-hardening-20260723/src/types/estimation_options.jl:1405
[ Info: Getting equation system from StructuralIdentifiability.jl
[ Info: Converting ODESystem to SI.jl format
[ Info: Getting polynomial system from SIAN
[ Info: Built polynomial system with 10 equations
[ Info: [DEBUG-ALG-INDEP] Input: 10 equations, 8 indeterminates
[ Info: [DEBUG-ALG-INDEP] Jacobian size: (10, 8)
[ Info: [DEBUG-ALG-INDEP] Jacobian rank: 8
[ Info: [DEBUG-ALG-INDEP] Found 8 pivot columns
[ Info: [DEBUG-ALG-INDEP] Selected 8 equations (current_rank=8)
[ Info: [DEBUG-ALG-INDEP] Returning: output_ids=[1, 2, 3, 4, 5, 6, 7, 8], alg_indep has 0 vars
[ Info: Reduced polynomial system to 8 equations
┌ Info: [SI-MAP] Extending DerivativeData support for SI template
│   current_order = 1
└   required_order = 5
[ Info: Checking identifiability
[ Info: Computing IO-equations
[ Info: Computed IO-equations in 0.0037373 seconds
[ Info: Computing Wronskians
[ Info: Computed Wronskians in 0.000725477 seconds
[ Info: Dimensions of the Wronskians [2, 2]
[ Info: Ranks of the Wronskians computed in 9.565e-6 seconds
[ Info: Simplifying generating set. Simplification level: standard
[ Info: Search for polynomial generators concluded in 0.000294525
[ Info: Selecting generators in 0.236252667
[ Info: Inclusion checked with probability 0.995 in 0.003028 seconds
[ Info: The search for identifiable functions concluded in 0.523718421 seconds
┌ Info: [SI-STRUCTURAL] SIAN/SI template summary
│   template_equation_count = 8
│   derivative_symbol_count = 12
│   max_derivative_order = 5
│   structural_unidentifiable_count = 0
└   identifiable_function_count = 2
┌ Info: [SI-MAP] Classified symbolic SI support variables while converting SIAN output
│   counts =
│    Dict{Symbol, Int64} with 2 entries:
│      :parameter_or_ic_symbol => 2
│      :measured_rhs_jet       => 5
│   samples =
│    Dict{Symbol, Vector{String}} with 2 entries:
│      :parameter_or_ic_symbol => ["b_0", "a_0"]
└      :measured_rhs_jet       => ["x2_0", "x1_0", "x2_1", "x1_1", "x2_2"]
┌ Info: [SI-MAP] Extending DerivativeData support for SI template
│   current_order = 1
└   required_order = 5
[ Info: Getting equation system from StructuralIdentifiability.jl
[ Info: Converting ODESystem to SI.jl format
[ Info: Getting polynomial system from SIAN
[ Info: Built polynomial system with 10 equations
[ Info: [SI-TEMPLATE] algebraic_multiplicity M = 1  (setup 0.24s, Groebner 4.09s, quotient_basis 0.82s, ring: 9 vars × 11 polys)
[ Info: [DEBUG-ALG-INDEP] Input: 10 equations, 8 indeterminates
[ Info: [DEBUG-ALG-INDEP] Jacobian size: (10, 8)
[ Info: [DEBUG-ALG-INDEP] Jacobian rank: 8
[ Info: [DEBUG-ALG-INDEP] Found 8 pivot columns
[ Info: [DEBUG-ALG-INDEP] Selected 8 equations (current_rank=8)
[ Info: [DEBUG-ALG-INDEP] Returning: output_ids=[1, 2, 3, 4, 5, 6, 7, 8], alg_indep has 0 vars
[ Info: Reduced polynomial system to 8 equations
┌ Info: [SI-MAP] Extending DerivativeData support for SI template
│   current_order = 1
└   required_order = 5
[ Info: Checking identifiability
[ Info: Computing IO-equations
[ Info: Computed IO-equations in 0.003536173 seconds
[ Info: Computing Wronskians
[ Info: Computed Wronskians in 0.000791664 seconds
[ Info: Dimensions of the Wronskians [2, 2]
[ Info: Ranks of the Wronskians computed in 8.336e-6 seconds
[ Info: Simplifying generating set. Simplification level: standard
[ Info: Search for polynomial generators concluded in 0.000282025
[ Info: Selecting generators in 0.0001729
[ Info: Inclusion checked with probability 0.995 in 0.002385594 seconds
[ Info: The search for identifiable functions concluded in 0.009556314 seconds
┌ Info: [SI-STRUCTURAL] SIAN/SI template summary
│   template_equation_count = 8
│   derivative_symbol_count = 12
│   max_derivative_order = 5
│   structural_unidentifiable_count = 0
└   identifiable_function_count = 2
┌ Info: [SI-MAP] Classified symbolic SI support variables while converting SIAN output
│   counts =
│    Dict{Symbol, Int64} with 2 entries:
│      :parameter_or_ic_symbol => 2
│      :measured_rhs_jet       => 5
│   samples =
│    Dict{Symbol, Vector{String}} with 2 entries:
│      :parameter_or_ic_symbol => ["b_0", "a_0"]
└      :measured_rhs_jet       => ["x2_0", "x1_0", "x2_1", "x1_1", "x2_2"]
┌ Info: [SI-MAP] Extending DerivativeData support for SI template
│   current_order = 1
└   required_order = 5
[ Info: [DEBUG-SI-VARS] Final variables list (10): Any[x2_0, x1_0, b_0, x2_1, a_0, x1_1, x2_2, x1_2, y2_2, y1_2]
[ Info: [DEBUG-EQ-VAR-COUNT] After template instantiation: 10 equations, 10 variables
[ Info: [DEBUG-SI-VARS] Final variables list (10): Any[x2_0, x1_0, b_0, x2_1, a_0, x1_1, x2_2, x1_2, y2_2, y1_2]
[ Info: [DEBUG-EQ-VAR-COUNT] After template instantiation: 10 equations, 10 variables
[ Info: [DEBUG-SI-VARS] Final variables list (10): Any[x2_0, x1_0, b_0, x2_1, a_0, x1_1, x2_2, x1_2, y2_2, y1_2]
[ Info: [DEBUG-EQ-VAR-COUNT] After template instantiation: 10 equations, 10 variables
[ Info: [DEBUG-SI-VARS] Final variables list (10): Any[x2_0, x1_0, b_0, x2_1, a_0, x1_1, x2_2, x1_2, y2_2, y1_2]
[ Info: [DEBUG-EQ-VAR-COUNT] After template instantiation: 10 equations, 10 variables
[ Info: [DEBUG-SI-VARS] Final variables list (10): Any[x2_0, x1_0, b_0, x2_1, a_0, x1_1, x2_2, x1_2, y2_2, y1_2]
[ Info: [DEBUG-EQ-VAR-COUNT] After template instantiation: 10 equations, 10 variables
[ Info: [DEBUG-SI-VARS] Final variables list (10): Any[x2_0, x1_0, b_0, x2_1, a_0, x1_1, x2_2, x1_2, y2_2, y1_2]
[ Info: [DEBUG-EQ-VAR-COUNT] After template instantiation: 10 equations, 10 variables
[ Info: Getting equation system from StructuralIdentifiability.jl
[ Info: Converting ODESystem to SI.jl format
┌ Warning: Floating point value -1.0 will be converted to -1//1.
└ @ ModelingToolkitSIExt ~/.julia/packages/StructuralIdentifiability/gt3mc/ext/ModelingToolkitSIExt.jl:78
[ Info: Getting polynomial system from SIAN
[ Info: Built polynomial system with 10 equations
[ Info: [DEBUG-ALG-INDEP] Input: 10 equations, 8 indeterminates
[ Info: [DEBUG-ALG-INDEP] Jacobian size: (10, 8)
[ Info: [DEBUG-ALG-INDEP] Jacobian rank: 8
[ Info: [DEBUG-ALG-INDEP] Found 8 pivot columns
[ Info: [DEBUG-ALG-INDEP] Selected 8 equations (current_rank=8)
[ Info: [DEBUG-ALG-INDEP] Returning: output_ids=[1, 2, 3, 4, 5, 6, 7, 8], alg_indep has 0 vars
[ Info: Reduced polynomial system to 8 equations
┌ Info: [SI-MAP] Extending DerivativeData support for SI template
│   current_order = 1
└   required_order = 5
[ Info: Checking identifiability
[ Info: Computing IO-equations
[ Info: Computed IO-equations in 0.003220741 seconds
[ Info: Computing Wronskians
[ Info: Computed Wronskians in 0.000653608 seconds
[ Info: Dimensions of the Wronskians [2, 2]
[ Info: Ranks of the Wronskians computed in 8.62e-6 seconds
[ Info: Simplifying generating set. Simplification level: standard
[ Info: Search for polynomial generators concluded in 0.000524451
[ Info: Selecting generators in 0.000152566
[ Info: Inclusion checked with probability 0.995 in 0.002343564 seconds
[ Info: The search for identifiable functions concluded in 0.009087443 seconds
┌ Info: [SI-STRUCTURAL] SIAN/SI template summary
│   template_equation_count = 8
│   derivative_symbol_count = 12
│   max_derivative_order = 5
│   structural_unidentifiable_count = 0
└   identifiable_function_count = 2
┌ Info: [SI-MAP] Classified symbolic SI support variables while converting SIAN output
│   counts =
│    Dict{Symbol, Int64} with 2 entries:
│      :parameter_or_ic_symbol => 2
│      :measured_rhs_jet       => 5
│   samples =
│    Dict{Symbol, Vector{String}} with 2 entries:
│      :parameter_or_ic_symbol => ["b_0", "a_0"]
└      :measured_rhs_jet       => ["x2_0", "x1_0", "x2_1", "x1_1", "x2_2"]
┌ Info: [SI-MAP] Extending DerivativeData support for SI template
│   current_order = 1
└   required_order = 5
[ Info: Getting equation system from StructuralIdentifiability.jl
[ Info: Converting ODESystem to SI.jl format
┌ Warning: Floating point value -1.0 will be converted to -1//1.
└ @ ModelingToolkitSIExt ~/.julia/packages/StructuralIdentifiability/gt3mc/ext/ModelingToolkitSIExt.jl:78
[ Info: Getting polynomial system from SIAN
[ Info: Built polynomial system with 10 equations
[ Info: [SI-TEMPLATE] algebraic_multiplicity M = 1  (setup 0.0s, Groebner 0.0s, quotient_basis 0.0s, ring: 9 vars × 11 polys)
[ Info: [DEBUG-ALG-INDEP] Input: 10 equations, 8 indeterminates
[ Info: [DEBUG-ALG-INDEP] Jacobian size: (10, 8)
[ Info: [DEBUG-ALG-INDEP] Jacobian rank: 8
[ Info: [DEBUG-ALG-INDEP] Found 8 pivot columns
[ Info: [DEBUG-ALG-INDEP] Selected 8 equations (current_rank=8)
[ Info: [DEBUG-ALG-INDEP] Returning: output_ids=[1, 2, 3, 4, 5, 6, 7, 8], alg_indep has 0 vars
[ Info: Reduced polynomial system to 8 equations
┌ Info: [SI-MAP] Extending DerivativeData support for SI template
│   current_order = 1
└   required_order = 5
[ Info: Checking identifiability
[ Info: Computing IO-equations
[ Info: Computed IO-equations in 0.002833288 seconds
[ Info: Computing Wronskians
[ Info: Computed Wronskians in 0.00043285 seconds
[ Info: Dimensions of the Wronskians [2, 2]
[ Info: Ranks of the Wronskians computed in 7.191e-6 seconds
[ Info: Simplifying generating set. Simplification level: standard
[ Info: Search for polynomial generators concluded in 0.00018787
[ Info: Selecting generators in 0.000147365
[ Info: Inclusion checked with probability 0.995 in 0.001906746 seconds
[ Info: The search for identifiable functions concluded in 0.007277689 seconds
┌ Info: [SI-STRUCTURAL] SIAN/SI template summary
│   template_equation_count = 8
│   derivative_symbol_count = 12
│   max_derivative_order = 5
│   structural_unidentifiable_count = 0
└   identifiable_function_count = 2
┌ Info: [SI-MAP] Classified symbolic SI support variables while converting SIAN output
│   counts =
│    Dict{Symbol, Int64} with 2 entries:
│      :parameter_or_ic_symbol => 2
│      :measured_rhs_jet       => 5
│   samples =
│    Dict{Symbol, Vector{String}} with 2 entries:
│      :parameter_or_ic_symbol => ["b_0", "a_0"]
└      :measured_rhs_jet       => ["x2_0", "x1_0", "x2_1", "x1_1", "x2_2"]
┌ Info: [SI-MAP] Extending DerivativeData support for SI template
│   current_order = 1
└   required_order = 5
[ Info: [DEBUG-EQ-COUNT] Final SI template: 8 equations after structural fixing
[ Info: [DEBUG-SI-VARS] Final variables list (10): Any[x2_0, x1_0, b_0, x2_1, a_0, x1_1, x2_2, x1_2, y2_2, y1_2]
[ Info: [DEBUG-EQ-VAR-COUNT] After template instantiation: 10 equations, 10 variables
[ Info: [DEBUG-SI-VARS] Final variables list (10): Any[x2_0, x1_0, b_0, x2_1, a_0, x1_1, x2_2, x1_2, y2_2, y1_2]
[ Info: [DEBUG-EQ-VAR-COUNT] After template instantiation: 10 equations, 10 variables
[ Info: [DEBUG-SI-VARS] Final variables list (10): Any[x2_0, x1_0, b_0, x2_1, a_0, x1_1, x2_2, x1_2, y2_2, y1_2]
[ Info: [DEBUG-EQ-VAR-COUNT] After template instantiation: 10 equations, 10 variables
[ Info: Getting equation system from StructuralIdentifiability.jl
[ Info: Converting ODESystem to SI.jl format
[ Info: Getting polynomial system from SIAN
[ Info: Built polynomial system with 10 equations
[ Info: [DEBUG-ALG-INDEP] Input: 10 equations, 8 indeterminates
[ Info: [DEBUG-ALG-INDEP] Jacobian size: (10, 8)
[ Info: [DEBUG-ALG-INDEP] Jacobian rank: 8
[ Info: [DEBUG-ALG-INDEP] Found 8 pivot columns
[ Info: [DEBUG-ALG-INDEP] Selected 8 equations (current_rank=8)
[ Info: [DEBUG-ALG-INDEP] Returning: output_ids=[1, 2, 3, 4, 5, 6, 7, 8], alg_indep has 0 vars
[ Info: Reduced polynomial system to 8 equations
┌ Info: [SI-MAP] Extending DerivativeData support for SI template
│   current_order = 1
└   required_order = 5
[ Info: Checking identifiability
[ Info: Computing IO-equations
[ Info: Computed IO-equations in 0.002790907 seconds
[ Info: Computing Wronskians
[ Info: Computed Wronskians in 0.00061746 seconds
[ Info: Dimensions of the Wronskians [2, 2]
[ Info: Ranks of the Wronskians computed in 8.812e-6 seconds
[ Info: Simplifying generating set. Simplification level: standard
[ Info: Search for polynomial generators concluded in 0.000218946
[ Info: Selecting generators in 0.000135367
[ Info: Inclusion checked with probability 0.995 in 0.001574858 seconds
[ Info: The search for identifiable functions concluded in 0.007450806 seconds
┌ Info: [SI-STRUCTURAL] SIAN/SI template summary
│   template_equation_count = 8
│   derivative_symbol_count = 12
│   max_derivative_order = 5
│   structural_unidentifiable_count = 0
└   identifiable_function_count = 2
┌ Info: [SI-MAP] Classified symbolic SI support variables while converting SIAN output
│   counts =
│    Dict{Symbol, Int64} with 2 entries:
│      :parameter_or_ic_symbol => 2
│      :measured_rhs_jet       => 5
│   samples =
│    Dict{Symbol, Vector{String}} with 2 entries:
│      :parameter_or_ic_symbol => ["b_0", "a_0"]
└      :measured_rhs_jet       => ["x2_0", "x1_0", "x2_1", "x1_1", "x2_2"]
┌ Info: [SI-MAP] Extending DerivativeData support for SI template
│   current_order = 1
└   required_order = 5
[ Info: Getting equation system from StructuralIdentifiability.jl
[ Info: Converting ODESystem to SI.jl format
[ Info: Getting polynomial system from SIAN
[ Info: Built polynomial system with 10 equations
[ Info: [SI-TEMPLATE] algebraic_multiplicity M = 1  (setup 0.0s, Groebner 0.01s, quotient_basis 0.0s, ring: 9 vars × 11 polys)
[ Info: [DEBUG-ALG-INDEP] Input: 10 equations, 8 indeterminates
[ Info: [DEBUG-ALG-INDEP] Jacobian size: (10, 8)
[ Info: [DEBUG-ALG-INDEP] Jacobian rank: 8
[ Info: [DEBUG-ALG-INDEP] Found 8 pivot columns
[ Info: [DEBUG-ALG-INDEP] Selected 8 equations (current_rank=8)
[ Info: [DEBUG-ALG-INDEP] Returning: output_ids=[1, 2, 3, 4, 5, 6, 7, 8], alg_indep has 0 vars
[ Info: Reduced polynomial system to 8 equations
┌ Info: [SI-MAP] Extending DerivativeData support for SI template
│   current_order = 1
└   required_order = 5
[ Info: Checking identifiability
[ Info: Computing IO-equations
[ Info: Computed IO-equations in 0.002417919 seconds
[ Info: Computing Wronskians
[ Info: Computed Wronskians in 0.000422411 seconds
[ Info: Dimensions of the Wronskians [2, 2]
[ Info: Ranks of the Wronskians computed in 6.504e-6 seconds
[ Info: Simplifying generating set. Simplification level: standard
[ Info: Search for polynomial generators concluded in 0.000187054
[ Info: Selecting generators in 0.000148311
[ Info: Inclusion checked with probability 0.995 in 0.002041058 seconds
[ Info: The search for identifiable functions concluded in 0.006942805 seconds
┌ Info: [SI-STRUCTURAL] SIAN/SI template summary
│   template_equation_count = 8
│   derivative_symbol_count = 12
│   max_derivative_order = 5
│   structural_unidentifiable_count = 0
└   identifiable_function_count = 2
┌ Info: [SI-MAP] Classified symbolic SI support variables while converting SIAN output
│   counts =
│    Dict{Symbol, Int64} with 2 entries:
│      :parameter_or_ic_symbol => 2
│      :measured_rhs_jet       => 5
│   samples =
│    Dict{Symbol, Vector{String}} with 2 entries:
│      :parameter_or_ic_symbol => ["b_0", "a_0"]
└      :measured_rhs_jet       => ["x2_0", "x1_0", "x2_1", "x1_1", "x2_2"]
┌ Info: [SI-MAP] Extending DerivativeData support for SI template
│   current_order = 1
└   required_order = 5
[ Info: [DEBUG-SI-VARS] Final variables list (8): Any[x2_0, x1_0, b_0, x2_1, a_0, x1_1, x2_2, x1_2]
[ Info: [DEBUG-EQ-VAR-COUNT] After template instantiation: 8 equations, 8 variables
[ Info: [DEBUG-SI-VARS] Final variables list (8): Any[x2_0, x1_0, b_0, x2_1, a_0, x1_1, x2_2, x1_2]
[ Info: [DEBUG-EQ-VAR-COUNT] After template instantiation: 8 equations, 8 variables
[ Info: [DEBUG-SI-VARS] Final variables list (8): Any[x2_0, x1_0, b_0, x2_1, a_0, x1_1, x2_2, x1_2]
[ Info: [DEBUG-EQ-VAR-COUNT] After template instantiation: 8 equations, 8 variables
[ Info: [DEBUG-SI-VARS] Final variables list (8): Any[x2_0, x1_0, b_0, x2_1, a_0, x1_1, x2_2, x1_2]
[ Info: [DEBUG-EQ-VAR-COUNT] After template instantiation: 8 equations, 8 variables
[ Info: [DEBUG-SI-VARS] Final variables list (8): Any[x2_0, x1_0, b_0, x2_1, a_0, x1_1, x2_2, x1_2]
[ Info: [DEBUG-EQ-VAR-COUNT] After template instantiation: 8 equations, 8 variables
[ Info: [DEBUG-SI-VARS] Final variables list (8): Any[x2_0, x1_0, b_0, x2_1, a_0, x1_1, x2_2, x1_2]
[ Info: [DEBUG-EQ-VAR-COUNT] After template instantiation: 8 equations, 8 variables
[ Info: [DEBUG-SI-VARS] Final variables list (8): Any[x2_0, x1_0, b_0, x2_1, a_0, x1_1, x2_2, x1_2]
[ Info: [DEBUG-EQ-VAR-COUNT] After template instantiation: 8 equations, 8 variables
[ Info: [DEBUG-SI-VARS] Final variables list (8): Any[x2_0, x1_0, b_0, x2_1, a_0, x1_1, x2_2, x1_2]
[ Info: [DEBUG-EQ-VAR-COUNT] After template instantiation: 8 equations, 8 variables
[ Info: [DEBUG-SI-VARS] Final variables list (8): Any[x2_0, x1_0, b_0, x2_1, a_0, x1_1, x2_2, x1_2]
[ Info: [DEBUG-EQ-VAR-COUNT] After template instantiation: 8 equations, 8 variables
[ Info: [DEBUG-SI-VARS] Final variables list (8): Any[x2_0, x1_0, b_0, x2_1, a_0, x1_1, x2_2, x1_2]
[ Info: [DEBUG-EQ-VAR-COUNT] After template instantiation: 8 equations, 8 variables
[ Info: [DEBUG-SI-VARS] Final variables list (8): Any[x2_0, x1_0, b_0, x2_1, a_0, x1_1, x2_2, x1_2]
[ Info: [DEBUG-EQ-VAR-COUNT] After template instantiation: 8 equations, 8 variables
[ Info: [DEBUG-SI-VARS] Final variables list (8): Any[x2_0, x1_0, b_0, x2_1, a_0, x1_1, x2_2, x1_2]
[ Info: [DEBUG-EQ-VAR-COUNT] After template instantiation: 8 equations, 8 variables
[ Info: [DEBUG-SI-VARS] Final variables list (8): Any[x2_0, x1_0, b_0, x2_1, a_0, x1_1, x2_2, x1_2]
[ Info: [DEBUG-EQ-VAR-COUNT] After template instantiation: 8 equations, 8 variables
[ Info: [DEBUG-SI-VARS] Final variables list (8): Any[x2_0, x1_0, b_0, x2_1, a_0, x1_1, x2_2, x1_2]
[ Info: [DEBUG-EQ-VAR-COUNT] After template instantiation: 8 equations, 8 variables
[ Info: [DEBUG-SI-VARS] Final variables list (8): Any[x2_0, x1_0, b_0, x2_1, a_0, x1_1, x2_2, x1_2]
[ Info: [DEBUG-EQ-VAR-COUNT] After template instantiation: 8 equations, 8 variables
[ Info: [DEBUG-SI-VARS] Final variables list (8): Any[x2_0, x1_0, b_0, x2_1, a_0, x1_1, x2_2, x1_2]
[ Info: [DEBUG-EQ-VAR-COUNT] After template instantiation: 8 equations, 8 variables
[ Info: [DEBUG-SI-VARS] Final variables list (8): Any[x2_0, x1_0, b_0, x2_1, a_0, x1_1, x2_2, x1_2]
[ Info: [DEBUG-EQ-VAR-COUNT] After template instantiation: 8 equations, 8 variables
[ Info: [DEBUG-SI-VARS] Final variables list (8): Any[x2_0, x1_0, b_0, x2_1, a_0, x1_1, x2_2, x1_2]
[ Info: [DEBUG-EQ-VAR-COUNT] After template instantiation: 8 equations, 8 variables
[ Info: [DEBUG-SI-VARS] Final variables list (8): Any[x2_0, x1_0, b_0, x2_1, a_0, x1_1, x2_2, x1_2]
[ Info: [DEBUG-EQ-VAR-COUNT] After template instantiation: 8 equations, 8 variables
[ Info: [DEBUG-SI-VARS] Final variables list (8): Any[x2_0, x1_0, b_0, x2_1, a_0, x1_1, x2_2, x1_2]
[ Info: [DEBUG-EQ-VAR-COUNT] After template instantiation: 8 equations, 8 variables
[ Info: [DEBUG-SI-VARS] Final variables list (8): Any[x2_0, x1_0, b_0, x2_1, a_0, x1_1, x2_2, x1_2]
[ Info: [DEBUG-EQ-VAR-COUNT] After template instantiation: 8 equations, 8 variables
[ Info: [DEBUG-SI-VARS] Final variables list (8): Any[x2_0, x1_0, b_0, x2_1, a_0, x1_1, x2_2, x1_2]
[ Info: [DEBUG-EQ-VAR-COUNT] After template instantiation: 8 equations, 8 variables
[ Info: [DEBUG-SI-VARS] Final variables list (8): Any[x2_0, x1_0, b_0, x2_1, a_0, x1_1, x2_2, x1_2]
[ Info: [DEBUG-EQ-VAR-COUNT] After template instantiation: 8 equations, 8 variables
[ Info: [DEBUG-SI-VARS] Final variables list (8): Any[x2_0, x1_0, b_0, x2_1, a_0, x1_1, x2_2, x1_2]
[ Info: [DEBUG-EQ-VAR-COUNT] After template instantiation: 8 equations, 8 variables
[ Info: [DEBUG-SI-VARS] Final variables list (8): Any[x2_0, x1_0, b_0, x2_1, a_0, x1_1, x2_2, x1_2]
[ Info: [DEBUG-EQ-VAR-COUNT] After template instantiation: 8 equations, 8 variables
[ Info: [DEBUG-SI-VARS] Final variables list (8): Any[x2_0, x1_0, b_0, x2_1, a_0, x1_1, x2_2, x1_2]
[ Info: [DEBUG-EQ-VAR-COUNT] After template instantiation: 8 equations, 8 variables
[ Info: [DEBUG-SI-VARS] Final variables list (8): Any[x2_0, x1_0, b_0, x2_1, a_0, x1_1, x2_2, x1_2]
[ Info: [DEBUG-EQ-VAR-COUNT] After template instantiation: 8 equations, 8 variables
[ Info: [DEBUG-SI-VARS] Final variables list (8): Any[x2_0, x1_0, b_0, x2_1, a_0, x1_1, x2_2, x1_2]
[ Info: [DEBUG-EQ-VAR-COUNT] After template instantiation: 8 equations, 8 variables
[ Info: [DEBUG-SI-VARS] Final variables list (8): Any[x2_0, x1_0, b_0, x2_1, a_0, x1_1, x2_2, x1_2]
[ Info: [DEBUG-EQ-VAR-COUNT] After template instantiation: 8 equations, 8 variables
[ Info: [DEBUG-SI-VARS] Final variables list (8): Any[x2_0, x1_0, b_0, x2_1, a_0, x1_1, x2_2, x1_2]
[ Info: [DEBUG-EQ-VAR-COUNT] After template instantiation: 8 equations, 8 variables
[ Info: [DEBUG-SI-VARS] Final variables list (8): Any[x2_0, x1_0, b_0, x2_1, a_0, x1_1, x2_2, x1_2]
[ Info: [DEBUG-EQ-VAR-COUNT] After template instantiation: 8 equations, 8 variables
[ Info: [DEBUG-SI-VARS] Final variables list (8): Any[x2_0, x1_0, b_0, x2_1, a_0, x1_1, x2_2, x1_2]
[ Info: [DEBUG-EQ-VAR-COUNT] After template instantiation: 8 equations, 8 variables
[ Info: [DEBUG-SI-VARS] Final variables list (8): Any[x2_0, x1_0, b_0, x2_1, a_0, x1_1, x2_2, x1_2]
[ Info: [DEBUG-EQ-VAR-COUNT] After template instantiation: 8 equations, 8 variables
[ Info: [DEBUG-SI-VARS] Final variables list (8): Any[x2_0, x1_0, b_0, x2_1, a_0, x1_1, x2_2, x1_2]
[ Info: [DEBUG-EQ-VAR-COUNT] After template instantiation: 8 equations, 8 variables
[ Info: [DEBUG-SI-VARS] Final variables list (8): Any[x2_0, x1_0, b_0, x2_1, a_0, x1_1, x2_2, x1_2]
[ Info: [DEBUG-EQ-VAR-COUNT] After template instantiation: 8 equations, 8 variables
[ Info: [DEBUG-SI-VARS] Final variables list (8): Any[x2_0, x1_0, b_0, x2_1, a_0, x1_1, x2_2, x1_2]
[ Info: [DEBUG-EQ-VAR-COUNT] After template instantiation: 8 equations, 8 variables
[ Info: [DEBUG-SI-VARS] Final variables list (8): Any[x2_0, x1_0, b_0, x2_1, a_0, x1_1, x2_2, x1_2]
[ Info: [DEBUG-EQ-VAR-COUNT] After template instantiation: 8 equations, 8 variables
[ Info: [DEBUG-SI-VARS] Final variables list (8): Any[x2_0, x1_0, b_0, x2_1, a_0, x1_1, x2_2, x1_2]
[ Info: [DEBUG-EQ-VAR-COUNT] After template instantiation: 8 equations, 8 variables
[ Info: [DEBUG-SI-VARS] Final variables list (8): Any[x2_0, x1_0, b_0, x2_1, a_0, x1_1, x2_2, x1_2]
[ Info: [DEBUG-EQ-VAR-COUNT] After template instantiation: 8 equations, 8 variables
[ Info: [DEBUG-SI-VARS] Final variables list (8): Any[x2_0, x1_0, b_0, x2_1, a_0, x1_1, x2_2, x1_2]
[ Info: [DEBUG-EQ-VAR-COUNT] After template instantiation: 8 equations, 8 variables
[ Info: diagnostics=true but nooutput=true; diagnostic output will be suppressed
[ Info: diagnostics=true but nooutput=true; diagnostic output will be suppressed
┌ Info: [SI-MAP] Extending DerivativeData support for SI template
│   current_order = 1
└   required_order = 3
[ Info: diagnostics=true but nooutput=true; diagnostic output will be suppressed
┌ Warning: Numerical identifiability advisory failed; continuing with deterministic heuristics
│   exception = synthetic advisory failure
└ @ ODEParameterEstimation /tmp/odepe-hardening-20260723/src/core/parameter_estimation_helpers.jl:254
[ Info: Getting equation system from StructuralIdentifiability.jl
[ Info: Converting ODESystem to SI.jl format
[ Info: Getting polynomial system from SIAN
[ Info: Built polynomial system with 31 equations
[ Info: [DEBUG-ALG-INDEP] Input: 31 equations, 26 indeterminates
[ Info: [DEBUG-ALG-INDEP] Jacobian size: (31, 26)
[ Info: [DEBUG-ALG-INDEP] Jacobian rank: 26
[ Info: [DEBUG-ALG-INDEP] Found 26 pivot columns
[ Info: [DEBUG-ALG-INDEP] Selected 26 equations (current_rank=26)
[ Info: [DEBUG-ALG-INDEP] Returning: output_ids=[1, 2, 3, 4, 5, 6, 7, 8, 9, 10, 11, 12, 13, 14, 15, 16, 17, 18, 19, 20, 21, 22, 23, 24, 25, 26], alg_indep has 0 vars
[ Info: Reduced polynomial system to 26 equations
┌ Info: [SI-MAP] Extending DerivativeData support for SI template
│   current_order = 5
└   required_order = 8
[ Info: Checking identifiability
[ Info: Computing IO-equations
[ Info: Computed IO-equations in 0.006140703 seconds
[ Info: Computing Wronskians
[ Info: Computed Wronskians in 0.00215049 seconds
[ Info: Dimensions of the Wronskians [5, 1]
[ Info: Ranks of the Wronskians computed in 1.1538e-5 seconds
[ Info: Simplifying generating set. Simplification level: standard
[ Info: Search for polynomial generators concluded in 0.001537949
[ Info: Selecting generators in 0.182789653
[ Info: Inclusion checked with probability 0.995 in 0.003406741 seconds
[ Info: The search for identifiable functions concluded in 0.40290296 seconds
┌ Info: [SI-STRUCTURAL] SIAN/SI template summary
│   template_equation_count = 26
│   derivative_symbol_count = 18
│   max_derivative_order = 8
│   structural_unidentifiable_count = 0
└   identifiable_function_count = 3
┌ Info: [SI-MAP] Classified symbolic SI support variables while converting SIAN output
│   counts =
│    Dict{Symbol, Int64} with 3 entries:
│      :state_jet              => 5
│      :parameter_or_ic_symbol => 3
│      :measured_rhs_jet       => 5
│   samples =
│    Dict{Symbol, Vector{String}} with 3 entries:
│      :state_jet              => ["E_0", "E_1", "S_0", "E_2", "S_1"]
│      :parameter_or_ic_symbol => ["a_0", "nu_0", "b_0"]
└      :measured_rhs_jet       => ["In_0", "In_1", "N_0", "N_1", "In_2"]
┌ Info: [SI-MAP] Extending DerivativeData support for SI template
│   current_order = 5
└   required_order = 8
[ Info: Getting equation system from StructuralIdentifiability.jl
[ Info: Converting ODESystem to SI.jl format
[ Info: Getting polynomial system from SIAN
[ Info: Built polynomial system with 31 equations
[ Info: [SI-TEMPLATE] algebraic_multiplicity M = 2  (setup 0.0s, Groebner 5.06s, quotient_basis 0.68s, ring: 27 vars × 32 polys)
[ Info: [DEBUG-ALG-INDEP] Input: 31 equations, 26 indeterminates
[ Info: [DEBUG-ALG-INDEP] Jacobian size: (31, 26)
[ Info: [DEBUG-ALG-INDEP] Jacobian rank: 26
[ Info: [DEBUG-ALG-INDEP] Found 26 pivot columns
[ Info: [DEBUG-ALG-INDEP] Selected 26 equations (current_rank=26)
[ Info: [DEBUG-ALG-INDEP] Returning: output_ids=[1, 2, 3, 4, 5, 6, 7, 8, 9, 10, 11, 12, 13, 14, 15, 16, 17, 18, 19, 20, 21, 22, 23, 24, 25, 26], alg_indep has 0 vars
[ Info: Reduced polynomial system to 26 equations
┌ Info: [SI-MAP] Extending DerivativeData support for SI template
│   current_order = 5
└   required_order = 8
[ Info: Checking identifiability
[ Info: Computing IO-equations
[ Info: Computed IO-equations in 0.004671597 seconds
[ Info: Computing Wronskians
[ Info: Computed Wronskians in 0.001621868 seconds
[ Info: Dimensions of the Wronskians [5, 1]
[ Info: Ranks of the Wronskians computed in 8.085e-6 seconds
[ Info: Simplifying generating set. Simplification level: standard
[ Info: Search for polynomial generators concluded in 0.001257878
[ Info: Selecting generators in 0.000535973
[ Info: Inclusion checked with probability 0.995 in 0.002455237 seconds
[ Info: The search for identifiable functions concluded in 0.013945195 seconds
┌ Info: [SI-STRUCTURAL] SIAN/SI template summary
│   template_equation_count = 26
│   derivative_symbol_count = 18
│   max_derivative_order = 8
│   structural_unidentifiable_count = 0
└   identifiable_function_count = 3
┌ Info: [SI-MAP] Classified symbolic SI support variables while converting SIAN output
│   counts =
│    Dict{Symbol, Int64} with 3 entries:
│      :state_jet              => 5
│      :parameter_or_ic_symbol => 3
│      :measured_rhs_jet       => 5
│   samples =
│    Dict{Symbol, Vector{String}} with 3 entries:
│      :state_jet              => ["E_0", "E_1", "S_0", "E_2", "S_1"]
│      :parameter_or_ic_symbol => ["a_0", "nu_0", "b_0"]
└      :measured_rhs_jet       => ["In_0", "In_1", "N_0", "N_1", "In_2"]
┌ Info: [SI-MAP] Extending DerivativeData support for SI template
│   current_order = 5
└   required_order = 8
[ Info: [RESOLVE] Re-running SIAN with 3 fixed parameters
[ Info: [PRE-FIX] Substituting a => 0.2
[ Info: [PRE-FIX] Substituting b => 0.4
[ Info: [PRE-FIX] Substituting nu => 0.15
[ Info: [PRE-FIX] Created modified model with 0 parameters (removed 3)
[ Info: Getting equation system from StructuralIdentifiability.jl
[ Info: Converting ODESystem to SI.jl format
┌ Warning: Floating point value -0.4 will be converted to -2//5.
└ @ ModelingToolkitSIExt ~/.julia/packages/StructuralIdentifiability/gt3mc/ext/ModelingToolkitSIExt.jl:78
┌ Warning: Floating point value -0.15 will be converted to -3//20.
└ @ ModelingToolkitSIExt ~/.julia/packages/StructuralIdentifiability/gt3mc/ext/ModelingToolkitSIExt.jl:78
┌ Warning: Floating point value 0.4 will be converted to 2//5.
└ @ ModelingToolkitSIExt ~/.julia/packages/StructuralIdentifiability/gt3mc/ext/ModelingToolkitSIExt.jl:78
┌ Warning: Floating point value 0.15 will be converted to 3//20.
└ @ ModelingToolkitSIExt ~/.julia/packages/StructuralIdentifiability/gt3mc/ext/ModelingToolkitSIExt.jl:78
┌ Warning: Floating point value -0.2 will be converted to -1//5.
└ @ ModelingToolkitSIExt ~/.julia/packages/StructuralIdentifiability/gt3mc/ext/ModelingToolkitSIExt.jl:78
[ Info: Getting polynomial system from SIAN
[ Info: Built polynomial system with 13 equations
[ Info: [SI-TEMPLATE] algebraic_multiplicity M = 1  (setup 0.0s, Groebner 0.0s, quotient_basis 0.16s, ring: 12 vars × 14 polys)
[ Info: [DEBUG-ALG-INDEP] Input: 13 equations, 11 indeterminates
[ Info: [DEBUG-ALG-INDEP] Jacobian size: (13, 11)
[ Info: [DEBUG-ALG-INDEP] Jacobian rank: 11
[ Info: [DEBUG-ALG-INDEP] Found 11 pivot columns
[ Info: [DEBUG-ALG-INDEP] Selected 11 equations (current_rank=11)
[ Info: [DEBUG-ALG-INDEP] Returning: output_ids=[1, 2, 3, 4, 5, 6, 7, 8, 9, 10, 11], alg_indep has 0 vars
[ Info: Reduced polynomial system to 11 equations
[ Info: Checking identifiability
┌ Info: [SI-STRUCTURAL] SIAN/SI template summary
│   template_equation_count = 11
│   derivative_symbol_count = 12
│   max_derivative_order = 5
│   structural_unidentifiable_count = 0
└   identifiable_function_count = 0
┌ Info: [SI-MAP] Classified symbolic SI support variables while converting SIAN output
│   counts =
│    Dict{Symbol, Int64} with 2 entries:
│      :state_jet        => 5
│      :measured_rhs_jet => 5
│   samples =
│    Dict{Symbol, Vector{String}} with 2 entries:
│      :state_jet        => ["E_0", "E_1", "S_0", "E_2", "S_1"]
└      :measured_rhs_jet => ["N_0", "N_1", "In_0", "In_1", "In_2"]
[ Info: [RESOLVE] SIAN re-run produced 11 template eqs, 12 deriv vars
[ Info: [DEBUG-SI-VARS] Final variables list (11): Any[N_0, N_1, In_0, In_1, E_0, In_2, E_1, S_0, E_2, In_3, S_1]
[ Info: [DEBUG-EQ-VAR-COUNT] After template instantiation: 11 equations, 11 variables
[ Info: [RESOLVE] Instantiated system: 11 eqs, 11 state vars (square)
[ Info: [RESOLVE] Solving square system with HC.jl
[ Info: [RESOLVE] HC.jl found 1 solution(s)
[ Info: [RESOLVE] Final: 1 solution(s) with 11 variables
[ Info: [RESOLVE] Re-running SIAN with 3 fixed parameters
[ Info: [PRE-FIX] Substituting a => 0.2
[ Info: [PRE-FIX] Substituting b => 0.4
[ Info: [PRE-FIX] Substituting nu => 0.15
[ Info: [PRE-FIX] Created modified model with 0 parameters (removed 3)
[ Info: Getting equation system from StructuralIdentifiability.jl
[ Info: Converting ODESystem to SI.jl format
┌ Warning: Floating point value -0.4 will be converted to -2//5.
└ @ ModelingToolkitSIExt ~/.julia/packages/StructuralIdentifiability/gt3mc/ext/ModelingToolkitSIExt.jl:78
┌ Warning: Floating point value -0.15 will be converted to -3//20.
└ @ ModelingToolkitSIExt ~/.julia/packages/StructuralIdentifiability/gt3mc/ext/ModelingToolkitSIExt.jl:78
┌ Warning: Floating point value 0.4 will be converted to 2//5.
└ @ ModelingToolkitSIExt ~/.julia/packages/StructuralIdentifiability/gt3mc/ext/ModelingToolkitSIExt.jl:78
┌ Warning: Floating point value 0.15 will be converted to 3//20.
└ @ ModelingToolkitSIExt ~/.julia/packages/StructuralIdentifiability/gt3mc/ext/ModelingToolkitSIExt.jl:78
┌ Warning: Floating point value -0.2 will be converted to -1//5.
└ @ ModelingToolkitSIExt ~/.julia/packages/StructuralIdentifiability/gt3mc/ext/ModelingToolkitSIExt.jl:78
[ Info: Getting polynomial system from SIAN
[ Info: Built polynomial system with 13 equations
[ Info: [SI-TEMPLATE] algebraic_multiplicity M = 1  (setup 0.0s, Groebner 0.0s, quotient_basis 0.0s, ring: 12 vars × 14 polys)
[ Info: [DEBUG-ALG-INDEP] Input: 13 equations, 11 indeterminates
[ Info: [DEBUG-ALG-INDEP] Jacobian size: (13, 11)
[ Info: [DEBUG-ALG-INDEP] Jacobian rank: 11
[ Info: [DEBUG-ALG-INDEP] Found 11 pivot columns
[ Info: [DEBUG-ALG-INDEP] Selected 11 equations (current_rank=11)
[ Info: [DEBUG-ALG-INDEP] Returning: output_ids=[1, 2, 3, 4, 5, 6, 7, 8, 9, 10, 11], alg_indep has 0 vars
[ Info: Reduced polynomial system to 11 equations
[ Info: Checking identifiability
┌ Info: [SI-STRUCTURAL] SIAN/SI template summary
│   template_equation_count = 11
│   derivative_symbol_count = 12
│   max_derivative_order = 5
│   structural_unidentifiable_count = 0
└   identifiable_function_count = 0
┌ Info: [SI-MAP] Classified symbolic SI support variables while converting SIAN output
│   counts =
│    Dict{Symbol, Int64} with 2 entries:
│      :state_jet        => 5
│      :measured_rhs_jet => 5
│   samples =
│    Dict{Symbol, Vector{String}} with 2 entries:
│      :state_jet        => ["E_0", "E_1", "S_0", "E_2", "S_1"]
└      :measured_rhs_jet => ["N_0", "N_1", "In_0", "In_1", "In_2"]
[ Info: [RESOLVE] SIAN re-run produced 11 template eqs, 12 deriv vars
[ Info: [DEBUG-SI-VARS] Final variables list (11): Any[N_0, N_1, In_0, In_1, E_0, In_2, E_1, S_0, E_2, In_3, S_1]
[ Info: [DEBUG-EQ-VAR-COUNT] After template instantiation: 11 equations, 11 variables
[ Info: [RESOLVE] Instantiated system: 11 eqs, 11 state vars (square)
[ Info: [RESOLVE] Solving square system with HC.jl
[ Info: [RESOLVE] HC.jl found 1 solution(s)
[ Info: [RESOLVE] Final: 1 solution(s) with 11 variables
┌ Warning: nth_deriv_at is deprecated due to inefficient recursive ForwardDiff. Using nth_deriv (TaylorDiff) instead.
└ @ ODEParameterEstimation /tmp/odepe-hardening-20260723/src/core/derivatives.jl:222
┌ Warning: Data variable zz_unmapped not found in DD.obs_lhs mapping
└ @ ODEParameterEstimation /tmp/odepe-hardening-20260723/src/core/homotopy_continuation.jl:1287
┌ Warning: terminal_fallback is ignored when flow=FlowDirectOpt (FlowDirectOpt already is the terminal optimizer)
└ @ ODEParameterEstimation /tmp/odepe-hardening-20260723/src/types/estimation_options.jl:1381
[ Info: backsolve_recovery is ignored outside FlowStandard
[ Info: Getting equation system from StructuralIdentifiability.jl
[ Info: Converting ODESystem to SI.jl format
┌ Warning: Floating point value -1.0 will be converted to -1//1.
└ @ ModelingToolkitSIExt ~/.julia/packages/StructuralIdentifiability/gt3mc/ext/ModelingToolkitSIExt.jl:78
[ Info: Getting polynomial system from SIAN
[ Info: Built polynomial system with 10 equations
[ Info: [DEBUG-ALG-INDEP] Input: 10 equations, 8 indeterminates
[ Info: [DEBUG-ALG-INDEP] Jacobian size: (10, 8)
[ Info: [DEBUG-ALG-INDEP] Jacobian rank: 8
[ Info: [DEBUG-ALG-INDEP] Found 8 pivot columns
[ Info: [DEBUG-ALG-INDEP] Selected 8 equations (current_rank=8)
[ Info: [DEBUG-ALG-INDEP] Returning: output_ids=[1, 2, 3, 4, 5, 6, 7, 8], alg_indep has 0 vars
[ Info: Reduced polynomial system to 8 equations
┌ Info: [SI-MAP] Extending DerivativeData support for SI template
│   current_order = 1
└   required_order = 5
[ Info: Checking identifiability
[ Info: Computing IO-equations
[ Info: Computed IO-equations in 0.003161989 seconds
[ Info: Computing Wronskians
[ Info: Computed Wronskians in 0.000634619 seconds
[ Info: Dimensions of the Wronskians [2, 2]
[ Info: Ranks of the Wronskians computed in 9.539e-6 seconds
[ Info: Simplifying generating set. Simplification level: standard
[ Info: Search for polynomial generators concluded in 0.00030165
[ Info: Selecting generators in 0.000179386
[ Info: Inclusion checked with probability 0.995 in 0.001986162 seconds
[ Info: The search for identifiable functions concluded in 0.00876493 seconds
┌ Info: [SI-STRUCTURAL] SIAN/SI template summary
│   template_equation_count = 8
│   derivative_symbol_count = 12
│   max_derivative_order = 5
│   structural_unidentifiable_count = 0
└   identifiable_function_count = 2
┌ Info: [SI-MAP] Classified symbolic SI support variables while converting SIAN output
│   counts =
│    Dict{Symbol, Int64} with 2 entries:
│      :parameter_or_ic_symbol => 2
│      :measured_rhs_jet       => 5
│   samples =
│    Dict{Symbol, Vector{String}} with 2 entries:
│      :parameter_or_ic_symbol => ["b_0", "a_0"]
└      :measured_rhs_jet       => ["x2_0", "x1_0", "x2_1", "x1_1", "x2_2"]
┌ Info: [SI-MAP] Extending DerivativeData support for SI template
│   current_order = 1
└   required_order = 5
[ Info: Getting equation system from StructuralIdentifiability.jl
[ Info: Converting ODESystem to SI.jl format
┌ Warning: Floating point value -1.0 will be converted to -1//1.
└ @ ModelingToolkitSIExt ~/.julia/packages/StructuralIdentifiability/gt3mc/ext/ModelingToolkitSIExt.jl:78
[ Info: Getting polynomial system from SIAN
[ Info: Built polynomial system with 10 equations
[ Info: [SI-TEMPLATE] algebraic_multiplicity M = 1  (setup 0.0s, Groebner 0.0s, quotient_basis 0.0s, ring: 9 vars × 11 polys)
[ Info: [DEBUG-ALG-INDEP] Input: 10 equations, 8 indeterminates
[ Info: [DEBUG-ALG-INDEP] Jacobian size: (10, 8)
[ Info: [DEBUG-ALG-INDEP] Jacobian rank: 8
[ Info: [DEBUG-ALG-INDEP] Found 8 pivot columns
[ Info: [DEBUG-ALG-INDEP] Selected 8 equations (current_rank=8)
[ Info: [DEBUG-ALG-INDEP] Returning: output_ids=[1, 2, 3, 4, 5, 6, 7, 8], alg_indep has 0 vars
[ Info: Reduced polynomial system to 8 equations
┌ Info: [SI-MAP] Extending DerivativeData support for SI template
│   current_order = 1
└   required_order = 5
[ Info: Checking identifiability
[ Info: Computing IO-equations
[ Info: Computed IO-equations in 0.003325639 seconds
[ Info: Computing Wronskians
[ Info: Computed Wronskians in 0.000497712 seconds
[ Info: Dimensions of the Wronskians [2, 2]
[ Info: Ranks of the Wronskians computed in 6.966e-6 seconds
[ Info: Simplifying generating set. Simplification level: standard
[ Info: Search for polynomial generators concluded in 0.000331611
[ Info: Selecting generators in 0.000170971
[ Info: Inclusion checked with probability 0.995 in 0.002080264 seconds
[ Info: The search for identifiable functions concluded in 0.008936603 seconds
┌ Info: [SI-STRUCTURAL] SIAN/SI template summary
│   template_equation_count = 8
│   derivative_symbol_count = 12
│   max_derivative_order = 5
│   structural_unidentifiable_count = 0
└   identifiable_function_count = 2
┌ Info: [SI-MAP] Classified symbolic SI support variables while converting SIAN output
│   counts =
│    Dict{Symbol, Int64} with 2 entries:
│      :parameter_or_ic_symbol => 2
│      :measured_rhs_jet       => 5
│   samples =
│    Dict{Symbol, Vector{String}} with 2 entries:
│      :parameter_or_ic_symbol => ["b_0", "a_0"]
└      :measured_rhs_jet       => ["x2_0", "x1_0", "x2_1", "x1_1", "x2_2"]
┌ Info: [SI-MAP] Extending DerivativeData support for SI template
│   current_order = 1
└   required_order = 5
[ Info: [DEBUG-EQ-COUNT] Final SI template: 8 equations after structural fixing
[ Info: [DEBUG-SI-VARS] Final variables list (10): Any[x2_0, x1_0, b_0, x2_1, a_0, x1_1, x2_2, x1_2, y2_2, y1_2]
[ Info: [DEBUG-EQ-VAR-COUNT] After template instantiation: 10 equations, 10 variables
[ Info: [DEBUG-SI-VARS] Final variables list (10): Any[x2_0, x1_0, b_0, x2_1, a_0, x1_1, x2_2, x1_2, y2_2, y1_2]
[ Info: [DEBUG-EQ-VAR-COUNT] After template instantiation: 10 equations, 10 variables
[ Info: [DEBUG-SI-VARS] Final variables list (10): Any[x2_0, x1_0, b_0, x2_1, a_0, x1_1, x2_2, x1_2, y2_2, y1_2]
[ Info: [DEBUG-EQ-VAR-COUNT] After template instantiation: 10 equations, 10 variables
[ Info: [RESOLVE] Re-running SIAN with 2 fixed parameters
[ Info: [PRE-FIX] Substituting a => 1.6000000000006032
[ Info: [PRE-FIX] Substituting b => 0.20000000000053772
[ Info: [PRE-FIX] Created modified model with 0 parameters (removed 2)
[ Info: Getting equation system from StructuralIdentifiability.jl
[ Info: Converting ODESystem to SI.jl format
┌ Warning: Floating point value -1.6000000000006032 will be converted to -530342195029//331463871893.
└ @ ModelingToolkitSIExt ~/.julia/packages/StructuralIdentifiability/gt3mc/ext/ModelingToolkitSIExt.jl:78
┌ Warning: Floating point value 0.20000000000053772 will be converted to 74384336071//371921680354.
└ @ ModelingToolkitSIExt ~/.julia/packages/StructuralIdentifiability/gt3mc/ext/ModelingToolkitSIExt.jl:78
[ Info: Getting polynomial system from SIAN
[ Info: Built polynomial system with 6 equations
[ Info: [SI-TEMPLATE] algebraic_multiplicity M = 1  (setup 0.0s, Groebner 0.0s, quotient_basis 0.0s, ring: 5 vars × 7 polys)
[ Info: [DEBUG-ALG-INDEP] Input: 6 equations, 4 indeterminates
[ Info: [DEBUG-ALG-INDEP] Jacobian size: (6, 4)
[ Info: [DEBUG-ALG-INDEP] Jacobian rank: 4
[ Info: [DEBUG-ALG-INDEP] Found 4 pivot columns
[ Info: [DEBUG-ALG-INDEP] Selected 4 equations (current_rank=4)
[ Info: [DEBUG-ALG-INDEP] Returning: output_ids=[1, 2, 3, 4], alg_indep has 0 vars
[ Info: Reduced polynomial system to 4 equations
┌ Info: [SI-MAP] Extending DerivativeData support for SI template
│   current_order = 1
└   required_order = 3
[ Info: Checking identifiability
┌ Info: [SI-STRUCTURAL] SIAN/SI template summary
│   template_equation_count = 4
│   derivative_symbol_count = 8
│   max_derivative_order = 3
│   structural_unidentifiable_count = 0
└   identifiable_function_count = 0
┌ Info: [SI-MAP] Classified symbolic SI support variables while converting SIAN output
│   counts =
│    Dict{Symbol, Int64} with 1 entry:
│      :measured_rhs_jet => 4
│   samples =
│    Dict{Symbol, Vector{String}} with 1 entry:
└      :measured_rhs_jet => ["x1_0", "x2_0", "x1_1", "x2_1"]
┌ Info: [SI-MAP] Extending DerivativeData support for SI template
│   current_order = 1
└   required_order = 3
[ Info: [RESOLVE] SIAN re-run produced 4 template eqs, 8 deriv vars
[ Info: [DEBUG-SI-VARS] Final variables list (4): Any[x1_0, x2_0, x1_1, x2_1]
[ Info: [DEBUG-EQ-VAR-COUNT] After template instantiation: 4 equations, 4 variables
[ Info: [RESOLVE] Instantiated system: 4 eqs, 4 state vars (square)
[ Info: [RESOLVE] Solving square system with HC.jl
[ Info: [RESOLVE] HC.jl found 1 solution(s)
[ Info: [RESOLVE] Final: 1 solution(s) with 4 variables
[ Info: [RESOLVE] Re-running SIAN with 2 fixed parameters
[ Info: [PRE-FIX] Substituting a => 1.5999999057870233
[ Info: [PRE-FIX] Substituting b => 0.19999981259578373
[ Info: [PRE-FIX] Created modified model with 0 parameters (removed 2)
[ Info: Getting equation system from StructuralIdentifiability.jl
[ Info: Converting ODESystem to SI.jl format
┌ Warning: Floating point value -1.5999999057870233 will be converted to -54344952//33965597.
└ @ ModelingToolkitSIExt ~/.julia/packages/StructuralIdentifiability/gt3mc/ext/ModelingToolkitSIExt.jl:78
┌ Warning: Floating point value 0.19999981259578373 will be converted to 23905523//119527727.
└ @ ModelingToolkitSIExt ~/.julia/packages/StructuralIdentifiability/gt3mc/ext/ModelingToolkitSIExt.jl:78
[ Info: Getting polynomial system from SIAN
[ Info: Built polynomial system with 6 equations
[ Info: [SI-TEMPLATE] algebraic_multiplicity M = 1  (setup 0.0s, Groebner 0.0s, quotient_basis 0.0s, ring: 5 vars × 7 polys)
[ Info: [DEBUG-ALG-INDEP] Input: 6 equations, 4 indeterminates
[ Info: [DEBUG-ALG-INDEP] Jacobian size: (6, 4)
[ Info: [DEBUG-ALG-INDEP] Jacobian rank: 4
[ Info: [DEBUG-ALG-INDEP] Found 4 pivot columns
[ Info: [DEBUG-ALG-INDEP] Selected 4 equations (current_rank=4)
[ Info: [DEBUG-ALG-INDEP] Returning: output_ids=[1, 2, 3, 4], alg_indep has 0 vars
[ Info: Reduced polynomial system to 4 equations
┌ Info: [SI-MAP] Extending DerivativeData support for SI template
│   current_order = 1
└   required_order = 3
[ Info: Checking identifiability
┌ Info: [SI-STRUCTURAL] SIAN/SI template summary
│   template_equation_count = 4
│   derivative_symbol_count = 8
│   max_derivative_order = 3
│   structural_unidentifiable_count = 0
└   identifiable_function_count = 0
┌ Info: [SI-MAP] Classified symbolic SI support variables while converting SIAN output
│   counts =
│    Dict{Symbol, Int64} with 1 entry:
│      :measured_rhs_jet => 4
│   samples =
│    Dict{Symbol, Vector{String}} with 1 entry:
└      :measured_rhs_jet => ["x1_0", "x2_0", "x1_1", "x2_1"]
┌ Info: [SI-MAP] Extending DerivativeData support for SI template
│   current_order = 1
└   required_order = 3
[ Info: [RESOLVE] SIAN re-run produced 4 template eqs, 8 deriv vars
[ Info: [DEBUG-SI-VARS] Final variables list (4): Any[x1_0, x2_0, x1_1, x2_1]
[ Info: [DEBUG-EQ-VAR-COUNT] After template instantiation: 4 equations, 4 variables
[ Info: [RESOLVE] Instantiated system: 4 eqs, 4 state vars (square)
[ Info: [RESOLVE] Solving square system with HC.jl
[ Info: [RESOLVE] HC.jl found 1 solution(s)
[ Info: [RESOLVE] Final: 1 solution(s) with 4 variables
[ Info: [RESOLVE] Re-running SIAN with 2 fixed parameters
[ Info: [PRE-FIX] Substituting a => 1.599998364995335
[ Info: [PRE-FIX] Substituting b => 0.19999967002112132
[ Info: [PRE-FIX] Created modified model with 0 parameters (removed 2)
[ Info: Getting equation system from StructuralIdentifiability.jl
[ Info: Converting ODESystem to SI.jl format
┌ Warning: Floating point value -1.599998364995335 will be converted to -97858948//61161905.
└ @ ModelingToolkitSIExt ~/.julia/packages/StructuralIdentifiability/gt3mc/ext/ModelingToolkitSIExt.jl:78
┌ Warning: Floating point value 0.19999967002112132 will be converted to 21577103//107885693.
└ @ ModelingToolkitSIExt ~/.julia/packages/StructuralIdentifiability/gt3mc/ext/ModelingToolkitSIExt.jl:78
[ Info: Getting polynomial system from SIAN
[ Info: Built polynomial system with 6 equations
[ Info: [SI-TEMPLATE] algebraic_multiplicity M = 1  (setup 0.0s, Groebner 0.0s, quotient_basis 0.0s, ring: 5 vars × 7 polys)
[ Info: [DEBUG-ALG-INDEP] Input: 6 equations, 4 indeterminates
[ Info: [DEBUG-ALG-INDEP] Jacobian size: (6, 4)
[ Info: [DEBUG-ALG-INDEP] Jacobian rank: 4
[ Info: [DEBUG-ALG-INDEP] Found 4 pivot columns
[ Info: [DEBUG-ALG-INDEP] Selected 4 equations (current_rank=4)
[ Info: [DEBUG-ALG-INDEP] Returning: output_ids=[1, 2, 3, 4], alg_indep has 0 vars
[ Info: Reduced polynomial system to 4 equations
┌ Info: [SI-MAP] Extending DerivativeData support for SI template
│   current_order = 1
└   required_order = 3
[ Info: Checking identifiability
┌ Info: [SI-STRUCTURAL] SIAN/SI template summary
│   template_equation_count = 4
│   derivative_symbol_count = 8
│   max_derivative_order = 3
│   structural_unidentifiable_count = 0
└   identifiable_function_count = 0
┌ Info: [SI-MAP] Classified symbolic SI support variables while converting SIAN output
│   counts =
│    Dict{Symbol, Int64} with 1 entry:
│      :measured_rhs_jet => 4
│   samples =
│    Dict{Symbol, Vector{String}} with 1 entry:
└      :measured_rhs_jet => ["x1_0", "x2_0", "x1_1", "x2_1"]
┌ Info: [SI-MAP] Extending DerivativeData support for SI template
│   current_order = 1
└   required_order = 3
[ Info: [RESOLVE] SIAN re-run produced 4 template eqs, 8 deriv vars
[ Info: [DEBUG-SI-VARS] Final variables list (4): Any[x1_0, x2_0, x1_1, x2_1]
[ Info: [DEBUG-EQ-VAR-COUNT] After template instantiation: 4 equations, 4 variables
[ Info: [RESOLVE] Instantiated system: 4 eqs, 4 state vars (square)
[ Info: [RESOLVE] Solving square system with HC.jl
[ Info: [RESOLVE] HC.jl found 1 solution(s)
[ Info: [RESOLVE] Final: 1 solution(s) with 4 variables
[ Info: [RESOLVE] Re-running SIAN with 2 fixed parameters
[ Info: [PRE-FIX] Substituting a => 1.600000005546615
[ Info: [PRE-FIX] Substituting b => 0.20000000000056684
[ Info: [PRE-FIX] Created modified model with 0 parameters (removed 2)
[ Info: Getting equation system from StructuralIdentifiability.jl
[ Info: Converting ODESystem to SI.jl format
┌ Warning: Floating point value -1.600000005546615 will be converted to -57692845//36058028.
└ @ ModelingToolkitSIExt ~/.julia/packages/StructuralIdentifiability/gt3mc/ext/ModelingToolkitSIExt.jl:78
┌ Warning: Floating point value 0.20000000000056684 will be converted to 70563759255//352818796274.
└ @ ModelingToolkitSIExt ~/.julia/packages/StructuralIdentifiability/gt3mc/ext/ModelingToolkitSIExt.jl:78
[ Info: Getting polynomial system from SIAN
[ Info: Built polynomial system with 6 equations
[ Info: [SI-TEMPLATE] algebraic_multiplicity M = 1  (setup 0.0s, Groebner 0.0s, quotient_basis 0.0s, ring: 5 vars × 7 polys)
[ Info: [DEBUG-ALG-INDEP] Input: 6 equations, 4 indeterminates
[ Info: [DEBUG-ALG-INDEP] Jacobian size: (6, 4)
[ Info: [DEBUG-ALG-INDEP] Jacobian rank: 4
[ Info: [DEBUG-ALG-INDEP] Found 4 pivot columns
[ Info: [DEBUG-ALG-INDEP] Selected 4 equations (current_rank=4)
[ Info: [DEBUG-ALG-INDEP] Returning: output_ids=[1, 2, 3, 4], alg_indep has 0 vars
[ Info: Reduced polynomial system to 4 equations
┌ Info: [SI-MAP] Extending DerivativeData support for SI template
│   current_order = 1
└   required_order = 3
[ Info: Checking identifiability
┌ Info: [SI-STRUCTURAL] SIAN/SI template summary
│   template_equation_count = 4
│   derivative_symbol_count = 8
│   max_derivative_order = 3
│   structural_unidentifiable_count = 0
└   identifiable_function_count = 0
┌ Info: [SI-MAP] Classified symbolic SI support variables while converting SIAN output
│   counts =
│    Dict{Symbol, Int64} with 1 entry:
│      :measured_rhs_jet => 4
│   samples =
│    Dict{Symbol, Vector{String}} with 1 entry:
└      :measured_rhs_jet => ["x1_0", "x2_0", "x1_1", "x2_1"]
┌ Info: [SI-MAP] Extending DerivativeData support for SI template
│   current_order = 1
└   required_order = 3
[ Info: [RESOLVE] SIAN re-run produced 4 template eqs, 8 deriv vars
[ Info: [DEBUG-SI-VARS] Final variables list (4): Any[x1_0, x2_0, x1_1, x2_1]
[ Info: [DEBUG-EQ-VAR-COUNT] After template instantiation: 4 equations, 4 variables
[ Info: [RESOLVE] Instantiated system: 4 eqs, 4 state vars (square)
[ Info: [RESOLVE] Solving square system with HC.jl
[ Info: [RESOLVE] HC.jl found 1 solution(s)
[ Info: [RESOLVE] Final: 1 solution(s) with 4 variables
[ Info: [RESOLVE] Re-running SIAN with 2 fixed parameters
[ Info: [PRE-FIX] Substituting a => 1.6000000212661052
[ Info: [PRE-FIX] Substituting b => 0.1999999970931638
[ Info: [PRE-FIX] Created modified model with 0 parameters (removed 2)
[ Info: Getting equation system from StructuralIdentifiability.jl
[ Info: Converting ODESystem to SI.jl format
┌ Warning: Floating point value -1.6000000212661052 will be converted to -75237097//47023185.
└ @ ModelingToolkitSIExt ~/.julia/packages/StructuralIdentifiability/gt3mc/ext/ModelingToolkitSIExt.jl:78
┌ Warning: Floating point value 0.1999999970931638 will be converted to 13760665//68803326.
└ @ ModelingToolkitSIExt ~/.julia/packages/StructuralIdentifiability/gt3mc/ext/ModelingToolkitSIExt.jl:78
[ Info: Getting polynomial system from SIAN
[ Info: Built polynomial system with 6 equations
[ Info: [SI-TEMPLATE] algebraic_multiplicity M = 1  (setup 0.0s, Groebner 0.0s, quotient_basis 0.0s, ring: 5 vars × 7 polys)
[ Info: [DEBUG-ALG-INDEP] Input: 6 equations, 4 indeterminates
[ Info: [DEBUG-ALG-INDEP] Jacobian size: (6, 4)
[ Info: [DEBUG-ALG-INDEP] Jacobian rank: 4
[ Info: [DEBUG-ALG-INDEP] Found 4 pivot columns
[ Info: [DEBUG-ALG-INDEP] Selected 4 equations (current_rank=4)
[ Info: [DEBUG-ALG-INDEP] Returning: output_ids=[1, 2, 3, 4], alg_indep has 0 vars
[ Info: Reduced polynomial system to 4 equations
┌ Info: [SI-MAP] Extending DerivativeData support for SI template
│   current_order = 1
└   required_order = 3
[ Info: Checking identifiability
┌ Info: [SI-STRUCTURAL] SIAN/SI template summary
│   template_equation_count = 4
│   derivative_symbol_count = 8
│   max_derivative_order = 3
│   structural_unidentifiable_count = 0
└   identifiable_function_count = 0
┌ Info: [SI-MAP] Classified symbolic SI support variables while converting SIAN output
│   counts =
│    Dict{Symbol, Int64} with 1 entry:
│      :measured_rhs_jet => 4
│   samples =
│    Dict{Symbol, Vector{String}} with 1 entry:
└      :measured_rhs_jet => ["x1_0", "x2_0", "x1_1", "x2_1"]
┌ Info: [SI-MAP] Extending DerivativeData support for SI template
│   current_order = 1
└   required_order = 3
[ Info: [RESOLVE] SIAN re-run produced 4 template eqs, 8 deriv vars
[ Info: [DEBUG-SI-VARS] Final variables list (4): Any[x1_0, x2_0, x1_1, x2_1]
[ Info: [DEBUG-EQ-VAR-COUNT] After template instantiation: 4 equations, 4 variables
[ Info: [RESOLVE] Instantiated system: 4 eqs, 4 state vars (square)
[ Info: [RESOLVE] Solving square system with HC.jl
[ Info: [RESOLVE] HC.jl found 1 solution(s)
[ Info: [RESOLVE] Final: 1 solution(s) with 4 variables
[ Info: [RESOLVE] Re-running SIAN with 2 fixed parameters
[ Info: [PRE-FIX] Substituting a => 1.6000000342589393
[ Info: [PRE-FIX] Substituting b => 0.19999999928352227
[ Info: [PRE-FIX] Created modified model with 0 parameters (removed 2)
[ Info: Getting equation system from StructuralIdentifiability.jl
[ Info: Converting ODESystem to SI.jl format
┌ Warning: Floating point value -1.6000000342589393 will be converted to -74725024//46703139.
└ @ ModelingToolkitSIExt ~/.julia/packages/StructuralIdentifiability/gt3mc/ext/ModelingToolkitSIExt.jl:78
┌ Warning: Floating point value 0.19999999928352227 will be converted to 55828670//279143351.
└ @ ModelingToolkitSIExt ~/.julia/packages/StructuralIdentifiability/gt3mc/ext/ModelingToolkitSIExt.jl:78
[ Info: Getting polynomial system from SIAN
[ Info: Built polynomial system with 6 equations
[ Info: [SI-TEMPLATE] algebraic_multiplicity M = 1  (setup 0.0s, Groebner 0.0s, quotient_basis 0.0s, ring: 5 vars × 7 polys)
[ Info: [DEBUG-ALG-INDEP] Input: 6 equations, 4 indeterminates
[ Info: [DEBUG-ALG-INDEP] Jacobian size: (6, 4)
[ Info: [DEBUG-ALG-INDEP] Jacobian rank: 4
[ Info: [DEBUG-ALG-INDEP] Found 4 pivot columns
[ Info: [DEBUG-ALG-INDEP] Selected 4 equations (current_rank=4)
[ Info: [DEBUG-ALG-INDEP] Returning: output_ids=[1, 2, 3, 4], alg_indep has 0 vars
[ Info: Reduced polynomial system to 4 equations
┌ Info: [SI-MAP] Extending DerivativeData support for SI template
│   current_order = 1
└   required_order = 3
[ Info: Checking identifiability
┌ Info: [SI-STRUCTURAL] SIAN/SI template summary
│   template_equation_count = 4
│   derivative_symbol_count = 8
│   max_derivative_order = 3
│   structural_unidentifiable_count = 0
└   identifiable_function_count = 0
┌ Info: [SI-MAP] Classified symbolic SI support variables while converting SIAN output
│   counts =
│    Dict{Symbol, Int64} with 1 entry:
│      :measured_rhs_jet => 4
│   samples =
│    Dict{Symbol, Vector{String}} with 1 entry:
└      :measured_rhs_jet => ["x1_0", "x2_0", "x1_1", "x2_1"]
┌ Info: [SI-MAP] Extending DerivativeData support for SI template
│   current_order = 1
└   required_order = 3
[ Info: [RESOLVE] SIAN re-run produced 4 template eqs, 8 deriv vars
[ Info: [DEBUG-SI-VARS] Final variables list (4): Any[x1_0, x2_0, x1_1, x2_1]
[ Info: [DEBUG-EQ-VAR-COUNT] After template instantiation: 4 equations, 4 variables
[ Info: [RESOLVE] Instantiated system: 4 eqs, 4 state vars (square)
[ Info: [RESOLVE] Solving square system with HC.jl
[ Info: [RESOLVE] HC.jl found 1 solution(s)
[ Info: [RESOLVE] Final: 1 solution(s) with 4 variables
[ Info: [RESOLVE] Re-running SIAN with 2 fixed parameters
[ Info: [PRE-FIX] Substituting a => 1.6000000000006032
[ Info: [PRE-FIX] Substituting b => 0.20000000000053772
[ Info: [PRE-FIX] Created modified model with 0 parameters (removed 2)
[ Info: Getting equation system from StructuralIdentifiability.jl
[ Info: Converting ODESystem to SI.jl format
┌ Warning: Floating point value -1.6000000000006032 will be converted to -530342195029//331463871893.
└ @ ModelingToolkitSIExt ~/.julia/packages/StructuralIdentifiability/gt3mc/ext/ModelingToolkitSIExt.jl:78
┌ Warning: Floating point value 0.20000000000053772 will be converted to 74384336071//371921680354.
└ @ ModelingToolkitSIExt ~/.julia/packages/StructuralIdentifiability/gt3mc/ext/ModelingToolkitSIExt.jl:78
[ Info: Getting polynomial system from SIAN
[ Info: Built polynomial system with 6 equations
[ Info: [SI-TEMPLATE] algebraic_multiplicity M = 1  (setup 0.0s, Groebner 0.0s, quotient_basis 0.0s, ring: 5 vars × 7 polys)
[ Info: [DEBUG-ALG-INDEP] Input: 6 equations, 4 indeterminates
[ Info: [DEBUG-ALG-INDEP] Jacobian size: (6, 4)
[ Info: [DEBUG-ALG-INDEP] Jacobian rank: 4
[ Info: [DEBUG-ALG-INDEP] Found 4 pivot columns
[ Info: [DEBUG-ALG-INDEP] Selected 4 equations (current_rank=4)
[ Info: [DEBUG-ALG-INDEP] Returning: output_ids=[1, 2, 3, 4], alg_indep has 0 vars
[ Info: Reduced polynomial system to 4 equations
┌ Info: [SI-MAP] Extending DerivativeData support for SI template
│   current_order = 1
└   required_order = 3
[ Info: Checking identifiability
┌ Info: [SI-STRUCTURAL] SIAN/SI template summary
│   template_equation_count = 4
│   derivative_symbol_count = 8
│   max_derivative_order = 3
│   structural_unidentifiable_count = 0
└   identifiable_function_count = 0
┌ Info: [SI-MAP] Classified symbolic SI support variables while converting SIAN output
│   counts =
│    Dict{Symbol, Int64} with 1 entry:
│      :measured_rhs_jet => 4
│   samples =
│    Dict{Symbol, Vector{String}} with 1 entry:
└      :measured_rhs_jet => ["x1_0", "x2_0", "x1_1", "x2_1"]
┌ Info: [SI-MAP] Extending DerivativeData support for SI template
│   current_order = 1
└   required_order = 3
[ Info: [RESOLVE] SIAN re-run produced 4 template eqs, 8 deriv vars
[ Info: [DEBUG-SI-VARS] Final variables list (4): Any[x1_0, x2_0, x1_1, x2_1]
[ Info: [DEBUG-EQ-VAR-COUNT] After template instantiation: 4 equations, 4 variables
[ Info: [RESOLVE] Instantiated system: 4 eqs, 4 state vars (square)
[ Info: [RESOLVE] Solving square system with HC.jl
[ Info: [RESOLVE] HC.jl found 1 solution(s)
[ Info: [RESOLVE] Final: 1 solution(s) with 4 variables
[ Info: [RESOLVE] Re-running SIAN with 2 fixed parameters
[ Info: [PRE-FIX] Substituting a => 1.6000000000006032
[ Info: [PRE-FIX] Substituting b => 0.20000000000059592
[ Info: [PRE-FIX] Created modified model with 0 parameters (removed 2)
[ Info: Getting equation system from StructuralIdentifiability.jl
[ Info: Converting ODESystem to SI.jl format
┌ Warning: Floating point value -1.6000000000006032 will be converted to -530342195029//331463871893.
└ @ ModelingToolkitSIExt ~/.julia/packages/StructuralIdentifiability/gt3mc/ext/ModelingToolkitSIExt.jl:78
┌ Warning: Floating point value 0.20000000000059592 will be converted to 67119604719//335598023594.
└ @ ModelingToolkitSIExt ~/.julia/packages/StructuralIdentifiability/gt3mc/ext/ModelingToolkitSIExt.jl:78
[ Info: Getting polynomial system from SIAN
[ Info: Built polynomial system with 6 equations
[ Info: [SI-TEMPLATE] algebraic_multiplicity M = 1  (setup 0.0s, Groebner 0.0s, quotient_basis 0.0s, ring: 5 vars × 7 polys)
[ Info: [DEBUG-ALG-INDEP] Input: 6 equations, 4 indeterminates
[ Info: [DEBUG-ALG-INDEP] Jacobian size: (6, 4)
[ Info: [DEBUG-ALG-INDEP] Jacobian rank: 4
[ Info: [DEBUG-ALG-INDEP] Found 4 pivot columns
[ Info: [DEBUG-ALG-INDEP] Selected 4 equations (current_rank=4)
[ Info: [DEBUG-ALG-INDEP] Returning: output_ids=[1, 2, 3, 4], alg_indep has 0 vars
[ Info: Reduced polynomial system to 4 equations
┌ Info: [SI-MAP] Extending DerivativeData support for SI template
│   current_order = 1
└   required_order = 3
[ Info: Checking identifiability
┌ Info: [SI-STRUCTURAL] SIAN/SI template summary
│   template_equation_count = 4
│   derivative_symbol_count = 8
│   max_derivative_order = 3
│   structural_unidentifiable_count = 0
└   identifiable_function_count = 0
┌ Info: [SI-MAP] Classified symbolic SI support variables while converting SIAN output
│   counts =
│    Dict{Symbol, Int64} with 1 entry:
│      :measured_rhs_jet => 4
│   samples =
│    Dict{Symbol, Vector{String}} with 1 entry:
└      :measured_rhs_jet => ["x1_0", "x2_0", "x1_1", "x2_1"]
┌ Info: [SI-MAP] Extending DerivativeData support for SI template
│   current_order = 1
└   required_order = 3
[ Info: [RESOLVE] SIAN re-run produced 4 template eqs, 8 deriv vars
[ Info: [DEBUG-SI-VARS] Final variables list (4): Any[x1_0, x2_0, x1_1, x2_1]
[ Info: [DEBUG-EQ-VAR-COUNT] After template instantiation: 4 equations, 4 variables
[ Info: [RESOLVE] Instantiated system: 4 eqs, 4 state vars (square)
[ Info: [RESOLVE] Solving square system with HC.jl
[ Info: [RESOLVE] HC.jl found 1 solution(s)
[ Info: [RESOLVE] Final: 1 solution(s) with 4 variables
[ Info: Getting equation system from StructuralIdentifiability.jl
[ Info: Converting ODESystem to SI.jl format
┌ Warning: Floating point value -1.0 will be converted to -1//1.
└ @ ModelingToolkitSIExt ~/.julia/packages/StructuralIdentifiability/gt3mc/ext/ModelingToolkitSIExt.jl:78
[ Info: Getting polynomial system from SIAN
[ Info: Built polynomial system with 10 equations
[ Info: [DEBUG-ALG-INDEP] Input: 10 equations, 8 indeterminates
[ Info: [DEBUG-ALG-INDEP] Jacobian size: (10, 8)
[ Info: [DEBUG-ALG-INDEP] Jacobian rank: 8
[ Info: [DEBUG-ALG-INDEP] Found 8 pivot columns
[ Info: [DEBUG-ALG-INDEP] Selected 8 equations (current_rank=8)
[ Info: [DEBUG-ALG-INDEP] Returning: output_ids=[1, 2, 3, 4, 5, 6, 7, 8], alg_indep has 0 vars
[ Info: Reduced polynomial system to 8 equations
┌ Info: [SI-MAP] Extending DerivativeData support for SI template
│   current_order = 1
└   required_order = 5
[ Info: Checking identifiability
[ Info: Computing IO-equations
[ Info: Computed IO-equations in 0.002892903 seconds
[ Info: Computing Wronskians
[ Info: Computed Wronskians in 0.00047398 seconds
[ Info: Dimensions of the Wronskians [2, 2]
[ Info: Ranks of the Wronskians computed in 7.596e-6 seconds
[ Info: Simplifying generating set. Simplification level: standard
[ Info: Search for polynomial generators concluded in 0.00028329
[ Info: Selecting generators in 0.000231684
[ Info: Inclusion checked with probability 0.995 in 0.001964327 seconds
[ Info: The search for identifiable functions concluded in 0.00813269 seconds
┌ Info: [SI-STRUCTURAL] SIAN/SI template summary
│   template_equation_count = 8
│   derivative_symbol_count = 12
│   max_derivative_order = 5
│   structural_unidentifiable_count = 0
└   identifiable_function_count = 2
┌ Info: [SI-MAP] Classified symbolic SI support variables while converting SIAN output
│   counts =
│    Dict{Symbol, Int64} with 2 entries:
│      :parameter_or_ic_symbol => 2
│      :measured_rhs_jet       => 5
│   samples =
│    Dict{Symbol, Vector{String}} with 2 entries:
│      :parameter_or_ic_symbol => ["b_0", "a_0"]
└      :measured_rhs_jet       => ["x2_0", "x1_0", "x2_1", "x1_1", "x2_2"]
┌ Info: [SI-MAP] Extending DerivativeData support for SI template
│   current_order = 1
└   required_order = 5
[ Info: Getting equation system from StructuralIdentifiability.jl
[ Info: Converting ODESystem to SI.jl format
┌ Warning: Floating point value -1.0 will be converted to -1//1.
└ @ ModelingToolkitSIExt ~/.julia/packages/StructuralIdentifiability/gt3mc/ext/ModelingToolkitSIExt.jl:78
[ Info: Getting polynomial system from SIAN
[ Info: Built polynomial system with 10 equations
[ Info: [SI-TEMPLATE] algebraic_multiplicity M = 1  (setup 0.0s, Groebner 0.0s, quotient_basis 0.0s, ring: 9 vars × 11 polys)
[ Info: [DEBUG-ALG-INDEP] Input: 10 equations, 8 indeterminates
[ Info: [DEBUG-ALG-INDEP] Jacobian size: (10, 8)
[ Info: [DEBUG-ALG-INDEP] Jacobian rank: 8
[ Info: [DEBUG-ALG-INDEP] Found 8 pivot columns
[ Info: [DEBUG-ALG-INDEP] Selected 8 equations (current_rank=8)
[ Info: [DEBUG-ALG-INDEP] Returning: output_ids=[1, 2, 3, 4, 5, 6, 7, 8], alg_indep has 0 vars
[ Info: Reduced polynomial system to 8 equations
┌ Info: [SI-MAP] Extending DerivativeData support for SI template
│   current_order = 1
└   required_order = 5
[ Info: Checking identifiability
[ Info: Computing IO-equations
[ Info: Computed IO-equations in 0.002968364 seconds
[ Info: Computing Wronskians
[ Info: Computed Wronskians in 0.000615701 seconds
[ Info: Dimensions of the Wronskians [2, 2]
[ Info: Ranks of the Wronskians computed in 7.443e-6 seconds
[ Info: Simplifying generating set. Simplification level: standard
[ Info: Search for polynomial generators concluded in 0.000293351
[ Info: Selecting generators in 0.00014075
[ Info: Inclusion checked with probability 0.995 in 0.001944286 seconds
[ Info: The search for identifiable functions concluded in 0.008241075 seconds
┌ Info: [SI-STRUCTURAL] SIAN/SI template summary
│   template_equation_count = 8
│   derivative_symbol_count = 12
│   max_derivative_order = 5
│   structural_unidentifiable_count = 0
└   identifiable_function_count = 2
┌ Info: [SI-MAP] Classified symbolic SI support variables while converting SIAN output
│   counts =
│    Dict{Symbol, Int64} with 2 entries:
│      :parameter_or_ic_symbol => 2
│      :measured_rhs_jet       => 5
│   samples =
│    Dict{Symbol, Vector{String}} with 2 entries:
│      :parameter_or_ic_symbol => ["b_0", "a_0"]
└      :measured_rhs_jet       => ["x2_0", "x1_0", "x2_1", "x1_1", "x2_2"]
┌ Info: [SI-MAP] Extending DerivativeData support for SI template
│   current_order = 1
└   required_order = 5
[ Info: [DEBUG-EQ-COUNT] Final SI template: 8 equations after structural fixing
[ Info: [DEBUG-SI-VARS] Final variables list (10): Any[x2_0, x1_0, b_0, x2_1, a_0, x1_1, x2_2, x1_2, y2_2, y1_2]
[ Info: [DEBUG-EQ-VAR-COUNT] After template instantiation: 10 equations, 10 variables
[ Info: [DEBUG-SI-VARS] Final variables list (10): Any[x2_0, x1_0, b_0, x2_1, a_0, x1_1, x2_2, x1_2, y2_2, y1_2]
[ Info: [DEBUG-EQ-VAR-COUNT] After template instantiation: 10 equations, 10 variables
[ Info: [DEBUG-SI-VARS] Final variables list (10): Any[x2_0, x1_0, b_0, x2_1, a_0, x1_1, x2_2, x1_2, y2_2, y1_2]
[ Info: [DEBUG-EQ-VAR-COUNT] After template instantiation: 10 equations, 10 variables
[ Info: Getting equation system from StructuralIdentifiability.jl
[ Info: Converting ODESystem to SI.jl format
┌ Warning: Floating point value -1.0 will be converted to -1//1.
└ @ ModelingToolkitSIExt ~/.julia/packages/StructuralIdentifiability/gt3mc/ext/ModelingToolkitSIExt.jl:78
[ Info: Getting polynomial system from SIAN
[ Info: Built polynomial system with 10 equations
[ Info: [DEBUG-ALG-INDEP] Input: 10 equations, 8 indeterminates
[ Info: [DEBUG-ALG-INDEP] Jacobian size: (10, 8)
[ Info: [DEBUG-ALG-INDEP] Jacobian rank: 8
[ Info: [DEBUG-ALG-INDEP] Found 8 pivot columns
[ Info: [DEBUG-ALG-INDEP] Selected 8 equations (current_rank=8)
[ Info: [DEBUG-ALG-INDEP] Returning: output_ids=[1, 2, 3, 4, 5, 6, 7, 8], alg_indep has 0 vars
[ Info: Reduced polynomial system to 8 equations
┌ Info: [SI-MAP] Extending DerivativeData support for SI template
│   current_order = 1
└   required_order = 5
[ Info: Checking identifiability
[ Info: Computing IO-equations
[ Info: Computed IO-equations in 0.003907725 seconds
[ Info: Computing Wronskians
[ Info: Computed Wronskians in 0.00079965 seconds
[ Info: Dimensions of the Wronskians [2, 2]
[ Info: Ranks of the Wronskians computed in 1.062e-5 seconds
[ Info: Simplifying generating set. Simplification level: standard
[ Info: Search for polynomial generators concluded in 0.000281931
[ Info: Selecting generators in 0.000166957
[ Info: Inclusion checked with probability 0.995 in 0.002619098 seconds
[ Info: The search for identifiable functions concluded in 0.010467204 seconds
┌ Info: [SI-STRUCTURAL] SIAN/SI template summary
│   template_equation_count = 8
│   derivative_symbol_count = 12
│   max_derivative_order = 5
│   structural_unidentifiable_count = 0
└   identifiable_function_count = 2
┌ Info: [SI-MAP] Classified symbolic SI support variables while converting SIAN output
│   counts =
│    Dict{Symbol, Int64} with 2 entries:
│      :parameter_or_ic_symbol => 2
│      :measured_rhs_jet       => 5
│   samples =
│    Dict{Symbol, Vector{String}} with 2 entries:
│      :parameter_or_ic_symbol => ["b_0", "a_0"]
└      :measured_rhs_jet       => ["x2_0", "x1_0", "x2_1", "x1_1", "x2_2"]
┌ Info: [SI-MAP] Extending DerivativeData support for SI template
│   current_order = 1
└   required_order = 5
[ Info: [RESOLVE] Re-running SIAN with 2 fixed parameters
[ Info: [PRE-FIX] Substituting a => 1.6000000000006032
[ Info: [PRE-FIX] Substituting b => 0.20000000000053772
[ Info: [PRE-FIX] Created modified model with 0 parameters (removed 2)
[ Info: Getting equation system from StructuralIdentifiability.jl
[ Info: Converting ODESystem to SI.jl format
┌ Warning: Floating point value -1.6000000000006032 will be converted to -530342195029//331463871893.
└ @ ModelingToolkitSIExt ~/.julia/packages/StructuralIdentifiability/gt3mc/ext/ModelingToolkitSIExt.jl:78
┌ Warning: Floating point value 0.20000000000053772 will be converted to 74384336071//371921680354.
└ @ ModelingToolkitSIExt ~/.julia/packages/StructuralIdentifiability/gt3mc/ext/ModelingToolkitSIExt.jl:78
[ Info: Getting polynomial system from SIAN
[ Info: Built polynomial system with 6 equations
[ Info: [SI-TEMPLATE] algebraic_multiplicity M = 1  (setup 0.0s, Groebner 0.0s, quotient_basis 0.0s, ring: 5 vars × 7 polys)
[ Info: [DEBUG-ALG-INDEP] Input: 6 equations, 4 indeterminates
[ Info: [DEBUG-ALG-INDEP] Jacobian size: (6, 4)
[ Info: [DEBUG-ALG-INDEP] Jacobian rank: 4
[ Info: [DEBUG-ALG-INDEP] Found 4 pivot columns
[ Info: [DEBUG-ALG-INDEP] Selected 4 equations (current_rank=4)
[ Info: [DEBUG-ALG-INDEP] Returning: output_ids=[1, 2, 3, 4], alg_indep has 0 vars
[ Info: Reduced polynomial system to 4 equations
┌ Info: [SI-MAP] Extending DerivativeData support for SI template
│   current_order = 1
└   required_order = 3
[ Info: Checking identifiability
┌ Info: [SI-STRUCTURAL] SIAN/SI template summary
│   template_equation_count = 4
│   derivative_symbol_count = 8
│   max_derivative_order = 3
│   structural_unidentifiable_count = 0
└   identifiable_function_count = 0
┌ Info: [SI-MAP] Classified symbolic SI support variables while converting SIAN output
│   counts =
│    Dict{Symbol, Int64} with 1 entry:
│      :measured_rhs_jet => 4
│   samples =
│    Dict{Symbol, Vector{String}} with 1 entry:
└      :measured_rhs_jet => ["x1_0", "x2_0", "x1_1", "x2_1"]
┌ Info: [SI-MAP] Extending DerivativeData support for SI template
│   current_order = 1
└   required_order = 3
[ Info: [RESOLVE] SIAN re-run produced 4 template eqs, 8 deriv vars
[ Info: [DEBUG-SI-VARS] Final variables list (4): Any[x1_0, x2_0, x1_1, x2_1]
[ Info: [DEBUG-EQ-VAR-COUNT] After template instantiation: 4 equations, 4 variables
[ Info: [RESOLVE] Instantiated system: 4 eqs, 4 state vars (square)
[ Info: [RESOLVE] Solving square system with HC.jl
[ Info: [RESOLVE] HC.jl found 1 solution(s)
[ Info: [RESOLVE] Final: 1 solution(s) with 4 variables
[ Info: [RESOLVE] Re-running SIAN with 2 fixed parameters
[ Info: [PRE-FIX] Substituting a => 1.5999999057870233
[ Info: [PRE-FIX] Substituting b => 0.19999981259578373
[ Info: [PRE-FIX] Created modified model with 0 parameters (removed 2)
[ Info: Getting equation system from StructuralIdentifiability.jl
[ Info: Converting ODESystem to SI.jl format
┌ Warning: Floating point value -1.5999999057870233 will be converted to -54344952//33965597.
└ @ ModelingToolkitSIExt ~/.julia/packages/StructuralIdentifiability/gt3mc/ext/ModelingToolkitSIExt.jl:78
┌ Warning: Floating point value 0.19999981259578373 will be converted to 23905523//119527727.
└ @ ModelingToolkitSIExt ~/.julia/packages/StructuralIdentifiability/gt3mc/ext/ModelingToolkitSIExt.jl:78
[ Info: Getting polynomial system from SIAN
[ Info: Built polynomial system with 6 equations
[ Info: [SI-TEMPLATE] algebraic_multiplicity M = 1  (setup 0.0s, Groebner 0.0s, quotient_basis 0.0s, ring: 5 vars × 7 polys)
[ Info: [DEBUG-ALG-INDEP] Input: 6 equations, 4 indeterminates
[ Info: [DEBUG-ALG-INDEP] Jacobian size: (6, 4)
[ Info: [DEBUG-ALG-INDEP] Jacobian rank: 4
[ Info: [DEBUG-ALG-INDEP] Found 4 pivot columns
[ Info: [DEBUG-ALG-INDEP] Selected 4 equations (current_rank=4)
[ Info: [DEBUG-ALG-INDEP] Returning: output_ids=[1, 2, 3, 4], alg_indep has 0 vars
[ Info: Reduced polynomial system to 4 equations
┌ Info: [SI-MAP] Extending DerivativeData support for SI template
│   current_order = 1
└   required_order = 3
[ Info: Checking identifiability
┌ Info: [SI-STRUCTURAL] SIAN/SI template summary
│   template_equation_count = 4
│   derivative_symbol_count = 8
│   max_derivative_order = 3
│   structural_unidentifiable_count = 0
└   identifiable_function_count = 0
┌ Info: [SI-MAP] Classified symbolic SI support variables while converting SIAN output
│   counts =
│    Dict{Symbol, Int64} with 1 entry:
│      :measured_rhs_jet => 4
│   samples =
│    Dict{Symbol, Vector{String}} with 1 entry:
└      :measured_rhs_jet => ["x1_0", "x2_0", "x1_1", "x2_1"]
┌ Info: [SI-MAP] Extending DerivativeData support for SI template
│   current_order = 1
└   required_order = 3
[ Info: [RESOLVE] SIAN re-run produced 4 template eqs, 8 deriv vars
[ Info: [DEBUG-SI-VARS] Final variables list (4): Any[x1_0, x2_0, x1_1, x2_1]
[ Info: [DEBUG-EQ-VAR-COUNT] After template instantiation: 4 equations, 4 variables
[ Info: [RESOLVE] Instantiated system: 4 eqs, 4 state vars (square)
[ Info: [RESOLVE] Solving square system with HC.jl
[ Info: [RESOLVE] HC.jl found 1 solution(s)
[ Info: [RESOLVE] Final: 1 solution(s) with 4 variables
[ Info: [RESOLVE] Re-running SIAN with 2 fixed parameters
[ Info: [PRE-FIX] Substituting a => 1.599998364995335
[ Info: [PRE-FIX] Substituting b => 0.19999967002112132
[ Info: [PRE-FIX] Created modified model with 0 parameters (removed 2)
[ Info: Getting equation system from StructuralIdentifiability.jl
[ Info: Converting ODESystem to SI.jl format
┌ Warning: Floating point value -1.599998364995335 will be converted to -97858948//61161905.
└ @ ModelingToolkitSIExt ~/.julia/packages/StructuralIdentifiability/gt3mc/ext/ModelingToolkitSIExt.jl:78
┌ Warning: Floating point value 0.19999967002112132 will be converted to 21577103//107885693.
└ @ ModelingToolkitSIExt ~/.julia/packages/StructuralIdentifiability/gt3mc/ext/ModelingToolkitSIExt.jl:78
[ Info: Getting polynomial system from SIAN
[ Info: Built polynomial system with 6 equations
[ Info: [SI-TEMPLATE] algebraic_multiplicity M = 1  (setup 0.0s, Groebner 0.0s, quotient_basis 0.0s, ring: 5 vars × 7 polys)
[ Info: [DEBUG-ALG-INDEP] Input: 6 equations, 4 indeterminates
[ Info: [DEBUG-ALG-INDEP] Jacobian size: (6, 4)
[ Info: [DEBUG-ALG-INDEP] Jacobian rank: 4
[ Info: [DEBUG-ALG-INDEP] Found 4 pivot columns
[ Info: [DEBUG-ALG-INDEP] Selected 4 equations (current_rank=4)
[ Info: [DEBUG-ALG-INDEP] Returning: output_ids=[1, 2, 3, 4], alg_indep has 0 vars
[ Info: Reduced polynomial system to 4 equations
┌ Info: [SI-MAP] Extending DerivativeData support for SI template
│   current_order = 1
└   required_order = 3
[ Info: Checking identifiability
┌ Info: [SI-STRUCTURAL] SIAN/SI template summary
│   template_equation_count = 4
│   derivative_symbol_count = 8
│   max_derivative_order = 3
│   structural_unidentifiable_count = 0
└   identifiable_function_count = 0
┌ Info: [SI-MAP] Classified symbolic SI support variables while converting SIAN output
│   counts =
│    Dict{Symbol, Int64} with 1 entry:
│      :measured_rhs_jet => 4
│   samples =
│    Dict{Symbol, Vector{String}} with 1 entry:
└      :measured_rhs_jet => ["x1_0", "x2_0", "x1_1", "x2_1"]
┌ Info: [SI-MAP] Extending DerivativeData support for SI template
│   current_order = 1
└   required_order = 3
[ Info: [RESOLVE] SIAN re-run produced 4 template eqs, 8 deriv vars
[ Info: [DEBUG-SI-VARS] Final variables list (4): Any[x1_0, x2_0, x1_1, x2_1]
[ Info: [DEBUG-EQ-VAR-COUNT] After template instantiation: 4 equations, 4 variables
[ Info: [RESOLVE] Instantiated system: 4 eqs, 4 state vars (square)
[ Info: [RESOLVE] Solving square system with HC.jl
[ Info: [RESOLVE] HC.jl found 1 solution(s)
[ Info: [RESOLVE] Final: 1 solution(s) with 4 variables
[ Info: [RESOLVE] Re-running SIAN with 2 fixed parameters
[ Info: [PRE-FIX] Substituting a => 1.600000005546615
[ Info: [PRE-FIX] Substituting b => 0.20000000000056684
[ Info: [PRE-FIX] Created modified model with 0 parameters (removed 2)
[ Info: Getting equation system from StructuralIdentifiability.jl
[ Info: Converting ODESystem to SI.jl format
┌ Warning: Floating point value -1.600000005546615 will be converted to -57692845//36058028.
└ @ ModelingToolkitSIExt ~/.julia/packages/StructuralIdentifiability/gt3mc/ext/ModelingToolkitSIExt.jl:78
┌ Warning: Floating point value 0.20000000000056684 will be converted to 70563759255//352818796274.
└ @ ModelingToolkitSIExt ~/.julia/packages/StructuralIdentifiability/gt3mc/ext/ModelingToolkitSIExt.jl:78
[ Info: Getting polynomial system from SIAN
[ Info: Built polynomial system with 6 equations
[ Info: [SI-TEMPLATE] algebraic_multiplicity M = 1  (setup 0.0s, Groebner 0.0s, quotient_basis 0.0s, ring: 5 vars × 7 polys)
[ Info: [DEBUG-ALG-INDEP] Input: 6 equations, 4 indeterminates
[ Info: [DEBUG-ALG-INDEP] Jacobian size: (6, 4)
[ Info: [DEBUG-ALG-INDEP] Jacobian rank: 4
[ Info: [DEBUG-ALG-INDEP] Found 4 pivot columns
[ Info: [DEBUG-ALG-INDEP] Selected 4 equations (current_rank=4)
[ Info: [DEBUG-ALG-INDEP] Returning: output_ids=[1, 2, 3, 4], alg_indep has 0 vars
[ Info: Reduced polynomial system to 4 equations
┌ Info: [SI-MAP] Extending DerivativeData support for SI template
│   current_order = 1
└   required_order = 3
[ Info: Checking identifiability
┌ Info: [SI-STRUCTURAL] SIAN/SI template summary
│   template_equation_count = 4
│   derivative_symbol_count = 8
│   max_derivative_order = 3
│   structural_unidentifiable_count = 0
└   identifiable_function_count = 0
┌ Info: [SI-MAP] Classified symbolic SI support variables while converting SIAN output
│   counts =
│    Dict{Symbol, Int64} with 1 entry:
│      :measured_rhs_jet => 4
│   samples =
│    Dict{Symbol, Vector{String}} with 1 entry:
└      :measured_rhs_jet => ["x1_0", "x2_0", "x1_1", "x2_1"]
┌ Info: [SI-MAP] Extending DerivativeData support for SI template
│   current_order = 1
└   required_order = 3
[ Info: [RESOLVE] SIAN re-run produced 4 template eqs, 8 deriv vars
[ Info: [DEBUG-SI-VARS] Final variables list (4): Any[x1_0, x2_0, x1_1, x2_1]
[ Info: [DEBUG-EQ-VAR-COUNT] After template instantiation: 4 equations, 4 variables
[ Info: [RESOLVE] Instantiated system: 4 eqs, 4 state vars (square)
[ Info: [RESOLVE] Solving square system with HC.jl
[ Info: [RESOLVE] HC.jl found 1 solution(s)
[ Info: [RESOLVE] Final: 1 solution(s) with 4 variables
[ Info: [RESOLVE] Re-running SIAN with 2 fixed parameters
[ Info: [PRE-FIX] Substituting a => 1.6000000212661052
[ Info: [PRE-FIX] Substituting b => 0.1999999970931638
[ Info: [PRE-FIX] Created modified model with 0 parameters (removed 2)
[ Info: Getting equation system from StructuralIdentifiability.jl
[ Info: Converting ODESystem to SI.jl format
┌ Warning: Floating point value -1.6000000212661052 will be converted to -75237097//47023185.
└ @ ModelingToolkitSIExt ~/.julia/packages/StructuralIdentifiability/gt3mc/ext/ModelingToolkitSIExt.jl:78
┌ Warning: Floating point value 0.1999999970931638 will be converted to 13760665//68803326.
└ @ ModelingToolkitSIExt ~/.julia/packages/StructuralIdentifiability/gt3mc/ext/ModelingToolkitSIExt.jl:78
[ Info: Getting polynomial system from SIAN
[ Info: Built polynomial system with 6 equations
[ Info: [SI-TEMPLATE] algebraic_multiplicity M = 1  (setup 0.0s, Groebner 0.0s, quotient_basis 0.0s, ring: 5 vars × 7 polys)
[ Info: [DEBUG-ALG-INDEP] Input: 6 equations, 4 indeterminates
[ Info: [DEBUG-ALG-INDEP] Jacobian size: (6, 4)
[ Info: [DEBUG-ALG-INDEP] Jacobian rank: 4
[ Info: [DEBUG-ALG-INDEP] Found 4 pivot columns
[ Info: [DEBUG-ALG-INDEP] Selected 4 equations (current_rank=4)
[ Info: [DEBUG-ALG-INDEP] Returning: output_ids=[1, 2, 3, 4], alg_indep has 0 vars
[ Info: Reduced polynomial system to 4 equations
┌ Info: [SI-MAP] Extending DerivativeData support for SI template
│   current_order = 1
└   required_order = 3
[ Info: Checking identifiability
┌ Info: [SI-STRUCTURAL] SIAN/SI template summary
│   template_equation_count = 4
│   derivative_symbol_count = 8
│   max_derivative_order = 3
│   structural_unidentifiable_count = 0
└   identifiable_function_count = 0
┌ Info: [SI-MAP] Classified symbolic SI support variables while converting SIAN output
│   counts =
│    Dict{Symbol, Int64} with 1 entry:
│      :measured_rhs_jet => 4
│   samples =
│    Dict{Symbol, Vector{String}} with 1 entry:
└      :measured_rhs_jet => ["x1_0", "x2_0", "x1_1", "x2_1"]
┌ Info: [SI-MAP] Extending DerivativeData support for SI template
│   current_order = 1
└   required_order = 3
[ Info: [RESOLVE] SIAN re-run produced 4 template eqs, 8 deriv vars
[ Info: [DEBUG-SI-VARS] Final variables list (4): Any[x1_0, x2_0, x1_1, x2_1]
[ Info: [DEBUG-EQ-VAR-COUNT] After template instantiation: 4 equations, 4 variables
[ Info: [RESOLVE] Instantiated system: 4 eqs, 4 state vars (square)
[ Info: [RESOLVE] Solving square system with HC.jl
[ Info: [RESOLVE] HC.jl found 1 solution(s)
[ Info: [RESOLVE] Final: 1 solution(s) with 4 variables
[ Info: [RESOLVE] Re-running SIAN with 2 fixed parameters
[ Info: [PRE-FIX] Substituting a => 1.6000000342589393
[ Info: [PRE-FIX] Substituting b => 0.19999999928352227
[ Info: [PRE-FIX] Created modified model with 0 parameters (removed 2)
[ Info: Getting equation system from StructuralIdentifiability.jl
[ Info: Converting ODESystem to SI.jl format
┌ Warning: Floating point value -1.6000000342589393 will be converted to -74725024//46703139.
└ @ ModelingToolkitSIExt ~/.julia/packages/StructuralIdentifiability/gt3mc/ext/ModelingToolkitSIExt.jl:78
┌ Warning: Floating point value 0.19999999928352227 will be converted to 55828670//279143351.
└ @ ModelingToolkitSIExt ~/.julia/packages/StructuralIdentifiability/gt3mc/ext/ModelingToolkitSIExt.jl:78
[ Info: Getting polynomial system from SIAN
[ Info: Built polynomial system with 6 equations
[ Info: [SI-TEMPLATE] algebraic_multiplicity M = 1  (setup 0.0s, Groebner 0.0s, quotient_basis 0.0s, ring: 5 vars × 7 polys)
[ Info: [DEBUG-ALG-INDEP] Input: 6 equations, 4 indeterminates
[ Info: [DEBUG-ALG-INDEP] Jacobian size: (6, 4)
[ Info: [DEBUG-ALG-INDEP] Jacobian rank: 4
[ Info: [DEBUG-ALG-INDEP] Found 4 pivot columns
[ Info: [DEBUG-ALG-INDEP] Selected 4 equations (current_rank=4)
[ Info: [DEBUG-ALG-INDEP] Returning: output_ids=[1, 2, 3, 4], alg_indep has 0 vars
[ Info: Reduced polynomial system to 4 equations
┌ Info: [SI-MAP] Extending DerivativeData support for SI template
│   current_order = 1
└   required_order = 3
[ Info: Checking identifiability
┌ Info: [SI-STRUCTURAL] SIAN/SI template summary
│   template_equation_count = 4
│   derivative_symbol_count = 8
│   max_derivative_order = 3
│   structural_unidentifiable_count = 0
└   identifiable_function_count = 0
┌ Info: [SI-MAP] Classified symbolic SI support variables while converting SIAN output
│   counts =
│    Dict{Symbol, Int64} with 1 entry:
│      :measured_rhs_jet => 4
│   samples =
│    Dict{Symbol, Vector{String}} with 1 entry:
└      :measured_rhs_jet => ["x1_0", "x2_0", "x1_1", "x2_1"]
┌ Info: [SI-MAP] Extending DerivativeData support for SI template
│   current_order = 1
└   required_order = 3
[ Info: [RESOLVE] SIAN re-run produced 4 template eqs, 8 deriv vars
[ Info: [DEBUG-SI-VARS] Final variables list (4): Any[x1_0, x2_0, x1_1, x2_1]
[ Info: [DEBUG-EQ-VAR-COUNT] After template instantiation: 4 equations, 4 variables
[ Info: [RESOLVE] Instantiated system: 4 eqs, 4 state vars (square)
[ Info: [RESOLVE] Solving square system with HC.jl
[ Info: [RESOLVE] HC.jl found 1 solution(s)
[ Info: [RESOLVE] Final: 1 solution(s) with 4 variables
[ Info: [RESOLVE] Re-running SIAN with 2 fixed parameters
[ Info: [PRE-FIX] Substituting a => 1.6000000000006032
[ Info: [PRE-FIX] Substituting b => 0.20000000000053772
[ Info: [PRE-FIX] Created modified model with 0 parameters (removed 2)
[ Info: Getting equation system from StructuralIdentifiability.jl
[ Info: Converting ODESystem to SI.jl format
┌ Warning: Floating point value -1.6000000000006032 will be converted to -530342195029//331463871893.
└ @ ModelingToolkitSIExt ~/.julia/packages/StructuralIdentifiability/gt3mc/ext/ModelingToolkitSIExt.jl:78
┌ Warning: Floating point value 0.20000000000053772 will be converted to 74384336071//371921680354.
└ @ ModelingToolkitSIExt ~/.julia/packages/StructuralIdentifiability/gt3mc/ext/ModelingToolkitSIExt.jl:78
[ Info: Getting polynomial system from SIAN
[ Info: Built polynomial system with 6 equations
[ Info: [SI-TEMPLATE] algebraic_multiplicity M = 1  (setup 0.0s, Groebner 0.0s, quotient_basis 0.0s, ring: 5 vars × 7 polys)
[ Info: [DEBUG-ALG-INDEP] Input: 6 equations, 4 indeterminates
[ Info: [DEBUG-ALG-INDEP] Jacobian size: (6, 4)
[ Info: [DEBUG-ALG-INDEP] Jacobian rank: 4
[ Info: [DEBUG-ALG-INDEP] Found 4 pivot columns
[ Info: [DEBUG-ALG-INDEP] Selected 4 equations (current_rank=4)
[ Info: [DEBUG-ALG-INDEP] Returning: output_ids=[1, 2, 3, 4], alg_indep has 0 vars
[ Info: Reduced polynomial system to 4 equations
┌ Info: [SI-MAP] Extending DerivativeData support for SI template
│   current_order = 1
└   required_order = 3
[ Info: Checking identifiability
┌ Info: [SI-STRUCTURAL] SIAN/SI template summary
│   template_equation_count = 4
│   derivative_symbol_count = 8
│   max_derivative_order = 3
│   structural_unidentifiable_count = 0
└   identifiable_function_count = 0
┌ Info: [SI-MAP] Classified symbolic SI support variables while converting SIAN output
│   counts =
│    Dict{Symbol, Int64} with 1 entry:
│      :measured_rhs_jet => 4
│   samples =
│    Dict{Symbol, Vector{String}} with 1 entry:
└      :measured_rhs_jet => ["x1_0", "x2_0", "x1_1", "x2_1"]
┌ Info: [SI-MAP] Extending DerivativeData support for SI template
│   current_order = 1
└   required_order = 3
[ Info: [RESOLVE] SIAN re-run produced 4 template eqs, 8 deriv vars
[ Info: [DEBUG-SI-VARS] Final variables list (4): Any[x1_0, x2_0, x1_1, x2_1]
[ Info: [DEBUG-EQ-VAR-COUNT] After template instantiation: 4 equations, 4 variables
[ Info: [RESOLVE] Instantiated system: 4 eqs, 4 state vars (square)
[ Info: [RESOLVE] Solving square system with HC.jl
[ Info: [RESOLVE] HC.jl found 1 solution(s)
[ Info: [RESOLVE] Final: 1 solution(s) with 4 variables
[ Info: [RESOLVE] Re-running SIAN with 2 fixed parameters
[ Info: [PRE-FIX] Substituting a => 1.6000000000006032
[ Info: [PRE-FIX] Substituting b => 0.20000000000059592
[ Info: [PRE-FIX] Created modified model with 0 parameters (removed 2)
[ Info: Getting equation system from StructuralIdentifiability.jl
[ Info: Converting ODESystem to SI.jl format
┌ Warning: Floating point value -1.6000000000006032 will be converted to -530342195029//331463871893.
└ @ ModelingToolkitSIExt ~/.julia/packages/StructuralIdentifiability/gt3mc/ext/ModelingToolkitSIExt.jl:78
┌ Warning: Floating point value 0.20000000000059592 will be converted to 67119604719//335598023594.
└ @ ModelingToolkitSIExt ~/.julia/packages/StructuralIdentifiability/gt3mc/ext/ModelingToolkitSIExt.jl:78
[ Info: Getting polynomial system from SIAN
[ Info: Built polynomial system with 6 equations
[ Info: [SI-TEMPLATE] algebraic_multiplicity M = 1  (setup 0.0s, Groebner 0.0s, quotient_basis 0.0s, ring: 5 vars × 7 polys)
[ Info: [DEBUG-ALG-INDEP] Input: 6 equations, 4 indeterminates
[ Info: [DEBUG-ALG-INDEP] Jacobian size: (6, 4)
[ Info: [DEBUG-ALG-INDEP] Jacobian rank: 4
[ Info: [DEBUG-ALG-INDEP] Found 4 pivot columns
[ Info: [DEBUG-ALG-INDEP] Selected 4 equations (current_rank=4)
[ Info: [DEBUG-ALG-INDEP] Returning: output_ids=[1, 2, 3, 4], alg_indep has 0 vars
[ Info: Reduced polynomial system to 4 equations
┌ Info: [SI-MAP] Extending DerivativeData support for SI template
│   current_order = 1
└   required_order = 3
[ Info: Checking identifiability
┌ Info: [SI-STRUCTURAL] SIAN/SI template summary
│   template_equation_count = 4
│   derivative_symbol_count = 8
│   max_derivative_order = 3
│   structural_unidentifiable_count = 0
└   identifiable_function_count = 0
┌ Info: [SI-MAP] Classified symbolic SI support variables while converting SIAN output
│   counts =
│    Dict{Symbol, Int64} with 1 entry:
│      :measured_rhs_jet => 4
│   samples =
│    Dict{Symbol, Vector{String}} with 1 entry:
└      :measured_rhs_jet => ["x1_0", "x2_0", "x1_1", "x2_1"]
┌ Info: [SI-MAP] Extending DerivativeData support for SI template
│   current_order = 1
└   required_order = 3
[ Info: [RESOLVE] SIAN re-run produced 4 template eqs, 8 deriv vars
[ Info: [DEBUG-SI-VARS] Final variables list (4): Any[x1_0, x2_0, x1_1, x2_1]
[ Info: [DEBUG-EQ-VAR-COUNT] After template instantiation: 4 equations, 4 variables
[ Info: [RESOLVE] Instantiated system: 4 eqs, 4 state vars (square)
[ Info: [RESOLVE] Solving square system with HC.jl
[ Info: [RESOLVE] HC.jl found 1 solution(s)
[ Info: [RESOLVE] Final: 1 solution(s) with 4 variables
[ Info: [TRANSCENDENTAL] Detected 1 transcendental expression(s):
[ Info:   sin(0.5 * t) → _trfn_sin_0_5(t)
[ Info: [TRANSCENDENTAL] Detected 1 transcendental expression(s):
[ Info:   sin(0.5 * t) → _trfn_sin_0_5(t)
[ Info: [TRANSCENDENTAL] Detected 1 transcendental expression(s):
[ Info:   sin(0.5 * t) → _trfn_sin_0_5(t)
[ Info: diagnostics=true but nooutput=true; diagnostic output will be suppressed
┌ Warning: [INTERP-GATE] Skipping S2AAAMLE: σ̂=0.019052457598360783 > threshold 0.0001
└ @ ODEParameterEstimation /tmp/odepe-hardening-20260723/src/types/estimation_options.jl:860
┌ Warning: [INTERP-GATE] Skipping S2AAAMLE: σ̂=0.019052457598360783 > threshold 0.0001
└ @ ODEParameterEstimation /tmp/odepe-hardening-20260723/src/types/estimation_options.jl:860
┌ Warning: [INTERP-GATE] All interpolators filtered out (σ̂=0.019052457598360783); falling back to InterpolatorAAADGPR
└ @ ODEParameterEstimation /tmp/odepe-hardening-20260723/src/core/optimized_multishot_estimation.jl:277
[ Info: diagnostics=true but nooutput=true; diagnostic output will be suppressed
[ Info: diagnostics=true but nooutput=true; diagnostic output will be suppressed
[ Info: diagnostics=true but nooutput=true; diagnostic output will be suppressed
[ Info: diagnostics=true but nooutput=true; diagnostic output will be suppressed
[ Info: diagnostics=true but nooutput=true; diagnostic output will be suppressed
LinearAlgebra.PosDefException(6)
LinearAlgebra.PosDefException(5)
LinearAlgebra.PosDefException(5)
LinearAlgebra.PosDefException(7)
LinearAlgebra.PosDefException(7)
LinearAlgebra.PosDefException(6)
LinearAlgebra.PosDefException(10)
LinearAlgebra.PosDefException(9)
LinearAlgebra.PosDefException(5)
LinearAlgebra.PosDefException(9)
LinearAlgebra.PosDefException(9)
LinearAlgebra.PosDefException(6)
LinearAlgebra.PosDefException(6)
LinearAlgebra.PosDefException(7)
LinearAlgebra.PosDefException(6)
LinearAlgebra.PosDefException(10)
LinearAlgebra.PosDefException(10)
LinearAlgebra.PosDefException(6)
LinearAlgebra.PosDefException(6)
LinearAlgebra.PosDefException(9)
LinearAlgebra.PosDefException(6)
LinearAlgebra.PosDefException(7)
LinearAlgebra.PosDefException(6)
LinearAlgebra.PosDefException(6)
LinearAlgebra.PosDefException(6)
LinearAlgebra.PosDefException(11)
LinearAlgebra.PosDefException(7)
LinearAlgebra.PosDefException(11)
LinearAlgebra.PosDefException(10)
LinearAlgebra.PosDefException(7)
LinearAlgebra.PosDefException(6)
LinearAlgebra.PosDefException(7)
LinearAlgebra.PosDefException(9)
LinearAlgebra.PosDefException(10)
LinearAlgebra.PosDefException(10)
LinearAlgebra.PosDefException(7)
LinearAlgebra.PosDefException(8)
LinearAlgebra.PosDefException(9)
LinearAlgebra.PosDefException(9)
LinearAlgebra.PosDefException(9)
LinearAlgebra.PosDefException(6)
LinearAlgebra.PosDefException(6)
LinearAlgebra.PosDefException(9)
LinearAlgebra.PosDefException(10)
LinearAlgebra.PosDefException(6)
LinearAlgebra.PosDefException(7)
LinearAlgebra.PosDefException(9)
LinearAlgebra.PosDefException(6)
LinearAlgebra.PosDefException(11)
LinearAlgebra.PosDefException(11)
LinearAlgebra.PosDefException(7)
LinearAlgebra.PosDefException(8)
LinearAlgebra.PosDefException(11)
LinearAlgebra.PosDefException(7)
LinearAlgebra.PosDefException(8)
LinearAlgebra.PosDefException(8)
LinearAlgebra.PosDefException(8)
LinearAlgebra.PosDefException(11)
LinearAlgebra.PosDefException(10)
LinearAlgebra.PosDefException(10)
LinearAlgebra.PosDefException(6)
LinearAlgebra.PosDefException(8)
LinearAlgebra.PosDefException(6)
LinearAlgebra.PosDefException(8)
LinearAlgebra.PosDefException(8)
LinearAlgebra.PosDefException(6)
LinearAlgebra.PosDefException(8)
LinearAlgebra.PosDefException(10)
LinearAlgebra.PosDefException(8)
LinearAlgebra.PosDefException(10)
LinearAlgebra.PosDefException(9)
LinearAlgebra.PosDefException(8)
LinearAlgebra.PosDefException(10)
LinearAlgebra.PosDefException(6)
LinearAlgebra.PosDefException(9)
LinearAlgebra.PosDefException(6)
LinearAlgebra.PosDefException(6)
LinearAlgebra.PosDefException(11)
LinearAlgebra.PosDefException(8)
LinearAlgebra.PosDefException(9)
LinearAlgebra.PosDefException(8)
LinearAlgebra.PosDefException(9)
LinearAlgebra.PosDefException(8)
LinearAlgebra.PosDefException(5)
LinearAlgebra.PosDefException(8)
LinearAlgebra.PosDefException(2)
LinearAlgebra.PosDefException(2)
LinearAlgebra.PosDefException(2)
LinearAlgebra.PosDefException(3)
LinearAlgebra.PosDefException(4)
LinearAlgebra.PosDefException(4)
LinearAlgebra.PosDefException(5)
LinearAlgebra.PosDefException(8)
LinearAlgebra.PosDefException(6)
LinearAlgebra.PosDefException(8)
LinearAlgebra.PosDefException(6)
LinearAlgebra.PosDefException(10)
LinearAlgebra.PosDefException(5)
LinearAlgebra.PosDefException(4)
LinearAlgebra.PosDefException(5)
LinearAlgebra.PosDefException(6)
LinearAlgebra.PosDefException(6)
LinearAlgebra.PosDefException(10)
LinearAlgebra.PosDefException(4)
LinearAlgebra.PosDefException(7)
LinearAlgebra.PosDefException(6)
LinearAlgebra.PosDefException(8)
LinearAlgebra.PosDefException(11)
LinearAlgebra.PosDefException(10)
LinearAlgebra.PosDefException(7)
LinearAlgebra.PosDefException(9)
LinearAlgebra.PosDefException(6)
LinearAlgebra.PosDefException(9)
LinearAlgebra.PosDefException(10)
LinearAlgebra.PosDefException(10)
LinearAlgebra.PosDefException(10)
LinearAlgebra.PosDefException(7)
LinearAlgebra.PosDefException(9)
LinearAlgebra.PosDefException(10)
LinearAlgebra.PosDefException(8)
LinearAlgebra.PosDefException(8)
LinearAlgebra.PosDefException(7)
LinearAlgebra.PosDefException(8)
LinearAlgebra.PosDefException(7)
LinearAlgebra.PosDefException(7)
LinearAlgebra.PosDefException(9)
LinearAlgebra.PosDefException(10)
LinearAlgebra.PosDefException(11)
PosDefException(6)
PosDefException(5)
PosDefException(5)
PosDefException(7)
PosDefException(7)
PosDefException(6)
PosDefException(10)
PosDefException(9)
PosDefException(5)
PosDefException(9)
PosDefException(9)
PosDefException(6)
PosDefException(6)
PosDefException(7)
PosDefException(6)
PosDefException(10)
PosDefException(10)
PosDefException(6)
PosDefException(6)
PosDefException(9)
PosDefException(6)
PosDefException(7)
PosDefException(6)
PosDefException(6)
PosDefException(6)
PosDefException(11)
PosDefException(7)
PosDefException(11)
PosDefException(10)
PosDefException(7)
PosDefException(6)
PosDefException(7)
PosDefException(9)
PosDefException(10)
PosDefException(10)
PosDefException(7)
PosDefException(8)
PosDefException(9)
PosDefException(9)
PosDefException(9)
PosDefException(6)
PosDefException(6)
PosDefException(9)
PosDefException(10)
PosDefException(6)
PosDefException(7)
PosDefException(9)
PosDefException(6)
PosDefException(11)
PosDefException(11)
PosDefException(7)
PosDefException(8)
PosDefException(11)
PosDefException(7)
PosDefException(8)
PosDefException(8)
PosDefException(8)
PosDefException(11)
PosDefException(10)
PosDefException(10)
PosDefException(6)
PosDefException(8)
PosDefException(6)
PosDefException(8)
PosDefException(8)
PosDefException(6)
PosDefException(8)
PosDefException(10)
PosDefException(8)
PosDefException(10)
PosDefException(9)
PosDefException(8)
PosDefException(10)
PosDefException(6)
PosDefException(9)
PosDefException(6)
PosDefException(6)
PosDefException(11)
PosDefException(8)
PosDefException(9)
PosDefException(8)
PosDefException(9)
PosDefException(8)
PosDefException(5)
PosDefException(8)
PosDefException(2)
PosDefException(2)
PosDefException(2)
PosDefException(3)
PosDefException(4)
PosDefException(4)
PosDefException(5)
PosDefException(8)
PosDefException(6)
PosDefException(8)
PosDefException(6)
PosDefException(10)
PosDefException(5)
PosDefException(4)
PosDefException(5)
PosDefException(6)
PosDefException(6)
PosDefException(10)
PosDefException(4)
PosDefException(7)
PosDefException(6)
PosDefException(8)
PosDefException(11)
PosDefException(10)
PosDefException(7)
PosDefException(9)
PosDefException(6)
PosDefException(9)
PosDefException(10)
PosDefException(10)
PosDefException(10)
PosDefException(7)
PosDefException(9)
PosDefException(10)
PosDefException(8)
PosDefException(8)
PosDefException(7)
PosDefException(8)
PosDefException(7)
PosDefException(7)
PosDefException(9)
PosDefException(10)
PosDefException(11)
PosDefException(6)
PosDefException(5)
PosDefException(5)
PosDefException(7)
PosDefException(7)
PosDefException(6)
PosDefException(10)
PosDefException(9)
PosDefException(5)
PosDefException(9)
PosDefException(9)
PosDefException(6)
PosDefException(6)
PosDefException(7)
PosDefException(6)
PosDefException(10)
PosDefException(10)
PosDefException(6)
PosDefException(6)
PosDefException(9)
PosDefException(6)
PosDefException(7)
PosDefException(6)
PosDefException(6)
PosDefException(6)
PosDefException(11)
PosDefException(7)
PosDefException(11)
PosDefException(10)
PosDefException(7)
PosDefException(6)
PosDefException(7)
PosDefException(9)
PosDefException(10)
PosDefException(10)
PosDefException(7)
PosDefException(8)
PosDefException(9)
PosDefException(9)
PosDefException(9)
PosDefException(6)
PosDefException(6)
PosDefException(9)
PosDefException(10)
PosDefException(6)
PosDefException(7)
PosDefException(9)
PosDefException(6)
PosDefException(11)
PosDefException(11)
PosDefException(7)
PosDefException(8)
PosDefException(11)
PosDefException(7)
PosDefException(8)
PosDefException(8)
PosDefException(8)
PosDefException(11)
PosDefException(10)
PosDefException(10)
PosDefException(6)
PosDefException(8)
PosDefException(6)
PosDefException(8)
PosDefException(8)
PosDefException(6)
PosDefException(8)
PosDefException(10)
PosDefException(8)
PosDefException(10)
PosDefException(9)
PosDefException(8)
PosDefException(10)
PosDefException(6)
PosDefException(9)
PosDefException(6)
PosDefException(6)
PosDefException(11)
PosDefException(8)
PosDefException(9)
PosDefException(8)
PosDefException(9)
PosDefException(8)
PosDefException(5)
PosDefException(8)
PosDefException(2)
PosDefException(2)
PosDefException(2)
PosDefException(3)
PosDefException(4)
PosDefException(4)
PosDefException(5)
PosDefException(8)
PosDefException(6)
PosDefException(8)
PosDefException(6)
PosDefException(10)
PosDefException(5)
PosDefException(4)
PosDefException(5)
PosDefException(6)
PosDefException(6)
PosDefException(10)
PosDefException(4)
PosDefException(7)
PosDefException(6)
PosDefException(8)
PosDefException(11)
PosDefException(10)
PosDefException(7)
PosDefException(9)
PosDefException(6)
PosDefException(9)
PosDefException(10)
PosDefException(10)
PosDefException(10)
PosDefException(7)
PosDefException(9)
PosDefException(10)
PosDefException(8)
PosDefException(8)
PosDefException(7)
PosDefException(8)
PosDefException(7)
PosDefException(7)
PosDefException(9)
PosDefException(10)
PosDefException(11)
Test Summary:                     | Pass  Total      Time
ODEParameterEstimation fast suite | 1215   1215  21m24.8s
