index,singular_value
1,9.205947852502302e+01
2,1.433585027619792e+01
3,6.235166849092978e+00
4,3.517194826804303e+00
5,2.715775757607913e+00
6,2.532461635974381e+00
7,2.034968887825777e+00
8,1.632299538918431e+00
9,1.104213677253617e+00
10,9.326868299924497e-01
11,8.236914807108853e-01
12,1.476870218386023e-01
13,6.471405028262771e-02
14,2.184667100308320e-02
