HUNT2 start mode=seq hcthr=on nworkers=0 nthreads=14 ngcthreads=14 nsolves=600 seed_base=1207921 shape=4x2 pid=2112003 julia=1.12.6 HC=2.20.0 2026-07-22T17:02:47.563
ATTEMPT 1 W0 START 4x2 seed=1207922 2026-07-22T17:02:55.196
ATTEMPT 1 W0 SOLVE 4x2 2026-07-22T17:03:01.050
Computing mixed cells... 2    Time: 0:00:01[K
   mixed_volume: 7[K[A
[K[AComputing mixed cells... 4    Time: 0:00:01[K
   mixed_volume: 16[K
ATTEMPT 1 W0 DONE 4x2 seed=1207922 nsol=16 62.48s 2026-07-22T17:04:03.784
ATTEMPT 2 W0 START 4x2 seed=1207923 2026-07-22T17:04:04.145
ATTEMPT 2 W0 SOLVE 4x2 2026-07-22T17:04:04.152
ATTEMPT 2 W0 DONE 4x2 seed=1207923 nsol=16 0.02s 2026-07-22T17:04:04.171
ATTEMPT 3 W0 START 4x2 seed=1207924 2026-07-22T17:04:04.171
ATTEMPT 3 W0 SOLVE 4x2 2026-07-22T17:04:04.193
ATTEMPT 3 W0 DONE 4x2 seed=1207924 nsol=16 0.01s 2026-07-22T17:04:04.204
ATTEMPT 4 W0 START 4x2 seed=1207925 2026-07-22T17:04:04.204
ATTEMPT 4 W0 SOLVE 4x2 2026-07-22T17:04:04.210
ATTEMPT 4 W0 DONE 4x2 seed=1207925 nsol=16 0.01s 2026-07-22T17:04:04.219
ATTEMPT 5 W0 START 4x2 seed=1207926 2026-07-22T17:04:04.220
ATTEMPT 5 W0 SOLVE 4x2 2026-07-22T17:04:04.227
ATTEMPT 5 W0 DONE 4x2 seed=1207926 nsol=16 0.01s 2026-07-22T17:04:04.240
ATTEMPT 6 W0 START 4x2 seed=1207927 2026-07-22T17:04:04.240
ATTEMPT 6 W0 SOLVE 4x2 2026-07-22T17:04:04.256
ATTEMPT 6 W0 DONE 4x2 seed=1207927 nsol=16 0.02s 2026-07-22T17:04:04.271
ATTEMPT 7 W0 START 4x2 seed=1207928 2026-07-22T17:04:04.271
ATTEMPT 7 W0 SOLVE 4x2 2026-07-22T17:04:04.286
ATTEMPT 7 W0 DONE 4x2 seed=1207928 nsol=16 0.02s 2026-07-22T17:04:04.307
ATTEMPT 8 W0 START 4x2 seed=1207929 2026-07-22T17:04:04.307
ATTEMPT 8 W0 SOLVE 4x2 2026-07-22T17:04:04.328
ATTEMPT 8 W0 DONE 4x2 seed=1207929 nsol=16 0.01s 2026-07-22T17:04:04.336
ATTEMPT 9 W0 START 4x2 seed=1207930 2026-07-22T17:04:04.336
ATTEMPT 9 W0 SOLVE 4x2 2026-07-22T17:04:04.345
ATTEMPT 9 W0 DONE 4x2 seed=1207930 nsol=16 0.02s 2026-07-22T17:04:04.362
ATTEMPT 10 W0 START 4x2 seed=1207931 2026-07-22T17:04:04.362
ATTEMPT 10 W0 SOLVE 4x2 2026-07-22T17:04:04.368
ATTEMPT 10 W0 DONE 4x2 seed=1207931 nsol=16 0.01s 2026-07-22T17:04:04.379
ATTEMPT 11 W0 START 4x2 seed=1207932 2026-07-22T17:04:04.379
ATTEMPT 11 W0 SOLVE 4x2 2026-07-22T17:04:04.385
ATTEMPT 11 W0 DONE 4x2 seed=1207932 nsol=16 0.01s 2026-07-22T17:04:04.395
ATTEMPT 12 W0 START 4x2 seed=1207933 2026-07-22T17:04:04.396
ATTEMPT 12 W0 SOLVE 4x2 2026-07-22T17:04:04.403
ATTEMPT 12 W0 DONE 4x2 seed=1207933 nsol=16 0.01s 2026-07-22T17:04:04.415
ATTEMPT 13 W0 START 4x2 seed=1207934 2026-07-22T17:04:04.415
ATTEMPT 13 W0 SOLVE 4x2 2026-07-22T17:04:04.422
ATTEMPT 13 W0 DONE 4x2 seed=1207934 nsol=16 0.02s 2026-07-22T17:04:04.439
ATTEMPT 14 W0 START 4x2 seed=1207935 2026-07-22T17:04:04.439
ATTEMPT 14 W0 SOLVE 4x2 2026-07-22T17:04:04.445
ATTEMPT 14 W0 DONE 4x2 seed=1207935 nsol=16 0.02s 2026-07-22T17:04:04.462
ATTEMPT 15 W0 START 4x2 seed=1207936 2026-07-22T17:04:04.463
ATTEMPT 15 W0 SOLVE 4x2 2026-07-22T17:04:04.469
ATTEMPT 15 W0 DONE 4x2 seed=1207936 nsol=16 0.01s 2026-07-22T17:04:04.480
ATTEMPT 16 W0 START 4x2 seed=1207937 2026-07-22T17:04:04.480
ATTEMPT 16 W0 SOLVE 4x2 2026-07-22T17:04:04.487
ATTEMPT 16 W0 DONE 4x2 seed=1207937 nsol=16 0.01s 2026-07-22T17:04:04.499
ATTEMPT 17 W0 START 4x2 seed=1207938 2026-07-22T17:04:04.499
ATTEMPT 17 W0 SOLVE 4x2 2026-07-22T17:04:04.506
ATTEMPT 17 W0 DONE 4x2 seed=1207938 nsol=16 0.01s 2026-07-22T17:04:04.514
ATTEMPT 18 W0 START 4x2 seed=1207939 2026-07-22T17:04:04.514
ATTEMPT 18 W0 SOLVE 4x2 2026-07-22T17:04:04.521
ATTEMPT 18 W0 DONE 4x2 seed=1207939 nsol=16 0.01s 2026-07-22T17:04:04.534
ATTEMPT 19 W0 START 4x2 seed=1207940 2026-07-22T17:04:04.534
ATTEMPT 19 W0 SOLVE 4x2 2026-07-22T17:04:04.540
ATTEMPT 19 W0 DONE 4x2 seed=1207940 nsol=16 0.01s 2026-07-22T17:04:04.547
ATTEMPT 20 W0 START 4x2 seed=1207941 2026-07-22T17:04:04.547
ATTEMPT 20 W0 SOLVE 4x2 2026-07-22T17:04:04.554
ATTEMPT 20 W0 DONE 4x2 seed=1207941 nsol=16 0.01s 2026-07-22T17:04:04.561
ATTEMPT 21 W0 START 4x2 seed=1207942 2026-07-22T17:04:04.561
ATTEMPT 21 W0 SOLVE 4x2 2026-07-22T17:04:04.568
ATTEMPT 21 W0 DONE 4x2 seed=1207942 nsol=16 0.01s 2026-07-22T17:04:04.581
ATTEMPT 22 W0 START 4x2 seed=1207943 2026-07-22T17:04:04.581
ATTEMPT 22 W0 SOLVE 4x2 2026-07-22T17:04:04.587
ATTEMPT 22 W0 DONE 4x2 seed=1207943 nsol=16 0.01s 2026-07-22T17:04:04.595
ATTEMPT 23 W0 START 4x2 seed=1207944 2026-07-22T17:04:04.596
ATTEMPT 23 W0 SOLVE 4x2 2026-07-22T17:04:04.605
ATTEMPT 23 W0 DONE 4x2 seed=1207944 nsol=16 0.02s 2026-07-22T17:04:04.623
ATTEMPT 24 W0 START 4x2 seed=1207945 2026-07-22T17:04:04.623
ATTEMPT 24 W0 SOLVE 4x2 2026-07-22T17:04:04.629
ATTEMPT 24 W0 DONE 4x2 seed=1207945 nsol=16 0.01s 2026-07-22T17:04:04.643
ATTEMPT 25 W0 START 4x2 seed=1207946 2026-07-22T17:04:04.643
ATTEMPT 25 W0 SOLVE 4x2 2026-07-22T17:04:04.649
ATTEMPT 25 W0 DONE 4x2 seed=1207946 nsol=16 0.01s 2026-07-22T17:04:04.659
ATTEMPT 26 W0 START 4x2 seed=1207947 2026-07-22T17:04:04.659
ATTEMPT 26 W0 SOLVE 4x2 2026-07-22T17:04:04.665
ATTEMPT 26 W0 DONE 4x2 seed=1207947 nsol=16 0.01s 2026-07-22T17:04:04.673
ATTEMPT 27 W0 START 4x2 seed=1207948 2026-07-22T17:04:04.674
ATTEMPT 27 W0 SOLVE 4x2 2026-07-22T17:04:04.679
ATTEMPT 27 W0 DONE 4x2 seed=1207948 nsol=16 0.01s 2026-07-22T17:04:04.691
ATTEMPT 28 W0 START 4x2 seed=1207949 2026-07-22T17:04:04.691
ATTEMPT 28 W0 SOLVE 4x2 2026-07-22T17:04:04.697
ATTEMPT 28 W0 DONE 4x2 seed=1207949 nsol=16 0.01s 2026-07-22T17:04:04.708
ATTEMPT 29 W0 START 4x2 seed=1207950 2026-07-22T17:04:04.709
ATTEMPT 29 W0 SOLVE 4x2 2026-07-22T17:04:04.715
ATTEMPT 29 W0 DONE 4x2 seed=1207950 nsol=16 0.00s 2026-07-22T17:04:04.719
ATTEMPT 30 W0 START 4x2 seed=1207951 2026-07-22T17:04:04.719
ATTEMPT 30 W0 SOLVE 4x2 2026-07-22T17:04:04.725
ATTEMPT 30 W0 DONE 4x2 seed=1207951 nsol=16 0.01s 2026-07-22T17:04:04.730
ATTEMPT 31 W0 START 4x2 seed=1207952 2026-07-22T17:04:04.731
ATTEMPT 31 W0 SOLVE 4x2 2026-07-22T17:04:04.740
ATTEMPT 31 W0 DONE 4x2 seed=1207952 nsol=16 0.01s 2026-07-22T17:04:04.751
ATTEMPT 32 W0 START 4x2 seed=1207953 2026-07-22T17:04:04.751
ATTEMPT 32 W0 SOLVE 4x2 2026-07-22T17:04:04.761
ATTEMPT 32 W0 DONE 4x2 seed=1207953 nsol=16 0.01s 2026-07-22T17:04:04.771
ATTEMPT 33 W0 START 4x2 seed=1207954 2026-07-22T17:04:04.771
ATTEMPT 33 W0 SOLVE 4x2 2026-07-22T17:04:04.777
ATTEMPT 33 W0 DONE 4x2 seed=1207954 nsol=16 0.01s 2026-07-22T17:04:04.787
ATTEMPT 34 W0 START 4x2 seed=1207955 2026-07-22T17:04:04.787
ATTEMPT 34 W0 SOLVE 4x2 2026-07-22T17:04:04.806
ATTEMPT 34 W0 DONE 4x2 seed=1207955 nsol=16 0.01s 2026-07-22T17:04:04.816
ATTEMPT 35 W0 START 4x2 seed=1207956 2026-07-22T17:04:04.816
ATTEMPT 35 W0 SOLVE 4x2 2026-07-22T17:04:04.827
ATTEMPT 35 W0 DONE 4x2 seed=1207956 nsol=16 0.02s 2026-07-22T17:04:04.843
ATTEMPT 36 W0 START 4x2 seed=1207957 2026-07-22T17:04:04.843
ATTEMPT 36 W0 SOLVE 4x2 2026-07-22T17:04:04.855
ATTEMPT 36 W0 DONE 4x2 seed=1207957 nsol=16 0.02s 2026-07-22T17:04:04.875
ATTEMPT 37 W0 START 4x2 seed=1207958 2026-07-22T17:04:04.875
ATTEMPT 37 W0 SOLVE 4x2 2026-07-22T17:04:04.886
ATTEMPT 37 W0 DONE 4x2 seed=1207958 nsol=16 0.01s 2026-07-22T17:04:04.899
ATTEMPT 38 W0 START 4x2 seed=1207959 2026-07-22T17:04:04.899
ATTEMPT 38 W0 SOLVE 4x2 2026-07-22T17:04:04.905
ATTEMPT 38 W0 DONE 4x2 seed=1207959 nsol=16 0.02s 2026-07-22T17:04:04.927
ATTEMPT 39 W0 START 4x2 seed=1207960 2026-07-22T17:04:04.927
ATTEMPT 39 W0 SOLVE 4x2 2026-07-22T17:04:04.934
ATTEMPT 39 W0 DONE 4x2 seed=1207960 nsol=16 0.02s 2026-07-22T17:04:04.954
ATTEMPT 40 W0 START 4x2 seed=1207961 2026-07-22T17:04:04.954
ATTEMPT 40 W0 SOLVE 4x2 2026-07-22T17:04:04.968
ATTEMPT 40 W0 DONE 4x2 seed=1207961 nsol=16 0.01s 2026-07-22T17:04:04.976
ATTEMPT 41 W0 START 4x2 seed=1207962 2026-07-22T17:04:04.976
ATTEMPT 41 W0 SOLVE 4x2 2026-07-22T17:04:04.988
ATTEMPT 41 W0 DONE 4x2 seed=1207962 nsol=16 0.01s 2026-07-22T17:04:05.002
ATTEMPT 42 W0 START 4x2 seed=1207963 2026-07-22T17:04:05.003
ATTEMPT 42 W0 SOLVE 4x2 2026-07-22T17:04:05.010
ATTEMPT 42 W0 DONE 4x2 seed=1207963 nsol=16 0.01s 2026-07-22T17:04:05.023
ATTEMPT 43 W0 START 4x2 seed=1207964 2026-07-22T17:04:05.023
ATTEMPT 43 W0 SOLVE 4x2 2026-07-22T17:04:05.031
ATTEMPT 43 W0 DONE 4x2 seed=1207964 nsol=16 0.01s 2026-07-22T17:04:05.038
ATTEMPT 44 W0 START 4x2 seed=1207965 2026-07-22T17:04:05.039
ATTEMPT 44 W0 SOLVE 4x2 2026-07-22T17:04:05.048
ATTEMPT 44 W0 DONE 4x2 seed=1207965 nsol=16 0.02s 2026-07-22T17:04:05.065
ATTEMPT 45 W0 START 4x2 seed=1207966 2026-07-22T17:04:05.066
ATTEMPT 45 W0 SOLVE 4x2 2026-07-22T17:04:05.073
ATTEMPT 45 W0 DONE 4x2 seed=1207966 nsol=16 0.01s 2026-07-22T17:04:05.085
ATTEMPT 46 W0 START 4x2 seed=1207967 2026-07-22T17:04:05.085
ATTEMPT 46 W0 SOLVE 4x2 2026-07-22T17:04:05.092
ATTEMPT 46 W0 DONE 4x2 seed=1207967 nsol=16 0.02s 2026-07-22T17:04:05.113
ATTEMPT 47 W0 START 4x2 seed=1207968 2026-07-22T17:04:05.114
ATTEMPT 47 W0 SOLVE 4x2 2026-07-22T17:04:05.119
ATTEMPT 47 W0 DONE 4x2 seed=1207968 nsol=16 0.01s 2026-07-22T17:04:05.131
ATTEMPT 48 W0 START 4x2 seed=1207969 2026-07-22T17:04:05.131
ATTEMPT 48 W0 SOLVE 4x2 2026-07-22T17:04:05.139
ATTEMPT 48 W0 DONE 4x2 seed=1207969 nsol=16 0.01s 2026-07-22T17:04:05.145
ATTEMPT 49 W0 START 4x2 seed=1207970 2026-07-22T17:04:05.145
ATTEMPT 49 W0 SOLVE 4x2 2026-07-22T17:04:05.154
ATTEMPT 49 W0 DONE 4x2 seed=1207970 nsol=16 0.02s 2026-07-22T17:04:05.174
ATTEMPT 50 W0 START 4x2 seed=1207971 2026-07-22T17:04:05.175
ATTEMPT 50 W0 SOLVE 4x2 2026-07-22T17:04:05.181
ATTEMPT 50 W0 DONE 4x2 seed=1207971 nsol=16 0.01s 2026-07-22T17:04:05.195
ATTEMPT 51 W0 START 4x2 seed=1207972 2026-07-22T17:04:05.195
ATTEMPT 51 W0 SOLVE 4x2 2026-07-22T17:04:05.201
ATTEMPT 51 W0 DONE 4x2 seed=1207972 nsol=16 0.01s 2026-07-22T17:04:05.213
ATTEMPT 52 W0 START 4x2 seed=1207973 2026-07-22T17:04:05.214
ATTEMPT 52 W0 SOLVE 4x2 2026-07-22T17:04:05.220
ATTEMPT 52 W0 DONE 4x2 seed=1207973 nsol=16 0.01s 2026-07-22T17:04:05.227
ATTEMPT 53 W0 START 4x2 seed=1207974 2026-07-22T17:04:05.227
ATTEMPT 53 W0 SOLVE 4x2 2026-07-22T17:04:05.243
ATTEMPT 53 W0 DONE 4x2 seed=1207974 nsol=16 0.01s 2026-07-22T17:04:05.252
ATTEMPT 54 W0 START 4x2 seed=1207975 2026-07-22T17:04:05.365
ATTEMPT 54 W0 SOLVE 4x2 2026-07-22T17:04:05.377
ATTEMPT 54 W0 DONE 4x2 seed=1207975 nsol=16 0.02s 2026-07-22T17:04:05.397
ATTEMPT 55 W0 START 4x2 seed=1207976 2026-07-22T17:04:05.397
ATTEMPT 55 W0 SOLVE 4x2 2026-07-22T17:04:05.408
ATTEMPT 55 W0 DONE 4x2 seed=1207976 nsol=16 0.02s 2026-07-22T17:04:05.427
ATTEMPT 56 W0 START 4x2 seed=1207977 2026-07-22T17:04:05.427
ATTEMPT 56 W0 SOLVE 4x2 2026-07-22T17:04:05.439
ATTEMPT 56 W0 DONE 4x2 seed=1207977 nsol=16 0.01s 2026-07-22T17:04:05.450
ATTEMPT 57 W0 START 4x2 seed=1207978 2026-07-22T17:04:05.450
ATTEMPT 57 W0 SOLVE 4x2 2026-07-22T17:04:05.461
ATTEMPT 57 W0 DONE 4x2 seed=1207978 nsol=16 0.03s 2026-07-22T17:04:05.491
ATTEMPT 58 W0 START 4x2 seed=1207979 2026-07-22T17:04:05.491
ATTEMPT 58 W0 SOLVE 4x2 2026-07-22T17:04:05.501
ATTEMPT 58 W0 DONE 4x2 seed=1207979 nsol=16 0.01s 2026-07-22T17:04:05.510
ATTEMPT 59 W0 START 4x2 seed=1207980 2026-07-22T17:04:05.510
ATTEMPT 59 W0 SOLVE 4x2 2026-07-22T17:04:05.520
ATTEMPT 59 W0 DONE 4x2 seed=1207980 nsol=16 0.01s 2026-07-22T17:04:05.532
ATTEMPT 60 W0 START 4x2 seed=1207981 2026-07-22T17:04:05.532
ATTEMPT 60 W0 SOLVE 4x2 2026-07-22T17:04:05.542
ATTEMPT 60 W0 DONE 4x2 seed=1207981 nsol=16 0.01s 2026-07-22T17:04:05.552
ATTEMPT 61 W0 START 4x2 seed=1207982 2026-07-22T17:04:05.552
ATTEMPT 61 W0 SOLVE 4x2 2026-07-22T17:04:05.558
ATTEMPT 61 W0 DONE 4x2 seed=1207982 nsol=16 0.01s 2026-07-22T17:04:05.568
ATTEMPT 62 W0 START 4x2 seed=1207983 2026-07-22T17:04:05.568
ATTEMPT 62 W0 SOLVE 4x2 2026-07-22T17:04:05.578
ATTEMPT 62 W0 DONE 4x2 seed=1207983 nsol=16 0.01s 2026-07-22T17:04:05.591
ATTEMPT 63 W0 START 4x2 seed=1207984 2026-07-22T17:04:05.592
ATTEMPT 63 W0 SOLVE 4x2 2026-07-22T17:04:05.604
ATTEMPT 63 W0 DONE 4x2 seed=1207984 nsol=16 0.02s 2026-07-22T17:04:05.621
ATTEMPT 64 W0 START 4x2 seed=1207985 2026-07-22T17:04:05.621
ATTEMPT 64 W0 SOLVE 4x2 2026-07-22T17:04:05.638
ATTEMPT 64 W0 DONE 4x2 seed=1207985 nsol=16 0.03s 2026-07-22T17:04:05.671
ATTEMPT 65 W0 START 4x2 seed=1207986 2026-07-22T17:04:05.671
ATTEMPT 65 W0 SOLVE 4x2 2026-07-22T17:04:05.681
ATTEMPT 65 W0 DONE 4x2 seed=1207986 nsol=16 0.01s 2026-07-22T17:04:05.693
ATTEMPT 66 W0 START 4x2 seed=1207987 2026-07-22T17:04:05.693
ATTEMPT 66 W0 SOLVE 4x2 2026-07-22T17:04:05.708
ATTEMPT 66 W0 DONE 4x2 seed=1207987 nsol=16 0.01s 2026-07-22T17:04:05.719
ATTEMPT 67 W0 START 4x2 seed=1207988 2026-07-22T17:04:05.719
ATTEMPT 67 W0 SOLVE 4x2 2026-07-22T17:04:05.726
ATTEMPT 67 W0 DONE 4x2 seed=1207988 nsol=16 0.01s 2026-07-22T17:04:05.739
ATTEMPT 68 W0 START 4x2 seed=1207989 2026-07-22T17:04:05.739
ATTEMPT 68 W0 SOLVE 4x2 2026-07-22T17:04:05.752
ATTEMPT 68 W0 DONE 4x2 seed=1207989 nsol=16 0.03s 2026-07-22T17:04:05.778
ATTEMPT 69 W0 START 4x2 seed=1207990 2026-07-22T17:04:05.778
ATTEMPT 69 W0 SOLVE 4x2 2026-07-22T17:04:05.786
ATTEMPT 69 W0 DONE 4x2 seed=1207990 nsol=16 0.02s 2026-07-22T17:04:05.804
ATTEMPT 70 W0 START 4x2 seed=1207991 2026-07-22T17:04:05.805
ATTEMPT 70 W0 SOLVE 4x2 2026-07-22T17:04:05.811
ATTEMPT 70 W0 DONE 4x2 seed=1207991 nsol=16 0.01s 2026-07-22T17:04:05.819
ATTEMPT 71 W0 START 4x2 seed=1207992 2026-07-22T17:04:05.819
ATTEMPT 71 W0 SOLVE 4x2 2026-07-22T17:04:05.824
ATTEMPT 71 W0 DONE 4x2 seed=1207992 nsol=16 0.01s 2026-07-22T17:04:05.835
ATTEMPT 72 W0 START 4x2 seed=1207993 2026-07-22T17:04:05.835
ATTEMPT 72 W0 SOLVE 4x2 2026-07-22T17:04:05.844
ATTEMPT 72 W0 DONE 4x2 seed=1207993 nsol=16 0.02s 2026-07-22T17:04:05.859
ATTEMPT 73 W0 START 4x2 seed=1207994 2026-07-22T17:04:05.859
ATTEMPT 73 W0 SOLVE 4x2 2026-07-22T17:04:05.865
ATTEMPT 73 W0 DONE 4x2 seed=1207994 nsol=16 0.02s 2026-07-22T17:04:05.883
ATTEMPT 74 W0 START 4x2 seed=1207995 2026-07-22T17:04:05.883
ATTEMPT 74 W0 SOLVE 4x2 2026-07-22T17:04:05.889
ATTEMPT 74 W0 DONE 4x2 seed=1207995 nsol=16 0.01s 2026-07-22T17:04:05.900
ATTEMPT 75 W0 START 4x2 seed=1207996 2026-07-22T17:04:05.901
ATTEMPT 75 W0 SOLVE 4x2 2026-07-22T17:04:05.906
ATTEMPT 75 W0 DONE 4x2 seed=1207996 nsol=16 0.01s 2026-07-22T17:04:05.915
ATTEMPT 76 W0 START 4x2 seed=1207997 2026-07-22T17:04:05.915
ATTEMPT 76 W0 SOLVE 4x2 2026-07-22T17:04:05.921
ATTEMPT 76 W0 DONE 4x2 seed=1207997 nsol=16 0.01s 2026-07-22T17:04:05.935
ATTEMPT 77 W0 START 4x2 seed=1207998 2026-07-22T17:04:05.935
ATTEMPT 77 W0 SOLVE 4x2 2026-07-22T17:04:05.941
ATTEMPT 77 W0 DONE 4x2 seed=1207998 nsol=16 0.02s 2026-07-22T17:04:05.959
ATTEMPT 78 W0 START 4x2 seed=1207999 2026-07-22T17:04:05.959
ATTEMPT 78 W0 SOLVE 4x2 2026-07-22T17:04:05.971
ATTEMPT 78 W0 DONE 4x2 seed=1207999 nsol=16 0.01s 2026-07-22T17:04:05.987
ATTEMPT 79 W0 START 4x2 seed=1208000 2026-07-22T17:04:05.987
ATTEMPT 79 W0 SOLVE 4x2 2026-07-22T17:04:05.993
ATTEMPT 79 W0 DONE 4x2 seed=1208000 nsol=16 0.01s 2026-07-22T17:04:06.009
ATTEMPT 80 W0 START 4x2 seed=1208001 2026-07-22T17:04:06.010
ATTEMPT 80 W0 SOLVE 4x2 2026-07-22T17:04:06.019
ATTEMPT 80 W0 DONE 4x2 seed=1208001 nsol=16 0.01s 2026-07-22T17:04:06.034
ATTEMPT 81 W0 START 4x2 seed=1208002 2026-07-22T17:04:06.034
ATTEMPT 81 W0 SOLVE 4x2 2026-07-22T17:04:06.040
ATTEMPT 81 W0 DONE 4x2 seed=1208002 nsol=16 0.01s 2026-07-22T17:04:06.047
ATTEMPT 82 W0 START 4x2 seed=1208003 2026-07-22T17:04:06.048
ATTEMPT 82 W0 SOLVE 4x2 2026-07-22T17:04:06.054
ATTEMPT 82 W0 DONE 4x2 seed=1208003 nsol=16 0.01s 2026-07-22T17:04:06.063
ATTEMPT 83 W0 START 4x2 seed=1208004 2026-07-22T17:04:06.063
ATTEMPT 83 W0 SOLVE 4x2 2026-07-22T17:04:06.068
ATTEMPT 83 W0 DONE 4x2 seed=1208004 nsol=16 0.00s 2026-07-22T17:04:06.072
ATTEMPT 84 W0 START 4x2 seed=1208005 2026-07-22T17:04:06.072
ATTEMPT 84 W0 SOLVE 4x2 2026-07-22T17:04:06.078
ATTEMPT 84 W0 DONE 4x2 seed=1208005 nsol=16 0.01s 2026-07-22T17:04:06.091
ATTEMPT 85 W0 START 4x2 seed=1208006 2026-07-22T17:04:06.091
ATTEMPT 85 W0 SOLVE 4x2 2026-07-22T17:04:06.097
ATTEMPT 85 W0 DONE 4x2 seed=1208006 nsol=16 0.01s 2026-07-22T17:04:06.107
ATTEMPT 86 W0 START 4x2 seed=1208007 2026-07-22T17:04:06.107
ATTEMPT 86 W0 SOLVE 4x2 2026-07-22T17:04:06.115
ATTEMPT 86 W0 DONE 4x2 seed=1208007 nsol=16 0.02s 2026-07-22T17:04:06.131
ATTEMPT 87 W0 START 4x2 seed=1208008 2026-07-22T17:04:06.131
ATTEMPT 87 W0 SOLVE 4x2 2026-07-22T17:04:06.137
ATTEMPT 87 W0 DONE 4x2 seed=1208008 nsol=16 0.01s 2026-07-22T17:04:06.149
ATTEMPT 88 W0 START 4x2 seed=1208009 2026-07-22T17:04:06.149
ATTEMPT 88 W0 SOLVE 4x2 2026-07-22T17:04:06.154
ATTEMPT 88 W0 DONE 4x2 seed=1208009 nsol=16 0.01s 2026-07-22T17:04:06.161
ATTEMPT 89 W0 START 4x2 seed=1208010 2026-07-22T17:04:06.162
ATTEMPT 89 W0 SOLVE 4x2 2026-07-22T17:04:06.168
ATTEMPT 89 W0 DONE 4x2 seed=1208010 nsol=16 0.02s 2026-07-22T17:04:06.191
ATTEMPT 90 W0 START 4x2 seed=1208011 2026-07-22T17:04:06.191
ATTEMPT 90 W0 SOLVE 4x2 2026-07-22T17:04:06.197
ATTEMPT 90 W0 DONE 4x2 seed=1208011 nsol=16 0.02s 2026-07-22T17:04:06.215
ATTEMPT 91 W0 START 4x2 seed=1208012 2026-07-22T17:04:06.215
ATTEMPT 91 W0 SOLVE 4x2 2026-07-22T17:04:06.221
ATTEMPT 91 W0 DONE 4x2 seed=1208012 nsol=16 0.01s 2026-07-22T17:04:06.232
ATTEMPT 92 W0 START 4x2 seed=1208013 2026-07-22T17:04:06.233
ATTEMPT 92 W0 SOLVE 4x2 2026-07-22T17:04:06.240
ATTEMPT 92 W0 DONE 4x2 seed=1208013 nsol=16 0.02s 2026-07-22T17:04:06.255
ATTEMPT 93 W0 START 4x2 seed=1208014 2026-07-22T17:04:06.255
ATTEMPT 93 W0 SOLVE 4x2 2026-07-22T17:04:06.261
ATTEMPT 93 W0 DONE 4x2 seed=1208014 nsol=16 0.01s 2026-07-22T17:04:06.269
ATTEMPT 94 W0 START 4x2 seed=1208015 2026-07-22T17:04:06.270
ATTEMPT 94 W0 SOLVE 4x2 2026-07-22T17:04:06.276
ATTEMPT 94 W0 DONE 4x2 seed=1208015 nsol=16 0.01s 2026-07-22T17:04:06.283
ATTEMPT 95 W0 START 4x2 seed=1208016 2026-07-22T17:04:06.283
ATTEMPT 95 W0 SOLVE 4x2 2026-07-22T17:04:06.290
ATTEMPT 95 W0 DONE 4x2 seed=1208016 nsol=16 0.02s 2026-07-22T17:04:06.307
ATTEMPT 96 W0 START 4x2 seed=1208017 2026-07-22T17:04:06.307
ATTEMPT 96 W0 SOLVE 4x2 2026-07-22T17:04:06.314
ATTEMPT 96 W0 DONE 4x2 seed=1208017 nsol=16 0.01s 2026-07-22T17:04:06.327
ATTEMPT 97 W0 START 4x2 seed=1208018 2026-07-22T17:04:06.327
ATTEMPT 97 W0 SOLVE 4x2 2026-07-22T17:04:06.337
ATTEMPT 97 W0 DONE 4x2 seed=1208018 nsol=16 0.01s 2026-07-22T17:04:06.347
ATTEMPT 98 W0 START 4x2 seed=1208019 2026-07-22T17:04:06.348
ATTEMPT 98 W0 SOLVE 4x2 2026-07-22T17:04:06.357
ATTEMPT 98 W0 DONE 4x2 seed=1208019 nsol=16 0.01s 2026-07-22T17:04:06.365
ATTEMPT 99 W0 START 4x2 seed=1208020 2026-07-22T17:04:06.365
ATTEMPT 99 W0 SOLVE 4x2 2026-07-22T17:04:06.378
ATTEMPT 99 W0 DONE 4x2 seed=1208020 nsol=16 0.01s 2026-07-22T17:04:06.395
ATTEMPT 100 W0 START 4x2 seed=1208021 2026-07-22T17:04:06.395
ATTEMPT 100 W0 SOLVE 4x2 2026-07-22T17:04:06.406
ATTEMPT 100 W0 DONE 4x2 seed=1208021 nsol=16 0.02s 2026-07-22T17:04:06.427
ATTEMPT 101 W0 START 4x2 seed=1208022 2026-07-22T17:04:06.427
ATTEMPT 101 W0 SOLVE 4x2 2026-07-22T17:04:06.440
ATTEMPT 101 W0 DONE 4x2 seed=1208022 nsol=16 0.02s 2026-07-22T17:04:06.456
ATTEMPT 102 W0 START 4x2 seed=1208023 2026-07-22T17:04:06.456
ATTEMPT 102 W0 SOLVE 4x2 2026-07-22T17:04:06.464
ATTEMPT 102 W0 DONE 4x2 seed=1208023 nsol=16 0.02s 2026-07-22T17:04:06.483
ATTEMPT 103 W0 START 4x2 seed=1208024 2026-07-22T17:04:06.483
ATTEMPT 103 W0 SOLVE 4x2 2026-07-22T17:04:06.491
ATTEMPT 103 W0 DONE 4x2 seed=1208024 nsol=16 0.01s 2026-07-22T17:04:06.503
ATTEMPT 104 W0 START 4x2 seed=1208025 2026-07-22T17:04:06.503
ATTEMPT 104 W0 SOLVE 4x2 2026-07-22T17:04:06.514
ATTEMPT 104 W0 DONE 4x2 seed=1208025 nsol=16 0.01s 2026-07-22T17:04:06.524
ATTEMPT 105 W0 START 4x2 seed=1208026 2026-07-22T17:04:06.524
ATTEMPT 105 W0 SOLVE 4x2 2026-07-22T17:04:06.534
ATTEMPT 105 W0 DONE 4x2 seed=1208026 nsol=16 0.00s 2026-07-22T17:04:06.543
ATTEMPT 106 W0 START 4x2 seed=1208027 2026-07-22T17:04:06.543
ATTEMPT 106 W0 SOLVE 4x2 2026-07-22T17:04:06.553
ATTEMPT 106 W0 DONE 4x2 seed=1208027 nsol=16 0.01s 2026-07-22T17:04:06.564
ATTEMPT 107 W0 START 4x2 seed=1208028 2026-07-22T17:04:06.564
ATTEMPT 107 W0 SOLVE 4x2 2026-07-22T17:04:06.580
ATTEMPT 107 W0 DONE 4x2 seed=1208028 nsol=16 0.01s 2026-07-22T17:04:06.595
ATTEMPT 108 W0 START 4x2 seed=1208029 2026-07-22T17:04:06.595
ATTEMPT 108 W0 SOLVE 4x2 2026-07-22T17:04:06.609
ATTEMPT 108 W0 DONE 4x2 seed=1208029 nsol=16 0.02s 2026-07-22T17:04:06.630
ATTEMPT 109 W0 START 4x2 seed=1208030 2026-07-22T17:04:06.635
ATTEMPT 109 W0 SOLVE 4x2 2026-07-22T17:04:06.642
ATTEMPT 109 W0 DONE 4x2 seed=1208030 nsol=16 0.02s 2026-07-22T17:04:06.663
ATTEMPT 110 W0 START 4x2 seed=1208031 2026-07-22T17:04:06.663
ATTEMPT 110 W0 SOLVE 4x2 2026-07-22T17:04:06.670
ATTEMPT 110 W0 DONE 4x2 seed=1208031 nsol=16 0.02s 2026-07-22T17:04:06.691
ATTEMPT 111 W0 START 4x2 seed=1208032 2026-07-22T17:04:06.691
ATTEMPT 111 W0 SOLVE 4x2 2026-07-22T17:04:06.707
ATTEMPT 111 W0 DONE 4x2 seed=1208032 nsol=16 0.01s 2026-07-22T17:04:06.715
ATTEMPT 112 W0 START 4x2 seed=1208033 2026-07-22T17:04:06.715
ATTEMPT 112 W0 SOLVE 4x2 2026-07-22T17:04:06.727
ATTEMPT 112 W0 DONE 4x2 seed=1208033 nsol=16 0.03s 2026-07-22T17:04:06.755
ATTEMPT 113 W0 START 4x2 seed=1208034 2026-07-22T17:04:06.755
ATTEMPT 113 W0 SOLVE 4x2 2026-07-22T17:04:06.762
ATTEMPT 113 W0 DONE 4x2 seed=1208034 nsol=16 0.02s 2026-07-22T17:04:06.779
ATTEMPT 114 W0 START 4x2 seed=1208035 2026-07-22T17:04:06.779
ATTEMPT 114 W0 SOLVE 4x2 2026-07-22T17:04:06.785
ATTEMPT 114 W0 DONE 4x2 seed=1208035 nsol=16 0.01s 2026-07-22T17:04:06.791
ATTEMPT 115 W0 START 4x2 seed=1208036 2026-07-22T17:04:06.791
ATTEMPT 115 W0 SOLVE 4x2 2026-07-22T17:04:06.797
ATTEMPT 115 W0 DONE 4x2 seed=1208036 nsol=16 0.01s 2026-07-22T17:04:06.806
ATTEMPT 116 W0 START 4x2 seed=1208037 2026-07-22T17:04:06.806
ATTEMPT 116 W0 SOLVE 4x2 2026-07-22T17:04:06.816
ATTEMPT 116 W0 DONE 4x2 seed=1208037 nsol=16 0.01s 2026-07-22T17:04:06.825
ATTEMPT 117 W0 START 4x2 seed=1208038 2026-07-22T17:04:06.825
ATTEMPT 117 W0 SOLVE 4x2 2026-07-22T17:04:06.839
ATTEMPT 117 W0 DONE 4x2 seed=1208038 nsol=16 0.02s 2026-07-22T17:04:06.855
ATTEMPT 118 W0 START 4x2 seed=1208039 2026-07-22T17:04:06.855
ATTEMPT 118 W0 SOLVE 4x2 2026-07-22T17:04:06.865
ATTEMPT 118 W0 DONE 4x2 seed=1208039 nsol=16 0.01s 2026-07-22T17:04:06.876
ATTEMPT 119 W0 START 4x2 seed=1208040 2026-07-22T17:04:06.876
ATTEMPT 119 W0 SOLVE 4x2 2026-07-22T17:04:06.885
ATTEMPT 119 W0 DONE 4x2 seed=1208040 nsol=16 0.01s 2026-07-22T17:04:06.893
ATTEMPT 120 W0 START 4x2 seed=1208041 2026-07-22T17:04:06.893
ATTEMPT 120 W0 SOLVE 4x2 2026-07-22T17:04:06.904
ATTEMPT 120 W0 DONE 4x2 seed=1208041 nsol=16 0.01s 2026-07-22T17:04:06.911
ATTEMPT 121 W0 START 4x2 seed=1208042 2026-07-22T17:04:06.911
ATTEMPT 121 W0 SOLVE 4x2 2026-07-22T17:04:06.921
ATTEMPT 121 W0 DONE 4x2 seed=1208042 nsol=16 0.01s 2026-07-22T17:04:06.930
ATTEMPT 122 W0 START 4x2 seed=1208043 2026-07-22T17:04:06.930
ATTEMPT 122 W0 SOLVE 4x2 2026-07-22T17:04:06.944
ATTEMPT 122 W0 DONE 4x2 seed=1208043 nsol=16 0.00s 2026-07-22T17:04:06.956
ATTEMPT 123 W0 START 4x2 seed=1208044 2026-07-22T17:04:06.956
ATTEMPT 123 W0 SOLVE 4x2 2026-07-22T17:04:06.971
ATTEMPT 123 W0 DONE 4x2 seed=1208044 nsol=16 0.01s 2026-07-22T17:04:06.980
ATTEMPT 124 W0 START 4x2 seed=1208045 2026-07-22T17:04:06.981
ATTEMPT 124 W0 SOLVE 4x2 2026-07-22T17:04:06.986
ATTEMPT 124 W0 DONE 4x2 seed=1208045 nsol=16 0.00s 2026-07-22T17:04:06.991
ATTEMPT 125 W0 START 4x2 seed=1208046 2026-07-22T17:04:06.991
ATTEMPT 125 W0 SOLVE 4x2 2026-07-22T17:04:06.996
ATTEMPT 125 W0 DONE 4x2 seed=1208046 nsol=16 0.01s 2026-07-22T17:04:07.003
ATTEMPT 126 W0 START 4x2 seed=1208047 2026-07-22T17:04:07.003
ATTEMPT 126 W0 SOLVE 4x2 2026-07-22T17:04:07.013
ATTEMPT 126 W0 DONE 4x2 seed=1208047 nsol=16 0.01s 2026-07-22T17:04:07.027
ATTEMPT 127 W0 START 4x2 seed=1208048 2026-07-22T17:04:07.027
ATTEMPT 127 W0 SOLVE 4x2 2026-07-22T17:04:07.033
ATTEMPT 127 W0 DONE 4x2 seed=1208048 nsol=16 0.00s 2026-07-22T17:04:07.042
ATTEMPT 128 W0 START 4x2 seed=1208049 2026-07-22T17:04:07.042
ATTEMPT 128 W0 SOLVE 4x2 2026-07-22T17:04:07.053
ATTEMPT 128 W0 DONE 4x2 seed=1208049 nsol=16 0.01s 2026-07-22T17:04:07.065
ATTEMPT 129 W0 START 4x2 seed=1208050 2026-07-22T17:04:07.065
ATTEMPT 129 W0 SOLVE 4x2 2026-07-22T17:04:07.073
ATTEMPT 129 W0 DONE 4x2 seed=1208050 nsol=16 0.01s 2026-07-22T17:04:07.083
ATTEMPT 130 W0 START 4x2 seed=1208051 2026-07-22T17:04:07.083
ATTEMPT 130 W0 SOLVE 4x2 2026-07-22T17:04:07.089
ATTEMPT 130 W0 DONE 4x2 seed=1208051 nsol=16 0.00s 2026-07-22T17:04:07.098
ATTEMPT 131 W0 START 4x2 seed=1208052 2026-07-22T17:04:07.098
ATTEMPT 131 W0 SOLVE 4x2 2026-07-22T17:04:07.104
ATTEMPT 131 W0 DONE 4x2 seed=1208052 nsol=16 0.01s 2026-07-22T17:04:07.115
ATTEMPT 132 W0 START 4x2 seed=1208053 2026-07-22T17:04:07.115
ATTEMPT 132 W0 SOLVE 4x2 2026-07-22T17:04:07.121
ATTEMPT 132 W0 DONE 4x2 seed=1208053 nsol=16 0.01s 2026-07-22T17:04:07.132
ATTEMPT 133 W0 START 4x2 seed=1208054 2026-07-22T17:04:07.133
ATTEMPT 133 W0 SOLVE 4x2 2026-07-22T17:04:07.140
ATTEMPT 133 W0 DONE 4x2 seed=1208054 nsol=16 0.00s 2026-07-22T17:04:07.145
ATTEMPT 134 W0 START 4x2 seed=1208055 2026-07-22T17:04:07.145
ATTEMPT 134 W0 SOLVE 4x2 2026-07-22T17:04:07.151
ATTEMPT 134 W0 DONE 4x2 seed=1208055 nsol=16 0.01s 2026-07-22T17:04:07.159
ATTEMPT 135 W0 START 4x2 seed=1208056 2026-07-22T17:04:07.159
ATTEMPT 135 W0 SOLVE 4x2 2026-07-22T17:04:07.165
ATTEMPT 135 W0 DONE 4x2 seed=1208056 nsol=16 0.01s 2026-07-22T17:04:07.170
ATTEMPT 136 W0 START 4x2 seed=1208057 2026-07-22T17:04:07.170
ATTEMPT 136 W0 SOLVE 4x2 2026-07-22T17:04:07.177
ATTEMPT 136 W0 DONE 4x2 seed=1208057 nsol=16 0.01s 2026-07-22T17:04:07.187
ATTEMPT 137 W0 START 4x2 seed=1208058 2026-07-22T17:04:07.187
ATTEMPT 137 W0 SOLVE 4x2 2026-07-22T17:04:07.317
ATTEMPT 137 W0 DONE 4x2 seed=1208058 nsol=16 0.01s 2026-07-22T17:04:07.327
ATTEMPT 138 W0 START 4x2 seed=1208059 2026-07-22T17:04:07.327
ATTEMPT 138 W0 SOLVE 4x2 2026-07-22T17:04:07.333
ATTEMPT 138 W0 DONE 4x2 seed=1208059 nsol=16 0.01s 2026-07-22T17:04:07.347
ATTEMPT 139 W0 START 4x2 seed=1208060 2026-07-22T17:04:07.347
ATTEMPT 139 W0 SOLVE 4x2 2026-07-22T17:04:07.353
ATTEMPT 139 W0 DONE 4x2 seed=1208060 nsol=16 0.00s 2026-07-22T17:04:07.357
ATTEMPT 140 W0 START 4x2 seed=1208061 2026-07-22T17:04:07.357
ATTEMPT 140 W0 SOLVE 4x2 2026-07-22T17:04:07.362
ATTEMPT 140 W0 DONE 4x2 seed=1208061 nsol=16 0.01s 2026-07-22T17:04:07.373
ATTEMPT 141 W0 START 4x2 seed=1208062 2026-07-22T17:04:07.374
ATTEMPT 141 W0 SOLVE 4x2 2026-07-22T17:04:07.379
ATTEMPT 141 W0 DONE 4x2 seed=1208062 nsol=16 0.01s 2026-07-22T17:04:07.385
ATTEMPT 142 W0 START 4x2 seed=1208063 2026-07-22T17:04:07.386
ATTEMPT 142 W0 SOLVE 4x2 2026-07-22T17:04:07.391
ATTEMPT 142 W0 DONE 4x2 seed=1208063 nsol=16 0.01s 2026-07-22T17:04:07.403
ATTEMPT 143 W0 START 4x2 seed=1208064 2026-07-22T17:04:07.403
ATTEMPT 143 W0 SOLVE 4x2 2026-07-22T17:04:07.409
ATTEMPT 143 W0 DONE 4x2 seed=1208064 nsol=16 0.01s 2026-07-22T17:04:07.415
ATTEMPT 144 W0 START 4x2 seed=1208065 2026-07-22T17:04:07.415
ATTEMPT 144 W0 SOLVE 4x2 2026-07-22T17:04:07.422
ATTEMPT 144 W0 DONE 4x2 seed=1208065 nsol=16 0.01s 2026-07-22T17:04:07.435
ATTEMPT 145 W0 START 4x2 seed=1208066 2026-07-22T17:04:07.435
ATTEMPT 145 W0 SOLVE 4x2 2026-07-22T17:04:07.441
ATTEMPT 145 W0 DONE 4x2 seed=1208066 nsol=16 0.01s 2026-07-22T17:04:07.451
ATTEMPT 146 W0 START 4x2 seed=1208067 2026-07-22T17:04:07.451
ATTEMPT 146 W0 SOLVE 4x2 2026-07-22T17:04:07.457
ATTEMPT 146 W0 DONE 4x2 seed=1208067 nsol=16 0.01s 2026-07-22T17:04:07.471
ATTEMPT 147 W0 START 4x2 seed=1208068 2026-07-22T17:04:07.471
ATTEMPT 147 W0 SOLVE 4x2 2026-07-22T17:04:07.477
ATTEMPT 147 W0 DONE 4x2 seed=1208068 nsol=16 0.01s 2026-07-22T17:04:07.486
ATTEMPT 148 W0 START 4x2 seed=1208069 2026-07-22T17:04:07.486
ATTEMPT 148 W0 SOLVE 4x2 2026-07-22T17:04:07.492
ATTEMPT 148 W0 DONE 4x2 seed=1208069 nsol=16 0.01s 2026-07-22T17:04:07.503
ATTEMPT 149 W0 START 4x2 seed=1208070 2026-07-22T17:04:07.503
ATTEMPT 149 W0 SOLVE 4x2 2026-07-22T17:04:07.511
ATTEMPT 149 W0 DONE 4x2 seed=1208070 nsol=16 0.02s 2026-07-22T17:04:07.527
ATTEMPT 150 W0 START 4x2 seed=1208071 2026-07-22T17:04:07.527
ATTEMPT 150 W0 SOLVE 4x2 2026-07-22T17:04:07.534
ATTEMPT 150 W0 DONE 4x2 seed=1208071 nsol=16 0.01s 2026-07-22T17:04:07.549
ATTEMPT 151 W0 START 4x2 seed=1208072 2026-07-22T17:04:07.549
ATTEMPT 151 W0 SOLVE 4x2 2026-07-22T17:04:07.558
ATTEMPT 151 W0 DONE 4x2 seed=1208072 nsol=16 0.02s 2026-07-22T17:04:07.575
ATTEMPT 152 W0 START 4x2 seed=1208073 2026-07-22T17:04:07.575
ATTEMPT 152 W0 SOLVE 4x2 2026-07-22T17:04:07.580
ATTEMPT 152 W0 DONE 4x2 seed=1208073 nsol=16 0.01s 2026-07-22T17:04:07.586
ATTEMPT 153 W0 START 4x2 seed=1208074 2026-07-22T17:04:07.587
ATTEMPT 153 W0 SOLVE 4x2 2026-07-22T17:04:07.592
ATTEMPT 153 W0 DONE 4x2 seed=1208074 nsol=16 0.01s 2026-07-22T17:04:07.600
ATTEMPT 154 W0 START 4x2 seed=1208075 2026-07-22T17:04:07.600
ATTEMPT 154 W0 SOLVE 4x2 2026-07-22T17:04:07.606
ATTEMPT 154 W0 DONE 4x2 seed=1208075 nsol=16 0.02s 2026-07-22T17:04:07.626
ATTEMPT 155 W0 START 4x2 seed=1208076 2026-07-22T17:04:07.626
ATTEMPT 155 W0 SOLVE 4x2 2026-07-22T17:04:07.632
ATTEMPT 155 W0 DONE 4x2 seed=1208076 nsol=16 0.00s 2026-07-22T17:04:07.637
ATTEMPT 156 W0 START 4x2 seed=1208077 2026-07-22T17:04:07.637
ATTEMPT 156 W0 SOLVE 4x2 2026-07-22T17:04:07.646
ATTEMPT 156 W0 DONE 4x2 seed=1208077 nsol=16 0.02s 2026-07-22T17:04:07.663
ATTEMPT 157 W0 START 4x2 seed=1208078 2026-07-22T17:04:07.663
ATTEMPT 157 W0 SOLVE 4x2 2026-07-22T17:04:07.672
ATTEMPT 157 W0 DONE 4x2 seed=1208078 nsol=16 0.02s 2026-07-22T17:04:07.695
ATTEMPT 158 W0 START 4x2 seed=1208079 2026-07-22T17:04:07.695
ATTEMPT 158 W0 SOLVE 4x2 2026-07-22T17:04:07.703
ATTEMPT 158 W0 DONE 4x2 seed=1208079 nsol=16 0.02s 2026-07-22T17:04:07.719
ATTEMPT 159 W0 START 4x2 seed=1208080 2026-07-22T17:04:07.719
ATTEMPT 159 W0 SOLVE 4x2 2026-07-22T17:04:07.725
ATTEMPT 159 W0 DONE 4x2 seed=1208080 nsol=16 0.02s 2026-07-22T17:04:07.743
ATTEMPT 160 W0 START 4x2 seed=1208081 2026-07-22T17:04:07.743
ATTEMPT 160 W0 SOLVE 4x2 2026-07-22T17:04:07.749
ATTEMPT 160 W0 DONE 4x2 seed=1208081 nsol=16 0.01s 2026-07-22T17:04:07.759
ATTEMPT 161 W0 START 4x2 seed=1208082 2026-07-22T17:04:07.759
ATTEMPT 161 W0 SOLVE 4x2 2026-07-22T17:04:07.765
ATTEMPT 161 W0 DONE 4x2 seed=1208082 nsol=16 0.01s 2026-07-22T17:04:07.772
ATTEMPT 162 W0 START 4x2 seed=1208083 2026-07-22T17:04:07.772
ATTEMPT 162 W0 SOLVE 4x2 2026-07-22T17:04:07.777
ATTEMPT 162 W0 DONE 4x2 seed=1208083 nsol=16 0.01s 2026-07-22T17:04:07.791
ATTEMPT 163 W0 START 4x2 seed=1208084 2026-07-22T17:04:07.791
ATTEMPT 163 W0 SOLVE 4x2 2026-07-22T17:04:07.797
ATTEMPT 163 W0 DONE 4x2 seed=1208084 nsol=16 0.01s 2026-07-22T17:04:07.811
ATTEMPT 164 W0 START 4x2 seed=1208085 2026-07-22T17:04:07.811
ATTEMPT 164 W0 SOLVE 4x2 2026-07-22T17:04:07.817
ATTEMPT 164 W0 DONE 4x2 seed=1208085 nsol=16 0.01s 2026-07-22T17:04:07.827
ATTEMPT 165 W0 START 4x2 seed=1208086 2026-07-22T17:04:07.827
ATTEMPT 165 W0 SOLVE 4x2 2026-07-22T17:04:07.832
ATTEMPT 165 W0 DONE 4x2 seed=1208086 nsol=16 0.01s 2026-07-22T17:04:07.847
ATTEMPT 166 W0 START 4x2 seed=1208087 2026-07-22T17:04:07.847
ATTEMPT 166 W0 SOLVE 4x2 2026-07-22T17:04:07.852
ATTEMPT 166 W0 DONE 4x2 seed=1208087 nsol=16 0.01s 2026-07-22T17:04:07.863
ATTEMPT 167 W0 START 4x2 seed=1208088 2026-07-22T17:04:07.863
ATTEMPT 167 W0 SOLVE 4x2 2026-07-22T17:04:07.868
ATTEMPT 167 W0 DONE 4x2 seed=1208088 nsol=16 0.01s 2026-07-22T17:04:07.879
ATTEMPT 168 W0 START 4x2 seed=1208089 2026-07-22T17:04:07.879
ATTEMPT 168 W0 SOLVE 4x2 2026-07-22T17:04:07.885
ATTEMPT 168 W0 DONE 4x2 seed=1208089 nsol=16 0.01s 2026-07-22T17:04:07.899
ATTEMPT 169 W0 START 4x2 seed=1208090 2026-07-22T17:04:07.899
ATTEMPT 169 W0 SOLVE 4x2 2026-07-22T17:04:11.492
ATTEMPT 169 W0 DONE 4x2 seed=1208090 nsol=16 0.02s 2026-07-22T17:04:11.508
ATTEMPT 170 W0 START 4x2 seed=1208091 2026-07-22T17:04:11.508
ATTEMPT 170 W0 SOLVE 4x2 2026-07-22T17:04:11.516
ATTEMPT 170 W0 DONE 4x2 seed=1208091 nsol=16 0.01s 2026-07-22T17:04:11.527
ATTEMPT 171 W0 START 4x2 seed=1208092 2026-07-22T17:04:11.527
ATTEMPT 171 W0 SOLVE 4x2 2026-07-22T17:04:11.534
ATTEMPT 171 W0 DONE 4x2 seed=1208092 nsol=16 0.01s 2026-07-22T17:04:11.544
ATTEMPT 172 W0 START 4x2 seed=1208093 2026-07-22T17:04:11.544
ATTEMPT 172 W0 SOLVE 4x2 2026-07-22T17:04:11.550
ATTEMPT 172 W0 DONE 4x2 seed=1208093 nsol=16 0.01s 2026-07-22T17:04:11.564
ATTEMPT 173 W0 START 4x2 seed=1208094 2026-07-22T17:04:11.564
ATTEMPT 173 W0 SOLVE 4x2 2026-07-22T17:04:11.576
ATTEMPT 173 W0 DONE 4x2 seed=1208094 nsol=16 0.02s 2026-07-22T17:04:11.600
ATTEMPT 174 W0 START 4x2 seed=1208095 2026-07-22T17:04:11.600
ATTEMPT 174 W0 SOLVE 4x2 2026-07-22T17:04:11.606
ATTEMPT 174 W0 DONE 4x2 seed=1208095 nsol=16 0.01s 2026-07-22T17:04:11.620
ATTEMPT 175 W0 START 4x2 seed=1208096 2026-07-22T17:04:11.620
ATTEMPT 175 W0 SOLVE 4x2 2026-07-22T17:04:11.625
ATTEMPT 175 W0 DONE 4x2 seed=1208096 nsol=16 0.02s 2026-07-22T17:04:11.644
ATTEMPT 176 W0 START 4x2 seed=1208097 2026-07-22T17:04:11.644
ATTEMPT 176 W0 SOLVE 4x2 2026-07-22T17:04:11.650
ATTEMPT 176 W0 DONE 4x2 seed=1208097 nsol=16 0.01s 2026-07-22T17:04:11.664
ATTEMPT 177 W0 START 4x2 seed=1208098 2026-07-22T17:04:11.664
ATTEMPT 177 W0 SOLVE 4x2 2026-07-22T17:04:11.670
ATTEMPT 177 W0 DONE 4x2 seed=1208098 nsol=16 0.01s 2026-07-22T17:04:11.679
ATTEMPT 178 W0 START 4x2 seed=1208099 2026-07-22T17:04:11.680
ATTEMPT 178 W0 SOLVE 4x2 2026-07-22T17:04:11.686
ATTEMPT 178 W0 DONE 4x2 seed=1208099 nsol=16 0.01s 2026-07-22T17:04:11.700
ATTEMPT 179 W0 START 4x2 seed=1208100 2026-07-22T17:04:11.700
ATTEMPT 179 W0 SOLVE 4x2 2026-07-22T17:04:11.708
ATTEMPT 179 W0 DONE 4x2 seed=1208100 nsol=16 0.02s 2026-07-22T17:04:11.724
ATTEMPT 180 W0 START 4x2 seed=1208101 2026-07-22T17:04:11.724
ATTEMPT 180 W0 SOLVE 4x2 2026-07-22T17:04:11.730
ATTEMPT 180 W0 DONE 4x2 seed=1208101 nsol=16 0.01s 2026-07-22T17:04:11.740
ATTEMPT 181 W0 START 4x2 seed=1208102 2026-07-22T17:04:11.741
ATTEMPT 181 W0 SOLVE 4x2 2026-07-22T17:04:11.746
ATTEMPT 181 W0 DONE 4x2 seed=1208102 nsol=16 0.01s 2026-07-22T17:04:11.760
ATTEMPT 182 W0 START 4x2 seed=1208103 2026-07-22T17:04:11.760
ATTEMPT 182 W0 SOLVE 4x2 2026-07-22T17:04:11.766
ATTEMPT 182 W0 DONE 4x2 seed=1208103 nsol=16 0.02s 2026-07-22T17:04:11.782
ATTEMPT 183 W0 START 4x2 seed=1208104 2026-07-22T17:04:11.783
ATTEMPT 183 W0 SOLVE 4x2 2026-07-22T17:04:11.788
ATTEMPT 183 W0 DONE 4x2 seed=1208104 nsol=16 0.01s 2026-07-22T17:04:11.793
ATTEMPT 184 W0 START 4x2 seed=1208105 2026-07-22T17:04:11.794
ATTEMPT 184 W0 SOLVE 4x2 2026-07-22T17:04:11.799
ATTEMPT 184 W0 DONE 4x2 seed=1208105 nsol=16 0.02s 2026-07-22T17:04:11.816
ATTEMPT 185 W0 START 4x2 seed=1208106 2026-07-22T17:04:11.817
ATTEMPT 185 W0 SOLVE 4x2 2026-07-22T17:04:11.823
ATTEMPT 185 W0 DONE 4x2 seed=1208106 nsol=16 0.01s 2026-07-22T17:04:11.834
ATTEMPT 186 W0 START 4x2 seed=1208107 2026-07-22T17:04:11.834
ATTEMPT 186 W0 SOLVE 4x2 2026-07-22T17:04:11.845
ATTEMPT 186 W0 DONE 4x2 seed=1208107 nsol=16 0.01s 2026-07-22T17:04:11.860
ATTEMPT 187 W0 START 4x2 seed=1208108 2026-07-22T17:04:11.861
ATTEMPT 187 W0 SOLVE 4x2 2026-07-22T17:04:11.866
ATTEMPT 187 W0 DONE 4x2 seed=1208108 nsol=16 0.01s 2026-07-22T17:04:11.881
ATTEMPT 188 W0 START 4x2 seed=1208109 2026-07-22T17:04:11.881
ATTEMPT 188 W0 SOLVE 4x2 2026-07-22T17:04:11.891
ATTEMPT 188 W0 DONE 4x2 seed=1208109 nsol=16 0.01s 2026-07-22T17:04:11.902
ATTEMPT 189 W0 START 4x2 seed=1208110 2026-07-22T17:04:11.903
ATTEMPT 189 W0 SOLVE 4x2 2026-07-22T17:04:11.914
ATTEMPT 189 W0 DONE 4x2 seed=1208110 nsol=16 0.01s 2026-07-22T17:04:11.929
ATTEMPT 190 W0 START 4x2 seed=1208111 2026-07-22T17:04:11.929
ATTEMPT 190 W0 SOLVE 4x2 2026-07-22T17:04:11.934
ATTEMPT 190 W0 DONE 4x2 seed=1208111 nsol=16 0.01s 2026-07-22T17:04:11.948
ATTEMPT 191 W0 START 4x2 seed=1208112 2026-07-22T17:04:11.948
ATTEMPT 191 W0 SOLVE 4x2 2026-07-22T17:04:11.961
ATTEMPT 191 W0 DONE 4x2 seed=1208112 nsol=16 0.01s 2026-07-22T17:04:11.967
ATTEMPT 192 W0 START 4x2 seed=1208113 2026-07-22T17:04:11.967
ATTEMPT 192 W0 SOLVE 4x2 2026-07-22T17:04:11.976
ATTEMPT 192 W0 DONE 4x2 seed=1208113 nsol=16 0.00s 2026-07-22T17:04:11.980
ATTEMPT 193 W0 START 4x2 seed=1208114 2026-07-22T17:04:11.980
ATTEMPT 193 W0 SOLVE 4x2 2026-07-22T17:04:11.988
ATTEMPT 193 W0 DONE 4x2 seed=1208114 nsol=16 0.01s 2026-07-22T17:04:11.995
ATTEMPT 194 W0 START 4x2 seed=1208115 2026-07-22T17:04:11.995
ATTEMPT 194 W0 SOLVE 4x2 2026-07-22T17:04:12.001
ATTEMPT 194 W0 DONE 4x2 seed=1208115 nsol=16 0.01s 2026-07-22T17:04:12.006
ATTEMPT 195 W0 START 4x2 seed=1208116 2026-07-22T17:04:12.007
ATTEMPT 195 W0 SOLVE 4x2 2026-07-22T17:04:12.012
ATTEMPT 195 W0 DONE 4x2 seed=1208116 nsol=16 0.01s 2026-07-22T17:04:12.021
ATTEMPT 196 W0 START 4x2 seed=1208117 2026-07-22T17:04:12.021
ATTEMPT 196 W0 SOLVE 4x2 2026-07-22T17:04:12.027
ATTEMPT 196 W0 DONE 4x2 seed=1208117 nsol=16 0.01s 2026-07-22T17:04:12.036
ATTEMPT 197 W0 START 4x2 seed=1208118 2026-07-22T17:04:12.036
ATTEMPT 197 W0 SOLVE 4x2 2026-07-22T17:04:12.042
ATTEMPT 197 W0 DONE 4x2 seed=1208118 nsol=16 0.02s 2026-07-22T17:04:12.060
ATTEMPT 198 W0 START 4x2 seed=1208119 2026-07-22T17:04:12.060
ATTEMPT 198 W0 SOLVE 4x2 2026-07-22T17:04:12.066
ATTEMPT 198 W0 DONE 4x2 seed=1208119 nsol=16 0.01s 2026-07-22T17:04:12.076
ATTEMPT 199 W0 START 4x2 seed=1208120 2026-07-22T17:04:12.076
ATTEMPT 199 W0 SOLVE 4x2 2026-07-22T17:04:12.086
ATTEMPT 199 W0 DONE 4x2 seed=1208120 nsol=16 0.01s 2026-07-22T17:04:12.096
ATTEMPT 200 W0 START 4x2 seed=1208121 2026-07-22T17:04:12.096
ATTEMPT 200 W0 SOLVE 4x2 2026-07-22T17:04:12.103
ATTEMPT 200 W0 DONE 4x2 seed=1208121 nsol=16 0.01s 2026-07-22T17:04:12.110
ATTEMPT 201 W0 START 4x2 seed=1208122 2026-07-22T17:04:12.110
ATTEMPT 201 W0 SOLVE 4x2 2026-07-22T17:04:12.117
ATTEMPT 201 W0 DONE 4x2 seed=1208122 nsol=16 0.02s 2026-07-22T17:04:12.136
ATTEMPT 202 W0 START 4x2 seed=1208123 2026-07-22T17:04:12.136
ATTEMPT 202 W0 SOLVE 4x2 2026-07-22T17:04:12.141
ATTEMPT 202 W0 DONE 4x2 seed=1208123 nsol=16 0.01s 2026-07-22T17:04:12.156
ATTEMPT 203 W0 START 4x2 seed=1208124 2026-07-22T17:04:12.156
ATTEMPT 203 W0 SOLVE 4x2 2026-07-22T17:04:12.166
ATTEMPT 203 W0 DONE 4x2 seed=1208124 nsol=16 0.02s 2026-07-22T17:04:12.184
ATTEMPT 204 W0 START 4x2 seed=1208125 2026-07-22T17:04:12.184
ATTEMPT 204 W0 SOLVE 4x2 2026-07-22T17:04:12.190
ATTEMPT 204 W0 DONE 4x2 seed=1208125 nsol=16 0.01s 2026-07-22T17:04:12.197
ATTEMPT 205 W0 START 4x2 seed=1208126 2026-07-22T17:04:12.198
ATTEMPT 205 W0 SOLVE 4x2 2026-07-22T17:04:12.203
ATTEMPT 205 W0 DONE 4x2 seed=1208126 nsol=16 0.01s 2026-07-22T17:04:12.212
ATTEMPT 206 W0 START 4x2 seed=1208127 2026-07-22T17:04:12.212
ATTEMPT 206 W0 SOLVE 4x2 2026-07-22T17:04:12.218
ATTEMPT 206 W0 DONE 4x2 seed=1208127 nsol=16 0.01s 2026-07-22T17:04:12.224
ATTEMPT 207 W0 START 4x2 seed=1208128 2026-07-22T17:04:12.224
ATTEMPT 207 W0 SOLVE 4x2 2026-07-22T17:04:12.230
ATTEMPT 207 W0 DONE 4x2 seed=1208128 nsol=16 0.02s 2026-07-22T17:04:12.248
ATTEMPT 208 W0 START 4x2 seed=1208129 2026-07-22T17:04:12.248
ATTEMPT 208 W0 SOLVE 4x2 2026-07-22T17:04:12.256
ATTEMPT 208 W0 DONE 4x2 seed=1208129 nsol=16 0.03s 2026-07-22T17:04:12.284
ATTEMPT 209 W0 START 4x2 seed=1208130 2026-07-22T17:04:12.284
ATTEMPT 209 W0 SOLVE 4x2 2026-07-22T17:04:12.294
ATTEMPT 209 W0 DONE 4x2 seed=1208130 nsol=16 0.01s 2026-07-22T17:04:12.302
ATTEMPT 210 W0 START 4x2 seed=1208131 2026-07-22T17:04:12.303
ATTEMPT 210 W0 SOLVE 4x2 2026-07-22T17:04:12.313
ATTEMPT 210 W0 DONE 4x2 seed=1208131 nsol=16 0.00s 2026-07-22T17:04:12.322
ATTEMPT 211 W0 START 4x2 seed=1208132 2026-07-22T17:04:12.322
ATTEMPT 211 W0 SOLVE 4x2 2026-07-22T17:04:12.328
ATTEMPT 211 W0 DONE 4x2 seed=1208132 nsol=16 0.01s 2026-07-22T17:04:12.347
ATTEMPT 212 W0 START 4x2 seed=1208133 2026-07-22T17:04:12.347
ATTEMPT 212 W0 SOLVE 4x2 2026-07-22T17:04:12.354
ATTEMPT 212 W0 DONE 4x2 seed=1208133 nsol=16 0.01s 2026-07-22T17:04:12.361
ATTEMPT 213 W0 START 4x2 seed=1208134 2026-07-22T17:04:12.361
ATTEMPT 213 W0 SOLVE 4x2 2026-07-22T17:04:12.367
ATTEMPT 213 W0 DONE 4x2 seed=1208134 nsol=16 0.01s 2026-07-22T17:04:12.379
ATTEMPT 214 W0 START 4x2 seed=1208135 2026-07-22T17:04:12.379
ATTEMPT 214 W0 SOLVE 4x2 2026-07-22T17:04:12.388
ATTEMPT 214 W0 DONE 4x2 seed=1208135 nsol=16 0.01s 2026-07-22T17:04:12.396
ATTEMPT 215 W0 START 4x2 seed=1208136 2026-07-22T17:04:12.397
ATTEMPT 215 W0 SOLVE 4x2 2026-07-22T17:04:12.412
ATTEMPT 215 W0 DONE 4x2 seed=1208136 nsol=16 0.01s 2026-07-22T17:04:12.420
ATTEMPT 216 W0 START 4x2 seed=1208137 2026-07-22T17:04:12.420
ATTEMPT 216 W0 SOLVE 4x2 2026-07-22T17:04:12.426
ATTEMPT 216 W0 DONE 4x2 seed=1208137 nsol=16 0.01s 2026-07-22T17:04:12.443
ATTEMPT 217 W0 START 4x2 seed=1208138 2026-07-22T17:04:12.444
ATTEMPT 217 W0 SOLVE 4x2 2026-07-22T17:04:12.452
ATTEMPT 217 W0 DONE 4x2 seed=1208138 nsol=16 0.01s 2026-07-22T17:04:12.464
ATTEMPT 218 W0 START 4x2 seed=1208139 2026-07-22T17:04:12.464
ATTEMPT 218 W0 SOLVE 4x2 2026-07-22T17:04:12.472
ATTEMPT 218 W0 DONE 4x2 seed=1208139 nsol=16 0.02s 2026-07-22T17:04:12.488
ATTEMPT 219 W0 START 4x2 seed=1208140 2026-07-22T17:04:12.488
ATTEMPT 219 W0 SOLVE 4x2 2026-07-22T17:04:12.494
ATTEMPT 219 W0 DONE 4x2 seed=1208140 nsol=16 0.01s 2026-07-22T17:04:12.508
ATTEMPT 220 W0 START 4x2 seed=1208141 2026-07-22T17:04:12.508
ATTEMPT 220 W0 SOLVE 4x2 2026-07-22T17:04:12.514
ATTEMPT 220 W0 DONE 4x2 seed=1208141 nsol=16 0.01s 2026-07-22T17:04:12.528
ATTEMPT 221 W0 START 4x2 seed=1208142 2026-07-22T17:04:12.528
ATTEMPT 221 W0 SOLVE 4x2 2026-07-22T17:04:12.725
ATTEMPT 221 W0 DONE 4x2 seed=1208142 nsol=16 0.01s 2026-07-22T17:04:12.733
ATTEMPT 222 W0 START 4x2 seed=1208143 2026-07-22T17:04:12.734
ATTEMPT 222 W0 SOLVE 4x2 2026-07-22T17:04:12.739
ATTEMPT 222 W0 DONE 4x2 seed=1208143 nsol=16 0.02s 2026-07-22T17:04:12.755
ATTEMPT 223 W0 START 4x2 seed=1208144 2026-07-22T17:04:12.756
ATTEMPT 223 W0 SOLVE 4x2 2026-07-22T17:04:12.762
ATTEMPT 223 W0 DONE 4x2 seed=1208144 nsol=16 0.01s 2026-07-22T17:04:12.776
ATTEMPT 224 W0 START 4x2 seed=1208145 2026-07-22T17:04:12.776
ATTEMPT 224 W0 SOLVE 4x2 2026-07-22T17:04:12.782
ATTEMPT 224 W0 DONE 4x2 seed=1208145 nsol=16 0.01s 2026-07-22T17:04:12.792
ATTEMPT 225 W0 START 4x2 seed=1208146 2026-07-22T17:04:12.792
ATTEMPT 225 W0 SOLVE 4x2 2026-07-22T17:04:12.798
ATTEMPT 225 W0 DONE 4x2 seed=1208146 nsol=16 0.01s 2026-07-22T17:04:12.808
ATTEMPT 226 W0 START 4x2 seed=1208147 2026-07-22T17:04:12.808
ATTEMPT 226 W0 SOLVE 4x2 2026-07-22T17:04:12.814
ATTEMPT 226 W0 DONE 4x2 seed=1208147 nsol=16 0.01s 2026-07-22T17:04:12.828
ATTEMPT 227 W0 START 4x2 seed=1208148 2026-07-22T17:04:12.828
ATTEMPT 227 W0 SOLVE 4x2 2026-07-22T17:04:12.834
ATTEMPT 227 W0 DONE 4x2 seed=1208148 nsol=16 0.01s 2026-07-22T17:04:12.842
ATTEMPT 228 W0 START 4x2 seed=1208149 2026-07-22T17:04:12.843
ATTEMPT 228 W0 SOLVE 4x2 2026-07-22T17:04:12.849
ATTEMPT 228 W0 DONE 4x2 seed=1208149 nsol=16 0.01s 2026-07-22T17:04:12.856
ATTEMPT 229 W0 START 4x2 seed=1208150 2026-07-22T17:04:12.857
ATTEMPT 229 W0 SOLVE 4x2 2026-07-22T17:04:12.863
ATTEMPT 229 W0 DONE 4x2 seed=1208150 nsol=16 0.01s 2026-07-22T17:04:12.872
ATTEMPT 230 W0 START 4x2 seed=1208151 2026-07-22T17:04:12.872
ATTEMPT 230 W0 SOLVE 4x2 2026-07-22T17:04:12.877
ATTEMPT 230 W0 DONE 4x2 seed=1208151 nsol=16 0.01s 2026-07-22T17:04:12.892
ATTEMPT 231 W0 START 4x2 seed=1208152 2026-07-22T17:04:12.892
ATTEMPT 231 W0 SOLVE 4x2 2026-07-22T17:04:12.898
ATTEMPT 231 W0 DONE 4x2 seed=1208152 nsol=16 0.01s 2026-07-22T17:04:12.908
ATTEMPT 232 W0 START 4x2 seed=1208153 2026-07-22T17:04:12.908
ATTEMPT 232 W0 SOLVE 4x2 2026-07-22T17:04:12.914
ATTEMPT 232 W0 DONE 4x2 seed=1208153 nsol=16 0.01s 2026-07-22T17:04:12.924
ATTEMPT 233 W0 START 4x2 seed=1208154 2026-07-22T17:04:12.924
ATTEMPT 233 W0 SOLVE 4x2 2026-07-22T17:04:12.930
ATTEMPT 233 W0 DONE 4x2 seed=1208154 nsol=16 0.01s 2026-07-22T17:04:12.940
ATTEMPT 234 W0 START 4x2 seed=1208155 2026-07-22T17:04:12.940
ATTEMPT 234 W0 SOLVE 4x2 2026-07-22T17:04:12.946
ATTEMPT 234 W0 DONE 4x2 seed=1208155 nsol=16 0.01s 2026-07-22T17:04:12.960
ATTEMPT 235 W0 START 4x2 seed=1208156 2026-07-22T17:04:12.960
ATTEMPT 235 W0 SOLVE 4x2 2026-07-22T17:04:12.966
ATTEMPT 235 W0 DONE 4x2 seed=1208156 nsol=16 0.01s 2026-07-22T17:04:12.976
ATTEMPT 236 W0 START 4x2 seed=1208157 2026-07-22T17:04:12.976
ATTEMPT 236 W0 SOLVE 4x2 2026-07-22T17:04:12.982
ATTEMPT 236 W0 DONE 4x2 seed=1208157 nsol=16 0.01s 2026-07-22T17:04:12.992
ATTEMPT 237 W0 START 4x2 seed=1208158 2026-07-22T17:04:12.992
ATTEMPT 237 W0 SOLVE 4x2 2026-07-22T17:04:12.998
ATTEMPT 237 W0 DONE 4x2 seed=1208158 nsol=16 0.01s 2026-07-22T17:04:13.008
ATTEMPT 238 W0 START 4x2 seed=1208159 2026-07-22T17:04:13.008
ATTEMPT 238 W0 SOLVE 4x2 2026-07-22T17:04:13.014
ATTEMPT 238 W0 DONE 4x2 seed=1208159 nsol=16 0.01s 2026-07-22T17:04:13.028
ATTEMPT 239 W0 START 4x2 seed=1208160 2026-07-22T17:04:13.028
ATTEMPT 239 W0 SOLVE 4x2 2026-07-22T17:04:13.034
ATTEMPT 239 W0 DONE 4x2 seed=1208160 nsol=16 0.01s 2026-07-22T17:04:13.039
ATTEMPT 240 W0 START 4x2 seed=1208161 2026-07-22T17:04:13.040
ATTEMPT 240 W0 SOLVE 4x2 2026-07-22T17:04:13.046
ATTEMPT 240 W0 DONE 4x2 seed=1208161 nsol=16 0.02s 2026-07-22T17:04:13.064
ATTEMPT 241 W0 START 4x2 seed=1208162 2026-07-22T17:04:13.064
ATTEMPT 241 W0 SOLVE 4x2 2026-07-22T17:04:13.070
ATTEMPT 241 W0 DONE 4x2 seed=1208162 nsol=16 0.01s 2026-07-22T17:04:13.080
ATTEMPT 242 W0 START 4x2 seed=1208163 2026-07-22T17:04:13.080
ATTEMPT 242 W0 SOLVE 4x2 2026-07-22T17:04:13.097
ATTEMPT 242 W0 DONE 4x2 seed=1208163 nsol=16 0.01s 2026-07-22T17:04:13.108
ATTEMPT 243 W0 START 4x2 seed=1208164 2026-07-22T17:04:13.109
ATTEMPT 243 W0 SOLVE 4x2 2026-07-22T17:04:13.118
ATTEMPT 243 W0 DONE 4x2 seed=1208164 nsol=16 0.01s 2026-07-22T17:04:13.130
ATTEMPT 244 W0 START 4x2 seed=1208165 2026-07-22T17:04:13.130
ATTEMPT 244 W0 SOLVE 4x2 2026-07-22T17:04:13.144
ATTEMPT 244 W0 DONE 4x2 seed=1208165 nsol=16 0.01s 2026-07-22T17:04:13.152
ATTEMPT 245 W0 START 4x2 seed=1208166 2026-07-22T17:04:13.152
ATTEMPT 245 W0 SOLVE 4x2 2026-07-22T17:04:13.168
ATTEMPT 245 W0 DONE 4x2 seed=1208166 nsol=16 0.02s 2026-07-22T17:04:13.192
ATTEMPT 246 W0 START 4x2 seed=1208167 2026-07-22T17:04:13.192
ATTEMPT 246 W0 SOLVE 4x2 2026-07-22T17:04:13.204
ATTEMPT 246 W0 DONE 4x2 seed=1208167 nsol=16 0.01s 2026-07-22T17:04:13.215
ATTEMPT 247 W0 START 4x2 seed=1208168 2026-07-22T17:04:13.215
ATTEMPT 247 W0 SOLVE 4x2 2026-07-22T17:04:13.221
ATTEMPT 247 W0 DONE 4x2 seed=1208168 nsol=16 0.02s 2026-07-22T17:04:13.236
ATTEMPT 248 W0 START 4x2 seed=1208169 2026-07-22T17:04:13.236
ATTEMPT 248 W0 SOLVE 4x2 2026-07-22T17:04:13.244
ATTEMPT 248 W0 DONE 4x2 seed=1208169 nsol=16 0.02s 2026-07-22T17:04:13.261
ATTEMPT 249 W0 START 4x2 seed=1208170 2026-07-22T17:04:13.262
ATTEMPT 249 W0 SOLVE 4x2 2026-07-22T17:04:13.267
ATTEMPT 249 W0 DONE 4x2 seed=1208170 nsol=16 0.01s 2026-07-22T17:04:13.281
ATTEMPT 250 W0 START 4x2 seed=1208171 2026-07-22T17:04:13.282
ATTEMPT 250 W0 SOLVE 4x2 2026-07-22T17:04:13.288
ATTEMPT 250 W0 DONE 4x2 seed=1208171 nsol=16 0.02s 2026-07-22T17:04:13.304
ATTEMPT 251 W0 START 4x2 seed=1208172 2026-07-22T17:04:13.305
ATTEMPT 251 W0 SOLVE 4x2 2026-07-22T17:04:13.311
ATTEMPT 251 W0 DONE 4x2 seed=1208172 nsol=16 0.01s 2026-07-22T17:04:13.319
ATTEMPT 252 W0 START 4x2 seed=1208173 2026-07-22T17:04:13.319
ATTEMPT 252 W0 SOLVE 4x2 2026-07-22T17:04:13.325
ATTEMPT 252 W0 DONE 4x2 seed=1208173 nsol=16 0.02s 2026-07-22T17:04:13.344
ATTEMPT 253 W0 START 4x2 seed=1208174 2026-07-22T17:04:13.344
ATTEMPT 253 W0 SOLVE 4x2 2026-07-22T17:04:13.350
ATTEMPT 253 W0 DONE 4x2 seed=1208174 nsol=16 0.01s 2026-07-22T17:04:13.364
ATTEMPT 254 W0 START 4x2 seed=1208175 2026-07-22T17:04:13.364
ATTEMPT 254 W0 SOLVE 4x2 2026-07-22T17:04:13.372
ATTEMPT 254 W0 DONE 4x2 seed=1208175 nsol=16 0.02s 2026-07-22T17:04:13.392
ATTEMPT 255 W0 START 4x2 seed=1208176 2026-07-22T17:04:13.392
ATTEMPT 255 W0 SOLVE 4x2 2026-07-22T17:04:13.400
ATTEMPT 255 W0 DONE 4x2 seed=1208176 nsol=16 0.01s 2026-07-22T17:04:13.415
ATTEMPT 256 W0 START 4x2 seed=1208177 2026-07-22T17:04:13.415
ATTEMPT 256 W0 SOLVE 4x2 2026-07-22T17:04:13.422
ATTEMPT 256 W0 DONE 4x2 seed=1208177 nsol=16 0.02s 2026-07-22T17:04:13.444
ATTEMPT 257 W0 START 4x2 seed=1208178 2026-07-22T17:04:13.444
ATTEMPT 257 W0 SOLVE 4x2 2026-07-22T17:04:13.452
ATTEMPT 257 W0 DONE 4x2 seed=1208178 nsol=16 0.02s 2026-07-22T17:04:13.469
ATTEMPT 258 W0 START 4x2 seed=1208179 2026-07-22T17:04:13.470
ATTEMPT 258 W0 SOLVE 4x2 2026-07-22T17:04:13.477
ATTEMPT 258 W0 DONE 4x2 seed=1208179 nsol=16 0.01s 2026-07-22T17:04:13.492
ATTEMPT 259 W0 START 4x2 seed=1208180 2026-07-22T17:04:13.492
ATTEMPT 259 W0 SOLVE 4x2 2026-07-22T17:04:13.498
ATTEMPT 259 W0 DONE 4x2 seed=1208180 nsol=16 0.01s 2026-07-22T17:04:13.512
ATTEMPT 260 W0 START 4x2 seed=1208181 2026-07-22T17:04:13.512
ATTEMPT 260 W0 SOLVE 4x2 2026-07-22T17:04:13.519
ATTEMPT 260 W0 DONE 4x2 seed=1208181 nsol=16 0.02s 2026-07-22T17:04:13.536
ATTEMPT 261 W0 START 4x2 seed=1208182 2026-07-22T17:04:13.537
ATTEMPT 261 W0 SOLVE 4x2 2026-07-22T17:04:13.544
ATTEMPT 261 W0 DONE 4x2 seed=1208182 nsol=16 0.02s 2026-07-22T17:04:13.560
ATTEMPT 262 W0 START 4x2 seed=1208183 2026-07-22T17:04:13.560
ATTEMPT 262 W0 SOLVE 4x2 2026-07-22T17:04:13.568
ATTEMPT 262 W0 DONE 4x2 seed=1208183 nsol=16 0.01s 2026-07-22T17:04:13.577
ATTEMPT 263 W0 START 4x2 seed=1208184 2026-07-22T17:04:13.577
ATTEMPT 263 W0 SOLVE 4x2 2026-07-22T17:04:13.584
ATTEMPT 263 W0 DONE 4x2 seed=1208184 nsol=16 0.02s 2026-07-22T17:04:13.604
ATTEMPT 264 W0 START 4x2 seed=1208185 2026-07-22T17:04:13.605
ATTEMPT 264 W0 SOLVE 4x2 2026-07-22T17:04:13.614
ATTEMPT 264 W0 DONE 4x2 seed=1208185 nsol=16 0.02s 2026-07-22T17:04:13.632
ATTEMPT 265 W0 START 4x2 seed=1208186 2026-07-22T17:04:13.633
ATTEMPT 265 W0 SOLVE 4x2 2026-07-22T17:04:13.642
ATTEMPT 265 W0 DONE 4x2 seed=1208186 nsol=16 0.01s 2026-07-22T17:04:13.656
ATTEMPT 266 W0 START 4x2 seed=1208187 2026-07-22T17:04:13.656
ATTEMPT 266 W0 SOLVE 4x2 2026-07-22T17:04:13.663
ATTEMPT 266 W0 DONE 4x2 seed=1208187 nsol=16 0.02s 2026-07-22T17:04:13.680
ATTEMPT 267 W0 START 4x2 seed=1208188 2026-07-22T17:04:13.680
ATTEMPT 267 W0 SOLVE 4x2 2026-07-22T17:04:13.688
ATTEMPT 267 W0 DONE 4x2 seed=1208188 nsol=16 0.02s 2026-07-22T17:04:13.708
ATTEMPT 268 W0 START 4x2 seed=1208189 2026-07-22T17:04:13.708
ATTEMPT 268 W0 SOLVE 4x2 2026-07-22T17:04:13.714
ATTEMPT 268 W0 DONE 4x2 seed=1208189 nsol=16 0.02s 2026-07-22T17:04:13.732
ATTEMPT 269 W0 START 4x2 seed=1208190 2026-07-22T17:04:13.733
ATTEMPT 269 W0 SOLVE 4x2 2026-07-22T17:04:13.741
ATTEMPT 269 W0 DONE 4x2 seed=1208190 nsol=16 0.02s 2026-07-22T17:04:13.760
ATTEMPT 270 W0 START 4x2 seed=1208191 2026-07-22T17:04:13.760
ATTEMPT 270 W0 SOLVE 4x2 2026-07-22T17:04:13.766
ATTEMPT 270 W0 DONE 4x2 seed=1208191 nsol=16 0.01s 2026-07-22T17:04:13.780
ATTEMPT 271 W0 START 4x2 seed=1208192 2026-07-22T17:04:13.780
ATTEMPT 271 W0 SOLVE 4x2 2026-07-22T17:04:13.787
ATTEMPT 271 W0 DONE 4x2 seed=1208192 nsol=16 0.02s 2026-07-22T17:04:13.808
ATTEMPT 272 W0 START 4x2 seed=1208193 2026-07-22T17:04:13.809
ATTEMPT 272 W0 SOLVE 4x2 2026-07-22T17:04:13.818
ATTEMPT 272 W0 DONE 4x2 seed=1208193 nsol=16 0.01s 2026-07-22T17:04:13.829
ATTEMPT 273 W0 START 4x2 seed=1208194 2026-07-22T17:04:13.829
ATTEMPT 273 W0 SOLVE 4x2 2026-07-22T17:04:13.835
ATTEMPT 273 W0 DONE 4x2 seed=1208194 nsol=16 0.01s 2026-07-22T17:04:13.843
ATTEMPT 274 W0 START 4x2 seed=1208195 2026-07-22T17:04:13.843
ATTEMPT 274 W0 SOLVE 4x2 2026-07-22T17:04:13.849
ATTEMPT 274 W0 DONE 4x2 seed=1208195 nsol=16 0.01s 2026-07-22T17:04:13.864
ATTEMPT 275 W0 START 4x2 seed=1208196 2026-07-22T17:04:13.864
ATTEMPT 275 W0 SOLVE 4x2 2026-07-22T17:04:13.873
ATTEMPT 275 W0 DONE 4x2 seed=1208196 nsol=16 0.01s 2026-07-22T17:04:13.888
ATTEMPT 276 W0 START 4x2 seed=1208197 2026-07-22T17:04:13.888
ATTEMPT 276 W0 SOLVE 4x2 2026-07-22T17:04:13.894
ATTEMPT 276 W0 DONE 4x2 seed=1208197 nsol=16 0.02s 2026-07-22T17:04:13.912
ATTEMPT 277 W0 START 4x2 seed=1208198 2026-07-22T17:04:13.912
ATTEMPT 277 W0 SOLVE 4x2 2026-07-22T17:04:13.918
ATTEMPT 277 W0 DONE 4x2 seed=1208198 nsol=16 0.01s 2026-07-22T17:04:13.932
ATTEMPT 278 W0 START 4x2 seed=1208199 2026-07-22T17:04:13.932
ATTEMPT 278 W0 SOLVE 4x2 2026-07-22T17:04:13.940
ATTEMPT 278 W0 DONE 4x2 seed=1208199 nsol=16 0.02s 2026-07-22T17:04:13.959
ATTEMPT 279 W0 START 4x2 seed=1208200 2026-07-22T17:04:13.959
ATTEMPT 279 W0 SOLVE 4x2 2026-07-22T17:04:13.967
ATTEMPT 279 W0 DONE 4x2 seed=1208200 nsol=16 0.01s 2026-07-22T17:04:13.974
ATTEMPT 280 W0 START 4x2 seed=1208201 2026-07-22T17:04:13.974
ATTEMPT 280 W0 SOLVE 4x2 2026-07-22T17:04:13.981
ATTEMPT 280 W0 DONE 4x2 seed=1208201 nsol=16 0.01s 2026-07-22T17:04:13.993
ATTEMPT 281 W0 START 4x2 seed=1208202 2026-07-22T17:04:13.993
ATTEMPT 281 W0 SOLVE 4x2 2026-07-22T17:04:13.999
ATTEMPT 281 W0 DONE 4x2 seed=1208202 nsol=16 0.01s 2026-07-22T17:04:14.006
ATTEMPT 282 W0 START 4x2 seed=1208203 2026-07-22T17:04:14.007
ATTEMPT 282 W0 SOLVE 4x2 2026-07-22T17:04:14.014
ATTEMPT 282 W0 DONE 4x2 seed=1208203 nsol=16 0.02s 2026-07-22T17:04:14.032
ATTEMPT 283 W0 START 4x2 seed=1208204 2026-07-22T17:04:14.032
ATTEMPT 283 W0 SOLVE 4x2 2026-07-22T17:04:14.040
ATTEMPT 283 W0 DONE 4x2 seed=1208204 nsol=16 0.01s 2026-07-22T17:04:14.047
ATTEMPT 284 W0 START 4x2 seed=1208205 2026-07-22T17:04:14.048
ATTEMPT 284 W0 SOLVE 4x2 2026-07-22T17:04:14.054
ATTEMPT 284 W0 DONE 4x2 seed=1208205 nsol=16 0.02s 2026-07-22T17:04:14.074
ATTEMPT 285 W0 START 4x2 seed=1208206 2026-07-22T17:04:14.076
ATTEMPT 285 W0 SOLVE 4x2 2026-07-22T17:04:14.082
ATTEMPT 285 W0 DONE 4x2 seed=1208206 nsol=16 0.01s 2026-07-22T17:04:14.096
ATTEMPT 286 W0 START 4x2 seed=1208207 2026-07-22T17:04:14.096
ATTEMPT 286 W0 SOLVE 4x2 2026-07-22T17:04:14.102
ATTEMPT 286 W0 DONE 4x2 seed=1208207 nsol=16 0.01s 2026-07-22T17:04:14.116
ATTEMPT 287 W0 START 4x2 seed=1208208 2026-07-22T17:04:14.116
ATTEMPT 287 W0 SOLVE 4x2 2026-07-22T17:04:14.124
ATTEMPT 287 W0 DONE 4x2 seed=1208208 nsol=16 0.02s 2026-07-22T17:04:14.140
ATTEMPT 288 W0 START 4x2 seed=1208209 2026-07-22T17:04:14.140
ATTEMPT 288 W0 SOLVE 4x2 2026-07-22T17:04:14.146
ATTEMPT 288 W0 DONE 4x2 seed=1208209 nsol=16 0.01s 2026-07-22T17:04:14.157
ATTEMPT 289 W0 START 4x2 seed=1208210 2026-07-22T17:04:14.157
ATTEMPT 289 W0 SOLVE 4x2 2026-07-22T17:04:14.163
ATTEMPT 289 W0 DONE 4x2 seed=1208210 nsol=16 0.02s 2026-07-22T17:04:14.180
ATTEMPT 290 W0 START 4x2 seed=1208211 2026-07-22T17:04:14.180
ATTEMPT 290 W0 SOLVE 4x2 2026-07-22T17:04:14.186
ATTEMPT 290 W0 DONE 4x2 seed=1208211 nsol=16 0.02s 2026-07-22T17:04:14.204
ATTEMPT 291 W0 START 4x2 seed=1208212 2026-07-22T17:04:14.204
ATTEMPT 291 W0 SOLVE 4x2 2026-07-22T17:04:14.212
ATTEMPT 291 W0 DONE 4x2 seed=1208212 nsol=16 0.01s 2026-07-22T17:04:14.220
ATTEMPT 292 W0 START 4x2 seed=1208213 2026-07-22T17:04:14.220
ATTEMPT 292 W0 SOLVE 4x2 2026-07-22T17:04:14.226
ATTEMPT 292 W0 DONE 4x2 seed=1208213 nsol=16 0.01s 2026-07-22T17:04:14.240
ATTEMPT 293 W0 START 4x2 seed=1208214 2026-07-22T17:04:14.241
ATTEMPT 293 W0 SOLVE 4x2 2026-07-22T17:04:14.248
ATTEMPT 293 W0 DONE 4x2 seed=1208214 nsol=16 0.01s 2026-07-22T17:04:14.261
ATTEMPT 294 W0 START 4x2 seed=1208215 2026-07-22T17:04:14.261
ATTEMPT 294 W0 SOLVE 4x2 2026-07-22T17:04:14.269
ATTEMPT 294 W0 DONE 4x2 seed=1208215 nsol=16 0.02s 2026-07-22T17:04:14.284
ATTEMPT 295 W0 START 4x2 seed=1208216 2026-07-22T17:04:14.284
ATTEMPT 295 W0 SOLVE 4x2 2026-07-22T17:04:14.292
ATTEMPT 295 W0 DONE 4x2 seed=1208216 nsol=16 0.02s 2026-07-22T17:04:14.308
ATTEMPT 296 W0 START 4x2 seed=1208217 2026-07-22T17:04:14.308
ATTEMPT 296 W0 SOLVE 4x2 2026-07-22T17:04:14.314
ATTEMPT 296 W0 DONE 4x2 seed=1208217 nsol=16 0.01s 2026-07-22T17:04:14.328
ATTEMPT 297 W0 START 4x2 seed=1208218 2026-07-22T17:04:14.328
ATTEMPT 297 W0 SOLVE 4x2 2026-07-22T17:04:14.334
ATTEMPT 297 W0 DONE 4x2 seed=1208218 nsol=16 0.01s 2026-07-22T17:04:14.348
ATTEMPT 298 W0 START 4x2 seed=1208219 2026-07-22T17:04:14.348
ATTEMPT 298 W0 SOLVE 4x2 2026-07-22T17:04:14.353
ATTEMPT 298 W0 DONE 4x2 seed=1208219 nsol=16 0.01s 2026-07-22T17:04:14.368
ATTEMPT 299 W0 START 4x2 seed=1208220 2026-07-22T17:04:14.368
ATTEMPT 299 W0 SOLVE 4x2 2026-07-22T17:04:14.376
ATTEMPT 299 W0 DONE 4x2 seed=1208220 nsol=16 0.02s 2026-07-22T17:04:14.392
ATTEMPT 300 W0 START 4x2 seed=1208221 2026-07-22T17:04:14.392
ATTEMPT 300 W0 SOLVE 4x2 2026-07-22T17:04:14.401
ATTEMPT 300 W0 DONE 4x2 seed=1208221 nsol=16 0.02s 2026-07-22T17:04:14.420
ATTEMPT 301 W0 START 4x2 seed=1208222 2026-07-22T17:04:14.420
ATTEMPT 301 W0 SOLVE 4x2 2026-07-22T17:04:14.428
ATTEMPT 301 W0 DONE 4x2 seed=1208222 nsol=16 0.02s 2026-07-22T17:04:14.448
ATTEMPT 302 W0 START 4x2 seed=1208223 2026-07-22T17:04:14.448
ATTEMPT 302 W0 SOLVE 4x2 2026-07-22T17:04:14.458
ATTEMPT 302 W0 DONE 4x2 seed=1208223 nsol=16 0.02s 2026-07-22T17:04:14.476
ATTEMPT 303 W0 START 4x2 seed=1208224 2026-07-22T17:04:14.476
ATTEMPT 303 W0 SOLVE 4x2 2026-07-22T17:04:14.484
ATTEMPT 303 W0 DONE 4x2 seed=1208224 nsol=16 0.02s 2026-07-22T17:04:14.500
ATTEMPT 304 W0 START 4x2 seed=1208225 2026-07-22T17:04:14.500
ATTEMPT 304 W0 SOLVE 4x2 2026-07-22T17:04:14.506
ATTEMPT 304 W0 DONE 4x2 seed=1208225 nsol=16 0.02s 2026-07-22T17:04:14.524
ATTEMPT 305 W0 START 4x2 seed=1208226 2026-07-22T17:04:14.524
ATTEMPT 305 W0 SOLVE 4x2 2026-07-22T17:04:14.530
ATTEMPT 305 W0 DONE 4x2 seed=1208226 nsol=16 0.02s 2026-07-22T17:04:14.548
ATTEMPT 306 W0 START 4x2 seed=1208227 2026-07-22T17:04:14.548
ATTEMPT 306 W0 SOLVE 4x2 2026-07-22T17:04:14.558
ATTEMPT 306 W0 DONE 4x2 seed=1208227 nsol=16 0.01s 2026-07-22T17:04:14.567
ATTEMPT 307 W0 START 4x2 seed=1208228 2026-07-22T17:04:14.567
ATTEMPT 307 W0 SOLVE 4x2 2026-07-22T17:04:14.578
ATTEMPT 307 W0 DONE 4x2 seed=1208228 nsol=16 0.08s 2026-07-22T17:04:14.656
ATTEMPT 308 W0 START 4x2 seed=1208229 2026-07-22T17:04:14.656
ATTEMPT 308 W0 SOLVE 4x2 2026-07-22T17:04:14.663
ATTEMPT 308 W0 DONE 4x2 seed=1208229 nsol=16 0.01s 2026-07-22T17:04:14.673
ATTEMPT 309 W0 START 4x2 seed=1208230 2026-07-22T17:04:14.674
ATTEMPT 309 W0 SOLVE 4x2 2026-07-22T17:04:14.681
ATTEMPT 309 W0 DONE 4x2 seed=1208230 nsol=16 0.01s 2026-07-22T17:04:14.696
ATTEMPT 310 W0 START 4x2 seed=1208231 2026-07-22T17:04:14.696
ATTEMPT 310 W0 SOLVE 4x2 2026-07-22T17:04:14.703
ATTEMPT 310 W0 DONE 4x2 seed=1208231 nsol=16 0.02s 2026-07-22T17:04:14.720
ATTEMPT 311 W0 START 4x2 seed=1208232 2026-07-22T17:04:14.720
ATTEMPT 311 W0 SOLVE 4x2 2026-07-22T17:04:14.727
ATTEMPT 311 W0 DONE 4x2 seed=1208232 nsol=16 0.01s 2026-07-22T17:04:14.738
ATTEMPT 312 W0 START 4x2 seed=1208233 2026-07-22T17:04:14.738
ATTEMPT 312 W0 SOLVE 4x2 2026-07-22T17:04:14.745
ATTEMPT 312 W0 DONE 4x2 seed=1208233 nsol=16 0.02s 2026-07-22T17:04:14.764
ATTEMPT 313 W0 START 4x2 seed=1208234 2026-07-22T17:04:14.764
ATTEMPT 313 W0 SOLVE 4x2 2026-07-22T17:04:14.772
ATTEMPT 313 W0 DONE 4x2 seed=1208234 nsol=16 0.01s 2026-07-22T17:04:14.780
ATTEMPT 314 W0 START 4x2 seed=1208235 2026-07-22T17:04:14.780
ATTEMPT 314 W0 SOLVE 4x2 2026-07-22T17:04:14.787
ATTEMPT 314 W0 DONE 4x2 seed=1208235 nsol=16 0.02s 2026-07-22T17:04:14.808
ATTEMPT 315 W0 START 4x2 seed=1208236 2026-07-22T17:04:14.808
ATTEMPT 315 W0 SOLVE 4x2 2026-07-22T17:04:14.818
ATTEMPT 315 W0 DONE 4x2 seed=1208236 nsol=16 0.02s 2026-07-22T17:04:14.836
ATTEMPT 316 W0 START 4x2 seed=1208237 2026-07-22T17:04:14.836
ATTEMPT 316 W0 SOLVE 4x2 2026-07-22T17:04:14.845
ATTEMPT 316 W0 DONE 4x2 seed=1208237 nsol=16 0.02s 2026-07-22T17:04:14.864
ATTEMPT 317 W0 START 4x2 seed=1208238 2026-07-22T17:04:14.864
ATTEMPT 317 W0 SOLVE 4x2 2026-07-22T17:04:14.872
ATTEMPT 317 W0 DONE 4x2 seed=1208238 nsol=16 0.02s 2026-07-22T17:04:14.888
ATTEMPT 318 W0 START 4x2 seed=1208239 2026-07-22T17:04:14.888
ATTEMPT 318 W0 SOLVE 4x2 2026-07-22T17:04:14.894
ATTEMPT 318 W0 DONE 4x2 seed=1208239 nsol=16 0.02s 2026-07-22T17:04:14.912
ATTEMPT 319 W0 START 4x2 seed=1208240 2026-07-22T17:04:14.912
ATTEMPT 319 W0 SOLVE 4x2 2026-07-22T17:04:14.918
ATTEMPT 319 W0 DONE 4x2 seed=1208240 nsol=16 0.01s 2026-07-22T17:04:14.932
ATTEMPT 320 W0 START 4x2 seed=1208241 2026-07-22T17:04:14.932
ATTEMPT 320 W0 SOLVE 4x2 2026-07-22T17:04:14.939
ATTEMPT 320 W0 DONE 4x2 seed=1208241 nsol=16 0.01s 2026-07-22T17:04:14.947
ATTEMPT 321 W0 START 4x2 seed=1208242 2026-07-22T17:04:14.947
ATTEMPT 321 W0 SOLVE 4x2 2026-07-22T17:04:14.954
ATTEMPT 321 W0 DONE 4x2 seed=1208242 nsol=16 0.02s 2026-07-22T17:04:14.973
ATTEMPT 322 W0 START 4x2 seed=1208243 2026-07-22T17:04:14.973
ATTEMPT 322 W0 SOLVE 4x2 2026-07-22T17:04:14.979
ATTEMPT 322 W0 DONE 4x2 seed=1208243 nsol=16 0.01s 2026-07-22T17:04:14.988
ATTEMPT 323 W0 START 4x2 seed=1208244 2026-07-22T17:04:14.988
ATTEMPT 323 W0 SOLVE 4x2 2026-07-22T17:04:14.995
ATTEMPT 323 W0 DONE 4x2 seed=1208244 nsol=16 0.02s 2026-07-22T17:04:15.012
ATTEMPT 324 W0 START 4x2 seed=1208245 2026-07-22T17:04:15.012
ATTEMPT 324 W0 SOLVE 4x2 2026-07-22T17:04:15.018
ATTEMPT 324 W0 DONE 4x2 seed=1208245 nsol=16 0.02s 2026-07-22T17:04:15.035
ATTEMPT 325 W0 START 4x2 seed=1208246 2026-07-22T17:04:15.036
ATTEMPT 325 W0 SOLVE 4x2 2026-07-22T17:04:15.043
ATTEMPT 325 W0 DONE 4x2 seed=1208246 nsol=16 0.01s 2026-07-22T17:04:15.056
ATTEMPT 326 W0 START 4x2 seed=1208247 2026-07-22T17:04:15.056
ATTEMPT 326 W0 SOLVE 4x2 2026-07-22T17:04:15.062
ATTEMPT 326 W0 DONE 4x2 seed=1208247 nsol=16 0.01s 2026-07-22T17:04:15.072
ATTEMPT 327 W0 START 4x2 seed=1208248 2026-07-22T17:04:15.072
ATTEMPT 327 W0 SOLVE 4x2 2026-07-22T17:04:15.078
ATTEMPT 327 W0 DONE 4x2 seed=1208248 nsol=16 0.01s 2026-07-22T17:04:15.092
ATTEMPT 328 W0 START 4x2 seed=1208249 2026-07-22T17:04:15.092
ATTEMPT 328 W0 SOLVE 4x2 2026-07-22T17:04:15.098
ATTEMPT 328 W0 DONE 4x2 seed=1208249 nsol=16 0.01s 2026-07-22T17:04:15.113
ATTEMPT 329 W0 START 4x2 seed=1208250 2026-07-22T17:04:15.113
ATTEMPT 329 W0 SOLVE 4x2 2026-07-22T17:04:15.119
ATTEMPT 329 W0 DONE 4x2 seed=1208250 nsol=16 0.01s 2026-07-22T17:04:15.133
ATTEMPT 330 W0 START 4x2 seed=1208251 2026-07-22T17:04:15.133
ATTEMPT 330 W0 SOLVE 4x2 2026-07-22T17:04:15.140
ATTEMPT 330 W0 DONE 4x2 seed=1208251 nsol=16 0.01s 2026-07-22T17:04:15.146
ATTEMPT 331 W0 START 4x2 seed=1208252 2026-07-22T17:04:15.146
ATTEMPT 331 W0 SOLVE 4x2 2026-07-22T17:04:15.153
ATTEMPT 331 W0 DONE 4x2 seed=1208252 nsol=16 0.01s 2026-07-22T17:04:15.168
ATTEMPT 332 W0 START 4x2 seed=1208253 2026-07-22T17:04:15.168
ATTEMPT 332 W0 SOLVE 4x2 2026-07-22T17:04:15.174
ATTEMPT 332 W0 DONE 4x2 seed=1208253 nsol=16 0.01s 2026-07-22T17:04:15.183
ATTEMPT 333 W0 START 4x2 seed=1208254 2026-07-22T17:04:15.184
ATTEMPT 333 W0 SOLVE 4x2 2026-07-22T17:04:15.190
ATTEMPT 333 W0 DONE 4x2 seed=1208254 nsol=16 0.02s 2026-07-22T17:04:15.208
ATTEMPT 334 W0 START 4x2 seed=1208255 2026-07-22T17:04:15.208
ATTEMPT 334 W0 SOLVE 4x2 2026-07-22T17:04:15.215
ATTEMPT 334 W0 DONE 4x2 seed=1208255 nsol=16 0.01s 2026-07-22T17:04:15.227
ATTEMPT 335 W0 START 4x2 seed=1208256 2026-07-22T17:04:15.228
ATTEMPT 335 W0 SOLVE 4x2 2026-07-22T17:04:15.235
ATTEMPT 335 W0 DONE 4x2 seed=1208256 nsol=16 0.01s 2026-07-22T17:04:15.244
ATTEMPT 336 W0 START 4x2 seed=1208257 2026-07-22T17:04:15.244
ATTEMPT 336 W0 SOLVE 4x2 2026-07-22T17:04:15.251
ATTEMPT 336 W0 DONE 4x2 seed=1208257 nsol=16 0.01s 2026-07-22T17:04:15.259
ATTEMPT 337 W0 START 4x2 seed=1208258 2026-07-22T17:04:15.260
ATTEMPT 337 W0 SOLVE 4x2 2026-07-22T17:04:15.268
ATTEMPT 337 W0 DONE 4x2 seed=1208258 nsol=16 0.02s 2026-07-22T17:04:15.288
ATTEMPT 338 W0 START 4x2 seed=1208259 2026-07-22T17:04:15.288
ATTEMPT 338 W0 SOLVE 4x2 2026-07-22T17:04:15.298
ATTEMPT 338 W0 DONE 4x2 seed=1208259 nsol=16 0.02s 2026-07-22T17:04:15.320
ATTEMPT 339 W0 START 4x2 seed=1208260 2026-07-22T17:04:15.321
ATTEMPT 339 W0 SOLVE 4x2 2026-07-22T17:04:15.330
ATTEMPT 339 W0 DONE 4x2 seed=1208260 nsol=16 0.02s 2026-07-22T17:04:15.348
ATTEMPT 340 W0 START 4x2 seed=1208261 2026-07-22T17:04:15.348
ATTEMPT 340 W0 SOLVE 4x2 2026-07-22T17:04:15.355
ATTEMPT 340 W0 DONE 4x2 seed=1208261 nsol=16 0.01s 2026-07-22T17:04:15.364
ATTEMPT 341 W0 START 4x2 seed=1208262 2026-07-22T17:04:15.364
ATTEMPT 341 W0 SOLVE 4x2 2026-07-22T17:04:15.371
ATTEMPT 341 W0 DONE 4x2 seed=1208262 nsol=16 0.02s 2026-07-22T17:04:15.388
ATTEMPT 342 W0 START 4x2 seed=1208263 2026-07-22T17:04:15.388
ATTEMPT 342 W0 SOLVE 4x2 2026-07-22T17:04:15.397
ATTEMPT 342 W0 DONE 4x2 seed=1208263 nsol=16 0.02s 2026-07-22T17:04:15.416
ATTEMPT 343 W0 START 4x2 seed=1208264 2026-07-22T17:04:15.416
ATTEMPT 343 W0 SOLVE 4x2 2026-07-22T17:04:15.426
ATTEMPT 343 W0 DONE 4x2 seed=1208264 nsol=16 0.02s 2026-07-22T17:04:15.444
ATTEMPT 344 W0 START 4x2 seed=1208265 2026-07-22T17:04:15.444
ATTEMPT 344 W0 SOLVE 4x2 2026-07-22T17:04:15.453
ATTEMPT 344 W0 DONE 4x2 seed=1208265 nsol=16 0.01s 2026-07-22T17:04:15.463
ATTEMPT 345 W0 START 4x2 seed=1208266 2026-07-22T17:04:15.463
ATTEMPT 345 W0 SOLVE 4x2 2026-07-22T17:04:15.472
ATTEMPT 345 W0 DONE 4x2 seed=1208266 nsol=16 0.03s 2026-07-22T17:04:15.500
ATTEMPT 346 W0 START 4x2 seed=1208267 2026-07-22T17:04:15.500
ATTEMPT 346 W0 SOLVE 4x2 2026-07-22T17:04:15.509
ATTEMPT 346 W0 DONE 4x2 seed=1208267 nsol=16 0.02s 2026-07-22T17:04:15.528
ATTEMPT 347 W0 START 4x2 seed=1208268 2026-07-22T17:04:15.528
ATTEMPT 347 W0 SOLVE 4x2 2026-07-22T17:04:15.536
ATTEMPT 347 W0 DONE 4x2 seed=1208268 nsol=16 0.02s 2026-07-22T17:04:15.552
ATTEMPT 348 W0 START 4x2 seed=1208269 2026-07-22T17:04:15.552
ATTEMPT 348 W0 SOLVE 4x2 2026-07-22T17:04:15.562
ATTEMPT 348 W0 DONE 4x2 seed=1208269 nsol=16 0.01s 2026-07-22T17:04:15.571
ATTEMPT 349 W0 START 4x2 seed=1208270 2026-07-22T17:04:15.571
ATTEMPT 349 W0 SOLVE 4x2 2026-07-22T17:04:15.579
ATTEMPT 349 W0 DONE 4x2 seed=1208270 nsol=16 0.01s 2026-07-22T17:04:15.588
ATTEMPT 350 W0 START 4x2 seed=1208271 2026-07-22T17:04:15.588
ATTEMPT 350 W0 SOLVE 4x2 2026-07-22T17:04:15.596
ATTEMPT 350 W0 DONE 4x2 seed=1208271 nsol=16 0.02s 2026-07-22T17:04:15.612
ATTEMPT 351 W0 START 4x2 seed=1208272 2026-07-22T17:04:15.613
ATTEMPT 351 W0 SOLVE 4x2 2026-07-22T17:04:15.619
ATTEMPT 351 W0 DONE 4x2 seed=1208272 nsol=16 0.03s 2026-07-22T17:04:15.648
ATTEMPT 352 W0 START 4x2 seed=1208273 2026-07-22T17:04:15.648
ATTEMPT 352 W0 SOLVE 4x2 2026-07-22T17:04:15.657
ATTEMPT 352 W0 DONE 4x2 seed=1208273 nsol=16 0.01s 2026-07-22T17:04:15.672
ATTEMPT 353 W0 START 4x2 seed=1208274 2026-07-22T17:04:15.673
ATTEMPT 353 W0 SOLVE 4x2 2026-07-22T17:04:15.679
ATTEMPT 353 W0 DONE 4x2 seed=1208274 nsol=16 0.02s 2026-07-22T17:04:15.696
ATTEMPT 354 W0 START 4x2 seed=1208275 2026-07-22T17:04:15.696
ATTEMPT 354 W0 SOLVE 4x2 2026-07-22T17:04:15.706
ATTEMPT 354 W0 DONE 4x2 seed=1208275 nsol=16 0.02s 2026-07-22T17:04:15.724
ATTEMPT 355 W0 START 4x2 seed=1208276 2026-07-22T17:04:15.724
ATTEMPT 355 W0 SOLVE 4x2 2026-07-22T17:04:15.734
ATTEMPT 355 W0 DONE 4x2 seed=1208276 nsol=16 0.02s 2026-07-22T17:04:15.752
ATTEMPT 356 W0 START 4x2 seed=1208277 2026-07-22T17:04:15.752
ATTEMPT 356 W0 SOLVE 4x2 2026-07-22T17:04:15.758
ATTEMPT 356 W0 DONE 4x2 seed=1208277 nsol=16 0.02s 2026-07-22T17:04:15.776
ATTEMPT 357 W0 START 4x2 seed=1208278 2026-07-22T17:04:15.776
ATTEMPT 357 W0 SOLVE 4x2 2026-07-22T17:04:15.785
ATTEMPT 357 W0 DONE 4x2 seed=1208278 nsol=16 0.02s 2026-07-22T17:04:15.807
ATTEMPT 358 W0 START 4x2 seed=1208279 2026-07-22T17:04:15.808
ATTEMPT 358 W0 SOLVE 4x2 2026-07-22T17:04:15.817
ATTEMPT 358 W0 DONE 4x2 seed=1208279 nsol=16 0.01s 2026-07-22T17:04:15.824
ATTEMPT 359 W0 START 4x2 seed=1208280 2026-07-22T17:04:15.825
ATTEMPT 359 W0 SOLVE 4x2 2026-07-22T17:04:15.831
ATTEMPT 359 W0 DONE 4x2 seed=1208280 nsol=16 0.01s 2026-07-22T17:04:15.840
ATTEMPT 360 W0 START 4x2 seed=1208281 2026-07-22T17:04:15.840
ATTEMPT 360 W0 SOLVE 4x2 2026-07-22T17:04:15.847
ATTEMPT 360 W0 DONE 4x2 seed=1208281 nsol=16 0.01s 2026-07-22T17:04:15.856
ATTEMPT 361 W0 START 4x2 seed=1208282 2026-07-22T17:04:15.856
ATTEMPT 361 W0 SOLVE 4x2 2026-07-22T17:04:15.864
ATTEMPT 361 W0 DONE 4x2 seed=1208282 nsol=16 0.02s 2026-07-22T17:04:15.883
ATTEMPT 362 W0 START 4x2 seed=1208283 2026-07-22T17:04:15.883
ATTEMPT 362 W0 SOLVE 4x2 2026-07-22T17:04:15.890
ATTEMPT 362 W0 DONE 4x2 seed=1208283 nsol=16 0.01s 2026-07-22T17:04:15.904
ATTEMPT 363 W0 START 4x2 seed=1208284 2026-07-22T17:04:15.905
ATTEMPT 363 W0 SOLVE 4x2 2026-07-22T17:04:15.911
ATTEMPT 363 W0 DONE 4x2 seed=1208284 nsol=16 0.01s 2026-07-22T17:04:15.925
ATTEMPT 364 W0 START 4x2 seed=1208285 2026-07-22T17:04:15.925
ATTEMPT 364 W0 SOLVE 4x2 2026-07-22T17:04:15.933
ATTEMPT 364 W0 DONE 4x2 seed=1208285 nsol=16 0.01s 2026-07-22T17:04:15.941
ATTEMPT 365 W0 START 4x2 seed=1208286 2026-07-22T17:04:15.942
ATTEMPT 365 W0 SOLVE 4x2 2026-07-22T17:04:15.951
ATTEMPT 365 W0 DONE 4x2 seed=1208286 nsol=16 0.02s 2026-07-22T17:04:15.968
ATTEMPT 366 W0 START 4x2 seed=1208287 2026-07-22T17:04:15.968
ATTEMPT 366 W0 SOLVE 4x2 2026-07-22T17:04:15.975
ATTEMPT 366 W0 DONE 4x2 seed=1208287 nsol=16 0.02s 2026-07-22T17:04:15.996
ATTEMPT 367 W0 START 4x2 seed=1208288 2026-07-22T17:04:15.996
ATTEMPT 367 W0 SOLVE 4x2 2026-07-22T17:04:16.007
ATTEMPT 367 W0 DONE 4x2 seed=1208288 nsol=16 0.01s 2026-07-22T17:04:16.016
ATTEMPT 368 W0 START 4x2 seed=1208289 2026-07-22T17:04:16.017
ATTEMPT 368 W0 SOLVE 4x2 2026-07-22T17:04:16.026
ATTEMPT 368 W0 DONE 4x2 seed=1208289 nsol=16 0.01s 2026-07-22T17:04:16.036
ATTEMPT 369 W0 START 4x2 seed=1208290 2026-07-22T17:04:16.036
ATTEMPT 369 W0 SOLVE 4x2 2026-07-22T17:04:16.045
ATTEMPT 369 W0 DONE 4x2 seed=1208290 nsol=16 0.02s 2026-07-22T17:04:16.061
ATTEMPT 370 W0 START 4x2 seed=1208291 2026-07-22T17:04:16.061
ATTEMPT 370 W0 SOLVE 4x2 2026-07-22T17:04:16.070
ATTEMPT 370 W0 DONE 4x2 seed=1208291 nsol=16 0.01s 2026-07-22T17:04:16.079
ATTEMPT 371 W0 START 4x2 seed=1208292 2026-07-22T17:04:16.079
ATTEMPT 371 W0 SOLVE 4x2 2026-07-22T17:04:16.087
ATTEMPT 371 W0 DONE 4x2 seed=1208292 nsol=16 0.02s 2026-07-22T17:04:16.104
ATTEMPT 372 W0 START 4x2 seed=1208293 2026-07-22T17:04:16.104
ATTEMPT 372 W0 SOLVE 4x2 2026-07-22T17:04:16.113
ATTEMPT 372 W0 DONE 4x2 seed=1208293 nsol=16 0.02s 2026-07-22T17:04:16.132
ATTEMPT 373 W0 START 4x2 seed=1208294 2026-07-22T17:04:16.132
ATTEMPT 373 W0 SOLVE 4x2 2026-07-22T17:04:16.139
ATTEMPT 373 W0 DONE 4x2 seed=1208294 nsol=16 0.01s 2026-07-22T17:04:16.152
ATTEMPT 374 W0 START 4x2 seed=1208295 2026-07-22T17:04:16.153
ATTEMPT 374 W0 SOLVE 4x2 2026-07-22T17:04:16.161
ATTEMPT 374 W0 DONE 4x2 seed=1208295 nsol=16 0.01s 2026-07-22T17:04:16.172
ATTEMPT 375 W0 START 4x2 seed=1208296 2026-07-22T17:04:16.172
ATTEMPT 375 W0 SOLVE 4x2 2026-07-22T17:04:16.181
ATTEMPT 375 W0 DONE 4x2 seed=1208296 nsol=16 0.01s 2026-07-22T17:04:16.192
ATTEMPT 376 W0 START 4x2 seed=1208297 2026-07-22T17:04:16.193
ATTEMPT 376 W0 SOLVE 4x2 2026-07-22T17:04:16.202
ATTEMPT 376 W0 DONE 4x2 seed=1208297 nsol=16 0.02s 2026-07-22T17:04:16.220
ATTEMPT 377 W0 START 4x2 seed=1208298 2026-07-22T17:04:16.220
ATTEMPT 377 W0 SOLVE 4x2 2026-07-22T17:04:16.227
ATTEMPT 377 W0 DONE 4x2 seed=1208298 nsol=16 0.01s 2026-07-22T17:04:16.239
ATTEMPT 378 W0 START 4x2 seed=1208299 2026-07-22T17:04:16.239
ATTEMPT 378 W0 SOLVE 4x2 2026-07-22T17:04:16.246
ATTEMPT 378 W0 DONE 4x2 seed=1208299 nsol=16 0.02s 2026-07-22T17:04:16.268
ATTEMPT 379 W0 START 4x2 seed=1208300 2026-07-22T17:04:16.268
ATTEMPT 379 W0 SOLVE 4x2 2026-07-22T17:04:16.275
ATTEMPT 379 W0 DONE 4x2 seed=1208300 nsol=16 0.02s 2026-07-22T17:04:16.291
ATTEMPT 380 W0 START 4x2 seed=1208301 2026-07-22T17:04:16.293
ATTEMPT 380 W0 SOLVE 4x2 2026-07-22T17:04:16.302
ATTEMPT 380 W0 DONE 4x2 seed=1208301 nsol=16 0.01s 2026-07-22T17:04:16.309
ATTEMPT 381 W0 START 4x2 seed=1208302 2026-07-22T17:04:16.309
ATTEMPT 381 W0 SOLVE 4x2 2026-07-22T17:04:16.316
ATTEMPT 381 W0 DONE 4x2 seed=1208302 nsol=16 0.02s 2026-07-22T17:04:16.332
ATTEMPT 382 W0 START 4x2 seed=1208303 2026-07-22T17:04:16.333
ATTEMPT 382 W0 SOLVE 4x2 2026-07-22T17:04:16.339
ATTEMPT 382 W0 DONE 4x2 seed=1208303 nsol=16 0.01s 2026-07-22T17:04:16.351
ATTEMPT 383 W0 START 4x2 seed=1208304 2026-07-22T17:04:16.351
ATTEMPT 383 W0 SOLVE 4x2 2026-07-22T17:04:16.436
ATTEMPT 383 W0 DONE 4x2 seed=1208304 nsol=16 0.01s 2026-07-22T17:04:16.448
ATTEMPT 384 W0 START 4x2 seed=1208305 2026-07-22T17:04:16.448
ATTEMPT 384 W0 SOLVE 4x2 2026-07-22T17:04:16.457
ATTEMPT 384 W0 DONE 4x2 seed=1208305 nsol=16 0.02s 2026-07-22T17:04:16.477
ATTEMPT 385 W0 START 4x2 seed=1208306 2026-07-22T17:04:16.477
ATTEMPT 385 W0 SOLVE 4x2 2026-07-22T17:04:16.487
ATTEMPT 385 W0 DONE 4x2 seed=1208306 nsol=16 0.02s 2026-07-22T17:04:16.504
ATTEMPT 386 W0 START 4x2 seed=1208307 2026-07-22T17:04:16.504
ATTEMPT 386 W0 SOLVE 4x2 2026-07-22T17:04:16.513
ATTEMPT 386 W0 DONE 4x2 seed=1208307 nsol=16 0.02s 2026-07-22T17:04:16.532
ATTEMPT 387 W0 START 4x2 seed=1208308 2026-07-22T17:04:16.532
ATTEMPT 387 W0 SOLVE 4x2 2026-07-22T17:04:16.538
ATTEMPT 387 W0 DONE 4x2 seed=1208308 nsol=16 0.02s 2026-07-22T17:04:16.556
ATTEMPT 388 W0 START 4x2 seed=1208309 2026-07-22T17:04:16.556
ATTEMPT 388 W0 SOLVE 4x2 2026-07-22T17:04:16.565
ATTEMPT 388 W0 DONE 4x2 seed=1208309 nsol=16 0.01s 2026-07-22T17:04:16.574
ATTEMPT 389 W0 START 4x2 seed=1208310 2026-07-22T17:04:16.574
ATTEMPT 389 W0 SOLVE 4x2 2026-07-22T17:04:16.582
ATTEMPT 389 W0 DONE 4x2 seed=1208310 nsol=16 0.01s 2026-07-22T17:04:16.596
ATTEMPT 390 W0 START 4x2 seed=1208311 2026-07-22T17:04:16.596
ATTEMPT 390 W0 SOLVE 4x2 2026-07-22T17:04:16.604
ATTEMPT 390 W0 DONE 4x2 seed=1208311 nsol=16 0.01s 2026-07-22T17:04:16.619
ATTEMPT 391 W0 START 4x2 seed=1208312 2026-07-22T17:04:16.619
ATTEMPT 391 W0 SOLVE 4x2 2026-07-22T17:04:16.629
ATTEMPT 391 W0 DONE 4x2 seed=1208312 nsol=16 0.01s 2026-07-22T17:04:16.641
ATTEMPT 392 W0 START 4x2 seed=1208313 2026-07-22T17:04:16.641
ATTEMPT 392 W0 SOLVE 4x2 2026-07-22T17:04:16.647
ATTEMPT 392 W0 DONE 4x2 seed=1208313 nsol=16 0.02s 2026-07-22T17:04:16.665
ATTEMPT 393 W0 START 4x2 seed=1208314 2026-07-22T17:04:16.665
ATTEMPT 393 W0 SOLVE 4x2 2026-07-22T17:04:16.673
ATTEMPT 393 W0 DONE 4x2 seed=1208314 nsol=16 0.01s 2026-07-22T17:04:16.685
ATTEMPT 394 W0 START 4x2 seed=1208315 2026-07-22T17:04:16.685
ATTEMPT 394 W0 SOLVE 4x2 2026-07-22T17:04:16.694
ATTEMPT 394 W0 DONE 4x2 seed=1208315 nsol=16 0.01s 2026-07-22T17:04:16.702
ATTEMPT 395 W0 START 4x2 seed=1208316 2026-07-22T17:04:16.703
ATTEMPT 395 W0 SOLVE 4x2 2026-07-22T17:04:16.713
ATTEMPT 395 W0 DONE 4x2 seed=1208316 nsol=16 0.01s 2026-07-22T17:04:16.728
ATTEMPT 396 W0 START 4x2 seed=1208317 2026-07-22T17:04:16.728
ATTEMPT 396 W0 SOLVE 4x2 2026-07-22T17:04:16.737
ATTEMPT 396 W0 DONE 4x2 seed=1208317 nsol=16 0.02s 2026-07-22T17:04:16.756
ATTEMPT 397 W0 START 4x2 seed=1208318 2026-07-22T17:04:16.756
ATTEMPT 397 W0 SOLVE 4x2 2026-07-22T17:04:16.765
ATTEMPT 397 W0 DONE 4x2 seed=1208318 nsol=16 0.02s 2026-07-22T17:04:16.784
ATTEMPT 398 W0 START 4x2 seed=1208319 2026-07-22T17:04:16.784
ATTEMPT 398 W0 SOLVE 4x2 2026-07-22T17:04:16.794
ATTEMPT 398 W0 DONE 4x2 seed=1208319 nsol=16 0.01s 2026-07-22T17:04:16.803
ATTEMPT 399 W0 START 4x2 seed=1208320 2026-07-22T17:04:16.803
ATTEMPT 399 W0 SOLVE 4x2 2026-07-22T17:04:16.812
ATTEMPT 399 W0 DONE 4x2 seed=1208320 nsol=16 0.02s 2026-07-22T17:04:16.831
ATTEMPT 400 W0 START 4x2 seed=1208321 2026-07-22T17:04:16.832
ATTEMPT 400 W0 SOLVE 4x2 2026-07-22T17:04:16.838
ATTEMPT 400 W0 DONE 4x2 seed=1208321 nsol=16 0.01s 2026-07-22T17:04:16.845
ATTEMPT 401 W0 START 4x2 seed=1208322 2026-07-22T17:04:16.846
ATTEMPT 401 W0 SOLVE 4x2 2026-07-22T17:04:16.852
ATTEMPT 401 W0 DONE 4x2 seed=1208322 nsol=16 0.02s 2026-07-22T17:04:16.869
ATTEMPT 402 W0 START 4x2 seed=1208323 2026-07-22T17:04:16.870
ATTEMPT 402 W0 SOLVE 4x2 2026-07-22T17:04:16.876
ATTEMPT 402 W0 DONE 4x2 seed=1208323 nsol=16 0.01s 2026-07-22T17:04:16.884
ATTEMPT 403 W0 START 4x2 seed=1208324 2026-07-22T17:04:16.884
ATTEMPT 403 W0 SOLVE 4x2 2026-07-22T17:04:16.891
ATTEMPT 403 W0 DONE 4x2 seed=1208324 nsol=16 0.01s 2026-07-22T17:04:16.900
ATTEMPT 404 W0 START 4x2 seed=1208325 2026-07-22T17:04:16.900
ATTEMPT 404 W0 SOLVE 4x2 2026-07-22T17:04:16.908
ATTEMPT 404 W0 DONE 4x2 seed=1208325 nsol=16 0.02s 2026-07-22T17:04:16.928
ATTEMPT 405 W0 START 4x2 seed=1208326 2026-07-22T17:04:16.928
ATTEMPT 405 W0 SOLVE 4x2 2026-07-22T17:04:16.935
ATTEMPT 405 W0 DONE 4x2 seed=1208326 nsol=16 0.02s 2026-07-22T17:04:16.956
ATTEMPT 406 W0 START 4x2 seed=1208327 2026-07-22T17:04:16.956
ATTEMPT 406 W0 SOLVE 4x2 2026-07-22T17:04:16.964
ATTEMPT 406 W0 DONE 4x2 seed=1208327 nsol=16 0.02s 2026-07-22T17:04:16.989
ATTEMPT 407 W0 START 4x2 seed=1208328 2026-07-22T17:04:16.989
ATTEMPT 407 W0 SOLVE 4x2 2026-07-22T17:04:16.998
ATTEMPT 407 W0 DONE 4x2 seed=1208328 nsol=16 0.01s 2026-07-22T17:04:17.009
ATTEMPT 408 W0 START 4x2 seed=1208329 2026-07-22T17:04:17.009
ATTEMPT 408 W0 SOLVE 4x2 2026-07-22T17:04:17.015
ATTEMPT 408 W0 DONE 4x2 seed=1208329 nsol=16 0.01s 2026-07-22T17:04:17.024
ATTEMPT 409 W0 START 4x2 seed=1208330 2026-07-22T17:04:17.024
ATTEMPT 409 W0 SOLVE 4x2 2026-07-22T17:04:17.030
ATTEMPT 409 W0 DONE 4x2 seed=1208330 nsol=16 0.01s 2026-07-22T17:04:17.044
ATTEMPT 410 W0 START 4x2 seed=1208331 2026-07-22T17:04:17.044
ATTEMPT 410 W0 SOLVE 4x2 2026-07-22T17:04:17.051
ATTEMPT 410 W0 DONE 4x2 seed=1208331 nsol=16 0.01s 2026-07-22T17:04:17.058
ATTEMPT 411 W0 START 4x2 seed=1208332 2026-07-22T17:04:17.059
ATTEMPT 411 W0 SOLVE 4x2 2026-07-22T17:04:17.065
ATTEMPT 411 W0 DONE 4x2 seed=1208332 nsol=16 0.02s 2026-07-22T17:04:17.084
ATTEMPT 412 W0 START 4x2 seed=1208333 2026-07-22T17:04:17.084
ATTEMPT 412 W0 SOLVE 4x2 2026-07-22T17:04:17.091
ATTEMPT 412 W0 DONE 4x2 seed=1208333 nsol=16 0.01s 2026-07-22T17:04:17.099
ATTEMPT 413 W0 START 4x2 seed=1208334 2026-07-22T17:04:17.099
ATTEMPT 413 W0 SOLVE 4x2 2026-07-22T17:04:17.106
ATTEMPT 413 W0 DONE 4x2 seed=1208334 nsol=16 0.02s 2026-07-22T17:04:17.124
ATTEMPT 414 W0 START 4x2 seed=1208335 2026-07-22T17:04:17.124
ATTEMPT 414 W0 SOLVE 4x2 2026-07-22T17:04:17.130
ATTEMPT 414 W0 DONE 4x2 seed=1208335 nsol=16 0.02s 2026-07-22T17:04:17.147
ATTEMPT 415 W0 START 4x2 seed=1208336 2026-07-22T17:04:17.147
ATTEMPT 415 W0 SOLVE 4x2 2026-07-22T17:04:17.153
ATTEMPT 415 W0 DONE 4x2 seed=1208336 nsol=16 0.01s 2026-07-22T17:04:17.158
ATTEMPT 416 W0 START 4x2 seed=1208337 2026-07-22T17:04:17.158
ATTEMPT 416 W0 SOLVE 4x2 2026-07-22T17:04:17.168
ATTEMPT 416 W0 DONE 4x2 seed=1208337 nsol=16 0.02s 2026-07-22T17:04:17.184
ATTEMPT 417 W0 START 4x2 seed=1208338 2026-07-22T17:04:17.184
ATTEMPT 417 W0 SOLVE 4x2 2026-07-22T17:04:17.191
ATTEMPT 417 W0 DONE 4x2 seed=1208338 nsol=16 0.01s 2026-07-22T17:04:17.198
ATTEMPT 418 W0 START 4x2 seed=1208339 2026-07-22T17:04:17.198
ATTEMPT 418 W0 SOLVE 4x2 2026-07-22T17:04:17.203
ATTEMPT 418 W0 DONE 4x2 seed=1208339 nsol=16 0.01s 2026-07-22T17:04:17.214
ATTEMPT 419 W0 START 4x2 seed=1208340 2026-07-22T17:04:17.214
ATTEMPT 419 W0 SOLVE 4x2 2026-07-22T17:04:17.223
ATTEMPT 419 W0 DONE 4x2 seed=1208340 nsol=16 0.02s 2026-07-22T17:04:17.240
ATTEMPT 420 W0 START 4x2 seed=1208341 2026-07-22T17:04:17.240
ATTEMPT 420 W0 SOLVE 4x2 2026-07-22T17:04:17.246
ATTEMPT 420 W0 DONE 4x2 seed=1208341 nsol=16 0.01s 2026-07-22T17:04:17.251
ATTEMPT 421 W0 START 4x2 seed=1208342 2026-07-22T17:04:17.252
ATTEMPT 421 W0 SOLVE 4x2 2026-07-22T17:04:17.258
ATTEMPT 421 W0 DONE 4x2 seed=1208342 nsol=16 0.01s 2026-07-22T17:04:17.270
ATTEMPT 422 W0 START 4x2 seed=1208343 2026-07-22T17:04:17.270
ATTEMPT 422 W0 SOLVE 4x2 2026-07-22T17:04:17.276
ATTEMPT 422 W0 DONE 4x2 seed=1208343 nsol=16 0.01s 2026-07-22T17:04:17.284
ATTEMPT 423 W0 START 4x2 seed=1208344 2026-07-22T17:04:17.284
ATTEMPT 423 W0 SOLVE 4x2 2026-07-22T17:04:17.290
ATTEMPT 423 W0 DONE 4x2 seed=1208344 nsol=16 0.01s 2026-07-22T17:04:17.300
ATTEMPT 424 W0 START 4x2 seed=1208345 2026-07-22T17:04:17.300
ATTEMPT 424 W0 SOLVE 4x2 2026-07-22T17:04:17.305
ATTEMPT 424 W0 DONE 4x2 seed=1208345 nsol=16 0.01s 2026-07-22T17:04:17.314
ATTEMPT 425 W0 START 4x2 seed=1208346 2026-07-22T17:04:17.315
ATTEMPT 425 W0 SOLVE 4x2 2026-07-22T17:04:17.320
ATTEMPT 425 W0 DONE 4x2 seed=1208346 nsol=16 0.01s 2026-07-22T17:04:17.332
ATTEMPT 426 W0 START 4x2 seed=1208347 2026-07-22T17:04:17.332
ATTEMPT 426 W0 SOLVE 4x2 2026-07-22T17:04:17.341
ATTEMPT 426 W0 DONE 4x2 seed=1208347 nsol=16 0.01s 2026-07-22T17:04:17.352
ATTEMPT 427 W0 START 4x2 seed=1208348 2026-07-22T17:04:17.352
ATTEMPT 427 W0 SOLVE 4x2 2026-07-22T17:04:17.359
ATTEMPT 427 W0 DONE 4x2 seed=1208348 nsol=16 0.01s 2026-07-22T17:04:17.371
ATTEMPT 428 W0 START 4x2 seed=1208349 2026-07-22T17:04:17.372
ATTEMPT 428 W0 SOLVE 4x2 2026-07-22T17:04:17.378
ATTEMPT 428 W0 DONE 4x2 seed=1208349 nsol=16 0.00s 2026-07-22T17:04:17.383
ATTEMPT 429 W0 START 4x2 seed=1208350 2026-07-22T17:04:17.383
ATTEMPT 429 W0 SOLVE 4x2 2026-07-22T17:04:17.388
ATTEMPT 429 W0 DONE 4x2 seed=1208350 nsol=16 0.01s 2026-07-22T17:04:17.394
ATTEMPT 430 W0 START 4x2 seed=1208351 2026-07-22T17:04:17.394
ATTEMPT 430 W0 SOLVE 4x2 2026-07-22T17:04:17.400
ATTEMPT 430 W0 DONE 4x2 seed=1208351 nsol=16 0.02s 2026-07-22T17:04:17.417
ATTEMPT 431 W0 START 4x2 seed=1208352 2026-07-22T17:04:17.417
ATTEMPT 431 W0 SOLVE 4x2 2026-07-22T17:04:17.423
ATTEMPT 431 W0 DONE 4x2 seed=1208352 nsol=16 0.01s 2026-07-22T17:04:17.432
ATTEMPT 432 W0 START 4x2 seed=1208353 2026-07-22T17:04:17.432
ATTEMPT 432 W0 SOLVE 4x2 2026-07-22T17:04:17.438
ATTEMPT 432 W0 DONE 4x2 seed=1208353 nsol=16 0.01s 2026-07-22T17:04:17.448
ATTEMPT 433 W0 START 4x2 seed=1208354 2026-07-22T17:04:17.449
ATTEMPT 433 W0 SOLVE 4x2 2026-07-22T17:04:17.454
ATTEMPT 433 W0 DONE 4x2 seed=1208354 nsol=16 0.01s 2026-07-22T17:04:17.462
ATTEMPT 434 W0 START 4x2 seed=1208355 2026-07-22T17:04:17.462
ATTEMPT 434 W0 SOLVE 4x2 2026-07-22T17:04:17.470
ATTEMPT 434 W0 DONE 4x2 seed=1208355 nsol=16 0.01s 2026-07-22T17:04:17.480
ATTEMPT 435 W0 START 4x2 seed=1208356 2026-07-22T17:04:17.480
ATTEMPT 435 W0 SOLVE 4x2 2026-07-22T17:04:17.487
ATTEMPT 435 W0 DONE 4x2 seed=1208356 nsol=16 0.01s 2026-07-22T17:04:17.496
ATTEMPT 436 W0 START 4x2 seed=1208357 2026-07-22T17:04:17.496
ATTEMPT 436 W0 SOLVE 4x2 2026-07-22T17:04:17.502
ATTEMPT 436 W0 DONE 4x2 seed=1208357 nsol=16 0.02s 2026-07-22T17:04:17.520
ATTEMPT 437 W0 START 4x2 seed=1208358 2026-07-22T17:04:17.520
ATTEMPT 437 W0 SOLVE 4x2 2026-07-22T17:04:17.528
ATTEMPT 437 W0 DONE 4x2 seed=1208358 nsol=16 0.02s 2026-07-22T17:04:17.544
ATTEMPT 438 W0 START 4x2 seed=1208359 2026-07-22T17:04:17.544
ATTEMPT 438 W0 SOLVE 4x2 2026-07-22T17:04:17.550
ATTEMPT 438 W0 DONE 4x2 seed=1208359 nsol=16 0.01s 2026-07-22T17:04:17.564
ATTEMPT 439 W0 START 4x2 seed=1208360 2026-07-22T17:04:17.564
ATTEMPT 439 W0 SOLVE 4x2 2026-07-22T17:04:17.570
ATTEMPT 439 W0 DONE 4x2 seed=1208360 nsol=16 0.02s 2026-07-22T17:04:17.586
ATTEMPT 440 W0 START 4x2 seed=1208361 2026-07-22T17:04:17.587
ATTEMPT 440 W0 SOLVE 4x2 2026-07-22T17:04:17.596
ATTEMPT 440 W0 DONE 4x2 seed=1208361 nsol=16 0.01s 2026-07-22T17:04:17.604
ATTEMPT 441 W0 START 4x2 seed=1208362 2026-07-22T17:04:17.604
ATTEMPT 441 W0 SOLVE 4x2 2026-07-22T17:04:17.613
ATTEMPT 441 W0 DONE 4x2 seed=1208362 nsol=16 0.02s 2026-07-22T17:04:17.634
ATTEMPT 442 W0 START 4x2 seed=1208363 2026-07-22T17:04:17.635
ATTEMPT 442 W0 SOLVE 4x2 2026-07-22T17:04:17.642
ATTEMPT 442 W0 DONE 4x2 seed=1208363 nsol=16 0.00s 2026-07-22T17:04:17.647
ATTEMPT 443 W0 START 4x2 seed=1208364 2026-07-22T17:04:17.647
ATTEMPT 443 W0 SOLVE 4x2 2026-07-22T17:04:17.653
ATTEMPT 443 W0 DONE 4x2 seed=1208364 nsol=16 0.01s 2026-07-22T17:04:17.664
ATTEMPT 444 W0 START 4x2 seed=1208365 2026-07-22T17:04:17.665
ATTEMPT 444 W0 SOLVE 4x2 2026-07-22T17:04:17.671
ATTEMPT 444 W0 DONE 4x2 seed=1208365 nsol=16 0.01s 2026-07-22T17:04:17.678
ATTEMPT 445 W0 START 4x2 seed=1208366 2026-07-22T17:04:17.678
ATTEMPT 445 W0 SOLVE 4x2 2026-07-22T17:04:17.685
ATTEMPT 445 W0 DONE 4x2 seed=1208366 nsol=16 0.02s 2026-07-22T17:04:17.700
ATTEMPT 446 W0 START 4x2 seed=1208367 2026-07-22T17:04:17.700
ATTEMPT 446 W0 SOLVE 4x2 2026-07-22T17:04:17.708
ATTEMPT 446 W0 DONE 4x2 seed=1208367 nsol=16 0.02s 2026-07-22T17:04:17.728
ATTEMPT 447 W0 START 4x2 seed=1208368 2026-07-22T17:04:17.728
ATTEMPT 447 W0 SOLVE 4x2 2026-07-22T17:04:17.734
ATTEMPT 447 W0 DONE 4x2 seed=1208368 nsol=16 0.02s 2026-07-22T17:04:17.753
ATTEMPT 448 W0 START 4x2 seed=1208369 2026-07-22T17:04:17.753
ATTEMPT 448 W0 SOLVE 4x2 2026-07-22T17:04:17.758
ATTEMPT 448 W0 DONE 4x2 seed=1208369 nsol=16 0.00s 2026-07-22T17:04:17.763
ATTEMPT 449 W0 START 4x2 seed=1208370 2026-07-22T17:04:17.763
ATTEMPT 449 W0 SOLVE 4x2 2026-07-22T17:04:17.771
ATTEMPT 449 W0 DONE 4x2 seed=1208370 nsol=16 0.08s 2026-07-22T17:04:17.850
ATTEMPT 450 W0 START 4x2 seed=1208371 2026-07-22T17:04:17.851
ATTEMPT 450 W0 SOLVE 4x2 2026-07-22T17:04:17.859
ATTEMPT 450 W0 DONE 4x2 seed=1208371 nsol=16 0.01s 2026-07-22T17:04:17.868
ATTEMPT 451 W0 START 4x2 seed=1208372 2026-07-22T17:04:17.868
ATTEMPT 451 W0 SOLVE 4x2 2026-07-22T17:04:17.875
ATTEMPT 451 W0 DONE 4x2 seed=1208372 nsol=16 0.02s 2026-07-22T17:04:17.896
ATTEMPT 452 W0 START 4x2 seed=1208373 2026-07-22T17:04:17.896
ATTEMPT 452 W0 SOLVE 4x2 2026-07-22T17:04:17.905
ATTEMPT 452 W0 DONE 4x2 seed=1208373 nsol=16 0.03s 2026-07-22T17:04:17.930
ATTEMPT 453 W0 START 4x2 seed=1208374 2026-07-22T17:04:17.931
ATTEMPT 453 W0 SOLVE 4x2 2026-07-22T17:04:17.937
ATTEMPT 453 W0 DONE 4x2 seed=1208374 nsol=16 0.01s 2026-07-22T17:04:17.944
ATTEMPT 454 W0 START 4x2 seed=1208375 2026-07-22T17:04:17.944
ATTEMPT 454 W0 SOLVE 4x2 2026-07-22T17:04:17.951
ATTEMPT 454 W0 DONE 4x2 seed=1208375 nsol=16 0.02s 2026-07-22T17:04:17.972
ATTEMPT 455 W0 START 4x2 seed=1208376 2026-07-22T17:04:17.972
ATTEMPT 455 W0 SOLVE 4x2 2026-07-22T17:04:17.978
ATTEMPT 455 W0 DONE 4x2 seed=1208376 nsol=16 0.02s 2026-07-22T17:04:17.997
ATTEMPT 456 W0 START 4x2 seed=1208377 2026-07-22T17:04:17.998
ATTEMPT 456 W0 SOLVE 4x2 2026-07-22T17:04:18.006
ATTEMPT 456 W0 DONE 4x2 seed=1208377 nsol=16 0.01s 2026-07-22T17:04:18.016
ATTEMPT 457 W0 START 4x2 seed=1208378 2026-07-22T17:04:18.016
ATTEMPT 457 W0 SOLVE 4x2 2026-07-22T17:04:18.026
ATTEMPT 457 W0 DONE 4x2 seed=1208378 nsol=16 0.01s 2026-07-22T17:04:18.034
ATTEMPT 458 W0 START 4x2 seed=1208379 2026-07-22T17:04:18.035
ATTEMPT 458 W0 SOLVE 4x2 2026-07-22T17:04:18.046
ATTEMPT 458 W0 DONE 4x2 seed=1208379 nsol=16 0.00s 2026-07-22T17:04:18.056
ATTEMPT 459 W0 START 4x2 seed=1208380 2026-07-22T17:04:18.056
ATTEMPT 459 W0 SOLVE 4x2 2026-07-22T17:04:18.066
ATTEMPT 459 W0 DONE 4x2 seed=1208380 nsol=16 0.01s 2026-07-22T17:04:18.087
ATTEMPT 460 W0 START 4x2 seed=1208381 2026-07-22T17:04:18.087
ATTEMPT 460 W0 SOLVE 4x2 2026-07-22T17:04:18.119
ATTEMPT 460 W0 DONE 4x2 seed=1208381 nsol=16 0.01s 2026-07-22T17:04:18.138
ATTEMPT 461 W0 START 4x2 seed=1208382 2026-07-22T17:04:18.138
ATTEMPT 461 W0 SOLVE 4x2 2026-07-22T17:04:18.165
ATTEMPT 461 W0 DONE 4x2 seed=1208382 nsol=16 0.04s 2026-07-22T17:04:18.208
ATTEMPT 462 W0 START 4x2 seed=1208383 2026-07-22T17:04:18.208
ATTEMPT 462 W0 SOLVE 4x2 2026-07-22T17:04:18.218
ATTEMPT 462 W0 DONE 4x2 seed=1208383 nsol=16 0.02s 2026-07-22T17:04:18.237
ATTEMPT 463 W0 START 4x2 seed=1208384 2026-07-22T17:04:18.237
ATTEMPT 463 W0 SOLVE 4x2 2026-07-22T17:04:18.244
ATTEMPT 463 W0 DONE 4x2 seed=1208384 nsol=16 0.04s 2026-07-22T17:04:18.284
ATTEMPT 464 W0 START 4x2 seed=1208385 2026-07-22T17:04:18.284
ATTEMPT 464 W0 SOLVE 4x2 2026-07-22T17:04:18.310
ATTEMPT 464 W0 DONE 4x2 seed=1208385 nsol=16 0.04s 2026-07-22T17:04:18.349
ATTEMPT 465 W0 START 4x2 seed=1208386 2026-07-22T17:04:18.349
ATTEMPT 465 W0 SOLVE 4x2 2026-07-22T17:04:18.367
ATTEMPT 465 W0 DONE 4x2 seed=1208386 nsol=16 0.05s 2026-07-22T17:04:18.436
ATTEMPT 466 W0 START 4x2 seed=1208387 2026-07-22T17:04:18.436
ATTEMPT 466 W0 SOLVE 4x2 2026-07-22T17:04:18.451
ATTEMPT 466 W0 DONE 4x2 seed=1208387 nsol=16 0.03s 2026-07-22T17:04:18.488
ATTEMPT 467 W0 START 4x2 seed=1208388 2026-07-22T17:04:18.488
ATTEMPT 467 W0 SOLVE 4x2 2026-07-22T17:04:18.498
ATTEMPT 467 W0 DONE 4x2 seed=1208388 nsol=16 0.02s 2026-07-22T17:04:18.528
ATTEMPT 468 W0 START 4x2 seed=1208389 2026-07-22T17:04:18.528
ATTEMPT 468 W0 SOLVE 4x2 2026-07-22T17:04:18.542
ATTEMPT 468 W0 DONE 4x2 seed=1208389 nsol=16 0.04s 2026-07-22T17:04:18.584
ATTEMPT 469 W0 START 4x2 seed=1208390 2026-07-22T17:04:18.584
ATTEMPT 469 W0 SOLVE 4x2 2026-07-22T17:04:18.603
ATTEMPT 469 W0 DONE 4x2 seed=1208390 nsol=16 0.03s 2026-07-22T17:04:18.632
ATTEMPT 470 W0 START 4x2 seed=1208391 2026-07-22T17:04:18.632
ATTEMPT 470 W0 SOLVE 4x2 2026-07-22T17:04:18.646
ATTEMPT 470 W0 DONE 4x2 seed=1208391 nsol=16 0.01s 2026-07-22T17:04:18.668
ATTEMPT 471 W0 START 4x2 seed=1208392 2026-07-22T17:04:18.668
ATTEMPT 471 W0 SOLVE 4x2 2026-07-22T17:04:18.686
ATTEMPT 471 W0 DONE 4x2 seed=1208392 nsol=16 0.02s 2026-07-22T17:04:18.708
ATTEMPT 472 W0 START 4x2 seed=1208393 2026-07-22T17:04:18.708
ATTEMPT 472 W0 SOLVE 4x2 2026-07-22T17:04:18.726
ATTEMPT 472 W0 DONE 4x2 seed=1208393 nsol=16 0.02s 2026-07-22T17:04:18.744
ATTEMPT 473 W0 START 4x2 seed=1208394 2026-07-22T17:04:18.744
ATTEMPT 473 W0 SOLVE 4x2 2026-07-22T17:04:18.762
ATTEMPT 473 W0 DONE 4x2 seed=1208394 nsol=16 0.02s 2026-07-22T17:04:18.780
ATTEMPT 474 W0 START 4x2 seed=1208395 2026-07-22T17:04:18.780
ATTEMPT 474 W0 SOLVE 4x2 2026-07-22T17:04:18.797
ATTEMPT 474 W0 DONE 4x2 seed=1208395 nsol=16 0.02s 2026-07-22T17:04:18.817
ATTEMPT 475 W0 START 4x2 seed=1208396 2026-07-22T17:04:18.817
ATTEMPT 475 W0 SOLVE 4x2 2026-07-22T17:04:18.848
ATTEMPT 475 W0 DONE 4x2 seed=1208396 nsol=16 0.03s 2026-07-22T17:04:18.876
ATTEMPT 476 W0 START 4x2 seed=1208397 2026-07-22T17:04:18.876
ATTEMPT 476 W0 SOLVE 4x2 2026-07-22T17:04:18.891
ATTEMPT 476 W0 DONE 4x2 seed=1208397 nsol=16 0.02s 2026-07-22T17:04:18.916
ATTEMPT 477 W0 START 4x2 seed=1208398 2026-07-22T17:04:18.916
ATTEMPT 477 W0 SOLVE 4x2 2026-07-22T17:04:18.933
ATTEMPT 477 W0 DONE 4x2 seed=1208398 nsol=16 0.01s 2026-07-22T17:04:18.947
ATTEMPT 478 W0 START 4x2 seed=1208399 2026-07-22T17:04:18.947
ATTEMPT 478 W0 SOLVE 4x2 2026-07-22T17:04:18.965
ATTEMPT 478 W0 DONE 4x2 seed=1208399 nsol=16 0.03s 2026-07-22T17:04:18.993
ATTEMPT 479 W0 START 4x2 seed=1208400 2026-07-22T17:04:18.993
ATTEMPT 479 W0 SOLVE 4x2 2026-07-22T17:04:19.002
ATTEMPT 479 W0 DONE 4x2 seed=1208400 nsol=16 0.02s 2026-07-22T17:04:19.023
ATTEMPT 480 W0 START 4x2 seed=1208401 2026-07-22T17:04:19.024
ATTEMPT 480 W0 SOLVE 4x2 2026-07-22T17:04:19.037
ATTEMPT 480 W0 DONE 4x2 seed=1208401 nsol=16 0.03s 2026-07-22T17:04:19.064
ATTEMPT 481 W0 START 4x2 seed=1208402 2026-07-22T17:04:19.064
ATTEMPT 481 W0 SOLVE 4x2 2026-07-22T17:04:19.070
ATTEMPT 481 W0 DONE 4x2 seed=1208402 nsol=16 0.03s 2026-07-22T17:04:19.100
ATTEMPT 482 W0 START 4x2 seed=1208403 2026-07-22T17:04:19.100
ATTEMPT 482 W0 SOLVE 4x2 2026-07-22T17:04:19.105
ATTEMPT 482 W0 DONE 4x2 seed=1208403 nsol=16 0.01s 2026-07-22T17:04:19.119
ATTEMPT 483 W0 START 4x2 seed=1208404 2026-07-22T17:04:19.119
ATTEMPT 483 W0 SOLVE 4x2 2026-07-22T17:04:19.129
ATTEMPT 483 W0 DONE 4x2 seed=1208404 nsol=16 0.01s 2026-07-22T17:04:19.138
ATTEMPT 484 W0 START 4x2 seed=1208405 2026-07-22T17:04:19.138
ATTEMPT 484 W0 SOLVE 4x2 2026-07-22T17:04:19.144
ATTEMPT 484 W0 DONE 4x2 seed=1208405 nsol=16 0.01s 2026-07-22T17:04:19.155
ATTEMPT 485 W0 START 4x2 seed=1208406 2026-07-22T17:04:19.156
ATTEMPT 485 W0 SOLVE 4x2 2026-07-22T17:04:19.165
ATTEMPT 485 W0 DONE 4x2 seed=1208406 nsol=16 0.01s 2026-07-22T17:04:19.179
ATTEMPT 486 W0 START 4x2 seed=1208407 2026-07-22T17:04:19.179
ATTEMPT 486 W0 SOLVE 4x2 2026-07-22T17:04:19.188
ATTEMPT 486 W0 DONE 4x2 seed=1208407 nsol=16 0.01s 2026-07-22T17:04:19.199
ATTEMPT 487 W0 START 4x2 seed=1208408 2026-07-22T17:04:19.199
ATTEMPT 487 W0 SOLVE 4x2 2026-07-22T17:04:19.209
ATTEMPT 487 W0 DONE 4x2 seed=1208408 nsol=16 0.03s 2026-07-22T17:04:19.236
ATTEMPT 488 W0 START 4x2 seed=1208409 2026-07-22T17:04:19.236
ATTEMPT 488 W0 SOLVE 4x2 2026-07-22T17:04:19.249
ATTEMPT 488 W0 DONE 4x2 seed=1208409 nsol=16 0.01s 2026-07-22T17:04:19.258
ATTEMPT 489 W0 START 4x2 seed=1208410 2026-07-22T17:04:19.258
ATTEMPT 489 W0 SOLVE 4x2 2026-07-22T17:04:19.277
ATTEMPT 489 W0 DONE 4x2 seed=1208410 nsol=16 0.02s 2026-07-22T17:04:19.300
ATTEMPT 490 W0 START 4x2 seed=1208411 2026-07-22T17:04:19.300
ATTEMPT 490 W0 SOLVE 4x2 2026-07-22T17:04:19.320
ATTEMPT 490 W0 DONE 4x2 seed=1208411 nsol=16 0.01s 2026-07-22T17:04:19.336
ATTEMPT 491 W0 START 4x2 seed=1208412 2026-07-22T17:04:19.337
ATTEMPT 491 W0 SOLVE 4x2 2026-07-22T17:04:19.346
ATTEMPT 491 W0 DONE 4x2 seed=1208412 nsol=16 0.03s 2026-07-22T17:04:19.380
ATTEMPT 492 W0 START 4x2 seed=1208413 2026-07-22T17:04:19.380
ATTEMPT 492 W0 SOLVE 4x2 2026-07-22T17:04:19.395
ATTEMPT 492 W0 DONE 4x2 seed=1208413 nsol=16 0.02s 2026-07-22T17:04:19.423
ATTEMPT 493 W0 START 4x2 seed=1208414 2026-07-22T17:04:19.423
ATTEMPT 493 W0 SOLVE 4x2 2026-07-22T17:04:19.430
ATTEMPT 493 W0 DONE 4x2 seed=1208414 nsol=16 0.01s 2026-07-22T17:04:19.440
ATTEMPT 494 W0 START 4x2 seed=1208415 2026-07-22T17:04:19.441
ATTEMPT 494 W0 SOLVE 4x2 2026-07-22T17:04:19.446
ATTEMPT 494 W0 DONE 4x2 seed=1208415 nsol=16 0.01s 2026-07-22T17:04:19.455
ATTEMPT 495 W0 START 4x2 seed=1208416 2026-07-22T17:04:19.455
ATTEMPT 495 W0 SOLVE 4x2 2026-07-22T17:04:19.461
ATTEMPT 495 W0 DONE 4x2 seed=1208416 nsol=16 0.02s 2026-07-22T17:04:19.484
ATTEMPT 496 W0 START 4x2 seed=1208417 2026-07-22T17:04:19.484
ATTEMPT 496 W0 SOLVE 4x2 2026-07-22T17:04:19.507
ATTEMPT 496 W0 DONE 4x2 seed=1208417 nsol=16 0.02s 2026-07-22T17:04:19.531
ATTEMPT 497 W0 START 4x2 seed=1208418 2026-07-22T17:04:19.531
ATTEMPT 497 W0 SOLVE 4x2 2026-07-22T17:04:19.557
ATTEMPT 497 W0 DONE 4x2 seed=1208418 nsol=16 0.02s 2026-07-22T17:04:19.580
ATTEMPT 498 W0 START 4x2 seed=1208419 2026-07-22T17:04:19.580
ATTEMPT 498 W0 SOLVE 4x2 2026-07-22T17:04:19.590
ATTEMPT 498 W0 DONE 4x2 seed=1208419 nsol=16 0.02s 2026-07-22T17:04:19.607
ATTEMPT 499 W0 START 4x2 seed=1208420 2026-07-22T17:04:19.607
ATTEMPT 499 W0 SOLVE 4x2 2026-07-22T17:04:19.630
ATTEMPT 499 W0 DONE 4x2 seed=1208420 nsol=16 0.02s 2026-07-22T17:04:19.653
ATTEMPT 500 W0 START 4x2 seed=1208421 2026-07-22T17:04:19.653
ATTEMPT 500 W0 SOLVE 4x2 2026-07-22T17:04:19.662
ATTEMPT 500 W0 DONE 4x2 seed=1208421 nsol=16 0.01s 2026-07-22T17:04:19.675
ATTEMPT 501 W0 START 4x2 seed=1208422 2026-07-22T17:04:19.675
ATTEMPT 501 W0 SOLVE 4x2 2026-07-22T17:04:19.693
ATTEMPT 501 W0 DONE 4x2 seed=1208422 nsol=16 0.02s 2026-07-22T17:04:19.716
ATTEMPT 502 W0 START 4x2 seed=1208423 2026-07-22T17:04:19.716
ATTEMPT 502 W0 SOLVE 4x2 2026-07-22T17:04:19.726
ATTEMPT 502 W0 DONE 4x2 seed=1208423 nsol=16 0.01s 2026-07-22T17:04:19.739
ATTEMPT 503 W0 START 4x2 seed=1208424 2026-07-22T17:04:19.739
ATTEMPT 503 W0 SOLVE 4x2 2026-07-22T17:04:19.753
ATTEMPT 503 W0 DONE 4x2 seed=1208424 nsol=16 0.02s 2026-07-22T17:04:19.772
ATTEMPT 504 W0 START 4x2 seed=1208425 2026-07-22T17:04:19.772
ATTEMPT 504 W0 SOLVE 4x2 2026-07-22T17:04:19.786
ATTEMPT 504 W0 DONE 4x2 seed=1208425 nsol=16 0.01s 2026-07-22T17:04:19.799
ATTEMPT 505 W0 START 4x2 seed=1208426 2026-07-22T17:04:19.799
ATTEMPT 505 W0 SOLVE 4x2 2026-07-22T17:04:19.816
ATTEMPT 505 W0 DONE 4x2 seed=1208426 nsol=16 0.03s 2026-07-22T17:04:19.843
ATTEMPT 506 W0 START 4x2 seed=1208427 2026-07-22T17:04:19.844
ATTEMPT 506 W0 SOLVE 4x2 2026-07-22T17:04:19.853
ATTEMPT 506 W0 DONE 4x2 seed=1208427 nsol=16 0.01s 2026-07-22T17:04:19.863
ATTEMPT 507 W0 START 4x2 seed=1208428 2026-07-22T17:04:19.863
ATTEMPT 507 W0 SOLVE 4x2 2026-07-22T17:04:19.869
ATTEMPT 507 W0 DONE 4x2 seed=1208428 nsol=16 0.02s 2026-07-22T17:04:19.894
ATTEMPT 508 W0 START 4x2 seed=1208429 2026-07-22T17:04:19.894
ATTEMPT 508 W0 SOLVE 4x2 2026-07-22T17:04:19.916
ATTEMPT 508 W0 DONE 4x2 seed=1208429 nsol=16 0.14s 2026-07-22T17:04:20.054
ATTEMPT 509 W0 START 4x2 seed=1208430 2026-07-22T17:04:20.055
ATTEMPT 509 W0 SOLVE 4x2 2026-07-22T17:04:20.067
ATTEMPT 509 W0 DONE 4x2 seed=1208430 nsol=16 0.02s 2026-07-22T17:04:20.088
ATTEMPT 510 W0 START 4x2 seed=1208431 2026-07-22T17:04:20.089
ATTEMPT 510 W0 SOLVE 4x2 2026-07-22T17:04:20.101
ATTEMPT 510 W0 DONE 4x2 seed=1208431 nsol=16 0.02s 2026-07-22T17:04:20.121
ATTEMPT 511 W0 START 4x2 seed=1208432 2026-07-22T17:04:20.121
ATTEMPT 511 W0 SOLVE 4x2 2026-07-22T17:04:20.130
ATTEMPT 511 W0 DONE 4x2 seed=1208432 nsol=16 0.01s 2026-07-22T17:04:20.140
ATTEMPT 512 W0 START 4x2 seed=1208433 2026-07-22T17:04:20.140
ATTEMPT 512 W0 SOLVE 4x2 2026-07-22T17:04:20.153
ATTEMPT 512 W0 DONE 4x2 seed=1208433 nsol=16 0.01s 2026-07-22T17:04:20.168
ATTEMPT 513 W0 START 4x2 seed=1208434 2026-07-22T17:04:20.168
ATTEMPT 513 W0 SOLVE 4x2 2026-07-22T17:04:20.182
ATTEMPT 513 W0 DONE 4x2 seed=1208434 nsol=16 0.02s 2026-07-22T17:04:20.209
ATTEMPT 514 W0 START 4x2 seed=1208435 2026-07-22T17:04:20.210
ATTEMPT 514 W0 SOLVE 4x2 2026-07-22T17:04:20.218
ATTEMPT 514 W0 DONE 4x2 seed=1208435 nsol=16 0.02s 2026-07-22T17:04:20.244
ATTEMPT 515 W0 START 4x2 seed=1208436 2026-07-22T17:04:20.244
ATTEMPT 515 W0 SOLVE 4x2 2026-07-22T17:04:20.266
ATTEMPT 515 W0 DONE 4x2 seed=1208436 nsol=16 0.02s 2026-07-22T17:04:20.288
ATTEMPT 516 W0 START 4x2 seed=1208437 2026-07-22T17:04:20.288
ATTEMPT 516 W0 SOLVE 4x2 2026-07-22T17:04:20.302
ATTEMPT 516 W0 DONE 4x2 seed=1208437 nsol=16 0.01s 2026-07-22T17:04:20.320
ATTEMPT 517 W0 START 4x2 seed=1208438 2026-07-22T17:04:20.320
ATTEMPT 517 W0 SOLVE 4x2 2026-07-22T17:04:20.337
ATTEMPT 517 W0 DONE 4x2 seed=1208438 nsol=16 0.02s 2026-07-22T17:04:20.360
ATTEMPT 518 W0 START 4x2 seed=1208439 2026-07-22T17:04:20.360
ATTEMPT 518 W0 SOLVE 4x2 2026-07-22T17:04:20.374
ATTEMPT 518 W0 DONE 4x2 seed=1208439 nsol=16 0.02s 2026-07-22T17:04:20.389
ATTEMPT 519 W0 START 4x2 seed=1208440 2026-07-22T17:04:20.390
ATTEMPT 519 W0 SOLVE 4x2 2026-07-22T17:04:20.395
ATTEMPT 519 W0 DONE 4x2 seed=1208440 nsol=16 0.02s 2026-07-22T17:04:20.418
ATTEMPT 520 W0 START 4x2 seed=1208441 2026-07-22T17:04:20.419
ATTEMPT 520 W0 SOLVE 4x2 2026-07-22T17:04:20.441
ATTEMPT 520 W0 DONE 4x2 seed=1208441 nsol=16 0.02s 2026-07-22T17:04:20.464
ATTEMPT 521 W0 START 4x2 seed=1208442 2026-07-22T17:04:20.464
ATTEMPT 521 W0 SOLVE 4x2 2026-07-22T17:04:20.477
ATTEMPT 521 W0 DONE 4x2 seed=1208442 nsol=16 0.03s 2026-07-22T17:04:20.504
ATTEMPT 522 W0 START 4x2 seed=1208443 2026-07-22T17:04:20.504
ATTEMPT 522 W0 SOLVE 4x2 2026-07-22T17:04:20.518
ATTEMPT 522 W0 DONE 4x2 seed=1208443 nsol=16 0.02s 2026-07-22T17:04:20.543
ATTEMPT 523 W0 START 4x2 seed=1208444 2026-07-22T17:04:20.543
ATTEMPT 523 W0 SOLVE 4x2 2026-07-22T17:04:20.557
ATTEMPT 523 W0 DONE 4x2 seed=1208444 nsol=16 0.01s 2026-07-22T17:04:20.568
ATTEMPT 524 W0 START 4x2 seed=1208445 2026-07-22T17:04:20.568
ATTEMPT 524 W0 SOLVE 4x2 2026-07-22T17:04:20.578
ATTEMPT 524 W0 DONE 4x2 seed=1208445 nsol=16 0.03s 2026-07-22T17:04:20.612
ATTEMPT 525 W0 START 4x2 seed=1208446 2026-07-22T17:04:20.612
ATTEMPT 525 W0 SOLVE 4x2 2026-07-22T17:04:20.626
ATTEMPT 525 W0 DONE 4x2 seed=1208446 nsol=16 0.01s 2026-07-22T17:04:20.640
ATTEMPT 526 W0 START 4x2 seed=1208447 2026-07-22T17:04:20.640
ATTEMPT 526 W0 SOLVE 4x2 2026-07-22T17:04:20.658
ATTEMPT 526 W0 DONE 4x2 seed=1208447 nsol=16 0.02s 2026-07-22T17:04:20.677
ATTEMPT 527 W0 START 4x2 seed=1208448 2026-07-22T17:04:20.677
ATTEMPT 527 W0 SOLVE 4x2 2026-07-22T17:04:20.690
ATTEMPT 527 W0 DONE 4x2 seed=1208448 nsol=16 0.00s 2026-07-22T17:04:20.701
ATTEMPT 528 W0 START 4x2 seed=1208449 2026-07-22T17:04:20.701
ATTEMPT 528 W0 SOLVE 4x2 2026-07-22T17:04:20.710
ATTEMPT 528 W0 DONE 4x2 seed=1208449 nsol=16 0.02s 2026-07-22T17:04:20.728
ATTEMPT 529 W0 START 4x2 seed=1208450 2026-07-22T17:04:20.728
ATTEMPT 529 W0 SOLVE 4x2 2026-07-22T17:04:20.738
ATTEMPT 529 W0 DONE 4x2 seed=1208450 nsol=16 0.03s 2026-07-22T17:04:20.764
ATTEMPT 530 W0 START 4x2 seed=1208451 2026-07-22T17:04:20.764
ATTEMPT 530 W0 SOLVE 4x2 2026-07-22T17:04:20.778
ATTEMPT 530 W0 DONE 4x2 seed=1208451 nsol=16 0.02s 2026-07-22T17:04:20.800
ATTEMPT 531 W0 START 4x2 seed=1208452 2026-07-22T17:04:20.800
ATTEMPT 531 W0 SOLVE 4x2 2026-07-22T17:04:20.814
ATTEMPT 531 W0 DONE 4x2 seed=1208452 nsol=16 0.01s 2026-07-22T17:04:20.826
ATTEMPT 532 W0 START 4x2 seed=1208453 2026-07-22T17:04:20.826
ATTEMPT 532 W0 SOLVE 4x2 2026-07-22T17:04:20.835
ATTEMPT 532 W0 DONE 4x2 seed=1208453 nsol=16 0.02s 2026-07-22T17:04:20.858
ATTEMPT 533 W0 START 4x2 seed=1208454 2026-07-22T17:04:20.859
ATTEMPT 533 W0 SOLVE 4x2 2026-07-22T17:04:20.879
ATTEMPT 533 W0 DONE 4x2 seed=1208454 nsol=16 0.02s 2026-07-22T17:04:20.900
ATTEMPT 534 W0 START 4x2 seed=1208455 2026-07-22T17:04:20.900
ATTEMPT 534 W0 SOLVE 4x2 2026-07-22T17:04:20.913
ATTEMPT 534 W0 DONE 4x2 seed=1208455 nsol=16 0.02s 2026-07-22T17:04:20.936
ATTEMPT 535 W0 START 4x2 seed=1208456 2026-07-22T17:04:20.936
ATTEMPT 535 W0 SOLVE 4x2 2026-07-22T17:04:20.964
ATTEMPT 535 W0 DONE 4x2 seed=1208456 nsol=16 0.04s 2026-07-22T17:04:21.003
ATTEMPT 536 W0 START 4x2 seed=1208457 2026-07-22T17:04:21.003
ATTEMPT 536 W0 SOLVE 4x2 2026-07-22T17:04:21.034
ATTEMPT 536 W0 DONE 4x2 seed=1208457 nsol=16 0.03s 2026-07-22T17:04:21.068
ATTEMPT 537 W0 START 4x2 seed=1208458 2026-07-22T17:04:21.068
ATTEMPT 537 W0 SOLVE 4x2 2026-07-22T17:04:21.082
ATTEMPT 537 W0 DONE 4x2 seed=1208458 nsol=16 0.02s 2026-07-22T17:04:21.100
ATTEMPT 538 W0 START 4x2 seed=1208459 2026-07-22T17:04:21.100
ATTEMPT 538 W0 SOLVE 4x2 2026-07-22T17:04:21.114
ATTEMPT 538 W0 DONE 4x2 seed=1208459 nsol=16 0.03s 2026-07-22T17:04:21.150
ATTEMPT 539 W0 START 4x2 seed=1208460 2026-07-22T17:04:21.151
ATTEMPT 539 W0 SOLVE 4x2 2026-07-22T17:04:21.176
ATTEMPT 539 W0 DONE 4x2 seed=1208460 nsol=16 0.02s 2026-07-22T17:04:21.192
ATTEMPT 540 W0 START 4x2 seed=1208461 2026-07-22T17:04:21.192
ATTEMPT 540 W0 SOLVE 4x2 2026-07-22T17:04:21.214
ATTEMPT 540 W0 DONE 4x2 seed=1208461 nsol=16 0.02s 2026-07-22T17:04:21.230
ATTEMPT 541 W0 START 4x2 seed=1208462 2026-07-22T17:04:21.230
ATTEMPT 541 W0 SOLVE 4x2 2026-07-22T17:04:21.235
ATTEMPT 541 W0 DONE 4x2 seed=1208462 nsol=16 0.02s 2026-07-22T17:04:21.258
ATTEMPT 542 W0 START 4x2 seed=1208463 2026-07-22T17:04:21.258
ATTEMPT 542 W0 SOLVE 4x2 2026-07-22T17:04:21.276
ATTEMPT 542 W0 DONE 4x2 seed=1208463 nsol=16 0.02s 2026-07-22T17:04:21.296
ATTEMPT 543 W0 START 4x2 seed=1208464 2026-07-22T17:04:21.297
ATTEMPT 543 W0 SOLVE 4x2 2026-07-22T17:04:21.306
ATTEMPT 543 W0 DONE 4x2 seed=1208464 nsol=16 0.01s 2026-07-22T17:04:21.321
ATTEMPT 544 W0 START 4x2 seed=1208465 2026-07-22T17:04:21.321
ATTEMPT 544 W0 SOLVE 4x2 2026-07-22T17:04:21.330
ATTEMPT 544 W0 DONE 4x2 seed=1208465 nsol=16 0.02s 2026-07-22T17:04:21.353
ATTEMPT 545 W0 START 4x2 seed=1208466 2026-07-22T17:04:21.353
ATTEMPT 545 W0 SOLVE 4x2 2026-07-22T17:04:21.367
ATTEMPT 545 W0 DONE 4x2 seed=1208466 nsol=16 0.01s 2026-07-22T17:04:21.380
ATTEMPT 546 W0 START 4x2 seed=1208467 2026-07-22T17:04:21.380
ATTEMPT 546 W0 SOLVE 4x2 2026-07-22T17:04:21.394
ATTEMPT 546 W0 DONE 4x2 seed=1208467 nsol=16 0.02s 2026-07-22T17:04:21.416
ATTEMPT 547 W0 START 4x2 seed=1208468 2026-07-22T17:04:21.417
ATTEMPT 547 W0 SOLVE 4x2 2026-07-22T17:04:21.427
ATTEMPT 547 W0 DONE 4x2 seed=1208468 nsol=16 0.02s 2026-07-22T17:04:21.454
ATTEMPT 548 W0 START 4x2 seed=1208469 2026-07-22T17:04:21.460
ATTEMPT 548 W0 SOLVE 4x2 2026-07-22T17:04:21.471
ATTEMPT 548 W0 DONE 4x2 seed=1208469 nsol=16 0.02s 2026-07-22T17:04:21.498
ATTEMPT 549 W0 START 4x2 seed=1208470 2026-07-22T17:04:21.498
ATTEMPT 549 W0 SOLVE 4x2 2026-07-22T17:04:21.503
ATTEMPT 549 W0 DONE 4x2 seed=1208470 nsol=16 0.03s 2026-07-22T17:04:21.532
ATTEMPT 550 W0 START 4x2 seed=1208471 2026-07-22T17:04:21.532
ATTEMPT 550 W0 SOLVE 4x2 2026-07-22T17:04:21.538
ATTEMPT 550 W0 DONE 4x2 seed=1208471 nsol=16 0.02s 2026-07-22T17:04:21.566
ATTEMPT 551 W0 START 4x2 seed=1208472 2026-07-22T17:04:21.566
ATTEMPT 551 W0 SOLVE 4x2 2026-07-22T17:04:21.571
ATTEMPT 551 W0 DONE 4x2 seed=1208472 nsol=16 0.01s 2026-07-22T17:04:21.579
ATTEMPT 552 W0 START 4x2 seed=1208473 2026-07-22T17:04:21.579
ATTEMPT 552 W0 SOLVE 4x2 2026-07-22T17:04:21.585
ATTEMPT 552 W0 DONE 4x2 seed=1208473 nsol=16 0.02s 2026-07-22T17:04:21.603
ATTEMPT 553 W0 START 4x2 seed=1208474 2026-07-22T17:04:21.603
ATTEMPT 553 W0 SOLVE 4x2 2026-07-22T17:04:21.611
ATTEMPT 553 W0 DONE 4x2 seed=1208474 nsol=16 0.03s 2026-07-22T17:04:21.636
ATTEMPT 554 W0 START 4x2 seed=1208475 2026-07-22T17:04:21.636
ATTEMPT 554 W0 SOLVE 4x2 2026-07-22T17:04:21.641
ATTEMPT 554 W0 DONE 4x2 seed=1208475 nsol=16 0.01s 2026-07-22T17:04:21.656
ATTEMPT 555 W0 START 4x2 seed=1208476 2026-07-22T17:04:21.656
ATTEMPT 555 W0 SOLVE 4x2 2026-07-22T17:04:21.664
ATTEMPT 555 W0 DONE 4x2 seed=1208476 nsol=16 0.02s 2026-07-22T17:04:21.680
ATTEMPT 556 W0 START 4x2 seed=1208477 2026-07-22T17:04:21.680
ATTEMPT 556 W0 SOLVE 4x2 2026-07-22T17:04:21.686
ATTEMPT 556 W0 DONE 4x2 seed=1208477 nsol=16 0.01s 2026-07-22T17:04:21.696
ATTEMPT 557 W0 START 4x2 seed=1208478 2026-07-22T17:04:21.696
ATTEMPT 557 W0 SOLVE 4x2 2026-07-22T17:04:21.705
ATTEMPT 557 W0 DONE 4x2 seed=1208478 nsol=16 0.02s 2026-07-22T17:04:21.720
ATTEMPT 558 W0 START 4x2 seed=1208479 2026-07-22T17:04:21.720
ATTEMPT 558 W0 SOLVE 4x2 2026-07-22T17:04:21.725
ATTEMPT 558 W0 DONE 4x2 seed=1208479 nsol=16 0.01s 2026-07-22T17:04:21.733
ATTEMPT 559 W0 START 4x2 seed=1208480 2026-07-22T17:04:21.733
ATTEMPT 559 W0 SOLVE 4x2 2026-07-22T17:04:21.739
ATTEMPT 559 W0 DONE 4x2 seed=1208480 nsol=16 0.02s 2026-07-22T17:04:21.760
ATTEMPT 560 W0 START 4x2 seed=1208481 2026-07-22T17:04:21.760
ATTEMPT 560 W0 SOLVE 4x2 2026-07-22T17:04:21.769
ATTEMPT 560 W0 DONE 4x2 seed=1208481 nsol=16 0.01s 2026-07-22T17:04:21.779
ATTEMPT 561 W0 START 4x2 seed=1208482 2026-07-22T17:04:21.779
ATTEMPT 561 W0 SOLVE 4x2 2026-07-22T17:04:21.789
ATTEMPT 561 W0 DONE 4x2 seed=1208482 nsol=16 0.03s 2026-07-22T17:04:21.816
ATTEMPT 562 W0 START 4x2 seed=1208483 2026-07-22T17:04:21.816
ATTEMPT 562 W0 SOLVE 4x2 2026-07-22T17:04:21.834
ATTEMPT 562 W0 DONE 4x2 seed=1208483 nsol=16 0.01s 2026-07-22T17:04:21.841
ATTEMPT 563 W0 START 4x2 seed=1208484 2026-07-22T17:04:21.841
ATTEMPT 563 W0 SOLVE 4x2 2026-07-22T17:04:21.855
ATTEMPT 563 W0 DONE 4x2 seed=1208484 nsol=16 0.03s 2026-07-22T17:04:21.888
ATTEMPT 564 W0 START 4x2 seed=1208485 2026-07-22T17:04:21.888
ATTEMPT 564 W0 SOLVE 4x2 2026-07-22T17:04:21.900
ATTEMPT 564 W0 DONE 4x2 seed=1208485 nsol=16 0.01s 2026-07-22T17:04:21.918
ATTEMPT 565 W0 START 4x2 seed=1208486 2026-07-22T17:04:21.918
ATTEMPT 565 W0 SOLVE 4x2 2026-07-22T17:04:21.933
ATTEMPT 565 W0 DONE 4x2 seed=1208486 nsol=16 0.02s 2026-07-22T17:04:21.952
ATTEMPT 566 W0 START 4x2 seed=1208487 2026-07-22T17:04:21.952
ATTEMPT 566 W0 SOLVE 4x2 2026-07-22T17:04:21.965
ATTEMPT 566 W0 DONE 4x2 seed=1208487 nsol=16 0.12s 2026-07-22T17:04:22.084
ATTEMPT 567 W0 START 4x2 seed=1208488 2026-07-22T17:04:22.084
ATTEMPT 567 W0 SOLVE 4x2 2026-07-22T17:04:22.098
ATTEMPT 567 W0 DONE 4x2 seed=1208488 nsol=16 0.01s 2026-07-22T17:04:22.111
ATTEMPT 568 W0 START 4x2 seed=1208489 2026-07-22T17:04:22.117
ATTEMPT 568 W0 SOLVE 4x2 2026-07-22T17:04:22.130
ATTEMPT 568 W0 DONE 4x2 seed=1208489 nsol=16 0.03s 2026-07-22T17:04:22.160
ATTEMPT 569 W0 START 4x2 seed=1208490 2026-07-22T17:04:22.160
ATTEMPT 569 W0 SOLVE 4x2 2026-07-22T17:04:22.175
ATTEMPT 569 W0 DONE 4x2 seed=1208490 nsol=16 0.03s 2026-07-22T17:04:22.208
ATTEMPT 570 W0 START 4x2 seed=1208491 2026-07-22T17:04:22.208
ATTEMPT 570 W0 SOLVE 4x2 2026-07-22T17:04:22.214
ATTEMPT 570 W0 DONE 4x2 seed=1208491 nsol=16 0.02s 2026-07-22T17:04:22.235
ATTEMPT 571 W0 START 4x2 seed=1208492 2026-07-22T17:04:22.235
ATTEMPT 571 W0 SOLVE 4x2 2026-07-22T17:04:22.249
ATTEMPT 571 W0 DONE 4x2 seed=1208492 nsol=16 0.02s 2026-07-22T17:04:22.265
ATTEMPT 572 W0 START 4x2 seed=1208493 2026-07-22T17:04:22.265
ATTEMPT 572 W0 SOLVE 4x2 2026-07-22T17:04:22.278
ATTEMPT 572 W0 DONE 4x2 seed=1208493 nsol=16 0.02s 2026-07-22T17:04:22.298
ATTEMPT 573 W0 START 4x2 seed=1208494 2026-07-22T17:04:22.299
ATTEMPT 573 W0 SOLVE 4x2 2026-07-22T17:04:22.308
ATTEMPT 573 W0 DONE 4x2 seed=1208494 nsol=16 0.01s 2026-07-22T17:04:22.321
ATTEMPT 574 W0 START 4x2 seed=1208495 2026-07-22T17:04:22.321
ATTEMPT 574 W0 SOLVE 4x2 2026-07-22T17:04:22.327
ATTEMPT 574 W0 DONE 4x2 seed=1208495 nsol=16 0.02s 2026-07-22T17:04:22.352
ATTEMPT 575 W0 START 4x2 seed=1208496 2026-07-22T17:04:22.353
ATTEMPT 575 W0 SOLVE 4x2 2026-07-22T17:04:22.362
ATTEMPT 575 W0 DONE 4x2 seed=1208496 nsol=16 0.01s 2026-07-22T17:04:22.380
ATTEMPT 576 W0 START 4x2 seed=1208497 2026-07-22T17:04:22.380
ATTEMPT 576 W0 SOLVE 4x2 2026-07-22T17:04:22.389
ATTEMPT 576 W0 DONE 4x2 seed=1208497 nsol=16 0.02s 2026-07-22T17:04:22.408
ATTEMPT 577 W0 START 4x2 seed=1208498 2026-07-22T17:04:22.408
ATTEMPT 577 W0 SOLVE 4x2 2026-07-22T17:04:22.419
ATTEMPT 577 W0 DONE 4x2 seed=1208498 nsol=16 0.01s 2026-07-22T17:04:22.436
ATTEMPT 578 W0 START 4x2 seed=1208499 2026-07-22T17:04:22.436
ATTEMPT 578 W0 SOLVE 4x2 2026-07-22T17:04:22.442
ATTEMPT 578 W0 DONE 4x2 seed=1208499 nsol=16 0.02s 2026-07-22T17:04:22.464
ATTEMPT 579 W0 START 4x2 seed=1208500 2026-07-22T17:04:22.465
ATTEMPT 579 W0 SOLVE 4x2 2026-07-22T17:04:22.470
ATTEMPT 579 W0 DONE 4x2 seed=1208500 nsol=16 0.01s 2026-07-22T17:04:22.484
ATTEMPT 580 W0 START 4x2 seed=1208501 2026-07-22T17:04:22.484
ATTEMPT 580 W0 SOLVE 4x2 2026-07-22T17:04:22.490
ATTEMPT 580 W0 DONE 4x2 seed=1208501 nsol=16 0.02s 2026-07-22T17:04:22.506
ATTEMPT 581 W0 START 4x2 seed=1208502 2026-07-22T17:04:22.507
ATTEMPT 581 W0 SOLVE 4x2 2026-07-22T17:04:22.513
ATTEMPT 581 W0 DONE 4x2 seed=1208502 nsol=16 0.01s 2026-07-22T17:04:22.520
ATTEMPT 582 W0 START 4x2 seed=1208503 2026-07-22T17:04:22.520
ATTEMPT 582 W0 SOLVE 4x2 2026-07-22T17:04:22.527
ATTEMPT 582 W0 DONE 4x2 seed=1208503 nsol=16 0.01s 2026-07-22T17:04:22.540
ATTEMPT 583 W0 START 4x2 seed=1208504 2026-07-22T17:04:22.540
ATTEMPT 583 W0 SOLVE 4x2 2026-07-22T17:04:22.546
ATTEMPT 583 W0 DONE 4x2 seed=1208504 nsol=16 0.01s 2026-07-22T17:04:22.556
ATTEMPT 584 W0 START 4x2 seed=1208505 2026-07-22T17:04:22.556
ATTEMPT 584 W0 SOLVE 4x2 2026-07-22T17:04:22.562
ATTEMPT 584 W0 DONE 4x2 seed=1208505 nsol=16 0.01s 2026-07-22T17:04:22.569
ATTEMPT 585 W0 START 4x2 seed=1208506 2026-07-22T17:04:22.569
ATTEMPT 585 W0 SOLVE 4x2 2026-07-22T17:04:22.575
ATTEMPT 585 W0 DONE 4x2 seed=1208506 nsol=16 0.03s 2026-07-22T17:04:22.600
ATTEMPT 586 W0 START 4x2 seed=1208507 2026-07-22T17:04:22.600
ATTEMPT 586 W0 SOLVE 4x2 2026-07-22T17:04:22.607
ATTEMPT 586 W0 DONE 4x2 seed=1208507 nsol=16 0.02s 2026-07-22T17:04:22.624
ATTEMPT 587 W0 START 4x2 seed=1208508 2026-07-22T17:04:22.624
ATTEMPT 587 W0 SOLVE 4x2 2026-07-22T17:04:22.631
ATTEMPT 587 W0 DONE 4x2 seed=1208508 nsol=16 0.01s 2026-07-22T17:04:22.640
ATTEMPT 588 W0 START 4x2 seed=1208509 2026-07-22T17:04:22.640
ATTEMPT 588 W0 SOLVE 4x2 2026-07-22T17:04:22.647
ATTEMPT 588 W0 DONE 4x2 seed=1208509 nsol=16 0.02s 2026-07-22T17:04:22.668
ATTEMPT 589 W0 START 4x2 seed=1208510 2026-07-22T17:04:22.668
ATTEMPT 589 W0 SOLVE 4x2 2026-07-22T17:04:22.679
ATTEMPT 589 W0 DONE 4x2 seed=1208510 nsol=16 0.02s 2026-07-22T17:04:22.708
ATTEMPT 590 W0 START 4x2 seed=1208511 2026-07-22T17:04:22.708
ATTEMPT 590 W0 SOLVE 4x2 2026-07-22T17:04:22.719
ATTEMPT 590 W0 DONE 4x2 seed=1208511 nsol=16 0.02s 2026-07-22T17:04:22.740
ATTEMPT 591 W0 START 4x2 seed=1208512 2026-07-22T17:04:22.740
ATTEMPT 591 W0 SOLVE 4x2 2026-07-22T17:04:22.750
ATTEMPT 591 W0 DONE 4x2 seed=1208512 nsol=16 0.01s 2026-07-22T17:04:22.764
ATTEMPT 592 W0 START 4x2 seed=1208513 2026-07-22T17:04:22.764
ATTEMPT 592 W0 SOLVE 4x2 2026-07-22T17:04:22.776
ATTEMPT 592 W0 DONE 4x2 seed=1208513 nsol=16 0.03s 2026-07-22T17:04:22.812
ATTEMPT 593 W0 START 4x2 seed=1208514 2026-07-22T17:04:22.812
ATTEMPT 593 W0 SOLVE 4x2 2026-07-22T17:04:22.825
ATTEMPT 593 W0 DONE 4x2 seed=1208514 nsol=16 0.01s 2026-07-22T17:04:22.839
ATTEMPT 594 W0 START 4x2 seed=1208515 2026-07-22T17:04:22.839
ATTEMPT 594 W0 SOLVE 4x2 2026-07-22T17:04:22.854
ATTEMPT 594 W0 DONE 4x2 seed=1208515 nsol=16 0.03s 2026-07-22T17:04:22.884
ATTEMPT 595 W0 START 4x2 seed=1208516 2026-07-22T17:04:22.884
ATTEMPT 595 W0 SOLVE 4x2 2026-07-22T17:04:22.898
ATTEMPT 595 W0 DONE 4x2 seed=1208516 nsol=16 0.01s 2026-07-22T17:04:22.912
ATTEMPT 596 W0 START 4x2 seed=1208517 2026-07-22T17:04:22.913
ATTEMPT 596 W0 SOLVE 4x2 2026-07-22T17:04:22.927
ATTEMPT 596 W0 DONE 4x2 seed=1208517 nsol=16 0.02s 2026-07-22T17:04:22.948
ATTEMPT 597 W0 START 4x2 seed=1208518 2026-07-22T17:04:22.948
ATTEMPT 597 W0 SOLVE 4x2 2026-07-22T17:04:22.959
ATTEMPT 597 W0 DONE 4x2 seed=1208518 nsol=16 0.02s 2026-07-22T17:04:22.979
ATTEMPT 598 W0 START 4x2 seed=1208519 2026-07-22T17:04:22.979
ATTEMPT 598 W0 SOLVE 4x2 2026-07-22T17:04:22.996
ATTEMPT 598 W0 DONE 4x2 seed=1208519 nsol=16 0.02s 2026-07-22T17:04:23.016
ATTEMPT 599 W0 START 4x2 seed=1208520 2026-07-22T17:04:23.016
ATTEMPT 599 W0 SOLVE 4x2 2026-07-22T17:04:23.026
ATTEMPT 599 W0 DONE 4x2 seed=1208520 nsol=16 0.03s 2026-07-22T17:04:23.056
ATTEMPT 600 W0 START 4x2 seed=1208521 2026-07-22T17:04:23.056
ATTEMPT 600 W0 SOLVE 4x2 2026-07-22T17:04:23.067
ATTEMPT 600 W0 DONE 4x2 seed=1208521 nsol=16 0.04s 2026-07-22T17:04:23.104
HUNT2 complete 2026-07-22T17:04:23.110
