HUNT2 start mode=seq hcthr=on nworkers=0 nthreads=14 ngcthreads=14 nsolves=600 seed_base=1725016 shape=4x2 pid=2194613 julia=1.12.6 HC=2.20.0 2026-07-22T17:15:15.203
ATTEMPT 1 W0 START 4x2 seed=1725017 2026-07-22T17:15:22.646
ATTEMPT 1 W0 SOLVE 4x2 2026-07-22T17:15:24.694
Computing mixed cells... 2    Time: 0:00:02[K
   mixed_volume: 2[K[A
[K[AComputing mixed cells... 7    Time: 0:00:02[K
   mixed_volume: 16[K
ATTEMPT 1 W0 DONE 4x2 seed=1725017 nsol=16 118.78s 2026-07-22T17:17:23.810
ATTEMPT 2 W0 START 4x2 seed=1725018 2026-07-22T17:17:24.297
ATTEMPT 2 W0 SOLVE 4x2 2026-07-22T17:17:24.306
ATTEMPT 2 W0 DONE 4x2 seed=1725018 nsol=16 0.03s 2026-07-22T17:17:24.353
ATTEMPT 3 W0 START 4x2 seed=1725019 2026-07-22T17:17:24.353
ATTEMPT 3 W0 SOLVE 4x2 2026-07-22T17:17:24.367
ATTEMPT 3 W0 DONE 4x2 seed=1725019 nsol=16 0.02s 2026-07-22T17:17:24.392
ATTEMPT 4 W0 START 4x2 seed=1725020 2026-07-22T17:17:24.392
ATTEMPT 4 W0 SOLVE 4x2 2026-07-22T17:17:24.399
ATTEMPT 4 W0 DONE 4x2 seed=1725020 nsol=16 0.02s 2026-07-22T17:17:24.428
ATTEMPT 5 W0 START 4x2 seed=1725021 2026-07-22T17:17:24.428
ATTEMPT 5 W0 SOLVE 4x2 2026-07-22T17:17:24.439
ATTEMPT 5 W0 DONE 4x2 seed=1725021 nsol=16 0.01s 2026-07-22T17:17:24.451
ATTEMPT 6 W0 START 4x2 seed=1725022 2026-07-22T17:17:24.451
ATTEMPT 6 W0 SOLVE 4x2 2026-07-22T17:17:24.461
ATTEMPT 6 W0 DONE 4x2 seed=1725022 nsol=16 0.02s 2026-07-22T17:17:24.482
ATTEMPT 7 W0 START 4x2 seed=1725023 2026-07-22T17:17:24.482
ATTEMPT 7 W0 SOLVE 4x2 2026-07-22T17:17:24.496
ATTEMPT 7 W0 DONE 4x2 seed=1725023 nsol=16 0.02s 2026-07-22T17:17:24.512
ATTEMPT 8 W0 START 4x2 seed=1725024 2026-07-22T17:17:24.512
ATTEMPT 8 W0 SOLVE 4x2 2026-07-22T17:17:24.519
ATTEMPT 8 W0 DONE 4x2 seed=1725024 nsol=16 0.02s 2026-07-22T17:17:24.540
ATTEMPT 9 W0 START 4x2 seed=1725025 2026-07-22T17:17:24.540
ATTEMPT 9 W0 SOLVE 4x2 2026-07-22T17:17:24.550
ATTEMPT 9 W0 DONE 4x2 seed=1725025 nsol=16 0.02s 2026-07-22T17:17:24.572
ATTEMPT 10 W0 START 4x2 seed=1725026 2026-07-22T17:17:24.573
ATTEMPT 10 W0 SOLVE 4x2 2026-07-22T17:17:24.582
ATTEMPT 10 W0 DONE 4x2 seed=1725026 nsol=16 0.02s 2026-07-22T17:17:24.605
ATTEMPT 11 W0 START 4x2 seed=1725027 2026-07-22T17:17:24.605
ATTEMPT 11 W0 SOLVE 4x2 2026-07-22T17:17:24.610
ATTEMPT 11 W0 DONE 4x2 seed=1725027 nsol=16 0.03s 2026-07-22T17:17:24.648
ATTEMPT 12 W0 START 4x2 seed=1725028 2026-07-22T17:17:24.648
ATTEMPT 12 W0 SOLVE 4x2 2026-07-22T17:17:24.658
ATTEMPT 12 W0 DONE 4x2 seed=1725028 nsol=16 0.03s 2026-07-22T17:17:24.684
ATTEMPT 13 W0 START 4x2 seed=1725029 2026-07-22T17:17:24.684
ATTEMPT 13 W0 SOLVE 4x2 2026-07-22T17:17:24.695
ATTEMPT 13 W0 DONE 4x2 seed=1725029 nsol=16 0.01s 2026-07-22T17:17:24.707
ATTEMPT 14 W0 START 4x2 seed=1725030 2026-07-22T17:17:24.708
ATTEMPT 14 W0 SOLVE 4x2 2026-07-22T17:17:24.720
ATTEMPT 14 W0 DONE 4x2 seed=1725030 nsol=16 0.01s 2026-07-22T17:17:24.735
ATTEMPT 15 W0 START 4x2 seed=1725031 2026-07-22T17:17:24.736
ATTEMPT 15 W0 SOLVE 4x2 2026-07-22T17:17:24.741
ATTEMPT 15 W0 DONE 4x2 seed=1725031 nsol=16 0.02s 2026-07-22T17:17:24.764
ATTEMPT 16 W0 START 4x2 seed=1725032 2026-07-22T17:17:24.764
ATTEMPT 16 W0 SOLVE 4x2 2026-07-22T17:17:24.782
ATTEMPT 16 W0 DONE 4x2 seed=1725032 nsol=16 0.02s 2026-07-22T17:17:24.798
ATTEMPT 17 W0 START 4x2 seed=1725033 2026-07-22T17:17:24.798
ATTEMPT 17 W0 SOLVE 4x2 2026-07-22T17:17:24.808
ATTEMPT 17 W0 DONE 4x2 seed=1725033 nsol=16 0.03s 2026-07-22T17:17:24.840
ATTEMPT 18 W0 START 4x2 seed=1725034 2026-07-22T17:17:24.840
ATTEMPT 18 W0 SOLVE 4x2 2026-07-22T17:17:24.847
ATTEMPT 18 W0 DONE 4x2 seed=1725034 nsol=16 0.01s 2026-07-22T17:17:24.862
ATTEMPT 19 W0 START 4x2 seed=1725035 2026-07-22T17:17:24.862
ATTEMPT 19 W0 SOLVE 4x2 2026-07-22T17:17:24.867
ATTEMPT 19 W0 DONE 4x2 seed=1725035 nsol=16 0.02s 2026-07-22T17:17:24.887
ATTEMPT 20 W0 START 4x2 seed=1725036 2026-07-22T17:17:24.887
ATTEMPT 20 W0 SOLVE 4x2 2026-07-22T17:17:24.903
ATTEMPT 20 W0 DONE 4x2 seed=1725036 nsol=16 0.01s 2026-07-22T17:17:24.914
ATTEMPT 21 W0 START 4x2 seed=1725037 2026-07-22T17:17:24.915
ATTEMPT 21 W0 SOLVE 4x2 2026-07-22T17:17:24.923
ATTEMPT 21 W0 DONE 4x2 seed=1725037 nsol=16 0.02s 2026-07-22T17:17:24.940
ATTEMPT 22 W0 START 4x2 seed=1725038 2026-07-22T17:17:24.941
ATTEMPT 22 W0 SOLVE 4x2 2026-07-22T17:17:24.946
ATTEMPT 22 W0 DONE 4x2 seed=1725038 nsol=16 0.01s 2026-07-22T17:17:24.960
ATTEMPT 23 W0 START 4x2 seed=1725039 2026-07-22T17:17:24.960
ATTEMPT 23 W0 SOLVE 4x2 2026-07-22T17:17:24.965
ATTEMPT 23 W0 DONE 4x2 seed=1725039 nsol=16 0.01s 2026-07-22T17:17:24.972
ATTEMPT 24 W0 START 4x2 seed=1725040 2026-07-22T17:17:24.972
ATTEMPT 24 W0 SOLVE 4x2 2026-07-22T17:17:24.978
ATTEMPT 24 W0 DONE 4x2 seed=1725040 nsol=16 0.01s 2026-07-22T17:17:24.992
ATTEMPT 25 W0 START 4x2 seed=1725041 2026-07-22T17:17:24.992
ATTEMPT 25 W0 SOLVE 4x2 2026-07-22T17:17:24.997
ATTEMPT 25 W0 DONE 4x2 seed=1725041 nsol=16 0.02s 2026-07-22T17:17:25.021
ATTEMPT 26 W0 START 4x2 seed=1725042 2026-07-22T17:17:25.022
ATTEMPT 26 W0 SOLVE 4x2 2026-07-22T17:17:25.028
ATTEMPT 26 W0 DONE 4x2 seed=1725042 nsol=16 0.01s 2026-07-22T17:17:25.036
ATTEMPT 27 W0 START 4x2 seed=1725043 2026-07-22T17:17:25.036
ATTEMPT 27 W0 SOLVE 4x2 2026-07-22T17:17:25.042
ATTEMPT 27 W0 DONE 4x2 seed=1725043 nsol=16 0.01s 2026-07-22T17:17:25.056
ATTEMPT 28 W0 START 4x2 seed=1725044 2026-07-22T17:17:25.056
ATTEMPT 28 W0 SOLVE 4x2 2026-07-22T17:17:25.061
ATTEMPT 28 W0 DONE 4x2 seed=1725044 nsol=16 0.01s 2026-07-22T17:17:25.074
ATTEMPT 29 W0 START 4x2 seed=1725045 2026-07-22T17:17:25.074
ATTEMPT 29 W0 SOLVE 4x2 2026-07-22T17:17:25.079
ATTEMPT 29 W0 DONE 4x2 seed=1725045 nsol=16 0.02s 2026-07-22T17:17:25.100
ATTEMPT 30 W0 START 4x2 seed=1725046 2026-07-22T17:17:25.101
ATTEMPT 30 W0 SOLVE 4x2 2026-07-22T17:17:25.108
ATTEMPT 30 W0 DONE 4x2 seed=1725046 nsol=16 0.01s 2026-07-22T17:17:25.122
ATTEMPT 31 W0 START 4x2 seed=1725047 2026-07-22T17:17:25.123
ATTEMPT 31 W0 SOLVE 4x2 2026-07-22T17:17:25.135
ATTEMPT 31 W0 DONE 4x2 seed=1725047 nsol=16 0.01s 2026-07-22T17:17:25.144
ATTEMPT 32 W0 START 4x2 seed=1725048 2026-07-22T17:17:25.145
ATTEMPT 32 W0 SOLVE 4x2 2026-07-22T17:17:25.155
ATTEMPT 32 W0 DONE 4x2 seed=1725048 nsol=16 0.01s 2026-07-22T17:17:25.168
ATTEMPT 33 W0 START 4x2 seed=1725049 2026-07-22T17:17:25.168
ATTEMPT 33 W0 SOLVE 4x2 2026-07-22T17:17:25.173
ATTEMPT 33 W0 DONE 4x2 seed=1725049 nsol=16 0.01s 2026-07-22T17:17:25.184
ATTEMPT 34 W0 START 4x2 seed=1725050 2026-07-22T17:17:25.185
ATTEMPT 34 W0 SOLVE 4x2 2026-07-22T17:17:25.190
ATTEMPT 34 W0 DONE 4x2 seed=1725050 nsol=16 0.01s 2026-07-22T17:17:25.204
ATTEMPT 35 W0 START 4x2 seed=1725051 2026-07-22T17:17:25.204
ATTEMPT 35 W0 SOLVE 4x2 2026-07-22T17:17:25.211
ATTEMPT 35 W0 DONE 4x2 seed=1725051 nsol=16 0.01s 2026-07-22T17:17:25.219
ATTEMPT 36 W0 START 4x2 seed=1725052 2026-07-22T17:17:25.220
ATTEMPT 36 W0 SOLVE 4x2 2026-07-22T17:17:25.226
ATTEMPT 36 W0 DONE 4x2 seed=1725052 nsol=16 0.01s 2026-07-22T17:17:25.236
ATTEMPT 37 W0 START 4x2 seed=1725053 2026-07-22T17:17:25.236
ATTEMPT 37 W0 SOLVE 4x2 2026-07-22T17:17:25.243
ATTEMPT 37 W0 DONE 4x2 seed=1725053 nsol=16 0.01s 2026-07-22T17:17:25.256
ATTEMPT 38 W0 START 4x2 seed=1725054 2026-07-22T17:17:25.256
ATTEMPT 38 W0 SOLVE 4x2 2026-07-22T17:17:25.266
ATTEMPT 38 W0 DONE 4x2 seed=1725054 nsol=16 0.03s 2026-07-22T17:17:25.300
ATTEMPT 39 W0 START 4x2 seed=1725055 2026-07-22T17:17:25.300
ATTEMPT 39 W0 SOLVE 4x2 2026-07-22T17:17:25.315
ATTEMPT 39 W0 DONE 4x2 seed=1725055 nsol=16 0.01s 2026-07-22T17:17:25.333
ATTEMPT 40 W0 START 4x2 seed=1725056 2026-07-22T17:17:25.333
ATTEMPT 40 W0 SOLVE 4x2 2026-07-22T17:17:25.356
ATTEMPT 40 W0 DONE 4x2 seed=1725056 nsol=16 0.02s 2026-07-22T17:17:25.371
ATTEMPT 41 W0 START 4x2 seed=1725057 2026-07-22T17:17:25.372
ATTEMPT 41 W0 SOLVE 4x2 2026-07-22T17:17:25.378
ATTEMPT 41 W0 DONE 4x2 seed=1725057 nsol=16 0.02s 2026-07-22T17:17:25.393
ATTEMPT 42 W0 START 4x2 seed=1725058 2026-07-22T17:17:25.393
ATTEMPT 42 W0 SOLVE 4x2 2026-07-22T17:17:25.399
ATTEMPT 42 W0 DONE 4x2 seed=1725058 nsol=16 0.01s 2026-07-22T17:17:25.412
ATTEMPT 43 W0 START 4x2 seed=1725059 2026-07-22T17:17:25.412
ATTEMPT 43 W0 SOLVE 4x2 2026-07-22T17:17:25.419
ATTEMPT 43 W0 DONE 4x2 seed=1725059 nsol=16 0.22s 2026-07-22T17:17:25.636
ATTEMPT 44 W0 START 4x2 seed=1725060 2026-07-22T17:17:25.636
ATTEMPT 44 W0 SOLVE 4x2 2026-07-22T17:17:25.643
ATTEMPT 44 W0 DONE 4x2 seed=1725060 nsol=16 0.01s 2026-07-22T17:17:25.660
ATTEMPT 45 W0 START 4x2 seed=1725061 2026-07-22T17:17:25.660
ATTEMPT 45 W0 SOLVE 4x2 2026-07-22T17:17:25.669
ATTEMPT 45 W0 DONE 4x2 seed=1725061 nsol=16 0.03s 2026-07-22T17:17:25.700
ATTEMPT 46 W0 START 4x2 seed=1725062 2026-07-22T17:17:25.700
ATTEMPT 46 W0 SOLVE 4x2 2026-07-22T17:17:25.710
ATTEMPT 46 W0 DONE 4x2 seed=1725062 nsol=16 0.01s 2026-07-22T17:17:25.720
ATTEMPT 47 W0 START 4x2 seed=1725063 2026-07-22T17:17:25.720
ATTEMPT 47 W0 SOLVE 4x2 2026-07-22T17:17:25.730
ATTEMPT 47 W0 DONE 4x2 seed=1725063 nsol=16 0.03s 2026-07-22T17:17:25.756
ATTEMPT 48 W0 START 4x2 seed=1725064 2026-07-22T17:17:25.757
ATTEMPT 48 W0 SOLVE 4x2 2026-07-22T17:17:25.763
ATTEMPT 48 W0 DONE 4x2 seed=1725064 nsol=16 0.02s 2026-07-22T17:17:25.784
ATTEMPT 49 W0 START 4x2 seed=1725065 2026-07-22T17:17:25.785
ATTEMPT 49 W0 SOLVE 4x2 2026-07-22T17:17:25.793
ATTEMPT 49 W0 DONE 4x2 seed=1725065 nsol=16 0.01s 2026-07-22T17:17:25.802
ATTEMPT 50 W0 START 4x2 seed=1725066 2026-07-22T17:17:25.802
ATTEMPT 50 W0 SOLVE 4x2 2026-07-22T17:17:25.809
ATTEMPT 50 W0 DONE 4x2 seed=1725066 nsol=16 0.02s 2026-07-22T17:17:25.829
ATTEMPT 51 W0 START 4x2 seed=1725067 2026-07-22T17:17:25.829
ATTEMPT 51 W0 SOLVE 4x2 2026-07-22T17:17:25.836
ATTEMPT 51 W0 DONE 4x2 seed=1725067 nsol=16 0.01s 2026-07-22T17:17:25.843
ATTEMPT 52 W0 START 4x2 seed=1725068 2026-07-22T17:17:25.843
ATTEMPT 52 W0 SOLVE 4x2 2026-07-22T17:17:25.850
ATTEMPT 52 W0 DONE 4x2 seed=1725068 nsol=16 0.02s 2026-07-22T17:17:25.869
ATTEMPT 53 W0 START 4x2 seed=1725069 2026-07-22T17:17:25.870
ATTEMPT 53 W0 SOLVE 4x2 2026-07-22T17:17:25.875
ATTEMPT 53 W0 DONE 4x2 seed=1725069 nsol=16 0.01s 2026-07-22T17:17:25.882
ATTEMPT 54 W0 START 4x2 seed=1725070 2026-07-22T17:17:25.882
ATTEMPT 54 W0 SOLVE 4x2 2026-07-22T17:17:25.888
ATTEMPT 54 W0 DONE 4x2 seed=1725070 nsol=16 0.02s 2026-07-22T17:17:25.904
ATTEMPT 55 W0 START 4x2 seed=1725071 2026-07-22T17:17:25.905
ATTEMPT 55 W0 SOLVE 4x2 2026-07-22T17:17:25.911
ATTEMPT 55 W0 DONE 4x2 seed=1725071 nsol=16 0.01s 2026-07-22T17:17:25.920
ATTEMPT 56 W0 START 4x2 seed=1725072 2026-07-22T17:17:25.920
ATTEMPT 56 W0 SOLVE 4x2 2026-07-22T17:17:25.927
ATTEMPT 56 W0 DONE 4x2 seed=1725072 nsol=16 0.01s 2026-07-22T17:17:25.942
ATTEMPT 57 W0 START 4x2 seed=1725073 2026-07-22T17:17:25.943
ATTEMPT 57 W0 SOLVE 4x2 2026-07-22T17:17:25.948
ATTEMPT 57 W0 DONE 4x2 seed=1725073 nsol=16 0.01s 2026-07-22T17:17:25.955
ATTEMPT 58 W0 START 4x2 seed=1725074 2026-07-22T17:17:25.955
ATTEMPT 58 W0 SOLVE 4x2 2026-07-22T17:17:25.962
ATTEMPT 58 W0 DONE 4x2 seed=1725074 nsol=16 0.01s 2026-07-22T17:17:25.974
ATTEMPT 59 W0 START 4x2 seed=1725075 2026-07-22T17:17:25.974
ATTEMPT 59 W0 SOLVE 4x2 2026-07-22T17:17:25.985
ATTEMPT 59 W0 DONE 4x2 seed=1725075 nsol=16 0.02s 2026-07-22T17:17:26.005
ATTEMPT 60 W0 START 4x2 seed=1725076 2026-07-22T17:17:26.005
ATTEMPT 60 W0 SOLVE 4x2 2026-07-22T17:17:26.015
ATTEMPT 60 W0 DONE 4x2 seed=1725076 nsol=16 0.01s 2026-07-22T17:17:26.027
ATTEMPT 61 W0 START 4x2 seed=1725077 2026-07-22T17:17:26.027
ATTEMPT 61 W0 SOLVE 4x2 2026-07-22T17:17:26.035
ATTEMPT 61 W0 DONE 4x2 seed=1725077 nsol=16 0.01s 2026-07-22T17:17:26.041
ATTEMPT 62 W0 START 4x2 seed=1725078 2026-07-22T17:17:26.041
ATTEMPT 62 W0 SOLVE 4x2 2026-07-22T17:17:26.049
ATTEMPT 62 W0 DONE 4x2 seed=1725078 nsol=16 0.01s 2026-07-22T17:17:26.060
ATTEMPT 63 W0 START 4x2 seed=1725079 2026-07-22T17:17:26.060
ATTEMPT 63 W0 SOLVE 4x2 2026-07-22T17:17:26.066
ATTEMPT 63 W0 DONE 4x2 seed=1725079 nsol=16 0.01s 2026-07-22T17:17:26.072
ATTEMPT 64 W0 START 4x2 seed=1725080 2026-07-22T17:17:26.072
ATTEMPT 64 W0 SOLVE 4x2 2026-07-22T17:17:26.078
ATTEMPT 64 W0 DONE 4x2 seed=1725080 nsol=16 0.01s 2026-07-22T17:17:26.083
ATTEMPT 65 W0 START 4x2 seed=1725081 2026-07-22T17:17:26.083
ATTEMPT 65 W0 SOLVE 4x2 2026-07-22T17:17:26.089
ATTEMPT 65 W0 DONE 4x2 seed=1725081 nsol=16 0.00s 2026-07-22T17:17:26.094
ATTEMPT 66 W0 START 4x2 seed=1725082 2026-07-22T17:17:26.095
ATTEMPT 66 W0 SOLVE 4x2 2026-07-22T17:17:26.101
ATTEMPT 66 W0 DONE 4x2 seed=1725082 nsol=16 0.01s 2026-07-22T17:17:26.112
ATTEMPT 67 W0 START 4x2 seed=1725083 2026-07-22T17:17:26.112
ATTEMPT 67 W0 SOLVE 4x2 2026-07-22T17:17:26.120
ATTEMPT 67 W0 DONE 4x2 seed=1725083 nsol=16 0.01s 2026-07-22T17:17:26.134
ATTEMPT 68 W0 START 4x2 seed=1725084 2026-07-22T17:17:26.135
ATTEMPT 68 W0 SOLVE 4x2 2026-07-22T17:17:26.141
ATTEMPT 68 W0 DONE 4x2 seed=1725084 nsol=16 0.01s 2026-07-22T17:17:26.156
ATTEMPT 69 W0 START 4x2 seed=1725085 2026-07-22T17:17:26.156
ATTEMPT 69 W0 SOLVE 4x2 2026-07-22T17:17:26.165
ATTEMPT 69 W0 DONE 4x2 seed=1725085 nsol=16 0.02s 2026-07-22T17:17:26.184
ATTEMPT 70 W0 START 4x2 seed=1725086 2026-07-22T17:17:26.184
ATTEMPT 70 W0 SOLVE 4x2 2026-07-22T17:17:26.191
ATTEMPT 70 W0 DONE 4x2 seed=1725086 nsol=16 0.02s 2026-07-22T17:17:26.208
ATTEMPT 71 W0 START 4x2 seed=1725087 2026-07-22T17:17:26.208
ATTEMPT 71 W0 SOLVE 4x2 2026-07-22T17:17:26.219
ATTEMPT 71 W0 DONE 4x2 seed=1725087 nsol=16 0.02s 2026-07-22T17:17:26.237
ATTEMPT 72 W0 START 4x2 seed=1725088 2026-07-22T17:17:26.237
ATTEMPT 72 W0 SOLVE 4x2 2026-07-22T17:17:26.248
ATTEMPT 72 W0 DONE 4x2 seed=1725088 nsol=16 0.02s 2026-07-22T17:17:26.264
ATTEMPT 73 W0 START 4x2 seed=1725089 2026-07-22T17:17:26.264
ATTEMPT 73 W0 SOLVE 4x2 2026-07-22T17:17:26.281
ATTEMPT 73 W0 DONE 4x2 seed=1725089 nsol=16 0.01s 2026-07-22T17:17:26.296
ATTEMPT 74 W0 START 4x2 seed=1725090 2026-07-22T17:17:26.296
ATTEMPT 74 W0 SOLVE 4x2 2026-07-22T17:17:26.304
ATTEMPT 74 W0 DONE 4x2 seed=1725090 nsol=16 0.01s 2026-07-22T17:17:26.316
ATTEMPT 75 W0 START 4x2 seed=1725091 2026-07-22T17:17:26.317
ATTEMPT 75 W0 SOLVE 4x2 2026-07-22T17:17:26.325
ATTEMPT 75 W0 DONE 4x2 seed=1725091 nsol=16 0.02s 2026-07-22T17:17:26.346
ATTEMPT 76 W0 START 4x2 seed=1725092 2026-07-22T17:17:26.347
ATTEMPT 76 W0 SOLVE 4x2 2026-07-22T17:17:26.354
ATTEMPT 76 W0 DONE 4x2 seed=1725092 nsol=16 0.01s 2026-07-22T17:17:26.362
ATTEMPT 77 W0 START 4x2 seed=1725093 2026-07-22T17:17:26.362
ATTEMPT 77 W0 SOLVE 4x2 2026-07-22T17:17:26.369
ATTEMPT 77 W0 DONE 4x2 seed=1725093 nsol=16 0.02s 2026-07-22T17:17:26.388
ATTEMPT 78 W0 START 4x2 seed=1725094 2026-07-22T17:17:26.388
ATTEMPT 78 W0 SOLVE 4x2 2026-07-22T17:17:26.395
ATTEMPT 78 W0 DONE 4x2 seed=1725094 nsol=16 0.02s 2026-07-22T17:17:26.412
ATTEMPT 79 W0 START 4x2 seed=1725095 2026-07-22T17:17:26.412
ATTEMPT 79 W0 SOLVE 4x2 2026-07-22T17:17:26.418
ATTEMPT 79 W0 DONE 4x2 seed=1725095 nsol=16 0.01s 2026-07-22T17:17:26.428
ATTEMPT 80 W0 START 4x2 seed=1725096 2026-07-22T17:17:26.428
ATTEMPT 80 W0 SOLVE 4x2 2026-07-22T17:17:26.435
ATTEMPT 80 W0 DONE 4x2 seed=1725096 nsol=16 0.02s 2026-07-22T17:17:26.451
ATTEMPT 81 W0 START 4x2 seed=1725097 2026-07-22T17:17:26.452
ATTEMPT 81 W0 SOLVE 4x2 2026-07-22T17:17:26.459
ATTEMPT 81 W0 DONE 4x2 seed=1725097 nsol=16 0.01s 2026-07-22T17:17:26.467
ATTEMPT 82 W0 START 4x2 seed=1725098 2026-07-22T17:17:26.468
ATTEMPT 82 W0 SOLVE 4x2 2026-07-22T17:17:26.474
ATTEMPT 82 W0 DONE 4x2 seed=1725098 nsol=16 0.01s 2026-07-22T17:17:26.484
ATTEMPT 83 W0 START 4x2 seed=1725099 2026-07-22T17:17:26.484
ATTEMPT 83 W0 SOLVE 4x2 2026-07-22T17:17:26.494
ATTEMPT 83 W0 DONE 4x2 seed=1725099 nsol=16 0.02s 2026-07-22T17:17:26.516
ATTEMPT 84 W0 START 4x2 seed=1725100 2026-07-22T17:17:26.516
ATTEMPT 84 W0 SOLVE 4x2 2026-07-22T17:17:26.526
ATTEMPT 84 W0 DONE 4x2 seed=1725100 nsol=16 0.02s 2026-07-22T17:17:26.547
ATTEMPT 85 W0 START 4x2 seed=1725101 2026-07-22T17:17:26.547
ATTEMPT 85 W0 SOLVE 4x2 2026-07-22T17:17:26.558
ATTEMPT 85 W0 DONE 4x2 seed=1725101 nsol=16 0.01s 2026-07-22T17:17:26.570
ATTEMPT 86 W0 START 4x2 seed=1725102 2026-07-22T17:17:26.570
ATTEMPT 86 W0 SOLVE 4x2 2026-07-22T17:17:26.587
ATTEMPT 86 W0 DONE 4x2 seed=1725102 nsol=16 0.01s 2026-07-22T17:17:26.600
ATTEMPT 87 W0 START 4x2 seed=1725103 2026-07-22T17:17:26.600
ATTEMPT 87 W0 SOLVE 4x2 2026-07-22T17:17:26.611
ATTEMPT 87 W0 DONE 4x2 seed=1725103 nsol=16 0.01s 2026-07-22T17:17:26.625
ATTEMPT 88 W0 START 4x2 seed=1725104 2026-07-22T17:17:26.625
ATTEMPT 88 W0 SOLVE 4x2 2026-07-22T17:17:26.636
ATTEMPT 88 W0 DONE 4x2 seed=1725104 nsol=16 0.02s 2026-07-22T17:17:26.661
ATTEMPT 89 W0 START 4x2 seed=1725105 2026-07-22T17:17:26.661
ATTEMPT 89 W0 SOLVE 4x2 2026-07-22T17:17:26.667
ATTEMPT 89 W0 DONE 4x2 seed=1725105 nsol=16 0.02s 2026-07-22T17:17:26.688
ATTEMPT 90 W0 START 4x2 seed=1725106 2026-07-22T17:17:26.688
ATTEMPT 90 W0 SOLVE 4x2 2026-07-22T17:17:26.702
ATTEMPT 90 W0 DONE 4x2 seed=1725106 nsol=16 0.01s 2026-07-22T17:17:26.716
ATTEMPT 91 W0 START 4x2 seed=1725107 2026-07-22T17:17:26.716
ATTEMPT 91 W0 SOLVE 4x2 2026-07-22T17:17:26.727
ATTEMPT 91 W0 DONE 4x2 seed=1725107 nsol=16 0.02s 2026-07-22T17:17:26.753
ATTEMPT 92 W0 START 4x2 seed=1725108 2026-07-22T17:17:26.753
ATTEMPT 92 W0 SOLVE 4x2 2026-07-22T17:17:26.763
ATTEMPT 92 W0 DONE 4x2 seed=1725108 nsol=16 0.01s 2026-07-22T17:17:26.774
ATTEMPT 93 W0 START 4x2 seed=1725109 2026-07-22T17:17:26.775
ATTEMPT 93 W0 SOLVE 4x2 2026-07-22T17:17:26.785
ATTEMPT 93 W0 DONE 4x2 seed=1725109 nsol=16 0.02s 2026-07-22T17:17:26.804
ATTEMPT 94 W0 START 4x2 seed=1725110 2026-07-22T17:17:26.805
ATTEMPT 94 W0 SOLVE 4x2 2026-07-22T17:17:26.815
ATTEMPT 94 W0 DONE 4x2 seed=1725110 nsol=16 0.02s 2026-07-22T17:17:26.840
ATTEMPT 95 W0 START 4x2 seed=1725111 2026-07-22T17:17:26.840
ATTEMPT 95 W0 SOLVE 4x2 2026-07-22T17:17:26.861
ATTEMPT 95 W0 DONE 4x2 seed=1725111 nsol=16 0.02s 2026-07-22T17:17:26.876
ATTEMPT 96 W0 START 4x2 seed=1725112 2026-07-22T17:17:26.876
ATTEMPT 96 W0 SOLVE 4x2 2026-07-22T17:17:26.908
ATTEMPT 96 W0 DONE 4x2 seed=1725112 nsol=16 0.02s 2026-07-22T17:17:26.928
ATTEMPT 97 W0 START 4x2 seed=1725113 2026-07-22T17:17:26.928
ATTEMPT 97 W0 SOLVE 4x2 2026-07-22T17:17:26.934
ATTEMPT 97 W0 DONE 4x2 seed=1725113 nsol=16 0.01s 2026-07-22T17:17:26.948
ATTEMPT 98 W0 START 4x2 seed=1725114 2026-07-22T17:17:26.948
ATTEMPT 98 W0 SOLVE 4x2 2026-07-22T17:17:26.958
ATTEMPT 98 W0 DONE 4x2 seed=1725114 nsol=16 0.02s 2026-07-22T17:17:26.981
ATTEMPT 99 W0 START 4x2 seed=1725115 2026-07-22T17:17:26.981
ATTEMPT 99 W0 SOLVE 4x2 2026-07-22T17:17:26.992
ATTEMPT 99 W0 DONE 4x2 seed=1725115 nsol=16 0.02s 2026-07-22T17:17:27.017
ATTEMPT 100 W0 START 4x2 seed=1725116 2026-07-22T17:17:27.017
ATTEMPT 100 W0 SOLVE 4x2 2026-07-22T17:17:27.024
ATTEMPT 100 W0 DONE 4x2 seed=1725116 nsol=16 0.42s 2026-07-22T17:17:27.440
ATTEMPT 101 W0 START 4x2 seed=1725117 2026-07-22T17:17:27.441
ATTEMPT 101 W0 SOLVE 4x2 2026-07-22T17:17:27.452
ATTEMPT 101 W0 DONE 4x2 seed=1725117 nsol=16 0.02s 2026-07-22T17:17:27.472
ATTEMPT 102 W0 START 4x2 seed=1725118 2026-07-22T17:17:27.472
ATTEMPT 102 W0 SOLVE 4x2 2026-07-22T17:17:27.479
ATTEMPT 102 W0 DONE 4x2 seed=1725118 nsol=16 0.02s 2026-07-22T17:17:27.496
ATTEMPT 103 W0 START 4x2 seed=1725119 2026-07-22T17:17:27.496
ATTEMPT 103 W0 SOLVE 4x2 2026-07-22T17:17:27.504
ATTEMPT 103 W0 DONE 4x2 seed=1725119 nsol=16 0.01s 2026-07-22T17:17:27.516
ATTEMPT 104 W0 START 4x2 seed=1725120 2026-07-22T17:17:27.516
ATTEMPT 104 W0 SOLVE 4x2 2026-07-22T17:17:27.529
ATTEMPT 104 W0 DONE 4x2 seed=1725120 nsol=16 0.02s 2026-07-22T17:17:27.548
ATTEMPT 105 W0 START 4x2 seed=1725121 2026-07-22T17:17:27.548
ATTEMPT 105 W0 SOLVE 4x2 2026-07-22T17:17:27.555
ATTEMPT 105 W0 DONE 4x2 seed=1725121 nsol=16 0.02s 2026-07-22T17:17:27.576
ATTEMPT 106 W0 START 4x2 seed=1725122 2026-07-22T17:17:27.576
ATTEMPT 106 W0 SOLVE 4x2 2026-07-22T17:17:27.584
ATTEMPT 106 W0 DONE 4x2 seed=1725122 nsol=16 0.01s 2026-07-22T17:17:27.596
ATTEMPT 107 W0 START 4x2 seed=1725123 2026-07-22T17:17:27.596
ATTEMPT 107 W0 SOLVE 4x2 2026-07-22T17:17:27.604
ATTEMPT 107 W0 DONE 4x2 seed=1725123 nsol=16 0.02s 2026-07-22T17:17:27.620
ATTEMPT 108 W0 START 4x2 seed=1725124 2026-07-22T17:17:27.620
ATTEMPT 108 W0 SOLVE 4x2 2026-07-22T17:17:27.627
ATTEMPT 108 W0 DONE 4x2 seed=1725124 nsol=16 0.02s 2026-07-22T17:17:27.648
ATTEMPT 109 W0 START 4x2 seed=1725125 2026-07-22T17:17:27.648
ATTEMPT 109 W0 SOLVE 4x2 2026-07-22T17:17:27.655
ATTEMPT 109 W0 DONE 4x2 seed=1725125 nsol=16 0.01s 2026-07-22T17:17:27.664
ATTEMPT 110 W0 START 4x2 seed=1725126 2026-07-22T17:17:27.664
ATTEMPT 110 W0 SOLVE 4x2 2026-07-22T17:17:27.672
ATTEMPT 110 W0 DONE 4x2 seed=1725126 nsol=16 0.02s 2026-07-22T17:17:27.688
ATTEMPT 111 W0 START 4x2 seed=1725127 2026-07-22T17:17:27.688
ATTEMPT 111 W0 SOLVE 4x2 2026-07-22T17:17:27.694
ATTEMPT 111 W0 DONE 4x2 seed=1725127 nsol=16 0.02s 2026-07-22T17:17:27.712
ATTEMPT 112 W0 START 4x2 seed=1725128 2026-07-22T17:17:27.712
ATTEMPT 112 W0 SOLVE 4x2 2026-07-22T17:17:27.719
ATTEMPT 112 W0 DONE 4x2 seed=1725128 nsol=16 0.02s 2026-07-22T17:17:27.736
ATTEMPT 113 W0 START 4x2 seed=1725129 2026-07-22T17:17:27.736
ATTEMPT 113 W0 SOLVE 4x2 2026-07-22T17:17:27.743
ATTEMPT 113 W0 DONE 4x2 seed=1725129 nsol=16 0.01s 2026-07-22T17:17:27.753
ATTEMPT 114 W0 START 4x2 seed=1725130 2026-07-22T17:17:27.753
ATTEMPT 114 W0 SOLVE 4x2 2026-07-22T17:17:27.762
ATTEMPT 114 W0 DONE 4x2 seed=1725130 nsol=16 0.02s 2026-07-22T17:17:27.780
ATTEMPT 115 W0 START 4x2 seed=1725131 2026-07-22T17:17:27.780
ATTEMPT 115 W0 SOLVE 4x2 2026-07-22T17:17:27.787
ATTEMPT 115 W0 DONE 4x2 seed=1725131 nsol=16 0.02s 2026-07-22T17:17:27.808
ATTEMPT 116 W0 START 4x2 seed=1725132 2026-07-22T17:17:27.808
ATTEMPT 116 W0 SOLVE 4x2 2026-07-22T17:17:27.814
ATTEMPT 116 W0 DONE 4x2 seed=1725132 nsol=16 0.01s 2026-07-22T17:17:27.828
ATTEMPT 117 W0 START 4x2 seed=1725133 2026-07-22T17:17:27.828
ATTEMPT 117 W0 SOLVE 4x2 2026-07-22T17:17:27.834
ATTEMPT 117 W0 DONE 4x2 seed=1725133 nsol=16 0.01s 2026-07-22T17:17:27.848
ATTEMPT 118 W0 START 4x2 seed=1725134 2026-07-22T17:17:27.848
ATTEMPT 118 W0 SOLVE 4x2 2026-07-22T17:17:27.855
ATTEMPT 118 W0 DONE 4x2 seed=1725134 nsol=16 0.02s 2026-07-22T17:17:27.872
ATTEMPT 119 W0 START 4x2 seed=1725135 2026-07-22T17:17:27.872
ATTEMPT 119 W0 SOLVE 4x2 2026-07-22T17:17:27.879
ATTEMPT 119 W0 DONE 4x2 seed=1725135 nsol=16 0.02s 2026-07-22T17:17:27.896
ATTEMPT 120 W0 START 4x2 seed=1725136 2026-07-22T17:17:27.896
ATTEMPT 120 W0 SOLVE 4x2 2026-07-22T17:17:27.904
ATTEMPT 120 W0 DONE 4x2 seed=1725136 nsol=16 0.01s 2026-07-22T17:17:27.915
ATTEMPT 121 W0 START 4x2 seed=1725137 2026-07-22T17:17:27.915
ATTEMPT 121 W0 SOLVE 4x2 2026-07-22T17:17:27.924
ATTEMPT 121 W0 DONE 4x2 seed=1725137 nsol=16 0.02s 2026-07-22T17:17:27.944
ATTEMPT 122 W0 START 4x2 seed=1725138 2026-07-22T17:17:27.944
ATTEMPT 122 W0 SOLVE 4x2 2026-07-22T17:17:27.952
ATTEMPT 122 W0 DONE 4x2 seed=1725138 nsol=16 0.01s 2026-07-22T17:17:27.960
ATTEMPT 123 W0 START 4x2 seed=1725139 2026-07-22T17:17:27.960
ATTEMPT 123 W0 SOLVE 4x2 2026-07-22T17:17:27.969
ATTEMPT 123 W0 DONE 4x2 seed=1725139 nsol=16 0.01s 2026-07-22T17:17:27.981
ATTEMPT 124 W0 START 4x2 seed=1725140 2026-07-22T17:17:27.981
ATTEMPT 124 W0 SOLVE 4x2 2026-07-22T17:17:27.996
ATTEMPT 124 W0 DONE 4x2 seed=1725140 nsol=16 0.01s 2026-07-22T17:17:28.002
ATTEMPT 125 W0 START 4x2 seed=1725141 2026-07-22T17:17:28.002
ATTEMPT 125 W0 SOLVE 4x2 2026-07-22T17:17:28.017
ATTEMPT 125 W0 DONE 4x2 seed=1725141 nsol=16 0.01s 2026-07-22T17:17:28.028
ATTEMPT 126 W0 START 4x2 seed=1725142 2026-07-22T17:17:28.029
ATTEMPT 126 W0 SOLVE 4x2 2026-07-22T17:17:28.040
ATTEMPT 126 W0 DONE 4x2 seed=1725142 nsol=16 0.01s 2026-07-22T17:17:28.056
ATTEMPT 127 W0 START 4x2 seed=1725143 2026-07-22T17:17:28.056
ATTEMPT 127 W0 SOLVE 4x2 2026-07-22T17:17:28.067
ATTEMPT 127 W0 DONE 4x2 seed=1725143 nsol=16 0.02s 2026-07-22T17:17:28.084
ATTEMPT 128 W0 START 4x2 seed=1725144 2026-07-22T17:17:28.084
ATTEMPT 128 W0 SOLVE 4x2 2026-07-22T17:17:28.098
ATTEMPT 128 W0 DONE 4x2 seed=1725144 nsol=16 0.01s 2026-07-22T17:17:28.110
ATTEMPT 129 W0 START 4x2 seed=1725145 2026-07-22T17:17:28.110
ATTEMPT 129 W0 SOLVE 4x2 2026-07-22T17:17:28.121
ATTEMPT 129 W0 DONE 4x2 seed=1725145 nsol=16 0.01s 2026-07-22T17:17:28.133
ATTEMPT 130 W0 START 4x2 seed=1725146 2026-07-22T17:17:28.133
ATTEMPT 130 W0 SOLVE 4x2 2026-07-22T17:17:28.140
ATTEMPT 130 W0 DONE 4x2 seed=1725146 nsol=16 0.02s 2026-07-22T17:17:28.157
ATTEMPT 131 W0 START 4x2 seed=1725147 2026-07-22T17:17:28.157
ATTEMPT 131 W0 SOLVE 4x2 2026-07-22T17:17:28.172
ATTEMPT 131 W0 DONE 4x2 seed=1725147 nsol=16 0.01s 2026-07-22T17:17:28.180
ATTEMPT 132 W0 START 4x2 seed=1725148 2026-07-22T17:17:28.180
ATTEMPT 132 W0 SOLVE 4x2 2026-07-22T17:17:28.190
ATTEMPT 132 W0 DONE 4x2 seed=1725148 nsol=16 0.02s 2026-07-22T17:17:28.207
ATTEMPT 133 W0 START 4x2 seed=1725149 2026-07-22T17:17:28.208
ATTEMPT 133 W0 SOLVE 4x2 2026-07-22T17:17:28.217
ATTEMPT 133 W0 DONE 4x2 seed=1725149 nsol=16 0.01s 2026-07-22T17:17:28.225
ATTEMPT 134 W0 START 4x2 seed=1725150 2026-07-22T17:17:28.225
ATTEMPT 134 W0 SOLVE 4x2 2026-07-22T17:17:28.235
ATTEMPT 134 W0 DONE 4x2 seed=1725150 nsol=16 0.02s 2026-07-22T17:17:28.256
ATTEMPT 135 W0 START 4x2 seed=1725151 2026-07-22T17:17:28.256
ATTEMPT 135 W0 SOLVE 4x2 2026-07-22T17:17:28.263
ATTEMPT 135 W0 DONE 4x2 seed=1725151 nsol=16 0.02s 2026-07-22T17:17:28.284
ATTEMPT 136 W0 START 4x2 seed=1725152 2026-07-22T17:17:28.284
ATTEMPT 136 W0 SOLVE 4x2 2026-07-22T17:17:28.290
ATTEMPT 136 W0 DONE 4x2 seed=1725152 nsol=16 0.02s 2026-07-22T17:17:28.306
ATTEMPT 137 W0 START 4x2 seed=1725153 2026-07-22T17:17:28.306
ATTEMPT 137 W0 SOLVE 4x2 2026-07-22T17:17:28.313
ATTEMPT 137 W0 DONE 4x2 seed=1725153 nsol=16 0.01s 2026-07-22T17:17:28.324
ATTEMPT 138 W0 START 4x2 seed=1725154 2026-07-22T17:17:28.324
ATTEMPT 138 W0 SOLVE 4x2 2026-07-22T17:17:28.332
ATTEMPT 138 W0 DONE 4x2 seed=1725154 nsol=16 0.01s 2026-07-22T17:17:28.347
ATTEMPT 139 W0 START 4x2 seed=1725155 2026-07-22T17:17:28.347
ATTEMPT 139 W0 SOLVE 4x2 2026-07-22T17:17:28.354
ATTEMPT 139 W0 DONE 4x2 seed=1725155 nsol=16 0.01s 2026-07-22T17:17:28.368
ATTEMPT 140 W0 START 4x2 seed=1725156 2026-07-22T17:17:28.368
ATTEMPT 140 W0 SOLVE 4x2 2026-07-22T17:17:28.374
ATTEMPT 140 W0 DONE 4x2 seed=1725156 nsol=16 0.01s 2026-07-22T17:17:28.388
ATTEMPT 141 W0 START 4x2 seed=1725157 2026-07-22T17:17:28.388
ATTEMPT 141 W0 SOLVE 4x2 2026-07-22T17:17:28.396
ATTEMPT 141 W0 DONE 4x2 seed=1725157 nsol=16 0.01s 2026-07-22T17:17:28.406
ATTEMPT 142 W0 START 4x2 seed=1725158 2026-07-22T17:17:28.407
ATTEMPT 142 W0 SOLVE 4x2 2026-07-22T17:17:28.414
ATTEMPT 142 W0 DONE 4x2 seed=1725158 nsol=16 0.01s 2026-07-22T17:17:28.428
ATTEMPT 143 W0 START 4x2 seed=1725159 2026-07-22T17:17:28.428
ATTEMPT 143 W0 SOLVE 4x2 2026-07-22T17:17:28.436
ATTEMPT 143 W0 DONE 4x2 seed=1725159 nsol=16 0.01s 2026-07-22T17:17:28.444
ATTEMPT 144 W0 START 4x2 seed=1725160 2026-07-22T17:17:28.445
ATTEMPT 144 W0 SOLVE 4x2 2026-07-22T17:17:28.452
ATTEMPT 144 W0 DONE 4x2 seed=1725160 nsol=16 0.01s 2026-07-22T17:17:28.461
ATTEMPT 145 W0 START 4x2 seed=1725161 2026-07-22T17:17:28.462
ATTEMPT 145 W0 SOLVE 4x2 2026-07-22T17:17:28.468
ATTEMPT 145 W0 DONE 4x2 seed=1725161 nsol=16 0.01s 2026-07-22T17:17:28.481
ATTEMPT 146 W0 START 4x2 seed=1725162 2026-07-22T17:17:28.482
ATTEMPT 146 W0 SOLVE 4x2 2026-07-22T17:17:28.489
ATTEMPT 146 W0 DONE 4x2 seed=1725162 nsol=16 0.02s 2026-07-22T17:17:28.508
ATTEMPT 147 W0 START 4x2 seed=1725163 2026-07-22T17:17:28.508
ATTEMPT 147 W0 SOLVE 4x2 2026-07-22T17:17:28.514
ATTEMPT 147 W0 DONE 4x2 seed=1725163 nsol=16 0.01s 2026-07-22T17:17:28.526
ATTEMPT 148 W0 START 4x2 seed=1725164 2026-07-22T17:17:28.527
ATTEMPT 148 W0 SOLVE 4x2 2026-07-22T17:17:28.535
ATTEMPT 148 W0 DONE 4x2 seed=1725164 nsol=16 0.01s 2026-07-22T17:17:28.547
ATTEMPT 149 W0 START 4x2 seed=1725165 2026-07-22T17:17:28.548
ATTEMPT 149 W0 SOLVE 4x2 2026-07-22T17:17:28.558
ATTEMPT 149 W0 DONE 4x2 seed=1725165 nsol=16 0.02s 2026-07-22T17:17:28.580
ATTEMPT 150 W0 START 4x2 seed=1725166 2026-07-22T17:17:28.580
ATTEMPT 150 W0 SOLVE 4x2 2026-07-22T17:17:28.591
ATTEMPT 150 W0 DONE 4x2 seed=1725166 nsol=16 0.02s 2026-07-22T17:17:28.607
ATTEMPT 151 W0 START 4x2 seed=1725167 2026-07-22T17:17:28.607
ATTEMPT 151 W0 SOLVE 4x2 2026-07-22T17:17:28.614
ATTEMPT 151 W0 DONE 4x2 seed=1725167 nsol=16 0.01s 2026-07-22T17:17:28.622
ATTEMPT 152 W0 START 4x2 seed=1725168 2026-07-22T17:17:28.622
ATTEMPT 152 W0 SOLVE 4x2 2026-07-22T17:17:28.630
ATTEMPT 152 W0 DONE 4x2 seed=1725168 nsol=16 0.01s 2026-07-22T17:17:28.640
ATTEMPT 153 W0 START 4x2 seed=1725169 2026-07-22T17:17:28.640
ATTEMPT 153 W0 SOLVE 4x2 2026-07-22T17:17:28.646
ATTEMPT 153 W0 DONE 4x2 seed=1725169 nsol=16 0.01s 2026-07-22T17:17:28.656
ATTEMPT 154 W0 START 4x2 seed=1725170 2026-07-22T17:17:28.656
ATTEMPT 154 W0 SOLVE 4x2 2026-07-22T17:17:28.662
ATTEMPT 154 W0 DONE 4x2 seed=1725170 nsol=16 0.01s 2026-07-22T17:17:28.676
ATTEMPT 155 W0 START 4x2 seed=1725171 2026-07-22T17:17:28.676
ATTEMPT 155 W0 SOLVE 4x2 2026-07-22T17:17:28.684
ATTEMPT 155 W0 DONE 4x2 seed=1725171 nsol=16 0.01s 2026-07-22T17:17:28.694
ATTEMPT 156 W0 START 4x2 seed=1725172 2026-07-22T17:17:28.694
ATTEMPT 156 W0 SOLVE 4x2 2026-07-22T17:17:28.699
ATTEMPT 156 W0 DONE 4x2 seed=1725172 nsol=16 0.02s 2026-07-22T17:17:28.722
ATTEMPT 157 W0 START 4x2 seed=1725173 2026-07-22T17:17:28.722
ATTEMPT 157 W0 SOLVE 4x2 2026-07-22T17:17:28.728
ATTEMPT 157 W0 DONE 4x2 seed=1725173 nsol=16 0.01s 2026-07-22T17:17:28.736
ATTEMPT 158 W0 START 4x2 seed=1725174 2026-07-22T17:17:28.736
ATTEMPT 158 W0 SOLVE 4x2 2026-07-22T17:17:28.742
ATTEMPT 158 W0 DONE 4x2 seed=1725174 nsol=16 0.01s 2026-07-22T17:17:28.756
ATTEMPT 159 W0 START 4x2 seed=1725175 2026-07-22T17:17:28.756
ATTEMPT 159 W0 SOLVE 4x2 2026-07-22T17:17:28.764
ATTEMPT 159 W0 DONE 4x2 seed=1725175 nsol=16 0.01s 2026-07-22T17:17:28.776
ATTEMPT 160 W0 START 4x2 seed=1725176 2026-07-22T17:17:28.776
ATTEMPT 160 W0 SOLVE 4x2 2026-07-22T17:17:28.784
ATTEMPT 160 W0 DONE 4x2 seed=1725176 nsol=16 0.01s 2026-07-22T17:17:28.796
ATTEMPT 161 W0 START 4x2 seed=1725177 2026-07-22T17:17:28.796
ATTEMPT 161 W0 SOLVE 4x2 2026-07-22T17:17:28.802
ATTEMPT 161 W0 DONE 4x2 seed=1725177 nsol=16 0.02s 2026-07-22T17:17:28.824
ATTEMPT 162 W0 START 4x2 seed=1725178 2026-07-22T17:17:28.824
ATTEMPT 162 W0 SOLVE 4x2 2026-07-22T17:17:28.831
ATTEMPT 162 W0 DONE 4x2 seed=1725178 nsol=16 0.02s 2026-07-22T17:17:28.848
ATTEMPT 163 W0 START 4x2 seed=1725179 2026-07-22T17:17:28.848
ATTEMPT 163 W0 SOLVE 4x2 2026-07-22T17:17:28.855
ATTEMPT 163 W0 DONE 4x2 seed=1725179 nsol=16 0.02s 2026-07-22T17:17:28.874
ATTEMPT 164 W0 START 4x2 seed=1725180 2026-07-22T17:17:28.875
ATTEMPT 164 W0 SOLVE 4x2 2026-07-22T17:17:28.883
ATTEMPT 164 W0 DONE 4x2 seed=1725180 nsol=16 0.02s 2026-07-22T17:17:28.908
ATTEMPT 165 W0 START 4x2 seed=1725181 2026-07-22T17:17:28.908
ATTEMPT 165 W0 SOLVE 4x2 2026-07-22T17:17:28.914
ATTEMPT 165 W0 DONE 4x2 seed=1725181 nsol=16 0.01s 2026-07-22T17:17:28.928
ATTEMPT 166 W0 START 4x2 seed=1725182 2026-07-22T17:17:28.928
ATTEMPT 166 W0 SOLVE 4x2 2026-07-22T17:17:28.934
ATTEMPT 166 W0 DONE 4x2 seed=1725182 nsol=16 0.06s 2026-07-22T17:17:28.992
ATTEMPT 167 W0 START 4x2 seed=1725183 2026-07-22T17:17:28.992
ATTEMPT 167 W0 SOLVE 4x2 2026-07-22T17:17:28.999
ATTEMPT 167 W0 DONE 4x2 seed=1725183 nsol=16 0.01s 2026-07-22T17:17:29.011
ATTEMPT 168 W0 START 4x2 seed=1725184 2026-07-22T17:17:29.011
ATTEMPT 168 W0 SOLVE 4x2 2026-07-22T17:17:29.018
ATTEMPT 168 W0 DONE 4x2 seed=1725184 nsol=16 0.01s 2026-07-22T17:17:29.032
ATTEMPT 169 W0 START 4x2 seed=1725185 2026-07-22T17:17:29.032
ATTEMPT 169 W0 SOLVE 4x2 2026-07-22T17:17:29.039
ATTEMPT 169 W0 DONE 4x2 seed=1725185 nsol=16 0.02s 2026-07-22T17:17:29.056
ATTEMPT 170 W0 START 4x2 seed=1725186 2026-07-22T17:17:29.056
ATTEMPT 170 W0 SOLVE 4x2 2026-07-22T17:17:29.063
ATTEMPT 170 W0 DONE 4x2 seed=1725186 nsol=16 0.01s 2026-07-22T17:17:29.076
ATTEMPT 171 W0 START 4x2 seed=1725187 2026-07-22T17:17:29.076
ATTEMPT 171 W0 SOLVE 4x2 2026-07-22T17:17:29.084
ATTEMPT 171 W0 DONE 4x2 seed=1725187 nsol=16 0.01s 2026-07-22T17:17:29.092
ATTEMPT 172 W0 START 4x2 seed=1725188 2026-07-22T17:17:29.092
ATTEMPT 172 W0 SOLVE 4x2 2026-07-22T17:17:29.102
ATTEMPT 172 W0 DONE 4x2 seed=1725188 nsol=16 0.01s 2026-07-22T17:17:29.116
ATTEMPT 173 W0 START 4x2 seed=1725189 2026-07-22T17:17:29.117
ATTEMPT 173 W0 SOLVE 4x2 2026-07-22T17:17:29.126
ATTEMPT 173 W0 DONE 4x2 seed=1725189 nsol=16 0.01s 2026-07-22T17:17:29.134
ATTEMPT 174 W0 START 4x2 seed=1725190 2026-07-22T17:17:29.134
ATTEMPT 174 W0 SOLVE 4x2 2026-07-22T17:17:29.141
ATTEMPT 174 W0 DONE 4x2 seed=1725190 nsol=16 0.01s 2026-07-22T17:17:29.156
ATTEMPT 175 W0 START 4x2 seed=1725191 2026-07-22T17:17:29.157
ATTEMPT 175 W0 SOLVE 4x2 2026-07-22T17:17:29.165
ATTEMPT 175 W0 DONE 4x2 seed=1725191 nsol=16 0.02s 2026-07-22T17:17:29.180
ATTEMPT 176 W0 START 4x2 seed=1725192 2026-07-22T17:17:29.180
ATTEMPT 176 W0 SOLVE 4x2 2026-07-22T17:17:29.186
ATTEMPT 176 W0 DONE 4x2 seed=1725192 nsol=16 0.01s 2026-07-22T17:17:29.197
ATTEMPT 177 W0 START 4x2 seed=1725193 2026-07-22T17:17:29.197
ATTEMPT 177 W0 SOLVE 4x2 2026-07-22T17:17:29.204
ATTEMPT 177 W0 DONE 4x2 seed=1725193 nsol=16 0.01s 2026-07-22T17:17:29.215
ATTEMPT 178 W0 START 4x2 seed=1725194 2026-07-22T17:17:29.215
ATTEMPT 178 W0 SOLVE 4x2 2026-07-22T17:17:29.221
ATTEMPT 178 W0 DONE 4x2 seed=1725194 nsol=16 0.02s 2026-07-22T17:17:29.236
ATTEMPT 179 W0 START 4x2 seed=1725195 2026-07-22T17:17:29.236
ATTEMPT 179 W0 SOLVE 4x2 2026-07-22T17:17:29.242
ATTEMPT 179 W0 DONE 4x2 seed=1725195 nsol=16 0.01s 2026-07-22T17:17:29.256
ATTEMPT 180 W0 START 4x2 seed=1725196 2026-07-22T17:17:29.256
ATTEMPT 180 W0 SOLVE 4x2 2026-07-22T17:17:29.264
ATTEMPT 180 W0 DONE 4x2 seed=1725196 nsol=16 0.02s 2026-07-22T17:17:29.284
ATTEMPT 181 W0 START 4x2 seed=1725197 2026-07-22T17:17:29.284
ATTEMPT 181 W0 SOLVE 4x2 2026-07-22T17:17:29.291
ATTEMPT 181 W0 DONE 4x2 seed=1725197 nsol=16 0.01s 2026-07-22T17:17:29.304
ATTEMPT 182 W0 START 4x2 seed=1725198 2026-07-22T17:17:29.304
ATTEMPT 182 W0 SOLVE 4x2 2026-07-22T17:17:29.313
ATTEMPT 182 W0 DONE 4x2 seed=1725198 nsol=16 0.02s 2026-07-22T17:17:29.328
ATTEMPT 183 W0 START 4x2 seed=1725199 2026-07-22T17:17:29.329
ATTEMPT 183 W0 SOLVE 4x2 2026-07-22T17:17:29.336
ATTEMPT 183 W0 DONE 4x2 seed=1725199 nsol=16 0.02s 2026-07-22T17:17:29.352
ATTEMPT 184 W0 START 4x2 seed=1725200 2026-07-22T17:17:29.352
ATTEMPT 184 W0 SOLVE 4x2 2026-07-22T17:17:29.358
ATTEMPT 184 W0 DONE 4x2 seed=1725200 nsol=16 0.02s 2026-07-22T17:17:29.377
ATTEMPT 185 W0 START 4x2 seed=1725201 2026-07-22T17:17:29.377
ATTEMPT 185 W0 SOLVE 4x2 2026-07-22T17:17:29.383
ATTEMPT 185 W0 DONE 4x2 seed=1725201 nsol=16 0.01s 2026-07-22T17:17:29.393
ATTEMPT 186 W0 START 4x2 seed=1725202 2026-07-22T17:17:29.393
ATTEMPT 186 W0 SOLVE 4x2 2026-07-22T17:17:29.398
ATTEMPT 186 W0 DONE 4x2 seed=1725202 nsol=16 0.01s 2026-07-22T17:17:29.412
ATTEMPT 187 W0 START 4x2 seed=1725203 2026-07-22T17:17:29.412
ATTEMPT 187 W0 SOLVE 4x2 2026-07-22T17:17:29.418
ATTEMPT 187 W0 DONE 4x2 seed=1725203 nsol=16 0.01s 2026-07-22T17:17:29.432
ATTEMPT 188 W0 START 4x2 seed=1725204 2026-07-22T17:17:29.432
ATTEMPT 188 W0 SOLVE 4x2 2026-07-22T17:17:29.437
ATTEMPT 188 W0 DONE 4x2 seed=1725204 nsol=16 0.01s 2026-07-22T17:17:29.448
ATTEMPT 189 W0 START 4x2 seed=1725205 2026-07-22T17:17:29.448
ATTEMPT 189 W0 SOLVE 4x2 2026-07-22T17:17:29.456
ATTEMPT 189 W0 DONE 4x2 seed=1725205 nsol=16 0.02s 2026-07-22T17:17:29.475
ATTEMPT 190 W0 START 4x2 seed=1725206 2026-07-22T17:17:29.475
ATTEMPT 190 W0 SOLVE 4x2 2026-07-22T17:17:29.481
ATTEMPT 190 W0 DONE 4x2 seed=1725206 nsol=16 0.02s 2026-07-22T17:17:29.500
ATTEMPT 191 W0 START 4x2 seed=1725207 2026-07-22T17:17:29.500
ATTEMPT 191 W0 SOLVE 4x2 2026-07-22T17:17:29.507
ATTEMPT 191 W0 DONE 4x2 seed=1725207 nsol=16 0.01s 2026-07-22T17:17:29.517
ATTEMPT 192 W0 START 4x2 seed=1725208 2026-07-22T17:17:29.517
ATTEMPT 192 W0 SOLVE 4x2 2026-07-22T17:17:29.523
ATTEMPT 192 W0 DONE 4x2 seed=1725208 nsol=16 0.01s 2026-07-22T17:17:29.536
ATTEMPT 193 W0 START 4x2 seed=1725209 2026-07-22T17:17:29.536
ATTEMPT 193 W0 SOLVE 4x2 2026-07-22T17:17:29.542
ATTEMPT 193 W0 DONE 4x2 seed=1725209 nsol=16 0.01s 2026-07-22T17:17:29.553
ATTEMPT 194 W0 START 4x2 seed=1725210 2026-07-22T17:17:29.554
ATTEMPT 194 W0 SOLVE 4x2 2026-07-22T17:17:29.560
ATTEMPT 194 W0 DONE 4x2 seed=1725210 nsol=16 0.01s 2026-07-22T17:17:29.572
ATTEMPT 195 W0 START 4x2 seed=1725211 2026-07-22T17:17:29.572
ATTEMPT 195 W0 SOLVE 4x2 2026-07-22T17:17:29.578
ATTEMPT 195 W0 DONE 4x2 seed=1725211 nsol=16 0.01s 2026-07-22T17:17:29.587
ATTEMPT 196 W0 START 4x2 seed=1725212 2026-07-22T17:17:29.588
ATTEMPT 196 W0 SOLVE 4x2 2026-07-22T17:17:29.594
ATTEMPT 196 W0 DONE 4x2 seed=1725212 nsol=16 0.01s 2026-07-22T17:17:29.600
ATTEMPT 197 W0 START 4x2 seed=1725213 2026-07-22T17:17:29.601
ATTEMPT 197 W0 SOLVE 4x2 2026-07-22T17:17:29.609
ATTEMPT 197 W0 DONE 4x2 seed=1725213 nsol=16 0.01s 2026-07-22T17:17:29.620
ATTEMPT 198 W0 START 4x2 seed=1725214 2026-07-22T17:17:29.620
ATTEMPT 198 W0 SOLVE 4x2 2026-07-22T17:17:29.631
ATTEMPT 198 W0 DONE 4x2 seed=1725214 nsol=16 0.01s 2026-07-22T17:17:29.648
ATTEMPT 199 W0 START 4x2 seed=1725215 2026-07-22T17:17:29.648
ATTEMPT 199 W0 SOLVE 4x2 2026-07-22T17:17:29.660
ATTEMPT 199 W0 DONE 4x2 seed=1725215 nsol=16 0.01s 2026-07-22T17:17:29.674
ATTEMPT 200 W0 START 4x2 seed=1725216 2026-07-22T17:17:29.674
ATTEMPT 200 W0 SOLVE 4x2 2026-07-22T17:17:29.690
ATTEMPT 200 W0 DONE 4x2 seed=1725216 nsol=16 0.01s 2026-07-22T17:17:29.704
ATTEMPT 201 W0 START 4x2 seed=1725217 2026-07-22T17:17:29.704
ATTEMPT 201 W0 SOLVE 4x2 2026-07-22T17:17:29.714
ATTEMPT 201 W0 DONE 4x2 seed=1725217 nsol=16 0.01s 2026-07-22T17:17:29.722
ATTEMPT 202 W0 START 4x2 seed=1725218 2026-07-22T17:17:29.722
ATTEMPT 202 W0 SOLVE 4x2 2026-07-22T17:17:29.727
ATTEMPT 202 W0 DONE 4x2 seed=1725218 nsol=16 0.01s 2026-07-22T17:17:29.742
ATTEMPT 203 W0 START 4x2 seed=1725219 2026-07-22T17:17:29.742
ATTEMPT 203 W0 SOLVE 4x2 2026-07-22T17:17:29.751
ATTEMPT 203 W0 DONE 4x2 seed=1725219 nsol=16 0.00s 2026-07-22T17:17:29.761
ATTEMPT 204 W0 START 4x2 seed=1725220 2026-07-22T17:17:29.761
ATTEMPT 204 W0 SOLVE 4x2 2026-07-22T17:17:29.771
ATTEMPT 204 W0 DONE 4x2 seed=1725220 nsol=16 0.00s 2026-07-22T17:17:29.781
ATTEMPT 205 W0 START 4x2 seed=1725221 2026-07-22T17:17:29.781
ATTEMPT 205 W0 SOLVE 4x2 2026-07-22T17:17:29.792
ATTEMPT 205 W0 DONE 4x2 seed=1725221 nsol=16 0.01s 2026-07-22T17:17:29.808
ATTEMPT 206 W0 START 4x2 seed=1725222 2026-07-22T17:17:29.809
ATTEMPT 206 W0 SOLVE 4x2 2026-07-22T17:17:29.823
ATTEMPT 206 W0 DONE 4x2 seed=1725222 nsol=16 0.01s 2026-07-22T17:17:29.841
ATTEMPT 207 W0 START 4x2 seed=1725223 2026-07-22T17:17:29.841
ATTEMPT 207 W0 SOLVE 4x2 2026-07-22T17:17:29.849
ATTEMPT 207 W0 DONE 4x2 seed=1725223 nsol=16 0.02s 2026-07-22T17:17:29.868
ATTEMPT 208 W0 START 4x2 seed=1725224 2026-07-22T17:17:29.868
ATTEMPT 208 W0 SOLVE 4x2 2026-07-22T17:17:29.880
ATTEMPT 208 W0 DONE 4x2 seed=1725224 nsol=16 0.02s 2026-07-22T17:17:29.897
ATTEMPT 209 W0 START 4x2 seed=1725225 2026-07-22T17:17:29.898
ATTEMPT 209 W0 SOLVE 4x2 2026-07-22T17:17:29.903
ATTEMPT 209 W0 DONE 4x2 seed=1725225 nsol=16 0.01s 2026-07-22T17:17:29.920
ATTEMPT 210 W0 START 4x2 seed=1725226 2026-07-22T17:17:29.921
ATTEMPT 210 W0 SOLVE 4x2 2026-07-22T17:17:29.927
ATTEMPT 210 W0 DONE 4x2 seed=1725226 nsol=16 0.01s 2026-07-22T17:17:29.938
ATTEMPT 211 W0 START 4x2 seed=1725227 2026-07-22T17:17:29.938
ATTEMPT 211 W0 SOLVE 4x2 2026-07-22T17:17:29.953
ATTEMPT 211 W0 DONE 4x2 seed=1725227 nsol=16 0.01s 2026-07-22T17:17:29.959
ATTEMPT 212 W0 START 4x2 seed=1725228 2026-07-22T17:17:29.959
ATTEMPT 212 W0 SOLVE 4x2 2026-07-22T17:17:29.972
ATTEMPT 212 W0 DONE 4x2 seed=1725228 nsol=16 0.02s 2026-07-22T17:17:29.988
ATTEMPT 213 W0 START 4x2 seed=1725229 2026-07-22T17:17:29.988
ATTEMPT 213 W0 SOLVE 4x2 2026-07-22T17:17:29.998
ATTEMPT 213 W0 DONE 4x2 seed=1725229 nsol=16 0.01s 2026-07-22T17:17:30.004
ATTEMPT 214 W0 START 4x2 seed=1725230 2026-07-22T17:17:30.004
ATTEMPT 214 W0 SOLVE 4x2 2026-07-22T17:17:30.010
ATTEMPT 214 W0 DONE 4x2 seed=1725230 nsol=16 0.01s 2026-07-22T17:17:30.027
ATTEMPT 215 W0 START 4x2 seed=1725231 2026-07-22T17:17:30.028
ATTEMPT 215 W0 SOLVE 4x2 2026-07-22T17:17:30.037
ATTEMPT 215 W0 DONE 4x2 seed=1725231 nsol=16 0.02s 2026-07-22T17:17:30.055
ATTEMPT 216 W0 START 4x2 seed=1725232 2026-07-22T17:17:30.055
ATTEMPT 216 W0 SOLVE 4x2 2026-07-22T17:17:30.073
ATTEMPT 216 W0 DONE 4x2 seed=1725232 nsol=16 0.01s 2026-07-22T17:17:30.085
ATTEMPT 217 W0 START 4x2 seed=1725233 2026-07-22T17:17:30.086
ATTEMPT 217 W0 SOLVE 4x2 2026-07-22T17:17:30.091
ATTEMPT 217 W0 DONE 4x2 seed=1725233 nsol=16 0.03s 2026-07-22T17:17:30.123
ATTEMPT 218 W0 START 4x2 seed=1725234 2026-07-22T17:17:30.123
ATTEMPT 218 W0 SOLVE 4x2 2026-07-22T17:17:30.134
ATTEMPT 218 W0 DONE 4x2 seed=1725234 nsol=16 0.06s 2026-07-22T17:17:30.200
ATTEMPT 219 W0 START 4x2 seed=1725235 2026-07-22T17:17:30.212
ATTEMPT 219 W0 SOLVE 4x2 2026-07-22T17:17:30.223
ATTEMPT 219 W0 DONE 4x2 seed=1725235 nsol=16 0.02s 2026-07-22T17:17:30.249
ATTEMPT 220 W0 START 4x2 seed=1725236 2026-07-22T17:17:30.249
ATTEMPT 220 W0 SOLVE 4x2 2026-07-22T17:17:30.261
ATTEMPT 220 W0 DONE 4x2 seed=1725236 nsol=16 0.01s 2026-07-22T17:17:30.276
ATTEMPT 221 W0 START 4x2 seed=1725237 2026-07-22T17:17:30.276
ATTEMPT 221 W0 SOLVE 4x2 2026-07-22T17:17:30.285
ATTEMPT 221 W0 DONE 4x2 seed=1725237 nsol=16 0.02s 2026-07-22T17:17:30.305
ATTEMPT 222 W0 START 4x2 seed=1725238 2026-07-22T17:17:30.305
ATTEMPT 222 W0 SOLVE 4x2 2026-07-22T17:17:30.311
ATTEMPT 222 W0 DONE 4x2 seed=1725238 nsol=16 0.01s 2026-07-22T17:17:30.324
ATTEMPT 223 W0 START 4x2 seed=1725239 2026-07-22T17:17:30.324
ATTEMPT 223 W0 SOLVE 4x2 2026-07-22T17:17:30.330
ATTEMPT 223 W0 DONE 4x2 seed=1725239 nsol=16 0.01s 2026-07-22T17:17:30.344
ATTEMPT 224 W0 START 4x2 seed=1725240 2026-07-22T17:17:30.345
ATTEMPT 224 W0 SOLVE 4x2 2026-07-22T17:17:30.350
ATTEMPT 224 W0 DONE 4x2 seed=1725240 nsol=16 0.00s 2026-07-22T17:17:30.355
ATTEMPT 225 W0 START 4x2 seed=1725241 2026-07-22T17:17:30.355
ATTEMPT 225 W0 SOLVE 4x2 2026-07-22T17:17:30.359
ATTEMPT 225 W0 DONE 4x2 seed=1725241 nsol=16 0.00s 2026-07-22T17:17:30.364
ATTEMPT 226 W0 START 4x2 seed=1725242 2026-07-22T17:17:30.364
ATTEMPT 226 W0 SOLVE 4x2 2026-07-22T17:17:30.372
ATTEMPT 226 W0 DONE 4x2 seed=1725242 nsol=16 0.02s 2026-07-22T17:17:30.390
ATTEMPT 227 W0 START 4x2 seed=1725243 2026-07-22T17:17:30.391
ATTEMPT 227 W0 SOLVE 4x2 2026-07-22T17:17:30.398
ATTEMPT 227 W0 DONE 4x2 seed=1725243 nsol=16 0.01s 2026-07-22T17:17:30.404
ATTEMPT 228 W0 START 4x2 seed=1725244 2026-07-22T17:17:30.404
ATTEMPT 228 W0 SOLVE 4x2 2026-07-22T17:17:30.411
ATTEMPT 228 W0 DONE 4x2 seed=1725244 nsol=16 0.02s 2026-07-22T17:17:30.428
ATTEMPT 229 W0 START 4x2 seed=1725245 2026-07-22T17:17:30.428
ATTEMPT 229 W0 SOLVE 4x2 2026-07-22T17:17:30.433
ATTEMPT 229 W0 DONE 4x2 seed=1725245 nsol=16 0.01s 2026-07-22T17:17:30.446
ATTEMPT 230 W0 START 4x2 seed=1725246 2026-07-22T17:17:30.447
ATTEMPT 230 W0 SOLVE 4x2 2026-07-22T17:17:30.452
ATTEMPT 230 W0 DONE 4x2 seed=1725246 nsol=16 0.00s 2026-07-22T17:17:30.455
ATTEMPT 231 W0 START 4x2 seed=1725247 2026-07-22T17:17:30.456
ATTEMPT 231 W0 SOLVE 4x2 2026-07-22T17:17:30.462
ATTEMPT 231 W0 DONE 4x2 seed=1725247 nsol=16 0.01s 2026-07-22T17:17:30.468
ATTEMPT 232 W0 START 4x2 seed=1725248 2026-07-22T17:17:30.468
ATTEMPT 232 W0 SOLVE 4x2 2026-07-22T17:17:30.473
ATTEMPT 232 W0 DONE 4x2 seed=1725248 nsol=16 0.01s 2026-07-22T17:17:30.488
ATTEMPT 233 W0 START 4x2 seed=1725249 2026-07-22T17:17:30.488
ATTEMPT 233 W0 SOLVE 4x2 2026-07-22T17:17:30.494
ATTEMPT 233 W0 DONE 4x2 seed=1725249 nsol=16 0.02s 2026-07-22T17:17:30.511
ATTEMPT 234 W0 START 4x2 seed=1725250 2026-07-22T17:17:30.511
ATTEMPT 234 W0 SOLVE 4x2 2026-07-22T17:17:30.517
ATTEMPT 234 W0 DONE 4x2 seed=1725250 nsol=16 0.01s 2026-07-22T17:17:30.523
ATTEMPT 235 W0 START 4x2 seed=1725251 2026-07-22T17:17:30.524
ATTEMPT 235 W0 SOLVE 4x2 2026-07-22T17:17:30.530
ATTEMPT 235 W0 DONE 4x2 seed=1725251 nsol=16 0.01s 2026-07-22T17:17:30.539
ATTEMPT 236 W0 START 4x2 seed=1725252 2026-07-22T17:17:30.540
ATTEMPT 236 W0 SOLVE 4x2 2026-07-22T17:17:30.545
ATTEMPT 236 W0 DONE 4x2 seed=1725252 nsol=16 0.01s 2026-07-22T17:17:30.551
ATTEMPT 237 W0 START 4x2 seed=1725253 2026-07-22T17:17:30.551
ATTEMPT 237 W0 SOLVE 4x2 2026-07-22T17:17:30.557
ATTEMPT 237 W0 DONE 4x2 seed=1725253 nsol=16 0.01s 2026-07-22T17:17:30.570
ATTEMPT 238 W0 START 4x2 seed=1725254 2026-07-22T17:17:30.570
ATTEMPT 238 W0 SOLVE 4x2 2026-07-22T17:17:30.577
ATTEMPT 238 W0 DONE 4x2 seed=1725254 nsol=16 0.01s 2026-07-22T17:17:30.592
ATTEMPT 239 W0 START 4x2 seed=1725255 2026-07-22T17:17:30.592
ATTEMPT 239 W0 SOLVE 4x2 2026-07-22T17:17:30.597
ATTEMPT 239 W0 DONE 4x2 seed=1725255 nsol=16 0.01s 2026-07-22T17:17:30.603
ATTEMPT 240 W0 START 4x2 seed=1725256 2026-07-22T17:17:30.604
ATTEMPT 240 W0 SOLVE 4x2 2026-07-22T17:17:30.609
ATTEMPT 240 W0 DONE 4x2 seed=1725256 nsol=16 0.01s 2026-07-22T17:17:30.623
ATTEMPT 241 W0 START 4x2 seed=1725257 2026-07-22T17:17:30.623
ATTEMPT 241 W0 SOLVE 4x2 2026-07-22T17:17:30.629
ATTEMPT 241 W0 DONE 4x2 seed=1725257 nsol=16 0.01s 2026-07-22T17:17:30.635
ATTEMPT 242 W0 START 4x2 seed=1725258 2026-07-22T17:17:30.635
ATTEMPT 242 W0 SOLVE 4x2 2026-07-22T17:17:30.640
ATTEMPT 242 W0 DONE 4x2 seed=1725258 nsol=16 0.01s 2026-07-22T17:17:30.655
ATTEMPT 243 W0 START 4x2 seed=1725259 2026-07-22T17:17:30.655
ATTEMPT 243 W0 SOLVE 4x2 2026-07-22T17:17:30.663
ATTEMPT 243 W0 DONE 4x2 seed=1725259 nsol=16 0.01s 2026-07-22T17:17:30.669
ATTEMPT 244 W0 START 4x2 seed=1725260 2026-07-22T17:17:30.669
ATTEMPT 244 W0 SOLVE 4x2 2026-07-22T17:17:30.674
ATTEMPT 244 W0 DONE 4x2 seed=1725260 nsol=16 0.01s 2026-07-22T17:17:30.684
ATTEMPT 245 W0 START 4x2 seed=1725261 2026-07-22T17:17:30.684
ATTEMPT 245 W0 SOLVE 4x2 2026-07-22T17:17:30.690
ATTEMPT 245 W0 DONE 4x2 seed=1725261 nsol=16 0.01s 2026-07-22T17:17:30.700
ATTEMPT 246 W0 START 4x2 seed=1725262 2026-07-22T17:17:30.700
ATTEMPT 246 W0 SOLVE 4x2 2026-07-22T17:17:30.706
ATTEMPT 246 W0 DONE 4x2 seed=1725262 nsol=16 0.01s 2026-07-22T17:17:30.712
ATTEMPT 247 W0 START 4x2 seed=1725263 2026-07-22T17:17:30.712
ATTEMPT 247 W0 SOLVE 4x2 2026-07-22T17:17:30.717
ATTEMPT 247 W0 DONE 4x2 seed=1725263 nsol=16 0.02s 2026-07-22T17:17:30.737
ATTEMPT 248 W0 START 4x2 seed=1725264 2026-07-22T17:17:30.738
ATTEMPT 248 W0 SOLVE 4x2 2026-07-22T17:17:30.743
ATTEMPT 248 W0 DONE 4x2 seed=1725264 nsol=16 0.01s 2026-07-22T17:17:30.755
ATTEMPT 249 W0 START 4x2 seed=1725265 2026-07-22T17:17:30.755
ATTEMPT 249 W0 SOLVE 4x2 2026-07-22T17:17:30.760
ATTEMPT 249 W0 DONE 4x2 seed=1725265 nsol=16 0.01s 2026-07-22T17:17:30.767
ATTEMPT 250 W0 START 4x2 seed=1725266 2026-07-22T17:17:30.768
ATTEMPT 250 W0 SOLVE 4x2 2026-07-22T17:17:30.773
ATTEMPT 250 W0 DONE 4x2 seed=1725266 nsol=16 0.01s 2026-07-22T17:17:30.783
ATTEMPT 251 W0 START 4x2 seed=1725267 2026-07-22T17:17:30.784
ATTEMPT 251 W0 SOLVE 4x2 2026-07-22T17:17:30.790
ATTEMPT 251 W0 DONE 4x2 seed=1725267 nsol=16 0.01s 2026-07-22T17:17:30.796
ATTEMPT 252 W0 START 4x2 seed=1725268 2026-07-22T17:17:30.796
ATTEMPT 252 W0 SOLVE 4x2 2026-07-22T17:17:30.805
ATTEMPT 252 W0 DONE 4x2 seed=1725268 nsol=16 0.01s 2026-07-22T17:17:30.817
ATTEMPT 253 W0 START 4x2 seed=1725269 2026-07-22T17:17:30.817
ATTEMPT 253 W0 SOLVE 4x2 2026-07-22T17:17:30.826
ATTEMPT 253 W0 DONE 4x2 seed=1725269 nsol=16 0.01s 2026-07-22T17:17:30.834
ATTEMPT 254 W0 START 4x2 seed=1725270 2026-07-22T17:17:30.834
ATTEMPT 254 W0 SOLVE 4x2 2026-07-22T17:17:30.838
ATTEMPT 254 W0 DONE 4x2 seed=1725270 nsol=16 0.02s 2026-07-22T17:17:30.855
ATTEMPT 255 W0 START 4x2 seed=1725271 2026-07-22T17:17:30.856
ATTEMPT 255 W0 SOLVE 4x2 2026-07-22T17:17:30.865
ATTEMPT 255 W0 DONE 4x2 seed=1725271 nsol=16 0.01s 2026-07-22T17:17:30.874
ATTEMPT 256 W0 START 4x2 seed=1725272 2026-07-22T17:17:30.874
ATTEMPT 256 W0 SOLVE 4x2 2026-07-22T17:17:31.398
ATTEMPT 256 W0 DONE 4x2 seed=1725272 nsol=16 0.02s 2026-07-22T17:17:31.416
ATTEMPT 257 W0 START 4x2 seed=1725273 2026-07-22T17:17:31.416
ATTEMPT 257 W0 SOLVE 4x2 2026-07-22T17:17:31.430
ATTEMPT 257 W0 DONE 4x2 seed=1725273 nsol=16 0.01s 2026-07-22T17:17:31.446
ATTEMPT 258 W0 START 4x2 seed=1725274 2026-07-22T17:17:31.446
ATTEMPT 258 W0 SOLVE 4x2 2026-07-22T17:17:31.457
ATTEMPT 258 W0 DONE 4x2 seed=1725274 nsol=16 0.01s 2026-07-22T17:17:31.467
ATTEMPT 259 W0 START 4x2 seed=1725275 2026-07-22T17:17:31.467
ATTEMPT 259 W0 SOLVE 4x2 2026-07-22T17:17:31.477
ATTEMPT 259 W0 DONE 4x2 seed=1725275 nsol=16 0.01s 2026-07-22T17:17:31.492
ATTEMPT 260 W0 START 4x2 seed=1725276 2026-07-22T17:17:31.492
ATTEMPT 260 W0 SOLVE 4x2 2026-07-22T17:17:31.503
ATTEMPT 260 W0 DONE 4x2 seed=1725276 nsol=16 0.02s 2026-07-22T17:17:31.522
ATTEMPT 261 W0 START 4x2 seed=1725277 2026-07-22T17:17:31.522
ATTEMPT 261 W0 SOLVE 4x2 2026-07-22T17:17:31.527
ATTEMPT 261 W0 DONE 4x2 seed=1725277 nsol=16 0.01s 2026-07-22T17:17:31.536
ATTEMPT 262 W0 START 4x2 seed=1725278 2026-07-22T17:17:31.536
ATTEMPT 262 W0 SOLVE 4x2 2026-07-22T17:17:31.541
ATTEMPT 262 W0 DONE 4x2 seed=1725278 nsol=16 0.01s 2026-07-22T17:17:31.554
ATTEMPT 263 W0 START 4x2 seed=1725279 2026-07-22T17:17:31.554
ATTEMPT 263 W0 SOLVE 4x2 2026-07-22T17:17:31.559
ATTEMPT 263 W0 DONE 4x2 seed=1725279 nsol=16 0.01s 2026-07-22T17:17:31.575
ATTEMPT 264 W0 START 4x2 seed=1725280 2026-07-22T17:17:31.575
ATTEMPT 264 W0 SOLVE 4x2 2026-07-22T17:17:31.585
ATTEMPT 264 W0 DONE 4x2 seed=1725280 nsol=16 0.08s 2026-07-22T17:17:31.666
ATTEMPT 265 W0 START 4x2 seed=1725281 2026-07-22T17:17:31.666
ATTEMPT 265 W0 SOLVE 4x2 2026-07-22T17:17:31.681
ATTEMPT 265 W0 DONE 4x2 seed=1725281 nsol=16 0.01s 2026-07-22T17:17:31.690
ATTEMPT 266 W0 START 4x2 seed=1725282 2026-07-22T17:17:31.690
ATTEMPT 266 W0 SOLVE 4x2 2026-07-22T17:17:31.695
ATTEMPT 266 W0 DONE 4x2 seed=1725282 nsol=16 0.02s 2026-07-22T17:17:31.716
ATTEMPT 267 W0 START 4x2 seed=1725283 2026-07-22T17:17:31.716
ATTEMPT 267 W0 SOLVE 4x2 2026-07-22T17:17:31.721
ATTEMPT 267 W0 DONE 4x2 seed=1725283 nsol=16 0.01s 2026-07-22T17:17:31.732
ATTEMPT 268 W0 START 4x2 seed=1725284 2026-07-22T17:17:31.732
ATTEMPT 268 W0 SOLVE 4x2 2026-07-22T17:17:31.741
ATTEMPT 268 W0 DONE 4x2 seed=1725284 nsol=16 0.01s 2026-07-22T17:17:31.751
ATTEMPT 269 W0 START 4x2 seed=1725285 2026-07-22T17:17:31.751
ATTEMPT 269 W0 SOLVE 4x2 2026-07-22T17:17:32.446
ATTEMPT 269 W0 DONE 4x2 seed=1725285 nsol=16 0.01s 2026-07-22T17:17:32.459
ATTEMPT 270 W0 START 4x2 seed=1725286 2026-07-22T17:17:32.459
ATTEMPT 270 W0 SOLVE 4x2 2026-07-22T17:17:32.473
ATTEMPT 270 W0 DONE 4x2 seed=1725286 nsol=16 0.02s 2026-07-22T17:17:32.496
ATTEMPT 271 W0 START 4x2 seed=1725287 2026-07-22T17:17:32.496
ATTEMPT 271 W0 SOLVE 4x2 2026-07-22T17:17:32.505
ATTEMPT 271 W0 DONE 4x2 seed=1725287 nsol=16 0.01s 2026-07-22T17:17:32.520
ATTEMPT 272 W0 START 4x2 seed=1725288 2026-07-22T17:17:32.520
ATTEMPT 272 W0 SOLVE 4x2 2026-07-22T17:17:32.529
ATTEMPT 272 W0 DONE 4x2 seed=1725288 nsol=16 0.01s 2026-07-22T17:17:32.537
ATTEMPT 273 W0 START 4x2 seed=1725289 2026-07-22T17:17:32.537
ATTEMPT 273 W0 SOLVE 4x2 2026-07-22T17:17:32.554
ATTEMPT 273 W0 DONE 4x2 seed=1725289 nsol=16 0.01s 2026-07-22T17:17:32.565
ATTEMPT 274 W0 START 4x2 seed=1725290 2026-07-22T17:17:32.565
ATTEMPT 274 W0 SOLVE 4x2 2026-07-22T17:17:32.581
ATTEMPT 274 W0 DONE 4x2 seed=1725290 nsol=16 0.01s 2026-07-22T17:17:32.588
ATTEMPT 275 W0 START 4x2 seed=1725291 2026-07-22T17:17:32.589
ATTEMPT 275 W0 SOLVE 4x2 2026-07-22T17:17:32.598
ATTEMPT 275 W0 DONE 4x2 seed=1725291 nsol=16 0.01s 2026-07-22T17:17:32.613
ATTEMPT 276 W0 START 4x2 seed=1725292 2026-07-22T17:17:32.613
ATTEMPT 276 W0 SOLVE 4x2 2026-07-22T17:17:32.623
ATTEMPT 276 W0 DONE 4x2 seed=1725292 nsol=16 0.01s 2026-07-22T17:17:32.640
ATTEMPT 277 W0 START 4x2 seed=1725293 2026-07-22T17:17:32.640
ATTEMPT 277 W0 SOLVE 4x2 2026-07-22T17:17:32.646
ATTEMPT 277 W0 DONE 4x2 seed=1725293 nsol=16 0.01s 2026-07-22T17:17:32.656
ATTEMPT 278 W0 START 4x2 seed=1725294 2026-07-22T17:17:32.656
ATTEMPT 278 W0 SOLVE 4x2 2026-07-22T17:17:32.661
ATTEMPT 278 W0 DONE 4x2 seed=1725294 nsol=16 0.01s 2026-07-22T17:17:32.667
ATTEMPT 279 W0 START 4x2 seed=1725295 2026-07-22T17:17:32.667
ATTEMPT 279 W0 SOLVE 4x2 2026-07-22T17:17:32.673
ATTEMPT 279 W0 DONE 4x2 seed=1725295 nsol=16 0.02s 2026-07-22T17:17:32.692
ATTEMPT 280 W0 START 4x2 seed=1725296 2026-07-22T17:17:32.692
ATTEMPT 280 W0 SOLVE 4x2 2026-07-22T17:17:32.697
ATTEMPT 280 W0 DONE 4x2 seed=1725296 nsol=16 0.01s 2026-07-22T17:17:32.707
ATTEMPT 281 W0 START 4x2 seed=1725297 2026-07-22T17:17:32.707
ATTEMPT 281 W0 SOLVE 4x2 2026-07-22T17:17:32.712
ATTEMPT 281 W0 DONE 4x2 seed=1725297 nsol=16 0.01s 2026-07-22T17:17:32.724
ATTEMPT 282 W0 START 4x2 seed=1725298 2026-07-22T17:17:32.724
ATTEMPT 282 W0 SOLVE 4x2 2026-07-22T17:17:32.732
ATTEMPT 282 W0 DONE 4x2 seed=1725298 nsol=16 0.01s 2026-07-22T17:17:32.739
ATTEMPT 283 W0 START 4x2 seed=1725299 2026-07-22T17:17:32.739
ATTEMPT 283 W0 SOLVE 4x2 2026-07-22T17:17:32.745
ATTEMPT 283 W0 DONE 4x2 seed=1725299 nsol=16 0.02s 2026-07-22T17:17:32.764
ATTEMPT 284 W0 START 4x2 seed=1725300 2026-07-22T17:17:32.764
ATTEMPT 284 W0 SOLVE 4x2 2026-07-22T17:17:32.769
ATTEMPT 284 W0 DONE 4x2 seed=1725300 nsol=16 0.01s 2026-07-22T17:17:32.776
ATTEMPT 285 W0 START 4x2 seed=1725301 2026-07-22T17:17:32.776
ATTEMPT 285 W0 SOLVE 4x2 2026-07-22T17:17:32.781
ATTEMPT 285 W0 DONE 4x2 seed=1725301 nsol=16 0.01s 2026-07-22T17:17:32.789
ATTEMPT 286 W0 START 4x2 seed=1725302 2026-07-22T17:17:32.789
ATTEMPT 286 W0 SOLVE 4x2 2026-07-22T17:17:32.798
ATTEMPT 286 W0 DONE 4x2 seed=1725302 nsol=16 0.01s 2026-07-22T17:17:32.809
ATTEMPT 287 W0 START 4x2 seed=1725303 2026-07-22T17:17:32.809
ATTEMPT 287 W0 SOLVE 4x2 2026-07-22T17:17:32.819
ATTEMPT 287 W0 DONE 4x2 seed=1725303 nsol=16 0.01s 2026-07-22T17:17:32.828
ATTEMPT 288 W0 START 4x2 seed=1725304 2026-07-22T17:17:32.828
ATTEMPT 288 W0 SOLVE 4x2 2026-07-22T17:17:32.838
ATTEMPT 288 W0 DONE 4x2 seed=1725304 nsol=16 0.01s 2026-07-22T17:17:32.847
ATTEMPT 289 W0 START 4x2 seed=1725305 2026-07-22T17:17:32.847
ATTEMPT 289 W0 SOLVE 4x2 2026-07-22T17:17:32.854
ATTEMPT 289 W0 DONE 4x2 seed=1725305 nsol=16 0.01s 2026-07-22T17:17:32.866
ATTEMPT 290 W0 START 4x2 seed=1725306 2026-07-22T17:17:32.867
ATTEMPT 290 W0 SOLVE 4x2 2026-07-22T17:17:32.880
ATTEMPT 290 W0 DONE 4x2 seed=1725306 nsol=16 0.03s 2026-07-22T17:17:32.908
ATTEMPT 291 W0 START 4x2 seed=1725307 2026-07-22T17:17:32.908
ATTEMPT 291 W0 SOLVE 4x2 2026-07-22T17:17:32.917
ATTEMPT 291 W0 DONE 4x2 seed=1725307 nsol=16 0.00s 2026-07-22T17:17:32.929
ATTEMPT 292 W0 START 4x2 seed=1725308 2026-07-22T17:17:32.929
ATTEMPT 292 W0 SOLVE 4x2 2026-07-22T17:17:32.935
ATTEMPT 292 W0 DONE 4x2 seed=1725308 nsol=16 0.01s 2026-07-22T17:17:32.950
ATTEMPT 293 W0 START 4x2 seed=1725309 2026-07-22T17:17:32.950
ATTEMPT 293 W0 SOLVE 4x2 2026-07-22T17:17:32.955
ATTEMPT 293 W0 DONE 4x2 seed=1725309 nsol=16 0.02s 2026-07-22T17:17:32.981
ATTEMPT 294 W0 START 4x2 seed=1725310 2026-07-22T17:17:32.981
ATTEMPT 294 W0 SOLVE 4x2 2026-07-22T17:17:32.989
ATTEMPT 294 W0 DONE 4x2 seed=1725310 nsol=16 0.02s 2026-07-22T17:17:33.008
ATTEMPT 295 W0 START 4x2 seed=1725311 2026-07-22T17:17:33.008
ATTEMPT 295 W0 SOLVE 4x2 2026-07-22T17:17:33.015
ATTEMPT 295 W0 DONE 4x2 seed=1725311 nsol=16 0.01s 2026-07-22T17:17:33.026
ATTEMPT 296 W0 START 4x2 seed=1725312 2026-07-22T17:17:33.026
ATTEMPT 296 W0 SOLVE 4x2 2026-07-22T17:17:33.034
ATTEMPT 296 W0 DONE 4x2 seed=1725312 nsol=16 0.01s 2026-07-22T17:17:33.041
ATTEMPT 297 W0 START 4x2 seed=1725313 2026-07-22T17:17:33.041
ATTEMPT 297 W0 SOLVE 4x2 2026-07-22T17:17:33.049
ATTEMPT 297 W0 DONE 4x2 seed=1725313 nsol=16 0.01s 2026-07-22T17:17:33.064
ATTEMPT 298 W0 START 4x2 seed=1725314 2026-07-22T17:17:33.064
ATTEMPT 298 W0 SOLVE 4x2 2026-07-22T17:17:33.071
ATTEMPT 298 W0 DONE 4x2 seed=1725314 nsol=16 0.01s 2026-07-22T17:17:33.084
ATTEMPT 299 W0 START 4x2 seed=1725315 2026-07-22T17:17:33.084
ATTEMPT 299 W0 SOLVE 4x2 2026-07-22T17:17:33.089
ATTEMPT 299 W0 DONE 4x2 seed=1725315 nsol=16 0.01s 2026-07-22T17:17:33.096
ATTEMPT 300 W0 START 4x2 seed=1725316 2026-07-22T17:17:33.096
ATTEMPT 300 W0 SOLVE 4x2 2026-07-22T17:17:33.103
ATTEMPT 300 W0 DONE 4x2 seed=1725316 nsol=16 0.02s 2026-07-22T17:17:33.124
ATTEMPT 301 W0 START 4x2 seed=1725317 2026-07-22T17:17:33.124
ATTEMPT 301 W0 SOLVE 4x2 2026-07-22T17:17:33.130
ATTEMPT 301 W0 DONE 4x2 seed=1725317 nsol=16 0.01s 2026-07-22T17:17:33.144
ATTEMPT 302 W0 START 4x2 seed=1725318 2026-07-22T17:17:33.144
ATTEMPT 302 W0 SOLVE 4x2 2026-07-22T17:17:33.150
ATTEMPT 302 W0 DONE 4x2 seed=1725318 nsol=16 0.01s 2026-07-22T17:17:33.155
ATTEMPT 303 W0 START 4x2 seed=1725319 2026-07-22T17:17:33.155
ATTEMPT 303 W0 SOLVE 4x2 2026-07-22T17:17:33.161
ATTEMPT 303 W0 DONE 4x2 seed=1725319 nsol=16 0.01s 2026-07-22T17:17:33.169
ATTEMPT 304 W0 START 4x2 seed=1725320 2026-07-22T17:17:33.169
ATTEMPT 304 W0 SOLVE 4x2 2026-07-22T17:17:33.174
ATTEMPT 304 W0 DONE 4x2 seed=1725320 nsol=16 0.01s 2026-07-22T17:17:33.183
ATTEMPT 305 W0 START 4x2 seed=1725321 2026-07-22T17:17:33.183
ATTEMPT 305 W0 SOLVE 4x2 2026-07-22T17:17:33.192
ATTEMPT 305 W0 DONE 4x2 seed=1725321 nsol=16 0.01s 2026-07-22T17:17:33.204
ATTEMPT 306 W0 START 4x2 seed=1725322 2026-07-22T17:17:33.204
ATTEMPT 306 W0 SOLVE 4x2 2026-07-22T17:17:33.214
ATTEMPT 306 W0 DONE 4x2 seed=1725322 nsol=16 0.01s 2026-07-22T17:17:33.226
ATTEMPT 307 W0 START 4x2 seed=1725323 2026-07-22T17:17:33.226
ATTEMPT 307 W0 SOLVE 4x2 2026-07-22T17:17:33.231
ATTEMPT 307 W0 DONE 4x2 seed=1725323 nsol=16 0.10s 2026-07-22T17:17:33.334
ATTEMPT 308 W0 START 4x2 seed=1725324 2026-07-22T17:17:33.335
ATTEMPT 308 W0 SOLVE 4x2 2026-07-22T17:17:33.353
ATTEMPT 308 W0 DONE 4x2 seed=1725324 nsol=16 0.02s 2026-07-22T17:17:33.376
ATTEMPT 309 W0 START 4x2 seed=1725325 2026-07-22T17:17:33.376
ATTEMPT 309 W0 SOLVE 4x2 2026-07-22T17:17:33.382
ATTEMPT 309 W0 DONE 4x2 seed=1725325 nsol=16 0.02s 2026-07-22T17:17:33.401
ATTEMPT 310 W0 START 4x2 seed=1725326 2026-07-22T17:17:33.401
ATTEMPT 310 W0 SOLVE 4x2 2026-07-22T17:17:33.414
ATTEMPT 310 W0 DONE 4x2 seed=1725326 nsol=16 0.03s 2026-07-22T17:17:33.445
ATTEMPT 311 W0 START 4x2 seed=1725327 2026-07-22T17:17:33.445
ATTEMPT 311 W0 SOLVE 4x2 2026-07-22T17:17:33.451
ATTEMPT 311 W0 DONE 4x2 seed=1725327 nsol=16 0.02s 2026-07-22T17:17:33.471
ATTEMPT 312 W0 START 4x2 seed=1725328 2026-07-22T17:17:33.471
ATTEMPT 312 W0 SOLVE 4x2 2026-07-22T17:17:33.489
ATTEMPT 312 W0 DONE 4x2 seed=1725328 nsol=16 0.02s 2026-07-22T17:17:33.510
ATTEMPT 313 W0 START 4x2 seed=1725329 2026-07-22T17:17:33.510
ATTEMPT 313 W0 SOLVE 4x2 2026-07-22T17:17:33.533
ATTEMPT 313 W0 DONE 4x2 seed=1725329 nsol=16 0.01s 2026-07-22T17:17:33.547
ATTEMPT 314 W0 START 4x2 seed=1725330 2026-07-22T17:17:33.547
ATTEMPT 314 W0 SOLVE 4x2 2026-07-22T17:17:33.593
ATTEMPT 314 W0 DONE 4x2 seed=1725330 nsol=16 0.02s 2026-07-22T17:17:33.612
ATTEMPT 315 W0 START 4x2 seed=1725331 2026-07-22T17:17:33.612
ATTEMPT 315 W0 SOLVE 4x2 2026-07-22T17:17:33.622
ATTEMPT 315 W0 DONE 4x2 seed=1725331 nsol=16 0.01s 2026-07-22T17:17:33.633
ATTEMPT 316 W0 START 4x2 seed=1725332 2026-07-22T17:17:33.633
ATTEMPT 316 W0 SOLVE 4x2 2026-07-22T17:17:33.642
ATTEMPT 316 W0 DONE 4x2 seed=1725332 nsol=16 0.02s 2026-07-22T17:17:33.664
ATTEMPT 317 W0 START 4x2 seed=1725333 2026-07-22T17:17:33.664
ATTEMPT 317 W0 SOLVE 4x2 2026-07-22T17:17:33.678
ATTEMPT 317 W0 DONE 4x2 seed=1725333 nsol=16 0.02s 2026-07-22T17:17:33.703
ATTEMPT 318 W0 START 4x2 seed=1725334 2026-07-22T17:17:33.703
ATTEMPT 318 W0 SOLVE 4x2 2026-07-22T17:17:33.709
ATTEMPT 318 W0 DONE 4x2 seed=1725334 nsol=16 0.01s 2026-07-22T17:17:33.716
ATTEMPT 319 W0 START 4x2 seed=1725335 2026-07-22T17:17:33.716
ATTEMPT 319 W0 SOLVE 4x2 2026-07-22T17:17:33.725
ATTEMPT 319 W0 DONE 4x2 seed=1725335 nsol=16 0.02s 2026-07-22T17:17:33.744
ATTEMPT 320 W0 START 4x2 seed=1725336 2026-07-22T17:17:33.744
ATTEMPT 320 W0 SOLVE 4x2 2026-07-22T17:17:33.755
ATTEMPT 320 W0 DONE 4x2 seed=1725336 nsol=16 0.01s 2026-07-22T17:17:33.765
ATTEMPT 321 W0 START 4x2 seed=1725337 2026-07-22T17:17:33.765
ATTEMPT 321 W0 SOLVE 4x2 2026-07-22T17:17:33.771
ATTEMPT 321 W0 DONE 4x2 seed=1725337 nsol=16 0.03s 2026-07-22T17:17:33.804
ATTEMPT 322 W0 START 4x2 seed=1725338 2026-07-22T17:17:33.805
ATTEMPT 322 W0 SOLVE 4x2 2026-07-22T17:17:33.824
ATTEMPT 322 W0 DONE 4x2 seed=1725338 nsol=16 0.02s 2026-07-22T17:17:33.860
ATTEMPT 323 W0 START 4x2 seed=1725339 2026-07-22T17:17:33.860
ATTEMPT 323 W0 SOLVE 4x2 2026-07-22T17:17:33.871
ATTEMPT 323 W0 DONE 4x2 seed=1725339 nsol=16 0.02s 2026-07-22T17:17:33.887
ATTEMPT 324 W0 START 4x2 seed=1725340 2026-07-22T17:17:33.887
ATTEMPT 324 W0 SOLVE 4x2 2026-07-22T17:17:33.893
ATTEMPT 324 W0 DONE 4x2 seed=1725340 nsol=16 0.01s 2026-07-22T17:17:33.904
ATTEMPT 325 W0 START 4x2 seed=1725341 2026-07-22T17:17:33.904
ATTEMPT 325 W0 SOLVE 4x2 2026-07-22T17:17:34.025
ATTEMPT 325 W0 DONE 4x2 seed=1725341 nsol=16 0.02s 2026-07-22T17:17:34.044
ATTEMPT 326 W0 START 4x2 seed=1725342 2026-07-22T17:17:34.044
ATTEMPT 326 W0 SOLVE 4x2 2026-07-22T17:17:34.052
ATTEMPT 326 W0 DONE 4x2 seed=1725342 nsol=16 0.01s 2026-07-22T17:17:34.062
ATTEMPT 327 W0 START 4x2 seed=1725343 2026-07-22T17:17:34.062
ATTEMPT 327 W0 SOLVE 4x2 2026-07-22T17:17:34.074
ATTEMPT 327 W0 DONE 4x2 seed=1725343 nsol=16 0.01s 2026-07-22T17:17:34.082
ATTEMPT 328 W0 START 4x2 seed=1725344 2026-07-22T17:17:34.082
ATTEMPT 328 W0 SOLVE 4x2 2026-07-22T17:17:34.087
ATTEMPT 328 W0 DONE 4x2 seed=1725344 nsol=16 0.02s 2026-07-22T17:17:34.111
ATTEMPT 329 W0 START 4x2 seed=1725345 2026-07-22T17:17:34.111
ATTEMPT 329 W0 SOLVE 4x2 2026-07-22T17:17:34.166
ATTEMPT 329 W0 DONE 4x2 seed=1725345 nsol=16 0.02s 2026-07-22T17:17:34.188
ATTEMPT 330 W0 START 4x2 seed=1725346 2026-07-22T17:17:34.188
ATTEMPT 330 W0 SOLVE 4x2 2026-07-22T17:17:34.200
ATTEMPT 330 W0 DONE 4x2 seed=1725346 nsol=16 0.03s 2026-07-22T17:17:34.226
ATTEMPT 331 W0 START 4x2 seed=1725347 2026-07-22T17:17:34.227
ATTEMPT 331 W0 SOLVE 4x2 2026-07-22T17:17:34.246
ATTEMPT 331 W0 DONE 4x2 seed=1725347 nsol=16 0.01s 2026-07-22T17:17:34.255
ATTEMPT 332 W0 START 4x2 seed=1725348 2026-07-22T17:17:34.255
ATTEMPT 332 W0 SOLVE 4x2 2026-07-22T17:17:34.265
ATTEMPT 332 W0 DONE 4x2 seed=1725348 nsol=16 0.01s 2026-07-22T17:17:34.275
ATTEMPT 333 W0 START 4x2 seed=1725349 2026-07-22T17:17:34.275
ATTEMPT 333 W0 SOLVE 4x2 2026-07-22T17:17:34.296
ATTEMPT 333 W0 DONE 4x2 seed=1725349 nsol=16 0.00s 2026-07-22T17:17:34.300
ATTEMPT 334 W0 START 4x2 seed=1725350 2026-07-22T17:17:34.301
ATTEMPT 334 W0 SOLVE 4x2 2026-07-22T17:17:34.306
ATTEMPT 334 W0 DONE 4x2 seed=1725350 nsol=16 0.01s 2026-07-22T17:17:34.313
ATTEMPT 335 W0 START 4x2 seed=1725351 2026-07-22T17:17:34.313
ATTEMPT 335 W0 SOLVE 4x2 2026-07-22T17:17:34.318
ATTEMPT 335 W0 DONE 4x2 seed=1725351 nsol=16 0.01s 2026-07-22T17:17:34.332
ATTEMPT 336 W0 START 4x2 seed=1725352 2026-07-22T17:17:34.332
ATTEMPT 336 W0 SOLVE 4x2 2026-07-22T17:17:34.341
ATTEMPT 336 W0 DONE 4x2 seed=1725352 nsol=16 0.03s 2026-07-22T17:17:34.372
ATTEMPT 337 W0 START 4x2 seed=1725353 2026-07-22T17:17:34.372
ATTEMPT 337 W0 SOLVE 4x2 2026-07-22T17:17:34.393
ATTEMPT 337 W0 DONE 4x2 seed=1725353 nsol=16 0.02s 2026-07-22T17:17:34.416
ATTEMPT 338 W0 START 4x2 seed=1725354 2026-07-22T17:17:34.416
ATTEMPT 338 W0 SOLVE 4x2 2026-07-22T17:17:34.431
ATTEMPT 338 W0 DONE 4x2 seed=1725354 nsol=16 0.02s 2026-07-22T17:17:34.451
ATTEMPT 339 W0 START 4x2 seed=1725355 2026-07-22T17:17:34.451
ATTEMPT 339 W0 SOLVE 4x2 2026-07-22T17:17:34.469
ATTEMPT 339 W0 DONE 4x2 seed=1725355 nsol=16 0.01s 2026-07-22T17:17:34.476
ATTEMPT 340 W0 START 4x2 seed=1725356 2026-07-22T17:17:34.477
ATTEMPT 340 W0 SOLVE 4x2 2026-07-22T17:17:34.486
ATTEMPT 340 W0 DONE 4x2 seed=1725356 nsol=16 0.01s 2026-07-22T17:17:34.500
ATTEMPT 341 W0 START 4x2 seed=1725357 2026-07-22T17:17:34.500
ATTEMPT 341 W0 SOLVE 4x2 2026-07-22T17:17:34.505
ATTEMPT 341 W0 DONE 4x2 seed=1725357 nsol=16 0.01s 2026-07-22T17:17:34.516
ATTEMPT 342 W0 START 4x2 seed=1725358 2026-07-22T17:17:34.516
ATTEMPT 342 W0 SOLVE 4x2 2026-07-22T17:17:34.525
ATTEMPT 342 W0 DONE 4x2 seed=1725358 nsol=16 0.06s 2026-07-22T17:17:34.584
ATTEMPT 343 W0 START 4x2 seed=1725359 2026-07-22T17:17:34.588
ATTEMPT 343 W0 SOLVE 4x2 2026-07-22T17:17:34.597
ATTEMPT 343 W0 DONE 4x2 seed=1725359 nsol=16 0.01s 2026-07-22T17:17:34.612
ATTEMPT 344 W0 START 4x2 seed=1725360 2026-07-22T17:17:34.612
ATTEMPT 344 W0 SOLVE 4x2 2026-07-22T17:17:34.617
ATTEMPT 344 W0 DONE 4x2 seed=1725360 nsol=16 0.01s 2026-07-22T17:17:34.629
ATTEMPT 345 W0 START 4x2 seed=1725361 2026-07-22T17:17:34.629
ATTEMPT 345 W0 SOLVE 4x2 2026-07-22T17:17:34.634
ATTEMPT 345 W0 DONE 4x2 seed=1725361 nsol=16 0.01s 2026-07-22T17:17:34.647
ATTEMPT 346 W0 START 4x2 seed=1725362 2026-07-22T17:17:34.647
ATTEMPT 346 W0 SOLVE 4x2 2026-07-22T17:17:34.652
ATTEMPT 346 W0 DONE 4x2 seed=1725362 nsol=16 0.01s 2026-07-22T17:17:34.662
ATTEMPT 347 W0 START 4x2 seed=1725363 2026-07-22T17:17:34.662
ATTEMPT 347 W0 SOLVE 4x2 2026-07-22T17:17:34.667
ATTEMPT 347 W0 DONE 4x2 seed=1725363 nsol=16 0.02s 2026-07-22T17:17:34.688
ATTEMPT 348 W0 START 4x2 seed=1725364 2026-07-22T17:17:34.688
ATTEMPT 348 W0 SOLVE 4x2 2026-07-22T17:17:34.695
ATTEMPT 348 W0 DONE 4x2 seed=1725364 nsol=16 0.01s 2026-07-22T17:17:34.706
ATTEMPT 349 W0 START 4x2 seed=1725365 2026-07-22T17:17:34.707
ATTEMPT 349 W0 SOLVE 4x2 2026-07-22T17:17:34.714
ATTEMPT 349 W0 DONE 4x2 seed=1725365 nsol=16 0.01s 2026-07-22T17:17:34.728
ATTEMPT 350 W0 START 4x2 seed=1725366 2026-07-22T17:17:34.728
ATTEMPT 350 W0 SOLVE 4x2 2026-07-22T17:17:34.735
ATTEMPT 350 W0 DONE 4x2 seed=1725366 nsol=16 0.01s 2026-07-22T17:17:34.741
ATTEMPT 351 W0 START 4x2 seed=1725367 2026-07-22T17:17:34.742
ATTEMPT 351 W0 SOLVE 4x2 2026-07-22T17:17:34.748
ATTEMPT 351 W0 DONE 4x2 seed=1725367 nsol=16 0.01s 2026-07-22T17:17:34.755
ATTEMPT 352 W0 START 4x2 seed=1725368 2026-07-22T17:17:34.755
ATTEMPT 352 W0 SOLVE 4x2 2026-07-22T17:17:34.762
ATTEMPT 352 W0 DONE 4x2 seed=1725368 nsol=16 0.01s 2026-07-22T17:17:34.773
ATTEMPT 353 W0 START 4x2 seed=1725369 2026-07-22T17:17:34.774
ATTEMPT 353 W0 SOLVE 4x2 2026-07-22T17:17:34.779
ATTEMPT 353 W0 DONE 4x2 seed=1725369 nsol=16 0.00s 2026-07-22T17:17:34.784
ATTEMPT 354 W0 START 4x2 seed=1725370 2026-07-22T17:17:34.784
ATTEMPT 354 W0 SOLVE 4x2 2026-07-22T17:17:34.791
ATTEMPT 354 W0 DONE 4x2 seed=1725370 nsol=16 0.01s 2026-07-22T17:17:34.797
ATTEMPT 355 W0 START 4x2 seed=1725371 2026-07-22T17:17:34.797
ATTEMPT 355 W0 SOLVE 4x2 2026-07-22T17:17:34.805
ATTEMPT 355 W0 DONE 4x2 seed=1725371 nsol=16 0.02s 2026-07-22T17:17:34.828
ATTEMPT 356 W0 START 4x2 seed=1725372 2026-07-22T17:17:34.828
ATTEMPT 356 W0 SOLVE 4x2 2026-07-22T17:17:34.835
ATTEMPT 356 W0 DONE 4x2 seed=1725372 nsol=16 0.01s 2026-07-22T17:17:34.848
ATTEMPT 357 W0 START 4x2 seed=1725373 2026-07-22T17:17:34.849
ATTEMPT 357 W0 SOLVE 4x2 2026-07-22T17:17:34.856
ATTEMPT 357 W0 DONE 4x2 seed=1725373 nsol=16 0.01s 2026-07-22T17:17:34.862
ATTEMPT 358 W0 START 4x2 seed=1725374 2026-07-22T17:17:34.862
ATTEMPT 358 W0 SOLVE 4x2 2026-07-22T17:17:34.867
ATTEMPT 358 W0 DONE 4x2 seed=1725374 nsol=16 0.01s 2026-07-22T17:17:34.881
ATTEMPT 359 W0 START 4x2 seed=1725375 2026-07-22T17:17:34.881
ATTEMPT 359 W0 SOLVE 4x2 2026-07-22T17:17:34.888
ATTEMPT 359 W0 DONE 4x2 seed=1725375 nsol=16 0.01s 2026-07-22T17:17:34.896
ATTEMPT 360 W0 START 4x2 seed=1725376 2026-07-22T17:17:34.896
ATTEMPT 360 W0 SOLVE 4x2 2026-07-22T17:17:34.918
ATTEMPT 360 W0 DONE 4x2 seed=1725376 nsol=16 0.01s 2026-07-22T17:17:34.935
ATTEMPT 361 W0 START 4x2 seed=1725377 2026-07-22T17:17:34.935
ATTEMPT 361 W0 SOLVE 4x2 2026-07-22T17:17:34.945
ATTEMPT 361 W0 DONE 4x2 seed=1725377 nsol=16 0.02s 2026-07-22T17:17:34.968
ATTEMPT 362 W0 START 4x2 seed=1725378 2026-07-22T17:17:34.968
ATTEMPT 362 W0 SOLVE 4x2 2026-07-22T17:17:34.979
ATTEMPT 362 W0 DONE 4x2 seed=1725378 nsol=16 0.01s 2026-07-22T17:17:35.005
ATTEMPT 363 W0 START 4x2 seed=1725379 2026-07-22T17:17:35.005
ATTEMPT 363 W0 SOLVE 4x2 2026-07-22T17:17:35.019
ATTEMPT 363 W0 DONE 4x2 seed=1725379 nsol=16 0.01s 2026-07-22T17:17:35.042
ATTEMPT 364 W0 START 4x2 seed=1725380 2026-07-22T17:17:35.042
ATTEMPT 364 W0 SOLVE 4x2 2026-07-22T17:17:35.047
ATTEMPT 364 W0 DONE 4x2 seed=1725380 nsol=16 0.02s 2026-07-22T17:17:35.063
ATTEMPT 365 W0 START 4x2 seed=1725381 2026-07-22T17:17:35.064
ATTEMPT 365 W0 SOLVE 4x2 2026-07-22T17:17:35.070
ATTEMPT 365 W0 DONE 4x2 seed=1725381 nsol=16 0.02s 2026-07-22T17:17:35.096
ATTEMPT 366 W0 START 4x2 seed=1725382 2026-07-22T17:17:35.096
ATTEMPT 366 W0 SOLVE 4x2 2026-07-22T17:17:35.108
ATTEMPT 366 W0 DONE 4x2 seed=1725382 nsol=16 0.02s 2026-07-22T17:17:35.132
ATTEMPT 367 W0 START 4x2 seed=1725383 2026-07-22T17:17:35.132
ATTEMPT 367 W0 SOLVE 4x2 2026-07-22T17:17:35.142
ATTEMPT 367 W0 DONE 4x2 seed=1725383 nsol=16 0.01s 2026-07-22T17:17:35.150
ATTEMPT 368 W0 START 4x2 seed=1725384 2026-07-22T17:17:35.151
ATTEMPT 368 W0 SOLVE 4x2 2026-07-22T17:17:35.162
ATTEMPT 368 W0 DONE 4x2 seed=1725384 nsol=16 0.01s 2026-07-22T17:17:35.173
ATTEMPT 369 W0 START 4x2 seed=1725385 2026-07-22T17:17:35.173
ATTEMPT 369 W0 SOLVE 4x2 2026-07-22T17:17:35.183
ATTEMPT 369 W0 DONE 4x2 seed=1725385 nsol=16 0.03s 2026-07-22T17:17:35.208
ATTEMPT 370 W0 START 4x2 seed=1725386 2026-07-22T17:17:35.208
ATTEMPT 370 W0 SOLVE 4x2 2026-07-22T17:17:35.222
ATTEMPT 370 W0 DONE 4x2 seed=1725386 nsol=16 0.01s 2026-07-22T17:17:35.236
ATTEMPT 371 W0 START 4x2 seed=1725387 2026-07-22T17:17:35.236
ATTEMPT 371 W0 SOLVE 4x2 2026-07-22T17:17:35.290
ATTEMPT 371 W0 DONE 4x2 seed=1725387 nsol=16 0.01s 2026-07-22T17:17:35.305
ATTEMPT 372 W0 START 4x2 seed=1725388 2026-07-22T17:17:35.305
ATTEMPT 372 W0 SOLVE 4x2 2026-07-22T17:17:35.314
ATTEMPT 372 W0 DONE 4x2 seed=1725388 nsol=16 0.01s 2026-07-22T17:17:35.328
ATTEMPT 373 W0 START 4x2 seed=1725389 2026-07-22T17:17:35.328
ATTEMPT 373 W0 SOLVE 4x2 2026-07-22T17:17:35.339
ATTEMPT 373 W0 DONE 4x2 seed=1725389 nsol=16 0.02s 2026-07-22T17:17:35.360
ATTEMPT 374 W0 START 4x2 seed=1725390 2026-07-22T17:17:35.360
ATTEMPT 374 W0 SOLVE 4x2 2026-07-22T17:17:35.365
ATTEMPT 374 W0 DONE 4x2 seed=1725390 nsol=16 0.01s 2026-07-22T17:17:35.376
ATTEMPT 375 W0 START 4x2 seed=1725391 2026-07-22T17:17:35.376
ATTEMPT 375 W0 SOLVE 4x2 2026-07-22T17:17:35.387
ATTEMPT 375 W0 DONE 4x2 seed=1725391 nsol=16 0.06s 2026-07-22T17:17:35.448
ATTEMPT 376 W0 START 4x2 seed=1725392 2026-07-22T17:17:35.448
ATTEMPT 376 W0 SOLVE 4x2 2026-07-22T17:17:35.454
ATTEMPT 376 W0 DONE 4x2 seed=1725392 nsol=16 0.02s 2026-07-22T17:17:35.472
ATTEMPT 377 W0 START 4x2 seed=1725393 2026-07-22T17:17:35.472
ATTEMPT 377 W0 SOLVE 4x2 2026-07-22T17:17:35.479
ATTEMPT 377 W0 DONE 4x2 seed=1725393 nsol=16 0.02s 2026-07-22T17:17:35.503
ATTEMPT 378 W0 START 4x2 seed=1725394 2026-07-22T17:17:35.503
ATTEMPT 378 W0 SOLVE 4x2 2026-07-22T17:17:35.513
ATTEMPT 378 W0 DONE 4x2 seed=1725394 nsol=16 0.02s 2026-07-22T17:17:35.542
ATTEMPT 379 W0 START 4x2 seed=1725395 2026-07-22T17:17:35.543
ATTEMPT 379 W0 SOLVE 4x2 2026-07-22T17:17:35.548
ATTEMPT 379 W0 DONE 4x2 seed=1725395 nsol=16 0.01s 2026-07-22T17:17:35.554
ATTEMPT 380 W0 START 4x2 seed=1725396 2026-07-22T17:17:35.554
ATTEMPT 380 W0 SOLVE 4x2 2026-07-22T17:17:35.561
ATTEMPT 380 W0 DONE 4x2 seed=1725396 nsol=16 0.01s 2026-07-22T17:17:35.569
ATTEMPT 381 W0 START 4x2 seed=1725397 2026-07-22T17:17:35.569
ATTEMPT 381 W0 SOLVE 4x2 2026-07-22T17:17:35.575
ATTEMPT 381 W0 DONE 4x2 seed=1725397 nsol=16 0.02s 2026-07-22T17:17:35.596
ATTEMPT 382 W0 START 4x2 seed=1725398 2026-07-22T17:17:35.596
ATTEMPT 382 W0 SOLVE 4x2 2026-07-22T17:17:35.601
ATTEMPT 382 W0 DONE 4x2 seed=1725398 nsol=16 0.01s 2026-07-22T17:17:35.614
ATTEMPT 383 W0 START 4x2 seed=1725399 2026-07-22T17:17:35.614
ATTEMPT 383 W0 SOLVE 4x2 2026-07-22T17:17:35.622
ATTEMPT 383 W0 DONE 4x2 seed=1725399 nsol=16 0.01s 2026-07-22T17:17:35.630
ATTEMPT 384 W0 START 4x2 seed=1725400 2026-07-22T17:17:35.630
ATTEMPT 384 W0 SOLVE 4x2 2026-07-22T17:17:35.638
ATTEMPT 384 W0 DONE 4x2 seed=1725400 nsol=16 0.01s 2026-07-22T17:17:35.652
ATTEMPT 385 W0 START 4x2 seed=1725401 2026-07-22T17:17:35.652
ATTEMPT 385 W0 SOLVE 4x2 2026-07-22T17:17:35.657
ATTEMPT 385 W0 DONE 4x2 seed=1725401 nsol=16 0.01s 2026-07-22T17:17:35.665
ATTEMPT 386 W0 START 4x2 seed=1725402 2026-07-22T17:17:35.665
ATTEMPT 386 W0 SOLVE 4x2 2026-07-22T17:17:35.671
ATTEMPT 386 W0 DONE 4x2 seed=1725402 nsol=16 0.02s 2026-07-22T17:17:35.688
ATTEMPT 387 W0 START 4x2 seed=1725403 2026-07-22T17:17:35.688
ATTEMPT 387 W0 SOLVE 4x2 2026-07-22T17:17:35.694
ATTEMPT 387 W0 DONE 4x2 seed=1725403 nsol=16 0.01s 2026-07-22T17:17:35.704
ATTEMPT 388 W0 START 4x2 seed=1725404 2026-07-22T17:17:35.705
ATTEMPT 388 W0 SOLVE 4x2 2026-07-22T17:17:35.712
ATTEMPT 388 W0 DONE 4x2 seed=1725404 nsol=16 0.02s 2026-07-22T17:17:35.728
ATTEMPT 389 W0 START 4x2 seed=1725405 2026-07-22T17:17:35.728
ATTEMPT 389 W0 SOLVE 4x2 2026-07-22T17:17:35.735
ATTEMPT 389 W0 DONE 4x2 seed=1725405 nsol=16 0.01s 2026-07-22T17:17:35.742
ATTEMPT 390 W0 START 4x2 seed=1725406 2026-07-22T17:17:35.742
ATTEMPT 390 W0 SOLVE 4x2 2026-07-22T17:17:35.747
ATTEMPT 390 W0 DONE 4x2 seed=1725406 nsol=16 0.03s 2026-07-22T17:17:35.774
ATTEMPT 391 W0 START 4x2 seed=1725407 2026-07-22T17:17:35.774
ATTEMPT 391 W0 SOLVE 4x2 2026-07-22T17:17:35.782
ATTEMPT 391 W0 DONE 4x2 seed=1725407 nsol=16 0.02s 2026-07-22T17:17:35.800
ATTEMPT 392 W0 START 4x2 seed=1725408 2026-07-22T17:17:35.800
ATTEMPT 392 W0 SOLVE 4x2 2026-07-22T17:17:35.806
ATTEMPT 392 W0 DONE 4x2 seed=1725408 nsol=16 0.02s 2026-07-22T17:17:35.824
ATTEMPT 393 W0 START 4x2 seed=1725409 2026-07-22T17:17:35.824
ATTEMPT 393 W0 SOLVE 4x2 2026-07-22T17:17:35.829
ATTEMPT 393 W0 DONE 4x2 seed=1725409 nsol=16 0.01s 2026-07-22T17:17:35.844
ATTEMPT 394 W0 START 4x2 seed=1725410 2026-07-22T17:17:35.844
ATTEMPT 394 W0 SOLVE 4x2 2026-07-22T17:17:35.850
ATTEMPT 394 W0 DONE 4x2 seed=1725410 nsol=16 0.03s 2026-07-22T17:17:35.880
ATTEMPT 395 W0 START 4x2 seed=1725411 2026-07-22T17:17:35.880
ATTEMPT 395 W0 SOLVE 4x2 2026-07-22T17:17:35.887
ATTEMPT 395 W0 DONE 4x2 seed=1725411 nsol=16 0.02s 2026-07-22T17:17:35.912
ATTEMPT 396 W0 START 4x2 seed=1725412 2026-07-22T17:17:35.912
ATTEMPT 396 W0 SOLVE 4x2 2026-07-22T17:17:35.926
ATTEMPT 396 W0 DONE 4x2 seed=1725412 nsol=16 0.01s 2026-07-22T17:17:35.938
ATTEMPT 397 W0 START 4x2 seed=1725413 2026-07-22T17:17:35.939
ATTEMPT 397 W0 SOLVE 4x2 2026-07-22T17:17:35.950
ATTEMPT 397 W0 DONE 4x2 seed=1725413 nsol=16 0.02s 2026-07-22T17:17:35.972
ATTEMPT 398 W0 START 4x2 seed=1725414 2026-07-22T17:17:35.973
ATTEMPT 398 W0 SOLVE 4x2 2026-07-22T17:17:35.982
ATTEMPT 398 W0 DONE 4x2 seed=1725414 nsol=16 0.01s 2026-07-22T17:17:35.993
ATTEMPT 399 W0 START 4x2 seed=1725415 2026-07-22T17:17:35.993
ATTEMPT 399 W0 SOLVE 4x2 2026-07-22T17:17:36.002
ATTEMPT 399 W0 DONE 4x2 seed=1725415 nsol=16 0.01s 2026-07-22T17:17:36.014
ATTEMPT 400 W0 START 4x2 seed=1725416 2026-07-22T17:17:36.014
ATTEMPT 400 W0 SOLVE 4x2 2026-07-22T17:17:36.023
ATTEMPT 400 W0 DONE 4x2 seed=1725416 nsol=16 0.01s 2026-07-22T17:17:36.035
ATTEMPT 401 W0 START 4x2 seed=1725417 2026-07-22T17:17:36.035
ATTEMPT 401 W0 SOLVE 4x2 2026-07-22T17:17:36.045
ATTEMPT 401 W0 DONE 4x2 seed=1725417 nsol=16 0.01s 2026-07-22T17:17:36.061
ATTEMPT 402 W0 START 4x2 seed=1725418 2026-07-22T17:17:36.061
ATTEMPT 402 W0 SOLVE 4x2 2026-07-22T17:17:36.072
ATTEMPT 402 W0 DONE 4x2 seed=1725418 nsol=16 0.01s 2026-07-22T17:17:36.085
ATTEMPT 403 W0 START 4x2 seed=1725419 2026-07-22T17:17:36.085
ATTEMPT 403 W0 SOLVE 4x2 2026-07-22T17:17:36.091
ATTEMPT 403 W0 DONE 4x2 seed=1725419 nsol=16 0.02s 2026-07-22T17:17:36.112
ATTEMPT 404 W0 START 4x2 seed=1725420 2026-07-22T17:17:36.112
ATTEMPT 404 W0 SOLVE 4x2 2026-07-22T17:17:36.119
ATTEMPT 404 W0 DONE 4x2 seed=1725420 nsol=16 0.70s 2026-07-22T17:17:36.824
ATTEMPT 405 W0 START 4x2 seed=1725421 2026-07-22T17:17:36.824
ATTEMPT 405 W0 SOLVE 4x2 2026-07-22T17:17:36.829
ATTEMPT 405 W0 DONE 4x2 seed=1725421 nsol=16 0.02s 2026-07-22T17:17:36.848
ATTEMPT 406 W0 START 4x2 seed=1725422 2026-07-22T17:17:36.848
ATTEMPT 406 W0 SOLVE 4x2 2026-07-22T17:17:36.868
ATTEMPT 406 W0 DONE 4x2 seed=1725422 nsol=16 0.02s 2026-07-22T17:17:36.892
ATTEMPT 407 W0 START 4x2 seed=1725423 2026-07-22T17:17:36.892
ATTEMPT 407 W0 SOLVE 4x2 2026-07-22T17:17:36.906
ATTEMPT 407 W0 DONE 4x2 seed=1725423 nsol=16 0.03s 2026-07-22T17:17:36.932
ATTEMPT 408 W0 START 4x2 seed=1725424 2026-07-22T17:17:36.932
ATTEMPT 408 W0 SOLVE 4x2 2026-07-22T17:17:36.937
ATTEMPT 408 W0 DONE 4x2 seed=1725424 nsol=16 0.01s 2026-07-22T17:17:36.952
ATTEMPT 409 W0 START 4x2 seed=1725425 2026-07-22T17:17:36.952
ATTEMPT 409 W0 SOLVE 4x2 2026-07-22T17:17:36.957
ATTEMPT 409 W0 DONE 4x2 seed=1725425 nsol=16 0.02s 2026-07-22T17:17:36.980
ATTEMPT 410 W0 START 4x2 seed=1725426 2026-07-22T17:17:36.984
ATTEMPT 410 W0 SOLVE 4x2 2026-07-22T17:17:36.994
ATTEMPT 410 W0 DONE 4x2 seed=1725426 nsol=16 0.02s 2026-07-22T17:17:37.017
ATTEMPT 411 W0 START 4x2 seed=1725427 2026-07-22T17:17:37.017
ATTEMPT 411 W0 SOLVE 4x2 2026-07-22T17:17:37.023
ATTEMPT 411 W0 DONE 4x2 seed=1725427 nsol=16 0.01s 2026-07-22T17:17:37.036
ATTEMPT 412 W0 START 4x2 seed=1725428 2026-07-22T17:17:37.036
ATTEMPT 412 W0 SOLVE 4x2 2026-07-22T17:17:37.043
ATTEMPT 412 W0 DONE 4x2 seed=1725428 nsol=16 0.01s 2026-07-22T17:17:37.056
ATTEMPT 413 W0 START 4x2 seed=1725429 2026-07-22T17:17:37.056
ATTEMPT 413 W0 SOLVE 4x2 2026-07-22T17:17:37.062
ATTEMPT 413 W0 DONE 4x2 seed=1725429 nsol=16 0.01s 2026-07-22T17:17:37.072
ATTEMPT 414 W0 START 4x2 seed=1725430 2026-07-22T17:17:37.072
ATTEMPT 414 W0 SOLVE 4x2 2026-07-22T17:17:37.078
ATTEMPT 414 W0 DONE 4x2 seed=1725430 nsol=16 0.01s 2026-07-22T17:17:37.092
ATTEMPT 415 W0 START 4x2 seed=1725431 2026-07-22T17:17:37.092
ATTEMPT 415 W0 SOLVE 4x2 2026-07-22T17:17:37.097
ATTEMPT 415 W0 DONE 4x2 seed=1725431 nsol=16 0.01s 2026-07-22T17:17:37.108
ATTEMPT 416 W0 START 4x2 seed=1725432 2026-07-22T17:17:37.110
ATTEMPT 416 W0 SOLVE 4x2 2026-07-22T17:17:37.115
ATTEMPT 416 W0 DONE 4x2 seed=1725432 nsol=16 0.01s 2026-07-22T17:17:37.122
ATTEMPT 417 W0 START 4x2 seed=1725433 2026-07-22T17:17:37.122
ATTEMPT 417 W0 SOLVE 4x2 2026-07-22T17:17:37.127
ATTEMPT 417 W0 DONE 4x2 seed=1725433 nsol=16 0.02s 2026-07-22T17:17:37.148
ATTEMPT 418 W0 START 4x2 seed=1725434 2026-07-22T17:17:37.148
ATTEMPT 418 W0 SOLVE 4x2 2026-07-22T17:17:37.154
ATTEMPT 418 W0 DONE 4x2 seed=1725434 nsol=16 0.01s 2026-07-22T17:17:37.163
ATTEMPT 419 W0 START 4x2 seed=1725435 2026-07-22T17:17:37.163
ATTEMPT 419 W0 SOLVE 4x2 2026-07-22T17:17:37.168
ATTEMPT 419 W0 DONE 4x2 seed=1725435 nsol=16 0.01s 2026-07-22T17:17:37.175
ATTEMPT 420 W0 START 4x2 seed=1725436 2026-07-22T17:17:37.175
ATTEMPT 420 W0 SOLVE 4x2 2026-07-22T17:17:37.180
ATTEMPT 420 W0 DONE 4x2 seed=1725436 nsol=16 0.01s 2026-07-22T17:17:37.194
ATTEMPT 421 W0 START 4x2 seed=1725437 2026-07-22T17:17:37.194
ATTEMPT 421 W0 SOLVE 4x2 2026-07-22T17:17:37.200
ATTEMPT 421 W0 DONE 4x2 seed=1725437 nsol=16 0.01s 2026-07-22T17:17:37.206
ATTEMPT 422 W0 START 4x2 seed=1725438 2026-07-22T17:17:37.206
ATTEMPT 422 W0 SOLVE 4x2 2026-07-22T17:17:37.211
ATTEMPT 422 W0 DONE 4x2 seed=1725438 nsol=16 0.01s 2026-07-22T17:17:37.219
ATTEMPT 423 W0 START 4x2 seed=1725439 2026-07-22T17:17:37.219
ATTEMPT 423 W0 SOLVE 4x2 2026-07-22T17:17:37.224
ATTEMPT 423 W0 DONE 4x2 seed=1725439 nsol=16 0.01s 2026-07-22T17:17:37.232
ATTEMPT 424 W0 START 4x2 seed=1725440 2026-07-22T17:17:37.232
ATTEMPT 424 W0 SOLVE 4x2 2026-07-22T17:17:37.238
ATTEMPT 424 W0 DONE 4x2 seed=1725440 nsol=16 0.02s 2026-07-22T17:17:37.260
ATTEMPT 425 W0 START 4x2 seed=1725441 2026-07-22T17:17:37.260
ATTEMPT 425 W0 SOLVE 4x2 2026-07-22T17:17:37.268
ATTEMPT 425 W0 DONE 4x2 seed=1725441 nsol=16 0.01s 2026-07-22T17:17:37.283
ATTEMPT 426 W0 START 4x2 seed=1725442 2026-07-22T17:17:37.283
ATTEMPT 426 W0 SOLVE 4x2 2026-07-22T17:17:37.290
ATTEMPT 426 W0 DONE 4x2 seed=1725442 nsol=16 0.01s 2026-07-22T17:17:37.304
ATTEMPT 427 W0 START 4x2 seed=1725443 2026-07-22T17:17:37.304
ATTEMPT 427 W0 SOLVE 4x2 2026-07-22T17:17:37.311
ATTEMPT 427 W0 DONE 4x2 seed=1725443 nsol=16 0.02s 2026-07-22T17:17:37.328
ATTEMPT 428 W0 START 4x2 seed=1725444 2026-07-22T17:17:37.328
ATTEMPT 428 W0 SOLVE 4x2 2026-07-22T17:17:37.334
ATTEMPT 428 W0 DONE 4x2 seed=1725444 nsol=16 0.02s 2026-07-22T17:17:37.352
ATTEMPT 429 W0 START 4x2 seed=1725445 2026-07-22T17:17:37.352
ATTEMPT 429 W0 SOLVE 4x2 2026-07-22T17:17:37.357
ATTEMPT 429 W0 DONE 4x2 seed=1725445 nsol=16 0.06s 2026-07-22T17:17:37.415
ATTEMPT 430 W0 START 4x2 seed=1725446 2026-07-22T17:17:37.428
ATTEMPT 430 W0 SOLVE 4x2 2026-07-22T17:17:37.436
ATTEMPT 430 W0 DONE 4x2 seed=1725446 nsol=16 0.02s 2026-07-22T17:17:37.452
ATTEMPT 431 W0 START 4x2 seed=1725447 2026-07-22T17:17:37.452
ATTEMPT 431 W0 SOLVE 4x2 2026-07-22T17:17:37.457
ATTEMPT 431 W0 DONE 4x2 seed=1725447 nsol=16 0.01s 2026-07-22T17:17:37.468
ATTEMPT 432 W0 START 4x2 seed=1725448 2026-07-22T17:17:37.468
ATTEMPT 432 W0 SOLVE 4x2 2026-07-22T17:17:37.480
ATTEMPT 432 W0 DONE 4x2 seed=1725448 nsol=16 0.01s 2026-07-22T17:17:37.488
ATTEMPT 433 W0 START 4x2 seed=1725449 2026-07-22T17:17:37.488
ATTEMPT 433 W0 SOLVE 4x2 2026-07-22T17:17:37.493
ATTEMPT 433 W0 DONE 4x2 seed=1725449 nsol=16 0.01s 2026-07-22T17:17:37.508
ATTEMPT 434 W0 START 4x2 seed=1725450 2026-07-22T17:17:37.508
ATTEMPT 434 W0 SOLVE 4x2 2026-07-22T17:17:37.514
ATTEMPT 434 W0 DONE 4x2 seed=1725450 nsol=16 0.01s 2026-07-22T17:17:37.524
ATTEMPT 435 W0 START 4x2 seed=1725451 2026-07-22T17:17:37.524
ATTEMPT 435 W0 SOLVE 4x2 2026-07-22T17:17:37.534
ATTEMPT 435 W0 DONE 4x2 seed=1725451 nsol=16 0.02s 2026-07-22T17:17:37.550
ATTEMPT 436 W0 START 4x2 seed=1725452 2026-07-22T17:17:37.550
ATTEMPT 436 W0 SOLVE 4x2 2026-07-22T17:17:37.556
ATTEMPT 436 W0 DONE 4x2 seed=1725452 nsol=16 0.01s 2026-07-22T17:17:37.571
ATTEMPT 437 W0 START 4x2 seed=1725453 2026-07-22T17:17:37.571
ATTEMPT 437 W0 SOLVE 4x2 2026-07-22T17:17:37.585
ATTEMPT 437 W0 DONE 4x2 seed=1725453 nsol=16 0.01s 2026-07-22T17:17:37.591
ATTEMPT 438 W0 START 4x2 seed=1725454 2026-07-22T17:17:37.591
ATTEMPT 438 W0 SOLVE 4x2 2026-07-22T17:17:37.596
ATTEMPT 438 W0 DONE 4x2 seed=1725454 nsol=16 0.01s 2026-07-22T17:17:37.609
ATTEMPT 439 W0 START 4x2 seed=1725455 2026-07-22T17:17:37.609
ATTEMPT 439 W0 SOLVE 4x2 2026-07-22T17:17:37.617
ATTEMPT 439 W0 DONE 4x2 seed=1725455 nsol=16 0.01s 2026-07-22T17:17:37.623
ATTEMPT 440 W0 START 4x2 seed=1725456 2026-07-22T17:17:37.623
ATTEMPT 440 W0 SOLVE 4x2 2026-07-22T17:17:37.631
ATTEMPT 440 W0 DONE 4x2 seed=1725456 nsol=16 0.01s 2026-07-22T17:17:37.639
ATTEMPT 441 W0 START 4x2 seed=1725457 2026-07-22T17:17:37.639
ATTEMPT 441 W0 SOLVE 4x2 2026-07-22T17:17:37.645
ATTEMPT 441 W0 DONE 4x2 seed=1725457 nsol=16 0.01s 2026-07-22T17:17:37.653
ATTEMPT 442 W0 START 4x2 seed=1725458 2026-07-22T17:17:37.653
ATTEMPT 442 W0 SOLVE 4x2 2026-07-22T17:17:37.663
ATTEMPT 442 W0 DONE 4x2 seed=1725458 nsol=16 0.01s 2026-07-22T17:17:37.671
ATTEMPT 443 W0 START 4x2 seed=1725459 2026-07-22T17:17:37.671
ATTEMPT 443 W0 SOLVE 4x2 2026-07-22T17:17:37.677
ATTEMPT 443 W0 DONE 4x2 seed=1725459 nsol=16 0.02s 2026-07-22T17:17:37.696
ATTEMPT 444 W0 START 4x2 seed=1725460 2026-07-22T17:17:37.696
ATTEMPT 444 W0 SOLVE 4x2 2026-07-22T17:17:37.704
ATTEMPT 444 W0 DONE 4x2 seed=1725460 nsol=16 0.02s 2026-07-22T17:17:37.720
ATTEMPT 445 W0 START 4x2 seed=1725461 2026-07-22T17:17:37.720
ATTEMPT 445 W0 SOLVE 4x2 2026-07-22T17:17:37.729
ATTEMPT 445 W0 DONE 4x2 seed=1725461 nsol=16 0.01s 2026-07-22T17:17:37.741
ATTEMPT 446 W0 START 4x2 seed=1725462 2026-07-22T17:17:37.741
ATTEMPT 446 W0 SOLVE 4x2 2026-07-22T17:17:37.746
ATTEMPT 446 W0 DONE 4x2 seed=1725462 nsol=16 0.01s 2026-07-22T17:17:37.757
ATTEMPT 447 W0 START 4x2 seed=1725463 2026-07-22T17:17:37.757
ATTEMPT 447 W0 SOLVE 4x2 2026-07-22T17:17:37.763
ATTEMPT 447 W0 DONE 4x2 seed=1725463 nsol=16 0.01s 2026-07-22T17:17:37.772
ATTEMPT 448 W0 START 4x2 seed=1725464 2026-07-22T17:17:37.772
ATTEMPT 448 W0 SOLVE 4x2 2026-07-22T17:17:37.778
ATTEMPT 448 W0 DONE 4x2 seed=1725464 nsol=16 0.01s 2026-07-22T17:17:37.784
ATTEMPT 449 W0 START 4x2 seed=1725465 2026-07-22T17:17:37.784
ATTEMPT 449 W0 SOLVE 4x2 2026-07-22T17:17:37.790
ATTEMPT 449 W0 DONE 4x2 seed=1725465 nsol=16 0.02s 2026-07-22T17:17:37.809
ATTEMPT 450 W0 START 4x2 seed=1725466 2026-07-22T17:17:37.809
ATTEMPT 450 W0 SOLVE 4x2 2026-07-22T17:17:37.815
ATTEMPT 450 W0 DONE 4x2 seed=1725466 nsol=16 0.01s 2026-07-22T17:17:37.832
ATTEMPT 451 W0 START 4x2 seed=1725467 2026-07-22T17:17:37.832
ATTEMPT 451 W0 SOLVE 4x2 2026-07-22T17:17:37.844
ATTEMPT 451 W0 DONE 4x2 seed=1725467 nsol=16 0.01s 2026-07-22T17:17:37.857
ATTEMPT 452 W0 START 4x2 seed=1725468 2026-07-22T17:17:37.857
ATTEMPT 452 W0 SOLVE 4x2 2026-07-22T17:17:37.864
ATTEMPT 452 W0 DONE 4x2 seed=1725468 nsol=16 0.01s 2026-07-22T17:17:37.872
ATTEMPT 453 W0 START 4x2 seed=1725469 2026-07-22T17:17:37.872
ATTEMPT 453 W0 SOLVE 4x2 2026-07-22T17:17:37.879
ATTEMPT 453 W0 DONE 4x2 seed=1725469 nsol=16 0.01s 2026-07-22T17:17:37.890
ATTEMPT 454 W0 START 4x2 seed=1725470 2026-07-22T17:17:37.890
ATTEMPT 454 W0 SOLVE 4x2 2026-07-22T17:17:37.897
ATTEMPT 454 W0 DONE 4x2 seed=1725470 nsol=16 0.00s 2026-07-22T17:17:37.902
ATTEMPT 455 W0 START 4x2 seed=1725471 2026-07-22T17:17:37.902
ATTEMPT 455 W0 SOLVE 4x2 2026-07-22T17:17:37.910
ATTEMPT 455 W0 DONE 4x2 seed=1725471 nsol=16 0.01s 2026-07-22T17:17:37.922
ATTEMPT 456 W0 START 4x2 seed=1725472 2026-07-22T17:17:37.923
ATTEMPT 456 W0 SOLVE 4x2 2026-07-22T17:17:37.929
ATTEMPT 456 W0 DONE 4x2 seed=1725472 nsol=16 0.01s 2026-07-22T17:17:37.944
ATTEMPT 457 W0 START 4x2 seed=1725473 2026-07-22T17:17:37.944
ATTEMPT 457 W0 SOLVE 4x2 2026-07-22T17:17:37.950
ATTEMPT 457 W0 DONE 4x2 seed=1725473 nsol=16 0.01s 2026-07-22T17:17:37.960
ATTEMPT 458 W0 START 4x2 seed=1725474 2026-07-22T17:17:37.960
ATTEMPT 458 W0 SOLVE 4x2 2026-07-22T17:17:37.966
ATTEMPT 458 W0 DONE 4x2 seed=1725474 nsol=16 0.01s 2026-07-22T17:17:37.976
ATTEMPT 459 W0 START 4x2 seed=1725475 2026-07-22T17:17:37.976
ATTEMPT 459 W0 SOLVE 4x2 2026-07-22T17:17:37.982
ATTEMPT 459 W0 DONE 4x2 seed=1725475 nsol=16 0.01s 2026-07-22T17:17:37.988
ATTEMPT 460 W0 START 4x2 seed=1725476 2026-07-22T17:17:37.988
ATTEMPT 460 W0 SOLVE 4x2 2026-07-22T17:17:37.995
ATTEMPT 460 W0 DONE 4x2 seed=1725476 nsol=16 0.05s 2026-07-22T17:17:38.045
ATTEMPT 461 W0 START 4x2 seed=1725477 2026-07-22T17:17:38.046
ATTEMPT 461 W0 SOLVE 4x2 2026-07-22T17:17:38.052
ATTEMPT 461 W0 DONE 4x2 seed=1725477 nsol=16 0.01s 2026-07-22T17:17:38.060
ATTEMPT 462 W0 START 4x2 seed=1725478 2026-07-22T17:17:38.060
ATTEMPT 462 W0 SOLVE 4x2 2026-07-22T17:17:38.065
ATTEMPT 462 W0 DONE 4x2 seed=1725478 nsol=16 0.01s 2026-07-22T17:17:38.080
ATTEMPT 463 W0 START 4x2 seed=1725479 2026-07-22T17:17:38.080
ATTEMPT 463 W0 SOLVE 4x2 2026-07-22T17:17:38.086
ATTEMPT 463 W0 DONE 4x2 seed=1725479 nsol=16 0.01s 2026-07-22T17:17:38.094
ATTEMPT 464 W0 START 4x2 seed=1725480 2026-07-22T17:17:38.095
ATTEMPT 464 W0 SOLVE 4x2 2026-07-22T17:17:38.101
ATTEMPT 464 W0 DONE 4x2 seed=1725480 nsol=16 0.01s 2026-07-22T17:17:38.112
ATTEMPT 465 W0 START 4x2 seed=1725481 2026-07-22T17:17:38.112
ATTEMPT 465 W0 SOLVE 4x2 2026-07-22T17:17:38.118
ATTEMPT 465 W0 DONE 4x2 seed=1725481 nsol=16 0.01s 2026-07-22T17:17:38.126
ATTEMPT 466 W0 START 4x2 seed=1725482 2026-07-22T17:17:38.126
ATTEMPT 466 W0 SOLVE 4x2 2026-07-22T17:17:38.131
ATTEMPT 466 W0 DONE 4x2 seed=1725482 nsol=16 0.01s 2026-07-22T17:17:38.143
ATTEMPT 467 W0 START 4x2 seed=1725483 2026-07-22T17:17:38.144
ATTEMPT 467 W0 SOLVE 4x2 2026-07-22T17:17:38.150
ATTEMPT 467 W0 DONE 4x2 seed=1725483 nsol=16 0.01s 2026-07-22T17:17:38.162
ATTEMPT 468 W0 START 4x2 seed=1725484 2026-07-22T17:17:38.162
ATTEMPT 468 W0 SOLVE 4x2 2026-07-22T17:17:38.172
ATTEMPT 468 W0 DONE 4x2 seed=1725484 nsol=16 0.01s 2026-07-22T17:17:38.184
ATTEMPT 469 W0 START 4x2 seed=1725485 2026-07-22T17:17:38.185
ATTEMPT 469 W0 SOLVE 4x2 2026-07-22T17:17:38.192
ATTEMPT 469 W0 DONE 4x2 seed=1725485 nsol=16 0.01s 2026-07-22T17:17:38.201
ATTEMPT 470 W0 START 4x2 seed=1725486 2026-07-22T17:17:38.202
ATTEMPT 470 W0 SOLVE 4x2 2026-07-22T17:17:38.213
ATTEMPT 470 W0 DONE 4x2 seed=1725486 nsol=16 0.01s 2026-07-22T17:17:38.228
ATTEMPT 471 W0 START 4x2 seed=1725487 2026-07-22T17:17:38.228
ATTEMPT 471 W0 SOLVE 4x2 2026-07-22T17:17:38.235
ATTEMPT 471 W0 DONE 4x2 seed=1725487 nsol=16 0.02s 2026-07-22T17:17:38.256
ATTEMPT 472 W0 START 4x2 seed=1725488 2026-07-22T17:17:38.256
ATTEMPT 472 W0 SOLVE 4x2 2026-07-22T17:17:38.264
ATTEMPT 472 W0 DONE 4x2 seed=1725488 nsol=16 0.01s 2026-07-22T17:17:38.272
ATTEMPT 473 W0 START 4x2 seed=1725489 2026-07-22T17:17:38.272
ATTEMPT 473 W0 SOLVE 4x2 2026-07-22T17:17:38.279
ATTEMPT 473 W0 DONE 4x2 seed=1725489 nsol=16 0.03s 2026-07-22T17:17:38.304
ATTEMPT 474 W0 START 4x2 seed=1725490 2026-07-22T17:17:38.304
ATTEMPT 474 W0 SOLVE 4x2 2026-07-22T17:17:38.312
ATTEMPT 474 W0 DONE 4x2 seed=1725490 nsol=16 0.02s 2026-07-22T17:17:38.328
ATTEMPT 475 W0 START 4x2 seed=1725491 2026-07-22T17:17:38.328
ATTEMPT 475 W0 SOLVE 4x2 2026-07-22T17:17:38.336
ATTEMPT 475 W0 DONE 4x2 seed=1725491 nsol=16 0.02s 2026-07-22T17:17:38.351
ATTEMPT 476 W0 START 4x2 seed=1725492 2026-07-22T17:17:38.352
ATTEMPT 476 W0 SOLVE 4x2 2026-07-22T17:17:38.361
ATTEMPT 476 W0 DONE 4x2 seed=1725492 nsol=16 0.01s 2026-07-22T17:17:38.376
ATTEMPT 477 W0 START 4x2 seed=1725493 2026-07-22T17:17:38.376
ATTEMPT 477 W0 SOLVE 4x2 2026-07-22T17:17:38.383
ATTEMPT 477 W0 DONE 4x2 seed=1725493 nsol=16 0.01s 2026-07-22T17:17:38.392
ATTEMPT 478 W0 START 4x2 seed=1725494 2026-07-22T17:17:38.392
ATTEMPT 478 W0 SOLVE 4x2 2026-07-22T17:17:38.398
ATTEMPT 478 W0 DONE 4x2 seed=1725494 nsol=16 0.02s 2026-07-22T17:17:38.416
ATTEMPT 479 W0 START 4x2 seed=1725495 2026-07-22T17:17:38.416
ATTEMPT 479 W0 SOLVE 4x2 2026-07-22T17:17:38.424
ATTEMPT 479 W0 DONE 4x2 seed=1725495 nsol=16 0.01s 2026-07-22T17:17:38.432
ATTEMPT 480 W0 START 4x2 seed=1725496 2026-07-22T17:17:38.433
ATTEMPT 480 W0 SOLVE 4x2 2026-07-22T17:17:38.441
ATTEMPT 480 W0 DONE 4x2 seed=1725496 nsol=16 0.02s 2026-07-22T17:17:38.456
ATTEMPT 481 W0 START 4x2 seed=1725497 2026-07-22T17:17:38.456
ATTEMPT 481 W0 SOLVE 4x2 2026-07-22T17:17:38.462
ATTEMPT 481 W0 DONE 4x2 seed=1725497 nsol=16 0.01s 2026-07-22T17:17:38.470
ATTEMPT 482 W0 START 4x2 seed=1725498 2026-07-22T17:17:38.470
ATTEMPT 482 W0 SOLVE 4x2 2026-07-22T17:17:38.476
ATTEMPT 482 W0 DONE 4x2 seed=1725498 nsol=16 0.02s 2026-07-22T17:17:38.492
ATTEMPT 483 W0 START 4x2 seed=1725499 2026-07-22T17:17:38.492
ATTEMPT 483 W0 SOLVE 4x2 2026-07-22T17:17:38.497
ATTEMPT 483 W0 DONE 4x2 seed=1725499 nsol=16 0.01s 2026-07-22T17:17:38.506
ATTEMPT 484 W0 START 4x2 seed=1725500 2026-07-22T17:17:38.506
ATTEMPT 484 W0 SOLVE 4x2 2026-07-22T17:17:38.511
ATTEMPT 484 W0 DONE 4x2 seed=1725500 nsol=16 0.03s 2026-07-22T17:17:38.538
ATTEMPT 485 W0 START 4x2 seed=1725501 2026-07-22T17:17:38.538
ATTEMPT 485 W0 SOLVE 4x2 2026-07-22T17:17:38.548
ATTEMPT 485 W0 DONE 4x2 seed=1725501 nsol=16 0.03s 2026-07-22T17:17:38.580
ATTEMPT 486 W0 START 4x2 seed=1725502 2026-07-22T17:17:38.580
ATTEMPT 486 W0 SOLVE 4x2 2026-07-22T17:17:38.592
ATTEMPT 486 W0 DONE 4x2 seed=1725502 nsol=16 0.02s 2026-07-22T17:17:38.611
ATTEMPT 487 W0 START 4x2 seed=1725503 2026-07-22T17:17:38.611
ATTEMPT 487 W0 SOLVE 4x2 2026-07-22T17:17:38.623
ATTEMPT 487 W0 DONE 4x2 seed=1725503 nsol=16 0.02s 2026-07-22T17:17:38.648
ATTEMPT 488 W0 START 4x2 seed=1725504 2026-07-22T17:17:38.648
ATTEMPT 488 W0 SOLVE 4x2 2026-07-22T17:17:38.654
ATTEMPT 488 W0 DONE 4x2 seed=1725504 nsol=16 0.02s 2026-07-22T17:17:38.676
ATTEMPT 489 W0 START 4x2 seed=1725505 2026-07-22T17:17:38.677
ATTEMPT 489 W0 SOLVE 4x2 2026-07-22T17:17:38.682
ATTEMPT 489 W0 DONE 4x2 seed=1725505 nsol=16 0.01s 2026-07-22T17:17:38.694
ATTEMPT 490 W0 START 4x2 seed=1725506 2026-07-22T17:17:38.694
ATTEMPT 490 W0 SOLVE 4x2 2026-07-22T17:17:38.700
ATTEMPT 490 W0 DONE 4x2 seed=1725506 nsol=16 0.01s 2026-07-22T17:17:38.707
ATTEMPT 491 W0 START 4x2 seed=1725507 2026-07-22T17:17:38.707
ATTEMPT 491 W0 SOLVE 4x2 2026-07-22T17:17:38.713
ATTEMPT 491 W0 DONE 4x2 seed=1725507 nsol=16 0.01s 2026-07-22T17:17:38.724
ATTEMPT 492 W0 START 4x2 seed=1725508 2026-07-22T17:17:38.724
ATTEMPT 492 W0 SOLVE 4x2 2026-07-22T17:17:38.730
ATTEMPT 492 W0 DONE 4x2 seed=1725508 nsol=16 0.01s 2026-07-22T17:17:38.740
ATTEMPT 493 W0 START 4x2 seed=1725509 2026-07-22T17:17:38.740
ATTEMPT 493 W0 SOLVE 4x2 2026-07-22T17:17:38.746
ATTEMPT 493 W0 DONE 4x2 seed=1725509 nsol=16 0.01s 2026-07-22T17:17:38.757
ATTEMPT 494 W0 START 4x2 seed=1725510 2026-07-22T17:17:38.757
ATTEMPT 494 W0 SOLVE 4x2 2026-07-22T17:17:38.763
ATTEMPT 494 W0 DONE 4x2 seed=1725510 nsol=16 0.05s 2026-07-22T17:17:38.816
ATTEMPT 495 W0 START 4x2 seed=1725511 2026-07-22T17:17:38.824
ATTEMPT 495 W0 SOLVE 4x2 2026-07-22T17:17:38.832
ATTEMPT 495 W0 DONE 4x2 seed=1725511 nsol=16 0.01s 2026-07-22T17:17:38.839
ATTEMPT 496 W0 START 4x2 seed=1725512 2026-07-22T17:17:38.839
ATTEMPT 496 W0 SOLVE 4x2 2026-07-22T17:17:38.848
ATTEMPT 496 W0 DONE 4x2 seed=1725512 nsol=16 0.01s 2026-07-22T17:17:38.855
ATTEMPT 497 W0 START 4x2 seed=1725513 2026-07-22T17:17:38.855
ATTEMPT 497 W0 SOLVE 4x2 2026-07-22T17:17:38.863
ATTEMPT 497 W0 DONE 4x2 seed=1725513 nsol=16 0.01s 2026-07-22T17:17:38.872
ATTEMPT 498 W0 START 4x2 seed=1725514 2026-07-22T17:17:38.872
ATTEMPT 498 W0 SOLVE 4x2 2026-07-22T17:17:38.878
ATTEMPT 498 W0 DONE 4x2 seed=1725514 nsol=16 0.01s 2026-07-22T17:17:38.888
ATTEMPT 499 W0 START 4x2 seed=1725515 2026-07-22T17:17:38.888
ATTEMPT 499 W0 SOLVE 4x2 2026-07-22T17:17:38.894
ATTEMPT 499 W0 DONE 4x2 seed=1725515 nsol=16 0.01s 2026-07-22T17:17:38.900
ATTEMPT 500 W0 START 4x2 seed=1725516 2026-07-22T17:17:38.901
ATTEMPT 500 W0 SOLVE 4x2 2026-07-22T17:17:38.908
ATTEMPT 500 W0 DONE 4x2 seed=1725516 nsol=16 0.01s 2026-07-22T17:17:38.920
ATTEMPT 501 W0 START 4x2 seed=1725517 2026-07-22T17:17:38.921
ATTEMPT 501 W0 SOLVE 4x2 2026-07-22T17:17:38.931
ATTEMPT 501 W0 DONE 4x2 seed=1725517 nsol=16 0.01s 2026-07-22T17:17:38.945
ATTEMPT 502 W0 START 4x2 seed=1725518 2026-07-22T17:17:38.946
ATTEMPT 502 W0 SOLVE 4x2 2026-07-22T17:17:38.951
ATTEMPT 502 W0 DONE 4x2 seed=1725518 nsol=16 0.01s 2026-07-22T17:17:38.967
ATTEMPT 503 W0 START 4x2 seed=1725519 2026-07-22T17:17:38.968
ATTEMPT 503 W0 SOLVE 4x2 2026-07-22T17:17:38.973
ATTEMPT 503 W0 DONE 4x2 seed=1725519 nsol=16 0.01s 2026-07-22T17:17:38.980
ATTEMPT 504 W0 START 4x2 seed=1725520 2026-07-22T17:17:38.980
ATTEMPT 504 W0 SOLVE 4x2 2026-07-22T17:17:38.986
ATTEMPT 504 W0 DONE 4x2 seed=1725520 nsol=16 0.01s 2026-07-22T17:17:38.992
ATTEMPT 505 W0 START 4x2 seed=1725521 2026-07-22T17:17:38.992
ATTEMPT 505 W0 SOLVE 4x2 2026-07-22T17:17:38.997
ATTEMPT 505 W0 DONE 4x2 seed=1725521 nsol=16 0.00s 2026-07-22T17:17:39.002
ATTEMPT 506 W0 START 4x2 seed=1725522 2026-07-22T17:17:39.002
ATTEMPT 506 W0 SOLVE 4x2 2026-07-22T17:17:39.007
ATTEMPT 506 W0 DONE 4x2 seed=1725522 nsol=16 0.00s 2026-07-22T17:17:39.011
ATTEMPT 507 W0 START 4x2 seed=1725523 2026-07-22T17:17:39.012
ATTEMPT 507 W0 SOLVE 4x2 2026-07-22T17:17:39.018
ATTEMPT 507 W0 DONE 4x2 seed=1725523 nsol=16 0.01s 2026-07-22T17:17:39.025
ATTEMPT 508 W0 START 4x2 seed=1725524 2026-07-22T17:17:39.025
ATTEMPT 508 W0 SOLVE 4x2 2026-07-22T17:17:39.030
ATTEMPT 508 W0 DONE 4x2 seed=1725524 nsol=16 0.01s 2026-07-22T17:17:39.036
ATTEMPT 509 W0 START 4x2 seed=1725525 2026-07-22T17:17:39.036
ATTEMPT 509 W0 SOLVE 4x2 2026-07-22T17:17:39.042
ATTEMPT 509 W0 DONE 4x2 seed=1725525 nsol=16 0.01s 2026-07-22T17:17:39.052
ATTEMPT 510 W0 START 4x2 seed=1725526 2026-07-22T17:17:39.052
ATTEMPT 510 W0 SOLVE 4x2 2026-07-22T17:17:39.059
ATTEMPT 510 W0 DONE 4x2 seed=1725526 nsol=16 0.02s 2026-07-22T17:17:39.075
ATTEMPT 511 W0 START 4x2 seed=1725527 2026-07-22T17:17:39.075
ATTEMPT 511 W0 SOLVE 4x2 2026-07-22T17:17:39.080
ATTEMPT 511 W0 DONE 4x2 seed=1725527 nsol=16 0.01s 2026-07-22T17:17:39.092
ATTEMPT 512 W0 START 4x2 seed=1725528 2026-07-22T17:17:39.092
ATTEMPT 512 W0 SOLVE 4x2 2026-07-22T17:17:39.099
ATTEMPT 512 W0 DONE 4x2 seed=1725528 nsol=16 0.02s 2026-07-22T17:17:39.116
ATTEMPT 513 W0 START 4x2 seed=1725529 2026-07-22T17:17:39.116
ATTEMPT 513 W0 SOLVE 4x2 2026-07-22T17:17:39.124
ATTEMPT 513 W0 DONE 4x2 seed=1725529 nsol=16 0.01s 2026-07-22T17:17:39.131
ATTEMPT 514 W0 START 4x2 seed=1725530 2026-07-22T17:17:39.131
ATTEMPT 514 W0 SOLVE 4x2 2026-07-22T17:17:39.137
ATTEMPT 514 W0 DONE 4x2 seed=1725530 nsol=16 0.01s 2026-07-22T17:17:39.148
ATTEMPT 515 W0 START 4x2 seed=1725531 2026-07-22T17:17:39.148
ATTEMPT 515 W0 SOLVE 4x2 2026-07-22T17:17:39.154
ATTEMPT 515 W0 DONE 4x2 seed=1725531 nsol=16 0.01s 2026-07-22T17:17:39.164
ATTEMPT 516 W0 START 4x2 seed=1725532 2026-07-22T17:17:39.164
ATTEMPT 516 W0 SOLVE 4x2 2026-07-22T17:17:39.169
ATTEMPT 516 W0 DONE 4x2 seed=1725532 nsol=16 0.01s 2026-07-22T17:17:39.180
ATTEMPT 517 W0 START 4x2 seed=1725533 2026-07-22T17:17:39.180
ATTEMPT 517 W0 SOLVE 4x2 2026-07-22T17:17:39.186
ATTEMPT 517 W0 DONE 4x2 seed=1725533 nsol=16 0.01s 2026-07-22T17:17:39.200
ATTEMPT 518 W0 START 4x2 seed=1725534 2026-07-22T17:17:39.200
ATTEMPT 518 W0 SOLVE 4x2 2026-07-22T17:17:39.207
ATTEMPT 518 W0 DONE 4x2 seed=1725534 nsol=16 0.01s 2026-07-22T17:17:39.214
ATTEMPT 519 W0 START 4x2 seed=1725535 2026-07-22T17:17:39.215
ATTEMPT 519 W0 SOLVE 4x2 2026-07-22T17:17:39.220
ATTEMPT 519 W0 DONE 4x2 seed=1725535 nsol=16 0.02s 2026-07-22T17:17:39.236
ATTEMPT 520 W0 START 4x2 seed=1725536 2026-07-22T17:17:39.236
ATTEMPT 520 W0 SOLVE 4x2 2026-07-22T17:17:39.242
ATTEMPT 520 W0 DONE 4x2 seed=1725536 nsol=16 0.01s 2026-07-22T17:17:39.251
ATTEMPT 521 W0 START 4x2 seed=1725537 2026-07-22T17:17:39.252
ATTEMPT 521 W0 SOLVE 4x2 2026-07-22T17:17:39.257
ATTEMPT 521 W0 DONE 4x2 seed=1725537 nsol=16 0.01s 2026-07-22T17:17:39.264
ATTEMPT 522 W0 START 4x2 seed=1725538 2026-07-22T17:17:39.265
ATTEMPT 522 W0 SOLVE 4x2 2026-07-22T17:17:39.273
ATTEMPT 522 W0 DONE 4x2 seed=1725538 nsol=16 0.02s 2026-07-22T17:17:39.288
ATTEMPT 523 W0 START 4x2 seed=1725539 2026-07-22T17:17:39.288
ATTEMPT 523 W0 SOLVE 4x2 2026-07-22T17:17:39.294
ATTEMPT 523 W0 DONE 4x2 seed=1725539 nsol=16 0.01s 2026-07-22T17:17:39.308
ATTEMPT 524 W0 START 4x2 seed=1725540 2026-07-22T17:17:39.308
ATTEMPT 524 W0 SOLVE 4x2 2026-07-22T17:17:39.313
ATTEMPT 524 W0 DONE 4x2 seed=1725540 nsol=16 0.01s 2026-07-22T17:17:39.325
ATTEMPT 525 W0 START 4x2 seed=1725541 2026-07-22T17:17:39.325
ATTEMPT 525 W0 SOLVE 4x2 2026-07-22T17:17:39.330
ATTEMPT 525 W0 DONE 4x2 seed=1725541 nsol=16 0.01s 2026-07-22T17:17:39.341
ATTEMPT 526 W0 START 4x2 seed=1725542 2026-07-22T17:17:39.342
ATTEMPT 526 W0 SOLVE 4x2 2026-07-22T17:17:39.347
ATTEMPT 526 W0 DONE 4x2 seed=1725542 nsol=16 0.01s 2026-07-22T17:17:39.360
ATTEMPT 527 W0 START 4x2 seed=1725543 2026-07-22T17:17:39.360
ATTEMPT 527 W0 SOLVE 4x2 2026-07-22T17:17:39.366
ATTEMPT 527 W0 DONE 4x2 seed=1725543 nsol=16 0.04s 2026-07-22T17:17:39.410
ATTEMPT 528 W0 START 4x2 seed=1725544 2026-07-22T17:17:39.412
ATTEMPT 528 W0 SOLVE 4x2 2026-07-22T17:17:39.426
ATTEMPT 528 W0 DONE 4x2 seed=1725544 nsol=16 0.01s 2026-07-22T17:17:39.435
ATTEMPT 529 W0 START 4x2 seed=1725545 2026-07-22T17:17:39.435
ATTEMPT 529 W0 SOLVE 4x2 2026-07-22T17:17:39.441
ATTEMPT 529 W0 DONE 4x2 seed=1725545 nsol=16 0.01s 2026-07-22T17:17:39.448
ATTEMPT 530 W0 START 4x2 seed=1725546 2026-07-22T17:17:39.448
ATTEMPT 530 W0 SOLVE 4x2 2026-07-22T17:17:39.454
ATTEMPT 530 W0 DONE 4x2 seed=1725546 nsol=16 0.02s 2026-07-22T17:17:39.472
ATTEMPT 531 W0 START 4x2 seed=1725547 2026-07-22T17:17:39.472
ATTEMPT 531 W0 SOLVE 4x2 2026-07-22T17:17:39.478
ATTEMPT 531 W0 DONE 4x2 seed=1725547 nsol=16 0.01s 2026-07-22T17:17:39.489
ATTEMPT 532 W0 START 4x2 seed=1725548 2026-07-22T17:17:39.489
ATTEMPT 532 W0 SOLVE 4x2 2026-07-22T17:17:39.501
ATTEMPT 532 W0 DONE 4x2 seed=1725548 nsol=16 0.01s 2026-07-22T17:17:39.512
ATTEMPT 533 W0 START 4x2 seed=1725549 2026-07-22T17:17:39.512
ATTEMPT 533 W0 SOLVE 4x2 2026-07-22T17:17:39.517
ATTEMPT 533 W0 DONE 4x2 seed=1725549 nsol=16 0.01s 2026-07-22T17:17:39.527
ATTEMPT 534 W0 START 4x2 seed=1725550 2026-07-22T17:17:39.528
ATTEMPT 534 W0 SOLVE 4x2 2026-07-22T17:17:39.533
ATTEMPT 534 W0 DONE 4x2 seed=1725550 nsol=16 0.02s 2026-07-22T17:17:39.551
ATTEMPT 535 W0 START 4x2 seed=1725551 2026-07-22T17:17:39.551
ATTEMPT 535 W0 SOLVE 4x2 2026-07-22T17:17:39.565
ATTEMPT 535 W0 DONE 4x2 seed=1725551 nsol=16 0.02s 2026-07-22T17:17:39.580
ATTEMPT 536 W0 START 4x2 seed=1725552 2026-07-22T17:17:39.580
ATTEMPT 536 W0 SOLVE 4x2 2026-07-22T17:17:39.586
ATTEMPT 536 W0 DONE 4x2 seed=1725552 nsol=16 0.01s 2026-07-22T17:17:39.594
ATTEMPT 537 W0 START 4x2 seed=1725553 2026-07-22T17:17:39.594
ATTEMPT 537 W0 SOLVE 4x2 2026-07-22T17:17:39.599
ATTEMPT 537 W0 DONE 4x2 seed=1725553 nsol=16 0.01s 2026-07-22T17:17:39.610
ATTEMPT 538 W0 START 4x2 seed=1725554 2026-07-22T17:17:39.610
ATTEMPT 538 W0 SOLVE 4x2 2026-07-22T17:17:39.615
ATTEMPT 538 W0 DONE 4x2 seed=1725554 nsol=16 0.01s 2026-07-22T17:17:39.634
ATTEMPT 539 W0 START 4x2 seed=1725555 2026-07-22T17:17:39.634
ATTEMPT 539 W0 SOLVE 4x2 2026-07-22T17:17:39.640
ATTEMPT 539 W0 DONE 4x2 seed=1725555 nsol=16 0.02s 2026-07-22T17:17:39.658
ATTEMPT 540 W0 START 4x2 seed=1725556 2026-07-22T17:17:39.659
ATTEMPT 540 W0 SOLVE 4x2 2026-07-22T17:17:39.666
ATTEMPT 540 W0 DONE 4x2 seed=1725556 nsol=16 0.01s 2026-07-22T17:17:39.676
ATTEMPT 541 W0 START 4x2 seed=1725557 2026-07-22T17:17:39.677
ATTEMPT 541 W0 SOLVE 4x2 2026-07-22T17:17:39.683
ATTEMPT 541 W0 DONE 4x2 seed=1725557 nsol=16 0.01s 2026-07-22T17:17:39.689
ATTEMPT 542 W0 START 4x2 seed=1725558 2026-07-22T17:17:39.689
ATTEMPT 542 W0 SOLVE 4x2 2026-07-22T17:17:39.696
ATTEMPT 542 W0 DONE 4x2 seed=1725558 nsol=16 0.01s 2026-07-22T17:17:39.708
ATTEMPT 543 W0 START 4x2 seed=1725559 2026-07-22T17:17:39.708
ATTEMPT 543 W0 SOLVE 4x2 2026-07-22T17:17:39.714
ATTEMPT 543 W0 DONE 4x2 seed=1725559 nsol=16 0.02s 2026-07-22T17:17:39.732
ATTEMPT 544 W0 START 4x2 seed=1725560 2026-07-22T17:17:39.732
ATTEMPT 544 W0 SOLVE 4x2 2026-07-22T17:17:39.738
ATTEMPT 544 W0 DONE 4x2 seed=1725560 nsol=16 0.01s 2026-07-22T17:17:39.749
ATTEMPT 545 W0 START 4x2 seed=1725561 2026-07-22T17:17:39.750
ATTEMPT 545 W0 SOLVE 4x2 2026-07-22T17:17:39.759
ATTEMPT 545 W0 DONE 4x2 seed=1725561 nsol=16 0.01s 2026-07-22T17:17:39.764
ATTEMPT 546 W0 START 4x2 seed=1725562 2026-07-22T17:17:39.764
ATTEMPT 546 W0 SOLVE 4x2 2026-07-22T17:17:39.770
ATTEMPT 546 W0 DONE 4x2 seed=1725562 nsol=16 0.01s 2026-07-22T17:17:39.780
ATTEMPT 547 W0 START 4x2 seed=1725563 2026-07-22T17:17:39.780
ATTEMPT 547 W0 SOLVE 4x2 2026-07-22T17:17:39.786
ATTEMPT 547 W0 DONE 4x2 seed=1725563 nsol=16 0.01s 2026-07-22T17:17:39.792
ATTEMPT 548 W0 START 4x2 seed=1725564 2026-07-22T17:17:39.792
ATTEMPT 548 W0 SOLVE 4x2 2026-07-22T17:17:39.798
ATTEMPT 548 W0 DONE 4x2 seed=1725564 nsol=16 0.02s 2026-07-22T17:17:39.816
ATTEMPT 549 W0 START 4x2 seed=1725565 2026-07-22T17:17:39.817
ATTEMPT 549 W0 SOLVE 4x2 2026-07-22T17:17:39.825
ATTEMPT 549 W0 DONE 4x2 seed=1725565 nsol=16 0.01s 2026-07-22T17:17:39.837
ATTEMPT 550 W0 START 4x2 seed=1725566 2026-07-22T17:17:39.838
ATTEMPT 550 W0 SOLVE 4x2 2026-07-22T17:17:39.844
ATTEMPT 550 W0 DONE 4x2 seed=1725566 nsol=16 0.01s 2026-07-22T17:17:39.852
ATTEMPT 551 W0 START 4x2 seed=1725567 2026-07-22T17:17:39.853
ATTEMPT 551 W0 SOLVE 4x2 2026-07-22T17:17:39.858
ATTEMPT 551 W0 DONE 4x2 seed=1725567 nsol=16 0.01s 2026-07-22T17:17:39.864
ATTEMPT 552 W0 START 4x2 seed=1725568 2026-07-22T17:17:39.864
ATTEMPT 552 W0 SOLVE 4x2 2026-07-22T17:17:39.869
ATTEMPT 552 W0 DONE 4x2 seed=1725568 nsol=16 0.01s 2026-07-22T17:17:39.881
ATTEMPT 553 W0 START 4x2 seed=1725569 2026-07-22T17:17:39.881
ATTEMPT 553 W0 SOLVE 4x2 2026-07-22T17:17:39.888
ATTEMPT 553 W0 DONE 4x2 seed=1725569 nsol=16 0.01s 2026-07-22T17:17:39.903
ATTEMPT 554 W0 START 4x2 seed=1725570 2026-07-22T17:17:39.903
ATTEMPT 554 W0 SOLVE 4x2 2026-07-22T17:17:39.916
ATTEMPT 554 W0 DONE 4x2 seed=1725570 nsol=16 0.01s 2026-07-22T17:17:39.928
ATTEMPT 555 W0 START 4x2 seed=1725571 2026-07-22T17:17:39.928
ATTEMPT 555 W0 SOLVE 4x2 2026-07-22T17:17:39.934
ATTEMPT 555 W0 DONE 4x2 seed=1725571 nsol=16 0.03s 2026-07-22T17:17:39.960
ATTEMPT 556 W0 START 4x2 seed=1725572 2026-07-22T17:17:39.960
ATTEMPT 556 W0 SOLVE 4x2 2026-07-22T17:17:39.971
ATTEMPT 556 W0 DONE 4x2 seed=1725572 nsol=16 0.02s 2026-07-22T17:17:39.988
ATTEMPT 557 W0 START 4x2 seed=1725573 2026-07-22T17:17:39.988
ATTEMPT 557 W0 SOLVE 4x2 2026-07-22T17:17:40.005
ATTEMPT 557 W0 DONE 4x2 seed=1725573 nsol=16 0.02s 2026-07-22T17:17:40.024
ATTEMPT 558 W0 START 4x2 seed=1725574 2026-07-22T17:17:40.024
ATTEMPT 558 W0 SOLVE 4x2 2026-07-22T17:17:40.030
ATTEMPT 558 W0 DONE 4x2 seed=1725574 nsol=16 0.10s 2026-07-22T17:17:40.128
ATTEMPT 559 W0 START 4x2 seed=1725575 2026-07-22T17:17:40.128
ATTEMPT 559 W0 SOLVE 4x2 2026-07-22T17:17:40.134
ATTEMPT 559 W0 DONE 4x2 seed=1725575 nsol=16 0.01s 2026-07-22T17:17:40.140
ATTEMPT 560 W0 START 4x2 seed=1725576 2026-07-22T17:17:40.141
ATTEMPT 560 W0 SOLVE 4x2 2026-07-22T17:17:40.146
ATTEMPT 560 W0 DONE 4x2 seed=1725576 nsol=16 0.02s 2026-07-22T17:17:40.165
ATTEMPT 561 W0 START 4x2 seed=1725577 2026-07-22T17:17:40.165
ATTEMPT 561 W0 SOLVE 4x2 2026-07-22T17:17:40.172
ATTEMPT 561 W0 DONE 4x2 seed=1725577 nsol=16 0.02s 2026-07-22T17:17:40.192
ATTEMPT 562 W0 START 4x2 seed=1725578 2026-07-22T17:17:40.192
ATTEMPT 562 W0 SOLVE 4x2 2026-07-22T17:17:40.200
ATTEMPT 562 W0 DONE 4x2 seed=1725578 nsol=16 0.02s 2026-07-22T17:17:40.225
ATTEMPT 563 W0 START 4x2 seed=1725579 2026-07-22T17:17:40.225
ATTEMPT 563 W0 SOLVE 4x2 2026-07-22T17:17:40.230
ATTEMPT 563 W0 DONE 4x2 seed=1725579 nsol=16 0.01s 2026-07-22T17:17:40.244
ATTEMPT 564 W0 START 4x2 seed=1725580 2026-07-22T17:17:40.244
ATTEMPT 564 W0 SOLVE 4x2 2026-07-22T17:17:40.251
ATTEMPT 564 W0 DONE 4x2 seed=1725580 nsol=16 0.02s 2026-07-22T17:17:40.268
ATTEMPT 565 W0 START 4x2 seed=1725581 2026-07-22T17:17:40.268
ATTEMPT 565 W0 SOLVE 4x2 2026-07-22T17:17:40.287
ATTEMPT 565 W0 DONE 4x2 seed=1725581 nsol=16 0.02s 2026-07-22T17:17:40.316
ATTEMPT 566 W0 START 4x2 seed=1725582 2026-07-22T17:17:40.316
ATTEMPT 566 W0 SOLVE 4x2 2026-07-22T17:17:40.327
ATTEMPT 566 W0 DONE 4x2 seed=1725582 nsol=16 0.01s 2026-07-22T17:17:40.342
ATTEMPT 567 W0 START 4x2 seed=1725583 2026-07-22T17:17:40.343
ATTEMPT 567 W0 SOLVE 4x2 2026-07-22T17:17:40.349
ATTEMPT 567 W0 DONE 4x2 seed=1725583 nsol=16 0.01s 2026-07-22T17:17:40.356
ATTEMPT 568 W0 START 4x2 seed=1725584 2026-07-22T17:17:40.356
ATTEMPT 568 W0 SOLVE 4x2 2026-07-22T17:17:40.363
ATTEMPT 568 W0 DONE 4x2 seed=1725584 nsol=16 0.02s 2026-07-22T17:17:40.380
ATTEMPT 569 W0 START 4x2 seed=1725585 2026-07-22T17:17:40.380
ATTEMPT 569 W0 SOLVE 4x2 2026-07-22T17:17:40.387
ATTEMPT 569 W0 DONE 4x2 seed=1725585 nsol=16 0.06s 2026-07-22T17:17:40.443
ATTEMPT 570 W0 START 4x2 seed=1725586 2026-07-22T17:17:40.443
ATTEMPT 570 W0 SOLVE 4x2 2026-07-22T17:17:40.448
ATTEMPT 570 W0 DONE 4x2 seed=1725586 nsol=16 0.02s 2026-07-22T17:17:40.471
ATTEMPT 571 W0 START 4x2 seed=1725587 2026-07-22T17:17:40.471
ATTEMPT 571 W0 SOLVE 4x2 2026-07-22T17:17:40.477
ATTEMPT 571 W0 DONE 4x2 seed=1725587 nsol=16 0.03s 2026-07-22T17:17:40.504
ATTEMPT 572 W0 START 4x2 seed=1725588 2026-07-22T17:17:40.504
ATTEMPT 572 W0 SOLVE 4x2 2026-07-22T17:17:40.515
ATTEMPT 572 W0 DONE 4x2 seed=1725588 nsol=16 0.02s 2026-07-22T17:17:40.535
ATTEMPT 573 W0 START 4x2 seed=1725589 2026-07-22T17:17:40.535
ATTEMPT 573 W0 SOLVE 4x2 2026-07-22T17:17:40.545
ATTEMPT 573 W0 DONE 4x2 seed=1725589 nsol=16 0.02s 2026-07-22T17:17:40.568
ATTEMPT 574 W0 START 4x2 seed=1725590 2026-07-22T17:17:40.568
ATTEMPT 574 W0 SOLVE 4x2 2026-07-22T17:17:40.602
ATTEMPT 574 W0 DONE 4x2 seed=1725590 nsol=16 0.01s 2026-07-22T17:17:40.611
ATTEMPT 575 W0 START 4x2 seed=1725591 2026-07-22T17:17:40.611
ATTEMPT 575 W0 SOLVE 4x2 2026-07-22T17:17:40.617
ATTEMPT 575 W0 DONE 4x2 seed=1725591 nsol=16 0.00s 2026-07-22T17:17:40.622
ATTEMPT 576 W0 START 4x2 seed=1725592 2026-07-22T17:17:40.622
ATTEMPT 576 W0 SOLVE 4x2 2026-07-22T17:17:40.628
ATTEMPT 576 W0 DONE 4x2 seed=1725592 nsol=16 0.01s 2026-07-22T17:17:40.636
ATTEMPT 577 W0 START 4x2 seed=1725593 2026-07-22T17:17:40.637
ATTEMPT 577 W0 SOLVE 4x2 2026-07-22T17:17:40.644
ATTEMPT 577 W0 DONE 4x2 seed=1725593 nsol=16 0.01s 2026-07-22T17:17:40.658
ATTEMPT 578 W0 START 4x2 seed=1725594 2026-07-22T17:17:40.658
ATTEMPT 578 W0 SOLVE 4x2 2026-07-22T17:17:40.666
ATTEMPT 578 W0 DONE 4x2 seed=1725594 nsol=16 0.01s 2026-07-22T17:17:40.679
ATTEMPT 579 W0 START 4x2 seed=1725595 2026-07-22T17:17:40.679
ATTEMPT 579 W0 SOLVE 4x2 2026-07-22T17:17:40.688
ATTEMPT 579 W0 DONE 4x2 seed=1725595 nsol=16 0.01s 2026-07-22T17:17:40.701
ATTEMPT 580 W0 START 4x2 seed=1725596 2026-07-22T17:17:40.702
ATTEMPT 580 W0 SOLVE 4x2 2026-07-22T17:17:40.708
ATTEMPT 580 W0 DONE 4x2 seed=1725596 nsol=16 0.02s 2026-07-22T17:17:40.724
ATTEMPT 581 W0 START 4x2 seed=1725597 2026-07-22T17:17:40.724
ATTEMPT 581 W0 SOLVE 4x2 2026-07-22T17:17:40.730
ATTEMPT 581 W0 DONE 4x2 seed=1725597 nsol=16 0.01s 2026-07-22T17:17:40.744
ATTEMPT 582 W0 START 4x2 seed=1725598 2026-07-22T17:17:40.744
ATTEMPT 582 W0 SOLVE 4x2 2026-07-22T17:17:40.751
ATTEMPT 582 W0 DONE 4x2 seed=1725598 nsol=16 0.01s 2026-07-22T17:17:40.765
ATTEMPT 583 W0 START 4x2 seed=1725599 2026-07-22T17:17:40.765
ATTEMPT 583 W0 SOLVE 4x2 2026-07-22T17:17:40.773
ATTEMPT 583 W0 DONE 4x2 seed=1725599 nsol=16 0.01s 2026-07-22T17:17:40.783
ATTEMPT 584 W0 START 4x2 seed=1725600 2026-07-22T17:17:40.783
ATTEMPT 584 W0 SOLVE 4x2 2026-07-22T17:17:40.790
ATTEMPT 584 W0 DONE 4x2 seed=1725600 nsol=16 0.28s 2026-07-22T17:17:41.072
ATTEMPT 585 W0 START 4x2 seed=1725601 2026-07-22T17:17:41.072
ATTEMPT 585 W0 SOLVE 4x2 2026-07-22T17:17:41.082
ATTEMPT 585 W0 DONE 4x2 seed=1725601 nsol=16 0.02s 2026-07-22T17:17:41.104
ATTEMPT 586 W0 START 4x2 seed=1725602 2026-07-22T17:17:41.104
ATTEMPT 586 W0 SOLVE 4x2 2026-07-22T17:17:41.110
ATTEMPT 586 W0 DONE 4x2 seed=1725602 nsol=16 0.01s 2026-07-22T17:17:41.121
ATTEMPT 587 W0 START 4x2 seed=1725603 2026-07-22T17:17:41.122
ATTEMPT 587 W0 SOLVE 4x2 2026-07-22T17:17:41.137
ATTEMPT 587 W0 DONE 4x2 seed=1725603 nsol=16 0.01s 2026-07-22T17:17:41.148
ATTEMPT 588 W0 START 4x2 seed=1725604 2026-07-22T17:17:41.148
ATTEMPT 588 W0 SOLVE 4x2 2026-07-22T17:17:41.158
ATTEMPT 588 W0 DONE 4x2 seed=1725604 nsol=16 0.01s 2026-07-22T17:17:41.175
ATTEMPT 589 W0 START 4x2 seed=1725605 2026-07-22T17:17:41.175
ATTEMPT 589 W0 SOLVE 4x2 2026-07-22T17:17:41.189
ATTEMPT 589 W0 DONE 4x2 seed=1725605 nsol=16 0.01s 2026-07-22T17:17:41.198
ATTEMPT 590 W0 START 4x2 seed=1725606 2026-07-22T17:17:41.199
ATTEMPT 590 W0 SOLVE 4x2 2026-07-22T17:17:41.209
ATTEMPT 590 W0 DONE 4x2 seed=1725606 nsol=16 0.01s 2026-07-22T17:17:41.224
ATTEMPT 591 W0 START 4x2 seed=1725607 2026-07-22T17:17:41.224
ATTEMPT 591 W0 SOLVE 4x2 2026-07-22T17:17:41.230
ATTEMPT 591 W0 DONE 4x2 seed=1725607 nsol=16 0.02s 2026-07-22T17:17:41.246
ATTEMPT 592 W0 START 4x2 seed=1725608 2026-07-22T17:17:41.246
ATTEMPT 592 W0 SOLVE 4x2 2026-07-22T17:17:41.255
ATTEMPT 592 W0 DONE 4x2 seed=1725608 nsol=16 0.01s 2026-07-22T17:17:41.268
ATTEMPT 593 W0 START 4x2 seed=1725609 2026-07-22T17:17:41.268
ATTEMPT 593 W0 SOLVE 4x2 2026-07-22T17:17:41.279
ATTEMPT 593 W0 DONE 4x2 seed=1725609 nsol=16 0.02s 2026-07-22T17:17:41.296
ATTEMPT 594 W0 START 4x2 seed=1725610 2026-07-22T17:17:41.296
ATTEMPT 594 W0 SOLVE 4x2 2026-07-22T17:17:41.302
ATTEMPT 594 W0 DONE 4x2 seed=1725610 nsol=16 0.01s 2026-07-22T17:17:41.312
ATTEMPT 595 W0 START 4x2 seed=1725611 2026-07-22T17:17:41.312
ATTEMPT 595 W0 SOLVE 4x2 2026-07-22T17:17:41.322
ATTEMPT 595 W0 DONE 4x2 seed=1725611 nsol=16 0.02s 2026-07-22T17:17:41.341
ATTEMPT 596 W0 START 4x2 seed=1725612 2026-07-22T17:17:41.341
ATTEMPT 596 W0 SOLVE 4x2 2026-07-22T17:17:41.356
ATTEMPT 596 W0 DONE 4x2 seed=1725612 nsol=16 0.01s 2026-07-22T17:17:41.365
ATTEMPT 597 W0 START 4x2 seed=1725613 2026-07-22T17:17:41.365
ATTEMPT 597 W0 SOLVE 4x2 2026-07-22T17:17:41.370
ATTEMPT 597 W0 DONE 4x2 seed=1725613 nsol=16 0.00s 2026-07-22T17:17:41.380
ATTEMPT 598 W0 START 4x2 seed=1725614 2026-07-22T17:17:41.380
ATTEMPT 598 W0 SOLVE 4x2 2026-07-22T17:17:41.390
ATTEMPT 598 W0 DONE 4x2 seed=1725614 nsol=16 0.01s 2026-07-22T17:17:41.404
ATTEMPT 599 W0 START 4x2 seed=1725615 2026-07-22T17:17:41.404
ATTEMPT 599 W0 SOLVE 4x2 2026-07-22T17:17:41.416
ATTEMPT 599 W0 DONE 4x2 seed=1725615 nsol=16 0.02s 2026-07-22T17:17:41.436
ATTEMPT 600 W0 START 4x2 seed=1725616 2026-07-22T17:17:41.436
ATTEMPT 600 W0 SOLVE 4x2 2026-07-22T17:17:41.449
ATTEMPT 600 W0 DONE 4x2 seed=1725616 nsol=16 0.01s 2026-07-22T17:17:41.464
HUNT2 complete 2026-07-22T17:17:41.474
