HUNT2 start mode=seq hcthr=on nworkers=0 nthreads=14 ngcthreads=14 nsolves=600 seed_base=627004 shape=4x2 pid=2017118 julia=1.12.6 HC=2.20.0 2026-07-22T16:49:42.532
ATTEMPT 1 W0 START 4x2 seed=627005 2026-07-22T16:49:45.952
ATTEMPT 1 W0 SOLVE 4x2 2026-07-22T16:49:47.777
Computing mixed cells... 2    Time: 0:00:02[K
   mixed_volume: 4[K[A
[K[AComputing mixed cells... 5    Time: 0:00:02[K
   mixed_volume: 16[K
ATTEMPT 1 W0 DONE 4x2 seed=627005 nsol=16 90.26s 2026-07-22T16:51:18.257
ATTEMPT 2 W0 START 4x2 seed=627006 2026-07-22T16:51:18.539
ATTEMPT 2 W0 SOLVE 4x2 2026-07-22T16:51:18.545
ATTEMPT 2 W0 DONE 4x2 seed=627006 nsol=16 0.03s 2026-07-22T16:51:18.572
ATTEMPT 3 W0 START 4x2 seed=627007 2026-07-22T16:51:18.573
ATTEMPT 3 W0 SOLVE 4x2 2026-07-22T16:51:18.578
ATTEMPT 3 W0 DONE 4x2 seed=627007 nsol=16 0.01s 2026-07-22T16:51:18.590
ATTEMPT 4 W0 START 4x2 seed=627008 2026-07-22T16:51:18.590
ATTEMPT 4 W0 SOLVE 4x2 2026-07-22T16:51:18.595
ATTEMPT 4 W0 DONE 4x2 seed=627008 nsol=16 0.02s 2026-07-22T16:51:18.617
ATTEMPT 5 W0 START 4x2 seed=627009 2026-07-22T16:51:18.618
ATTEMPT 5 W0 SOLVE 4x2 2026-07-22T16:51:18.623
ATTEMPT 5 W0 DONE 4x2 seed=627009 nsol=16 0.01s 2026-07-22T16:51:18.630
ATTEMPT 6 W0 START 4x2 seed=627010 2026-07-22T16:51:18.631
ATTEMPT 6 W0 SOLVE 4x2 2026-07-22T16:51:18.636
ATTEMPT 6 W0 DONE 4x2 seed=627010 nsol=16 0.02s 2026-07-22T16:51:18.660
ATTEMPT 7 W0 START 4x2 seed=627011 2026-07-22T16:51:18.660
ATTEMPT 7 W0 SOLVE 4x2 2026-07-22T16:51:18.668
ATTEMPT 7 W0 DONE 4x2 seed=627011 nsol=16 0.02s 2026-07-22T16:51:18.684
ATTEMPT 8 W0 START 4x2 seed=627012 2026-07-22T16:51:18.684
ATTEMPT 8 W0 SOLVE 4x2 2026-07-22T16:51:18.694
ATTEMPT 8 W0 DONE 4x2 seed=627012 nsol=16 0.01s 2026-07-22T16:51:18.708
ATTEMPT 9 W0 START 4x2 seed=627013 2026-07-22T16:51:18.708
ATTEMPT 9 W0 SOLVE 4x2 2026-07-22T16:51:18.718
ATTEMPT 9 W0 DONE 4x2 seed=627013 nsol=16 0.01s 2026-07-22T16:51:18.729
ATTEMPT 10 W0 START 4x2 seed=627014 2026-07-22T16:51:18.729
ATTEMPT 10 W0 SOLVE 4x2 2026-07-22T16:51:18.739
ATTEMPT 10 W0 DONE 4x2 seed=627014 nsol=16 0.01s 2026-07-22T16:51:18.753
ATTEMPT 11 W0 START 4x2 seed=627015 2026-07-22T16:51:18.756
ATTEMPT 11 W0 SOLVE 4x2 2026-07-22T16:51:18.767
ATTEMPT 11 W0 DONE 4x2 seed=627015 nsol=16 0.01s 2026-07-22T16:51:18.780
ATTEMPT 12 W0 START 4x2 seed=627016 2026-07-22T16:51:18.780
ATTEMPT 12 W0 SOLVE 4x2 2026-07-22T16:51:18.790
ATTEMPT 12 W0 DONE 4x2 seed=627016 nsol=16 0.02s 2026-07-22T16:51:18.811
ATTEMPT 13 W0 START 4x2 seed=627017 2026-07-22T16:51:18.811
ATTEMPT 13 W0 SOLVE 4x2 2026-07-22T16:51:18.817
ATTEMPT 13 W0 DONE 4x2 seed=627017 nsol=16 0.02s 2026-07-22T16:51:18.837
ATTEMPT 14 W0 START 4x2 seed=627018 2026-07-22T16:51:18.837
ATTEMPT 14 W0 SOLVE 4x2 2026-07-22T16:51:18.847
ATTEMPT 14 W0 DONE 4x2 seed=627018 nsol=16 0.02s 2026-07-22T16:51:18.864
ATTEMPT 15 W0 START 4x2 seed=627019 2026-07-22T16:51:18.864
ATTEMPT 15 W0 SOLVE 4x2 2026-07-22T16:51:18.876
ATTEMPT 15 W0 DONE 4x2 seed=627019 nsol=16 0.02s 2026-07-22T16:51:18.897
ATTEMPT 16 W0 START 4x2 seed=627020 2026-07-22T16:51:18.898
ATTEMPT 16 W0 SOLVE 4x2 2026-07-22T16:51:18.911
ATTEMPT 16 W0 DONE 4x2 seed=627020 nsol=16 0.02s 2026-07-22T16:51:18.936
ATTEMPT 17 W0 START 4x2 seed=627021 2026-07-22T16:51:18.936
ATTEMPT 17 W0 SOLVE 4x2 2026-07-22T16:51:18.941
ATTEMPT 17 W0 DONE 4x2 seed=627021 nsol=16 0.01s 2026-07-22T16:51:18.953
ATTEMPT 18 W0 START 4x2 seed=627022 2026-07-22T16:51:18.953
ATTEMPT 18 W0 SOLVE 4x2 2026-07-22T16:51:18.959
ATTEMPT 18 W0 DONE 4x2 seed=627022 nsol=16 0.01s 2026-07-22T16:51:18.968
ATTEMPT 19 W0 START 4x2 seed=627023 2026-07-22T16:51:18.969
ATTEMPT 19 W0 SOLVE 4x2 2026-07-22T16:51:18.978
ATTEMPT 19 W0 DONE 4x2 seed=627023 nsol=16 0.01s 2026-07-22T16:51:18.988
ATTEMPT 20 W0 START 4x2 seed=627024 2026-07-22T16:51:18.989
ATTEMPT 20 W0 SOLVE 4x2 2026-07-22T16:51:18.998
ATTEMPT 20 W0 DONE 4x2 seed=627024 nsol=16 0.01s 2026-07-22T16:51:19.014
ATTEMPT 21 W0 START 4x2 seed=627025 2026-07-22T16:51:19.015
ATTEMPT 21 W0 SOLVE 4x2 2026-07-22T16:51:19.029
ATTEMPT 21 W0 DONE 4x2 seed=627025 nsol=16 0.01s 2026-07-22T16:51:19.036
ATTEMPT 22 W0 START 4x2 seed=627026 2026-07-22T16:51:19.037
ATTEMPT 22 W0 SOLVE 4x2 2026-07-22T16:51:19.042
ATTEMPT 22 W0 DONE 4x2 seed=627026 nsol=16 0.09s 2026-07-22T16:51:19.136
ATTEMPT 23 W0 START 4x2 seed=627027 2026-07-22T16:51:19.137
ATTEMPT 23 W0 SOLVE 4x2 2026-07-22T16:51:19.146
ATTEMPT 23 W0 DONE 4x2 seed=627027 nsol=16 0.01s 2026-07-22T16:51:19.161
ATTEMPT 24 W0 START 4x2 seed=627028 2026-07-22T16:51:19.161
ATTEMPT 24 W0 SOLVE 4x2 2026-07-22T16:51:19.166
ATTEMPT 24 W0 DONE 4x2 seed=627028 nsol=16 0.01s 2026-07-22T16:51:19.177
ATTEMPT 25 W0 START 4x2 seed=627029 2026-07-22T16:51:19.177
ATTEMPT 25 W0 SOLVE 4x2 2026-07-22T16:51:19.187
ATTEMPT 25 W0 DONE 4x2 seed=627029 nsol=16 0.01s 2026-07-22T16:51:19.201
ATTEMPT 26 W0 START 4x2 seed=627030 2026-07-22T16:51:19.201
ATTEMPT 26 W0 SOLVE 4x2 2026-07-22T16:51:19.213
ATTEMPT 26 W0 DONE 4x2 seed=627030 nsol=16 0.01s 2026-07-22T16:51:19.225
ATTEMPT 27 W0 START 4x2 seed=627031 2026-07-22T16:51:19.225
ATTEMPT 27 W0 SOLVE 4x2 2026-07-22T16:51:19.235
ATTEMPT 27 W0 DONE 4x2 seed=627031 nsol=16 0.02s 2026-07-22T16:51:19.255
ATTEMPT 28 W0 START 4x2 seed=627032 2026-07-22T16:51:19.255
ATTEMPT 28 W0 SOLVE 4x2 2026-07-22T16:51:19.267
ATTEMPT 28 W0 DONE 4x2 seed=627032 nsol=16 0.01s 2026-07-22T16:51:19.280
ATTEMPT 29 W0 START 4x2 seed=627033 2026-07-22T16:51:19.281
ATTEMPT 29 W0 SOLVE 4x2 2026-07-22T16:51:19.291
ATTEMPT 29 W0 DONE 4x2 seed=627033 nsol=16 0.02s 2026-07-22T16:51:19.309
ATTEMPT 30 W0 START 4x2 seed=627034 2026-07-22T16:51:19.309
ATTEMPT 30 W0 SOLVE 4x2 2026-07-22T16:51:19.316
ATTEMPT 30 W0 DONE 4x2 seed=627034 nsol=16 0.02s 2026-07-22T16:51:19.337
ATTEMPT 31 W0 START 4x2 seed=627035 2026-07-22T16:51:19.338
ATTEMPT 31 W0 SOLVE 4x2 2026-07-22T16:51:19.345
ATTEMPT 31 W0 DONE 4x2 seed=627035 nsol=16 0.01s 2026-07-22T16:51:19.353
ATTEMPT 32 W0 START 4x2 seed=627036 2026-07-22T16:51:19.353
ATTEMPT 32 W0 SOLVE 4x2 2026-07-22T16:51:19.361
ATTEMPT 32 W0 DONE 4x2 seed=627036 nsol=16 0.03s 2026-07-22T16:51:19.393
ATTEMPT 33 W0 START 4x2 seed=627037 2026-07-22T16:51:19.393
ATTEMPT 33 W0 SOLVE 4x2 2026-07-22T16:51:19.398
ATTEMPT 33 W0 DONE 4x2 seed=627037 nsol=16 0.02s 2026-07-22T16:51:19.416
ATTEMPT 34 W0 START 4x2 seed=627038 2026-07-22T16:51:19.417
ATTEMPT 34 W0 SOLVE 4x2 2026-07-22T16:51:19.422
ATTEMPT 34 W0 DONE 4x2 seed=627038 nsol=16 0.01s 2026-07-22T16:51:19.429
ATTEMPT 35 W0 START 4x2 seed=627039 2026-07-22T16:51:19.429
ATTEMPT 35 W0 SOLVE 4x2 2026-07-22T16:51:19.439
ATTEMPT 35 W0 DONE 4x2 seed=627039 nsol=16 0.01s 2026-07-22T16:51:19.448
ATTEMPT 36 W0 START 4x2 seed=627040 2026-07-22T16:51:19.449
ATTEMPT 36 W0 SOLVE 4x2 2026-07-22T16:51:19.454
ATTEMPT 36 W0 DONE 4x2 seed=627040 nsol=16 0.01s 2026-07-22T16:51:19.468
ATTEMPT 37 W0 START 4x2 seed=627041 2026-07-22T16:51:19.468
ATTEMPT 37 W0 SOLVE 4x2 2026-07-22T16:51:19.475
ATTEMPT 37 W0 DONE 4x2 seed=627041 nsol=16 0.02s 2026-07-22T16:51:19.496
ATTEMPT 38 W0 START 4x2 seed=627042 2026-07-22T16:51:19.496
ATTEMPT 38 W0 SOLVE 4x2 2026-07-22T16:51:19.503
ATTEMPT 38 W0 DONE 4x2 seed=627042 nsol=16 0.02s 2026-07-22T16:51:19.523
ATTEMPT 39 W0 START 4x2 seed=627043 2026-07-22T16:51:19.524
ATTEMPT 39 W0 SOLVE 4x2 2026-07-22T16:51:19.529
ATTEMPT 39 W0 DONE 4x2 seed=627043 nsol=16 0.01s 2026-07-22T16:51:19.542
ATTEMPT 40 W0 START 4x2 seed=627044 2026-07-22T16:51:19.543
ATTEMPT 40 W0 SOLVE 4x2 2026-07-22T16:51:19.549
ATTEMPT 40 W0 DONE 4x2 seed=627044 nsol=16 0.01s 2026-07-22T16:51:19.556
ATTEMPT 41 W0 START 4x2 seed=627045 2026-07-22T16:51:19.556
ATTEMPT 41 W0 SOLVE 4x2 2026-07-22T16:51:19.563
ATTEMPT 41 W0 DONE 4x2 seed=627045 nsol=16 0.02s 2026-07-22T16:51:19.579
ATTEMPT 42 W0 START 4x2 seed=627046 2026-07-22T16:51:19.580
ATTEMPT 42 W0 SOLVE 4x2 2026-07-22T16:51:19.585
ATTEMPT 42 W0 DONE 4x2 seed=627046 nsol=16 0.01s 2026-07-22T16:51:19.591
ATTEMPT 43 W0 START 4x2 seed=627047 2026-07-22T16:51:19.591
ATTEMPT 43 W0 SOLVE 4x2 2026-07-22T16:51:19.596
ATTEMPT 43 W0 DONE 4x2 seed=627047 nsol=16 0.53s 2026-07-22T16:51:20.131
ATTEMPT 44 W0 START 4x2 seed=627048 2026-07-22T16:51:20.143
ATTEMPT 44 W0 SOLVE 4x2 2026-07-22T16:51:20.158
ATTEMPT 44 W0 DONE 4x2 seed=627048 nsol=16 0.01s 2026-07-22T16:51:20.172
ATTEMPT 45 W0 START 4x2 seed=627049 2026-07-22T16:51:20.172
ATTEMPT 45 W0 SOLVE 4x2 2026-07-22T16:51:20.929
ATTEMPT 45 W0 DONE 4x2 seed=627049 nsol=16 0.02s 2026-07-22T16:51:20.949
ATTEMPT 46 W0 START 4x2 seed=627050 2026-07-22T16:51:20.949
ATTEMPT 46 W0 SOLVE 4x2 2026-07-22T16:51:20.954
ATTEMPT 46 W0 DONE 4x2 seed=627050 nsol=16 0.02s 2026-07-22T16:51:20.976
ATTEMPT 47 W0 START 4x2 seed=627051 2026-07-22T16:51:20.976
ATTEMPT 47 W0 SOLVE 4x2 2026-07-22T16:51:20.988
ATTEMPT 47 W0 DONE 4x2 seed=627051 nsol=16 0.02s 2026-07-22T16:51:21.005
ATTEMPT 48 W0 START 4x2 seed=627052 2026-07-22T16:51:21.006
ATTEMPT 48 W0 SOLVE 4x2 2026-07-22T16:51:21.017
ATTEMPT 48 W0 DONE 4x2 seed=627052 nsol=16 0.03s 2026-07-22T16:51:21.044
ATTEMPT 49 W0 START 4x2 seed=627053 2026-07-22T16:51:21.045
ATTEMPT 49 W0 SOLVE 4x2 2026-07-22T16:51:21.054
ATTEMPT 49 W0 DONE 4x2 seed=627053 nsol=16 0.01s 2026-07-22T16:51:21.072
ATTEMPT 50 W0 START 4x2 seed=627054 2026-07-22T16:51:21.072
ATTEMPT 50 W0 SOLVE 4x2 2026-07-22T16:51:21.083
ATTEMPT 50 W0 DONE 4x2 seed=627054 nsol=16 0.01s 2026-07-22T16:51:21.094
ATTEMPT 51 W0 START 4x2 seed=627055 2026-07-22T16:51:21.094
ATTEMPT 51 W0 SOLVE 4x2 2026-07-22T16:51:21.264
ATTEMPT 51 W0 DONE 4x2 seed=627055 nsol=16 0.01s 2026-07-22T16:51:21.277
ATTEMPT 52 W0 START 4x2 seed=627056 2026-07-22T16:51:21.277
ATTEMPT 52 W0 SOLVE 4x2 2026-07-22T16:51:21.283
ATTEMPT 52 W0 DONE 4x2 seed=627056 nsol=16 0.02s 2026-07-22T16:51:21.308
ATTEMPT 53 W0 START 4x2 seed=627057 2026-07-22T16:51:21.308
ATTEMPT 53 W0 SOLVE 4x2 2026-07-22T16:51:21.318
ATTEMPT 53 W0 DONE 4x2 seed=627057 nsol=16 0.01s 2026-07-22T16:51:21.332
ATTEMPT 54 W0 START 4x2 seed=627058 2026-07-22T16:51:21.333
ATTEMPT 54 W0 SOLVE 4x2 2026-07-22T16:51:21.339
ATTEMPT 54 W0 DONE 4x2 seed=627058 nsol=16 0.01s 2026-07-22T16:51:21.352
ATTEMPT 55 W0 START 4x2 seed=627059 2026-07-22T16:51:21.352
ATTEMPT 55 W0 SOLVE 4x2 2026-07-22T16:51:21.359
ATTEMPT 55 W0 DONE 4x2 seed=627059 nsol=16 0.01s 2026-07-22T16:51:21.368
ATTEMPT 56 W0 START 4x2 seed=627060 2026-07-22T16:51:21.368
ATTEMPT 56 W0 SOLVE 4x2 2026-07-22T16:51:21.374
ATTEMPT 56 W0 DONE 4x2 seed=627060 nsol=16 0.02s 2026-07-22T16:51:21.392
ATTEMPT 57 W0 START 4x2 seed=627061 2026-07-22T16:51:21.392
ATTEMPT 57 W0 SOLVE 4x2 2026-07-22T16:51:21.397
ATTEMPT 57 W0 DONE 4x2 seed=627061 nsol=16 0.01s 2026-07-22T16:51:21.412
ATTEMPT 58 W0 START 4x2 seed=627062 2026-07-22T16:51:21.412
ATTEMPT 58 W0 SOLVE 4x2 2026-07-22T16:51:21.420
ATTEMPT 58 W0 DONE 4x2 seed=627062 nsol=16 0.02s 2026-07-22T16:51:21.436
ATTEMPT 59 W0 START 4x2 seed=627063 2026-07-22T16:51:21.436
ATTEMPT 59 W0 SOLVE 4x2 2026-07-22T16:51:21.441
ATTEMPT 59 W0 DONE 4x2 seed=627063 nsol=16 0.01s 2026-07-22T16:51:21.449
ATTEMPT 60 W0 START 4x2 seed=627064 2026-07-22T16:51:21.449
ATTEMPT 60 W0 SOLVE 4x2 2026-07-22T16:51:21.454
ATTEMPT 60 W0 DONE 4x2 seed=627064 nsol=16 0.01s 2026-07-22T16:51:21.461
ATTEMPT 61 W0 START 4x2 seed=627065 2026-07-22T16:51:21.461
ATTEMPT 61 W0 SOLVE 4x2 2026-07-22T16:51:21.466
ATTEMPT 61 W0 DONE 4x2 seed=627065 nsol=16 0.01s 2026-07-22T16:51:21.480
ATTEMPT 62 W0 START 4x2 seed=627066 2026-07-22T16:51:21.480
ATTEMPT 62 W0 SOLVE 4x2 2026-07-22T16:51:21.486
ATTEMPT 62 W0 DONE 4x2 seed=627066 nsol=16 0.01s 2026-07-22T16:51:21.500
ATTEMPT 63 W0 START 4x2 seed=627067 2026-07-22T16:51:21.501
ATTEMPT 63 W0 SOLVE 4x2 2026-07-22T16:51:21.506
ATTEMPT 63 W0 DONE 4x2 seed=627067 nsol=16 0.01s 2026-07-22T16:51:21.520
ATTEMPT 64 W0 START 4x2 seed=627068 2026-07-22T16:51:21.520
ATTEMPT 64 W0 SOLVE 4x2 2026-07-22T16:51:21.526
ATTEMPT 64 W0 DONE 4x2 seed=627068 nsol=16 0.01s 2026-07-22T16:51:21.536
ATTEMPT 65 W0 START 4x2 seed=627069 2026-07-22T16:51:21.536
ATTEMPT 65 W0 SOLVE 4x2 2026-07-22T16:51:21.542
ATTEMPT 65 W0 DONE 4x2 seed=627069 nsol=16 0.01s 2026-07-22T16:51:21.548
ATTEMPT 66 W0 START 4x2 seed=627070 2026-07-22T16:51:21.548
ATTEMPT 66 W0 SOLVE 4x2 2026-07-22T16:51:21.554
ATTEMPT 66 W0 DONE 4x2 seed=627070 nsol=16 0.02s 2026-07-22T16:51:21.570
ATTEMPT 67 W0 START 4x2 seed=627071 2026-07-22T16:51:21.571
ATTEMPT 67 W0 SOLVE 4x2 2026-07-22T16:51:21.577
ATTEMPT 67 W0 DONE 4x2 seed=627071 nsol=16 0.01s 2026-07-22T16:51:21.583
ATTEMPT 68 W0 START 4x2 seed=627072 2026-07-22T16:51:21.583
ATTEMPT 68 W0 SOLVE 4x2 2026-07-22T16:51:21.590
ATTEMPT 68 W0 DONE 4x2 seed=627072 nsol=16 0.01s 2026-07-22T16:51:21.601
ATTEMPT 69 W0 START 4x2 seed=627073 2026-07-22T16:51:21.601
ATTEMPT 69 W0 SOLVE 4x2 2026-07-22T16:51:21.607
ATTEMPT 69 W0 DONE 4x2 seed=627073 nsol=16 0.01s 2026-07-22T16:51:21.614
ATTEMPT 70 W0 START 4x2 seed=627074 2026-07-22T16:51:21.614
ATTEMPT 70 W0 SOLVE 4x2 2026-07-22T16:51:21.621
ATTEMPT 70 W0 DONE 4x2 seed=627074 nsol=16 0.01s 2026-07-22T16:51:21.627
ATTEMPT 71 W0 START 4x2 seed=627075 2026-07-22T16:51:21.628
ATTEMPT 71 W0 SOLVE 4x2 2026-07-22T16:51:21.641
ATTEMPT 71 W0 DONE 4x2 seed=627075 nsol=16 0.01s 2026-07-22T16:51:21.648
ATTEMPT 72 W0 START 4x2 seed=627076 2026-07-22T16:51:21.648
ATTEMPT 72 W0 SOLVE 4x2 2026-07-22T16:51:21.655
ATTEMPT 72 W0 DONE 4x2 seed=627076 nsol=16 0.01s 2026-07-22T16:51:21.662
ATTEMPT 73 W0 START 4x2 seed=627077 2026-07-22T16:51:21.662
ATTEMPT 73 W0 SOLVE 4x2 2026-07-22T16:51:21.670
ATTEMPT 73 W0 DONE 4x2 seed=627077 nsol=16 0.00s 2026-07-22T16:51:21.675
ATTEMPT 74 W0 START 4x2 seed=627078 2026-07-22T16:51:21.675
ATTEMPT 74 W0 SOLVE 4x2 2026-07-22T16:51:21.681
ATTEMPT 74 W0 DONE 4x2 seed=627078 nsol=16 0.01s 2026-07-22T16:51:21.690
ATTEMPT 75 W0 START 4x2 seed=627079 2026-07-22T16:51:21.690
ATTEMPT 75 W0 SOLVE 4x2 2026-07-22T16:51:21.700
ATTEMPT 75 W0 DONE 4x2 seed=627079 nsol=16 0.01s 2026-07-22T16:51:21.711
ATTEMPT 76 W0 START 4x2 seed=627080 2026-07-22T16:51:21.711
ATTEMPT 76 W0 SOLVE 4x2 2026-07-22T16:51:21.719
ATTEMPT 76 W0 DONE 4x2 seed=627080 nsol=16 0.02s 2026-07-22T16:51:21.735
ATTEMPT 77 W0 START 4x2 seed=627081 2026-07-22T16:51:21.736
ATTEMPT 77 W0 SOLVE 4x2 2026-07-22T16:51:21.741
ATTEMPT 77 W0 DONE 4x2 seed=627081 nsol=16 0.02s 2026-07-22T16:51:21.756
ATTEMPT 78 W0 START 4x2 seed=627082 2026-07-22T16:51:21.757
ATTEMPT 78 W0 SOLVE 4x2 2026-07-22T16:51:21.762
ATTEMPT 78 W0 DONE 4x2 seed=627082 nsol=16 0.01s 2026-07-22T16:51:21.771
ATTEMPT 79 W0 START 4x2 seed=627083 2026-07-22T16:51:21.771
ATTEMPT 79 W0 SOLVE 4x2 2026-07-22T16:51:21.776
ATTEMPT 79 W0 DONE 4x2 seed=627083 nsol=16 0.01s 2026-07-22T16:51:21.784
ATTEMPT 80 W0 START 4x2 seed=627084 2026-07-22T16:51:21.784
ATTEMPT 80 W0 SOLVE 4x2 2026-07-22T16:51:21.790
ATTEMPT 80 W0 DONE 4x2 seed=627084 nsol=16 0.01s 2026-07-22T16:51:21.796
ATTEMPT 81 W0 START 4x2 seed=627085 2026-07-22T16:51:21.796
ATTEMPT 81 W0 SOLVE 4x2 2026-07-22T16:51:21.802
ATTEMPT 81 W0 DONE 4x2 seed=627085 nsol=16 0.01s 2026-07-22T16:51:21.807
ATTEMPT 82 W0 START 4x2 seed=627086 2026-07-22T16:51:21.807
ATTEMPT 82 W0 SOLVE 4x2 2026-07-22T16:51:21.812
ATTEMPT 82 W0 DONE 4x2 seed=627086 nsol=16 0.01s 2026-07-22T16:51:21.822
ATTEMPT 83 W0 START 4x2 seed=627087 2026-07-22T16:51:21.822
ATTEMPT 83 W0 SOLVE 4x2 2026-07-22T16:51:21.828
ATTEMPT 83 W0 DONE 4x2 seed=627087 nsol=16 0.01s 2026-07-22T16:51:21.840
ATTEMPT 84 W0 START 4x2 seed=627088 2026-07-22T16:51:21.840
ATTEMPT 84 W0 SOLVE 4x2 2026-07-22T16:51:21.845
ATTEMPT 84 W0 DONE 4x2 seed=627088 nsol=16 0.01s 2026-07-22T16:51:21.857
ATTEMPT 85 W0 START 4x2 seed=627089 2026-07-22T16:51:21.857
ATTEMPT 85 W0 SOLVE 4x2 2026-07-22T16:51:21.863
ATTEMPT 85 W0 DONE 4x2 seed=627089 nsol=16 0.01s 2026-07-22T16:51:21.871
ATTEMPT 86 W0 START 4x2 seed=627090 2026-07-22T16:51:21.872
ATTEMPT 86 W0 SOLVE 4x2 2026-07-22T16:51:21.882
ATTEMPT 86 W0 DONE 4x2 seed=627090 nsol=16 0.01s 2026-07-22T16:51:21.895
ATTEMPT 87 W0 START 4x2 seed=627091 2026-07-22T16:51:21.895
ATTEMPT 87 W0 SOLVE 4x2 2026-07-22T16:51:21.910
ATTEMPT 87 W0 DONE 4x2 seed=627091 nsol=16 0.02s 2026-07-22T16:51:21.928
ATTEMPT 88 W0 START 4x2 seed=627092 2026-07-22T16:51:21.929
ATTEMPT 88 W0 SOLVE 4x2 2026-07-22T16:51:21.936
ATTEMPT 88 W0 DONE 4x2 seed=627092 nsol=16 0.01s 2026-07-22T16:51:21.950
ATTEMPT 89 W0 START 4x2 seed=627093 2026-07-22T16:51:21.950
ATTEMPT 89 W0 SOLVE 4x2 2026-07-22T16:51:21.958
ATTEMPT 89 W0 DONE 4x2 seed=627093 nsol=16 0.01s 2026-07-22T16:51:21.968
ATTEMPT 90 W0 START 4x2 seed=627094 2026-07-22T16:51:21.968
ATTEMPT 90 W0 SOLVE 4x2 2026-07-22T16:51:21.975
ATTEMPT 90 W0 DONE 4x2 seed=627094 nsol=16 0.01s 2026-07-22T16:51:21.988
ATTEMPT 91 W0 START 4x2 seed=627095 2026-07-22T16:51:21.988
ATTEMPT 91 W0 SOLVE 4x2 2026-07-22T16:51:21.998
ATTEMPT 91 W0 DONE 4x2 seed=627095 nsol=16 0.01s 2026-07-22T16:51:22.016
ATTEMPT 92 W0 START 4x2 seed=627096 2026-07-22T16:51:22.016
ATTEMPT 92 W0 SOLVE 4x2 2026-07-22T16:51:22.023
ATTEMPT 92 W0 DONE 4x2 seed=627096 nsol=16 0.02s 2026-07-22T16:51:22.041
ATTEMPT 93 W0 START 4x2 seed=627097 2026-07-22T16:51:22.041
ATTEMPT 93 W0 SOLVE 4x2 2026-07-22T16:51:22.048
ATTEMPT 93 W0 DONE 4x2 seed=627097 nsol=16 0.01s 2026-07-22T16:51:22.060
ATTEMPT 94 W0 START 4x2 seed=627098 2026-07-22T16:51:22.060
ATTEMPT 94 W0 SOLVE 4x2 2026-07-22T16:51:22.071
ATTEMPT 94 W0 DONE 4x2 seed=627098 nsol=16 0.01s 2026-07-22T16:51:22.081
ATTEMPT 95 W0 START 4x2 seed=627099 2026-07-22T16:51:22.081
ATTEMPT 95 W0 SOLVE 4x2 2026-07-22T16:51:22.093
ATTEMPT 95 W0 DONE 4x2 seed=627099 nsol=16 0.00s 2026-07-22T16:51:22.097
ATTEMPT 96 W0 START 4x2 seed=627100 2026-07-22T16:51:22.097
ATTEMPT 96 W0 SOLVE 4x2 2026-07-22T16:51:22.102
ATTEMPT 96 W0 DONE 4x2 seed=627100 nsol=16 0.00s 2026-07-22T16:51:22.107
ATTEMPT 97 W0 START 4x2 seed=627101 2026-07-22T16:51:22.107
ATTEMPT 97 W0 SOLVE 4x2 2026-07-22T16:51:22.115
ATTEMPT 97 W0 DONE 4x2 seed=627101 nsol=16 0.01s 2026-07-22T16:51:22.126
ATTEMPT 98 W0 START 4x2 seed=627102 2026-07-22T16:51:22.126
ATTEMPT 98 W0 SOLVE 4x2 2026-07-22T16:51:22.134
ATTEMPT 98 W0 DONE 4x2 seed=627102 nsol=16 0.01s 2026-07-22T16:51:22.142
ATTEMPT 99 W0 START 4x2 seed=627103 2026-07-22T16:51:22.142
ATTEMPT 99 W0 SOLVE 4x2 2026-07-22T16:51:22.150
ATTEMPT 99 W0 DONE 4x2 seed=627103 nsol=16 0.05s 2026-07-22T16:51:22.196
ATTEMPT 100 W0 START 4x2 seed=627104 2026-07-22T16:51:22.200
ATTEMPT 100 W0 SOLVE 4x2 2026-07-22T16:51:22.209
ATTEMPT 100 W0 DONE 4x2 seed=627104 nsol=16 0.01s 2026-07-22T16:51:22.223
ATTEMPT 101 W0 START 4x2 seed=627105 2026-07-22T16:51:22.223
ATTEMPT 101 W0 SOLVE 4x2 2026-07-22T16:51:22.229
ATTEMPT 101 W0 DONE 4x2 seed=627105 nsol=16 0.01s 2026-07-22T16:51:22.236
ATTEMPT 102 W0 START 4x2 seed=627106 2026-07-22T16:51:22.237
ATTEMPT 102 W0 SOLVE 4x2 2026-07-22T16:51:22.245
ATTEMPT 102 W0 DONE 4x2 seed=627106 nsol=16 0.01s 2026-07-22T16:51:22.251
ATTEMPT 103 W0 START 4x2 seed=627107 2026-07-22T16:51:22.251
ATTEMPT 103 W0 SOLVE 4x2 2026-07-22T16:51:22.256
ATTEMPT 103 W0 DONE 4x2 seed=627107 nsol=16 0.01s 2026-07-22T16:51:22.267
ATTEMPT 104 W0 START 4x2 seed=627108 2026-07-22T16:51:22.267
ATTEMPT 104 W0 SOLVE 4x2 2026-07-22T16:51:22.273
ATTEMPT 104 W0 DONE 4x2 seed=627108 nsol=16 0.01s 2026-07-22T16:51:22.279
ATTEMPT 105 W0 START 4x2 seed=627109 2026-07-22T16:51:22.280
ATTEMPT 105 W0 SOLVE 4x2 2026-07-22T16:51:22.285
ATTEMPT 105 W0 DONE 4x2 seed=627109 nsol=16 0.00s 2026-07-22T16:51:22.289
ATTEMPT 106 W0 START 4x2 seed=627110 2026-07-22T16:51:22.289
ATTEMPT 106 W0 SOLVE 4x2 2026-07-22T16:51:22.295
ATTEMPT 106 W0 DONE 4x2 seed=627110 nsol=16 0.00s 2026-07-22T16:51:22.299
ATTEMPT 107 W0 START 4x2 seed=627111 2026-07-22T16:51:22.299
ATTEMPT 107 W0 SOLVE 4x2 2026-07-22T16:51:22.304
ATTEMPT 107 W0 DONE 4x2 seed=627111 nsol=16 0.01s 2026-07-22T16:51:22.310
ATTEMPT 108 W0 START 4x2 seed=627112 2026-07-22T16:51:22.310
ATTEMPT 108 W0 SOLVE 4x2 2026-07-22T16:51:22.327
ATTEMPT 108 W0 DONE 4x2 seed=627112 nsol=16 0.01s 2026-07-22T16:51:22.333
ATTEMPT 109 W0 START 4x2 seed=627113 2026-07-22T16:51:22.334
ATTEMPT 109 W0 SOLVE 4x2 2026-07-22T16:51:22.339
ATTEMPT 109 W0 DONE 4x2 seed=627113 nsol=16 0.01s 2026-07-22T16:51:22.348
ATTEMPT 110 W0 START 4x2 seed=627114 2026-07-22T16:51:22.348
ATTEMPT 110 W0 SOLVE 4x2 2026-07-22T16:51:22.356
ATTEMPT 110 W0 DONE 4x2 seed=627114 nsol=16 0.01s 2026-07-22T16:51:22.367
ATTEMPT 111 W0 START 4x2 seed=627115 2026-07-22T16:51:22.368
ATTEMPT 111 W0 SOLVE 4x2 2026-07-22T16:51:22.375
ATTEMPT 111 W0 DONE 4x2 seed=627115 nsol=16 0.00s 2026-07-22T16:51:22.380
ATTEMPT 112 W0 START 4x2 seed=627116 2026-07-22T16:51:22.380
ATTEMPT 112 W0 SOLVE 4x2 2026-07-22T16:51:22.385
ATTEMPT 112 W0 DONE 4x2 seed=627116 nsol=16 0.01s 2026-07-22T16:51:22.393
ATTEMPT 113 W0 START 4x2 seed=627117 2026-07-22T16:51:22.393
ATTEMPT 113 W0 SOLVE 4x2 2026-07-22T16:51:22.401
ATTEMPT 113 W0 DONE 4x2 seed=627117 nsol=16 0.01s 2026-07-22T16:51:22.413
ATTEMPT 114 W0 START 4x2 seed=627118 2026-07-22T16:51:22.413
ATTEMPT 114 W0 SOLVE 4x2 2026-07-22T16:51:22.420
ATTEMPT 114 W0 DONE 4x2 seed=627118 nsol=16 0.01s 2026-07-22T16:51:22.431
ATTEMPT 115 W0 START 4x2 seed=627119 2026-07-22T16:51:22.432
ATTEMPT 115 W0 SOLVE 4x2 2026-07-22T16:51:22.439
ATTEMPT 115 W0 DONE 4x2 seed=627119 nsol=16 0.01s 2026-07-22T16:51:22.446
ATTEMPT 116 W0 START 4x2 seed=627120 2026-07-22T16:51:22.446
ATTEMPT 116 W0 SOLVE 4x2 2026-07-22T16:51:22.451
ATTEMPT 116 W0 DONE 4x2 seed=627120 nsol=16 0.01s 2026-07-22T16:51:22.465
ATTEMPT 117 W0 START 4x2 seed=627121 2026-07-22T16:51:22.465
ATTEMPT 117 W0 SOLVE 4x2 2026-07-22T16:51:22.477
ATTEMPT 117 W0 DONE 4x2 seed=627121 nsol=16 0.01s 2026-07-22T16:51:22.488
ATTEMPT 118 W0 START 4x2 seed=627122 2026-07-22T16:51:22.488
ATTEMPT 118 W0 SOLVE 4x2 2026-07-22T16:51:22.494
ATTEMPT 118 W0 DONE 4x2 seed=627122 nsol=16 0.00s 2026-07-22T16:51:22.499
ATTEMPT 119 W0 START 4x2 seed=627123 2026-07-22T16:51:22.499
ATTEMPT 119 W0 SOLVE 4x2 2026-07-22T16:51:22.506
ATTEMPT 119 W0 DONE 4x2 seed=627123 nsol=16 0.01s 2026-07-22T16:51:22.515
ATTEMPT 120 W0 START 4x2 seed=627124 2026-07-22T16:51:22.515
ATTEMPT 120 W0 SOLVE 4x2 2026-07-22T16:51:22.522
ATTEMPT 120 W0 DONE 4x2 seed=627124 nsol=16 0.03s 2026-07-22T16:51:22.550
ATTEMPT 121 W0 START 4x2 seed=627125 2026-07-22T16:51:22.550
ATTEMPT 121 W0 SOLVE 4x2 2026-07-22T16:51:22.560
ATTEMPT 121 W0 DONE 4x2 seed=627125 nsol=16 0.01s 2026-07-22T16:51:22.568
ATTEMPT 122 W0 START 4x2 seed=627126 2026-07-22T16:51:22.568
ATTEMPT 122 W0 SOLVE 4x2 2026-07-22T16:51:22.575
ATTEMPT 122 W0 DONE 4x2 seed=627126 nsol=16 0.02s 2026-07-22T16:51:22.592
ATTEMPT 123 W0 START 4x2 seed=627127 2026-07-22T16:51:22.593
ATTEMPT 123 W0 SOLVE 4x2 2026-07-22T16:51:22.599
ATTEMPT 123 W0 DONE 4x2 seed=627127 nsol=16 0.01s 2026-07-22T16:51:22.606
ATTEMPT 124 W0 START 4x2 seed=627128 2026-07-22T16:51:22.606
ATTEMPT 124 W0 SOLVE 4x2 2026-07-22T16:51:22.614
ATTEMPT 124 W0 DONE 4x2 seed=627128 nsol=16 0.01s 2026-07-22T16:51:22.619
ATTEMPT 125 W0 START 4x2 seed=627129 2026-07-22T16:51:22.619
ATTEMPT 125 W0 SOLVE 4x2 2026-07-22T16:51:22.626
ATTEMPT 125 W0 DONE 4x2 seed=627129 nsol=16 0.00s 2026-07-22T16:51:22.631
ATTEMPT 126 W0 START 4x2 seed=627130 2026-07-22T16:51:22.631
ATTEMPT 126 W0 SOLVE 4x2 2026-07-22T16:51:22.638
ATTEMPT 126 W0 DONE 4x2 seed=627130 nsol=16 0.01s 2026-07-22T16:51:22.649
ATTEMPT 127 W0 START 4x2 seed=627131 2026-07-22T16:51:22.649
ATTEMPT 127 W0 SOLVE 4x2 2026-07-22T16:51:22.665
ATTEMPT 127 W0 DONE 4x2 seed=627131 nsol=16 0.02s 2026-07-22T16:51:22.680
ATTEMPT 128 W0 START 4x2 seed=627132 2026-07-22T16:51:22.680
ATTEMPT 128 W0 SOLVE 4x2 2026-07-22T16:51:22.690
ATTEMPT 128 W0 DONE 4x2 seed=627132 nsol=16 0.02s 2026-07-22T16:51:22.708
ATTEMPT 129 W0 START 4x2 seed=627133 2026-07-22T16:51:22.708
ATTEMPT 129 W0 SOLVE 4x2 2026-07-22T16:51:22.730
ATTEMPT 129 W0 DONE 4x2 seed=627133 nsol=16 0.00s 2026-07-22T16:51:22.740
ATTEMPT 130 W0 START 4x2 seed=627134 2026-07-22T16:51:22.740
ATTEMPT 130 W0 SOLVE 4x2 2026-07-22T16:51:22.746
ATTEMPT 130 W0 DONE 4x2 seed=627134 nsol=16 0.01s 2026-07-22T16:51:22.756
ATTEMPT 131 W0 START 4x2 seed=627135 2026-07-22T16:51:22.756
ATTEMPT 131 W0 SOLVE 4x2 2026-07-22T16:51:22.763
ATTEMPT 131 W0 DONE 4x2 seed=627135 nsol=16 0.12s 2026-07-22T16:51:22.885
ATTEMPT 132 W0 START 4x2 seed=627136 2026-07-22T16:51:22.885
ATTEMPT 132 W0 SOLVE 4x2 2026-07-22T16:51:22.891
ATTEMPT 132 W0 DONE 4x2 seed=627136 nsol=16 0.01s 2026-07-22T16:51:22.904
ATTEMPT 133 W0 START 4x2 seed=627137 2026-07-22T16:51:22.904
ATTEMPT 133 W0 SOLVE 4x2 2026-07-22T16:51:22.911
ATTEMPT 133 W0 DONE 4x2 seed=627137 nsol=16 0.01s 2026-07-22T16:51:22.920
ATTEMPT 134 W0 START 4x2 seed=627138 2026-07-22T16:51:22.920
ATTEMPT 134 W0 SOLVE 4x2 2026-07-22T16:51:22.926
ATTEMPT 134 W0 DONE 4x2 seed=627138 nsol=16 0.01s 2026-07-22T16:51:22.932
ATTEMPT 135 W0 START 4x2 seed=627139 2026-07-22T16:51:22.932
ATTEMPT 135 W0 SOLVE 4x2 2026-07-22T16:51:22.938
ATTEMPT 135 W0 DONE 4x2 seed=627139 nsol=16 0.01s 2026-07-22T16:51:22.952
ATTEMPT 136 W0 START 4x2 seed=627140 2026-07-22T16:51:22.953
ATTEMPT 136 W0 SOLVE 4x2 2026-07-22T16:51:22.961
ATTEMPT 136 W0 DONE 4x2 seed=627140 nsol=16 0.01s 2026-07-22T16:51:22.972
ATTEMPT 137 W0 START 4x2 seed=627141 2026-07-22T16:51:22.972
ATTEMPT 137 W0 SOLVE 4x2 2026-07-22T16:51:22.979
ATTEMPT 137 W0 DONE 4x2 seed=627141 nsol=16 0.01s 2026-07-22T16:51:22.990
ATTEMPT 138 W0 START 4x2 seed=627142 2026-07-22T16:51:22.990
ATTEMPT 138 W0 SOLVE 4x2 2026-07-22T16:51:22.997
ATTEMPT 138 W0 DONE 4x2 seed=627142 nsol=16 0.01s 2026-07-22T16:51:23.005
ATTEMPT 139 W0 START 4x2 seed=627143 2026-07-22T16:51:23.005
ATTEMPT 139 W0 SOLVE 4x2 2026-07-22T16:51:23.012
ATTEMPT 139 W0 DONE 4x2 seed=627143 nsol=16 0.01s 2026-07-22T16:51:23.022
ATTEMPT 140 W0 START 4x2 seed=627144 2026-07-22T16:51:23.022
ATTEMPT 140 W0 SOLVE 4x2 2026-07-22T16:51:23.028
ATTEMPT 140 W0 DONE 4x2 seed=627144 nsol=16 0.01s 2026-07-22T16:51:23.036
ATTEMPT 141 W0 START 4x2 seed=627145 2026-07-22T16:51:23.037
ATTEMPT 141 W0 SOLVE 4x2 2026-07-22T16:51:23.042
ATTEMPT 141 W0 DONE 4x2 seed=627145 nsol=16 0.00s 2026-07-22T16:51:23.046
ATTEMPT 142 W0 START 4x2 seed=627146 2026-07-22T16:51:23.047
ATTEMPT 142 W0 SOLVE 4x2 2026-07-22T16:51:23.052
ATTEMPT 142 W0 DONE 4x2 seed=627146 nsol=16 0.01s 2026-07-22T16:51:23.061
ATTEMPT 143 W0 START 4x2 seed=627147 2026-07-22T16:51:23.061
ATTEMPT 143 W0 SOLVE 4x2 2026-07-22T16:51:23.070
ATTEMPT 143 W0 DONE 4x2 seed=627147 nsol=16 0.02s 2026-07-22T16:51:23.086
ATTEMPT 144 W0 START 4x2 seed=627148 2026-07-22T16:51:23.086
ATTEMPT 144 W0 SOLVE 4x2 2026-07-22T16:51:23.093
ATTEMPT 144 W0 DONE 4x2 seed=627148 nsol=16 0.01s 2026-07-22T16:51:23.104
ATTEMPT 145 W0 START 4x2 seed=627149 2026-07-22T16:51:23.104
ATTEMPT 145 W0 SOLVE 4x2 2026-07-22T16:51:23.110
ATTEMPT 145 W0 DONE 4x2 seed=627149 nsol=16 0.01s 2026-07-22T16:51:23.119
ATTEMPT 146 W0 START 4x2 seed=627150 2026-07-22T16:51:23.120
ATTEMPT 146 W0 SOLVE 4x2 2026-07-22T16:51:23.126
ATTEMPT 146 W0 DONE 4x2 seed=627150 nsol=16 0.01s 2026-07-22T16:51:23.132
ATTEMPT 147 W0 START 4x2 seed=627151 2026-07-22T16:51:23.132
ATTEMPT 147 W0 SOLVE 4x2 2026-07-22T16:51:23.137
ATTEMPT 147 W0 DONE 4x2 seed=627151 nsol=16 0.01s 2026-07-22T16:51:23.152
ATTEMPT 148 W0 START 4x2 seed=627152 2026-07-22T16:51:23.152
ATTEMPT 148 W0 SOLVE 4x2 2026-07-22T16:51:23.160
ATTEMPT 148 W0 DONE 4x2 seed=627152 nsol=16 0.02s 2026-07-22T16:51:23.180
ATTEMPT 149 W0 START 4x2 seed=627153 2026-07-22T16:51:23.181
ATTEMPT 149 W0 SOLVE 4x2 2026-07-22T16:51:23.187
ATTEMPT 149 W0 DONE 4x2 seed=627153 nsol=16 0.01s 2026-07-22T16:51:23.196
ATTEMPT 150 W0 START 4x2 seed=627154 2026-07-22T16:51:23.196
ATTEMPT 150 W0 SOLVE 4x2 2026-07-22T16:51:23.203
ATTEMPT 150 W0 DONE 4x2 seed=627154 nsol=16 0.01s 2026-07-22T16:51:23.211
ATTEMPT 151 W0 START 4x2 seed=627155 2026-07-22T16:51:23.211
ATTEMPT 151 W0 SOLVE 4x2 2026-07-22T16:51:23.218
ATTEMPT 151 W0 DONE 4x2 seed=627155 nsol=16 0.01s 2026-07-22T16:51:23.223
ATTEMPT 152 W0 START 4x2 seed=627156 2026-07-22T16:51:23.224
ATTEMPT 152 W0 SOLVE 4x2 2026-07-22T16:51:23.232
ATTEMPT 152 W0 DONE 4x2 seed=627156 nsol=16 0.02s 2026-07-22T16:51:23.250
ATTEMPT 153 W0 START 4x2 seed=627157 2026-07-22T16:51:23.251
ATTEMPT 153 W0 SOLVE 4x2 2026-07-22T16:51:23.256
ATTEMPT 153 W0 DONE 4x2 seed=627157 nsol=16 0.01s 2026-07-22T16:51:23.262
ATTEMPT 154 W0 START 4x2 seed=627158 2026-07-22T16:51:23.262
ATTEMPT 154 W0 SOLVE 4x2 2026-07-22T16:51:23.268
ATTEMPT 154 W0 DONE 4x2 seed=627158 nsol=16 0.01s 2026-07-22T16:51:23.280
ATTEMPT 155 W0 START 4x2 seed=627159 2026-07-22T16:51:23.280
ATTEMPT 155 W0 SOLVE 4x2 2026-07-22T16:51:23.286
ATTEMPT 155 W0 DONE 4x2 seed=627159 nsol=16 0.01s 2026-07-22T16:51:23.296
ATTEMPT 156 W0 START 4x2 seed=627160 2026-07-22T16:51:23.296
ATTEMPT 156 W0 SOLVE 4x2 2026-07-22T16:51:23.303
ATTEMPT 156 W0 DONE 4x2 seed=627160 nsol=16 0.01s 2026-07-22T16:51:23.312
ATTEMPT 157 W0 START 4x2 seed=627161 2026-07-22T16:51:23.312
ATTEMPT 157 W0 SOLVE 4x2 2026-07-22T16:51:23.319
ATTEMPT 157 W0 DONE 4x2 seed=627161 nsol=16 0.00s 2026-07-22T16:51:23.324
ATTEMPT 158 W0 START 4x2 seed=627162 2026-07-22T16:51:23.324
ATTEMPT 158 W0 SOLVE 4x2 2026-07-22T16:51:23.331
ATTEMPT 158 W0 DONE 4x2 seed=627162 nsol=16 0.02s 2026-07-22T16:51:23.348
ATTEMPT 159 W0 START 4x2 seed=627163 2026-07-22T16:51:23.349
ATTEMPT 159 W0 SOLVE 4x2 2026-07-22T16:51:23.356
ATTEMPT 159 W0 DONE 4x2 seed=627163 nsol=16 0.01s 2026-07-22T16:51:23.363
ATTEMPT 160 W0 START 4x2 seed=627164 2026-07-22T16:51:23.364
ATTEMPT 160 W0 SOLVE 4x2 2026-07-22T16:51:23.370
ATTEMPT 160 W0 DONE 4x2 seed=627164 nsol=16 0.02s 2026-07-22T16:51:23.388
ATTEMPT 161 W0 START 4x2 seed=627165 2026-07-22T16:51:23.388
ATTEMPT 161 W0 SOLVE 4x2 2026-07-22T16:51:23.395
ATTEMPT 161 W0 DONE 4x2 seed=627165 nsol=16 0.01s 2026-07-22T16:51:23.406
ATTEMPT 162 W0 START 4x2 seed=627166 2026-07-22T16:51:23.407
ATTEMPT 162 W0 SOLVE 4x2 2026-07-22T16:51:23.413
ATTEMPT 162 W0 DONE 4x2 seed=627166 nsol=16 0.01s 2026-07-22T16:51:23.424
ATTEMPT 163 W0 START 4x2 seed=627167 2026-07-22T16:51:23.425
ATTEMPT 163 W0 SOLVE 4x2 2026-07-22T16:51:23.431
ATTEMPT 163 W0 DONE 4x2 seed=627167 nsol=16 0.02s 2026-07-22T16:51:23.448
ATTEMPT 164 W0 START 4x2 seed=627168 2026-07-22T16:51:23.448
ATTEMPT 164 W0 SOLVE 4x2 2026-07-22T16:51:23.456
ATTEMPT 164 W0 DONE 4x2 seed=627168 nsol=16 0.02s 2026-07-22T16:51:23.472
ATTEMPT 165 W0 START 4x2 seed=627169 2026-07-22T16:51:23.472
ATTEMPT 165 W0 SOLVE 4x2 2026-07-22T16:51:23.478
ATTEMPT 165 W0 DONE 4x2 seed=627169 nsol=16 0.01s 2026-07-22T16:51:23.492
ATTEMPT 166 W0 START 4x2 seed=627170 2026-07-22T16:51:23.492
ATTEMPT 166 W0 SOLVE 4x2 2026-07-22T16:51:23.499
ATTEMPT 166 W0 DONE 4x2 seed=627170 nsol=16 0.01s 2026-07-22T16:51:23.510
ATTEMPT 167 W0 START 4x2 seed=627171 2026-07-22T16:51:23.510
ATTEMPT 167 W0 SOLVE 4x2 2026-07-22T16:51:23.518
ATTEMPT 167 W0 DONE 4x2 seed=627171 nsol=16 0.02s 2026-07-22T16:51:23.536
ATTEMPT 168 W0 START 4x2 seed=627172 2026-07-22T16:51:23.536
ATTEMPT 168 W0 SOLVE 4x2 2026-07-22T16:51:23.544
ATTEMPT 168 W0 DONE 4x2 seed=627172 nsol=16 0.02s 2026-07-22T16:51:23.560
ATTEMPT 169 W0 START 4x2 seed=627173 2026-07-22T16:51:23.560
ATTEMPT 169 W0 SOLVE 4x2 2026-07-22T16:51:23.567
ATTEMPT 169 W0 DONE 4x2 seed=627173 nsol=16 0.01s 2026-07-22T16:51:23.576
ATTEMPT 170 W0 START 4x2 seed=627174 2026-07-22T16:51:23.577
ATTEMPT 170 W0 SOLVE 4x2 2026-07-22T16:51:23.583
ATTEMPT 170 W0 DONE 4x2 seed=627174 nsol=16 0.01s 2026-07-22T16:51:23.596
ATTEMPT 171 W0 START 4x2 seed=627175 2026-07-22T16:51:23.596
ATTEMPT 171 W0 SOLVE 4x2 2026-07-22T16:51:23.604
ATTEMPT 171 W0 DONE 4x2 seed=627175 nsol=16 0.01s 2026-07-22T16:51:23.616
ATTEMPT 172 W0 START 4x2 seed=627176 2026-07-22T16:51:23.617
ATTEMPT 172 W0 SOLVE 4x2 2026-07-22T16:51:23.622
ATTEMPT 172 W0 DONE 4x2 seed=627176 nsol=16 0.01s 2026-07-22T16:51:23.632
ATTEMPT 173 W0 START 4x2 seed=627177 2026-07-22T16:51:23.632
ATTEMPT 173 W0 SOLVE 4x2 2026-07-22T16:51:23.638
ATTEMPT 173 W0 DONE 4x2 seed=627177 nsol=16 0.01s 2026-07-22T16:51:23.646
ATTEMPT 174 W0 START 4x2 seed=627178 2026-07-22T16:51:23.646
ATTEMPT 174 W0 SOLVE 4x2 2026-07-22T16:51:23.652
ATTEMPT 174 W0 DONE 4x2 seed=627178 nsol=16 0.01s 2026-07-22T16:51:23.659
ATTEMPT 175 W0 START 4x2 seed=627179 2026-07-22T16:51:23.659
ATTEMPT 175 W0 SOLVE 4x2 2026-07-22T16:51:23.665
ATTEMPT 175 W0 DONE 4x2 seed=627179 nsol=16 0.02s 2026-07-22T16:51:23.688
ATTEMPT 176 W0 START 4x2 seed=627180 2026-07-22T16:51:23.688
ATTEMPT 176 W0 SOLVE 4x2 2026-07-22T16:51:23.697
ATTEMPT 176 W0 DONE 4x2 seed=627180 nsol=16 0.02s 2026-07-22T16:51:23.718
ATTEMPT 177 W0 START 4x2 seed=627181 2026-07-22T16:51:23.718
ATTEMPT 177 W0 SOLVE 4x2 2026-07-22T16:51:23.723
ATTEMPT 177 W0 DONE 4x2 seed=627181 nsol=16 0.01s 2026-07-22T16:51:23.728
ATTEMPT 178 W0 START 4x2 seed=627182 2026-07-22T16:51:23.729
ATTEMPT 178 W0 SOLVE 4x2 2026-07-22T16:51:23.734
ATTEMPT 178 W0 DONE 4x2 seed=627182 nsol=16 0.01s 2026-07-22T16:51:23.744
ATTEMPT 179 W0 START 4x2 seed=627183 2026-07-22T16:51:23.744
ATTEMPT 179 W0 SOLVE 4x2 2026-07-22T16:51:23.751
ATTEMPT 179 W0 DONE 4x2 seed=627183 nsol=16 0.01s 2026-07-22T16:51:23.760
ATTEMPT 180 W0 START 4x2 seed=627184 2026-07-22T16:51:23.760
ATTEMPT 180 W0 SOLVE 4x2 2026-07-22T16:51:23.768
ATTEMPT 180 W0 DONE 4x2 seed=627184 nsol=16 0.01s 2026-07-22T16:51:23.773
ATTEMPT 181 W0 START 4x2 seed=627185 2026-07-22T16:51:23.774
ATTEMPT 181 W0 SOLVE 4x2 2026-07-22T16:51:23.779
ATTEMPT 181 W0 DONE 4x2 seed=627185 nsol=16 0.02s 2026-07-22T16:51:23.797
ATTEMPT 182 W0 START 4x2 seed=627186 2026-07-22T16:51:23.797
ATTEMPT 182 W0 SOLVE 4x2 2026-07-22T16:51:23.806
ATTEMPT 182 W0 DONE 4x2 seed=627186 nsol=16 0.02s 2026-07-22T16:51:23.827
ATTEMPT 183 W0 START 4x2 seed=627187 2026-07-22T16:51:23.827
ATTEMPT 183 W0 SOLVE 4x2 2026-07-22T16:51:23.833
ATTEMPT 183 W0 DONE 4x2 seed=627187 nsol=16 0.02s 2026-07-22T16:51:23.856
ATTEMPT 184 W0 START 4x2 seed=627188 2026-07-22T16:51:23.856
ATTEMPT 184 W0 SOLVE 4x2 2026-07-22T16:51:23.862
ATTEMPT 184 W0 DONE 4x2 seed=627188 nsol=16 0.01s 2026-07-22T16:51:23.875
ATTEMPT 185 W0 START 4x2 seed=627189 2026-07-22T16:51:23.875
ATTEMPT 185 W0 SOLVE 4x2 2026-07-22T16:51:23.884
ATTEMPT 185 W0 DONE 4x2 seed=627189 nsol=16 0.01s 2026-07-22T16:51:23.894
ATTEMPT 186 W0 START 4x2 seed=627190 2026-07-22T16:51:23.895
ATTEMPT 186 W0 SOLVE 4x2 2026-07-22T16:51:23.904
ATTEMPT 186 W0 DONE 4x2 seed=627190 nsol=16 0.01s 2026-07-22T16:51:23.913
ATTEMPT 187 W0 START 4x2 seed=627191 2026-07-22T16:51:23.913
ATTEMPT 187 W0 SOLVE 4x2 2026-07-22T16:51:23.920
ATTEMPT 187 W0 DONE 4x2 seed=627191 nsol=16 0.01s 2026-07-22T16:51:23.932
ATTEMPT 188 W0 START 4x2 seed=627192 2026-07-22T16:51:23.932
ATTEMPT 188 W0 SOLVE 4x2 2026-07-22T16:51:23.940
ATTEMPT 188 W0 DONE 4x2 seed=627192 nsol=16 0.01s 2026-07-22T16:51:23.953
ATTEMPT 189 W0 START 4x2 seed=627193 2026-07-22T16:51:23.953
ATTEMPT 189 W0 SOLVE 4x2 2026-07-22T16:51:23.959
ATTEMPT 189 W0 DONE 4x2 seed=627193 nsol=16 0.01s 2026-07-22T16:51:23.966
ATTEMPT 190 W0 START 4x2 seed=627194 2026-07-22T16:51:23.967
ATTEMPT 190 W0 SOLVE 4x2 2026-07-22T16:51:23.973
ATTEMPT 190 W0 DONE 4x2 seed=627194 nsol=16 0.01s 2026-07-22T16:51:23.986
ATTEMPT 191 W0 START 4x2 seed=627195 2026-07-22T16:51:23.987
ATTEMPT 191 W0 SOLVE 4x2 2026-07-22T16:51:23.993
ATTEMPT 191 W0 DONE 4x2 seed=627195 nsol=16 0.02s 2026-07-22T16:51:24.009
ATTEMPT 192 W0 START 4x2 seed=627196 2026-07-22T16:51:24.010
ATTEMPT 192 W0 SOLVE 4x2 2026-07-22T16:51:24.015
ATTEMPT 192 W0 DONE 4x2 seed=627196 nsol=16 0.02s 2026-07-22T16:51:24.033
ATTEMPT 193 W0 START 4x2 seed=627197 2026-07-22T16:51:24.033
ATTEMPT 193 W0 SOLVE 4x2 2026-07-22T16:51:24.039
ATTEMPT 193 W0 DONE 4x2 seed=627197 nsol=16 0.32s 2026-07-22T16:51:24.355
ATTEMPT 194 W0 START 4x2 seed=627198 2026-07-22T16:51:24.356
ATTEMPT 194 W0 SOLVE 4x2 2026-07-22T16:51:24.366
ATTEMPT 194 W0 DONE 4x2 seed=627198 nsol=16 0.02s 2026-07-22T16:51:24.387
ATTEMPT 195 W0 START 4x2 seed=627199 2026-07-22T16:51:24.387
ATTEMPT 195 W0 SOLVE 4x2 2026-07-22T16:51:24.392
ATTEMPT 195 W0 DONE 4x2 seed=627199 nsol=16 0.01s 2026-07-22T16:51:24.399
ATTEMPT 196 W0 START 4x2 seed=627200 2026-07-22T16:51:24.399
ATTEMPT 196 W0 SOLVE 4x2 2026-07-22T16:51:24.411
ATTEMPT 196 W0 DONE 4x2 seed=627200 nsol=16 0.01s 2026-07-22T16:51:24.423
ATTEMPT 197 W0 START 4x2 seed=627201 2026-07-22T16:51:24.423
ATTEMPT 197 W0 SOLVE 4x2 2026-07-22T16:51:24.435
ATTEMPT 197 W0 DONE 4x2 seed=627201 nsol=16 0.01s 2026-07-22T16:51:24.442
ATTEMPT 198 W0 START 4x2 seed=627202 2026-07-22T16:51:24.442
ATTEMPT 198 W0 SOLVE 4x2 2026-07-22T16:51:24.448
ATTEMPT 198 W0 DONE 4x2 seed=627202 nsol=16 0.01s 2026-07-22T16:51:24.456
ATTEMPT 199 W0 START 4x2 seed=627203 2026-07-22T16:51:24.458
ATTEMPT 199 W0 SOLVE 4x2 2026-07-22T16:51:24.464
ATTEMPT 199 W0 DONE 4x2 seed=627203 nsol=16 0.00s 2026-07-22T16:51:24.468
ATTEMPT 200 W0 START 4x2 seed=627204 2026-07-22T16:51:24.468
ATTEMPT 200 W0 SOLVE 4x2 2026-07-22T16:51:24.474
ATTEMPT 200 W0 DONE 4x2 seed=627204 nsol=16 0.01s 2026-07-22T16:51:24.485
ATTEMPT 201 W0 START 4x2 seed=627205 2026-07-22T16:51:24.485
ATTEMPT 201 W0 SOLVE 4x2 2026-07-22T16:51:24.496
ATTEMPT 201 W0 DONE 4x2 seed=627205 nsol=16 0.01s 2026-07-22T16:51:24.508
ATTEMPT 202 W0 START 4x2 seed=627206 2026-07-22T16:51:24.508
ATTEMPT 202 W0 SOLVE 4x2 2026-07-22T16:51:24.514
ATTEMPT 202 W0 DONE 4x2 seed=627206 nsol=16 0.02s 2026-07-22T16:51:24.530
ATTEMPT 203 W0 START 4x2 seed=627207 2026-07-22T16:51:24.530
ATTEMPT 203 W0 SOLVE 4x2 2026-07-22T16:51:24.536
ATTEMPT 203 W0 DONE 4x2 seed=627207 nsol=16 0.01s 2026-07-22T16:51:24.544
ATTEMPT 204 W0 START 4x2 seed=627208 2026-07-22T16:51:24.545
ATTEMPT 204 W0 SOLVE 4x2 2026-07-22T16:51:24.550
ATTEMPT 204 W0 DONE 4x2 seed=627208 nsol=16 0.00s 2026-07-22T16:51:24.554
ATTEMPT 205 W0 START 4x2 seed=627209 2026-07-22T16:51:24.555
ATTEMPT 205 W0 SOLVE 4x2 2026-07-22T16:51:24.561
ATTEMPT 205 W0 DONE 4x2 seed=627209 nsol=16 0.01s 2026-07-22T16:51:24.568
ATTEMPT 206 W0 START 4x2 seed=627210 2026-07-22T16:51:24.568
ATTEMPT 206 W0 SOLVE 4x2 2026-07-22T16:51:24.574
ATTEMPT 206 W0 DONE 4x2 seed=627210 nsol=16 0.01s 2026-07-22T16:51:24.584
ATTEMPT 207 W0 START 4x2 seed=627211 2026-07-22T16:51:24.584
ATTEMPT 207 W0 SOLVE 4x2 2026-07-22T16:51:24.590
ATTEMPT 207 W0 DONE 4x2 seed=627211 nsol=16 0.01s 2026-07-22T16:51:24.600
ATTEMPT 208 W0 START 4x2 seed=627212 2026-07-22T16:51:24.600
ATTEMPT 208 W0 SOLVE 4x2 2026-07-22T16:51:24.606
ATTEMPT 208 W0 DONE 4x2 seed=627212 nsol=16 0.01s 2026-07-22T16:51:24.611
ATTEMPT 209 W0 START 4x2 seed=627213 2026-07-22T16:51:24.611
ATTEMPT 209 W0 SOLVE 4x2 2026-07-22T16:51:24.617
ATTEMPT 209 W0 DONE 4x2 seed=627213 nsol=16 0.00s 2026-07-22T16:51:24.622
ATTEMPT 210 W0 START 4x2 seed=627214 2026-07-22T16:51:24.622
ATTEMPT 210 W0 SOLVE 4x2 2026-07-22T16:51:24.628
ATTEMPT 210 W0 DONE 4x2 seed=627214 nsol=16 0.01s 2026-07-22T16:51:24.635
ATTEMPT 211 W0 START 4x2 seed=627215 2026-07-22T16:51:24.635
ATTEMPT 211 W0 SOLVE 4x2 2026-07-22T16:51:24.641
ATTEMPT 211 W0 DONE 4x2 seed=627215 nsol=16 0.02s 2026-07-22T16:51:24.659
ATTEMPT 212 W0 START 4x2 seed=627216 2026-07-22T16:51:24.659
ATTEMPT 212 W0 SOLVE 4x2 2026-07-22T16:51:24.666
ATTEMPT 212 W0 DONE 4x2 seed=627216 nsol=16 0.01s 2026-07-22T16:51:24.674
ATTEMPT 213 W0 START 4x2 seed=627217 2026-07-22T16:51:24.674
ATTEMPT 213 W0 SOLVE 4x2 2026-07-22T16:51:24.680
ATTEMPT 213 W0 DONE 4x2 seed=627217 nsol=16 0.02s 2026-07-22T16:51:24.700
ATTEMPT 214 W0 START 4x2 seed=627218 2026-07-22T16:51:24.700
ATTEMPT 214 W0 SOLVE 4x2 2026-07-22T16:51:24.765
ATTEMPT 214 W0 DONE 4x2 seed=627218 nsol=16 0.02s 2026-07-22T16:51:24.782
ATTEMPT 215 W0 START 4x2 seed=627219 2026-07-22T16:51:24.783
ATTEMPT 215 W0 SOLVE 4x2 2026-07-22T16:51:24.791
ATTEMPT 215 W0 DONE 4x2 seed=627219 nsol=16 0.01s 2026-07-22T16:51:24.799
ATTEMPT 216 W0 START 4x2 seed=627220 2026-07-22T16:51:24.799
ATTEMPT 216 W0 SOLVE 4x2 2026-07-22T16:51:24.805
ATTEMPT 216 W0 DONE 4x2 seed=627220 nsol=16 0.00s 2026-07-22T16:51:24.810
ATTEMPT 217 W0 START 4x2 seed=627221 2026-07-22T16:51:24.810
ATTEMPT 217 W0 SOLVE 4x2 2026-07-22T16:51:24.816
ATTEMPT 217 W0 DONE 4x2 seed=627221 nsol=16 0.01s 2026-07-22T16:51:24.823
ATTEMPT 218 W0 START 4x2 seed=627222 2026-07-22T16:51:24.823
ATTEMPT 218 W0 SOLVE 4x2 2026-07-22T16:51:24.831
ATTEMPT 218 W0 DONE 4x2 seed=627222 nsol=16 0.01s 2026-07-22T16:51:24.839
ATTEMPT 219 W0 START 4x2 seed=627223 2026-07-22T16:51:24.839
ATTEMPT 219 W0 SOLVE 4x2 2026-07-22T16:51:24.846
ATTEMPT 219 W0 DONE 4x2 seed=627223 nsol=16 0.01s 2026-07-22T16:51:24.852
ATTEMPT 220 W0 START 4x2 seed=627224 2026-07-22T16:51:24.852
ATTEMPT 220 W0 SOLVE 4x2 2026-07-22T16:51:24.858
ATTEMPT 220 W0 DONE 4x2 seed=627224 nsol=16 0.01s 2026-07-22T16:51:24.865
ATTEMPT 221 W0 START 4x2 seed=627225 2026-07-22T16:51:24.866
ATTEMPT 221 W0 SOLVE 4x2 2026-07-22T16:51:24.871
ATTEMPT 221 W0 DONE 4x2 seed=627225 nsol=16 0.01s 2026-07-22T16:51:24.879
ATTEMPT 222 W0 START 4x2 seed=627226 2026-07-22T16:51:24.879
ATTEMPT 222 W0 SOLVE 4x2 2026-07-22T16:51:24.887
ATTEMPT 222 W0 DONE 4x2 seed=627226 nsol=16 0.01s 2026-07-22T16:51:24.893
ATTEMPT 223 W0 START 4x2 seed=627227 2026-07-22T16:51:24.893
ATTEMPT 223 W0 SOLVE 4x2 2026-07-22T16:51:24.902
ATTEMPT 223 W0 DONE 4x2 seed=627227 nsol=16 0.01s 2026-07-22T16:51:24.916
ATTEMPT 224 W0 START 4x2 seed=627228 2026-07-22T16:51:24.916
ATTEMPT 224 W0 SOLVE 4x2 2026-07-22T16:51:24.922
ATTEMPT 224 W0 DONE 4x2 seed=627228 nsol=16 0.01s 2026-07-22T16:51:24.933
ATTEMPT 225 W0 START 4x2 seed=627229 2026-07-22T16:51:24.933
ATTEMPT 225 W0 SOLVE 4x2 2026-07-22T16:51:24.941
ATTEMPT 225 W0 DONE 4x2 seed=627229 nsol=16 0.01s 2026-07-22T16:51:24.949
ATTEMPT 226 W0 START 4x2 seed=627230 2026-07-22T16:51:24.949
ATTEMPT 226 W0 SOLVE 4x2 2026-07-22T16:51:24.955
ATTEMPT 226 W0 DONE 4x2 seed=627230 nsol=16 0.00s 2026-07-22T16:51:24.959
ATTEMPT 227 W0 START 4x2 seed=627231 2026-07-22T16:51:24.959
ATTEMPT 227 W0 SOLVE 4x2 2026-07-22T16:51:24.964
ATTEMPT 227 W0 DONE 4x2 seed=627231 nsol=16 0.01s 2026-07-22T16:51:24.970
ATTEMPT 228 W0 START 4x2 seed=627232 2026-07-22T16:51:24.970
ATTEMPT 228 W0 SOLVE 4x2 2026-07-22T16:51:24.976
ATTEMPT 228 W0 DONE 4x2 seed=627232 nsol=16 0.01s 2026-07-22T16:51:24.983
ATTEMPT 229 W0 START 4x2 seed=627233 2026-07-22T16:51:24.983
ATTEMPT 229 W0 SOLVE 4x2 2026-07-22T16:51:24.988
ATTEMPT 229 W0 DONE 4x2 seed=627233 nsol=16 0.01s 2026-07-22T16:51:25
ATTEMPT 230 W0 START 4x2 seed=627234 2026-07-22T16:51:25.001
ATTEMPT 230 W0 SOLVE 4x2 2026-07-22T16:51:25.008
ATTEMPT 230 W0 DONE 4x2 seed=627234 nsol=16 0.02s 2026-07-22T16:51:25.028
ATTEMPT 231 W0 START 4x2 seed=627235 2026-07-22T16:51:25.028
ATTEMPT 231 W0 SOLVE 4x2 2026-07-22T16:51:25.037
ATTEMPT 231 W0 DONE 4x2 seed=627235 nsol=16 0.01s 2026-07-22T16:51:25.052
ATTEMPT 232 W0 START 4x2 seed=627236 2026-07-22T16:51:25.052
ATTEMPT 232 W0 SOLVE 4x2 2026-07-22T16:51:25.058
ATTEMPT 232 W0 DONE 4x2 seed=627236 nsol=16 0.01s 2026-07-22T16:51:25.063
ATTEMPT 233 W0 START 4x2 seed=627237 2026-07-22T16:51:25.063
ATTEMPT 233 W0 SOLVE 4x2 2026-07-22T16:51:25.070
ATTEMPT 233 W0 DONE 4x2 seed=627237 nsol=16 0.01s 2026-07-22T16:51:25.084
ATTEMPT 234 W0 START 4x2 seed=627238 2026-07-22T16:51:25.084
ATTEMPT 234 W0 SOLVE 4x2 2026-07-22T16:51:25.091
ATTEMPT 234 W0 DONE 4x2 seed=627238 nsol=16 0.01s 2026-07-22T16:51:25.098
ATTEMPT 235 W0 START 4x2 seed=627239 2026-07-22T16:51:25.100
ATTEMPT 235 W0 SOLVE 4x2 2026-07-22T16:51:25.108
ATTEMPT 235 W0 DONE 4x2 seed=627239 nsol=16 0.01s 2026-07-22T16:51:25.115
ATTEMPT 236 W0 START 4x2 seed=627240 2026-07-22T16:51:25.115
ATTEMPT 236 W0 SOLVE 4x2 2026-07-22T16:51:25.123
ATTEMPT 236 W0 DONE 4x2 seed=627240 nsol=16 0.01s 2026-07-22T16:51:25.129
ATTEMPT 237 W0 START 4x2 seed=627241 2026-07-22T16:51:25.129
ATTEMPT 237 W0 SOLVE 4x2 2026-07-22T16:51:25.135
ATTEMPT 237 W0 DONE 4x2 seed=627241 nsol=16 0.01s 2026-07-22T16:51:25.140
ATTEMPT 238 W0 START 4x2 seed=627242 2026-07-22T16:51:25.140
ATTEMPT 238 W0 SOLVE 4x2 2026-07-22T16:51:25.146
ATTEMPT 238 W0 DONE 4x2 seed=627242 nsol=16 0.01s 2026-07-22T16:51:25.151
ATTEMPT 239 W0 START 4x2 seed=627243 2026-07-22T16:51:25.151
ATTEMPT 239 W0 SOLVE 4x2 2026-07-22T16:51:25.156
ATTEMPT 239 W0 DONE 4x2 seed=627243 nsol=16 0.01s 2026-07-22T16:51:25.162
ATTEMPT 240 W0 START 4x2 seed=627244 2026-07-22T16:51:25.162
ATTEMPT 240 W0 SOLVE 4x2 2026-07-22T16:51:25.180
ATTEMPT 240 W0 DONE 4x2 seed=627244 nsol=16 0.03s 2026-07-22T16:51:25.209
ATTEMPT 241 W0 START 4x2 seed=627245 2026-07-22T16:51:25.209
ATTEMPT 241 W0 SOLVE 4x2 2026-07-22T16:51:25.215
ATTEMPT 241 W0 DONE 4x2 seed=627245 nsol=16 0.02s 2026-07-22T16:51:25.235
ATTEMPT 242 W0 START 4x2 seed=627246 2026-07-22T16:51:25.235
ATTEMPT 242 W0 SOLVE 4x2 2026-07-22T16:51:25.241
ATTEMPT 242 W0 DONE 4x2 seed=627246 nsol=16 0.01s 2026-07-22T16:51:25.247
ATTEMPT 243 W0 START 4x2 seed=627247 2026-07-22T16:51:25.247
ATTEMPT 243 W0 SOLVE 4x2 2026-07-22T16:51:25.254
ATTEMPT 243 W0 DONE 4x2 seed=627247 nsol=16 0.02s 2026-07-22T16:51:25.276
ATTEMPT 244 W0 START 4x2 seed=627248 2026-07-22T16:51:25.276
ATTEMPT 244 W0 SOLVE 4x2 2026-07-22T16:51:25.287
ATTEMPT 244 W0 DONE 4x2 seed=627248 nsol=16 0.01s 2026-07-22T16:51:25.303
ATTEMPT 245 W0 START 4x2 seed=627249 2026-07-22T16:51:25.303
ATTEMPT 245 W0 SOLVE 4x2 2026-07-22T16:51:25.314
ATTEMPT 245 W0 DONE 4x2 seed=627249 nsol=16 0.03s 2026-07-22T16:51:25.340
ATTEMPT 246 W0 START 4x2 seed=627250 2026-07-22T16:51:25.341
ATTEMPT 246 W0 SOLVE 4x2 2026-07-22T16:51:25.348
ATTEMPT 246 W0 DONE 4x2 seed=627250 nsol=16 0.09s 2026-07-22T16:51:25.436
ATTEMPT 247 W0 START 4x2 seed=627251 2026-07-22T16:51:25.436
ATTEMPT 247 W0 SOLVE 4x2 2026-07-22T16:51:25.452
ATTEMPT 247 W0 DONE 4x2 seed=627251 nsol=16 0.01s 2026-07-22T16:51:25.460
ATTEMPT 248 W0 START 4x2 seed=627252 2026-07-22T16:51:25.461
ATTEMPT 248 W0 SOLVE 4x2 2026-07-22T16:51:25.471
ATTEMPT 248 W0 DONE 4x2 seed=627252 nsol=16 0.02s 2026-07-22T16:51:25.489
ATTEMPT 249 W0 START 4x2 seed=627253 2026-07-22T16:51:25.489
ATTEMPT 249 W0 SOLVE 4x2 2026-07-22T16:51:25.505
ATTEMPT 249 W0 DONE 4x2 seed=627253 nsol=16 0.01s 2026-07-22T16:51:25.516
ATTEMPT 250 W0 START 4x2 seed=627254 2026-07-22T16:51:25.517
ATTEMPT 250 W0 SOLVE 4x2 2026-07-22T16:51:25.527
ATTEMPT 250 W0 DONE 4x2 seed=627254 nsol=16 0.01s 2026-07-22T16:51:25.538
ATTEMPT 251 W0 START 4x2 seed=627255 2026-07-22T16:51:25.538
ATTEMPT 251 W0 SOLVE 4x2 2026-07-22T16:51:25.546
ATTEMPT 251 W0 DONE 4x2 seed=627255 nsol=16 0.01s 2026-07-22T16:51:25.559
ATTEMPT 252 W0 START 4x2 seed=627256 2026-07-22T16:51:25.559
ATTEMPT 252 W0 SOLVE 4x2 2026-07-22T16:51:25.566
ATTEMPT 252 W0 DONE 4x2 seed=627256 nsol=16 0.01s 2026-07-22T16:51:25.573
ATTEMPT 253 W0 START 4x2 seed=627257 2026-07-22T16:51:25.573
ATTEMPT 253 W0 SOLVE 4x2 2026-07-22T16:51:25.579
ATTEMPT 253 W0 DONE 4x2 seed=627257 nsol=16 0.01s 2026-07-22T16:51:25.591
ATTEMPT 254 W0 START 4x2 seed=627258 2026-07-22T16:51:25.592
ATTEMPT 254 W0 SOLVE 4x2 2026-07-22T16:51:25.598
ATTEMPT 254 W0 DONE 4x2 seed=627258 nsol=16 0.01s 2026-07-22T16:51:25.606
ATTEMPT 255 W0 START 4x2 seed=627259 2026-07-22T16:51:25.606
ATTEMPT 255 W0 SOLVE 4x2 2026-07-22T16:51:25.617
ATTEMPT 255 W0 DONE 4x2 seed=627259 nsol=16 0.01s 2026-07-22T16:51:25.623
ATTEMPT 256 W0 START 4x2 seed=627260 2026-07-22T16:51:25.623
ATTEMPT 256 W0 SOLVE 4x2 2026-07-22T16:51:25.630
ATTEMPT 256 W0 DONE 4x2 seed=627260 nsol=16 0.00s 2026-07-22T16:51:25.635
ATTEMPT 257 W0 START 4x2 seed=627261 2026-07-22T16:51:25.635
ATTEMPT 257 W0 SOLVE 4x2 2026-07-22T16:51:25.641
ATTEMPT 257 W0 DONE 4x2 seed=627261 nsol=16 0.01s 2026-07-22T16:51:25.653
ATTEMPT 258 W0 START 4x2 seed=627262 2026-07-22T16:51:25.653
ATTEMPT 258 W0 SOLVE 4x2 2026-07-22T16:51:25.662
ATTEMPT 258 W0 DONE 4x2 seed=627262 nsol=16 0.01s 2026-07-22T16:51:25.674
ATTEMPT 259 W0 START 4x2 seed=627263 2026-07-22T16:51:25.674
ATTEMPT 259 W0 SOLVE 4x2 2026-07-22T16:51:25.692
ATTEMPT 259 W0 DONE 4x2 seed=627263 nsol=16 0.01s 2026-07-22T16:51:25.700
ATTEMPT 260 W0 START 4x2 seed=627264 2026-07-22T16:51:25.700
ATTEMPT 260 W0 SOLVE 4x2 2026-07-22T16:51:25.713
ATTEMPT 260 W0 DONE 4x2 seed=627264 nsol=16 0.02s 2026-07-22T16:51:25.737
ATTEMPT 261 W0 START 4x2 seed=627265 2026-07-22T16:51:25.737
ATTEMPT 261 W0 SOLVE 4x2 2026-07-22T16:51:25.743
ATTEMPT 261 W0 DONE 4x2 seed=627265 nsol=16 0.01s 2026-07-22T16:51:25.750
ATTEMPT 262 W0 START 4x2 seed=627266 2026-07-22T16:51:25.750
ATTEMPT 262 W0 SOLVE 4x2 2026-07-22T16:51:25.756
ATTEMPT 262 W0 DONE 4x2 seed=627266 nsol=16 0.02s 2026-07-22T16:51:25.776
ATTEMPT 263 W0 START 4x2 seed=627267 2026-07-22T16:51:25.777
ATTEMPT 263 W0 SOLVE 4x2 2026-07-22T16:51:25.784
ATTEMPT 263 W0 DONE 4x2 seed=627267 nsol=16 0.01s 2026-07-22T16:51:25.790
ATTEMPT 264 W0 START 4x2 seed=627268 2026-07-22T16:51:25.791
ATTEMPT 264 W0 SOLVE 4x2 2026-07-22T16:51:25.798
ATTEMPT 264 W0 DONE 4x2 seed=627268 nsol=16 0.01s 2026-07-22T16:51:25.812
ATTEMPT 265 W0 START 4x2 seed=627269 2026-07-22T16:51:25.812
ATTEMPT 265 W0 SOLVE 4x2 2026-07-22T16:51:25.823
ATTEMPT 265 W0 DONE 4x2 seed=627269 nsol=16 0.01s 2026-07-22T16:51:25.832
ATTEMPT 266 W0 START 4x2 seed=627270 2026-07-22T16:51:25.832
ATTEMPT 266 W0 SOLVE 4x2 2026-07-22T16:51:25.839
ATTEMPT 266 W0 DONE 4x2 seed=627270 nsol=16 0.01s 2026-07-22T16:51:25.852
ATTEMPT 267 W0 START 4x2 seed=627271 2026-07-22T16:51:25.852
ATTEMPT 267 W0 SOLVE 4x2 2026-07-22T16:51:25.858
ATTEMPT 267 W0 DONE 4x2 seed=627271 nsol=16 0.01s 2026-07-22T16:51:25.872
ATTEMPT 268 W0 START 4x2 seed=627272 2026-07-22T16:51:25.872
ATTEMPT 268 W0 SOLVE 4x2 2026-07-22T16:51:25.878
ATTEMPT 268 W0 DONE 4x2 seed=627272 nsol=16 0.02s 2026-07-22T16:51:25.901
ATTEMPT 269 W0 START 4x2 seed=627273 2026-07-22T16:51:25.902
ATTEMPT 269 W0 SOLVE 4x2 2026-07-22T16:51:25.908
ATTEMPT 269 W0 DONE 4x2 seed=627273 nsol=16 0.01s 2026-07-22T16:51:25.917
ATTEMPT 270 W0 START 4x2 seed=627274 2026-07-22T16:51:25.917
ATTEMPT 270 W0 SOLVE 4x2 2026-07-22T16:51:25.923
ATTEMPT 270 W0 DONE 4x2 seed=627274 nsol=16 0.01s 2026-07-22T16:51:25.932
ATTEMPT 271 W0 START 4x2 seed=627275 2026-07-22T16:51:25.932
ATTEMPT 271 W0 SOLVE 4x2 2026-07-22T16:51:25.938
ATTEMPT 271 W0 DONE 4x2 seed=627275 nsol=16 0.00s 2026-07-22T16:51:25.943
ATTEMPT 272 W0 START 4x2 seed=627276 2026-07-22T16:51:25.943
ATTEMPT 272 W0 SOLVE 4x2 2026-07-22T16:51:25.949
ATTEMPT 272 W0 DONE 4x2 seed=627276 nsol=16 0.01s 2026-07-22T16:51:25.954
ATTEMPT 273 W0 START 4x2 seed=627277 2026-07-22T16:51:25.955
ATTEMPT 273 W0 SOLVE 4x2 2026-07-22T16:51:25.962
ATTEMPT 273 W0 DONE 4x2 seed=627277 nsol=16 0.01s 2026-07-22T16:51:25.976
ATTEMPT 274 W0 START 4x2 seed=627278 2026-07-22T16:51:25.977
ATTEMPT 274 W0 SOLVE 4x2 2026-07-22T16:51:25.989
ATTEMPT 274 W0 DONE 4x2 seed=627278 nsol=16 0.02s 2026-07-22T16:51:26.012
ATTEMPT 275 W0 START 4x2 seed=627279 2026-07-22T16:51:26.012
ATTEMPT 275 W0 SOLVE 4x2 2026-07-22T16:51:26.018
ATTEMPT 275 W0 DONE 4x2 seed=627279 nsol=16 0.01s 2026-07-22T16:51:26.029
ATTEMPT 276 W0 START 4x2 seed=627280 2026-07-22T16:51:26.030
ATTEMPT 276 W0 SOLVE 4x2 2026-07-22T16:51:26.041
ATTEMPT 276 W0 DONE 4x2 seed=627280 nsol=16 0.01s 2026-07-22T16:51:26.054
ATTEMPT 277 W0 START 4x2 seed=627281 2026-07-22T16:51:26.054
ATTEMPT 277 W0 SOLVE 4x2 2026-07-22T16:51:26.060
ATTEMPT 277 W0 DONE 4x2 seed=627281 nsol=16 0.01s 2026-07-22T16:51:26.071
ATTEMPT 278 W0 START 4x2 seed=627282 2026-07-22T16:51:26.072
ATTEMPT 278 W0 SOLVE 4x2 2026-07-22T16:51:26.082
ATTEMPT 278 W0 DONE 4x2 seed=627282 nsol=16 0.00s 2026-07-22T16:51:26.087
ATTEMPT 279 W0 START 4x2 seed=627283 2026-07-22T16:51:26.087
ATTEMPT 279 W0 SOLVE 4x2 2026-07-22T16:51:26.092
ATTEMPT 279 W0 DONE 4x2 seed=627283 nsol=16 0.01s 2026-07-22T16:51:26.098
ATTEMPT 280 W0 START 4x2 seed=627284 2026-07-22T16:51:26.098
ATTEMPT 280 W0 SOLVE 4x2 2026-07-22T16:51:26.103
ATTEMPT 280 W0 DONE 4x2 seed=627284 nsol=16 0.01s 2026-07-22T16:51:26.116
ATTEMPT 281 W0 START 4x2 seed=627285 2026-07-22T16:51:26.116
ATTEMPT 281 W0 SOLVE 4x2 2026-07-22T16:51:26.122
ATTEMPT 281 W0 DONE 4x2 seed=627285 nsol=16 0.01s 2026-07-22T16:51:26.137
ATTEMPT 282 W0 START 4x2 seed=627286 2026-07-22T16:51:26.137
ATTEMPT 282 W0 SOLVE 4x2 2026-07-22T16:51:26.143
ATTEMPT 282 W0 DONE 4x2 seed=627286 nsol=16 0.02s 2026-07-22T16:51:26.165
ATTEMPT 283 W0 START 4x2 seed=627287 2026-07-22T16:51:26.165
ATTEMPT 283 W0 SOLVE 4x2 2026-07-22T16:51:26.173
ATTEMPT 283 W0 DONE 4x2 seed=627287 nsol=16 0.01s 2026-07-22T16:51:26.181
ATTEMPT 284 W0 START 4x2 seed=627288 2026-07-22T16:51:26.182
ATTEMPT 284 W0 SOLVE 4x2 2026-07-22T16:51:26.188
ATTEMPT 284 W0 DONE 4x2 seed=627288 nsol=16 0.01s 2026-07-22T16:51:26.200
ATTEMPT 285 W0 START 4x2 seed=627289 2026-07-22T16:51:26.200
ATTEMPT 285 W0 SOLVE 4x2 2026-07-22T16:51:26.207
ATTEMPT 285 W0 DONE 4x2 seed=627289 nsol=16 0.01s 2026-07-22T16:51:26.212
ATTEMPT 286 W0 START 4x2 seed=627290 2026-07-22T16:51:26.212
ATTEMPT 286 W0 SOLVE 4x2 2026-07-22T16:51:26.217
ATTEMPT 286 W0 DONE 4x2 seed=627290 nsol=16 0.00s 2026-07-22T16:51:26.221
ATTEMPT 287 W0 START 4x2 seed=627291 2026-07-22T16:51:26.221
ATTEMPT 287 W0 SOLVE 4x2 2026-07-22T16:51:26.227
ATTEMPT 287 W0 DONE 4x2 seed=627291 nsol=16 0.01s 2026-07-22T16:51:26.233
ATTEMPT 288 W0 START 4x2 seed=627292 2026-07-22T16:51:26.233
ATTEMPT 288 W0 SOLVE 4x2 2026-07-22T16:51:26.239
ATTEMPT 288 W0 DONE 4x2 seed=627292 nsol=16 0.00s 2026-07-22T16:51:26.244
ATTEMPT 289 W0 START 4x2 seed=627293 2026-07-22T16:51:26.244
ATTEMPT 289 W0 SOLVE 4x2 2026-07-22T16:51:26.250
ATTEMPT 289 W0 DONE 4x2 seed=627293 nsol=16 0.01s 2026-07-22T16:51:26.256
ATTEMPT 290 W0 START 4x2 seed=627294 2026-07-22T16:51:26.257
ATTEMPT 290 W0 SOLVE 4x2 2026-07-22T16:51:26.262
ATTEMPT 290 W0 DONE 4x2 seed=627294 nsol=16 0.03s 2026-07-22T16:51:26.297
ATTEMPT 291 W0 START 4x2 seed=627295 2026-07-22T16:51:26.305
ATTEMPT 291 W0 SOLVE 4x2 2026-07-22T16:51:26.312
ATTEMPT 291 W0 DONE 4x2 seed=627295 nsol=16 0.01s 2026-07-22T16:51:26.320
ATTEMPT 292 W0 START 4x2 seed=627296 2026-07-22T16:51:26.321
ATTEMPT 292 W0 SOLVE 4x2 2026-07-22T16:51:26.340
ATTEMPT 292 W0 DONE 4x2 seed=627296 nsol=16 0.02s 2026-07-22T16:51:26.356
ATTEMPT 293 W0 START 4x2 seed=627297 2026-07-22T16:51:26.356
ATTEMPT 293 W0 SOLVE 4x2 2026-07-22T16:51:26.366
ATTEMPT 293 W0 DONE 4x2 seed=627297 nsol=16 0.02s 2026-07-22T16:51:26.384
ATTEMPT 294 W0 START 4x2 seed=627298 2026-07-22T16:51:26.384
ATTEMPT 294 W0 SOLVE 4x2 2026-07-22T16:51:26.395
ATTEMPT 294 W0 DONE 4x2 seed=627298 nsol=16 0.02s 2026-07-22T16:51:26.411
ATTEMPT 295 W0 START 4x2 seed=627299 2026-07-22T16:51:26.412
ATTEMPT 295 W0 SOLVE 4x2 2026-07-22T16:51:26.423
ATTEMPT 295 W0 DONE 4x2 seed=627299 nsol=16 0.01s 2026-07-22T16:51:26.437
ATTEMPT 296 W0 START 4x2 seed=627300 2026-07-22T16:51:26.437
ATTEMPT 296 W0 SOLVE 4x2 2026-07-22T16:51:26.443
ATTEMPT 296 W0 DONE 4x2 seed=627300 nsol=16 0.02s 2026-07-22T16:51:26.464
ATTEMPT 297 W0 START 4x2 seed=627301 2026-07-22T16:51:26.464
ATTEMPT 297 W0 SOLVE 4x2 2026-07-22T16:51:26.483
ATTEMPT 297 W0 DONE 4x2 seed=627301 nsol=16 0.03s 2026-07-22T16:51:26.508
ATTEMPT 298 W0 START 4x2 seed=627302 2026-07-22T16:51:26.508
ATTEMPT 298 W0 SOLVE 4x2 2026-07-22T16:51:26.518
ATTEMPT 298 W0 DONE 4x2 seed=627302 nsol=16 0.02s 2026-07-22T16:51:26.536
ATTEMPT 299 W0 START 4x2 seed=627303 2026-07-22T16:51:26.536
ATTEMPT 299 W0 SOLVE 4x2 2026-07-22T16:51:26.550
ATTEMPT 299 W0 DONE 4x2 seed=627303 nsol=16 0.02s 2026-07-22T16:51:26.566
ATTEMPT 300 W0 START 4x2 seed=627304 2026-07-22T16:51:26.566
ATTEMPT 300 W0 SOLVE 4x2 2026-07-22T16:51:26.579
ATTEMPT 300 W0 DONE 4x2 seed=627304 nsol=16 0.02s 2026-07-22T16:51:26.604
ATTEMPT 301 W0 START 4x2 seed=627305 2026-07-22T16:51:26.604
ATTEMPT 301 W0 SOLVE 4x2 2026-07-22T16:51:26.619
ATTEMPT 301 W0 DONE 4x2 seed=627305 nsol=16 0.02s 2026-07-22T16:51:26.640
ATTEMPT 302 W0 START 4x2 seed=627306 2026-07-22T16:51:26.640
ATTEMPT 302 W0 SOLVE 4x2 2026-07-22T16:51:26.656
ATTEMPT 302 W0 DONE 4x2 seed=627306 nsol=16 0.03s 2026-07-22T16:51:26.683
ATTEMPT 303 W0 START 4x2 seed=627307 2026-07-22T16:51:26.684
ATTEMPT 303 W0 SOLVE 4x2 2026-07-22T16:51:26.694
ATTEMPT 303 W0 DONE 4x2 seed=627307 nsol=16 0.01s 2026-07-22T16:51:26.701
ATTEMPT 304 W0 START 4x2 seed=627308 2026-07-22T16:51:26.702
ATTEMPT 304 W0 SOLVE 4x2 2026-07-22T16:51:26.711
ATTEMPT 304 W0 DONE 4x2 seed=627308 nsol=16 0.00s 2026-07-22T16:51:26.715
ATTEMPT 305 W0 START 4x2 seed=627309 2026-07-22T16:51:26.715
ATTEMPT 305 W0 SOLVE 4x2 2026-07-22T16:51:26.724
ATTEMPT 305 W0 DONE 4x2 seed=627309 nsol=16 0.00s 2026-07-22T16:51:26.728
ATTEMPT 306 W0 START 4x2 seed=627310 2026-07-22T16:51:26.728
ATTEMPT 306 W0 SOLVE 4x2 2026-07-22T16:51:26.734
ATTEMPT 306 W0 DONE 4x2 seed=627310 nsol=16 0.01s 2026-07-22T16:51:26.748
ATTEMPT 307 W0 START 4x2 seed=627311 2026-07-22T16:51:26.748
ATTEMPT 307 W0 SOLVE 4x2 2026-07-22T16:51:26.761
ATTEMPT 307 W0 DONE 4x2 seed=627311 nsol=16 0.01s 2026-07-22T16:51:26.768
ATTEMPT 308 W0 START 4x2 seed=627312 2026-07-22T16:51:26.768
ATTEMPT 308 W0 SOLVE 4x2 2026-07-22T16:51:26.782
ATTEMPT 308 W0 DONE 4x2 seed=627312 nsol=16 0.01s 2026-07-22T16:51:26.801
ATTEMPT 309 W0 START 4x2 seed=627313 2026-07-22T16:51:26.801
ATTEMPT 309 W0 SOLVE 4x2 2026-07-22T16:51:26.810
ATTEMPT 309 W0 DONE 4x2 seed=627313 nsol=16 0.02s 2026-07-22T16:51:26.844
ATTEMPT 310 W0 START 4x2 seed=627314 2026-07-22T16:51:26.845
ATTEMPT 310 W0 SOLVE 4x2 2026-07-22T16:51:26.854
ATTEMPT 310 W0 DONE 4x2 seed=627314 nsol=16 0.01s 2026-07-22T16:51:26.869
ATTEMPT 311 W0 START 4x2 seed=627315 2026-07-22T16:51:26.869
ATTEMPT 311 W0 SOLVE 4x2 2026-07-22T16:51:26.875
ATTEMPT 311 W0 DONE 4x2 seed=627315 nsol=16 0.02s 2026-07-22T16:51:26.899
ATTEMPT 312 W0 START 4x2 seed=627316 2026-07-22T16:51:26.900
ATTEMPT 312 W0 SOLVE 4x2 2026-07-22T16:51:26.905
ATTEMPT 312 W0 DONE 4x2 seed=627316 nsol=16 0.01s 2026-07-22T16:51:26.912
ATTEMPT 313 W0 START 4x2 seed=627317 2026-07-22T16:51:26.913
ATTEMPT 313 W0 SOLVE 4x2 2026-07-22T16:51:26.918
ATTEMPT 313 W0 DONE 4x2 seed=627317 nsol=16 0.02s 2026-07-22T16:51:26.934
ATTEMPT 314 W0 START 4x2 seed=627318 2026-07-22T16:51:26.935
ATTEMPT 314 W0 SOLVE 4x2 2026-07-22T16:51:26.941
ATTEMPT 314 W0 DONE 4x2 seed=627318 nsol=16 0.01s 2026-07-22T16:51:26.948
ATTEMPT 315 W0 START 4x2 seed=627319 2026-07-22T16:51:26.948
ATTEMPT 315 W0 SOLVE 4x2 2026-07-22T16:51:26.954
ATTEMPT 315 W0 DONE 4x2 seed=627319 nsol=16 0.00s 2026-07-22T16:51:26.958
ATTEMPT 316 W0 START 4x2 seed=627320 2026-07-22T16:51:26.958
ATTEMPT 316 W0 SOLVE 4x2 2026-07-22T16:51:26.964
ATTEMPT 316 W0 DONE 4x2 seed=627320 nsol=16 0.01s 2026-07-22T16:51:26.973
ATTEMPT 317 W0 START 4x2 seed=627321 2026-07-22T16:51:26.974
ATTEMPT 317 W0 SOLVE 4x2 2026-07-22T16:51:26.979
ATTEMPT 317 W0 DONE 4x2 seed=627321 nsol=16 0.01s 2026-07-22T16:51:26.992
ATTEMPT 318 W0 START 4x2 seed=627322 2026-07-22T16:51:26.992
ATTEMPT 318 W0 SOLVE 4x2 2026-07-22T16:51:26.998
ATTEMPT 318 W0 DONE 4x2 seed=627322 nsol=16 0.01s 2026-07-22T16:51:27.011
ATTEMPT 319 W0 START 4x2 seed=627323 2026-07-22T16:51:27.012
ATTEMPT 319 W0 SOLVE 4x2 2026-07-22T16:51:27.018
ATTEMPT 319 W0 DONE 4x2 seed=627323 nsol=16 0.01s 2026-07-22T16:51:27.026
ATTEMPT 320 W0 START 4x2 seed=627324 2026-07-22T16:51:27.027
ATTEMPT 320 W0 SOLVE 4x2 2026-07-22T16:51:27.035
ATTEMPT 320 W0 DONE 4x2 seed=627324 nsol=16 0.01s 2026-07-22T16:51:27.045
ATTEMPT 321 W0 START 4x2 seed=627325 2026-07-22T16:51:27.045
ATTEMPT 321 W0 SOLVE 4x2 2026-07-22T16:51:27.052
ATTEMPT 321 W0 DONE 4x2 seed=627325 nsol=16 0.02s 2026-07-22T16:51:27.069
ATTEMPT 322 W0 START 4x2 seed=627326 2026-07-22T16:51:27.069
ATTEMPT 322 W0 SOLVE 4x2 2026-07-22T16:51:27.075
ATTEMPT 322 W0 DONE 4x2 seed=627326 nsol=16 0.01s 2026-07-22T16:51:27.083
ATTEMPT 323 W0 START 4x2 seed=627327 2026-07-22T16:51:27.083
ATTEMPT 323 W0 SOLVE 4x2 2026-07-22T16:51:27.089
ATTEMPT 323 W0 DONE 4x2 seed=627327 nsol=16 0.01s 2026-07-22T16:51:27.098
ATTEMPT 324 W0 START 4x2 seed=627328 2026-07-22T16:51:27.098
ATTEMPT 324 W0 SOLVE 4x2 2026-07-22T16:51:27.104
ATTEMPT 324 W0 DONE 4x2 seed=627328 nsol=16 0.02s 2026-07-22T16:51:27.133
ATTEMPT 325 W0 START 4x2 seed=627329 2026-07-22T16:51:27.133
ATTEMPT 325 W0 SOLVE 4x2 2026-07-22T16:51:27.157
ATTEMPT 325 W0 DONE 4x2 seed=627329 nsol=16 0.01s 2026-07-22T16:51:27.166
ATTEMPT 326 W0 START 4x2 seed=627330 2026-07-22T16:51:27.166
ATTEMPT 326 W0 SOLVE 4x2 2026-07-22T16:51:27.176
ATTEMPT 326 W0 DONE 4x2 seed=627330 nsol=16 0.01s 2026-07-22T16:51:27.184
ATTEMPT 327 W0 START 4x2 seed=627331 2026-07-22T16:51:27.184
ATTEMPT 327 W0 SOLVE 4x2 2026-07-22T16:51:27.192
ATTEMPT 327 W0 DONE 4x2 seed=627331 nsol=16 0.02s 2026-07-22T16:51:27.212
ATTEMPT 328 W0 START 4x2 seed=627332 2026-07-22T16:51:27.213
ATTEMPT 328 W0 SOLVE 4x2 2026-07-22T16:51:27.218
ATTEMPT 328 W0 DONE 4x2 seed=627332 nsol=16 0.05s 2026-07-22T16:51:27.271
ATTEMPT 329 W0 START 4x2 seed=627333 2026-07-22T16:51:27.271
ATTEMPT 329 W0 SOLVE 4x2 2026-07-22T16:51:27.277
ATTEMPT 329 W0 DONE 4x2 seed=627333 nsol=16 0.01s 2026-07-22T16:51:27.288
ATTEMPT 330 W0 START 4x2 seed=627334 2026-07-22T16:51:27.288
ATTEMPT 330 W0 SOLVE 4x2 2026-07-22T16:51:27.296
ATTEMPT 330 W0 DONE 4x2 seed=627334 nsol=16 0.01s 2026-07-22T16:51:27.305
ATTEMPT 331 W0 START 4x2 seed=627335 2026-07-22T16:51:27.305
ATTEMPT 331 W0 SOLVE 4x2 2026-07-22T16:51:27.311
ATTEMPT 331 W0 DONE 4x2 seed=627335 nsol=16 0.02s 2026-07-22T16:51:27.328
ATTEMPT 332 W0 START 4x2 seed=627336 2026-07-22T16:51:27.328
ATTEMPT 332 W0 SOLVE 4x2 2026-07-22T16:51:27.334
ATTEMPT 332 W0 DONE 4x2 seed=627336 nsol=16 0.02s 2026-07-22T16:51:27.356
ATTEMPT 333 W0 START 4x2 seed=627337 2026-07-22T16:51:27.356
ATTEMPT 333 W0 SOLVE 4x2 2026-07-22T16:51:27.361
ATTEMPT 333 W0 DONE 4x2 seed=627337 nsol=16 0.01s 2026-07-22T16:51:27.374
ATTEMPT 334 W0 START 4x2 seed=627338 2026-07-22T16:51:27.374
ATTEMPT 334 W0 SOLVE 4x2 2026-07-22T16:51:27.383
ATTEMPT 334 W0 DONE 4x2 seed=627338 nsol=16 0.01s 2026-07-22T16:51:27.392
ATTEMPT 335 W0 START 4x2 seed=627339 2026-07-22T16:51:27.392
ATTEMPT 335 W0 SOLVE 4x2 2026-07-22T16:51:27.397
ATTEMPT 335 W0 DONE 4x2 seed=627339 nsol=16 0.01s 2026-07-22T16:51:27.404
ATTEMPT 336 W0 START 4x2 seed=627340 2026-07-22T16:51:27.404
ATTEMPT 336 W0 SOLVE 4x2 2026-07-22T16:51:27.410
ATTEMPT 336 W0 DONE 4x2 seed=627340 nsol=16 0.01s 2026-07-22T16:51:27.421
ATTEMPT 337 W0 START 4x2 seed=627341 2026-07-22T16:51:27.421
ATTEMPT 337 W0 SOLVE 4x2 2026-07-22T16:51:27.430
ATTEMPT 337 W0 DONE 4x2 seed=627341 nsol=16 0.01s 2026-07-22T16:51:27.438
ATTEMPT 338 W0 START 4x2 seed=627342 2026-07-22T16:51:27.438
ATTEMPT 338 W0 SOLVE 4x2 2026-07-22T16:51:27.443
ATTEMPT 338 W0 DONE 4x2 seed=627342 nsol=16 0.02s 2026-07-22T16:51:27.460
ATTEMPT 339 W0 START 4x2 seed=627343 2026-07-22T16:51:27.460
ATTEMPT 339 W0 SOLVE 4x2 2026-07-22T16:51:27.470
ATTEMPT 339 W0 DONE 4x2 seed=627343 nsol=16 0.02s 2026-07-22T16:51:27.492
ATTEMPT 340 W0 START 4x2 seed=627344 2026-07-22T16:51:27.492
ATTEMPT 340 W0 SOLVE 4x2 2026-07-22T16:51:27.503
ATTEMPT 340 W0 DONE 4x2 seed=627344 nsol=16 0.01s 2026-07-22T16:51:27.516
ATTEMPT 341 W0 START 4x2 seed=627345 2026-07-22T16:51:27.516
ATTEMPT 341 W0 SOLVE 4x2 2026-07-22T16:51:27.523
ATTEMPT 341 W0 DONE 4x2 seed=627345 nsol=16 0.02s 2026-07-22T16:51:27.544
ATTEMPT 342 W0 START 4x2 seed=627346 2026-07-22T16:51:27.544
ATTEMPT 342 W0 SOLVE 4x2 2026-07-22T16:51:27.554
ATTEMPT 342 W0 DONE 4x2 seed=627346 nsol=16 0.01s 2026-07-22T16:51:27.565
ATTEMPT 343 W0 START 4x2 seed=627347 2026-07-22T16:51:27.565
ATTEMPT 343 W0 SOLVE 4x2 2026-07-22T16:51:27.579
ATTEMPT 343 W0 DONE 4x2 seed=627347 nsol=16 0.01s 2026-07-22T16:51:27.592
ATTEMPT 344 W0 START 4x2 seed=627348 2026-07-22T16:51:27.593
ATTEMPT 344 W0 SOLVE 4x2 2026-07-22T16:51:27.604
ATTEMPT 344 W0 DONE 4x2 seed=627348 nsol=16 0.02s 2026-07-22T16:51:27.626
ATTEMPT 345 W0 START 4x2 seed=627349 2026-07-22T16:51:27.627
ATTEMPT 345 W0 SOLVE 4x2 2026-07-22T16:51:27.640
ATTEMPT 345 W0 DONE 4x2 seed=627349 nsol=16 0.01s 2026-07-22T16:51:27.648
ATTEMPT 346 W0 START 4x2 seed=627350 2026-07-22T16:51:27.648
ATTEMPT 346 W0 SOLVE 4x2 2026-07-22T16:51:27.654
ATTEMPT 346 W0 DONE 4x2 seed=627350 nsol=16 0.01s 2026-07-22T16:51:27.667
ATTEMPT 347 W0 START 4x2 seed=627351 2026-07-22T16:51:27.667
ATTEMPT 347 W0 SOLVE 4x2 2026-07-22T16:51:27.673
ATTEMPT 347 W0 DONE 4x2 seed=627351 nsol=16 0.01s 2026-07-22T16:51:27.685
ATTEMPT 348 W0 START 4x2 seed=627352 2026-07-22T16:51:27.685
ATTEMPT 348 W0 SOLVE 4x2 2026-07-22T16:51:27.693
ATTEMPT 348 W0 DONE 4x2 seed=627352 nsol=16 0.01s 2026-07-22T16:51:27.699
ATTEMPT 349 W0 START 4x2 seed=627353 2026-07-22T16:51:27.699
ATTEMPT 349 W0 SOLVE 4x2 2026-07-22T16:51:27.706
ATTEMPT 349 W0 DONE 4x2 seed=627353 nsol=16 0.01s 2026-07-22T16:51:27.712
ATTEMPT 350 W0 START 4x2 seed=627354 2026-07-22T16:51:27.712
ATTEMPT 350 W0 SOLVE 4x2 2026-07-22T16:51:27.718
ATTEMPT 350 W0 DONE 4x2 seed=627354 nsol=16 0.02s 2026-07-22T16:51:27.738
ATTEMPT 351 W0 START 4x2 seed=627355 2026-07-22T16:51:27.738
ATTEMPT 351 W0 SOLVE 4x2 2026-07-22T16:51:27.743
ATTEMPT 351 W0 DONE 4x2 seed=627355 nsol=16 0.01s 2026-07-22T16:51:27.751
ATTEMPT 352 W0 START 4x2 seed=627356 2026-07-22T16:51:27.751
ATTEMPT 352 W0 SOLVE 4x2 2026-07-22T16:51:27.756
ATTEMPT 352 W0 DONE 4x2 seed=627356 nsol=16 0.02s 2026-07-22T16:51:27.776
ATTEMPT 353 W0 START 4x2 seed=627357 2026-07-22T16:51:27.776
ATTEMPT 353 W0 SOLVE 4x2 2026-07-22T16:51:27.787
ATTEMPT 353 W0 DONE 4x2 seed=627357 nsol=16 0.01s 2026-07-22T16:51:27.803
ATTEMPT 354 W0 START 4x2 seed=627358 2026-07-22T16:51:27.803
ATTEMPT 354 W0 SOLVE 4x2 2026-07-22T16:51:27.810
ATTEMPT 354 W0 DONE 4x2 seed=627358 nsol=16 0.02s 2026-07-22T16:51:27.827
ATTEMPT 355 W0 START 4x2 seed=627359 2026-07-22T16:51:27.828
ATTEMPT 355 W0 SOLVE 4x2 2026-07-22T16:51:27.834
ATTEMPT 355 W0 DONE 4x2 seed=627359 nsol=16 0.01s 2026-07-22T16:51:27.840
ATTEMPT 356 W0 START 4x2 seed=627360 2026-07-22T16:51:27.840
ATTEMPT 356 W0 SOLVE 4x2 2026-07-22T16:51:27.846
ATTEMPT 356 W0 DONE 4x2 seed=627360 nsol=16 0.01s 2026-07-22T16:51:27.860
ATTEMPT 357 W0 START 4x2 seed=627361 2026-07-22T16:51:27.860
ATTEMPT 357 W0 SOLVE 4x2 2026-07-22T16:51:27.870
ATTEMPT 357 W0 DONE 4x2 seed=627361 nsol=16 0.00s 2026-07-22T16:51:27.881
ATTEMPT 358 W0 START 4x2 seed=627362 2026-07-22T16:51:27.881
ATTEMPT 358 W0 SOLVE 4x2 2026-07-22T16:51:27.890
ATTEMPT 358 W0 DONE 4x2 seed=627362 nsol=16 0.02s 2026-07-22T16:51:27.912
ATTEMPT 359 W0 START 4x2 seed=627363 2026-07-22T16:51:27.912
ATTEMPT 359 W0 SOLVE 4x2 2026-07-22T16:51:27.922
ATTEMPT 359 W0 DONE 4x2 seed=627363 nsol=16 0.01s 2026-07-22T16:51:27.932
ATTEMPT 360 W0 START 4x2 seed=627364 2026-07-22T16:51:27.932
ATTEMPT 360 W0 SOLVE 4x2 2026-07-22T16:51:27.942
ATTEMPT 360 W0 DONE 4x2 seed=627364 nsol=16 0.03s 2026-07-22T16:51:27.969
ATTEMPT 361 W0 START 4x2 seed=627365 2026-07-22T16:51:27.971
ATTEMPT 361 W0 SOLVE 4x2 2026-07-22T16:51:27.977
ATTEMPT 361 W0 DONE 4x2 seed=627365 nsol=16 0.01s 2026-07-22T16:51:27.983
ATTEMPT 362 W0 START 4x2 seed=627366 2026-07-22T16:51:27.983
ATTEMPT 362 W0 SOLVE 4x2 2026-07-22T16:51:27.988
ATTEMPT 362 W0 DONE 4x2 seed=627366 nsol=16 0.01s 2026-07-22T16:51:27.994
ATTEMPT 363 W0 START 4x2 seed=627367 2026-07-22T16:51:27.994
ATTEMPT 363 W0 SOLVE 4x2 2026-07-22T16:51:27.999
ATTEMPT 363 W0 DONE 4x2 seed=627367 nsol=16 0.05s 2026-07-22T16:51:28.048
ATTEMPT 364 W0 START 4x2 seed=627368 2026-07-22T16:51:28.049
ATTEMPT 364 W0 SOLVE 4x2 2026-07-22T16:51:28.054
ATTEMPT 364 W0 DONE 4x2 seed=627368 nsol=16 0.01s 2026-07-22T16:51:28.067
ATTEMPT 365 W0 START 4x2 seed=627369 2026-07-22T16:51:28.067
ATTEMPT 365 W0 SOLVE 4x2 2026-07-22T16:51:28.073
ATTEMPT 365 W0 DONE 4x2 seed=627369 nsol=16 0.01s 2026-07-22T16:51:28.081
ATTEMPT 366 W0 START 4x2 seed=627370 2026-07-22T16:51:28.081
ATTEMPT 366 W0 SOLVE 4x2 2026-07-22T16:51:28.087
ATTEMPT 366 W0 DONE 4x2 seed=627370 nsol=16 0.01s 2026-07-22T16:51:28.096
ATTEMPT 367 W0 START 4x2 seed=627371 2026-07-22T16:51:28.096
ATTEMPT 367 W0 SOLVE 4x2 2026-07-22T16:51:28.106
ATTEMPT 367 W0 DONE 4x2 seed=627371 nsol=16 0.01s 2026-07-22T16:51:28.120
ATTEMPT 368 W0 START 4x2 seed=627372 2026-07-22T16:51:28.121
ATTEMPT 368 W0 SOLVE 4x2 2026-07-22T16:51:28.128
ATTEMPT 368 W0 DONE 4x2 seed=627372 nsol=16 0.01s 2026-07-22T16:51:28.144
ATTEMPT 369 W0 START 4x2 seed=627373 2026-07-22T16:51:28.145
ATTEMPT 369 W0 SOLVE 4x2 2026-07-22T16:51:28.161
ATTEMPT 369 W0 DONE 4x2 seed=627373 nsol=16 0.01s 2026-07-22T16:51:28.174
ATTEMPT 370 W0 START 4x2 seed=627374 2026-07-22T16:51:28.174
ATTEMPT 370 W0 SOLVE 4x2 2026-07-22T16:51:28.183
ATTEMPT 370 W0 DONE 4x2 seed=627374 nsol=16 0.01s 2026-07-22T16:51:28.192
ATTEMPT 371 W0 START 4x2 seed=627375 2026-07-22T16:51:28.192
ATTEMPT 371 W0 SOLVE 4x2 2026-07-22T16:51:28.203
ATTEMPT 371 W0 DONE 4x2 seed=627375 nsol=16 0.02s 2026-07-22T16:51:28.224
ATTEMPT 372 W0 START 4x2 seed=627376 2026-07-22T16:51:28.224
ATTEMPT 372 W0 SOLVE 4x2 2026-07-22T16:51:28.233
ATTEMPT 372 W0 DONE 4x2 seed=627376 nsol=16 0.01s 2026-07-22T16:51:28.246
ATTEMPT 373 W0 START 4x2 seed=627377 2026-07-22T16:51:28.246
ATTEMPT 373 W0 SOLVE 4x2 2026-07-22T16:51:28.265
ATTEMPT 373 W0 DONE 4x2 seed=627377 nsol=16 0.02s 2026-07-22T16:51:28.284
ATTEMPT 374 W0 START 4x2 seed=627378 2026-07-22T16:51:28.285
ATTEMPT 374 W0 SOLVE 4x2 2026-07-22T16:51:28.299
ATTEMPT 374 W0 DONE 4x2 seed=627378 nsol=16 0.02s 2026-07-22T16:51:28.316
ATTEMPT 375 W0 START 4x2 seed=627379 2026-07-22T16:51:28.317
ATTEMPT 375 W0 SOLVE 4x2 2026-07-22T16:51:28.331
ATTEMPT 375 W0 DONE 4x2 seed=627379 nsol=16 0.02s 2026-07-22T16:51:28.356
ATTEMPT 376 W0 START 4x2 seed=627380 2026-07-22T16:51:28.356
ATTEMPT 376 W0 SOLVE 4x2 2026-07-22T16:51:28.367
ATTEMPT 376 W0 DONE 4x2 seed=627380 nsol=16 0.02s 2026-07-22T16:51:28.396
ATTEMPT 377 W0 START 4x2 seed=627381 2026-07-22T16:51:28.396
ATTEMPT 377 W0 SOLVE 4x2 2026-07-22T16:51:28.403
ATTEMPT 377 W0 DONE 4x2 seed=627381 nsol=16 0.03s 2026-07-22T16:51:28.429
ATTEMPT 378 W0 START 4x2 seed=627382 2026-07-22T16:51:28.429
ATTEMPT 378 W0 SOLVE 4x2 2026-07-22T16:51:28.443
ATTEMPT 378 W0 DONE 4x2 seed=627382 nsol=16 0.01s 2026-07-22T16:51:28.456
ATTEMPT 379 W0 START 4x2 seed=627383 2026-07-22T16:51:28.456
ATTEMPT 379 W0 SOLVE 4x2 2026-07-22T16:51:28.469
ATTEMPT 379 W0 DONE 4x2 seed=627383 nsol=16 0.02s 2026-07-22T16:51:28.488
ATTEMPT 380 W0 START 4x2 seed=627384 2026-07-22T16:51:28.488
ATTEMPT 380 W0 SOLVE 4x2 2026-07-22T16:51:28.498
ATTEMPT 380 W0 DONE 4x2 seed=627384 nsol=16 0.02s 2026-07-22T16:51:28.521
ATTEMPT 381 W0 START 4x2 seed=627385 2026-07-22T16:51:28.521
ATTEMPT 381 W0 SOLVE 4x2 2026-07-22T16:51:28.531
ATTEMPT 381 W0 DONE 4x2 seed=627385 nsol=16 0.02s 2026-07-22T16:51:28.547
ATTEMPT 382 W0 START 4x2 seed=627386 2026-07-22T16:51:28.548
ATTEMPT 382 W0 SOLVE 4x2 2026-07-22T16:51:28.557
ATTEMPT 382 W0 DONE 4x2 seed=627386 nsol=16 0.02s 2026-07-22T16:51:28.580
ATTEMPT 383 W0 START 4x2 seed=627387 2026-07-22T16:51:28.580
ATTEMPT 383 W0 SOLVE 4x2 2026-07-22T16:51:28.595
ATTEMPT 383 W0 DONE 4x2 seed=627387 nsol=16 0.03s 2026-07-22T16:51:28.624
ATTEMPT 384 W0 START 4x2 seed=627388 2026-07-22T16:51:28.624
ATTEMPT 384 W0 SOLVE 4x2 2026-07-22T16:51:28.642
ATTEMPT 384 W0 DONE 4x2 seed=627388 nsol=16 0.03s 2026-07-22T16:51:28.672
ATTEMPT 385 W0 START 4x2 seed=627389 2026-07-22T16:51:28.673
ATTEMPT 385 W0 SOLVE 4x2 2026-07-22T16:51:28.686
ATTEMPT 385 W0 DONE 4x2 seed=627389 nsol=16 0.02s 2026-07-22T16:51:28.704
ATTEMPT 386 W0 START 4x2 seed=627390 2026-07-22T16:51:28.704
ATTEMPT 386 W0 SOLVE 4x2 2026-07-22T16:51:28.714
ATTEMPT 386 W0 DONE 4x2 seed=627390 nsol=16 0.01s 2026-07-22T16:51:28.728
ATTEMPT 387 W0 START 4x2 seed=627391 2026-07-22T16:51:28.728
ATTEMPT 387 W0 SOLVE 4x2 2026-07-22T16:51:28.737
ATTEMPT 387 W0 DONE 4x2 seed=627391 nsol=16 0.01s 2026-07-22T16:51:28.744
ATTEMPT 388 W0 START 4x2 seed=627392 2026-07-22T16:51:28.744
ATTEMPT 388 W0 SOLVE 4x2 2026-07-22T16:51:28.754
ATTEMPT 388 W0 DONE 4x2 seed=627392 nsol=16 0.00s 2026-07-22T16:51:28.764
ATTEMPT 389 W0 START 4x2 seed=627393 2026-07-22T16:51:28.764
ATTEMPT 389 W0 SOLVE 4x2 2026-07-22T16:51:28.774
ATTEMPT 389 W0 DONE 4x2 seed=627393 nsol=16 0.01s 2026-07-22T16:51:28.784
ATTEMPT 390 W0 START 4x2 seed=627394 2026-07-22T16:51:28.784
ATTEMPT 390 W0 SOLVE 4x2 2026-07-22T16:51:28.795
ATTEMPT 390 W0 DONE 4x2 seed=627394 nsol=16 0.02s 2026-07-22T16:51:28.814
ATTEMPT 391 W0 START 4x2 seed=627395 2026-07-22T16:51:28.815
ATTEMPT 391 W0 SOLVE 4x2 2026-07-22T16:51:28.830
ATTEMPT 391 W0 DONE 4x2 seed=627395 nsol=16 0.01s 2026-07-22T16:51:28.839
ATTEMPT 392 W0 START 4x2 seed=627396 2026-07-22T16:51:28.839
ATTEMPT 392 W0 SOLVE 4x2 2026-07-22T16:51:28.844
ATTEMPT 392 W0 DONE 4x2 seed=627396 nsol=16 0.01s 2026-07-22T16:51:28.856
ATTEMPT 393 W0 START 4x2 seed=627397 2026-07-22T16:51:28.856
ATTEMPT 393 W0 SOLVE 4x2 2026-07-22T16:51:28.862
ATTEMPT 393 W0 DONE 4x2 seed=627397 nsol=16 0.05s 2026-07-22T16:51:28.915
ATTEMPT 394 W0 START 4x2 seed=627398 2026-07-22T16:51:28.915
ATTEMPT 394 W0 SOLVE 4x2 2026-07-22T16:51:28.921
ATTEMPT 394 W0 DONE 4x2 seed=627398 nsol=16 0.02s 2026-07-22T16:51:28.939
ATTEMPT 395 W0 START 4x2 seed=627399 2026-07-22T16:51:28.939
ATTEMPT 395 W0 SOLVE 4x2 2026-07-22T16:51:28.945
ATTEMPT 395 W0 DONE 4x2 seed=627399 nsol=16 0.01s 2026-07-22T16:51:28.951
ATTEMPT 396 W0 START 4x2 seed=627400 2026-07-22T16:51:28.951
ATTEMPT 396 W0 SOLVE 4x2 2026-07-22T16:51:28.957
ATTEMPT 396 W0 DONE 4x2 seed=627400 nsol=16 0.02s 2026-07-22T16:51:28.977
ATTEMPT 397 W0 START 4x2 seed=627401 2026-07-22T16:51:28.978
ATTEMPT 397 W0 SOLVE 4x2 2026-07-22T16:51:28.983
ATTEMPT 397 W0 DONE 4x2 seed=627401 nsol=16 0.01s 2026-07-22T16:51:28.994
ATTEMPT 398 W0 START 4x2 seed=627402 2026-07-22T16:51:28.995
ATTEMPT 398 W0 SOLVE 4x2 2026-07-22T16:51:29.001
ATTEMPT 398 W0 DONE 4x2 seed=627402 nsol=16 0.01s 2026-07-22T16:51:29.007
ATTEMPT 399 W0 START 4x2 seed=627403 2026-07-22T16:51:29.007
ATTEMPT 399 W0 SOLVE 4x2 2026-07-22T16:51:29.016
ATTEMPT 399 W0 DONE 4x2 seed=627403 nsol=16 0.01s 2026-07-22T16:51:29.030
ATTEMPT 400 W0 START 4x2 seed=627404 2026-07-22T16:51:29.031
ATTEMPT 400 W0 SOLVE 4x2 2026-07-22T16:51:29.035
ATTEMPT 400 W0 DONE 4x2 seed=627404 nsol=16 0.02s 2026-07-22T16:51:29.052
ATTEMPT 401 W0 START 4x2 seed=627405 2026-07-22T16:51:29.052
ATTEMPT 401 W0 SOLVE 4x2 2026-07-22T16:51:29.058
ATTEMPT 401 W0 DONE 4x2 seed=627405 nsol=16 0.01s 2026-07-22T16:51:29.069
ATTEMPT 402 W0 START 4x2 seed=627406 2026-07-22T16:51:29.069
ATTEMPT 402 W0 SOLVE 4x2 2026-07-22T16:51:29.086
ATTEMPT 402 W0 DONE 4x2 seed=627406 nsol=16 0.02s 2026-07-22T16:51:29.101
ATTEMPT 403 W0 START 4x2 seed=627407 2026-07-22T16:51:29.101
ATTEMPT 403 W0 SOLVE 4x2 2026-07-22T16:51:29.107
ATTEMPT 403 W0 DONE 4x2 seed=627407 nsol=16 0.00s 2026-07-22T16:51:29.111
ATTEMPT 404 W0 START 4x2 seed=627408 2026-07-22T16:51:29.111
ATTEMPT 404 W0 SOLVE 4x2 2026-07-22T16:51:29.117
ATTEMPT 404 W0 DONE 4x2 seed=627408 nsol=16 0.01s 2026-07-22T16:51:29.129
ATTEMPT 405 W0 START 4x2 seed=627409 2026-07-22T16:51:29.129
ATTEMPT 405 W0 SOLVE 4x2 2026-07-22T16:51:29.142
ATTEMPT 405 W0 DONE 4x2 seed=627409 nsol=16 0.01s 2026-07-22T16:51:29.148
ATTEMPT 406 W0 START 4x2 seed=627410 2026-07-22T16:51:29.148
ATTEMPT 406 W0 SOLVE 4x2 2026-07-22T16:51:29.154
ATTEMPT 406 W0 DONE 4x2 seed=627410 nsol=16 0.01s 2026-07-22T16:51:29.166
ATTEMPT 407 W0 START 4x2 seed=627411 2026-07-22T16:51:29.166
ATTEMPT 407 W0 SOLVE 4x2 2026-07-22T16:51:29.172
ATTEMPT 407 W0 DONE 4x2 seed=627411 nsol=16 0.00s 2026-07-22T16:51:29.176
ATTEMPT 408 W0 START 4x2 seed=627412 2026-07-22T16:51:29.176
ATTEMPT 408 W0 SOLVE 4x2 2026-07-22T16:51:29.182
ATTEMPT 408 W0 DONE 4x2 seed=627412 nsol=16 0.01s 2026-07-22T16:51:29.196
ATTEMPT 409 W0 START 4x2 seed=627413 2026-07-22T16:51:29.196
ATTEMPT 409 W0 SOLVE 4x2 2026-07-22T16:51:29.202
ATTEMPT 409 W0 DONE 4x2 seed=627413 nsol=16 0.01s 2026-07-22T16:51:29.208
ATTEMPT 410 W0 START 4x2 seed=627414 2026-07-22T16:51:29.208
ATTEMPT 410 W0 SOLVE 4x2 2026-07-22T16:51:29.213
ATTEMPT 410 W0 DONE 4x2 seed=627414 nsol=16 0.02s 2026-07-22T16:51:29.229
ATTEMPT 411 W0 START 4x2 seed=627415 2026-07-22T16:51:29.230
ATTEMPT 411 W0 SOLVE 4x2 2026-07-22T16:51:29.235
ATTEMPT 411 W0 DONE 4x2 seed=627415 nsol=16 0.00s 2026-07-22T16:51:29.240
ATTEMPT 412 W0 START 4x2 seed=627416 2026-07-22T16:51:29.240
ATTEMPT 412 W0 SOLVE 4x2 2026-07-22T16:51:29.246
ATTEMPT 412 W0 DONE 4x2 seed=627416 nsol=16 0.01s 2026-07-22T16:51:29.253
ATTEMPT 413 W0 START 4x2 seed=627417 2026-07-22T16:51:29.253
ATTEMPT 413 W0 SOLVE 4x2 2026-07-22T16:51:29.259
ATTEMPT 413 W0 DONE 4x2 seed=627417 nsol=16 0.01s 2026-07-22T16:51:29.268
ATTEMPT 414 W0 START 4x2 seed=627418 2026-07-22T16:51:29.268
ATTEMPT 414 W0 SOLVE 4x2 2026-07-22T16:51:29.273
ATTEMPT 414 W0 DONE 4x2 seed=627418 nsol=16 0.01s 2026-07-22T16:51:29.288
ATTEMPT 415 W0 START 4x2 seed=627419 2026-07-22T16:51:29.288
ATTEMPT 415 W0 SOLVE 4x2 2026-07-22T16:51:29.293
ATTEMPT 415 W0 DONE 4x2 seed=627419 nsol=16 0.03s 2026-07-22T16:51:29.320
ATTEMPT 416 W0 START 4x2 seed=627420 2026-07-22T16:51:29.320
ATTEMPT 416 W0 SOLVE 4x2 2026-07-22T16:51:29.326
ATTEMPT 416 W0 DONE 4x2 seed=627420 nsol=16 0.01s 2026-07-22T16:51:29.340
ATTEMPT 417 W0 START 4x2 seed=627421 2026-07-22T16:51:29.341
ATTEMPT 417 W0 SOLVE 4x2 2026-07-22T16:51:29.347
ATTEMPT 417 W0 DONE 4x2 seed=627421 nsol=16 0.01s 2026-07-22T16:51:29.360
ATTEMPT 418 W0 START 4x2 seed=627422 2026-07-22T16:51:29.360
ATTEMPT 418 W0 SOLVE 4x2 2026-07-22T16:51:29.365
ATTEMPT 418 W0 DONE 4x2 seed=627422 nsol=16 0.01s 2026-07-22T16:51:29.372
ATTEMPT 419 W0 START 4x2 seed=627423 2026-07-22T16:51:29.372
ATTEMPT 419 W0 SOLVE 4x2 2026-07-22T16:51:29.378
ATTEMPT 419 W0 DONE 4x2 seed=627423 nsol=16 0.03s 2026-07-22T16:51:29.404
ATTEMPT 420 W0 START 4x2 seed=627424 2026-07-22T16:51:29.405
ATTEMPT 420 W0 SOLVE 4x2 2026-07-22T16:51:29.412
ATTEMPT 420 W0 DONE 4x2 seed=627424 nsol=16 0.01s 2026-07-22T16:51:29.418
ATTEMPT 421 W0 START 4x2 seed=627425 2026-07-22T16:51:29.418
ATTEMPT 421 W0 SOLVE 4x2 2026-07-22T16:51:29.425
ATTEMPT 421 W0 DONE 4x2 seed=627425 nsol=16 0.01s 2026-07-22T16:51:29.440
ATTEMPT 422 W0 START 4x2 seed=627426 2026-07-22T16:51:29.440
ATTEMPT 422 W0 SOLVE 4x2 2026-07-22T16:51:29.447
ATTEMPT 422 W0 DONE 4x2 seed=627426 nsol=16 0.01s 2026-07-22T16:51:29.453
ATTEMPT 423 W0 START 4x2 seed=627427 2026-07-22T16:51:29.453
ATTEMPT 423 W0 SOLVE 4x2 2026-07-22T16:51:29.458
ATTEMPT 423 W0 DONE 4x2 seed=627427 nsol=16 0.21s 2026-07-22T16:51:29.668
ATTEMPT 424 W0 START 4x2 seed=627428 2026-07-22T16:51:29.669
ATTEMPT 424 W0 SOLVE 4x2 2026-07-22T16:51:29.708
ATTEMPT 424 W0 DONE 4x2 seed=627428 nsol=16 0.02s 2026-07-22T16:51:29.728
ATTEMPT 425 W0 START 4x2 seed=627429 2026-07-22T16:51:29.729
ATTEMPT 425 W0 SOLVE 4x2 2026-07-22T16:51:29.747
ATTEMPT 425 W0 DONE 4x2 seed=627429 nsol=16 0.04s 2026-07-22T16:51:29.784
ATTEMPT 426 W0 START 4x2 seed=627430 2026-07-22T16:51:29.784
ATTEMPT 426 W0 SOLVE 4x2 2026-07-22T16:51:29.800
ATTEMPT 426 W0 DONE 4x2 seed=627430 nsol=16 0.01s 2026-07-22T16:51:29.812
ATTEMPT 427 W0 START 4x2 seed=627431 2026-07-22T16:51:29.813
ATTEMPT 427 W0 SOLVE 4x2 2026-07-22T16:51:29.823
ATTEMPT 427 W0 DONE 4x2 seed=627431 nsol=16 0.02s 2026-07-22T16:51:29.846
ATTEMPT 428 W0 START 4x2 seed=627432 2026-07-22T16:51:29.846
ATTEMPT 428 W0 SOLVE 4x2 2026-07-22T16:51:29.856
ATTEMPT 428 W0 DONE 4x2 seed=627432 nsol=16 0.01s 2026-07-22T16:51:29.867
ATTEMPT 429 W0 START 4x2 seed=627433 2026-07-22T16:51:29.868
ATTEMPT 429 W0 SOLVE 4x2 2026-07-22T16:51:29.878
ATTEMPT 429 W0 DONE 4x2 seed=627433 nsol=16 0.02s 2026-07-22T16:51:29.896
ATTEMPT 430 W0 START 4x2 seed=627434 2026-07-22T16:51:29.896
ATTEMPT 430 W0 SOLVE 4x2 2026-07-22T16:51:29.911
ATTEMPT 430 W0 DONE 4x2 seed=627434 nsol=16 0.02s 2026-07-22T16:51:29.932
ATTEMPT 431 W0 START 4x2 seed=627435 2026-07-22T16:51:29.932
ATTEMPT 431 W0 SOLVE 4x2 2026-07-22T16:51:29.942
ATTEMPT 431 W0 DONE 4x2 seed=627435 nsol=16 0.02s 2026-07-22T16:51:29.960
ATTEMPT 432 W0 START 4x2 seed=627436 2026-07-22T16:51:29.960
ATTEMPT 432 W0 SOLVE 4x2 2026-07-22T16:51:29.965
ATTEMPT 432 W0 DONE 4x2 seed=627436 nsol=16 0.01s 2026-07-22T16:51:29.979
ATTEMPT 433 W0 START 4x2 seed=627437 2026-07-22T16:51:29.980
ATTEMPT 433 W0 SOLVE 4x2 2026-07-22T16:51:29.986
ATTEMPT 433 W0 DONE 4x2 seed=627437 nsol=16 0.01s 2026-07-22T16:51:29.995
ATTEMPT 434 W0 START 4x2 seed=627438 2026-07-22T16:51:29.995
ATTEMPT 434 W0 SOLVE 4x2 2026-07-22T16:51:30.001
ATTEMPT 434 W0 DONE 4x2 seed=627438 nsol=16 0.01s 2026-07-22T16:51:30.012
ATTEMPT 435 W0 START 4x2 seed=627439 2026-07-22T16:51:30.012
ATTEMPT 435 W0 SOLVE 4x2 2026-07-22T16:51:30.019
ATTEMPT 435 W0 DONE 4x2 seed=627439 nsol=16 0.01s 2026-07-22T16:51:30.026
ATTEMPT 436 W0 START 4x2 seed=627440 2026-07-22T16:51:30.026
ATTEMPT 436 W0 SOLVE 4x2 2026-07-22T16:51:30.031
ATTEMPT 436 W0 DONE 4x2 seed=627440 nsol=16 0.01s 2026-07-22T16:51:30.043
ATTEMPT 437 W0 START 4x2 seed=627441 2026-07-22T16:51:30.043
ATTEMPT 437 W0 SOLVE 4x2 2026-07-22T16:51:30.057
ATTEMPT 437 W0 DONE 4x2 seed=627441 nsol=16 0.02s 2026-07-22T16:51:30.080
ATTEMPT 438 W0 START 4x2 seed=627442 2026-07-22T16:51:30.084
ATTEMPT 438 W0 SOLVE 4x2 2026-07-22T16:51:30.090
ATTEMPT 438 W0 DONE 4x2 seed=627442 nsol=16 0.01s 2026-07-22T16:51:30.104
ATTEMPT 439 W0 START 4x2 seed=627443 2026-07-22T16:51:30.104
ATTEMPT 439 W0 SOLVE 4x2 2026-07-22T16:51:30.109
ATTEMPT 439 W0 DONE 4x2 seed=627443 nsol=16 0.01s 2026-07-22T16:51:30.115
ATTEMPT 440 W0 START 4x2 seed=627444 2026-07-22T16:51:30.115
ATTEMPT 440 W0 SOLVE 4x2 2026-07-22T16:51:30.121
ATTEMPT 440 W0 DONE 4x2 seed=627444 nsol=16 0.01s 2026-07-22T16:51:30.128
ATTEMPT 441 W0 START 4x2 seed=627445 2026-07-22T16:51:30.128
ATTEMPT 441 W0 SOLVE 4x2 2026-07-22T16:51:30.133
ATTEMPT 441 W0 DONE 4x2 seed=627445 nsol=16 0.01s 2026-07-22T16:51:30.140
ATTEMPT 442 W0 START 4x2 seed=627446 2026-07-22T16:51:30.140
ATTEMPT 442 W0 SOLVE 4x2 2026-07-22T16:51:30.145
ATTEMPT 442 W0 DONE 4x2 seed=627446 nsol=16 0.01s 2026-07-22T16:51:30.153
ATTEMPT 443 W0 START 4x2 seed=627447 2026-07-22T16:51:30.153
ATTEMPT 443 W0 SOLVE 4x2 2026-07-22T16:51:30.158
ATTEMPT 443 W0 DONE 4x2 seed=627447 nsol=16 0.01s 2026-07-22T16:51:30.172
ATTEMPT 444 W0 START 4x2 seed=627448 2026-07-22T16:51:30.172
ATTEMPT 444 W0 SOLVE 4x2 2026-07-22T16:51:30.178
ATTEMPT 444 W0 DONE 4x2 seed=627448 nsol=16 0.01s 2026-07-22T16:51:30.188
ATTEMPT 445 W0 START 4x2 seed=627449 2026-07-22T16:51:30.188
ATTEMPT 445 W0 SOLVE 4x2 2026-07-22T16:51:30.193
ATTEMPT 445 W0 DONE 4x2 seed=627449 nsol=16 0.01s 2026-07-22T16:51:30.206
ATTEMPT 446 W0 START 4x2 seed=627450 2026-07-22T16:51:30.207
ATTEMPT 446 W0 SOLVE 4x2 2026-07-22T16:51:30.214
ATTEMPT 446 W0 DONE 4x2 seed=627450 nsol=16 0.01s 2026-07-22T16:51:30.220
ATTEMPT 447 W0 START 4x2 seed=627451 2026-07-22T16:51:30.221
ATTEMPT 447 W0 SOLVE 4x2 2026-07-22T16:51:30.227
ATTEMPT 447 W0 DONE 4x2 seed=627451 nsol=16 0.02s 2026-07-22T16:51:30.247
ATTEMPT 448 W0 START 4x2 seed=627452 2026-07-22T16:51:30.248
ATTEMPT 448 W0 SOLVE 4x2 2026-07-22T16:51:30.253
ATTEMPT 448 W0 DONE 4x2 seed=627452 nsol=16 0.03s 2026-07-22T16:51:30.281
ATTEMPT 449 W0 START 4x2 seed=627453 2026-07-22T16:51:30.281
ATTEMPT 449 W0 SOLVE 4x2 2026-07-22T16:51:30.287
ATTEMPT 449 W0 DONE 4x2 seed=627453 nsol=16 0.01s 2026-07-22T16:51:30.293
ATTEMPT 450 W0 START 4x2 seed=627454 2026-07-22T16:51:30.293
ATTEMPT 450 W0 SOLVE 4x2 2026-07-22T16:51:30.300
ATTEMPT 450 W0 DONE 4x2 seed=627454 nsol=16 0.01s 2026-07-22T16:51:30.308
ATTEMPT 451 W0 START 4x2 seed=627455 2026-07-22T16:51:30.308
ATTEMPT 451 W0 SOLVE 4x2 2026-07-22T16:51:30.314
ATTEMPT 451 W0 DONE 4x2 seed=627455 nsol=16 0.03s 2026-07-22T16:51:30.340
ATTEMPT 452 W0 START 4x2 seed=627456 2026-07-22T16:51:30.340
ATTEMPT 452 W0 SOLVE 4x2 2026-07-22T16:51:30.346
ATTEMPT 452 W0 DONE 4x2 seed=627456 nsol=16 0.01s 2026-07-22T16:51:30.356
ATTEMPT 453 W0 START 4x2 seed=627457 2026-07-22T16:51:30.356
ATTEMPT 453 W0 SOLVE 4x2 2026-07-22T16:51:30.362
ATTEMPT 453 W0 DONE 4x2 seed=627457 nsol=16 0.01s 2026-07-22T16:51:30.376
ATTEMPT 454 W0 START 4x2 seed=627458 2026-07-22T16:51:30.376
ATTEMPT 454 W0 SOLVE 4x2 2026-07-22T16:51:30.381
ATTEMPT 454 W0 DONE 4x2 seed=627458 nsol=16 0.01s 2026-07-22T16:51:30.393
ATTEMPT 455 W0 START 4x2 seed=627459 2026-07-22T16:51:30.393
ATTEMPT 455 W0 SOLVE 4x2 2026-07-22T16:51:30.399
ATTEMPT 455 W0 DONE 4x2 seed=627459 nsol=16 0.01s 2026-07-22T16:51:30.407
ATTEMPT 456 W0 START 4x2 seed=627460 2026-07-22T16:51:30.407
ATTEMPT 456 W0 SOLVE 4x2 2026-07-22T16:51:30.412
ATTEMPT 456 W0 DONE 4x2 seed=627460 nsol=16 0.01s 2026-07-22T16:51:30.420
ATTEMPT 457 W0 START 4x2 seed=627461 2026-07-22T16:51:30.420
ATTEMPT 457 W0 SOLVE 4x2 2026-07-22T16:51:30.425
ATTEMPT 457 W0 DONE 4x2 seed=627461 nsol=16 0.02s 2026-07-22T16:51:30.440
ATTEMPT 458 W0 START 4x2 seed=627462 2026-07-22T16:51:30.440
ATTEMPT 458 W0 SOLVE 4x2 2026-07-22T16:51:30.446
ATTEMPT 458 W0 DONE 4x2 seed=627462 nsol=16 0.01s 2026-07-22T16:51:30.456
ATTEMPT 459 W0 START 4x2 seed=627463 2026-07-22T16:51:30.456
ATTEMPT 459 W0 SOLVE 4x2 2026-07-22T16:51:30.461
ATTEMPT 459 W0 DONE 4x2 seed=627463 nsol=16 0.01s 2026-07-22T16:51:30.472
ATTEMPT 460 W0 START 4x2 seed=627464 2026-07-22T16:51:30.472
ATTEMPT 460 W0 SOLVE 4x2 2026-07-22T16:51:30.477
ATTEMPT 460 W0 DONE 4x2 seed=627464 nsol=16 0.01s 2026-07-22T16:51:30.492
ATTEMPT 461 W0 START 4x2 seed=627465 2026-07-22T16:51:30.492
ATTEMPT 461 W0 SOLVE 4x2 2026-07-22T16:51:30.498
ATTEMPT 461 W0 DONE 4x2 seed=627465 nsol=16 0.01s 2026-07-22T16:51:30.507
ATTEMPT 462 W0 START 4x2 seed=627466 2026-07-22T16:51:30.507
ATTEMPT 462 W0 SOLVE 4x2 2026-07-22T16:51:30.514
ATTEMPT 462 W0 DONE 4x2 seed=627466 nsol=16 0.02s 2026-07-22T16:51:30.536
ATTEMPT 463 W0 START 4x2 seed=627467 2026-07-22T16:51:30.536
ATTEMPT 463 W0 SOLVE 4x2 2026-07-22T16:51:30.542
ATTEMPT 463 W0 DONE 4x2 seed=627467 nsol=16 0.01s 2026-07-22T16:51:30.552
ATTEMPT 464 W0 START 4x2 seed=627468 2026-07-22T16:51:30.552
ATTEMPT 464 W0 SOLVE 4x2 2026-07-22T16:51:30.558
ATTEMPT 464 W0 DONE 4x2 seed=627468 nsol=16 0.01s 2026-07-22T16:51:30.570
ATTEMPT 465 W0 START 4x2 seed=627469 2026-07-22T16:51:30.570
ATTEMPT 465 W0 SOLVE 4x2 2026-07-22T16:51:30.576
ATTEMPT 465 W0 DONE 4x2 seed=627469 nsol=16 0.01s 2026-07-22T16:51:30.584
ATTEMPT 466 W0 START 4x2 seed=627470 2026-07-22T16:51:30.584
ATTEMPT 466 W0 SOLVE 4x2 2026-07-22T16:51:30.589
ATTEMPT 466 W0 DONE 4x2 seed=627470 nsol=16 0.01s 2026-07-22T16:51:30.600
ATTEMPT 467 W0 START 4x2 seed=627471 2026-07-22T16:51:30.600
ATTEMPT 467 W0 SOLVE 4x2 2026-07-22T16:51:30.608
ATTEMPT 467 W0 DONE 4x2 seed=627471 nsol=16 0.01s 2026-07-22T16:51:30.621
ATTEMPT 468 W0 START 4x2 seed=627472 2026-07-22T16:51:30.621
ATTEMPT 468 W0 SOLVE 4x2 2026-07-22T16:51:30.626
ATTEMPT 468 W0 DONE 4x2 seed=627472 nsol=16 0.01s 2026-07-22T16:51:30.640
ATTEMPT 469 W0 START 4x2 seed=627473 2026-07-22T16:51:30.640
ATTEMPT 469 W0 SOLVE 4x2 2026-07-22T16:51:30.647
ATTEMPT 469 W0 DONE 4x2 seed=627473 nsol=16 0.01s 2026-07-22T16:51:30.656
ATTEMPT 470 W0 START 4x2 seed=627474 2026-07-22T16:51:30.656
ATTEMPT 470 W0 SOLVE 4x2 2026-07-22T16:51:30.662
ATTEMPT 470 W0 DONE 4x2 seed=627474 nsol=16 0.03s 2026-07-22T16:51:30.688
ATTEMPT 471 W0 START 4x2 seed=627475 2026-07-22T16:51:30.688
ATTEMPT 471 W0 SOLVE 4x2 2026-07-22T16:51:30.693
ATTEMPT 471 W0 DONE 4x2 seed=627475 nsol=16 0.01s 2026-07-22T16:51:30.700
ATTEMPT 472 W0 START 4x2 seed=627476 2026-07-22T16:51:30.700
ATTEMPT 472 W0 SOLVE 4x2 2026-07-22T16:51:30.705
ATTEMPT 472 W0 DONE 4x2 seed=627476 nsol=16 0.01s 2026-07-22T16:51:30.716
ATTEMPT 473 W0 START 4x2 seed=627477 2026-07-22T16:51:30.716
ATTEMPT 473 W0 SOLVE 4x2 2026-07-22T16:51:30.721
ATTEMPT 473 W0 DONE 4x2 seed=627477 nsol=16 0.01s 2026-07-22T16:51:30.732
ATTEMPT 474 W0 START 4x2 seed=627478 2026-07-22T16:51:30.732
ATTEMPT 474 W0 SOLVE 4x2 2026-07-22T16:51:30.737
ATTEMPT 474 W0 DONE 4x2 seed=627478 nsol=16 0.01s 2026-07-22T16:51:30.744
ATTEMPT 475 W0 START 4x2 seed=627479 2026-07-22T16:51:30.744
ATTEMPT 475 W0 SOLVE 4x2 2026-07-22T16:51:30.749
ATTEMPT 475 W0 DONE 4x2 seed=627479 nsol=16 0.02s 2026-07-22T16:51:30.765
ATTEMPT 476 W0 START 4x2 seed=627480 2026-07-22T16:51:30.765
ATTEMPT 476 W0 SOLVE 4x2 2026-07-22T16:51:30.774
ATTEMPT 476 W0 DONE 4x2 seed=627480 nsol=16 0.01s 2026-07-22T16:51:30.784
ATTEMPT 477 W0 START 4x2 seed=627481 2026-07-22T16:51:30.784
ATTEMPT 477 W0 SOLVE 4x2 2026-07-22T16:51:30.789
ATTEMPT 477 W0 DONE 4x2 seed=627481 nsol=16 0.03s 2026-07-22T16:51:30.824
ATTEMPT 478 W0 START 4x2 seed=627482 2026-07-22T16:51:30.824
ATTEMPT 478 W0 SOLVE 4x2 2026-07-22T16:51:30.830
ATTEMPT 478 W0 DONE 4x2 seed=627482 nsol=16 0.02s 2026-07-22T16:51:30.852
ATTEMPT 479 W0 START 4x2 seed=627483 2026-07-22T16:51:30.852
ATTEMPT 479 W0 SOLVE 4x2 2026-07-22T16:51:30.858
ATTEMPT 479 W0 DONE 4x2 seed=627483 nsol=16 0.02s 2026-07-22T16:51:30.876
ATTEMPT 480 W0 START 4x2 seed=627484 2026-07-22T16:51:30.876
ATTEMPT 480 W0 SOLVE 4x2 2026-07-22T16:51:30.882
ATTEMPT 480 W0 DONE 4x2 seed=627484 nsol=16 0.01s 2026-07-22T16:51:30.889
ATTEMPT 481 W0 START 4x2 seed=627485 2026-07-22T16:51:30.889
ATTEMPT 481 W0 SOLVE 4x2 2026-07-22T16:51:30.894
ATTEMPT 481 W0 DONE 4x2 seed=627485 nsol=16 0.02s 2026-07-22T16:51:30.912
ATTEMPT 482 W0 START 4x2 seed=627486 2026-07-22T16:51:30.912
ATTEMPT 482 W0 SOLVE 4x2 2026-07-22T16:51:30.917
ATTEMPT 482 W0 DONE 4x2 seed=627486 nsol=16 0.01s 2026-07-22T16:51:30.925
ATTEMPT 483 W0 START 4x2 seed=627487 2026-07-22T16:51:30.925
ATTEMPT 483 W0 SOLVE 4x2 2026-07-22T16:51:30.930
ATTEMPT 483 W0 DONE 4x2 seed=627487 nsol=16 0.01s 2026-07-22T16:51:30.944
ATTEMPT 484 W0 START 4x2 seed=627488 2026-07-22T16:51:30.944
ATTEMPT 484 W0 SOLVE 4x2 2026-07-22T16:51:30.949
ATTEMPT 484 W0 DONE 4x2 seed=627488 nsol=16 0.01s 2026-07-22T16:51:30.956
ATTEMPT 485 W0 START 4x2 seed=627489 2026-07-22T16:51:30.956
ATTEMPT 485 W0 SOLVE 4x2 2026-07-22T16:51:30.962
ATTEMPT 485 W0 DONE 4x2 seed=627489 nsol=16 0.01s 2026-07-22T16:51:30.972
ATTEMPT 486 W0 START 4x2 seed=627490 2026-07-22T16:51:30.972
ATTEMPT 486 W0 SOLVE 4x2 2026-07-22T16:51:30.980
ATTEMPT 486 W0 DONE 4x2 seed=627490 nsol=16 0.02s 2026-07-22T16:51:31
ATTEMPT 487 W0 START 4x2 seed=627491 2026-07-22T16:51:31
ATTEMPT 487 W0 SOLVE 4x2 2026-07-22T16:51:31.007
ATTEMPT 487 W0 DONE 4x2 seed=627491 nsol=16 0.02s 2026-07-22T16:51:31.024
ATTEMPT 488 W0 START 4x2 seed=627492 2026-07-22T16:51:31.024
ATTEMPT 488 W0 SOLVE 4x2 2026-07-22T16:51:31.030
ATTEMPT 488 W0 DONE 4x2 seed=627492 nsol=16 0.01s 2026-07-22T16:51:31.044
ATTEMPT 489 W0 START 4x2 seed=627493 2026-07-22T16:51:31.044
ATTEMPT 489 W0 SOLVE 4x2 2026-07-22T16:51:31.049
ATTEMPT 489 W0 DONE 4x2 seed=627493 nsol=16 0.02s 2026-07-22T16:51:31.066
ATTEMPT 490 W0 START 4x2 seed=627494 2026-07-22T16:51:31.067
ATTEMPT 490 W0 SOLVE 4x2 2026-07-22T16:51:31.073
ATTEMPT 490 W0 DONE 4x2 seed=627494 nsol=16 0.02s 2026-07-22T16:51:31.088
ATTEMPT 491 W0 START 4x2 seed=627495 2026-07-22T16:51:31.088
ATTEMPT 491 W0 SOLVE 4x2 2026-07-22T16:51:31.093
ATTEMPT 491 W0 DONE 4x2 seed=627495 nsol=16 0.02s 2026-07-22T16:51:31.110
ATTEMPT 492 W0 START 4x2 seed=627496 2026-07-22T16:51:31.110
ATTEMPT 492 W0 SOLVE 4x2 2026-07-22T16:51:31.117
ATTEMPT 492 W0 DONE 4x2 seed=627496 nsol=16 0.01s 2026-07-22T16:51:31.129
ATTEMPT 493 W0 START 4x2 seed=627497 2026-07-22T16:51:31.129
ATTEMPT 493 W0 SOLVE 4x2 2026-07-22T16:51:31.134
ATTEMPT 493 W0 DONE 4x2 seed=627497 nsol=16 0.01s 2026-07-22T16:51:31.143
ATTEMPT 494 W0 START 4x2 seed=627498 2026-07-22T16:51:31.143
ATTEMPT 494 W0 SOLVE 4x2 2026-07-22T16:51:31.149
ATTEMPT 494 W0 DONE 4x2 seed=627498 nsol=16 0.01s 2026-07-22T16:51:31.164
ATTEMPT 495 W0 START 4x2 seed=627499 2026-07-22T16:51:31.164
ATTEMPT 495 W0 SOLVE 4x2 2026-07-22T16:51:31.171
ATTEMPT 495 W0 DONE 4x2 seed=627499 nsol=16 0.46s 2026-07-22T16:51:31.629
ATTEMPT 496 W0 START 4x2 seed=627500 2026-07-22T16:51:31.629
ATTEMPT 496 W0 SOLVE 4x2 2026-07-22T16:51:31.647
ATTEMPT 496 W0 DONE 4x2 seed=627500 nsol=16 0.02s 2026-07-22T16:51:31.662
ATTEMPT 497 W0 START 4x2 seed=627501 2026-07-22T16:51:31.662
ATTEMPT 497 W0 SOLVE 4x2 2026-07-22T16:51:31.667
ATTEMPT 497 W0 DONE 4x2 seed=627501 nsol=16 0.02s 2026-07-22T16:51:31.685
ATTEMPT 498 W0 START 4x2 seed=627502 2026-07-22T16:51:31.685
ATTEMPT 498 W0 SOLVE 4x2 2026-07-22T16:51:31.692
ATTEMPT 498 W0 DONE 4x2 seed=627502 nsol=16 0.01s 2026-07-22T16:51:31.699
ATTEMPT 499 W0 START 4x2 seed=627503 2026-07-22T16:51:31.700
ATTEMPT 499 W0 SOLVE 4x2 2026-07-22T16:51:31.706
ATTEMPT 499 W0 DONE 4x2 seed=627503 nsol=16 0.02s 2026-07-22T16:51:31.728
ATTEMPT 500 W0 START 4x2 seed=627504 2026-07-22T16:51:31.728
ATTEMPT 500 W0 SOLVE 4x2 2026-07-22T16:51:31.735
ATTEMPT 500 W0 DONE 4x2 seed=627504 nsol=16 0.01s 2026-07-22T16:51:31.741
ATTEMPT 501 W0 START 4x2 seed=627505 2026-07-22T16:51:31.742
ATTEMPT 501 W0 SOLVE 4x2 2026-07-22T16:51:31.747
ATTEMPT 501 W0 DONE 4x2 seed=627505 nsol=16 0.02s 2026-07-22T16:51:31.768
ATTEMPT 502 W0 START 4x2 seed=627506 2026-07-22T16:51:31.768
ATTEMPT 502 W0 SOLVE 4x2 2026-07-22T16:51:31.773
ATTEMPT 502 W0 DONE 4x2 seed=627506 nsol=16 0.01s 2026-07-22T16:51:31.784
ATTEMPT 503 W0 START 4x2 seed=627507 2026-07-22T16:51:31.784
ATTEMPT 503 W0 SOLVE 4x2 2026-07-22T16:51:31.789
ATTEMPT 503 W0 DONE 4x2 seed=627507 nsol=16 0.01s 2026-07-22T16:51:31.801
ATTEMPT 504 W0 START 4x2 seed=627508 2026-07-22T16:51:31.802
ATTEMPT 504 W0 SOLVE 4x2 2026-07-22T16:51:31.809
ATTEMPT 504 W0 DONE 4x2 seed=627508 nsol=16 0.02s 2026-07-22T16:51:31.825
ATTEMPT 505 W0 START 4x2 seed=627509 2026-07-22T16:51:31.825
ATTEMPT 505 W0 SOLVE 4x2 2026-07-22T16:51:31.834
ATTEMPT 505 W0 DONE 4x2 seed=627509 nsol=16 0.02s 2026-07-22T16:51:31.852
ATTEMPT 506 W0 START 4x2 seed=627510 2026-07-22T16:51:31.852
ATTEMPT 506 W0 SOLVE 4x2 2026-07-22T16:51:31.860
ATTEMPT 506 W0 DONE 4x2 seed=627510 nsol=16 0.02s 2026-07-22T16:51:31.876
ATTEMPT 507 W0 START 4x2 seed=627511 2026-07-22T16:51:31.876
ATTEMPT 507 W0 SOLVE 4x2 2026-07-22T16:51:31.883
ATTEMPT 507 W0 DONE 4x2 seed=627511 nsol=16 0.04s 2026-07-22T16:51:31.924
ATTEMPT 508 W0 START 4x2 seed=627512 2026-07-22T16:51:31.928
ATTEMPT 508 W0 SOLVE 4x2 2026-07-22T16:51:31.933
ATTEMPT 508 W0 DONE 4x2 seed=627512 nsol=16 0.01s 2026-07-22T16:51:31.940
ATTEMPT 509 W0 START 4x2 seed=627513 2026-07-22T16:51:31.940
ATTEMPT 509 W0 SOLVE 4x2 2026-07-22T16:51:31.946
ATTEMPT 509 W0 DONE 4x2 seed=627513 nsol=16 0.03s 2026-07-22T16:51:31.972
ATTEMPT 510 W0 START 4x2 seed=627514 2026-07-22T16:51:31.973
ATTEMPT 510 W0 SOLVE 4x2 2026-07-22T16:51:31.979
ATTEMPT 510 W0 DONE 4x2 seed=627514 nsol=16 0.01s 2026-07-22T16:51:31.985
ATTEMPT 511 W0 START 4x2 seed=627515 2026-07-22T16:51:31.985
ATTEMPT 511 W0 SOLVE 4x2 2026-07-22T16:51:31.990
ATTEMPT 511 W0 DONE 4x2 seed=627515 nsol=16 0.01s 2026-07-22T16:51:32
ATTEMPT 512 W0 START 4x2 seed=627516 2026-07-22T16:51:32
ATTEMPT 512 W0 SOLVE 4x2 2026-07-22T16:51:32.006
ATTEMPT 512 W0 DONE 4x2 seed=627516 nsol=16 0.02s 2026-07-22T16:51:32.028
ATTEMPT 513 W0 START 4x2 seed=627517 2026-07-22T16:51:32.028
ATTEMPT 513 W0 SOLVE 4x2 2026-07-22T16:51:32.036
ATTEMPT 513 W0 DONE 4x2 seed=627517 nsol=16 0.01s 2026-07-22T16:51:32.044
ATTEMPT 514 W0 START 4x2 seed=627518 2026-07-22T16:51:32.045
ATTEMPT 514 W0 SOLVE 4x2 2026-07-22T16:51:32.052
ATTEMPT 514 W0 DONE 4x2 seed=627518 nsol=16 0.01s 2026-07-22T16:51:32.062
ATTEMPT 515 W0 START 4x2 seed=627519 2026-07-22T16:51:32.063
ATTEMPT 515 W0 SOLVE 4x2 2026-07-22T16:51:32.068
ATTEMPT 515 W0 DONE 4x2 seed=627519 nsol=16 0.02s 2026-07-22T16:51:32.083
ATTEMPT 516 W0 START 4x2 seed=627520 2026-07-22T16:51:32.083
ATTEMPT 516 W0 SOLVE 4x2 2026-07-22T16:51:32.093
ATTEMPT 516 W0 DONE 4x2 seed=627520 nsol=16 0.01s 2026-07-22T16:51:32.105
ATTEMPT 517 W0 START 4x2 seed=627521 2026-07-22T16:51:32.105
ATTEMPT 517 W0 SOLVE 4x2 2026-07-22T16:51:32.111
ATTEMPT 517 W0 DONE 4x2 seed=627521 nsol=16 0.03s 2026-07-22T16:51:32.136
ATTEMPT 518 W0 START 4x2 seed=627522 2026-07-22T16:51:32.136
ATTEMPT 518 W0 SOLVE 4x2 2026-07-22T16:51:32.142
ATTEMPT 518 W0 DONE 4x2 seed=627522 nsol=16 0.01s 2026-07-22T16:51:32.150
ATTEMPT 519 W0 START 4x2 seed=627523 2026-07-22T16:51:32.150
ATTEMPT 519 W0 SOLVE 4x2 2026-07-22T16:51:32.155
ATTEMPT 519 W0 DONE 4x2 seed=627523 nsol=16 0.02s 2026-07-22T16:51:32.174
ATTEMPT 520 W0 START 4x2 seed=627524 2026-07-22T16:51:32.174
ATTEMPT 520 W0 SOLVE 4x2 2026-07-22T16:51:32.180
ATTEMPT 520 W0 DONE 4x2 seed=627524 nsol=16 0.01s 2026-07-22T16:51:32.187
ATTEMPT 521 W0 START 4x2 seed=627525 2026-07-22T16:51:32.187
ATTEMPT 521 W0 SOLVE 4x2 2026-07-22T16:51:32.193
ATTEMPT 521 W0 DONE 4x2 seed=627525 nsol=16 0.02s 2026-07-22T16:51:32.209
ATTEMPT 522 W0 START 4x2 seed=627526 2026-07-22T16:51:32.210
ATTEMPT 522 W0 SOLVE 4x2 2026-07-22T16:51:32.215
ATTEMPT 522 W0 DONE 4x2 seed=627526 nsol=16 0.01s 2026-07-22T16:51:32.228
ATTEMPT 523 W0 START 4x2 seed=627527 2026-07-22T16:51:32.228
ATTEMPT 523 W0 SOLVE 4x2 2026-07-22T16:51:32.236
ATTEMPT 523 W0 DONE 4x2 seed=627527 nsol=16 0.01s 2026-07-22T16:51:32.248
ATTEMPT 524 W0 START 4x2 seed=627528 2026-07-22T16:51:32.248
ATTEMPT 524 W0 SOLVE 4x2 2026-07-22T16:51:32.255
ATTEMPT 524 W0 DONE 4x2 seed=627528 nsol=16 0.01s 2026-07-22T16:51:32.262
ATTEMPT 525 W0 START 4x2 seed=627529 2026-07-22T16:51:32.262
ATTEMPT 525 W0 SOLVE 4x2 2026-07-22T16:51:32.270
ATTEMPT 525 W0 DONE 4x2 seed=627529 nsol=16 0.03s 2026-07-22T16:51:32.296
ATTEMPT 526 W0 START 4x2 seed=627530 2026-07-22T16:51:32.296
ATTEMPT 526 W0 SOLVE 4x2 2026-07-22T16:51:32.303
ATTEMPT 526 W0 DONE 4x2 seed=627530 nsol=16 0.02s 2026-07-22T16:51:32.323
ATTEMPT 527 W0 START 4x2 seed=627531 2026-07-22T16:51:32.324
ATTEMPT 527 W0 SOLVE 4x2 2026-07-22T16:51:32.330
ATTEMPT 527 W0 DONE 4x2 seed=627531 nsol=16 0.00s 2026-07-22T16:51:32.335
ATTEMPT 528 W0 START 4x2 seed=627532 2026-07-22T16:51:32.335
ATTEMPT 528 W0 SOLVE 4x2 2026-07-22T16:51:32.342
ATTEMPT 528 W0 DONE 4x2 seed=627532 nsol=16 0.01s 2026-07-22T16:51:32.356
ATTEMPT 529 W0 START 4x2 seed=627533 2026-07-22T16:51:32.356
ATTEMPT 529 W0 SOLVE 4x2 2026-07-22T16:51:32.361
ATTEMPT 529 W0 DONE 4x2 seed=627533 nsol=16 0.02s 2026-07-22T16:51:32.382
ATTEMPT 530 W0 START 4x2 seed=627534 2026-07-22T16:51:32.383
ATTEMPT 530 W0 SOLVE 4x2 2026-07-22T16:51:32.390
ATTEMPT 530 W0 DONE 4x2 seed=627534 nsol=16 0.01s 2026-07-22T16:51:32.398
ATTEMPT 531 W0 START 4x2 seed=627535 2026-07-22T16:51:32.399
ATTEMPT 531 W0 SOLVE 4x2 2026-07-22T16:51:32.404
ATTEMPT 531 W0 DONE 4x2 seed=627535 nsol=16 0.02s 2026-07-22T16:51:32.422
ATTEMPT 532 W0 START 4x2 seed=627536 2026-07-22T16:51:32.422
ATTEMPT 532 W0 SOLVE 4x2 2026-07-22T16:51:32.434
ATTEMPT 532 W0 DONE 4x2 seed=627536 nsol=16 0.02s 2026-07-22T16:51:32.452
ATTEMPT 533 W0 START 4x2 seed=627537 2026-07-22T16:51:32.452
ATTEMPT 533 W0 SOLVE 4x2 2026-07-22T16:51:32.461
ATTEMPT 533 W0 DONE 4x2 seed=627537 nsol=16 0.01s 2026-07-22T16:51:32.476
ATTEMPT 534 W0 START 4x2 seed=627538 2026-07-22T16:51:32.476
ATTEMPT 534 W0 SOLVE 4x2 2026-07-22T16:51:32.485
ATTEMPT 534 W0 DONE 4x2 seed=627538 nsol=16 0.02s 2026-07-22T16:51:32.508
ATTEMPT 535 W0 START 4x2 seed=627539 2026-07-22T16:51:32.508
ATTEMPT 535 W0 SOLVE 4x2 2026-07-22T16:51:32.519
ATTEMPT 535 W0 DONE 4x2 seed=627539 nsol=16 0.03s 2026-07-22T16:51:32.545
ATTEMPT 536 W0 START 4x2 seed=627540 2026-07-22T16:51:32.545
ATTEMPT 536 W0 SOLVE 4x2 2026-07-22T16:51:32.555
ATTEMPT 536 W0 DONE 4x2 seed=627540 nsol=16 0.02s 2026-07-22T16:51:32.573
ATTEMPT 537 W0 START 4x2 seed=627541 2026-07-22T16:51:32.573
ATTEMPT 537 W0 SOLVE 4x2 2026-07-22T16:51:32.579
ATTEMPT 537 W0 DONE 4x2 seed=627541 nsol=16 0.02s 2026-07-22T16:51:32.608
ATTEMPT 538 W0 START 4x2 seed=627542 2026-07-22T16:51:32.609
ATTEMPT 538 W0 SOLVE 4x2 2026-07-22T16:51:32.624
ATTEMPT 538 W0 DONE 4x2 seed=627542 nsol=16 0.02s 2026-07-22T16:51:32.646
ATTEMPT 539 W0 START 4x2 seed=627543 2026-07-22T16:51:32.647
ATTEMPT 539 W0 SOLVE 4x2 2026-07-22T16:51:32.652
ATTEMPT 539 W0 DONE 4x2 seed=627543 nsol=16 0.01s 2026-07-22T16:51:32.659
ATTEMPT 540 W0 START 4x2 seed=627544 2026-07-22T16:51:32.659
ATTEMPT 540 W0 SOLVE 4x2 2026-07-22T16:51:32.667
ATTEMPT 540 W0 DONE 4x2 seed=627544 nsol=16 0.01s 2026-07-22T16:51:32.680
ATTEMPT 541 W0 START 4x2 seed=627545 2026-07-22T16:51:32.680
ATTEMPT 541 W0 SOLVE 4x2 2026-07-22T16:51:32.686
ATTEMPT 541 W0 DONE 4x2 seed=627545 nsol=16 0.01s 2026-07-22T16:51:32.694
ATTEMPT 542 W0 START 4x2 seed=627546 2026-07-22T16:51:32.694
ATTEMPT 542 W0 SOLVE 4x2 2026-07-22T16:51:32.701
ATTEMPT 542 W0 DONE 4x2 seed=627546 nsol=16 0.02s 2026-07-22T16:51:32.720
ATTEMPT 543 W0 START 4x2 seed=627547 2026-07-22T16:51:32.720
ATTEMPT 543 W0 SOLVE 4x2 2026-07-22T16:51:32.725
ATTEMPT 543 W0 DONE 4x2 seed=627547 nsol=16 0.04s 2026-07-22T16:51:32.764
ATTEMPT 544 W0 START 4x2 seed=627548 2026-07-22T16:51:32.764
ATTEMPT 544 W0 SOLVE 4x2 2026-07-22T16:51:32.771
ATTEMPT 544 W0 DONE 4x2 seed=627548 nsol=16 0.01s 2026-07-22T16:51:32.784
ATTEMPT 545 W0 START 4x2 seed=627549 2026-07-22T16:51:32.784
ATTEMPT 545 W0 SOLVE 4x2 2026-07-22T16:51:32.794
ATTEMPT 545 W0 DONE 4x2 seed=627549 nsol=16 0.02s 2026-07-22T16:51:32.823
ATTEMPT 546 W0 START 4x2 seed=627550 2026-07-22T16:51:32.823
ATTEMPT 546 W0 SOLVE 4x2 2026-07-22T16:51:32.837
ATTEMPT 546 W0 DONE 4x2 seed=627550 nsol=16 0.01s 2026-07-22T16:51:32.852
ATTEMPT 547 W0 START 4x2 seed=627551 2026-07-22T16:51:32.852
ATTEMPT 547 W0 SOLVE 4x2 2026-07-22T16:51:32.871
ATTEMPT 547 W0 DONE 4x2 seed=627551 nsol=16 0.02s 2026-07-22T16:51:32.896
ATTEMPT 548 W0 START 4x2 seed=627552 2026-07-22T16:51:32.896
ATTEMPT 548 W0 SOLVE 4x2 2026-07-22T16:51:32.921
ATTEMPT 548 W0 DONE 4x2 seed=627552 nsol=16 0.02s 2026-07-22T16:51:32.940
ATTEMPT 549 W0 START 4x2 seed=627553 2026-07-22T16:51:32.941
ATTEMPT 549 W0 SOLVE 4x2 2026-07-22T16:51:32.956
ATTEMPT 549 W0 DONE 4x2 seed=627553 nsol=16 0.02s 2026-07-22T16:51:32.984
ATTEMPT 550 W0 START 4x2 seed=627554 2026-07-22T16:51:32.985
ATTEMPT 550 W0 SOLVE 4x2 2026-07-22T16:51:33.006
ATTEMPT 550 W0 DONE 4x2 seed=627554 nsol=16 0.02s 2026-07-22T16:51:33.029
ATTEMPT 551 W0 START 4x2 seed=627555 2026-07-22T16:51:33.029
ATTEMPT 551 W0 SOLVE 4x2 2026-07-22T16:51:33.039
ATTEMPT 551 W0 DONE 4x2 seed=627555 nsol=16 0.03s 2026-07-22T16:51:33.073
ATTEMPT 552 W0 START 4x2 seed=627556 2026-07-22T16:51:33.073
ATTEMPT 552 W0 SOLVE 4x2 2026-07-22T16:51:33.079
ATTEMPT 552 W0 DONE 4x2 seed=627556 nsol=16 0.03s 2026-07-22T16:51:33.116
ATTEMPT 553 W0 START 4x2 seed=627557 2026-07-22T16:51:33.116
ATTEMPT 553 W0 SOLVE 4x2 2026-07-22T16:51:33.135
ATTEMPT 553 W0 DONE 4x2 seed=627557 nsol=16 0.03s 2026-07-22T16:51:33.168
ATTEMPT 554 W0 START 4x2 seed=627558 2026-07-22T16:51:33.168
ATTEMPT 554 W0 SOLVE 4x2 2026-07-22T16:51:33.178
ATTEMPT 554 W0 DONE 4x2 seed=627558 nsol=16 0.01s 2026-07-22T16:51:33.192
ATTEMPT 555 W0 START 4x2 seed=627559 2026-07-22T16:51:33.192
ATTEMPT 555 W0 SOLVE 4x2 2026-07-22T16:51:33.203
ATTEMPT 555 W0 DONE 4x2 seed=627559 nsol=16 0.01s 2026-07-22T16:51:33.213
ATTEMPT 556 W0 START 4x2 seed=627560 2026-07-22T16:51:33.213
ATTEMPT 556 W0 SOLVE 4x2 2026-07-22T16:51:33.222
ATTEMPT 556 W0 DONE 4x2 seed=627560 nsol=16 0.02s 2026-07-22T16:51:33.244
ATTEMPT 557 W0 START 4x2 seed=627561 2026-07-22T16:51:33.245
ATTEMPT 557 W0 SOLVE 4x2 2026-07-22T16:51:33.256
ATTEMPT 557 W0 DONE 4x2 seed=627561 nsol=16 0.02s 2026-07-22T16:51:33.281
ATTEMPT 558 W0 START 4x2 seed=627562 2026-07-22T16:51:33.282
ATTEMPT 558 W0 SOLVE 4x2 2026-07-22T16:51:33.297
ATTEMPT 558 W0 DONE 4x2 seed=627562 nsol=16 0.01s 2026-07-22T16:51:33.304
ATTEMPT 559 W0 START 4x2 seed=627563 2026-07-22T16:51:33.305
ATTEMPT 559 W0 SOLVE 4x2 2026-07-22T16:51:33.317
ATTEMPT 559 W0 DONE 4x2 seed=627563 nsol=16 0.02s 2026-07-22T16:51:33.337
ATTEMPT 560 W0 START 4x2 seed=627564 2026-07-22T16:51:33.337
ATTEMPT 560 W0 SOLVE 4x2 2026-07-22T16:51:33.347
ATTEMPT 560 W0 DONE 4x2 seed=627564 nsol=16 0.01s 2026-07-22T16:51:33.356
ATTEMPT 561 W0 START 4x2 seed=627565 2026-07-22T16:51:33.356
ATTEMPT 561 W0 SOLVE 4x2 2026-07-22T16:51:33.362
ATTEMPT 561 W0 DONE 4x2 seed=627565 nsol=16 0.01s 2026-07-22T16:51:33.379
ATTEMPT 562 W0 START 4x2 seed=627566 2026-07-22T16:51:33.380
ATTEMPT 562 W0 SOLVE 4x2 2026-07-22T16:51:33.390
ATTEMPT 562 W0 DONE 4x2 seed=627566 nsol=16 0.02s 2026-07-22T16:51:33.412
ATTEMPT 563 W0 START 4x2 seed=627567 2026-07-22T16:51:33.416
ATTEMPT 563 W0 SOLVE 4x2 2026-07-22T16:51:33.425
ATTEMPT 563 W0 DONE 4x2 seed=627567 nsol=16 0.03s 2026-07-22T16:51:33.453
ATTEMPT 564 W0 START 4x2 seed=627568 2026-07-22T16:51:33.453
ATTEMPT 564 W0 SOLVE 4x2 2026-07-22T16:51:33.459
ATTEMPT 564 W0 DONE 4x2 seed=627568 nsol=16 0.01s 2026-07-22T16:51:33.469
ATTEMPT 565 W0 START 4x2 seed=627569 2026-07-22T16:51:33.469
ATTEMPT 565 W0 SOLVE 4x2 2026-07-22T16:51:33.478
ATTEMPT 565 W0 DONE 4x2 seed=627569 nsol=16 0.01s 2026-07-22T16:51:33.489
ATTEMPT 566 W0 START 4x2 seed=627570 2026-07-22T16:51:33.489
ATTEMPT 566 W0 SOLVE 4x2 2026-07-22T16:51:33.495
ATTEMPT 566 W0 DONE 4x2 seed=627570 nsol=16 0.01s 2026-07-22T16:51:33.508
ATTEMPT 567 W0 START 4x2 seed=627571 2026-07-22T16:51:33.508
ATTEMPT 567 W0 SOLVE 4x2 2026-07-22T16:51:33.523
ATTEMPT 567 W0 DONE 4x2 seed=627571 nsol=16 0.02s 2026-07-22T16:51:33.547
ATTEMPT 568 W0 START 4x2 seed=627572 2026-07-22T16:51:33.547
ATTEMPT 568 W0 SOLVE 4x2 2026-07-22T16:51:33.567
ATTEMPT 568 W0 DONE 4x2 seed=627572 nsol=16 0.03s 2026-07-22T16:51:33.596
ATTEMPT 569 W0 START 4x2 seed=627573 2026-07-22T16:51:33.596
ATTEMPT 569 W0 SOLVE 4x2 2026-07-22T16:51:33.610
ATTEMPT 569 W0 DONE 4x2 seed=627573 nsol=16 0.01s 2026-07-22T16:51:33.624
ATTEMPT 570 W0 START 4x2 seed=627574 2026-07-22T16:51:33.624
ATTEMPT 570 W0 SOLVE 4x2 2026-07-22T16:51:33.639
ATTEMPT 570 W0 DONE 4x2 seed=627574 nsol=16 0.03s 2026-07-22T16:51:33.665
ATTEMPT 571 W0 START 4x2 seed=627575 2026-07-22T16:51:33.665
ATTEMPT 571 W0 SOLVE 4x2 2026-07-22T16:51:33.679
ATTEMPT 571 W0 DONE 4x2 seed=627575 nsol=16 0.02s 2026-07-22T16:51:33.704
ATTEMPT 572 W0 START 4x2 seed=627576 2026-07-22T16:51:33.704
ATTEMPT 572 W0 SOLVE 4x2 2026-07-22T16:51:33.715
ATTEMPT 572 W0 DONE 4x2 seed=627576 nsol=16 0.01s 2026-07-22T16:51:33.734
ATTEMPT 573 W0 START 4x2 seed=627577 2026-07-22T16:51:33.734
ATTEMPT 573 W0 SOLVE 4x2 2026-07-22T16:51:33.745
ATTEMPT 573 W0 DONE 4x2 seed=627577 nsol=16 0.02s 2026-07-22T16:51:33.764
ATTEMPT 574 W0 START 4x2 seed=627578 2026-07-22T16:51:33.764
ATTEMPT 574 W0 SOLVE 4x2 2026-07-22T16:51:33.775
ATTEMPT 574 W0 DONE 4x2 seed=627578 nsol=16 0.02s 2026-07-22T16:51:33.790
ATTEMPT 575 W0 START 4x2 seed=627579 2026-07-22T16:51:33.790
ATTEMPT 575 W0 SOLVE 4x2 2026-07-22T16:51:33.802
ATTEMPT 575 W0 DONE 4x2 seed=627579 nsol=16 0.03s 2026-07-22T16:51:33.836
ATTEMPT 576 W0 START 4x2 seed=627580 2026-07-22T16:51:33.836
ATTEMPT 576 W0 SOLVE 4x2 2026-07-22T16:51:33.846
ATTEMPT 576 W0 DONE 4x2 seed=627580 nsol=16 0.01s 2026-07-22T16:51:33.852
ATTEMPT 577 W0 START 4x2 seed=627581 2026-07-22T16:51:33.852
ATTEMPT 577 W0 SOLVE 4x2 2026-07-22T16:51:33.863
ATTEMPT 577 W0 DONE 4x2 seed=627581 nsol=16 0.02s 2026-07-22T16:51:33.885
ATTEMPT 578 W0 START 4x2 seed=627582 2026-07-22T16:51:33.885
ATTEMPT 578 W0 SOLVE 4x2 2026-07-22T16:51:33.894
ATTEMPT 578 W0 DONE 4x2 seed=627582 nsol=16 0.17s 2026-07-22T16:51:34.068
ATTEMPT 579 W0 START 4x2 seed=627583 2026-07-22T16:51:34.068
ATTEMPT 579 W0 SOLVE 4x2 2026-07-22T16:51:34.076
ATTEMPT 579 W0 DONE 4x2 seed=627583 nsol=16 0.01s 2026-07-22T16:51:34.092
ATTEMPT 580 W0 START 4x2 seed=627584 2026-07-22T16:51:34.093
ATTEMPT 580 W0 SOLVE 4x2 2026-07-22T16:51:34.102
ATTEMPT 580 W0 DONE 4x2 seed=627584 nsol=16 0.02s 2026-07-22T16:51:34.124
ATTEMPT 581 W0 START 4x2 seed=627585 2026-07-22T16:51:34.124
ATTEMPT 581 W0 SOLVE 4x2 2026-07-22T16:51:34.134
ATTEMPT 581 W0 DONE 4x2 seed=627585 nsol=16 0.02s 2026-07-22T16:51:34.164
ATTEMPT 582 W0 START 4x2 seed=627586 2026-07-22T16:51:34.164
ATTEMPT 582 W0 SOLVE 4x2 2026-07-22T16:51:34.189
ATTEMPT 582 W0 DONE 4x2 seed=627586 nsol=16 0.03s 2026-07-22T16:51:34.217
ATTEMPT 583 W0 START 4x2 seed=627587 2026-07-22T16:51:34.218
ATTEMPT 583 W0 SOLVE 4x2 2026-07-22T16:51:34.228
ATTEMPT 583 W0 DONE 4x2 seed=627587 nsol=16 0.02s 2026-07-22T16:51:34.244
ATTEMPT 584 W0 START 4x2 seed=627588 2026-07-22T16:51:34.244
ATTEMPT 584 W0 SOLVE 4x2 2026-07-22T16:51:34.254
ATTEMPT 584 W0 DONE 4x2 seed=627588 nsol=16 0.01s 2026-07-22T16:51:34.269
ATTEMPT 585 W0 START 4x2 seed=627589 2026-07-22T16:51:34.270
ATTEMPT 585 W0 SOLVE 4x2 2026-07-22T16:51:34.280
ATTEMPT 585 W0 DONE 4x2 seed=627589 nsol=16 0.03s 2026-07-22T16:51:34.313
ATTEMPT 586 W0 START 4x2 seed=627590 2026-07-22T16:51:34.314
ATTEMPT 586 W0 SOLVE 4x2 2026-07-22T16:51:34.325
ATTEMPT 586 W0 DONE 4x2 seed=627590 nsol=16 0.02s 2026-07-22T16:51:34.348
ATTEMPT 587 W0 START 4x2 seed=627591 2026-07-22T16:51:34.349
ATTEMPT 587 W0 SOLVE 4x2 2026-07-22T16:51:34.355
ATTEMPT 587 W0 DONE 4x2 seed=627591 nsol=16 0.02s 2026-07-22T16:51:34.377
ATTEMPT 588 W0 START 4x2 seed=627592 2026-07-22T16:51:34.377
ATTEMPT 588 W0 SOLVE 4x2 2026-07-22T16:51:34.387
ATTEMPT 588 W0 DONE 4x2 seed=627592 nsol=16 0.01s 2026-07-22T16:51:34.404
ATTEMPT 589 W0 START 4x2 seed=627593 2026-07-22T16:51:34.404
ATTEMPT 589 W0 SOLVE 4x2 2026-07-22T16:51:34.414
ATTEMPT 589 W0 DONE 4x2 seed=627593 nsol=16 0.03s 2026-07-22T16:51:34.440
ATTEMPT 590 W0 START 4x2 seed=627594 2026-07-22T16:51:34.441
ATTEMPT 590 W0 SOLVE 4x2 2026-07-22T16:51:34.457
ATTEMPT 590 W0 DONE 4x2 seed=627594 nsol=16 0.01s 2026-07-22T16:51:34.466
ATTEMPT 591 W0 START 4x2 seed=627595 2026-07-22T16:51:34.466
ATTEMPT 591 W0 SOLVE 4x2 2026-07-22T16:51:34.472
ATTEMPT 591 W0 DONE 4x2 seed=627595 nsol=16 0.02s 2026-07-22T16:51:34.488
ATTEMPT 592 W0 START 4x2 seed=627596 2026-07-22T16:51:34.489
ATTEMPT 592 W0 SOLVE 4x2 2026-07-22T16:51:34.497
ATTEMPT 592 W0 DONE 4x2 seed=627596 nsol=16 0.01s 2026-07-22T16:51:34.510
ATTEMPT 593 W0 START 4x2 seed=627597 2026-07-22T16:51:34.510
ATTEMPT 593 W0 SOLVE 4x2 2026-07-22T16:51:34.517
ATTEMPT 593 W0 DONE 4x2 seed=627597 nsol=16 0.02s 2026-07-22T16:51:34.535
ATTEMPT 594 W0 START 4x2 seed=627598 2026-07-22T16:51:34.535
ATTEMPT 594 W0 SOLVE 4x2 2026-07-22T16:51:34.543
ATTEMPT 594 W0 DONE 4x2 seed=627598 nsol=16 0.01s 2026-07-22T16:51:34.550
ATTEMPT 595 W0 START 4x2 seed=627599 2026-07-22T16:51:34.550
ATTEMPT 595 W0 SOLVE 4x2 2026-07-22T16:51:34.556
ATTEMPT 595 W0 DONE 4x2 seed=627599 nsol=16 0.02s 2026-07-22T16:51:34.576
ATTEMPT 596 W0 START 4x2 seed=627600 2026-07-22T16:51:34.576
ATTEMPT 596 W0 SOLVE 4x2 2026-07-22T16:51:34.586
ATTEMPT 596 W0 DONE 4x2 seed=627600 nsol=16 0.01s 2026-07-22T16:51:34.600
ATTEMPT 597 W0 START 4x2 seed=627601 2026-07-22T16:51:34.601
ATTEMPT 597 W0 SOLVE 4x2 2026-07-22T16:51:34.610
ATTEMPT 597 W0 DONE 4x2 seed=627601 nsol=16 0.02s 2026-07-22T16:51:34.628
ATTEMPT 598 W0 START 4x2 seed=627602 2026-07-22T16:51:34.629
ATTEMPT 598 W0 SOLVE 4x2 2026-07-22T16:51:34.636
ATTEMPT 598 W0 DONE 4x2 seed=627602 nsol=16 0.02s 2026-07-22T16:51:34.656
ATTEMPT 599 W0 START 4x2 seed=627603 2026-07-22T16:51:34.656
ATTEMPT 599 W0 SOLVE 4x2 2026-07-22T16:51:34.663
ATTEMPT 599 W0 DONE 4x2 seed=627603 nsol=16 0.01s 2026-07-22T16:51:34.679
ATTEMPT 600 W0 START 4x2 seed=627604 2026-07-22T16:51:34.679
ATTEMPT 600 W0 SOLVE 4x2 2026-07-22T16:51:34.684
ATTEMPT 600 W0 DONE 4x2 seed=627604 nsol=16 0.01s 2026-07-22T16:51:34.696
HUNT2 complete 2026-07-22T16:51:34.707
