HUNT2 start mode=seq hcthr=on nworkers=0 nthreads=14 ngcthreads=14 nsolves=600 seed_base=104999 shape=4x2 pid=1922996 julia=1.12.6 HC=2.20.0 2026-07-22T16:36:45.981
ATTEMPT 1 W0 START 4x2 seed=105000 2026-07-22T16:36:55
ATTEMPT 1 W0 SOLVE 4x2 2026-07-22T16:36:58.194
Computing mixed cells... 2    Time: 0:00:02[K
   mixed_volume: 2[K[A
[K[AComputing mixed cells... 8    Time: 0:00:02[K
   mixed_volume: 16[K
ATTEMPT 1 W0 DONE 4x2 seed=105000 nsol=16 74.94s 2026-07-22T16:38:13.511
ATTEMPT 2 W0 START 4x2 seed=105001 2026-07-22T16:38:13.812
ATTEMPT 2 W0 SOLVE 4x2 2026-07-22T16:38:13.819
ATTEMPT 2 W0 DONE 4x2 seed=105001 nsol=16 0.02s 2026-07-22T16:38:13.839
ATTEMPT 3 W0 START 4x2 seed=105002 2026-07-22T16:38:13.840
ATTEMPT 3 W0 SOLVE 4x2 2026-07-22T16:38:13.847
ATTEMPT 3 W0 DONE 4x2 seed=105002 nsol=16 0.02s 2026-07-22T16:38:13.863
ATTEMPT 4 W0 START 4x2 seed=105003 2026-07-22T16:38:13.863
ATTEMPT 4 W0 SOLVE 4x2 2026-07-22T16:38:13.870
ATTEMPT 4 W0 DONE 4x2 seed=105003 nsol=16 0.01s 2026-07-22T16:38:13.879
ATTEMPT 5 W0 START 4x2 seed=105004 2026-07-22T16:38:13.879
ATTEMPT 5 W0 SOLVE 4x2 2026-07-22T16:38:13.886
ATTEMPT 5 W0 DONE 4x2 seed=105004 nsol=16 0.02s 2026-07-22T16:38:13.910
ATTEMPT 6 W0 START 4x2 seed=105005 2026-07-22T16:38:13.911
ATTEMPT 6 W0 SOLVE 4x2 2026-07-22T16:38:13.919
ATTEMPT 6 W0 DONE 4x2 seed=105005 nsol=16 0.02s 2026-07-22T16:38:13.935
ATTEMPT 7 W0 START 4x2 seed=105006 2026-07-22T16:38:13.935
ATTEMPT 7 W0 SOLVE 4x2 2026-07-22T16:38:13.942
ATTEMPT 7 W0 DONE 4x2 seed=105006 nsol=16 0.01s 2026-07-22T16:38:13.957
ATTEMPT 8 W0 START 4x2 seed=105007 2026-07-22T16:38:13.958
ATTEMPT 8 W0 SOLVE 4x2 2026-07-22T16:38:13.966
ATTEMPT 8 W0 DONE 4x2 seed=105007 nsol=16 0.01s 2026-07-22T16:38:13.979
ATTEMPT 9 W0 START 4x2 seed=105008 2026-07-22T16:38:13.980
ATTEMPT 9 W0 SOLVE 4x2 2026-07-22T16:38:13.987
ATTEMPT 9 W0 DONE 4x2 seed=105008 nsol=16 0.01s 2026-07-22T16:38:13.999
ATTEMPT 10 W0 START 4x2 seed=105009 2026-07-22T16:38:14
ATTEMPT 10 W0 SOLVE 4x2 2026-07-22T16:38:14.008
ATTEMPT 10 W0 DONE 4x2 seed=105009 nsol=16 0.01s 2026-07-22T16:38:14.020
ATTEMPT 11 W0 START 4x2 seed=105010 2026-07-22T16:38:14.021
ATTEMPT 11 W0 SOLVE 4x2 2026-07-22T16:38:14.029
ATTEMPT 11 W0 DONE 4x2 seed=105010 nsol=16 0.01s 2026-07-22T16:38:14.039
ATTEMPT 12 W0 START 4x2 seed=105011 2026-07-22T16:38:14.039
ATTEMPT 12 W0 SOLVE 4x2 2026-07-22T16:38:14.047
ATTEMPT 12 W0 DONE 4x2 seed=105011 nsol=16 0.01s 2026-07-22T16:38:14.059
ATTEMPT 13 W0 START 4x2 seed=105012 2026-07-22T16:38:14.060
ATTEMPT 13 W0 SOLVE 4x2 2026-07-22T16:38:14.239
ATTEMPT 13 W0 DONE 4x2 seed=105012 nsol=16 0.02s 2026-07-22T16:38:14.263
ATTEMPT 14 W0 START 4x2 seed=105013 2026-07-22T16:38:14.263
ATTEMPT 14 W0 SOLVE 4x2 2026-07-22T16:38:14.273
ATTEMPT 14 W0 DONE 4x2 seed=105013 nsol=16 0.01s 2026-07-22T16:38:14.284
ATTEMPT 15 W0 START 4x2 seed=105014 2026-07-22T16:38:14.284
ATTEMPT 15 W0 SOLVE 4x2 2026-07-22T16:38:14.295
ATTEMPT 15 W0 DONE 4x2 seed=105014 nsol=16 0.02s 2026-07-22T16:38:14.317
ATTEMPT 16 W0 START 4x2 seed=105015 2026-07-22T16:38:14.318
ATTEMPT 16 W0 SOLVE 4x2 2026-07-22T16:38:14.355
ATTEMPT 16 W0 DONE 4x2 seed=105015 nsol=16 0.01s 2026-07-22T16:38:14.363
ATTEMPT 17 W0 START 4x2 seed=105016 2026-07-22T16:38:14.363
ATTEMPT 17 W0 SOLVE 4x2 2026-07-22T16:38:14.373
ATTEMPT 17 W0 DONE 4x2 seed=105016 nsol=16 0.01s 2026-07-22T16:38:14.388
ATTEMPT 18 W0 START 4x2 seed=105017 2026-07-22T16:38:14.389
ATTEMPT 18 W0 SOLVE 4x2 2026-07-22T16:38:14.408
ATTEMPT 18 W0 DONE 4x2 seed=105017 nsol=16 0.02s 2026-07-22T16:38:14.423
ATTEMPT 19 W0 START 4x2 seed=105018 2026-07-22T16:38:14.423
ATTEMPT 19 W0 SOLVE 4x2 2026-07-22T16:38:14.448
ATTEMPT 19 W0 DONE 4x2 seed=105018 nsol=16 0.02s 2026-07-22T16:38:14.463
ATTEMPT 20 W0 START 4x2 seed=105019 2026-07-22T16:38:14.463
ATTEMPT 20 W0 SOLVE 4x2 2026-07-22T16:38:14.475
ATTEMPT 20 W0 DONE 4x2 seed=105019 nsol=16 0.01s 2026-07-22T16:38:14.494
ATTEMPT 21 W0 START 4x2 seed=105020 2026-07-22T16:38:14.494
ATTEMPT 21 W0 SOLVE 4x2 2026-07-22T16:38:14.502
ATTEMPT 21 W0 DONE 4x2 seed=105020 nsol=16 0.01s 2026-07-22T16:38:14.512
ATTEMPT 22 W0 START 4x2 seed=105021 2026-07-22T16:38:14.512
ATTEMPT 22 W0 SOLVE 4x2 2026-07-22T16:38:14.518
ATTEMPT 22 W0 DONE 4x2 seed=105021 nsol=16 0.02s 2026-07-22T16:38:14.535
ATTEMPT 23 W0 START 4x2 seed=105022 2026-07-22T16:38:14.535
ATTEMPT 23 W0 SOLVE 4x2 2026-07-22T16:38:14.541
ATTEMPT 23 W0 DONE 4x2 seed=105022 nsol=16 0.01s 2026-07-22T16:38:14.549
ATTEMPT 24 W0 START 4x2 seed=105023 2026-07-22T16:38:14.549
ATTEMPT 24 W0 SOLVE 4x2 2026-07-22T16:38:14.555
ATTEMPT 24 W0 DONE 4x2 seed=105023 nsol=16 0.01s 2026-07-22T16:38:14.567
ATTEMPT 25 W0 START 4x2 seed=105024 2026-07-22T16:38:14.568
ATTEMPT 25 W0 SOLVE 4x2 2026-07-22T16:38:14.575
ATTEMPT 25 W0 DONE 4x2 seed=105024 nsol=16 0.01s 2026-07-22T16:38:14.587
ATTEMPT 26 W0 START 4x2 seed=105025 2026-07-22T16:38:14.587
ATTEMPT 26 W0 SOLVE 4x2 2026-07-22T16:38:14.594
ATTEMPT 26 W0 DONE 4x2 seed=105025 nsol=16 0.01s 2026-07-22T16:38:14.603
ATTEMPT 27 W0 START 4x2 seed=105026 2026-07-22T16:38:14.604
ATTEMPT 27 W0 SOLVE 4x2 2026-07-22T16:38:14.614
ATTEMPT 27 W0 DONE 4x2 seed=105026 nsol=16 0.01s 2026-07-22T16:38:14.628
ATTEMPT 28 W0 START 4x2 seed=105027 2026-07-22T16:38:14.629
ATTEMPT 28 W0 SOLVE 4x2 2026-07-22T16:38:14.639
ATTEMPT 28 W0 DONE 4x2 seed=105027 nsol=16 0.77s 2026-07-22T16:38:15.410
ATTEMPT 29 W0 START 4x2 seed=105028 2026-07-22T16:38:15.411
ATTEMPT 29 W0 SOLVE 4x2 2026-07-22T16:38:15.416
ATTEMPT 29 W0 DONE 4x2 seed=105028 nsol=16 0.01s 2026-07-22T16:38:15.422
ATTEMPT 30 W0 START 4x2 seed=105029 2026-07-22T16:38:15.422
ATTEMPT 30 W0 SOLVE 4x2 2026-07-22T16:38:15.428
ATTEMPT 30 W0 DONE 4x2 seed=105029 nsol=16 0.01s 2026-07-22T16:38:15.433
ATTEMPT 31 W0 START 4x2 seed=105030 2026-07-22T16:38:15.433
ATTEMPT 31 W0 SOLVE 4x2 2026-07-22T16:38:15.439
ATTEMPT 31 W0 DONE 4x2 seed=105030 nsol=16 0.01s 2026-07-22T16:38:15.445
ATTEMPT 32 W0 START 4x2 seed=105031 2026-07-22T16:38:15.445
ATTEMPT 32 W0 SOLVE 4x2 2026-07-22T16:38:15.450
ATTEMPT 32 W0 DONE 4x2 seed=105031 nsol=16 0.01s 2026-07-22T16:38:15.457
ATTEMPT 33 W0 START 4x2 seed=105032 2026-07-22T16:38:15.458
ATTEMPT 33 W0 SOLVE 4x2 2026-07-22T16:38:15.463
ATTEMPT 33 W0 DONE 4x2 seed=105032 nsol=16 0.01s 2026-07-22T16:38:15.473
ATTEMPT 34 W0 START 4x2 seed=105033 2026-07-22T16:38:15.474
ATTEMPT 34 W0 SOLVE 4x2 2026-07-22T16:38:15.481
ATTEMPT 34 W0 DONE 4x2 seed=105033 nsol=16 0.01s 2026-07-22T16:38:15.487
ATTEMPT 35 W0 START 4x2 seed=105034 2026-07-22T16:38:15.488
ATTEMPT 35 W0 SOLVE 4x2 2026-07-22T16:38:15.494
ATTEMPT 35 W0 DONE 4x2 seed=105034 nsol=16 0.15s 2026-07-22T16:38:15.647
ATTEMPT 36 W0 START 4x2 seed=105035 2026-07-22T16:38:15.647
ATTEMPT 36 W0 SOLVE 4x2 2026-07-22T16:38:15.657
ATTEMPT 36 W0 DONE 4x2 seed=105035 nsol=16 0.01s 2026-07-22T16:38:15.671
ATTEMPT 37 W0 START 4x2 seed=105036 2026-07-22T16:38:15.672
ATTEMPT 37 W0 SOLVE 4x2 2026-07-22T16:38:15.681
ATTEMPT 37 W0 DONE 4x2 seed=105036 nsol=16 0.01s 2026-07-22T16:38:15.692
ATTEMPT 38 W0 START 4x2 seed=105037 2026-07-22T16:38:15.692
ATTEMPT 38 W0 SOLVE 4x2 2026-07-22T16:38:15.701
ATTEMPT 38 W0 DONE 4x2 seed=105037 nsol=16 0.01s 2026-07-22T16:38:15.715
ATTEMPT 39 W0 START 4x2 seed=105038 2026-07-22T16:38:15.715
ATTEMPT 39 W0 SOLVE 4x2 2026-07-22T16:38:15.725
ATTEMPT 39 W0 DONE 4x2 seed=105038 nsol=16 0.02s 2026-07-22T16:38:15.744
ATTEMPT 40 W0 START 4x2 seed=105039 2026-07-22T16:38:15.744
ATTEMPT 40 W0 SOLVE 4x2 2026-07-22T16:38:15.754
ATTEMPT 40 W0 DONE 4x2 seed=105039 nsol=16 0.02s 2026-07-22T16:38:15.776
ATTEMPT 41 W0 START 4x2 seed=105040 2026-07-22T16:38:15.776
ATTEMPT 41 W0 SOLVE 4x2 2026-07-22T16:38:15.791
ATTEMPT 41 W0 DONE 4x2 seed=105040 nsol=16 0.02s 2026-07-22T16:38:15.807
ATTEMPT 42 W0 START 4x2 seed=105041 2026-07-22T16:38:15.807
ATTEMPT 42 W0 SOLVE 4x2 2026-07-22T16:38:15.817
ATTEMPT 42 W0 DONE 4x2 seed=105041 nsol=16 0.01s 2026-07-22T16:38:15.829
ATTEMPT 43 W0 START 4x2 seed=105042 2026-07-22T16:38:15.829
ATTEMPT 43 W0 SOLVE 4x2 2026-07-22T16:38:15.834
ATTEMPT 43 W0 DONE 4x2 seed=105042 nsol=16 0.01s 2026-07-22T16:38:15.847
ATTEMPT 44 W0 START 4x2 seed=105043 2026-07-22T16:38:15.847
ATTEMPT 44 W0 SOLVE 4x2 2026-07-22T16:38:15.856
ATTEMPT 44 W0 DONE 4x2 seed=105043 nsol=15 0.02s 2026-07-22T16:38:15.879
ATTEMPT 45 W0 START 4x2 seed=105044 2026-07-22T16:38:15.879
ATTEMPT 45 W0 SOLVE 4x2 2026-07-22T16:38:15.886
ATTEMPT 45 W0 DONE 4x2 seed=105044 nsol=16 0.02s 2026-07-22T16:38:15.903
ATTEMPT 46 W0 START 4x2 seed=105045 2026-07-22T16:38:15.903
ATTEMPT 46 W0 SOLVE 4x2 2026-07-22T16:38:15.909
ATTEMPT 46 W0 DONE 4x2 seed=105045 nsol=16 0.02s 2026-07-22T16:38:15.932
ATTEMPT 47 W0 START 4x2 seed=105046 2026-07-22T16:38:15.932
ATTEMPT 47 W0 SOLVE 4x2 2026-07-22T16:38:15.940
ATTEMPT 47 W0 DONE 4x2 seed=105046 nsol=16 0.00s 2026-07-22T16:38:15.945
ATTEMPT 48 W0 START 4x2 seed=105047 2026-07-22T16:38:15.945
ATTEMPT 48 W0 SOLVE 4x2 2026-07-22T16:38:15.950
ATTEMPT 48 W0 DONE 4x2 seed=105047 nsol=16 0.01s 2026-07-22T16:38:15.963
ATTEMPT 49 W0 START 4x2 seed=105048 2026-07-22T16:38:15.963
ATTEMPT 49 W0 SOLVE 4x2 2026-07-22T16:38:15.976
ATTEMPT 49 W0 DONE 4x2 seed=105048 nsol=16 0.01s 2026-07-22T16:38:15.983
ATTEMPT 50 W0 START 4x2 seed=105049 2026-07-22T16:38:15.983
ATTEMPT 50 W0 SOLVE 4x2 2026-07-22T16:38:15.993
ATTEMPT 50 W0 DONE 4x2 seed=105049 nsol=16 0.01s 2026-07-22T16:38:16.008
ATTEMPT 51 W0 START 4x2 seed=105050 2026-07-22T16:38:16.008
ATTEMPT 51 W0 SOLVE 4x2 2026-07-22T16:38:16.019
ATTEMPT 51 W0 DONE 4x2 seed=105050 nsol=16 0.02s 2026-07-22T16:38:16.041
ATTEMPT 52 W0 START 4x2 seed=105051 2026-07-22T16:38:16.042
ATTEMPT 52 W0 SOLVE 4x2 2026-07-22T16:38:16.055
ATTEMPT 52 W0 DONE 4x2 seed=105051 nsol=16 0.01s 2026-07-22T16:38:16.067
ATTEMPT 53 W0 START 4x2 seed=105052 2026-07-22T16:38:16.067
ATTEMPT 53 W0 SOLVE 4x2 2026-07-22T16:38:16.074
ATTEMPT 53 W0 DONE 4x2 seed=105052 nsol=16 0.01s 2026-07-22T16:38:16.087
ATTEMPT 54 W0 START 4x2 seed=105053 2026-07-22T16:38:16.087
ATTEMPT 54 W0 SOLVE 4x2 2026-07-22T16:38:16.094
ATTEMPT 54 W0 DONE 4x2 seed=105053 nsol=16 0.01s 2026-07-22T16:38:16.104
ATTEMPT 55 W0 START 4x2 seed=105054 2026-07-22T16:38:16.104
ATTEMPT 55 W0 SOLVE 4x2 2026-07-22T16:38:16.112
ATTEMPT 55 W0 DONE 4x2 seed=105054 nsol=16 0.03s 2026-07-22T16:38:16.143
ATTEMPT 56 W0 START 4x2 seed=105055 2026-07-22T16:38:16.143
ATTEMPT 56 W0 SOLVE 4x2 2026-07-22T16:38:16.149
ATTEMPT 56 W0 DONE 4x2 seed=105055 nsol=16 0.01s 2026-07-22T16:38:16.158
ATTEMPT 57 W0 START 4x2 seed=105056 2026-07-22T16:38:16.159
ATTEMPT 57 W0 SOLVE 4x2 2026-07-22T16:38:16.165
ATTEMPT 57 W0 DONE 4x2 seed=105056 nsol=16 0.01s 2026-07-22T16:38:16.175
ATTEMPT 58 W0 START 4x2 seed=105057 2026-07-22T16:38:16.175
ATTEMPT 58 W0 SOLVE 4x2 2026-07-22T16:38:16.182
ATTEMPT 58 W0 DONE 4x2 seed=105057 nsol=16 0.01s 2026-07-22T16:38:16.189
ATTEMPT 59 W0 START 4x2 seed=105058 2026-07-22T16:38:16.189
ATTEMPT 59 W0 SOLVE 4x2 2026-07-22T16:38:16.195
ATTEMPT 59 W0 DONE 4x2 seed=105058 nsol=16 0.02s 2026-07-22T16:38:16.211
ATTEMPT 60 W0 START 4x2 seed=105059 2026-07-22T16:38:16.211
ATTEMPT 60 W0 SOLVE 4x2 2026-07-22T16:38:16.217
ATTEMPT 60 W0 DONE 4x2 seed=105059 nsol=16 0.02s 2026-07-22T16:38:16.235
ATTEMPT 61 W0 START 4x2 seed=105060 2026-07-22T16:38:16.235
ATTEMPT 61 W0 SOLVE 4x2 2026-07-22T16:38:16.243
ATTEMPT 61 W0 DONE 4x2 seed=105060 nsol=16 0.02s 2026-07-22T16:38:16.261
ATTEMPT 62 W0 START 4x2 seed=105061 2026-07-22T16:38:16.261
ATTEMPT 62 W0 SOLVE 4x2 2026-07-22T16:38:16.267
ATTEMPT 62 W0 DONE 4x2 seed=105061 nsol=16 0.01s 2026-07-22T16:38:16.279
ATTEMPT 63 W0 START 4x2 seed=105062 2026-07-22T16:38:16.279
ATTEMPT 63 W0 SOLVE 4x2 2026-07-22T16:38:16.285
ATTEMPT 63 W0 DONE 4x2 seed=105062 nsol=16 0.01s 2026-07-22T16:38:16.297
ATTEMPT 64 W0 START 4x2 seed=105063 2026-07-22T16:38:16.297
ATTEMPT 64 W0 SOLVE 4x2 2026-07-22T16:38:16.304
ATTEMPT 64 W0 DONE 4x2 seed=105063 nsol=16 0.01s 2026-07-22T16:38:16.310
ATTEMPT 65 W0 START 4x2 seed=105064 2026-07-22T16:38:16.310
ATTEMPT 65 W0 SOLVE 4x2 2026-07-22T16:38:16.316
ATTEMPT 65 W0 DONE 4x2 seed=105064 nsol=16 0.01s 2026-07-22T16:38:16.330
ATTEMPT 66 W0 START 4x2 seed=105065 2026-07-22T16:38:16.330
ATTEMPT 66 W0 SOLVE 4x2 2026-07-22T16:38:16.336
ATTEMPT 66 W0 DONE 4x2 seed=105065 nsol=16 0.01s 2026-07-22T16:38:16.347
ATTEMPT 67 W0 START 4x2 seed=105066 2026-07-22T16:38:16.347
ATTEMPT 67 W0 SOLVE 4x2 2026-07-22T16:38:16.354
ATTEMPT 67 W0 DONE 4x2 seed=105066 nsol=16 0.01s 2026-07-22T16:38:16.364
ATTEMPT 68 W0 START 4x2 seed=105067 2026-07-22T16:38:16.364
ATTEMPT 68 W0 SOLVE 4x2 2026-07-22T16:38:16.370
ATTEMPT 68 W0 DONE 4x2 seed=105067 nsol=16 0.01s 2026-07-22T16:38:16.380
ATTEMPT 69 W0 START 4x2 seed=105068 2026-07-22T16:38:16.380
ATTEMPT 69 W0 SOLVE 4x2 2026-07-22T16:38:16.386
ATTEMPT 69 W0 DONE 4x2 seed=105068 nsol=16 0.01s 2026-07-22T16:38:16.400
ATTEMPT 70 W0 START 4x2 seed=105069 2026-07-22T16:38:16.400
ATTEMPT 70 W0 SOLVE 4x2 2026-07-22T16:38:16.406
ATTEMPT 70 W0 DONE 4x2 seed=105069 nsol=16 0.01s 2026-07-22T16:38:16.413
ATTEMPT 71 W0 START 4x2 seed=105070 2026-07-22T16:38:16.413
ATTEMPT 71 W0 SOLVE 4x2 2026-07-22T16:38:16.419
ATTEMPT 71 W0 DONE 4x2 seed=105070 nsol=16 0.01s 2026-07-22T16:38:16.430
ATTEMPT 72 W0 START 4x2 seed=105071 2026-07-22T16:38:16.430
ATTEMPT 72 W0 SOLVE 4x2 2026-07-22T16:38:16.436
ATTEMPT 72 W0 DONE 4x2 seed=105071 nsol=16 0.01s 2026-07-22T16:38:16.443
ATTEMPT 73 W0 START 4x2 seed=105072 2026-07-22T16:38:16.443
ATTEMPT 73 W0 SOLVE 4x2 2026-07-22T16:38:16.449
ATTEMPT 73 W0 DONE 4x2 seed=105072 nsol=16 0.01s 2026-07-22T16:38:16.455
ATTEMPT 74 W0 START 4x2 seed=105073 2026-07-22T16:38:16.455
ATTEMPT 74 W0 SOLVE 4x2 2026-07-22T16:38:16.461
ATTEMPT 74 W0 DONE 4x2 seed=105073 nsol=16 0.00s 2026-07-22T16:38:16.465
ATTEMPT 75 W0 START 4x2 seed=105074 2026-07-22T16:38:16.465
ATTEMPT 75 W0 SOLVE 4x2 2026-07-22T16:38:16.470
ATTEMPT 75 W0 DONE 4x2 seed=105074 nsol=16 0.01s 2026-07-22T16:38:16.479
ATTEMPT 76 W0 START 4x2 seed=105075 2026-07-22T16:38:16.479
ATTEMPT 76 W0 SOLVE 4x2 2026-07-22T16:38:16.485
ATTEMPT 76 W0 DONE 4x2 seed=105075 nsol=16 0.01s 2026-07-22T16:38:16.495
ATTEMPT 77 W0 START 4x2 seed=105076 2026-07-22T16:38:16.495
ATTEMPT 77 W0 SOLVE 4x2 2026-07-22T16:38:16.501
ATTEMPT 77 W0 DONE 4x2 seed=105076 nsol=16 0.01s 2026-07-22T16:38:16.515
ATTEMPT 78 W0 START 4x2 seed=105077 2026-07-22T16:38:16.515
ATTEMPT 78 W0 SOLVE 4x2 2026-07-22T16:38:16.521
ATTEMPT 78 W0 DONE 4x2 seed=105077 nsol=16 0.01s 2026-07-22T16:38:16.530
ATTEMPT 79 W0 START 4x2 seed=105078 2026-07-22T16:38:16.530
ATTEMPT 79 W0 SOLVE 4x2 2026-07-22T16:38:16.535
ATTEMPT 79 W0 DONE 4x2 seed=105078 nsol=16 0.01s 2026-07-22T16:38:16.541
ATTEMPT 80 W0 START 4x2 seed=105079 2026-07-22T16:38:16.541
ATTEMPT 80 W0 SOLVE 4x2 2026-07-22T16:38:16.547
ATTEMPT 80 W0 DONE 4x2 seed=105079 nsol=16 0.01s 2026-07-22T16:38:16.555
ATTEMPT 81 W0 START 4x2 seed=105080 2026-07-22T16:38:16.555
ATTEMPT 81 W0 SOLVE 4x2 2026-07-22T16:38:16.561
ATTEMPT 81 W0 DONE 4x2 seed=105080 nsol=16 0.01s 2026-07-22T16:38:16.571
ATTEMPT 82 W0 START 4x2 seed=105081 2026-07-22T16:38:16.571
ATTEMPT 82 W0 SOLVE 4x2 2026-07-22T16:38:16.577
ATTEMPT 82 W0 DONE 4x2 seed=105081 nsol=16 0.01s 2026-07-22T16:38:16.591
ATTEMPT 83 W0 START 4x2 seed=105082 2026-07-22T16:38:16.591
ATTEMPT 83 W0 SOLVE 4x2 2026-07-22T16:38:16.597
ATTEMPT 83 W0 DONE 4x2 seed=105082 nsol=16 0.01s 2026-07-22T16:38:16.607
ATTEMPT 84 W0 START 4x2 seed=105083 2026-07-22T16:38:16.607
ATTEMPT 84 W0 SOLVE 4x2 2026-07-22T16:38:16.614
ATTEMPT 84 W0 DONE 4x2 seed=105083 nsol=16 0.01s 2026-07-22T16:38:16.623
ATTEMPT 85 W0 START 4x2 seed=105084 2026-07-22T16:38:16.623
ATTEMPT 85 W0 SOLVE 4x2 2026-07-22T16:38:16.631
ATTEMPT 85 W0 DONE 4x2 seed=105084 nsol=16 0.01s 2026-07-22T16:38:16.639
ATTEMPT 86 W0 START 4x2 seed=105085 2026-07-22T16:38:16.639
ATTEMPT 86 W0 SOLVE 4x2 2026-07-22T16:38:16.648
ATTEMPT 86 W0 DONE 4x2 seed=105085 nsol=16 0.03s 2026-07-22T16:38:16.675
ATTEMPT 87 W0 START 4x2 seed=105086 2026-07-22T16:38:16.675
ATTEMPT 87 W0 SOLVE 4x2 2026-07-22T16:38:16.681
ATTEMPT 87 W0 DONE 4x2 seed=105086 nsol=16 0.02s 2026-07-22T16:38:16.696
ATTEMPT 88 W0 START 4x2 seed=105087 2026-07-22T16:38:16.697
ATTEMPT 88 W0 SOLVE 4x2 2026-07-22T16:38:16.703
ATTEMPT 88 W0 DONE 4x2 seed=105087 nsol=16 0.02s 2026-07-22T16:38:16.719
ATTEMPT 89 W0 START 4x2 seed=105088 2026-07-22T16:38:16.719
ATTEMPT 89 W0 SOLVE 4x2 2026-07-22T16:38:16.725
ATTEMPT 89 W0 DONE 4x2 seed=105088 nsol=16 0.01s 2026-07-22T16:38:16.739
ATTEMPT 90 W0 START 4x2 seed=105089 2026-07-22T16:38:16.740
ATTEMPT 90 W0 SOLVE 4x2 2026-07-22T16:38:16.746
ATTEMPT 90 W0 DONE 4x2 seed=105089 nsol=16 0.01s 2026-07-22T16:38:16.753
ATTEMPT 91 W0 START 4x2 seed=105090 2026-07-22T16:38:16.753
ATTEMPT 91 W0 SOLVE 4x2 2026-07-22T16:38:16.760
ATTEMPT 91 W0 DONE 4x2 seed=105090 nsol=16 0.01s 2026-07-22T16:38:16.768
ATTEMPT 92 W0 START 4x2 seed=105091 2026-07-22T16:38:16.768
ATTEMPT 92 W0 SOLVE 4x2 2026-07-22T16:38:16.774
ATTEMPT 92 W0 DONE 4x2 seed=105091 nsol=16 0.01s 2026-07-22T16:38:16.781
ATTEMPT 93 W0 START 4x2 seed=105092 2026-07-22T16:38:16.781
ATTEMPT 93 W0 SOLVE 4x2 2026-07-22T16:38:16.786
ATTEMPT 93 W0 DONE 4x2 seed=105092 nsol=16 0.01s 2026-07-22T16:38:16.794
ATTEMPT 94 W0 START 4x2 seed=105093 2026-07-22T16:38:16.794
ATTEMPT 94 W0 SOLVE 4x2 2026-07-22T16:38:16.800
ATTEMPT 94 W0 DONE 4x2 seed=105093 nsol=16 0.01s 2026-07-22T16:38:16.815
ATTEMPT 95 W0 START 4x2 seed=105094 2026-07-22T16:38:16.815
ATTEMPT 95 W0 SOLVE 4x2 2026-07-22T16:38:16.821
ATTEMPT 95 W0 DONE 4x2 seed=105094 nsol=16 0.01s 2026-07-22T16:38:16.835
ATTEMPT 96 W0 START 4x2 seed=105095 2026-07-22T16:38:16.835
ATTEMPT 96 W0 SOLVE 4x2 2026-07-22T16:38:16.842
ATTEMPT 96 W0 DONE 4x2 seed=105095 nsol=16 0.02s 2026-07-22T16:38:16.863
ATTEMPT 97 W0 START 4x2 seed=105096 2026-07-22T16:38:16.863
ATTEMPT 97 W0 SOLVE 4x2 2026-07-22T16:38:16.869
ATTEMPT 97 W0 DONE 4x2 seed=105096 nsol=16 0.01s 2026-07-22T16:38:16.883
ATTEMPT 98 W0 START 4x2 seed=105097 2026-07-22T16:38:16.884
ATTEMPT 98 W0 SOLVE 4x2 2026-07-22T16:38:16.890
ATTEMPT 98 W0 DONE 4x2 seed=105097 nsol=16 0.02s 2026-07-22T16:38:16.907
ATTEMPT 99 W0 START 4x2 seed=105098 2026-07-22T16:38:16.908
ATTEMPT 99 W0 SOLVE 4x2 2026-07-22T16:38:16.915
ATTEMPT 99 W0 DONE 4x2 seed=105098 nsol=16 0.02s 2026-07-22T16:38:16.938
ATTEMPT 100 W0 START 4x2 seed=105099 2026-07-22T16:38:16.939
ATTEMPT 100 W0 SOLVE 4x2 2026-07-22T16:38:16.946
ATTEMPT 100 W0 DONE 4x2 seed=105099 nsol=16 0.01s 2026-07-22T16:38:16.955
ATTEMPT 101 W0 START 4x2 seed=105100 2026-07-22T16:38:16.956
ATTEMPT 101 W0 SOLVE 4x2 2026-07-22T16:38:16.962
ATTEMPT 101 W0 DONE 4x2 seed=105100 nsol=16 0.01s 2026-07-22T16:38:16.969
ATTEMPT 102 W0 START 4x2 seed=105101 2026-07-22T16:38:16.969
ATTEMPT 102 W0 SOLVE 4x2 2026-07-22T16:38:16.976
ATTEMPT 102 W0 DONE 4x2 seed=105101 nsol=16 0.02s 2026-07-22T16:38:16.994
ATTEMPT 103 W0 START 4x2 seed=105102 2026-07-22T16:38:16.995
ATTEMPT 103 W0 SOLVE 4x2 2026-07-22T16:38:17.002
ATTEMPT 103 W0 DONE 4x2 seed=105102 nsol=16 0.01s 2026-07-22T16:38:17.012
ATTEMPT 104 W0 START 4x2 seed=105103 2026-07-22T16:38:17.012
ATTEMPT 104 W0 SOLVE 4x2 2026-07-22T16:38:17.018
ATTEMPT 104 W0 DONE 4x2 seed=105103 nsol=16 0.01s 2026-07-22T16:38:17.028
ATTEMPT 105 W0 START 4x2 seed=105104 2026-07-22T16:38:17.029
ATTEMPT 105 W0 SOLVE 4x2 2026-07-22T16:38:17.037
ATTEMPT 105 W0 DONE 4x2 seed=105104 nsol=16 0.02s 2026-07-22T16:38:17.056
ATTEMPT 106 W0 START 4x2 seed=105105 2026-07-22T16:38:17.056
ATTEMPT 106 W0 SOLVE 4x2 2026-07-22T16:38:17.064
ATTEMPT 106 W0 DONE 4x2 seed=105105 nsol=16 0.01s 2026-07-22T16:38:17.076
ATTEMPT 107 W0 START 4x2 seed=105106 2026-07-22T16:38:17.076
ATTEMPT 107 W0 SOLVE 4x2 2026-07-22T16:38:17.088
ATTEMPT 107 W0 DONE 4x2 seed=105106 nsol=16 0.01s 2026-07-22T16:38:17.095
ATTEMPT 108 W0 START 4x2 seed=105107 2026-07-22T16:38:17.095
ATTEMPT 108 W0 SOLVE 4x2 2026-07-22T16:38:17.101
ATTEMPT 108 W0 DONE 4x2 seed=105107 nsol=16 0.01s 2026-07-22T16:38:17.111
ATTEMPT 109 W0 START 4x2 seed=105108 2026-07-22T16:38:17.111
ATTEMPT 109 W0 SOLVE 4x2 2026-07-22T16:38:17.117
ATTEMPT 109 W0 DONE 4x2 seed=105108 nsol=16 0.01s 2026-07-22T16:38:17.123
ATTEMPT 110 W0 START 4x2 seed=105109 2026-07-22T16:38:17.123
ATTEMPT 110 W0 SOLVE 4x2 2026-07-22T16:38:17.128
ATTEMPT 110 W0 DONE 4x2 seed=105109 nsol=16 0.01s 2026-07-22T16:38:17.139
ATTEMPT 111 W0 START 4x2 seed=105110 2026-07-22T16:38:17.139
ATTEMPT 111 W0 SOLVE 4x2 2026-07-22T16:38:17.146
ATTEMPT 111 W0 DONE 4x2 seed=105110 nsol=16 0.01s 2026-07-22T16:38:17.154
ATTEMPT 112 W0 START 4x2 seed=105111 2026-07-22T16:38:17.154
ATTEMPT 112 W0 SOLVE 4x2 2026-07-22T16:38:17.160
ATTEMPT 112 W0 DONE 4x2 seed=105111 nsol=16 0.02s 2026-07-22T16:38:17.175
ATTEMPT 113 W0 START 4x2 seed=105112 2026-07-22T16:38:17.175
ATTEMPT 113 W0 SOLVE 4x2 2026-07-22T16:38:17.182
ATTEMPT 113 W0 DONE 4x2 seed=105112 nsol=16 0.12s 2026-07-22T16:38:17.303
ATTEMPT 114 W0 START 4x2 seed=105113 2026-07-22T16:38:17.303
ATTEMPT 114 W0 SOLVE 4x2 2026-07-22T16:38:17.311
ATTEMPT 114 W0 DONE 4x2 seed=105113 nsol=16 0.01s 2026-07-22T16:38:17.320
ATTEMPT 115 W0 START 4x2 seed=105114 2026-07-22T16:38:17.320
ATTEMPT 115 W0 SOLVE 4x2 2026-07-22T16:38:17.328
ATTEMPT 115 W0 DONE 4x2 seed=105114 nsol=16 0.02s 2026-07-22T16:38:17.347
ATTEMPT 116 W0 START 4x2 seed=105115 2026-07-22T16:38:17.347
ATTEMPT 116 W0 SOLVE 4x2 2026-07-22T16:38:17.354
ATTEMPT 116 W0 DONE 4x2 seed=105115 nsol=16 0.01s 2026-07-22T16:38:17.362
ATTEMPT 117 W0 START 4x2 seed=105116 2026-07-22T16:38:17.363
ATTEMPT 117 W0 SOLVE 4x2 2026-07-22T16:38:17.368
ATTEMPT 117 W0 DONE 4x2 seed=105116 nsol=16 0.00s 2026-07-22T16:38:17.372
ATTEMPT 118 W0 START 4x2 seed=105117 2026-07-22T16:38:17.372
ATTEMPT 118 W0 SOLVE 4x2 2026-07-22T16:38:17.378
ATTEMPT 118 W0 DONE 4x2 seed=105117 nsol=16 0.01s 2026-07-22T16:38:17.385
ATTEMPT 119 W0 START 4x2 seed=105118 2026-07-22T16:38:17.385
ATTEMPT 119 W0 SOLVE 4x2 2026-07-22T16:38:17.391
ATTEMPT 119 W0 DONE 4x2 seed=105118 nsol=16 0.01s 2026-07-22T16:38:17.399
ATTEMPT 120 W0 START 4x2 seed=105119 2026-07-22T16:38:17.399
ATTEMPT 120 W0 SOLVE 4x2 2026-07-22T16:38:17.405
ATTEMPT 120 W0 DONE 4x2 seed=105119 nsol=16 0.01s 2026-07-22T16:38:17.411
ATTEMPT 121 W0 START 4x2 seed=105120 2026-07-22T16:38:17.411
ATTEMPT 121 W0 SOLVE 4x2 2026-07-22T16:38:17.417
ATTEMPT 121 W0 DONE 4x2 seed=105120 nsol=16 0.00s 2026-07-22T16:38:17.420
ATTEMPT 122 W0 START 4x2 seed=105121 2026-07-22T16:38:17.420
ATTEMPT 122 W0 SOLVE 4x2 2026-07-22T16:38:17.426
ATTEMPT 122 W0 DONE 4x2 seed=105121 nsol=16 0.01s 2026-07-22T16:38:17.435
ATTEMPT 123 W0 START 4x2 seed=105122 2026-07-22T16:38:17.436
ATTEMPT 123 W0 SOLVE 4x2 2026-07-22T16:38:17.444
ATTEMPT 123 W0 DONE 4x2 seed=105122 nsol=16 0.01s 2026-07-22T16:38:17.451
ATTEMPT 124 W0 START 4x2 seed=105123 2026-07-22T16:38:17.452
ATTEMPT 124 W0 SOLVE 4x2 2026-07-22T16:38:17.457
ATTEMPT 124 W0 DONE 4x2 seed=105123 nsol=16 0.01s 2026-07-22T16:38:17.467
ATTEMPT 125 W0 START 4x2 seed=105124 2026-07-22T16:38:17.467
ATTEMPT 125 W0 SOLVE 4x2 2026-07-22T16:38:17.473
ATTEMPT 125 W0 DONE 4x2 seed=105124 nsol=16 0.00s 2026-07-22T16:38:17.477
ATTEMPT 126 W0 START 4x2 seed=105125 2026-07-22T16:38:17.477
ATTEMPT 126 W0 SOLVE 4x2 2026-07-22T16:38:17.482
ATTEMPT 126 W0 DONE 4x2 seed=105125 nsol=16 0.00s 2026-07-22T16:38:17.485
ATTEMPT 127 W0 START 4x2 seed=105126 2026-07-22T16:38:17.485
ATTEMPT 127 W0 SOLVE 4x2 2026-07-22T16:38:17.491
ATTEMPT 127 W0 DONE 4x2 seed=105126 nsol=16 0.01s 2026-07-22T16:38:17.503
ATTEMPT 128 W0 START 4x2 seed=105127 2026-07-22T16:38:17.503
ATTEMPT 128 W0 SOLVE 4x2 2026-07-22T16:38:17.508
ATTEMPT 128 W0 DONE 4x2 seed=105127 nsol=16 0.01s 2026-07-22T16:38:17.515
ATTEMPT 129 W0 START 4x2 seed=105128 2026-07-22T16:38:17.516
ATTEMPT 129 W0 SOLVE 4x2 2026-07-22T16:38:17.521
ATTEMPT 129 W0 DONE 4x2 seed=105128 nsol=16 0.00s 2026-07-22T16:38:17.526
ATTEMPT 130 W0 START 4x2 seed=105129 2026-07-22T16:38:17.526
ATTEMPT 130 W0 SOLVE 4x2 2026-07-22T16:38:17.531
ATTEMPT 130 W0 DONE 4x2 seed=105129 nsol=16 0.01s 2026-07-22T16:38:17.543
ATTEMPT 131 W0 START 4x2 seed=105130 2026-07-22T16:38:17.544
ATTEMPT 131 W0 SOLVE 4x2 2026-07-22T16:38:17.549
ATTEMPT 131 W0 DONE 4x2 seed=105130 nsol=16 0.01s 2026-07-22T16:38:17.563
ATTEMPT 132 W0 START 4x2 seed=105131 2026-07-22T16:38:17.563
ATTEMPT 132 W0 SOLVE 4x2 2026-07-22T16:38:17.569
ATTEMPT 132 W0 DONE 4x2 seed=105131 nsol=16 0.02s 2026-07-22T16:38:17.584
ATTEMPT 133 W0 START 4x2 seed=105132 2026-07-22T16:38:17.585
ATTEMPT 133 W0 SOLVE 4x2 2026-07-22T16:38:17.591
ATTEMPT 133 W0 DONE 4x2 seed=105132 nsol=16 0.01s 2026-07-22T16:38:17.597
ATTEMPT 134 W0 START 4x2 seed=105133 2026-07-22T16:38:17.598
ATTEMPT 134 W0 SOLVE 4x2 2026-07-22T16:38:17.603
ATTEMPT 134 W0 DONE 4x2 seed=105133 nsol=16 0.01s 2026-07-22T16:38:17.613
ATTEMPT 135 W0 START 4x2 seed=105134 2026-07-22T16:38:17.613
ATTEMPT 135 W0 SOLVE 4x2 2026-07-22T16:38:17.619
ATTEMPT 135 W0 DONE 4x2 seed=105134 nsol=16 0.01s 2026-07-22T16:38:17.625
ATTEMPT 136 W0 START 4x2 seed=105135 2026-07-22T16:38:17.626
ATTEMPT 136 W0 SOLVE 4x2 2026-07-22T16:38:17.633
ATTEMPT 136 W0 DONE 4x2 seed=105135 nsol=16 0.01s 2026-07-22T16:38:17.647
ATTEMPT 137 W0 START 4x2 seed=105136 2026-07-22T16:38:17.647
ATTEMPT 137 W0 SOLVE 4x2 2026-07-22T16:38:17.655
ATTEMPT 137 W0 DONE 4x2 seed=105136 nsol=16 0.02s 2026-07-22T16:38:17.671
ATTEMPT 138 W0 START 4x2 seed=105137 2026-07-22T16:38:17.672
ATTEMPT 138 W0 SOLVE 4x2 2026-07-22T16:38:17.680
ATTEMPT 138 W0 DONE 4x2 seed=105137 nsol=16 0.02s 2026-07-22T16:38:17.695
ATTEMPT 139 W0 START 4x2 seed=105138 2026-07-22T16:38:17.695
ATTEMPT 139 W0 SOLVE 4x2 2026-07-22T16:38:17.701
ATTEMPT 139 W0 DONE 4x2 seed=105138 nsol=16 0.01s 2026-07-22T16:38:17.712
ATTEMPT 140 W0 START 4x2 seed=105139 2026-07-22T16:38:17.712
ATTEMPT 140 W0 SOLVE 4x2 2026-07-22T16:38:17.717
ATTEMPT 140 W0 DONE 4x2 seed=105139 nsol=16 0.01s 2026-07-22T16:38:17.728
ATTEMPT 141 W0 START 4x2 seed=105140 2026-07-22T16:38:17.728
ATTEMPT 141 W0 SOLVE 4x2 2026-07-22T16:38:17.734
ATTEMPT 141 W0 DONE 4x2 seed=105140 nsol=16 0.01s 2026-07-22T16:38:17.747
ATTEMPT 142 W0 START 4x2 seed=105141 2026-07-22T16:38:17.747
ATTEMPT 142 W0 SOLVE 4x2 2026-07-22T16:38:17.753
ATTEMPT 142 W0 DONE 4x2 seed=105141 nsol=16 0.01s 2026-07-22T16:38:17.762
ATTEMPT 143 W0 START 4x2 seed=105142 2026-07-22T16:38:17.762
ATTEMPT 143 W0 SOLVE 4x2 2026-07-22T16:38:17.771
ATTEMPT 143 W0 DONE 4x2 seed=105142 nsol=16 0.02s 2026-07-22T16:38:17.791
ATTEMPT 144 W0 START 4x2 seed=105143 2026-07-22T16:38:17.791
ATTEMPT 144 W0 SOLVE 4x2 2026-07-22T16:38:17.797
ATTEMPT 144 W0 DONE 4x2 seed=105143 nsol=16 0.01s 2026-07-22T16:38:17.811
ATTEMPT 145 W0 START 4x2 seed=105144 2026-07-22T16:38:17.812
ATTEMPT 145 W0 SOLVE 4x2 2026-07-22T16:38:17.830
ATTEMPT 145 W0 DONE 4x2 seed=105144 nsol=16 0.01s 2026-07-22T16:38:17.842
ATTEMPT 146 W0 START 4x2 seed=105145 2026-07-22T16:38:17.842
ATTEMPT 146 W0 SOLVE 4x2 2026-07-22T16:38:17.848
ATTEMPT 146 W0 DONE 4x2 seed=105145 nsol=16 0.01s 2026-07-22T16:38:17.854
ATTEMPT 147 W0 START 4x2 seed=105146 2026-07-22T16:38:17.854
ATTEMPT 147 W0 SOLVE 4x2 2026-07-22T16:38:17.860
ATTEMPT 147 W0 DONE 4x2 seed=105146 nsol=16 0.00s 2026-07-22T16:38:17.864
ATTEMPT 148 W0 START 4x2 seed=105147 2026-07-22T16:38:17.865
ATTEMPT 148 W0 SOLVE 4x2 2026-07-22T16:38:17.872
ATTEMPT 148 W0 DONE 4x2 seed=105147 nsol=16 0.01s 2026-07-22T16:38:17.883
ATTEMPT 149 W0 START 4x2 seed=105148 2026-07-22T16:38:17.883
ATTEMPT 149 W0 SOLVE 4x2 2026-07-22T16:38:17.889
ATTEMPT 149 W0 DONE 4x2 seed=105148 nsol=16 0.01s 2026-07-22T16:38:17.896
ATTEMPT 150 W0 START 4x2 seed=105149 2026-07-22T16:38:17.896
ATTEMPT 150 W0 SOLVE 4x2 2026-07-22T16:38:17.903
ATTEMPT 150 W0 DONE 4x2 seed=105149 nsol=16 0.01s 2026-07-22T16:38:17.910
ATTEMPT 151 W0 START 4x2 seed=105150 2026-07-22T16:38:17.910
ATTEMPT 151 W0 SOLVE 4x2 2026-07-22T16:38:17.916
ATTEMPT 151 W0 DONE 4x2 seed=105150 nsol=16 0.01s 2026-07-22T16:38:17.924
ATTEMPT 152 W0 START 4x2 seed=105151 2026-07-22T16:38:17.924
ATTEMPT 152 W0 SOLVE 4x2 2026-07-22T16:38:17.932
ATTEMPT 152 W0 DONE 4x2 seed=105151 nsol=16 0.02s 2026-07-22T16:38:17.952
ATTEMPT 153 W0 START 4x2 seed=105152 2026-07-22T16:38:17.952
ATTEMPT 153 W0 SOLVE 4x2 2026-07-22T16:38:17.962
ATTEMPT 153 W0 DONE 4x2 seed=105152 nsol=16 0.02s 2026-07-22T16:38:17.978
ATTEMPT 154 W0 START 4x2 seed=105153 2026-07-22T16:38:17.978
ATTEMPT 154 W0 SOLVE 4x2 2026-07-22T16:38:17.985
ATTEMPT 154 W0 DONE 4x2 seed=105153 nsol=16 0.01s 2026-07-22T16:38:17.995
ATTEMPT 155 W0 START 4x2 seed=105154 2026-07-22T16:38:17.995
ATTEMPT 155 W0 SOLVE 4x2 2026-07-22T16:38:18.001
ATTEMPT 155 W0 DONE 4x2 seed=105154 nsol=16 0.01s 2026-07-22T16:38:18.007
ATTEMPT 156 W0 START 4x2 seed=105155 2026-07-22T16:38:18.007
ATTEMPT 156 W0 SOLVE 4x2 2026-07-22T16:38:18.013
ATTEMPT 156 W0 DONE 4x2 seed=105155 nsol=16 0.01s 2026-07-22T16:38:18.028
ATTEMPT 157 W0 START 4x2 seed=105156 2026-07-22T16:38:18.028
ATTEMPT 157 W0 SOLVE 4x2 2026-07-22T16:38:18.035
ATTEMPT 157 W0 DONE 4x2 seed=105156 nsol=16 0.01s 2026-07-22T16:38:18.044
ATTEMPT 158 W0 START 4x2 seed=105157 2026-07-22T16:38:18.045
ATTEMPT 158 W0 SOLVE 4x2 2026-07-22T16:38:18.051
ATTEMPT 158 W0 DONE 4x2 seed=105157 nsol=16 0.01s 2026-07-22T16:38:18.058
ATTEMPT 159 W0 START 4x2 seed=105158 2026-07-22T16:38:18.058
ATTEMPT 159 W0 SOLVE 4x2 2026-07-22T16:38:18.065
ATTEMPT 159 W0 DONE 4x2 seed=105158 nsol=16 0.00s 2026-07-22T16:38:18.070
ATTEMPT 160 W0 START 4x2 seed=105159 2026-07-22T16:38:18.072
ATTEMPT 160 W0 SOLVE 4x2 2026-07-22T16:38:18.079
ATTEMPT 160 W0 DONE 4x2 seed=105159 nsol=16 0.01s 2026-07-22T16:38:18.091
ATTEMPT 161 W0 START 4x2 seed=105160 2026-07-22T16:38:18.092
ATTEMPT 161 W0 SOLVE 4x2 2026-07-22T16:38:18.099
ATTEMPT 161 W0 DONE 4x2 seed=105160 nsol=16 0.01s 2026-07-22T16:38:18.111
ATTEMPT 162 W0 START 4x2 seed=105161 2026-07-22T16:38:18.111
ATTEMPT 162 W0 SOLVE 4x2 2026-07-22T16:38:18.125
ATTEMPT 162 W0 DONE 4x2 seed=105161 nsol=16 0.01s 2026-07-22T16:38:18.139
ATTEMPT 163 W0 START 4x2 seed=105162 2026-07-22T16:38:18.140
ATTEMPT 163 W0 SOLVE 4x2 2026-07-22T16:38:18.150
ATTEMPT 163 W0 DONE 4x2 seed=105162 nsol=16 0.02s 2026-07-22T16:38:18.167
ATTEMPT 164 W0 START 4x2 seed=105163 2026-07-22T16:38:18.167
ATTEMPT 164 W0 SOLVE 4x2 2026-07-22T16:38:18.174
ATTEMPT 164 W0 DONE 4x2 seed=105163 nsol=16 0.02s 2026-07-22T16:38:18.191
ATTEMPT 165 W0 START 4x2 seed=105164 2026-07-22T16:38:18.191
ATTEMPT 165 W0 SOLVE 4x2 2026-07-22T16:38:18.199
ATTEMPT 165 W0 DONE 4x2 seed=105164 nsol=16 0.01s 2026-07-22T16:38:18.209
ATTEMPT 166 W0 START 4x2 seed=105165 2026-07-22T16:38:18.209
ATTEMPT 166 W0 SOLVE 4x2 2026-07-22T16:38:18.217
ATTEMPT 166 W0 DONE 4x2 seed=105165 nsol=16 0.01s 2026-07-22T16:38:18.225
ATTEMPT 167 W0 START 4x2 seed=105166 2026-07-22T16:38:18.225
ATTEMPT 167 W0 SOLVE 4x2 2026-07-22T16:38:18.231
ATTEMPT 167 W0 DONE 4x2 seed=105166 nsol=16 0.01s 2026-07-22T16:38:18.239
ATTEMPT 168 W0 START 4x2 seed=105167 2026-07-22T16:38:18.239
ATTEMPT 168 W0 SOLVE 4x2 2026-07-22T16:38:18.247
ATTEMPT 168 W0 DONE 4x2 seed=105167 nsol=16 0.02s 2026-07-22T16:38:18.263
ATTEMPT 169 W0 START 4x2 seed=105168 2026-07-22T16:38:18.263
ATTEMPT 169 W0 SOLVE 4x2 2026-07-22T16:38:18.271
ATTEMPT 169 W0 DONE 4x2 seed=105168 nsol=16 0.02s 2026-07-22T16:38:18.287
ATTEMPT 170 W0 START 4x2 seed=105169 2026-07-22T16:38:18.287
ATTEMPT 170 W0 SOLVE 4x2 2026-07-22T16:38:18.293
ATTEMPT 170 W0 DONE 4x2 seed=105169 nsol=16 0.38s 2026-07-22T16:38:18.673
ATTEMPT 171 W0 START 4x2 seed=105170 2026-07-22T16:38:18.686
ATTEMPT 171 W0 SOLVE 4x2 2026-07-22T16:38:18.692
ATTEMPT 171 W0 DONE 4x2 seed=105170 nsol=16 0.02s 2026-07-22T16:38:18.714
ATTEMPT 172 W0 START 4x2 seed=105171 2026-07-22T16:38:18.714
ATTEMPT 172 W0 SOLVE 4x2 2026-07-22T16:38:18.720
ATTEMPT 172 W0 DONE 4x2 seed=105171 nsol=16 0.01s 2026-07-22T16:38:18.732
ATTEMPT 173 W0 START 4x2 seed=105172 2026-07-22T16:38:18.733
ATTEMPT 173 W0 SOLVE 4x2 2026-07-22T16:38:18.739
ATTEMPT 173 W0 DONE 4x2 seed=105172 nsol=16 0.01s 2026-07-22T16:38:18.746
ATTEMPT 174 W0 START 4x2 seed=105173 2026-07-22T16:38:18.746
ATTEMPT 174 W0 SOLVE 4x2 2026-07-22T16:38:18.752
ATTEMPT 174 W0 DONE 4x2 seed=105173 nsol=16 0.02s 2026-07-22T16:38:18.775
ATTEMPT 175 W0 START 4x2 seed=105174 2026-07-22T16:38:18.775
ATTEMPT 175 W0 SOLVE 4x2 2026-07-22T16:38:18.781
ATTEMPT 175 W0 DONE 4x2 seed=105174 nsol=16 0.01s 2026-07-22T16:38:18.795
ATTEMPT 176 W0 START 4x2 seed=105175 2026-07-22T16:38:18.795
ATTEMPT 176 W0 SOLVE 4x2 2026-07-22T16:38:18.801
ATTEMPT 176 W0 DONE 4x2 seed=105175 nsol=16 0.01s 2026-07-22T16:38:18.813
ATTEMPT 177 W0 START 4x2 seed=105176 2026-07-22T16:38:18.814
ATTEMPT 177 W0 SOLVE 4x2 2026-07-22T16:38:18.824
ATTEMPT 177 W0 DONE 4x2 seed=105176 nsol=16 0.01s 2026-07-22T16:38:18.835
ATTEMPT 178 W0 START 4x2 seed=105177 2026-07-22T16:38:18.836
ATTEMPT 178 W0 SOLVE 4x2 2026-07-22T16:38:18.843
ATTEMPT 178 W0 DONE 4x2 seed=105177 nsol=16 0.01s 2026-07-22T16:38:18.850
ATTEMPT 179 W0 START 4x2 seed=105178 2026-07-22T16:38:18.850
ATTEMPT 179 W0 SOLVE 4x2 2026-07-22T16:38:18.858
ATTEMPT 179 W0 DONE 4x2 seed=105178 nsol=16 0.02s 2026-07-22T16:38:18.876
ATTEMPT 180 W0 START 4x2 seed=105179 2026-07-22T16:38:18.877
ATTEMPT 180 W0 SOLVE 4x2 2026-07-22T16:38:18.883
ATTEMPT 180 W0 DONE 4x2 seed=105179 nsol=16 0.01s 2026-07-22T16:38:18.893
ATTEMPT 181 W0 START 4x2 seed=105180 2026-07-22T16:38:18.894
ATTEMPT 181 W0 SOLVE 4x2 2026-07-22T16:38:18.900
ATTEMPT 181 W0 DONE 4x2 seed=105180 nsol=16 0.01s 2026-07-22T16:38:18.908
ATTEMPT 182 W0 START 4x2 seed=105181 2026-07-22T16:38:18.908
ATTEMPT 182 W0 SOLVE 4x2 2026-07-22T16:38:18.915
ATTEMPT 182 W0 DONE 4x2 seed=105181 nsol=16 0.01s 2026-07-22T16:38:18.921
ATTEMPT 183 W0 START 4x2 seed=105182 2026-07-22T16:38:18.921
ATTEMPT 183 W0 SOLVE 4x2 2026-07-22T16:38:18.927
ATTEMPT 183 W0 DONE 4x2 seed=105182 nsol=16 0.01s 2026-07-22T16:38:18.934
ATTEMPT 184 W0 START 4x2 seed=105183 2026-07-22T16:38:18.934
ATTEMPT 184 W0 SOLVE 4x2 2026-07-22T16:38:18.945
ATTEMPT 184 W0 DONE 4x2 seed=105183 nsol=16 0.02s 2026-07-22T16:38:18.969
ATTEMPT 185 W0 START 4x2 seed=105184 2026-07-22T16:38:18.970
ATTEMPT 185 W0 SOLVE 4x2 2026-07-22T16:38:18.977
ATTEMPT 185 W0 DONE 4x2 seed=105184 nsol=16 0.02s 2026-07-22T16:38:18.995
ATTEMPT 186 W0 START 4x2 seed=105185 2026-07-22T16:38:18.995
ATTEMPT 186 W0 SOLVE 4x2 2026-07-22T16:38:19.001
ATTEMPT 186 W0 DONE 4x2 seed=105185 nsol=16 0.01s 2026-07-22T16:38:19.012
ATTEMPT 187 W0 START 4x2 seed=105186 2026-07-22T16:38:19.013
ATTEMPT 187 W0 SOLVE 4x2 2026-07-22T16:38:19.019
ATTEMPT 187 W0 DONE 4x2 seed=105186 nsol=16 0.01s 2026-07-22T16:38:19.031
ATTEMPT 188 W0 START 4x2 seed=105187 2026-07-22T16:38:19.031
ATTEMPT 188 W0 SOLVE 4x2 2026-07-22T16:38:19.039
ATTEMPT 188 W0 DONE 4x2 seed=105187 nsol=16 0.01s 2026-07-22T16:38:19.046
ATTEMPT 189 W0 START 4x2 seed=105188 2026-07-22T16:38:19.046
ATTEMPT 189 W0 SOLVE 4x2 2026-07-22T16:38:19.054
ATTEMPT 189 W0 DONE 4x2 seed=105188 nsol=16 0.02s 2026-07-22T16:38:19.073
ATTEMPT 190 W0 START 4x2 seed=105189 2026-07-22T16:38:19.074
ATTEMPT 190 W0 SOLVE 4x2 2026-07-22T16:38:19.080
ATTEMPT 190 W0 DONE 4x2 seed=105189 nsol=16 0.01s 2026-07-22T16:38:19.086
ATTEMPT 191 W0 START 4x2 seed=105190 2026-07-22T16:38:19.087
ATTEMPT 191 W0 SOLVE 4x2 2026-07-22T16:38:19.094
ATTEMPT 191 W0 DONE 4x2 seed=105190 nsol=16 0.01s 2026-07-22T16:38:19.099
ATTEMPT 192 W0 START 4x2 seed=105191 2026-07-22T16:38:19.099
ATTEMPT 192 W0 SOLVE 4x2 2026-07-22T16:38:19.106
ATTEMPT 192 W0 DONE 4x2 seed=105191 nsol=16 0.01s 2026-07-22T16:38:19.120
ATTEMPT 193 W0 START 4x2 seed=105192 2026-07-22T16:38:19.121
ATTEMPT 193 W0 SOLVE 4x2 2026-07-22T16:38:19.127
ATTEMPT 193 W0 DONE 4x2 seed=105192 nsol=16 0.00s 2026-07-22T16:38:19.131
ATTEMPT 194 W0 START 4x2 seed=105193 2026-07-22T16:38:19.132
ATTEMPT 194 W0 SOLVE 4x2 2026-07-22T16:38:19.141
ATTEMPT 194 W0 DONE 4x2 seed=105193 nsol=16 0.01s 2026-07-22T16:38:19.155
ATTEMPT 195 W0 START 4x2 seed=105194 2026-07-22T16:38:19.155
ATTEMPT 195 W0 SOLVE 4x2 2026-07-22T16:38:19.161
ATTEMPT 195 W0 DONE 4x2 seed=105194 nsol=16 0.01s 2026-07-22T16:38:19.172
ATTEMPT 196 W0 START 4x2 seed=105195 2026-07-22T16:38:19.172
ATTEMPT 196 W0 SOLVE 4x2 2026-07-22T16:38:19.183
ATTEMPT 196 W0 DONE 4x2 seed=105195 nsol=16 0.00s 2026-07-22T16:38:19.191
ATTEMPT 197 W0 START 4x2 seed=105196 2026-07-22T16:38:19.191
ATTEMPT 197 W0 SOLVE 4x2 2026-07-22T16:38:19.197
ATTEMPT 197 W0 DONE 4x2 seed=105196 nsol=16 0.01s 2026-07-22T16:38:19.206
ATTEMPT 198 W0 START 4x2 seed=105197 2026-07-22T16:38:19.206
ATTEMPT 198 W0 SOLVE 4x2 2026-07-22T16:38:19.213
ATTEMPT 198 W0 DONE 4x2 seed=105197 nsol=16 0.01s 2026-07-22T16:38:19.226
ATTEMPT 199 W0 START 4x2 seed=105198 2026-07-22T16:38:19.226
ATTEMPT 199 W0 SOLVE 4x2 2026-07-22T16:38:19.232
ATTEMPT 199 W0 DONE 4x2 seed=105198 nsol=16 0.01s 2026-07-22T16:38:19.245
ATTEMPT 200 W0 START 4x2 seed=105199 2026-07-22T16:38:19.246
ATTEMPT 200 W0 SOLVE 4x2 2026-07-22T16:38:19.256
ATTEMPT 200 W0 DONE 4x2 seed=105199 nsol=16 0.01s 2026-07-22T16:38:19.263
ATTEMPT 201 W0 START 4x2 seed=105200 2026-07-22T16:38:19.263
ATTEMPT 201 W0 SOLVE 4x2 2026-07-22T16:38:19.269
ATTEMPT 201 W0 DONE 4x2 seed=105200 nsol=16 0.01s 2026-07-22T16:38:19.283
ATTEMPT 202 W0 START 4x2 seed=105201 2026-07-22T16:38:19.283
ATTEMPT 202 W0 SOLVE 4x2 2026-07-22T16:38:19.291
ATTEMPT 202 W0 DONE 4x2 seed=105201 nsol=16 0.02s 2026-07-22T16:38:19.307
ATTEMPT 203 W0 START 4x2 seed=105202 2026-07-22T16:38:19.308
ATTEMPT 203 W0 SOLVE 4x2 2026-07-22T16:38:19.314
ATTEMPT 203 W0 DONE 4x2 seed=105202 nsol=16 0.01s 2026-07-22T16:38:19.327
ATTEMPT 204 W0 START 4x2 seed=105203 2026-07-22T16:38:19.327
ATTEMPT 204 W0 SOLVE 4x2 2026-07-22T16:38:19.334
ATTEMPT 204 W0 DONE 4x2 seed=105203 nsol=16 0.02s 2026-07-22T16:38:19.351
ATTEMPT 205 W0 START 4x2 seed=105204 2026-07-22T16:38:19.351
ATTEMPT 205 W0 SOLVE 4x2 2026-07-22T16:38:19.357
ATTEMPT 205 W0 DONE 4x2 seed=105204 nsol=16 0.01s 2026-07-22T16:38:19.371
ATTEMPT 206 W0 START 4x2 seed=105205 2026-07-22T16:38:19.371
ATTEMPT 206 W0 SOLVE 4x2 2026-07-22T16:38:19.377
ATTEMPT 206 W0 DONE 4x2 seed=105205 nsol=16 0.02s 2026-07-22T16:38:19.395
ATTEMPT 207 W0 START 4x2 seed=105206 2026-07-22T16:38:19.396
ATTEMPT 207 W0 SOLVE 4x2 2026-07-22T16:38:19.402
ATTEMPT 207 W0 DONE 4x2 seed=105206 nsol=16 0.01s 2026-07-22T16:38:19.415
ATTEMPT 208 W0 START 4x2 seed=105207 2026-07-22T16:38:19.415
ATTEMPT 208 W0 SOLVE 4x2 2026-07-22T16:38:19.421
ATTEMPT 208 W0 DONE 4x2 seed=105207 nsol=16 0.02s 2026-07-22T16:38:19.439
ATTEMPT 209 W0 START 4x2 seed=105208 2026-07-22T16:38:19.439
ATTEMPT 209 W0 SOLVE 4x2 2026-07-22T16:38:19.445
ATTEMPT 209 W0 DONE 4x2 seed=105208 nsol=16 0.01s 2026-07-22T16:38:19.459
ATTEMPT 210 W0 START 4x2 seed=105209 2026-07-22T16:38:19.459
ATTEMPT 210 W0 SOLVE 4x2 2026-07-22T16:38:19.466
ATTEMPT 210 W0 DONE 4x2 seed=105209 nsol=16 0.01s 2026-07-22T16:38:19.474
ATTEMPT 211 W0 START 4x2 seed=105210 2026-07-22T16:38:19.475
ATTEMPT 211 W0 SOLVE 4x2 2026-07-22T16:38:19.482
ATTEMPT 211 W0 DONE 4x2 seed=105210 nsol=16 0.01s 2026-07-22T16:38:19.491
ATTEMPT 212 W0 START 4x2 seed=105211 2026-07-22T16:38:19.492
ATTEMPT 212 W0 SOLVE 4x2 2026-07-22T16:38:19.500
ATTEMPT 212 W0 DONE 4x2 seed=105211 nsol=16 0.01s 2026-07-22T16:38:19.511
ATTEMPT 213 W0 START 4x2 seed=105212 2026-07-22T16:38:19.512
ATTEMPT 213 W0 SOLVE 4x2 2026-07-22T16:38:19.520
ATTEMPT 213 W0 DONE 4x2 seed=105212 nsol=16 0.01s 2026-07-22T16:38:19.526
ATTEMPT 214 W0 START 4x2 seed=105213 2026-07-22T16:38:19.526
ATTEMPT 214 W0 SOLVE 4x2 2026-07-22T16:38:19.533
ATTEMPT 214 W0 DONE 4x2 seed=105213 nsol=16 0.01s 2026-07-22T16:38:19.540
ATTEMPT 215 W0 START 4x2 seed=105214 2026-07-22T16:38:19.540
ATTEMPT 215 W0 SOLVE 4x2 2026-07-22T16:38:19.546
ATTEMPT 215 W0 DONE 4x2 seed=105214 nsol=16 0.01s 2026-07-22T16:38:19.556
ATTEMPT 216 W0 START 4x2 seed=105215 2026-07-22T16:38:19.556
ATTEMPT 216 W0 SOLVE 4x2 2026-07-22T16:38:19.566
ATTEMPT 216 W0 DONE 4x2 seed=105215 nsol=16 0.01s 2026-07-22T16:38:19.578
ATTEMPT 217 W0 START 4x2 seed=105216 2026-07-22T16:38:19.578
ATTEMPT 217 W0 SOLVE 4x2 2026-07-22T16:38:19.591
ATTEMPT 217 W0 DONE 4x2 seed=105216 nsol=16 0.01s 2026-07-22T16:38:19.604
ATTEMPT 218 W0 START 4x2 seed=105217 2026-07-22T16:38:19.604
ATTEMPT 218 W0 SOLVE 4x2 2026-07-22T16:38:19.614
ATTEMPT 218 W0 DONE 4x2 seed=105217 nsol=16 0.01s 2026-07-22T16:38:19.627
ATTEMPT 219 W0 START 4x2 seed=105218 2026-07-22T16:38:19.627
ATTEMPT 219 W0 SOLVE 4x2 2026-07-22T16:38:19.633
ATTEMPT 219 W0 DONE 4x2 seed=105218 nsol=16 0.01s 2026-07-22T16:38:19.647
ATTEMPT 220 W0 START 4x2 seed=105219 2026-07-22T16:38:19.647
ATTEMPT 220 W0 SOLVE 4x2 2026-07-22T16:38:19.657
ATTEMPT 220 W0 DONE 4x2 seed=105219 nsol=16 0.01s 2026-07-22T16:38:19.672
ATTEMPT 221 W0 START 4x2 seed=105220 2026-07-22T16:38:19.672
ATTEMPT 221 W0 SOLVE 4x2 2026-07-22T16:38:19.687
ATTEMPT 221 W0 DONE 4x2 seed=105220 nsol=16 0.01s 2026-07-22T16:38:19.699
ATTEMPT 222 W0 START 4x2 seed=105221 2026-07-22T16:38:19.700
ATTEMPT 222 W0 SOLVE 4x2 2026-07-22T16:38:19.705
ATTEMPT 222 W0 DONE 4x2 seed=105221 nsol=16 0.01s 2026-07-22T16:38:19.719
ATTEMPT 223 W0 START 4x2 seed=105222 2026-07-22T16:38:19.719
ATTEMPT 223 W0 SOLVE 4x2 2026-07-22T16:38:19.728
ATTEMPT 223 W0 DONE 4x2 seed=105222 nsol=16 0.01s 2026-07-22T16:38:19.743
ATTEMPT 224 W0 START 4x2 seed=105223 2026-07-22T16:38:19.744
ATTEMPT 224 W0 SOLVE 4x2 2026-07-22T16:38:19.752
ATTEMPT 224 W0 DONE 4x2 seed=105223 nsol=16 0.01s 2026-07-22T16:38:19.762
ATTEMPT 225 W0 START 4x2 seed=105224 2026-07-22T16:38:19.763
ATTEMPT 225 W0 SOLVE 4x2 2026-07-22T16:38:19.771
ATTEMPT 225 W0 DONE 4x2 seed=105224 nsol=16 0.02s 2026-07-22T16:38:19.787
ATTEMPT 226 W0 START 4x2 seed=105225 2026-07-22T16:38:19.787
ATTEMPT 226 W0 SOLVE 4x2 2026-07-22T16:38:19.793
ATTEMPT 226 W0 DONE 4x2 seed=105225 nsol=16 0.01s 2026-07-22T16:38:19.803
ATTEMPT 227 W0 START 4x2 seed=105226 2026-07-22T16:38:19.803
ATTEMPT 227 W0 SOLVE 4x2 2026-07-22T16:38:19.809
ATTEMPT 227 W0 DONE 4x2 seed=105226 nsol=16 0.01s 2026-07-22T16:38:19.815
ATTEMPT 228 W0 START 4x2 seed=105227 2026-07-22T16:38:19.815
ATTEMPT 228 W0 SOLVE 4x2 2026-07-22T16:38:19.822
ATTEMPT 228 W0 DONE 4x2 seed=105227 nsol=16 0.02s 2026-07-22T16:38:19.839
ATTEMPT 229 W0 START 4x2 seed=105228 2026-07-22T16:38:19.839
ATTEMPT 229 W0 SOLVE 4x2 2026-07-22T16:38:19.848
ATTEMPT 229 W0 DONE 4x2 seed=105228 nsol=16 0.01s 2026-07-22T16:38:19.862
ATTEMPT 230 W0 START 4x2 seed=105229 2026-07-22T16:38:19.862
ATTEMPT 230 W0 SOLVE 4x2 2026-07-22T16:38:19.870
ATTEMPT 230 W0 DONE 4x2 seed=105229 nsol=16 0.01s 2026-07-22T16:38:19.877
ATTEMPT 231 W0 START 4x2 seed=105230 2026-07-22T16:38:19.877
ATTEMPT 231 W0 SOLVE 4x2 2026-07-22T16:38:19.883
ATTEMPT 231 W0 DONE 4x2 seed=105230 nsol=16 0.02s 2026-07-22T16:38:19.899
ATTEMPT 232 W0 START 4x2 seed=105231 2026-07-22T16:38:19.899
ATTEMPT 232 W0 SOLVE 4x2 2026-07-22T16:38:19.906
ATTEMPT 232 W0 DONE 4x2 seed=105231 nsol=16 0.01s 2026-07-22T16:38:19.917
ATTEMPT 233 W0 START 4x2 seed=105232 2026-07-22T16:38:19.917
ATTEMPT 233 W0 SOLVE 4x2 2026-07-22T16:38:19.924
ATTEMPT 233 W0 DONE 4x2 seed=105232 nsol=16 0.01s 2026-07-22T16:38:19.936
ATTEMPT 234 W0 START 4x2 seed=105233 2026-07-22T16:38:19.936
ATTEMPT 234 W0 SOLVE 4x2 2026-07-22T16:38:19.942
ATTEMPT 234 W0 DONE 4x2 seed=105233 nsol=16 0.02s 2026-07-22T16:38:19.958
ATTEMPT 235 W0 START 4x2 seed=105234 2026-07-22T16:38:19.958
ATTEMPT 235 W0 SOLVE 4x2 2026-07-22T16:38:19.965
ATTEMPT 235 W0 DONE 4x2 seed=105234 nsol=16 0.02s 2026-07-22T16:38:19.981
ATTEMPT 236 W0 START 4x2 seed=105235 2026-07-22T16:38:19.981
ATTEMPT 236 W0 SOLVE 4x2 2026-07-22T16:38:19.987
ATTEMPT 236 W0 DONE 4x2 seed=105235 nsol=16 0.01s 2026-07-22T16:38:19.994
ATTEMPT 237 W0 START 4x2 seed=105236 2026-07-22T16:38:19.995
ATTEMPT 237 W0 SOLVE 4x2 2026-07-22T16:38:20.012
ATTEMPT 237 W0 DONE 4x2 seed=105236 nsol=16 0.01s 2026-07-22T16:38:20.018
ATTEMPT 238 W0 START 4x2 seed=105237 2026-07-22T16:38:20.018
ATTEMPT 238 W0 SOLVE 4x2 2026-07-22T16:38:20.029
ATTEMPT 238 W0 DONE 4x2 seed=105237 nsol=16 0.01s 2026-07-22T16:38:20.040
ATTEMPT 239 W0 START 4x2 seed=105238 2026-07-22T16:38:20.041
ATTEMPT 239 W0 SOLVE 4x2 2026-07-22T16:38:20.056
ATTEMPT 239 W0 DONE 4x2 seed=105238 nsol=16 0.02s 2026-07-22T16:38:20.076
ATTEMPT 240 W0 START 4x2 seed=105239 2026-07-22T16:38:20.076
ATTEMPT 240 W0 SOLVE 4x2 2026-07-22T16:38:20.082
ATTEMPT 240 W0 DONE 4x2 seed=105239 nsol=16 0.01s 2026-07-22T16:38:20.094
ATTEMPT 241 W0 START 4x2 seed=105240 2026-07-22T16:38:20.095
ATTEMPT 241 W0 SOLVE 4x2 2026-07-22T16:38:20.105
ATTEMPT 241 W0 DONE 4x2 seed=105240 nsol=16 0.02s 2026-07-22T16:38:20.134
ATTEMPT 242 W0 START 4x2 seed=105241 2026-07-22T16:38:20.135
ATTEMPT 242 W0 SOLVE 4x2 2026-07-22T16:38:20.142
ATTEMPT 242 W0 DONE 4x2 seed=105241 nsol=16 0.01s 2026-07-22T16:38:20.155
ATTEMPT 243 W0 START 4x2 seed=105242 2026-07-22T16:38:20.156
ATTEMPT 243 W0 SOLVE 4x2 2026-07-22T16:38:20.164
ATTEMPT 243 W0 DONE 4x2 seed=105242 nsol=16 0.02s 2026-07-22T16:38:20.183
ATTEMPT 244 W0 START 4x2 seed=105243 2026-07-22T16:38:20.184
ATTEMPT 244 W0 SOLVE 4x2 2026-07-22T16:38:20.190
ATTEMPT 244 W0 DONE 4x2 seed=105243 nsol=16 0.23s 2026-07-22T16:38:20.417
ATTEMPT 245 W0 START 4x2 seed=105244 2026-07-22T16:38:20.477
ATTEMPT 245 W0 SOLVE 4x2 2026-07-22T16:38:20.485
ATTEMPT 245 W0 DONE 4x2 seed=105244 nsol=16 0.02s 2026-07-22T16:38:20.503
ATTEMPT 246 W0 START 4x2 seed=105245 2026-07-22T16:38:20.503
ATTEMPT 246 W0 SOLVE 4x2 2026-07-22T16:38:20.519
ATTEMPT 246 W0 DONE 4x2 seed=105245 nsol=16 0.02s 2026-07-22T16:38:20.535
ATTEMPT 247 W0 START 4x2 seed=105246 2026-07-22T16:38:20.539
ATTEMPT 247 W0 SOLVE 4x2 2026-07-22T16:38:20.552
ATTEMPT 247 W0 DONE 4x2 seed=105246 nsol=16 0.01s 2026-07-22T16:38:20.563
ATTEMPT 248 W0 START 4x2 seed=105247 2026-07-22T16:38:20.563
ATTEMPT 248 W0 SOLVE 4x2 2026-07-22T16:38:20.574
ATTEMPT 248 W0 DONE 4x2 seed=105247 nsol=16 0.02s 2026-07-22T16:38:20.602
ATTEMPT 249 W0 START 4x2 seed=105248 2026-07-22T16:38:20.602
ATTEMPT 249 W0 SOLVE 4x2 2026-07-22T16:38:20.608
ATTEMPT 249 W0 DONE 4x2 seed=105248 nsol=16 0.01s 2026-07-22T16:38:20.621
ATTEMPT 250 W0 START 4x2 seed=105249 2026-07-22T16:38:20.622
ATTEMPT 250 W0 SOLVE 4x2 2026-07-22T16:38:20.628
ATTEMPT 250 W0 DONE 4x2 seed=105249 nsol=16 0.00s 2026-07-22T16:38:20.633
ATTEMPT 251 W0 START 4x2 seed=105250 2026-07-22T16:38:20.633
ATTEMPT 251 W0 SOLVE 4x2 2026-07-22T16:38:20.649
ATTEMPT 251 W0 DONE 4x2 seed=105250 nsol=16 0.01s 2026-07-22T16:38:20.659
ATTEMPT 252 W0 START 4x2 seed=105251 2026-07-22T16:38:20.659
ATTEMPT 252 W0 SOLVE 4x2 2026-07-22T16:38:20.671
ATTEMPT 252 W0 DONE 4x2 seed=105251 nsol=16 0.01s 2026-07-22T16:38:20.688
ATTEMPT 253 W0 START 4x2 seed=105252 2026-07-22T16:38:20.688
ATTEMPT 253 W0 SOLVE 4x2 2026-07-22T16:38:20.693
ATTEMPT 253 W0 DONE 4x2 seed=105252 nsol=16 0.01s 2026-07-22T16:38:20.707
ATTEMPT 254 W0 START 4x2 seed=105253 2026-07-22T16:38:20.708
ATTEMPT 254 W0 SOLVE 4x2 2026-07-22T16:38:20.714
ATTEMPT 254 W0 DONE 4x2 seed=105253 nsol=16 0.01s 2026-07-22T16:38:20.727
ATTEMPT 255 W0 START 4x2 seed=105254 2026-07-22T16:38:20.727
ATTEMPT 255 W0 SOLVE 4x2 2026-07-22T16:38:20.733
ATTEMPT 255 W0 DONE 4x2 seed=105254 nsol=16 0.02s 2026-07-22T16:38:20.751
ATTEMPT 256 W0 START 4x2 seed=105255 2026-07-22T16:38:20.751
ATTEMPT 256 W0 SOLVE 4x2 2026-07-22T16:38:20.759
ATTEMPT 256 W0 DONE 4x2 seed=105255 nsol=16 0.01s 2026-07-22T16:38:20.766
ATTEMPT 257 W0 START 4x2 seed=105256 2026-07-22T16:38:20.767
ATTEMPT 257 W0 SOLVE 4x2 2026-07-22T16:38:20.773
ATTEMPT 257 W0 DONE 4x2 seed=105256 nsol=16 0.01s 2026-07-22T16:38:20.786
ATTEMPT 258 W0 START 4x2 seed=105257 2026-07-22T16:38:20.786
ATTEMPT 258 W0 SOLVE 4x2 2026-07-22T16:38:20.792
ATTEMPT 258 W0 DONE 4x2 seed=105257 nsol=16 0.01s 2026-07-22T16:38:20.798
ATTEMPT 259 W0 START 4x2 seed=105258 2026-07-22T16:38:20.798
ATTEMPT 259 W0 SOLVE 4x2 2026-07-22T16:38:20.803
ATTEMPT 259 W0 DONE 4x2 seed=105258 nsol=16 0.02s 2026-07-22T16:38:20.822
ATTEMPT 260 W0 START 4x2 seed=105259 2026-07-22T16:38:20.823
ATTEMPT 260 W0 SOLVE 4x2 2026-07-22T16:38:20.835
ATTEMPT 260 W0 DONE 4x2 seed=105259 nsol=16 0.01s 2026-07-22T16:38:20.847
ATTEMPT 261 W0 START 4x2 seed=105260 2026-07-22T16:38:20.847
ATTEMPT 261 W0 SOLVE 4x2 2026-07-22T16:38:20.854
ATTEMPT 261 W0 DONE 4x2 seed=105260 nsol=16 0.03s 2026-07-22T16:38:20.880
ATTEMPT 262 W0 START 4x2 seed=105261 2026-07-22T16:38:20.881
ATTEMPT 262 W0 SOLVE 4x2 2026-07-22T16:38:20.887
ATTEMPT 262 W0 DONE 4x2 seed=105261 nsol=16 0.02s 2026-07-22T16:38:20.907
ATTEMPT 263 W0 START 4x2 seed=105262 2026-07-22T16:38:20.907
ATTEMPT 263 W0 SOLVE 4x2 2026-07-22T16:38:20.915
ATTEMPT 263 W0 DONE 4x2 seed=105262 nsol=16 0.02s 2026-07-22T16:38:20.939
ATTEMPT 264 W0 START 4x2 seed=105263 2026-07-22T16:38:20.940
ATTEMPT 264 W0 SOLVE 4x2 2026-07-22T16:38:20.945
ATTEMPT 264 W0 DONE 4x2 seed=105263 nsol=16 0.00s 2026-07-22T16:38:20.950
ATTEMPT 265 W0 START 4x2 seed=105264 2026-07-22T16:38:20.950
ATTEMPT 265 W0 SOLVE 4x2 2026-07-22T16:38:20.958
ATTEMPT 265 W0 DONE 4x2 seed=105264 nsol=16 0.01s 2026-07-22T16:38:20.972
ATTEMPT 266 W0 START 4x2 seed=105265 2026-07-22T16:38:20.972
ATTEMPT 266 W0 SOLVE 4x2 2026-07-22T16:38:20.980
ATTEMPT 266 W0 DONE 4x2 seed=105265 nsol=16 0.01s 2026-07-22T16:38:20.995
ATTEMPT 267 W0 START 4x2 seed=105266 2026-07-22T16:38:20.995
ATTEMPT 267 W0 SOLVE 4x2 2026-07-22T16:38:21.003
ATTEMPT 267 W0 DONE 4x2 seed=105266 nsol=16 0.02s 2026-07-22T16:38:21.019
ATTEMPT 268 W0 START 4x2 seed=105267 2026-07-22T16:38:21.019
ATTEMPT 268 W0 SOLVE 4x2 2026-07-22T16:38:21.035
ATTEMPT 268 W0 DONE 4x2 seed=105267 nsol=16 0.01s 2026-07-22T16:38:21.048
ATTEMPT 269 W0 START 4x2 seed=105268 2026-07-22T16:38:21.048
ATTEMPT 269 W0 SOLVE 4x2 2026-07-22T16:38:21.058
ATTEMPT 269 W0 DONE 4x2 seed=105268 nsol=16 0.01s 2026-07-22T16:38:21.077
ATTEMPT 270 W0 START 4x2 seed=105269 2026-07-22T16:38:21.077
ATTEMPT 270 W0 SOLVE 4x2 2026-07-22T16:38:21.092
ATTEMPT 270 W0 DONE 4x2 seed=105269 nsol=16 0.02s 2026-07-22T16:38:21.113
ATTEMPT 271 W0 START 4x2 seed=105270 2026-07-22T16:38:21.113
ATTEMPT 271 W0 SOLVE 4x2 2026-07-22T16:38:21.119
ATTEMPT 271 W0 DONE 4x2 seed=105270 nsol=16 0.02s 2026-07-22T16:38:21.144
ATTEMPT 272 W0 START 4x2 seed=105271 2026-07-22T16:38:21.144
ATTEMPT 272 W0 SOLVE 4x2 2026-07-22T16:38:21.150
ATTEMPT 272 W0 DONE 4x2 seed=105271 nsol=16 0.01s 2026-07-22T16:38:21.164
ATTEMPT 273 W0 START 4x2 seed=105272 2026-07-22T16:38:21.165
ATTEMPT 273 W0 SOLVE 4x2 2026-07-22T16:38:21.170
ATTEMPT 273 W0 DONE 4x2 seed=105272 nsol=16 0.01s 2026-07-22T16:38:21.191
ATTEMPT 274 W0 START 4x2 seed=105273 2026-07-22T16:38:21.191
ATTEMPT 274 W0 SOLVE 4x2 2026-07-22T16:38:21.206
ATTEMPT 274 W0 DONE 4x2 seed=105273 nsol=16 0.02s 2026-07-22T16:38:21.227
ATTEMPT 275 W0 START 4x2 seed=105274 2026-07-22T16:38:21.228
ATTEMPT 275 W0 SOLVE 4x2 2026-07-22T16:38:21.248
ATTEMPT 275 W0 DONE 4x2 seed=105274 nsol=16 0.03s 2026-07-22T16:38:21.275
ATTEMPT 276 W0 START 4x2 seed=105275 2026-07-22T16:38:21.276
ATTEMPT 276 W0 SOLVE 4x2 2026-07-22T16:38:21.287
ATTEMPT 276 W0 DONE 4x2 seed=105275 nsol=16 0.02s 2026-07-22T16:38:21.314
ATTEMPT 277 W0 START 4x2 seed=105276 2026-07-22T16:38:21.314
ATTEMPT 277 W0 SOLVE 4x2 2026-07-22T16:38:21.326
ATTEMPT 277 W0 DONE 4x2 seed=105276 nsol=16 0.02s 2026-07-22T16:38:21.347
ATTEMPT 278 W0 START 4x2 seed=105277 2026-07-22T16:38:21.348
ATTEMPT 278 W0 SOLVE 4x2 2026-07-22T16:38:21.358
ATTEMPT 278 W0 DONE 4x2 seed=105277 nsol=16 0.02s 2026-07-22T16:38:21.375
ATTEMPT 279 W0 START 4x2 seed=105278 2026-07-22T16:38:21.376
ATTEMPT 279 W0 SOLVE 4x2 2026-07-22T16:38:21.382
ATTEMPT 279 W0 DONE 4x2 seed=105278 nsol=16 0.03s 2026-07-22T16:38:21.407
ATTEMPT 280 W0 START 4x2 seed=105279 2026-07-22T16:38:21.407
ATTEMPT 280 W0 SOLVE 4x2 2026-07-22T16:38:21.415
ATTEMPT 280 W0 DONE 4x2 seed=105279 nsol=16 0.01s 2026-07-22T16:38:21.424
ATTEMPT 281 W0 START 4x2 seed=105280 2026-07-22T16:38:21.424
ATTEMPT 281 W0 SOLVE 4x2 2026-07-22T16:38:21.430
ATTEMPT 281 W0 DONE 4x2 seed=105280 nsol=16 0.01s 2026-07-22T16:38:21.443
ATTEMPT 282 W0 START 4x2 seed=105281 2026-07-22T16:38:21.443
ATTEMPT 282 W0 SOLVE 4x2 2026-07-22T16:38:21.450
ATTEMPT 282 W0 DONE 4x2 seed=105281 nsol=16 0.01s 2026-07-22T16:38:21.458
ATTEMPT 283 W0 START 4x2 seed=105282 2026-07-22T16:38:21.459
ATTEMPT 283 W0 SOLVE 4x2 2026-07-22T16:38:21.465
ATTEMPT 283 W0 DONE 4x2 seed=105282 nsol=16 0.01s 2026-07-22T16:38:21.472
ATTEMPT 284 W0 START 4x2 seed=105283 2026-07-22T16:38:21.473
ATTEMPT 284 W0 SOLVE 4x2 2026-07-22T16:38:21.479
ATTEMPT 284 W0 DONE 4x2 seed=105283 nsol=16 0.01s 2026-07-22T16:38:21.486
ATTEMPT 285 W0 START 4x2 seed=105284 2026-07-22T16:38:21.487
ATTEMPT 285 W0 SOLVE 4x2 2026-07-22T16:38:21.493
ATTEMPT 285 W0 DONE 4x2 seed=105284 nsol=16 0.01s 2026-07-22T16:38:21.507
ATTEMPT 286 W0 START 4x2 seed=105285 2026-07-22T16:38:21.507
ATTEMPT 286 W0 SOLVE 4x2 2026-07-22T16:38:21.518
ATTEMPT 286 W0 DONE 4x2 seed=105285 nsol=16 0.01s 2026-07-22T16:38:21.536
ATTEMPT 287 W0 START 4x2 seed=105286 2026-07-22T16:38:21.536
ATTEMPT 287 W0 SOLVE 4x2 2026-07-22T16:38:21.547
ATTEMPT 287 W0 DONE 4x2 seed=105286 nsol=16 0.02s 2026-07-22T16:38:21.571
ATTEMPT 288 W0 START 4x2 seed=105287 2026-07-22T16:38:21.572
ATTEMPT 288 W0 SOLVE 4x2 2026-07-22T16:38:21.588
ATTEMPT 288 W0 DONE 4x2 seed=105287 nsol=16 0.02s 2026-07-22T16:38:21.611
ATTEMPT 289 W0 START 4x2 seed=105288 2026-07-22T16:38:21.612
ATTEMPT 289 W0 SOLVE 4x2 2026-07-22T16:38:21.618
ATTEMPT 289 W0 DONE 4x2 seed=105288 nsol=16 0.01s 2026-07-22T16:38:21.634
ATTEMPT 290 W0 START 4x2 seed=105289 2026-07-22T16:38:21.634
ATTEMPT 290 W0 SOLVE 4x2 2026-07-22T16:38:21.648
ATTEMPT 290 W0 DONE 4x2 seed=105289 nsol=16 0.01s 2026-07-22T16:38:21.654
ATTEMPT 291 W0 START 4x2 seed=105290 2026-07-22T16:38:21.655
ATTEMPT 291 W0 SOLVE 4x2 2026-07-22T16:38:21.668
ATTEMPT 291 W0 DONE 4x2 seed=105290 nsol=16 0.01s 2026-07-22T16:38:21.679
ATTEMPT 292 W0 START 4x2 seed=105291 2026-07-22T16:38:21.679
ATTEMPT 292 W0 SOLVE 4x2 2026-07-22T16:38:21.689
ATTEMPT 292 W0 DONE 4x2 seed=105291 nsol=16 0.01s 2026-07-22T16:38:21.704
ATTEMPT 293 W0 START 4x2 seed=105292 2026-07-22T16:38:21.704
ATTEMPT 293 W0 SOLVE 4x2 2026-07-22T16:38:21.714
ATTEMPT 293 W0 DONE 4x2 seed=105292 nsol=16 0.01s 2026-07-22T16:38:21.728
ATTEMPT 294 W0 START 4x2 seed=105293 2026-07-22T16:38:21.728
ATTEMPT 294 W0 SOLVE 4x2 2026-07-22T16:38:21.733
ATTEMPT 294 W0 DONE 4x2 seed=105293 nsol=16 0.02s 2026-07-22T16:38:21.756
ATTEMPT 295 W0 START 4x2 seed=105294 2026-07-22T16:38:21.756
ATTEMPT 295 W0 SOLVE 4x2 2026-07-22T16:38:21.766
ATTEMPT 295 W0 DONE 4x2 seed=105294 nsol=16 0.01s 2026-07-22T16:38:21.781
ATTEMPT 296 W0 START 4x2 seed=105295 2026-07-22T16:38:21.781
ATTEMPT 296 W0 SOLVE 4x2 2026-07-22T16:38:21.795
ATTEMPT 296 W0 DONE 4x2 seed=105295 nsol=16 0.01s 2026-07-22T16:38:21.805
ATTEMPT 297 W0 START 4x2 seed=105296 2026-07-22T16:38:21.805
ATTEMPT 297 W0 SOLVE 4x2 2026-07-22T16:38:21.811
ATTEMPT 297 W0 DONE 4x2 seed=105296 nsol=16 0.02s 2026-07-22T16:38:21.831
ATTEMPT 298 W0 START 4x2 seed=105297 2026-07-22T16:38:21.831
ATTEMPT 298 W0 SOLVE 4x2 2026-07-22T16:38:21.839
ATTEMPT 298 W0 DONE 4x2 seed=105297 nsol=16 0.02s 2026-07-22T16:38:21.858
ATTEMPT 299 W0 START 4x2 seed=105298 2026-07-22T16:38:21.858
ATTEMPT 299 W0 SOLVE 4x2 2026-07-22T16:38:21.865
ATTEMPT 299 W0 DONE 4x2 seed=105298 nsol=16 0.01s 2026-07-22T16:38:21.879
ATTEMPT 300 W0 START 4x2 seed=105299 2026-07-22T16:38:21.879
ATTEMPT 300 W0 SOLVE 4x2 2026-07-22T16:38:21.895
ATTEMPT 300 W0 DONE 4x2 seed=105299 nsol=16 0.02s 2026-07-22T16:38:21.921
ATTEMPT 301 W0 START 4x2 seed=105300 2026-07-22T16:38:21.921
ATTEMPT 301 W0 SOLVE 4x2 2026-07-22T16:38:21.927
ATTEMPT 301 W0 DONE 4x2 seed=105300 nsol=16 0.02s 2026-07-22T16:38:21.959
ATTEMPT 302 W0 START 4x2 seed=105301 2026-07-22T16:38:21.959
ATTEMPT 302 W0 SOLVE 4x2 2026-07-22T16:38:21.969
ATTEMPT 302 W0 DONE 4x2 seed=105301 nsol=16 0.02s 2026-07-22T16:38:21.995
ATTEMPT 303 W0 START 4x2 seed=105302 2026-07-22T16:38:21.995
ATTEMPT 303 W0 SOLVE 4x2 2026-07-22T16:38:22.009
ATTEMPT 303 W0 DONE 4x2 seed=105302 nsol=16 0.01s 2026-07-22T16:38:22.023
ATTEMPT 304 W0 START 4x2 seed=105303 2026-07-22T16:38:22.024
ATTEMPT 304 W0 SOLVE 4x2 2026-07-22T16:38:22.037
ATTEMPT 304 W0 DONE 4x2 seed=105303 nsol=16 0.01s 2026-07-22T16:38:22.052
ATTEMPT 305 W0 START 4x2 seed=105304 2026-07-22T16:38:22.052
ATTEMPT 305 W0 SOLVE 4x2 2026-07-22T16:38:22.062
ATTEMPT 305 W0 DONE 4x2 seed=105304 nsol=16 0.02s 2026-07-22T16:38:22.091
ATTEMPT 306 W0 START 4x2 seed=105305 2026-07-22T16:38:22.092
ATTEMPT 306 W0 SOLVE 4x2 2026-07-22T16:38:22.109
ATTEMPT 306 W0 DONE 4x2 seed=105305 nsol=16 0.01s 2026-07-22T16:38:22.124
ATTEMPT 307 W0 START 4x2 seed=105306 2026-07-22T16:38:22.124
ATTEMPT 307 W0 SOLVE 4x2 2026-07-22T16:38:22.139
ATTEMPT 307 W0 DONE 4x2 seed=105306 nsol=16 0.02s 2026-07-22T16:38:22.172
ATTEMPT 308 W0 START 4x2 seed=105307 2026-07-22T16:38:22.172
ATTEMPT 308 W0 SOLVE 4x2 2026-07-22T16:38:22.185
ATTEMPT 308 W0 DONE 4x2 seed=105307 nsol=16 0.10s 2026-07-22T16:38:22.284
ATTEMPT 309 W0 START 4x2 seed=105308 2026-07-22T16:38:22.284
ATTEMPT 309 W0 SOLVE 4x2 2026-07-22T16:38:22.291
ATTEMPT 309 W0 DONE 4x2 seed=105308 nsol=16 0.01s 2026-07-22T16:38:22.298
ATTEMPT 310 W0 START 4x2 seed=105309 2026-07-22T16:38:22.298
ATTEMPT 310 W0 SOLVE 4x2 2026-07-22T16:38:22.309
ATTEMPT 310 W0 DONE 4x2 seed=105309 nsol=16 0.01s 2026-07-22T16:38:22.318
ATTEMPT 311 W0 START 4x2 seed=105310 2026-07-22T16:38:22.318
ATTEMPT 311 W0 SOLVE 4x2 2026-07-22T16:38:22.330
ATTEMPT 311 W0 DONE 4x2 seed=105310 nsol=16 0.01s 2026-07-22T16:38:22.339
ATTEMPT 312 W0 START 4x2 seed=105311 2026-07-22T16:38:22.339
ATTEMPT 312 W0 SOLVE 4x2 2026-07-22T16:38:22.347
ATTEMPT 312 W0 DONE 4x2 seed=105311 nsol=16 0.02s 2026-07-22T16:38:22.366
ATTEMPT 313 W0 START 4x2 seed=105312 2026-07-22T16:38:22.366
ATTEMPT 313 W0 SOLVE 4x2 2026-07-22T16:38:22.372
ATTEMPT 313 W0 DONE 4x2 seed=105312 nsol=16 0.01s 2026-07-22T16:38:22.383
ATTEMPT 314 W0 START 4x2 seed=105313 2026-07-22T16:38:22.383
ATTEMPT 314 W0 SOLVE 4x2 2026-07-22T16:38:22.392
ATTEMPT 314 W0 DONE 4x2 seed=105313 nsol=16 0.01s 2026-07-22T16:38:22.403
ATTEMPT 315 W0 START 4x2 seed=105314 2026-07-22T16:38:22.403
ATTEMPT 315 W0 SOLVE 4x2 2026-07-22T16:38:22.411
ATTEMPT 315 W0 DONE 4x2 seed=105314 nsol=16 0.01s 2026-07-22T16:38:22.420
ATTEMPT 316 W0 START 4x2 seed=105315 2026-07-22T16:38:22.420
ATTEMPT 316 W0 SOLVE 4x2 2026-07-22T16:38:22.427
ATTEMPT 316 W0 DONE 4x2 seed=105315 nsol=16 0.03s 2026-07-22T16:38:22.455
ATTEMPT 317 W0 START 4x2 seed=105316 2026-07-22T16:38:22.456
ATTEMPT 317 W0 SOLVE 4x2 2026-07-22T16:38:22.466
ATTEMPT 317 W0 DONE 4x2 seed=105316 nsol=16 0.01s 2026-07-22T16:38:22.479
ATTEMPT 318 W0 START 4x2 seed=105317 2026-07-22T16:38:22.479
ATTEMPT 318 W0 SOLVE 4x2 2026-07-22T16:38:22.484
ATTEMPT 318 W0 DONE 4x2 seed=105317 nsol=16 0.01s 2026-07-22T16:38:22.499
ATTEMPT 319 W0 START 4x2 seed=105318 2026-07-22T16:38:22.499
ATTEMPT 319 W0 SOLVE 4x2 2026-07-22T16:38:22.508
ATTEMPT 319 W0 DONE 4x2 seed=105318 nsol=16 0.03s 2026-07-22T16:38:22.535
ATTEMPT 320 W0 START 4x2 seed=105319 2026-07-22T16:38:22.535
ATTEMPT 320 W0 SOLVE 4x2 2026-07-22T16:38:22.546
ATTEMPT 320 W0 DONE 4x2 seed=105319 nsol=16 0.03s 2026-07-22T16:38:22.572
ATTEMPT 321 W0 START 4x2 seed=105320 2026-07-22T16:38:22.573
ATTEMPT 321 W0 SOLVE 4x2 2026-07-22T16:38:22.587
ATTEMPT 321 W0 DONE 4x2 seed=105320 nsol=16 0.03s 2026-07-22T16:38:22.613
ATTEMPT 322 W0 START 4x2 seed=105321 2026-07-22T16:38:22.613
ATTEMPT 322 W0 SOLVE 4x2 2026-07-22T16:38:22.621
ATTEMPT 322 W0 DONE 4x2 seed=105321 nsol=16 0.03s 2026-07-22T16:38:22.647
ATTEMPT 323 W0 START 4x2 seed=105322 2026-07-22T16:38:22.647
ATTEMPT 323 W0 SOLVE 4x2 2026-07-22T16:38:22.655
ATTEMPT 323 W0 DONE 4x2 seed=105322 nsol=16 0.02s 2026-07-22T16:38:22.675
ATTEMPT 324 W0 START 4x2 seed=105323 2026-07-22T16:38:22.675
ATTEMPT 324 W0 SOLVE 4x2 2026-07-22T16:38:22.681
ATTEMPT 324 W0 DONE 4x2 seed=105323 nsol=16 0.02s 2026-07-22T16:38:22.699
ATTEMPT 325 W0 START 4x2 seed=105324 2026-07-22T16:38:22.699
ATTEMPT 325 W0 SOLVE 4x2 2026-07-22T16:38:22.715
ATTEMPT 325 W0 DONE 4x2 seed=105324 nsol=16 0.01s 2026-07-22T16:38:22.724
ATTEMPT 326 W0 START 4x2 seed=105325 2026-07-22T16:38:22.724
ATTEMPT 326 W0 SOLVE 4x2 2026-07-22T16:38:22.738
ATTEMPT 326 W0 DONE 4x2 seed=105325 nsol=16 0.02s 2026-07-22T16:38:22.759
ATTEMPT 327 W0 START 4x2 seed=105326 2026-07-22T16:38:22.759
ATTEMPT 327 W0 SOLVE 4x2 2026-07-22T16:38:22.770
ATTEMPT 327 W0 DONE 4x2 seed=105326 nsol=16 0.01s 2026-07-22T16:38:22.783
ATTEMPT 328 W0 START 4x2 seed=105327 2026-07-22T16:38:22.784
ATTEMPT 328 W0 SOLVE 4x2 2026-07-22T16:38:22.793
ATTEMPT 328 W0 DONE 4x2 seed=105327 nsol=16 0.01s 2026-07-22T16:38:22.801
ATTEMPT 329 W0 START 4x2 seed=105328 2026-07-22T16:38:22.801
ATTEMPT 329 W0 SOLVE 4x2 2026-07-22T16:38:22.807
ATTEMPT 329 W0 DONE 4x2 seed=105328 nsol=16 0.01s 2026-07-22T16:38:22.814
ATTEMPT 330 W0 START 4x2 seed=105329 2026-07-22T16:38:22.815
ATTEMPT 330 W0 SOLVE 4x2 2026-07-22T16:38:22.824
ATTEMPT 330 W0 DONE 4x2 seed=105329 nsol=16 0.01s 2026-07-22T16:38:22.838
ATTEMPT 331 W0 START 4x2 seed=105330 2026-07-22T16:38:22.838
ATTEMPT 331 W0 SOLVE 4x2 2026-07-22T16:38:22.844
ATTEMPT 331 W0 DONE 4x2 seed=105330 nsol=16 0.02s 2026-07-22T16:38:22.860
ATTEMPT 332 W0 START 4x2 seed=105331 2026-07-22T16:38:22.860
ATTEMPT 332 W0 SOLVE 4x2 2026-07-22T16:38:22.866
ATTEMPT 332 W0 DONE 4x2 seed=105331 nsol=16 0.02s 2026-07-22T16:38:22.887
ATTEMPT 333 W0 START 4x2 seed=105332 2026-07-22T16:38:22.887
ATTEMPT 333 W0 SOLVE 4x2 2026-07-22T16:38:22.895
ATTEMPT 333 W0 DONE 4x2 seed=105332 nsol=16 0.01s 2026-07-22T16:38:22.906
ATTEMPT 334 W0 START 4x2 seed=105333 2026-07-22T16:38:22.906
ATTEMPT 334 W0 SOLVE 4x2 2026-07-22T16:38:22.914
ATTEMPT 334 W0 DONE 4x2 seed=105333 nsol=16 0.02s 2026-07-22T16:38:22.930
ATTEMPT 335 W0 START 4x2 seed=105334 2026-07-22T16:38:22.930
ATTEMPT 335 W0 SOLVE 4x2 2026-07-22T16:38:22.936
ATTEMPT 335 W0 DONE 4x2 seed=105334 nsol=16 0.01s 2026-07-22T16:38:22.945
ATTEMPT 336 W0 START 4x2 seed=105335 2026-07-22T16:38:22.946
ATTEMPT 336 W0 SOLVE 4x2 2026-07-22T16:38:22.951
ATTEMPT 336 W0 DONE 4x2 seed=105335 nsol=16 0.02s 2026-07-22T16:38:22.967
ATTEMPT 337 W0 START 4x2 seed=105336 2026-07-22T16:38:22.967
ATTEMPT 337 W0 SOLVE 4x2 2026-07-22T16:38:22.974
ATTEMPT 337 W0 DONE 4x2 seed=105336 nsol=16 0.02s 2026-07-22T16:38:22.995
ATTEMPT 338 W0 START 4x2 seed=105337 2026-07-22T16:38:22.995
ATTEMPT 338 W0 SOLVE 4x2 2026-07-22T16:38:23.005
ATTEMPT 338 W0 DONE 4x2 seed=105337 nsol=16 0.01s 2026-07-22T16:38:23.011
ATTEMPT 339 W0 START 4x2 seed=105338 2026-07-22T16:38:23.011
ATTEMPT 339 W0 SOLVE 4x2 2026-07-22T16:38:23.021
ATTEMPT 339 W0 DONE 4x2 seed=105338 nsol=16 0.02s 2026-07-22T16:38:23.040
ATTEMPT 340 W0 START 4x2 seed=105339 2026-07-22T16:38:23.040
ATTEMPT 340 W0 SOLVE 4x2 2026-07-22T16:38:23.046
ATTEMPT 340 W0 DONE 4x2 seed=105339 nsol=16 0.01s 2026-07-22T16:38:23.053
ATTEMPT 341 W0 START 4x2 seed=105340 2026-07-22T16:38:23.053
ATTEMPT 341 W0 SOLVE 4x2 2026-07-22T16:38:23.061
ATTEMPT 341 W0 DONE 4x2 seed=105340 nsol=16 0.02s 2026-07-22T16:38:23.081
ATTEMPT 342 W0 START 4x2 seed=105341 2026-07-22T16:38:23.081
ATTEMPT 342 W0 SOLVE 4x2 2026-07-22T16:38:23.087
ATTEMPT 342 W0 DONE 4x2 seed=105341 nsol=16 0.03s 2026-07-22T16:38:23.112
ATTEMPT 343 W0 START 4x2 seed=105342 2026-07-22T16:38:23.113
ATTEMPT 343 W0 SOLVE 4x2 2026-07-22T16:38:23.124
ATTEMPT 343 W0 DONE 4x2 seed=105342 nsol=16 0.02s 2026-07-22T16:38:23.144
ATTEMPT 344 W0 START 4x2 seed=105343 2026-07-22T16:38:23.144
ATTEMPT 344 W0 SOLVE 4x2 2026-07-22T16:38:23.149
ATTEMPT 344 W0 DONE 4x2 seed=105343 nsol=16 0.01s 2026-07-22T16:38:23.164
ATTEMPT 345 W0 START 4x2 seed=105344 2026-07-22T16:38:23.164
ATTEMPT 345 W0 SOLVE 4x2 2026-07-22T16:38:23.174
ATTEMPT 345 W0 DONE 4x2 seed=105344 nsol=16 0.01s 2026-07-22T16:38:23.186
ATTEMPT 346 W0 START 4x2 seed=105345 2026-07-22T16:38:23.188
ATTEMPT 346 W0 SOLVE 4x2 2026-07-22T16:38:23.198
ATTEMPT 346 W0 DONE 4x2 seed=105345 nsol=16 0.02s 2026-07-22T16:38:23.220
ATTEMPT 347 W0 START 4x2 seed=105346 2026-07-22T16:38:23.220
ATTEMPT 347 W0 SOLVE 4x2 2026-07-22T16:38:23.227
ATTEMPT 347 W0 DONE 4x2 seed=105346 nsol=16 0.01s 2026-07-22T16:38:23.243
ATTEMPT 348 W0 START 4x2 seed=105347 2026-07-22T16:38:23.244
ATTEMPT 348 W0 SOLVE 4x2 2026-07-22T16:38:23.260
ATTEMPT 348 W0 DONE 4x2 seed=105347 nsol=16 0.02s 2026-07-22T16:38:23.283
ATTEMPT 349 W0 START 4x2 seed=105348 2026-07-22T16:38:23.283
ATTEMPT 349 W0 SOLVE 4x2 2026-07-22T16:38:23.295
ATTEMPT 349 W0 DONE 4x2 seed=105348 nsol=16 0.02s 2026-07-22T16:38:23.319
ATTEMPT 350 W0 START 4x2 seed=105349 2026-07-22T16:38:23.320
ATTEMPT 350 W0 SOLVE 4x2 2026-07-22T16:38:23.332
ATTEMPT 350 W0 DONE 4x2 seed=105349 nsol=16 0.02s 2026-07-22T16:38:23.351
ATTEMPT 351 W0 START 4x2 seed=105350 2026-07-22T16:38:23.352
ATTEMPT 351 W0 SOLVE 4x2 2026-07-22T16:38:23.357
ATTEMPT 351 W0 DONE 4x2 seed=105350 nsol=16 0.01s 2026-07-22T16:38:23.372
ATTEMPT 352 W0 START 4x2 seed=105351 2026-07-22T16:38:23.372
ATTEMPT 352 W0 SOLVE 4x2 2026-07-22T16:38:23.388
ATTEMPT 352 W0 DONE 4x2 seed=105351 nsol=16 0.02s 2026-07-22T16:38:23.411
ATTEMPT 353 W0 START 4x2 seed=105352 2026-07-22T16:38:23.412
ATTEMPT 353 W0 SOLVE 4x2 2026-07-22T16:38:23.417
ATTEMPT 353 W0 DONE 4x2 seed=105352 nsol=16 0.03s 2026-07-22T16:38:23.451
ATTEMPT 354 W0 START 4x2 seed=105353 2026-07-22T16:38:23.451
ATTEMPT 354 W0 SOLVE 4x2 2026-07-22T16:38:23.462
ATTEMPT 354 W0 DONE 4x2 seed=105353 nsol=16 0.02s 2026-07-22T16:38:23.484
ATTEMPT 355 W0 START 4x2 seed=105354 2026-07-22T16:38:23.484
ATTEMPT 355 W0 SOLVE 4x2 2026-07-22T16:38:23.496
ATTEMPT 355 W0 DONE 4x2 seed=105354 nsol=16 0.02s 2026-07-22T16:38:23.515
ATTEMPT 356 W0 START 4x2 seed=105355 2026-07-22T16:38:23.515
ATTEMPT 356 W0 SOLVE 4x2 2026-07-22T16:38:23.536
ATTEMPT 356 W0 DONE 4x2 seed=105355 nsol=16 0.01s 2026-07-22T16:38:23.550
ATTEMPT 357 W0 START 4x2 seed=105356 2026-07-22T16:38:23.550
ATTEMPT 357 W0 SOLVE 4x2 2026-07-22T16:38:23.565
ATTEMPT 357 W0 DONE 4x2 seed=105356 nsol=16 0.02s 2026-07-22T16:38:23.592
ATTEMPT 358 W0 START 4x2 seed=105357 2026-07-22T16:38:23.592
ATTEMPT 358 W0 SOLVE 4x2 2026-07-22T16:38:23.606
ATTEMPT 358 W0 DONE 4x2 seed=105357 nsol=16 0.03s 2026-07-22T16:38:23.635
ATTEMPT 359 W0 START 4x2 seed=105358 2026-07-22T16:38:23.636
ATTEMPT 359 W0 SOLVE 4x2 2026-07-22T16:38:23.650
ATTEMPT 359 W0 DONE 4x2 seed=105358 nsol=16 0.10s 2026-07-22T16:38:23.748
ATTEMPT 360 W0 START 4x2 seed=105359 2026-07-22T16:38:23.780
ATTEMPT 360 W0 SOLVE 4x2 2026-07-22T16:38:23.798
ATTEMPT 360 W0 DONE 4x2 seed=105359 nsol=16 0.02s 2026-07-22T16:38:23.832
ATTEMPT 361 W0 START 4x2 seed=105360 2026-07-22T16:38:23.832
ATTEMPT 361 W0 SOLVE 4x2 2026-07-22T16:38:23.852
ATTEMPT 361 W0 DONE 4x2 seed=105360 nsol=16 0.04s 2026-07-22T16:38:23.887
ATTEMPT 362 W0 START 4x2 seed=105361 2026-07-22T16:38:23.887
ATTEMPT 362 W0 SOLVE 4x2 2026-07-22T16:38:23.897
ATTEMPT 362 W0 DONE 4x2 seed=105361 nsol=16 0.02s 2026-07-22T16:38:23.914
ATTEMPT 363 W0 START 4x2 seed=105362 2026-07-22T16:38:23.915
ATTEMPT 363 W0 SOLVE 4x2 2026-07-22T16:38:23.933
ATTEMPT 363 W0 DONE 4x2 seed=105362 nsol=16 0.02s 2026-07-22T16:38:23.957
ATTEMPT 364 W0 START 4x2 seed=105363 2026-07-22T16:38:23.958
ATTEMPT 364 W0 SOLVE 4x2 2026-07-22T16:38:23.966
ATTEMPT 364 W0 DONE 4x2 seed=105363 nsol=16 0.02s 2026-07-22T16:38:23.989
ATTEMPT 365 W0 START 4x2 seed=105364 2026-07-22T16:38:23.989
ATTEMPT 365 W0 SOLVE 4x2 2026-07-22T16:38:23.994
ATTEMPT 365 W0 DONE 4x2 seed=105364 nsol=16 0.02s 2026-07-22T16:38:24.013
ATTEMPT 366 W0 START 4x2 seed=105365 2026-07-22T16:38:24.014
ATTEMPT 366 W0 SOLVE 4x2 2026-07-22T16:38:24.020
ATTEMPT 366 W0 DONE 4x2 seed=105365 nsol=16 0.01s 2026-07-22T16:38:24.026
ATTEMPT 367 W0 START 4x2 seed=105366 2026-07-22T16:38:24.026
ATTEMPT 367 W0 SOLVE 4x2 2026-07-22T16:38:24.036
ATTEMPT 367 W0 DONE 4x2 seed=105366 nsol=16 0.02s 2026-07-22T16:38:24.057
ATTEMPT 368 W0 START 4x2 seed=105367 2026-07-22T16:38:24.058
ATTEMPT 368 W0 SOLVE 4x2 2026-07-22T16:38:24.063
ATTEMPT 368 W0 DONE 4x2 seed=105367 nsol=16 0.02s 2026-07-22T16:38:24.079
ATTEMPT 369 W0 START 4x2 seed=105368 2026-07-22T16:38:24.079
ATTEMPT 369 W0 SOLVE 4x2 2026-07-22T16:38:24.087
ATTEMPT 369 W0 DONE 4x2 seed=105368 nsol=16 0.01s 2026-07-22T16:38:24.106
ATTEMPT 370 W0 START 4x2 seed=105369 2026-07-22T16:38:24.106
ATTEMPT 370 W0 SOLVE 4x2 2026-07-22T16:38:24.121
ATTEMPT 370 W0 DONE 4x2 seed=105369 nsol=16 0.03s 2026-07-22T16:38:24.159
ATTEMPT 371 W0 START 4x2 seed=105370 2026-07-22T16:38:24.159
ATTEMPT 371 W0 SOLVE 4x2 2026-07-22T16:38:24.174
ATTEMPT 371 W0 DONE 4x2 seed=105370 nsol=16 0.02s 2026-07-22T16:38:24.203
ATTEMPT 372 W0 START 4x2 seed=105371 2026-07-22T16:38:24.203
ATTEMPT 372 W0 SOLVE 4x2 2026-07-22T16:38:24.214
ATTEMPT 372 W0 DONE 4x2 seed=105371 nsol=16 0.02s 2026-07-22T16:38:24.245
ATTEMPT 373 W0 START 4x2 seed=105372 2026-07-22T16:38:24.245
ATTEMPT 373 W0 SOLVE 4x2 2026-07-22T16:38:24.250
ATTEMPT 373 W0 DONE 4x2 seed=105372 nsol=16 0.03s 2026-07-22T16:38:24.278
ATTEMPT 374 W0 START 4x2 seed=105373 2026-07-22T16:38:24.278
ATTEMPT 374 W0 SOLVE 4x2 2026-07-22T16:38:24.293
ATTEMPT 374 W0 DONE 4x2 seed=105373 nsol=16 0.02s 2026-07-22T16:38:24.319
ATTEMPT 375 W0 START 4x2 seed=105374 2026-07-22T16:38:24.319
ATTEMPT 375 W0 SOLVE 4x2 2026-07-22T16:38:24.330
ATTEMPT 375 W0 DONE 4x2 seed=105374 nsol=16 0.01s 2026-07-22T16:38:24.343
ATTEMPT 376 W0 START 4x2 seed=105375 2026-07-22T16:38:24.344
ATTEMPT 376 W0 SOLVE 4x2 2026-07-22T16:38:24.361
ATTEMPT 376 W0 DONE 4x2 seed=105375 nsol=16 0.02s 2026-07-22T16:38:24.379
ATTEMPT 377 W0 START 4x2 seed=105376 2026-07-22T16:38:24.379
ATTEMPT 377 W0 SOLVE 4x2 2026-07-22T16:38:24.393
ATTEMPT 377 W0 DONE 4x2 seed=105376 nsol=16 0.01s 2026-07-22T16:38:24.408
ATTEMPT 378 W0 START 4x2 seed=105377 2026-07-22T16:38:24.408
ATTEMPT 378 W0 SOLVE 4x2 2026-07-22T16:38:24.422
ATTEMPT 378 W0 DONE 4x2 seed=105377 nsol=16 0.03s 2026-07-22T16:38:24.447
ATTEMPT 379 W0 START 4x2 seed=105378 2026-07-22T16:38:24.448
ATTEMPT 379 W0 SOLVE 4x2 2026-07-22T16:38:24.461
ATTEMPT 379 W0 DONE 4x2 seed=105378 nsol=16 0.02s 2026-07-22T16:38:24.491
ATTEMPT 380 W0 START 4x2 seed=105379 2026-07-22T16:38:24.491
ATTEMPT 380 W0 SOLVE 4x2 2026-07-22T16:38:24.497
ATTEMPT 380 W0 DONE 4x2 seed=105379 nsol=16 0.02s 2026-07-22T16:38:24.520
ATTEMPT 381 W0 START 4x2 seed=105380 2026-07-22T16:38:24.520
ATTEMPT 381 W0 SOLVE 4x2 2026-07-22T16:38:24.530
ATTEMPT 381 W0 DONE 4x2 seed=105380 nsol=16 0.02s 2026-07-22T16:38:24.551
ATTEMPT 382 W0 START 4x2 seed=105381 2026-07-22T16:38:24.551
ATTEMPT 382 W0 SOLVE 4x2 2026-07-22T16:38:24.562
ATTEMPT 382 W0 DONE 4x2 seed=105381 nsol=16 0.01s 2026-07-22T16:38:24.574
ATTEMPT 383 W0 START 4x2 seed=105382 2026-07-22T16:38:24.574
ATTEMPT 383 W0 SOLVE 4x2 2026-07-22T16:38:24.590
ATTEMPT 383 W0 DONE 4x2 seed=105382 nsol=16 0.02s 2026-07-22T16:38:24.613
ATTEMPT 384 W0 START 4x2 seed=105383 2026-07-22T16:38:24.613
ATTEMPT 384 W0 SOLVE 4x2 2026-07-22T16:38:24.627
ATTEMPT 384 W0 DONE 4x2 seed=105383 nsol=16 0.02s 2026-07-22T16:38:24.644
ATTEMPT 385 W0 START 4x2 seed=105384 2026-07-22T16:38:24.644
ATTEMPT 385 W0 SOLVE 4x2 2026-07-22T16:38:24.654
ATTEMPT 385 W0 DONE 4x2 seed=105384 nsol=16 0.01s 2026-07-22T16:38:24.673
ATTEMPT 386 W0 START 4x2 seed=105385 2026-07-22T16:38:24.673
ATTEMPT 386 W0 SOLVE 4x2 2026-07-22T16:38:24.679
ATTEMPT 386 W0 DONE 4x2 seed=105385 nsol=16 0.00s 2026-07-22T16:38:24.692
ATTEMPT 387 W0 START 4x2 seed=105386 2026-07-22T16:38:24.692
ATTEMPT 387 W0 SOLVE 4x2 2026-07-22T16:38:24.697
ATTEMPT 387 W0 DONE 4x2 seed=105386 nsol=16 0.01s 2026-07-22T16:38:24.710
ATTEMPT 388 W0 START 4x2 seed=105387 2026-07-22T16:38:24.711
ATTEMPT 388 W0 SOLVE 4x2 2026-07-22T16:38:24.716
ATTEMPT 388 W0 DONE 4x2 seed=105387 nsol=16 0.02s 2026-07-22T16:38:24.733
ATTEMPT 389 W0 START 4x2 seed=105388 2026-07-22T16:38:24.733
ATTEMPT 389 W0 SOLVE 4x2 2026-07-22T16:38:24.739
ATTEMPT 389 W0 DONE 4x2 seed=105388 nsol=16 0.01s 2026-07-22T16:38:24.745
ATTEMPT 390 W0 START 4x2 seed=105389 2026-07-22T16:38:24.745
ATTEMPT 390 W0 SOLVE 4x2 2026-07-22T16:38:24.752
ATTEMPT 390 W0 DONE 4x2 seed=105389 nsol=16 0.02s 2026-07-22T16:38:24.768
ATTEMPT 391 W0 START 4x2 seed=105390 2026-07-22T16:38:24.769
ATTEMPT 391 W0 SOLVE 4x2 2026-07-22T16:38:24.775
ATTEMPT 391 W0 DONE 4x2 seed=105390 nsol=16 0.01s 2026-07-22T16:38:24.785
ATTEMPT 392 W0 START 4x2 seed=105391 2026-07-22T16:38:24.786
ATTEMPT 392 W0 SOLVE 4x2 2026-07-22T16:38:24.791
ATTEMPT 392 W0 DONE 4x2 seed=105391 nsol=16 0.01s 2026-07-22T16:38:24.803
ATTEMPT 393 W0 START 4x2 seed=105392 2026-07-22T16:38:24.803
ATTEMPT 393 W0 SOLVE 4x2 2026-07-22T16:38:24.809
ATTEMPT 393 W0 DONE 4x2 seed=105392 nsol=16 0.01s 2026-07-22T16:38:24.823
ATTEMPT 394 W0 START 4x2 seed=105393 2026-07-22T16:38:24.823
ATTEMPT 394 W0 SOLVE 4x2 2026-07-22T16:38:24.829
ATTEMPT 394 W0 DONE 4x2 seed=105393 nsol=16 0.02s 2026-07-22T16:38:24.848
ATTEMPT 395 W0 START 4x2 seed=105394 2026-07-22T16:38:24.849
ATTEMPT 395 W0 SOLVE 4x2 2026-07-22T16:38:24.855
ATTEMPT 395 W0 DONE 4x2 seed=105394 nsol=16 0.01s 2026-07-22T16:38:24.863
ATTEMPT 396 W0 START 4x2 seed=105395 2026-07-22T16:38:24.863
ATTEMPT 396 W0 SOLVE 4x2 2026-07-22T16:38:24.871
ATTEMPT 396 W0 DONE 4x2 seed=105395 nsol=16 0.02s 2026-07-22T16:38:24.895
ATTEMPT 397 W0 START 4x2 seed=105396 2026-07-22T16:38:24.895
ATTEMPT 397 W0 SOLVE 4x2 2026-07-22T16:38:24.901
ATTEMPT 397 W0 DONE 4x2 seed=105396 nsol=16 0.02s 2026-07-22T16:38:24.916
ATTEMPT 398 W0 START 4x2 seed=105397 2026-07-22T16:38:24.917
ATTEMPT 398 W0 SOLVE 4x2 2026-07-22T16:38:24.923
ATTEMPT 398 W0 DONE 4x2 seed=105397 nsol=16 0.01s 2026-07-22T16:38:24.931
ATTEMPT 399 W0 START 4x2 seed=105398 2026-07-22T16:38:24.931
ATTEMPT 399 W0 SOLVE 4x2 2026-07-22T16:38:24.939
ATTEMPT 399 W0 DONE 4x2 seed=105398 nsol=16 0.01s 2026-07-22T16:38:24.949
ATTEMPT 400 W0 START 4x2 seed=105399 2026-07-22T16:38:24.950
ATTEMPT 400 W0 SOLVE 4x2 2026-07-22T16:38:24.955
ATTEMPT 400 W0 DONE 4x2 seed=105399 nsol=16 0.01s 2026-07-22T16:38:24.976
ATTEMPT 401 W0 START 4x2 seed=105400 2026-07-22T16:38:24.977
ATTEMPT 401 W0 SOLVE 4x2 2026-07-22T16:38:24.982
ATTEMPT 401 W0 DONE 4x2 seed=105400 nsol=16 0.05s 2026-07-22T16:38:25.035
ATTEMPT 402 W0 START 4x2 seed=105401 2026-07-22T16:38:25.035
ATTEMPT 402 W0 SOLVE 4x2 2026-07-22T16:38:25.043
ATTEMPT 402 W0 DONE 4x2 seed=105401 nsol=16 0.02s 2026-07-22T16:38:25.068
ATTEMPT 403 W0 START 4x2 seed=105402 2026-07-22T16:38:25.069
ATTEMPT 403 W0 SOLVE 4x2 2026-07-22T16:38:25.079
ATTEMPT 403 W0 DONE 4x2 seed=105402 nsol=16 0.01s 2026-07-22T16:38:25.090
ATTEMPT 404 W0 START 4x2 seed=105403 2026-07-22T16:38:25.091
ATTEMPT 404 W0 SOLVE 4x2 2026-07-22T16:38:25.097
ATTEMPT 404 W0 DONE 4x2 seed=105403 nsol=16 0.02s 2026-07-22T16:38:25.122
ATTEMPT 405 W0 START 4x2 seed=105404 2026-07-22T16:38:25.122
ATTEMPT 405 W0 SOLVE 4x2 2026-07-22T16:38:25.140
ATTEMPT 405 W0 DONE 4x2 seed=105404 nsol=16 0.00s 2026-07-22T16:38:25.144
ATTEMPT 406 W0 START 4x2 seed=105405 2026-07-22T16:38:25.144
ATTEMPT 406 W0 SOLVE 4x2 2026-07-22T16:38:25.157
ATTEMPT 406 W0 DONE 4x2 seed=105405 nsol=16 0.02s 2026-07-22T16:38:25.175
ATTEMPT 407 W0 START 4x2 seed=105406 2026-07-22T16:38:25.176
ATTEMPT 407 W0 SOLVE 4x2 2026-07-22T16:38:25.191
ATTEMPT 407 W0 DONE 4x2 seed=105406 nsol=16 0.02s 2026-07-22T16:38:25.214
ATTEMPT 408 W0 START 4x2 seed=105407 2026-07-22T16:38:25.214
ATTEMPT 408 W0 SOLVE 4x2 2026-07-22T16:38:25.229
ATTEMPT 408 W0 DONE 4x2 seed=105407 nsol=16 0.02s 2026-07-22T16:38:25.251
ATTEMPT 409 W0 START 4x2 seed=105408 2026-07-22T16:38:25.251
ATTEMPT 409 W0 SOLVE 4x2 2026-07-22T16:38:25.262
ATTEMPT 409 W0 DONE 4x2 seed=105408 nsol=16 0.02s 2026-07-22T16:38:25.283
ATTEMPT 410 W0 START 4x2 seed=105409 2026-07-22T16:38:25.283
ATTEMPT 410 W0 SOLVE 4x2 2026-07-22T16:38:25.294
ATTEMPT 410 W0 DONE 4x2 seed=105409 nsol=16 0.01s 2026-07-22T16:38:25.305
ATTEMPT 411 W0 START 4x2 seed=105410 2026-07-22T16:38:25.305
ATTEMPT 411 W0 SOLVE 4x2 2026-07-22T16:38:25.310
ATTEMPT 411 W0 DONE 4x2 seed=105410 nsol=16 0.01s 2026-07-22T16:38:25.323
ATTEMPT 412 W0 START 4x2 seed=105411 2026-07-22T16:38:25.323
ATTEMPT 412 W0 SOLVE 4x2 2026-07-22T16:38:25.334
ATTEMPT 412 W0 DONE 4x2 seed=105411 nsol=16 0.03s 2026-07-22T16:38:25.367
ATTEMPT 413 W0 START 4x2 seed=105412 2026-07-22T16:38:25.367
ATTEMPT 413 W0 SOLVE 4x2 2026-07-22T16:38:25.377
ATTEMPT 413 W0 DONE 4x2 seed=105412 nsol=16 0.02s 2026-07-22T16:38:25.395
ATTEMPT 414 W0 START 4x2 seed=105413 2026-07-22T16:38:25.395
ATTEMPT 414 W0 SOLVE 4x2 2026-07-22T16:38:25.406
ATTEMPT 414 W0 DONE 4x2 seed=105413 nsol=16 0.01s 2026-07-22T16:38:25.416
ATTEMPT 415 W0 START 4x2 seed=105414 2026-07-22T16:38:25.416
ATTEMPT 415 W0 SOLVE 4x2 2026-07-22T16:38:25.426
ATTEMPT 415 W0 DONE 4x2 seed=105414 nsol=16 0.01s 2026-07-22T16:38:25.440
ATTEMPT 416 W0 START 4x2 seed=105415 2026-07-22T16:38:25.441
ATTEMPT 416 W0 SOLVE 4x2 2026-07-22T16:38:25.446
ATTEMPT 416 W0 DONE 4x2 seed=105415 nsol=16 0.02s 2026-07-22T16:38:25.466
ATTEMPT 417 W0 START 4x2 seed=105416 2026-07-22T16:38:25.467
ATTEMPT 417 W0 SOLVE 4x2 2026-07-22T16:38:25.488
ATTEMPT 417 W0 DONE 4x2 seed=105416 nsol=16 0.01s 2026-07-22T16:38:25.501
ATTEMPT 418 W0 START 4x2 seed=105417 2026-07-22T16:38:25.501
ATTEMPT 418 W0 SOLVE 4x2 2026-07-22T16:38:25.520
ATTEMPT 418 W0 DONE 4x2 seed=105417 nsol=16 0.03s 2026-07-22T16:38:25.547
ATTEMPT 419 W0 START 4x2 seed=105418 2026-07-22T16:38:25.547
ATTEMPT 419 W0 SOLVE 4x2 2026-07-22T16:38:25.561
ATTEMPT 419 W0 DONE 4x2 seed=105418 nsol=16 0.02s 2026-07-22T16:38:25.583
ATTEMPT 420 W0 START 4x2 seed=105419 2026-07-22T16:38:25.583
ATTEMPT 420 W0 SOLVE 4x2 2026-07-22T16:38:25.593
ATTEMPT 420 W0 DONE 4x2 seed=105419 nsol=16 0.01s 2026-07-22T16:38:25.607
ATTEMPT 421 W0 START 4x2 seed=105420 2026-07-22T16:38:25.607
ATTEMPT 421 W0 SOLVE 4x2 2026-07-22T16:38:25.618
ATTEMPT 421 W0 DONE 4x2 seed=105420 nsol=16 0.02s 2026-07-22T16:38:25.633
ATTEMPT 422 W0 START 4x2 seed=105421 2026-07-22T16:38:25.633
ATTEMPT 422 W0 SOLVE 4x2 2026-07-22T16:38:25.645
ATTEMPT 422 W0 DONE 4x2 seed=105421 nsol=16 0.03s 2026-07-22T16:38:25.672
ATTEMPT 423 W0 START 4x2 seed=105422 2026-07-22T16:38:25.672
ATTEMPT 423 W0 SOLVE 4x2 2026-07-22T16:38:25.679
ATTEMPT 423 W0 DONE 4x2 seed=105422 nsol=16 0.01s 2026-07-22T16:38:25.690
ATTEMPT 424 W0 START 4x2 seed=105423 2026-07-22T16:38:25.691
ATTEMPT 424 W0 SOLVE 4x2 2026-07-22T16:38:25.696
ATTEMPT 424 W0 DONE 4x2 seed=105423 nsol=16 0.02s 2026-07-22T16:38:25.712
ATTEMPT 425 W0 START 4x2 seed=105424 2026-07-22T16:38:25.712
ATTEMPT 425 W0 SOLVE 4x2 2026-07-22T16:38:25.726
ATTEMPT 425 W0 DONE 4x2 seed=105424 nsol=16 0.02s 2026-07-22T16:38:25.755
ATTEMPT 426 W0 START 4x2 seed=105425 2026-07-22T16:38:25.755
ATTEMPT 426 W0 SOLVE 4x2 2026-07-22T16:38:25.771
ATTEMPT 426 W0 DONE 4x2 seed=105425 nsol=16 0.02s 2026-07-22T16:38:25.792
ATTEMPT 427 W0 START 4x2 seed=105426 2026-07-22T16:38:25.792
ATTEMPT 427 W0 SOLVE 4x2 2026-07-22T16:38:25.806
ATTEMPT 427 W0 DONE 4x2 seed=105426 nsol=16 0.02s 2026-07-22T16:38:25.825
ATTEMPT 428 W0 START 4x2 seed=105427 2026-07-22T16:38:25.825
ATTEMPT 428 W0 SOLVE 4x2 2026-07-22T16:38:25.835
ATTEMPT 428 W0 DONE 4x2 seed=105427 nsol=16 0.02s 2026-07-22T16:38:25.855
ATTEMPT 429 W0 START 4x2 seed=105428 2026-07-22T16:38:25.855
ATTEMPT 429 W0 SOLVE 4x2 2026-07-22T16:38:25.879
ATTEMPT 429 W0 DONE 4x2 seed=105428 nsol=16 0.02s 2026-07-22T16:38:25.899
ATTEMPT 430 W0 START 4x2 seed=105429 2026-07-22T16:38:25.900
ATTEMPT 430 W0 SOLVE 4x2 2026-07-22T16:38:25.918
ATTEMPT 430 W0 DONE 4x2 seed=105429 nsol=16 0.03s 2026-07-22T16:38:25.948
ATTEMPT 431 W0 START 4x2 seed=105430 2026-07-22T16:38:25.948
ATTEMPT 431 W0 SOLVE 4x2 2026-07-22T16:38:25.958
ATTEMPT 431 W0 DONE 4x2 seed=105430 nsol=16 0.01s 2026-07-22T16:38:25.971
ATTEMPT 432 W0 START 4x2 seed=105431 2026-07-22T16:38:25.971
ATTEMPT 432 W0 SOLVE 4x2 2026-07-22T16:38:25.985
ATTEMPT 432 W0 DONE 4x2 seed=105431 nsol=16 0.02s 2026-07-22T16:38:26.007
ATTEMPT 433 W0 START 4x2 seed=105432 2026-07-22T16:38:26.007
ATTEMPT 433 W0 SOLVE 4x2 2026-07-22T16:38:26.024
ATTEMPT 433 W0 DONE 4x2 seed=105432 nsol=16 0.01s 2026-07-22T16:38:26.034
ATTEMPT 434 W0 START 4x2 seed=105433 2026-07-22T16:38:26.034
ATTEMPT 434 W0 SOLVE 4x2 2026-07-22T16:38:26.051
ATTEMPT 434 W0 DONE 4x2 seed=105433 nsol=16 0.02s 2026-07-22T16:38:26.068
ATTEMPT 435 W0 START 4x2 seed=105434 2026-07-22T16:38:26.068
ATTEMPT 435 W0 SOLVE 4x2 2026-07-22T16:38:26.073
ATTEMPT 435 W0 DONE 4x2 seed=105434 nsol=16 0.02s 2026-07-22T16:38:26.094
ATTEMPT 436 W0 START 4x2 seed=105435 2026-07-22T16:38:26.094
ATTEMPT 436 W0 SOLVE 4x2 2026-07-22T16:38:26.101
ATTEMPT 436 W0 DONE 4x2 seed=105435 nsol=16 0.02s 2026-07-22T16:38:26.119
ATTEMPT 437 W0 START 4x2 seed=105436 2026-07-22T16:38:26.119
ATTEMPT 437 W0 SOLVE 4x2 2026-07-22T16:38:26.134
ATTEMPT 437 W0 DONE 4x2 seed=105436 nsol=16 0.02s 2026-07-22T16:38:26.159
ATTEMPT 438 W0 START 4x2 seed=105437 2026-07-22T16:38:26.159
ATTEMPT 438 W0 SOLVE 4x2 2026-07-22T16:38:26.173
ATTEMPT 438 W0 DONE 4x2 seed=105437 nsol=16 0.01s 2026-07-22T16:38:26.187
ATTEMPT 439 W0 START 4x2 seed=105438 2026-07-22T16:38:26.187
ATTEMPT 439 W0 SOLVE 4x2 2026-07-22T16:38:26.205
ATTEMPT 439 W0 DONE 4x2 seed=105438 nsol=16 0.02s 2026-07-22T16:38:26.225
ATTEMPT 440 W0 START 4x2 seed=105439 2026-07-22T16:38:26.225
ATTEMPT 440 W0 SOLVE 4x2 2026-07-22T16:38:26.241
ATTEMPT 440 W0 DONE 4x2 seed=105439 nsol=16 0.07s 2026-07-22T16:38:26.311
ATTEMPT 441 W0 START 4x2 seed=105440 2026-07-22T16:38:26.312
ATTEMPT 441 W0 SOLVE 4x2 2026-07-22T16:38:26.322
ATTEMPT 441 W0 DONE 4x2 seed=105440 nsol=16 0.01s 2026-07-22T16:38:26.335
ATTEMPT 442 W0 START 4x2 seed=105441 2026-07-22T16:38:26.335
ATTEMPT 442 W0 SOLVE 4x2 2026-07-22T16:38:26.353
ATTEMPT 442 W0 DONE 4x2 seed=105441 nsol=16 0.02s 2026-07-22T16:38:26.371
ATTEMPT 443 W0 START 4x2 seed=105442 2026-07-22T16:38:26.371
ATTEMPT 443 W0 SOLVE 4x2 2026-07-22T16:38:26.381
ATTEMPT 443 W0 DONE 4x2 seed=105442 nsol=16 0.02s 2026-07-22T16:38:26.403
ATTEMPT 444 W0 START 4x2 seed=105443 2026-07-22T16:38:26.403
ATTEMPT 444 W0 SOLVE 4x2 2026-07-22T16:38:26.413
ATTEMPT 444 W0 DONE 4x2 seed=105443 nsol=16 0.02s 2026-07-22T16:38:26.435
ATTEMPT 445 W0 START 4x2 seed=105444 2026-07-22T16:38:26.436
ATTEMPT 445 W0 SOLVE 4x2 2026-07-22T16:38:26.447
ATTEMPT 445 W0 DONE 4x2 seed=105444 nsol=16 0.02s 2026-07-22T16:38:26.464
ATTEMPT 446 W0 START 4x2 seed=105445 2026-07-22T16:38:26.464
ATTEMPT 446 W0 SOLVE 4x2 2026-07-22T16:38:26.473
ATTEMPT 446 W0 DONE 4x2 seed=105445 nsol=16 0.03s 2026-07-22T16:38:26.503
ATTEMPT 447 W0 START 4x2 seed=105446 2026-07-22T16:38:26.504
ATTEMPT 447 W0 SOLVE 4x2 2026-07-22T16:38:26.511
ATTEMPT 447 W0 DONE 4x2 seed=105446 nsol=16 0.02s 2026-07-22T16:38:26.531
ATTEMPT 448 W0 START 4x2 seed=105447 2026-07-22T16:38:26.531
ATTEMPT 448 W0 SOLVE 4x2 2026-07-22T16:38:26.550
ATTEMPT 448 W0 DONE 4x2 seed=105447 nsol=16 0.02s 2026-07-22T16:38:26.575
ATTEMPT 449 W0 START 4x2 seed=105448 2026-07-22T16:38:26.575
ATTEMPT 449 W0 SOLVE 4x2 2026-07-22T16:38:26.589
ATTEMPT 449 W0 DONE 4x2 seed=105448 nsol=16 0.01s 2026-07-22T16:38:26.599
ATTEMPT 450 W0 START 4x2 seed=105449 2026-07-22T16:38:26.600
ATTEMPT 450 W0 SOLVE 4x2 2026-07-22T16:38:26.609
ATTEMPT 450 W0 DONE 4x2 seed=105449 nsol=16 0.01s 2026-07-22T16:38:26.623
ATTEMPT 451 W0 START 4x2 seed=105450 2026-07-22T16:38:26.623
ATTEMPT 451 W0 SOLVE 4x2 2026-07-22T16:38:26.633
ATTEMPT 451 W0 DONE 4x2 seed=105450 nsol=16 0.01s 2026-07-22T16:38:26.648
ATTEMPT 452 W0 START 4x2 seed=105451 2026-07-22T16:38:26.648
ATTEMPT 452 W0 SOLVE 4x2 2026-07-22T16:38:26.665
ATTEMPT 452 W0 DONE 4x2 seed=105451 nsol=16 0.02s 2026-07-22T16:38:26.684
ATTEMPT 453 W0 START 4x2 seed=105452 2026-07-22T16:38:26.684
ATTEMPT 453 W0 SOLVE 4x2 2026-07-22T16:38:26.690
ATTEMPT 453 W0 DONE 4x2 seed=105452 nsol=16 0.01s 2026-07-22T16:38:26.700
ATTEMPT 454 W0 START 4x2 seed=105453 2026-07-22T16:38:26.701
ATTEMPT 454 W0 SOLVE 4x2 2026-07-22T16:38:26.710
ATTEMPT 454 W0 DONE 4x2 seed=105453 nsol=16 0.02s 2026-07-22T16:38:26.731
ATTEMPT 455 W0 START 4x2 seed=105454 2026-07-22T16:38:26.731
ATTEMPT 455 W0 SOLVE 4x2 2026-07-22T16:38:26.739
ATTEMPT 455 W0 DONE 4x2 seed=105454 nsol=16 0.01s 2026-07-22T16:38:26.756
ATTEMPT 456 W0 START 4x2 seed=105455 2026-07-22T16:38:26.756
ATTEMPT 456 W0 SOLVE 4x2 2026-07-22T16:38:26.761
ATTEMPT 456 W0 DONE 4x2 seed=105455 nsol=16 0.01s 2026-07-22T16:38:26.773
ATTEMPT 457 W0 START 4x2 seed=105456 2026-07-22T16:38:26.774
ATTEMPT 457 W0 SOLVE 4x2 2026-07-22T16:38:26.785
ATTEMPT 457 W0 DONE 4x2 seed=105456 nsol=16 0.01s 2026-07-22T16:38:26.799
ATTEMPT 458 W0 START 4x2 seed=105457 2026-07-22T16:38:26.799
ATTEMPT 458 W0 SOLVE 4x2 2026-07-22T16:38:26.805
ATTEMPT 458 W0 DONE 4x2 seed=105457 nsol=16 0.02s 2026-07-22T16:38:26.821
ATTEMPT 459 W0 START 4x2 seed=105458 2026-07-22T16:38:26.821
ATTEMPT 459 W0 SOLVE 4x2 2026-07-22T16:38:26.844
ATTEMPT 459 W0 DONE 4x2 seed=105458 nsol=16 0.02s 2026-07-22T16:38:26.868
ATTEMPT 460 W0 START 4x2 seed=105459 2026-07-22T16:38:26.868
ATTEMPT 460 W0 SOLVE 4x2 2026-07-22T16:38:26.875
ATTEMPT 460 W0 DONE 4x2 seed=105459 nsol=16 0.02s 2026-07-22T16:38:26.903
ATTEMPT 461 W0 START 4x2 seed=105460 2026-07-22T16:38:26.903
ATTEMPT 461 W0 SOLVE 4x2 2026-07-22T16:38:26.914
ATTEMPT 461 W0 DONE 4x2 seed=105460 nsol=16 0.01s 2026-07-22T16:38:26.926
ATTEMPT 462 W0 START 4x2 seed=105461 2026-07-22T16:38:26.927
ATTEMPT 462 W0 SOLVE 4x2 2026-07-22T16:38:26.940
ATTEMPT 462 W0 DONE 4x2 seed=105461 nsol=16 0.01s 2026-07-22T16:38:26.951
ATTEMPT 463 W0 START 4x2 seed=105462 2026-07-22T16:38:26.952
ATTEMPT 463 W0 SOLVE 4x2 2026-07-22T16:38:26.963
ATTEMPT 463 W0 DONE 4x2 seed=105462 nsol=16 0.03s 2026-07-22T16:38:26.999
ATTEMPT 464 W0 START 4x2 seed=105463 2026-07-22T16:38:26.999
ATTEMPT 464 W0 SOLVE 4x2 2026-07-22T16:38:27.005
ATTEMPT 464 W0 DONE 4x2 seed=105463 nsol=16 0.02s 2026-07-22T16:38:27.024
ATTEMPT 465 W0 START 4x2 seed=105464 2026-07-22T16:38:27.024
ATTEMPT 465 W0 SOLVE 4x2 2026-07-22T16:38:27.039
ATTEMPT 465 W0 DONE 4x2 seed=105464 nsol=16 0.02s 2026-07-22T16:38:27.059
ATTEMPT 466 W0 START 4x2 seed=105465 2026-07-22T16:38:27.059
ATTEMPT 466 W0 SOLVE 4x2 2026-07-22T16:38:27.069
ATTEMPT 466 W0 DONE 4x2 seed=105465 nsol=16 0.02s 2026-07-22T16:38:27.091
ATTEMPT 467 W0 START 4x2 seed=105466 2026-07-22T16:38:27.091
ATTEMPT 467 W0 SOLVE 4x2 2026-07-22T16:38:27.097
ATTEMPT 467 W0 DONE 4x2 seed=105466 nsol=16 0.02s 2026-07-22T16:38:27.117
ATTEMPT 468 W0 START 4x2 seed=105467 2026-07-22T16:38:27.117
ATTEMPT 468 W0 SOLVE 4x2 2026-07-22T16:38:27.124
ATTEMPT 468 W0 DONE 4x2 seed=105467 nsol=16 0.02s 2026-07-22T16:38:27.144
ATTEMPT 469 W0 START 4x2 seed=105468 2026-07-22T16:38:27.144
ATTEMPT 469 W0 SOLVE 4x2 2026-07-22T16:38:27.149
ATTEMPT 469 W0 DONE 4x2 seed=105468 nsol=16 0.02s 2026-07-22T16:38:27.167
ATTEMPT 470 W0 START 4x2 seed=105469 2026-07-22T16:38:27.167
ATTEMPT 470 W0 SOLVE 4x2 2026-07-22T16:38:27.173
ATTEMPT 470 W0 DONE 4x2 seed=105469 nsol=16 0.01s 2026-07-22T16:38:27.183
ATTEMPT 471 W0 START 4x2 seed=105470 2026-07-22T16:38:27.183
ATTEMPT 471 W0 SOLVE 4x2 2026-07-22T16:38:27.188
ATTEMPT 471 W0 DONE 4x2 seed=105470 nsol=16 0.01s 2026-07-22T16:38:27.199
ATTEMPT 472 W0 START 4x2 seed=105471 2026-07-22T16:38:27.199
ATTEMPT 472 W0 SOLVE 4x2 2026-07-22T16:38:27.205
ATTEMPT 472 W0 DONE 4x2 seed=105471 nsol=16 0.01s 2026-07-22T16:38:27.215
ATTEMPT 473 W0 START 4x2 seed=105472 2026-07-22T16:38:27.215
ATTEMPT 473 W0 SOLVE 4x2 2026-07-22T16:38:27.225
ATTEMPT 473 W0 DONE 4x2 seed=105472 nsol=16 0.01s 2026-07-22T16:38:27.243
ATTEMPT 474 W0 START 4x2 seed=105473 2026-07-22T16:38:27.243
ATTEMPT 474 W0 SOLVE 4x2 2026-07-22T16:38:27.253
ATTEMPT 474 W0 DONE 4x2 seed=105473 nsol=16 0.01s 2026-07-22T16:38:27.267
ATTEMPT 475 W0 START 4x2 seed=105474 2026-07-22T16:38:27.267
ATTEMPT 475 W0 SOLVE 4x2 2026-07-22T16:38:27.281
ATTEMPT 475 W0 DONE 4x2 seed=105474 nsol=16 0.02s 2026-07-22T16:38:27.301
ATTEMPT 476 W0 START 4x2 seed=105475 2026-07-22T16:38:27.301
ATTEMPT 476 W0 SOLVE 4x2 2026-07-22T16:38:27.314
ATTEMPT 476 W0 DONE 4x2 seed=105475 nsol=16 0.01s 2026-07-22T16:38:27.326
ATTEMPT 477 W0 START 4x2 seed=105476 2026-07-22T16:38:27.326
ATTEMPT 477 W0 SOLVE 4x2 2026-07-22T16:38:27.340
ATTEMPT 477 W0 DONE 4x2 seed=105476 nsol=16 0.02s 2026-07-22T16:38:27.358
ATTEMPT 478 W0 START 4x2 seed=105477 2026-07-22T16:38:27.358
ATTEMPT 478 W0 SOLVE 4x2 2026-07-22T16:38:27.363
ATTEMPT 478 W0 DONE 4x2 seed=105477 nsol=16 0.02s 2026-07-22T16:38:27.383
ATTEMPT 479 W0 START 4x2 seed=105478 2026-07-22T16:38:27.383
ATTEMPT 479 W0 SOLVE 4x2 2026-07-22T16:38:27.394
ATTEMPT 479 W0 DONE 4x2 seed=105478 nsol=16 0.06s 2026-07-22T16:38:27.449
ATTEMPT 480 W0 START 4x2 seed=105479 2026-07-22T16:38:27.461
ATTEMPT 480 W0 SOLVE 4x2 2026-07-22T16:38:27.475
ATTEMPT 480 W0 DONE 4x2 seed=105479 nsol=16 0.02s 2026-07-22T16:38:27.495
ATTEMPT 481 W0 START 4x2 seed=105480 2026-07-22T16:38:27.495
ATTEMPT 481 W0 SOLVE 4x2 2026-07-22T16:38:27.502
ATTEMPT 481 W0 DONE 4x2 seed=105480 nsol=16 0.03s 2026-07-22T16:38:27.531
ATTEMPT 482 W0 START 4x2 seed=105481 2026-07-22T16:38:27.531
ATTEMPT 482 W0 SOLVE 4x2 2026-07-22T16:38:27.536
ATTEMPT 482 W0 DONE 4x2 seed=105481 nsol=16 0.01s 2026-07-22T16:38:27.547
ATTEMPT 483 W0 START 4x2 seed=105482 2026-07-22T16:38:27.547
ATTEMPT 483 W0 SOLVE 4x2 2026-07-22T16:38:27.553
ATTEMPT 483 W0 DONE 4x2 seed=105482 nsol=16 0.02s 2026-07-22T16:38:27.570
ATTEMPT 484 W0 START 4x2 seed=105483 2026-07-22T16:38:27.570
ATTEMPT 484 W0 SOLVE 4x2 2026-07-22T16:38:27.578
ATTEMPT 484 W0 DONE 4x2 seed=105483 nsol=16 0.00s 2026-07-22T16:38:27.582
ATTEMPT 485 W0 START 4x2 seed=105484 2026-07-22T16:38:27.582
ATTEMPT 485 W0 SOLVE 4x2 2026-07-22T16:38:27.590
ATTEMPT 485 W0 DONE 4x2 seed=105484 nsol=16 0.02s 2026-07-22T16:38:27.612
ATTEMPT 486 W0 START 4x2 seed=105485 2026-07-22T16:38:27.612
ATTEMPT 486 W0 SOLVE 4x2 2026-07-22T16:38:27.623
ATTEMPT 486 W0 DONE 4x2 seed=105485 nsol=16 0.00s 2026-07-22T16:38:27.628
ATTEMPT 487 W0 START 4x2 seed=105486 2026-07-22T16:38:27.628
ATTEMPT 487 W0 SOLVE 4x2 2026-07-22T16:38:27.641
ATTEMPT 487 W0 DONE 4x2 seed=105486 nsol=16 0.02s 2026-07-22T16:38:27.664
ATTEMPT 488 W0 START 4x2 seed=105487 2026-07-22T16:38:27.664
ATTEMPT 488 W0 SOLVE 4x2 2026-07-22T16:38:27.674
ATTEMPT 488 W0 DONE 4x2 seed=105487 nsol=16 0.03s 2026-07-22T16:38:27.703
ATTEMPT 489 W0 START 4x2 seed=105488 2026-07-22T16:38:27.703
ATTEMPT 489 W0 SOLVE 4x2 2026-07-22T16:38:27.711
ATTEMPT 489 W0 DONE 4x2 seed=105488 nsol=16 0.01s 2026-07-22T16:38:27.724
ATTEMPT 490 W0 START 4x2 seed=105489 2026-07-22T16:38:27.724
ATTEMPT 490 W0 SOLVE 4x2 2026-07-22T16:38:27.742
ATTEMPT 490 W0 DONE 4x2 seed=105489 nsol=16 0.02s 2026-07-22T16:38:27.760
ATTEMPT 491 W0 START 4x2 seed=105490 2026-07-22T16:38:27.760
ATTEMPT 491 W0 SOLVE 4x2 2026-07-22T16:38:27.765
ATTEMPT 491 W0 DONE 4x2 seed=105490 nsol=16 0.01s 2026-07-22T16:38:27.780
ATTEMPT 492 W0 START 4x2 seed=105491 2026-07-22T16:38:27.781
ATTEMPT 492 W0 SOLVE 4x2 2026-07-22T16:38:27.786
ATTEMPT 492 W0 DONE 4x2 seed=105491 nsol=16 0.02s 2026-07-22T16:38:27.811
ATTEMPT 493 W0 START 4x2 seed=105492 2026-07-22T16:38:27.811
ATTEMPT 493 W0 SOLVE 4x2 2026-07-22T16:38:27.821
ATTEMPT 493 W0 DONE 4x2 seed=105492 nsol=16 0.01s 2026-07-22T16:38:27.832
ATTEMPT 494 W0 START 4x2 seed=105493 2026-07-22T16:38:27.833
ATTEMPT 494 W0 SOLVE 4x2 2026-07-22T16:38:27.842
ATTEMPT 494 W0 DONE 4x2 seed=105493 nsol=16 0.02s 2026-07-22T16:38:27.863
ATTEMPT 495 W0 START 4x2 seed=105494 2026-07-22T16:38:27.863
ATTEMPT 495 W0 SOLVE 4x2 2026-07-22T16:38:27.875
ATTEMPT 495 W0 DONE 4x2 seed=105494 nsol=16 0.01s 2026-07-22T16:38:27.889
ATTEMPT 496 W0 START 4x2 seed=105495 2026-07-22T16:38:27.889
ATTEMPT 496 W0 SOLVE 4x2 2026-07-22T16:38:27.894
ATTEMPT 496 W0 DONE 4x2 seed=105495 nsol=16 0.01s 2026-07-22T16:38:27.906
ATTEMPT 497 W0 START 4x2 seed=105496 2026-07-22T16:38:27.906
ATTEMPT 497 W0 SOLVE 4x2 2026-07-22T16:38:27.917
ATTEMPT 497 W0 DONE 4x2 seed=105496 nsol=16 0.01s 2026-07-22T16:38:27.932
ATTEMPT 498 W0 START 4x2 seed=105497 2026-07-22T16:38:27.932
ATTEMPT 498 W0 SOLVE 4x2 2026-07-22T16:38:27.941
ATTEMPT 498 W0 DONE 4x2 seed=105497 nsol=16 0.02s 2026-07-22T16:38:27.959
ATTEMPT 499 W0 START 4x2 seed=105498 2026-07-22T16:38:27.959
ATTEMPT 499 W0 SOLVE 4x2 2026-07-22T16:38:27.973
ATTEMPT 499 W0 DONE 4x2 seed=105498 nsol=16 0.01s 2026-07-22T16:38:27.988
ATTEMPT 500 W0 START 4x2 seed=105499 2026-07-22T16:38:27.988
ATTEMPT 500 W0 SOLVE 4x2 2026-07-22T16:38:27.998
ATTEMPT 500 W0 DONE 4x2 seed=105499 nsol=16 0.03s 2026-07-22T16:38:28.031
ATTEMPT 501 W0 START 4x2 seed=105500 2026-07-22T16:38:28.031
ATTEMPT 501 W0 SOLVE 4x2 2026-07-22T16:38:28.045
ATTEMPT 501 W0 DONE 4x2 seed=105500 nsol=16 0.02s 2026-07-22T16:38:28.067
ATTEMPT 502 W0 START 4x2 seed=105501 2026-07-22T16:38:28.068
ATTEMPT 502 W0 SOLVE 4x2 2026-07-22T16:38:28.077
ATTEMPT 502 W0 DONE 4x2 seed=105501 nsol=16 0.01s 2026-07-22T16:38:28.091
ATTEMPT 503 W0 START 4x2 seed=105502 2026-07-22T16:38:28.091
ATTEMPT 503 W0 SOLVE 4x2 2026-07-22T16:38:28.101
ATTEMPT 503 W0 DONE 4x2 seed=105502 nsol=16 0.02s 2026-07-22T16:38:28.119
ATTEMPT 504 W0 START 4x2 seed=105503 2026-07-22T16:38:28.119
ATTEMPT 504 W0 SOLVE 4x2 2026-07-22T16:38:28.129
ATTEMPT 504 W0 DONE 4x2 seed=105503 nsol=16 0.03s 2026-07-22T16:38:28.163
ATTEMPT 505 W0 START 4x2 seed=105504 2026-07-22T16:38:28.163
ATTEMPT 505 W0 SOLVE 4x2 2026-07-22T16:38:28.168
ATTEMPT 505 W0 DONE 4x2 seed=105504 nsol=16 0.02s 2026-07-22T16:38:28.186
ATTEMPT 506 W0 START 4x2 seed=105505 2026-07-22T16:38:28.186
ATTEMPT 506 W0 SOLVE 4x2 2026-07-22T16:38:28.207
ATTEMPT 506 W0 DONE 4x2 seed=105505 nsol=16 0.01s 2026-07-22T16:38:28.215
ATTEMPT 507 W0 START 4x2 seed=105506 2026-07-22T16:38:28.215
ATTEMPT 507 W0 SOLVE 4x2 2026-07-22T16:38:28.237
ATTEMPT 507 W0 DONE 4x2 seed=105506 nsol=16 0.03s 2026-07-22T16:38:28.267
ATTEMPT 508 W0 START 4x2 seed=105507 2026-07-22T16:38:28.267
ATTEMPT 508 W0 SOLVE 4x2 2026-07-22T16:38:28.281
ATTEMPT 508 W0 DONE 4x2 seed=105507 nsol=16 0.02s 2026-07-22T16:38:28.302
ATTEMPT 509 W0 START 4x2 seed=105508 2026-07-22T16:38:28.302
ATTEMPT 509 W0 SOLVE 4x2 2026-07-22T16:38:28.322
ATTEMPT 509 W0 DONE 4x2 seed=105508 nsol=16 0.04s 2026-07-22T16:38:28.359
ATTEMPT 510 W0 START 4x2 seed=105509 2026-07-22T16:38:28.359
ATTEMPT 510 W0 SOLVE 4x2 2026-07-22T16:38:28.369
ATTEMPT 510 W0 DONE 4x2 seed=105509 nsol=16 0.02s 2026-07-22T16:38:28.388
ATTEMPT 511 W0 START 4x2 seed=105510 2026-07-22T16:38:28.389
ATTEMPT 511 W0 SOLVE 4x2 2026-07-22T16:38:28.407
ATTEMPT 511 W0 DONE 4x2 seed=105510 nsol=16 0.03s 2026-07-22T16:38:28.443
ATTEMPT 512 W0 START 4x2 seed=105511 2026-07-22T16:38:28.443
ATTEMPT 512 W0 SOLVE 4x2 2026-07-22T16:38:28.454
ATTEMPT 512 W0 DONE 4x2 seed=105511 nsol=16 0.12s 2026-07-22T16:38:28.583
ATTEMPT 513 W0 START 4x2 seed=105512 2026-07-22T16:38:28.583
ATTEMPT 513 W0 SOLVE 4x2 2026-07-22T16:38:28.616
ATTEMPT 513 W0 DONE 4x2 seed=105512 nsol=16 0.01s 2026-07-22T16:38:28.624
ATTEMPT 514 W0 START 4x2 seed=105513 2026-07-22T16:38:28.624
ATTEMPT 514 W0 SOLVE 4x2 2026-07-22T16:38:28.642
ATTEMPT 514 W0 DONE 4x2 seed=105513 nsol=16 0.02s 2026-07-22T16:38:28.691
ATTEMPT 515 W0 START 4x2 seed=105514 2026-07-22T16:38:28.691
ATTEMPT 515 W0 SOLVE 4x2 2026-07-22T16:38:28.715
ATTEMPT 515 W0 DONE 4x2 seed=105514 nsol=16 0.02s 2026-07-22T16:38:28.739
ATTEMPT 516 W0 START 4x2 seed=105515 2026-07-22T16:38:28.739
ATTEMPT 516 W0 SOLVE 4x2 2026-07-22T16:38:28.760
ATTEMPT 516 W0 DONE 4x2 seed=105515 nsol=16 0.05s 2026-07-22T16:38:28.807
ATTEMPT 517 W0 START 4x2 seed=105516 2026-07-22T16:38:28.807
ATTEMPT 517 W0 SOLVE 4x2 2026-07-22T16:38:28.818
ATTEMPT 517 W0 DONE 4x2 seed=105516 nsol=16 0.02s 2026-07-22T16:38:28.855
ATTEMPT 518 W0 START 4x2 seed=105517 2026-07-22T16:38:28.856
ATTEMPT 518 W0 SOLVE 4x2 2026-07-22T16:38:28.882
ATTEMPT 518 W0 DONE 4x2 seed=105517 nsol=16 0.02s 2026-07-22T16:38:28.908
ATTEMPT 519 W0 START 4x2 seed=105518 2026-07-22T16:38:28.908
ATTEMPT 519 W0 SOLVE 4x2 2026-07-22T16:38:28.927
ATTEMPT 519 W0 DONE 4x2 seed=105518 nsol=16 0.00s 2026-07-22T16:38:28.931
ATTEMPT 520 W0 START 4x2 seed=105519 2026-07-22T16:38:28.931
ATTEMPT 520 W0 SOLVE 4x2 2026-07-22T16:38:28.945
ATTEMPT 520 W0 DONE 4x2 seed=105519 nsol=16 0.03s 2026-07-22T16:38:28.973
ATTEMPT 521 W0 START 4x2 seed=105520 2026-07-22T16:38:28.973
ATTEMPT 521 W0 SOLVE 4x2 2026-07-22T16:38:28.989
ATTEMPT 521 W0 DONE 4x2 seed=105520 nsol=16 0.01s 2026-07-22T16:38:29.008
ATTEMPT 522 W0 START 4x2 seed=105521 2026-07-22T16:38:29.008
ATTEMPT 522 W0 SOLVE 4x2 2026-07-22T16:38:29.015
ATTEMPT 522 W0 DONE 4x2 seed=105521 nsol=16 0.01s 2026-07-22T16:38:29.027
ATTEMPT 523 W0 START 4x2 seed=105522 2026-07-22T16:38:29.027
ATTEMPT 523 W0 SOLVE 4x2 2026-07-22T16:38:29.033
ATTEMPT 523 W0 DONE 4x2 seed=105522 nsol=16 0.02s 2026-07-22T16:38:29.049
ATTEMPT 524 W0 START 4x2 seed=105523 2026-07-22T16:38:29.050
ATTEMPT 524 W0 SOLVE 4x2 2026-07-22T16:38:29.056
ATTEMPT 524 W0 DONE 4x2 seed=105523 nsol=16 0.01s 2026-07-22T16:38:29.071
ATTEMPT 525 W0 START 4x2 seed=105524 2026-07-22T16:38:29.071
ATTEMPT 525 W0 SOLVE 4x2 2026-07-22T16:38:29.084
ATTEMPT 525 W0 DONE 4x2 seed=105524 nsol=16 0.02s 2026-07-22T16:38:29.103
ATTEMPT 526 W0 START 4x2 seed=105525 2026-07-22T16:38:29.103
ATTEMPT 526 W0 SOLVE 4x2 2026-07-22T16:38:29.117
ATTEMPT 526 W0 DONE 4x2 seed=105525 nsol=16 0.02s 2026-07-22T16:38:29.135
ATTEMPT 527 W0 START 4x2 seed=105526 2026-07-22T16:38:29.135
ATTEMPT 527 W0 SOLVE 4x2 2026-07-22T16:38:29.143
ATTEMPT 527 W0 DONE 4x2 seed=105526 nsol=16 0.02s 2026-07-22T16:38:29.159
ATTEMPT 528 W0 START 4x2 seed=105527 2026-07-22T16:38:29.159
ATTEMPT 528 W0 SOLVE 4x2 2026-07-22T16:38:29.166
ATTEMPT 528 W0 DONE 4x2 seed=105527 nsol=16 0.01s 2026-07-22T16:38:29.180
ATTEMPT 529 W0 START 4x2 seed=105528 2026-07-22T16:38:29.180
ATTEMPT 529 W0 SOLVE 4x2 2026-07-22T16:38:29.190
ATTEMPT 529 W0 DONE 4x2 seed=105528 nsol=16 0.01s 2026-07-22T16:38:29.203
ATTEMPT 530 W0 START 4x2 seed=105529 2026-07-22T16:38:29.203
ATTEMPT 530 W0 SOLVE 4x2 2026-07-22T16:38:29.218
ATTEMPT 530 W0 DONE 4x2 seed=105529 nsol=16 0.03s 2026-07-22T16:38:29.247
ATTEMPT 531 W0 START 4x2 seed=105530 2026-07-22T16:38:29.247
ATTEMPT 531 W0 SOLVE 4x2 2026-07-22T16:38:29.253
ATTEMPT 531 W0 DONE 4x2 seed=105530 nsol=16 0.01s 2026-07-22T16:38:29.264
ATTEMPT 532 W0 START 4x2 seed=105531 2026-07-22T16:38:29.265
ATTEMPT 532 W0 SOLVE 4x2 2026-07-22T16:38:29.270
ATTEMPT 532 W0 DONE 4x2 seed=105531 nsol=16 0.02s 2026-07-22T16:38:29.291
ATTEMPT 533 W0 START 4x2 seed=105532 2026-07-22T16:38:29.291
ATTEMPT 533 W0 SOLVE 4x2 2026-07-22T16:38:29.298
ATTEMPT 533 W0 DONE 4x2 seed=105532 nsol=16 0.02s 2026-07-22T16:38:29.323
ATTEMPT 534 W0 START 4x2 seed=105533 2026-07-22T16:38:29.323
ATTEMPT 534 W0 SOLVE 4x2 2026-07-22T16:38:29.332
ATTEMPT 534 W0 DONE 4x2 seed=105533 nsol=16 0.02s 2026-07-22T16:38:29.355
ATTEMPT 535 W0 START 4x2 seed=105534 2026-07-22T16:38:29.355
ATTEMPT 535 W0 SOLVE 4x2 2026-07-22T16:38:29.367
ATTEMPT 535 W0 DONE 4x2 seed=105534 nsol=16 0.02s 2026-07-22T16:38:29.395
ATTEMPT 536 W0 START 4x2 seed=105535 2026-07-22T16:38:29.395
ATTEMPT 536 W0 SOLVE 4x2 2026-07-22T16:38:29.413
ATTEMPT 536 W0 DONE 4x2 seed=105535 nsol=16 0.03s 2026-07-22T16:38:29.439
ATTEMPT 537 W0 START 4x2 seed=105536 2026-07-22T16:38:29.439
ATTEMPT 537 W0 SOLVE 4x2 2026-07-22T16:38:29.453
ATTEMPT 537 W0 DONE 4x2 seed=105536 nsol=16 0.03s 2026-07-22T16:38:29.480
ATTEMPT 538 W0 START 4x2 seed=105537 2026-07-22T16:38:29.480
ATTEMPT 538 W0 SOLVE 4x2 2026-07-22T16:38:29.494
ATTEMPT 538 W0 DONE 4x2 seed=105537 nsol=16 0.02s 2026-07-22T16:38:29.519
ATTEMPT 539 W0 START 4x2 seed=105538 2026-07-22T16:38:29.520
ATTEMPT 539 W0 SOLVE 4x2 2026-07-22T16:38:29.525
ATTEMPT 539 W0 DONE 4x2 seed=105538 nsol=16 0.01s 2026-07-22T16:38:29.543
ATTEMPT 540 W0 START 4x2 seed=105539 2026-07-22T16:38:29.543
ATTEMPT 540 W0 SOLVE 4x2 2026-07-22T16:38:29.562
ATTEMPT 540 W0 DONE 4x2 seed=105539 nsol=16 0.02s 2026-07-22T16:38:29.578
ATTEMPT 541 W0 START 4x2 seed=105540 2026-07-22T16:38:29.578
ATTEMPT 541 W0 SOLVE 4x2 2026-07-22T16:38:29.600
ATTEMPT 541 W0 DONE 4x2 seed=105540 nsol=16 0.04s 2026-07-22T16:38:29.635
ATTEMPT 542 W0 START 4x2 seed=105541 2026-07-22T16:38:29.635
ATTEMPT 542 W0 SOLVE 4x2 2026-07-22T16:38:29.653
ATTEMPT 542 W0 DONE 4x2 seed=105541 nsol=16 0.03s 2026-07-22T16:38:29.685
ATTEMPT 543 W0 START 4x2 seed=105542 2026-07-22T16:38:29.685
ATTEMPT 543 W0 SOLVE 4x2 2026-07-22T16:38:29.692
ATTEMPT 543 W0 DONE 4x2 seed=105542 nsol=16 0.01s 2026-07-22T16:38:29.711
ATTEMPT 544 W0 START 4x2 seed=105543 2026-07-22T16:38:29.712
ATTEMPT 544 W0 SOLVE 4x2 2026-07-22T16:38:29.722
ATTEMPT 544 W0 DONE 4x2 seed=105543 nsol=16 0.02s 2026-07-22T16:38:29.749
ATTEMPT 545 W0 START 4x2 seed=105544 2026-07-22T16:38:29.749
ATTEMPT 545 W0 SOLVE 4x2 2026-07-22T16:38:29.763
ATTEMPT 545 W0 DONE 4x2 seed=105544 nsol=16 0.01s 2026-07-22T16:38:29.779
ATTEMPT 546 W0 START 4x2 seed=105545 2026-07-22T16:38:29.780
ATTEMPT 546 W0 SOLVE 4x2 2026-07-22T16:38:29.799
ATTEMPT 546 W0 DONE 4x2 seed=105545 nsol=16 0.02s 2026-07-22T16:38:29.820
ATTEMPT 547 W0 START 4x2 seed=105546 2026-07-22T16:38:29.821
ATTEMPT 547 W0 SOLVE 4x2 2026-07-22T16:38:29.844
ATTEMPT 547 W0 DONE 4x2 seed=105546 nsol=16 0.01s 2026-07-22T16:38:29.859
ATTEMPT 548 W0 START 4x2 seed=105547 2026-07-22T16:38:29.860
ATTEMPT 548 W0 SOLVE 4x2 2026-07-22T16:38:29.871
ATTEMPT 548 W0 DONE 4x2 seed=105547 nsol=16 0.02s 2026-07-22T16:38:29.895
ATTEMPT 549 W0 START 4x2 seed=105548 2026-07-22T16:38:29.895
ATTEMPT 549 W0 SOLVE 4x2 2026-07-22T16:38:29.915
ATTEMPT 549 W0 DONE 4x2 seed=105548 nsol=16 0.01s 2026-07-22T16:38:29.929
ATTEMPT 550 W0 START 4x2 seed=105549 2026-07-22T16:38:29.929
ATTEMPT 550 W0 SOLVE 4x2 2026-07-22T16:38:29.935
ATTEMPT 550 W0 DONE 4x2 seed=105549 nsol=16 0.02s 2026-07-22T16:38:29.959
ATTEMPT 551 W0 START 4x2 seed=105550 2026-07-22T16:38:29.959
ATTEMPT 551 W0 SOLVE 4x2 2026-07-22T16:38:29.969
ATTEMPT 551 W0 DONE 4x2 seed=105550 nsol=16 0.04s 2026-07-22T16:38:30.009
ATTEMPT 552 W0 START 4x2 seed=105551 2026-07-22T16:38:30.009
ATTEMPT 552 W0 SOLVE 4x2 2026-07-22T16:38:30.021
ATTEMPT 552 W0 DONE 4x2 seed=105551 nsol=16 0.02s 2026-07-22T16:38:30.036
ATTEMPT 553 W0 START 4x2 seed=105552 2026-07-22T16:38:30.036
ATTEMPT 553 W0 SOLVE 4x2 2026-07-22T16:38:30.041
ATTEMPT 553 W0 DONE 4x2 seed=105552 nsol=16 0.01s 2026-07-22T16:38:30.053
ATTEMPT 554 W0 START 4x2 seed=105553 2026-07-22T16:38:30.053
ATTEMPT 554 W0 SOLVE 4x2 2026-07-22T16:38:30.058
ATTEMPT 554 W0 DONE 4x2 seed=105553 nsol=16 0.02s 2026-07-22T16:38:30.075
ATTEMPT 555 W0 START 4x2 seed=105554 2026-07-22T16:38:30.076
ATTEMPT 555 W0 SOLVE 4x2 2026-07-22T16:38:30.086
ATTEMPT 555 W0 DONE 4x2 seed=105554 nsol=16 0.04s 2026-07-22T16:38:30.127
ATTEMPT 556 W0 START 4x2 seed=105555 2026-07-22T16:38:30.127
ATTEMPT 556 W0 SOLVE 4x2 2026-07-22T16:38:30.133
ATTEMPT 556 W0 DONE 4x2 seed=105555 nsol=16 0.05s 2026-07-22T16:38:30.183
ATTEMPT 557 W0 START 4x2 seed=105556 2026-07-22T16:38:30.184
ATTEMPT 557 W0 SOLVE 4x2 2026-07-22T16:38:30.193
ATTEMPT 557 W0 DONE 4x2 seed=105556 nsol=16 0.01s 2026-07-22T16:38:30.205
ATTEMPT 558 W0 START 4x2 seed=105557 2026-07-22T16:38:30.205
ATTEMPT 558 W0 SOLVE 4x2 2026-07-22T16:38:30.210
ATTEMPT 558 W0 DONE 4x2 seed=105557 nsol=16 0.03s 2026-07-22T16:38:30.239
ATTEMPT 559 W0 START 4x2 seed=105558 2026-07-22T16:38:30.239
ATTEMPT 559 W0 SOLVE 4x2 2026-07-22T16:38:30.245
ATTEMPT 559 W0 DONE 4x2 seed=105558 nsol=16 0.02s 2026-07-22T16:38:30.267
ATTEMPT 560 W0 START 4x2 seed=105559 2026-07-22T16:38:30.267
ATTEMPT 560 W0 SOLVE 4x2 2026-07-22T16:38:30.275
ATTEMPT 560 W0 DONE 4x2 seed=105559 nsol=16 0.02s 2026-07-22T16:38:30.295
ATTEMPT 561 W0 START 4x2 seed=105560 2026-07-22T16:38:30.295
ATTEMPT 561 W0 SOLVE 4x2 2026-07-22T16:38:30.301
ATTEMPT 561 W0 DONE 4x2 seed=105560 nsol=16 0.02s 2026-07-22T16:38:30.319
ATTEMPT 562 W0 START 4x2 seed=105561 2026-07-22T16:38:30.319
ATTEMPT 562 W0 SOLVE 4x2 2026-07-22T16:38:30.327
ATTEMPT 562 W0 DONE 4x2 seed=105561 nsol=16 0.01s 2026-07-22T16:38:30.341
ATTEMPT 563 W0 START 4x2 seed=105562 2026-07-22T16:38:30.341
ATTEMPT 563 W0 SOLVE 4x2 2026-07-22T16:38:30.347
ATTEMPT 563 W0 DONE 4x2 seed=105562 nsol=16 0.01s 2026-07-22T16:38:30.354
ATTEMPT 564 W0 START 4x2 seed=105563 2026-07-22T16:38:30.354
ATTEMPT 564 W0 SOLVE 4x2 2026-07-22T16:38:30.361
ATTEMPT 564 W0 DONE 4x2 seed=105563 nsol=16 0.02s 2026-07-22T16:38:30.383
ATTEMPT 565 W0 START 4x2 seed=105564 2026-07-22T16:38:30.383
ATTEMPT 565 W0 SOLVE 4x2 2026-07-22T16:38:30.390
ATTEMPT 565 W0 DONE 4x2 seed=105564 nsol=16 0.03s 2026-07-22T16:38:30.419
ATTEMPT 566 W0 START 4x2 seed=105565 2026-07-22T16:38:30.419
ATTEMPT 566 W0 SOLVE 4x2 2026-07-22T16:38:30.427
ATTEMPT 566 W0 DONE 4x2 seed=105565 nsol=16 0.02s 2026-07-22T16:38:30.443
ATTEMPT 567 W0 START 4x2 seed=105566 2026-07-22T16:38:30.443
ATTEMPT 567 W0 SOLVE 4x2 2026-07-22T16:38:30.450
ATTEMPT 567 W0 DONE 4x2 seed=105566 nsol=16 0.01s 2026-07-22T16:38:30.463
ATTEMPT 568 W0 START 4x2 seed=105567 2026-07-22T16:38:30.463
ATTEMPT 568 W0 SOLVE 4x2 2026-07-22T16:38:30.483
ATTEMPT 568 W0 DONE 4x2 seed=105567 nsol=16 0.01s 2026-07-22T16:38:30.503
ATTEMPT 569 W0 START 4x2 seed=105568 2026-07-22T16:38:30.503
ATTEMPT 569 W0 SOLVE 4x2 2026-07-22T16:38:30.521
ATTEMPT 569 W0 DONE 4x2 seed=105568 nsol=16 0.01s 2026-07-22T16:38:30.539
ATTEMPT 570 W0 START 4x2 seed=105569 2026-07-22T16:38:30.539
ATTEMPT 570 W0 SOLVE 4x2 2026-07-22T16:38:30.555
ATTEMPT 570 W0 DONE 4x2 seed=105569 nsol=16 0.03s 2026-07-22T16:38:30.583
ATTEMPT 571 W0 START 4x2 seed=105570 2026-07-22T16:38:30.583
ATTEMPT 571 W0 SOLVE 4x2 2026-07-22T16:38:30.600
ATTEMPT 571 W0 DONE 4x2 seed=105570 nsol=16 0.02s 2026-07-22T16:38:30.617
ATTEMPT 572 W0 START 4x2 seed=105571 2026-07-22T16:38:30.618
ATTEMPT 572 W0 SOLVE 4x2 2026-07-22T16:38:30.629
ATTEMPT 572 W0 DONE 4x2 seed=105571 nsol=16 0.02s 2026-07-22T16:38:30.660
ATTEMPT 573 W0 START 4x2 seed=105572 2026-07-22T16:38:30.660
ATTEMPT 573 W0 SOLVE 4x2 2026-07-22T16:38:30.671
ATTEMPT 573 W0 DONE 4x2 seed=105572 nsol=16 0.02s 2026-07-22T16:38:30.695
ATTEMPT 574 W0 START 4x2 seed=105573 2026-07-22T16:38:30.695
ATTEMPT 574 W0 SOLVE 4x2 2026-07-22T16:38:30.707
ATTEMPT 574 W0 DONE 4x2 seed=105573 nsol=16 0.01s 2026-07-22T16:38:30.722
ATTEMPT 575 W0 START 4x2 seed=105574 2026-07-22T16:38:30.722
ATTEMPT 575 W0 SOLVE 4x2 2026-07-22T16:38:30.732
ATTEMPT 575 W0 DONE 4x2 seed=105574 nsol=16 0.02s 2026-07-22T16:38:30.751
ATTEMPT 576 W0 START 4x2 seed=105575 2026-07-22T16:38:30.752
ATTEMPT 576 W0 SOLVE 4x2 2026-07-22T16:38:30.759
ATTEMPT 576 W0 DONE 4x2 seed=105575 nsol=16 0.01s 2026-07-22T16:38:30.779
ATTEMPT 577 W0 START 4x2 seed=105576 2026-07-22T16:38:30.779
ATTEMPT 577 W0 SOLVE 4x2 2026-07-22T16:38:30.802
ATTEMPT 577 W0 DONE 4x2 seed=105576 nsol=16 0.03s 2026-07-22T16:38:30.832
ATTEMPT 578 W0 START 4x2 seed=105577 2026-07-22T16:38:30.833
ATTEMPT 578 W0 SOLVE 4x2 2026-07-22T16:38:30.848
ATTEMPT 578 W0 DONE 4x2 seed=105577 nsol=16 0.02s 2026-07-22T16:38:30.871
ATTEMPT 579 W0 START 4x2 seed=105578 2026-07-22T16:38:30.871
ATTEMPT 579 W0 SOLVE 4x2 2026-07-22T16:38:30.881
ATTEMPT 579 W0 DONE 4x2 seed=105578 nsol=16 0.02s 2026-07-22T16:38:30.899
ATTEMPT 580 W0 START 4x2 seed=105579 2026-07-22T16:38:30.899
ATTEMPT 580 W0 SOLVE 4x2 2026-07-22T16:38:30.905
ATTEMPT 580 W0 DONE 4x2 seed=105579 nsol=16 0.02s 2026-07-22T16:38:30.926
ATTEMPT 581 W0 START 4x2 seed=105580 2026-07-22T16:38:30.927
ATTEMPT 581 W0 SOLVE 4x2 2026-07-22T16:38:30.933
ATTEMPT 581 W0 DONE 4x2 seed=105580 nsol=16 0.01s 2026-07-22T16:38:30.947
ATTEMPT 582 W0 START 4x2 seed=105581 2026-07-22T16:38:30.947
ATTEMPT 582 W0 SOLVE 4x2 2026-07-22T16:38:30.953
ATTEMPT 582 W0 DONE 4x2 seed=105581 nsol=16 0.02s 2026-07-22T16:38:30.970
ATTEMPT 583 W0 START 4x2 seed=105582 2026-07-22T16:38:30.971
ATTEMPT 583 W0 SOLVE 4x2 2026-07-22T16:38:30.976
ATTEMPT 583 W0 DONE 4x2 seed=105582 nsol=16 0.01s 2026-07-22T16:38:30.982
ATTEMPT 584 W0 START 4x2 seed=105583 2026-07-22T16:38:30.982
ATTEMPT 584 W0 SOLVE 4x2 2026-07-22T16:38:30.989
ATTEMPT 584 W0 DONE 4x2 seed=105583 nsol=16 0.02s 2026-07-22T16:38:31.007
ATTEMPT 585 W0 START 4x2 seed=105584 2026-07-22T16:38:31.008
ATTEMPT 585 W0 SOLVE 4x2 2026-07-22T16:38:31.037
ATTEMPT 585 W0 DONE 4x2 seed=105584 nsol=16 0.03s 2026-07-22T16:38:31.063
ATTEMPT 586 W0 START 4x2 seed=105585 2026-07-22T16:38:31.063
ATTEMPT 586 W0 SOLVE 4x2 2026-07-22T16:38:31.074
ATTEMPT 586 W0 DONE 4x2 seed=105585 nsol=16 0.02s 2026-07-22T16:38:31.095
ATTEMPT 587 W0 START 4x2 seed=105586 2026-07-22T16:38:31.095
ATTEMPT 587 W0 SOLVE 4x2 2026-07-22T16:38:31.103
ATTEMPT 587 W0 DONE 4x2 seed=105586 nsol=16 0.02s 2026-07-22T16:38:31.131
ATTEMPT 588 W0 START 4x2 seed=105587 2026-07-22T16:38:31.131
ATTEMPT 588 W0 SOLVE 4x2 2026-07-22T16:38:31.138
ATTEMPT 588 W0 DONE 4x2 seed=105587 nsol=16 0.03s 2026-07-22T16:38:31.171
ATTEMPT 589 W0 START 4x2 seed=105588 2026-07-22T16:38:31.171
ATTEMPT 589 W0 SOLVE 4x2 2026-07-22T16:38:31.182
ATTEMPT 589 W0 DONE 4x2 seed=105588 nsol=16 0.02s 2026-07-22T16:38:31.203
ATTEMPT 590 W0 START 4x2 seed=105589 2026-07-22T16:38:31.203
ATTEMPT 590 W0 SOLVE 4x2 2026-07-22T16:38:31.209
ATTEMPT 590 W0 DONE 4x2 seed=105589 nsol=16 0.01s 2026-07-22T16:38:31.222
ATTEMPT 591 W0 START 4x2 seed=105590 2026-07-22T16:38:31.222
ATTEMPT 591 W0 SOLVE 4x2 2026-07-22T16:38:31.238
ATTEMPT 591 W0 DONE 4x2 seed=105590 nsol=16 0.01s 2026-07-22T16:38:31.247
ATTEMPT 592 W0 START 4x2 seed=105591 2026-07-22T16:38:31.248
ATTEMPT 592 W0 SOLVE 4x2 2026-07-22T16:38:31.257
ATTEMPT 592 W0 DONE 4x2 seed=105591 nsol=16 0.02s 2026-07-22T16:38:31.279
ATTEMPT 593 W0 START 4x2 seed=105592 2026-07-22T16:38:31.280
ATTEMPT 593 W0 SOLVE 4x2 2026-07-22T16:38:31.289
ATTEMPT 593 W0 DONE 4x2 seed=105592 nsol=16 0.01s 2026-07-22T16:38:31.303
ATTEMPT 594 W0 START 4x2 seed=105593 2026-07-22T16:38:31.303
ATTEMPT 594 W0 SOLVE 4x2 2026-07-22T16:38:31.314
ATTEMPT 594 W0 DONE 4x2 seed=105593 nsol=16 0.03s 2026-07-22T16:38:31.351
ATTEMPT 595 W0 START 4x2 seed=105594 2026-07-22T16:38:31.352
ATTEMPT 595 W0 SOLVE 4x2 2026-07-22T16:38:31.357
ATTEMPT 595 W0 DONE 4x2 seed=105594 nsol=16 0.01s 2026-07-22T16:38:31.367
ATTEMPT 596 W0 START 4x2 seed=105595 2026-07-22T16:38:31.367
ATTEMPT 596 W0 SOLVE 4x2 2026-07-22T16:38:31.376
ATTEMPT 596 W0 DONE 4x2 seed=105595 nsol=16 0.01s 2026-07-22T16:38:31.386
ATTEMPT 597 W0 START 4x2 seed=105596 2026-07-22T16:38:31.386
ATTEMPT 597 W0 SOLVE 4x2 2026-07-22T16:38:31.391
ATTEMPT 597 W0 DONE 4x2 seed=105596 nsol=16 0.07s 2026-07-22T16:38:31.459
ATTEMPT 598 W0 START 4x2 seed=105597 2026-07-22T16:38:31.459
ATTEMPT 598 W0 SOLVE 4x2 2026-07-22T16:38:31.465
ATTEMPT 598 W0 DONE 4x2 seed=105597 nsol=16 0.01s 2026-07-22T16:38:31.474
ATTEMPT 599 W0 START 4x2 seed=105598 2026-07-22T16:38:31.475
ATTEMPT 599 W0 SOLVE 4x2 2026-07-22T16:38:31.481
ATTEMPT 599 W0 DONE 4x2 seed=105598 nsol=16 0.01s 2026-07-22T16:38:31.495
ATTEMPT 600 W0 START 4x2 seed=105599 2026-07-22T16:38:31.495
ATTEMPT 600 W0 SOLVE 4x2 2026-07-22T16:38:31.500
ATTEMPT 600 W0 DONE 4x2 seed=105599 nsol=16 0.01s 2026-07-22T16:38:31.515
HUNT2 complete 2026-07-22T16:38:31.520
