HUNT2 start mode=seq hcthr=on nworkers=0 nthreads=14 ngcthreads=14 nsolves=600 seed_base=25163 shape=4x2 pid=2249927 julia=1.12.6 HC=2.20.0 2026-07-22T17:22:51.086
ATTEMPT 1 W0 START 4x2 seed=25164 2026-07-22T17:22:55.442
ATTEMPT 1 W0 SOLVE 4x2 2026-07-22T17:22:58.048
Computing mixed cells... 2    Time: 0:00:01[K
   mixed_volume: 2[K[A
[K[AComputing mixed cells... 10    Time: 0:00:01[K
   mixed_volume: 16[K
ATTEMPT 1 W0 DONE 4x2 seed=25164 nsol=16 98.26s 2026-07-22T17:24:36.689
ATTEMPT 2 W0 START 4x2 seed=25165 2026-07-22T17:24:37.029
ATTEMPT 2 W0 SOLVE 4x2 2026-07-22T17:24:37.034
ATTEMPT 2 W0 DONE 4x2 seed=25165 nsol=16 0.03s 2026-07-22T17:24:37.061
ATTEMPT 3 W0 START 4x2 seed=25166 2026-07-22T17:24:37.061
ATTEMPT 3 W0 SOLVE 4x2 2026-07-22T17:24:37.069
ATTEMPT 3 W0 DONE 4x2 seed=25166 nsol=16 0.02s 2026-07-22T17:24:37.093
ATTEMPT 4 W0 START 4x2 seed=25167 2026-07-22T17:24:37.093
ATTEMPT 4 W0 SOLVE 4x2 2026-07-22T17:24:37.098
ATTEMPT 4 W0 DONE 4x2 seed=25167 nsol=16 0.01s 2026-07-22T17:24:37.105
ATTEMPT 5 W0 START 4x2 seed=25168 2026-07-22T17:24:37.105
ATTEMPT 5 W0 SOLVE 4x2 2026-07-22T17:24:37.111
ATTEMPT 5 W0 DONE 4x2 seed=25168 nsol=16 0.02s 2026-07-22T17:24:37.135
ATTEMPT 6 W0 START 4x2 seed=25169 2026-07-22T17:24:37.135
ATTEMPT 6 W0 SOLVE 4x2 2026-07-22T17:24:37.145
ATTEMPT 6 W0 DONE 4x2 seed=25169 nsol=16 0.02s 2026-07-22T17:24:37.167
ATTEMPT 7 W0 START 4x2 seed=25170 2026-07-22T17:24:37.167
ATTEMPT 7 W0 SOLVE 4x2 2026-07-22T17:24:37.179
ATTEMPT 7 W0 DONE 4x2 seed=25170 nsol=16 0.04s 2026-07-22T17:24:37.223
ATTEMPT 8 W0 START 4x2 seed=25171 2026-07-22T17:24:37.223
ATTEMPT 8 W0 SOLVE 4x2 2026-07-22T17:24:37.247
ATTEMPT 8 W0 DONE 4x2 seed=25171 nsol=16 0.02s 2026-07-22T17:24:37.271
ATTEMPT 9 W0 START 4x2 seed=25172 2026-07-22T17:24:37.271
ATTEMPT 9 W0 SOLVE 4x2 2026-07-22T17:24:37.283
ATTEMPT 9 W0 DONE 4x2 seed=25172 nsol=16 0.01s 2026-07-22T17:24:37.296
ATTEMPT 10 W0 START 4x2 seed=25173 2026-07-22T17:24:37.296
ATTEMPT 10 W0 SOLVE 4x2 2026-07-22T17:24:37.302
ATTEMPT 10 W0 DONE 4x2 seed=25173 nsol=16 0.02s 2026-07-22T17:24:37.320
ATTEMPT 11 W0 START 4x2 seed=25174 2026-07-22T17:24:37.321
ATTEMPT 11 W0 SOLVE 4x2 2026-07-22T17:24:37.332
ATTEMPT 11 W0 DONE 4x2 seed=25174 nsol=16 0.01s 2026-07-22T17:24:37.348
ATTEMPT 12 W0 START 4x2 seed=25175 2026-07-22T17:24:37.348
ATTEMPT 12 W0 SOLVE 4x2 2026-07-22T17:24:37.360
ATTEMPT 12 W0 DONE 4x2 seed=25175 nsol=16 0.02s 2026-07-22T17:24:37.379
ATTEMPT 13 W0 START 4x2 seed=25176 2026-07-22T17:24:37.379
ATTEMPT 13 W0 SOLVE 4x2 2026-07-22T17:24:37.390
ATTEMPT 13 W0 DONE 4x2 seed=25176 nsol=16 0.02s 2026-07-22T17:24:37.407
ATTEMPT 14 W0 START 4x2 seed=25177 2026-07-22T17:24:37.407
ATTEMPT 14 W0 SOLVE 4x2 2026-07-22T17:24:37.418
ATTEMPT 14 W0 DONE 4x2 seed=25177 nsol=16 0.03s 2026-07-22T17:24:37.447
ATTEMPT 15 W0 START 4x2 seed=25178 2026-07-22T17:24:37.447
ATTEMPT 15 W0 SOLVE 4x2 2026-07-22T17:24:37.457
ATTEMPT 15 W0 DONE 4x2 seed=25178 nsol=16 0.26s 2026-07-22T17:24:37.715
ATTEMPT 16 W0 START 4x2 seed=25179 2026-07-22T17:24:37.719
ATTEMPT 16 W0 SOLVE 4x2 2026-07-22T17:24:37.741
ATTEMPT 16 W0 DONE 4x2 seed=25179 nsol=16 0.02s 2026-07-22T17:24:37.764
ATTEMPT 17 W0 START 4x2 seed=25180 2026-07-22T17:24:37.764
ATTEMPT 17 W0 SOLVE 4x2 2026-07-22T17:24:37.770
ATTEMPT 17 W0 DONE 4x2 seed=25180 nsol=16 0.01s 2026-07-22T17:24:37.783
ATTEMPT 18 W0 START 4x2 seed=25181 2026-07-22T17:24:37.784
ATTEMPT 18 W0 SOLVE 4x2 2026-07-22T17:24:37.794
ATTEMPT 18 W0 DONE 4x2 seed=25181 nsol=16 0.01s 2026-07-22T17:24:37.813
ATTEMPT 19 W0 START 4x2 seed=25182 2026-07-22T17:24:37.813
ATTEMPT 19 W0 SOLVE 4x2 2026-07-22T17:24:37.819
ATTEMPT 19 W0 DONE 4x2 seed=25182 nsol=16 0.02s 2026-07-22T17:24:37.837
ATTEMPT 20 W0 START 4x2 seed=25183 2026-07-22T17:24:37.837
ATTEMPT 20 W0 SOLVE 4x2 2026-07-22T17:24:37.852
ATTEMPT 20 W0 DONE 4x2 seed=25183 nsol=16 0.02s 2026-07-22T17:24:37.868
ATTEMPT 21 W0 START 4x2 seed=25184 2026-07-22T17:24:37.868
ATTEMPT 21 W0 SOLVE 4x2 2026-07-22T17:24:37.874
ATTEMPT 21 W0 DONE 4x2 seed=25184 nsol=16 0.01s 2026-07-22T17:24:37.885
ATTEMPT 22 W0 START 4x2 seed=25185 2026-07-22T17:24:37.885
ATTEMPT 22 W0 SOLVE 4x2 2026-07-22T17:24:37.893
ATTEMPT 22 W0 DONE 4x2 seed=25185 nsol=16 0.02s 2026-07-22T17:24:37.911
ATTEMPT 23 W0 START 4x2 seed=25186 2026-07-22T17:24:37.911
ATTEMPT 23 W0 SOLVE 4x2 2026-07-22T17:24:37.918
ATTEMPT 23 W0 DONE 4x2 seed=25186 nsol=16 0.02s 2026-07-22T17:24:37.935
ATTEMPT 24 W0 START 4x2 seed=25187 2026-07-22T17:24:37.935
ATTEMPT 24 W0 SOLVE 4x2 2026-07-22T17:24:37.942
ATTEMPT 24 W0 DONE 4x2 seed=25187 nsol=16 0.02s 2026-07-22T17:24:37.959
ATTEMPT 25 W0 START 4x2 seed=25188 2026-07-22T17:24:37.959
ATTEMPT 25 W0 SOLVE 4x2 2026-07-22T17:24:37.966
ATTEMPT 25 W0 DONE 4x2 seed=25188 nsol=16 0.01s 2026-07-22T17:24:37.974
ATTEMPT 26 W0 START 4x2 seed=25189 2026-07-22T17:24:37.975
ATTEMPT 26 W0 SOLVE 4x2 2026-07-22T17:24:37.982
ATTEMPT 26 W0 DONE 4x2 seed=25189 nsol=16 0.01s 2026-07-22T17:24:37.990
ATTEMPT 27 W0 START 4x2 seed=25190 2026-07-22T17:24:37.991
ATTEMPT 27 W0 SOLVE 4x2 2026-07-22T17:24:38
ATTEMPT 27 W0 DONE 4x2 seed=25190 nsol=16 0.02s 2026-07-22T17:24:38.023
ATTEMPT 28 W0 START 4x2 seed=25191 2026-07-22T17:24:38.023
ATTEMPT 28 W0 SOLVE 4x2 2026-07-22T17:24:38.029
ATTEMPT 28 W0 DONE 4x2 seed=25191 nsol=16 0.02s 2026-07-22T17:24:38.049
ATTEMPT 29 W0 START 4x2 seed=25192 2026-07-22T17:24:38.049
ATTEMPT 29 W0 SOLVE 4x2 2026-07-22T17:24:38.055
ATTEMPT 29 W0 DONE 4x2 seed=25192 nsol=16 0.02s 2026-07-22T17:24:38.071
ATTEMPT 30 W0 START 4x2 seed=25193 2026-07-22T17:24:38.071
ATTEMPT 30 W0 SOLVE 4x2 2026-07-22T17:24:38.078
ATTEMPT 30 W0 DONE 4x2 seed=25193 nsol=16 0.01s 2026-07-22T17:24:38.090
ATTEMPT 31 W0 START 4x2 seed=25194 2026-07-22T17:24:38.090
ATTEMPT 31 W0 SOLVE 4x2 2026-07-22T17:24:38.096
ATTEMPT 31 W0 DONE 4x2 seed=25194 nsol=16 0.01s 2026-07-22T17:24:38.111
ATTEMPT 32 W0 START 4x2 seed=25195 2026-07-22T17:24:38.111
ATTEMPT 32 W0 SOLVE 4x2 2026-07-22T17:24:38.116
ATTEMPT 32 W0 DONE 4x2 seed=25195 nsol=16 0.01s 2026-07-22T17:24:38.123
ATTEMPT 33 W0 START 4x2 seed=25196 2026-07-22T17:24:38.123
ATTEMPT 33 W0 SOLVE 4x2 2026-07-22T17:24:38.128
ATTEMPT 33 W0 DONE 4x2 seed=25196 nsol=16 0.02s 2026-07-22T17:24:38.144
ATTEMPT 34 W0 START 4x2 seed=25197 2026-07-22T17:24:38.145
ATTEMPT 34 W0 SOLVE 4x2 2026-07-22T17:24:38.151
ATTEMPT 34 W0 DONE 4x2 seed=25197 nsol=16 0.01s 2026-07-22T17:24:38.158
ATTEMPT 35 W0 START 4x2 seed=25198 2026-07-22T17:24:38.158
ATTEMPT 35 W0 SOLVE 4x2 2026-07-22T17:24:38.165
ATTEMPT 35 W0 DONE 4x2 seed=25198 nsol=16 0.02s 2026-07-22T17:24:38.187
ATTEMPT 36 W0 START 4x2 seed=25199 2026-07-22T17:24:38.187
ATTEMPT 36 W0 SOLVE 4x2 2026-07-22T17:24:38.192
ATTEMPT 36 W0 DONE 4x2 seed=25199 nsol=16 0.01s 2026-07-22T17:24:38.207
ATTEMPT 37 W0 START 4x2 seed=25200 2026-07-22T17:24:38.207
ATTEMPT 37 W0 SOLVE 4x2 2026-07-22T17:24:38.213
ATTEMPT 37 W0 DONE 4x2 seed=25200 nsol=16 0.02s 2026-07-22T17:24:38.231
ATTEMPT 38 W0 START 4x2 seed=25201 2026-07-22T17:24:38.231
ATTEMPT 38 W0 SOLVE 4x2 2026-07-22T17:24:38.236
ATTEMPT 38 W0 DONE 4x2 seed=25201 nsol=16 0.01s 2026-07-22T17:24:38.251
ATTEMPT 39 W0 START 4x2 seed=25202 2026-07-22T17:24:38.251
ATTEMPT 39 W0 SOLVE 4x2 2026-07-22T17:24:38.257
ATTEMPT 39 W0 DONE 4x2 seed=25202 nsol=16 0.01s 2026-07-22T17:24:38.271
ATTEMPT 40 W0 START 4x2 seed=25203 2026-07-22T17:24:38.271
ATTEMPT 40 W0 SOLVE 4x2 2026-07-22T17:24:38.276
ATTEMPT 40 W0 DONE 4x2 seed=25203 nsol=16 0.01s 2026-07-22T17:24:38.291
ATTEMPT 41 W0 START 4x2 seed=25204 2026-07-22T17:24:38.291
ATTEMPT 41 W0 SOLVE 4x2 2026-07-22T17:24:38.298
ATTEMPT 41 W0 DONE 4x2 seed=25204 nsol=16 0.01s 2026-07-22T17:24:38.311
ATTEMPT 42 W0 START 4x2 seed=25205 2026-07-22T17:24:38.311
ATTEMPT 42 W0 SOLVE 4x2 2026-07-22T17:24:38.316
ATTEMPT 42 W0 DONE 4x2 seed=25205 nsol=16 0.02s 2026-07-22T17:24:38.334
ATTEMPT 43 W0 START 4x2 seed=25206 2026-07-22T17:24:38.334
ATTEMPT 43 W0 SOLVE 4x2 2026-07-22T17:24:38.346
ATTEMPT 43 W0 DONE 4x2 seed=25206 nsol=16 0.01s 2026-07-22T17:24:38.359
ATTEMPT 44 W0 START 4x2 seed=25207 2026-07-22T17:24:38.359
ATTEMPT 44 W0 SOLVE 4x2 2026-07-22T17:24:38.367
ATTEMPT 44 W0 DONE 4x2 seed=25207 nsol=16 0.02s 2026-07-22T17:24:38.384
ATTEMPT 45 W0 START 4x2 seed=25208 2026-07-22T17:24:38.384
ATTEMPT 45 W0 SOLVE 4x2 2026-07-22T17:24:38.389
ATTEMPT 45 W0 DONE 4x2 seed=25208 nsol=16 0.02s 2026-07-22T17:24:38.411
ATTEMPT 46 W0 START 4x2 seed=25209 2026-07-22T17:24:38.411
ATTEMPT 46 W0 SOLVE 4x2 2026-07-22T17:24:38.420
ATTEMPT 46 W0 DONE 4x2 seed=25209 nsol=16 0.01s 2026-07-22T17:24:38.435
ATTEMPT 47 W0 START 4x2 seed=25210 2026-07-22T17:24:38.435
ATTEMPT 47 W0 SOLVE 4x2 2026-07-22T17:24:38.442
ATTEMPT 47 W0 DONE 4x2 seed=25210 nsol=16 0.02s 2026-07-22T17:24:38.459
ATTEMPT 48 W0 START 4x2 seed=25211 2026-07-22T17:24:38.459
ATTEMPT 48 W0 SOLVE 4x2 2026-07-22T17:24:38.466
ATTEMPT 48 W0 DONE 4x2 seed=25211 nsol=16 0.02s 2026-07-22T17:24:38.487
ATTEMPT 49 W0 START 4x2 seed=25212 2026-07-22T17:24:38.487
ATTEMPT 49 W0 SOLVE 4x2 2026-07-22T17:24:38.493
ATTEMPT 49 W0 DONE 4x2 seed=25212 nsol=16 0.02s 2026-07-22T17:24:38.511
ATTEMPT 50 W0 START 4x2 seed=25213 2026-07-22T17:24:38.511
ATTEMPT 50 W0 SOLVE 4x2 2026-07-22T17:24:38.521
ATTEMPT 50 W0 DONE 4x2 seed=25213 nsol=16 0.01s 2026-07-22T17:24:38.535
ATTEMPT 51 W0 START 4x2 seed=25214 2026-07-22T17:24:38.535
ATTEMPT 51 W0 SOLVE 4x2 2026-07-22T17:24:38.546
ATTEMPT 51 W0 DONE 4x2 seed=25214 nsol=16 0.01s 2026-07-22T17:24:38.558
ATTEMPT 52 W0 START 4x2 seed=25215 2026-07-22T17:24:38.559
ATTEMPT 52 W0 SOLVE 4x2 2026-07-22T17:24:38.569
ATTEMPT 52 W0 DONE 4x2 seed=25215 nsol=16 0.02s 2026-07-22T17:24:38.590
ATTEMPT 53 W0 START 4x2 seed=25216 2026-07-22T17:24:38.590
ATTEMPT 53 W0 SOLVE 4x2 2026-07-22T17:24:38.596
ATTEMPT 53 W0 DONE 4x2 seed=25216 nsol=16 0.01s 2026-07-22T17:24:38.602
ATTEMPT 54 W0 START 4x2 seed=25217 2026-07-22T17:24:38.602
ATTEMPT 54 W0 SOLVE 4x2 2026-07-22T17:24:38.609
ATTEMPT 54 W0 DONE 4x2 seed=25217 nsol=16 0.02s 2026-07-22T17:24:38.631
ATTEMPT 55 W0 START 4x2 seed=25218 2026-07-22T17:24:38.631
ATTEMPT 55 W0 SOLVE 4x2 2026-07-22T17:24:38.638
ATTEMPT 55 W0 DONE 4x2 seed=25218 nsol=16 0.02s 2026-07-22T17:24:38.655
ATTEMPT 56 W0 START 4x2 seed=25219 2026-07-22T17:24:38.655
ATTEMPT 56 W0 SOLVE 4x2 2026-07-22T17:24:38.661
ATTEMPT 56 W0 DONE 4x2 seed=25219 nsol=16 0.01s 2026-07-22T17:24:38.675
ATTEMPT 57 W0 START 4x2 seed=25220 2026-07-22T17:24:38.675
ATTEMPT 57 W0 SOLVE 4x2 2026-07-22T17:24:38.680
ATTEMPT 57 W0 DONE 4x2 seed=25220 nsol=16 0.01s 2026-07-22T17:24:38.688
ATTEMPT 58 W0 START 4x2 seed=25221 2026-07-22T17:24:38.688
ATTEMPT 58 W0 SOLVE 4x2 2026-07-22T17:24:38.696
ATTEMPT 58 W0 DONE 4x2 seed=25221 nsol=16 0.01s 2026-07-22T17:24:38.711
ATTEMPT 59 W0 START 4x2 seed=25222 2026-07-22T17:24:38.711
ATTEMPT 59 W0 SOLVE 4x2 2026-07-22T17:24:38.718
ATTEMPT 59 W0 DONE 4x2 seed=25222 nsol=16 0.03s 2026-07-22T17:24:38.743
ATTEMPT 60 W0 START 4x2 seed=25223 2026-07-22T17:24:38.743
ATTEMPT 60 W0 SOLVE 4x2 2026-07-22T17:24:38.753
ATTEMPT 60 W0 DONE 4x2 seed=25223 nsol=16 0.01s 2026-07-22T17:24:38.764
ATTEMPT 61 W0 START 4x2 seed=25224 2026-07-22T17:24:38.764
ATTEMPT 61 W0 SOLVE 4x2 2026-07-22T17:24:38.770
ATTEMPT 61 W0 DONE 4x2 seed=25224 nsol=16 0.02s 2026-07-22T17:24:38.793
ATTEMPT 62 W0 START 4x2 seed=25225 2026-07-22T17:24:38.793
ATTEMPT 62 W0 SOLVE 4x2 2026-07-22T17:24:38.799
ATTEMPT 62 W0 DONE 4x2 seed=25225 nsol=16 0.02s 2026-07-22T17:24:38.815
ATTEMPT 63 W0 START 4x2 seed=25226 2026-07-22T17:24:38.816
ATTEMPT 63 W0 SOLVE 4x2 2026-07-22T17:24:38.824
ATTEMPT 63 W0 DONE 4x2 seed=25226 nsol=16 0.01s 2026-07-22T17:24:38.831
ATTEMPT 64 W0 START 4x2 seed=25227 2026-07-22T17:24:38.832
ATTEMPT 64 W0 SOLVE 4x2 2026-07-22T17:24:38.840
ATTEMPT 64 W0 DONE 4x2 seed=25227 nsol=16 0.01s 2026-07-22T17:24:38.855
ATTEMPT 65 W0 START 4x2 seed=25228 2026-07-22T17:24:38.855
ATTEMPT 65 W0 SOLVE 4x2 2026-07-22T17:24:38.861
ATTEMPT 65 W0 DONE 4x2 seed=25228 nsol=16 0.02s 2026-07-22T17:24:38.881
ATTEMPT 66 W0 START 4x2 seed=25229 2026-07-22T17:24:38.882
ATTEMPT 66 W0 SOLVE 4x2 2026-07-22T17:24:38.887
ATTEMPT 66 W0 DONE 4x2 seed=25229 nsol=16 0.01s 2026-07-22T17:24:38.893
ATTEMPT 67 W0 START 4x2 seed=25230 2026-07-22T17:24:38.893
ATTEMPT 67 W0 SOLVE 4x2 2026-07-22T17:24:38.899
ATTEMPT 67 W0 DONE 4x2 seed=25230 nsol=16 0.01s 2026-07-22T17:24:38.911
ATTEMPT 68 W0 START 4x2 seed=25231 2026-07-22T17:24:38.911
ATTEMPT 68 W0 SOLVE 4x2 2026-07-22T17:24:38.917
ATTEMPT 68 W0 DONE 4x2 seed=25231 nsol=16 0.01s 2026-07-22T17:24:38.931
ATTEMPT 69 W0 START 4x2 seed=25232 2026-07-22T17:24:38.931
ATTEMPT 69 W0 SOLVE 4x2 2026-07-22T17:24:38.938
ATTEMPT 69 W0 DONE 4x2 seed=25232 nsol=16 0.02s 2026-07-22T17:24:38.959
ATTEMPT 70 W0 START 4x2 seed=25233 2026-07-22T17:24:38.959
ATTEMPT 70 W0 SOLVE 4x2 2026-07-22T17:24:38.970
ATTEMPT 70 W0 DONE 4x2 seed=25233 nsol=16 0.01s 2026-07-22T17:24:38.981
ATTEMPT 71 W0 START 4x2 seed=25234 2026-07-22T17:24:38.982
ATTEMPT 71 W0 SOLVE 4x2 2026-07-22T17:24:38.988
ATTEMPT 71 W0 DONE 4x2 seed=25234 nsol=16 0.02s 2026-07-22T17:24:39.003
ATTEMPT 72 W0 START 4x2 seed=25235 2026-07-22T17:24:39.003
ATTEMPT 72 W0 SOLVE 4x2 2026-07-22T17:24:39.012
ATTEMPT 72 W0 DONE 4x2 seed=25235 nsol=16 0.02s 2026-07-22T17:24:39.032
ATTEMPT 73 W0 START 4x2 seed=25236 2026-07-22T17:24:39.032
ATTEMPT 73 W0 SOLVE 4x2 2026-07-22T17:24:39.038
ATTEMPT 73 W0 DONE 4x2 seed=25236 nsol=16 0.01s 2026-07-22T17:24:39.055
ATTEMPT 74 W0 START 4x2 seed=25237 2026-07-22T17:24:39.055
ATTEMPT 74 W0 SOLVE 4x2 2026-07-22T17:24:39.060
ATTEMPT 74 W0 DONE 4x2 seed=25237 nsol=16 0.01s 2026-07-22T17:24:39.071
ATTEMPT 75 W0 START 4x2 seed=25238 2026-07-22T17:24:39.071
ATTEMPT 75 W0 SOLVE 4x2 2026-07-22T17:24:39.076
ATTEMPT 75 W0 DONE 4x2 seed=25238 nsol=16 0.01s 2026-07-22T17:24:39.083
ATTEMPT 76 W0 START 4x2 seed=25239 2026-07-22T17:24:39.083
ATTEMPT 76 W0 SOLVE 4x2 2026-07-22T17:24:39.090
ATTEMPT 76 W0 DONE 4x2 seed=25239 nsol=16 0.02s 2026-07-22T17:24:39.107
ATTEMPT 77 W0 START 4x2 seed=25240 2026-07-22T17:24:39.107
ATTEMPT 77 W0 SOLVE 4x2 2026-07-22T17:24:39.112
ATTEMPT 77 W0 DONE 4x2 seed=25240 nsol=16 0.01s 2026-07-22T17:24:39.127
ATTEMPT 78 W0 START 4x2 seed=25241 2026-07-22T17:24:39.127
ATTEMPT 78 W0 SOLVE 4x2 2026-07-22T17:24:39.132
ATTEMPT 78 W0 DONE 4x2 seed=25241 nsol=16 0.01s 2026-07-22T17:24:39.146
ATTEMPT 79 W0 START 4x2 seed=25242 2026-07-22T17:24:39.147
ATTEMPT 79 W0 SOLVE 4x2 2026-07-22T17:24:39.153
ATTEMPT 79 W0 DONE 4x2 seed=25242 nsol=16 0.08s 2026-07-22T17:24:39.235
ATTEMPT 80 W0 START 4x2 seed=25243 2026-07-22T17:24:39.235
ATTEMPT 80 W0 SOLVE 4x2 2026-07-22T17:24:39.241
ATTEMPT 80 W0 DONE 4x2 seed=25243 nsol=16 0.01s 2026-07-22T17:24:39.253
ATTEMPT 81 W0 START 4x2 seed=25244 2026-07-22T17:24:39.253
ATTEMPT 81 W0 SOLVE 4x2 2026-07-22T17:24:39.263
ATTEMPT 81 W0 DONE 4x2 seed=25244 nsol=16 0.02s 2026-07-22T17:24:39.291
ATTEMPT 82 W0 START 4x2 seed=25245 2026-07-22T17:24:39.291
ATTEMPT 82 W0 SOLVE 4x2 2026-07-22T17:24:39.306
ATTEMPT 82 W0 DONE 4x2 seed=25245 nsol=16 0.03s 2026-07-22T17:24:39.331
ATTEMPT 83 W0 START 4x2 seed=25246 2026-07-22T17:24:39.331
ATTEMPT 83 W0 SOLVE 4x2 2026-07-22T17:24:39.342
ATTEMPT 83 W0 DONE 4x2 seed=25246 nsol=16 0.04s 2026-07-22T17:24:39.377
ATTEMPT 84 W0 START 4x2 seed=25247 2026-07-22T17:24:39.377
ATTEMPT 84 W0 SOLVE 4x2 2026-07-22T17:24:39.384
ATTEMPT 84 W0 DONE 4x2 seed=25247 nsol=16 0.01s 2026-07-22T17:24:39.395
ATTEMPT 85 W0 START 4x2 seed=25248 2026-07-22T17:24:39.395
ATTEMPT 85 W0 SOLVE 4x2 2026-07-22T17:24:39.401
ATTEMPT 85 W0 DONE 4x2 seed=25248 nsol=16 0.03s 2026-07-22T17:24:39.427
ATTEMPT 86 W0 START 4x2 seed=25249 2026-07-22T17:24:39.427
ATTEMPT 86 W0 SOLVE 4x2 2026-07-22T17:24:39.432
ATTEMPT 86 W0 DONE 4x2 seed=25249 nsol=16 0.01s 2026-07-22T17:24:39.439
ATTEMPT 87 W0 START 4x2 seed=25250 2026-07-22T17:24:39.439
ATTEMPT 87 W0 SOLVE 4x2 2026-07-22T17:24:39.445
ATTEMPT 87 W0 DONE 4x2 seed=25250 nsol=16 0.01s 2026-07-22T17:24:39.459
ATTEMPT 88 W0 START 4x2 seed=25251 2026-07-22T17:24:39.459
ATTEMPT 88 W0 SOLVE 4x2 2026-07-22T17:24:39.466
ATTEMPT 88 W0 DONE 4x2 seed=25251 nsol=16 0.01s 2026-07-22T17:24:39.474
ATTEMPT 89 W0 START 4x2 seed=25252 2026-07-22T17:24:39.474
ATTEMPT 89 W0 SOLVE 4x2 2026-07-22T17:24:39.480
ATTEMPT 89 W0 DONE 4x2 seed=25252 nsol=16 0.01s 2026-07-22T17:24:39.495
ATTEMPT 90 W0 START 4x2 seed=25253 2026-07-22T17:24:39.495
ATTEMPT 90 W0 SOLVE 4x2 2026-07-22T17:24:39.504
ATTEMPT 90 W0 DONE 4x2 seed=25253 nsol=16 0.02s 2026-07-22T17:24:39.525
ATTEMPT 91 W0 START 4x2 seed=25254 2026-07-22T17:24:39.525
ATTEMPT 91 W0 SOLVE 4x2 2026-07-22T17:24:39.531
ATTEMPT 91 W0 DONE 4x2 seed=25254 nsol=16 0.01s 2026-07-22T17:24:39.537
ATTEMPT 92 W0 START 4x2 seed=25255 2026-07-22T17:24:39.537
ATTEMPT 92 W0 SOLVE 4x2 2026-07-22T17:24:39.542
ATTEMPT 92 W0 DONE 4x2 seed=25255 nsol=16 0.01s 2026-07-22T17:24:39.550
ATTEMPT 93 W0 START 4x2 seed=25256 2026-07-22T17:24:39.550
ATTEMPT 93 W0 SOLVE 4x2 2026-07-22T17:24:39.556
ATTEMPT 93 W0 DONE 4x2 seed=25256 nsol=16 0.00s 2026-07-22T17:24:39.561
ATTEMPT 94 W0 START 4x2 seed=25257 2026-07-22T17:24:39.561
ATTEMPT 94 W0 SOLVE 4x2 2026-07-22T17:24:39.567
ATTEMPT 94 W0 DONE 4x2 seed=25257 nsol=16 0.01s 2026-07-22T17:24:39.580
ATTEMPT 95 W0 START 4x2 seed=25258 2026-07-22T17:24:39.580
ATTEMPT 95 W0 SOLVE 4x2 2026-07-22T17:24:39.588
ATTEMPT 95 W0 DONE 4x2 seed=25258 nsol=16 0.01s 2026-07-22T17:24:39.603
ATTEMPT 96 W0 START 4x2 seed=25259 2026-07-22T17:24:39.603
ATTEMPT 96 W0 SOLVE 4x2 2026-07-22T17:24:39.610
ATTEMPT 96 W0 DONE 4x2 seed=25259 nsol=16 0.01s 2026-07-22T17:24:39.622
ATTEMPT 97 W0 START 4x2 seed=25260 2026-07-22T17:24:39.622
ATTEMPT 97 W0 SOLVE 4x2 2026-07-22T17:24:39.629
ATTEMPT 97 W0 DONE 4x2 seed=25260 nsol=16 0.01s 2026-07-22T17:24:39.636
ATTEMPT 98 W0 START 4x2 seed=25261 2026-07-22T17:24:39.636
ATTEMPT 98 W0 SOLVE 4x2 2026-07-22T17:24:39.642
ATTEMPT 98 W0 DONE 4x2 seed=25261 nsol=16 0.02s 2026-07-22T17:24:39.659
ATTEMPT 99 W0 START 4x2 seed=25262 2026-07-22T17:24:39.659
ATTEMPT 99 W0 SOLVE 4x2 2026-07-22T17:24:39.667
ATTEMPT 99 W0 DONE 4x2 seed=25262 nsol=16 0.01s 2026-07-22T17:24:39.679
ATTEMPT 100 W0 START 4x2 seed=25263 2026-07-22T17:24:39.679
ATTEMPT 100 W0 SOLVE 4x2 2026-07-22T17:24:39.684
ATTEMPT 100 W0 DONE 4x2 seed=25263 nsol=16 0.01s 2026-07-22T17:24:39.690
ATTEMPT 101 W0 START 4x2 seed=25264 2026-07-22T17:24:39.690
ATTEMPT 101 W0 SOLVE 4x2 2026-07-22T17:24:39.696
ATTEMPT 101 W0 DONE 4x2 seed=25264 nsol=16 0.02s 2026-07-22T17:24:39.713
ATTEMPT 102 W0 START 4x2 seed=25265 2026-07-22T17:24:39.713
ATTEMPT 102 W0 SOLVE 4x2 2026-07-22T17:24:39.721
ATTEMPT 102 W0 DONE 4x2 seed=25265 nsol=16 0.02s 2026-07-22T17:24:39.737
ATTEMPT 103 W0 START 4x2 seed=25266 2026-07-22T17:24:39.737
ATTEMPT 103 W0 SOLVE 4x2 2026-07-22T17:24:39.742
ATTEMPT 103 W0 DONE 4x2 seed=25266 nsol=16 0.01s 2026-07-22T17:24:39.748
ATTEMPT 104 W0 START 4x2 seed=25267 2026-07-22T17:24:39.748
ATTEMPT 104 W0 SOLVE 4x2 2026-07-22T17:24:39.755
ATTEMPT 104 W0 DONE 4x2 seed=25267 nsol=16 0.02s 2026-07-22T17:24:39.775
ATTEMPT 105 W0 START 4x2 seed=25268 2026-07-22T17:24:39.775
ATTEMPT 105 W0 SOLVE 4x2 2026-07-22T17:24:39.782
ATTEMPT 105 W0 DONE 4x2 seed=25268 nsol=16 0.01s 2026-07-22T17:24:39.796
ATTEMPT 106 W0 START 4x2 seed=25269 2026-07-22T17:24:39.796
ATTEMPT 106 W0 SOLVE 4x2 2026-07-22T17:24:39.803
ATTEMPT 106 W0 DONE 4x2 seed=25269 nsol=16 0.01s 2026-07-22T17:24:39.809
ATTEMPT 107 W0 START 4x2 seed=25270 2026-07-22T17:24:39.809
ATTEMPT 107 W0 SOLVE 4x2 2026-07-22T17:24:39.817
ATTEMPT 107 W0 DONE 4x2 seed=25270 nsol=16 0.02s 2026-07-22T17:24:39.839
ATTEMPT 108 W0 START 4x2 seed=25271 2026-07-22T17:24:39.839
ATTEMPT 108 W0 SOLVE 4x2 2026-07-22T17:24:39.846
ATTEMPT 108 W0 DONE 4x2 seed=25271 nsol=16 0.01s 2026-07-22T17:24:39.859
ATTEMPT 109 W0 START 4x2 seed=25272 2026-07-22T17:24:39.859
ATTEMPT 109 W0 SOLVE 4x2 2026-07-22T17:24:39.869
ATTEMPT 109 W0 DONE 4x2 seed=25272 nsol=16 0.01s 2026-07-22T17:24:39.877
ATTEMPT 110 W0 START 4x2 seed=25273 2026-07-22T17:24:39.877
ATTEMPT 110 W0 SOLVE 4x2 2026-07-22T17:24:39.882
ATTEMPT 110 W0 DONE 4x2 seed=25273 nsol=16 0.01s 2026-07-22T17:24:39.895
ATTEMPT 111 W0 START 4x2 seed=25274 2026-07-22T17:24:39.895
ATTEMPT 111 W0 SOLVE 4x2 2026-07-22T17:24:39.904
ATTEMPT 111 W0 DONE 4x2 seed=25274 nsol=16 0.01s 2026-07-22T17:24:39.915
ATTEMPT 112 W0 START 4x2 seed=25275 2026-07-22T17:24:39.915
ATTEMPT 112 W0 SOLVE 4x2 2026-07-22T17:24:39.925
ATTEMPT 112 W0 DONE 4x2 seed=25275 nsol=16 0.01s 2026-07-22T17:24:39.934
ATTEMPT 113 W0 START 4x2 seed=25276 2026-07-22T17:24:39.934
ATTEMPT 113 W0 SOLVE 4x2 2026-07-22T17:24:39.945
ATTEMPT 113 W0 DONE 4x2 seed=25276 nsol=16 0.00s 2026-07-22T17:24:39.954
ATTEMPT 114 W0 START 4x2 seed=25277 2026-07-22T17:24:39.954
ATTEMPT 114 W0 SOLVE 4x2 2026-07-22T17:24:39.964
ATTEMPT 114 W0 DONE 4x2 seed=25277 nsol=16 0.01s 2026-07-22T17:24:39.971
ATTEMPT 115 W0 START 4x2 seed=25278 2026-07-22T17:24:39.971
ATTEMPT 115 W0 SOLVE 4x2 2026-07-22T17:24:39.977
ATTEMPT 115 W0 DONE 4x2 seed=25278 nsol=16 0.00s 2026-07-22T17:24:39.987
ATTEMPT 116 W0 START 4x2 seed=25279 2026-07-22T17:24:39.987
ATTEMPT 116 W0 SOLVE 4x2 2026-07-22T17:24:39.997
ATTEMPT 116 W0 DONE 4x2 seed=25279 nsol=16 0.01s 2026-07-22T17:24:40.003
ATTEMPT 117 W0 START 4x2 seed=25280 2026-07-22T17:24:40.004
ATTEMPT 117 W0 SOLVE 4x2 2026-07-22T17:24:40.012
ATTEMPT 117 W0 DONE 4x2 seed=25280 nsol=16 0.01s 2026-07-22T17:24:40.019
ATTEMPT 118 W0 START 4x2 seed=25281 2026-07-22T17:24:40.019
ATTEMPT 118 W0 SOLVE 4x2 2026-07-22T17:24:40.025
ATTEMPT 118 W0 DONE 4x2 seed=25281 nsol=16 0.02s 2026-07-22T17:24:40.043
ATTEMPT 119 W0 START 4x2 seed=25282 2026-07-22T17:24:40.043
ATTEMPT 119 W0 SOLVE 4x2 2026-07-22T17:24:40.054
ATTEMPT 119 W0 DONE 4x2 seed=25282 nsol=16 0.02s 2026-07-22T17:24:40.072
ATTEMPT 120 W0 START 4x2 seed=25283 2026-07-22T17:24:40.072
ATTEMPT 120 W0 SOLVE 4x2 2026-07-22T17:24:40.083
ATTEMPT 120 W0 DONE 4x2 seed=25283 nsol=16 0.02s 2026-07-22T17:24:40.099
ATTEMPT 121 W0 START 4x2 seed=25284 2026-07-22T17:24:40.099
ATTEMPT 121 W0 SOLVE 4x2 2026-07-22T17:24:40.104
ATTEMPT 121 W0 DONE 4x2 seed=25284 nsol=16 0.01s 2026-07-22T17:24:40.115
ATTEMPT 122 W0 START 4x2 seed=25285 2026-07-22T17:24:40.115
ATTEMPT 122 W0 SOLVE 4x2 2026-07-22T17:24:40.120
ATTEMPT 122 W0 DONE 4x2 seed=25285 nsol=16 0.01s 2026-07-22T17:24:40.131
ATTEMPT 123 W0 START 4x2 seed=25286 2026-07-22T17:24:40.131
ATTEMPT 123 W0 SOLVE 4x2 2026-07-22T17:24:40.140
ATTEMPT 123 W0 DONE 4x2 seed=25286 nsol=16 0.01s 2026-07-22T17:24:40.146
ATTEMPT 124 W0 START 4x2 seed=25287 2026-07-22T17:24:40.146
ATTEMPT 124 W0 SOLVE 4x2 2026-07-22T17:24:40.153
ATTEMPT 124 W0 DONE 4x2 seed=25287 nsol=16 0.01s 2026-07-22T17:24:40.164
ATTEMPT 125 W0 START 4x2 seed=25288 2026-07-22T17:24:40.165
ATTEMPT 125 W0 SOLVE 4x2 2026-07-22T17:24:40.171
ATTEMPT 125 W0 DONE 4x2 seed=25288 nsol=16 0.01s 2026-07-22T17:24:40.180
ATTEMPT 126 W0 START 4x2 seed=25289 2026-07-22T17:24:40.180
ATTEMPT 126 W0 SOLVE 4x2 2026-07-22T17:24:40.187
ATTEMPT 126 W0 DONE 4x2 seed=25289 nsol=16 0.01s 2026-07-22T17:24:40.197
ATTEMPT 127 W0 START 4x2 seed=25290 2026-07-22T17:24:40.198
ATTEMPT 127 W0 SOLVE 4x2 2026-07-22T17:24:40.203
ATTEMPT 127 W0 DONE 4x2 seed=25290 nsol=16 0.01s 2026-07-22T17:24:40.212
ATTEMPT 128 W0 START 4x2 seed=25291 2026-07-22T17:24:40.212
ATTEMPT 128 W0 SOLVE 4x2 2026-07-22T17:24:40.218
ATTEMPT 128 W0 DONE 4x2 seed=25291 nsol=16 0.02s 2026-07-22T17:24:40.235
ATTEMPT 129 W0 START 4x2 seed=25292 2026-07-22T17:24:40.235
ATTEMPT 129 W0 SOLVE 4x2 2026-07-22T17:24:40.241
ATTEMPT 129 W0 DONE 4x2 seed=25292 nsol=16 0.01s 2026-07-22T17:24:40.255
ATTEMPT 130 W0 START 4x2 seed=25293 2026-07-22T17:24:40.255
ATTEMPT 130 W0 SOLVE 4x2 2026-07-22T17:24:40.266
ATTEMPT 130 W0 DONE 4x2 seed=25293 nsol=16 0.01s 2026-07-22T17:24:40.274
ATTEMPT 131 W0 START 4x2 seed=25294 2026-07-22T17:24:40.274
ATTEMPT 131 W0 SOLVE 4x2 2026-07-22T17:24:40.280
ATTEMPT 131 W0 DONE 4x2 seed=25294 nsol=16 0.01s 2026-07-22T17:24:40.295
ATTEMPT 132 W0 START 4x2 seed=25295 2026-07-22T17:24:40.295
ATTEMPT 132 W0 SOLVE 4x2 2026-07-22T17:24:40.301
ATTEMPT 132 W0 DONE 4x2 seed=25295 nsol=16 0.02s 2026-07-22T17:24:40.320
ATTEMPT 133 W0 START 4x2 seed=25296 2026-07-22T17:24:40.320
ATTEMPT 133 W0 SOLVE 4x2 2026-07-22T17:24:40.326
ATTEMPT 133 W0 DONE 4x2 seed=25296 nsol=16 0.08s 2026-07-22T17:24:40.408
ATTEMPT 134 W0 START 4x2 seed=25297 2026-07-22T17:24:40.408
ATTEMPT 134 W0 SOLVE 4x2 2026-07-22T17:24:40.416
ATTEMPT 134 W0 DONE 4x2 seed=25297 nsol=16 0.01s 2026-07-22T17:24:40.428
ATTEMPT 135 W0 START 4x2 seed=25298 2026-07-22T17:24:40.428
ATTEMPT 135 W0 SOLVE 4x2 2026-07-22T17:24:40.437
ATTEMPT 135 W0 DONE 4x2 seed=25298 nsol=16 0.01s 2026-07-22T17:24:40.447
ATTEMPT 136 W0 START 4x2 seed=25299 2026-07-22T17:24:40.447
ATTEMPT 136 W0 SOLVE 4x2 2026-07-22T17:24:40.456
ATTEMPT 136 W0 DONE 4x2 seed=25299 nsol=16 0.02s 2026-07-22T17:24:40.472
ATTEMPT 137 W0 START 4x2 seed=25300 2026-07-22T17:24:40.472
ATTEMPT 137 W0 SOLVE 4x2 2026-07-22T17:24:40.479
ATTEMPT 137 W0 DONE 4x2 seed=25300 nsol=16 0.01s 2026-07-22T17:24:40.491
ATTEMPT 138 W0 START 4x2 seed=25301 2026-07-22T17:24:40.491
ATTEMPT 138 W0 SOLVE 4x2 2026-07-22T17:24:40.497
ATTEMPT 138 W0 DONE 4x2 seed=25301 nsol=16 0.01s 2026-07-22T17:24:40.510
ATTEMPT 139 W0 START 4x2 seed=25302 2026-07-22T17:24:40.510
ATTEMPT 139 W0 SOLVE 4x2 2026-07-22T17:24:40.515
ATTEMPT 139 W0 DONE 4x2 seed=25302 nsol=16 0.00s 2026-07-22T17:24:40.520
ATTEMPT 140 W0 START 4x2 seed=25303 2026-07-22T17:24:40.520
ATTEMPT 140 W0 SOLVE 4x2 2026-07-22T17:24:40.526
ATTEMPT 140 W0 DONE 4x2 seed=25303 nsol=16 0.01s 2026-07-22T17:24:40.539
ATTEMPT 141 W0 START 4x2 seed=25304 2026-07-22T17:24:40.539
ATTEMPT 141 W0 SOLVE 4x2 2026-07-22T17:24:40.547
ATTEMPT 141 W0 DONE 4x2 seed=25304 nsol=16 0.01s 2026-07-22T17:24:40.561
ATTEMPT 142 W0 START 4x2 seed=25305 2026-07-22T17:24:40.562
ATTEMPT 142 W0 SOLVE 4x2 2026-07-22T17:24:40.576
ATTEMPT 142 W0 DONE 4x2 seed=25305 nsol=16 0.01s 2026-07-22T17:24:40.591
ATTEMPT 143 W0 START 4x2 seed=25306 2026-07-22T17:24:40.591
ATTEMPT 143 W0 SOLVE 4x2 2026-07-22T17:24:40.596
ATTEMPT 143 W0 DONE 4x2 seed=25306 nsol=16 0.01s 2026-07-22T17:24:40.603
ATTEMPT 144 W0 START 4x2 seed=25307 2026-07-22T17:24:40.603
ATTEMPT 144 W0 SOLVE 4x2 2026-07-22T17:24:40.609
ATTEMPT 144 W0 DONE 4x2 seed=25307 nsol=16 0.02s 2026-07-22T17:24:40.627
ATTEMPT 145 W0 START 4x2 seed=25308 2026-07-22T17:24:40.627
ATTEMPT 145 W0 SOLVE 4x2 2026-07-22T17:24:40.633
ATTEMPT 145 W0 DONE 4x2 seed=25308 nsol=16 0.01s 2026-07-22T17:24:40.644
ATTEMPT 146 W0 START 4x2 seed=25309 2026-07-22T17:24:40.645
ATTEMPT 146 W0 SOLVE 4x2 2026-07-22T17:24:40.654
ATTEMPT 146 W0 DONE 4x2 seed=25309 nsol=16 0.01s 2026-07-22T17:24:40.667
ATTEMPT 147 W0 START 4x2 seed=25310 2026-07-22T17:24:40.668
ATTEMPT 147 W0 SOLVE 4x2 2026-07-22T17:24:40.673
ATTEMPT 147 W0 DONE 4x2 seed=25310 nsol=16 0.01s 2026-07-22T17:24:40.682
ATTEMPT 148 W0 START 4x2 seed=25311 2026-07-22T17:24:40.683
ATTEMPT 148 W0 SOLVE 4x2 2026-07-22T17:24:40.690
ATTEMPT 148 W0 DONE 4x2 seed=25311 nsol=16 0.02s 2026-07-22T17:24:40.707
ATTEMPT 149 W0 START 4x2 seed=25312 2026-07-22T17:24:40.707
ATTEMPT 149 W0 SOLVE 4x2 2026-07-22T17:24:40.713
ATTEMPT 149 W0 DONE 4x2 seed=25312 nsol=16 0.02s 2026-07-22T17:24:40.735
ATTEMPT 150 W0 START 4x2 seed=25313 2026-07-22T17:24:40.735
ATTEMPT 150 W0 SOLVE 4x2 2026-07-22T17:24:40.741
ATTEMPT 150 W0 DONE 4x2 seed=25313 nsol=16 0.01s 2026-07-22T17:24:40.746
ATTEMPT 151 W0 START 4x2 seed=25314 2026-07-22T17:24:40.747
ATTEMPT 151 W0 SOLVE 4x2 2026-07-22T17:24:40.753
ATTEMPT 151 W0 DONE 4x2 seed=25314 nsol=16 0.01s 2026-07-22T17:24:40.767
ATTEMPT 152 W0 START 4x2 seed=25315 2026-07-22T17:24:40.768
ATTEMPT 152 W0 SOLVE 4x2 2026-07-22T17:24:40.774
ATTEMPT 152 W0 DONE 4x2 seed=25315 nsol=16 0.02s 2026-07-22T17:24:40.795
ATTEMPT 153 W0 START 4x2 seed=25316 2026-07-22T17:24:40.795
ATTEMPT 153 W0 SOLVE 4x2 2026-07-22T17:24:40.801
ATTEMPT 153 W0 DONE 4x2 seed=25316 nsol=16 0.01s 2026-07-22T17:24:40.807
ATTEMPT 154 W0 START 4x2 seed=25317 2026-07-22T17:24:40.807
ATTEMPT 154 W0 SOLVE 4x2 2026-07-22T17:24:40.818
ATTEMPT 154 W0 DONE 4x2 seed=25317 nsol=16 0.01s 2026-07-22T17:24:40.827
ATTEMPT 155 W0 START 4x2 seed=25318 2026-07-22T17:24:40.827
ATTEMPT 155 W0 SOLVE 4x2 2026-07-22T17:24:40.833
ATTEMPT 155 W0 DONE 4x2 seed=25318 nsol=16 0.01s 2026-07-22T17:24:40.843
ATTEMPT 156 W0 START 4x2 seed=25319 2026-07-22T17:24:40.843
ATTEMPT 156 W0 SOLVE 4x2 2026-07-22T17:24:40.849
ATTEMPT 156 W0 DONE 4x2 seed=25319 nsol=16 0.02s 2026-07-22T17:24:40.871
ATTEMPT 157 W0 START 4x2 seed=25320 2026-07-22T17:24:40.871
ATTEMPT 157 W0 SOLVE 4x2 2026-07-22T17:24:40.876
ATTEMPT 157 W0 DONE 4x2 seed=25320 nsol=16 0.01s 2026-07-22T17:24:40.883
ATTEMPT 158 W0 START 4x2 seed=25321 2026-07-22T17:24:40.883
ATTEMPT 158 W0 SOLVE 4x2 2026-07-22T17:24:40.892
ATTEMPT 158 W0 DONE 4x2 seed=25321 nsol=16 0.01s 2026-07-22T17:24:40.900
ATTEMPT 159 W0 START 4x2 seed=25322 2026-07-22T17:24:40.900
ATTEMPT 159 W0 SOLVE 4x2 2026-07-22T17:24:40.906
ATTEMPT 159 W0 DONE 4x2 seed=25322 nsol=16 0.03s 2026-07-22T17:24:40.932
ATTEMPT 160 W0 START 4x2 seed=25323 2026-07-22T17:24:40.932
ATTEMPT 160 W0 SOLVE 4x2 2026-07-22T17:24:40.937
ATTEMPT 160 W0 DONE 4x2 seed=25323 nsol=16 0.03s 2026-07-22T17:24:40.967
ATTEMPT 161 W0 START 4x2 seed=25324 2026-07-22T17:24:40.967
ATTEMPT 161 W0 SOLVE 4x2 2026-07-22T17:24:40.978
ATTEMPT 161 W0 DONE 4x2 seed=25324 nsol=16 0.02s 2026-07-22T17:24:41.003
ATTEMPT 162 W0 START 4x2 seed=25325 2026-07-22T17:24:41.003
ATTEMPT 162 W0 SOLVE 4x2 2026-07-22T17:24:41.014
ATTEMPT 162 W0 DONE 4x2 seed=25325 nsol=16 0.03s 2026-07-22T17:24:41.047
ATTEMPT 163 W0 START 4x2 seed=25326 2026-07-22T17:24:41.047
ATTEMPT 163 W0 SOLVE 4x2 2026-07-22T17:24:41.052
ATTEMPT 163 W0 DONE 4x2 seed=25326 nsol=16 0.01s 2026-07-22T17:24:41.067
ATTEMPT 164 W0 START 4x2 seed=25327 2026-07-22T17:24:41.067
ATTEMPT 164 W0 SOLVE 4x2 2026-07-22T17:24:41.073
ATTEMPT 164 W0 DONE 4x2 seed=25327 nsol=16 0.01s 2026-07-22T17:24:41.083
ATTEMPT 165 W0 START 4x2 seed=25328 2026-07-22T17:24:41.083
ATTEMPT 165 W0 SOLVE 4x2 2026-07-22T17:24:41.088
ATTEMPT 165 W0 DONE 4x2 seed=25328 nsol=16 0.01s 2026-07-22T17:24:41.100
ATTEMPT 166 W0 START 4x2 seed=25329 2026-07-22T17:24:41.100
ATTEMPT 166 W0 SOLVE 4x2 2026-07-22T17:24:41.127
ATTEMPT 166 W0 DONE 4x2 seed=25329 nsol=16 0.02s 2026-07-22T17:24:41.151
ATTEMPT 167 W0 START 4x2 seed=25330 2026-07-22T17:24:41.151
ATTEMPT 167 W0 SOLVE 4x2 2026-07-22T17:24:41.162
ATTEMPT 167 W0 DONE 4x2 seed=25330 nsol=16 0.01s 2026-07-22T17:24:41.169
ATTEMPT 168 W0 START 4x2 seed=25331 2026-07-22T17:24:41.170
ATTEMPT 168 W0 SOLVE 4x2 2026-07-22T17:24:41.176
ATTEMPT 168 W0 DONE 4x2 seed=25331 nsol=16 0.02s 2026-07-22T17:24:41.195
ATTEMPT 169 W0 START 4x2 seed=25332 2026-07-22T17:24:41.195
ATTEMPT 169 W0 SOLVE 4x2 2026-07-22T17:24:41.200
ATTEMPT 169 W0 DONE 4x2 seed=25332 nsol=16 0.01s 2026-07-22T17:24:41.207
ATTEMPT 170 W0 START 4x2 seed=25333 2026-07-22T17:24:41.207
ATTEMPT 170 W0 SOLVE 4x2 2026-07-22T17:24:41.213
ATTEMPT 170 W0 DONE 4x2 seed=25333 nsol=16 0.01s 2026-07-22T17:24:41.227
ATTEMPT 171 W0 START 4x2 seed=25334 2026-07-22T17:24:41.227
ATTEMPT 171 W0 SOLVE 4x2 2026-07-22T17:24:41.232
ATTEMPT 171 W0 DONE 4x2 seed=25334 nsol=16 0.02s 2026-07-22T17:24:41.251
ATTEMPT 172 W0 START 4x2 seed=25335 2026-07-22T17:24:41.252
ATTEMPT 172 W0 SOLVE 4x2 2026-07-22T17:24:41.257
ATTEMPT 172 W0 DONE 4x2 seed=25335 nsol=16 0.01s 2026-07-22T17:24:41.264
ATTEMPT 173 W0 START 4x2 seed=25336 2026-07-22T17:24:41.264
ATTEMPT 173 W0 SOLVE 4x2 2026-07-22T17:24:41.270
ATTEMPT 173 W0 DONE 4x2 seed=25336 nsol=16 0.02s 2026-07-22T17:24:41.287
ATTEMPT 174 W0 START 4x2 seed=25337 2026-07-22T17:24:41.287
ATTEMPT 174 W0 SOLVE 4x2 2026-07-22T17:24:41.292
ATTEMPT 174 W0 DONE 4x2 seed=25337 nsol=16 0.02s 2026-07-22T17:24:41.308
ATTEMPT 175 W0 START 4x2 seed=25338 2026-07-22T17:24:41.309
ATTEMPT 175 W0 SOLVE 4x2 2026-07-22T17:24:41.318
ATTEMPT 175 W0 DONE 4x2 seed=25338 nsol=16 0.01s 2026-07-22T17:24:41.327
ATTEMPT 176 W0 START 4x2 seed=25339 2026-07-22T17:24:41.328
ATTEMPT 176 W0 SOLVE 4x2 2026-07-22T17:24:41.335
ATTEMPT 176 W0 DONE 4x2 seed=25339 nsol=16 0.07s 2026-07-22T17:24:41.403
ATTEMPT 177 W0 START 4x2 seed=25340 2026-07-22T17:24:41.418
ATTEMPT 177 W0 SOLVE 4x2 2026-07-22T17:24:41.432
ATTEMPT 177 W0 DONE 4x2 seed=25340 nsol=16 0.02s 2026-07-22T17:24:41.451
ATTEMPT 178 W0 START 4x2 seed=25341 2026-07-22T17:24:41.451
ATTEMPT 178 W0 SOLVE 4x2 2026-07-22T17:24:41.458
ATTEMPT 178 W0 DONE 4x2 seed=25341 nsol=16 0.01s 2026-07-22T17:24:41.467
ATTEMPT 179 W0 START 4x2 seed=25342 2026-07-22T17:24:41.467
ATTEMPT 179 W0 SOLVE 4x2 2026-07-22T17:24:41.473
ATTEMPT 179 W0 DONE 4x2 seed=25342 nsol=16 0.00s 2026-07-22T17:24:41.477
ATTEMPT 180 W0 START 4x2 seed=25343 2026-07-22T17:24:41.478
ATTEMPT 180 W0 SOLVE 4x2 2026-07-22T17:24:41.483
ATTEMPT 180 W0 DONE 4x2 seed=25343 nsol=16 0.01s 2026-07-22T17:24:41.495
ATTEMPT 181 W0 START 4x2 seed=25344 2026-07-22T17:24:41.495
ATTEMPT 181 W0 SOLVE 4x2 2026-07-22T17:24:41.502
ATTEMPT 181 W0 DONE 4x2 seed=25344 nsol=16 0.02s 2026-07-22T17:24:41.526
ATTEMPT 182 W0 START 4x2 seed=25345 2026-07-22T17:24:41.527
ATTEMPT 182 W0 SOLVE 4x2 2026-07-22T17:24:41.535
ATTEMPT 182 W0 DONE 4x2 seed=25345 nsol=16 0.02s 2026-07-22T17:24:41.551
ATTEMPT 183 W0 START 4x2 seed=25346 2026-07-22T17:24:41.551
ATTEMPT 183 W0 SOLVE 4x2 2026-07-22T17:24:41.559
ATTEMPT 183 W0 DONE 4x2 seed=25346 nsol=16 0.02s 2026-07-22T17:24:41.575
ATTEMPT 184 W0 START 4x2 seed=25347 2026-07-22T17:24:41.575
ATTEMPT 184 W0 SOLVE 4x2 2026-07-22T17:24:41.583
ATTEMPT 184 W0 DONE 4x2 seed=25347 nsol=16 0.01s 2026-07-22T17:24:41.597
ATTEMPT 185 W0 START 4x2 seed=25348 2026-07-22T17:24:41.597
ATTEMPT 185 W0 SOLVE 4x2 2026-07-22T17:24:41.605
ATTEMPT 185 W0 DONE 4x2 seed=25348 nsol=16 0.01s 2026-07-22T17:24:41.619
ATTEMPT 186 W0 START 4x2 seed=25349 2026-07-22T17:24:41.619
ATTEMPT 186 W0 SOLVE 4x2 2026-07-22T17:24:41.624
ATTEMPT 186 W0 DONE 4x2 seed=25349 nsol=16 0.01s 2026-07-22T17:24:41.636
ATTEMPT 187 W0 START 4x2 seed=25350 2026-07-22T17:24:41.637
ATTEMPT 187 W0 SOLVE 4x2 2026-07-22T17:24:41.642
ATTEMPT 187 W0 DONE 4x2 seed=25350 nsol=16 0.01s 2026-07-22T17:24:41.649
ATTEMPT 188 W0 START 4x2 seed=25351 2026-07-22T17:24:41.650
ATTEMPT 188 W0 SOLVE 4x2 2026-07-22T17:24:41.658
ATTEMPT 188 W0 DONE 4x2 seed=25351 nsol=16 0.02s 2026-07-22T17:24:41.682
ATTEMPT 189 W0 START 4x2 seed=25352 2026-07-22T17:24:41.682
ATTEMPT 189 W0 SOLVE 4x2 2026-07-22T17:24:41.687
ATTEMPT 189 W0 DONE 4x2 seed=25352 nsol=16 0.01s 2026-07-22T17:24:41.699
ATTEMPT 190 W0 START 4x2 seed=25353 2026-07-22T17:24:41.699
ATTEMPT 190 W0 SOLVE 4x2 2026-07-22T17:24:41.706
ATTEMPT 190 W0 DONE 4x2 seed=25353 nsol=16 0.01s 2026-07-22T17:24:41.715
ATTEMPT 191 W0 START 4x2 seed=25354 2026-07-22T17:24:41.715
ATTEMPT 191 W0 SOLVE 4x2 2026-07-22T17:24:41.724
ATTEMPT 191 W0 DONE 4x2 seed=25354 nsol=16 0.02s 2026-07-22T17:24:41.744
ATTEMPT 192 W0 START 4x2 seed=25355 2026-07-22T17:24:41.744
ATTEMPT 192 W0 SOLVE 4x2 2026-07-22T17:24:41.749
ATTEMPT 192 W0 DONE 4x2 seed=25355 nsol=16 0.01s 2026-07-22T17:24:41.755
ATTEMPT 193 W0 START 4x2 seed=25356 2026-07-22T17:24:41.755
ATTEMPT 193 W0 SOLVE 4x2 2026-07-22T17:24:41.762
ATTEMPT 193 W0 DONE 4x2 seed=25356 nsol=16 0.02s 2026-07-22T17:24:41.779
ATTEMPT 194 W0 START 4x2 seed=25357 2026-07-22T17:24:41.779
ATTEMPT 194 W0 SOLVE 4x2 2026-07-22T17:24:41.784
ATTEMPT 194 W0 DONE 4x2 seed=25357 nsol=16 0.01s 2026-07-22T17:24:41.799
ATTEMPT 195 W0 START 4x2 seed=25358 2026-07-22T17:24:41.799
ATTEMPT 195 W0 SOLVE 4x2 2026-07-22T17:24:41.807
ATTEMPT 195 W0 DONE 4x2 seed=25358 nsol=16 0.02s 2026-07-22T17:24:41.830
ATTEMPT 196 W0 START 4x2 seed=25359 2026-07-22T17:24:41.830
ATTEMPT 196 W0 SOLVE 4x2 2026-07-22T17:24:41.836
ATTEMPT 196 W0 DONE 4x2 seed=25359 nsol=16 0.01s 2026-07-22T17:24:41.843
ATTEMPT 197 W0 START 4x2 seed=25360 2026-07-22T17:24:41.843
ATTEMPT 197 W0 SOLVE 4x2 2026-07-22T17:24:41.850
ATTEMPT 197 W0 DONE 4x2 seed=25360 nsol=16 0.02s 2026-07-22T17:24:41.866
ATTEMPT 198 W0 START 4x2 seed=25361 2026-07-22T17:24:41.866
ATTEMPT 198 W0 SOLVE 4x2 2026-07-22T17:24:41.875
ATTEMPT 198 W0 DONE 4x2 seed=25361 nsol=16 0.02s 2026-07-22T17:24:41.891
ATTEMPT 199 W0 START 4x2 seed=25362 2026-07-22T17:24:41.891
ATTEMPT 199 W0 SOLVE 4x2 2026-07-22T17:24:41.899
ATTEMPT 199 W0 DONE 4x2 seed=25362 nsol=16 0.01s 2026-07-22T17:24:41.911
ATTEMPT 200 W0 START 4x2 seed=25363 2026-07-22T17:24:41.911
ATTEMPT 200 W0 SOLVE 4x2 2026-07-22T17:24:41.919
ATTEMPT 200 W0 DONE 4x2 seed=25363 nsol=16 0.02s 2026-07-22T17:24:41.935
ATTEMPT 201 W0 START 4x2 seed=25364 2026-07-22T17:24:41.935
ATTEMPT 201 W0 SOLVE 4x2 2026-07-22T17:24:41.942
ATTEMPT 201 W0 DONE 4x2 seed=25364 nsol=16 0.02s 2026-07-22T17:24:41.966
ATTEMPT 202 W0 START 4x2 seed=25365 2026-07-22T17:24:41.967
ATTEMPT 202 W0 SOLVE 4x2 2026-07-22T17:24:41.972
ATTEMPT 202 W0 DONE 4x2 seed=25365 nsol=16 0.02s 2026-07-22T17:24:41.988
ATTEMPT 203 W0 START 4x2 seed=25366 2026-07-22T17:24:41.989
ATTEMPT 203 W0 SOLVE 4x2 2026-07-22T17:24:41.996
ATTEMPT 203 W0 DONE 4x2 seed=25366 nsol=16 0.02s 2026-07-22T17:24:42.019
ATTEMPT 204 W0 START 4x2 seed=25367 2026-07-22T17:24:42.019
ATTEMPT 204 W0 SOLVE 4x2 2026-07-22T17:24:42.033
ATTEMPT 204 W0 DONE 4x2 seed=25367 nsol=16 0.01s 2026-07-22T17:24:42.045
ATTEMPT 205 W0 START 4x2 seed=25368 2026-07-22T17:24:42.045
ATTEMPT 205 W0 SOLVE 4x2 2026-07-22T17:24:42.051
ATTEMPT 205 W0 DONE 4x2 seed=25368 nsol=16 0.01s 2026-07-22T17:24:42.061
ATTEMPT 206 W0 START 4x2 seed=25369 2026-07-22T17:24:42.061
ATTEMPT 206 W0 SOLVE 4x2 2026-07-22T17:24:42.071
ATTEMPT 206 W0 DONE 4x2 seed=25369 nsol=16 0.01s 2026-07-22T17:24:42.081
ATTEMPT 207 W0 START 4x2 seed=25370 2026-07-22T17:24:42.081
ATTEMPT 207 W0 SOLVE 4x2 2026-07-22T17:24:42.095
ATTEMPT 207 W0 DONE 4x2 seed=25370 nsol=16 0.01s 2026-07-22T17:24:42.110
ATTEMPT 208 W0 START 4x2 seed=25371 2026-07-22T17:24:42.111
ATTEMPT 208 W0 SOLVE 4x2 2026-07-22T17:24:42.121
ATTEMPT 208 W0 DONE 4x2 seed=25371 nsol=16 0.01s 2026-07-22T17:24:42.130
ATTEMPT 209 W0 START 4x2 seed=25372 2026-07-22T17:24:42.130
ATTEMPT 209 W0 SOLVE 4x2 2026-07-22T17:24:42.134
ATTEMPT 209 W0 DONE 4x2 seed=25372 nsol=16 0.02s 2026-07-22T17:24:42.155
ATTEMPT 210 W0 START 4x2 seed=25373 2026-07-22T17:24:42.155
ATTEMPT 210 W0 SOLVE 4x2 2026-07-22T17:24:42.164
ATTEMPT 210 W0 DONE 4x2 seed=25373 nsol=16 0.02s 2026-07-22T17:24:42.179
ATTEMPT 211 W0 START 4x2 seed=25374 2026-07-22T17:24:42.179
ATTEMPT 211 W0 SOLVE 4x2 2026-07-22T17:24:42.184
ATTEMPT 211 W0 DONE 4x2 seed=25374 nsol=16 0.02s 2026-07-22T17:24:42.207
ATTEMPT 212 W0 START 4x2 seed=25375 2026-07-22T17:24:42.207
ATTEMPT 212 W0 SOLVE 4x2 2026-07-22T17:24:42.212
ATTEMPT 212 W0 DONE 4x2 seed=25375 nsol=16 0.01s 2026-07-22T17:24:42.221
ATTEMPT 213 W0 START 4x2 seed=25376 2026-07-22T17:24:42.221
ATTEMPT 213 W0 SOLVE 4x2 2026-07-22T17:24:42.227
ATTEMPT 213 W0 DONE 4x2 seed=25376 nsol=16 0.01s 2026-07-22T17:24:42.234
ATTEMPT 214 W0 START 4x2 seed=25377 2026-07-22T17:24:42.234
ATTEMPT 214 W0 SOLVE 4x2 2026-07-22T17:24:42.241
ATTEMPT 214 W0 DONE 4x2 seed=25377 nsol=16 0.09s 2026-07-22T17:24:42.335
ATTEMPT 215 W0 START 4x2 seed=25378 2026-07-22T17:24:42.335
ATTEMPT 215 W0 SOLVE 4x2 2026-07-22T17:24:42.342
ATTEMPT 215 W0 DONE 4x2 seed=25378 nsol=16 0.02s 2026-07-22T17:24:42.363
ATTEMPT 216 W0 START 4x2 seed=25379 2026-07-22T17:24:42.364
ATTEMPT 216 W0 SOLVE 4x2 2026-07-22T17:24:42.369
ATTEMPT 216 W0 DONE 4x2 seed=25379 nsol=16 0.01s 2026-07-22T17:24:42.379
ATTEMPT 217 W0 START 4x2 seed=25380 2026-07-22T17:24:42.379
ATTEMPT 217 W0 SOLVE 4x2 2026-07-22T17:24:42.385
ATTEMPT 217 W0 DONE 4x2 seed=25380 nsol=16 0.01s 2026-07-22T17:24:42.391
ATTEMPT 218 W0 START 4x2 seed=25381 2026-07-22T17:24:42.391
ATTEMPT 218 W0 SOLVE 4x2 2026-07-22T17:24:42.397
ATTEMPT 218 W0 DONE 4x2 seed=25381 nsol=16 0.01s 2026-07-22T17:24:42.408
ATTEMPT 219 W0 START 4x2 seed=25382 2026-07-22T17:24:42.409
ATTEMPT 219 W0 SOLVE 4x2 2026-07-22T17:24:42.415
ATTEMPT 219 W0 DONE 4x2 seed=25382 nsol=16 0.01s 2026-07-22T17:24:42.422
ATTEMPT 220 W0 START 4x2 seed=25383 2026-07-22T17:24:42.422
ATTEMPT 220 W0 SOLVE 4x2 2026-07-22T17:24:42.433
ATTEMPT 220 W0 DONE 4x2 seed=25383 nsol=16 0.00s 2026-07-22T17:24:42.442
ATTEMPT 221 W0 START 4x2 seed=25384 2026-07-22T17:24:42.442
ATTEMPT 221 W0 SOLVE 4x2 2026-07-22T17:24:42.452
ATTEMPT 221 W0 DONE 4x2 seed=25384 nsol=16 0.02s 2026-07-22T17:24:42.469
ATTEMPT 222 W0 START 4x2 seed=25385 2026-07-22T17:24:42.470
ATTEMPT 222 W0 SOLVE 4x2 2026-07-22T17:24:42.478
ATTEMPT 222 W0 DONE 4x2 seed=25385 nsol=16 0.01s 2026-07-22T17:24:42.487
ATTEMPT 223 W0 START 4x2 seed=25386 2026-07-22T17:24:42.487
ATTEMPT 223 W0 SOLVE 4x2 2026-07-22T17:24:42.494
ATTEMPT 223 W0 DONE 4x2 seed=25386 nsol=16 0.02s 2026-07-22T17:24:42.511
ATTEMPT 224 W0 START 4x2 seed=25387 2026-07-22T17:24:42.511
ATTEMPT 224 W0 SOLVE 4x2 2026-07-22T17:24:42.518
ATTEMPT 224 W0 DONE 4x2 seed=25387 nsol=16 0.02s 2026-07-22T17:24:42.535
ATTEMPT 225 W0 START 4x2 seed=25388 2026-07-22T17:24:42.535
ATTEMPT 225 W0 SOLVE 4x2 2026-07-22T17:24:42.540
ATTEMPT 225 W0 DONE 4x2 seed=25388 nsol=16 0.02s 2026-07-22T17:24:42.557
ATTEMPT 226 W0 START 4x2 seed=25389 2026-07-22T17:24:42.558
ATTEMPT 226 W0 SOLVE 4x2 2026-07-22T17:24:42.564
ATTEMPT 226 W0 DONE 4x2 seed=25389 nsol=16 0.01s 2026-07-22T17:24:42.569
ATTEMPT 227 W0 START 4x2 seed=25390 2026-07-22T17:24:42.569
ATTEMPT 227 W0 SOLVE 4x2 2026-07-22T17:24:42.574
ATTEMPT 227 W0 DONE 4x2 seed=25390 nsol=16 0.02s 2026-07-22T17:24:42.591
ATTEMPT 228 W0 START 4x2 seed=25391 2026-07-22T17:24:42.591
ATTEMPT 228 W0 SOLVE 4x2 2026-07-22T17:24:42.596
ATTEMPT 228 W0 DONE 4x2 seed=25391 nsol=16 0.01s 2026-07-22T17:24:42.603
ATTEMPT 229 W0 START 4x2 seed=25392 2026-07-22T17:24:42.603
ATTEMPT 229 W0 SOLVE 4x2 2026-07-22T17:24:42.608
ATTEMPT 229 W0 DONE 4x2 seed=25392 nsol=16 0.01s 2026-07-22T17:24:42.616
ATTEMPT 230 W0 START 4x2 seed=25393 2026-07-22T17:24:42.616
ATTEMPT 230 W0 SOLVE 4x2 2026-07-22T17:24:42.622
ATTEMPT 230 W0 DONE 4x2 seed=25393 nsol=16 0.01s 2026-07-22T17:24:42.629
ATTEMPT 231 W0 START 4x2 seed=25394 2026-07-22T17:24:42.629
ATTEMPT 231 W0 SOLVE 4x2 2026-07-22T17:24:42.634
ATTEMPT 231 W0 DONE 4x2 seed=25394 nsol=16 0.01s 2026-07-22T17:24:42.647
ATTEMPT 232 W0 START 4x2 seed=25395 2026-07-22T17:24:42.647
ATTEMPT 232 W0 SOLVE 4x2 2026-07-22T17:24:42.653
ATTEMPT 232 W0 DONE 4x2 seed=25395 nsol=16 0.01s 2026-07-22T17:24:42.659
ATTEMPT 233 W0 START 4x2 seed=25396 2026-07-22T17:24:42.659
ATTEMPT 233 W0 SOLVE 4x2 2026-07-22T17:24:42.665
ATTEMPT 233 W0 DONE 4x2 seed=25396 nsol=16 0.01s 2026-07-22T17:24:42.671
ATTEMPT 234 W0 START 4x2 seed=25397 2026-07-22T17:24:42.672
ATTEMPT 234 W0 SOLVE 4x2 2026-07-22T17:24:42.678
ATTEMPT 234 W0 DONE 4x2 seed=25397 nsol=16 0.00s 2026-07-22T17:24:42.682
ATTEMPT 235 W0 START 4x2 seed=25398 2026-07-22T17:24:42.682
ATTEMPT 235 W0 SOLVE 4x2 2026-07-22T17:24:42.688
ATTEMPT 235 W0 DONE 4x2 seed=25398 nsol=16 0.01s 2026-07-22T17:24:42.696
ATTEMPT 236 W0 START 4x2 seed=25399 2026-07-22T17:24:42.696
ATTEMPT 236 W0 SOLVE 4x2 2026-07-22T17:24:42.701
ATTEMPT 236 W0 DONE 4x2 seed=25399 nsol=16 0.01s 2026-07-22T17:24:42.711
ATTEMPT 237 W0 START 4x2 seed=25400 2026-07-22T17:24:42.711
ATTEMPT 237 W0 SOLVE 4x2 2026-07-22T17:24:42.722
ATTEMPT 237 W0 DONE 4x2 seed=25400 nsol=16 0.01s 2026-07-22T17:24:42.735
ATTEMPT 238 W0 START 4x2 seed=25401 2026-07-22T17:24:42.735
ATTEMPT 238 W0 SOLVE 4x2 2026-07-22T17:24:42.741
ATTEMPT 238 W0 DONE 4x2 seed=25401 nsol=16 0.01s 2026-07-22T17:24:42.762
ATTEMPT 239 W0 START 4x2 seed=25402 2026-07-22T17:24:42.762
ATTEMPT 239 W0 SOLVE 4x2 2026-07-22T17:24:42.771
ATTEMPT 239 W0 DONE 4x2 seed=25402 nsol=16 0.01s 2026-07-22T17:24:42.785
ATTEMPT 240 W0 START 4x2 seed=25403 2026-07-22T17:24:42.786
ATTEMPT 240 W0 SOLVE 4x2 2026-07-22T17:24:42.797
ATTEMPT 240 W0 DONE 4x2 seed=25403 nsol=16 0.02s 2026-07-22T17:24:42.815
ATTEMPT 241 W0 START 4x2 seed=25404 2026-07-22T17:24:42.815
ATTEMPT 241 W0 SOLVE 4x2 2026-07-22T17:24:42.825
ATTEMPT 241 W0 DONE 4x2 seed=25404 nsol=16 0.01s 2026-07-22T17:24:42.833
ATTEMPT 242 W0 START 4x2 seed=25405 2026-07-22T17:24:42.833
ATTEMPT 242 W0 SOLVE 4x2 2026-07-22T17:24:42.846
ATTEMPT 242 W0 DONE 4x2 seed=25405 nsol=16 0.01s 2026-07-22T17:24:42.861
ATTEMPT 243 W0 START 4x2 seed=25406 2026-07-22T17:24:42.861
ATTEMPT 243 W0 SOLVE 4x2 2026-07-22T17:24:42.884
ATTEMPT 243 W0 DONE 4x2 seed=25406 nsol=16 0.01s 2026-07-22T17:24:42.893
ATTEMPT 244 W0 START 4x2 seed=25407 2026-07-22T17:24:42.894
ATTEMPT 244 W0 SOLVE 4x2 2026-07-22T17:24:42.899
ATTEMPT 244 W0 DONE 4x2 seed=25407 nsol=16 0.00s 2026-07-22T17:24:42.918
ATTEMPT 245 W0 START 4x2 seed=25408 2026-07-22T17:24:42.919
ATTEMPT 245 W0 SOLVE 4x2 2026-07-22T17:24:42.928
ATTEMPT 245 W0 DONE 4x2 seed=25408 nsol=16 0.02s 2026-07-22T17:24:42.955
ATTEMPT 246 W0 START 4x2 seed=25409 2026-07-22T17:24:42.955
ATTEMPT 246 W0 SOLVE 4x2 2026-07-22T17:24:42.966
ATTEMPT 246 W0 DONE 4x2 seed=25409 nsol=16 0.01s 2026-07-22T17:24:42.980
ATTEMPT 247 W0 START 4x2 seed=25410 2026-07-22T17:24:42.980
ATTEMPT 247 W0 SOLVE 4x2 2026-07-22T17:24:42.985
ATTEMPT 247 W0 DONE 4x2 seed=25410 nsol=16 0.01s 2026-07-22T17:24:43.004
ATTEMPT 248 W0 START 4x2 seed=25411 2026-07-22T17:24:43.005
ATTEMPT 248 W0 SOLVE 4x2 2026-07-22T17:24:43.011
ATTEMPT 248 W0 DONE 4x2 seed=25411 nsol=16 0.02s 2026-07-22T17:24:43.027
ATTEMPT 249 W0 START 4x2 seed=25412 2026-07-22T17:24:43.027
ATTEMPT 249 W0 SOLVE 4x2 2026-07-22T17:24:43.032
ATTEMPT 249 W0 DONE 4x2 seed=25412 nsol=16 0.02s 2026-07-22T17:24:43.050
ATTEMPT 250 W0 START 4x2 seed=25413 2026-07-22T17:24:43.050
ATTEMPT 250 W0 SOLVE 4x2 2026-07-22T17:24:43.055
ATTEMPT 250 W0 DONE 4x2 seed=25413 nsol=16 0.01s 2026-07-22T17:24:43.067
ATTEMPT 251 W0 START 4x2 seed=25414 2026-07-22T17:24:43.067
ATTEMPT 251 W0 SOLVE 4x2 2026-07-22T17:24:43.075
ATTEMPT 251 W0 DONE 4x2 seed=25414 nsol=16 0.01s 2026-07-22T17:24:43.081
ATTEMPT 252 W0 START 4x2 seed=25415 2026-07-22T17:24:43.081
ATTEMPT 252 W0 SOLVE 4x2 2026-07-22T17:24:43.089
ATTEMPT 252 W0 DONE 4x2 seed=25415 nsol=16 0.02s 2026-07-22T17:24:43.106
ATTEMPT 253 W0 START 4x2 seed=25416 2026-07-22T17:24:43.106
ATTEMPT 253 W0 SOLVE 4x2 2026-07-22T17:24:43.112
ATTEMPT 253 W0 DONE 4x2 seed=25416 nsol=16 0.01s 2026-07-22T17:24:43.122
ATTEMPT 254 W0 START 4x2 seed=25417 2026-07-22T17:24:43.122
ATTEMPT 254 W0 SOLVE 4x2 2026-07-22T17:24:43.127
ATTEMPT 254 W0 DONE 4x2 seed=25417 nsol=16 0.01s 2026-07-22T17:24:43.134
ATTEMPT 255 W0 START 4x2 seed=25418 2026-07-22T17:24:43.134
ATTEMPT 255 W0 SOLVE 4x2 2026-07-22T17:24:43.139
ATTEMPT 255 W0 DONE 4x2 seed=25418 nsol=16 0.01s 2026-07-22T17:24:43.146
ATTEMPT 256 W0 START 4x2 seed=25419 2026-07-22T17:24:43.146
ATTEMPT 256 W0 SOLVE 4x2 2026-07-22T17:24:43.152
ATTEMPT 256 W0 DONE 4x2 seed=25419 nsol=16 0.04s 2026-07-22T17:24:43.190
ATTEMPT 257 W0 START 4x2 seed=25420 2026-07-22T17:24:43.191
ATTEMPT 257 W0 SOLVE 4x2 2026-07-22T17:24:43.197
ATTEMPT 257 W0 DONE 4x2 seed=25420 nsol=16 0.01s 2026-07-22T17:24:43.206
ATTEMPT 258 W0 START 4x2 seed=25421 2026-07-22T17:24:43.206
ATTEMPT 258 W0 SOLVE 4x2 2026-07-22T17:24:43.211
ATTEMPT 258 W0 DONE 4x2 seed=25421 nsol=16 0.00s 2026-07-22T17:24:43.216
ATTEMPT 259 W0 START 4x2 seed=25422 2026-07-22T17:24:43.216
ATTEMPT 259 W0 SOLVE 4x2 2026-07-22T17:24:43.223
ATTEMPT 259 W0 DONE 4x2 seed=25422 nsol=16 0.00s 2026-07-22T17:24:43.228
ATTEMPT 260 W0 START 4x2 seed=25423 2026-07-22T17:24:43.228
ATTEMPT 260 W0 SOLVE 4x2 2026-07-22T17:24:43.235
ATTEMPT 260 W0 DONE 4x2 seed=25423 nsol=16 0.00s 2026-07-22T17:24:43.240
ATTEMPT 261 W0 START 4x2 seed=25424 2026-07-22T17:24:43.240
ATTEMPT 261 W0 SOLVE 4x2 2026-07-22T17:24:43.245
ATTEMPT 261 W0 DONE 4x2 seed=25424 nsol=16 0.00s 2026-07-22T17:24:43.249
ATTEMPT 262 W0 START 4x2 seed=25425 2026-07-22T17:24:43.249
ATTEMPT 262 W0 SOLVE 4x2 2026-07-22T17:24:43.254
ATTEMPT 262 W0 DONE 4x2 seed=25425 nsol=16 0.00s 2026-07-22T17:24:43.258
ATTEMPT 263 W0 START 4x2 seed=25426 2026-07-22T17:24:43.259
ATTEMPT 263 W0 SOLVE 4x2 2026-07-22T17:24:43.264
ATTEMPT 263 W0 DONE 4x2 seed=25426 nsol=16 0.01s 2026-07-22T17:24:43.274
ATTEMPT 264 W0 START 4x2 seed=25427 2026-07-22T17:24:43.275
ATTEMPT 264 W0 SOLVE 4x2 2026-07-22T17:24:43.280
ATTEMPT 264 W0 DONE 4x2 seed=25427 nsol=16 0.00s 2026-07-22T17:24:43.285
ATTEMPT 265 W0 START 4x2 seed=25428 2026-07-22T17:24:43.286
ATTEMPT 265 W0 SOLVE 4x2 2026-07-22T17:24:43.293
ATTEMPT 265 W0 DONE 4x2 seed=25428 nsol=16 0.01s 2026-07-22T17:24:43.299
ATTEMPT 266 W0 START 4x2 seed=25429 2026-07-22T17:24:43.299
ATTEMPT 266 W0 SOLVE 4x2 2026-07-22T17:24:43.306
ATTEMPT 266 W0 DONE 4x2 seed=25429 nsol=16 0.01s 2026-07-22T17:24:43.315
ATTEMPT 267 W0 START 4x2 seed=25430 2026-07-22T17:24:43.315
ATTEMPT 267 W0 SOLVE 4x2 2026-07-22T17:24:43.322
ATTEMPT 267 W0 DONE 4x2 seed=25430 nsol=16 0.01s 2026-07-22T17:24:43.328
ATTEMPT 268 W0 START 4x2 seed=25431 2026-07-22T17:24:43.328
ATTEMPT 268 W0 SOLVE 4x2 2026-07-22T17:24:43.335
ATTEMPT 268 W0 DONE 4x2 seed=25431 nsol=16 0.01s 2026-07-22T17:24:43.343
ATTEMPT 269 W0 START 4x2 seed=25432 2026-07-22T17:24:43.343
ATTEMPT 269 W0 SOLVE 4x2 2026-07-22T17:24:43.350
ATTEMPT 269 W0 DONE 4x2 seed=25432 nsol=16 0.01s 2026-07-22T17:24:43.356
ATTEMPT 270 W0 START 4x2 seed=25433 2026-07-22T17:24:43.357
ATTEMPT 270 W0 SOLVE 4x2 2026-07-22T17:24:43.363
ATTEMPT 270 W0 DONE 4x2 seed=25433 nsol=16 0.01s 2026-07-22T17:24:43.370
ATTEMPT 271 W0 START 4x2 seed=25434 2026-07-22T17:24:43.370
ATTEMPT 271 W0 SOLVE 4x2 2026-07-22T17:24:43.377
ATTEMPT 271 W0 DONE 4x2 seed=25434 nsol=16 0.01s 2026-07-22T17:24:43.391
ATTEMPT 272 W0 START 4x2 seed=25435 2026-07-22T17:24:43.392
ATTEMPT 272 W0 SOLVE 4x2 2026-07-22T17:24:43.397
ATTEMPT 272 W0 DONE 4x2 seed=25435 nsol=16 0.01s 2026-07-22T17:24:43.403
ATTEMPT 273 W0 START 4x2 seed=25436 2026-07-22T17:24:43.404
ATTEMPT 273 W0 SOLVE 4x2 2026-07-22T17:24:43.409
ATTEMPT 273 W0 DONE 4x2 seed=25436 nsol=16 0.01s 2026-07-22T17:24:43.417
ATTEMPT 274 W0 START 4x2 seed=25437 2026-07-22T17:24:43.417
ATTEMPT 274 W0 SOLVE 4x2 2026-07-22T17:24:43.423
ATTEMPT 274 W0 DONE 4x2 seed=25437 nsol=16 0.01s 2026-07-22T17:24:43.432
ATTEMPT 275 W0 START 4x2 seed=25438 2026-07-22T17:24:43.432
ATTEMPT 275 W0 SOLVE 4x2 2026-07-22T17:24:43.438
ATTEMPT 275 W0 DONE 4x2 seed=25438 nsol=16 0.01s 2026-07-22T17:24:43.447
ATTEMPT 276 W0 START 4x2 seed=25439 2026-07-22T17:24:43.447
ATTEMPT 276 W0 SOLVE 4x2 2026-07-22T17:24:43.453
ATTEMPT 276 W0 DONE 4x2 seed=25439 nsol=16 0.01s 2026-07-22T17:24:43.459
ATTEMPT 277 W0 START 4x2 seed=25440 2026-07-22T17:24:43.459
ATTEMPT 277 W0 SOLVE 4x2 2026-07-22T17:24:43.464
ATTEMPT 277 W0 DONE 4x2 seed=25440 nsol=16 0.01s 2026-07-22T17:24:43.473
ATTEMPT 278 W0 START 4x2 seed=25441 2026-07-22T17:24:43.474
ATTEMPT 278 W0 SOLVE 4x2 2026-07-22T17:24:43.481
ATTEMPT 278 W0 DONE 4x2 seed=25441 nsol=16 0.01s 2026-07-22T17:24:43.492
ATTEMPT 279 W0 START 4x2 seed=25442 2026-07-22T17:24:43.492
ATTEMPT 279 W0 SOLVE 4x2 2026-07-22T17:24:43.499
ATTEMPT 279 W0 DONE 4x2 seed=25442 nsol=16 0.00s 2026-07-22T17:24:43.503
ATTEMPT 280 W0 START 4x2 seed=25443 2026-07-22T17:24:43.504
ATTEMPT 280 W0 SOLVE 4x2 2026-07-22T17:24:43.509
ATTEMPT 280 W0 DONE 4x2 seed=25443 nsol=16 0.01s 2026-07-22T17:24:43.515
ATTEMPT 281 W0 START 4x2 seed=25444 2026-07-22T17:24:43.515
ATTEMPT 281 W0 SOLVE 4x2 2026-07-22T17:24:43.520
ATTEMPT 281 W0 DONE 4x2 seed=25444 nsol=16 0.00s 2026-07-22T17:24:43.524
ATTEMPT 282 W0 START 4x2 seed=25445 2026-07-22T17:24:43.524
ATTEMPT 282 W0 SOLVE 4x2 2026-07-22T17:24:43.532
ATTEMPT 282 W0 DONE 4x2 seed=25445 nsol=16 0.01s 2026-07-22T17:24:43.538
ATTEMPT 283 W0 START 4x2 seed=25446 2026-07-22T17:24:43.538
ATTEMPT 283 W0 SOLVE 4x2 2026-07-22T17:24:43.545
ATTEMPT 283 W0 DONE 4x2 seed=25446 nsol=16 0.01s 2026-07-22T17:24:43.559
ATTEMPT 284 W0 START 4x2 seed=25447 2026-07-22T17:24:43.559
ATTEMPT 284 W0 SOLVE 4x2 2026-07-22T17:24:43.564
ATTEMPT 284 W0 DONE 4x2 seed=25447 nsol=16 0.01s 2026-07-22T17:24:43.575
ATTEMPT 285 W0 START 4x2 seed=25448 2026-07-22T17:24:43.575
ATTEMPT 285 W0 SOLVE 4x2 2026-07-22T17:24:43.582
ATTEMPT 285 W0 DONE 4x2 seed=25448 nsol=16 0.01s 2026-07-22T17:24:43.593
ATTEMPT 286 W0 START 4x2 seed=25449 2026-07-22T17:24:43.593
ATTEMPT 286 W0 SOLVE 4x2 2026-07-22T17:24:43.599
ATTEMPT 286 W0 DONE 4x2 seed=25449 nsol=16 0.01s 2026-07-22T17:24:43.606
ATTEMPT 287 W0 START 4x2 seed=25450 2026-07-22T17:24:43.606
ATTEMPT 287 W0 SOLVE 4x2 2026-07-22T17:24:43.612
ATTEMPT 287 W0 DONE 4x2 seed=25450 nsol=16 0.06s 2026-07-22T17:24:43.675
ATTEMPT 288 W0 START 4x2 seed=25451 2026-07-22T17:24:43.675
ATTEMPT 288 W0 SOLVE 4x2 2026-07-22T17:24:43.687
ATTEMPT 288 W0 DONE 4x2 seed=25451 nsol=16 0.02s 2026-07-22T17:24:43.708
ATTEMPT 289 W0 START 4x2 seed=25452 2026-07-22T17:24:43.708
ATTEMPT 289 W0 SOLVE 4x2 2026-07-22T17:24:43.723
ATTEMPT 289 W0 DONE 4x2 seed=25452 nsol=16 0.01s 2026-07-22T17:24:43.733
ATTEMPT 290 W0 START 4x2 seed=25453 2026-07-22T17:24:43.733
ATTEMPT 290 W0 SOLVE 4x2 2026-07-22T17:24:43.738
ATTEMPT 290 W0 DONE 4x2 seed=25453 nsol=16 0.03s 2026-07-22T17:24:43.764
ATTEMPT 291 W0 START 4x2 seed=25454 2026-07-22T17:24:43.764
ATTEMPT 291 W0 SOLVE 4x2 2026-07-22T17:24:43.779
ATTEMPT 291 W0 DONE 4x2 seed=25454 nsol=16 0.01s 2026-07-22T17:24:43.791
ATTEMPT 292 W0 START 4x2 seed=25455 2026-07-22T17:24:43.791
ATTEMPT 292 W0 SOLVE 4x2 2026-07-22T17:24:43.801
ATTEMPT 292 W0 DONE 4x2 seed=25455 nsol=16 0.07s 2026-07-22T17:24:43.874
ATTEMPT 293 W0 START 4x2 seed=25456 2026-07-22T17:24:43.875
ATTEMPT 293 W0 SOLVE 4x2 2026-07-22T17:24:43.882
ATTEMPT 293 W0 DONE 4x2 seed=25456 nsol=16 0.01s 2026-07-22T17:24:43.888
ATTEMPT 294 W0 START 4x2 seed=25457 2026-07-22T17:24:43.889
ATTEMPT 294 W0 SOLVE 4x2 2026-07-22T17:24:43.896
ATTEMPT 294 W0 DONE 4x2 seed=25457 nsol=16 0.02s 2026-07-22T17:24:43.916
ATTEMPT 295 W0 START 4x2 seed=25458 2026-07-22T17:24:43.916
ATTEMPT 295 W0 SOLVE 4x2 2026-07-22T17:24:43.921
ATTEMPT 295 W0 DONE 4x2 seed=25458 nsol=16 0.00s 2026-07-22T17:24:43.926
ATTEMPT 296 W0 START 4x2 seed=25459 2026-07-22T17:24:43.927
ATTEMPT 296 W0 SOLVE 4x2 2026-07-22T17:24:43.933
ATTEMPT 296 W0 DONE 4x2 seed=25459 nsol=16 0.01s 2026-07-22T17:24:43.944
ATTEMPT 297 W0 START 4x2 seed=25460 2026-07-22T17:24:43.944
ATTEMPT 297 W0 SOLVE 4x2 2026-07-22T17:24:43.953
ATTEMPT 297 W0 DONE 4x2 seed=25460 nsol=16 0.00s 2026-07-22T17:24:43.957
ATTEMPT 298 W0 START 4x2 seed=25461 2026-07-22T17:24:43.957
ATTEMPT 298 W0 SOLVE 4x2 2026-07-22T17:24:43.962
ATTEMPT 298 W0 DONE 4x2 seed=25461 nsol=16 0.01s 2026-07-22T17:24:43.975
ATTEMPT 299 W0 START 4x2 seed=25462 2026-07-22T17:24:43.975
ATTEMPT 299 W0 SOLVE 4x2 2026-07-22T17:24:43.981
ATTEMPT 299 W0 DONE 4x2 seed=25462 nsol=16 0.00s 2026-07-22T17:24:43.985
ATTEMPT 300 W0 START 4x2 seed=25463 2026-07-22T17:24:43.986
ATTEMPT 300 W0 SOLVE 4x2 2026-07-22T17:24:43.991
ATTEMPT 300 W0 DONE 4x2 seed=25463 nsol=16 0.01s 2026-07-22T17:24:44.003
ATTEMPT 301 W0 START 4x2 seed=25464 2026-07-22T17:24:44.004
ATTEMPT 301 W0 SOLVE 4x2 2026-07-22T17:24:44.009
ATTEMPT 301 W0 DONE 4x2 seed=25464 nsol=16 0.01s 2026-07-22T17:24:44.015
ATTEMPT 302 W0 START 4x2 seed=25465 2026-07-22T17:24:44.016
ATTEMPT 302 W0 SOLVE 4x2 2026-07-22T17:24:44.025
ATTEMPT 302 W0 DONE 4x2 seed=25465 nsol=16 0.01s 2026-07-22T17:24:44.037
ATTEMPT 303 W0 START 4x2 seed=25466 2026-07-22T17:24:44.038
ATTEMPT 303 W0 SOLVE 4x2 2026-07-22T17:24:44.044
ATTEMPT 303 W0 DONE 4x2 seed=25466 nsol=16 0.01s 2026-07-22T17:24:44.052
ATTEMPT 304 W0 START 4x2 seed=25467 2026-07-22T17:24:44.052
ATTEMPT 304 W0 SOLVE 4x2 2026-07-22T17:24:44.059
ATTEMPT 304 W0 DONE 4x2 seed=25467 nsol=16 0.01s 2026-07-22T17:24:44.067
ATTEMPT 305 W0 START 4x2 seed=25468 2026-07-22T17:24:44.067
ATTEMPT 305 W0 SOLVE 4x2 2026-07-22T17:24:44.073
ATTEMPT 305 W0 DONE 4x2 seed=25468 nsol=16 0.01s 2026-07-22T17:24:44.078
ATTEMPT 306 W0 START 4x2 seed=25469 2026-07-22T17:24:44.078
ATTEMPT 306 W0 SOLVE 4x2 2026-07-22T17:24:44.084
ATTEMPT 306 W0 DONE 4x2 seed=25469 nsol=16 0.01s 2026-07-22T17:24:44.092
ATTEMPT 307 W0 START 4x2 seed=25470 2026-07-22T17:24:44.092
ATTEMPT 307 W0 SOLVE 4x2 2026-07-22T17:24:44.098
ATTEMPT 307 W0 DONE 4x2 seed=25470 nsol=16 0.01s 2026-07-22T17:24:44.105
ATTEMPT 308 W0 START 4x2 seed=25471 2026-07-22T17:24:44.106
ATTEMPT 308 W0 SOLVE 4x2 2026-07-22T17:24:44.112
ATTEMPT 308 W0 DONE 4x2 seed=25471 nsol=16 0.01s 2026-07-22T17:24:44.119
ATTEMPT 309 W0 START 4x2 seed=25472 2026-07-22T17:24:44.119
ATTEMPT 309 W0 SOLVE 4x2 2026-07-22T17:24:44.125
ATTEMPT 309 W0 DONE 4x2 seed=25472 nsol=16 0.01s 2026-07-22T17:24:44.135
ATTEMPT 310 W0 START 4x2 seed=25473 2026-07-22T17:24:44.135
ATTEMPT 310 W0 SOLVE 4x2 2026-07-22T17:24:44.142
ATTEMPT 310 W0 DONE 4x2 seed=25473 nsol=16 0.01s 2026-07-22T17:24:44.149
ATTEMPT 311 W0 START 4x2 seed=25474 2026-07-22T17:24:44.149
ATTEMPT 311 W0 SOLVE 4x2 2026-07-22T17:24:44.155
ATTEMPT 311 W0 DONE 4x2 seed=25474 nsol=16 0.01s 2026-07-22T17:24:44.163
ATTEMPT 312 W0 START 4x2 seed=25475 2026-07-22T17:24:44.163
ATTEMPT 312 W0 SOLVE 4x2 2026-07-22T17:24:44.169
ATTEMPT 312 W0 DONE 4x2 seed=25475 nsol=16 0.01s 2026-07-22T17:24:44.175
ATTEMPT 313 W0 START 4x2 seed=25476 2026-07-22T17:24:44.175
ATTEMPT 313 W0 SOLVE 4x2 2026-07-22T17:24:44.180
ATTEMPT 313 W0 DONE 4x2 seed=25476 nsol=16 0.01s 2026-07-22T17:24:44.189
ATTEMPT 314 W0 START 4x2 seed=25477 2026-07-22T17:24:44.190
ATTEMPT 314 W0 SOLVE 4x2 2026-07-22T17:24:44.195
ATTEMPT 314 W0 DONE 4x2 seed=25477 nsol=16 0.01s 2026-07-22T17:24:44.202
ATTEMPT 315 W0 START 4x2 seed=25478 2026-07-22T17:24:44.202
ATTEMPT 315 W0 SOLVE 4x2 2026-07-22T17:24:44.209
ATTEMPT 315 W0 DONE 4x2 seed=25478 nsol=16 0.00s 2026-07-22T17:24:44.213
ATTEMPT 316 W0 START 4x2 seed=25479 2026-07-22T17:24:44.214
ATTEMPT 316 W0 SOLVE 4x2 2026-07-22T17:24:44.218
ATTEMPT 316 W0 DONE 4x2 seed=25479 nsol=16 0.00s 2026-07-22T17:24:44.223
ATTEMPT 317 W0 START 4x2 seed=25480 2026-07-22T17:24:44.223
ATTEMPT 317 W0 SOLVE 4x2 2026-07-22T17:24:44.229
ATTEMPT 317 W0 DONE 4x2 seed=25480 nsol=16 0.01s 2026-07-22T17:24:44.240
ATTEMPT 318 W0 START 4x2 seed=25481 2026-07-22T17:24:44.240
ATTEMPT 318 W0 SOLVE 4x2 2026-07-22T17:24:44.246
ATTEMPT 318 W0 DONE 4x2 seed=25481 nsol=16 0.01s 2026-07-22T17:24:44.255
ATTEMPT 319 W0 START 4x2 seed=25482 2026-07-22T17:24:44.255
ATTEMPT 319 W0 SOLVE 4x2 2026-07-22T17:24:44.262
ATTEMPT 319 W0 DONE 4x2 seed=25482 nsol=16 0.01s 2026-07-22T17:24:44.269
ATTEMPT 320 W0 START 4x2 seed=25483 2026-07-22T17:24:44.270
ATTEMPT 320 W0 SOLVE 4x2 2026-07-22T17:24:44.275
ATTEMPT 320 W0 DONE 4x2 seed=25483 nsol=16 0.01s 2026-07-22T17:24:44.282
ATTEMPT 321 W0 START 4x2 seed=25484 2026-07-22T17:24:44.282
ATTEMPT 321 W0 SOLVE 4x2 2026-07-22T17:24:44.287
ATTEMPT 321 W0 DONE 4x2 seed=25484 nsol=16 0.00s 2026-07-22T17:24:44.291
ATTEMPT 322 W0 START 4x2 seed=25485 2026-07-22T17:24:44.291
ATTEMPT 322 W0 SOLVE 4x2 2026-07-22T17:24:44.296
ATTEMPT 322 W0 DONE 4x2 seed=25485 nsol=16 0.01s 2026-07-22T17:24:44.303
ATTEMPT 323 W0 START 4x2 seed=25486 2026-07-22T17:24:44.303
ATTEMPT 323 W0 SOLVE 4x2 2026-07-22T17:24:44.309
ATTEMPT 323 W0 DONE 4x2 seed=25486 nsol=16 0.01s 2026-07-22T17:24:44.321
ATTEMPT 324 W0 START 4x2 seed=25487 2026-07-22T17:24:44.321
ATTEMPT 324 W0 SOLVE 4x2 2026-07-22T17:24:44.326
ATTEMPT 324 W0 DONE 4x2 seed=25487 nsol=16 0.01s 2026-07-22T17:24:44.333
ATTEMPT 325 W0 START 4x2 seed=25488 2026-07-22T17:24:44.333
ATTEMPT 325 W0 SOLVE 4x2 2026-07-22T17:24:44.339
ATTEMPT 325 W0 DONE 4x2 seed=25488 nsol=16 0.01s 2026-07-22T17:24:44.348
ATTEMPT 326 W0 START 4x2 seed=25489 2026-07-22T17:24:44.348
ATTEMPT 326 W0 SOLVE 4x2 2026-07-22T17:24:44.354
ATTEMPT 326 W0 DONE 4x2 seed=25489 nsol=16 0.01s 2026-07-22T17:24:44.362
ATTEMPT 327 W0 START 4x2 seed=25490 2026-07-22T17:24:44.362
ATTEMPT 327 W0 SOLVE 4x2 2026-07-22T17:24:44.368
ATTEMPT 327 W0 DONE 4x2 seed=25490 nsol=16 0.01s 2026-07-22T17:24:44.375
ATTEMPT 328 W0 START 4x2 seed=25491 2026-07-22T17:24:44.375
ATTEMPT 328 W0 SOLVE 4x2 2026-07-22T17:24:44.381
ATTEMPT 328 W0 DONE 4x2 seed=25491 nsol=16 0.05s 2026-07-22T17:24:44.427
ATTEMPT 329 W0 START 4x2 seed=25492 2026-07-22T17:24:44.427
ATTEMPT 329 W0 SOLVE 4x2 2026-07-22T17:24:44.434
ATTEMPT 329 W0 DONE 4x2 seed=25492 nsol=16 0.01s 2026-07-22T17:24:44.441
ATTEMPT 330 W0 START 4x2 seed=25493 2026-07-22T17:24:44.441
ATTEMPT 330 W0 SOLVE 4x2 2026-07-22T17:24:44.447
ATTEMPT 330 W0 DONE 4x2 seed=25493 nsol=16 0.01s 2026-07-22T17:24:44.453
ATTEMPT 331 W0 START 4x2 seed=25494 2026-07-22T17:24:44.453
ATTEMPT 331 W0 SOLVE 4x2 2026-07-22T17:24:44.471
ATTEMPT 331 W0 DONE 4x2 seed=25494 nsol=16 0.04s 2026-07-22T17:24:44.515
ATTEMPT 332 W0 START 4x2 seed=25495 2026-07-22T17:24:44.515
ATTEMPT 332 W0 SOLVE 4x2 2026-07-22T17:24:44.522
ATTEMPT 332 W0 DONE 4x2 seed=25495 nsol=16 0.02s 2026-07-22T17:24:44.540
ATTEMPT 333 W0 START 4x2 seed=25496 2026-07-22T17:24:44.540
ATTEMPT 333 W0 SOLVE 4x2 2026-07-22T17:24:44.546
ATTEMPT 333 W0 DONE 4x2 seed=25496 nsol=16 0.01s 2026-07-22T17:24:44.555
ATTEMPT 334 W0 START 4x2 seed=25497 2026-07-22T17:24:44.555
ATTEMPT 334 W0 SOLVE 4x2 2026-07-22T17:24:44.563
ATTEMPT 334 W0 DONE 4x2 seed=25497 nsol=16 0.01s 2026-07-22T17:24:44.573
ATTEMPT 335 W0 START 4x2 seed=25498 2026-07-22T17:24:44.574
ATTEMPT 335 W0 SOLVE 4x2 2026-07-22T17:24:44.580
ATTEMPT 335 W0 DONE 4x2 seed=25498 nsol=16 0.01s 2026-07-22T17:24:44.591
ATTEMPT 336 W0 START 4x2 seed=25499 2026-07-22T17:24:44.592
ATTEMPT 336 W0 SOLVE 4x2 2026-07-22T17:24:44.597
ATTEMPT 336 W0 DONE 4x2 seed=25499 nsol=16 0.01s 2026-07-22T17:24:44.607
ATTEMPT 337 W0 START 4x2 seed=25500 2026-07-22T17:24:44.607
ATTEMPT 337 W0 SOLVE 4x2 2026-07-22T17:24:44.617
ATTEMPT 337 W0 DONE 4x2 seed=25500 nsol=16 0.01s 2026-07-22T17:24:44.624
ATTEMPT 338 W0 START 4x2 seed=25501 2026-07-22T17:24:44.625
ATTEMPT 338 W0 SOLVE 4x2 2026-07-22T17:24:44.631
ATTEMPT 338 W0 DONE 4x2 seed=25501 nsol=16 0.01s 2026-07-22T17:24:44.637
ATTEMPT 339 W0 START 4x2 seed=25502 2026-07-22T17:24:44.637
ATTEMPT 339 W0 SOLVE 4x2 2026-07-22T17:24:44.642
ATTEMPT 339 W0 DONE 4x2 seed=25502 nsol=16 0.02s 2026-07-22T17:24:44.661
ATTEMPT 340 W0 START 4x2 seed=25503 2026-07-22T17:24:44.661
ATTEMPT 340 W0 SOLVE 4x2 2026-07-22T17:24:44.670
ATTEMPT 340 W0 DONE 4x2 seed=25503 nsol=16 0.01s 2026-07-22T17:24:44.677
ATTEMPT 341 W0 START 4x2 seed=25504 2026-07-22T17:24:44.677
ATTEMPT 341 W0 SOLVE 4x2 2026-07-22T17:24:44.683
ATTEMPT 341 W0 DONE 4x2 seed=25504 nsol=16 0.01s 2026-07-22T17:24:44.689
ATTEMPT 342 W0 START 4x2 seed=25505 2026-07-22T17:24:44.689
ATTEMPT 342 W0 SOLVE 4x2 2026-07-22T17:24:44.694
ATTEMPT 342 W0 DONE 4x2 seed=25505 nsol=16 0.01s 2026-07-22T17:24:44.707
ATTEMPT 343 W0 START 4x2 seed=25506 2026-07-22T17:24:44.707
ATTEMPT 343 W0 SOLVE 4x2 2026-07-22T17:24:44.713
ATTEMPT 343 W0 DONE 4x2 seed=25506 nsol=16 0.01s 2026-07-22T17:24:44.723
ATTEMPT 344 W0 START 4x2 seed=25507 2026-07-22T17:24:44.723
ATTEMPT 344 W0 SOLVE 4x2 2026-07-22T17:24:44.730
ATTEMPT 344 W0 DONE 4x2 seed=25507 nsol=16 0.01s 2026-07-22T17:24:44.737
ATTEMPT 345 W0 START 4x2 seed=25508 2026-07-22T17:24:44.737
ATTEMPT 345 W0 SOLVE 4x2 2026-07-22T17:24:44.743
ATTEMPT 345 W0 DONE 4x2 seed=25508 nsol=16 0.01s 2026-07-22T17:24:44.756
ATTEMPT 346 W0 START 4x2 seed=25509 2026-07-22T17:24:44.757
ATTEMPT 346 W0 SOLVE 4x2 2026-07-22T17:24:44.762
ATTEMPT 346 W0 DONE 4x2 seed=25509 nsol=16 0.01s 2026-07-22T17:24:44.775
ATTEMPT 347 W0 START 4x2 seed=25510 2026-07-22T17:24:44.775
ATTEMPT 347 W0 SOLVE 4x2 2026-07-22T17:24:44.781
ATTEMPT 347 W0 DONE 4x2 seed=25510 nsol=16 0.02s 2026-07-22T17:24:44.797
ATTEMPT 348 W0 START 4x2 seed=25511 2026-07-22T17:24:44.798
ATTEMPT 348 W0 SOLVE 4x2 2026-07-22T17:24:44.804
ATTEMPT 348 W0 DONE 4x2 seed=25511 nsol=16 0.01s 2026-07-22T17:24:44.811
ATTEMPT 349 W0 START 4x2 seed=25512 2026-07-22T17:24:44.811
ATTEMPT 349 W0 SOLVE 4x2 2026-07-22T17:24:44.817
ATTEMPT 349 W0 DONE 4x2 seed=25512 nsol=16 0.01s 2026-07-22T17:24:44.827
ATTEMPT 350 W0 START 4x2 seed=25513 2026-07-22T17:24:44.827
ATTEMPT 350 W0 SOLVE 4x2 2026-07-22T17:24:44.832
ATTEMPT 350 W0 DONE 4x2 seed=25513 nsol=16 0.01s 2026-07-22T17:24:44.847
ATTEMPT 351 W0 START 4x2 seed=25514 2026-07-22T17:24:44.847
ATTEMPT 351 W0 SOLVE 4x2 2026-07-22T17:24:44.853
ATTEMPT 351 W0 DONE 4x2 seed=25514 nsol=16 0.01s 2026-07-22T17:24:44.863
ATTEMPT 352 W0 START 4x2 seed=25515 2026-07-22T17:24:44.863
ATTEMPT 352 W0 SOLVE 4x2 2026-07-22T17:24:44.869
ATTEMPT 352 W0 DONE 4x2 seed=25515 nsol=16 0.01s 2026-07-22T17:24:44.883
ATTEMPT 353 W0 START 4x2 seed=25516 2026-07-22T17:24:44.883
ATTEMPT 353 W0 SOLVE 4x2 2026-07-22T17:24:44.890
ATTEMPT 353 W0 DONE 4x2 seed=25516 nsol=16 0.01s 2026-07-22T17:24:44.903
ATTEMPT 354 W0 START 4x2 seed=25517 2026-07-22T17:24:44.903
ATTEMPT 354 W0 SOLVE 4x2 2026-07-22T17:24:44.910
ATTEMPT 354 W0 DONE 4x2 seed=25517 nsol=16 0.01s 2026-07-22T17:24:44.922
ATTEMPT 355 W0 START 4x2 seed=25518 2026-07-22T17:24:44.922
ATTEMPT 355 W0 SOLVE 4x2 2026-07-22T17:24:44.929
ATTEMPT 355 W0 DONE 4x2 seed=25518 nsol=16 0.01s 2026-07-22T17:24:44.938
ATTEMPT 356 W0 START 4x2 seed=25519 2026-07-22T17:24:44.938
ATTEMPT 356 W0 SOLVE 4x2 2026-07-22T17:24:44.945
ATTEMPT 356 W0 DONE 4x2 seed=25519 nsol=16 0.01s 2026-07-22T17:24:44.959
ATTEMPT 357 W0 START 4x2 seed=25520 2026-07-22T17:24:44.959
ATTEMPT 357 W0 SOLVE 4x2 2026-07-22T17:24:44.966
ATTEMPT 357 W0 DONE 4x2 seed=25520 nsol=16 0.02s 2026-07-22T17:24:44.983
ATTEMPT 358 W0 START 4x2 seed=25521 2026-07-22T17:24:44.983
ATTEMPT 358 W0 SOLVE 4x2 2026-07-22T17:24:44.990
ATTEMPT 358 W0 DONE 4x2 seed=25521 nsol=16 0.04s 2026-07-22T17:24:45.034
ATTEMPT 359 W0 START 4x2 seed=25522 2026-07-22T17:24:45.041
ATTEMPT 359 W0 SOLVE 4x2 2026-07-22T17:24:45.047
ATTEMPT 359 W0 DONE 4x2 seed=25522 nsol=16 0.01s 2026-07-22T17:24:45.058
ATTEMPT 360 W0 START 4x2 seed=25523 2026-07-22T17:24:45.058
ATTEMPT 360 W0 SOLVE 4x2 2026-07-22T17:24:45.064
ATTEMPT 360 W0 DONE 4x2 seed=25523 nsol=16 0.01s 2026-07-22T17:24:45.077
ATTEMPT 361 W0 START 4x2 seed=25524 2026-07-22T17:24:45.078
ATTEMPT 361 W0 SOLVE 4x2 2026-07-22T17:24:45.084
ATTEMPT 361 W0 DONE 4x2 seed=25524 nsol=16 0.01s 2026-07-22T17:24:45.091
ATTEMPT 362 W0 START 4x2 seed=25525 2026-07-22T17:24:45.092
ATTEMPT 362 W0 SOLVE 4x2 2026-07-22T17:24:45.106
ATTEMPT 362 W0 DONE 4x2 seed=25525 nsol=16 0.02s 2026-07-22T17:24:45.123
ATTEMPT 363 W0 START 4x2 seed=25526 2026-07-22T17:24:45.124
ATTEMPT 363 W0 SOLVE 4x2 2026-07-22T17:24:45.131
ATTEMPT 363 W0 DONE 4x2 seed=25526 nsol=16 0.00s 2026-07-22T17:24:45.136
ATTEMPT 364 W0 START 4x2 seed=25527 2026-07-22T17:24:45.136
ATTEMPT 364 W0 SOLVE 4x2 2026-07-22T17:24:45.142
ATTEMPT 364 W0 DONE 4x2 seed=25527 nsol=16 0.01s 2026-07-22T17:24:45.149
ATTEMPT 365 W0 START 4x2 seed=25528 2026-07-22T17:24:45.150
ATTEMPT 365 W0 SOLVE 4x2 2026-07-22T17:24:45.156
ATTEMPT 365 W0 DONE 4x2 seed=25528 nsol=16 0.01s 2026-07-22T17:24:45.171
ATTEMPT 366 W0 START 4x2 seed=25529 2026-07-22T17:24:45.171
ATTEMPT 366 W0 SOLVE 4x2 2026-07-22T17:24:45.177
ATTEMPT 366 W0 DONE 4x2 seed=25529 nsol=16 0.01s 2026-07-22T17:24:45.191
ATTEMPT 367 W0 START 4x2 seed=25530 2026-07-22T17:24:45.191
ATTEMPT 367 W0 SOLVE 4x2 2026-07-22T17:24:45.196
ATTEMPT 367 W0 DONE 4x2 seed=25530 nsol=16 0.01s 2026-07-22T17:24:45.204
ATTEMPT 368 W0 START 4x2 seed=25531 2026-07-22T17:24:45.204
ATTEMPT 368 W0 SOLVE 4x2 2026-07-22T17:24:45.209
ATTEMPT 368 W0 DONE 4x2 seed=25531 nsol=16 0.01s 2026-07-22T17:24:45.219
ATTEMPT 369 W0 START 4x2 seed=25532 2026-07-22T17:24:45.219
ATTEMPT 369 W0 SOLVE 4x2 2026-07-22T17:24:45.225
ATTEMPT 369 W0 DONE 4x2 seed=25532 nsol=16 0.01s 2026-07-22T17:24:45.236
ATTEMPT 370 W0 START 4x2 seed=25533 2026-07-22T17:24:45.237
ATTEMPT 370 W0 SOLVE 4x2 2026-07-22T17:24:45.244
ATTEMPT 370 W0 DONE 4x2 seed=25533 nsol=16 0.01s 2026-07-22T17:24:45.252
ATTEMPT 371 W0 START 4x2 seed=25534 2026-07-22T17:24:45.252
ATTEMPT 371 W0 SOLVE 4x2 2026-07-22T17:24:45.258
ATTEMPT 371 W0 DONE 4x2 seed=25534 nsol=16 0.01s 2026-07-22T17:24:45.264
ATTEMPT 372 W0 START 4x2 seed=25535 2026-07-22T17:24:45.265
ATTEMPT 372 W0 SOLVE 4x2 2026-07-22T17:24:45.272
ATTEMPT 372 W0 DONE 4x2 seed=25535 nsol=16 0.01s 2026-07-22T17:24:45.278
ATTEMPT 373 W0 START 4x2 seed=25536 2026-07-22T17:24:45.278
ATTEMPT 373 W0 SOLVE 4x2 2026-07-22T17:24:45.287
ATTEMPT 373 W0 DONE 4x2 seed=25536 nsol=16 0.02s 2026-07-22T17:24:45.305
ATTEMPT 374 W0 START 4x2 seed=25537 2026-07-22T17:24:45.305
ATTEMPT 374 W0 SOLVE 4x2 2026-07-22T17:24:45.311
ATTEMPT 374 W0 DONE 4x2 seed=25537 nsol=16 0.00s 2026-07-22T17:24:45.315
ATTEMPT 375 W0 START 4x2 seed=25538 2026-07-22T17:24:45.315
ATTEMPT 375 W0 SOLVE 4x2 2026-07-22T17:24:45.322
ATTEMPT 375 W0 DONE 4x2 seed=25538 nsol=16 0.01s 2026-07-22T17:24:45.331
ATTEMPT 376 W0 START 4x2 seed=25539 2026-07-22T17:24:45.332
ATTEMPT 376 W0 SOLVE 4x2 2026-07-22T17:24:45.339
ATTEMPT 376 W0 DONE 4x2 seed=25539 nsol=16 0.01s 2026-07-22T17:24:45.353
ATTEMPT 377 W0 START 4x2 seed=25540 2026-07-22T17:24:45.353
ATTEMPT 377 W0 SOLVE 4x2 2026-07-22T17:24:45.363
ATTEMPT 377 W0 DONE 4x2 seed=25540 nsol=16 0.01s 2026-07-22T17:24:45.371
ATTEMPT 378 W0 START 4x2 seed=25541 2026-07-22T17:24:45.371
ATTEMPT 378 W0 SOLVE 4x2 2026-07-22T17:24:45.376
ATTEMPT 378 W0 DONE 4x2 seed=25541 nsol=16 0.01s 2026-07-22T17:24:45.387
ATTEMPT 379 W0 START 4x2 seed=25542 2026-07-22T17:24:45.388
ATTEMPT 379 W0 SOLVE 4x2 2026-07-22T17:24:45.399
ATTEMPT 379 W0 DONE 4x2 seed=25542 nsol=16 0.01s 2026-07-22T17:24:45.413
ATTEMPT 380 W0 START 4x2 seed=25543 2026-07-22T17:24:45.413
ATTEMPT 380 W0 SOLVE 4x2 2026-07-22T17:24:45.419
ATTEMPT 380 W0 DONE 4x2 seed=25543 nsol=16 0.01s 2026-07-22T17:24:45.428
ATTEMPT 381 W0 START 4x2 seed=25544 2026-07-22T17:24:45.428
ATTEMPT 381 W0 SOLVE 4x2 2026-07-22T17:24:45.433
ATTEMPT 381 W0 DONE 4x2 seed=25544 nsol=16 0.01s 2026-07-22T17:24:45.447
ATTEMPT 382 W0 START 4x2 seed=25545 2026-07-22T17:24:45.447
ATTEMPT 382 W0 SOLVE 4x2 2026-07-22T17:24:45.455
ATTEMPT 382 W0 DONE 4x2 seed=25545 nsol=16 0.01s 2026-07-22T17:24:45.463
ATTEMPT 383 W0 START 4x2 seed=25546 2026-07-22T17:24:45.463
ATTEMPT 383 W0 SOLVE 4x2 2026-07-22T17:24:45.471
ATTEMPT 383 W0 DONE 4x2 seed=25546 nsol=16 0.01s 2026-07-22T17:24:45.484
ATTEMPT 384 W0 START 4x2 seed=25547 2026-07-22T17:24:45.485
ATTEMPT 384 W0 SOLVE 4x2 2026-07-22T17:24:45.491
ATTEMPT 384 W0 DONE 4x2 seed=25547 nsol=16 0.01s 2026-07-22T17:24:45.503
ATTEMPT 385 W0 START 4x2 seed=25548 2026-07-22T17:24:45.503
ATTEMPT 385 W0 SOLVE 4x2 2026-07-22T17:24:45.509
ATTEMPT 385 W0 DONE 4x2 seed=25548 nsol=16 0.05s 2026-07-22T17:24:45.561
ATTEMPT 386 W0 START 4x2 seed=25549 2026-07-22T17:24:45.562
ATTEMPT 386 W0 SOLVE 4x2 2026-07-22T17:24:45.569
ATTEMPT 386 W0 DONE 4x2 seed=25549 nsol=16 0.01s 2026-07-22T17:24:45.578
ATTEMPT 387 W0 START 4x2 seed=25550 2026-07-22T17:24:45.578
ATTEMPT 387 W0 SOLVE 4x2 2026-07-22T17:24:45.588
ATTEMPT 387 W0 DONE 4x2 seed=25550 nsol=16 0.01s 2026-07-22T17:24:45.598
ATTEMPT 388 W0 START 4x2 seed=25551 2026-07-22T17:24:45.598
ATTEMPT 388 W0 SOLVE 4x2 2026-07-22T17:24:45.603
ATTEMPT 388 W0 DONE 4x2 seed=25551 nsol=16 0.01s 2026-07-22T17:24:45.617
ATTEMPT 389 W0 START 4x2 seed=25552 2026-07-22T17:24:45.617
ATTEMPT 389 W0 SOLVE 4x2 2026-07-22T17:24:45.624
ATTEMPT 389 W0 DONE 4x2 seed=25552 nsol=16 0.01s 2026-07-22T17:24:45.635
ATTEMPT 390 W0 START 4x2 seed=25553 2026-07-22T17:24:45.635
ATTEMPT 390 W0 SOLVE 4x2 2026-07-22T17:24:45.643
ATTEMPT 390 W0 DONE 4x2 seed=25553 nsol=16 0.01s 2026-07-22T17:24:45.656
ATTEMPT 391 W0 START 4x2 seed=25554 2026-07-22T17:24:45.656
ATTEMPT 391 W0 SOLVE 4x2 2026-07-22T17:24:45.662
ATTEMPT 391 W0 DONE 4x2 seed=25554 nsol=16 0.00s 2026-07-22T17:24:45.666
ATTEMPT 392 W0 START 4x2 seed=25555 2026-07-22T17:24:45.667
ATTEMPT 392 W0 SOLVE 4x2 2026-07-22T17:24:45.672
ATTEMPT 392 W0 DONE 4x2 seed=25555 nsol=16 0.01s 2026-07-22T17:24:45.680
ATTEMPT 393 W0 START 4x2 seed=25556 2026-07-22T17:24:45.680
ATTEMPT 393 W0 SOLVE 4x2 2026-07-22T17:24:45.688
ATTEMPT 393 W0 DONE 4x2 seed=25556 nsol=16 0.01s 2026-07-22T17:24:45.694
ATTEMPT 394 W0 START 4x2 seed=25557 2026-07-22T17:24:45.694
ATTEMPT 394 W0 SOLVE 4x2 2026-07-22T17:24:45.700
ATTEMPT 394 W0 DONE 4x2 seed=25557 nsol=16 0.01s 2026-07-22T17:24:45.706
ATTEMPT 395 W0 START 4x2 seed=25558 2026-07-22T17:24:45.706
ATTEMPT 395 W0 SOLVE 4x2 2026-07-22T17:24:45.711
ATTEMPT 395 W0 DONE 4x2 seed=25558 nsol=16 0.01s 2026-07-22T17:24:45.716
ATTEMPT 396 W0 START 4x2 seed=25559 2026-07-22T17:24:45.717
ATTEMPT 396 W0 SOLVE 4x2 2026-07-22T17:24:45.724
ATTEMPT 396 W0 DONE 4x2 seed=25559 nsol=16 0.01s 2026-07-22T17:24:45.739
ATTEMPT 397 W0 START 4x2 seed=25560 2026-07-22T17:24:45.739
ATTEMPT 397 W0 SOLVE 4x2 2026-07-22T17:24:45.745
ATTEMPT 397 W0 DONE 4x2 seed=25560 nsol=16 0.01s 2026-07-22T17:24:45.759
ATTEMPT 398 W0 START 4x2 seed=25561 2026-07-22T17:24:45.759
ATTEMPT 398 W0 SOLVE 4x2 2026-07-22T17:24:45.767
ATTEMPT 398 W0 DONE 4x2 seed=25561 nsol=16 0.01s 2026-07-22T17:24:45.777
ATTEMPT 399 W0 START 4x2 seed=25562 2026-07-22T17:24:45.777
ATTEMPT 399 W0 SOLVE 4x2 2026-07-22T17:24:45.783
ATTEMPT 399 W0 DONE 4x2 seed=25562 nsol=16 0.01s 2026-07-22T17:24:45.790
ATTEMPT 400 W0 START 4x2 seed=25563 2026-07-22T17:24:45.790
ATTEMPT 400 W0 SOLVE 4x2 2026-07-22T17:24:45.796
ATTEMPT 400 W0 DONE 4x2 seed=25563 nsol=16 0.01s 2026-07-22T17:24:45.802
ATTEMPT 401 W0 START 4x2 seed=25564 2026-07-22T17:24:45.802
ATTEMPT 401 W0 SOLVE 4x2 2026-07-22T17:24:45.808
ATTEMPT 401 W0 DONE 4x2 seed=25564 nsol=16 0.02s 2026-07-22T17:24:45.826
ATTEMPT 402 W0 START 4x2 seed=25565 2026-07-22T17:24:45.826
ATTEMPT 402 W0 SOLVE 4x2 2026-07-22T17:24:45.835
ATTEMPT 402 W0 DONE 4x2 seed=25565 nsol=16 0.02s 2026-07-22T17:24:45.851
ATTEMPT 403 W0 START 4x2 seed=25566 2026-07-22T17:24:45.851
ATTEMPT 403 W0 SOLVE 4x2 2026-07-22T17:24:45.858
ATTEMPT 403 W0 DONE 4x2 seed=25566 nsol=16 0.01s 2026-07-22T17:24:45.872
ATTEMPT 404 W0 START 4x2 seed=25567 2026-07-22T17:24:45.872
ATTEMPT 404 W0 SOLVE 4x2 2026-07-22T17:24:45.881
ATTEMPT 404 W0 DONE 4x2 seed=25567 nsol=16 0.01s 2026-07-22T17:24:45.888
ATTEMPT 405 W0 START 4x2 seed=25568 2026-07-22T17:24:45.888
ATTEMPT 405 W0 SOLVE 4x2 2026-07-22T17:24:45.897
ATTEMPT 405 W0 DONE 4x2 seed=25568 nsol=16 0.02s 2026-07-22T17:24:45.915
ATTEMPT 406 W0 START 4x2 seed=25569 2026-07-22T17:24:45.915
ATTEMPT 406 W0 SOLVE 4x2 2026-07-22T17:24:45.923
ATTEMPT 406 W0 DONE 4x2 seed=25569 nsol=16 0.01s 2026-07-22T17:24:45.936
ATTEMPT 407 W0 START 4x2 seed=25570 2026-07-22T17:24:45.936
ATTEMPT 407 W0 SOLVE 4x2 2026-07-22T17:24:45.942
ATTEMPT 407 W0 DONE 4x2 seed=25570 nsol=16 0.01s 2026-07-22T17:24:45.954
ATTEMPT 408 W0 START 4x2 seed=25571 2026-07-22T17:24:45.954
ATTEMPT 408 W0 SOLVE 4x2 2026-07-22T17:24:45.960
ATTEMPT 408 W0 DONE 4x2 seed=25571 nsol=16 0.01s 2026-07-22T17:24:45.966
ATTEMPT 409 W0 START 4x2 seed=25572 2026-07-22T17:24:45.967
ATTEMPT 409 W0 SOLVE 4x2 2026-07-22T17:24:45.974
ATTEMPT 409 W0 DONE 4x2 seed=25572 nsol=16 0.02s 2026-07-22T17:24:45.990
ATTEMPT 410 W0 START 4x2 seed=25573 2026-07-22T17:24:45.990
ATTEMPT 410 W0 SOLVE 4x2 2026-07-22T17:24:45.995
ATTEMPT 410 W0 DONE 4x2 seed=25573 nsol=16 0.01s 2026-07-22T17:24:46.002
ATTEMPT 411 W0 START 4x2 seed=25574 2026-07-22T17:24:46.002
ATTEMPT 411 W0 SOLVE 4x2 2026-07-22T17:24:46.007
ATTEMPT 411 W0 DONE 4x2 seed=25574 nsol=16 0.03s 2026-07-22T17:24:46.038
ATTEMPT 412 W0 START 4x2 seed=25575 2026-07-22T17:24:46.038
ATTEMPT 412 W0 SOLVE 4x2 2026-07-22T17:24:46.045
ATTEMPT 412 W0 DONE 4x2 seed=25575 nsol=16 0.00s 2026-07-22T17:24:46.049
ATTEMPT 413 W0 START 4x2 seed=25576 2026-07-22T17:24:46.050
ATTEMPT 413 W0 SOLVE 4x2 2026-07-22T17:24:46.057
ATTEMPT 413 W0 DONE 4x2 seed=25576 nsol=16 0.01s 2026-07-22T17:24:46.071
ATTEMPT 414 W0 START 4x2 seed=25577 2026-07-22T17:24:46.071
ATTEMPT 414 W0 SOLVE 4x2 2026-07-22T17:24:46.077
ATTEMPT 414 W0 DONE 4x2 seed=25577 nsol=16 0.01s 2026-07-22T17:24:46.090
ATTEMPT 415 W0 START 4x2 seed=25578 2026-07-22T17:24:46.090
ATTEMPT 415 W0 SOLVE 4x2 2026-07-22T17:24:46.097
ATTEMPT 415 W0 DONE 4x2 seed=25578 nsol=16 0.01s 2026-07-22T17:24:46.105
ATTEMPT 416 W0 START 4x2 seed=25579 2026-07-22T17:24:46.105
ATTEMPT 416 W0 SOLVE 4x2 2026-07-22T17:24:46.111
ATTEMPT 416 W0 DONE 4x2 seed=25579 nsol=16 0.01s 2026-07-22T17:24:46.117
ATTEMPT 417 W0 START 4x2 seed=25580 2026-07-22T17:24:46.117
ATTEMPT 417 W0 SOLVE 4x2 2026-07-22T17:24:46.124
ATTEMPT 417 W0 DONE 4x2 seed=25580 nsol=16 0.01s 2026-07-22T17:24:46.131
ATTEMPT 418 W0 START 4x2 seed=25581 2026-07-22T17:24:46.131
ATTEMPT 418 W0 SOLVE 4x2 2026-07-22T17:24:46.138
ATTEMPT 418 W0 DONE 4x2 seed=25581 nsol=16 0.01s 2026-07-22T17:24:46.144
ATTEMPT 419 W0 START 4x2 seed=25582 2026-07-22T17:24:46.144
ATTEMPT 419 W0 SOLVE 4x2 2026-07-22T17:24:46.151
ATTEMPT 419 W0 DONE 4x2 seed=25582 nsol=16 0.01s 2026-07-22T17:24:46.159
ATTEMPT 420 W0 START 4x2 seed=25583 2026-07-22T17:24:46.159
ATTEMPT 420 W0 SOLVE 4x2 2026-07-22T17:24:46.166
ATTEMPT 420 W0 DONE 4x2 seed=25583 nsol=16 0.01s 2026-07-22T17:24:46.175
ATTEMPT 421 W0 START 4x2 seed=25584 2026-07-22T17:24:46.175
ATTEMPT 421 W0 SOLVE 4x2 2026-07-22T17:24:46.182
ATTEMPT 421 W0 DONE 4x2 seed=25584 nsol=16 0.00s 2026-07-22T17:24:46.186
ATTEMPT 422 W0 START 4x2 seed=25585 2026-07-22T17:24:46.187
ATTEMPT 422 W0 SOLVE 4x2 2026-07-22T17:24:46.192
ATTEMPT 422 W0 DONE 4x2 seed=25585 nsol=16 0.01s 2026-07-22T17:24:46.198
ATTEMPT 423 W0 START 4x2 seed=25586 2026-07-22T17:24:46.198
ATTEMPT 423 W0 SOLVE 4x2 2026-07-22T17:24:46.204
ATTEMPT 423 W0 DONE 4x2 seed=25586 nsol=16 0.01s 2026-07-22T17:24:46.215
ATTEMPT 424 W0 START 4x2 seed=25587 2026-07-22T17:24:46.215
ATTEMPT 424 W0 SOLVE 4x2 2026-07-22T17:24:46.223
ATTEMPT 424 W0 DONE 4x2 seed=25587 nsol=16 0.01s 2026-07-22T17:24:46.232
ATTEMPT 425 W0 START 4x2 seed=25588 2026-07-22T17:24:46.232
ATTEMPT 425 W0 SOLVE 4x2 2026-07-22T17:24:46.238
ATTEMPT 425 W0 DONE 4x2 seed=25588 nsol=16 0.01s 2026-07-22T17:24:46.245
ATTEMPT 426 W0 START 4x2 seed=25589 2026-07-22T17:24:46.245
ATTEMPT 426 W0 SOLVE 4x2 2026-07-22T17:24:46.251
ATTEMPT 426 W0 DONE 4x2 seed=25589 nsol=16 0.01s 2026-07-22T17:24:46.263
ATTEMPT 427 W0 START 4x2 seed=25590 2026-07-22T17:24:46.263
ATTEMPT 427 W0 SOLVE 4x2 2026-07-22T17:24:46.271
ATTEMPT 427 W0 DONE 4x2 seed=25590 nsol=16 0.01s 2026-07-22T17:24:46.285
ATTEMPT 428 W0 START 4x2 seed=25591 2026-07-22T17:24:46.285
ATTEMPT 428 W0 SOLVE 4x2 2026-07-22T17:24:46.292
ATTEMPT 428 W0 DONE 4x2 seed=25591 nsol=16 0.01s 2026-07-22T17:24:46.303
ATTEMPT 429 W0 START 4x2 seed=25592 2026-07-22T17:24:46.303
ATTEMPT 429 W0 SOLVE 4x2 2026-07-22T17:24:46.309
ATTEMPT 429 W0 DONE 4x2 seed=25592 nsol=16 0.01s 2026-07-22T17:24:46.316
ATTEMPT 430 W0 START 4x2 seed=25593 2026-07-22T17:24:46.317
ATTEMPT 430 W0 SOLVE 4x2 2026-07-22T17:24:46.322
ATTEMPT 430 W0 DONE 4x2 seed=25593 nsol=16 0.01s 2026-07-22T17:24:46.329
ATTEMPT 431 W0 START 4x2 seed=25594 2026-07-22T17:24:46.330
ATTEMPT 431 W0 SOLVE 4x2 2026-07-22T17:24:46.339
ATTEMPT 431 W0 DONE 4x2 seed=25594 nsol=16 0.02s 2026-07-22T17:24:46.355
ATTEMPT 432 W0 START 4x2 seed=25595 2026-07-22T17:24:46.355
ATTEMPT 432 W0 SOLVE 4x2 2026-07-22T17:24:46.363
ATTEMPT 432 W0 DONE 4x2 seed=25595 nsol=16 0.01s 2026-07-22T17:24:46.369
ATTEMPT 433 W0 START 4x2 seed=25596 2026-07-22T17:24:46.369
ATTEMPT 433 W0 SOLVE 4x2 2026-07-22T17:24:46.376
ATTEMPT 433 W0 DONE 4x2 seed=25596 nsol=16 0.00s 2026-07-22T17:24:46.380
ATTEMPT 434 W0 START 4x2 seed=25597 2026-07-22T17:24:46.381
ATTEMPT 434 W0 SOLVE 4x2 2026-07-22T17:24:46.387
ATTEMPT 434 W0 DONE 4x2 seed=25597 nsol=16 0.01s 2026-07-22T17:24:46.393
ATTEMPT 435 W0 START 4x2 seed=25598 2026-07-22T17:24:46.393
ATTEMPT 435 W0 SOLVE 4x2 2026-07-22T17:24:46.400
ATTEMPT 435 W0 DONE 4x2 seed=25598 nsol=16 0.03s 2026-07-22T17:24:46.429
ATTEMPT 436 W0 START 4x2 seed=25599 2026-07-22T17:24:46.436
ATTEMPT 436 W0 SOLVE 4x2 2026-07-22T17:24:46.445
ATTEMPT 436 W0 DONE 4x2 seed=25599 nsol=16 0.01s 2026-07-22T17:24:46.454
ATTEMPT 437 W0 START 4x2 seed=25600 2026-07-22T17:24:46.454
ATTEMPT 437 W0 SOLVE 4x2 2026-07-22T17:24:46.461
ATTEMPT 437 W0 DONE 4x2 seed=25600 nsol=16 0.01s 2026-07-22T17:24:46.467
ATTEMPT 438 W0 START 4x2 seed=25601 2026-07-22T17:24:46.467
ATTEMPT 438 W0 SOLVE 4x2 2026-07-22T17:24:46.472
ATTEMPT 438 W0 DONE 4x2 seed=25601 nsol=16 0.01s 2026-07-22T17:24:46.479
ATTEMPT 439 W0 START 4x2 seed=25602 2026-07-22T17:24:46.479
ATTEMPT 439 W0 SOLVE 4x2 2026-07-22T17:24:46.486
ATTEMPT 439 W0 DONE 4x2 seed=25602 nsol=16 0.02s 2026-07-22T17:24:46.503
ATTEMPT 440 W0 START 4x2 seed=25603 2026-07-22T17:24:46.503
ATTEMPT 440 W0 SOLVE 4x2 2026-07-22T17:24:46.509
ATTEMPT 440 W0 DONE 4x2 seed=25603 nsol=16 0.01s 2026-07-22T17:24:46.523
ATTEMPT 441 W0 START 4x2 seed=25604 2026-07-22T17:24:46.523
ATTEMPT 441 W0 SOLVE 4x2 2026-07-22T17:24:46.531
ATTEMPT 441 W0 DONE 4x2 seed=25604 nsol=16 0.01s 2026-07-22T17:24:46.539
ATTEMPT 442 W0 START 4x2 seed=25605 2026-07-22T17:24:46.540
ATTEMPT 442 W0 SOLVE 4x2 2026-07-22T17:24:46.546
ATTEMPT 442 W0 DONE 4x2 seed=25605 nsol=16 0.01s 2026-07-22T17:24:46.553
ATTEMPT 443 W0 START 4x2 seed=25606 2026-07-22T17:24:46.553
ATTEMPT 443 W0 SOLVE 4x2 2026-07-22T17:24:46.561
ATTEMPT 443 W0 DONE 4x2 seed=25606 nsol=16 0.02s 2026-07-22T17:24:46.579
ATTEMPT 444 W0 START 4x2 seed=25607 2026-07-22T17:24:46.579
ATTEMPT 444 W0 SOLVE 4x2 2026-07-22T17:24:46.587
ATTEMPT 444 W0 DONE 4x2 seed=25607 nsol=16 0.01s 2026-07-22T17:24:46.601
ATTEMPT 445 W0 START 4x2 seed=25608 2026-07-22T17:24:46.602
ATTEMPT 445 W0 SOLVE 4x2 2026-07-22T17:24:46.610
ATTEMPT 445 W0 DONE 4x2 seed=25608 nsol=16 0.01s 2026-07-22T17:24:46.617
ATTEMPT 446 W0 START 4x2 seed=25609 2026-07-22T17:24:46.617
ATTEMPT 446 W0 SOLVE 4x2 2026-07-22T17:24:46.625
ATTEMPT 446 W0 DONE 4x2 seed=25609 nsol=16 0.01s 2026-07-22T17:24:46.632
ATTEMPT 447 W0 START 4x2 seed=25610 2026-07-22T17:24:46.632
ATTEMPT 447 W0 SOLVE 4x2 2026-07-22T17:24:46.639
ATTEMPT 447 W0 DONE 4x2 seed=25610 nsol=16 0.00s 2026-07-22T17:24:46.643
ATTEMPT 448 W0 START 4x2 seed=25611 2026-07-22T17:24:46.643
ATTEMPT 448 W0 SOLVE 4x2 2026-07-22T17:24:46.649
ATTEMPT 448 W0 DONE 4x2 seed=25611 nsol=16 0.01s 2026-07-22T17:24:46.663
ATTEMPT 449 W0 START 4x2 seed=25612 2026-07-22T17:24:46.663
ATTEMPT 449 W0 SOLVE 4x2 2026-07-22T17:24:46.672
ATTEMPT 449 W0 DONE 4x2 seed=25612 nsol=16 0.01s 2026-07-22T17:24:46.682
ATTEMPT 450 W0 START 4x2 seed=25613 2026-07-22T17:24:46.682
ATTEMPT 450 W0 SOLVE 4x2 2026-07-22T17:24:46.690
ATTEMPT 450 W0 DONE 4x2 seed=25613 nsol=16 0.01s 2026-07-22T17:24:46.705
ATTEMPT 451 W0 START 4x2 seed=25614 2026-07-22T17:24:46.705
ATTEMPT 451 W0 SOLVE 4x2 2026-07-22T17:24:46.713
ATTEMPT 451 W0 DONE 4x2 seed=25614 nsol=16 0.01s 2026-07-22T17:24:46.721
ATTEMPT 452 W0 START 4x2 seed=25615 2026-07-22T17:24:46.721
ATTEMPT 452 W0 SOLVE 4x2 2026-07-22T17:24:46.729
ATTEMPT 452 W0 DONE 4x2 seed=25615 nsol=16 0.01s 2026-07-22T17:24:46.737
ATTEMPT 453 W0 START 4x2 seed=25616 2026-07-22T17:24:46.737
ATTEMPT 453 W0 SOLVE 4x2 2026-07-22T17:24:46.744
ATTEMPT 453 W0 DONE 4x2 seed=25616 nsol=16 0.00s 2026-07-22T17:24:46.748
ATTEMPT 454 W0 START 4x2 seed=25617 2026-07-22T17:24:46.748
ATTEMPT 454 W0 SOLVE 4x2 2026-07-22T17:24:46.754
ATTEMPT 454 W0 DONE 4x2 seed=25617 nsol=16 0.00s 2026-07-22T17:24:46.759
ATTEMPT 455 W0 START 4x2 seed=25618 2026-07-22T17:24:46.759
ATTEMPT 455 W0 SOLVE 4x2 2026-07-22T17:24:46.765
ATTEMPT 455 W0 DONE 4x2 seed=25618 nsol=16 0.01s 2026-07-22T17:24:46.779
ATTEMPT 456 W0 START 4x2 seed=25619 2026-07-22T17:24:46.779
ATTEMPT 456 W0 SOLVE 4x2 2026-07-22T17:24:46.786
ATTEMPT 456 W0 DONE 4x2 seed=25619 nsol=16 0.01s 2026-07-22T17:24:46.794
ATTEMPT 457 W0 START 4x2 seed=25620 2026-07-22T17:24:46.794
ATTEMPT 457 W0 SOLVE 4x2 2026-07-22T17:24:46.801
ATTEMPT 457 W0 DONE 4x2 seed=25620 nsol=16 0.01s 2026-07-22T17:24:46.807
ATTEMPT 458 W0 START 4x2 seed=25621 2026-07-22T17:24:46.807
ATTEMPT 458 W0 SOLVE 4x2 2026-07-22T17:24:46.813
ATTEMPT 458 W0 DONE 4x2 seed=25621 nsol=16 0.00s 2026-07-22T17:24:46.817
ATTEMPT 459 W0 START 4x2 seed=25622 2026-07-22T17:24:46.817
ATTEMPT 459 W0 SOLVE 4x2 2026-07-22T17:24:46.823
ATTEMPT 459 W0 DONE 4x2 seed=25622 nsol=16 0.01s 2026-07-22T17:24:46.834
ATTEMPT 460 W0 START 4x2 seed=25623 2026-07-22T17:24:46.835
ATTEMPT 460 W0 SOLVE 4x2 2026-07-22T17:24:46.840
ATTEMPT 460 W0 DONE 4x2 seed=25623 nsol=16 0.01s 2026-07-22T17:24:46.845
ATTEMPT 461 W0 START 4x2 seed=25624 2026-07-22T17:24:46.846
ATTEMPT 461 W0 SOLVE 4x2 2026-07-22T17:24:46.852
ATTEMPT 461 W0 DONE 4x2 seed=25624 nsol=16 0.03s 2026-07-22T17:24:46.878
ATTEMPT 462 W0 START 4x2 seed=25625 2026-07-22T17:24:46.879
ATTEMPT 462 W0 SOLVE 4x2 2026-07-22T17:24:46.885
ATTEMPT 462 W0 DONE 4x2 seed=25625 nsol=16 0.01s 2026-07-22T17:24:46.896
ATTEMPT 463 W0 START 4x2 seed=25626 2026-07-22T17:24:46.896
ATTEMPT 463 W0 SOLVE 4x2 2026-07-22T17:24:46.903
ATTEMPT 463 W0 DONE 4x2 seed=25626 nsol=16 0.01s 2026-07-22T17:24:46.912
ATTEMPT 464 W0 START 4x2 seed=25627 2026-07-22T17:24:46.912
ATTEMPT 464 W0 SOLVE 4x2 2026-07-22T17:24:46.919
ATTEMPT 464 W0 DONE 4x2 seed=25627 nsol=16 0.01s 2026-07-22T17:24:46.929
ATTEMPT 465 W0 START 4x2 seed=25628 2026-07-22T17:24:46.929
ATTEMPT 465 W0 SOLVE 4x2 2026-07-22T17:24:46.934
ATTEMPT 465 W0 DONE 4x2 seed=25628 nsol=16 0.01s 2026-07-22T17:24:46.940
ATTEMPT 466 W0 START 4x2 seed=25629 2026-07-22T17:24:46.940
ATTEMPT 466 W0 SOLVE 4x2 2026-07-22T17:24:46.948
ATTEMPT 466 W0 DONE 4x2 seed=25629 nsol=16 0.01s 2026-07-22T17:24:46.955
ATTEMPT 467 W0 START 4x2 seed=25630 2026-07-22T17:24:46.956
ATTEMPT 467 W0 SOLVE 4x2 2026-07-22T17:24:46.962
ATTEMPT 467 W0 DONE 4x2 seed=25630 nsol=16 0.01s 2026-07-22T17:24:46.967
ATTEMPT 468 W0 START 4x2 seed=25631 2026-07-22T17:24:46.967
ATTEMPT 468 W0 SOLVE 4x2 2026-07-22T17:24:46.973
ATTEMPT 468 W0 DONE 4x2 seed=25631 nsol=16 0.01s 2026-07-22T17:24:46.981
ATTEMPT 469 W0 START 4x2 seed=25632 2026-07-22T17:24:46.982
ATTEMPT 469 W0 SOLVE 4x2 2026-07-22T17:24:46.987
ATTEMPT 469 W0 DONE 4x2 seed=25632 nsol=16 0.01s 2026-07-22T17:24:46.992
ATTEMPT 470 W0 START 4x2 seed=25633 2026-07-22T17:24:46.992
ATTEMPT 470 W0 SOLVE 4x2 2026-07-22T17:24:46.997
ATTEMPT 470 W0 DONE 4x2 seed=25633 nsol=16 0.01s 2026-07-22T17:24:47.003
ATTEMPT 471 W0 START 4x2 seed=25634 2026-07-22T17:24:47.003
ATTEMPT 471 W0 SOLVE 4x2 2026-07-22T17:24:47.008
ATTEMPT 471 W0 DONE 4x2 seed=25634 nsol=16 0.01s 2026-07-22T17:24:47.014
ATTEMPT 472 W0 START 4x2 seed=25635 2026-07-22T17:24:47.015
ATTEMPT 472 W0 SOLVE 4x2 2026-07-22T17:24:47.021
ATTEMPT 472 W0 DONE 4x2 seed=25635 nsol=16 0.01s 2026-07-22T17:24:47.032
ATTEMPT 473 W0 START 4x2 seed=25636 2026-07-22T17:24:47.032
ATTEMPT 473 W0 SOLVE 4x2 2026-07-22T17:24:47.038
ATTEMPT 473 W0 DONE 4x2 seed=25636 nsol=16 0.01s 2026-07-22T17:24:47.043
ATTEMPT 474 W0 START 4x2 seed=25637 2026-07-22T17:24:47.043
ATTEMPT 474 W0 SOLVE 4x2 2026-07-22T17:24:47.049
ATTEMPT 474 W0 DONE 4x2 seed=25637 nsol=16 0.00s 2026-07-22T17:24:47.053
ATTEMPT 475 W0 START 4x2 seed=25638 2026-07-22T17:24:47.053
ATTEMPT 475 W0 SOLVE 4x2 2026-07-22T17:24:47.058
ATTEMPT 475 W0 DONE 4x2 seed=25638 nsol=16 0.01s 2026-07-22T17:24:47.065
ATTEMPT 476 W0 START 4x2 seed=25639 2026-07-22T17:24:47.065
ATTEMPT 476 W0 SOLVE 4x2 2026-07-22T17:24:47.072
ATTEMPT 476 W0 DONE 4x2 seed=25639 nsol=16 0.01s 2026-07-22T17:24:47.079
ATTEMPT 477 W0 START 4x2 seed=25640 2026-07-22T17:24:47.079
ATTEMPT 477 W0 SOLVE 4x2 2026-07-22T17:24:47.086
ATTEMPT 477 W0 DONE 4x2 seed=25640 nsol=16 0.01s 2026-07-22T17:24:47.093
ATTEMPT 478 W0 START 4x2 seed=25641 2026-07-22T17:24:47.093
ATTEMPT 478 W0 SOLVE 4x2 2026-07-22T17:24:47.098
ATTEMPT 478 W0 DONE 4x2 seed=25641 nsol=16 0.00s 2026-07-22T17:24:47.103
ATTEMPT 479 W0 START 4x2 seed=25642 2026-07-22T17:24:47.103
ATTEMPT 479 W0 SOLVE 4x2 2026-07-22T17:24:47.108
ATTEMPT 479 W0 DONE 4x2 seed=25642 nsol=16 0.01s 2026-07-22T17:24:47.114
ATTEMPT 480 W0 START 4x2 seed=25643 2026-07-22T17:24:47.114
ATTEMPT 480 W0 SOLVE 4x2 2026-07-22T17:24:47.122
ATTEMPT 480 W0 DONE 4x2 seed=25643 nsol=16 0.01s 2026-07-22T17:24:47.128
ATTEMPT 481 W0 START 4x2 seed=25644 2026-07-22T17:24:47.128
ATTEMPT 481 W0 SOLVE 4x2 2026-07-22T17:24:47.134
ATTEMPT 481 W0 DONE 4x2 seed=25644 nsol=16 0.01s 2026-07-22T17:24:47.143
ATTEMPT 482 W0 START 4x2 seed=25645 2026-07-22T17:24:47.143
ATTEMPT 482 W0 SOLVE 4x2 2026-07-22T17:24:47.150
ATTEMPT 482 W0 DONE 4x2 seed=25645 nsol=16 0.01s 2026-07-22T17:24:47.156
ATTEMPT 483 W0 START 4x2 seed=25646 2026-07-22T17:24:47.156
ATTEMPT 483 W0 SOLVE 4x2 2026-07-22T17:24:47.161
ATTEMPT 483 W0 DONE 4x2 seed=25646 nsol=16 0.01s 2026-07-22T17:24:47.168
ATTEMPT 484 W0 START 4x2 seed=25647 2026-07-22T17:24:47.168
ATTEMPT 484 W0 SOLVE 4x2 2026-07-22T17:24:47.173
ATTEMPT 484 W0 DONE 4x2 seed=25647 nsol=16 0.01s 2026-07-22T17:24:47.183
ATTEMPT 485 W0 START 4x2 seed=25648 2026-07-22T17:24:47.183
ATTEMPT 485 W0 SOLVE 4x2 2026-07-22T17:24:47.189
ATTEMPT 485 W0 DONE 4x2 seed=25648 nsol=16 0.03s 2026-07-22T17:24:47.214
ATTEMPT 486 W0 START 4x2 seed=25649 2026-07-22T17:24:47.214
ATTEMPT 486 W0 SOLVE 4x2 2026-07-22T17:24:47.222
ATTEMPT 486 W0 DONE 4x2 seed=25649 nsol=16 0.01s 2026-07-22T17:24:47.235
ATTEMPT 487 W0 START 4x2 seed=25650 2026-07-22T17:24:47.235
ATTEMPT 487 W0 SOLVE 4x2 2026-07-22T17:24:47.243
ATTEMPT 487 W0 DONE 4x2 seed=25650 nsol=16 0.01s 2026-07-22T17:24:47.250
ATTEMPT 488 W0 START 4x2 seed=25651 2026-07-22T17:24:47.250
ATTEMPT 488 W0 SOLVE 4x2 2026-07-22T17:24:47.255
ATTEMPT 488 W0 DONE 4x2 seed=25651 nsol=16 0.00s 2026-07-22T17:24:47.259
ATTEMPT 489 W0 START 4x2 seed=25652 2026-07-22T17:24:47.259
ATTEMPT 489 W0 SOLVE 4x2 2026-07-22T17:24:47.265
ATTEMPT 489 W0 DONE 4x2 seed=25652 nsol=16 0.00s 2026-07-22T17:24:47.269
ATTEMPT 490 W0 START 4x2 seed=25653 2026-07-22T17:24:47.269
ATTEMPT 490 W0 SOLVE 4x2 2026-07-22T17:24:47.274
ATTEMPT 490 W0 DONE 4x2 seed=25653 nsol=16 0.01s 2026-07-22T17:24:47.282
ATTEMPT 491 W0 START 4x2 seed=25654 2026-07-22T17:24:47.282
ATTEMPT 491 W0 SOLVE 4x2 2026-07-22T17:24:47.287
ATTEMPT 491 W0 DONE 4x2 seed=25654 nsol=16 0.01s 2026-07-22T17:24:47.293
ATTEMPT 492 W0 START 4x2 seed=25655 2026-07-22T17:24:47.293
ATTEMPT 492 W0 SOLVE 4x2 2026-07-22T17:24:47.298
ATTEMPT 492 W0 DONE 4x2 seed=25655 nsol=16 0.00s 2026-07-22T17:24:47.302
ATTEMPT 493 W0 START 4x2 seed=25656 2026-07-22T17:24:47.302
ATTEMPT 493 W0 SOLVE 4x2 2026-07-22T17:24:47.308
ATTEMPT 493 W0 DONE 4x2 seed=25656 nsol=16 0.00s 2026-07-22T17:24:47.313
ATTEMPT 494 W0 START 4x2 seed=25657 2026-07-22T17:24:47.313
ATTEMPT 494 W0 SOLVE 4x2 2026-07-22T17:24:47.319
ATTEMPT 494 W0 DONE 4x2 seed=25657 nsol=16 0.01s 2026-07-22T17:24:47.331
ATTEMPT 495 W0 START 4x2 seed=25658 2026-07-22T17:24:47.331
ATTEMPT 495 W0 SOLVE 4x2 2026-07-22T17:24:47.336
ATTEMPT 495 W0 DONE 4x2 seed=25658 nsol=16 0.00s 2026-07-22T17:24:47.341
ATTEMPT 496 W0 START 4x2 seed=25659 2026-07-22T17:24:47.341
ATTEMPT 496 W0 SOLVE 4x2 2026-07-22T17:24:47.346
ATTEMPT 496 W0 DONE 4x2 seed=25659 nsol=16 0.00s 2026-07-22T17:24:47.351
ATTEMPT 497 W0 START 4x2 seed=25660 2026-07-22T17:24:47.351
ATTEMPT 497 W0 SOLVE 4x2 2026-07-22T17:24:47.356
ATTEMPT 497 W0 DONE 4x2 seed=25660 nsol=16 0.01s 2026-07-22T17:24:47.361
ATTEMPT 498 W0 START 4x2 seed=25661 2026-07-22T17:24:47.362
ATTEMPT 498 W0 SOLVE 4x2 2026-07-22T17:24:47.367
ATTEMPT 498 W0 DONE 4x2 seed=25661 nsol=16 0.00s 2026-07-22T17:24:47.372
ATTEMPT 499 W0 START 4x2 seed=25662 2026-07-22T17:24:47.372
ATTEMPT 499 W0 SOLVE 4x2 2026-07-22T17:24:47.378
ATTEMPT 499 W0 DONE 4x2 seed=25662 nsol=16 0.00s 2026-07-22T17:24:47.382
ATTEMPT 500 W0 START 4x2 seed=25663 2026-07-22T17:24:47.383
ATTEMPT 500 W0 SOLVE 4x2 2026-07-22T17:24:47.390
ATTEMPT 500 W0 DONE 4x2 seed=25663 nsol=16 0.01s 2026-07-22T17:24:47.396
ATTEMPT 501 W0 START 4x2 seed=25664 2026-07-22T17:24:47.397
ATTEMPT 501 W0 SOLVE 4x2 2026-07-22T17:24:47.404
ATTEMPT 501 W0 DONE 4x2 seed=25664 nsol=16 0.01s 2026-07-22T17:24:47.415
ATTEMPT 502 W0 START 4x2 seed=25665 2026-07-22T17:24:47.415
ATTEMPT 502 W0 SOLVE 4x2 2026-07-22T17:24:47.421
ATTEMPT 502 W0 DONE 4x2 seed=25665 nsol=16 0.00s 2026-07-22T17:24:47.425
ATTEMPT 503 W0 START 4x2 seed=25666 2026-07-22T17:24:47.425
ATTEMPT 503 W0 SOLVE 4x2 2026-07-22T17:24:47.430
ATTEMPT 503 W0 DONE 4x2 seed=25666 nsol=16 0.00s 2026-07-22T17:24:47.435
ATTEMPT 504 W0 START 4x2 seed=25667 2026-07-22T17:24:47.435
ATTEMPT 504 W0 SOLVE 4x2 2026-07-22T17:24:47.441
ATTEMPT 504 W0 DONE 4x2 seed=25667 nsol=16 0.01s 2026-07-22T17:24:47.446
ATTEMPT 505 W0 START 4x2 seed=25668 2026-07-22T17:24:47.446
ATTEMPT 505 W0 SOLVE 4x2 2026-07-22T17:24:47.451
ATTEMPT 505 W0 DONE 4x2 seed=25668 nsol=16 0.00s 2026-07-22T17:24:47.455
ATTEMPT 506 W0 START 4x2 seed=25669 2026-07-22T17:24:47.455
ATTEMPT 506 W0 SOLVE 4x2 2026-07-22T17:24:47.461
ATTEMPT 506 W0 DONE 4x2 seed=25669 nsol=16 0.00s 2026-07-22T17:24:47.465
ATTEMPT 507 W0 START 4x2 seed=25670 2026-07-22T17:24:47.465
ATTEMPT 507 W0 SOLVE 4x2 2026-07-22T17:24:47.471
ATTEMPT 507 W0 DONE 4x2 seed=25670 nsol=16 0.00s 2026-07-22T17:24:47.475
ATTEMPT 508 W0 START 4x2 seed=25671 2026-07-22T17:24:47.475
ATTEMPT 508 W0 SOLVE 4x2 2026-07-22T17:24:47.480
ATTEMPT 508 W0 DONE 4x2 seed=25671 nsol=16 0.00s 2026-07-22T17:24:47.484
ATTEMPT 509 W0 START 4x2 seed=25672 2026-07-22T17:24:47.484
ATTEMPT 509 W0 SOLVE 4x2 2026-07-22T17:24:47.489
ATTEMPT 509 W0 DONE 4x2 seed=25672 nsol=16 0.01s 2026-07-22T17:24:47.499
ATTEMPT 510 W0 START 4x2 seed=25673 2026-07-22T17:24:47.499
ATTEMPT 510 W0 SOLVE 4x2 2026-07-22T17:24:47.504
ATTEMPT 510 W0 DONE 4x2 seed=25673 nsol=16 0.06s 2026-07-22T17:24:47.566
ATTEMPT 511 W0 START 4x2 seed=25674 2026-07-22T17:24:47.566
ATTEMPT 511 W0 SOLVE 4x2 2026-07-22T17:24:47.572
ATTEMPT 511 W0 DONE 4x2 seed=25674 nsol=16 0.01s 2026-07-22T17:24:47.583
ATTEMPT 512 W0 START 4x2 seed=25675 2026-07-22T17:24:47.583
ATTEMPT 512 W0 SOLVE 4x2 2026-07-22T17:24:47.589
ATTEMPT 512 W0 DONE 4x2 seed=25675 nsol=16 0.01s 2026-07-22T17:24:47.601
ATTEMPT 513 W0 START 4x2 seed=25676 2026-07-22T17:24:47.601
ATTEMPT 513 W0 SOLVE 4x2 2026-07-22T17:24:47.607
ATTEMPT 513 W0 DONE 4x2 seed=25676 nsol=16 0.01s 2026-07-22T17:24:47.615
ATTEMPT 514 W0 START 4x2 seed=25677 2026-07-22T17:24:47.615
ATTEMPT 514 W0 SOLVE 4x2 2026-07-22T17:24:47.621
ATTEMPT 514 W0 DONE 4x2 seed=25677 nsol=16 0.01s 2026-07-22T17:24:47.628
ATTEMPT 515 W0 START 4x2 seed=25678 2026-07-22T17:24:47.628
ATTEMPT 515 W0 SOLVE 4x2 2026-07-22T17:24:47.634
ATTEMPT 515 W0 DONE 4x2 seed=25678 nsol=16 0.00s 2026-07-22T17:24:47.638
ATTEMPT 516 W0 START 4x2 seed=25679 2026-07-22T17:24:47.639
ATTEMPT 516 W0 SOLVE 4x2 2026-07-22T17:24:47.644
ATTEMPT 516 W0 DONE 4x2 seed=25679 nsol=16 0.00s 2026-07-22T17:24:47.648
ATTEMPT 517 W0 START 4x2 seed=25680 2026-07-22T17:24:47.648
ATTEMPT 517 W0 SOLVE 4x2 2026-07-22T17:24:47.653
ATTEMPT 517 W0 DONE 4x2 seed=25680 nsol=16 0.00s 2026-07-22T17:24:47.658
ATTEMPT 518 W0 START 4x2 seed=25681 2026-07-22T17:24:47.658
ATTEMPT 518 W0 SOLVE 4x2 2026-07-22T17:24:47.663
ATTEMPT 518 W0 DONE 4x2 seed=25681 nsol=16 0.01s 2026-07-22T17:24:47.669
ATTEMPT 519 W0 START 4x2 seed=25682 2026-07-22T17:24:47.669
ATTEMPT 519 W0 SOLVE 4x2 2026-07-22T17:24:47.674
ATTEMPT 519 W0 DONE 4x2 seed=25682 nsol=16 0.00s 2026-07-22T17:24:47.678
ATTEMPT 520 W0 START 4x2 seed=25683 2026-07-22T17:24:47.678
ATTEMPT 520 W0 SOLVE 4x2 2026-07-22T17:24:47.684
ATTEMPT 520 W0 DONE 4x2 seed=25683 nsol=16 0.00s 2026-07-22T17:24:47.688
ATTEMPT 521 W0 START 4x2 seed=25684 2026-07-22T17:24:47.688
ATTEMPT 521 W0 SOLVE 4x2 2026-07-22T17:24:47.693
ATTEMPT 521 W0 DONE 4x2 seed=25684 nsol=16 0.00s 2026-07-22T17:24:47.698
ATTEMPT 522 W0 START 4x2 seed=25685 2026-07-22T17:24:47.698
ATTEMPT 522 W0 SOLVE 4x2 2026-07-22T17:24:47.703
ATTEMPT 522 W0 DONE 4x2 seed=25685 nsol=16 0.01s 2026-07-22T17:24:47.709
ATTEMPT 523 W0 START 4x2 seed=25686 2026-07-22T17:24:47.710
ATTEMPT 523 W0 SOLVE 4x2 2026-07-22T17:24:47.717
ATTEMPT 523 W0 DONE 4x2 seed=25686 nsol=16 0.01s 2026-07-22T17:24:47.723
ATTEMPT 524 W0 START 4x2 seed=25687 2026-07-22T17:24:47.723
ATTEMPT 524 W0 SOLVE 4x2 2026-07-22T17:24:47.728
ATTEMPT 524 W0 DONE 4x2 seed=25687 nsol=16 0.00s 2026-07-22T17:24:47.733
ATTEMPT 525 W0 START 4x2 seed=25688 2026-07-22T17:24:47.733
ATTEMPT 525 W0 SOLVE 4x2 2026-07-22T17:24:47.738
ATTEMPT 525 W0 DONE 4x2 seed=25688 nsol=16 0.01s 2026-07-22T17:24:47.747
ATTEMPT 526 W0 START 4x2 seed=25689 2026-07-22T17:24:47.747
ATTEMPT 526 W0 SOLVE 4x2 2026-07-22T17:24:47.754
ATTEMPT 526 W0 DONE 4x2 seed=25689 nsol=16 0.01s 2026-07-22T17:24:47.759
ATTEMPT 527 W0 START 4x2 seed=25690 2026-07-22T17:24:47.760
ATTEMPT 527 W0 SOLVE 4x2 2026-07-22T17:24:47.768
ATTEMPT 527 W0 DONE 4x2 seed=25690 nsol=16 0.01s 2026-07-22T17:24:47.776
ATTEMPT 528 W0 START 4x2 seed=25691 2026-07-22T17:24:47.777
ATTEMPT 528 W0 SOLVE 4x2 2026-07-22T17:24:47.784
ATTEMPT 528 W0 DONE 4x2 seed=25691 nsol=16 0.01s 2026-07-22T17:24:47.792
ATTEMPT 529 W0 START 4x2 seed=25692 2026-07-22T17:24:47.792
ATTEMPT 529 W0 SOLVE 4x2 2026-07-22T17:24:47.799
ATTEMPT 529 W0 DONE 4x2 seed=25692 nsol=16 0.01s 2026-07-22T17:24:47.805
ATTEMPT 530 W0 START 4x2 seed=25693 2026-07-22T17:24:47.806
ATTEMPT 530 W0 SOLVE 4x2 2026-07-22T17:24:47.811
ATTEMPT 530 W0 DONE 4x2 seed=25693 nsol=16 0.00s 2026-07-22T17:24:47.816
ATTEMPT 531 W0 START 4x2 seed=25694 2026-07-22T17:24:47.816
ATTEMPT 531 W0 SOLVE 4x2 2026-07-22T17:24:47.821
ATTEMPT 531 W0 DONE 4x2 seed=25694 nsol=16 0.00s 2026-07-22T17:24:47.826
ATTEMPT 532 W0 START 4x2 seed=25695 2026-07-22T17:24:47.826
ATTEMPT 532 W0 SOLVE 4x2 2026-07-22T17:24:47.832
ATTEMPT 532 W0 DONE 4x2 seed=25695 nsol=16 0.01s 2026-07-22T17:24:47.838
ATTEMPT 533 W0 START 4x2 seed=25696 2026-07-22T17:24:47.838
ATTEMPT 533 W0 SOLVE 4x2 2026-07-22T17:24:47.843
ATTEMPT 533 W0 DONE 4x2 seed=25696 nsol=16 0.01s 2026-07-22T17:24:47.850
ATTEMPT 534 W0 START 4x2 seed=25697 2026-07-22T17:24:47.850
ATTEMPT 534 W0 SOLVE 4x2 2026-07-22T17:24:47.859
ATTEMPT 534 W0 DONE 4x2 seed=25697 nsol=16 0.01s 2026-07-22T17:24:47.865
ATTEMPT 535 W0 START 4x2 seed=25698 2026-07-22T17:24:47.865
ATTEMPT 535 W0 SOLVE 4x2 2026-07-22T17:24:47.871
ATTEMPT 535 W0 DONE 4x2 seed=25698 nsol=16 0.13s 2026-07-22T17:24:48.001
ATTEMPT 536 W0 START 4x2 seed=25699 2026-07-22T17:24:48.001
ATTEMPT 536 W0 SOLVE 4x2 2026-07-22T17:24:48.008
ATTEMPT 536 W0 DONE 4x2 seed=25699 nsol=16 0.01s 2026-07-22T17:24:48.014
ATTEMPT 537 W0 START 4x2 seed=25700 2026-07-22T17:24:48.014
ATTEMPT 537 W0 SOLVE 4x2 2026-07-22T17:24:48.020
ATTEMPT 537 W0 DONE 4x2 seed=25700 nsol=16 0.00s 2026-07-22T17:24:48.024
ATTEMPT 538 W0 START 4x2 seed=25701 2026-07-22T17:24:48.024
ATTEMPT 538 W0 SOLVE 4x2 2026-07-22T17:24:48.030
ATTEMPT 538 W0 DONE 4x2 seed=25701 nsol=16 0.01s 2026-07-22T17:24:48.035
ATTEMPT 539 W0 START 4x2 seed=25702 2026-07-22T17:24:48.035
ATTEMPT 539 W0 SOLVE 4x2 2026-07-22T17:24:48.040
ATTEMPT 539 W0 DONE 4x2 seed=25702 nsol=16 0.00s 2026-07-22T17:24:48.044
ATTEMPT 540 W0 START 4x2 seed=25703 2026-07-22T17:24:48.044
ATTEMPT 540 W0 SOLVE 4x2 2026-07-22T17:24:48.050
ATTEMPT 540 W0 DONE 4x2 seed=25703 nsol=16 0.00s 2026-07-22T17:24:48.054
ATTEMPT 541 W0 START 4x2 seed=25704 2026-07-22T17:24:48.055
ATTEMPT 541 W0 SOLVE 4x2 2026-07-22T17:24:48.061
ATTEMPT 541 W0 DONE 4x2 seed=25704 nsol=16 0.00s 2026-07-22T17:24:48.065
ATTEMPT 542 W0 START 4x2 seed=25705 2026-07-22T17:24:48.065
ATTEMPT 542 W0 SOLVE 4x2 2026-07-22T17:24:48.070
ATTEMPT 542 W0 DONE 4x2 seed=25705 nsol=16 0.01s 2026-07-22T17:24:48.076
ATTEMPT 543 W0 START 4x2 seed=25706 2026-07-22T17:24:48.077
ATTEMPT 543 W0 SOLVE 4x2 2026-07-22T17:24:48.082
ATTEMPT 543 W0 DONE 4x2 seed=25706 nsol=16 0.01s 2026-07-22T17:24:48.089
ATTEMPT 544 W0 START 4x2 seed=25707 2026-07-22T17:24:48.089
ATTEMPT 544 W0 SOLVE 4x2 2026-07-22T17:24:48.094
ATTEMPT 544 W0 DONE 4x2 seed=25707 nsol=16 0.00s 2026-07-22T17:24:48.099
ATTEMPT 545 W0 START 4x2 seed=25708 2026-07-22T17:24:48.099
ATTEMPT 545 W0 SOLVE 4x2 2026-07-22T17:24:48.105
ATTEMPT 545 W0 DONE 4x2 seed=25708 nsol=16 0.01s 2026-07-22T17:24:48.112
ATTEMPT 546 W0 START 4x2 seed=25709 2026-07-22T17:24:48.112
ATTEMPT 546 W0 SOLVE 4x2 2026-07-22T17:24:48.117
ATTEMPT 546 W0 DONE 4x2 seed=25709 nsol=16 0.00s 2026-07-22T17:24:48.121
ATTEMPT 547 W0 START 4x2 seed=25710 2026-07-22T17:24:48.121
ATTEMPT 547 W0 SOLVE 4x2 2026-07-22T17:24:48.127
ATTEMPT 547 W0 DONE 4x2 seed=25710 nsol=16 0.00s 2026-07-22T17:24:48.131
ATTEMPT 548 W0 START 4x2 seed=25711 2026-07-22T17:24:48.132
ATTEMPT 548 W0 SOLVE 4x2 2026-07-22T17:24:48.137
ATTEMPT 548 W0 DONE 4x2 seed=25711 nsol=16 0.01s 2026-07-22T17:24:48.142
ATTEMPT 549 W0 START 4x2 seed=25712 2026-07-22T17:24:48.143
ATTEMPT 549 W0 SOLVE 4x2 2026-07-22T17:24:48.148
ATTEMPT 549 W0 DONE 4x2 seed=25712 nsol=16 0.00s 2026-07-22T17:24:48.153
ATTEMPT 550 W0 START 4x2 seed=25713 2026-07-22T17:24:48.153
ATTEMPT 550 W0 SOLVE 4x2 2026-07-22T17:24:48.158
ATTEMPT 550 W0 DONE 4x2 seed=25713 nsol=16 0.00s 2026-07-22T17:24:48.162
ATTEMPT 551 W0 START 4x2 seed=25714 2026-07-22T17:24:48.162
ATTEMPT 551 W0 SOLVE 4x2 2026-07-22T17:24:48.168
ATTEMPT 551 W0 DONE 4x2 seed=25714 nsol=16 0.01s 2026-07-22T17:24:48.173
ATTEMPT 552 W0 START 4x2 seed=25715 2026-07-22T17:24:48.173
ATTEMPT 552 W0 SOLVE 4x2 2026-07-22T17:24:48.178
ATTEMPT 552 W0 DONE 4x2 seed=25715 nsol=16 0.00s 2026-07-22T17:24:48.182
ATTEMPT 553 W0 START 4x2 seed=25716 2026-07-22T17:24:48.182
ATTEMPT 553 W0 SOLVE 4x2 2026-07-22T17:24:48.187
ATTEMPT 553 W0 DONE 4x2 seed=25716 nsol=16 0.00s 2026-07-22T17:24:48.192
ATTEMPT 554 W0 START 4x2 seed=25717 2026-07-22T17:24:48.192
ATTEMPT 554 W0 SOLVE 4x2 2026-07-22T17:24:48.198
ATTEMPT 554 W0 DONE 4x2 seed=25717 nsol=16 0.00s 2026-07-22T17:24:48.203
ATTEMPT 555 W0 START 4x2 seed=25718 2026-07-22T17:24:48.204
ATTEMPT 555 W0 SOLVE 4x2 2026-07-22T17:24:48.209
ATTEMPT 555 W0 DONE 4x2 seed=25718 nsol=16 0.00s 2026-07-22T17:24:48.214
ATTEMPT 556 W0 START 4x2 seed=25719 2026-07-22T17:24:48.214
ATTEMPT 556 W0 SOLVE 4x2 2026-07-22T17:24:48.219
ATTEMPT 556 W0 DONE 4x2 seed=25719 nsol=16 0.01s 2026-07-22T17:24:48.225
ATTEMPT 557 W0 START 4x2 seed=25720 2026-07-22T17:24:48.225
ATTEMPT 557 W0 SOLVE 4x2 2026-07-22T17:24:48.233
ATTEMPT 557 W0 DONE 4x2 seed=25720 nsol=16 0.01s 2026-07-22T17:24:48.239
ATTEMPT 558 W0 START 4x2 seed=25721 2026-07-22T17:24:48.239
ATTEMPT 558 W0 SOLVE 4x2 2026-07-22T17:24:48.245
ATTEMPT 558 W0 DONE 4x2 seed=25721 nsol=16 0.00s 2026-07-22T17:24:48.249
ATTEMPT 559 W0 START 4x2 seed=25722 2026-07-22T17:24:48.250
ATTEMPT 559 W0 SOLVE 4x2 2026-07-22T17:24:48.256
ATTEMPT 559 W0 DONE 4x2 seed=25722 nsol=16 0.01s 2026-07-22T17:24:48.262
ATTEMPT 560 W0 START 4x2 seed=25723 2026-07-22T17:24:48.262
ATTEMPT 560 W0 SOLVE 4x2 2026-07-22T17:24:48.270
ATTEMPT 560 W0 DONE 4x2 seed=25723 nsol=16 0.01s 2026-07-22T17:24:48.276
ATTEMPT 561 W0 START 4x2 seed=25724 2026-07-22T17:24:48.276
ATTEMPT 561 W0 SOLVE 4x2 2026-07-22T17:24:48.282
ATTEMPT 561 W0 DONE 4x2 seed=25724 nsol=16 0.01s 2026-07-22T17:24:48.288
ATTEMPT 562 W0 START 4x2 seed=25725 2026-07-22T17:24:48.288
ATTEMPT 562 W0 SOLVE 4x2 2026-07-22T17:24:48.294
ATTEMPT 562 W0 DONE 4x2 seed=25725 nsol=16 0.01s 2026-07-22T17:24:48.300
ATTEMPT 563 W0 START 4x2 seed=25726 2026-07-22T17:24:48.300
ATTEMPT 563 W0 SOLVE 4x2 2026-07-22T17:24:48.306
ATTEMPT 563 W0 DONE 4x2 seed=25726 nsol=16 0.00s 2026-07-22T17:24:48.310
ATTEMPT 564 W0 START 4x2 seed=25727 2026-07-22T17:24:48.310
ATTEMPT 564 W0 SOLVE 4x2 2026-07-22T17:24:48.317
ATTEMPT 564 W0 DONE 4x2 seed=25727 nsol=16 0.01s 2026-07-22T17:24:48.323
ATTEMPT 565 W0 START 4x2 seed=25728 2026-07-22T17:24:48.323
ATTEMPT 565 W0 SOLVE 4x2 2026-07-22T17:24:48.329
ATTEMPT 565 W0 DONE 4x2 seed=25728 nsol=16 0.00s 2026-07-22T17:24:48.333
ATTEMPT 566 W0 START 4x2 seed=25729 2026-07-22T17:24:48.333
ATTEMPT 566 W0 SOLVE 4x2 2026-07-22T17:24:48.338
ATTEMPT 566 W0 DONE 4x2 seed=25729 nsol=16 0.01s 2026-07-22T17:24:48.345
ATTEMPT 567 W0 START 4x2 seed=25730 2026-07-22T17:24:48.345
ATTEMPT 567 W0 SOLVE 4x2 2026-07-22T17:24:48.350
ATTEMPT 567 W0 DONE 4x2 seed=25730 nsol=16 0.00s 2026-07-22T17:24:48.354
ATTEMPT 568 W0 START 4x2 seed=25731 2026-07-22T17:24:48.354
ATTEMPT 568 W0 SOLVE 4x2 2026-07-22T17:24:48.360
ATTEMPT 568 W0 DONE 4x2 seed=25731 nsol=16 0.00s 2026-07-22T17:24:48.364
ATTEMPT 569 W0 START 4x2 seed=25732 2026-07-22T17:24:48.364
ATTEMPT 569 W0 SOLVE 4x2 2026-07-22T17:24:48.369
ATTEMPT 569 W0 DONE 4x2 seed=25732 nsol=16 0.00s 2026-07-22T17:24:48.373
ATTEMPT 570 W0 START 4x2 seed=25733 2026-07-22T17:24:48.373
ATTEMPT 570 W0 SOLVE 4x2 2026-07-22T17:24:48.379
ATTEMPT 570 W0 DONE 4x2 seed=25733 nsol=16 0.01s 2026-07-22T17:24:48.385
ATTEMPT 571 W0 START 4x2 seed=25734 2026-07-22T17:24:48.385
ATTEMPT 571 W0 SOLVE 4x2 2026-07-22T17:24:48.391
ATTEMPT 571 W0 DONE 4x2 seed=25734 nsol=16 0.00s 2026-07-22T17:24:48.395
ATTEMPT 572 W0 START 4x2 seed=25735 2026-07-22T17:24:48.395
ATTEMPT 572 W0 SOLVE 4x2 2026-07-22T17:24:48.400
ATTEMPT 572 W0 DONE 4x2 seed=25735 nsol=16 0.00s 2026-07-22T17:24:48.404
ATTEMPT 573 W0 START 4x2 seed=25736 2026-07-22T17:24:48.404
ATTEMPT 573 W0 SOLVE 4x2 2026-07-22T17:24:48.410
ATTEMPT 573 W0 DONE 4x2 seed=25736 nsol=16 0.00s 2026-07-22T17:24:48.414
ATTEMPT 574 W0 START 4x2 seed=25737 2026-07-22T17:24:48.415
ATTEMPT 574 W0 SOLVE 4x2 2026-07-22T17:24:48.420
ATTEMPT 574 W0 DONE 4x2 seed=25737 nsol=16 0.00s 2026-07-22T17:24:48.424
ATTEMPT 575 W0 START 4x2 seed=25738 2026-07-22T17:24:48.424
ATTEMPT 575 W0 SOLVE 4x2 2026-07-22T17:24:48.429
ATTEMPT 575 W0 DONE 4x2 seed=25738 nsol=16 0.00s 2026-07-22T17:24:48.433
ATTEMPT 576 W0 START 4x2 seed=25739 2026-07-22T17:24:48.433
ATTEMPT 576 W0 SOLVE 4x2 2026-07-22T17:24:48.439
ATTEMPT 576 W0 DONE 4x2 seed=25739 nsol=16 0.01s 2026-07-22T17:24:48.444
ATTEMPT 577 W0 START 4x2 seed=25740 2026-07-22T17:24:48.444
ATTEMPT 577 W0 SOLVE 4x2 2026-07-22T17:24:48.450
ATTEMPT 577 W0 DONE 4x2 seed=25740 nsol=16 0.00s 2026-07-22T17:24:48.455
ATTEMPT 578 W0 START 4x2 seed=25741 2026-07-22T17:24:48.455
ATTEMPT 578 W0 SOLVE 4x2 2026-07-22T17:24:48.461
ATTEMPT 578 W0 DONE 4x2 seed=25741 nsol=16 0.01s 2026-07-22T17:24:48.468
ATTEMPT 579 W0 START 4x2 seed=25742 2026-07-22T17:24:48.468
ATTEMPT 579 W0 SOLVE 4x2 2026-07-22T17:24:48.474
ATTEMPT 579 W0 DONE 4x2 seed=25742 nsol=16 0.01s 2026-07-22T17:24:48.483
ATTEMPT 580 W0 START 4x2 seed=25743 2026-07-22T17:24:48.483
ATTEMPT 580 W0 SOLVE 4x2 2026-07-22T17:24:48.488
ATTEMPT 580 W0 DONE 4x2 seed=25743 nsol=16 0.00s 2026-07-22T17:24:48.493
ATTEMPT 581 W0 START 4x2 seed=25744 2026-07-22T17:24:48.493
ATTEMPT 581 W0 SOLVE 4x2 2026-07-22T17:24:48.497
ATTEMPT 581 W0 DONE 4x2 seed=25744 nsol=16 0.01s 2026-07-22T17:24:48.503
ATTEMPT 582 W0 START 4x2 seed=25745 2026-07-22T17:24:48.503
ATTEMPT 582 W0 SOLVE 4x2 2026-07-22T17:24:48.509
ATTEMPT 582 W0 DONE 4x2 seed=25745 nsol=16 0.00s 2026-07-22T17:24:48.514
ATTEMPT 583 W0 START 4x2 seed=25746 2026-07-22T17:24:48.514
ATTEMPT 583 W0 SOLVE 4x2 2026-07-22T17:24:48.520
ATTEMPT 583 W0 DONE 4x2 seed=25746 nsol=16 0.01s 2026-07-22T17:24:48.526
ATTEMPT 584 W0 START 4x2 seed=25747 2026-07-22T17:24:48.526
ATTEMPT 584 W0 SOLVE 4x2 2026-07-22T17:24:48.532
ATTEMPT 584 W0 DONE 4x2 seed=25747 nsol=16 0.00s 2026-07-22T17:24:48.536
ATTEMPT 585 W0 START 4x2 seed=25748 2026-07-22T17:24:48.536
ATTEMPT 585 W0 SOLVE 4x2 2026-07-22T17:24:48.542
ATTEMPT 585 W0 DONE 4x2 seed=25748 nsol=16 0.01s 2026-07-22T17:24:48.547
ATTEMPT 586 W0 START 4x2 seed=25749 2026-07-22T17:24:48.547
ATTEMPT 586 W0 SOLVE 4x2 2026-07-22T17:24:48.553
ATTEMPT 586 W0 DONE 4x2 seed=25749 nsol=16 0.00s 2026-07-22T17:24:48.558
ATTEMPT 587 W0 START 4x2 seed=25750 2026-07-22T17:24:48.558
ATTEMPT 587 W0 SOLVE 4x2 2026-07-22T17:24:48.564
ATTEMPT 587 W0 DONE 4x2 seed=25750 nsol=16 0.01s 2026-07-22T17:24:48.570
ATTEMPT 588 W0 START 4x2 seed=25751 2026-07-22T17:24:48.570
ATTEMPT 588 W0 SOLVE 4x2 2026-07-22T17:24:48.575
ATTEMPT 588 W0 DONE 4x2 seed=25751 nsol=16 0.00s 2026-07-22T17:24:48.579
ATTEMPT 589 W0 START 4x2 seed=25752 2026-07-22T17:24:48.579
ATTEMPT 589 W0 SOLVE 4x2 2026-07-22T17:24:48.584
ATTEMPT 589 W0 DONE 4x2 seed=25752 nsol=16 0.01s 2026-07-22T17:24:48.592
ATTEMPT 590 W0 START 4x2 seed=25753 2026-07-22T17:24:48.592
ATTEMPT 590 W0 SOLVE 4x2 2026-07-22T17:24:48.597
ATTEMPT 590 W0 DONE 4x2 seed=25753 nsol=16 0.01s 2026-07-22T17:24:48.603
ATTEMPT 591 W0 START 4x2 seed=25754 2026-07-22T17:24:48.604
ATTEMPT 591 W0 SOLVE 4x2 2026-07-22T17:24:48.609
ATTEMPT 591 W0 DONE 4x2 seed=25754 nsol=16 0.00s 2026-07-22T17:24:48.613
ATTEMPT 592 W0 START 4x2 seed=25755 2026-07-22T17:24:48.613
ATTEMPT 592 W0 SOLVE 4x2 2026-07-22T17:24:48.618
ATTEMPT 592 W0 DONE 4x2 seed=25755 nsol=16 0.00s 2026-07-22T17:24:48.623
ATTEMPT 593 W0 START 4x2 seed=25756 2026-07-22T17:24:48.623
ATTEMPT 593 W0 SOLVE 4x2 2026-07-22T17:24:48.629
ATTEMPT 593 W0 DONE 4x2 seed=25756 nsol=16 0.01s 2026-07-22T17:24:48.636
ATTEMPT 594 W0 START 4x2 seed=25757 2026-07-22T17:24:48.636
ATTEMPT 594 W0 SOLVE 4x2 2026-07-22T17:24:48.641
ATTEMPT 594 W0 DONE 4x2 seed=25757 nsol=16 0.00s 2026-07-22T17:24:48.646
ATTEMPT 595 W0 START 4x2 seed=25758 2026-07-22T17:24:48.646
ATTEMPT 595 W0 SOLVE 4x2 2026-07-22T17:24:48.651
ATTEMPT 595 W0 DONE 4x2 seed=25758 nsol=16 0.00s 2026-07-22T17:24:48.655
ATTEMPT 596 W0 START 4x2 seed=25759 2026-07-22T17:24:48.655
ATTEMPT 596 W0 SOLVE 4x2 2026-07-22T17:24:48.660
ATTEMPT 596 W0 DONE 4x2 seed=25759 nsol=16 0.00s 2026-07-22T17:24:48.665
ATTEMPT 597 W0 START 4x2 seed=25760 2026-07-22T17:24:48.665
ATTEMPT 597 W0 SOLVE 4x2 2026-07-22T17:24:48.670
ATTEMPT 597 W0 DONE 4x2 seed=25760 nsol=16 0.00s 2026-07-22T17:24:48.674
ATTEMPT 598 W0 START 4x2 seed=25761 2026-07-22T17:24:48.674
ATTEMPT 598 W0 SOLVE 4x2 2026-07-22T17:24:48.679
ATTEMPT 598 W0 DONE 4x2 seed=25761 nsol=16 0.00s 2026-07-22T17:24:48.683
ATTEMPT 599 W0 START 4x2 seed=25762 2026-07-22T17:24:48.683
ATTEMPT 599 W0 SOLVE 4x2 2026-07-22T17:24:48.688
ATTEMPT 599 W0 DONE 4x2 seed=25762 nsol=16 0.00s 2026-07-22T17:24:48.693
ATTEMPT 600 W0 START 4x2 seed=25763 2026-07-22T17:24:48.693
ATTEMPT 600 W0 SOLVE 4x2 2026-07-22T17:24:48.698
ATTEMPT 600 W0 DONE 4x2 seed=25763 nsol=16 0.01s 2026-07-22T17:24:48.704
HUNT2 complete 2026-07-22T17:24:48.708
