HUNT2 start mode=seq hcthr=on nworkers=0 nthreads=14 ngcthreads=14 nsolves=600 seed_base=515417 shape=4x2 pid=1995278 julia=1.12.6 HC=2.20.0 2026-07-22T16:46:37.136
ATTEMPT 1 W0 START 4x2 seed=515418 2026-07-22T16:46:40.287
ATTEMPT 1 W0 SOLVE 4x2 2026-07-22T16:46:43.866
Computing mixed cells... 2    Time: 0:00:02[K
   mixed_volume: 11[K[A
[K[AComputing mixed cells... 5    Time: 0:00:02[K
   mixed_volume: 16[K
ATTEMPT 1 W0 DONE 4x2 seed=515418 nsol=16 139.71s 2026-07-22T16:49:04.201
ATTEMPT 2 W0 START 4x2 seed=515419 2026-07-22T16:49:05.231
ATTEMPT 2 W0 SOLVE 4x2 2026-07-22T16:49:05.254
ATTEMPT 2 W0 DONE 4x2 seed=515419 nsol=16 0.04s 2026-07-22T16:49:05.294
ATTEMPT 3 W0 START 4x2 seed=515420 2026-07-22T16:49:05.294
ATTEMPT 3 W0 SOLVE 4x2 2026-07-22T16:49:05.334
ATTEMPT 3 W0 DONE 4x2 seed=515420 nsol=16 0.04s 2026-07-22T16:49:05.369
ATTEMPT 4 W0 START 4x2 seed=515421 2026-07-22T16:49:05.369
ATTEMPT 4 W0 SOLVE 4x2 2026-07-22T16:49:05.390
ATTEMPT 4 W0 DONE 4x2 seed=515421 nsol=16 0.02s 2026-07-22T16:49:05.409
ATTEMPT 5 W0 START 4x2 seed=515422 2026-07-22T16:49:05.409
ATTEMPT 5 W0 SOLVE 4x2 2026-07-22T16:49:05.442
ATTEMPT 5 W0 DONE 4x2 seed=515422 nsol=16 0.03s 2026-07-22T16:49:05.469
ATTEMPT 6 W0 START 4x2 seed=515423 2026-07-22T16:49:05.469
ATTEMPT 6 W0 SOLVE 4x2 2026-07-22T16:49:05.498
ATTEMPT 6 W0 DONE 4x2 seed=515423 nsol=16 0.02s 2026-07-22T16:49:05.516
ATTEMPT 7 W0 START 4x2 seed=515424 2026-07-22T16:49:05.516
ATTEMPT 7 W0 SOLVE 4x2 2026-07-22T16:49:05.543
ATTEMPT 7 W0 DONE 4x2 seed=515424 nsol=16 0.01s 2026-07-22T16:49:05.563
ATTEMPT 8 W0 START 4x2 seed=515425 2026-07-22T16:49:05.563
ATTEMPT 8 W0 SOLVE 4x2 2026-07-22T16:49:05.584
ATTEMPT 8 W0 DONE 4x2 seed=515425 nsol=16 0.02s 2026-07-22T16:49:05.605
ATTEMPT 9 W0 START 4x2 seed=515426 2026-07-22T16:49:05.605
ATTEMPT 9 W0 SOLVE 4x2 2026-07-22T16:49:05.629
ATTEMPT 9 W0 DONE 4x2 seed=515426 nsol=16 0.01s 2026-07-22T16:49:05.642
ATTEMPT 10 W0 START 4x2 seed=515427 2026-07-22T16:49:05.642
ATTEMPT 10 W0 SOLVE 4x2 2026-07-22T16:49:05.665
ATTEMPT 10 W0 DONE 4x2 seed=515427 nsol=16 0.02s 2026-07-22T16:49:05.680
ATTEMPT 11 W0 START 4x2 seed=515428 2026-07-22T16:49:05.680
ATTEMPT 11 W0 SOLVE 4x2 2026-07-22T16:49:05.715
ATTEMPT 11 W0 DONE 4x2 seed=515428 nsol=16 0.03s 2026-07-22T16:49:05.744
ATTEMPT 12 W0 START 4x2 seed=515429 2026-07-22T16:49:05.744
ATTEMPT 12 W0 SOLVE 4x2 2026-07-22T16:49:05.763
ATTEMPT 12 W0 DONE 4x2 seed=515429 nsol=16 0.03s 2026-07-22T16:49:05.798
ATTEMPT 13 W0 START 4x2 seed=515430 2026-07-22T16:49:05.798
ATTEMPT 13 W0 SOLVE 4x2 2026-07-22T16:49:05.812
ATTEMPT 13 W0 DONE 4x2 seed=515430 nsol=16 0.02s 2026-07-22T16:49:05.837
ATTEMPT 14 W0 START 4x2 seed=515431 2026-07-22T16:49:05.841
ATTEMPT 14 W0 SOLVE 4x2 2026-07-22T16:49:05.864
ATTEMPT 14 W0 DONE 4x2 seed=515431 nsol=16 0.03s 2026-07-22T16:49:05.895
ATTEMPT 15 W0 START 4x2 seed=515432 2026-07-22T16:49:05.895
ATTEMPT 15 W0 SOLVE 4x2 2026-07-22T16:49:05.900
ATTEMPT 15 W0 DONE 4x2 seed=515432 nsol=16 0.04s 2026-07-22T16:49:05.940
ATTEMPT 16 W0 START 4x2 seed=515433 2026-07-22T16:49:05.941
ATTEMPT 16 W0 SOLVE 4x2 2026-07-22T16:49:05.967
ATTEMPT 16 W0 DONE 4x2 seed=515433 nsol=16 0.03s 2026-07-22T16:49:05.993
ATTEMPT 17 W0 START 4x2 seed=515434 2026-07-22T16:49:05.994
ATTEMPT 17 W0 SOLVE 4x2 2026-07-22T16:49:06.009
ATTEMPT 17 W0 DONE 4x2 seed=515434 nsol=16 0.02s 2026-07-22T16:49:06.041
ATTEMPT 18 W0 START 4x2 seed=515435 2026-07-22T16:49:06.041
ATTEMPT 18 W0 SOLVE 4x2 2026-07-22T16:49:06.060
ATTEMPT 18 W0 DONE 4x2 seed=515435 nsol=16 0.03s 2026-07-22T16:49:06.101
ATTEMPT 19 W0 START 4x2 seed=515436 2026-07-22T16:49:06.102
ATTEMPT 19 W0 SOLVE 4x2 2026-07-22T16:49:06.119
ATTEMPT 19 W0 DONE 4x2 seed=515436 nsol=16 0.03s 2026-07-22T16:49:06.149
ATTEMPT 20 W0 START 4x2 seed=515437 2026-07-22T16:49:06.150
ATTEMPT 20 W0 SOLVE 4x2 2026-07-22T16:49:06.173
ATTEMPT 20 W0 DONE 4x2 seed=515437 nsol=16 0.01s 2026-07-22T16:49:06.185
ATTEMPT 21 W0 START 4x2 seed=515438 2026-07-22T16:49:06.186
ATTEMPT 21 W0 SOLVE 4x2 2026-07-22T16:49:06.192
ATTEMPT 21 W0 DONE 4x2 seed=515438 nsol=16 0.05s 2026-07-22T16:49:06.249
ATTEMPT 22 W0 START 4x2 seed=515439 2026-07-22T16:49:06.249
ATTEMPT 22 W0 SOLVE 4x2 2026-07-22T16:49:06.264
ATTEMPT 22 W0 DONE 4x2 seed=515439 nsol=16 0.02s 2026-07-22T16:49:06.293
ATTEMPT 23 W0 START 4x2 seed=515440 2026-07-22T16:49:06.294
ATTEMPT 23 W0 SOLVE 4x2 2026-07-22T16:49:06.307
ATTEMPT 23 W0 DONE 4x2 seed=515440 nsol=16 0.04s 2026-07-22T16:49:06.344
ATTEMPT 24 W0 START 4x2 seed=515441 2026-07-22T16:49:06.344
ATTEMPT 24 W0 SOLVE 4x2 2026-07-22T16:49:06.370
ATTEMPT 24 W0 DONE 4x2 seed=515441 nsol=16 0.02s 2026-07-22T16:49:06.393
ATTEMPT 25 W0 START 4x2 seed=515442 2026-07-22T16:49:06.393
ATTEMPT 25 W0 SOLVE 4x2 2026-07-22T16:49:06.407
ATTEMPT 25 W0 DONE 4x2 seed=515442 nsol=16 0.01s 2026-07-22T16:49:06.427
ATTEMPT 26 W0 START 4x2 seed=515443 2026-07-22T16:49:06.427
ATTEMPT 26 W0 SOLVE 4x2 2026-07-22T16:49:06.455
ATTEMPT 26 W0 DONE 4x2 seed=515443 nsol=16 0.02s 2026-07-22T16:49:06.478
ATTEMPT 27 W0 START 4x2 seed=515444 2026-07-22T16:49:06.478
ATTEMPT 27 W0 SOLVE 4x2 2026-07-22T16:49:06.487
ATTEMPT 27 W0 DONE 4x2 seed=515444 nsol=16 0.04s 2026-07-22T16:49:06.537
ATTEMPT 28 W0 START 4x2 seed=515445 2026-07-22T16:49:06.537
ATTEMPT 28 W0 SOLVE 4x2 2026-07-22T16:49:06.567
ATTEMPT 28 W0 DONE 4x2 seed=515445 nsol=16 0.03s 2026-07-22T16:49:06.607
ATTEMPT 29 W0 START 4x2 seed=515446 2026-07-22T16:49:06.607
ATTEMPT 29 W0 SOLVE 4x2 2026-07-22T16:49:06.635
ATTEMPT 29 W0 DONE 4x2 seed=515446 nsol=16 0.04s 2026-07-22T16:49:06.678
ATTEMPT 30 W0 START 4x2 seed=515447 2026-07-22T16:49:06.678
ATTEMPT 30 W0 SOLVE 4x2 2026-07-22T16:49:06.688
ATTEMPT 30 W0 DONE 4x2 seed=515447 nsol=16 0.02s 2026-07-22T16:49:06.712
ATTEMPT 31 W0 START 4x2 seed=515448 2026-07-22T16:49:06.712
ATTEMPT 31 W0 SOLVE 4x2 2026-07-22T16:49:06.727
ATTEMPT 31 W0 DONE 4x2 seed=515448 nsol=16 0.05s 2026-07-22T16:49:06.781
ATTEMPT 32 W0 START 4x2 seed=515449 2026-07-22T16:49:06.782
ATTEMPT 32 W0 SOLVE 4x2 2026-07-22T16:49:06.813
ATTEMPT 32 W0 DONE 4x2 seed=515449 nsol=16 0.03s 2026-07-22T16:49:06.847
ATTEMPT 33 W0 START 4x2 seed=515450 2026-07-22T16:49:06.847
ATTEMPT 33 W0 SOLVE 4x2 2026-07-22T16:49:06.865
ATTEMPT 33 W0 DONE 4x2 seed=515450 nsol=16 0.01s 2026-07-22T16:49:06.883
ATTEMPT 34 W0 START 4x2 seed=515451 2026-07-22T16:49:06.883
ATTEMPT 34 W0 SOLVE 4x2 2026-07-22T16:49:06.889
ATTEMPT 34 W0 DONE 4x2 seed=515451 nsol=16 0.03s 2026-07-22T16:49:06.917
ATTEMPT 35 W0 START 4x2 seed=515452 2026-07-22T16:49:06.918
ATTEMPT 35 W0 SOLVE 4x2 2026-07-22T16:49:06.928
ATTEMPT 35 W0 DONE 4x2 seed=515452 nsol=16 0.03s 2026-07-22T16:49:06.965
ATTEMPT 36 W0 START 4x2 seed=515453 2026-07-22T16:49:06.965
ATTEMPT 36 W0 SOLVE 4x2 2026-07-22T16:49:06.984
ATTEMPT 36 W0 DONE 4x2 seed=515453 nsol=16 0.03s 2026-07-22T16:49:07.013
ATTEMPT 37 W0 START 4x2 seed=515454 2026-07-22T16:49:07.013
ATTEMPT 37 W0 SOLVE 4x2 2026-07-22T16:49:07.053
ATTEMPT 37 W0 DONE 4x2 seed=515454 nsol=16 0.03s 2026-07-22T16:49:07.082
ATTEMPT 38 W0 START 4x2 seed=515455 2026-07-22T16:49:07.082
ATTEMPT 38 W0 SOLVE 4x2 2026-07-22T16:49:07.091
ATTEMPT 38 W0 DONE 4x2 seed=515455 nsol=16 0.02s 2026-07-22T16:49:07.121
ATTEMPT 39 W0 START 4x2 seed=515456 2026-07-22T16:49:07.121
ATTEMPT 39 W0 SOLVE 4x2 2026-07-22T16:49:07.131
ATTEMPT 39 W0 DONE 4x2 seed=515456 nsol=16 0.03s 2026-07-22T16:49:07.157
ATTEMPT 40 W0 START 4x2 seed=515457 2026-07-22T16:49:07.158
ATTEMPT 40 W0 SOLVE 4x2 2026-07-22T16:49:07.168
ATTEMPT 40 W0 DONE 4x2 seed=515457 nsol=16 0.02s 2026-07-22T16:49:07.186
ATTEMPT 41 W0 START 4x2 seed=515458 2026-07-22T16:49:07.186
ATTEMPT 41 W0 SOLVE 4x2 2026-07-22T16:49:07.198
ATTEMPT 41 W0 DONE 4x2 seed=515458 nsol=16 0.02s 2026-07-22T16:49:07.225
ATTEMPT 42 W0 START 4x2 seed=515459 2026-07-22T16:49:07.225
ATTEMPT 42 W0 SOLVE 4x2 2026-07-22T16:49:07.236
ATTEMPT 42 W0 DONE 4x2 seed=515459 nsol=16 0.02s 2026-07-22T16:49:07.258
ATTEMPT 43 W0 START 4x2 seed=515460 2026-07-22T16:49:07.258
ATTEMPT 43 W0 SOLVE 4x2 2026-07-22T16:49:07.264
ATTEMPT 43 W0 DONE 4x2 seed=515460 nsol=16 0.01s 2026-07-22T16:49:07.281
ATTEMPT 44 W0 START 4x2 seed=515461 2026-07-22T16:49:07.281
ATTEMPT 44 W0 SOLVE 4x2 2026-07-22T16:49:07.304
ATTEMPT 44 W0 DONE 4x2 seed=515461 nsol=16 0.03s 2026-07-22T16:49:07.335
ATTEMPT 45 W0 START 4x2 seed=515462 2026-07-22T16:49:07.335
ATTEMPT 45 W0 SOLVE 4x2 2026-07-22T16:49:07.344
ATTEMPT 45 W0 DONE 4x2 seed=515462 nsol=16 0.02s 2026-07-22T16:49:07.367
ATTEMPT 46 W0 START 4x2 seed=515463 2026-07-22T16:49:07.367
ATTEMPT 46 W0 SOLVE 4x2 2026-07-22T16:49:07.381
ATTEMPT 46 W0 DONE 4x2 seed=515463 nsol=16 0.04s 2026-07-22T16:49:07.417
ATTEMPT 47 W0 START 4x2 seed=515464 2026-07-22T16:49:07.417
ATTEMPT 47 W0 SOLVE 4x2 2026-07-22T16:49:07.431
ATTEMPT 47 W0 DONE 4x2 seed=515464 nsol=16 0.02s 2026-07-22T16:49:07.454
ATTEMPT 48 W0 START 4x2 seed=515465 2026-07-22T16:49:07.454
ATTEMPT 48 W0 SOLVE 4x2 2026-07-22T16:49:07.467
ATTEMPT 48 W0 DONE 4x2 seed=515465 nsol=16 0.02s 2026-07-22T16:49:07.491
ATTEMPT 49 W0 START 4x2 seed=515466 2026-07-22T16:49:07.492
ATTEMPT 49 W0 SOLVE 4x2 2026-07-22T16:49:07.510
ATTEMPT 49 W0 DONE 4x2 seed=515466 nsol=16 0.03s 2026-07-22T16:49:07.536
ATTEMPT 50 W0 START 4x2 seed=515467 2026-07-22T16:49:07.536
ATTEMPT 50 W0 SOLVE 4x2 2026-07-22T16:49:07.542
ATTEMPT 50 W0 DONE 4x2 seed=515467 nsol=16 0.01s 2026-07-22T16:49:07.548
ATTEMPT 51 W0 START 4x2 seed=515468 2026-07-22T16:49:07.548
ATTEMPT 51 W0 SOLVE 4x2 2026-07-22T16:49:07.554
ATTEMPT 51 W0 DONE 4x2 seed=515468 nsol=16 0.02s 2026-07-22T16:49:07.574
ATTEMPT 52 W0 START 4x2 seed=515469 2026-07-22T16:49:07.574
ATTEMPT 52 W0 SOLVE 4x2 2026-07-22T16:49:07.584
ATTEMPT 52 W0 DONE 4x2 seed=515469 nsol=16 0.02s 2026-07-22T16:49:07.605
ATTEMPT 53 W0 START 4x2 seed=515470 2026-07-22T16:49:07.605
ATTEMPT 53 W0 SOLVE 4x2 2026-07-22T16:49:07.615
ATTEMPT 53 W0 DONE 4x2 seed=515470 nsol=16 0.14s 2026-07-22T16:49:07.766
ATTEMPT 54 W0 START 4x2 seed=515471 2026-07-22T16:49:07.766
ATTEMPT 54 W0 SOLVE 4x2 2026-07-22T16:49:07.782
ATTEMPT 54 W0 DONE 4x2 seed=515471 nsol=16 0.03s 2026-07-22T16:49:07.814
ATTEMPT 55 W0 START 4x2 seed=515472 2026-07-22T16:49:07.814
ATTEMPT 55 W0 SOLVE 4x2 2026-07-22T16:49:07.838
ATTEMPT 55 W0 DONE 4x2 seed=515472 nsol=16 0.02s 2026-07-22T16:49:07.853
ATTEMPT 56 W0 START 4x2 seed=515473 2026-07-22T16:49:07.853
ATTEMPT 56 W0 SOLVE 4x2 2026-07-22T16:49:07.866
ATTEMPT 56 W0 DONE 4x2 seed=515473 nsol=16 0.03s 2026-07-22T16:49:07.896
ATTEMPT 57 W0 START 4x2 seed=515474 2026-07-22T16:49:07.896
ATTEMPT 57 W0 SOLVE 4x2 2026-07-22T16:49:07.911
ATTEMPT 57 W0 DONE 4x2 seed=515474 nsol=16 0.02s 2026-07-22T16:49:07.933
ATTEMPT 58 W0 START 4x2 seed=515475 2026-07-22T16:49:07.933
ATTEMPT 58 W0 SOLVE 4x2 2026-07-22T16:49:07.943
ATTEMPT 58 W0 DONE 4x2 seed=515475 nsol=16 0.02s 2026-07-22T16:49:07.973
ATTEMPT 59 W0 START 4x2 seed=515476 2026-07-22T16:49:07.973
ATTEMPT 59 W0 SOLVE 4x2 2026-07-22T16:49:07.984
ATTEMPT 59 W0 DONE 4x2 seed=515476 nsol=16 0.01s 2026-07-22T16:49:07.997
ATTEMPT 60 W0 START 4x2 seed=515477 2026-07-22T16:49:07.997
ATTEMPT 60 W0 SOLVE 4x2 2026-07-22T16:49:08.007
ATTEMPT 60 W0 DONE 4x2 seed=515477 nsol=16 0.01s 2026-07-22T16:49:08.021
ATTEMPT 61 W0 START 4x2 seed=515478 2026-07-22T16:49:08.021
ATTEMPT 61 W0 SOLVE 4x2 2026-07-22T16:49:08.031
ATTEMPT 61 W0 DONE 4x2 seed=515478 nsol=16 0.02s 2026-07-22T16:49:08.048
ATTEMPT 62 W0 START 4x2 seed=515479 2026-07-22T16:49:08.048
ATTEMPT 62 W0 SOLVE 4x2 2026-07-22T16:49:08.059
ATTEMPT 62 W0 DONE 4x2 seed=515479 nsol=16 0.02s 2026-07-22T16:49:08.081
ATTEMPT 63 W0 START 4x2 seed=515480 2026-07-22T16:49:08.081
ATTEMPT 63 W0 SOLVE 4x2 2026-07-22T16:49:08.093
ATTEMPT 63 W0 DONE 4x2 seed=515480 nsol=16 0.01s 2026-07-22T16:49:08.109
ATTEMPT 64 W0 START 4x2 seed=515481 2026-07-22T16:49:08.109
ATTEMPT 64 W0 SOLVE 4x2 2026-07-22T16:49:08.120
ATTEMPT 64 W0 DONE 4x2 seed=515481 nsol=16 0.02s 2026-07-22T16:49:08.145
ATTEMPT 65 W0 START 4x2 seed=515482 2026-07-22T16:49:08.145
ATTEMPT 65 W0 SOLVE 4x2 2026-07-22T16:49:08.155
ATTEMPT 65 W0 DONE 4x2 seed=515482 nsol=16 0.01s 2026-07-22T16:49:08.167
ATTEMPT 66 W0 START 4x2 seed=515483 2026-07-22T16:49:08.168
ATTEMPT 66 W0 SOLVE 4x2 2026-07-22T16:49:08.177
ATTEMPT 66 W0 DONE 4x2 seed=515483 nsol=16 0.01s 2026-07-22T16:49:08.187
ATTEMPT 67 W0 START 4x2 seed=515484 2026-07-22T16:49:08.187
ATTEMPT 67 W0 SOLVE 4x2 2026-07-22T16:49:08.198
ATTEMPT 67 W0 DONE 4x2 seed=515484 nsol=16 0.02s 2026-07-22T16:49:08.214
ATTEMPT 68 W0 START 4x2 seed=515485 2026-07-22T16:49:08.214
ATTEMPT 68 W0 SOLVE 4x2 2026-07-22T16:49:08.224
ATTEMPT 68 W0 DONE 4x2 seed=515485 nsol=16 0.01s 2026-07-22T16:49:08.237
ATTEMPT 69 W0 START 4x2 seed=515486 2026-07-22T16:49:08.237
ATTEMPT 69 W0 SOLVE 4x2 2026-07-22T16:49:08.251
ATTEMPT 69 W0 DONE 4x2 seed=515486 nsol=16 0.02s 2026-07-22T16:49:08.271
ATTEMPT 70 W0 START 4x2 seed=515487 2026-07-22T16:49:08.271
ATTEMPT 70 W0 SOLVE 4x2 2026-07-22T16:49:08.286
ATTEMPT 70 W0 DONE 4x2 seed=515487 nsol=16 0.02s 2026-07-22T16:49:08.309
ATTEMPT 71 W0 START 4x2 seed=515488 2026-07-22T16:49:08.309
ATTEMPT 71 W0 SOLVE 4x2 2026-07-22T16:49:08.317
ATTEMPT 71 W0 DONE 4x2 seed=515488 nsol=16 0.01s 2026-07-22T16:49:08.324
ATTEMPT 72 W0 START 4x2 seed=515489 2026-07-22T16:49:08.324
ATTEMPT 72 W0 SOLVE 4x2 2026-07-22T16:49:08.335
ATTEMPT 72 W0 DONE 4x2 seed=515489 nsol=16 0.01s 2026-07-22T16:49:08.345
ATTEMPT 73 W0 START 4x2 seed=515490 2026-07-22T16:49:08.345
ATTEMPT 73 W0 SOLVE 4x2 2026-07-22T16:49:08.355
ATTEMPT 73 W0 DONE 4x2 seed=515490 nsol=16 0.00s 2026-07-22T16:49:08.366
ATTEMPT 74 W0 START 4x2 seed=515491 2026-07-22T16:49:08.366
ATTEMPT 74 W0 SOLVE 4x2 2026-07-22T16:49:08.376
ATTEMPT 74 W0 DONE 4x2 seed=515491 nsol=16 0.03s 2026-07-22T16:49:08.405
ATTEMPT 75 W0 START 4x2 seed=515492 2026-07-22T16:49:08.405
ATTEMPT 75 W0 SOLVE 4x2 2026-07-22T16:49:08.419
ATTEMPT 75 W0 DONE 4x2 seed=515492 nsol=16 0.01s 2026-07-22T16:49:08.432
ATTEMPT 76 W0 START 4x2 seed=515493 2026-07-22T16:49:08.432
ATTEMPT 76 W0 SOLVE 4x2 2026-07-22T16:49:08.451
ATTEMPT 76 W0 DONE 4x2 seed=515493 nsol=16 0.01s 2026-07-22T16:49:08.463
ATTEMPT 77 W0 START 4x2 seed=515494 2026-07-22T16:49:08.463
ATTEMPT 77 W0 SOLVE 4x2 2026-07-22T16:49:08.486
ATTEMPT 77 W0 DONE 4x2 seed=515494 nsol=16 0.02s 2026-07-22T16:49:08.505
ATTEMPT 78 W0 START 4x2 seed=515495 2026-07-22T16:49:08.505
ATTEMPT 78 W0 SOLVE 4x2 2026-07-22T16:49:08.515
ATTEMPT 78 W0 DONE 4x2 seed=515495 nsol=16 0.03s 2026-07-22T16:49:08.554
ATTEMPT 79 W0 START 4x2 seed=515496 2026-07-22T16:49:08.554
ATTEMPT 79 W0 SOLVE 4x2 2026-07-22T16:49:08.567
ATTEMPT 79 W0 DONE 4x2 seed=515496 nsol=16 0.04s 2026-07-22T16:49:08.617
ATTEMPT 80 W0 START 4x2 seed=515497 2026-07-22T16:49:08.617
ATTEMPT 80 W0 SOLVE 4x2 2026-07-22T16:49:08.627
ATTEMPT 80 W0 DONE 4x2 seed=515497 nsol=16 0.02s 2026-07-22T16:49:08.649
ATTEMPT 81 W0 START 4x2 seed=515498 2026-07-22T16:49:08.649
ATTEMPT 81 W0 SOLVE 4x2 2026-07-22T16:49:08.659
ATTEMPT 81 W0 DONE 4x2 seed=515498 nsol=16 0.02s 2026-07-22T16:49:08.681
ATTEMPT 82 W0 START 4x2 seed=515499 2026-07-22T16:49:08.681
ATTEMPT 82 W0 SOLVE 4x2 2026-07-22T16:49:08.691
ATTEMPT 82 W0 DONE 4x2 seed=515499 nsol=16 0.03s 2026-07-22T16:49:08.717
ATTEMPT 83 W0 START 4x2 seed=515500 2026-07-22T16:49:08.717
ATTEMPT 83 W0 SOLVE 4x2 2026-07-22T16:49:08.727
ATTEMPT 83 W0 DONE 4x2 seed=515500 nsol=16 0.01s 2026-07-22T16:49:08.737
ATTEMPT 84 W0 START 4x2 seed=515501 2026-07-22T16:49:08.737
ATTEMPT 84 W0 SOLVE 4x2 2026-07-22T16:49:08.747
ATTEMPT 84 W0 DONE 4x2 seed=515501 nsol=16 0.02s 2026-07-22T16:49:08.770
ATTEMPT 85 W0 START 4x2 seed=515502 2026-07-22T16:49:08.770
ATTEMPT 85 W0 SOLVE 4x2 2026-07-22T16:49:08.780
ATTEMPT 85 W0 DONE 4x2 seed=515502 nsol=16 0.02s 2026-07-22T16:49:08.801
ATTEMPT 86 W0 START 4x2 seed=515503 2026-07-22T16:49:08.801
ATTEMPT 86 W0 SOLVE 4x2 2026-07-22T16:49:08.807
ATTEMPT 86 W0 DONE 4x2 seed=515503 nsol=16 0.02s 2026-07-22T16:49:08.837
ATTEMPT 87 W0 START 4x2 seed=515504 2026-07-22T16:49:08.837
ATTEMPT 87 W0 SOLVE 4x2 2026-07-22T16:49:08.849
ATTEMPT 87 W0 DONE 4x2 seed=515504 nsol=16 0.04s 2026-07-22T16:49:08.885
ATTEMPT 88 W0 START 4x2 seed=515505 2026-07-22T16:49:08.885
ATTEMPT 88 W0 SOLVE 4x2 2026-07-22T16:49:08.895
ATTEMPT 88 W0 DONE 4x2 seed=515505 nsol=16 0.02s 2026-07-22T16:49:08.913
ATTEMPT 89 W0 START 4x2 seed=515506 2026-07-22T16:49:08.914
ATTEMPT 89 W0 SOLVE 4x2 2026-07-22T16:49:08.923
ATTEMPT 89 W0 DONE 4x2 seed=515506 nsol=16 0.01s 2026-07-22T16:49:08.935
ATTEMPT 90 W0 START 4x2 seed=515507 2026-07-22T16:49:08.935
ATTEMPT 90 W0 SOLVE 4x2 2026-07-22T16:49:08.941
ATTEMPT 90 W0 DONE 4x2 seed=515507 nsol=16 0.03s 2026-07-22T16:49:08.970
ATTEMPT 91 W0 START 4x2 seed=515508 2026-07-22T16:49:08.970
ATTEMPT 91 W0 SOLVE 4x2 2026-07-22T16:49:08.976
ATTEMPT 91 W0 DONE 4x2 seed=515508 nsol=16 0.02s 2026-07-22T16:49:09
ATTEMPT 92 W0 START 4x2 seed=515509 2026-07-22T16:49:09
ATTEMPT 92 W0 SOLVE 4x2 2026-07-22T16:49:09.014
ATTEMPT 92 W0 DONE 4x2 seed=515509 nsol=16 0.02s 2026-07-22T16:49:09.038
ATTEMPT 93 W0 START 4x2 seed=515510 2026-07-22T16:49:09.038
ATTEMPT 93 W0 SOLVE 4x2 2026-07-22T16:49:09.048
ATTEMPT 93 W0 DONE 4x2 seed=515510 nsol=16 0.02s 2026-07-22T16:49:09.066
ATTEMPT 94 W0 START 4x2 seed=515511 2026-07-22T16:49:09.066
ATTEMPT 94 W0 SOLVE 4x2 2026-07-22T16:49:09.072
ATTEMPT 94 W0 DONE 4x2 seed=515511 nsol=16 0.02s 2026-07-22T16:49:09.089
ATTEMPT 95 W0 START 4x2 seed=515512 2026-07-22T16:49:09.089
ATTEMPT 95 W0 SOLVE 4x2 2026-07-22T16:49:09.100
ATTEMPT 95 W0 DONE 4x2 seed=515512 nsol=16 0.01s 2026-07-22T16:49:09.108
ATTEMPT 96 W0 START 4x2 seed=515513 2026-07-22T16:49:09.108
ATTEMPT 96 W0 SOLVE 4x2 2026-07-22T16:49:09.114
ATTEMPT 96 W0 DONE 4x2 seed=515513 nsol=16 0.01s 2026-07-22T16:49:09.126
ATTEMPT 97 W0 START 4x2 seed=515514 2026-07-22T16:49:09.126
ATTEMPT 97 W0 SOLVE 4x2 2026-07-22T16:49:09.134
ATTEMPT 97 W0 DONE 4x2 seed=515514 nsol=16 0.02s 2026-07-22T16:49:09.149
ATTEMPT 98 W0 START 4x2 seed=515515 2026-07-22T16:49:09.149
ATTEMPT 98 W0 SOLVE 4x2 2026-07-22T16:49:09.159
ATTEMPT 98 W0 DONE 4x2 seed=515515 nsol=16 0.02s 2026-07-22T16:49:09.181
ATTEMPT 99 W0 START 4x2 seed=515516 2026-07-22T16:49:09.181
ATTEMPT 99 W0 SOLVE 4x2 2026-07-22T16:49:09.196
ATTEMPT 99 W0 DONE 4x2 seed=515516 nsol=16 0.01s 2026-07-22T16:49:09.213
ATTEMPT 100 W0 START 4x2 seed=515517 2026-07-22T16:49:09.213
ATTEMPT 100 W0 SOLVE 4x2 2026-07-22T16:49:09.218
ATTEMPT 100 W0 DONE 4x2 seed=515517 nsol=16 0.01s 2026-07-22T16:49:09.233
ATTEMPT 101 W0 START 4x2 seed=515518 2026-07-22T16:49:09.234
ATTEMPT 101 W0 SOLVE 4x2 2026-07-22T16:49:09.242
ATTEMPT 101 W0 DONE 4x2 seed=515518 nsol=16 0.01s 2026-07-22T16:49:09.249
ATTEMPT 102 W0 START 4x2 seed=515519 2026-07-22T16:49:09.249
ATTEMPT 102 W0 SOLVE 4x2 2026-07-22T16:49:09.256
ATTEMPT 102 W0 DONE 4x2 seed=515519 nsol=16 0.02s 2026-07-22T16:49:09.279
ATTEMPT 103 W0 START 4x2 seed=515520 2026-07-22T16:49:09.280
ATTEMPT 103 W0 SOLVE 4x2 2026-07-22T16:49:09.286
ATTEMPT 103 W0 DONE 4x2 seed=515520 nsol=16 0.02s 2026-07-22T16:49:09.301
ATTEMPT 104 W0 START 4x2 seed=515521 2026-07-22T16:49:09.301
ATTEMPT 104 W0 SOLVE 4x2 2026-07-22T16:49:09.308
ATTEMPT 104 W0 DONE 4x2 seed=515521 nsol=16 0.02s 2026-07-22T16:49:09.329
ATTEMPT 105 W0 START 4x2 seed=515522 2026-07-22T16:49:09.329
ATTEMPT 105 W0 SOLVE 4x2 2026-07-22T16:49:09.337
ATTEMPT 105 W0 DONE 4x2 seed=515522 nsol=16 0.02s 2026-07-22T16:49:09.353
ATTEMPT 106 W0 START 4x2 seed=515523 2026-07-22T16:49:09.353
ATTEMPT 106 W0 SOLVE 4x2 2026-07-22T16:49:09.361
ATTEMPT 106 W0 DONE 4x2 seed=515523 nsol=16 0.02s 2026-07-22T16:49:09.377
ATTEMPT 107 W0 START 4x2 seed=515524 2026-07-22T16:49:09.377
ATTEMPT 107 W0 SOLVE 4x2 2026-07-22T16:49:09.383
ATTEMPT 107 W0 DONE 4x2 seed=515524 nsol=16 0.03s 2026-07-22T16:49:09.409
ATTEMPT 108 W0 START 4x2 seed=515525 2026-07-22T16:49:09.409
ATTEMPT 108 W0 SOLVE 4x2 2026-07-22T16:49:09.415
ATTEMPT 108 W0 DONE 4x2 seed=515525 nsol=16 0.10s 2026-07-22T16:49:09.514
ATTEMPT 109 W0 START 4x2 seed=515526 2026-07-22T16:49:09.544
ATTEMPT 109 W0 SOLVE 4x2 2026-07-22T16:49:09.564
ATTEMPT 109 W0 DONE 4x2 seed=515526 nsol=16 0.02s 2026-07-22T16:49:09.587
ATTEMPT 110 W0 START 4x2 seed=515527 2026-07-22T16:49:09.587
ATTEMPT 110 W0 SOLVE 4x2 2026-07-22T16:49:09.602
ATTEMPT 110 W0 DONE 4x2 seed=515527 nsol=16 0.02s 2026-07-22T16:49:09.623
ATTEMPT 111 W0 START 4x2 seed=515528 2026-07-22T16:49:09.623
ATTEMPT 111 W0 SOLVE 4x2 2026-07-22T16:49:09.634
ATTEMPT 111 W0 DONE 4x2 seed=515528 nsol=16 0.01s 2026-07-22T16:49:09.650
ATTEMPT 112 W0 START 4x2 seed=515529 2026-07-22T16:49:09.650
ATTEMPT 112 W0 SOLVE 4x2 2026-07-22T16:49:09.662
ATTEMPT 112 W0 DONE 4x2 seed=515529 nsol=16 0.02s 2026-07-22T16:49:09.683
ATTEMPT 113 W0 START 4x2 seed=515530 2026-07-22T16:49:09.684
ATTEMPT 113 W0 SOLVE 4x2 2026-07-22T16:49:09.690
ATTEMPT 113 W0 DONE 4x2 seed=515530 nsol=16 0.01s 2026-07-22T16:49:09.705
ATTEMPT 114 W0 START 4x2 seed=515531 2026-07-22T16:49:09.706
ATTEMPT 114 W0 SOLVE 4x2 2026-07-22T16:49:09.717
ATTEMPT 114 W0 DONE 4x2 seed=515531 nsol=16 0.02s 2026-07-22T16:49:09.741
ATTEMPT 115 W0 START 4x2 seed=515532 2026-07-22T16:49:09.741
ATTEMPT 115 W0 SOLVE 4x2 2026-07-22T16:49:09.752
ATTEMPT 115 W0 DONE 4x2 seed=515532 nsol=16 0.02s 2026-07-22T16:49:09.773
ATTEMPT 116 W0 START 4x2 seed=515533 2026-07-22T16:49:09.773
ATTEMPT 116 W0 SOLVE 4x2 2026-07-22T16:49:09.784
ATTEMPT 116 W0 DONE 4x2 seed=515533 nsol=16 0.01s 2026-07-22T16:49:09.803
ATTEMPT 117 W0 START 4x2 seed=515534 2026-07-22T16:49:09.803
ATTEMPT 117 W0 SOLVE 4x2 2026-07-22T16:49:09.817
ATTEMPT 117 W0 DONE 4x2 seed=515534 nsol=16 0.01s 2026-07-22T16:49:09.826
ATTEMPT 118 W0 START 4x2 seed=515535 2026-07-22T16:49:09.826
ATTEMPT 118 W0 SOLVE 4x2 2026-07-22T16:49:09.843
ATTEMPT 118 W0 DONE 4x2 seed=515535 nsol=16 0.03s 2026-07-22T16:49:09.871
ATTEMPT 119 W0 START 4x2 seed=515536 2026-07-22T16:49:09.871
ATTEMPT 119 W0 SOLVE 4x2 2026-07-22T16:49:09.880
ATTEMPT 119 W0 DONE 4x2 seed=515536 nsol=16 0.02s 2026-07-22T16:49:09.903
ATTEMPT 120 W0 START 4x2 seed=515537 2026-07-22T16:49:09.904
ATTEMPT 120 W0 SOLVE 4x2 2026-07-22T16:49:09.912
ATTEMPT 120 W0 DONE 4x2 seed=515537 nsol=16 0.01s 2026-07-22T16:49:09.923
ATTEMPT 121 W0 START 4x2 seed=515538 2026-07-22T16:49:09.923
ATTEMPT 121 W0 SOLVE 4x2 2026-07-22T16:49:09.933
ATTEMPT 121 W0 DONE 4x2 seed=515538 nsol=16 0.02s 2026-07-22T16:49:09.950
ATTEMPT 122 W0 START 4x2 seed=515539 2026-07-22T16:49:09.950
ATTEMPT 122 W0 SOLVE 4x2 2026-07-22T16:49:09.958
ATTEMPT 122 W0 DONE 4x2 seed=515539 nsol=16 0.01s 2026-07-22T16:49:09.972
ATTEMPT 123 W0 START 4x2 seed=515540 2026-07-22T16:49:09.972
ATTEMPT 123 W0 SOLVE 4x2 2026-07-22T16:49:09.980
ATTEMPT 123 W0 DONE 4x2 seed=515540 nsol=16 0.01s 2026-07-22T16:49:09.987
ATTEMPT 124 W0 START 4x2 seed=515541 2026-07-22T16:49:09.987
ATTEMPT 124 W0 SOLVE 4x2 2026-07-22T16:49:09.994
ATTEMPT 124 W0 DONE 4x2 seed=515541 nsol=16 0.01s 2026-07-22T16:49:10
ATTEMPT 125 W0 START 4x2 seed=515542 2026-07-22T16:49:10.001
ATTEMPT 125 W0 SOLVE 4x2 2026-07-22T16:49:10.016
ATTEMPT 125 W0 DONE 4x2 seed=515542 nsol=16 0.03s 2026-07-22T16:49:10.041
ATTEMPT 126 W0 START 4x2 seed=515543 2026-07-22T16:49:10.042
ATTEMPT 126 W0 SOLVE 4x2 2026-07-22T16:49:10.052
ATTEMPT 126 W0 DONE 4x2 seed=515543 nsol=16 0.01s 2026-07-22T16:49:10.069
ATTEMPT 127 W0 START 4x2 seed=515544 2026-07-22T16:49:10.070
ATTEMPT 127 W0 SOLVE 4x2 2026-07-22T16:49:10.080
ATTEMPT 127 W0 DONE 4x2 seed=515544 nsol=16 0.01s 2026-07-22T16:49:10.089
ATTEMPT 128 W0 START 4x2 seed=515545 2026-07-22T16:49:10.090
ATTEMPT 128 W0 SOLVE 4x2 2026-07-22T16:49:10.109
ATTEMPT 128 W0 DONE 4x2 seed=515545 nsol=16 0.02s 2026-07-22T16:49:10.130
ATTEMPT 129 W0 START 4x2 seed=515546 2026-07-22T16:49:10.130
ATTEMPT 129 W0 SOLVE 4x2 2026-07-22T16:49:10.140
ATTEMPT 129 W0 DONE 4x2 seed=515546 nsol=16 0.02s 2026-07-22T16:49:10.162
ATTEMPT 130 W0 START 4x2 seed=515547 2026-07-22T16:49:10.162
ATTEMPT 130 W0 SOLVE 4x2 2026-07-22T16:49:10.174
ATTEMPT 130 W0 DONE 4x2 seed=515547 nsol=16 0.02s 2026-07-22T16:49:10.197
ATTEMPT 131 W0 START 4x2 seed=515548 2026-07-22T16:49:10.197
ATTEMPT 131 W0 SOLVE 4x2 2026-07-22T16:49:10.212
ATTEMPT 131 W0 DONE 4x2 seed=515548 nsol=16 0.02s 2026-07-22T16:49:10.227
ATTEMPT 132 W0 START 4x2 seed=515549 2026-07-22T16:49:10.228
ATTEMPT 132 W0 SOLVE 4x2 2026-07-22T16:49:10.243
ATTEMPT 132 W0 DONE 4x2 seed=515549 nsol=16 0.03s 2026-07-22T16:49:10.269
ATTEMPT 133 W0 START 4x2 seed=515550 2026-07-22T16:49:10.269
ATTEMPT 133 W0 SOLVE 4x2 2026-07-22T16:49:10.275
ATTEMPT 133 W0 DONE 4x2 seed=515550 nsol=16 0.03s 2026-07-22T16:49:10.305
ATTEMPT 134 W0 START 4x2 seed=515551 2026-07-22T16:49:10.305
ATTEMPT 134 W0 SOLVE 4x2 2026-07-22T16:49:10.326
ATTEMPT 134 W0 DONE 4x2 seed=515551 nsol=16 0.03s 2026-07-22T16:49:10.353
ATTEMPT 135 W0 START 4x2 seed=515552 2026-07-22T16:49:10.353
ATTEMPT 135 W0 SOLVE 4x2 2026-07-22T16:49:10.360
ATTEMPT 135 W0 DONE 4x2 seed=515552 nsol=16 0.03s 2026-07-22T16:49:10.397
ATTEMPT 136 W0 START 4x2 seed=515553 2026-07-22T16:49:10.397
ATTEMPT 136 W0 SOLVE 4x2 2026-07-22T16:49:10.404
ATTEMPT 136 W0 DONE 4x2 seed=515553 nsol=16 0.01s 2026-07-22T16:49:10.417
ATTEMPT 137 W0 START 4x2 seed=515554 2026-07-22T16:49:10.417
ATTEMPT 137 W0 SOLVE 4x2 2026-07-22T16:49:10.427
ATTEMPT 137 W0 DONE 4x2 seed=515554 nsol=16 0.02s 2026-07-22T16:49:10.449
ATTEMPT 138 W0 START 4x2 seed=515555 2026-07-22T16:49:10.449
ATTEMPT 138 W0 SOLVE 4x2 2026-07-22T16:49:10.459
ATTEMPT 138 W0 DONE 4x2 seed=515555 nsol=16 0.03s 2026-07-22T16:49:10.493
ATTEMPT 139 W0 START 4x2 seed=515556 2026-07-22T16:49:10.494
ATTEMPT 139 W0 SOLVE 4x2 2026-07-22T16:49:10.501
ATTEMPT 139 W0 DONE 4x2 seed=515556 nsol=16 0.01s 2026-07-22T16:49:10.508
ATTEMPT 140 W0 START 4x2 seed=515557 2026-07-22T16:49:10.508
ATTEMPT 140 W0 SOLVE 4x2 2026-07-22T16:49:10.515
ATTEMPT 140 W0 DONE 4x2 seed=515557 nsol=16 0.02s 2026-07-22T16:49:10.533
ATTEMPT 141 W0 START 4x2 seed=515558 2026-07-22T16:49:10.534
ATTEMPT 141 W0 SOLVE 4x2 2026-07-22T16:49:10.540
ATTEMPT 141 W0 DONE 4x2 seed=515558 nsol=16 0.01s 2026-07-22T16:49:10.549
ATTEMPT 142 W0 START 4x2 seed=515559 2026-07-22T16:49:10.549
ATTEMPT 142 W0 SOLVE 4x2 2026-07-22T16:49:10.557
ATTEMPT 142 W0 DONE 4x2 seed=515559 nsol=16 0.01s 2026-07-22T16:49:10.565
ATTEMPT 143 W0 START 4x2 seed=515560 2026-07-22T16:49:10.565
ATTEMPT 143 W0 SOLVE 4x2 2026-07-22T16:49:10.572
ATTEMPT 143 W0 DONE 4x2 seed=515560 nsol=16 0.03s 2026-07-22T16:49:10.597
ATTEMPT 144 W0 START 4x2 seed=515561 2026-07-22T16:49:10.597
ATTEMPT 144 W0 SOLVE 4x2 2026-07-22T16:49:10.604
ATTEMPT 144 W0 DONE 4x2 seed=515561 nsol=16 0.01s 2026-07-22T16:49:10.619
ATTEMPT 145 W0 START 4x2 seed=515562 2026-07-22T16:49:10.620
ATTEMPT 145 W0 SOLVE 4x2 2026-07-22T16:49:10.633
ATTEMPT 145 W0 DONE 4x2 seed=515562 nsol=16 0.02s 2026-07-22T16:49:10.654
ATTEMPT 146 W0 START 4x2 seed=515563 2026-07-22T16:49:10.654
ATTEMPT 146 W0 SOLVE 4x2 2026-07-22T16:49:10.664
ATTEMPT 146 W0 DONE 4x2 seed=515563 nsol=16 0.01s 2026-07-22T16:49:10.675
ATTEMPT 147 W0 START 4x2 seed=515564 2026-07-22T16:49:10.675
ATTEMPT 147 W0 SOLVE 4x2 2026-07-22T16:49:10.690
ATTEMPT 147 W0 DONE 4x2 seed=515564 nsol=16 0.02s 2026-07-22T16:49:10.706
ATTEMPT 148 W0 START 4x2 seed=515565 2026-07-22T16:49:10.706
ATTEMPT 148 W0 SOLVE 4x2 2026-07-22T16:49:10.729
ATTEMPT 148 W0 DONE 4x2 seed=515565 nsol=16 0.02s 2026-07-22T16:49:10.753
ATTEMPT 149 W0 START 4x2 seed=515566 2026-07-22T16:49:10.754
ATTEMPT 149 W0 SOLVE 4x2 2026-07-22T16:49:10.764
ATTEMPT 149 W0 DONE 4x2 seed=515566 nsol=16 0.01s 2026-07-22T16:49:10.776
ATTEMPT 150 W0 START 4x2 seed=515567 2026-07-22T16:49:10.776
ATTEMPT 150 W0 SOLVE 4x2 2026-07-22T16:49:10.792
ATTEMPT 150 W0 DONE 4x2 seed=515567 nsol=16 0.02s 2026-07-22T16:49:10.813
ATTEMPT 151 W0 START 4x2 seed=515568 2026-07-22T16:49:10.813
ATTEMPT 151 W0 SOLVE 4x2 2026-07-22T16:49:10.839
ATTEMPT 151 W0 DONE 4x2 seed=515568 nsol=16 0.03s 2026-07-22T16:49:10.872
ATTEMPT 152 W0 START 4x2 seed=515569 2026-07-22T16:49:10.873
ATTEMPT 152 W0 SOLVE 4x2 2026-07-22T16:49:10.883
ATTEMPT 152 W0 DONE 4x2 seed=515569 nsol=16 0.01s 2026-07-22T16:49:10.896
ATTEMPT 153 W0 START 4x2 seed=515570 2026-07-22T16:49:10.897
ATTEMPT 153 W0 SOLVE 4x2 2026-07-22T16:49:10.906
ATTEMPT 153 W0 DONE 4x2 seed=515570 nsol=16 0.01s 2026-07-22T16:49:10.923
ATTEMPT 154 W0 START 4x2 seed=515571 2026-07-22T16:49:10.923
ATTEMPT 154 W0 SOLVE 4x2 2026-07-22T16:49:10.935
ATTEMPT 154 W0 DONE 4x2 seed=515571 nsol=16 0.02s 2026-07-22T16:49:10.957
ATTEMPT 155 W0 START 4x2 seed=515572 2026-07-22T16:49:10.958
ATTEMPT 155 W0 SOLVE 4x2 2026-07-22T16:49:10.974
ATTEMPT 155 W0 DONE 4x2 seed=515572 nsol=16 0.04s 2026-07-22T16:49:11.009
ATTEMPT 156 W0 START 4x2 seed=515573 2026-07-22T16:49:11.009
ATTEMPT 156 W0 SOLVE 4x2 2026-07-22T16:49:11.030
ATTEMPT 156 W0 DONE 4x2 seed=515573 nsol=16 0.02s 2026-07-22T16:49:11.050
ATTEMPT 157 W0 START 4x2 seed=515574 2026-07-22T16:49:11.050
ATTEMPT 157 W0 SOLVE 4x2 2026-07-22T16:49:11.060
ATTEMPT 157 W0 DONE 4x2 seed=515574 nsol=16 0.03s 2026-07-22T16:49:11.086
ATTEMPT 158 W0 START 4x2 seed=515575 2026-07-22T16:49:11.086
ATTEMPT 158 W0 SOLVE 4x2 2026-07-22T16:49:11.106
ATTEMPT 158 W0 DONE 4x2 seed=515575 nsol=16 0.21s 2026-07-22T16:49:11.317
ATTEMPT 159 W0 START 4x2 seed=515576 2026-07-22T16:49:11.318
ATTEMPT 159 W0 SOLVE 4x2 2026-07-22T16:49:11.332
ATTEMPT 159 W0 DONE 4x2 seed=515576 nsol=16 0.04s 2026-07-22T16:49:11.381
ATTEMPT 160 W0 START 4x2 seed=515577 2026-07-22T16:49:11.382
ATTEMPT 160 W0 SOLVE 4x2 2026-07-22T16:49:11.389
ATTEMPT 160 W0 DONE 4x2 seed=515577 nsol=16 0.03s 2026-07-22T16:49:11.425
ATTEMPT 161 W0 START 4x2 seed=515578 2026-07-22T16:49:11.426
ATTEMPT 161 W0 SOLVE 4x2 2026-07-22T16:49:11.441
ATTEMPT 161 W0 DONE 4x2 seed=515578 nsol=16 0.03s 2026-07-22T16:49:11.473
ATTEMPT 162 W0 START 4x2 seed=515579 2026-07-22T16:49:11.473
ATTEMPT 162 W0 SOLVE 4x2 2026-07-22T16:49:11.484
ATTEMPT 162 W0 DONE 4x2 seed=515579 nsol=16 0.03s 2026-07-22T16:49:11.516
ATTEMPT 163 W0 START 4x2 seed=515580 2026-07-22T16:49:11.516
ATTEMPT 163 W0 SOLVE 4x2 2026-07-22T16:49:11.531
ATTEMPT 163 W0 DONE 4x2 seed=515580 nsol=16 0.04s 2026-07-22T16:49:11.573
ATTEMPT 164 W0 START 4x2 seed=515581 2026-07-22T16:49:11.573
ATTEMPT 164 W0 SOLVE 4x2 2026-07-22T16:49:11.594
ATTEMPT 164 W0 DONE 4x2 seed=515581 nsol=16 0.03s 2026-07-22T16:49:11.621
ATTEMPT 165 W0 START 4x2 seed=515582 2026-07-22T16:49:11.622
ATTEMPT 165 W0 SOLVE 4x2 2026-07-22T16:49:11.637
ATTEMPT 165 W0 DONE 4x2 seed=515582 nsol=16 0.04s 2026-07-22T16:49:11.692
ATTEMPT 166 W0 START 4x2 seed=515583 2026-07-22T16:49:11.692
ATTEMPT 166 W0 SOLVE 4x2 2026-07-22T16:49:11.710
ATTEMPT 166 W0 DONE 4x2 seed=515583 nsol=16 0.03s 2026-07-22T16:49:11.742
ATTEMPT 167 W0 START 4x2 seed=515584 2026-07-22T16:49:11.742
ATTEMPT 167 W0 SOLVE 4x2 2026-07-22T16:49:11.759
ATTEMPT 167 W0 DONE 4x2 seed=515584 nsol=16 0.04s 2026-07-22T16:49:11.802
ATTEMPT 168 W0 START 4x2 seed=515585 2026-07-22T16:49:11.802
ATTEMPT 168 W0 SOLVE 4x2 2026-07-22T16:49:11.822
ATTEMPT 168 W0 DONE 4x2 seed=515585 nsol=16 0.03s 2026-07-22T16:49:11.850
ATTEMPT 169 W0 START 4x2 seed=515586 2026-07-22T16:49:11.851
ATTEMPT 169 W0 SOLVE 4x2 2026-07-22T16:49:11.871
ATTEMPT 169 W0 DONE 4x2 seed=515586 nsol=16 0.04s 2026-07-22T16:49:11.910
ATTEMPT 170 W0 START 4x2 seed=515587 2026-07-22T16:49:11.910
ATTEMPT 170 W0 SOLVE 4x2 2026-07-22T16:49:11.925
ATTEMPT 170 W0 DONE 4x2 seed=515587 nsol=16 0.02s 2026-07-22T16:49:11.941
ATTEMPT 171 W0 START 4x2 seed=515588 2026-07-22T16:49:11.942
ATTEMPT 171 W0 SOLVE 4x2 2026-07-22T16:49:11.971
ATTEMPT 171 W0 DONE 4x2 seed=515588 nsol=16 0.04s 2026-07-22T16:49:12.009
ATTEMPT 172 W0 START 4x2 seed=515589 2026-07-22T16:49:12.009
ATTEMPT 172 W0 SOLVE 4x2 2026-07-22T16:49:12.020
ATTEMPT 172 W0 DONE 4x2 seed=515589 nsol=16 0.02s 2026-07-22T16:49:12.050
ATTEMPT 173 W0 START 4x2 seed=515590 2026-07-22T16:49:12.050
ATTEMPT 173 W0 SOLVE 4x2 2026-07-22T16:49:12.065
ATTEMPT 173 W0 DONE 4x2 seed=515590 nsol=16 0.03s 2026-07-22T16:49:12.101
ATTEMPT 174 W0 START 4x2 seed=515591 2026-07-22T16:49:12.102
ATTEMPT 174 W0 SOLVE 4x2 2026-07-22T16:49:12.124
ATTEMPT 174 W0 DONE 4x2 seed=515591 nsol=16 0.03s 2026-07-22T16:49:12.167
ATTEMPT 175 W0 START 4x2 seed=515592 2026-07-22T16:49:12.168
ATTEMPT 175 W0 SOLVE 4x2 2026-07-22T16:49:12.184
ATTEMPT 175 W0 DONE 4x2 seed=515592 nsol=16 0.01s 2026-07-22T16:49:12.200
ATTEMPT 176 W0 START 4x2 seed=515593 2026-07-22T16:49:12.201
ATTEMPT 176 W0 SOLVE 4x2 2026-07-22T16:49:12.216
ATTEMPT 176 W0 DONE 4x2 seed=515593 nsol=16 0.02s 2026-07-22T16:49:12.238
ATTEMPT 177 W0 START 4x2 seed=515594 2026-07-22T16:49:12.239
ATTEMPT 177 W0 SOLVE 4x2 2026-07-22T16:49:12.271
ATTEMPT 177 W0 DONE 4x2 seed=515594 nsol=16 0.02s 2026-07-22T16:49:12.296
ATTEMPT 178 W0 START 4x2 seed=515595 2026-07-22T16:49:12.296
ATTEMPT 178 W0 SOLVE 4x2 2026-07-22T16:49:12.319
ATTEMPT 178 W0 DONE 4x2 seed=515595 nsol=16 0.02s 2026-07-22T16:49:12.341
ATTEMPT 179 W0 START 4x2 seed=515596 2026-07-22T16:49:12.341
ATTEMPT 179 W0 SOLVE 4x2 2026-07-22T16:49:12.373
ATTEMPT 179 W0 DONE 4x2 seed=515596 nsol=16 0.02s 2026-07-22T16:49:12.391
ATTEMPT 180 W0 START 4x2 seed=515597 2026-07-22T16:49:12.391
ATTEMPT 180 W0 SOLVE 4x2 2026-07-22T16:49:12.404
ATTEMPT 180 W0 DONE 4x2 seed=515597 nsol=16 0.03s 2026-07-22T16:49:12.449
ATTEMPT 181 W0 START 4x2 seed=515598 2026-07-22T16:49:12.450
ATTEMPT 181 W0 SOLVE 4x2 2026-07-22T16:49:12.459
ATTEMPT 181 W0 DONE 4x2 seed=515598 nsol=16 0.03s 2026-07-22T16:49:12.490
ATTEMPT 182 W0 START 4x2 seed=515599 2026-07-22T16:49:12.490
ATTEMPT 182 W0 SOLVE 4x2 2026-07-22T16:49:12.518
ATTEMPT 182 W0 DONE 4x2 seed=515599 nsol=16 0.05s 2026-07-22T16:49:12.569
ATTEMPT 183 W0 START 4x2 seed=515600 2026-07-22T16:49:12.569
ATTEMPT 183 W0 SOLVE 4x2 2026-07-22T16:49:12.592
ATTEMPT 183 W0 DONE 4x2 seed=515600 nsol=16 0.03s 2026-07-22T16:49:12.617
ATTEMPT 184 W0 START 4x2 seed=515601 2026-07-22T16:49:12.617
ATTEMPT 184 W0 SOLVE 4x2 2026-07-22T16:49:12.643
ATTEMPT 184 W0 DONE 4x2 seed=515601 nsol=16 0.03s 2026-07-22T16:49:12.673
ATTEMPT 185 W0 START 4x2 seed=515602 2026-07-22T16:49:12.673
ATTEMPT 185 W0 SOLVE 4x2 2026-07-22T16:49:12.706
ATTEMPT 185 W0 DONE 4x2 seed=515602 nsol=16 0.01s 2026-07-22T16:49:12.715
ATTEMPT 186 W0 START 4x2 seed=515603 2026-07-22T16:49:12.715
ATTEMPT 186 W0 SOLVE 4x2 2026-07-22T16:49:12.725
ATTEMPT 186 W0 DONE 4x2 seed=515603 nsol=16 0.01s 2026-07-22T16:49:12.738
ATTEMPT 187 W0 START 4x2 seed=515604 2026-07-22T16:49:12.738
ATTEMPT 187 W0 SOLVE 4x2 2026-07-22T16:49:12.755
ATTEMPT 187 W0 DONE 4x2 seed=515604 nsol=16 0.03s 2026-07-22T16:49:12.788
ATTEMPT 188 W0 START 4x2 seed=515605 2026-07-22T16:49:12.788
ATTEMPT 188 W0 SOLVE 4x2 2026-07-22T16:49:12.810
ATTEMPT 188 W0 DONE 4x2 seed=515605 nsol=16 0.02s 2026-07-22T16:49:12.827
ATTEMPT 189 W0 START 4x2 seed=515606 2026-07-22T16:49:12.827
ATTEMPT 189 W0 SOLVE 4x2 2026-07-22T16:49:12.850
ATTEMPT 189 W0 DONE 4x2 seed=515606 nsol=16 0.02s 2026-07-22T16:49:12.873
ATTEMPT 190 W0 START 4x2 seed=515607 2026-07-22T16:49:12.873
ATTEMPT 190 W0 SOLVE 4x2 2026-07-22T16:49:12.887
ATTEMPT 190 W0 DONE 4x2 seed=515607 nsol=16 0.03s 2026-07-22T16:49:12.917
ATTEMPT 191 W0 START 4x2 seed=515608 2026-07-22T16:49:12.917
ATTEMPT 191 W0 SOLVE 4x2 2026-07-22T16:49:12.932
ATTEMPT 191 W0 DONE 4x2 seed=515608 nsol=16 0.03s 2026-07-22T16:49:12.957
ATTEMPT 192 W0 START 4x2 seed=515609 2026-07-22T16:49:12.957
ATTEMPT 192 W0 SOLVE 4x2 2026-07-22T16:49:12.981
ATTEMPT 192 W0 DONE 4x2 seed=515609 nsol=16 0.03s 2026-07-22T16:49:13.009
ATTEMPT 193 W0 START 4x2 seed=515610 2026-07-22T16:49:13.010
ATTEMPT 193 W0 SOLVE 4x2 2026-07-22T16:49:13.024
ATTEMPT 193 W0 DONE 4x2 seed=515610 nsol=16 0.03s 2026-07-22T16:49:13.057
ATTEMPT 194 W0 START 4x2 seed=515611 2026-07-22T16:49:13.057
ATTEMPT 194 W0 SOLVE 4x2 2026-07-22T16:49:13.080
ATTEMPT 194 W0 DONE 4x2 seed=515611 nsol=16 0.02s 2026-07-22T16:49:13.101
ATTEMPT 195 W0 START 4x2 seed=515612 2026-07-22T16:49:13.102
ATTEMPT 195 W0 SOLVE 4x2 2026-07-22T16:49:13.115
ATTEMPT 195 W0 DONE 4x2 seed=515612 nsol=16 0.02s 2026-07-22T16:49:13.138
ATTEMPT 196 W0 START 4x2 seed=515613 2026-07-22T16:49:13.139
ATTEMPT 196 W0 SOLVE 4x2 2026-07-22T16:49:13.155
ATTEMPT 196 W0 DONE 4x2 seed=515613 nsol=16 0.01s 2026-07-22T16:49:13.167
ATTEMPT 197 W0 START 4x2 seed=515614 2026-07-22T16:49:13.167
ATTEMPT 197 W0 SOLVE 4x2 2026-07-22T16:49:13.177
ATTEMPT 197 W0 DONE 4x2 seed=515614 nsol=16 0.03s 2026-07-22T16:49:13.206
ATTEMPT 198 W0 START 4x2 seed=515615 2026-07-22T16:49:13.206
ATTEMPT 198 W0 SOLVE 4x2 2026-07-22T16:49:13.234
ATTEMPT 198 W0 DONE 4x2 seed=515615 nsol=16 0.02s 2026-07-22T16:49:13.253
ATTEMPT 199 W0 START 4x2 seed=515616 2026-07-22T16:49:13.253
ATTEMPT 199 W0 SOLVE 4x2 2026-07-22T16:49:13.263
ATTEMPT 199 W0 DONE 4x2 seed=515616 nsol=16 0.02s 2026-07-22T16:49:13.282
ATTEMPT 200 W0 START 4x2 seed=515617 2026-07-22T16:49:13.282
ATTEMPT 200 W0 SOLVE 4x2 2026-07-22T16:49:13.305
ATTEMPT 200 W0 DONE 4x2 seed=515617 nsol=16 0.02s 2026-07-22T16:49:13.329
ATTEMPT 201 W0 START 4x2 seed=515618 2026-07-22T16:49:13.329
ATTEMPT 201 W0 SOLVE 4x2 2026-07-22T16:49:13.345
ATTEMPT 201 W0 DONE 4x2 seed=515618 nsol=16 0.02s 2026-07-22T16:49:13.374
ATTEMPT 202 W0 START 4x2 seed=515619 2026-07-22T16:49:13.374
ATTEMPT 202 W0 SOLVE 4x2 2026-07-22T16:49:13.390
ATTEMPT 202 W0 DONE 4x2 seed=515619 nsol=16 0.03s 2026-07-22T16:49:13.421
ATTEMPT 203 W0 START 4x2 seed=515620 2026-07-22T16:49:13.422
ATTEMPT 203 W0 SOLVE 4x2 2026-07-22T16:49:13.436
ATTEMPT 203 W0 DONE 4x2 seed=515620 nsol=16 0.03s 2026-07-22T16:49:13.462
ATTEMPT 204 W0 START 4x2 seed=515621 2026-07-22T16:49:13.462
ATTEMPT 204 W0 SOLVE 4x2 2026-07-22T16:49:13.486
ATTEMPT 204 W0 DONE 4x2 seed=515621 nsol=16 0.11s 2026-07-22T16:49:13.601
ATTEMPT 205 W0 START 4x2 seed=515622 2026-07-22T16:49:13.613
ATTEMPT 205 W0 SOLVE 4x2 2026-07-22T16:49:13.649
ATTEMPT 205 W0 DONE 4x2 seed=515622 nsol=16 0.02s 2026-07-22T16:49:13.665
ATTEMPT 206 W0 START 4x2 seed=515623 2026-07-22T16:49:13.666
ATTEMPT 206 W0 SOLVE 4x2 2026-07-22T16:49:13.680
ATTEMPT 206 W0 DONE 4x2 seed=515623 nsol=16 0.03s 2026-07-22T16:49:13.713
ATTEMPT 207 W0 START 4x2 seed=515624 2026-07-22T16:49:13.713
ATTEMPT 207 W0 SOLVE 4x2 2026-07-22T16:49:13.745
ATTEMPT 207 W0 DONE 4x2 seed=515624 nsol=16 0.02s 2026-07-22T16:49:13.781
ATTEMPT 208 W0 START 4x2 seed=515625 2026-07-22T16:49:13.782
ATTEMPT 208 W0 SOLVE 4x2 2026-07-22T16:49:13.800
ATTEMPT 208 W0 DONE 4x2 seed=515625 nsol=16 0.03s 2026-07-22T16:49:13.829
ATTEMPT 209 W0 START 4x2 seed=515626 2026-07-22T16:49:13.829
ATTEMPT 209 W0 SOLVE 4x2 2026-07-22T16:49:13.850
ATTEMPT 209 W0 DONE 4x2 seed=515626 nsol=16 0.03s 2026-07-22T16:49:13.876
ATTEMPT 210 W0 START 4x2 seed=515627 2026-07-22T16:49:13.877
ATTEMPT 210 W0 SOLVE 4x2 2026-07-22T16:49:13.888
ATTEMPT 210 W0 DONE 4x2 seed=515627 nsol=16 0.01s 2026-07-22T16:49:13.904
ATTEMPT 211 W0 START 4x2 seed=515628 2026-07-22T16:49:13.904
ATTEMPT 211 W0 SOLVE 4x2 2026-07-22T16:49:13.912
ATTEMPT 211 W0 DONE 4x2 seed=515628 nsol=16 0.02s 2026-07-22T16:49:13.930
ATTEMPT 212 W0 START 4x2 seed=515629 2026-07-22T16:49:13.930
ATTEMPT 212 W0 SOLVE 4x2 2026-07-22T16:49:13.940
ATTEMPT 212 W0 DONE 4x2 seed=515629 nsol=16 0.01s 2026-07-22T16:49:13.949
ATTEMPT 213 W0 START 4x2 seed=515630 2026-07-22T16:49:13.949
ATTEMPT 213 W0 SOLVE 4x2 2026-07-22T16:49:13.957
ATTEMPT 213 W0 DONE 4x2 seed=515630 nsol=16 0.01s 2026-07-22T16:49:13.964
ATTEMPT 214 W0 START 4x2 seed=515631 2026-07-22T16:49:13.965
ATTEMPT 214 W0 SOLVE 4x2 2026-07-22T16:49:13.972
ATTEMPT 214 W0 DONE 4x2 seed=515631 nsol=16 0.02s 2026-07-22T16:49:13.989
ATTEMPT 215 W0 START 4x2 seed=515632 2026-07-22T16:49:13.990
ATTEMPT 215 W0 SOLVE 4x2 2026-07-22T16:49:14.001
ATTEMPT 215 W0 DONE 4x2 seed=515632 nsol=16 0.01s 2026-07-22T16:49:14.009
ATTEMPT 216 W0 START 4x2 seed=515633 2026-07-22T16:49:14.009
ATTEMPT 216 W0 SOLVE 4x2 2026-07-22T16:49:14.018
ATTEMPT 216 W0 DONE 4x2 seed=515633 nsol=16 0.01s 2026-07-22T16:49:14.032
ATTEMPT 217 W0 START 4x2 seed=515634 2026-07-22T16:49:14.032
ATTEMPT 217 W0 SOLVE 4x2 2026-07-22T16:49:14.040
ATTEMPT 217 W0 DONE 4x2 seed=515634 nsol=16 0.01s 2026-07-22T16:49:14.047
ATTEMPT 218 W0 START 4x2 seed=515635 2026-07-22T16:49:14.047
ATTEMPT 218 W0 SOLVE 4x2 2026-07-22T16:49:14.058
ATTEMPT 218 W0 DONE 4x2 seed=515635 nsol=16 0.01s 2026-07-22T16:49:14.073
ATTEMPT 219 W0 START 4x2 seed=515636 2026-07-22T16:49:14.073
ATTEMPT 219 W0 SOLVE 4x2 2026-07-22T16:49:14.080
ATTEMPT 219 W0 DONE 4x2 seed=515636 nsol=16 0.01s 2026-07-22T16:49:14.093
ATTEMPT 220 W0 START 4x2 seed=515637 2026-07-22T16:49:14.093
ATTEMPT 220 W0 SOLVE 4x2 2026-07-22T16:49:14.099
ATTEMPT 220 W0 DONE 4x2 seed=515637 nsol=16 0.02s 2026-07-22T16:49:14.115
ATTEMPT 221 W0 START 4x2 seed=515638 2026-07-22T16:49:14.115
ATTEMPT 221 W0 SOLVE 4x2 2026-07-22T16:49:14.123
ATTEMPT 221 W0 DONE 4x2 seed=515638 nsol=16 0.01s 2026-07-22T16:49:14.130
ATTEMPT 222 W0 START 4x2 seed=515639 2026-07-22T16:49:14.130
ATTEMPT 222 W0 SOLVE 4x2 2026-07-22T16:49:14.138
ATTEMPT 222 W0 DONE 4x2 seed=515639 nsol=16 0.01s 2026-07-22T16:49:14.153
ATTEMPT 223 W0 START 4x2 seed=515640 2026-07-22T16:49:14.153
ATTEMPT 223 W0 SOLVE 4x2 2026-07-22T16:49:14.159
ATTEMPT 223 W0 DONE 4x2 seed=515640 nsol=16 0.01s 2026-07-22T16:49:14.169
ATTEMPT 224 W0 START 4x2 seed=515641 2026-07-22T16:49:14.170
ATTEMPT 224 W0 SOLVE 4x2 2026-07-22T16:49:14.176
ATTEMPT 224 W0 DONE 4x2 seed=515641 nsol=16 0.01s 2026-07-22T16:49:14.188
ATTEMPT 225 W0 START 4x2 seed=515642 2026-07-22T16:49:14.188
ATTEMPT 225 W0 SOLVE 4x2 2026-07-22T16:49:14.197
ATTEMPT 225 W0 DONE 4x2 seed=515642 nsol=16 0.02s 2026-07-22T16:49:14.215
ATTEMPT 226 W0 START 4x2 seed=515643 2026-07-22T16:49:14.215
ATTEMPT 226 W0 SOLVE 4x2 2026-07-22T16:49:14.225
ATTEMPT 226 W0 DONE 4x2 seed=515643 nsol=16 0.02s 2026-07-22T16:49:14.261
ATTEMPT 227 W0 START 4x2 seed=515644 2026-07-22T16:49:14.261
ATTEMPT 227 W0 SOLVE 4x2 2026-07-22T16:49:14.272
ATTEMPT 227 W0 DONE 4x2 seed=515644 nsol=16 0.02s 2026-07-22T16:49:14.301
ATTEMPT 228 W0 START 4x2 seed=515645 2026-07-22T16:49:14.301
ATTEMPT 228 W0 SOLVE 4x2 2026-07-22T16:49:14.317
ATTEMPT 228 W0 DONE 4x2 seed=515645 nsol=16 0.02s 2026-07-22T16:49:14.346
ATTEMPT 229 W0 START 4x2 seed=515646 2026-07-22T16:49:14.346
ATTEMPT 229 W0 SOLVE 4x2 2026-07-22T16:49:14.365
ATTEMPT 229 W0 DONE 4x2 seed=515646 nsol=16 0.03s 2026-07-22T16:49:14.393
ATTEMPT 230 W0 START 4x2 seed=515647 2026-07-22T16:49:14.393
ATTEMPT 230 W0 SOLVE 4x2 2026-07-22T16:49:14.407
ATTEMPT 230 W0 DONE 4x2 seed=515647 nsol=16 0.01s 2026-07-22T16:49:14.421
ATTEMPT 231 W0 START 4x2 seed=515648 2026-07-22T16:49:14.421
ATTEMPT 231 W0 SOLVE 4x2 2026-07-22T16:49:14.434
ATTEMPT 231 W0 DONE 4x2 seed=515648 nsol=16 0.03s 2026-07-22T16:49:14.473
ATTEMPT 232 W0 START 4x2 seed=515649 2026-07-22T16:49:14.473
ATTEMPT 232 W0 SOLVE 4x2 2026-07-22T16:49:14.484
ATTEMPT 232 W0 DONE 4x2 seed=515649 nsol=16 0.03s 2026-07-22T16:49:14.510
ATTEMPT 233 W0 START 4x2 seed=515650 2026-07-22T16:49:14.510
ATTEMPT 233 W0 SOLVE 4x2 2026-07-22T16:49:14.534
ATTEMPT 233 W0 DONE 4x2 seed=515650 nsol=16 0.04s 2026-07-22T16:49:14.573
ATTEMPT 234 W0 START 4x2 seed=515651 2026-07-22T16:49:14.573
ATTEMPT 234 W0 SOLVE 4x2 2026-07-22T16:49:14.587
ATTEMPT 234 W0 DONE 4x2 seed=515651 nsol=16 0.04s 2026-07-22T16:49:14.630
ATTEMPT 235 W0 START 4x2 seed=515652 2026-07-22T16:49:14.630
ATTEMPT 235 W0 SOLVE 4x2 2026-07-22T16:49:14.652
ATTEMPT 235 W0 DONE 4x2 seed=515652 nsol=16 0.03s 2026-07-22T16:49:14.681
ATTEMPT 236 W0 START 4x2 seed=515653 2026-07-22T16:49:14.681
ATTEMPT 236 W0 SOLVE 4x2 2026-07-22T16:49:14.700
ATTEMPT 236 W0 DONE 4x2 seed=515653 nsol=16 0.03s 2026-07-22T16:49:14.733
ATTEMPT 237 W0 START 4x2 seed=515654 2026-07-22T16:49:14.734
ATTEMPT 237 W0 SOLVE 4x2 2026-07-22T16:49:14.744
ATTEMPT 237 W0 DONE 4x2 seed=515654 nsol=16 0.03s 2026-07-22T16:49:14.776
ATTEMPT 238 W0 START 4x2 seed=515655 2026-07-22T16:49:14.776
ATTEMPT 238 W0 SOLVE 4x2 2026-07-22T16:49:14.795
ATTEMPT 238 W0 DONE 4x2 seed=515655 nsol=16 0.02s 2026-07-22T16:49:14.819
ATTEMPT 239 W0 START 4x2 seed=515656 2026-07-22T16:49:14.820
ATTEMPT 239 W0 SOLVE 4x2 2026-07-22T16:49:14.842
ATTEMPT 239 W0 DONE 4x2 seed=515656 nsol=16 0.02s 2026-07-22T16:49:14.859
ATTEMPT 240 W0 START 4x2 seed=515657 2026-07-22T16:49:14.859
ATTEMPT 240 W0 SOLVE 4x2 2026-07-22T16:49:14.890
ATTEMPT 240 W0 DONE 4x2 seed=515657 nsol=16 0.02s 2026-07-22T16:49:14.913
ATTEMPT 241 W0 START 4x2 seed=515658 2026-07-22T16:49:14.914
ATTEMPT 241 W0 SOLVE 4x2 2026-07-22T16:49:14.942
ATTEMPT 241 W0 DONE 4x2 seed=515658 nsol=16 0.02s 2026-07-22T16:49:14.960
ATTEMPT 242 W0 START 4x2 seed=515659 2026-07-22T16:49:14.961
ATTEMPT 242 W0 SOLVE 4x2 2026-07-22T16:49:14.983
ATTEMPT 242 W0 DONE 4x2 seed=515659 nsol=16 0.03s 2026-07-22T16:49:15.019
ATTEMPT 243 W0 START 4x2 seed=515660 2026-07-22T16:49:15.020
ATTEMPT 243 W0 SOLVE 4x2 2026-07-22T16:49:15.034
ATTEMPT 243 W0 DONE 4x2 seed=515660 nsol=16 0.01s 2026-07-22T16:49:15.044
ATTEMPT 244 W0 START 4x2 seed=515661 2026-07-22T16:49:15.045
ATTEMPT 244 W0 SOLVE 4x2 2026-07-22T16:49:15.056
ATTEMPT 244 W0 DONE 4x2 seed=515661 nsol=16 0.23s 2026-07-22T16:49:15.289
ATTEMPT 245 W0 START 4x2 seed=515662 2026-07-22T16:49:15.306
ATTEMPT 245 W0 SOLVE 4x2 2026-07-22T16:49:15.324
ATTEMPT 245 W0 DONE 4x2 seed=515662 nsol=16 0.01s 2026-07-22T16:49:15.343
ATTEMPT 246 W0 START 4x2 seed=515663 2026-07-22T16:49:15.343
ATTEMPT 246 W0 SOLVE 4x2 2026-07-22T16:49:15.354
ATTEMPT 246 W0 DONE 4x2 seed=515663 nsol=16 0.00s 2026-07-22T16:49:15.359
ATTEMPT 247 W0 START 4x2 seed=515664 2026-07-22T16:49:15.359
ATTEMPT 247 W0 SOLVE 4x2 2026-07-22T16:49:15.364
ATTEMPT 247 W0 DONE 4x2 seed=515664 nsol=16 0.01s 2026-07-22T16:49:15.378
ATTEMPT 248 W0 START 4x2 seed=515665 2026-07-22T16:49:15.378
ATTEMPT 248 W0 SOLVE 4x2 2026-07-22T16:49:15.384
ATTEMPT 248 W0 DONE 4x2 seed=515665 nsol=16 0.01s 2026-07-22T16:49:15.399
ATTEMPT 249 W0 START 4x2 seed=515666 2026-07-22T16:49:15.399
ATTEMPT 249 W0 SOLVE 4x2 2026-07-22T16:49:15.405
ATTEMPT 249 W0 DONE 4x2 seed=515666 nsol=16 0.02s 2026-07-22T16:49:15.422
ATTEMPT 250 W0 START 4x2 seed=515667 2026-07-22T16:49:15.422
ATTEMPT 250 W0 SOLVE 4x2 2026-07-22T16:49:15.428
ATTEMPT 250 W0 DONE 4x2 seed=515667 nsol=16 0.01s 2026-07-22T16:49:15.443
ATTEMPT 251 W0 START 4x2 seed=515668 2026-07-22T16:49:15.443
ATTEMPT 251 W0 SOLVE 4x2 2026-07-22T16:49:15.450
ATTEMPT 251 W0 DONE 4x2 seed=515668 nsol=16 0.01s 2026-07-22T16:49:15.456
ATTEMPT 252 W0 START 4x2 seed=515669 2026-07-22T16:49:15.457
ATTEMPT 252 W0 SOLVE 4x2 2026-07-22T16:49:15.462
ATTEMPT 252 W0 DONE 4x2 seed=515669 nsol=16 0.02s 2026-07-22T16:49:15.481
ATTEMPT 253 W0 START 4x2 seed=515670 2026-07-22T16:49:15.482
ATTEMPT 253 W0 SOLVE 4x2 2026-07-22T16:49:15.489
ATTEMPT 253 W0 DONE 4x2 seed=515670 nsol=16 0.01s 2026-07-22T16:49:15.496
ATTEMPT 254 W0 START 4x2 seed=515671 2026-07-22T16:49:15.496
ATTEMPT 254 W0 SOLVE 4x2 2026-07-22T16:49:15.502
ATTEMPT 254 W0 DONE 4x2 seed=515671 nsol=16 0.01s 2026-07-22T16:49:15.510
ATTEMPT 255 W0 START 4x2 seed=515672 2026-07-22T16:49:15.510
ATTEMPT 255 W0 SOLVE 4x2 2026-07-22T16:49:15.515
ATTEMPT 255 W0 DONE 4x2 seed=515672 nsol=16 0.01s 2026-07-22T16:49:15.530
ATTEMPT 256 W0 START 4x2 seed=515673 2026-07-22T16:49:15.530
ATTEMPT 256 W0 SOLVE 4x2 2026-07-22T16:49:15.537
ATTEMPT 256 W0 DONE 4x2 seed=515673 nsol=16 0.01s 2026-07-22T16:49:15.549
ATTEMPT 257 W0 START 4x2 seed=515674 2026-07-22T16:49:15.549
ATTEMPT 257 W0 SOLVE 4x2 2026-07-22T16:49:15.555
ATTEMPT 257 W0 DONE 4x2 seed=515674 nsol=16 0.01s 2026-07-22T16:49:15.569
ATTEMPT 258 W0 START 4x2 seed=515675 2026-07-22T16:49:15.570
ATTEMPT 258 W0 SOLVE 4x2 2026-07-22T16:49:15.577
ATTEMPT 258 W0 DONE 4x2 seed=515675 nsol=16 0.01s 2026-07-22T16:49:15.591
ATTEMPT 259 W0 START 4x2 seed=515676 2026-07-22T16:49:15.592
ATTEMPT 259 W0 SOLVE 4x2 2026-07-22T16:49:15.598
ATTEMPT 259 W0 DONE 4x2 seed=515676 nsol=16 0.01s 2026-07-22T16:49:15.605
ATTEMPT 260 W0 START 4x2 seed=515677 2026-07-22T16:49:15.605
ATTEMPT 260 W0 SOLVE 4x2 2026-07-22T16:49:15.611
ATTEMPT 260 W0 DONE 4x2 seed=515677 nsol=16 0.01s 2026-07-22T16:49:15.617
ATTEMPT 261 W0 START 4x2 seed=515678 2026-07-22T16:49:15.617
ATTEMPT 261 W0 SOLVE 4x2 2026-07-22T16:49:15.623
ATTEMPT 261 W0 DONE 4x2 seed=515678 nsol=16 0.01s 2026-07-22T16:49:15.637
ATTEMPT 262 W0 START 4x2 seed=515679 2026-07-22T16:49:15.641
ATTEMPT 262 W0 SOLVE 4x2 2026-07-22T16:49:15.655
ATTEMPT 262 W0 DONE 4x2 seed=515679 nsol=16 0.01s 2026-07-22T16:49:15.669
ATTEMPT 263 W0 START 4x2 seed=515680 2026-07-22T16:49:15.669
ATTEMPT 263 W0 SOLVE 4x2 2026-07-22T16:49:15.679
ATTEMPT 263 W0 DONE 4x2 seed=515680 nsol=16 0.02s 2026-07-22T16:49:15.702
ATTEMPT 264 W0 START 4x2 seed=515681 2026-07-22T16:49:15.702
ATTEMPT 264 W0 SOLVE 4x2 2026-07-22T16:49:15.715
ATTEMPT 264 W0 DONE 4x2 seed=515681 nsol=16 0.03s 2026-07-22T16:49:15.741
ATTEMPT 265 W0 START 4x2 seed=515682 2026-07-22T16:49:15.741
ATTEMPT 265 W0 SOLVE 4x2 2026-07-22T16:49:15.755
ATTEMPT 265 W0 DONE 4x2 seed=515682 nsol=16 0.03s 2026-07-22T16:49:15.781
ATTEMPT 266 W0 START 4x2 seed=515683 2026-07-22T16:49:15.781
ATTEMPT 266 W0 SOLVE 4x2 2026-07-22T16:49:15.799
ATTEMPT 266 W0 DONE 4x2 seed=515683 nsol=16 0.04s 2026-07-22T16:49:15.835
ATTEMPT 267 W0 START 4x2 seed=515684 2026-07-22T16:49:15.835
ATTEMPT 267 W0 SOLVE 4x2 2026-07-22T16:49:15.840
ATTEMPT 267 W0 DONE 4x2 seed=515684 nsol=16 0.03s 2026-07-22T16:49:15.870
ATTEMPT 268 W0 START 4x2 seed=515685 2026-07-22T16:49:15.870
ATTEMPT 268 W0 SOLVE 4x2 2026-07-22T16:49:15.887
ATTEMPT 268 W0 DONE 4x2 seed=515685 nsol=16 0.03s 2026-07-22T16:49:15.921
ATTEMPT 269 W0 START 4x2 seed=515686 2026-07-22T16:49:15.921
ATTEMPT 269 W0 SOLVE 4x2 2026-07-22T16:49:15.946
ATTEMPT 269 W0 DONE 4x2 seed=515686 nsol=16 0.03s 2026-07-22T16:49:15.977
ATTEMPT 270 W0 START 4x2 seed=515687 2026-07-22T16:49:15.978
ATTEMPT 270 W0 SOLVE 4x2 2026-07-22T16:49:15.984
ATTEMPT 270 W0 DONE 4x2 seed=515687 nsol=16 0.03s 2026-07-22T16:49:16.025
ATTEMPT 271 W0 START 4x2 seed=515688 2026-07-22T16:49:16.025
ATTEMPT 271 W0 SOLVE 4x2 2026-07-22T16:49:16.041
ATTEMPT 271 W0 DONE 4x2 seed=515688 nsol=16 3.51s 2026-07-22T16:49:19.562
ATTEMPT 272 W0 START 4x2 seed=515689 2026-07-22T16:49:19.562
ATTEMPT 272 W0 SOLVE 4x2 2026-07-22T16:49:19.575
ATTEMPT 272 W0 DONE 4x2 seed=515689 nsol=16 0.03s 2026-07-22T16:49:19.610
ATTEMPT 273 W0 START 4x2 seed=515690 2026-07-22T16:49:19.610
ATTEMPT 273 W0 SOLVE 4x2 2026-07-22T16:49:19.624
ATTEMPT 273 W0 DONE 4x2 seed=515690 nsol=16 0.03s 2026-07-22T16:49:19.662
ATTEMPT 274 W0 START 4x2 seed=515691 2026-07-22T16:49:19.662
ATTEMPT 274 W0 SOLVE 4x2 2026-07-22T16:49:19.710
ATTEMPT 274 W0 DONE 4x2 seed=515691 nsol=16 0.05s 2026-07-22T16:49:19.758
ATTEMPT 275 W0 START 4x2 seed=515692 2026-07-22T16:49:19.758
ATTEMPT 275 W0 SOLVE 4x2 2026-07-22T16:49:19.791
ATTEMPT 275 W0 DONE 4x2 seed=515692 nsol=16 0.04s 2026-07-22T16:49:19.830
ATTEMPT 276 W0 START 4x2 seed=515693 2026-07-22T16:49:19.830
ATTEMPT 276 W0 SOLVE 4x2 2026-07-22T16:49:19.847
ATTEMPT 276 W0 DONE 4x2 seed=515693 nsol=16 0.04s 2026-07-22T16:49:19.890
ATTEMPT 277 W0 START 4x2 seed=515694 2026-07-22T16:49:19.890
ATTEMPT 277 W0 SOLVE 4x2 2026-07-22T16:49:19.905
ATTEMPT 277 W0 DONE 4x2 seed=515694 nsol=16 0.02s 2026-07-22T16:49:19.942
ATTEMPT 278 W0 START 4x2 seed=515695 2026-07-22T16:49:19.942
ATTEMPT 278 W0 SOLVE 4x2 2026-07-22T16:49:19.968
ATTEMPT 278 W0 DONE 4x2 seed=515695 nsol=16 0.02s 2026-07-22T16:49:19.993
ATTEMPT 279 W0 START 4x2 seed=515696 2026-07-22T16:49:19.993
ATTEMPT 279 W0 SOLVE 4x2 2026-07-22T16:49:20.010
ATTEMPT 279 W0 DONE 4x2 seed=515696 nsol=16 0.03s 2026-07-22T16:49:20.040
ATTEMPT 280 W0 START 4x2 seed=515697 2026-07-22T16:49:20.041
ATTEMPT 280 W0 SOLVE 4x2 2026-07-22T16:49:20.058
ATTEMPT 280 W0 DONE 4x2 seed=515697 nsol=16 0.04s 2026-07-22T16:49:20.102
ATTEMPT 281 W0 START 4x2 seed=515698 2026-07-22T16:49:20.102
ATTEMPT 281 W0 SOLVE 4x2 2026-07-22T16:49:20.132
ATTEMPT 281 W0 DONE 4x2 seed=515698 nsol=16 0.03s 2026-07-22T16:49:20.166
ATTEMPT 282 W0 START 4x2 seed=515699 2026-07-22T16:49:20.166
ATTEMPT 282 W0 SOLVE 4x2 2026-07-22T16:49:20.198
ATTEMPT 282 W0 DONE 4x2 seed=515699 nsol=16 0.41s 2026-07-22T16:49:20.610
ATTEMPT 283 W0 START 4x2 seed=515700 2026-07-22T16:49:20.610
ATTEMPT 283 W0 SOLVE 4x2 2026-07-22T16:49:20.622
ATTEMPT 283 W0 DONE 4x2 seed=515700 nsol=16 0.02s 2026-07-22T16:49:20.642
ATTEMPT 284 W0 START 4x2 seed=515701 2026-07-22T16:49:20.642
ATTEMPT 284 W0 SOLVE 4x2 2026-07-22T16:49:20.656
ATTEMPT 284 W0 DONE 4x2 seed=515701 nsol=16 0.02s 2026-07-22T16:49:20.678
ATTEMPT 285 W0 START 4x2 seed=515702 2026-07-22T16:49:20.678
ATTEMPT 285 W0 SOLVE 4x2 2026-07-22T16:49:20.704
ATTEMPT 285 W0 DONE 4x2 seed=515702 nsol=16 0.01s 2026-07-22T16:49:20.716
ATTEMPT 286 W0 START 4x2 seed=515703 2026-07-22T16:49:20.717
ATTEMPT 286 W0 SOLVE 4x2 2026-07-22T16:49:20.742
ATTEMPT 286 W0 DONE 4x2 seed=515703 nsol=16 0.01s 2026-07-22T16:49:20.754
ATTEMPT 287 W0 START 4x2 seed=515704 2026-07-22T16:49:20.754
ATTEMPT 287 W0 SOLVE 4x2 2026-07-22T16:49:20.763
ATTEMPT 287 W0 DONE 4x2 seed=515704 nsol=16 0.00s 2026-07-22T16:49:20.767
ATTEMPT 288 W0 START 4x2 seed=515705 2026-07-22T16:49:20.767
ATTEMPT 288 W0 SOLVE 4x2 2026-07-22T16:49:20.777
ATTEMPT 288 W0 DONE 4x2 seed=515705 nsol=16 0.06s 2026-07-22T16:49:20.834
ATTEMPT 289 W0 START 4x2 seed=515706 2026-07-22T16:49:20.834
ATTEMPT 289 W0 SOLVE 4x2 2026-07-22T16:49:20.859
ATTEMPT 289 W0 DONE 4x2 seed=515706 nsol=16 0.03s 2026-07-22T16:49:20.886
ATTEMPT 290 W0 START 4x2 seed=515707 2026-07-22T16:49:20.886
ATTEMPT 290 W0 SOLVE 4x2 2026-07-22T16:49:20.912
ATTEMPT 290 W0 DONE 4x2 seed=515707 nsol=16 0.01s 2026-07-22T16:49:20.938
ATTEMPT 291 W0 START 4x2 seed=515708 2026-07-22T16:49:20.938
ATTEMPT 291 W0 SOLVE 4x2 2026-07-22T16:49:20.944
ATTEMPT 291 W0 DONE 4x2 seed=515708 nsol=16 0.03s 2026-07-22T16:49:20.978
ATTEMPT 292 W0 START 4x2 seed=515709 2026-07-22T16:49:20.980
ATTEMPT 292 W0 SOLVE 4x2 2026-07-22T16:49:21.007
ATTEMPT 292 W0 DONE 4x2 seed=515709 nsol=16 0.03s 2026-07-22T16:49:21.033
ATTEMPT 293 W0 START 4x2 seed=515710 2026-07-22T16:49:21.033
ATTEMPT 293 W0 SOLVE 4x2 2026-07-22T16:49:21.056
ATTEMPT 293 W0 DONE 4x2 seed=515710 nsol=16 0.04s 2026-07-22T16:49:21.094
ATTEMPT 294 W0 START 4x2 seed=515711 2026-07-22T16:49:21.094
ATTEMPT 294 W0 SOLVE 4x2 2026-07-22T16:49:21.120
ATTEMPT 294 W0 DONE 4x2 seed=515711 nsol=16 0.02s 2026-07-22T16:49:21.136
ATTEMPT 295 W0 START 4x2 seed=515712 2026-07-22T16:49:21.136
ATTEMPT 295 W0 SOLVE 4x2 2026-07-22T16:49:21.146
ATTEMPT 295 W0 DONE 4x2 seed=515712 nsol=16 0.03s 2026-07-22T16:49:21.173
ATTEMPT 296 W0 START 4x2 seed=515713 2026-07-22T16:49:21.173
ATTEMPT 296 W0 SOLVE 4x2 2026-07-22T16:49:21.183
ATTEMPT 296 W0 DONE 4x2 seed=515713 nsol=16 0.02s 2026-07-22T16:49:21.207
ATTEMPT 297 W0 START 4x2 seed=515714 2026-07-22T16:49:21.208
ATTEMPT 297 W0 SOLVE 4x2 2026-07-22T16:49:21.214
ATTEMPT 297 W0 DONE 4x2 seed=515714 nsol=16 0.02s 2026-07-22T16:49:21.230
ATTEMPT 298 W0 START 4x2 seed=515715 2026-07-22T16:49:21.230
ATTEMPT 298 W0 SOLVE 4x2 2026-07-22T16:49:21.235
ATTEMPT 298 W0 DONE 4x2 seed=515715 nsol=16 0.01s 2026-07-22T16:49:21.250
ATTEMPT 299 W0 START 4x2 seed=515716 2026-07-22T16:49:21.250
ATTEMPT 299 W0 SOLVE 4x2 2026-07-22T16:49:21.255
ATTEMPT 299 W0 DONE 4x2 seed=515716 nsol=16 0.01s 2026-07-22T16:49:21.264
ATTEMPT 300 W0 START 4x2 seed=515717 2026-07-22T16:49:21.264
ATTEMPT 300 W0 SOLVE 4x2 2026-07-22T16:49:21.270
ATTEMPT 300 W0 DONE 4x2 seed=515717 nsol=16 0.01s 2026-07-22T16:49:21.284
ATTEMPT 301 W0 START 4x2 seed=515718 2026-07-22T16:49:21.284
ATTEMPT 301 W0 SOLVE 4x2 2026-07-22T16:49:21.290
ATTEMPT 301 W0 DONE 4x2 seed=515718 nsol=16 0.02s 2026-07-22T16:49:21.306
ATTEMPT 302 W0 START 4x2 seed=515719 2026-07-22T16:49:21.306
ATTEMPT 302 W0 SOLVE 4x2 2026-07-22T16:49:21.314
ATTEMPT 302 W0 DONE 4x2 seed=515719 nsol=16 0.01s 2026-07-22T16:49:21.322
ATTEMPT 303 W0 START 4x2 seed=515720 2026-07-22T16:49:21.322
ATTEMPT 303 W0 SOLVE 4x2 2026-07-22T16:49:21.327
ATTEMPT 303 W0 DONE 4x2 seed=515720 nsol=16 0.02s 2026-07-22T16:49:21.346
ATTEMPT 304 W0 START 4x2 seed=515721 2026-07-22T16:49:21.346
ATTEMPT 304 W0 SOLVE 4x2 2026-07-22T16:49:21.353
ATTEMPT 304 W0 DONE 4x2 seed=515721 nsol=16 0.02s 2026-07-22T16:49:21.382
ATTEMPT 305 W0 START 4x2 seed=515722 2026-07-22T16:49:21.382
ATTEMPT 305 W0 SOLVE 4x2 2026-07-22T16:49:21.395
ATTEMPT 305 W0 DONE 4x2 seed=515722 nsol=16 0.02s 2026-07-22T16:49:21.419
ATTEMPT 306 W0 START 4x2 seed=515723 2026-07-22T16:49:21.419
ATTEMPT 306 W0 SOLVE 4x2 2026-07-22T16:49:21.425
ATTEMPT 306 W0 DONE 4x2 seed=515723 nsol=16 0.01s 2026-07-22T16:49:21.438
ATTEMPT 307 W0 START 4x2 seed=515724 2026-07-22T16:49:21.438
ATTEMPT 307 W0 SOLVE 4x2 2026-07-22T16:49:21.444
ATTEMPT 307 W0 DONE 4x2 seed=515724 nsol=16 0.02s 2026-07-22T16:49:21.460
ATTEMPT 308 W0 START 4x2 seed=515725 2026-07-22T16:49:21.460
ATTEMPT 308 W0 SOLVE 4x2 2026-07-22T16:49:21.475
ATTEMPT 308 W0 DONE 4x2 seed=515725 nsol=16 0.02s 2026-07-22T16:49:21.498
ATTEMPT 309 W0 START 4x2 seed=515726 2026-07-22T16:49:21.498
ATTEMPT 309 W0 SOLVE 4x2 2026-07-22T16:49:21.507
ATTEMPT 309 W0 DONE 4x2 seed=515726 nsol=16 0.02s 2026-07-22T16:49:21.530
ATTEMPT 310 W0 START 4x2 seed=515727 2026-07-22T16:49:21.530
ATTEMPT 310 W0 SOLVE 4x2 2026-07-22T16:49:21.540
ATTEMPT 310 W0 DONE 4x2 seed=515727 nsol=16 0.02s 2026-07-22T16:49:21.558
ATTEMPT 311 W0 START 4x2 seed=515728 2026-07-22T16:49:21.558
ATTEMPT 311 W0 SOLVE 4x2 2026-07-22T16:49:21.565
ATTEMPT 311 W0 DONE 4x2 seed=515728 nsol=16 0.02s 2026-07-22T16:49:21.582
ATTEMPT 312 W0 START 4x2 seed=515729 2026-07-22T16:49:21.582
ATTEMPT 312 W0 SOLVE 4x2 2026-07-22T16:49:21.590
ATTEMPT 312 W0 DONE 4x2 seed=515729 nsol=16 0.02s 2026-07-22T16:49:21.608
ATTEMPT 313 W0 START 4x2 seed=515730 2026-07-22T16:49:21.609
ATTEMPT 313 W0 SOLVE 4x2 2026-07-22T16:49:21.619
ATTEMPT 313 W0 DONE 4x2 seed=515730 nsol=16 0.02s 2026-07-22T16:49:21.642
ATTEMPT 314 W0 START 4x2 seed=515731 2026-07-22T16:49:21.642
ATTEMPT 314 W0 SOLVE 4x2 2026-07-22T16:49:21.651
ATTEMPT 314 W0 DONE 4x2 seed=515731 nsol=16 0.01s 2026-07-22T16:49:21.670
ATTEMPT 315 W0 START 4x2 seed=515732 2026-07-22T16:49:21.670
ATTEMPT 315 W0 SOLVE 4x2 2026-07-22T16:49:21.680
ATTEMPT 315 W0 DONE 4x2 seed=515732 nsol=16 0.01s 2026-07-22T16:49:21.693
ATTEMPT 316 W0 START 4x2 seed=515733 2026-07-22T16:49:21.693
ATTEMPT 316 W0 SOLVE 4x2 2026-07-22T16:49:21.712
ATTEMPT 316 W0 DONE 4x2 seed=515733 nsol=16 0.02s 2026-07-22T16:49:21.738
ATTEMPT 317 W0 START 4x2 seed=515734 2026-07-22T16:49:21.738
ATTEMPT 317 W0 SOLVE 4x2 2026-07-22T16:49:21.745
ATTEMPT 317 W0 DONE 4x2 seed=515734 nsol=16 0.02s 2026-07-22T16:49:21.774
ATTEMPT 318 W0 START 4x2 seed=515735 2026-07-22T16:49:21.774
ATTEMPT 318 W0 SOLVE 4x2 2026-07-22T16:49:21.790
ATTEMPT 318 W0 DONE 4x2 seed=515735 nsol=16 0.01s 2026-07-22T16:49:21.802
ATTEMPT 319 W0 START 4x2 seed=515736 2026-07-22T16:49:21.802
ATTEMPT 319 W0 SOLVE 4x2 2026-07-22T16:49:21.811
ATTEMPT 319 W0 DONE 4x2 seed=515736 nsol=16 0.03s 2026-07-22T16:49:21.842
ATTEMPT 320 W0 START 4x2 seed=515737 2026-07-22T16:49:21.842
ATTEMPT 320 W0 SOLVE 4x2 2026-07-22T16:49:21.858
ATTEMPT 320 W0 DONE 4x2 seed=515737 nsol=16 0.03s 2026-07-22T16:49:21.887
ATTEMPT 321 W0 START 4x2 seed=515738 2026-07-22T16:49:21.887
ATTEMPT 321 W0 SOLVE 4x2 2026-07-22T16:49:21.898
ATTEMPT 321 W0 DONE 4x2 seed=515738 nsol=16 0.03s 2026-07-22T16:49:21.930
ATTEMPT 322 W0 START 4x2 seed=515739 2026-07-22T16:49:21.930
ATTEMPT 322 W0 SOLVE 4x2 2026-07-22T16:49:21.942
ATTEMPT 322 W0 DONE 4x2 seed=515739 nsol=16 0.01s 2026-07-22T16:49:21.958
ATTEMPT 323 W0 START 4x2 seed=515740 2026-07-22T16:49:21.958
ATTEMPT 323 W0 SOLVE 4x2 2026-07-22T16:49:21.982
ATTEMPT 323 W0 DONE 4x2 seed=515740 nsol=16 0.03s 2026-07-22T16:49:22.010
ATTEMPT 324 W0 START 4x2 seed=515741 2026-07-22T16:49:22.010
ATTEMPT 324 W0 SOLVE 4x2 2026-07-22T16:49:22.020
ATTEMPT 324 W0 DONE 4x2 seed=515741 nsol=16 0.03s 2026-07-22T16:49:22.052
ATTEMPT 325 W0 START 4x2 seed=515742 2026-07-22T16:49:22.052
ATTEMPT 325 W0 SOLVE 4x2 2026-07-22T16:49:22.066
ATTEMPT 325 W0 DONE 4x2 seed=515742 nsol=16 0.02s 2026-07-22T16:49:22.086
ATTEMPT 326 W0 START 4x2 seed=515743 2026-07-22T16:49:22.086
ATTEMPT 326 W0 SOLVE 4x2 2026-07-22T16:49:22.096
ATTEMPT 326 W0 DONE 4x2 seed=515743 nsol=16 0.01s 2026-07-22T16:49:22.113
ATTEMPT 327 W0 START 4x2 seed=515744 2026-07-22T16:49:22.114
ATTEMPT 327 W0 SOLVE 4x2 2026-07-22T16:49:22.119
ATTEMPT 327 W0 DONE 4x2 seed=515744 nsol=16 0.02s 2026-07-22T16:49:22.142
ATTEMPT 328 W0 START 4x2 seed=515745 2026-07-22T16:49:22.142
ATTEMPT 328 W0 SOLVE 4x2 2026-07-22T16:49:22.150
ATTEMPT 328 W0 DONE 4x2 seed=515745 nsol=16 0.02s 2026-07-22T16:49:22.166
ATTEMPT 329 W0 START 4x2 seed=515746 2026-07-22T16:49:22.166
ATTEMPT 329 W0 SOLVE 4x2 2026-07-22T16:49:22.173
ATTEMPT 329 W0 DONE 4x2 seed=515746 nsol=16 0.01s 2026-07-22T16:49:22.180
ATTEMPT 330 W0 START 4x2 seed=515747 2026-07-22T16:49:22.181
ATTEMPT 330 W0 SOLVE 4x2 2026-07-22T16:49:22.187
ATTEMPT 330 W0 DONE 4x2 seed=515747 nsol=16 0.02s 2026-07-22T16:49:22.208
ATTEMPT 331 W0 START 4x2 seed=515748 2026-07-22T16:49:22.209
ATTEMPT 331 W0 SOLVE 4x2 2026-07-22T16:49:22.215
ATTEMPT 331 W0 DONE 4x2 seed=515748 nsol=16 0.01s 2026-07-22T16:49:22.222
ATTEMPT 332 W0 START 4x2 seed=515749 2026-07-22T16:49:22.222
ATTEMPT 332 W0 SOLVE 4x2 2026-07-22T16:49:22.229
ATTEMPT 332 W0 DONE 4x2 seed=515749 nsol=16 0.01s 2026-07-22T16:49:22.242
ATTEMPT 333 W0 START 4x2 seed=515750 2026-07-22T16:49:22.243
ATTEMPT 333 W0 SOLVE 4x2 2026-07-22T16:49:22.249
ATTEMPT 333 W0 DONE 4x2 seed=515750 nsol=16 0.02s 2026-07-22T16:49:22.266
ATTEMPT 334 W0 START 4x2 seed=515751 2026-07-22T16:49:22.266
ATTEMPT 334 W0 SOLVE 4x2 2026-07-22T16:49:22.272
ATTEMPT 334 W0 DONE 4x2 seed=515751 nsol=16 0.01s 2026-07-22T16:49:22.286
ATTEMPT 335 W0 START 4x2 seed=515752 2026-07-22T16:49:22.286
ATTEMPT 335 W0 SOLVE 4x2 2026-07-22T16:49:22.293
ATTEMPT 335 W0 DONE 4x2 seed=515752 nsol=16 0.02s 2026-07-22T16:49:22.310
ATTEMPT 336 W0 START 4x2 seed=515753 2026-07-22T16:49:22.310
ATTEMPT 336 W0 SOLVE 4x2 2026-07-22T16:49:22.318
ATTEMPT 336 W0 DONE 4x2 seed=515753 nsol=16 0.02s 2026-07-22T16:49:22.338
ATTEMPT 337 W0 START 4x2 seed=515754 2026-07-22T16:49:22.338
ATTEMPT 337 W0 SOLVE 4x2 2026-07-22T16:49:22.347
ATTEMPT 337 W0 DONE 4x2 seed=515754 nsol=16 0.01s 2026-07-22T16:49:22.358
ATTEMPT 338 W0 START 4x2 seed=515755 2026-07-22T16:49:22.358
ATTEMPT 338 W0 SOLVE 4x2 2026-07-22T16:49:22.364
ATTEMPT 338 W0 DONE 4x2 seed=515755 nsol=16 0.02s 2026-07-22T16:49:22.382
ATTEMPT 339 W0 START 4x2 seed=515756 2026-07-22T16:49:22.383
ATTEMPT 339 W0 SOLVE 4x2 2026-07-22T16:49:22.390
ATTEMPT 339 W0 DONE 4x2 seed=515756 nsol=16 0.01s 2026-07-22T16:49:22.397
ATTEMPT 340 W0 START 4x2 seed=515757 2026-07-22T16:49:22.397
ATTEMPT 340 W0 SOLVE 4x2 2026-07-22T16:49:22.404
ATTEMPT 340 W0 DONE 4x2 seed=515757 nsol=16 0.06s 2026-07-22T16:49:22.466
ATTEMPT 341 W0 START 4x2 seed=515758 2026-07-22T16:49:22.466
ATTEMPT 341 W0 SOLVE 4x2 2026-07-22T16:49:22.473
ATTEMPT 341 W0 DONE 4x2 seed=515758 nsol=16 0.01s 2026-07-22T16:49:22.480
ATTEMPT 342 W0 START 4x2 seed=515759 2026-07-22T16:49:22.480
ATTEMPT 342 W0 SOLVE 4x2 2026-07-22T16:49:22.487
ATTEMPT 342 W0 DONE 4x2 seed=515759 nsol=16 0.02s 2026-07-22T16:49:22.506
ATTEMPT 343 W0 START 4x2 seed=515760 2026-07-22T16:49:22.506
ATTEMPT 343 W0 SOLVE 4x2 2026-07-22T16:49:22.512
ATTEMPT 343 W0 DONE 4x2 seed=515760 nsol=16 0.02s 2026-07-22T16:49:22.529
ATTEMPT 344 W0 START 4x2 seed=515761 2026-07-22T16:49:22.529
ATTEMPT 344 W0 SOLVE 4x2 2026-07-22T16:49:22.537
ATTEMPT 344 W0 DONE 4x2 seed=515761 nsol=16 0.02s 2026-07-22T16:49:22.557
ATTEMPT 345 W0 START 4x2 seed=515762 2026-07-22T16:49:22.558
ATTEMPT 345 W0 SOLVE 4x2 2026-07-22T16:49:22.565
ATTEMPT 345 W0 DONE 4x2 seed=515762 nsol=16 0.02s 2026-07-22T16:49:22.582
ATTEMPT 346 W0 START 4x2 seed=515763 2026-07-22T16:49:22.582
ATTEMPT 346 W0 SOLVE 4x2 2026-07-22T16:49:22.590
ATTEMPT 346 W0 DONE 4x2 seed=515763 nsol=16 0.02s 2026-07-22T16:49:22.606
ATTEMPT 347 W0 START 4x2 seed=515764 2026-07-22T16:49:22.606
ATTEMPT 347 W0 SOLVE 4x2 2026-07-22T16:49:22.611
ATTEMPT 347 W0 DONE 4x2 seed=515764 nsol=16 0.01s 2026-07-22T16:49:22.623
ATTEMPT 348 W0 START 4x2 seed=515765 2026-07-22T16:49:22.624
ATTEMPT 348 W0 SOLVE 4x2 2026-07-22T16:49:22.631
ATTEMPT 348 W0 DONE 4x2 seed=515765 nsol=16 0.02s 2026-07-22T16:49:22.654
ATTEMPT 349 W0 START 4x2 seed=515766 2026-07-22T16:49:22.654
ATTEMPT 349 W0 SOLVE 4x2 2026-07-22T16:49:22.659
ATTEMPT 349 W0 DONE 4x2 seed=515766 nsol=16 0.02s 2026-07-22T16:49:22.682
ATTEMPT 350 W0 START 4x2 seed=515767 2026-07-22T16:49:22.682
ATTEMPT 350 W0 SOLVE 4x2 2026-07-22T16:49:22.692
ATTEMPT 350 W0 DONE 4x2 seed=515767 nsol=16 0.03s 2026-07-22T16:49:22.718
ATTEMPT 351 W0 START 4x2 seed=515768 2026-07-22T16:49:22.718
ATTEMPT 351 W0 SOLVE 4x2 2026-07-22T16:49:22.729
ATTEMPT 351 W0 DONE 4x2 seed=515768 nsol=16 0.02s 2026-07-22T16:49:22.746
ATTEMPT 352 W0 START 4x2 seed=515769 2026-07-22T16:49:22.746
ATTEMPT 352 W0 SOLVE 4x2 2026-07-22T16:49:22.752
ATTEMPT 352 W0 DONE 4x2 seed=515769 nsol=16 0.03s 2026-07-22T16:49:22.778
ATTEMPT 353 W0 START 4x2 seed=515770 2026-07-22T16:49:22.778
ATTEMPT 353 W0 SOLVE 4x2 2026-07-22T16:49:22.784
ATTEMPT 353 W0 DONE 4x2 seed=515770 nsol=16 0.02s 2026-07-22T16:49:22.802
ATTEMPT 354 W0 START 4x2 seed=515771 2026-07-22T16:49:22.802
ATTEMPT 354 W0 SOLVE 4x2 2026-07-22T16:49:22.807
ATTEMPT 354 W0 DONE 4x2 seed=515771 nsol=16 0.01s 2026-07-22T16:49:22.822
ATTEMPT 355 W0 START 4x2 seed=515772 2026-07-22T16:49:22.822
ATTEMPT 355 W0 SOLVE 4x2 2026-07-22T16:49:22.828
ATTEMPT 355 W0 DONE 4x2 seed=515772 nsol=16 0.01s 2026-07-22T16:49:22.842
ATTEMPT 356 W0 START 4x2 seed=515773 2026-07-22T16:49:22.843
ATTEMPT 356 W0 SOLVE 4x2 2026-07-22T16:49:22.849
ATTEMPT 356 W0 DONE 4x2 seed=515773 nsol=16 0.01s 2026-07-22T16:49:22.857
ATTEMPT 357 W0 START 4x2 seed=515774 2026-07-22T16:49:22.857
ATTEMPT 357 W0 SOLVE 4x2 2026-07-22T16:49:22.865
ATTEMPT 357 W0 DONE 4x2 seed=515774 nsol=16 0.01s 2026-07-22T16:49:22.874
ATTEMPT 358 W0 START 4x2 seed=515775 2026-07-22T16:49:22.874
ATTEMPT 358 W0 SOLVE 4x2 2026-07-22T16:49:22.880
ATTEMPT 358 W0 DONE 4x2 seed=515775 nsol=16 0.02s 2026-07-22T16:49:22.905
ATTEMPT 359 W0 START 4x2 seed=515776 2026-07-22T16:49:22.905
ATTEMPT 359 W0 SOLVE 4x2 2026-07-22T16:49:22.916
ATTEMPT 359 W0 DONE 4x2 seed=515776 nsol=16 0.01s 2026-07-22T16:49:22.930
ATTEMPT 360 W0 START 4x2 seed=515777 2026-07-22T16:49:22.930
ATTEMPT 360 W0 SOLVE 4x2 2026-07-22T16:49:22.941
ATTEMPT 360 W0 DONE 4x2 seed=515777 nsol=16 0.02s 2026-07-22T16:49:22.957
ATTEMPT 361 W0 START 4x2 seed=515778 2026-07-22T16:49:22.957
ATTEMPT 361 W0 SOLVE 4x2 2026-07-22T16:49:22.974
ATTEMPT 361 W0 DONE 4x2 seed=515778 nsol=16 0.02s 2026-07-22T16:49:22.994
ATTEMPT 362 W0 START 4x2 seed=515779 2026-07-22T16:49:22.994
ATTEMPT 362 W0 SOLVE 4x2 2026-07-22T16:49:23.004
ATTEMPT 362 W0 DONE 4x2 seed=515779 nsol=16 0.01s 2026-07-22T16:49:23.018
ATTEMPT 363 W0 START 4x2 seed=515780 2026-07-22T16:49:23.018
ATTEMPT 363 W0 SOLVE 4x2 2026-07-22T16:49:23.028
ATTEMPT 363 W0 DONE 4x2 seed=515780 nsol=16 0.03s 2026-07-22T16:49:23.058
ATTEMPT 364 W0 START 4x2 seed=515781 2026-07-22T16:49:23.058
ATTEMPT 364 W0 SOLVE 4x2 2026-07-22T16:49:23.065
ATTEMPT 364 W0 DONE 4x2 seed=515781 nsol=16 0.02s 2026-07-22T16:49:23.090
ATTEMPT 365 W0 START 4x2 seed=515782 2026-07-22T16:49:23.090
ATTEMPT 365 W0 SOLVE 4x2 2026-07-22T16:49:23.095
ATTEMPT 365 W0 DONE 4x2 seed=515782 nsol=16 0.02s 2026-07-22T16:49:23.114
ATTEMPT 366 W0 START 4x2 seed=515783 2026-07-22T16:49:23.114
ATTEMPT 366 W0 SOLVE 4x2 2026-07-22T16:49:23.120
ATTEMPT 366 W0 DONE 4x2 seed=515783 nsol=16 0.03s 2026-07-22T16:49:23.146
ATTEMPT 367 W0 START 4x2 seed=515784 2026-07-22T16:49:23.146
ATTEMPT 367 W0 SOLVE 4x2 2026-07-22T16:49:23.156
ATTEMPT 367 W0 DONE 4x2 seed=515784 nsol=16 0.02s 2026-07-22T16:49:23.180
ATTEMPT 368 W0 START 4x2 seed=515785 2026-07-22T16:49:23.180
ATTEMPT 368 W0 SOLVE 4x2 2026-07-22T16:49:23.185
ATTEMPT 368 W0 DONE 4x2 seed=515785 nsol=16 0.02s 2026-07-22T16:49:23.206
ATTEMPT 369 W0 START 4x2 seed=515786 2026-07-22T16:49:23.206
ATTEMPT 369 W0 SOLVE 4x2 2026-07-22T16:49:23.213
ATTEMPT 369 W0 DONE 4x2 seed=515786 nsol=16 0.01s 2026-07-22T16:49:23.226
ATTEMPT 370 W0 START 4x2 seed=515787 2026-07-22T16:49:23.230
ATTEMPT 370 W0 SOLVE 4x2 2026-07-22T16:49:23.243
ATTEMPT 370 W0 DONE 4x2 seed=515787 nsol=16 0.01s 2026-07-22T16:49:23.257
ATTEMPT 371 W0 START 4x2 seed=515788 2026-07-22T16:49:23.274
ATTEMPT 371 W0 SOLVE 4x2 2026-07-22T16:49:23.293
ATTEMPT 371 W0 DONE 4x2 seed=515788 nsol=16 0.02s 2026-07-22T16:49:23.322
ATTEMPT 372 W0 START 4x2 seed=515789 2026-07-22T16:49:23.322
ATTEMPT 372 W0 SOLVE 4x2 2026-07-22T16:49:23.341
ATTEMPT 372 W0 DONE 4x2 seed=515789 nsol=16 0.02s 2026-07-22T16:49:23.374
ATTEMPT 373 W0 START 4x2 seed=515790 2026-07-22T16:49:23.374
ATTEMPT 373 W0 SOLVE 4x2 2026-07-22T16:49:23.395
ATTEMPT 373 W0 DONE 4x2 seed=515790 nsol=16 0.06s 2026-07-22T16:49:23.454
ATTEMPT 374 W0 START 4x2 seed=515791 2026-07-22T16:49:23.454
ATTEMPT 374 W0 SOLVE 4x2 2026-07-22T16:49:23.467
ATTEMPT 374 W0 DONE 4x2 seed=515791 nsol=16 0.03s 2026-07-22T16:49:23.495
ATTEMPT 375 W0 START 4x2 seed=515792 2026-07-22T16:49:23.495
ATTEMPT 375 W0 SOLVE 4x2 2026-07-22T16:49:23.519
ATTEMPT 375 W0 DONE 4x2 seed=515792 nsol=16 0.02s 2026-07-22T16:49:23.542
ATTEMPT 376 W0 START 4x2 seed=515793 2026-07-22T16:49:23.543
ATTEMPT 376 W0 SOLVE 4x2 2026-07-22T16:49:23.556
ATTEMPT 376 W0 DONE 4x2 seed=515793 nsol=16 0.03s 2026-07-22T16:49:23.595
ATTEMPT 377 W0 START 4x2 seed=515794 2026-07-22T16:49:23.595
ATTEMPT 377 W0 SOLVE 4x2 2026-07-22T16:49:23.601
ATTEMPT 377 W0 DONE 4x2 seed=515794 nsol=16 0.06s 2026-07-22T16:49:23.666
ATTEMPT 378 W0 START 4x2 seed=515795 2026-07-22T16:49:23.666
ATTEMPT 378 W0 SOLVE 4x2 2026-07-22T16:49:23.683
ATTEMPT 378 W0 DONE 4x2 seed=515795 nsol=16 0.03s 2026-07-22T16:49:23.713
ATTEMPT 379 W0 START 4x2 seed=515796 2026-07-22T16:49:23.713
ATTEMPT 379 W0 SOLVE 4x2 2026-07-22T16:49:23.730
ATTEMPT 379 W0 DONE 4x2 seed=515796 nsol=16 0.03s 2026-07-22T16:49:23.758
ATTEMPT 380 W0 START 4x2 seed=515797 2026-07-22T16:49:23.758
ATTEMPT 380 W0 SOLVE 4x2 2026-07-22T16:49:23.772
ATTEMPT 380 W0 DONE 4x2 seed=515797 nsol=16 0.02s 2026-07-22T16:49:23.798
ATTEMPT 381 W0 START 4x2 seed=515798 2026-07-22T16:49:23.798
ATTEMPT 381 W0 SOLVE 4x2 2026-07-22T16:49:23.811
ATTEMPT 381 W0 DONE 4x2 seed=515798 nsol=16 0.01s 2026-07-22T16:49:23.824
ATTEMPT 382 W0 START 4x2 seed=515799 2026-07-22T16:49:23.824
ATTEMPT 382 W0 SOLVE 4x2 2026-07-22T16:49:23.829
ATTEMPT 382 W0 DONE 4x2 seed=515799 nsol=16 0.03s 2026-07-22T16:49:23.860
ATTEMPT 383 W0 START 4x2 seed=515800 2026-07-22T16:49:23.860
ATTEMPT 383 W0 SOLVE 4x2 2026-07-22T16:49:23.872
ATTEMPT 383 W0 DONE 4x2 seed=515800 nsol=16 0.01s 2026-07-22T16:49:23.886
ATTEMPT 384 W0 START 4x2 seed=515801 2026-07-22T16:49:23.886
ATTEMPT 384 W0 SOLVE 4x2 2026-07-22T16:49:23.897
ATTEMPT 384 W0 DONE 4x2 seed=515801 nsol=16 0.02s 2026-07-22T16:49:23.918
ATTEMPT 385 W0 START 4x2 seed=515802 2026-07-22T16:49:23.919
ATTEMPT 385 W0 SOLVE 4x2 2026-07-22T16:49:23.928
ATTEMPT 385 W0 DONE 4x2 seed=515802 nsol=16 0.01s 2026-07-22T16:49:23.942
ATTEMPT 386 W0 START 4x2 seed=515803 2026-07-22T16:49:23.942
ATTEMPT 386 W0 SOLVE 4x2 2026-07-22T16:49:23.952
ATTEMPT 386 W0 DONE 4x2 seed=515803 nsol=16 0.01s 2026-07-22T16:49:23.965
ATTEMPT 387 W0 START 4x2 seed=515804 2026-07-22T16:49:24.015
ATTEMPT 387 W0 SOLVE 4x2 2026-07-22T16:49:24.029
ATTEMPT 387 W0 DONE 4x2 seed=515804 nsol=16 0.03s 2026-07-22T16:49:24.058
ATTEMPT 388 W0 START 4x2 seed=515805 2026-07-22T16:49:24.058
ATTEMPT 388 W0 SOLVE 4x2 2026-07-22T16:49:24.067
ATTEMPT 388 W0 DONE 4x2 seed=515805 nsol=16 0.03s 2026-07-22T16:49:24.102
ATTEMPT 389 W0 START 4x2 seed=515806 2026-07-22T16:49:24.102
ATTEMPT 389 W0 SOLVE 4x2 2026-07-22T16:49:24.112
ATTEMPT 389 W0 DONE 4x2 seed=515806 nsol=16 0.03s 2026-07-22T16:49:24.138
ATTEMPT 390 W0 START 4x2 seed=515807 2026-07-22T16:49:24.138
ATTEMPT 390 W0 SOLVE 4x2 2026-07-22T16:49:24.147
ATTEMPT 390 W0 DONE 4x2 seed=515807 nsol=16 0.02s 2026-07-22T16:49:24.170
ATTEMPT 391 W0 START 4x2 seed=515808 2026-07-22T16:49:24.170
ATTEMPT 391 W0 SOLVE 4x2 2026-07-22T16:49:24.176
ATTEMPT 391 W0 DONE 4x2 seed=515808 nsol=16 0.02s 2026-07-22T16:49:24.198
ATTEMPT 392 W0 START 4x2 seed=515809 2026-07-22T16:49:24.198
ATTEMPT 392 W0 SOLVE 4x2 2026-07-22T16:49:24.218
ATTEMPT 392 W0 DONE 4x2 seed=515809 nsol=16 0.02s 2026-07-22T16:49:24.238
ATTEMPT 393 W0 START 4x2 seed=515810 2026-07-22T16:49:24.238
ATTEMPT 393 W0 SOLVE 4x2 2026-07-22T16:49:24.248
ATTEMPT 393 W0 DONE 4x2 seed=515810 nsol=16 0.03s 2026-07-22T16:49:24.274
ATTEMPT 394 W0 START 4x2 seed=515811 2026-07-22T16:49:24.274
ATTEMPT 394 W0 SOLVE 4x2 2026-07-22T16:49:24.284
ATTEMPT 394 W0 DONE 4x2 seed=515811 nsol=16 0.01s 2026-07-22T16:49:24.298
ATTEMPT 395 W0 START 4x2 seed=515812 2026-07-22T16:49:24.298
ATTEMPT 395 W0 SOLVE 4x2 2026-07-22T16:49:24.308
ATTEMPT 395 W0 DONE 4x2 seed=515812 nsol=16 0.03s 2026-07-22T16:49:24.338
ATTEMPT 396 W0 START 4x2 seed=515813 2026-07-22T16:49:24.338
ATTEMPT 396 W0 SOLVE 4x2 2026-07-22T16:49:24.348
ATTEMPT 396 W0 DONE 4x2 seed=515813 nsol=16 0.01s 2026-07-22T16:49:24.366
ATTEMPT 397 W0 START 4x2 seed=515814 2026-07-22T16:49:24.366
ATTEMPT 397 W0 SOLVE 4x2 2026-07-22T16:49:24.375
ATTEMPT 397 W0 DONE 4x2 seed=515814 nsol=16 0.02s 2026-07-22T16:49:24.391
ATTEMPT 398 W0 START 4x2 seed=515815 2026-07-22T16:49:24.391
ATTEMPT 398 W0 SOLVE 4x2 2026-07-22T16:49:24.397
ATTEMPT 398 W0 DONE 4x2 seed=515815 nsol=16 0.01s 2026-07-22T16:49:24.412
ATTEMPT 399 W0 START 4x2 seed=515816 2026-07-22T16:49:24.413
ATTEMPT 399 W0 SOLVE 4x2 2026-07-22T16:49:24.421
ATTEMPT 399 W0 DONE 4x2 seed=515816 nsol=16 0.02s 2026-07-22T16:49:24.438
ATTEMPT 400 W0 START 4x2 seed=515817 2026-07-22T16:49:24.438
ATTEMPT 400 W0 SOLVE 4x2 2026-07-22T16:49:24.456
ATTEMPT 400 W0 DONE 4x2 seed=515817 nsol=16 0.06s 2026-07-22T16:49:24.514
ATTEMPT 401 W0 START 4x2 seed=515818 2026-07-22T16:49:24.514
ATTEMPT 401 W0 SOLVE 4x2 2026-07-22T16:49:24.530
ATTEMPT 401 W0 DONE 4x2 seed=515818 nsol=16 0.02s 2026-07-22T16:49:24.550
ATTEMPT 402 W0 START 4x2 seed=515819 2026-07-22T16:49:24.550
ATTEMPT 402 W0 SOLVE 4x2 2026-07-22T16:49:24.561
ATTEMPT 402 W0 DONE 4x2 seed=515819 nsol=16 0.02s 2026-07-22T16:49:24.589
ATTEMPT 403 W0 START 4x2 seed=515820 2026-07-22T16:49:24.589
ATTEMPT 403 W0 SOLVE 4x2 2026-07-22T16:49:24.600
ATTEMPT 403 W0 DONE 4x2 seed=515820 nsol=16 0.01s 2026-07-22T16:49:24.614
ATTEMPT 404 W0 START 4x2 seed=515821 2026-07-22T16:49:24.614
ATTEMPT 404 W0 SOLVE 4x2 2026-07-22T16:49:24.626
ATTEMPT 404 W0 DONE 4x2 seed=515821 nsol=16 0.02s 2026-07-22T16:49:24.646
ATTEMPT 405 W0 START 4x2 seed=515822 2026-07-22T16:49:24.646
ATTEMPT 405 W0 SOLVE 4x2 2026-07-22T16:49:24.671
ATTEMPT 405 W0 DONE 4x2 seed=515822 nsol=16 0.02s 2026-07-22T16:49:24.688
ATTEMPT 406 W0 START 4x2 seed=515823 2026-07-22T16:49:24.689
ATTEMPT 406 W0 SOLVE 4x2 2026-07-22T16:49:24.703
ATTEMPT 406 W0 DONE 4x2 seed=515823 nsol=16 0.04s 2026-07-22T16:49:24.746
ATTEMPT 407 W0 START 4x2 seed=515824 2026-07-22T16:49:24.746
ATTEMPT 407 W0 SOLVE 4x2 2026-07-22T16:49:24.756
ATTEMPT 407 W0 DONE 4x2 seed=515824 nsol=16 0.01s 2026-07-22T16:49:24.767
ATTEMPT 408 W0 START 4x2 seed=515825 2026-07-22T16:49:24.767
ATTEMPT 408 W0 SOLVE 4x2 2026-07-22T16:49:24.773
ATTEMPT 408 W0 DONE 4x2 seed=515825 nsol=16 0.02s 2026-07-22T16:49:24.790
ATTEMPT 409 W0 START 4x2 seed=515826 2026-07-22T16:49:24.790
ATTEMPT 409 W0 SOLVE 4x2 2026-07-22T16:49:24.800
ATTEMPT 409 W0 DONE 4x2 seed=515826 nsol=16 0.01s 2026-07-22T16:49:24.812
ATTEMPT 410 W0 START 4x2 seed=515827 2026-07-22T16:49:24.812
ATTEMPT 410 W0 SOLVE 4x2 2026-07-22T16:49:24.823
ATTEMPT 410 W0 DONE 4x2 seed=515827 nsol=16 0.01s 2026-07-22T16:49:24.840
ATTEMPT 411 W0 START 4x2 seed=515828 2026-07-22T16:49:24.840
ATTEMPT 411 W0 SOLVE 4x2 2026-07-22T16:49:24.850
ATTEMPT 411 W0 DONE 4x2 seed=515828 nsol=16 0.01s 2026-07-22T16:49:24.862
ATTEMPT 412 W0 START 4x2 seed=515829 2026-07-22T16:49:24.863
ATTEMPT 412 W0 SOLVE 4x2 2026-07-22T16:49:24.872
ATTEMPT 412 W0 DONE 4x2 seed=515829 nsol=16 0.02s 2026-07-22T16:49:24.894
ATTEMPT 413 W0 START 4x2 seed=515830 2026-07-22T16:49:24.894
ATTEMPT 413 W0 SOLVE 4x2 2026-07-22T16:49:24.918
ATTEMPT 413 W0 DONE 4x2 seed=515830 nsol=16 0.01s 2026-07-22T16:49:24.930
ATTEMPT 414 W0 START 4x2 seed=515831 2026-07-22T16:49:24.931
ATTEMPT 414 W0 SOLVE 4x2 2026-07-22T16:49:24.941
ATTEMPT 414 W0 DONE 4x2 seed=515831 nsol=16 0.02s 2026-07-22T16:49:24.962
ATTEMPT 415 W0 START 4x2 seed=515832 2026-07-22T16:49:24.962
ATTEMPT 415 W0 SOLVE 4x2 2026-07-22T16:49:24.974
ATTEMPT 415 W0 DONE 4x2 seed=515832 nsol=16 0.02s 2026-07-22T16:49:24.994
ATTEMPT 416 W0 START 4x2 seed=515833 2026-07-22T16:49:24.994
ATTEMPT 416 W0 SOLVE 4x2 2026-07-22T16:49:25.004
ATTEMPT 416 W0 DONE 4x2 seed=515833 nsol=16 0.01s 2026-07-22T16:49:25.014
ATTEMPT 417 W0 START 4x2 seed=515834 2026-07-22T16:49:25.014
ATTEMPT 417 W0 SOLVE 4x2 2026-07-22T16:49:25.025
ATTEMPT 417 W0 DONE 4x2 seed=515834 nsol=16 0.02s 2026-07-22T16:49:25.043
ATTEMPT 418 W0 START 4x2 seed=515835 2026-07-22T16:49:25.043
ATTEMPT 418 W0 SOLVE 4x2 2026-07-22T16:49:25.053
ATTEMPT 418 W0 DONE 4x2 seed=515835 nsol=16 0.01s 2026-07-22T16:49:25.064
ATTEMPT 419 W0 START 4x2 seed=515836 2026-07-22T16:49:25.064
ATTEMPT 419 W0 SOLVE 4x2 2026-07-22T16:49:25.086
ATTEMPT 419 W0 DONE 4x2 seed=515836 nsol=16 0.01s 2026-07-22T16:49:25.106
ATTEMPT 420 W0 START 4x2 seed=515837 2026-07-22T16:49:25.106
ATTEMPT 420 W0 SOLVE 4x2 2026-07-22T16:49:25.116
ATTEMPT 420 W0 DONE 4x2 seed=515837 nsol=16 0.03s 2026-07-22T16:49:25.142
ATTEMPT 421 W0 START 4x2 seed=515838 2026-07-22T16:49:25.142
ATTEMPT 421 W0 SOLVE 4x2 2026-07-22T16:49:25.158
ATTEMPT 421 W0 DONE 4x2 seed=515838 nsol=16 0.02s 2026-07-22T16:49:25.178
ATTEMPT 422 W0 START 4x2 seed=515839 2026-07-22T16:49:25.178
ATTEMPT 422 W0 SOLVE 4x2 2026-07-22T16:49:25.191
ATTEMPT 422 W0 DONE 4x2 seed=515839 nsol=16 0.04s 2026-07-22T16:49:25.230
ATTEMPT 423 W0 START 4x2 seed=515840 2026-07-22T16:49:25.230
ATTEMPT 423 W0 SOLVE 4x2 2026-07-22T16:49:25.241
ATTEMPT 423 W0 DONE 4x2 seed=515840 nsol=16 0.03s 2026-07-22T16:49:25.279
ATTEMPT 424 W0 START 4x2 seed=515841 2026-07-22T16:49:25.280
ATTEMPT 424 W0 SOLVE 4x2 2026-07-22T16:49:25.288
ATTEMPT 424 W0 DONE 4x2 seed=515841 nsol=16 0.02s 2026-07-22T16:49:25.312
ATTEMPT 425 W0 START 4x2 seed=515842 2026-07-22T16:49:25.312
ATTEMPT 425 W0 SOLVE 4x2 2026-07-22T16:49:25.318
ATTEMPT 425 W0 DONE 4x2 seed=515842 nsol=16 0.01s 2026-07-22T16:49:25.326
ATTEMPT 426 W0 START 4x2 seed=515843 2026-07-22T16:49:25.326
ATTEMPT 426 W0 SOLVE 4x2 2026-07-22T16:49:25.333
ATTEMPT 426 W0 DONE 4x2 seed=515843 nsol=16 0.12s 2026-07-22T16:49:25.450
ATTEMPT 427 W0 START 4x2 seed=515844 2026-07-22T16:49:25.450
ATTEMPT 427 W0 SOLVE 4x2 2026-07-22T16:49:25.485
ATTEMPT 427 W0 DONE 4x2 seed=515844 nsol=16 0.04s 2026-07-22T16:49:25.537
ATTEMPT 428 W0 START 4x2 seed=515845 2026-07-22T16:49:25.537
ATTEMPT 428 W0 SOLVE 4x2 2026-07-22T16:49:25.598
ATTEMPT 428 W0 DONE 4x2 seed=515845 nsol=16 0.03s 2026-07-22T16:49:25.628
ATTEMPT 429 W0 START 4x2 seed=515846 2026-07-22T16:49:25.634
ATTEMPT 429 W0 SOLVE 4x2 2026-07-22T16:49:25.660
ATTEMPT 429 W0 DONE 4x2 seed=515846 nsol=16 0.03s 2026-07-22T16:49:25.716
ATTEMPT 430 W0 START 4x2 seed=515847 2026-07-22T16:49:25.716
ATTEMPT 430 W0 SOLVE 4x2 2026-07-22T16:49:25.754
ATTEMPT 430 W0 DONE 4x2 seed=515847 nsol=16 0.02s 2026-07-22T16:49:25.778
ATTEMPT 431 W0 START 4x2 seed=515848 2026-07-22T16:49:25.778
ATTEMPT 431 W0 SOLVE 4x2 2026-07-22T16:49:25.800
ATTEMPT 431 W0 DONE 4x2 seed=515848 nsol=16 0.02s 2026-07-22T16:49:25.834
ATTEMPT 432 W0 START 4x2 seed=515849 2026-07-22T16:49:25.834
ATTEMPT 432 W0 SOLVE 4x2 2026-07-22T16:49:25.844
ATTEMPT 432 W0 DONE 4x2 seed=515849 nsol=16 0.02s 2026-07-22T16:49:25.866
ATTEMPT 433 W0 START 4x2 seed=515850 2026-07-22T16:49:25.866
ATTEMPT 433 W0 SOLVE 4x2 2026-07-22T16:49:25.872
ATTEMPT 433 W0 DONE 4x2 seed=515850 nsol=16 0.01s 2026-07-22T16:49:25.883
ATTEMPT 434 W0 START 4x2 seed=515851 2026-07-22T16:49:25.883
ATTEMPT 434 W0 SOLVE 4x2 2026-07-22T16:49:25.892
ATTEMPT 434 W0 DONE 4x2 seed=515851 nsol=16 0.02s 2026-07-22T16:49:25.914
ATTEMPT 435 W0 START 4x2 seed=515852 2026-07-22T16:49:25.914
ATTEMPT 435 W0 SOLVE 4x2 2026-07-22T16:49:25.932
ATTEMPT 435 W0 DONE 4x2 seed=515852 nsol=16 0.02s 2026-07-22T16:49:25.950
ATTEMPT 436 W0 START 4x2 seed=515853 2026-07-22T16:49:25.950
ATTEMPT 436 W0 SOLVE 4x2 2026-07-22T16:49:25.961
ATTEMPT 436 W0 DONE 4x2 seed=515853 nsol=16 0.02s 2026-07-22T16:49:25.989
ATTEMPT 437 W0 START 4x2 seed=515854 2026-07-22T16:49:25.990
ATTEMPT 437 W0 SOLVE 4x2 2026-07-22T16:49:26.007
ATTEMPT 437 W0 DONE 4x2 seed=515854 nsol=16 0.02s 2026-07-22T16:49:26.030
ATTEMPT 438 W0 START 4x2 seed=515855 2026-07-22T16:49:26.030
ATTEMPT 438 W0 SOLVE 4x2 2026-07-22T16:49:26.040
ATTEMPT 438 W0 DONE 4x2 seed=515855 nsol=16 0.03s 2026-07-22T16:49:26.074
ATTEMPT 439 W0 START 4x2 seed=515856 2026-07-22T16:49:26.074
ATTEMPT 439 W0 SOLVE 4x2 2026-07-22T16:49:26.099
ATTEMPT 439 W0 DONE 4x2 seed=515856 nsol=16 0.03s 2026-07-22T16:49:26.126
ATTEMPT 440 W0 START 4x2 seed=515857 2026-07-22T16:49:26.126
ATTEMPT 440 W0 SOLVE 4x2 2026-07-22T16:49:26.141
ATTEMPT 440 W0 DONE 4x2 seed=515857 nsol=16 0.01s 2026-07-22T16:49:26.160
ATTEMPT 441 W0 START 4x2 seed=515858 2026-07-22T16:49:26.160
ATTEMPT 441 W0 SOLVE 4x2 2026-07-22T16:49:26.182
ATTEMPT 441 W0 DONE 4x2 seed=515858 nsol=16 0.02s 2026-07-22T16:49:26.202
ATTEMPT 442 W0 START 4x2 seed=515859 2026-07-22T16:49:26.202
ATTEMPT 442 W0 SOLVE 4x2 2026-07-22T16:49:26.212
ATTEMPT 442 W0 DONE 4x2 seed=515859 nsol=16 0.02s 2026-07-22T16:49:26.238
ATTEMPT 443 W0 START 4x2 seed=515860 2026-07-22T16:49:26.238
ATTEMPT 443 W0 SOLVE 4x2 2026-07-22T16:49:26.259
ATTEMPT 443 W0 DONE 4x2 seed=515860 nsol=16 0.04s 2026-07-22T16:49:26.294
ATTEMPT 444 W0 START 4x2 seed=515861 2026-07-22T16:49:26.294
ATTEMPT 444 W0 SOLVE 4x2 2026-07-22T16:49:26.309
ATTEMPT 444 W0 DONE 4x2 seed=515861 nsol=16 0.01s 2026-07-22T16:49:26.346
ATTEMPT 445 W0 START 4x2 seed=515862 2026-07-22T16:49:26.347
ATTEMPT 445 W0 SOLVE 4x2 2026-07-22T16:49:26.365
ATTEMPT 445 W0 DONE 4x2 seed=515862 nsol=16 0.02s 2026-07-22T16:49:26.395
ATTEMPT 446 W0 START 4x2 seed=515863 2026-07-22T16:49:26.395
ATTEMPT 446 W0 SOLVE 4x2 2026-07-22T16:49:26.405
ATTEMPT 446 W0 DONE 4x2 seed=515863 nsol=16 0.03s 2026-07-22T16:49:26.442
ATTEMPT 447 W0 START 4x2 seed=515864 2026-07-22T16:49:26.442
ATTEMPT 447 W0 SOLVE 4x2 2026-07-22T16:49:26.452
ATTEMPT 447 W0 DONE 4x2 seed=515864 nsol=16 0.03s 2026-07-22T16:49:26.482
ATTEMPT 448 W0 START 4x2 seed=515865 2026-07-22T16:49:26.482
ATTEMPT 448 W0 SOLVE 4x2 2026-07-22T16:49:26.496
ATTEMPT 448 W0 DONE 4x2 seed=515865 nsol=16 0.01s 2026-07-22T16:49:26.516
ATTEMPT 449 W0 START 4x2 seed=515866 2026-07-22T16:49:26.516
ATTEMPT 449 W0 SOLVE 4x2 2026-07-22T16:49:26.538
ATTEMPT 449 W0 DONE 4x2 seed=515866 nsol=16 0.04s 2026-07-22T16:49:26.575
ATTEMPT 450 W0 START 4x2 seed=515867 2026-07-22T16:49:26.576
ATTEMPT 450 W0 SOLVE 4x2 2026-07-22T16:49:26.596
ATTEMPT 450 W0 DONE 4x2 seed=515867 nsol=16 0.04s 2026-07-22T16:49:26.632
ATTEMPT 451 W0 START 4x2 seed=515868 2026-07-22T16:49:26.633
ATTEMPT 451 W0 SOLVE 4x2 2026-07-22T16:49:26.662
ATTEMPT 451 W0 DONE 4x2 seed=515868 nsol=16 0.01s 2026-07-22T16:49:26.674
ATTEMPT 452 W0 START 4x2 seed=515869 2026-07-22T16:49:26.675
ATTEMPT 452 W0 SOLVE 4x2 2026-07-22T16:49:26.684
ATTEMPT 452 W0 DONE 4x2 seed=515869 nsol=16 0.02s 2026-07-22T16:49:26.718
ATTEMPT 453 W0 START 4x2 seed=515870 2026-07-22T16:49:26.718
ATTEMPT 453 W0 SOLVE 4x2 2026-07-22T16:49:26.742
ATTEMPT 453 W0 DONE 4x2 seed=515870 nsol=16 0.02s 2026-07-22T16:49:26.763
ATTEMPT 454 W0 START 4x2 seed=515871 2026-07-22T16:49:26.763
ATTEMPT 454 W0 SOLVE 4x2 2026-07-22T16:49:26.786
ATTEMPT 454 W0 DONE 4x2 seed=515871 nsol=16 0.02s 2026-07-22T16:49:26.810
ATTEMPT 455 W0 START 4x2 seed=515872 2026-07-22T16:49:26.810
ATTEMPT 455 W0 SOLVE 4x2 2026-07-22T16:49:26.817
ATTEMPT 455 W0 DONE 4x2 seed=515872 nsol=16 0.01s 2026-07-22T16:49:26.825
ATTEMPT 456 W0 START 4x2 seed=515873 2026-07-22T16:49:26.825
ATTEMPT 456 W0 SOLVE 4x2 2026-07-22T16:49:26.832
ATTEMPT 456 W0 DONE 4x2 seed=515873 nsol=16 0.03s 2026-07-22T16:49:26.858
ATTEMPT 457 W0 START 4x2 seed=515874 2026-07-22T16:49:26.858
ATTEMPT 457 W0 SOLVE 4x2 2026-07-22T16:49:26.865
ATTEMPT 457 W0 DONE 4x2 seed=515874 nsol=16 0.02s 2026-07-22T16:49:26.882
ATTEMPT 458 W0 START 4x2 seed=515875 2026-07-22T16:49:26.882
ATTEMPT 458 W0 SOLVE 4x2 2026-07-22T16:49:26.890
ATTEMPT 458 W0 DONE 4x2 seed=515875 nsol=16 0.01s 2026-07-22T16:49:26.898
ATTEMPT 459 W0 START 4x2 seed=515876 2026-07-22T16:49:26.898
ATTEMPT 459 W0 SOLVE 4x2 2026-07-22T16:49:26.905
ATTEMPT 459 W0 DONE 4x2 seed=515876 nsol=16 0.08s 2026-07-22T16:49:26.987
ATTEMPT 460 W0 START 4x2 seed=515877 2026-07-22T16:49:27.004
ATTEMPT 460 W0 SOLVE 4x2 2026-07-22T16:49:27.014
ATTEMPT 460 W0 DONE 4x2 seed=515877 nsol=16 0.02s 2026-07-22T16:49:27.038
ATTEMPT 461 W0 START 4x2 seed=515878 2026-07-22T16:49:27.038
ATTEMPT 461 W0 SOLVE 4x2 2026-07-22T16:49:27.044
ATTEMPT 461 W0 DONE 4x2 seed=515878 nsol=16 0.01s 2026-07-22T16:49:27.054
ATTEMPT 462 W0 START 4x2 seed=515879 2026-07-22T16:49:27.054
ATTEMPT 462 W0 SOLVE 4x2 2026-07-22T16:49:27.059
ATTEMPT 462 W0 DONE 4x2 seed=515879 nsol=16 0.01s 2026-07-22T16:49:27.074
ATTEMPT 463 W0 START 4x2 seed=515880 2026-07-22T16:49:27.074
ATTEMPT 463 W0 SOLVE 4x2 2026-07-22T16:49:27.085
ATTEMPT 463 W0 DONE 4x2 seed=515880 nsol=16 0.01s 2026-07-22T16:49:27.093
ATTEMPT 464 W0 START 4x2 seed=515881 2026-07-22T16:49:27.093
ATTEMPT 464 W0 SOLVE 4x2 2026-07-22T16:49:27.103
ATTEMPT 464 W0 DONE 4x2 seed=515881 nsol=16 0.02s 2026-07-22T16:49:27.122
ATTEMPT 465 W0 START 4x2 seed=515882 2026-07-22T16:49:27.122
ATTEMPT 465 W0 SOLVE 4x2 2026-07-22T16:49:27.129
ATTEMPT 465 W0 DONE 4x2 seed=515882 nsol=16 0.01s 2026-07-22T16:49:27.142
ATTEMPT 466 W0 START 4x2 seed=515883 2026-07-22T16:49:27.146
ATTEMPT 466 W0 SOLVE 4x2 2026-07-22T16:49:27.151
ATTEMPT 466 W0 DONE 4x2 seed=515883 nsol=16 0.01s 2026-07-22T16:49:27.164
ATTEMPT 467 W0 START 4x2 seed=515884 2026-07-22T16:49:27.164
ATTEMPT 467 W0 SOLVE 4x2 2026-07-22T16:49:27.172
ATTEMPT 467 W0 DONE 4x2 seed=515884 nsol=16 0.01s 2026-07-22T16:49:27.182
ATTEMPT 468 W0 START 4x2 seed=515885 2026-07-22T16:49:27.183
ATTEMPT 468 W0 SOLVE 4x2 2026-07-22T16:49:27.190
ATTEMPT 468 W0 DONE 4x2 seed=515885 nsol=16 0.01s 2026-07-22T16:49:27.196
ATTEMPT 469 W0 START 4x2 seed=515886 2026-07-22T16:49:27.197
ATTEMPT 469 W0 SOLVE 4x2 2026-07-22T16:49:27.204
ATTEMPT 469 W0 DONE 4x2 seed=515886 nsol=16 0.01s 2026-07-22T16:49:27.214
ATTEMPT 470 W0 START 4x2 seed=515887 2026-07-22T16:49:27.214
ATTEMPT 470 W0 SOLVE 4x2 2026-07-22T16:49:27.220
ATTEMPT 470 W0 DONE 4x2 seed=515887 nsol=16 0.01s 2026-07-22T16:49:27.234
ATTEMPT 471 W0 START 4x2 seed=515888 2026-07-22T16:49:27.234
ATTEMPT 471 W0 SOLVE 4x2 2026-07-22T16:49:27.240
ATTEMPT 471 W0 DONE 4x2 seed=515888 nsol=16 0.02s 2026-07-22T16:49:27.262
ATTEMPT 472 W0 START 4x2 seed=515889 2026-07-22T16:49:27.262
ATTEMPT 472 W0 SOLVE 4x2 2026-07-22T16:49:27.278
ATTEMPT 472 W0 DONE 4x2 seed=515889 nsol=16 0.01s 2026-07-22T16:49:27.288
ATTEMPT 473 W0 START 4x2 seed=515890 2026-07-22T16:49:27.288
ATTEMPT 473 W0 SOLVE 4x2 2026-07-22T16:49:27.294
ATTEMPT 473 W0 DONE 4x2 seed=515890 nsol=16 0.01s 2026-07-22T16:49:27.304
ATTEMPT 474 W0 START 4x2 seed=515891 2026-07-22T16:49:27.304
ATTEMPT 474 W0 SOLVE 4x2 2026-07-22T16:49:27.310
ATTEMPT 474 W0 DONE 4x2 seed=515891 nsol=16 0.01s 2026-07-22T16:49:27.316
ATTEMPT 475 W0 START 4x2 seed=515892 2026-07-22T16:49:27.316
ATTEMPT 475 W0 SOLVE 4x2 2026-07-22T16:49:27.323
ATTEMPT 475 W0 DONE 4x2 seed=515892 nsol=16 0.01s 2026-07-22T16:49:27.334
ATTEMPT 476 W0 START 4x2 seed=515893 2026-07-22T16:49:27.334
ATTEMPT 476 W0 SOLVE 4x2 2026-07-22T16:49:27.341
ATTEMPT 476 W0 DONE 4x2 seed=515893 nsol=16 0.01s 2026-07-22T16:49:27.349
ATTEMPT 477 W0 START 4x2 seed=515894 2026-07-22T16:49:27.349
ATTEMPT 477 W0 SOLVE 4x2 2026-07-22T16:49:27.355
ATTEMPT 477 W0 DONE 4x2 seed=515894 nsol=16 0.01s 2026-07-22T16:49:27.362
ATTEMPT 478 W0 START 4x2 seed=515895 2026-07-22T16:49:27.362
ATTEMPT 478 W0 SOLVE 4x2 2026-07-22T16:49:27.368
ATTEMPT 478 W0 DONE 4x2 seed=515895 nsol=16 0.01s 2026-07-22T16:49:27.379
ATTEMPT 479 W0 START 4x2 seed=515896 2026-07-22T16:49:27.379
ATTEMPT 479 W0 SOLVE 4x2 2026-07-22T16:49:27.387
ATTEMPT 479 W0 DONE 4x2 seed=515896 nsol=16 0.00s 2026-07-22T16:49:27.391
ATTEMPT 480 W0 START 4x2 seed=515897 2026-07-22T16:49:27.391
ATTEMPT 480 W0 SOLVE 4x2 2026-07-22T16:49:27.397
ATTEMPT 480 W0 DONE 4x2 seed=515897 nsol=16 0.01s 2026-07-22T16:49:27.404
ATTEMPT 481 W0 START 4x2 seed=515898 2026-07-22T16:49:27.404
ATTEMPT 481 W0 SOLVE 4x2 2026-07-22T16:49:27.410
ATTEMPT 481 W0 DONE 4x2 seed=515898 nsol=16 0.02s 2026-07-22T16:49:27.427
ATTEMPT 482 W0 START 4x2 seed=515899 2026-07-22T16:49:27.427
ATTEMPT 482 W0 SOLVE 4x2 2026-07-22T16:49:27.434
ATTEMPT 482 W0 DONE 4x2 seed=515899 nsol=16 0.01s 2026-07-22T16:49:27.440
ATTEMPT 483 W0 START 4x2 seed=515900 2026-07-22T16:49:27.441
ATTEMPT 483 W0 SOLVE 4x2 2026-07-22T16:49:27.454
ATTEMPT 483 W0 DONE 4x2 seed=515900 nsol=16 0.01s 2026-07-22T16:49:27.462
ATTEMPT 484 W0 START 4x2 seed=515901 2026-07-22T16:49:27.462
ATTEMPT 484 W0 SOLVE 4x2 2026-07-22T16:49:27.471
ATTEMPT 484 W0 DONE 4x2 seed=515901 nsol=16 0.01s 2026-07-22T16:49:27.486
ATTEMPT 485 W0 START 4x2 seed=515902 2026-07-22T16:49:27.486
ATTEMPT 485 W0 SOLVE 4x2 2026-07-22T16:49:27.496
ATTEMPT 485 W0 DONE 4x2 seed=515902 nsol=16 0.02s 2026-07-22T16:49:27.516
ATTEMPT 486 W0 START 4x2 seed=515903 2026-07-22T16:49:27.516
ATTEMPT 486 W0 SOLVE 4x2 2026-07-22T16:49:27.524
ATTEMPT 486 W0 DONE 4x2 seed=515903 nsol=16 0.05s 2026-07-22T16:49:27.574
ATTEMPT 487 W0 START 4x2 seed=515904 2026-07-22T16:49:27.578
ATTEMPT 487 W0 SOLVE 4x2 2026-07-22T16:49:27.592
ATTEMPT 487 W0 DONE 4x2 seed=515904 nsol=16 0.01s 2026-07-22T16:49:27.607
ATTEMPT 488 W0 START 4x2 seed=515905 2026-07-22T16:49:27.607
ATTEMPT 488 W0 SOLVE 4x2 2026-07-22T16:49:27.617
ATTEMPT 488 W0 DONE 4x2 seed=515905 nsol=16 0.01s 2026-07-22T16:49:27.630
ATTEMPT 489 W0 START 4x2 seed=515906 2026-07-22T16:49:27.630
ATTEMPT 489 W0 SOLVE 4x2 2026-07-22T16:49:27.644
ATTEMPT 489 W0 DONE 4x2 seed=515906 nsol=16 0.02s 2026-07-22T16:49:27.662
ATTEMPT 490 W0 START 4x2 seed=515907 2026-07-22T16:49:27.662
ATTEMPT 490 W0 SOLVE 4x2 2026-07-22T16:49:27.676
ATTEMPT 490 W0 DONE 4x2 seed=515907 nsol=16 0.01s 2026-07-22T16:49:27.689
ATTEMPT 491 W0 START 4x2 seed=515908 2026-07-22T16:49:27.689
ATTEMPT 491 W0 SOLVE 4x2 2026-07-22T16:49:27.699
ATTEMPT 491 W0 DONE 4x2 seed=515908 nsol=16 0.01s 2026-07-22T16:49:27.718
ATTEMPT 492 W0 START 4x2 seed=515909 2026-07-22T16:49:27.718
ATTEMPT 492 W0 SOLVE 4x2 2026-07-22T16:49:27.735
ATTEMPT 492 W0 DONE 4x2 seed=515909 nsol=16 0.01s 2026-07-22T16:49:27.750
ATTEMPT 493 W0 START 4x2 seed=515910 2026-07-22T16:49:27.750
ATTEMPT 493 W0 SOLVE 4x2 2026-07-22T16:49:27.756
ATTEMPT 493 W0 DONE 4x2 seed=515910 nsol=16 0.01s 2026-07-22T16:49:27.770
ATTEMPT 494 W0 START 4x2 seed=515911 2026-07-22T16:49:27.770
ATTEMPT 494 W0 SOLVE 4x2 2026-07-22T16:49:27.775
ATTEMPT 494 W0 DONE 4x2 seed=515911 nsol=16 0.01s 2026-07-22T16:49:27.790
ATTEMPT 495 W0 START 4x2 seed=515912 2026-07-22T16:49:27.790
ATTEMPT 495 W0 SOLVE 4x2 2026-07-22T16:49:27.796
ATTEMPT 495 W0 DONE 4x2 seed=515912 nsol=16 0.01s 2026-07-22T16:49:27.811
ATTEMPT 496 W0 START 4x2 seed=515913 2026-07-22T16:49:27.811
ATTEMPT 496 W0 SOLVE 4x2 2026-07-22T16:49:27.834
ATTEMPT 496 W0 DONE 4x2 seed=515913 nsol=16 0.02s 2026-07-22T16:49:27.850
ATTEMPT 497 W0 START 4x2 seed=515914 2026-07-22T16:49:27.851
ATTEMPT 497 W0 SOLVE 4x2 2026-07-22T16:49:27.857
ATTEMPT 497 W0 DONE 4x2 seed=515914 nsol=16 0.01s 2026-07-22T16:49:27.868
ATTEMPT 498 W0 START 4x2 seed=515915 2026-07-22T16:49:27.868
ATTEMPT 498 W0 SOLVE 4x2 2026-07-22T16:49:27.876
ATTEMPT 498 W0 DONE 4x2 seed=515915 nsol=16 0.01s 2026-07-22T16:49:27.890
ATTEMPT 499 W0 START 4x2 seed=515916 2026-07-22T16:49:27.890
ATTEMPT 499 W0 SOLVE 4x2 2026-07-22T16:49:27.898
ATTEMPT 499 W0 DONE 4x2 seed=515916 nsol=16 0.02s 2026-07-22T16:49:27.914
ATTEMPT 500 W0 START 4x2 seed=515917 2026-07-22T16:49:27.914
ATTEMPT 500 W0 SOLVE 4x2 2026-07-22T16:49:27.920
ATTEMPT 500 W0 DONE 4x2 seed=515917 nsol=16 0.02s 2026-07-22T16:49:27.938
ATTEMPT 501 W0 START 4x2 seed=515918 2026-07-22T16:49:27.938
ATTEMPT 501 W0 SOLVE 4x2 2026-07-22T16:49:27.946
ATTEMPT 501 W0 DONE 4x2 seed=515918 nsol=16 0.02s 2026-07-22T16:49:27.971
ATTEMPT 502 W0 START 4x2 seed=515919 2026-07-22T16:49:27.971
ATTEMPT 502 W0 SOLVE 4x2 2026-07-22T16:49:27.999
ATTEMPT 502 W0 DONE 4x2 seed=515919 nsol=16 0.02s 2026-07-22T16:49:28.017
ATTEMPT 503 W0 START 4x2 seed=515920 2026-07-22T16:49:28.017
ATTEMPT 503 W0 SOLVE 4x2 2026-07-22T16:49:28.035
ATTEMPT 503 W0 DONE 4x2 seed=515920 nsol=16 0.02s 2026-07-22T16:49:28.053
ATTEMPT 504 W0 START 4x2 seed=515921 2026-07-22T16:49:28.053
ATTEMPT 504 W0 SOLVE 4x2 2026-07-22T16:49:28.075
ATTEMPT 504 W0 DONE 4x2 seed=515921 nsol=16 0.02s 2026-07-22T16:49:28.093
ATTEMPT 505 W0 START 4x2 seed=515922 2026-07-22T16:49:28.094
ATTEMPT 505 W0 SOLVE 4x2 2026-07-22T16:49:28.122
ATTEMPT 505 W0 DONE 4x2 seed=515922 nsol=16 0.01s 2026-07-22T16:49:28.135
ATTEMPT 506 W0 START 4x2 seed=515923 2026-07-22T16:49:28.135
ATTEMPT 506 W0 SOLVE 4x2 2026-07-22T16:49:28.141
ATTEMPT 506 W0 DONE 4x2 seed=515923 nsol=16 0.01s 2026-07-22T16:49:28.156
ATTEMPT 507 W0 START 4x2 seed=515924 2026-07-22T16:49:28.156
ATTEMPT 507 W0 SOLVE 4x2 2026-07-22T16:49:28.171
ATTEMPT 507 W0 DONE 4x2 seed=515924 nsol=16 0.01s 2026-07-22T16:49:28.176
ATTEMPT 508 W0 START 4x2 seed=515925 2026-07-22T16:49:28.176
ATTEMPT 508 W0 SOLVE 4x2 2026-07-22T16:49:28.187
ATTEMPT 508 W0 DONE 4x2 seed=515925 nsol=16 0.01s 2026-07-22T16:49:28.198
ATTEMPT 509 W0 START 4x2 seed=515926 2026-07-22T16:49:28.198
ATTEMPT 509 W0 SOLVE 4x2 2026-07-22T16:49:28.213
ATTEMPT 509 W0 DONE 4x2 seed=515926 nsol=16 0.02s 2026-07-22T16:49:28.234
ATTEMPT 510 W0 START 4x2 seed=515927 2026-07-22T16:49:28.234
ATTEMPT 510 W0 SOLVE 4x2 2026-07-22T16:49:28.245
ATTEMPT 510 W0 DONE 4x2 seed=515927 nsol=16 0.03s 2026-07-22T16:49:28.271
ATTEMPT 511 W0 START 4x2 seed=515928 2026-07-22T16:49:28.272
ATTEMPT 511 W0 SOLVE 4x2 2026-07-22T16:49:28.279
ATTEMPT 511 W0 DONE 4x2 seed=515928 nsol=16 0.01s 2026-07-22T16:49:28.294
ATTEMPT 512 W0 START 4x2 seed=515929 2026-07-22T16:49:28.294
ATTEMPT 512 W0 SOLVE 4x2 2026-07-22T16:49:28.300
ATTEMPT 512 W0 DONE 4x2 seed=515929 nsol=16 0.04s 2026-07-22T16:49:28.340
ATTEMPT 513 W0 START 4x2 seed=515930 2026-07-22T16:49:28.340
ATTEMPT 513 W0 SOLVE 4x2 2026-07-22T16:49:28.348
ATTEMPT 513 W0 DONE 4x2 seed=515930 nsol=16 0.02s 2026-07-22T16:49:28.366
ATTEMPT 514 W0 START 4x2 seed=515931 2026-07-22T16:49:28.366
ATTEMPT 514 W0 SOLVE 4x2 2026-07-22T16:49:28.374
ATTEMPT 514 W0 DONE 4x2 seed=515931 nsol=16 0.02s 2026-07-22T16:49:28.394
ATTEMPT 515 W0 START 4x2 seed=515932 2026-07-22T16:49:28.394
ATTEMPT 515 W0 SOLVE 4x2 2026-07-22T16:49:28.402
ATTEMPT 515 W0 DONE 4x2 seed=515932 nsol=16 0.01s 2026-07-22T16:49:28.414
ATTEMPT 516 W0 START 4x2 seed=515933 2026-07-22T16:49:28.415
ATTEMPT 516 W0 SOLVE 4x2 2026-07-22T16:49:28.421
ATTEMPT 516 W0 DONE 4x2 seed=515933 nsol=16 0.01s 2026-07-22T16:49:28.427
ATTEMPT 517 W0 START 4x2 seed=515934 2026-07-22T16:49:28.428
ATTEMPT 517 W0 SOLVE 4x2 2026-07-22T16:49:28.433
ATTEMPT 517 W0 DONE 4x2 seed=515934 nsol=16 0.02s 2026-07-22T16:49:28.454
ATTEMPT 518 W0 START 4x2 seed=515935 2026-07-22T16:49:28.455
ATTEMPT 518 W0 SOLVE 4x2 2026-07-22T16:49:28.462
ATTEMPT 518 W0 DONE 4x2 seed=515935 nsol=16 0.01s 2026-07-22T16:49:28.469
ATTEMPT 519 W0 START 4x2 seed=515936 2026-07-22T16:49:28.469
ATTEMPT 519 W0 SOLVE 4x2 2026-07-22T16:49:28.476
ATTEMPT 519 W0 DONE 4x2 seed=515936 nsol=16 0.01s 2026-07-22T16:49:28.490
ATTEMPT 520 W0 START 4x2 seed=515937 2026-07-22T16:49:28.491
ATTEMPT 520 W0 SOLVE 4x2 2026-07-22T16:49:28.500
ATTEMPT 520 W0 DONE 4x2 seed=515937 nsol=16 0.01s 2026-07-22T16:49:28.508
ATTEMPT 521 W0 START 4x2 seed=515938 2026-07-22T16:49:28.508
ATTEMPT 521 W0 SOLVE 4x2 2026-07-22T16:49:28.521
ATTEMPT 521 W0 DONE 4x2 seed=515938 nsol=16 0.02s 2026-07-22T16:49:28.538
ATTEMPT 522 W0 START 4x2 seed=515939 2026-07-22T16:49:28.538
ATTEMPT 522 W0 SOLVE 4x2 2026-07-22T16:49:28.548
ATTEMPT 522 W0 DONE 4x2 seed=515939 nsol=16 0.01s 2026-07-22T16:49:28.560
ATTEMPT 523 W0 START 4x2 seed=515940 2026-07-22T16:49:28.560
ATTEMPT 523 W0 SOLVE 4x2 2026-07-22T16:49:28.574
ATTEMPT 523 W0 DONE 4x2 seed=515940 nsol=16 0.02s 2026-07-22T16:49:28.594
ATTEMPT 524 W0 START 4x2 seed=515941 2026-07-22T16:49:28.594
ATTEMPT 524 W0 SOLVE 4x2 2026-07-22T16:49:28.601
ATTEMPT 524 W0 DONE 4x2 seed=515941 nsol=16 0.02s 2026-07-22T16:49:28.621
ATTEMPT 525 W0 START 4x2 seed=515942 2026-07-22T16:49:28.621
ATTEMPT 525 W0 SOLVE 4x2 2026-07-22T16:49:28.627
ATTEMPT 525 W0 DONE 4x2 seed=515942 nsol=16 0.02s 2026-07-22T16:49:28.650
ATTEMPT 526 W0 START 4x2 seed=515943 2026-07-22T16:49:28.650
ATTEMPT 526 W0 SOLVE 4x2 2026-07-22T16:49:28.657
ATTEMPT 526 W0 DONE 4x2 seed=515943 nsol=16 0.01s 2026-07-22T16:49:28.670
ATTEMPT 527 W0 START 4x2 seed=515944 2026-07-22T16:49:28.670
ATTEMPT 527 W0 SOLVE 4x2 2026-07-22T16:49:28.676
ATTEMPT 527 W0 DONE 4x2 seed=515944 nsol=16 0.02s 2026-07-22T16:49:28.692
ATTEMPT 528 W0 START 4x2 seed=515945 2026-07-22T16:49:28.692
ATTEMPT 528 W0 SOLVE 4x2 2026-07-22T16:49:28.698
ATTEMPT 528 W0 DONE 4x2 seed=515945 nsol=16 0.00s 2026-07-22T16:49:28.703
ATTEMPT 529 W0 START 4x2 seed=515946 2026-07-22T16:49:28.703
ATTEMPT 529 W0 SOLVE 4x2 2026-07-22T16:49:28.709
ATTEMPT 529 W0 DONE 4x2 seed=515946 nsol=16 0.01s 2026-07-22T16:49:28.723
ATTEMPT 530 W0 START 4x2 seed=515947 2026-07-22T16:49:28.723
ATTEMPT 530 W0 SOLVE 4x2 2026-07-22T16:49:28.730
ATTEMPT 530 W0 DONE 4x2 seed=515947 nsol=16 0.02s 2026-07-22T16:49:28.749
ATTEMPT 531 W0 START 4x2 seed=515948 2026-07-22T16:49:28.749
ATTEMPT 531 W0 SOLVE 4x2 2026-07-22T16:49:28.754
ATTEMPT 531 W0 DONE 4x2 seed=515948 nsol=16 0.01s 2026-07-22T16:49:28.766
ATTEMPT 532 W0 START 4x2 seed=515949 2026-07-22T16:49:28.766
ATTEMPT 532 W0 SOLVE 4x2 2026-07-22T16:49:28.773
ATTEMPT 532 W0 DONE 4x2 seed=515949 nsol=16 0.01s 2026-07-22T16:49:28.787
ATTEMPT 533 W0 START 4x2 seed=515950 2026-07-22T16:49:28.788
ATTEMPT 533 W0 SOLVE 4x2 2026-07-22T16:49:28.793
ATTEMPT 533 W0 DONE 4x2 seed=515950 nsol=16 0.01s 2026-07-22T16:49:28.800
ATTEMPT 534 W0 START 4x2 seed=515951 2026-07-22T16:49:28.800
ATTEMPT 534 W0 SOLVE 4x2 2026-07-22T16:49:28.807
ATTEMPT 534 W0 DONE 4x2 seed=515951 nsol=16 0.02s 2026-07-22T16:49:28.830
ATTEMPT 535 W0 START 4x2 seed=515952 2026-07-22T16:49:28.830
ATTEMPT 535 W0 SOLVE 4x2 2026-07-22T16:49:28.838
ATTEMPT 535 W0 DONE 4x2 seed=515952 nsol=16 0.01s 2026-07-22T16:49:28.852
ATTEMPT 536 W0 START 4x2 seed=515953 2026-07-22T16:49:28.853
ATTEMPT 536 W0 SOLVE 4x2 2026-07-22T16:49:28.860
ATTEMPT 536 W0 DONE 4x2 seed=515953 nsol=16 0.01s 2026-07-22T16:49:28.874
ATTEMPT 537 W0 START 4x2 seed=515954 2026-07-22T16:49:28.874
ATTEMPT 537 W0 SOLVE 4x2 2026-07-22T16:49:28.881
ATTEMPT 537 W0 DONE 4x2 seed=515954 nsol=16 0.01s 2026-07-22T16:49:28.894
ATTEMPT 538 W0 START 4x2 seed=515955 2026-07-22T16:49:28.894
ATTEMPT 538 W0 SOLVE 4x2 2026-07-22T16:49:28.900
ATTEMPT 538 W0 DONE 4x2 seed=515955 nsol=16 0.01s 2026-07-22T16:49:28.914
ATTEMPT 539 W0 START 4x2 seed=515956 2026-07-22T16:49:28.914
ATTEMPT 539 W0 SOLVE 4x2 2026-07-22T16:49:28.924
ATTEMPT 539 W0 DONE 4x2 seed=515956 nsol=16 0.02s 2026-07-22T16:49:28.946
ATTEMPT 540 W0 START 4x2 seed=515957 2026-07-22T16:49:28.946
ATTEMPT 540 W0 SOLVE 4x2 2026-07-22T16:49:28.957
ATTEMPT 540 W0 DONE 4x2 seed=515957 nsol=16 0.02s 2026-07-22T16:49:28.974
ATTEMPT 541 W0 START 4x2 seed=515958 2026-07-22T16:49:28.974
ATTEMPT 541 W0 SOLVE 4x2 2026-07-22T16:49:28.987
ATTEMPT 541 W0 DONE 4x2 seed=515958 nsol=16 0.01s 2026-07-22T16:49:28.998
ATTEMPT 542 W0 START 4x2 seed=515959 2026-07-22T16:49:28.998
ATTEMPT 542 W0 SOLVE 4x2 2026-07-22T16:49:29.003
ATTEMPT 542 W0 DONE 4x2 seed=515959 nsol=16 0.02s 2026-07-22T16:49:29.022
ATTEMPT 543 W0 START 4x2 seed=515960 2026-07-22T16:49:29.022
ATTEMPT 543 W0 SOLVE 4x2 2026-07-22T16:49:29.033
ATTEMPT 543 W0 DONE 4x2 seed=515960 nsol=16 0.08s 2026-07-22T16:49:29.121
ATTEMPT 544 W0 START 4x2 seed=515961 2026-07-22T16:49:29.121
ATTEMPT 544 W0 SOLVE 4x2 2026-07-22T16:49:29.133
ATTEMPT 544 W0 DONE 4x2 seed=515961 nsol=16 0.01s 2026-07-22T16:49:29.150
ATTEMPT 545 W0 START 4x2 seed=515962 2026-07-22T16:49:29.150
ATTEMPT 545 W0 SOLVE 4x2 2026-07-22T16:49:29.160
ATTEMPT 545 W0 DONE 4x2 seed=515962 nsol=16 0.01s 2026-07-22T16:49:29.177
ATTEMPT 546 W0 START 4x2 seed=515963 2026-07-22T16:49:29.178
ATTEMPT 546 W0 SOLVE 4x2 2026-07-22T16:49:29.188
ATTEMPT 546 W0 DONE 4x2 seed=515963 nsol=16 0.03s 2026-07-22T16:49:29.218
ATTEMPT 547 W0 START 4x2 seed=515964 2026-07-22T16:49:29.218
ATTEMPT 547 W0 SOLVE 4x2 2026-07-22T16:49:29.226
ATTEMPT 547 W0 DONE 4x2 seed=515964 nsol=16 0.02s 2026-07-22T16:49:29.244
ATTEMPT 548 W0 START 4x2 seed=515965 2026-07-22T16:49:29.244
ATTEMPT 548 W0 SOLVE 4x2 2026-07-22T16:49:29.252
ATTEMPT 548 W0 DONE 4x2 seed=515965 nsol=16 0.01s 2026-07-22T16:49:29.260
ATTEMPT 549 W0 START 4x2 seed=515966 2026-07-22T16:49:29.260
ATTEMPT 549 W0 SOLVE 4x2 2026-07-22T16:49:29.267
ATTEMPT 549 W0 DONE 4x2 seed=515966 nsol=16 0.02s 2026-07-22T16:49:29.290
ATTEMPT 550 W0 START 4x2 seed=515967 2026-07-22T16:49:29.290
ATTEMPT 550 W0 SOLVE 4x2 2026-07-22T16:49:29.298
ATTEMPT 550 W0 DONE 4x2 seed=515967 nsol=16 0.02s 2026-07-22T16:49:29.314
ATTEMPT 551 W0 START 4x2 seed=515968 2026-07-22T16:49:29.315
ATTEMPT 551 W0 SOLVE 4x2 2026-07-22T16:49:29.322
ATTEMPT 551 W0 DONE 4x2 seed=515968 nsol=16 0.01s 2026-07-22T16:49:29.329
ATTEMPT 552 W0 START 4x2 seed=515969 2026-07-22T16:49:29.329
ATTEMPT 552 W0 SOLVE 4x2 2026-07-22T16:49:29.336
ATTEMPT 552 W0 DONE 4x2 seed=515969 nsol=16 0.02s 2026-07-22T16:49:29.358
ATTEMPT 553 W0 START 4x2 seed=515970 2026-07-22T16:49:29.358
ATTEMPT 553 W0 SOLVE 4x2 2026-07-22T16:49:29.366
ATTEMPT 553 W0 DONE 4x2 seed=515970 nsol=16 0.01s 2026-07-22T16:49:29.376
ATTEMPT 554 W0 START 4x2 seed=515971 2026-07-22T16:49:29.376
ATTEMPT 554 W0 SOLVE 4x2 2026-07-22T16:49:29.390
ATTEMPT 554 W0 DONE 4x2 seed=515971 nsol=16 0.01s 2026-07-22T16:49:29.402
ATTEMPT 555 W0 START 4x2 seed=515972 2026-07-22T16:49:29.402
ATTEMPT 555 W0 SOLVE 4x2 2026-07-22T16:49:29.408
ATTEMPT 555 W0 DONE 4x2 seed=515972 nsol=16 0.01s 2026-07-22T16:49:29.419
ATTEMPT 556 W0 START 4x2 seed=515973 2026-07-22T16:49:29.419
ATTEMPT 556 W0 SOLVE 4x2 2026-07-22T16:49:29.428
ATTEMPT 556 W0 DONE 4x2 seed=515973 nsol=16 0.00s 2026-07-22T16:49:29.438
ATTEMPT 557 W0 START 4x2 seed=515974 2026-07-22T16:49:29.438
ATTEMPT 557 W0 SOLVE 4x2 2026-07-22T16:49:29.448
ATTEMPT 557 W0 DONE 4x2 seed=515974 nsol=16 0.01s 2026-07-22T16:49:29.456
ATTEMPT 558 W0 START 4x2 seed=515975 2026-07-22T16:49:29.456
ATTEMPT 558 W0 SOLVE 4x2 2026-07-22T16:49:29.466
ATTEMPT 558 W0 DONE 4x2 seed=515975 nsol=16 0.01s 2026-07-22T16:49:29.478
ATTEMPT 559 W0 START 4x2 seed=515976 2026-07-22T16:49:29.478
ATTEMPT 559 W0 SOLVE 4x2 2026-07-22T16:49:29.494
ATTEMPT 559 W0 DONE 4x2 seed=515976 nsol=16 0.01s 2026-07-22T16:49:29.503
ATTEMPT 560 W0 START 4x2 seed=515977 2026-07-22T16:49:29.503
ATTEMPT 560 W0 SOLVE 4x2 2026-07-22T16:49:29.515
ATTEMPT 560 W0 DONE 4x2 seed=515977 nsol=16 0.01s 2026-07-22T16:49:29.530
ATTEMPT 561 W0 START 4x2 seed=515978 2026-07-22T16:49:29.530
ATTEMPT 561 W0 SOLVE 4x2 2026-07-22T16:49:29.547
ATTEMPT 561 W0 DONE 4x2 seed=515978 nsol=16 0.01s 2026-07-22T16:49:29.563
ATTEMPT 562 W0 START 4x2 seed=515979 2026-07-22T16:49:29.563
ATTEMPT 562 W0 SOLVE 4x2 2026-07-22T16:49:29.576
ATTEMPT 562 W0 DONE 4x2 seed=515979 nsol=16 0.02s 2026-07-22T16:49:29.598
ATTEMPT 563 W0 START 4x2 seed=515980 2026-07-22T16:49:29.598
ATTEMPT 563 W0 SOLVE 4x2 2026-07-22T16:49:29.614
ATTEMPT 563 W0 DONE 4x2 seed=515980 nsol=16 0.02s 2026-07-22T16:49:29.630
ATTEMPT 564 W0 START 4x2 seed=515981 2026-07-22T16:49:29.630
ATTEMPT 564 W0 SOLVE 4x2 2026-07-22T16:49:29.637
ATTEMPT 564 W0 DONE 4x2 seed=515981 nsol=16 0.01s 2026-07-22T16:49:29.651
ATTEMPT 565 W0 START 4x2 seed=515982 2026-07-22T16:49:29.651
ATTEMPT 565 W0 SOLVE 4x2 2026-07-22T16:49:29.667
ATTEMPT 565 W0 DONE 4x2 seed=515982 nsol=16 0.02s 2026-07-22T16:49:29.692
ATTEMPT 566 W0 START 4x2 seed=515983 2026-07-22T16:49:29.692
ATTEMPT 566 W0 SOLVE 4x2 2026-07-22T16:49:29.700
ATTEMPT 566 W0 DONE 4x2 seed=515983 nsol=16 0.02s 2026-07-22T16:49:29.718
ATTEMPT 567 W0 START 4x2 seed=515984 2026-07-22T16:49:29.718
ATTEMPT 567 W0 SOLVE 4x2 2026-07-22T16:49:29.723
ATTEMPT 567 W0 DONE 4x2 seed=515984 nsol=16 0.01s 2026-07-22T16:49:29.738
ATTEMPT 568 W0 START 4x2 seed=515985 2026-07-22T16:49:29.738
ATTEMPT 568 W0 SOLVE 4x2 2026-07-22T16:49:29.746
ATTEMPT 568 W0 DONE 4x2 seed=515985 nsol=16 0.01s 2026-07-22T16:49:29.758
ATTEMPT 569 W0 START 4x2 seed=515986 2026-07-22T16:49:29.759
ATTEMPT 569 W0 SOLVE 4x2 2026-07-22T16:49:29.766
ATTEMPT 569 W0 DONE 4x2 seed=515986 nsol=16 0.02s 2026-07-22T16:49:29.782
ATTEMPT 570 W0 START 4x2 seed=515987 2026-07-22T16:49:29.782
ATTEMPT 570 W0 SOLVE 4x2 2026-07-22T16:49:29.791
ATTEMPT 570 W0 DONE 4x2 seed=515987 nsol=16 0.01s 2026-07-22T16:49:29.806
ATTEMPT 571 W0 START 4x2 seed=515988 2026-07-22T16:49:29.806
ATTEMPT 571 W0 SOLVE 4x2 2026-07-22T16:49:29.812
ATTEMPT 571 W0 DONE 4x2 seed=515988 nsol=16 0.02s 2026-07-22T16:49:29.835
ATTEMPT 572 W0 START 4x2 seed=515989 2026-07-22T16:49:29.835
ATTEMPT 572 W0 SOLVE 4x2 2026-07-22T16:49:29.842
ATTEMPT 572 W0 DONE 4x2 seed=515989 nsol=16 0.02s 2026-07-22T16:49:29.859
ATTEMPT 573 W0 START 4x2 seed=515990 2026-07-22T16:49:29.859
ATTEMPT 573 W0 SOLVE 4x2 2026-07-22T16:49:29.866
ATTEMPT 573 W0 DONE 4x2 seed=515990 nsol=16 0.02s 2026-07-22T16:49:29.886
ATTEMPT 574 W0 START 4x2 seed=515991 2026-07-22T16:49:29.886
ATTEMPT 574 W0 SOLVE 4x2 2026-07-22T16:49:29.900
ATTEMPT 574 W0 DONE 4x2 seed=515991 nsol=16 0.01s 2026-07-22T16:49:29.914
ATTEMPT 575 W0 START 4x2 seed=515992 2026-07-22T16:49:29.914
ATTEMPT 575 W0 SOLVE 4x2 2026-07-22T16:49:29.924
ATTEMPT 575 W0 DONE 4x2 seed=515992 nsol=16 0.02s 2026-07-22T16:49:29.946
ATTEMPT 576 W0 START 4x2 seed=515993 2026-07-22T16:49:29.946
ATTEMPT 576 W0 SOLVE 4x2 2026-07-22T16:49:29.957
ATTEMPT 576 W0 DONE 4x2 seed=515993 nsol=16 0.02s 2026-07-22T16:49:29.982
ATTEMPT 577 W0 START 4x2 seed=515994 2026-07-22T16:49:29.982
ATTEMPT 577 W0 SOLVE 4x2 2026-07-22T16:49:29.992
ATTEMPT 577 W0 DONE 4x2 seed=515994 nsol=16 0.01s 2026-07-22T16:49:30.012
ATTEMPT 578 W0 START 4x2 seed=515995 2026-07-22T16:49:30.012
ATTEMPT 578 W0 SOLVE 4x2 2026-07-22T16:49:30.024
ATTEMPT 578 W0 DONE 4x2 seed=515995 nsol=16 0.02s 2026-07-22T16:49:30.043
ATTEMPT 579 W0 START 4x2 seed=515996 2026-07-22T16:49:30.043
ATTEMPT 579 W0 SOLVE 4x2 2026-07-22T16:49:30.049
ATTEMPT 579 W0 DONE 4x2 seed=515996 nsol=16 0.01s 2026-07-22T16:49:30.058
ATTEMPT 580 W0 START 4x2 seed=515997 2026-07-22T16:49:30.058
ATTEMPT 580 W0 SOLVE 4x2 2026-07-22T16:49:30.065
ATTEMPT 580 W0 DONE 4x2 seed=515997 nsol=16 0.01s 2026-07-22T16:49:30.074
ATTEMPT 581 W0 START 4x2 seed=515998 2026-07-22T16:49:30.074
ATTEMPT 581 W0 SOLVE 4x2 2026-07-22T16:49:30.079
ATTEMPT 581 W0 DONE 4x2 seed=515998 nsol=16 0.01s 2026-07-22T16:49:30.092
ATTEMPT 582 W0 START 4x2 seed=515999 2026-07-22T16:49:30.092
ATTEMPT 582 W0 SOLVE 4x2 2026-07-22T16:49:30.098
ATTEMPT 582 W0 DONE 4x2 seed=515999 nsol=16 0.01s 2026-07-22T16:49:30.106
ATTEMPT 583 W0 START 4x2 seed=516000 2026-07-22T16:49:30.106
ATTEMPT 583 W0 SOLVE 4x2 2026-07-22T16:49:30.121
ATTEMPT 583 W0 DONE 4x2 seed=516000 nsol=16 0.01s 2026-07-22T16:49:30.134
ATTEMPT 584 W0 START 4x2 seed=516001 2026-07-22T16:49:30.134
ATTEMPT 584 W0 SOLVE 4x2 2026-07-22T16:49:30.146
ATTEMPT 584 W0 DONE 4x2 seed=516001 nsol=16 0.01s 2026-07-22T16:49:30.158
ATTEMPT 585 W0 START 4x2 seed=516002 2026-07-22T16:49:30.158
ATTEMPT 585 W0 SOLVE 4x2 2026-07-22T16:49:30.165
ATTEMPT 585 W0 DONE 4x2 seed=516002 nsol=16 0.01s 2026-07-22T16:49:30.173
ATTEMPT 586 W0 START 4x2 seed=516003 2026-07-22T16:49:30.173
ATTEMPT 586 W0 SOLVE 4x2 2026-07-22T16:49:30.179
ATTEMPT 586 W0 DONE 4x2 seed=516003 nsol=16 0.06s 2026-07-22T16:49:30.242
ATTEMPT 587 W0 START 4x2 seed=516004 2026-07-22T16:49:30.242
ATTEMPT 587 W0 SOLVE 4x2 2026-07-22T16:49:30.249
ATTEMPT 587 W0 DONE 4x2 seed=516004 nsol=16 0.02s 2026-07-22T16:49:30.266
ATTEMPT 588 W0 START 4x2 seed=516005 2026-07-22T16:49:30.266
ATTEMPT 588 W0 SOLVE 4x2 2026-07-22T16:49:30.276
ATTEMPT 588 W0 DONE 4x2 seed=516005 nsol=16 0.01s 2026-07-22T16:49:30.288
ATTEMPT 589 W0 START 4x2 seed=516006 2026-07-22T16:49:30.289
ATTEMPT 589 W0 SOLVE 4x2 2026-07-22T16:49:30.296
ATTEMPT 589 W0 DONE 4x2 seed=516006 nsol=16 0.01s 2026-07-22T16:49:30.310
ATTEMPT 590 W0 START 4x2 seed=516007 2026-07-22T16:49:30.310
ATTEMPT 590 W0 SOLVE 4x2 2026-07-22T16:49:30.318
ATTEMPT 590 W0 DONE 4x2 seed=516007 nsol=16 0.01s 2026-07-22T16:49:30.331
ATTEMPT 591 W0 START 4x2 seed=516008 2026-07-22T16:49:30.332
ATTEMPT 591 W0 SOLVE 4x2 2026-07-22T16:49:30.340
ATTEMPT 591 W0 DONE 4x2 seed=516008 nsol=16 0.01s 2026-07-22T16:49:30.350
ATTEMPT 592 W0 START 4x2 seed=516009 2026-07-22T16:49:30.350
ATTEMPT 592 W0 SOLVE 4x2 2026-07-22T16:49:30.357
ATTEMPT 592 W0 DONE 4x2 seed=516009 nsol=16 0.01s 2026-07-22T16:49:30.374
ATTEMPT 593 W0 START 4x2 seed=516010 2026-07-22T16:49:30.374
ATTEMPT 593 W0 SOLVE 4x2 2026-07-22T16:49:30.380
ATTEMPT 593 W0 DONE 4x2 seed=516010 nsol=16 0.01s 2026-07-22T16:49:30.393
ATTEMPT 594 W0 START 4x2 seed=516011 2026-07-22T16:49:30.393
ATTEMPT 594 W0 SOLVE 4x2 2026-07-22T16:49:30.403
ATTEMPT 594 W0 DONE 4x2 seed=516011 nsol=16 0.01s 2026-07-22T16:49:30.417
ATTEMPT 595 W0 START 4x2 seed=516012 2026-07-22T16:49:30.418
ATTEMPT 595 W0 SOLVE 4x2 2026-07-22T16:49:30.424
ATTEMPT 595 W0 DONE 4x2 seed=516012 nsol=16 0.02s 2026-07-22T16:49:30.442
ATTEMPT 596 W0 START 4x2 seed=516013 2026-07-22T16:49:30.442
ATTEMPT 596 W0 SOLVE 4x2 2026-07-22T16:49:30.448
ATTEMPT 596 W0 DONE 4x2 seed=516013 nsol=16 0.01s 2026-07-22T16:49:30.462
ATTEMPT 597 W0 START 4x2 seed=516014 2026-07-22T16:49:30.462
ATTEMPT 597 W0 SOLVE 4x2 2026-07-22T16:49:30.468
ATTEMPT 597 W0 DONE 4x2 seed=516014 nsol=16 0.01s 2026-07-22T16:49:30.479
ATTEMPT 598 W0 START 4x2 seed=516015 2026-07-22T16:49:30.481
ATTEMPT 598 W0 SOLVE 4x2 2026-07-22T16:49:30.489
ATTEMPT 598 W0 DONE 4x2 seed=516015 nsol=16 0.01s 2026-07-22T16:49:30.502
ATTEMPT 599 W0 START 4x2 seed=516016 2026-07-22T16:49:30.502
ATTEMPT 599 W0 SOLVE 4x2 2026-07-22T16:49:30.509
ATTEMPT 599 W0 DONE 4x2 seed=516016 nsol=16 0.01s 2026-07-22T16:49:30.522
ATTEMPT 600 W0 START 4x2 seed=516017 2026-07-22T16:49:30.522
ATTEMPT 600 W0 SOLVE 4x2 2026-07-22T16:49:30.527
ATTEMPT 600 W0 DONE 4x2 seed=516017 nsol=16 0.01s 2026-07-22T16:49:30.534
HUNT2 complete 2026-07-22T16:49:30.540
