HUNT2 start mode=seq hcthr=on nworkers=0 nthreads=14 ngcthreads=14 nsolves=600 seed_base=1428562 shape=4x2 pid=2144786 julia=1.12.6 HC=2.20.0 2026-07-22T17:07:27.516
ATTEMPT 1 W0 START 4x2 seed=1428563 2026-07-22T17:07:30.822
ATTEMPT 1 W0 SOLVE 4x2 2026-07-22T17:07:32.771
Computing mixed cells... 2    Time: 0:00:04[K
   mixed_volume: 4[K[A
[K[AComputing mixed cells... 5    Time: 0:00:04[K
   mixed_volume: 16[K
ATTEMPT 1 W0 DONE 4x2 seed=1428563 nsol=16 117.04s 2026-07-22T17:09:30.068
ATTEMPT 2 W0 START 4x2 seed=1428564 2026-07-22T17:09:34.516
ATTEMPT 2 W0 SOLVE 4x2 2026-07-22T17:09:34.539
ATTEMPT 2 W0 DONE 4x2 seed=1428564 nsol=16 0.01s 2026-07-22T17:09:34.552
ATTEMPT 3 W0 START 4x2 seed=1428565 2026-07-22T17:09:34.553
ATTEMPT 3 W0 SOLVE 4x2 2026-07-22T17:09:34.558
ATTEMPT 3 W0 DONE 4x2 seed=1428565 nsol=16 0.01s 2026-07-22T17:09:34.568
ATTEMPT 4 W0 START 4x2 seed=1428566 2026-07-22T17:09:34.569
ATTEMPT 4 W0 SOLVE 4x2 2026-07-22T17:09:34.574
ATTEMPT 4 W0 DONE 4x2 seed=1428566 nsol=16 0.01s 2026-07-22T17:09:34.581
ATTEMPT 5 W0 START 4x2 seed=1428567 2026-07-22T17:09:34.581
ATTEMPT 5 W0 SOLVE 4x2 2026-07-22T17:09:34.586
ATTEMPT 5 W0 DONE 4x2 seed=1428567 nsol=16 0.01s 2026-07-22T17:09:34.599
ATTEMPT 6 W0 START 4x2 seed=1428568 2026-07-22T17:09:34.599
ATTEMPT 6 W0 SOLVE 4x2 2026-07-22T17:09:34.605
ATTEMPT 6 W0 DONE 4x2 seed=1428568 nsol=16 0.02s 2026-07-22T17:09:34.623
ATTEMPT 7 W0 START 4x2 seed=1428569 2026-07-22T17:09:34.623
ATTEMPT 7 W0 SOLVE 4x2 2026-07-22T17:09:34.633
ATTEMPT 7 W0 DONE 4x2 seed=1428569 nsol=16 0.02s 2026-07-22T17:09:34.657
ATTEMPT 8 W0 START 4x2 seed=1428570 2026-07-22T17:09:34.657
ATTEMPT 8 W0 SOLVE 4x2 2026-07-22T17:09:34.664
ATTEMPT 8 W0 DONE 4x2 seed=1428570 nsol=16 0.02s 2026-07-22T17:09:34.680
ATTEMPT 9 W0 START 4x2 seed=1428571 2026-07-22T17:09:34.680
ATTEMPT 9 W0 SOLVE 4x2 2026-07-22T17:09:34.691
ATTEMPT 9 W0 DONE 4x2 seed=1428571 nsol=16 0.01s 2026-07-22T17:09:34.700
ATTEMPT 10 W0 START 4x2 seed=1428572 2026-07-22T17:09:34.700
ATTEMPT 10 W0 SOLVE 4x2 2026-07-22T17:09:34.706
ATTEMPT 10 W0 DONE 4x2 seed=1428572 nsol=16 0.01s 2026-07-22T17:09:34.712
ATTEMPT 11 W0 START 4x2 seed=1428573 2026-07-22T17:09:34.712
ATTEMPT 11 W0 SOLVE 4x2 2026-07-22T17:09:34.722
ATTEMPT 11 W0 DONE 4x2 seed=1428573 nsol=16 0.01s 2026-07-22T17:09:34.732
ATTEMPT 12 W0 START 4x2 seed=1428574 2026-07-22T17:09:34.733
ATTEMPT 12 W0 SOLVE 4x2 2026-07-22T17:09:34.751
ATTEMPT 12 W0 DONE 4x2 seed=1428574 nsol=16 0.01s 2026-07-22T17:09:34.761
ATTEMPT 13 W0 START 4x2 seed=1428575 2026-07-22T17:09:34.761
ATTEMPT 13 W0 SOLVE 4x2 2026-07-22T17:09:34.778
ATTEMPT 13 W0 DONE 4x2 seed=1428575 nsol=16 0.01s 2026-07-22T17:09:34.792
ATTEMPT 14 W0 START 4x2 seed=1428576 2026-07-22T17:09:34.793
ATTEMPT 14 W0 SOLVE 4x2 2026-07-22T17:09:34.802
ATTEMPT 14 W0 DONE 4x2 seed=1428576 nsol=16 0.01s 2026-07-22T17:09:34.809
ATTEMPT 15 W0 START 4x2 seed=1428577 2026-07-22T17:09:34.809
ATTEMPT 15 W0 SOLVE 4x2 2026-07-22T17:09:34.814
ATTEMPT 15 W0 DONE 4x2 seed=1428577 nsol=16 0.01s 2026-07-22T17:09:34.825
ATTEMPT 16 W0 START 4x2 seed=1428578 2026-07-22T17:09:34.825
ATTEMPT 16 W0 SOLVE 4x2 2026-07-22T17:09:34.835
ATTEMPT 16 W0 DONE 4x2 seed=1428578 nsol=16 0.01s 2026-07-22T17:09:34.844
ATTEMPT 17 W0 START 4x2 seed=1428579 2026-07-22T17:09:34.844
ATTEMPT 17 W0 SOLVE 4x2 2026-07-22T17:09:34.850
ATTEMPT 17 W0 DONE 4x2 seed=1428579 nsol=16 0.01s 2026-07-22T17:09:34.856
ATTEMPT 18 W0 START 4x2 seed=1428580 2026-07-22T17:09:34.856
ATTEMPT 18 W0 SOLVE 4x2 2026-07-22T17:09:34.862
ATTEMPT 18 W0 DONE 4x2 seed=1428580 nsol=16 0.01s 2026-07-22T17:09:34.873
ATTEMPT 19 W0 START 4x2 seed=1428581 2026-07-22T17:09:34.874
ATTEMPT 19 W0 SOLVE 4x2 2026-07-22T17:09:34.881
ATTEMPT 19 W0 DONE 4x2 seed=1428581 nsol=16 0.02s 2026-07-22T17:09:34.900
ATTEMPT 20 W0 START 4x2 seed=1428582 2026-07-22T17:09:34.900
ATTEMPT 20 W0 SOLVE 4x2 2026-07-22T17:09:34.907
ATTEMPT 20 W0 DONE 4x2 seed=1428582 nsol=16 0.01s 2026-07-22T17:09:34.913
ATTEMPT 21 W0 START 4x2 seed=1428583 2026-07-22T17:09:34.913
ATTEMPT 21 W0 SOLVE 4x2 2026-07-22T17:09:34.921
ATTEMPT 21 W0 DONE 4x2 seed=1428583 nsol=16 0.01s 2026-07-22T17:09:34.935
ATTEMPT 22 W0 START 4x2 seed=1428584 2026-07-22T17:09:34.935
ATTEMPT 22 W0 SOLVE 4x2 2026-07-22T17:09:34.943
ATTEMPT 22 W0 DONE 4x2 seed=1428584 nsol=16 0.02s 2026-07-22T17:09:34.960
ATTEMPT 23 W0 START 4x2 seed=1428585 2026-07-22T17:09:34.960
ATTEMPT 23 W0 SOLVE 4x2 2026-07-22T17:09:34.966
ATTEMPT 23 W0 DONE 4x2 seed=1428585 nsol=16 0.01s 2026-07-22T17:09:34.972
ATTEMPT 24 W0 START 4x2 seed=1428586 2026-07-22T17:09:34.972
ATTEMPT 24 W0 SOLVE 4x2 2026-07-22T17:09:34.977
ATTEMPT 24 W0 DONE 4x2 seed=1428586 nsol=16 0.02s 2026-07-22T17:09:34.992
ATTEMPT 25 W0 START 4x2 seed=1428587 2026-07-22T17:09:34.993
ATTEMPT 25 W0 SOLVE 4x2 2026-07-22T17:09:34.998
ATTEMPT 25 W0 DONE 4x2 seed=1428587 nsol=16 0.02s 2026-07-22T17:09:35.015
ATTEMPT 26 W0 START 4x2 seed=1428588 2026-07-22T17:09:35.015
ATTEMPT 26 W0 SOLVE 4x2 2026-07-22T17:09:35.021
ATTEMPT 26 W0 DONE 4x2 seed=1428588 nsol=16 0.02s 2026-07-22T17:09:35.036
ATTEMPT 27 W0 START 4x2 seed=1428589 2026-07-22T17:09:35.037
ATTEMPT 27 W0 SOLVE 4x2 2026-07-22T17:09:35.044
ATTEMPT 27 W0 DONE 4x2 seed=1428589 nsol=16 0.01s 2026-07-22T17:09:35.052
ATTEMPT 28 W0 START 4x2 seed=1428590 2026-07-22T17:09:35.053
ATTEMPT 28 W0 SOLVE 4x2 2026-07-22T17:09:35.060
ATTEMPT 28 W0 DONE 4x2 seed=1428590 nsol=16 0.02s 2026-07-22T17:09:35.079
ATTEMPT 29 W0 START 4x2 seed=1428591 2026-07-22T17:09:35.079
ATTEMPT 29 W0 SOLVE 4x2 2026-07-22T17:09:35.084
ATTEMPT 29 W0 DONE 4x2 seed=1428591 nsol=16 0.01s 2026-07-22T17:09:35.091
ATTEMPT 30 W0 START 4x2 seed=1428592 2026-07-22T17:09:35.092
ATTEMPT 30 W0 SOLVE 4x2 2026-07-22T17:09:35.098
ATTEMPT 30 W0 DONE 4x2 seed=1428592 nsol=16 0.01s 2026-07-22T17:09:35.109
ATTEMPT 31 W0 START 4x2 seed=1428593 2026-07-22T17:09:35.109
ATTEMPT 31 W0 SOLVE 4x2 2026-07-22T17:09:35.114
ATTEMPT 31 W0 DONE 4x2 seed=1428593 nsol=16 0.01s 2026-07-22T17:09:35.123
ATTEMPT 32 W0 START 4x2 seed=1428594 2026-07-22T17:09:35.123
ATTEMPT 32 W0 SOLVE 4x2 2026-07-22T17:09:35.130
ATTEMPT 32 W0 DONE 4x2 seed=1428594 nsol=16 0.01s 2026-07-22T17:09:35.137
ATTEMPT 33 W0 START 4x2 seed=1428595 2026-07-22T17:09:35.137
ATTEMPT 33 W0 SOLVE 4x2 2026-07-22T17:09:35.144
ATTEMPT 33 W0 DONE 4x2 seed=1428595 nsol=16 0.02s 2026-07-22T17:09:35.160
ATTEMPT 34 W0 START 4x2 seed=1428596 2026-07-22T17:09:35.160
ATTEMPT 34 W0 SOLVE 4x2 2026-07-22T17:09:35.168
ATTEMPT 34 W0 DONE 4x2 seed=1428596 nsol=16 0.01s 2026-07-22T17:09:35.178
ATTEMPT 35 W0 START 4x2 seed=1428597 2026-07-22T17:09:35.178
ATTEMPT 35 W0 SOLVE 4x2 2026-07-22T17:09:35.184
ATTEMPT 35 W0 DONE 4x2 seed=1428597 nsol=16 0.01s 2026-07-22T17:09:35.197
ATTEMPT 36 W0 START 4x2 seed=1428598 2026-07-22T17:09:35.197
ATTEMPT 36 W0 SOLVE 4x2 2026-07-22T17:09:35.203
ATTEMPT 36 W0 DONE 4x2 seed=1428598 nsol=16 0.01s 2026-07-22T17:09:35.216
ATTEMPT 37 W0 START 4x2 seed=1428599 2026-07-22T17:09:35.217
ATTEMPT 37 W0 SOLVE 4x2 2026-07-22T17:09:35.225
ATTEMPT 37 W0 DONE 4x2 seed=1428599 nsol=16 0.02s 2026-07-22T17:09:35.241
ATTEMPT 38 W0 START 4x2 seed=1428600 2026-07-22T17:09:35.241
ATTEMPT 38 W0 SOLVE 4x2 2026-07-22T17:09:35.248
ATTEMPT 38 W0 DONE 4x2 seed=1428600 nsol=16 0.01s 2026-07-22T17:09:35.255
ATTEMPT 39 W0 START 4x2 seed=1428601 2026-07-22T17:09:35.255
ATTEMPT 39 W0 SOLVE 4x2 2026-07-22T17:09:35.264
ATTEMPT 39 W0 DONE 4x2 seed=1428601 nsol=16 0.02s 2026-07-22T17:09:35.280
ATTEMPT 40 W0 START 4x2 seed=1428602 2026-07-22T17:09:35.281
ATTEMPT 40 W0 SOLVE 4x2 2026-07-22T17:09:35.286
ATTEMPT 40 W0 DONE 4x2 seed=1428602 nsol=16 0.02s 2026-07-22T17:09:35.308
ATTEMPT 41 W0 START 4x2 seed=1428603 2026-07-22T17:09:35.309
ATTEMPT 41 W0 SOLVE 4x2 2026-07-22T17:09:35.315
ATTEMPT 41 W0 DONE 4x2 seed=1428603 nsol=16 0.01s 2026-07-22T17:09:35.328
ATTEMPT 42 W0 START 4x2 seed=1428604 2026-07-22T17:09:35.329
ATTEMPT 42 W0 SOLVE 4x2 2026-07-22T17:09:35.336
ATTEMPT 42 W0 DONE 4x2 seed=1428604 nsol=16 0.01s 2026-07-22T17:09:35.351
ATTEMPT 43 W0 START 4x2 seed=1428605 2026-07-22T17:09:35.351
ATTEMPT 43 W0 SOLVE 4x2 2026-07-22T17:09:35.356
ATTEMPT 43 W0 DONE 4x2 seed=1428605 nsol=16 0.02s 2026-07-22T17:09:35.373
ATTEMPT 44 W0 START 4x2 seed=1428606 2026-07-22T17:09:35.373
ATTEMPT 44 W0 SOLVE 4x2 2026-07-22T17:09:35.380
ATTEMPT 44 W0 DONE 4x2 seed=1428606 nsol=16 0.01s 2026-07-22T17:09:35.392
ATTEMPT 45 W0 START 4x2 seed=1428607 2026-07-22T17:09:35.392
ATTEMPT 45 W0 SOLVE 4x2 2026-07-22T17:09:35.398
ATTEMPT 45 W0 DONE 4x2 seed=1428607 nsol=16 0.02s 2026-07-22T17:09:35.415
ATTEMPT 46 W0 START 4x2 seed=1428608 2026-07-22T17:09:35.415
ATTEMPT 46 W0 SOLVE 4x2 2026-07-22T17:09:35.426
ATTEMPT 46 W0 DONE 4x2 seed=1428608 nsol=16 0.02s 2026-07-22T17:09:35.445
ATTEMPT 47 W0 START 4x2 seed=1428609 2026-07-22T17:09:35.445
ATTEMPT 47 W0 SOLVE 4x2 2026-07-22T17:09:35.450
ATTEMPT 47 W0 DONE 4x2 seed=1428609 nsol=16 0.02s 2026-07-22T17:09:35.469
ATTEMPT 48 W0 START 4x2 seed=1428610 2026-07-22T17:09:35.469
ATTEMPT 48 W0 SOLVE 4x2 2026-07-22T17:09:35.474
ATTEMPT 48 W0 DONE 4x2 seed=1428610 nsol=16 0.01s 2026-07-22T17:09:35.486
ATTEMPT 49 W0 START 4x2 seed=1428611 2026-07-22T17:09:35.486
ATTEMPT 49 W0 SOLVE 4x2 2026-07-22T17:09:35.493
ATTEMPT 49 W0 DONE 4x2 seed=1428611 nsol=16 0.01s 2026-07-22T17:09:35.500
ATTEMPT 50 W0 START 4x2 seed=1428612 2026-07-22T17:09:35.501
ATTEMPT 50 W0 SOLVE 4x2 2026-07-22T17:09:35.507
ATTEMPT 50 W0 DONE 4x2 seed=1428612 nsol=16 0.01s 2026-07-22T17:09:35.520
ATTEMPT 51 W0 START 4x2 seed=1428613 2026-07-22T17:09:35.520
ATTEMPT 51 W0 SOLVE 4x2 2026-07-22T17:09:35.528
ATTEMPT 51 W0 DONE 4x2 seed=1428613 nsol=16 0.02s 2026-07-22T17:09:35.547
ATTEMPT 52 W0 START 4x2 seed=1428614 2026-07-22T17:09:35.547
ATTEMPT 52 W0 SOLVE 4x2 2026-07-22T17:09:35.554
ATTEMPT 52 W0 DONE 4x2 seed=1428614 nsol=16 0.01s 2026-07-22T17:09:35.565
ATTEMPT 53 W0 START 4x2 seed=1428615 2026-07-22T17:09:35.565
ATTEMPT 53 W0 SOLVE 4x2 2026-07-22T17:09:35.575
ATTEMPT 53 W0 DONE 4x2 seed=1428615 nsol=16 0.01s 2026-07-22T17:09:35.583
ATTEMPT 54 W0 START 4x2 seed=1428616 2026-07-22T17:09:35.584
ATTEMPT 54 W0 SOLVE 4x2 2026-07-22T17:09:35.594
ATTEMPT 54 W0 DONE 4x2 seed=1428616 nsol=16 0.02s 2026-07-22T17:09:35.617
ATTEMPT 55 W0 START 4x2 seed=1428617 2026-07-22T17:09:35.617
ATTEMPT 55 W0 SOLVE 4x2 2026-07-22T17:09:35.624
ATTEMPT 55 W0 DONE 4x2 seed=1428617 nsol=16 0.01s 2026-07-22T17:09:35.655
ATTEMPT 56 W0 START 4x2 seed=1428618 2026-07-22T17:09:35.655
ATTEMPT 56 W0 SOLVE 4x2 2026-07-22T17:09:35.667
ATTEMPT 56 W0 DONE 4x2 seed=1428618 nsol=16 0.02s 2026-07-22T17:09:35.684
ATTEMPT 57 W0 START 4x2 seed=1428619 2026-07-22T17:09:35.685
ATTEMPT 57 W0 SOLVE 4x2 2026-07-22T17:09:35.694
ATTEMPT 57 W0 DONE 4x2 seed=1428619 nsol=16 0.01s 2026-07-22T17:09:35.708
ATTEMPT 58 W0 START 4x2 seed=1428620 2026-07-22T17:09:35.709
ATTEMPT 58 W0 SOLVE 4x2 2026-07-22T17:09:35.724
ATTEMPT 58 W0 DONE 4x2 seed=1428620 nsol=16 0.00s 2026-07-22T17:09:35.736
ATTEMPT 59 W0 START 4x2 seed=1428621 2026-07-22T17:09:35.737
ATTEMPT 59 W0 SOLVE 4x2 2026-07-22T17:09:35.750
ATTEMPT 59 W0 DONE 4x2 seed=1428621 nsol=16 0.01s 2026-07-22T17:09:35.764
ATTEMPT 60 W0 START 4x2 seed=1428622 2026-07-22T17:09:35.765
ATTEMPT 60 W0 SOLVE 4x2 2026-07-22T17:09:35.779
ATTEMPT 60 W0 DONE 4x2 seed=1428622 nsol=16 0.02s 2026-07-22T17:09:35.799
ATTEMPT 61 W0 START 4x2 seed=1428623 2026-07-22T17:09:35.799
ATTEMPT 61 W0 SOLVE 4x2 2026-07-22T17:09:35.830
ATTEMPT 61 W0 DONE 4x2 seed=1428623 nsol=16 0.01s 2026-07-22T17:09:35.841
ATTEMPT 62 W0 START 4x2 seed=1428624 2026-07-22T17:09:35.841
ATTEMPT 62 W0 SOLVE 4x2 2026-07-22T17:09:35.855
ATTEMPT 62 W0 DONE 4x2 seed=1428624 nsol=16 0.01s 2026-07-22T17:09:35.870
ATTEMPT 63 W0 START 4x2 seed=1428625 2026-07-22T17:09:35.870
ATTEMPT 63 W0 SOLVE 4x2 2026-07-22T17:09:35.875
ATTEMPT 63 W0 DONE 4x2 seed=1428625 nsol=16 0.02s 2026-07-22T17:09:35.897
ATTEMPT 64 W0 START 4x2 seed=1428626 2026-07-22T17:09:35.897
ATTEMPT 64 W0 SOLVE 4x2 2026-07-22T17:09:35.920
ATTEMPT 64 W0 DONE 4x2 seed=1428626 nsol=16 0.01s 2026-07-22T17:09:35.932
ATTEMPT 65 W0 START 4x2 seed=1428627 2026-07-22T17:09:35.933
ATTEMPT 65 W0 SOLVE 4x2 2026-07-22T17:09:35.952
ATTEMPT 65 W0 DONE 4x2 seed=1428627 nsol=16 0.02s 2026-07-22T17:09:35.976
ATTEMPT 66 W0 START 4x2 seed=1428628 2026-07-22T17:09:35.977
ATTEMPT 66 W0 SOLVE 4x2 2026-07-22T17:09:35.993
ATTEMPT 66 W0 DONE 4x2 seed=1428628 nsol=16 0.01s 2026-07-22T17:09:36.003
ATTEMPT 67 W0 START 4x2 seed=1428629 2026-07-22T17:09:36.003
ATTEMPT 67 W0 SOLVE 4x2 2026-07-22T17:09:36.013
ATTEMPT 67 W0 DONE 4x2 seed=1428629 nsol=16 0.02s 2026-07-22T17:09:36.030
ATTEMPT 68 W0 START 4x2 seed=1428630 2026-07-22T17:09:36.030
ATTEMPT 68 W0 SOLVE 4x2 2026-07-22T17:09:36.035
ATTEMPT 68 W0 DONE 4x2 seed=1428630 nsol=16 0.02s 2026-07-22T17:09:36.051
ATTEMPT 69 W0 START 4x2 seed=1428631 2026-07-22T17:09:36.051
ATTEMPT 69 W0 SOLVE 4x2 2026-07-22T17:09:36.056
ATTEMPT 69 W0 DONE 4x2 seed=1428631 nsol=16 0.02s 2026-07-22T17:09:36.081
ATTEMPT 70 W0 START 4x2 seed=1428632 2026-07-22T17:09:36.081
ATTEMPT 70 W0 SOLVE 4x2 2026-07-22T17:09:36.099
ATTEMPT 70 W0 DONE 4x2 seed=1428632 nsol=16 0.01s 2026-07-22T17:09:36.111
ATTEMPT 71 W0 START 4x2 seed=1428633 2026-07-22T17:09:36.111
ATTEMPT 71 W0 SOLVE 4x2 2026-07-22T17:09:36.116
ATTEMPT 71 W0 DONE 4x2 seed=1428633 nsol=16 0.03s 2026-07-22T17:09:36.142
ATTEMPT 72 W0 START 4x2 seed=1428634 2026-07-22T17:09:36.142
ATTEMPT 72 W0 SOLVE 4x2 2026-07-22T17:09:36.153
ATTEMPT 72 W0 DONE 4x2 seed=1428634 nsol=16 0.01s 2026-07-22T17:09:36.162
ATTEMPT 73 W0 START 4x2 seed=1428635 2026-07-22T17:09:36.162
ATTEMPT 73 W0 SOLVE 4x2 2026-07-22T17:09:36.168
ATTEMPT 73 W0 DONE 4x2 seed=1428635 nsol=16 0.02s 2026-07-22T17:09:36.188
ATTEMPT 74 W0 START 4x2 seed=1428636 2026-07-22T17:09:36.188
ATTEMPT 74 W0 SOLVE 4x2 2026-07-22T17:09:36.198
ATTEMPT 74 W0 DONE 4x2 seed=1428636 nsol=16 0.01s 2026-07-22T17:09:36.217
ATTEMPT 75 W0 START 4x2 seed=1428637 2026-07-22T17:09:36.217
ATTEMPT 75 W0 SOLVE 4x2 2026-07-22T17:09:36.230
ATTEMPT 75 W0 DONE 4x2 seed=1428637 nsol=16 0.01s 2026-07-22T17:09:36.244
ATTEMPT 76 W0 START 4x2 seed=1428638 2026-07-22T17:09:36.244
ATTEMPT 76 W0 SOLVE 4x2 2026-07-22T17:09:36.258
ATTEMPT 76 W0 DONE 4x2 seed=1428638 nsol=16 0.02s 2026-07-22T17:09:36.280
ATTEMPT 77 W0 START 4x2 seed=1428639 2026-07-22T17:09:36.280
ATTEMPT 77 W0 SOLVE 4x2 2026-07-22T17:09:36.290
ATTEMPT 77 W0 DONE 4x2 seed=1428639 nsol=16 0.02s 2026-07-22T17:09:36.316
ATTEMPT 78 W0 START 4x2 seed=1428640 2026-07-22T17:09:36.317
ATTEMPT 78 W0 SOLVE 4x2 2026-07-22T17:09:36.330
ATTEMPT 78 W0 DONE 4x2 seed=1428640 nsol=16 0.02s 2026-07-22T17:09:36.352
ATTEMPT 79 W0 START 4x2 seed=1428641 2026-07-22T17:09:36.353
ATTEMPT 79 W0 SOLVE 4x2 2026-07-22T17:09:36.360
ATTEMPT 79 W0 DONE 4x2 seed=1428641 nsol=16 0.02s 2026-07-22T17:09:36.378
ATTEMPT 80 W0 START 4x2 seed=1428642 2026-07-22T17:09:36.379
ATTEMPT 80 W0 SOLVE 4x2 2026-07-22T17:09:36.386
ATTEMPT 80 W0 DONE 4x2 seed=1428642 nsol=16 0.02s 2026-07-22T17:09:36.401
ATTEMPT 81 W0 START 4x2 seed=1428643 2026-07-22T17:09:36.402
ATTEMPT 81 W0 SOLVE 4x2 2026-07-22T17:09:36.484
ATTEMPT 81 W0 DONE 4x2 seed=1428643 nsol=16 0.01s 2026-07-22T17:09:36.491
ATTEMPT 82 W0 START 4x2 seed=1428644 2026-07-22T17:09:36.491
ATTEMPT 82 W0 SOLVE 4x2 2026-07-22T17:09:36.498
ATTEMPT 82 W0 DONE 4x2 seed=1428644 nsol=16 0.03s 2026-07-22T17:09:36.524
ATTEMPT 83 W0 START 4x2 seed=1428645 2026-07-22T17:09:36.525
ATTEMPT 83 W0 SOLVE 4x2 2026-07-22T17:09:36.533
ATTEMPT 83 W0 DONE 4x2 seed=1428645 nsol=16 0.02s 2026-07-22T17:09:36.548
ATTEMPT 84 W0 START 4x2 seed=1428646 2026-07-22T17:09:36.549
ATTEMPT 84 W0 SOLVE 4x2 2026-07-22T17:09:36.558
ATTEMPT 84 W0 DONE 4x2 seed=1428646 nsol=16 0.02s 2026-07-22T17:09:36.576
ATTEMPT 85 W0 START 4x2 seed=1428647 2026-07-22T17:09:36.576
ATTEMPT 85 W0 SOLVE 4x2 2026-07-22T17:09:36.591
ATTEMPT 85 W0 DONE 4x2 seed=1428647 nsol=16 0.01s 2026-07-22T17:09:36.601
ATTEMPT 86 W0 START 4x2 seed=1428648 2026-07-22T17:09:36.601
ATTEMPT 86 W0 SOLVE 4x2 2026-07-22T17:09:36.625
ATTEMPT 86 W0 DONE 4x2 seed=1428648 nsol=16 0.01s 2026-07-22T17:09:36.630
ATTEMPT 87 W0 START 4x2 seed=1428649 2026-07-22T17:09:36.630
ATTEMPT 87 W0 SOLVE 4x2 2026-07-22T17:09:36.635
ATTEMPT 87 W0 DONE 4x2 seed=1428649 nsol=16 0.03s 2026-07-22T17:09:36.668
ATTEMPT 88 W0 START 4x2 seed=1428650 2026-07-22T17:09:36.669
ATTEMPT 88 W0 SOLVE 4x2 2026-07-22T17:09:36.678
ATTEMPT 88 W0 DONE 4x2 seed=1428650 nsol=16 0.01s 2026-07-22T17:09:36.688
ATTEMPT 89 W0 START 4x2 seed=1428651 2026-07-22T17:09:36.688
ATTEMPT 89 W0 SOLVE 4x2 2026-07-22T17:09:36.702
ATTEMPT 89 W0 DONE 4x2 seed=1428651 nsol=16 0.02s 2026-07-22T17:09:36.719
ATTEMPT 90 W0 START 4x2 seed=1428652 2026-07-22T17:09:36.719
ATTEMPT 90 W0 SOLVE 4x2 2026-07-22T17:09:36.734
ATTEMPT 90 W0 DONE 4x2 seed=1428652 nsol=16 0.01s 2026-07-22T17:09:36.740
ATTEMPT 91 W0 START 4x2 seed=1428653 2026-07-22T17:09:36.740
ATTEMPT 91 W0 SOLVE 4x2 2026-07-22T17:09:36.749
ATTEMPT 91 W0 DONE 4x2 seed=1428653 nsol=16 0.01s 2026-07-22T17:09:36.756
ATTEMPT 92 W0 START 4x2 seed=1428654 2026-07-22T17:09:36.757
ATTEMPT 92 W0 SOLVE 4x2 2026-07-22T17:09:36.762
ATTEMPT 92 W0 DONE 4x2 seed=1428654 nsol=16 0.02s 2026-07-22T17:09:36.781
ATTEMPT 93 W0 START 4x2 seed=1428655 2026-07-22T17:09:36.781
ATTEMPT 93 W0 SOLVE 4x2 2026-07-22T17:09:36.786
ATTEMPT 93 W0 DONE 4x2 seed=1428655 nsol=16 0.01s 2026-07-22T17:09:36.798
ATTEMPT 94 W0 START 4x2 seed=1428656 2026-07-22T17:09:36.798
ATTEMPT 94 W0 SOLVE 4x2 2026-07-22T17:09:36.804
ATTEMPT 94 W0 DONE 4x2 seed=1428656 nsol=16 0.02s 2026-07-22T17:09:36.820
ATTEMPT 95 W0 START 4x2 seed=1428657 2026-07-22T17:09:36.821
ATTEMPT 95 W0 SOLVE 4x2 2026-07-22T17:09:36.827
ATTEMPT 95 W0 DONE 4x2 seed=1428657 nsol=16 0.03s 2026-07-22T17:09:36.853
ATTEMPT 96 W0 START 4x2 seed=1428658 2026-07-22T17:09:36.853
ATTEMPT 96 W0 SOLVE 4x2 2026-07-22T17:09:36.860
ATTEMPT 96 W0 DONE 4x2 seed=1428658 nsol=16 0.01s 2026-07-22T17:09:36.875
ATTEMPT 97 W0 START 4x2 seed=1428659 2026-07-22T17:09:36.875
ATTEMPT 97 W0 SOLVE 4x2 2026-07-22T17:09:36.880
ATTEMPT 97 W0 DONE 4x2 seed=1428659 nsol=16 0.02s 2026-07-22T17:09:36.905
ATTEMPT 98 W0 START 4x2 seed=1428660 2026-07-22T17:09:36.905
ATTEMPT 98 W0 SOLVE 4x2 2026-07-22T17:09:36.918
ATTEMPT 98 W0 DONE 4x2 seed=1428660 nsol=16 0.02s 2026-07-22T17:09:36.940
ATTEMPT 99 W0 START 4x2 seed=1428661 2026-07-22T17:09:36.941
ATTEMPT 99 W0 SOLVE 4x2 2026-07-22T17:09:36.958
ATTEMPT 99 W0 DONE 4x2 seed=1428661 nsol=16 0.01s 2026-07-22T17:09:36.969
ATTEMPT 100 W0 START 4x2 seed=1428662 2026-07-22T17:09:36.969
ATTEMPT 100 W0 SOLVE 4x2 2026-07-22T17:09:36.979
ATTEMPT 100 W0 DONE 4x2 seed=1428662 nsol=16 0.01s 2026-07-22T17:09:36.988
ATTEMPT 101 W0 START 4x2 seed=1428663 2026-07-22T17:09:36.988
ATTEMPT 101 W0 SOLVE 4x2 2026-07-22T17:09:36.998
ATTEMPT 101 W0 DONE 4x2 seed=1428663 nsol=16 0.01s 2026-07-22T17:09:37.010
ATTEMPT 102 W0 START 4x2 seed=1428664 2026-07-22T17:09:37.011
ATTEMPT 102 W0 SOLVE 4x2 2026-07-22T17:09:37.025
ATTEMPT 102 W0 DONE 4x2 seed=1428664 nsol=16 0.01s 2026-07-22T17:09:37.033
ATTEMPT 103 W0 START 4x2 seed=1428665 2026-07-22T17:09:37.033
ATTEMPT 103 W0 SOLVE 4x2 2026-07-22T17:09:37.048
ATTEMPT 103 W0 DONE 4x2 seed=1428665 nsol=16 0.03s 2026-07-22T17:09:37.073
ATTEMPT 104 W0 START 4x2 seed=1428666 2026-07-22T17:09:37.073
ATTEMPT 104 W0 SOLVE 4x2 2026-07-22T17:09:37.089
ATTEMPT 104 W0 DONE 4x2 seed=1428666 nsol=16 0.01s 2026-07-22T17:09:37.097
ATTEMPT 105 W0 START 4x2 seed=1428667 2026-07-22T17:09:37.097
ATTEMPT 105 W0 SOLVE 4x2 2026-07-22T17:09:37.107
ATTEMPT 105 W0 DONE 4x2 seed=1428667 nsol=16 0.00s 2026-07-22T17:09:37.117
ATTEMPT 106 W0 START 4x2 seed=1428668 2026-07-22T17:09:37.117
ATTEMPT 106 W0 SOLVE 4x2 2026-07-22T17:09:37.127
ATTEMPT 106 W0 DONE 4x2 seed=1428668 nsol=16 0.02s 2026-07-22T17:09:37.143
ATTEMPT 107 W0 START 4x2 seed=1428669 2026-07-22T17:09:37.144
ATTEMPT 107 W0 SOLVE 4x2 2026-07-22T17:09:37.154
ATTEMPT 107 W0 DONE 4x2 seed=1428669 nsol=16 0.01s 2026-07-22T17:09:37.169
ATTEMPT 108 W0 START 4x2 seed=1428670 2026-07-22T17:09:37.169
ATTEMPT 108 W0 SOLVE 4x2 2026-07-22T17:09:37.179
ATTEMPT 108 W0 DONE 4x2 seed=1428670 nsol=16 0.01s 2026-07-22T17:09:37.190
ATTEMPT 109 W0 START 4x2 seed=1428671 2026-07-22T17:09:37.191
ATTEMPT 109 W0 SOLVE 4x2 2026-07-22T17:09:37.207
ATTEMPT 109 W0 DONE 4x2 seed=1428671 nsol=16 0.02s 2026-07-22T17:09:37.223
ATTEMPT 110 W0 START 4x2 seed=1428672 2026-07-22T17:09:37.223
ATTEMPT 110 W0 SOLVE 4x2 2026-07-22T17:09:37.236
ATTEMPT 110 W0 DONE 4x2 seed=1428672 nsol=16 0.01s 2026-07-22T17:09:37.247
ATTEMPT 111 W0 START 4x2 seed=1428673 2026-07-22T17:09:37.248
ATTEMPT 111 W0 SOLVE 4x2 2026-07-22T17:09:37.261
ATTEMPT 111 W0 DONE 4x2 seed=1428673 nsol=16 0.01s 2026-07-22T17:09:37.274
ATTEMPT 112 W0 START 4x2 seed=1428674 2026-07-22T17:09:37.274
ATTEMPT 112 W0 SOLVE 4x2 2026-07-22T17:09:37.289
ATTEMPT 112 W0 DONE 4x2 seed=1428674 nsol=16 0.01s 2026-07-22T17:09:37.301
ATTEMPT 113 W0 START 4x2 seed=1428675 2026-07-22T17:09:37.301
ATTEMPT 113 W0 SOLVE 4x2 2026-07-22T17:09:37.311
ATTEMPT 113 W0 DONE 4x2 seed=1428675 nsol=16 0.01s 2026-07-22T17:09:37.322
ATTEMPT 114 W0 START 4x2 seed=1428676 2026-07-22T17:09:37.323
ATTEMPT 114 W0 SOLVE 4x2 2026-07-22T17:09:37.337
ATTEMPT 114 W0 DONE 4x2 seed=1428676 nsol=16 0.02s 2026-07-22T17:09:37.353
ATTEMPT 115 W0 START 4x2 seed=1428677 2026-07-22T17:09:37.353
ATTEMPT 115 W0 SOLVE 4x2 2026-07-22T17:09:37.362
ATTEMPT 115 W0 DONE 4x2 seed=1428677 nsol=16 0.00s 2026-07-22T17:09:37.373
ATTEMPT 116 W0 START 4x2 seed=1428678 2026-07-22T17:09:37.374
ATTEMPT 116 W0 SOLVE 4x2 2026-07-22T17:09:37.383
ATTEMPT 116 W0 DONE 4x2 seed=1428678 nsol=16 0.02s 2026-07-22T17:09:37.398
ATTEMPT 117 W0 START 4x2 seed=1428679 2026-07-22T17:09:37.399
ATTEMPT 117 W0 SOLVE 4x2 2026-07-22T17:09:37.407
ATTEMPT 117 W0 DONE 4x2 seed=1428679 nsol=16 0.01s 2026-07-22T17:09:37.421
ATTEMPT 118 W0 START 4x2 seed=1428680 2026-07-22T17:09:37.421
ATTEMPT 118 W0 SOLVE 4x2 2026-07-22T17:09:37.432
ATTEMPT 118 W0 DONE 4x2 seed=1428680 nsol=16 0.01s 2026-07-22T17:09:37.444
ATTEMPT 119 W0 START 4x2 seed=1428681 2026-07-22T17:09:37.445
ATTEMPT 119 W0 SOLVE 4x2 2026-07-22T17:09:37.457
ATTEMPT 119 W0 DONE 4x2 seed=1428681 nsol=16 0.02s 2026-07-22T17:09:37.480
ATTEMPT 120 W0 START 4x2 seed=1428682 2026-07-22T17:09:37.481
ATTEMPT 120 W0 SOLVE 4x2 2026-07-22T17:09:37.487
ATTEMPT 120 W0 DONE 4x2 seed=1428682 nsol=16 0.02s 2026-07-22T17:09:37.502
ATTEMPT 121 W0 START 4x2 seed=1428683 2026-07-22T17:09:37.502
ATTEMPT 121 W0 SOLVE 4x2 2026-07-22T17:09:37.510
ATTEMPT 121 W0 DONE 4x2 seed=1428683 nsol=16 0.01s 2026-07-22T17:09:37.523
ATTEMPT 122 W0 START 4x2 seed=1428684 2026-07-22T17:09:37.523
ATTEMPT 122 W0 SOLVE 4x2 2026-07-22T17:09:37.531
ATTEMPT 122 W0 DONE 4x2 seed=1428684 nsol=16 0.01s 2026-07-22T17:09:37.538
ATTEMPT 123 W0 START 4x2 seed=1428685 2026-07-22T17:09:37.539
ATTEMPT 123 W0 SOLVE 4x2 2026-07-22T17:09:37.546
ATTEMPT 123 W0 DONE 4x2 seed=1428685 nsol=16 0.00s 2026-07-22T17:09:37.551
ATTEMPT 124 W0 START 4x2 seed=1428686 2026-07-22T17:09:37.551
ATTEMPT 124 W0 SOLVE 4x2 2026-07-22T17:09:37.556
ATTEMPT 124 W0 DONE 4x2 seed=1428686 nsol=16 0.01s 2026-07-22T17:09:37.563
ATTEMPT 125 W0 START 4x2 seed=1428687 2026-07-22T17:09:37.563
ATTEMPT 125 W0 SOLVE 4x2 2026-07-22T17:09:37.569
ATTEMPT 125 W0 DONE 4x2 seed=1428687 nsol=16 0.01s 2026-07-22T17:09:37.576
ATTEMPT 126 W0 START 4x2 seed=1428688 2026-07-22T17:09:37.577
ATTEMPT 126 W0 SOLVE 4x2 2026-07-22T17:09:37.582
ATTEMPT 126 W0 DONE 4x2 seed=1428688 nsol=16 0.01s 2026-07-22T17:09:37.592
ATTEMPT 127 W0 START 4x2 seed=1428689 2026-07-22T17:09:37.593
ATTEMPT 127 W0 SOLVE 4x2 2026-07-22T17:09:37.598
ATTEMPT 127 W0 DONE 4x2 seed=1428689 nsol=16 0.01s 2026-07-22T17:09:37.609
ATTEMPT 128 W0 START 4x2 seed=1428690 2026-07-22T17:09:37.609
ATTEMPT 128 W0 SOLVE 4x2 2026-07-22T17:09:37.621
ATTEMPT 128 W0 DONE 4x2 seed=1428690 nsol=16 0.01s 2026-07-22T17:09:37.632
ATTEMPT 129 W0 START 4x2 seed=1428691 2026-07-22T17:09:37.633
ATTEMPT 129 W0 SOLVE 4x2 2026-07-22T17:09:37.642
ATTEMPT 129 W0 DONE 4x2 seed=1428691 nsol=16 0.02s 2026-07-22T17:09:37.665
ATTEMPT 130 W0 START 4x2 seed=1428692 2026-07-22T17:09:37.665
ATTEMPT 130 W0 SOLVE 4x2 2026-07-22T17:09:37.677
ATTEMPT 130 W0 DONE 4x2 seed=1428692 nsol=16 0.02s 2026-07-22T17:09:37.697
ATTEMPT 131 W0 START 4x2 seed=1428693 2026-07-22T17:09:37.698
ATTEMPT 131 W0 SOLVE 4x2 2026-07-22T17:09:37.713
ATTEMPT 131 W0 DONE 4x2 seed=1428693 nsol=16 0.01s 2026-07-22T17:09:37.722
ATTEMPT 132 W0 START 4x2 seed=1428694 2026-07-22T17:09:37.722
ATTEMPT 132 W0 SOLVE 4x2 2026-07-22T17:09:37.731
ATTEMPT 132 W0 DONE 4x2 seed=1428694 nsol=16 0.01s 2026-07-22T17:09:37.743
ATTEMPT 133 W0 START 4x2 seed=1428695 2026-07-22T17:09:37.743
ATTEMPT 133 W0 SOLVE 4x2 2026-07-22T17:09:37.754
ATTEMPT 133 W0 DONE 4x2 seed=1428695 nsol=16 0.02s 2026-07-22T17:09:37.773
ATTEMPT 134 W0 START 4x2 seed=1428696 2026-07-22T17:09:37.773
ATTEMPT 134 W0 SOLVE 4x2 2026-07-22T17:09:37.783
ATTEMPT 134 W0 DONE 4x2 seed=1428696 nsol=16 0.01s 2026-07-22T17:09:37.792
ATTEMPT 135 W0 START 4x2 seed=1428697 2026-07-22T17:09:37.792
ATTEMPT 135 W0 SOLVE 4x2 2026-07-22T17:09:37.801
ATTEMPT 135 W0 DONE 4x2 seed=1428697 nsol=16 0.02s 2026-07-22T17:09:37.817
ATTEMPT 136 W0 START 4x2 seed=1428698 2026-07-22T17:09:37.817
ATTEMPT 136 W0 SOLVE 4x2 2026-07-22T17:09:37.827
ATTEMPT 136 W0 DONE 4x2 seed=1428698 nsol=16 0.02s 2026-07-22T17:09:37.847
ATTEMPT 137 W0 START 4x2 seed=1428699 2026-07-22T17:09:37.848
ATTEMPT 137 W0 SOLVE 4x2 2026-07-22T17:09:37.856
ATTEMPT 137 W0 DONE 4x2 seed=1428699 nsol=16 0.01s 2026-07-22T17:09:37.871
ATTEMPT 138 W0 START 4x2 seed=1428700 2026-07-22T17:09:37.871
ATTEMPT 138 W0 SOLVE 4x2 2026-07-22T17:09:37.879
ATTEMPT 138 W0 DONE 4x2 seed=1428700 nsol=16 0.02s 2026-07-22T17:09:37.900
ATTEMPT 139 W0 START 4x2 seed=1428701 2026-07-22T17:09:37.901
ATTEMPT 139 W0 SOLVE 4x2 2026-07-22T17:09:37.909
ATTEMPT 139 W0 DONE 4x2 seed=1428701 nsol=16 0.02s 2026-07-22T17:09:37.925
ATTEMPT 140 W0 START 4x2 seed=1428702 2026-07-22T17:09:37.925
ATTEMPT 140 W0 SOLVE 4x2 2026-07-22T17:09:37.931
ATTEMPT 140 W0 DONE 4x2 seed=1428702 nsol=16 0.01s 2026-07-22T17:09:37.942
ATTEMPT 141 W0 START 4x2 seed=1428703 2026-07-22T17:09:37.943
ATTEMPT 141 W0 SOLVE 4x2 2026-07-22T17:09:37.949
ATTEMPT 141 W0 DONE 4x2 seed=1428703 nsol=16 0.01s 2026-07-22T17:09:37.954
ATTEMPT 142 W0 START 4x2 seed=1428704 2026-07-22T17:09:37.954
ATTEMPT 142 W0 SOLVE 4x2 2026-07-22T17:09:37.960
ATTEMPT 142 W0 DONE 4x2 seed=1428704 nsol=16 0.02s 2026-07-22T17:09:37.977
ATTEMPT 143 W0 START 4x2 seed=1428705 2026-07-22T17:09:37.977
ATTEMPT 143 W0 SOLVE 4x2 2026-07-22T17:09:37.982
ATTEMPT 143 W0 DONE 4x2 seed=1428705 nsol=16 0.02s 2026-07-22T17:09:38
ATTEMPT 144 W0 START 4x2 seed=1428706 2026-07-22T17:09:38
ATTEMPT 144 W0 SOLVE 4x2 2026-07-22T17:09:38.007
ATTEMPT 144 W0 DONE 4x2 seed=1428706 nsol=16 0.01s 2026-07-22T17:09:38.016
ATTEMPT 145 W0 START 4x2 seed=1428707 2026-07-22T17:09:38.017
ATTEMPT 145 W0 SOLVE 4x2 2026-07-22T17:09:38.033
ATTEMPT 145 W0 DONE 4x2 seed=1428707 nsol=16 0.01s 2026-07-22T17:09:38.046
ATTEMPT 146 W0 START 4x2 seed=1428708 2026-07-22T17:09:38.046
ATTEMPT 146 W0 SOLVE 4x2 2026-07-22T17:09:38.060
ATTEMPT 146 W0 DONE 4x2 seed=1428708 nsol=16 0.02s 2026-07-22T17:09:38.082
ATTEMPT 147 W0 START 4x2 seed=1428709 2026-07-22T17:09:38.082
ATTEMPT 147 W0 SOLVE 4x2 2026-07-22T17:09:38.088
ATTEMPT 147 W0 DONE 4x2 seed=1428709 nsol=16 0.01s 2026-07-22T17:09:38.095
ATTEMPT 148 W0 START 4x2 seed=1428710 2026-07-22T17:09:38.095
ATTEMPT 148 W0 SOLVE 4x2 2026-07-22T17:09:38.101
ATTEMPT 148 W0 DONE 4x2 seed=1428710 nsol=16 0.02s 2026-07-22T17:09:38.125
ATTEMPT 149 W0 START 4x2 seed=1428711 2026-07-22T17:09:38.125
ATTEMPT 149 W0 SOLVE 4x2 2026-07-22T17:09:38.136
ATTEMPT 149 W0 DONE 4x2 seed=1428711 nsol=16 0.01s 2026-07-22T17:09:38.151
ATTEMPT 150 W0 START 4x2 seed=1428712 2026-07-22T17:09:38.151
ATTEMPT 150 W0 SOLVE 4x2 2026-07-22T17:09:38.161
ATTEMPT 150 W0 DONE 4x2 seed=1428712 nsol=16 0.01s 2026-07-22T17:09:38.169
ATTEMPT 151 W0 START 4x2 seed=1428713 2026-07-22T17:09:38.169
ATTEMPT 151 W0 SOLVE 4x2 2026-07-22T17:09:38.177
ATTEMPT 151 W0 DONE 4x2 seed=1428713 nsol=16 0.02s 2026-07-22T17:09:38.197
ATTEMPT 152 W0 START 4x2 seed=1428714 2026-07-22T17:09:38.197
ATTEMPT 152 W0 SOLVE 4x2 2026-07-22T17:09:38.204
ATTEMPT 152 W0 DONE 4x2 seed=1428714 nsol=16 0.02s 2026-07-22T17:09:38.225
ATTEMPT 153 W0 START 4x2 seed=1428715 2026-07-22T17:09:38.225
ATTEMPT 153 W0 SOLVE 4x2 2026-07-22T17:09:38.232
ATTEMPT 153 W0 DONE 4x2 seed=1428715 nsol=16 0.02s 2026-07-22T17:09:38.249
ATTEMPT 154 W0 START 4x2 seed=1428716 2026-07-22T17:09:38.249
ATTEMPT 154 W0 SOLVE 4x2 2026-07-22T17:09:38.258
ATTEMPT 154 W0 DONE 4x2 seed=1428716 nsol=16 0.02s 2026-07-22T17:09:38.277
ATTEMPT 155 W0 START 4x2 seed=1428717 2026-07-22T17:09:38.277
ATTEMPT 155 W0 SOLVE 4x2 2026-07-22T17:09:38.282
ATTEMPT 155 W0 DONE 4x2 seed=1428717 nsol=16 0.02s 2026-07-22T17:09:38.304
ATTEMPT 156 W0 START 4x2 seed=1428718 2026-07-22T17:09:38.305
ATTEMPT 156 W0 SOLVE 4x2 2026-07-22T17:09:38.312
ATTEMPT 156 W0 DONE 4x2 seed=1428718 nsol=16 0.01s 2026-07-22T17:09:38.319
ATTEMPT 157 W0 START 4x2 seed=1428719 2026-07-22T17:09:38.319
ATTEMPT 157 W0 SOLVE 4x2 2026-07-22T17:09:38.327
ATTEMPT 157 W0 DONE 4x2 seed=1428719 nsol=16 0.02s 2026-07-22T17:09:38.349
ATTEMPT 158 W0 START 4x2 seed=1428720 2026-07-22T17:09:38.350
ATTEMPT 158 W0 SOLVE 4x2 2026-07-22T17:09:38.359
ATTEMPT 158 W0 DONE 4x2 seed=1428720 nsol=16 0.01s 2026-07-22T17:09:38.369
ATTEMPT 159 W0 START 4x2 seed=1428721 2026-07-22T17:09:38.370
ATTEMPT 159 W0 SOLVE 4x2 2026-07-22T17:09:38.377
ATTEMPT 159 W0 DONE 4x2 seed=1428721 nsol=16 0.01s 2026-07-22T17:09:38.383
ATTEMPT 160 W0 START 4x2 seed=1428722 2026-07-22T17:09:38.383
ATTEMPT 160 W0 SOLVE 4x2 2026-07-22T17:09:38.392
ATTEMPT 160 W0 DONE 4x2 seed=1428722 nsol=16 0.02s 2026-07-22T17:09:38.409
ATTEMPT 161 W0 START 4x2 seed=1428723 2026-07-22T17:09:38.409
ATTEMPT 161 W0 SOLVE 4x2 2026-07-22T17:09:38.416
ATTEMPT 161 W0 DONE 4x2 seed=1428723 nsol=16 0.01s 2026-07-22T17:09:38.430
ATTEMPT 162 W0 START 4x2 seed=1428724 2026-07-22T17:09:38.432
ATTEMPT 162 W0 SOLVE 4x2 2026-07-22T17:09:38.438
ATTEMPT 162 W0 DONE 4x2 seed=1428724 nsol=16 0.01s 2026-07-22T17:09:38.453
ATTEMPT 163 W0 START 4x2 seed=1428725 2026-07-22T17:09:38.453
ATTEMPT 163 W0 SOLVE 4x2 2026-07-22T17:09:38.460
ATTEMPT 163 W0 DONE 4x2 seed=1428725 nsol=16 0.02s 2026-07-22T17:09:38.480
ATTEMPT 164 W0 START 4x2 seed=1428726 2026-07-22T17:09:38.481
ATTEMPT 164 W0 SOLVE 4x2 2026-07-22T17:09:38.492
ATTEMPT 164 W0 DONE 4x2 seed=1428726 nsol=16 0.01s 2026-07-22T17:09:38.503
ATTEMPT 165 W0 START 4x2 seed=1428727 2026-07-22T17:09:38.503
ATTEMPT 165 W0 SOLVE 4x2 2026-07-22T17:09:38.510
ATTEMPT 165 W0 DONE 4x2 seed=1428727 nsol=16 0.01s 2026-07-22T17:09:38.525
ATTEMPT 166 W0 START 4x2 seed=1428728 2026-07-22T17:09:38.525
ATTEMPT 166 W0 SOLVE 4x2 2026-07-22T17:09:38.533
ATTEMPT 166 W0 DONE 4x2 seed=1428728 nsol=16 0.02s 2026-07-22T17:09:38.553
ATTEMPT 167 W0 START 4x2 seed=1428729 2026-07-22T17:09:38.554
ATTEMPT 167 W0 SOLVE 4x2 2026-07-22T17:09:38.562
ATTEMPT 167 W0 DONE 4x2 seed=1428729 nsol=16 0.01s 2026-07-22T17:09:38.571
ATTEMPT 168 W0 START 4x2 seed=1428730 2026-07-22T17:09:38.571
ATTEMPT 168 W0 SOLVE 4x2 2026-07-22T17:09:38.580
ATTEMPT 168 W0 DONE 4x2 seed=1428730 nsol=16 0.11s 2026-07-22T17:09:38.690
ATTEMPT 169 W0 START 4x2 seed=1428731 2026-07-22T17:09:38.691
ATTEMPT 169 W0 SOLVE 4x2 2026-07-22T17:09:38.701
ATTEMPT 169 W0 DONE 4x2 seed=1428731 nsol=16 0.02s 2026-07-22T17:09:38.717
ATTEMPT 170 W0 START 4x2 seed=1428732 2026-07-22T17:09:38.717
ATTEMPT 170 W0 SOLVE 4x2 2026-07-22T17:09:38.723
ATTEMPT 170 W0 DONE 4x2 seed=1428732 nsol=16 0.01s 2026-07-22T17:09:38.737
ATTEMPT 171 W0 START 4x2 seed=1428733 2026-07-22T17:09:38.737
ATTEMPT 171 W0 SOLVE 4x2 2026-07-22T17:09:38.746
ATTEMPT 171 W0 DONE 4x2 seed=1428733 nsol=16 0.01s 2026-07-22T17:09:38.756
ATTEMPT 172 W0 START 4x2 seed=1428734 2026-07-22T17:09:38.757
ATTEMPT 172 W0 SOLVE 4x2 2026-07-22T17:09:38.765
ATTEMPT 172 W0 DONE 4x2 seed=1428734 nsol=16 0.02s 2026-07-22T17:09:38.780
ATTEMPT 173 W0 START 4x2 seed=1428735 2026-07-22T17:09:38.782
ATTEMPT 173 W0 SOLVE 4x2 2026-07-22T17:09:38.788
ATTEMPT 173 W0 DONE 4x2 seed=1428735 nsol=16 0.01s 2026-07-22T17:09:38.797
ATTEMPT 174 W0 START 4x2 seed=1428736 2026-07-22T17:09:38.797
ATTEMPT 174 W0 SOLVE 4x2 2026-07-22T17:09:38.805
ATTEMPT 174 W0 DONE 4x2 seed=1428736 nsol=16 0.01s 2026-07-22T17:09:38.816
ATTEMPT 175 W0 START 4x2 seed=1428737 2026-07-22T17:09:38.816
ATTEMPT 175 W0 SOLVE 4x2 2026-07-22T17:09:38.824
ATTEMPT 175 W0 DONE 4x2 seed=1428737 nsol=16 0.02s 2026-07-22T17:09:38.840
ATTEMPT 176 W0 START 4x2 seed=1428738 2026-07-22T17:09:38.841
ATTEMPT 176 W0 SOLVE 4x2 2026-07-22T17:09:38.847
ATTEMPT 176 W0 DONE 4x2 seed=1428738 nsol=16 0.01s 2026-07-22T17:09:38.855
ATTEMPT 177 W0 START 4x2 seed=1428739 2026-07-22T17:09:38.855
ATTEMPT 177 W0 SOLVE 4x2 2026-07-22T17:09:38.863
ATTEMPT 177 W0 DONE 4x2 seed=1428739 nsol=16 0.02s 2026-07-22T17:09:38.881
ATTEMPT 178 W0 START 4x2 seed=1428740 2026-07-22T17:09:38.881
ATTEMPT 178 W0 SOLVE 4x2 2026-07-22T17:09:38.887
ATTEMPT 178 W0 DONE 4x2 seed=1428740 nsol=16 0.01s 2026-07-22T17:09:38.901
ATTEMPT 179 W0 START 4x2 seed=1428741 2026-07-22T17:09:38.901
ATTEMPT 179 W0 SOLVE 4x2 2026-07-22T17:09:38.906
ATTEMPT 179 W0 DONE 4x2 seed=1428741 nsol=16 0.01s 2026-07-22T17:09:38.920
ATTEMPT 180 W0 START 4x2 seed=1428742 2026-07-22T17:09:38.921
ATTEMPT 180 W0 SOLVE 4x2 2026-07-22T17:09:38.927
ATTEMPT 180 W0 DONE 4x2 seed=1428742 nsol=16 0.01s 2026-07-22T17:09:38.933
ATTEMPT 181 W0 START 4x2 seed=1428743 2026-07-22T17:09:38.933
ATTEMPT 181 W0 SOLVE 4x2 2026-07-22T17:09:38.939
ATTEMPT 181 W0 DONE 4x2 seed=1428743 nsol=16 0.02s 2026-07-22T17:09:38.957
ATTEMPT 182 W0 START 4x2 seed=1428744 2026-07-22T17:09:38.957
ATTEMPT 182 W0 SOLVE 4x2 2026-07-22T17:09:38.964
ATTEMPT 182 W0 DONE 4x2 seed=1428744 nsol=16 0.02s 2026-07-22T17:09:38.980
ATTEMPT 183 W0 START 4x2 seed=1428745 2026-07-22T17:09:38.980
ATTEMPT 183 W0 SOLVE 4x2 2026-07-22T17:09:38.988
ATTEMPT 183 W0 DONE 4x2 seed=1428745 nsol=16 0.02s 2026-07-22T17:09:39.005
ATTEMPT 184 W0 START 4x2 seed=1428746 2026-07-22T17:09:39.005
ATTEMPT 184 W0 SOLVE 4x2 2026-07-22T17:09:39.010
ATTEMPT 184 W0 DONE 4x2 seed=1428746 nsol=16 0.01s 2026-07-22T17:09:39.025
ATTEMPT 185 W0 START 4x2 seed=1428747 2026-07-22T17:09:39.025
ATTEMPT 185 W0 SOLVE 4x2 2026-07-22T17:09:39.034
ATTEMPT 185 W0 DONE 4x2 seed=1428747 nsol=16 0.02s 2026-07-22T17:09:39.053
ATTEMPT 186 W0 START 4x2 seed=1428748 2026-07-22T17:09:39.053
ATTEMPT 186 W0 SOLVE 4x2 2026-07-22T17:09:39.061
ATTEMPT 186 W0 DONE 4x2 seed=1428748 nsol=16 0.02s 2026-07-22T17:09:39.084
ATTEMPT 187 W0 START 4x2 seed=1428749 2026-07-22T17:09:39.084
ATTEMPT 187 W0 SOLVE 4x2 2026-07-22T17:09:39.092
ATTEMPT 187 W0 DONE 4x2 seed=1428749 nsol=16 0.01s 2026-07-22T17:09:39.104
ATTEMPT 188 W0 START 4x2 seed=1428750 2026-07-22T17:09:39.104
ATTEMPT 188 W0 SOLVE 4x2 2026-07-22T17:09:39.111
ATTEMPT 188 W0 DONE 4x2 seed=1428750 nsol=16 0.01s 2026-07-22T17:09:39.124
ATTEMPT 189 W0 START 4x2 seed=1428751 2026-07-22T17:09:39.125
ATTEMPT 189 W0 SOLVE 4x2 2026-07-22T17:09:39.130
ATTEMPT 189 W0 DONE 4x2 seed=1428751 nsol=16 0.02s 2026-07-22T17:09:39.145
ATTEMPT 190 W0 START 4x2 seed=1428752 2026-07-22T17:09:39.146
ATTEMPT 190 W0 SOLVE 4x2 2026-07-22T17:09:39.159
ATTEMPT 190 W0 DONE 4x2 seed=1428752 nsol=16 0.01s 2026-07-22T17:09:39.173
ATTEMPT 191 W0 START 4x2 seed=1428753 2026-07-22T17:09:39.173
ATTEMPT 191 W0 SOLVE 4x2 2026-07-22T17:09:39.193
ATTEMPT 191 W0 DONE 4x2 seed=1428753 nsol=16 0.02s 2026-07-22T17:09:39.213
ATTEMPT 192 W0 START 4x2 seed=1428754 2026-07-22T17:09:39.213
ATTEMPT 192 W0 SOLVE 4x2 2026-07-22T17:09:39.230
ATTEMPT 192 W0 DONE 4x2 seed=1428754 nsol=16 0.02s 2026-07-22T17:09:39.249
ATTEMPT 193 W0 START 4x2 seed=1428755 2026-07-22T17:09:39.249
ATTEMPT 193 W0 SOLVE 4x2 2026-07-22T17:09:39.258
ATTEMPT 193 W0 DONE 4x2 seed=1428755 nsol=16 0.01s 2026-07-22T17:09:39.268
ATTEMPT 194 W0 START 4x2 seed=1428756 2026-07-22T17:09:39.268
ATTEMPT 194 W0 SOLVE 4x2 2026-07-22T17:09:39.278
ATTEMPT 194 W0 DONE 4x2 seed=1428756 nsol=16 0.01s 2026-07-22T17:09:39.288
ATTEMPT 195 W0 START 4x2 seed=1428757 2026-07-22T17:09:39.288
ATTEMPT 195 W0 SOLVE 4x2 2026-07-22T17:09:39.299
ATTEMPT 195 W0 DONE 4x2 seed=1428757 nsol=16 0.02s 2026-07-22T17:09:39.320
ATTEMPT 196 W0 START 4x2 seed=1428758 2026-07-22T17:09:39.320
ATTEMPT 196 W0 SOLVE 4x2 2026-07-22T17:09:39.334
ATTEMPT 196 W0 DONE 4x2 seed=1428758 nsol=16 0.02s 2026-07-22T17:09:39.353
ATTEMPT 197 W0 START 4x2 seed=1428759 2026-07-22T17:09:39.353
ATTEMPT 197 W0 SOLVE 4x2 2026-07-22T17:09:39.364
ATTEMPT 197 W0 DONE 4x2 seed=1428759 nsol=16 0.01s 2026-07-22T17:09:39.378
ATTEMPT 198 W0 START 4x2 seed=1428760 2026-07-22T17:09:39.379
ATTEMPT 198 W0 SOLVE 4x2 2026-07-22T17:09:39.390
ATTEMPT 198 W0 DONE 4x2 seed=1428760 nsol=16 0.02s 2026-07-22T17:09:39.406
ATTEMPT 199 W0 START 4x2 seed=1428761 2026-07-22T17:09:39.406
ATTEMPT 199 W0 SOLVE 4x2 2026-07-22T17:09:39.413
ATTEMPT 199 W0 DONE 4x2 seed=1428761 nsol=16 0.01s 2026-07-22T17:09:39.421
ATTEMPT 200 W0 START 4x2 seed=1428762 2026-07-22T17:09:39.421
ATTEMPT 200 W0 SOLVE 4x2 2026-07-22T17:09:39.430
ATTEMPT 200 W0 DONE 4x2 seed=1428762 nsol=16 0.01s 2026-07-22T17:09:39.444
ATTEMPT 201 W0 START 4x2 seed=1428763 2026-07-22T17:09:39.445
ATTEMPT 201 W0 SOLVE 4x2 2026-07-22T17:09:39.450
ATTEMPT 201 W0 DONE 4x2 seed=1428763 nsol=16 0.01s 2026-07-22T17:09:39.461
ATTEMPT 202 W0 START 4x2 seed=1428764 2026-07-22T17:09:39.461
ATTEMPT 202 W0 SOLVE 4x2 2026-07-22T17:09:39.467
ATTEMPT 202 W0 DONE 4x2 seed=1428764 nsol=16 0.01s 2026-07-22T17:09:39.481
ATTEMPT 203 W0 START 4x2 seed=1428765 2026-07-22T17:09:39.481
ATTEMPT 203 W0 SOLVE 4x2 2026-07-22T17:09:39.488
ATTEMPT 203 W0 DONE 4x2 seed=1428765 nsol=16 0.02s 2026-07-22T17:09:39.512
ATTEMPT 204 W0 START 4x2 seed=1428766 2026-07-22T17:09:39.513
ATTEMPT 204 W0 SOLVE 4x2 2026-07-22T17:09:39.520
ATTEMPT 204 W0 DONE 4x2 seed=1428766 nsol=16 0.01s 2026-07-22T17:09:39.527
ATTEMPT 205 W0 START 4x2 seed=1428767 2026-07-22T17:09:39.528
ATTEMPT 205 W0 SOLVE 4x2 2026-07-22T17:09:39.535
ATTEMPT 205 W0 DONE 4x2 seed=1428767 nsol=16 0.01s 2026-07-22T17:09:39.547
ATTEMPT 206 W0 START 4x2 seed=1428768 2026-07-22T17:09:39.547
ATTEMPT 206 W0 SOLVE 4x2 2026-07-22T17:09:39.553
ATTEMPT 206 W0 DONE 4x2 seed=1428768 nsol=16 0.01s 2026-07-22T17:09:39.561
ATTEMPT 207 W0 START 4x2 seed=1428769 2026-07-22T17:09:39.561
ATTEMPT 207 W0 SOLVE 4x2 2026-07-22T17:09:39.568
ATTEMPT 207 W0 DONE 4x2 seed=1428769 nsol=16 0.02s 2026-07-22T17:09:39.588
ATTEMPT 208 W0 START 4x2 seed=1428770 2026-07-22T17:09:39.589
ATTEMPT 208 W0 SOLVE 4x2 2026-07-22T17:09:39.595
ATTEMPT 208 W0 DONE 4x2 seed=1428770 nsol=16 0.01s 2026-07-22T17:09:39.600
ATTEMPT 209 W0 START 4x2 seed=1428771 2026-07-22T17:09:39.601
ATTEMPT 209 W0 SOLVE 4x2 2026-07-22T17:09:39.607
ATTEMPT 209 W0 DONE 4x2 seed=1428771 nsol=16 0.01s 2026-07-22T17:09:39.615
ATTEMPT 210 W0 START 4x2 seed=1428772 2026-07-22T17:09:39.616
ATTEMPT 210 W0 SOLVE 4x2 2026-07-22T17:09:39.626
ATTEMPT 210 W0 DONE 4x2 seed=1428772 nsol=16 0.02s 2026-07-22T17:09:39.648
ATTEMPT 211 W0 START 4x2 seed=1428773 2026-07-22T17:09:39.649
ATTEMPT 211 W0 SOLVE 4x2 2026-07-22T17:09:39.656
ATTEMPT 211 W0 DONE 4x2 seed=1428773 nsol=16 0.01s 2026-07-22T17:09:39.664
ATTEMPT 212 W0 START 4x2 seed=1428774 2026-07-22T17:09:39.664
ATTEMPT 212 W0 SOLVE 4x2 2026-07-22T17:09:39.673
ATTEMPT 212 W0 DONE 4x2 seed=1428774 nsol=16 0.02s 2026-07-22T17:09:39.694
ATTEMPT 213 W0 START 4x2 seed=1428775 2026-07-22T17:09:39.694
ATTEMPT 213 W0 SOLVE 4x2 2026-07-22T17:09:39.702
ATTEMPT 213 W0 DONE 4x2 seed=1428775 nsol=16 0.02s 2026-07-22T17:09:39.720
ATTEMPT 214 W0 START 4x2 seed=1428776 2026-07-22T17:09:39.721
ATTEMPT 214 W0 SOLVE 4x2 2026-07-22T17:09:39.729
ATTEMPT 214 W0 DONE 4x2 seed=1428776 nsol=16 0.01s 2026-07-22T17:09:39.740
ATTEMPT 215 W0 START 4x2 seed=1428777 2026-07-22T17:09:39.741
ATTEMPT 215 W0 SOLVE 4x2 2026-07-22T17:09:39.747
ATTEMPT 215 W0 DONE 4x2 seed=1428777 nsol=16 0.03s 2026-07-22T17:09:39.778
ATTEMPT 216 W0 START 4x2 seed=1428778 2026-07-22T17:09:39.778
ATTEMPT 216 W0 SOLVE 4x2 2026-07-22T17:09:39.788
ATTEMPT 216 W0 DONE 4x2 seed=1428778 nsol=16 0.02s 2026-07-22T17:09:39.809
ATTEMPT 217 W0 START 4x2 seed=1428779 2026-07-22T17:09:39.809
ATTEMPT 217 W0 SOLVE 4x2 2026-07-22T17:09:39.816
ATTEMPT 217 W0 DONE 4x2 seed=1428779 nsol=16 0.01s 2026-07-22T17:09:39.832
ATTEMPT 218 W0 START 4x2 seed=1428780 2026-07-22T17:09:39.832
ATTEMPT 218 W0 SOLVE 4x2 2026-07-22T17:09:39.843
ATTEMPT 218 W0 DONE 4x2 seed=1428780 nsol=16 0.02s 2026-07-22T17:09:39.865
ATTEMPT 219 W0 START 4x2 seed=1428781 2026-07-22T17:09:39.865
ATTEMPT 219 W0 SOLVE 4x2 2026-07-22T17:09:39.871
ATTEMPT 219 W0 DONE 4x2 seed=1428781 nsol=16 0.00s 2026-07-22T17:09:39.881
ATTEMPT 220 W0 START 4x2 seed=1428782 2026-07-22T17:09:39.881
ATTEMPT 220 W0 SOLVE 4x2 2026-07-22T17:09:39.887
ATTEMPT 220 W0 DONE 4x2 seed=1428782 nsol=16 0.02s 2026-07-22T17:09:39.908
ATTEMPT 221 W0 START 4x2 seed=1428783 2026-07-22T17:09:39.909
ATTEMPT 221 W0 SOLVE 4x2 2026-07-22T17:09:39.915
ATTEMPT 221 W0 DONE 4x2 seed=1428783 nsol=16 0.01s 2026-07-22T17:09:39.928
ATTEMPT 222 W0 START 4x2 seed=1428784 2026-07-22T17:09:39.929
ATTEMPT 222 W0 SOLVE 4x2 2026-07-22T17:09:39.936
ATTEMPT 222 W0 DONE 4x2 seed=1428784 nsol=16 0.01s 2026-07-22T17:09:39.944
ATTEMPT 223 W0 START 4x2 seed=1428785 2026-07-22T17:09:39.944
ATTEMPT 223 W0 SOLVE 4x2 2026-07-22T17:09:39.953
ATTEMPT 223 W0 DONE 4x2 seed=1428785 nsol=16 0.01s 2026-07-22T17:09:39.963
ATTEMPT 224 W0 START 4x2 seed=1428786 2026-07-22T17:09:39.963
ATTEMPT 224 W0 SOLVE 4x2 2026-07-22T17:09:39.968
ATTEMPT 224 W0 DONE 4x2 seed=1428786 nsol=16 0.02s 2026-07-22T17:09:39.993
ATTEMPT 225 W0 START 4x2 seed=1428787 2026-07-22T17:09:39.994
ATTEMPT 225 W0 SOLVE 4x2 2026-07-22T17:09:40.006
ATTEMPT 225 W0 DONE 4x2 seed=1428787 nsol=16 0.02s 2026-07-22T17:09:40.031
ATTEMPT 226 W0 START 4x2 seed=1428788 2026-07-22T17:09:40.031
ATTEMPT 226 W0 SOLVE 4x2 2026-07-22T17:09:40.038
ATTEMPT 226 W0 DONE 4x2 seed=1428788 nsol=16 0.01s 2026-07-22T17:09:40.045
ATTEMPT 227 W0 START 4x2 seed=1428789 2026-07-22T17:09:40.046
ATTEMPT 227 W0 SOLVE 4x2 2026-07-22T17:09:40.054
ATTEMPT 227 W0 DONE 4x2 seed=1428789 nsol=16 0.01s 2026-07-22T17:09:40.063
ATTEMPT 228 W0 START 4x2 seed=1428790 2026-07-22T17:09:40.063
ATTEMPT 228 W0 SOLVE 4x2 2026-07-22T17:09:40.070
ATTEMPT 228 W0 DONE 4x2 seed=1428790 nsol=16 0.02s 2026-07-22T17:09:40.093
ATTEMPT 229 W0 START 4x2 seed=1428791 2026-07-22T17:09:40.093
ATTEMPT 229 W0 SOLVE 4x2 2026-07-22T17:09:40.100
ATTEMPT 229 W0 DONE 4x2 seed=1428791 nsol=16 0.01s 2026-07-22T17:09:40.114
ATTEMPT 230 W0 START 4x2 seed=1428792 2026-07-22T17:09:40.114
ATTEMPT 230 W0 SOLVE 4x2 2026-07-22T17:09:40.120
ATTEMPT 230 W0 DONE 4x2 seed=1428792 nsol=16 0.01s 2026-07-22T17:09:40.128
ATTEMPT 231 W0 START 4x2 seed=1428793 2026-07-22T17:09:40.128
ATTEMPT 231 W0 SOLVE 4x2 2026-07-22T17:09:40.134
ATTEMPT 231 W0 DONE 4x2 seed=1428793 nsol=16 0.02s 2026-07-22T17:09:40.156
ATTEMPT 232 W0 START 4x2 seed=1428794 2026-07-22T17:09:40.157
ATTEMPT 232 W0 SOLVE 4x2 2026-07-22T17:09:40.162
ATTEMPT 232 W0 DONE 4x2 seed=1428794 nsol=16 0.02s 2026-07-22T17:09:40.184
ATTEMPT 233 W0 START 4x2 seed=1428795 2026-07-22T17:09:40.185
ATTEMPT 233 W0 SOLVE 4x2 2026-07-22T17:09:40.191
ATTEMPT 233 W0 DONE 4x2 seed=1428795 nsol=16 0.01s 2026-07-22T17:09:40.198
ATTEMPT 234 W0 START 4x2 seed=1428796 2026-07-22T17:09:40.198
ATTEMPT 234 W0 SOLVE 4x2 2026-07-22T17:09:40.207
ATTEMPT 234 W0 DONE 4x2 seed=1428796 nsol=16 0.02s 2026-07-22T17:09:40.225
ATTEMPT 235 W0 START 4x2 seed=1428797 2026-07-22T17:09:40.226
ATTEMPT 235 W0 SOLVE 4x2 2026-07-22T17:09:40.233
ATTEMPT 235 W0 DONE 4x2 seed=1428797 nsol=16 0.01s 2026-07-22T17:09:40.239
ATTEMPT 236 W0 START 4x2 seed=1428798 2026-07-22T17:09:40.239
ATTEMPT 236 W0 SOLVE 4x2 2026-07-22T17:09:40.246
ATTEMPT 236 W0 DONE 4x2 seed=1428798 nsol=16 0.01s 2026-07-22T17:09:40.261
ATTEMPT 237 W0 START 4x2 seed=1428799 2026-07-22T17:09:40.261
ATTEMPT 237 W0 SOLVE 4x2 2026-07-22T17:09:40.267
ATTEMPT 237 W0 DONE 4x2 seed=1428799 nsol=16 0.02s 2026-07-22T17:09:40.287
ATTEMPT 238 W0 START 4x2 seed=1428800 2026-07-22T17:09:40.287
ATTEMPT 238 W0 SOLVE 4x2 2026-07-22T17:09:40.296
ATTEMPT 238 W0 DONE 4x2 seed=1428800 nsol=16 0.02s 2026-07-22T17:09:40.312
ATTEMPT 239 W0 START 4x2 seed=1428801 2026-07-22T17:09:40.313
ATTEMPT 239 W0 SOLVE 4x2 2026-07-22T17:09:40.319
ATTEMPT 239 W0 DONE 4x2 seed=1428801 nsol=16 0.01s 2026-07-22T17:09:40.332
ATTEMPT 240 W0 START 4x2 seed=1428802 2026-07-22T17:09:40.333
ATTEMPT 240 W0 SOLVE 4x2 2026-07-22T17:09:40.342
ATTEMPT 240 W0 DONE 4x2 seed=1428802 nsol=16 0.01s 2026-07-22T17:09:40.353
ATTEMPT 241 W0 START 4x2 seed=1428803 2026-07-22T17:09:40.353
ATTEMPT 241 W0 SOLVE 4x2 2026-07-22T17:09:40.363
ATTEMPT 241 W0 DONE 4x2 seed=1428803 nsol=16 0.02s 2026-07-22T17:09:40.384
ATTEMPT 242 W0 START 4x2 seed=1428804 2026-07-22T17:09:40.385
ATTEMPT 242 W0 SOLVE 4x2 2026-07-22T17:09:40.395
ATTEMPT 242 W0 DONE 4x2 seed=1428804 nsol=16 0.01s 2026-07-22T17:09:40.414
ATTEMPT 243 W0 START 4x2 seed=1428805 2026-07-22T17:09:40.414
ATTEMPT 243 W0 SOLVE 4x2 2026-07-22T17:09:40.429
ATTEMPT 243 W0 DONE 4x2 seed=1428805 nsol=16 0.02s 2026-07-22T17:09:40.445
ATTEMPT 244 W0 START 4x2 seed=1428806 2026-07-22T17:09:40.445
ATTEMPT 244 W0 SOLVE 4x2 2026-07-22T17:09:40.450
ATTEMPT 244 W0 DONE 4x2 seed=1428806 nsol=16 0.02s 2026-07-22T17:09:40.473
ATTEMPT 245 W0 START 4x2 seed=1428807 2026-07-22T17:09:40.473
ATTEMPT 245 W0 SOLVE 4x2 2026-07-22T17:09:40.480
ATTEMPT 245 W0 DONE 4x2 seed=1428807 nsol=16 0.01s 2026-07-22T17:09:40.496
ATTEMPT 246 W0 START 4x2 seed=1428808 2026-07-22T17:09:40.496
ATTEMPT 246 W0 SOLVE 4x2 2026-07-22T17:09:40.506
ATTEMPT 246 W0 DONE 4x2 seed=1428808 nsol=16 0.01s 2026-07-22T17:09:40.518
ATTEMPT 247 W0 START 4x2 seed=1428809 2026-07-22T17:09:40.518
ATTEMPT 247 W0 SOLVE 4x2 2026-07-22T17:09:40.638
ATTEMPT 247 W0 DONE 4x2 seed=1428809 nsol=16 0.01s 2026-07-22T17:09:40.648
ATTEMPT 248 W0 START 4x2 seed=1428810 2026-07-22T17:09:40.649
ATTEMPT 248 W0 SOLVE 4x2 2026-07-22T17:09:40.668
ATTEMPT 248 W0 DONE 4x2 seed=1428810 nsol=16 0.01s 2026-07-22T17:09:40.678
ATTEMPT 249 W0 START 4x2 seed=1428811 2026-07-22T17:09:40.678
ATTEMPT 249 W0 SOLVE 4x2 2026-07-22T17:09:40.684
ATTEMPT 249 W0 DONE 4x2 seed=1428811 nsol=16 0.02s 2026-07-22T17:09:40.705
ATTEMPT 250 W0 START 4x2 seed=1428812 2026-07-22T17:09:40.705
ATTEMPT 250 W0 SOLVE 4x2 2026-07-22T17:09:40.714
ATTEMPT 250 W0 DONE 4x2 seed=1428812 nsol=16 0.01s 2026-07-22T17:09:40.729
ATTEMPT 251 W0 START 4x2 seed=1428813 2026-07-22T17:09:40.729
ATTEMPT 251 W0 SOLVE 4x2 2026-07-22T17:09:40.739
ATTEMPT 251 W0 DONE 4x2 seed=1428813 nsol=16 0.02s 2026-07-22T17:09:40.761
ATTEMPT 252 W0 START 4x2 seed=1428814 2026-07-22T17:09:40.761
ATTEMPT 252 W0 SOLVE 4x2 2026-07-22T17:09:40.772
ATTEMPT 252 W0 DONE 4x2 seed=1428814 nsol=16 0.01s 2026-07-22T17:09:40.792
ATTEMPT 253 W0 START 4x2 seed=1428815 2026-07-22T17:09:40.792
ATTEMPT 253 W0 SOLVE 4x2 2026-07-22T17:09:40.815
ATTEMPT 253 W0 DONE 4x2 seed=1428815 nsol=16 0.02s 2026-07-22T17:09:40.833
ATTEMPT 254 W0 START 4x2 seed=1428816 2026-07-22T17:09:40.833
ATTEMPT 254 W0 SOLVE 4x2 2026-07-22T17:09:40.844
ATTEMPT 254 W0 DONE 4x2 seed=1428816 nsol=16 0.02s 2026-07-22T17:09:40.868
ATTEMPT 255 W0 START 4x2 seed=1428817 2026-07-22T17:09:40.868
ATTEMPT 255 W0 SOLVE 4x2 2026-07-22T17:09:40.883
ATTEMPT 255 W0 DONE 4x2 seed=1428817 nsol=16 0.01s 2026-07-22T17:09:40.895
ATTEMPT 256 W0 START 4x2 seed=1428818 2026-07-22T17:09:40.895
ATTEMPT 256 W0 SOLVE 4x2 2026-07-22T17:09:40.910
ATTEMPT 256 W0 DONE 4x2 seed=1428818 nsol=16 0.03s 2026-07-22T17:09:40.936
ATTEMPT 257 W0 START 4x2 seed=1428819 2026-07-22T17:09:40.937
ATTEMPT 257 W0 SOLVE 4x2 2026-07-22T17:09:40.947
ATTEMPT 257 W0 DONE 4x2 seed=1428819 nsol=16 0.01s 2026-07-22T17:09:40.961
ATTEMPT 258 W0 START 4x2 seed=1428820 2026-07-22T17:09:40.962
ATTEMPT 258 W0 SOLVE 4x2 2026-07-22T17:09:40.978
ATTEMPT 258 W0 DONE 4x2 seed=1428820 nsol=16 0.03s 2026-07-22T17:09:41.008
ATTEMPT 259 W0 START 4x2 seed=1428821 2026-07-22T17:09:41.009
ATTEMPT 259 W0 SOLVE 4x2 2026-07-22T17:09:41.019
ATTEMPT 259 W0 DONE 4x2 seed=1428821 nsol=16 0.02s 2026-07-22T17:09:41.049
ATTEMPT 260 W0 START 4x2 seed=1428822 2026-07-22T17:09:41.049
ATTEMPT 260 W0 SOLVE 4x2 2026-07-22T17:09:41.065
ATTEMPT 260 W0 DONE 4x2 seed=1428822 nsol=16 0.01s 2026-07-22T17:09:41.072
ATTEMPT 261 W0 START 4x2 seed=1428823 2026-07-22T17:09:41.073
ATTEMPT 261 W0 SOLVE 4x2 2026-07-22T17:09:41.090
ATTEMPT 261 W0 DONE 4x2 seed=1428823 nsol=16 0.02s 2026-07-22T17:09:41.110
ATTEMPT 262 W0 START 4x2 seed=1428824 2026-07-22T17:09:41.110
ATTEMPT 262 W0 SOLVE 4x2 2026-07-22T17:09:41.126
ATTEMPT 262 W0 DONE 4x2 seed=1428824 nsol=16 0.01s 2026-07-22T17:09:41.138
ATTEMPT 263 W0 START 4x2 seed=1428825 2026-07-22T17:09:41.139
ATTEMPT 263 W0 SOLVE 4x2 2026-07-22T17:09:41.149
ATTEMPT 263 W0 DONE 4x2 seed=1428825 nsol=16 0.01s 2026-07-22T17:09:41.162
ATTEMPT 264 W0 START 4x2 seed=1428826 2026-07-22T17:09:41.162
ATTEMPT 264 W0 SOLVE 4x2 2026-07-22T17:09:41.167
ATTEMPT 264 W0 DONE 4x2 seed=1428826 nsol=16 0.04s 2026-07-22T17:09:41.205
ATTEMPT 265 W0 START 4x2 seed=1428827 2026-07-22T17:09:41.205
ATTEMPT 265 W0 SOLVE 4x2 2026-07-22T17:09:41.218
ATTEMPT 265 W0 DONE 4x2 seed=1428827 nsol=16 0.02s 2026-07-22T17:09:41.240
ATTEMPT 266 W0 START 4x2 seed=1428828 2026-07-22T17:09:41.241
ATTEMPT 266 W0 SOLVE 4x2 2026-07-22T17:09:41.253
ATTEMPT 266 W0 DONE 4x2 seed=1428828 nsol=16 0.02s 2026-07-22T17:09:41.273
ATTEMPT 267 W0 START 4x2 seed=1428829 2026-07-22T17:09:41.276
ATTEMPT 267 W0 SOLVE 4x2 2026-07-22T17:09:41.286
ATTEMPT 267 W0 DONE 4x2 seed=1428829 nsol=16 0.01s 2026-07-22T17:09:41.292
ATTEMPT 268 W0 START 4x2 seed=1428830 2026-07-22T17:09:41.292
ATTEMPT 268 W0 SOLVE 4x2 2026-07-22T17:09:41.298
ATTEMPT 268 W0 DONE 4x2 seed=1428830 nsol=16 0.02s 2026-07-22T17:09:41.318
ATTEMPT 269 W0 START 4x2 seed=1428831 2026-07-22T17:09:41.318
ATTEMPT 269 W0 SOLVE 4x2 2026-07-22T17:09:41.326
ATTEMPT 269 W0 DONE 4x2 seed=1428831 nsol=16 0.01s 2026-07-22T17:09:41.340
ATTEMPT 270 W0 START 4x2 seed=1428832 2026-07-22T17:09:41.341
ATTEMPT 270 W0 SOLVE 4x2 2026-07-22T17:09:41.348
ATTEMPT 270 W0 DONE 4x2 seed=1428832 nsol=16 0.01s 2026-07-22T17:09:41.356
ATTEMPT 271 W0 START 4x2 seed=1428833 2026-07-22T17:09:41.356
ATTEMPT 271 W0 SOLVE 4x2 2026-07-22T17:09:41.362
ATTEMPT 271 W0 DONE 4x2 seed=1428833 nsol=16 0.02s 2026-07-22T17:09:41.384
ATTEMPT 272 W0 START 4x2 seed=1428834 2026-07-22T17:09:41.385
ATTEMPT 272 W0 SOLVE 4x2 2026-07-22T17:09:41.392
ATTEMPT 272 W0 DONE 4x2 seed=1428834 nsol=16 0.02s 2026-07-22T17:09:41.408
ATTEMPT 273 W0 START 4x2 seed=1428835 2026-07-22T17:09:41.409
ATTEMPT 273 W0 SOLVE 4x2 2026-07-22T17:09:41.414
ATTEMPT 273 W0 DONE 4x2 seed=1428835 nsol=16 0.01s 2026-07-22T17:09:41.429
ATTEMPT 274 W0 START 4x2 seed=1428836 2026-07-22T17:09:41.429
ATTEMPT 274 W0 SOLVE 4x2 2026-07-22T17:09:41.435
ATTEMPT 274 W0 DONE 4x2 seed=1428836 nsol=16 0.02s 2026-07-22T17:09:41.453
ATTEMPT 275 W0 START 4x2 seed=1428837 2026-07-22T17:09:41.454
ATTEMPT 275 W0 SOLVE 4x2 2026-07-22T17:09:41.460
ATTEMPT 275 W0 DONE 4x2 seed=1428837 nsol=16 0.01s 2026-07-22T17:09:41.470
ATTEMPT 276 W0 START 4x2 seed=1428838 2026-07-22T17:09:41.471
ATTEMPT 276 W0 SOLVE 4x2 2026-07-22T17:09:41.477
ATTEMPT 276 W0 DONE 4x2 seed=1428838 nsol=16 0.01s 2026-07-22T17:09:41.491
ATTEMPT 277 W0 START 4x2 seed=1428839 2026-07-22T17:09:41.492
ATTEMPT 277 W0 SOLVE 4x2 2026-07-22T17:09:41.497
ATTEMPT 277 W0 DONE 4x2 seed=1428839 nsol=16 0.01s 2026-07-22T17:09:41.503
ATTEMPT 278 W0 START 4x2 seed=1428840 2026-07-22T17:09:41.503
ATTEMPT 278 W0 SOLVE 4x2 2026-07-22T17:09:41.509
ATTEMPT 278 W0 DONE 4x2 seed=1428840 nsol=16 0.01s 2026-07-22T17:09:41.517
ATTEMPT 279 W0 START 4x2 seed=1428841 2026-07-22T17:09:41.518
ATTEMPT 279 W0 SOLVE 4x2 2026-07-22T17:09:41.525
ATTEMPT 279 W0 DONE 4x2 seed=1428841 nsol=16 0.02s 2026-07-22T17:09:41.541
ATTEMPT 280 W0 START 4x2 seed=1428842 2026-07-22T17:09:41.541
ATTEMPT 280 W0 SOLVE 4x2 2026-07-22T17:09:41.546
ATTEMPT 280 W0 DONE 4x2 seed=1428842 nsol=16 0.01s 2026-07-22T17:09:41.560
ATTEMPT 281 W0 START 4x2 seed=1428843 2026-07-22T17:09:41.561
ATTEMPT 281 W0 SOLVE 4x2 2026-07-22T17:09:41.567
ATTEMPT 281 W0 DONE 4x2 seed=1428843 nsol=16 0.01s 2026-07-22T17:09:41.577
ATTEMPT 282 W0 START 4x2 seed=1428844 2026-07-22T17:09:41.577
ATTEMPT 282 W0 SOLVE 4x2 2026-07-22T17:09:41.583
ATTEMPT 282 W0 DONE 4x2 seed=1428844 nsol=16 0.01s 2026-07-22T17:09:41.588
ATTEMPT 283 W0 START 4x2 seed=1428845 2026-07-22T17:09:41.588
ATTEMPT 283 W0 SOLVE 4x2 2026-07-22T17:09:41.595
ATTEMPT 283 W0 DONE 4x2 seed=1428845 nsol=16 0.02s 2026-07-22T17:09:41.612
ATTEMPT 284 W0 START 4x2 seed=1428846 2026-07-22T17:09:41.612
ATTEMPT 284 W0 SOLVE 4x2 2026-07-22T17:09:41.620
ATTEMPT 284 W0 DONE 4x2 seed=1428846 nsol=16 0.01s 2026-07-22T17:09:41.628
ATTEMPT 285 W0 START 4x2 seed=1428847 2026-07-22T17:09:41.629
ATTEMPT 285 W0 SOLVE 4x2 2026-07-22T17:09:41.636
ATTEMPT 285 W0 DONE 4x2 seed=1428847 nsol=16 0.02s 2026-07-22T17:09:41.658
ATTEMPT 286 W0 START 4x2 seed=1428848 2026-07-22T17:09:41.658
ATTEMPT 286 W0 SOLVE 4x2 2026-07-22T17:09:41.664
ATTEMPT 286 W0 DONE 4x2 seed=1428848 nsol=16 0.01s 2026-07-22T17:09:41.672
ATTEMPT 287 W0 START 4x2 seed=1428849 2026-07-22T17:09:41.672
ATTEMPT 287 W0 SOLVE 4x2 2026-07-22T17:09:41.679
ATTEMPT 287 W0 DONE 4x2 seed=1428849 nsol=16 0.01s 2026-07-22T17:09:41.693
ATTEMPT 288 W0 START 4x2 seed=1428850 2026-07-22T17:09:41.693
ATTEMPT 288 W0 SOLVE 4x2 2026-07-22T17:09:41.699
ATTEMPT 288 W0 DONE 4x2 seed=1428850 nsol=16 0.01s 2026-07-22T17:09:41.707
ATTEMPT 289 W0 START 4x2 seed=1428851 2026-07-22T17:09:41.707
ATTEMPT 289 W0 SOLVE 4x2 2026-07-22T17:09:41.713
ATTEMPT 289 W0 DONE 4x2 seed=1428851 nsol=16 0.01s 2026-07-22T17:09:41.721
ATTEMPT 290 W0 START 4x2 seed=1428852 2026-07-22T17:09:41.721
ATTEMPT 290 W0 SOLVE 4x2 2026-07-22T17:09:41.727
ATTEMPT 290 W0 DONE 4x2 seed=1428852 nsol=16 0.01s 2026-07-22T17:09:41.735
ATTEMPT 291 W0 START 4x2 seed=1428853 2026-07-22T17:09:41.735
ATTEMPT 291 W0 SOLVE 4x2 2026-07-22T17:09:41.741
ATTEMPT 291 W0 DONE 4x2 seed=1428853 nsol=16 0.01s 2026-07-22T17:09:41.749
ATTEMPT 292 W0 START 4x2 seed=1428854 2026-07-22T17:09:41.749
ATTEMPT 292 W0 SOLVE 4x2 2026-07-22T17:09:41.754
ATTEMPT 292 W0 DONE 4x2 seed=1428854 nsol=16 0.01s 2026-07-22T17:09:41.768
ATTEMPT 293 W0 START 4x2 seed=1428855 2026-07-22T17:09:41.769
ATTEMPT 293 W0 SOLVE 4x2 2026-07-22T17:09:41.774
ATTEMPT 293 W0 DONE 4x2 seed=1428855 nsol=16 0.01s 2026-07-22T17:09:41.787
ATTEMPT 294 W0 START 4x2 seed=1428856 2026-07-22T17:09:41.788
ATTEMPT 294 W0 SOLVE 4x2 2026-07-22T17:09:41.793
ATTEMPT 294 W0 DONE 4x2 seed=1428856 nsol=16 0.01s 2026-07-22T17:09:41.801
ATTEMPT 295 W0 START 4x2 seed=1428857 2026-07-22T17:09:41.801
ATTEMPT 295 W0 SOLVE 4x2 2026-07-22T17:09:41.807
ATTEMPT 295 W0 DONE 4x2 seed=1428857 nsol=16 0.01s 2026-07-22T17:09:41.817
ATTEMPT 296 W0 START 4x2 seed=1428858 2026-07-22T17:09:41.818
ATTEMPT 296 W0 SOLVE 4x2 2026-07-22T17:09:41.838
ATTEMPT 296 W0 DONE 4x2 seed=1428858 nsol=16 0.01s 2026-07-22T17:09:41.848
ATTEMPT 297 W0 START 4x2 seed=1428859 2026-07-22T17:09:41.849
ATTEMPT 297 W0 SOLVE 4x2 2026-07-22T17:09:41.865
ATTEMPT 297 W0 DONE 4x2 seed=1428859 nsol=16 0.01s 2026-07-22T17:09:41.873
ATTEMPT 298 W0 START 4x2 seed=1428860 2026-07-22T17:09:41.873
ATTEMPT 298 W0 SOLVE 4x2 2026-07-22T17:09:41.882
ATTEMPT 298 W0 DONE 4x2 seed=1428860 nsol=16 0.01s 2026-07-22T17:09:41.895
ATTEMPT 299 W0 START 4x2 seed=1428861 2026-07-22T17:09:41.895
ATTEMPT 299 W0 SOLVE 4x2 2026-07-22T17:09:41.901
ATTEMPT 299 W0 DONE 4x2 seed=1428861 nsol=16 0.01s 2026-07-22T17:09:41.909
ATTEMPT 300 W0 START 4x2 seed=1428862 2026-07-22T17:09:41.909
ATTEMPT 300 W0 SOLVE 4x2 2026-07-22T17:09:41.914
ATTEMPT 300 W0 DONE 4x2 seed=1428862 nsol=16 0.01s 2026-07-22T17:09:41.928
ATTEMPT 301 W0 START 4x2 seed=1428863 2026-07-22T17:09:41.929
ATTEMPT 301 W0 SOLVE 4x2 2026-07-22T17:09:41.936
ATTEMPT 301 W0 DONE 4x2 seed=1428863 nsol=16 0.01s 2026-07-22T17:09:41.948
ATTEMPT 302 W0 START 4x2 seed=1428864 2026-07-22T17:09:41.949
ATTEMPT 302 W0 SOLVE 4x2 2026-07-22T17:09:41.957
ATTEMPT 302 W0 DONE 4x2 seed=1428864 nsol=16 0.01s 2026-07-22T17:09:41.967
ATTEMPT 303 W0 START 4x2 seed=1428865 2026-07-22T17:09:41.968
ATTEMPT 303 W0 SOLVE 4x2 2026-07-22T17:09:41.976
ATTEMPT 303 W0 DONE 4x2 seed=1428865 nsol=16 0.01s 2026-07-22T17:09:41.986
ATTEMPT 304 W0 START 4x2 seed=1428866 2026-07-22T17:09:41.987
ATTEMPT 304 W0 SOLVE 4x2 2026-07-22T17:09:41.996
ATTEMPT 304 W0 DONE 4x2 seed=1428866 nsol=16 0.01s 2026-07-22T17:09:42.009
ATTEMPT 305 W0 START 4x2 seed=1428867 2026-07-22T17:09:42.010
ATTEMPT 305 W0 SOLVE 4x2 2026-07-22T17:09:42.016
ATTEMPT 305 W0 DONE 4x2 seed=1428867 nsol=16 0.01s 2026-07-22T17:09:42.022
ATTEMPT 306 W0 START 4x2 seed=1428868 2026-07-22T17:09:42.023
ATTEMPT 306 W0 SOLVE 4x2 2026-07-22T17:09:42.030
ATTEMPT 306 W0 DONE 4x2 seed=1428868 nsol=16 0.01s 2026-07-22T17:09:42.045
ATTEMPT 307 W0 START 4x2 seed=1428869 2026-07-22T17:09:42.045
ATTEMPT 307 W0 SOLVE 4x2 2026-07-22T17:09:42.053
ATTEMPT 307 W0 DONE 4x2 seed=1428869 nsol=16 0.01s 2026-07-22T17:09:42.068
ATTEMPT 308 W0 START 4x2 seed=1428870 2026-07-22T17:09:42.069
ATTEMPT 308 W0 SOLVE 4x2 2026-07-22T17:09:42.077
ATTEMPT 308 W0 DONE 4x2 seed=1428870 nsol=16 0.02s 2026-07-22T17:09:42.093
ATTEMPT 309 W0 START 4x2 seed=1428871 2026-07-22T17:09:42.093
ATTEMPT 309 W0 SOLVE 4x2 2026-07-22T17:09:42.098
ATTEMPT 309 W0 DONE 4x2 seed=1428871 nsol=16 0.01s 2026-07-22T17:09:42.110
ATTEMPT 310 W0 START 4x2 seed=1428872 2026-07-22T17:09:42.111
ATTEMPT 310 W0 SOLVE 4x2 2026-07-22T17:09:42.117
ATTEMPT 310 W0 DONE 4x2 seed=1428872 nsol=16 0.01s 2026-07-22T17:09:42.128
ATTEMPT 311 W0 START 4x2 seed=1428873 2026-07-22T17:09:42.129
ATTEMPT 311 W0 SOLVE 4x2 2026-07-22T17:09:42.135
ATTEMPT 311 W0 DONE 4x2 seed=1428873 nsol=16 0.01s 2026-07-22T17:09:42.149
ATTEMPT 312 W0 START 4x2 seed=1428874 2026-07-22T17:09:42.149
ATTEMPT 312 W0 SOLVE 4x2 2026-07-22T17:09:42.154
ATTEMPT 312 W0 DONE 4x2 seed=1428874 nsol=16 0.01s 2026-07-22T17:09:42.162
ATTEMPT 313 W0 START 4x2 seed=1428875 2026-07-22T17:09:42.163
ATTEMPT 313 W0 SOLVE 4x2 2026-07-22T17:09:42.172
ATTEMPT 313 W0 DONE 4x2 seed=1428875 nsol=16 0.02s 2026-07-22T17:09:42.189
ATTEMPT 314 W0 START 4x2 seed=1428876 2026-07-22T17:09:42.189
ATTEMPT 314 W0 SOLVE 4x2 2026-07-22T17:09:42.197
ATTEMPT 314 W0 DONE 4x2 seed=1428876 nsol=16 0.01s 2026-07-22T17:09:42.210
ATTEMPT 315 W0 START 4x2 seed=1428877 2026-07-22T17:09:42.210
ATTEMPT 315 W0 SOLVE 4x2 2026-07-22T17:09:42.216
ATTEMPT 315 W0 DONE 4x2 seed=1428877 nsol=16 0.10s 2026-07-22T17:09:42.316
ATTEMPT 316 W0 START 4x2 seed=1428878 2026-07-22T17:09:42.317
ATTEMPT 316 W0 SOLVE 4x2 2026-07-22T17:09:42.323
ATTEMPT 316 W0 DONE 4x2 seed=1428878 nsol=16 0.01s 2026-07-22T17:09:42.330
ATTEMPT 317 W0 START 4x2 seed=1428879 2026-07-22T17:09:42.331
ATTEMPT 317 W0 SOLVE 4x2 2026-07-22T17:09:42.338
ATTEMPT 317 W0 DONE 4x2 seed=1428879 nsol=16 0.01s 2026-07-22T17:09:42.353
ATTEMPT 318 W0 START 4x2 seed=1428880 2026-07-22T17:09:42.353
ATTEMPT 318 W0 SOLVE 4x2 2026-07-22T17:09:42.360
ATTEMPT 318 W0 DONE 4x2 seed=1428880 nsol=16 0.02s 2026-07-22T17:09:42.383
ATTEMPT 319 W0 START 4x2 seed=1428881 2026-07-22T17:09:42.383
ATTEMPT 319 W0 SOLVE 4x2 2026-07-22T17:09:42.388
ATTEMPT 319 W0 DONE 4x2 seed=1428881 nsol=16 0.01s 2026-07-22T17:09:42.400
ATTEMPT 320 W0 START 4x2 seed=1428882 2026-07-22T17:09:42.401
ATTEMPT 320 W0 SOLVE 4x2 2026-07-22T17:09:42.406
ATTEMPT 320 W0 DONE 4x2 seed=1428882 nsol=16 0.01s 2026-07-22T17:09:42.421
ATTEMPT 321 W0 START 4x2 seed=1428883 2026-07-22T17:09:42.421
ATTEMPT 321 W0 SOLVE 4x2 2026-07-22T17:09:42.426
ATTEMPT 321 W0 DONE 4x2 seed=1428883 nsol=16 0.01s 2026-07-22T17:09:42.434
ATTEMPT 322 W0 START 4x2 seed=1428884 2026-07-22T17:09:42.434
ATTEMPT 322 W0 SOLVE 4x2 2026-07-22T17:09:42.442
ATTEMPT 322 W0 DONE 4x2 seed=1428884 nsol=16 0.01s 2026-07-22T17:09:42.455
ATTEMPT 323 W0 START 4x2 seed=1428885 2026-07-22T17:09:42.455
ATTEMPT 323 W0 SOLVE 4x2 2026-07-22T17:09:42.461
ATTEMPT 323 W0 DONE 4x2 seed=1428885 nsol=16 0.01s 2026-07-22T17:09:42.469
ATTEMPT 324 W0 START 4x2 seed=1428886 2026-07-22T17:09:42.469
ATTEMPT 324 W0 SOLVE 4x2 2026-07-22T17:09:42.475
ATTEMPT 324 W0 DONE 4x2 seed=1428886 nsol=16 0.02s 2026-07-22T17:09:42.490
ATTEMPT 325 W0 START 4x2 seed=1428887 2026-07-22T17:09:42.490
ATTEMPT 325 W0 SOLVE 4x2 2026-07-22T17:09:42.497
ATTEMPT 325 W0 DONE 4x2 seed=1428887 nsol=16 0.01s 2026-07-22T17:09:42.504
ATTEMPT 326 W0 START 4x2 seed=1428888 2026-07-22T17:09:42.505
ATTEMPT 326 W0 SOLVE 4x2 2026-07-22T17:09:42.511
ATTEMPT 326 W0 DONE 4x2 seed=1428888 nsol=16 0.01s 2026-07-22T17:09:42.517
ATTEMPT 327 W0 START 4x2 seed=1428889 2026-07-22T17:09:42.517
ATTEMPT 327 W0 SOLVE 4x2 2026-07-22T17:09:42.522
ATTEMPT 327 W0 DONE 4x2 seed=1428889 nsol=16 0.01s 2026-07-22T17:09:42.532
ATTEMPT 328 W0 START 4x2 seed=1428890 2026-07-22T17:09:42.533
ATTEMPT 328 W0 SOLVE 4x2 2026-07-22T17:09:42.538
ATTEMPT 328 W0 DONE 4x2 seed=1428890 nsol=16 0.01s 2026-07-22T17:09:42.545
ATTEMPT 329 W0 START 4x2 seed=1428891 2026-07-22T17:09:42.545
ATTEMPT 329 W0 SOLVE 4x2 2026-07-22T17:09:42.551
ATTEMPT 329 W0 DONE 4x2 seed=1428891 nsol=16 0.00s 2026-07-22T17:09:42.555
ATTEMPT 330 W0 START 4x2 seed=1428892 2026-07-22T17:09:42.555
ATTEMPT 330 W0 SOLVE 4x2 2026-07-22T17:09:42.560
ATTEMPT 330 W0 DONE 4x2 seed=1428892 nsol=16 0.01s 2026-07-22T17:09:42.569
ATTEMPT 331 W0 START 4x2 seed=1428893 2026-07-22T17:09:42.569
ATTEMPT 331 W0 SOLVE 4x2 2026-07-22T17:09:42.577
ATTEMPT 331 W0 DONE 4x2 seed=1428893 nsol=16 0.01s 2026-07-22T17:09:42.583
ATTEMPT 332 W0 START 4x2 seed=1428894 2026-07-22T17:09:42.583
ATTEMPT 332 W0 SOLVE 4x2 2026-07-22T17:09:42.588
ATTEMPT 332 W0 DONE 4x2 seed=1428894 nsol=16 0.01s 2026-07-22T17:09:42.596
ATTEMPT 333 W0 START 4x2 seed=1428895 2026-07-22T17:09:42.597
ATTEMPT 333 W0 SOLVE 4x2 2026-07-22T17:09:42.602
ATTEMPT 333 W0 DONE 4x2 seed=1428895 nsol=16 0.01s 2026-07-22T17:09:42.613
ATTEMPT 334 W0 START 4x2 seed=1428896 2026-07-22T17:09:42.613
ATTEMPT 334 W0 SOLVE 4x2 2026-07-22T17:09:42.619
ATTEMPT 334 W0 DONE 4x2 seed=1428896 nsol=16 0.01s 2026-07-22T17:09:42.628
ATTEMPT 335 W0 START 4x2 seed=1428897 2026-07-22T17:09:42.628
ATTEMPT 335 W0 SOLVE 4x2 2026-07-22T17:09:42.633
ATTEMPT 335 W0 DONE 4x2 seed=1428897 nsol=16 0.01s 2026-07-22T17:09:42.645
ATTEMPT 336 W0 START 4x2 seed=1428898 2026-07-22T17:09:42.646
ATTEMPT 336 W0 SOLVE 4x2 2026-07-22T17:09:42.651
ATTEMPT 336 W0 DONE 4x2 seed=1428898 nsol=16 0.01s 2026-07-22T17:09:42.657
ATTEMPT 337 W0 START 4x2 seed=1428899 2026-07-22T17:09:42.657
ATTEMPT 337 W0 SOLVE 4x2 2026-07-22T17:09:42.662
ATTEMPT 337 W0 DONE 4x2 seed=1428899 nsol=16 0.01s 2026-07-22T17:09:42.669
ATTEMPT 338 W0 START 4x2 seed=1428900 2026-07-22T17:09:42.669
ATTEMPT 338 W0 SOLVE 4x2 2026-07-22T17:09:42.675
ATTEMPT 338 W0 DONE 4x2 seed=1428900 nsol=16 0.02s 2026-07-22T17:09:42.692
ATTEMPT 339 W0 START 4x2 seed=1428901 2026-07-22T17:09:42.693
ATTEMPT 339 W0 SOLVE 4x2 2026-07-22T17:09:42.698
ATTEMPT 339 W0 DONE 4x2 seed=1428901 nsol=16 0.01s 2026-07-22T17:09:42.708
ATTEMPT 340 W0 START 4x2 seed=1428902 2026-07-22T17:09:42.709
ATTEMPT 340 W0 SOLVE 4x2 2026-07-22T17:09:42.714
ATTEMPT 340 W0 DONE 4x2 seed=1428902 nsol=16 0.01s 2026-07-22T17:09:42.729
ATTEMPT 341 W0 START 4x2 seed=1428903 2026-07-22T17:09:42.729
ATTEMPT 341 W0 SOLVE 4x2 2026-07-22T17:09:42.734
ATTEMPT 341 W0 DONE 4x2 seed=1428903 nsol=16 0.02s 2026-07-22T17:09:42.752
ATTEMPT 342 W0 START 4x2 seed=1428904 2026-07-22T17:09:42.753
ATTEMPT 342 W0 SOLVE 4x2 2026-07-22T17:09:42.760
ATTEMPT 342 W0 DONE 4x2 seed=1428904 nsol=16 0.01s 2026-07-22T17:09:42.767
ATTEMPT 343 W0 START 4x2 seed=1428905 2026-07-22T17:09:42.768
ATTEMPT 343 W0 SOLVE 4x2 2026-07-22T17:09:42.774
ATTEMPT 343 W0 DONE 4x2 seed=1428905 nsol=16 0.02s 2026-07-22T17:09:42.792
ATTEMPT 344 W0 START 4x2 seed=1428906 2026-07-22T17:09:42.793
ATTEMPT 344 W0 SOLVE 4x2 2026-07-22T17:09:42.798
ATTEMPT 344 W0 DONE 4x2 seed=1428906 nsol=16 0.01s 2026-07-22T17:09:42.812
ATTEMPT 345 W0 START 4x2 seed=1428907 2026-07-22T17:09:42.813
ATTEMPT 345 W0 SOLVE 4x2 2026-07-22T17:09:42.818
ATTEMPT 345 W0 DONE 4x2 seed=1428907 nsol=16 0.01s 2026-07-22T17:09:42.831
ATTEMPT 346 W0 START 4x2 seed=1428908 2026-07-22T17:09:42.831
ATTEMPT 346 W0 SOLVE 4x2 2026-07-22T17:09:42.836
ATTEMPT 346 W0 DONE 4x2 seed=1428908 nsol=16 0.01s 2026-07-22T17:09:42.848
ATTEMPT 347 W0 START 4x2 seed=1428909 2026-07-22T17:09:42.849
ATTEMPT 347 W0 SOLVE 4x2 2026-07-22T17:09:42.854
ATTEMPT 347 W0 DONE 4x2 seed=1428909 nsol=16 0.01s 2026-07-22T17:09:42.863
ATTEMPT 348 W0 START 4x2 seed=1428910 2026-07-22T17:09:42.863
ATTEMPT 348 W0 SOLVE 4x2 2026-07-22T17:09:42.872
ATTEMPT 348 W0 DONE 4x2 seed=1428910 nsol=16 0.01s 2026-07-22T17:09:42.884
ATTEMPT 349 W0 START 4x2 seed=1428911 2026-07-22T17:09:42.885
ATTEMPT 349 W0 SOLVE 4x2 2026-07-22T17:09:42.890
ATTEMPT 349 W0 DONE 4x2 seed=1428911 nsol=16 0.01s 2026-07-22T17:09:42.904
ATTEMPT 350 W0 START 4x2 seed=1428912 2026-07-22T17:09:42.905
ATTEMPT 350 W0 SOLVE 4x2 2026-07-22T17:09:42.914
ATTEMPT 350 W0 DONE 4x2 seed=1428912 nsol=16 0.00s 2026-07-22T17:09:42.919
ATTEMPT 351 W0 START 4x2 seed=1428913 2026-07-22T17:09:42.919
ATTEMPT 351 W0 SOLVE 4x2 2026-07-22T17:09:42.924
ATTEMPT 351 W0 DONE 4x2 seed=1428913 nsol=16 0.01s 2026-07-22T17:09:42.940
ATTEMPT 352 W0 START 4x2 seed=1428914 2026-07-22T17:09:42.941
ATTEMPT 352 W0 SOLVE 4x2 2026-07-22T17:09:42.947
ATTEMPT 352 W0 DONE 4x2 seed=1428914 nsol=16 0.01s 2026-07-22T17:09:42.956
ATTEMPT 353 W0 START 4x2 seed=1428915 2026-07-22T17:09:42.956
ATTEMPT 353 W0 SOLVE 4x2 2026-07-22T17:09:42.961
ATTEMPT 353 W0 DONE 4x2 seed=1428915 nsol=16 0.02s 2026-07-22T17:09:42.980
ATTEMPT 354 W0 START 4x2 seed=1428916 2026-07-22T17:09:42.981
ATTEMPT 354 W0 SOLVE 4x2 2026-07-22T17:09:42.986
ATTEMPT 354 W0 DONE 4x2 seed=1428916 nsol=16 0.01s 2026-07-22T17:09:42.996
ATTEMPT 355 W0 START 4x2 seed=1428917 2026-07-22T17:09:42.997
ATTEMPT 355 W0 SOLVE 4x2 2026-07-22T17:09:43.002
ATTEMPT 355 W0 DONE 4x2 seed=1428917 nsol=16 0.01s 2026-07-22T17:09:43.016
ATTEMPT 356 W0 START 4x2 seed=1428918 2026-07-22T17:09:43.017
ATTEMPT 356 W0 SOLVE 4x2 2026-07-22T17:09:43.023
ATTEMPT 356 W0 DONE 4x2 seed=1428918 nsol=16 0.01s 2026-07-22T17:09:43.031
ATTEMPT 357 W0 START 4x2 seed=1428919 2026-07-22T17:09:43.031
ATTEMPT 357 W0 SOLVE 4x2 2026-07-22T17:09:43.037
ATTEMPT 357 W0 DONE 4x2 seed=1428919 nsol=16 0.02s 2026-07-22T17:09:43.056
ATTEMPT 358 W0 START 4x2 seed=1428920 2026-07-22T17:09:43.056
ATTEMPT 358 W0 SOLVE 4x2 2026-07-22T17:09:43.063
ATTEMPT 358 W0 DONE 4x2 seed=1428920 nsol=16 0.02s 2026-07-22T17:09:43.081
ATTEMPT 359 W0 START 4x2 seed=1428921 2026-07-22T17:09:43.081
ATTEMPT 359 W0 SOLVE 4x2 2026-07-22T17:09:43.088
ATTEMPT 359 W0 DONE 4x2 seed=1428921 nsol=16 0.01s 2026-07-22T17:09:43.100
ATTEMPT 360 W0 START 4x2 seed=1428922 2026-07-22T17:09:43.101
ATTEMPT 360 W0 SOLVE 4x2 2026-07-22T17:09:43.106
ATTEMPT 360 W0 DONE 4x2 seed=1428922 nsol=16 0.01s 2026-07-22T17:09:43.112
ATTEMPT 361 W0 START 4x2 seed=1428923 2026-07-22T17:09:43.113
ATTEMPT 361 W0 SOLVE 4x2 2026-07-22T17:09:43.119
ATTEMPT 361 W0 DONE 4x2 seed=1428923 nsol=16 0.02s 2026-07-22T17:09:43.136
ATTEMPT 362 W0 START 4x2 seed=1428924 2026-07-22T17:09:43.137
ATTEMPT 362 W0 SOLVE 4x2 2026-07-22T17:09:43.142
ATTEMPT 362 W0 DONE 4x2 seed=1428924 nsol=16 0.02s 2026-07-22T17:09:43.165
ATTEMPT 363 W0 START 4x2 seed=1428925 2026-07-22T17:09:43.165
ATTEMPT 363 W0 SOLVE 4x2 2026-07-22T17:09:43.175
ATTEMPT 363 W0 DONE 4x2 seed=1428925 nsol=16 0.01s 2026-07-22T17:09:43.189
ATTEMPT 364 W0 START 4x2 seed=1428926 2026-07-22T17:09:43.189
ATTEMPT 364 W0 SOLVE 4x2 2026-07-22T17:09:43.194
ATTEMPT 364 W0 DONE 4x2 seed=1428926 nsol=16 0.01s 2026-07-22T17:09:43.208
ATTEMPT 365 W0 START 4x2 seed=1428927 2026-07-22T17:09:43.209
ATTEMPT 365 W0 SOLVE 4x2 2026-07-22T17:09:43.214
ATTEMPT 365 W0 DONE 4x2 seed=1428927 nsol=16 0.02s 2026-07-22T17:09:43.233
ATTEMPT 366 W0 START 4x2 seed=1428928 2026-07-22T17:09:43.233
ATTEMPT 366 W0 SOLVE 4x2 2026-07-22T17:09:43.239
ATTEMPT 366 W0 DONE 4x2 seed=1428928 nsol=16 0.02s 2026-07-22T17:09:43.259
ATTEMPT 367 W0 START 4x2 seed=1428929 2026-07-22T17:09:43.260
ATTEMPT 367 W0 SOLVE 4x2 2026-07-22T17:09:43.265
ATTEMPT 367 W0 DONE 4x2 seed=1428929 nsol=16 0.01s 2026-07-22T17:09:43.280
ATTEMPT 368 W0 START 4x2 seed=1428930 2026-07-22T17:09:43.281
ATTEMPT 368 W0 SOLVE 4x2 2026-07-22T17:09:43.286
ATTEMPT 368 W0 DONE 4x2 seed=1428930 nsol=16 0.01s 2026-07-22T17:09:43.297
ATTEMPT 369 W0 START 4x2 seed=1428931 2026-07-22T17:09:43.297
ATTEMPT 369 W0 SOLVE 4x2 2026-07-22T17:09:43.305
ATTEMPT 369 W0 DONE 4x2 seed=1428931 nsol=16 0.03s 2026-07-22T17:09:43.332
ATTEMPT 370 W0 START 4x2 seed=1428932 2026-07-22T17:09:43.333
ATTEMPT 370 W0 SOLVE 4x2 2026-07-22T17:09:43.338
ATTEMPT 370 W0 DONE 4x2 seed=1428932 nsol=16 0.01s 2026-07-22T17:09:43.348
ATTEMPT 371 W0 START 4x2 seed=1428933 2026-07-22T17:09:43.349
ATTEMPT 371 W0 SOLVE 4x2 2026-07-22T17:09:43.356
ATTEMPT 371 W0 DONE 4x2 seed=1428933 nsol=16 0.02s 2026-07-22T17:09:43.375
ATTEMPT 372 W0 START 4x2 seed=1428934 2026-07-22T17:09:43.376
ATTEMPT 372 W0 SOLVE 4x2 2026-07-22T17:09:43.382
ATTEMPT 372 W0 DONE 4x2 seed=1428934 nsol=16 0.01s 2026-07-22T17:09:43.389
ATTEMPT 373 W0 START 4x2 seed=1428935 2026-07-22T17:09:43.389
ATTEMPT 373 W0 SOLVE 4x2 2026-07-22T17:09:43.394
ATTEMPT 373 W0 DONE 4x2 seed=1428935 nsol=16 0.01s 2026-07-22T17:09:43.408
ATTEMPT 374 W0 START 4x2 seed=1428936 2026-07-22T17:09:43.409
ATTEMPT 374 W0 SOLVE 4x2 2026-07-22T17:09:43.414
ATTEMPT 374 W0 DONE 4x2 seed=1428936 nsol=16 0.02s 2026-07-22T17:09:43.433
ATTEMPT 375 W0 START 4x2 seed=1428937 2026-07-22T17:09:43.433
ATTEMPT 375 W0 SOLVE 4x2 2026-07-22T17:09:43.440
ATTEMPT 375 W0 DONE 4x2 seed=1428937 nsol=16 0.05s 2026-07-22T17:09:43.487
ATTEMPT 376 W0 START 4x2 seed=1428938 2026-07-22T17:09:43.487
ATTEMPT 376 W0 SOLVE 4x2 2026-07-22T17:09:43.494
ATTEMPT 376 W0 DONE 4x2 seed=1428938 nsol=16 0.02s 2026-07-22T17:09:43.512
ATTEMPT 377 W0 START 4x2 seed=1428939 2026-07-22T17:09:43.513
ATTEMPT 377 W0 SOLVE 4x2 2026-07-22T17:09:43.520
ATTEMPT 377 W0 DONE 4x2 seed=1428939 nsol=16 0.01s 2026-07-22T17:09:43.530
ATTEMPT 378 W0 START 4x2 seed=1428940 2026-07-22T17:09:43.530
ATTEMPT 378 W0 SOLVE 4x2 2026-07-22T17:09:43.536
ATTEMPT 378 W0 DONE 4x2 seed=1428940 nsol=16 0.01s 2026-07-22T17:09:43.543
ATTEMPT 379 W0 START 4x2 seed=1428941 2026-07-22T17:09:43.543
ATTEMPT 379 W0 SOLVE 4x2 2026-07-22T17:09:43.550
ATTEMPT 379 W0 DONE 4x2 seed=1428941 nsol=16 0.02s 2026-07-22T17:09:43.569
ATTEMPT 380 W0 START 4x2 seed=1428942 2026-07-22T17:09:43.571
ATTEMPT 380 W0 SOLVE 4x2 2026-07-22T17:09:43.579
ATTEMPT 380 W0 DONE 4x2 seed=1428942 nsol=16 0.01s 2026-07-22T17:09:43.592
ATTEMPT 381 W0 START 4x2 seed=1428943 2026-07-22T17:09:43.593
ATTEMPT 381 W0 SOLVE 4x2 2026-07-22T17:09:43.600
ATTEMPT 381 W0 DONE 4x2 seed=1428943 nsol=16 0.02s 2026-07-22T17:09:43.616
ATTEMPT 382 W0 START 4x2 seed=1428944 2026-07-22T17:09:43.617
ATTEMPT 382 W0 SOLVE 4x2 2026-07-22T17:09:43.624
ATTEMPT 382 W0 DONE 4x2 seed=1428944 nsol=16 0.02s 2026-07-22T17:09:43.640
ATTEMPT 383 W0 START 4x2 seed=1428945 2026-07-22T17:09:43.641
ATTEMPT 383 W0 SOLVE 4x2 2026-07-22T17:09:43.646
ATTEMPT 383 W0 DONE 4x2 seed=1428945 nsol=16 0.02s 2026-07-22T17:09:43.664
ATTEMPT 384 W0 START 4x2 seed=1428946 2026-07-22T17:09:43.665
ATTEMPT 384 W0 SOLVE 4x2 2026-07-22T17:09:43.673
ATTEMPT 384 W0 DONE 4x2 seed=1428946 nsol=16 0.02s 2026-07-22T17:09:43.688
ATTEMPT 385 W0 START 4x2 seed=1428947 2026-07-22T17:09:43.689
ATTEMPT 385 W0 SOLVE 4x2 2026-07-22T17:09:43.694
ATTEMPT 385 W0 DONE 4x2 seed=1428947 nsol=16 0.01s 2026-07-22T17:09:43.704
ATTEMPT 386 W0 START 4x2 seed=1428948 2026-07-22T17:09:43.705
ATTEMPT 386 W0 SOLVE 4x2 2026-07-22T17:09:43.712
ATTEMPT 386 W0 DONE 4x2 seed=1428948 nsol=16 0.01s 2026-07-22T17:09:43.720
ATTEMPT 387 W0 START 4x2 seed=1428949 2026-07-22T17:09:43.720
ATTEMPT 387 W0 SOLVE 4x2 2026-07-22T17:09:43.727
ATTEMPT 387 W0 DONE 4x2 seed=1428949 nsol=16 0.01s 2026-07-22T17:09:43.741
ATTEMPT 388 W0 START 4x2 seed=1428950 2026-07-22T17:09:43.741
ATTEMPT 388 W0 SOLVE 4x2 2026-07-22T17:09:43.748
ATTEMPT 388 W0 DONE 4x2 seed=1428950 nsol=16 0.02s 2026-07-22T17:09:43.764
ATTEMPT 389 W0 START 4x2 seed=1428951 2026-07-22T17:09:43.765
ATTEMPT 389 W0 SOLVE 4x2 2026-07-22T17:09:43.773
ATTEMPT 389 W0 DONE 4x2 seed=1428951 nsol=16 0.01s 2026-07-22T17:09:43.786
ATTEMPT 390 W0 START 4x2 seed=1428952 2026-07-22T17:09:43.786
ATTEMPT 390 W0 SOLVE 4x2 2026-07-22T17:09:43.793
ATTEMPT 390 W0 DONE 4x2 seed=1428952 nsol=16 0.01s 2026-07-22T17:09:43.801
ATTEMPT 391 W0 START 4x2 seed=1428953 2026-07-22T17:09:43.801
ATTEMPT 391 W0 SOLVE 4x2 2026-07-22T17:09:43.807
ATTEMPT 391 W0 DONE 4x2 seed=1428953 nsol=16 0.02s 2026-07-22T17:09:43.828
ATTEMPT 392 W0 START 4x2 seed=1428954 2026-07-22T17:09:43.828
ATTEMPT 392 W0 SOLVE 4x2 2026-07-22T17:09:43.833
ATTEMPT 392 W0 DONE 4x2 seed=1428954 nsol=16 0.01s 2026-07-22T17:09:43.842
ATTEMPT 393 W0 START 4x2 seed=1428955 2026-07-22T17:09:43.842
ATTEMPT 393 W0 SOLVE 4x2 2026-07-22T17:09:43.848
ATTEMPT 393 W0 DONE 4x2 seed=1428955 nsol=16 0.01s 2026-07-22T17:09:43.857
ATTEMPT 394 W0 START 4x2 seed=1428956 2026-07-22T17:09:43.857
ATTEMPT 394 W0 SOLVE 4x2 2026-07-22T17:09:43.865
ATTEMPT 394 W0 DONE 4x2 seed=1428956 nsol=16 0.03s 2026-07-22T17:09:43.893
ATTEMPT 395 W0 START 4x2 seed=1428957 2026-07-22T17:09:43.893
ATTEMPT 395 W0 SOLVE 4x2 2026-07-22T17:09:43.900
ATTEMPT 395 W0 DONE 4x2 seed=1428957 nsol=16 0.02s 2026-07-22T17:09:43.917
ATTEMPT 396 W0 START 4x2 seed=1428958 2026-07-22T17:09:43.917
ATTEMPT 396 W0 SOLVE 4x2 2026-07-22T17:09:43.924
ATTEMPT 396 W0 DONE 4x2 seed=1428958 nsol=16 0.02s 2026-07-22T17:09:43.944
ATTEMPT 397 W0 START 4x2 seed=1428959 2026-07-22T17:09:43.944
ATTEMPT 397 W0 SOLVE 4x2 2026-07-22T17:09:43.950
ATTEMPT 397 W0 DONE 4x2 seed=1428959 nsol=16 0.01s 2026-07-22T17:09:43.965
ATTEMPT 398 W0 START 4x2 seed=1428960 2026-07-22T17:09:43.965
ATTEMPT 398 W0 SOLVE 4x2 2026-07-22T17:09:43.972
ATTEMPT 398 W0 DONE 4x2 seed=1428960 nsol=16 0.02s 2026-07-22T17:09:43.988
ATTEMPT 399 W0 START 4x2 seed=1428961 2026-07-22T17:09:43.989
ATTEMPT 399 W0 SOLVE 4x2 2026-07-22T17:09:43.995
ATTEMPT 399 W0 DONE 4x2 seed=1428961 nsol=16 0.02s 2026-07-22T17:09:44.010
ATTEMPT 400 W0 START 4x2 seed=1428962 2026-07-22T17:09:44.010
ATTEMPT 400 W0 SOLVE 4x2 2026-07-22T17:09:44.017
ATTEMPT 400 W0 DONE 4x2 seed=1428962 nsol=16 0.02s 2026-07-22T17:09:44.033
ATTEMPT 401 W0 START 4x2 seed=1428963 2026-07-22T17:09:44.033
ATTEMPT 401 W0 SOLVE 4x2 2026-07-22T17:09:44.038
ATTEMPT 401 W0 DONE 4x2 seed=1428963 nsol=16 0.01s 2026-07-22T17:09:44.052
ATTEMPT 402 W0 START 4x2 seed=1428964 2026-07-22T17:09:44.053
ATTEMPT 402 W0 SOLVE 4x2 2026-07-22T17:09:44.058
ATTEMPT 402 W0 DONE 4x2 seed=1428964 nsol=16 0.01s 2026-07-22T17:09:44.071
ATTEMPT 403 W0 START 4x2 seed=1428965 2026-07-22T17:09:44.071
ATTEMPT 403 W0 SOLVE 4x2 2026-07-22T17:09:44.077
ATTEMPT 403 W0 DONE 4x2 seed=1428965 nsol=16 0.01s 2026-07-22T17:09:44.090
ATTEMPT 404 W0 START 4x2 seed=1428966 2026-07-22T17:09:44.090
ATTEMPT 404 W0 SOLVE 4x2 2026-07-22T17:09:44.106
ATTEMPT 404 W0 DONE 4x2 seed=1428966 nsol=16 0.01s 2026-07-22T17:09:44.120
ATTEMPT 405 W0 START 4x2 seed=1428967 2026-07-22T17:09:44.121
ATTEMPT 405 W0 SOLVE 4x2 2026-07-22T17:09:44.126
ATTEMPT 405 W0 DONE 4x2 seed=1428967 nsol=16 0.01s 2026-07-22T17:09:44.141
ATTEMPT 406 W0 START 4x2 seed=1428968 2026-07-22T17:09:44.141
ATTEMPT 406 W0 SOLVE 4x2 2026-07-22T17:09:44.156
ATTEMPT 406 W0 DONE 4x2 seed=1428968 nsol=16 0.01s 2026-07-22T17:09:44.171
ATTEMPT 407 W0 START 4x2 seed=1428969 2026-07-22T17:09:44.171
ATTEMPT 407 W0 SOLVE 4x2 2026-07-22T17:09:44.179
ATTEMPT 407 W0 DONE 4x2 seed=1428969 nsol=16 0.01s 2026-07-22T17:09:44.188
ATTEMPT 408 W0 START 4x2 seed=1428970 2026-07-22T17:09:44.188
ATTEMPT 408 W0 SOLVE 4x2 2026-07-22T17:09:44.195
ATTEMPT 408 W0 DONE 4x2 seed=1428970 nsol=16 0.01s 2026-07-22T17:09:44.209
ATTEMPT 409 W0 START 4x2 seed=1428971 2026-07-22T17:09:44.209
ATTEMPT 409 W0 SOLVE 4x2 2026-07-22T17:09:44.215
ATTEMPT 409 W0 DONE 4x2 seed=1428971 nsol=16 0.01s 2026-07-22T17:09:44.223
ATTEMPT 410 W0 START 4x2 seed=1428972 2026-07-22T17:09:44.224
ATTEMPT 410 W0 SOLVE 4x2 2026-07-22T17:09:44.230
ATTEMPT 410 W0 DONE 4x2 seed=1428972 nsol=16 0.03s 2026-07-22T17:09:44.256
ATTEMPT 411 W0 START 4x2 seed=1428973 2026-07-22T17:09:44.257
ATTEMPT 411 W0 SOLVE 4x2 2026-07-22T17:09:44.264
ATTEMPT 411 W0 DONE 4x2 seed=1428973 nsol=16 0.01s 2026-07-22T17:09:44.272
ATTEMPT 412 W0 START 4x2 seed=1428974 2026-07-22T17:09:44.273
ATTEMPT 412 W0 SOLVE 4x2 2026-07-22T17:09:44.282
ATTEMPT 412 W0 DONE 4x2 seed=1428974 nsol=16 0.02s 2026-07-22T17:09:44.305
ATTEMPT 413 W0 START 4x2 seed=1428975 2026-07-22T17:09:44.306
ATTEMPT 413 W0 SOLVE 4x2 2026-07-22T17:09:44.314
ATTEMPT 413 W0 DONE 4x2 seed=1428975 nsol=16 0.01s 2026-07-22T17:09:44.327
ATTEMPT 414 W0 START 4x2 seed=1428976 2026-07-22T17:09:44.328
ATTEMPT 414 W0 SOLVE 4x2 2026-07-22T17:09:44.334
ATTEMPT 414 W0 DONE 4x2 seed=1428976 nsol=16 0.01s 2026-07-22T17:09:44.348
ATTEMPT 415 W0 START 4x2 seed=1428977 2026-07-22T17:09:44.349
ATTEMPT 415 W0 SOLVE 4x2 2026-07-22T17:09:44.354
ATTEMPT 415 W0 DONE 4x2 seed=1428977 nsol=16 0.01s 2026-07-22T17:09:44.361
ATTEMPT 416 W0 START 4x2 seed=1428978 2026-07-22T17:09:44.361
ATTEMPT 416 W0 SOLVE 4x2 2026-07-22T17:09:44.366
ATTEMPT 416 W0 DONE 4x2 seed=1428978 nsol=16 0.01s 2026-07-22T17:09:44.380
ATTEMPT 417 W0 START 4x2 seed=1428979 2026-07-22T17:09:44.381
ATTEMPT 417 W0 SOLVE 4x2 2026-07-22T17:09:44.387
ATTEMPT 417 W0 DONE 4x2 seed=1428979 nsol=16 0.01s 2026-07-22T17:09:44.399
ATTEMPT 418 W0 START 4x2 seed=1428980 2026-07-22T17:09:44.400
ATTEMPT 418 W0 SOLVE 4x2 2026-07-22T17:09:44.406
ATTEMPT 418 W0 DONE 4x2 seed=1428980 nsol=16 0.01s 2026-07-22T17:09:44.420
ATTEMPT 419 W0 START 4x2 seed=1428981 2026-07-22T17:09:44.421
ATTEMPT 419 W0 SOLVE 4x2 2026-07-22T17:09:44.426
ATTEMPT 419 W0 DONE 4x2 seed=1428981 nsol=16 0.01s 2026-07-22T17:09:44.436
ATTEMPT 420 W0 START 4x2 seed=1428982 2026-07-22T17:09:44.437
ATTEMPT 420 W0 SOLVE 4x2 2026-07-22T17:09:44.442
ATTEMPT 420 W0 DONE 4x2 seed=1428982 nsol=16 0.01s 2026-07-22T17:09:44.456
ATTEMPT 421 W0 START 4x2 seed=1428983 2026-07-22T17:09:44.457
ATTEMPT 421 W0 SOLVE 4x2 2026-07-22T17:09:44.462
ATTEMPT 421 W0 DONE 4x2 seed=1428983 nsol=16 0.02s 2026-07-22T17:09:44.480
ATTEMPT 422 W0 START 4x2 seed=1428984 2026-07-22T17:09:44.481
ATTEMPT 422 W0 SOLVE 4x2 2026-07-22T17:09:44.486
ATTEMPT 422 W0 DONE 4x2 seed=1428984 nsol=16 0.01s 2026-07-22T17:09:44.501
ATTEMPT 423 W0 START 4x2 seed=1428985 2026-07-22T17:09:44.501
ATTEMPT 423 W0 SOLVE 4x2 2026-07-22T17:09:44.507
ATTEMPT 423 W0 DONE 4x2 seed=1428985 nsol=16 0.01s 2026-07-22T17:09:44.515
ATTEMPT 424 W0 START 4x2 seed=1428986 2026-07-22T17:09:44.516
ATTEMPT 424 W0 SOLVE 4x2 2026-07-22T17:09:44.521
ATTEMPT 424 W0 DONE 4x2 seed=1428986 nsol=16 0.01s 2026-07-22T17:09:44.527
ATTEMPT 425 W0 START 4x2 seed=1428987 2026-07-22T17:09:44.528
ATTEMPT 425 W0 SOLVE 4x2 2026-07-22T17:09:44.544
ATTEMPT 425 W0 DONE 4x2 seed=1428987 nsol=16 0.02s 2026-07-22T17:09:44.561
ATTEMPT 426 W0 START 4x2 seed=1428988 2026-07-22T17:09:44.561
ATTEMPT 426 W0 SOLVE 4x2 2026-07-22T17:09:44.577
ATTEMPT 426 W0 DONE 4x2 seed=1428988 nsol=16 0.01s 2026-07-22T17:09:44.584
ATTEMPT 427 W0 START 4x2 seed=1428989 2026-07-22T17:09:44.585
ATTEMPT 427 W0 SOLVE 4x2 2026-07-22T17:09:44.591
ATTEMPT 427 W0 DONE 4x2 seed=1428989 nsol=16 0.03s 2026-07-22T17:09:44.616
ATTEMPT 428 W0 START 4x2 seed=1428990 2026-07-22T17:09:44.617
ATTEMPT 428 W0 SOLVE 4x2 2026-07-22T17:09:44.622
ATTEMPT 428 W0 DONE 4x2 seed=1428990 nsol=16 0.01s 2026-07-22T17:09:44.631
ATTEMPT 429 W0 START 4x2 seed=1428991 2026-07-22T17:09:44.631
ATTEMPT 429 W0 SOLVE 4x2 2026-07-22T17:09:44.636
ATTEMPT 429 W0 DONE 4x2 seed=1428991 nsol=16 0.01s 2026-07-22T17:09:44.644
ATTEMPT 430 W0 START 4x2 seed=1428992 2026-07-22T17:09:44.644
ATTEMPT 430 W0 SOLVE 4x2 2026-07-22T17:09:44.651
ATTEMPT 430 W0 DONE 4x2 seed=1428992 nsol=16 0.09s 2026-07-22T17:09:44.744
ATTEMPT 431 W0 START 4x2 seed=1428993 2026-07-22T17:09:44.745
ATTEMPT 431 W0 SOLVE 4x2 2026-07-22T17:09:44.759
ATTEMPT 431 W0 DONE 4x2 seed=1428993 nsol=16 0.02s 2026-07-22T17:09:44.776
ATTEMPT 432 W0 START 4x2 seed=1428994 2026-07-22T17:09:44.777
ATTEMPT 432 W0 SOLVE 4x2 2026-07-22T17:09:44.790
ATTEMPT 432 W0 DONE 4x2 seed=1428994 nsol=16 0.03s 2026-07-22T17:09:44.817
ATTEMPT 433 W0 START 4x2 seed=1428995 2026-07-22T17:09:44.817
ATTEMPT 433 W0 SOLVE 4x2 2026-07-22T17:09:44.827
ATTEMPT 433 W0 DONE 4x2 seed=1428995 nsol=16 0.02s 2026-07-22T17:09:44.848
ATTEMPT 434 W0 START 4x2 seed=1428996 2026-07-22T17:09:44.849
ATTEMPT 434 W0 SOLVE 4x2 2026-07-22T17:09:44.865
ATTEMPT 434 W0 DONE 4x2 seed=1428996 nsol=16 0.02s 2026-07-22T17:09:44.881
ATTEMPT 435 W0 START 4x2 seed=1428997 2026-07-22T17:09:44.881
ATTEMPT 435 W0 SOLVE 4x2 2026-07-22T17:09:44.897
ATTEMPT 435 W0 DONE 4x2 seed=1428997 nsol=16 0.01s 2026-07-22T17:09:44.905
ATTEMPT 436 W0 START 4x2 seed=1428998 2026-07-22T17:09:44.906
ATTEMPT 436 W0 SOLVE 4x2 2026-07-22T17:09:44.916
ATTEMPT 436 W0 DONE 4x2 seed=1428998 nsol=16 0.01s 2026-07-22T17:09:44.935
ATTEMPT 437 W0 START 4x2 seed=1428999 2026-07-22T17:09:44.936
ATTEMPT 437 W0 SOLVE 4x2 2026-07-22T17:09:44.947
ATTEMPT 437 W0 DONE 4x2 seed=1428999 nsol=16 0.00s 2026-07-22T17:09:44.957
ATTEMPT 438 W0 START 4x2 seed=1429000 2026-07-22T17:09:44.957
ATTEMPT 438 W0 SOLVE 4x2 2026-07-22T17:09:44.963
ATTEMPT 438 W0 DONE 4x2 seed=1429000 nsol=16 0.01s 2026-07-22T17:09:44.970
ATTEMPT 439 W0 START 4x2 seed=1429001 2026-07-22T17:09:44.970
ATTEMPT 439 W0 SOLVE 4x2 2026-07-22T17:09:44.976
ATTEMPT 439 W0 DONE 4x2 seed=1429001 nsol=16 0.02s 2026-07-22T17:09:44.992
ATTEMPT 440 W0 START 4x2 seed=1429002 2026-07-22T17:09:44.992
ATTEMPT 440 W0 SOLVE 4x2 2026-07-22T17:09:44.999
ATTEMPT 440 W0 DONE 4x2 seed=1429002 nsol=16 0.02s 2026-07-22T17:09:45.017
ATTEMPT 441 W0 START 4x2 seed=1429003 2026-07-22T17:09:45.017
ATTEMPT 441 W0 SOLVE 4x2 2026-07-22T17:09:45.022
ATTEMPT 441 W0 DONE 4x2 seed=1429003 nsol=16 0.02s 2026-07-22T17:09:45.043
ATTEMPT 442 W0 START 4x2 seed=1429004 2026-07-22T17:09:45.043
ATTEMPT 442 W0 SOLVE 4x2 2026-07-22T17:09:45.049
ATTEMPT 442 W0 DONE 4x2 seed=1429004 nsol=16 0.01s 2026-07-22T17:09:45.056
ATTEMPT 443 W0 START 4x2 seed=1429005 2026-07-22T17:09:45.057
ATTEMPT 443 W0 SOLVE 4x2 2026-07-22T17:09:45.063
ATTEMPT 443 W0 DONE 4x2 seed=1429005 nsol=16 0.02s 2026-07-22T17:09:45.079
ATTEMPT 444 W0 START 4x2 seed=1429006 2026-07-22T17:09:45.079
ATTEMPT 444 W0 SOLVE 4x2 2026-07-22T17:09:45.086
ATTEMPT 444 W0 DONE 4x2 seed=1429006 nsol=16 0.01s 2026-07-22T17:09:45.100
ATTEMPT 445 W0 START 4x2 seed=1429007 2026-07-22T17:09:45.100
ATTEMPT 445 W0 SOLVE 4x2 2026-07-22T17:09:45.106
ATTEMPT 445 W0 DONE 4x2 seed=1429007 nsol=16 0.01s 2026-07-22T17:09:45.116
ATTEMPT 446 W0 START 4x2 seed=1429008 2026-07-22T17:09:45.117
ATTEMPT 446 W0 SOLVE 4x2 2026-07-22T17:09:45.133
ATTEMPT 446 W0 DONE 4x2 seed=1429008 nsol=16 0.01s 2026-07-22T17:09:45.143
ATTEMPT 447 W0 START 4x2 seed=1429009 2026-07-22T17:09:45.143
ATTEMPT 447 W0 SOLVE 4x2 2026-07-22T17:09:45.150
ATTEMPT 447 W0 DONE 4x2 seed=1429009 nsol=16 0.01s 2026-07-22T17:09:45.168
ATTEMPT 448 W0 START 4x2 seed=1429010 2026-07-22T17:09:45.169
ATTEMPT 448 W0 SOLVE 4x2 2026-07-22T17:09:45.180
ATTEMPT 448 W0 DONE 4x2 seed=1429010 nsol=16 0.02s 2026-07-22T17:09:45.218
ATTEMPT 449 W0 START 4x2 seed=1429011 2026-07-22T17:09:45.219
ATTEMPT 449 W0 SOLVE 4x2 2026-07-22T17:09:45.237
ATTEMPT 449 W0 DONE 4x2 seed=1429011 nsol=16 0.01s 2026-07-22T17:09:45.255
ATTEMPT 450 W0 START 4x2 seed=1429012 2026-07-22T17:09:45.255
ATTEMPT 450 W0 SOLVE 4x2 2026-07-22T17:09:45.277
ATTEMPT 450 W0 DONE 4x2 seed=1429012 nsol=16 0.02s 2026-07-22T17:09:45.295
ATTEMPT 451 W0 START 4x2 seed=1429013 2026-07-22T17:09:45.295
ATTEMPT 451 W0 SOLVE 4x2 2026-07-22T17:09:45.310
ATTEMPT 451 W0 DONE 4x2 seed=1429013 nsol=16 0.03s 2026-07-22T17:09:45.346
ATTEMPT 452 W0 START 4x2 seed=1429014 2026-07-22T17:09:45.346
ATTEMPT 452 W0 SOLVE 4x2 2026-07-22T17:09:45.365
ATTEMPT 452 W0 DONE 4x2 seed=1429014 nsol=16 0.02s 2026-07-22T17:09:45.389
ATTEMPT 453 W0 START 4x2 seed=1429015 2026-07-22T17:09:45.389
ATTEMPT 453 W0 SOLVE 4x2 2026-07-22T17:09:45.413
ATTEMPT 453 W0 DONE 4x2 seed=1429015 nsol=16 0.02s 2026-07-22T17:09:45.433
ATTEMPT 454 W0 START 4x2 seed=1429016 2026-07-22T17:09:45.433
ATTEMPT 454 W0 SOLVE 4x2 2026-07-22T17:09:45.447
ATTEMPT 454 W0 DONE 4x2 seed=1429016 nsol=16 0.01s 2026-07-22T17:09:45.466
ATTEMPT 455 W0 START 4x2 seed=1429017 2026-07-22T17:09:45.466
ATTEMPT 455 W0 SOLVE 4x2 2026-07-22T17:09:45.484
ATTEMPT 455 W0 DONE 4x2 seed=1429017 nsol=16 0.03s 2026-07-22T17:09:45.522
ATTEMPT 456 W0 START 4x2 seed=1429018 2026-07-22T17:09:45.522
ATTEMPT 456 W0 SOLVE 4x2 2026-07-22T17:09:45.532
ATTEMPT 456 W0 DONE 4x2 seed=1429018 nsol=16 0.02s 2026-07-22T17:09:45.552
ATTEMPT 457 W0 START 4x2 seed=1429019 2026-07-22T17:09:45.552
ATTEMPT 457 W0 SOLVE 4x2 2026-07-22T17:09:45.561
ATTEMPT 457 W0 DONE 4x2 seed=1429019 nsol=16 0.03s 2026-07-22T17:09:45.588
ATTEMPT 458 W0 START 4x2 seed=1429020 2026-07-22T17:09:45.589
ATTEMPT 458 W0 SOLVE 4x2 2026-07-22T17:09:45.594
ATTEMPT 458 W0 DONE 4x2 seed=1429020 nsol=16 0.01s 2026-07-22T17:09:45.608
ATTEMPT 459 W0 START 4x2 seed=1429021 2026-07-22T17:09:45.609
ATTEMPT 459 W0 SOLVE 4x2 2026-07-22T17:09:45.614
ATTEMPT 459 W0 DONE 4x2 seed=1429021 nsol=16 0.01s 2026-07-22T17:09:45.626
ATTEMPT 460 W0 START 4x2 seed=1429022 2026-07-22T17:09:45.626
ATTEMPT 460 W0 SOLVE 4x2 2026-07-22T17:09:45.632
ATTEMPT 460 W0 DONE 4x2 seed=1429022 nsol=16 0.02s 2026-07-22T17:09:45.656
ATTEMPT 461 W0 START 4x2 seed=1429023 2026-07-22T17:09:45.657
ATTEMPT 461 W0 SOLVE 4x2 2026-07-22T17:09:45.662
ATTEMPT 461 W0 DONE 4x2 seed=1429023 nsol=16 0.02s 2026-07-22T17:09:45.678
ATTEMPT 462 W0 START 4x2 seed=1429024 2026-07-22T17:09:45.678
ATTEMPT 462 W0 SOLVE 4x2 2026-07-22T17:09:45.686
ATTEMPT 462 W0 DONE 4x2 seed=1429024 nsol=16 0.01s 2026-07-22T17:09:45.700
ATTEMPT 463 W0 START 4x2 seed=1429025 2026-07-22T17:09:45.701
ATTEMPT 463 W0 SOLVE 4x2 2026-07-22T17:09:45.709
ATTEMPT 463 W0 DONE 4x2 seed=1429025 nsol=16 0.02s 2026-07-22T17:09:45.729
ATTEMPT 464 W0 START 4x2 seed=1429026 2026-07-22T17:09:45.729
ATTEMPT 464 W0 SOLVE 4x2 2026-07-22T17:09:45.734
ATTEMPT 464 W0 DONE 4x2 seed=1429026 nsol=16 0.01s 2026-07-22T17:09:45.748
ATTEMPT 465 W0 START 4x2 seed=1429027 2026-07-22T17:09:45.749
ATTEMPT 465 W0 SOLVE 4x2 2026-07-22T17:09:45.754
ATTEMPT 465 W0 DONE 4x2 seed=1429027 nsol=16 0.01s 2026-07-22T17:09:45.769
ATTEMPT 466 W0 START 4x2 seed=1429028 2026-07-22T17:09:45.769
ATTEMPT 466 W0 SOLVE 4x2 2026-07-22T17:09:45.785
ATTEMPT 466 W0 DONE 4x2 seed=1429028 nsol=16 0.03s 2026-07-22T17:09:45.811
ATTEMPT 467 W0 START 4x2 seed=1429029 2026-07-22T17:09:45.812
ATTEMPT 467 W0 SOLVE 4x2 2026-07-22T17:09:45.820
ATTEMPT 467 W0 DONE 4x2 seed=1429029 nsol=16 0.02s 2026-07-22T17:09:45.836
ATTEMPT 468 W0 START 4x2 seed=1429030 2026-07-22T17:09:45.837
ATTEMPT 468 W0 SOLVE 4x2 2026-07-22T17:09:45.843
ATTEMPT 468 W0 DONE 4x2 seed=1429030 nsol=16 0.01s 2026-07-22T17:09:45.856
ATTEMPT 469 W0 START 4x2 seed=1429031 2026-07-22T17:09:45.857
ATTEMPT 469 W0 SOLVE 4x2 2026-07-22T17:09:45.863
ATTEMPT 469 W0 DONE 4x2 seed=1429031 nsol=16 0.02s 2026-07-22T17:09:45.881
ATTEMPT 470 W0 START 4x2 seed=1429032 2026-07-22T17:09:45.881
ATTEMPT 470 W0 SOLVE 4x2 2026-07-22T17:09:45.887
ATTEMPT 470 W0 DONE 4x2 seed=1429032 nsol=16 0.02s 2026-07-22T17:09:45.908
ATTEMPT 471 W0 START 4x2 seed=1429033 2026-07-22T17:09:45.908
ATTEMPT 471 W0 SOLVE 4x2 2026-07-22T17:09:45.915
ATTEMPT 471 W0 DONE 4x2 seed=1429033 nsol=16 0.01s 2026-07-22T17:09:45.928
ATTEMPT 472 W0 START 4x2 seed=1429034 2026-07-22T17:09:45.929
ATTEMPT 472 W0 SOLVE 4x2 2026-07-22T17:09:45.935
ATTEMPT 472 W0 DONE 4x2 seed=1429034 nsol=16 0.01s 2026-07-22T17:09:45.949
ATTEMPT 473 W0 START 4x2 seed=1429035 2026-07-22T17:09:45.949
ATTEMPT 473 W0 SOLVE 4x2 2026-07-22T17:09:45.954
ATTEMPT 473 W0 DONE 4x2 seed=1429035 nsol=16 0.01s 2026-07-22T17:09:45.966
ATTEMPT 474 W0 START 4x2 seed=1429036 2026-07-22T17:09:45.966
ATTEMPT 474 W0 SOLVE 4x2 2026-07-22T17:09:45.972
ATTEMPT 474 W0 DONE 4x2 seed=1429036 nsol=16 0.02s 2026-07-22T17:09:45.993
ATTEMPT 475 W0 START 4x2 seed=1429037 2026-07-22T17:09:45.993
ATTEMPT 475 W0 SOLVE 4x2 2026-07-22T17:09:45.998
ATTEMPT 475 W0 DONE 4x2 seed=1429037 nsol=16 0.01s 2026-07-22T17:09:46.012
ATTEMPT 476 W0 START 4x2 seed=1429038 2026-07-22T17:09:46.013
ATTEMPT 476 W0 SOLVE 4x2 2026-07-22T17:09:46.021
ATTEMPT 476 W0 DONE 4x2 seed=1429038 nsol=16 0.01s 2026-07-22T17:09:46.033
ATTEMPT 477 W0 START 4x2 seed=1429039 2026-07-22T17:09:46.033
ATTEMPT 477 W0 SOLVE 4x2 2026-07-22T17:09:46.041
ATTEMPT 477 W0 DONE 4x2 seed=1429039 nsol=16 0.02s 2026-07-22T17:09:46.065
ATTEMPT 478 W0 START 4x2 seed=1429040 2026-07-22T17:09:46.065
ATTEMPT 478 W0 SOLVE 4x2 2026-07-22T17:09:46.075
ATTEMPT 478 W0 DONE 4x2 seed=1429040 nsol=16 0.00s 2026-07-22T17:09:46.089
ATTEMPT 479 W0 START 4x2 seed=1429041 2026-07-22T17:09:46.090
ATTEMPT 479 W0 SOLVE 4x2 2026-07-22T17:09:46.103
ATTEMPT 479 W0 DONE 4x2 seed=1429041 nsol=16 0.01s 2026-07-22T17:09:46.120
ATTEMPT 480 W0 START 4x2 seed=1429042 2026-07-22T17:09:46.121
ATTEMPT 480 W0 SOLVE 4x2 2026-07-22T17:09:46.135
ATTEMPT 480 W0 DONE 4x2 seed=1429042 nsol=16 0.01s 2026-07-22T17:09:46.148
ATTEMPT 481 W0 START 4x2 seed=1429043 2026-07-22T17:09:46.148
ATTEMPT 481 W0 SOLVE 4x2 2026-07-22T17:09:46.162
ATTEMPT 481 W0 DONE 4x2 seed=1429043 nsol=16 0.03s 2026-07-22T17:09:46.189
ATTEMPT 482 W0 START 4x2 seed=1429044 2026-07-22T17:09:46.189
ATTEMPT 482 W0 SOLVE 4x2 2026-07-22T17:09:46.194
ATTEMPT 482 W0 DONE 4x2 seed=1429044 nsol=16 0.02s 2026-07-22T17:09:46.217
ATTEMPT 483 W0 START 4x2 seed=1429045 2026-07-22T17:09:46.217
ATTEMPT 483 W0 SOLVE 4x2 2026-07-22T17:09:46.232
ATTEMPT 483 W0 DONE 4x2 seed=1429045 nsol=16 0.03s 2026-07-22T17:09:46.260
ATTEMPT 484 W0 START 4x2 seed=1429046 2026-07-22T17:09:46.261
ATTEMPT 484 W0 SOLVE 4x2 2026-07-22T17:09:46.270
ATTEMPT 484 W0 DONE 4x2 seed=1429046 nsol=16 0.01s 2026-07-22T17:09:46.279
ATTEMPT 485 W0 START 4x2 seed=1429047 2026-07-22T17:09:46.279
ATTEMPT 485 W0 SOLVE 4x2 2026-07-22T17:09:46.289
ATTEMPT 485 W0 DONE 4x2 seed=1429047 nsol=16 0.01s 2026-07-22T17:09:46.300
ATTEMPT 486 W0 START 4x2 seed=1429048 2026-07-22T17:09:46.300
ATTEMPT 486 W0 SOLVE 4x2 2026-07-22T17:09:46.310
ATTEMPT 486 W0 DONE 4x2 seed=1429048 nsol=16 0.01s 2026-07-22T17:09:46.325
ATTEMPT 487 W0 START 4x2 seed=1429049 2026-07-22T17:09:46.325
ATTEMPT 487 W0 SOLVE 4x2 2026-07-22T17:09:46.336
ATTEMPT 487 W0 DONE 4x2 seed=1429049 nsol=16 0.02s 2026-07-22T17:09:46.357
ATTEMPT 488 W0 START 4x2 seed=1429050 2026-07-22T17:09:46.357
ATTEMPT 488 W0 SOLVE 4x2 2026-07-22T17:09:46.367
ATTEMPT 488 W0 DONE 4x2 seed=1429050 nsol=16 0.02s 2026-07-22T17:09:46.388
ATTEMPT 489 W0 START 4x2 seed=1429051 2026-07-22T17:09:46.389
ATTEMPT 489 W0 SOLVE 4x2 2026-07-22T17:09:46.394
ATTEMPT 489 W0 DONE 4x2 seed=1429051 nsol=16 0.03s 2026-07-22T17:09:46.428
ATTEMPT 490 W0 START 4x2 seed=1429052 2026-07-22T17:09:46.429
ATTEMPT 490 W0 SOLVE 4x2 2026-07-22T17:09:46.444
ATTEMPT 490 W0 DONE 4x2 seed=1429052 nsol=16 0.02s 2026-07-22T17:09:46.469
ATTEMPT 491 W0 START 4x2 seed=1429053 2026-07-22T17:09:46.469
ATTEMPT 491 W0 SOLVE 4x2 2026-07-22T17:09:46.477
ATTEMPT 491 W0 DONE 4x2 seed=1429053 nsol=16 0.03s 2026-07-22T17:09:46.505
ATTEMPT 492 W0 START 4x2 seed=1429054 2026-07-22T17:09:46.505
ATTEMPT 492 W0 SOLVE 4x2 2026-07-22T17:09:46.511
ATTEMPT 492 W0 DONE 4x2 seed=1429054 nsol=16 0.02s 2026-07-22T17:09:46.529
ATTEMPT 493 W0 START 4x2 seed=1429055 2026-07-22T17:09:46.529
ATTEMPT 493 W0 SOLVE 4x2 2026-07-22T17:09:46.540
ATTEMPT 493 W0 DONE 4x2 seed=1429055 nsol=16 0.02s 2026-07-22T17:09:46.560
ATTEMPT 494 W0 START 4x2 seed=1429056 2026-07-22T17:09:46.561
ATTEMPT 494 W0 SOLVE 4x2 2026-07-22T17:09:46.568
ATTEMPT 494 W0 DONE 4x2 seed=1429056 nsol=16 0.01s 2026-07-22T17:09:46.586
ATTEMPT 495 W0 START 4x2 seed=1429057 2026-07-22T17:09:46.586
ATTEMPT 495 W0 SOLVE 4x2 2026-07-22T17:09:46.592
ATTEMPT 495 W0 DONE 4x2 seed=1429057 nsol=16 0.02s 2026-07-22T17:09:46.611
ATTEMPT 496 W0 START 4x2 seed=1429058 2026-07-22T17:09:46.612
ATTEMPT 496 W0 SOLVE 4x2 2026-07-22T17:09:46.622
ATTEMPT 496 W0 DONE 4x2 seed=1429058 nsol=16 0.01s 2026-07-22T17:09:46.631
ATTEMPT 497 W0 START 4x2 seed=1429059 2026-07-22T17:09:46.632
ATTEMPT 497 W0 SOLVE 4x2 2026-07-22T17:09:46.641
ATTEMPT 497 W0 DONE 4x2 seed=1429059 nsol=16 0.12s 2026-07-22T17:09:46.756
ATTEMPT 498 W0 START 4x2 seed=1429060 2026-07-22T17:09:46.757
ATTEMPT 498 W0 SOLVE 4x2 2026-07-22T17:09:46.768
ATTEMPT 498 W0 DONE 4x2 seed=1429060 nsol=16 0.02s 2026-07-22T17:09:46.793
ATTEMPT 499 W0 START 4x2 seed=1429061 2026-07-22T17:09:46.793
ATTEMPT 499 W0 SOLVE 4x2 2026-07-22T17:09:46.799
ATTEMPT 499 W0 DONE 4x2 seed=1429061 nsol=16 0.02s 2026-07-22T17:09:46.824
ATTEMPT 500 W0 START 4x2 seed=1429062 2026-07-22T17:09:46.824
ATTEMPT 500 W0 SOLVE 4x2 2026-07-22T17:09:46.857
ATTEMPT 500 W0 DONE 4x2 seed=1429062 nsol=16 0.01s 2026-07-22T17:09:46.868
ATTEMPT 501 W0 START 4x2 seed=1429063 2026-07-22T17:09:46.869
ATTEMPT 501 W0 SOLVE 4x2 2026-07-22T17:09:46.879
ATTEMPT 501 W0 DONE 4x2 seed=1429063 nsol=16 0.02s 2026-07-22T17:09:46.899
ATTEMPT 502 W0 START 4x2 seed=1429064 2026-07-22T17:09:46.899
ATTEMPT 502 W0 SOLVE 4x2 2026-07-22T17:09:46.921
ATTEMPT 502 W0 DONE 4x2 seed=1429064 nsol=16 0.01s 2026-07-22T17:09:46.935
ATTEMPT 503 W0 START 4x2 seed=1429065 2026-07-22T17:09:46.935
ATTEMPT 503 W0 SOLVE 4x2 2026-07-22T17:09:46.945
ATTEMPT 503 W0 DONE 4x2 seed=1429065 nsol=16 0.01s 2026-07-22T17:09:46.955
ATTEMPT 504 W0 START 4x2 seed=1429066 2026-07-22T17:09:46.956
ATTEMPT 504 W0 SOLVE 4x2 2026-07-22T17:09:46.970
ATTEMPT 504 W0 DONE 4x2 seed=1429066 nsol=16 0.02s 2026-07-22T17:09:46.987
ATTEMPT 505 W0 START 4x2 seed=1429067 2026-07-22T17:09:46.987
ATTEMPT 505 W0 SOLVE 4x2 2026-07-22T17:09:46.997
ATTEMPT 505 W0 DONE 4x2 seed=1429067 nsol=16 0.02s 2026-07-22T17:09:47.017
ATTEMPT 506 W0 START 4x2 seed=1429068 2026-07-22T17:09:47.017
ATTEMPT 506 W0 SOLVE 4x2 2026-07-22T17:09:47.027
ATTEMPT 506 W0 DONE 4x2 seed=1429068 nsol=16 0.02s 2026-07-22T17:09:47.049
ATTEMPT 507 W0 START 4x2 seed=1429069 2026-07-22T17:09:47.049
ATTEMPT 507 W0 SOLVE 4x2 2026-07-22T17:09:47.068
ATTEMPT 507 W0 DONE 4x2 seed=1429069 nsol=16 0.02s 2026-07-22T17:09:47.085
ATTEMPT 508 W0 START 4x2 seed=1429070 2026-07-22T17:09:47.085
ATTEMPT 508 W0 SOLVE 4x2 2026-07-22T17:09:47.095
ATTEMPT 508 W0 DONE 4x2 seed=1429070 nsol=16 0.01s 2026-07-22T17:09:47.106
ATTEMPT 509 W0 START 4x2 seed=1429071 2026-07-22T17:09:47.106
ATTEMPT 509 W0 SOLVE 4x2 2026-07-22T17:09:47.114
ATTEMPT 509 W0 DONE 4x2 seed=1429071 nsol=16 0.02s 2026-07-22T17:09:47.138
ATTEMPT 510 W0 START 4x2 seed=1429072 2026-07-22T17:09:47.138
ATTEMPT 510 W0 SOLVE 4x2 2026-07-22T17:09:47.149
ATTEMPT 510 W0 DONE 4x2 seed=1429072 nsol=16 0.02s 2026-07-22T17:09:47.173
ATTEMPT 511 W0 START 4x2 seed=1429073 2026-07-22T17:09:47.173
ATTEMPT 511 W0 SOLVE 4x2 2026-07-22T17:09:47.180
ATTEMPT 511 W0 DONE 4x2 seed=1429073 nsol=16 0.02s 2026-07-22T17:09:47.197
ATTEMPT 512 W0 START 4x2 seed=1429074 2026-07-22T17:09:47.198
ATTEMPT 512 W0 SOLVE 4x2 2026-07-22T17:09:47.205
ATTEMPT 512 W0 DONE 4x2 seed=1429074 nsol=16 0.01s 2026-07-22T17:09:47.216
ATTEMPT 513 W0 START 4x2 seed=1429075 2026-07-22T17:09:47.217
ATTEMPT 513 W0 SOLVE 4x2 2026-07-22T17:09:47.224
ATTEMPT 513 W0 DONE 4x2 seed=1429075 nsol=16 0.02s 2026-07-22T17:09:47.245
ATTEMPT 514 W0 START 4x2 seed=1429076 2026-07-22T17:09:47.245
ATTEMPT 514 W0 SOLVE 4x2 2026-07-22T17:09:47.251
ATTEMPT 514 W0 DONE 4x2 seed=1429076 nsol=16 0.02s 2026-07-22T17:09:47.266
ATTEMPT 515 W0 START 4x2 seed=1429077 2026-07-22T17:09:47.267
ATTEMPT 515 W0 SOLVE 4x2 2026-07-22T17:09:47.275
ATTEMPT 515 W0 DONE 4x2 seed=1429077 nsol=16 0.01s 2026-07-22T17:09:47.282
ATTEMPT 516 W0 START 4x2 seed=1429078 2026-07-22T17:09:47.282
ATTEMPT 516 W0 SOLVE 4x2 2026-07-22T17:09:47.299
ATTEMPT 516 W0 DONE 4x2 seed=1429078 nsol=16 0.02s 2026-07-22T17:09:47.321
ATTEMPT 517 W0 START 4x2 seed=1429079 2026-07-22T17:09:47.321
ATTEMPT 517 W0 SOLVE 4x2 2026-07-22T17:09:47.329
ATTEMPT 517 W0 DONE 4x2 seed=1429079 nsol=16 0.01s 2026-07-22T17:09:47.337
ATTEMPT 518 W0 START 4x2 seed=1429080 2026-07-22T17:09:47.337
ATTEMPT 518 W0 SOLVE 4x2 2026-07-22T17:09:47.343
ATTEMPT 518 W0 DONE 4x2 seed=1429080 nsol=16 0.01s 2026-07-22T17:09:47.354
ATTEMPT 519 W0 START 4x2 seed=1429081 2026-07-22T17:09:47.354
ATTEMPT 519 W0 SOLVE 4x2 2026-07-22T17:09:47.361
ATTEMPT 519 W0 DONE 4x2 seed=1429081 nsol=16 0.01s 2026-07-22T17:09:47.369
ATTEMPT 520 W0 START 4x2 seed=1429082 2026-07-22T17:09:47.369
ATTEMPT 520 W0 SOLVE 4x2 2026-07-22T17:09:47.376
ATTEMPT 520 W0 DONE 4x2 seed=1429082 nsol=16 0.02s 2026-07-22T17:09:47.397
ATTEMPT 521 W0 START 4x2 seed=1429083 2026-07-22T17:09:47.398
ATTEMPT 521 W0 SOLVE 4x2 2026-07-22T17:09:47.405
ATTEMPT 521 W0 DONE 4x2 seed=1429083 nsol=16 0.01s 2026-07-22T17:09:47.416
ATTEMPT 522 W0 START 4x2 seed=1429084 2026-07-22T17:09:47.417
ATTEMPT 522 W0 SOLVE 4x2 2026-07-22T17:09:47.422
ATTEMPT 522 W0 DONE 4x2 seed=1429084 nsol=16 0.01s 2026-07-22T17:09:47.436
ATTEMPT 523 W0 START 4x2 seed=1429085 2026-07-22T17:09:47.437
ATTEMPT 523 W0 SOLVE 4x2 2026-07-22T17:09:47.443
ATTEMPT 523 W0 DONE 4x2 seed=1429085 nsol=16 0.01s 2026-07-22T17:09:47.456
ATTEMPT 524 W0 START 4x2 seed=1429086 2026-07-22T17:09:47.457
ATTEMPT 524 W0 SOLVE 4x2 2026-07-22T17:09:47.462
ATTEMPT 524 W0 DONE 4x2 seed=1429086 nsol=16 0.01s 2026-07-22T17:09:47.471
ATTEMPT 525 W0 START 4x2 seed=1429087 2026-07-22T17:09:47.472
ATTEMPT 525 W0 SOLVE 4x2 2026-07-22T17:09:47.477
ATTEMPT 525 W0 DONE 4x2 seed=1429087 nsol=16 0.01s 2026-07-22T17:09:47.489
ATTEMPT 526 W0 START 4x2 seed=1429088 2026-07-22T17:09:47.489
ATTEMPT 526 W0 SOLVE 4x2 2026-07-22T17:09:47.494
ATTEMPT 526 W0 DONE 4x2 seed=1429088 nsol=16 0.01s 2026-07-22T17:09:47.500
ATTEMPT 527 W0 START 4x2 seed=1429089 2026-07-22T17:09:47.501
ATTEMPT 527 W0 SOLVE 4x2 2026-07-22T17:09:47.508
ATTEMPT 527 W0 DONE 4x2 seed=1429089 nsol=16 0.02s 2026-07-22T17:09:47.524
ATTEMPT 528 W0 START 4x2 seed=1429090 2026-07-22T17:09:47.525
ATTEMPT 528 W0 SOLVE 4x2 2026-07-22T17:09:47.530
ATTEMPT 528 W0 DONE 4x2 seed=1429090 nsol=16 0.01s 2026-07-22T17:09:47.545
ATTEMPT 529 W0 START 4x2 seed=1429091 2026-07-22T17:09:47.545
ATTEMPT 529 W0 SOLVE 4x2 2026-07-22T17:09:47.550
ATTEMPT 529 W0 DONE 4x2 seed=1429091 nsol=16 0.02s 2026-07-22T17:09:47.570
ATTEMPT 530 W0 START 4x2 seed=1429092 2026-07-22T17:09:47.571
ATTEMPT 530 W0 SOLVE 4x2 2026-07-22T17:09:47.578
ATTEMPT 530 W0 DONE 4x2 seed=1429092 nsol=16 0.01s 2026-07-22T17:09:47.592
ATTEMPT 531 W0 START 4x2 seed=1429093 2026-07-22T17:09:47.593
ATTEMPT 531 W0 SOLVE 4x2 2026-07-22T17:09:47.599
ATTEMPT 531 W0 DONE 4x2 seed=1429093 nsol=16 0.01s 2026-07-22T17:09:47.613
ATTEMPT 532 W0 START 4x2 seed=1429094 2026-07-22T17:09:47.614
ATTEMPT 532 W0 SOLVE 4x2 2026-07-22T17:09:47.620
ATTEMPT 532 W0 DONE 4x2 seed=1429094 nsol=16 0.01s 2026-07-22T17:09:47.627
ATTEMPT 533 W0 START 4x2 seed=1429095 2026-07-22T17:09:47.627
ATTEMPT 533 W0 SOLVE 4x2 2026-07-22T17:09:47.633
ATTEMPT 533 W0 DONE 4x2 seed=1429095 nsol=16 0.02s 2026-07-22T17:09:47.650
ATTEMPT 534 W0 START 4x2 seed=1429096 2026-07-22T17:09:47.650
ATTEMPT 534 W0 SOLVE 4x2 2026-07-22T17:09:47.666
ATTEMPT 534 W0 DONE 4x2 seed=1429096 nsol=16 0.01s 2026-07-22T17:09:47.675
ATTEMPT 535 W0 START 4x2 seed=1429097 2026-07-22T17:09:47.675
ATTEMPT 535 W0 SOLVE 4x2 2026-07-22T17:09:47.685
ATTEMPT 535 W0 DONE 4x2 seed=1429097 nsol=16 0.01s 2026-07-22T17:09:47.700
ATTEMPT 536 W0 START 4x2 seed=1429098 2026-07-22T17:09:47.701
ATTEMPT 536 W0 SOLVE 4x2 2026-07-22T17:09:47.707
ATTEMPT 536 W0 DONE 4x2 seed=1429098 nsol=16 0.02s 2026-07-22T17:09:47.723
ATTEMPT 537 W0 START 4x2 seed=1429099 2026-07-22T17:09:47.724
ATTEMPT 537 W0 SOLVE 4x2 2026-07-22T17:09:47.735
ATTEMPT 537 W0 DONE 4x2 seed=1429099 nsol=16 0.01s 2026-07-22T17:09:47.752
ATTEMPT 538 W0 START 4x2 seed=1429100 2026-07-22T17:09:47.752
ATTEMPT 538 W0 SOLVE 4x2 2026-07-22T17:09:47.763
ATTEMPT 538 W0 DONE 4x2 seed=1429100 nsol=16 0.01s 2026-07-22T17:09:47.776
ATTEMPT 539 W0 START 4x2 seed=1429101 2026-07-22T17:09:47.777
ATTEMPT 539 W0 SOLVE 4x2 2026-07-22T17:09:47.786
ATTEMPT 539 W0 DONE 4x2 seed=1429101 nsol=16 0.01s 2026-07-22T17:09:47.795
ATTEMPT 540 W0 START 4x2 seed=1429102 2026-07-22T17:09:47.795
ATTEMPT 540 W0 SOLVE 4x2 2026-07-22T17:09:47.805
ATTEMPT 540 W0 DONE 4x2 seed=1429102 nsol=16 0.01s 2026-07-22T17:09:47.816
ATTEMPT 541 W0 START 4x2 seed=1429103 2026-07-22T17:09:47.816
ATTEMPT 541 W0 SOLVE 4x2 2026-07-22T17:09:47.827
ATTEMPT 541 W0 DONE 4x2 seed=1429103 nsol=16 0.02s 2026-07-22T17:09:47.843
ATTEMPT 542 W0 START 4x2 seed=1429104 2026-07-22T17:09:47.843
ATTEMPT 542 W0 SOLVE 4x2 2026-07-22T17:09:47.853
ATTEMPT 542 W0 DONE 4x2 seed=1429104 nsol=16 0.00s 2026-07-22T17:09:47.857
ATTEMPT 543 W0 START 4x2 seed=1429105 2026-07-22T17:09:47.857
ATTEMPT 543 W0 SOLVE 4x2 2026-07-22T17:09:47.862
ATTEMPT 543 W0 DONE 4x2 seed=1429105 nsol=16 0.01s 2026-07-22T17:09:47.876
ATTEMPT 544 W0 START 4x2 seed=1429106 2026-07-22T17:09:47.877
ATTEMPT 544 W0 SOLVE 4x2 2026-07-22T17:09:47.899
ATTEMPT 544 W0 DONE 4x2 seed=1429106 nsol=16 0.02s 2026-07-22T17:09:47.922
ATTEMPT 545 W0 START 4x2 seed=1429107 2026-07-22T17:09:47.923
ATTEMPT 545 W0 SOLVE 4x2 2026-07-22T17:09:47.953
ATTEMPT 545 W0 DONE 4x2 seed=1429107 nsol=16 0.02s 2026-07-22T17:09:47.976
ATTEMPT 546 W0 START 4x2 seed=1429108 2026-07-22T17:09:47.977
ATTEMPT 546 W0 SOLVE 4x2 2026-07-22T17:09:47.993
ATTEMPT 546 W0 DONE 4x2 seed=1429108 nsol=16 0.02s 2026-07-22T17:09:48.017
ATTEMPT 547 W0 START 4x2 seed=1429109 2026-07-22T17:09:48.017
ATTEMPT 547 W0 SOLVE 4x2 2026-07-22T17:09:48.037
ATTEMPT 547 W0 DONE 4x2 seed=1429109 nsol=16 0.01s 2026-07-22T17:09:48.050
ATTEMPT 548 W0 START 4x2 seed=1429110 2026-07-22T17:09:48.050
ATTEMPT 548 W0 SOLVE 4x2 2026-07-22T17:09:48.056
ATTEMPT 548 W0 DONE 4x2 seed=1429110 nsol=16 0.02s 2026-07-22T17:09:48.073
ATTEMPT 549 W0 START 4x2 seed=1429111 2026-07-22T17:09:48.073
ATTEMPT 549 W0 SOLVE 4x2 2026-07-22T17:09:48.080
ATTEMPT 549 W0 DONE 4x2 seed=1429111 nsol=16 0.02s 2026-07-22T17:09:48.096
ATTEMPT 550 W0 START 4x2 seed=1429112 2026-07-22T17:09:48.096
ATTEMPT 550 W0 SOLVE 4x2 2026-07-22T17:09:48.106
ATTEMPT 550 W0 DONE 4x2 seed=1429112 nsol=16 0.02s 2026-07-22T17:09:48.126
ATTEMPT 551 W0 START 4x2 seed=1429113 2026-07-22T17:09:48.126
ATTEMPT 551 W0 SOLVE 4x2 2026-07-22T17:09:48.133
ATTEMPT 551 W0 DONE 4x2 seed=1429113 nsol=16 0.02s 2026-07-22T17:09:48.148
ATTEMPT 552 W0 START 4x2 seed=1429114 2026-07-22T17:09:48.149
ATTEMPT 552 W0 SOLVE 4x2 2026-07-22T17:09:48.156
ATTEMPT 552 W0 DONE 4x2 seed=1429114 nsol=16 0.02s 2026-07-22T17:09:48.173
ATTEMPT 553 W0 START 4x2 seed=1429115 2026-07-22T17:09:48.173
ATTEMPT 553 W0 SOLVE 4x2 2026-07-22T17:09:48.178
ATTEMPT 553 W0 DONE 4x2 seed=1429115 nsol=16 0.01s 2026-07-22T17:09:48.189
ATTEMPT 554 W0 START 4x2 seed=1429116 2026-07-22T17:09:48.189
ATTEMPT 554 W0 SOLVE 4x2 2026-07-22T17:09:48.195
ATTEMPT 554 W0 DONE 4x2 seed=1429116 nsol=16 0.01s 2026-07-22T17:09:48.204
ATTEMPT 555 W0 START 4x2 seed=1429117 2026-07-22T17:09:48.205
ATTEMPT 555 W0 SOLVE 4x2 2026-07-22T17:09:48.216
ATTEMPT 555 W0 DONE 4x2 seed=1429117 nsol=16 0.02s 2026-07-22T17:09:48.232
ATTEMPT 556 W0 START 4x2 seed=1429118 2026-07-22T17:09:48.233
ATTEMPT 556 W0 SOLVE 4x2 2026-07-22T17:09:48.238
ATTEMPT 556 W0 DONE 4x2 seed=1429118 nsol=16 0.01s 2026-07-22T17:09:48.253
ATTEMPT 557 W0 START 4x2 seed=1429119 2026-07-22T17:09:48.253
ATTEMPT 557 W0 SOLVE 4x2 2026-07-22T17:09:48.259
ATTEMPT 557 W0 DONE 4x2 seed=1429119 nsol=16 0.01s 2026-07-22T17:09:48.272
ATTEMPT 558 W0 START 4x2 seed=1429120 2026-07-22T17:09:48.273
ATTEMPT 558 W0 SOLVE 4x2 2026-07-22T17:09:48.283
ATTEMPT 558 W0 DONE 4x2 seed=1429120 nsol=16 0.02s 2026-07-22T17:09:48.298
ATTEMPT 559 W0 START 4x2 seed=1429121 2026-07-22T17:09:48.298
ATTEMPT 559 W0 SOLVE 4x2 2026-07-22T17:09:48.304
ATTEMPT 559 W0 DONE 4x2 seed=1429121 nsol=16 0.39s 2026-07-22T17:09:48.691
ATTEMPT 560 W0 START 4x2 seed=1429122 2026-07-22T17:09:48.691
ATTEMPT 560 W0 SOLVE 4x2 2026-07-22T17:09:48.705
ATTEMPT 560 W0 DONE 4x2 seed=1429122 nsol=16 0.03s 2026-07-22T17:09:48.733
ATTEMPT 561 W0 START 4x2 seed=1429123 2026-07-22T17:09:48.733
ATTEMPT 561 W0 SOLVE 4x2 2026-07-22T17:09:48.740
ATTEMPT 561 W0 DONE 4x2 seed=1429123 nsol=16 0.02s 2026-07-22T17:09:48.765
ATTEMPT 562 W0 START 4x2 seed=1429124 2026-07-22T17:09:48.765
ATTEMPT 562 W0 SOLVE 4x2 2026-07-22T17:09:48.775
ATTEMPT 562 W0 DONE 4x2 seed=1429124 nsol=16 0.01s 2026-07-22T17:09:48.784
ATTEMPT 563 W0 START 4x2 seed=1429125 2026-07-22T17:09:48.786
ATTEMPT 563 W0 SOLVE 4x2 2026-07-22T17:09:48.791
ATTEMPT 563 W0 DONE 4x2 seed=1429125 nsol=16 0.01s 2026-07-22T17:09:48.807
ATTEMPT 564 W0 START 4x2 seed=1429126 2026-07-22T17:09:48.808
ATTEMPT 564 W0 SOLVE 4x2 2026-07-22T17:09:48.820
ATTEMPT 564 W0 DONE 4x2 seed=1429126 nsol=16 0.01s 2026-07-22T17:09:48.836
ATTEMPT 565 W0 START 4x2 seed=1429127 2026-07-22T17:09:48.837
ATTEMPT 565 W0 SOLVE 4x2 2026-07-22T17:09:48.846
ATTEMPT 565 W0 DONE 4x2 seed=1429127 nsol=16 0.03s 2026-07-22T17:09:48.871
ATTEMPT 566 W0 START 4x2 seed=1429128 2026-07-22T17:09:48.871
ATTEMPT 566 W0 SOLVE 4x2 2026-07-22T17:09:48.882
ATTEMPT 566 W0 DONE 4x2 seed=1429128 nsol=16 0.02s 2026-07-22T17:09:48.897
ATTEMPT 567 W0 START 4x2 seed=1429129 2026-07-22T17:09:48.897
ATTEMPT 567 W0 SOLVE 4x2 2026-07-22T17:09:48.912
ATTEMPT 567 W0 DONE 4x2 seed=1429129 nsol=16 0.01s 2026-07-22T17:09:48.925
ATTEMPT 568 W0 START 4x2 seed=1429130 2026-07-22T17:09:48.925
ATTEMPT 568 W0 SOLVE 4x2 2026-07-22T17:09:48.932
ATTEMPT 568 W0 DONE 4x2 seed=1429130 nsol=16 0.01s 2026-07-22T17:09:48.946
ATTEMPT 569 W0 START 4x2 seed=1429131 2026-07-22T17:09:48.947
ATTEMPT 569 W0 SOLVE 4x2 2026-07-22T17:09:48.961
ATTEMPT 569 W0 DONE 4x2 seed=1429131 nsol=16 0.02s 2026-07-22T17:09:48.977
ATTEMPT 570 W0 START 4x2 seed=1429132 2026-07-22T17:09:48.977
ATTEMPT 570 W0 SOLVE 4x2 2026-07-22T17:09:48.984
ATTEMPT 570 W0 DONE 4x2 seed=1429132 nsol=16 0.01s 2026-07-22T17:09:48.996
ATTEMPT 571 W0 START 4x2 seed=1429133 2026-07-22T17:09:48.997
ATTEMPT 571 W0 SOLVE 4x2 2026-07-22T17:09:49.004
ATTEMPT 571 W0 DONE 4x2 seed=1429133 nsol=16 0.02s 2026-07-22T17:09:49.021
ATTEMPT 572 W0 START 4x2 seed=1429134 2026-07-22T17:09:49.021
ATTEMPT 572 W0 SOLVE 4x2 2026-07-22T17:09:49.027
ATTEMPT 572 W0 DONE 4x2 seed=1429134 nsol=16 0.01s 2026-07-22T17:09:49.036
ATTEMPT 573 W0 START 4x2 seed=1429135 2026-07-22T17:09:49.036
ATTEMPT 573 W0 SOLVE 4x2 2026-07-22T17:09:49.042
ATTEMPT 573 W0 DONE 4x2 seed=1429135 nsol=16 0.02s 2026-07-22T17:09:49.062
ATTEMPT 574 W0 START 4x2 seed=1429136 2026-07-22T17:09:49.063
ATTEMPT 574 W0 SOLVE 4x2 2026-07-22T17:09:49.069
ATTEMPT 574 W0 DONE 4x2 seed=1429136 nsol=16 0.02s 2026-07-22T17:09:49.085
ATTEMPT 575 W0 START 4x2 seed=1429137 2026-07-22T17:09:49.085
ATTEMPT 575 W0 SOLVE 4x2 2026-07-22T17:09:49.092
ATTEMPT 575 W0 DONE 4x2 seed=1429137 nsol=16 0.01s 2026-07-22T17:09:49.101
ATTEMPT 576 W0 START 4x2 seed=1429138 2026-07-22T17:09:49.101
ATTEMPT 576 W0 SOLVE 4x2 2026-07-22T17:09:49.115
ATTEMPT 576 W0 DONE 4x2 seed=1429138 nsol=16 0.01s 2026-07-22T17:09:49.127
ATTEMPT 577 W0 START 4x2 seed=1429139 2026-07-22T17:09:49.128
ATTEMPT 577 W0 SOLVE 4x2 2026-07-22T17:09:49.135
ATTEMPT 577 W0 DONE 4x2 seed=1429139 nsol=16 0.01s 2026-07-22T17:09:49.142
ATTEMPT 578 W0 START 4x2 seed=1429140 2026-07-22T17:09:49.143
ATTEMPT 578 W0 SOLVE 4x2 2026-07-22T17:09:49.151
ATTEMPT 578 W0 DONE 4x2 seed=1429140 nsol=16 0.02s 2026-07-22T17:09:49.168
ATTEMPT 579 W0 START 4x2 seed=1429141 2026-07-22T17:09:49.169
ATTEMPT 579 W0 SOLVE 4x2 2026-07-22T17:09:49.176
ATTEMPT 579 W0 DONE 4x2 seed=1429141 nsol=16 0.01s 2026-07-22T17:09:49.184
ATTEMPT 580 W0 START 4x2 seed=1429142 2026-07-22T17:09:49.184
ATTEMPT 580 W0 SOLVE 4x2 2026-07-22T17:09:49.195
ATTEMPT 580 W0 DONE 4x2 seed=1429142 nsol=16 0.01s 2026-07-22T17:09:49.206
ATTEMPT 581 W0 START 4x2 seed=1429143 2026-07-22T17:09:49.207
ATTEMPT 581 W0 SOLVE 4x2 2026-07-22T17:09:49.221
ATTEMPT 581 W0 DONE 4x2 seed=1429143 nsol=16 0.01s 2026-07-22T17:09:49.233
ATTEMPT 582 W0 START 4x2 seed=1429144 2026-07-22T17:09:49.233
ATTEMPT 582 W0 SOLVE 4x2 2026-07-22T17:09:49.240
ATTEMPT 582 W0 DONE 4x2 seed=1429144 nsol=16 0.01s 2026-07-22T17:09:49.257
ATTEMPT 583 W0 START 4x2 seed=1429145 2026-07-22T17:09:49.258
ATTEMPT 583 W0 SOLVE 4x2 2026-07-22T17:09:49.263
ATTEMPT 583 W0 DONE 4x2 seed=1429145 nsol=16 0.02s 2026-07-22T17:09:49.285
ATTEMPT 584 W0 START 4x2 seed=1429146 2026-07-22T17:09:49.285
ATTEMPT 584 W0 SOLVE 4x2 2026-07-22T17:09:49.300
ATTEMPT 584 W0 DONE 4x2 seed=1429146 nsol=16 0.01s 2026-07-22T17:09:49.322
ATTEMPT 585 W0 START 4x2 seed=1429147 2026-07-22T17:09:49.322
ATTEMPT 585 W0 SOLVE 4x2 2026-07-22T17:09:49.328
ATTEMPT 585 W0 DONE 4x2 seed=1429147 nsol=16 0.01s 2026-07-22T17:09:49.339
ATTEMPT 586 W0 START 4x2 seed=1429148 2026-07-22T17:09:49.339
ATTEMPT 586 W0 SOLVE 4x2 2026-07-22T17:09:49.345
ATTEMPT 586 W0 DONE 4x2 seed=1429148 nsol=16 0.01s 2026-07-22T17:09:49.356
ATTEMPT 587 W0 START 4x2 seed=1429149 2026-07-22T17:09:49.357
ATTEMPT 587 W0 SOLVE 4x2 2026-07-22T17:09:49.367
ATTEMPT 587 W0 DONE 4x2 seed=1429149 nsol=16 0.02s 2026-07-22T17:09:49.388
ATTEMPT 588 W0 START 4x2 seed=1429150 2026-07-22T17:09:49.389
ATTEMPT 588 W0 SOLVE 4x2 2026-07-22T17:09:49.395
ATTEMPT 588 W0 DONE 4x2 seed=1429150 nsol=16 0.02s 2026-07-22T17:09:49.413
ATTEMPT 589 W0 START 4x2 seed=1429151 2026-07-22T17:09:49.413
ATTEMPT 589 W0 SOLVE 4x2 2026-07-22T17:09:49.420
ATTEMPT 589 W0 DONE 4x2 seed=1429151 nsol=16 0.02s 2026-07-22T17:09:49.437
ATTEMPT 590 W0 START 4x2 seed=1429152 2026-07-22T17:09:49.437
ATTEMPT 590 W0 SOLVE 4x2 2026-07-22T17:09:49.442
ATTEMPT 590 W0 DONE 4x2 seed=1429152 nsol=16 0.01s 2026-07-22T17:09:49.452
ATTEMPT 591 W0 START 4x2 seed=1429153 2026-07-22T17:09:49.452
ATTEMPT 591 W0 SOLVE 4x2 2026-07-22T17:09:49.458
ATTEMPT 591 W0 DONE 4x2 seed=1429153 nsol=16 0.01s 2026-07-22T17:09:49.472
ATTEMPT 592 W0 START 4x2 seed=1429154 2026-07-22T17:09:49.473
ATTEMPT 592 W0 SOLVE 4x2 2026-07-22T17:09:49.478
ATTEMPT 592 W0 DONE 4x2 seed=1429154 nsol=16 0.01s 2026-07-22T17:09:49.487
ATTEMPT 593 W0 START 4x2 seed=1429155 2026-07-22T17:09:49.488
ATTEMPT 593 W0 SOLVE 4x2 2026-07-22T17:09:49.493
ATTEMPT 593 W0 DONE 4x2 seed=1429155 nsol=16 0.01s 2026-07-22T17:09:49.500
ATTEMPT 594 W0 START 4x2 seed=1429156 2026-07-22T17:09:49.500
ATTEMPT 594 W0 SOLVE 4x2 2026-07-22T17:09:49.507
ATTEMPT 594 W0 DONE 4x2 seed=1429156 nsol=16 0.02s 2026-07-22T17:09:49.529
ATTEMPT 595 W0 START 4x2 seed=1429157 2026-07-22T17:09:49.529
ATTEMPT 595 W0 SOLVE 4x2 2026-07-22T17:09:49.535
ATTEMPT 595 W0 DONE 4x2 seed=1429157 nsol=16 0.01s 2026-07-22T17:09:49.546
ATTEMPT 596 W0 START 4x2 seed=1429158 2026-07-22T17:09:49.547
ATTEMPT 596 W0 SOLVE 4x2 2026-07-22T17:09:49.553
ATTEMPT 596 W0 DONE 4x2 seed=1429158 nsol=16 0.01s 2026-07-22T17:09:49.558
ATTEMPT 597 W0 START 4x2 seed=1429159 2026-07-22T17:09:49.558
ATTEMPT 597 W0 SOLVE 4x2 2026-07-22T17:09:49.566
ATTEMPT 597 W0 DONE 4x2 seed=1429159 nsol=16 0.01s 2026-07-22T17:09:49.580
ATTEMPT 598 W0 START 4x2 seed=1429160 2026-07-22T17:09:49.581
ATTEMPT 598 W0 SOLVE 4x2 2026-07-22T17:09:49.586
ATTEMPT 598 W0 DONE 4x2 seed=1429160 nsol=16 0.01s 2026-07-22T17:09:49.601
ATTEMPT 599 W0 START 4x2 seed=1429161 2026-07-22T17:09:49.601
ATTEMPT 599 W0 SOLVE 4x2 2026-07-22T17:09:49.608
ATTEMPT 599 W0 DONE 4x2 seed=1429161 nsol=16 0.01s 2026-07-22T17:09:49.615
ATTEMPT 600 W0 START 4x2 seed=1429162 2026-07-22T17:09:49.615
ATTEMPT 600 W0 SOLVE 4x2 2026-07-22T17:09:49.621
ATTEMPT 600 W0 DONE 4x2 seed=1429162 nsol=16 0.02s 2026-07-22T17:09:49.645
HUNT2 complete 2026-07-22T17:09:49.649
