HUNT2 start mode=seq hcthr=on nworkers=0 nthreads=14 ngcthreads=14 nsolves=600 seed_base=1315947 shape=4x2 pid=2126135 julia=1.12.6 HC=2.20.0 2026-07-22T17:04:41.192
ATTEMPT 1 W0 START 4x2 seed=1315948 2026-07-22T17:04:51.289
ATTEMPT 1 W0 SOLVE 4x2 2026-07-22T17:04:55.609
Computing mixed cells... 2    Time: 0:00:04[K
   mixed_volume: 10[K[A
[K[AComputing mixed cells... 8    Time: 0:00:04[K
   mixed_volume: 16[K
ATTEMPT 1 W0 DONE 4x2 seed=1315948 nsol=16 120.37s 2026-07-22T17:06:56.550
ATTEMPT 2 W0 START 4x2 seed=1315949 2026-07-22T17:06:56.820
ATTEMPT 2 W0 SOLVE 4x2 2026-07-22T17:06:56.826
ATTEMPT 2 W0 DONE 4x2 seed=1315949 nsol=16 0.02s 2026-07-22T17:06:56.847
ATTEMPT 3 W0 START 4x2 seed=1315950 2026-07-22T17:06:56.847
ATTEMPT 3 W0 SOLVE 4x2 2026-07-22T17:06:56.863
ATTEMPT 3 W0 DONE 4x2 seed=1315950 nsol=16 0.02s 2026-07-22T17:06:56.886
ATTEMPT 4 W0 START 4x2 seed=1315951 2026-07-22T17:06:56.886
ATTEMPT 4 W0 SOLVE 4x2 2026-07-22T17:06:56.892
ATTEMPT 4 W0 DONE 4x2 seed=1315951 nsol=16 0.01s 2026-07-22T17:06:56.906
ATTEMPT 5 W0 START 4x2 seed=1315952 2026-07-22T17:06:56.907
ATTEMPT 5 W0 SOLVE 4x2 2026-07-22T17:06:56.913
ATTEMPT 5 W0 DONE 4x2 seed=1315952 nsol=16 0.01s 2026-07-22T17:06:56.925
ATTEMPT 6 W0 START 4x2 seed=1315953 2026-07-22T17:06:56.925
ATTEMPT 6 W0 SOLVE 4x2 2026-07-22T17:06:56.939
ATTEMPT 6 W0 DONE 4x2 seed=1315953 nsol=16 0.02s 2026-07-22T17:06:56.955
ATTEMPT 7 W0 START 4x2 seed=1315954 2026-07-22T17:06:56.955
ATTEMPT 7 W0 SOLVE 4x2 2026-07-22T17:06:56.971
ATTEMPT 7 W0 DONE 4x2 seed=1315954 nsol=16 0.03s 2026-07-22T17:06:57.003
ATTEMPT 8 W0 START 4x2 seed=1315955 2026-07-22T17:06:57.003
ATTEMPT 8 W0 SOLVE 4x2 2026-07-22T17:06:57.008
ATTEMPT 8 W0 DONE 4x2 seed=1315955 nsol=16 0.01s 2026-07-22T17:06:57.023
ATTEMPT 9 W0 START 4x2 seed=1315956 2026-07-22T17:06:57.023
ATTEMPT 9 W0 SOLVE 4x2 2026-07-22T17:06:57.030
ATTEMPT 9 W0 DONE 4x2 seed=1315956 nsol=16 0.01s 2026-07-22T17:06:57.044
ATTEMPT 10 W0 START 4x2 seed=1315957 2026-07-22T17:06:57.044
ATTEMPT 10 W0 SOLVE 4x2 2026-07-22T17:06:57.049
ATTEMPT 10 W0 DONE 4x2 seed=1315957 nsol=16 0.01s 2026-07-22T17:06:57.062
ATTEMPT 11 W0 START 4x2 seed=1315958 2026-07-22T17:06:57.063
ATTEMPT 11 W0 SOLVE 4x2 2026-07-22T17:06:57.069
ATTEMPT 11 W0 DONE 4x2 seed=1315958 nsol=16 0.02s 2026-07-22T17:06:57.087
ATTEMPT 12 W0 START 4x2 seed=1315959 2026-07-22T17:06:57.087
ATTEMPT 12 W0 SOLVE 4x2 2026-07-22T17:06:57.094
ATTEMPT 12 W0 DONE 4x2 seed=1315959 nsol=16 0.02s 2026-07-22T17:06:57.119
ATTEMPT 13 W0 START 4x2 seed=1315960 2026-07-22T17:06:57.120
ATTEMPT 13 W0 SOLVE 4x2 2026-07-22T17:06:57.126
ATTEMPT 13 W0 DONE 4x2 seed=1315960 nsol=16 0.01s 2026-07-22T17:06:57.132
ATTEMPT 14 W0 START 4x2 seed=1315961 2026-07-22T17:06:57.132
ATTEMPT 14 W0 SOLVE 4x2 2026-07-22T17:06:57.138
ATTEMPT 14 W0 DONE 4x2 seed=1315961 nsol=16 0.02s 2026-07-22T17:06:57.154
ATTEMPT 15 W0 START 4x2 seed=1315962 2026-07-22T17:06:57.155
ATTEMPT 15 W0 SOLVE 4x2 2026-07-22T17:06:57.160
ATTEMPT 15 W0 DONE 4x2 seed=1315962 nsol=16 0.01s 2026-07-22T17:06:57.168
ATTEMPT 16 W0 START 4x2 seed=1315963 2026-07-22T17:06:57.169
ATTEMPT 16 W0 SOLVE 4x2 2026-07-22T17:06:57.175
ATTEMPT 16 W0 DONE 4x2 seed=1315963 nsol=16 0.02s 2026-07-22T17:06:57.199
ATTEMPT 17 W0 START 4x2 seed=1315964 2026-07-22T17:06:57.199
ATTEMPT 17 W0 SOLVE 4x2 2026-07-22T17:06:57.206
ATTEMPT 17 W0 DONE 4x2 seed=1315964 nsol=16 0.01s 2026-07-22T17:06:57.217
ATTEMPT 18 W0 START 4x2 seed=1315965 2026-07-22T17:06:57.217
ATTEMPT 18 W0 SOLVE 4x2 2026-07-22T17:06:57.223
ATTEMPT 18 W0 DONE 4x2 seed=1315965 nsol=16 0.01s 2026-07-22T17:06:57.231
ATTEMPT 19 W0 START 4x2 seed=1315966 2026-07-22T17:06:57.231
ATTEMPT 19 W0 SOLVE 4x2 2026-07-22T17:06:57.237
ATTEMPT 19 W0 DONE 4x2 seed=1315966 nsol=16 0.03s 2026-07-22T17:06:57.266
ATTEMPT 20 W0 START 4x2 seed=1315967 2026-07-22T17:06:57.267
ATTEMPT 20 W0 SOLVE 4x2 2026-07-22T17:06:57.272
ATTEMPT 20 W0 DONE 4x2 seed=1315967 nsol=16 0.03s 2026-07-22T17:06:57.301
ATTEMPT 21 W0 START 4x2 seed=1315968 2026-07-22T17:06:57.301
ATTEMPT 21 W0 SOLVE 4x2 2026-07-22T17:06:57.307
ATTEMPT 21 W0 DONE 4x2 seed=1315968 nsol=16 0.01s 2026-07-22T17:06:57.318
ATTEMPT 22 W0 START 4x2 seed=1315969 2026-07-22T17:06:57.318
ATTEMPT 22 W0 SOLVE 4x2 2026-07-22T17:06:57.323
ATTEMPT 22 W0 DONE 4x2 seed=1315969 nsol=16 0.01s 2026-07-22T17:06:57.337
ATTEMPT 23 W0 START 4x2 seed=1315970 2026-07-22T17:06:57.337
ATTEMPT 23 W0 SOLVE 4x2 2026-07-22T17:06:57.342
ATTEMPT 23 W0 DONE 4x2 seed=1315970 nsol=16 0.01s 2026-07-22T17:06:57.353
ATTEMPT 24 W0 START 4x2 seed=1315971 2026-07-22T17:06:57.353
ATTEMPT 24 W0 SOLVE 4x2 2026-07-22T17:06:57.359
ATTEMPT 24 W0 DONE 4x2 seed=1315971 nsol=16 0.01s 2026-07-22T17:06:57.365
ATTEMPT 25 W0 START 4x2 seed=1315972 2026-07-22T17:06:57.365
ATTEMPT 25 W0 SOLVE 4x2 2026-07-22T17:06:57.370
ATTEMPT 25 W0 DONE 4x2 seed=1315972 nsol=16 0.01s 2026-07-22T17:06:57.385
ATTEMPT 26 W0 START 4x2 seed=1315973 2026-07-22T17:06:57.385
ATTEMPT 26 W0 SOLVE 4x2 2026-07-22T17:06:57.391
ATTEMPT 26 W0 DONE 4x2 seed=1315973 nsol=16 0.01s 2026-07-22T17:06:57.405
ATTEMPT 27 W0 START 4x2 seed=1315974 2026-07-22T17:06:57.406
ATTEMPT 27 W0 SOLVE 4x2 2026-07-22T17:06:57.411
ATTEMPT 27 W0 DONE 4x2 seed=1315974 nsol=16 0.02s 2026-07-22T17:06:57.426
ATTEMPT 28 W0 START 4x2 seed=1315975 2026-07-22T17:06:57.427
ATTEMPT 28 W0 SOLVE 4x2 2026-07-22T17:06:57.433
ATTEMPT 28 W0 DONE 4x2 seed=1315975 nsol=16 0.02s 2026-07-22T17:06:57.450
ATTEMPT 29 W0 START 4x2 seed=1315976 2026-07-22T17:06:57.451
ATTEMPT 29 W0 SOLVE 4x2 2026-07-22T17:06:57.456
ATTEMPT 29 W0 DONE 4x2 seed=1315976 nsol=16 0.02s 2026-07-22T17:06:57.473
ATTEMPT 30 W0 START 4x2 seed=1315977 2026-07-22T17:06:57.474
ATTEMPT 30 W0 SOLVE 4x2 2026-07-22T17:06:57.481
ATTEMPT 30 W0 DONE 4x2 seed=1315977 nsol=16 0.01s 2026-07-22T17:06:57.489
ATTEMPT 31 W0 START 4x2 seed=1315978 2026-07-22T17:06:57.489
ATTEMPT 31 W0 SOLVE 4x2 2026-07-22T17:06:57.494
ATTEMPT 31 W0 DONE 4x2 seed=1315978 nsol=16 0.07s 2026-07-22T17:06:57.565
ATTEMPT 32 W0 START 4x2 seed=1315979 2026-07-22T17:06:57.565
ATTEMPT 32 W0 SOLVE 4x2 2026-07-22T17:06:57.571
ATTEMPT 32 W0 DONE 4x2 seed=1315979 nsol=16 0.02s 2026-07-22T17:06:57.586
ATTEMPT 33 W0 START 4x2 seed=1315980 2026-07-22T17:06:57.587
ATTEMPT 33 W0 SOLVE 4x2 2026-07-22T17:06:57.592
ATTEMPT 33 W0 DONE 4x2 seed=1315980 nsol=16 0.01s 2026-07-22T17:06:57.606
ATTEMPT 34 W0 START 4x2 seed=1315981 2026-07-22T17:06:57.607
ATTEMPT 34 W0 SOLVE 4x2 2026-07-22T17:06:57.612
ATTEMPT 34 W0 DONE 4x2 seed=1315981 nsol=16 0.03s 2026-07-22T17:06:57.639
ATTEMPT 35 W0 START 4x2 seed=1315982 2026-07-22T17:06:57.639
ATTEMPT 35 W0 SOLVE 4x2 2026-07-22T17:06:57.653
ATTEMPT 35 W0 DONE 4x2 seed=1315982 nsol=16 0.01s 2026-07-22T17:06:57.667
ATTEMPT 36 W0 START 4x2 seed=1315983 2026-07-22T17:06:57.667
ATTEMPT 36 W0 SOLVE 4x2 2026-07-22T17:06:57.681
ATTEMPT 36 W0 DONE 4x2 seed=1315983 nsol=16 0.01s 2026-07-22T17:06:57.689
ATTEMPT 37 W0 START 4x2 seed=1315984 2026-07-22T17:06:57.689
ATTEMPT 37 W0 SOLVE 4x2 2026-07-22T17:06:57.698
ATTEMPT 37 W0 DONE 4x2 seed=1315984 nsol=16 0.02s 2026-07-22T17:06:57.714
ATTEMPT 38 W0 START 4x2 seed=1315985 2026-07-22T17:06:57.714
ATTEMPT 38 W0 SOLVE 4x2 2026-07-22T17:06:57.720
ATTEMPT 38 W0 DONE 4x2 seed=1315985 nsol=16 0.01s 2026-07-22T17:06:57.739
ATTEMPT 39 W0 START 4x2 seed=1315986 2026-07-22T17:06:57.739
ATTEMPT 39 W0 SOLVE 4x2 2026-07-22T17:06:57.749
ATTEMPT 39 W0 DONE 4x2 seed=1315986 nsol=16 0.02s 2026-07-22T17:06:57.771
ATTEMPT 40 W0 START 4x2 seed=1315987 2026-07-22T17:06:57.771
ATTEMPT 40 W0 SOLVE 4x2 2026-07-22T17:06:57.778
ATTEMPT 40 W0 DONE 4x2 seed=1315987 nsol=16 0.02s 2026-07-22T17:06:57.795
ATTEMPT 41 W0 START 4x2 seed=1315988 2026-07-22T17:06:57.795
ATTEMPT 41 W0 SOLVE 4x2 2026-07-22T17:06:57.801
ATTEMPT 41 W0 DONE 4x2 seed=1315988 nsol=16 0.01s 2026-07-22T17:06:57.814
ATTEMPT 42 W0 START 4x2 seed=1315989 2026-07-22T17:06:57.814
ATTEMPT 42 W0 SOLVE 4x2 2026-07-22T17:06:57.825
ATTEMPT 42 W0 DONE 4x2 seed=1315989 nsol=16 0.01s 2026-07-22T17:06:57.844
ATTEMPT 43 W0 START 4x2 seed=1315990 2026-07-22T17:06:57.844
ATTEMPT 43 W0 SOLVE 4x2 2026-07-22T17:06:57.850
ATTEMPT 43 W0 DONE 4x2 seed=1315990 nsol=16 0.01s 2026-07-22T17:06:57.866
ATTEMPT 44 W0 START 4x2 seed=1315991 2026-07-22T17:06:57.867
ATTEMPT 44 W0 SOLVE 4x2 2026-07-22T17:06:57.873
ATTEMPT 44 W0 DONE 4x2 seed=1315991 nsol=16 0.02s 2026-07-22T17:06:57.890
ATTEMPT 45 W0 START 4x2 seed=1315992 2026-07-22T17:06:57.891
ATTEMPT 45 W0 SOLVE 4x2 2026-07-22T17:06:57.906
ATTEMPT 45 W0 DONE 4x2 seed=1315992 nsol=16 0.01s 2026-07-22T17:06:57.922
ATTEMPT 46 W0 START 4x2 seed=1315993 2026-07-22T17:06:57.922
ATTEMPT 46 W0 SOLVE 4x2 2026-07-22T17:06:57.937
ATTEMPT 46 W0 DONE 4x2 seed=1315993 nsol=16 0.02s 2026-07-22T17:06:57.955
ATTEMPT 47 W0 START 4x2 seed=1315994 2026-07-22T17:06:57.955
ATTEMPT 47 W0 SOLVE 4x2 2026-07-22T17:06:57.964
ATTEMPT 47 W0 DONE 4x2 seed=1315994 nsol=16 0.01s 2026-07-22T17:06:57.976
ATTEMPT 48 W0 START 4x2 seed=1315995 2026-07-22T17:06:57.976
ATTEMPT 48 W0 SOLVE 4x2 2026-07-22T17:06:57.990
ATTEMPT 48 W0 DONE 4x2 seed=1315995 nsol=16 0.02s 2026-07-22T17:06:58.013
ATTEMPT 49 W0 START 4x2 seed=1315996 2026-07-22T17:06:58.014
ATTEMPT 49 W0 SOLVE 4x2 2026-07-22T17:06:58.028
ATTEMPT 49 W0 DONE 4x2 seed=1315996 nsol=16 0.01s 2026-07-22T17:06:58.042
ATTEMPT 50 W0 START 4x2 seed=1315997 2026-07-22T17:06:58.043
ATTEMPT 50 W0 SOLVE 4x2 2026-07-22T17:06:58.050
ATTEMPT 50 W0 DONE 4x2 seed=1315997 nsol=16 0.02s 2026-07-22T17:06:58.074
ATTEMPT 51 W0 START 4x2 seed=1315998 2026-07-22T17:06:58.074
ATTEMPT 51 W0 SOLVE 4x2 2026-07-22T17:06:58.082
ATTEMPT 51 W0 DONE 4x2 seed=1315998 nsol=16 0.01s 2026-07-22T17:06:58.090
ATTEMPT 52 W0 START 4x2 seed=1315999 2026-07-22T17:06:58.090
ATTEMPT 52 W0 SOLVE 4x2 2026-07-22T17:06:58.096
ATTEMPT 52 W0 DONE 4x2 seed=1315999 nsol=16 0.01s 2026-07-22T17:06:58.111
ATTEMPT 53 W0 START 4x2 seed=1316000 2026-07-22T17:06:58.111
ATTEMPT 53 W0 SOLVE 4x2 2026-07-22T17:06:58.120
ATTEMPT 53 W0 DONE 4x2 seed=1316000 nsol=16 0.02s 2026-07-22T17:06:58.139
ATTEMPT 54 W0 START 4x2 seed=1316001 2026-07-22T17:06:58.139
ATTEMPT 54 W0 SOLVE 4x2 2026-07-22T17:06:58.145
ATTEMPT 54 W0 DONE 4x2 seed=1316001 nsol=16 0.01s 2026-07-22T17:06:58.159
ATTEMPT 55 W0 START 4x2 seed=1316002 2026-07-22T17:06:58.159
ATTEMPT 55 W0 SOLVE 4x2 2026-07-22T17:06:58.164
ATTEMPT 55 W0 DONE 4x2 seed=1316002 nsol=16 0.01s 2026-07-22T17:06:58.175
ATTEMPT 56 W0 START 4x2 seed=1316003 2026-07-22T17:06:58.176
ATTEMPT 56 W0 SOLVE 4x2 2026-07-22T17:06:58.181
ATTEMPT 56 W0 DONE 4x2 seed=1316003 nsol=16 0.02s 2026-07-22T17:06:58.199
ATTEMPT 57 W0 START 4x2 seed=1316004 2026-07-22T17:06:58.199
ATTEMPT 57 W0 SOLVE 4x2 2026-07-22T17:06:58.207
ATTEMPT 57 W0 DONE 4x2 seed=1316004 nsol=16 0.02s 2026-07-22T17:06:58.223
ATTEMPT 58 W0 START 4x2 seed=1316005 2026-07-22T17:06:58.223
ATTEMPT 58 W0 SOLVE 4x2 2026-07-22T17:06:58.231
ATTEMPT 58 W0 DONE 4x2 seed=1316005 nsol=16 0.01s 2026-07-22T17:06:58.246
ATTEMPT 59 W0 START 4x2 seed=1316006 2026-07-22T17:06:58.247
ATTEMPT 59 W0 SOLVE 4x2 2026-07-22T17:06:58.253
ATTEMPT 59 W0 DONE 4x2 seed=1316006 nsol=16 0.02s 2026-07-22T17:06:58.274
ATTEMPT 60 W0 START 4x2 seed=1316007 2026-07-22T17:06:58.275
ATTEMPT 60 W0 SOLVE 4x2 2026-07-22T17:06:58.281
ATTEMPT 60 W0 DONE 4x2 seed=1316007 nsol=16 0.02s 2026-07-22T17:06:58.303
ATTEMPT 61 W0 START 4x2 seed=1316008 2026-07-22T17:06:58.303
ATTEMPT 61 W0 SOLVE 4x2 2026-07-22T17:06:58.308
ATTEMPT 61 W0 DONE 4x2 seed=1316008 nsol=16 0.01s 2026-07-22T17:06:58.320
ATTEMPT 62 W0 START 4x2 seed=1316009 2026-07-22T17:06:58.321
ATTEMPT 62 W0 SOLVE 4x2 2026-07-22T17:06:58.330
ATTEMPT 62 W0 DONE 4x2 seed=1316009 nsol=16 0.01s 2026-07-22T17:06:58.338
ATTEMPT 63 W0 START 4x2 seed=1316010 2026-07-22T17:06:58.338
ATTEMPT 63 W0 SOLVE 4x2 2026-07-22T17:06:58.344
ATTEMPT 63 W0 DONE 4x2 seed=1316010 nsol=16 0.02s 2026-07-22T17:06:58.361
ATTEMPT 64 W0 START 4x2 seed=1316011 2026-07-22T17:06:58.361
ATTEMPT 64 W0 SOLVE 4x2 2026-07-22T17:06:58.369
ATTEMPT 64 W0 DONE 4x2 seed=1316011 nsol=16 0.02s 2026-07-22T17:06:58.387
ATTEMPT 65 W0 START 4x2 seed=1316012 2026-07-22T17:06:58.387
ATTEMPT 65 W0 SOLVE 4x2 2026-07-22T17:06:58.394
ATTEMPT 65 W0 DONE 4x2 seed=1316012 nsol=16 0.02s 2026-07-22T17:06:58.411
ATTEMPT 66 W0 START 4x2 seed=1316013 2026-07-22T17:06:58.411
ATTEMPT 66 W0 SOLVE 4x2 2026-07-22T17:06:58.418
ATTEMPT 66 W0 DONE 4x2 seed=1316013 nsol=16 0.02s 2026-07-22T17:06:58.439
ATTEMPT 67 W0 START 4x2 seed=1316014 2026-07-22T17:06:58.439
ATTEMPT 67 W0 SOLVE 4x2 2026-07-22T17:06:58.447
ATTEMPT 67 W0 DONE 4x2 seed=1316014 nsol=16 0.01s 2026-07-22T17:06:58.458
ATTEMPT 68 W0 START 4x2 seed=1316015 2026-07-22T17:06:58.458
ATTEMPT 68 W0 SOLVE 4x2 2026-07-22T17:06:58.466
ATTEMPT 68 W0 DONE 4x2 seed=1316015 nsol=16 0.02s 2026-07-22T17:06:58.483
ATTEMPT 69 W0 START 4x2 seed=1316016 2026-07-22T17:06:58.483
ATTEMPT 69 W0 SOLVE 4x2 2026-07-22T17:06:58.490
ATTEMPT 69 W0 DONE 4x2 seed=1316016 nsol=16 0.01s 2026-07-22T17:06:58.497
ATTEMPT 70 W0 START 4x2 seed=1316017 2026-07-22T17:06:58.497
ATTEMPT 70 W0 SOLVE 4x2 2026-07-22T17:06:58.504
ATTEMPT 70 W0 DONE 4x2 seed=1316017 nsol=16 0.02s 2026-07-22T17:06:58.526
ATTEMPT 71 W0 START 4x2 seed=1316018 2026-07-22T17:06:58.527
ATTEMPT 71 W0 SOLVE 4x2 2026-07-22T17:06:58.532
ATTEMPT 71 W0 DONE 4x2 seed=1316018 nsol=16 0.02s 2026-07-22T17:06:58.551
ATTEMPT 72 W0 START 4x2 seed=1316019 2026-07-22T17:06:58.551
ATTEMPT 72 W0 SOLVE 4x2 2026-07-22T17:06:58.557
ATTEMPT 72 W0 DONE 4x2 seed=1316019 nsol=16 0.01s 2026-07-22T17:06:58.564
ATTEMPT 73 W0 START 4x2 seed=1316020 2026-07-22T17:06:58.564
ATTEMPT 73 W0 SOLVE 4x2 2026-07-22T17:06:58.571
ATTEMPT 73 W0 DONE 4x2 seed=1316020 nsol=16 0.02s 2026-07-22T17:06:58.591
ATTEMPT 74 W0 START 4x2 seed=1316021 2026-07-22T17:06:58.592
ATTEMPT 74 W0 SOLVE 4x2 2026-07-22T17:06:58.597
ATTEMPT 74 W0 DONE 4x2 seed=1316021 nsol=16 0.01s 2026-07-22T17:06:58.612
ATTEMPT 75 W0 START 4x2 seed=1316022 2026-07-22T17:06:58.612
ATTEMPT 75 W0 SOLVE 4x2 2026-07-22T17:06:58.617
ATTEMPT 75 W0 DONE 4x2 seed=1316022 nsol=16 0.07s 2026-07-22T17:06:58.682
ATTEMPT 76 W0 START 4x2 seed=1316023 2026-07-22T17:06:58.683
ATTEMPT 76 W0 SOLVE 4x2 2026-07-22T17:06:58.690
ATTEMPT 76 W0 DONE 4x2 seed=1316023 nsol=16 0.01s 2026-07-22T17:06:58.702
ATTEMPT 77 W0 START 4x2 seed=1316024 2026-07-22T17:06:58.702
ATTEMPT 77 W0 SOLVE 4x2 2026-07-22T17:06:58.709
ATTEMPT 77 W0 DONE 4x2 seed=1316024 nsol=16 0.01s 2026-07-22T17:06:58.722
ATTEMPT 78 W0 START 4x2 seed=1316025 2026-07-22T17:06:58.722
ATTEMPT 78 W0 SOLVE 4x2 2026-07-22T17:06:58.729
ATTEMPT 78 W0 DONE 4x2 seed=1316025 nsol=16 0.01s 2026-07-22T17:06:58.738
ATTEMPT 79 W0 START 4x2 seed=1316026 2026-07-22T17:06:58.738
ATTEMPT 79 W0 SOLVE 4x2 2026-07-22T17:06:58.744
ATTEMPT 79 W0 DONE 4x2 seed=1316026 nsol=16 0.01s 2026-07-22T17:06:58.759
ATTEMPT 80 W0 START 4x2 seed=1316027 2026-07-22T17:06:58.759
ATTEMPT 80 W0 SOLVE 4x2 2026-07-22T17:06:58.765
ATTEMPT 80 W0 DONE 4x2 seed=1316027 nsol=16 0.02s 2026-07-22T17:06:58.782
ATTEMPT 81 W0 START 4x2 seed=1316028 2026-07-22T17:06:58.782
ATTEMPT 81 W0 SOLVE 4x2 2026-07-22T17:06:58.792
ATTEMPT 81 W0 DONE 4x2 seed=1316028 nsol=16 0.02s 2026-07-22T17:06:58.811
ATTEMPT 82 W0 START 4x2 seed=1316029 2026-07-22T17:06:58.811
ATTEMPT 82 W0 SOLVE 4x2 2026-07-22T17:06:58.819
ATTEMPT 82 W0 DONE 4x2 seed=1316029 nsol=16 0.01s 2026-07-22T17:06:58.830
ATTEMPT 83 W0 START 4x2 seed=1316030 2026-07-22T17:06:58.830
ATTEMPT 83 W0 SOLVE 4x2 2026-07-22T17:06:58.839
ATTEMPT 83 W0 DONE 4x2 seed=1316030 nsol=16 0.02s 2026-07-22T17:06:58.860
ATTEMPT 84 W0 START 4x2 seed=1316031 2026-07-22T17:06:58.860
ATTEMPT 84 W0 SOLVE 4x2 2026-07-22T17:06:58.869
ATTEMPT 84 W0 DONE 4x2 seed=1316031 nsol=16 0.02s 2026-07-22T17:06:58.886
ATTEMPT 85 W0 START 4x2 seed=1316032 2026-07-22T17:06:58.887
ATTEMPT 85 W0 SOLVE 4x2 2026-07-22T17:06:58.896
ATTEMPT 85 W0 DONE 4x2 seed=1316032 nsol=16 0.02s 2026-07-22T17:06:58.911
ATTEMPT 86 W0 START 4x2 seed=1316033 2026-07-22T17:06:58.911
ATTEMPT 86 W0 SOLVE 4x2 2026-07-22T17:06:58.919
ATTEMPT 86 W0 DONE 4x2 seed=1316033 nsol=16 0.02s 2026-07-22T17:06:58.935
ATTEMPT 87 W0 START 4x2 seed=1316034 2026-07-22T17:06:58.935
ATTEMPT 87 W0 SOLVE 4x2 2026-07-22T17:06:58.946
ATTEMPT 87 W0 DONE 4x2 seed=1316034 nsol=16 0.02s 2026-07-22T17:06:58.967
ATTEMPT 88 W0 START 4x2 seed=1316035 2026-07-22T17:06:58.968
ATTEMPT 88 W0 SOLVE 4x2 2026-07-22T17:06:58.974
ATTEMPT 88 W0 DONE 4x2 seed=1316035 nsol=16 0.02s 2026-07-22T17:06:58.990
ATTEMPT 89 W0 START 4x2 seed=1316036 2026-07-22T17:06:58.991
ATTEMPT 89 W0 SOLVE 4x2 2026-07-22T17:06:59
ATTEMPT 89 W0 DONE 4x2 seed=1316036 nsol=16 0.02s 2026-07-22T17:06:59.016
ATTEMPT 90 W0 START 4x2 seed=1316037 2026-07-22T17:06:59.016
ATTEMPT 90 W0 SOLVE 4x2 2026-07-22T17:06:59.024
ATTEMPT 90 W0 DONE 4x2 seed=1316037 nsol=16 0.02s 2026-07-22T17:06:59.048
ATTEMPT 91 W0 START 4x2 seed=1316038 2026-07-22T17:06:59.048
ATTEMPT 91 W0 SOLVE 4x2 2026-07-22T17:06:59.064
ATTEMPT 91 W0 DONE 4x2 seed=1316038 nsol=16 0.02s 2026-07-22T17:06:59.083
ATTEMPT 92 W0 START 4x2 seed=1316039 2026-07-22T17:06:59.083
ATTEMPT 92 W0 SOLVE 4x2 2026-07-22T17:06:59.090
ATTEMPT 92 W0 DONE 4x2 seed=1316039 nsol=16 0.02s 2026-07-22T17:06:59.107
ATTEMPT 93 W0 START 4x2 seed=1316040 2026-07-22T17:06:59.107
ATTEMPT 93 W0 SOLVE 4x2 2026-07-22T17:06:59.114
ATTEMPT 93 W0 DONE 4x2 seed=1316040 nsol=16 0.01s 2026-07-22T17:06:59.128
ATTEMPT 94 W0 START 4x2 seed=1316041 2026-07-22T17:06:59.128
ATTEMPT 94 W0 SOLVE 4x2 2026-07-22T17:06:59.144
ATTEMPT 94 W0 DONE 4x2 seed=1316041 nsol=16 0.02s 2026-07-22T17:06:59.167
ATTEMPT 95 W0 START 4x2 seed=1316042 2026-07-22T17:06:59.167
ATTEMPT 95 W0 SOLVE 4x2 2026-07-22T17:06:59.181
ATTEMPT 95 W0 DONE 4x2 seed=1316042 nsol=16 0.02s 2026-07-22T17:06:59.203
ATTEMPT 96 W0 START 4x2 seed=1316043 2026-07-22T17:06:59.204
ATTEMPT 96 W0 SOLVE 4x2 2026-07-22T17:06:59.210
ATTEMPT 96 W0 DONE 4x2 seed=1316043 nsol=16 0.01s 2026-07-22T17:06:59.222
ATTEMPT 97 W0 START 4x2 seed=1316044 2026-07-22T17:06:59.223
ATTEMPT 97 W0 SOLVE 4x2 2026-07-22T17:06:59.230
ATTEMPT 97 W0 DONE 4x2 seed=1316044 nsol=16 0.02s 2026-07-22T17:06:59.247
ATTEMPT 98 W0 START 4x2 seed=1316045 2026-07-22T17:06:59.247
ATTEMPT 98 W0 SOLVE 4x2 2026-07-22T17:06:59.253
ATTEMPT 98 W0 DONE 4x2 seed=1316045 nsol=16 0.02s 2026-07-22T17:06:59.271
ATTEMPT 99 W0 START 4x2 seed=1316046 2026-07-22T17:06:59.271
ATTEMPT 99 W0 SOLVE 4x2 2026-07-22T17:06:59.277
ATTEMPT 99 W0 DONE 4x2 seed=1316046 nsol=16 0.01s 2026-07-22T17:06:59.289
ATTEMPT 100 W0 START 4x2 seed=1316047 2026-07-22T17:06:59.290
ATTEMPT 100 W0 SOLVE 4x2 2026-07-22T17:06:59.296
ATTEMPT 100 W0 DONE 4x2 seed=1316047 nsol=16 0.01s 2026-07-22T17:06:59.306
ATTEMPT 101 W0 START 4x2 seed=1316048 2026-07-22T17:06:59.307
ATTEMPT 101 W0 SOLVE 4x2 2026-07-22T17:06:59.313
ATTEMPT 101 W0 DONE 4x2 seed=1316048 nsol=16 0.01s 2026-07-22T17:06:59.321
ATTEMPT 102 W0 START 4x2 seed=1316049 2026-07-22T17:06:59.321
ATTEMPT 102 W0 SOLVE 4x2 2026-07-22T17:06:59.329
ATTEMPT 102 W0 DONE 4x2 seed=1316049 nsol=16 0.01s 2026-07-22T17:06:59.339
ATTEMPT 103 W0 START 4x2 seed=1316050 2026-07-22T17:06:59.339
ATTEMPT 103 W0 SOLVE 4x2 2026-07-22T17:06:59.347
ATTEMPT 103 W0 DONE 4x2 seed=1316050 nsol=16 0.01s 2026-07-22T17:06:59.360
ATTEMPT 104 W0 START 4x2 seed=1316051 2026-07-22T17:06:59.360
ATTEMPT 104 W0 SOLVE 4x2 2026-07-22T17:06:59.368
ATTEMPT 104 W0 DONE 4x2 seed=1316051 nsol=16 0.01s 2026-07-22T17:06:59.379
ATTEMPT 105 W0 START 4x2 seed=1316052 2026-07-22T17:06:59.379
ATTEMPT 105 W0 SOLVE 4x2 2026-07-22T17:06:59.385
ATTEMPT 105 W0 DONE 4x2 seed=1316052 nsol=16 0.01s 2026-07-22T17:06:59.394
ATTEMPT 106 W0 START 4x2 seed=1316053 2026-07-22T17:06:59.394
ATTEMPT 106 W0 SOLVE 4x2 2026-07-22T17:06:59.402
ATTEMPT 106 W0 DONE 4x2 seed=1316053 nsol=16 0.01s 2026-07-22T17:06:59.409
ATTEMPT 107 W0 START 4x2 seed=1316054 2026-07-22T17:06:59.409
ATTEMPT 107 W0 SOLVE 4x2 2026-07-22T17:06:59.415
ATTEMPT 107 W0 DONE 4x2 seed=1316054 nsol=16 0.01s 2026-07-22T17:06:59.420
ATTEMPT 108 W0 START 4x2 seed=1316055 2026-07-22T17:06:59.420
ATTEMPT 108 W0 SOLVE 4x2 2026-07-22T17:06:59.427
ATTEMPT 108 W0 DONE 4x2 seed=1316055 nsol=16 0.01s 2026-07-22T17:06:59.434
ATTEMPT 109 W0 START 4x2 seed=1316056 2026-07-22T17:06:59.435
ATTEMPT 109 W0 SOLVE 4x2 2026-07-22T17:06:59.441
ATTEMPT 109 W0 DONE 4x2 seed=1316056 nsol=16 0.02s 2026-07-22T17:06:59.458
ATTEMPT 110 W0 START 4x2 seed=1316057 2026-07-22T17:06:59.459
ATTEMPT 110 W0 SOLVE 4x2 2026-07-22T17:06:59.465
ATTEMPT 110 W0 DONE 4x2 seed=1316057 nsol=16 0.02s 2026-07-22T17:06:59.480
ATTEMPT 111 W0 START 4x2 seed=1316058 2026-07-22T17:06:59.481
ATTEMPT 111 W0 SOLVE 4x2 2026-07-22T17:06:59.486
ATTEMPT 111 W0 DONE 4x2 seed=1316058 nsol=16 0.01s 2026-07-22T17:06:59.494
ATTEMPT 112 W0 START 4x2 seed=1316059 2026-07-22T17:06:59.495
ATTEMPT 112 W0 SOLVE 4x2 2026-07-22T17:06:59.503
ATTEMPT 112 W0 DONE 4x2 seed=1316059 nsol=16 0.01s 2026-07-22T17:06:59.515
ATTEMPT 113 W0 START 4x2 seed=1316060 2026-07-22T17:06:59.515
ATTEMPT 113 W0 SOLVE 4x2 2026-07-22T17:06:59.522
ATTEMPT 113 W0 DONE 4x2 seed=1316060 nsol=16 0.01s 2026-07-22T17:06:59.535
ATTEMPT 114 W0 START 4x2 seed=1316061 2026-07-22T17:06:59.535
ATTEMPT 114 W0 SOLVE 4x2 2026-07-22T17:06:59.546
ATTEMPT 114 W0 DONE 4x2 seed=1316061 nsol=16 0.02s 2026-07-22T17:06:59.563
ATTEMPT 115 W0 START 4x2 seed=1316062 2026-07-22T17:06:59.564
ATTEMPT 115 W0 SOLVE 4x2 2026-07-22T17:06:59.571
ATTEMPT 115 W0 DONE 4x2 seed=1316062 nsol=16 0.01s 2026-07-22T17:06:59.578
ATTEMPT 116 W0 START 4x2 seed=1316063 2026-07-22T17:06:59.578
ATTEMPT 116 W0 SOLVE 4x2 2026-07-22T17:06:59.584
ATTEMPT 116 W0 DONE 4x2 seed=1316063 nsol=16 0.10s 2026-07-22T17:06:59.682
ATTEMPT 117 W0 START 4x2 seed=1316064 2026-07-22T17:06:59.683
ATTEMPT 117 W0 SOLVE 4x2 2026-07-22T17:06:59.706
ATTEMPT 117 W0 DONE 4x2 seed=1316064 nsol=16 0.02s 2026-07-22T17:06:59.731
ATTEMPT 118 W0 START 4x2 seed=1316065 2026-07-22T17:06:59.731
ATTEMPT 118 W0 SOLVE 4x2 2026-07-22T17:06:59.748
ATTEMPT 118 W0 DONE 4x2 seed=1316065 nsol=16 0.01s 2026-07-22T17:06:59.762
ATTEMPT 119 W0 START 4x2 seed=1316066 2026-07-22T17:06:59.762
ATTEMPT 119 W0 SOLVE 4x2 2026-07-22T17:06:59.769
ATTEMPT 119 W0 DONE 4x2 seed=1316066 nsol=16 0.03s 2026-07-22T17:06:59.795
ATTEMPT 120 W0 START 4x2 seed=1316067 2026-07-22T17:06:59.796
ATTEMPT 120 W0 SOLVE 4x2 2026-07-22T17:06:59.804
ATTEMPT 120 W0 DONE 4x2 seed=1316067 nsol=16 0.01s 2026-07-22T17:06:59.816
ATTEMPT 121 W0 START 4x2 seed=1316068 2026-07-22T17:06:59.816
ATTEMPT 121 W0 SOLVE 4x2 2026-07-22T17:06:59.823
ATTEMPT 121 W0 DONE 4x2 seed=1316068 nsol=16 0.01s 2026-07-22T17:06:59.832
ATTEMPT 122 W0 START 4x2 seed=1316069 2026-07-22T17:06:59.832
ATTEMPT 122 W0 SOLVE 4x2 2026-07-22T17:06:59.842
ATTEMPT 122 W0 DONE 4x2 seed=1316069 nsol=16 0.02s 2026-07-22T17:06:59.859
ATTEMPT 123 W0 START 4x2 seed=1316070 2026-07-22T17:06:59.859
ATTEMPT 123 W0 SOLVE 4x2 2026-07-22T17:06:59.864
ATTEMPT 123 W0 DONE 4x2 seed=1316070 nsol=16 0.01s 2026-07-22T17:06:59.873
ATTEMPT 124 W0 START 4x2 seed=1316071 2026-07-22T17:06:59.873
ATTEMPT 124 W0 SOLVE 4x2 2026-07-22T17:06:59.882
ATTEMPT 124 W0 DONE 4x2 seed=1316071 nsol=16 0.01s 2026-07-22T17:06:59.890
ATTEMPT 125 W0 START 4x2 seed=1316072 2026-07-22T17:06:59.890
ATTEMPT 125 W0 SOLVE 4x2 2026-07-22T17:06:59.899
ATTEMPT 125 W0 DONE 4x2 seed=1316072 nsol=16 0.02s 2026-07-22T17:06:59.914
ATTEMPT 126 W0 START 4x2 seed=1316073 2026-07-22T17:06:59.915
ATTEMPT 126 W0 SOLVE 4x2 2026-07-22T17:06:59.930
ATTEMPT 126 W0 DONE 4x2 seed=1316073 nsol=16 0.02s 2026-07-22T17:06:59.945
ATTEMPT 127 W0 START 4x2 seed=1316074 2026-07-22T17:06:59.945
ATTEMPT 127 W0 SOLVE 4x2 2026-07-22T17:06:59.962
ATTEMPT 127 W0 DONE 4x2 seed=1316074 nsol=16 0.01s 2026-07-22T17:06:59.974
ATTEMPT 128 W0 START 4x2 seed=1316075 2026-07-22T17:06:59.974
ATTEMPT 128 W0 SOLVE 4x2 2026-07-22T17:06:59.992
ATTEMPT 128 W0 DONE 4x2 seed=1316075 nsol=16 0.02s 2026-07-22T17:07:00.011
ATTEMPT 129 W0 START 4x2 seed=1316076 2026-07-22T17:07:00.011
ATTEMPT 129 W0 SOLVE 4x2 2026-07-22T17:07:00.019
ATTEMPT 129 W0 DONE 4x2 seed=1316076 nsol=16 0.02s 2026-07-22T17:07:00.039
ATTEMPT 130 W0 START 4x2 seed=1316077 2026-07-22T17:07:00.039
ATTEMPT 130 W0 SOLVE 4x2 2026-07-22T17:07:00.048
ATTEMPT 130 W0 DONE 4x2 seed=1316077 nsol=16 0.02s 2026-07-22T17:07:00.067
ATTEMPT 131 W0 START 4x2 seed=1316078 2026-07-22T17:07:00.067
ATTEMPT 131 W0 SOLVE 4x2 2026-07-22T17:07:00.074
ATTEMPT 131 W0 DONE 4x2 seed=1316078 nsol=16 0.02s 2026-07-22T17:07:00.091
ATTEMPT 132 W0 START 4x2 seed=1316079 2026-07-22T17:07:00.091
ATTEMPT 132 W0 SOLVE 4x2 2026-07-22T17:07:00.097
ATTEMPT 132 W0 DONE 4x2 seed=1316079 nsol=16 0.02s 2026-07-22T17:07:00.114
ATTEMPT 133 W0 START 4x2 seed=1316080 2026-07-22T17:07:00.115
ATTEMPT 133 W0 SOLVE 4x2 2026-07-22T17:07:00.121
ATTEMPT 133 W0 DONE 4x2 seed=1316080 nsol=16 0.01s 2026-07-22T17:07:00.135
ATTEMPT 134 W0 START 4x2 seed=1316081 2026-07-22T17:07:00.135
ATTEMPT 134 W0 SOLVE 4x2 2026-07-22T17:07:00.142
ATTEMPT 134 W0 DONE 4x2 seed=1316081 nsol=16 0.02s 2026-07-22T17:07:00.159
ATTEMPT 135 W0 START 4x2 seed=1316082 2026-07-22T17:07:00.160
ATTEMPT 135 W0 SOLVE 4x2 2026-07-22T17:07:00.168
ATTEMPT 135 W0 DONE 4x2 seed=1316082 nsol=16 0.02s 2026-07-22T17:07:00.187
ATTEMPT 136 W0 START 4x2 seed=1316083 2026-07-22T17:07:00.187
ATTEMPT 136 W0 SOLVE 4x2 2026-07-22T17:07:00.196
ATTEMPT 136 W0 DONE 4x2 seed=1316083 nsol=16 0.01s 2026-07-22T17:07:00.211
ATTEMPT 137 W0 START 4x2 seed=1316084 2026-07-22T17:07:00.211
ATTEMPT 137 W0 SOLVE 4x2 2026-07-22T17:07:00.217
ATTEMPT 137 W0 DONE 4x2 seed=1316084 nsol=16 0.01s 2026-07-22T17:07:00.231
ATTEMPT 138 W0 START 4x2 seed=1316085 2026-07-22T17:07:00.232
ATTEMPT 138 W0 SOLVE 4x2 2026-07-22T17:07:00.238
ATTEMPT 138 W0 DONE 4x2 seed=1316085 nsol=16 0.01s 2026-07-22T17:07:00.246
ATTEMPT 139 W0 START 4x2 seed=1316086 2026-07-22T17:07:00.246
ATTEMPT 139 W0 SOLVE 4x2 2026-07-22T17:07:00.253
ATTEMPT 139 W0 DONE 4x2 seed=1316086 nsol=16 0.02s 2026-07-22T17:07:00.271
ATTEMPT 140 W0 START 4x2 seed=1316087 2026-07-22T17:07:00.271
ATTEMPT 140 W0 SOLVE 4x2 2026-07-22T17:07:00.276
ATTEMPT 140 W0 DONE 4x2 seed=1316087 nsol=16 0.01s 2026-07-22T17:07:00.286
ATTEMPT 141 W0 START 4x2 seed=1316088 2026-07-22T17:07:00.286
ATTEMPT 141 W0 SOLVE 4x2 2026-07-22T17:07:00.292
ATTEMPT 141 W0 DONE 4x2 seed=1316088 nsol=16 0.01s 2026-07-22T17:07:00.306
ATTEMPT 142 W0 START 4x2 seed=1316089 2026-07-22T17:07:00.307
ATTEMPT 142 W0 SOLVE 4x2 2026-07-22T17:07:00.313
ATTEMPT 142 W0 DONE 4x2 seed=1316089 nsol=16 0.02s 2026-07-22T17:07:00.331
ATTEMPT 143 W0 START 4x2 seed=1316090 2026-07-22T17:07:00.331
ATTEMPT 143 W0 SOLVE 4x2 2026-07-22T17:07:00.336
ATTEMPT 143 W0 DONE 4x2 seed=1316090 nsol=16 0.01s 2026-07-22T17:07:00.347
ATTEMPT 144 W0 START 4x2 seed=1316091 2026-07-22T17:07:00.348
ATTEMPT 144 W0 SOLVE 4x2 2026-07-22T17:07:00.354
ATTEMPT 144 W0 DONE 4x2 seed=1316091 nsol=16 0.01s 2026-07-22T17:07:00.361
ATTEMPT 145 W0 START 4x2 seed=1316092 2026-07-22T17:07:00.362
ATTEMPT 145 W0 SOLVE 4x2 2026-07-22T17:07:00.369
ATTEMPT 145 W0 DONE 4x2 seed=1316092 nsol=16 0.03s 2026-07-22T17:07:00.395
ATTEMPT 146 W0 START 4x2 seed=1316093 2026-07-22T17:07:00.395
ATTEMPT 146 W0 SOLVE 4x2 2026-07-22T17:07:00.403
ATTEMPT 146 W0 DONE 4x2 seed=1316093 nsol=16 0.02s 2026-07-22T17:07:00.420
ATTEMPT 147 W0 START 4x2 seed=1316094 2026-07-22T17:07:00.422
ATTEMPT 147 W0 SOLVE 4x2 2026-07-22T17:07:00.429
ATTEMPT 147 W0 DONE 4x2 seed=1316094 nsol=16 0.01s 2026-07-22T17:07:00.438
ATTEMPT 148 W0 START 4x2 seed=1316095 2026-07-22T17:07:00.439
ATTEMPT 148 W0 SOLVE 4x2 2026-07-22T17:07:00.446
ATTEMPT 148 W0 DONE 4x2 seed=1316095 nsol=16 0.02s 2026-07-22T17:07:00.466
ATTEMPT 149 W0 START 4x2 seed=1316096 2026-07-22T17:07:00.467
ATTEMPT 149 W0 SOLVE 4x2 2026-07-22T17:07:00.476
ATTEMPT 149 W0 DONE 4x2 seed=1316096 nsol=16 0.01s 2026-07-22T17:07:00.490
ATTEMPT 150 W0 START 4x2 seed=1316097 2026-07-22T17:07:00.490
ATTEMPT 150 W0 SOLVE 4x2 2026-07-22T17:07:00.504
ATTEMPT 150 W0 DONE 4x2 seed=1316097 nsol=16 0.07s 2026-07-22T17:07:00.579
ATTEMPT 151 W0 START 4x2 seed=1316098 2026-07-22T17:07:00.599
ATTEMPT 151 W0 SOLVE 4x2 2026-07-22T17:07:00.610
ATTEMPT 151 W0 DONE 4x2 seed=1316098 nsol=16 0.02s 2026-07-22T17:07:00.638
ATTEMPT 152 W0 START 4x2 seed=1316099 2026-07-22T17:07:00.638
ATTEMPT 152 W0 SOLVE 4x2 2026-07-22T17:07:00.644
ATTEMPT 152 W0 DONE 4x2 seed=1316099 nsol=16 0.01s 2026-07-22T17:07:00.659
ATTEMPT 153 W0 START 4x2 seed=1316100 2026-07-22T17:07:00.659
ATTEMPT 153 W0 SOLVE 4x2 2026-07-22T17:07:00.666
ATTEMPT 153 W0 DONE 4x2 seed=1316100 nsol=16 0.02s 2026-07-22T17:07:00.683
ATTEMPT 154 W0 START 4x2 seed=1316101 2026-07-22T17:07:00.683
ATTEMPT 154 W0 SOLVE 4x2 2026-07-22T17:07:00.691
ATTEMPT 154 W0 DONE 4x2 seed=1316101 nsol=16 0.01s 2026-07-22T17:07:00.703
ATTEMPT 155 W0 START 4x2 seed=1316102 2026-07-22T17:07:00.703
ATTEMPT 155 W0 SOLVE 4x2 2026-07-22T17:07:00.710
ATTEMPT 155 W0 DONE 4x2 seed=1316102 nsol=16 0.01s 2026-07-22T17:07:00.718
ATTEMPT 156 W0 START 4x2 seed=1316103 2026-07-22T17:07:00.719
ATTEMPT 156 W0 SOLVE 4x2 2026-07-22T17:07:00.725
ATTEMPT 156 W0 DONE 4x2 seed=1316103 nsol=16 0.01s 2026-07-22T17:07:00.739
ATTEMPT 157 W0 START 4x2 seed=1316104 2026-07-22T17:07:00.739
ATTEMPT 157 W0 SOLVE 4x2 2026-07-22T17:07:00.745
ATTEMPT 157 W0 DONE 4x2 seed=1316104 nsol=16 0.02s 2026-07-22T17:07:00.762
ATTEMPT 158 W0 START 4x2 seed=1316105 2026-07-22T17:07:00.762
ATTEMPT 158 W0 SOLVE 4x2 2026-07-22T17:07:00.769
ATTEMPT 158 W0 DONE 4x2 seed=1316105 nsol=16 0.01s 2026-07-22T17:07:00.778
ATTEMPT 159 W0 START 4x2 seed=1316106 2026-07-22T17:07:00.778
ATTEMPT 159 W0 SOLVE 4x2 2026-07-22T17:07:00.787
ATTEMPT 159 W0 DONE 4x2 seed=1316106 nsol=16 0.01s 2026-07-22T17:07:00.798
ATTEMPT 160 W0 START 4x2 seed=1316107 2026-07-22T17:07:00.799
ATTEMPT 160 W0 SOLVE 4x2 2026-07-22T17:07:00.807
ATTEMPT 160 W0 DONE 4x2 seed=1316107 nsol=16 0.02s 2026-07-22T17:07:00.823
ATTEMPT 161 W0 START 4x2 seed=1316108 2026-07-22T17:07:00.823
ATTEMPT 161 W0 SOLVE 4x2 2026-07-22T17:07:00.830
ATTEMPT 161 W0 DONE 4x2 seed=1316108 nsol=16 0.01s 2026-07-22T17:07:00.843
ATTEMPT 162 W0 START 4x2 seed=1316109 2026-07-22T17:07:00.843
ATTEMPT 162 W0 SOLVE 4x2 2026-07-22T17:07:00.851
ATTEMPT 162 W0 DONE 4x2 seed=1316109 nsol=16 0.02s 2026-07-22T17:07:00.867
ATTEMPT 163 W0 START 4x2 seed=1316110 2026-07-22T17:07:00.867
ATTEMPT 163 W0 SOLVE 4x2 2026-07-22T17:07:00.873
ATTEMPT 163 W0 DONE 4x2 seed=1316110 nsol=16 0.02s 2026-07-22T17:07:00.892
ATTEMPT 164 W0 START 4x2 seed=1316111 2026-07-22T17:07:00.893
ATTEMPT 164 W0 SOLVE 4x2 2026-07-22T17:07:00.904
ATTEMPT 164 W0 DONE 4x2 seed=1316111 nsol=16 0.01s 2026-07-22T17:07:00.913
ATTEMPT 165 W0 START 4x2 seed=1316112 2026-07-22T17:07:00.913
ATTEMPT 165 W0 SOLVE 4x2 2026-07-22T17:07:00.924
ATTEMPT 165 W0 DONE 4x2 seed=1316112 nsol=16 0.01s 2026-07-22T17:07:00.934
ATTEMPT 166 W0 START 4x2 seed=1316113 2026-07-22T17:07:00.934
ATTEMPT 166 W0 SOLVE 4x2 2026-07-22T17:07:00.945
ATTEMPT 166 W0 DONE 4x2 seed=1316113 nsol=16 0.02s 2026-07-22T17:07:00.961
ATTEMPT 167 W0 START 4x2 seed=1316114 2026-07-22T17:07:00.961
ATTEMPT 167 W0 SOLVE 4x2 2026-07-22T17:07:00.970
ATTEMPT 167 W0 DONE 4x2 seed=1316114 nsol=16 0.01s 2026-07-22T17:07:00.978
ATTEMPT 168 W0 START 4x2 seed=1316115 2026-07-22T17:07:00.978
ATTEMPT 168 W0 SOLVE 4x2 2026-07-22T17:07:00.995
ATTEMPT 168 W0 DONE 4x2 seed=1316115 nsol=16 0.02s 2026-07-22T17:07:01.015
ATTEMPT 169 W0 START 4x2 seed=1316116 2026-07-22T17:07:01.015
ATTEMPT 169 W0 SOLVE 4x2 2026-07-22T17:07:01.021
ATTEMPT 169 W0 DONE 4x2 seed=1316116 nsol=16 0.02s 2026-07-22T17:07:01.043
ATTEMPT 170 W0 START 4x2 seed=1316117 2026-07-22T17:07:01.043
ATTEMPT 170 W0 SOLVE 4x2 2026-07-22T17:07:01.053
ATTEMPT 170 W0 DONE 4x2 seed=1316117 nsol=16 0.02s 2026-07-22T17:07:01.071
ATTEMPT 171 W0 START 4x2 seed=1316118 2026-07-22T17:07:01.071
ATTEMPT 171 W0 SOLVE 4x2 2026-07-22T17:07:01.084
ATTEMPT 171 W0 DONE 4x2 seed=1316118 nsol=16 0.02s 2026-07-22T17:07:01.102
ATTEMPT 172 W0 START 4x2 seed=1316119 2026-07-22T17:07:01.102
ATTEMPT 172 W0 SOLVE 4x2 2026-07-22T17:07:01.111
ATTEMPT 172 W0 DONE 4x2 seed=1316119 nsol=16 0.02s 2026-07-22T17:07:01.131
ATTEMPT 173 W0 START 4x2 seed=1316120 2026-07-22T17:07:01.131
ATTEMPT 173 W0 SOLVE 4x2 2026-07-22T17:07:01.140
ATTEMPT 173 W0 DONE 4x2 seed=1316120 nsol=16 0.01s 2026-07-22T17:07:01.155
ATTEMPT 174 W0 START 4x2 seed=1316121 2026-07-22T17:07:01.155
ATTEMPT 174 W0 SOLVE 4x2 2026-07-22T17:07:01.163
ATTEMPT 174 W0 DONE 4x2 seed=1316121 nsol=16 0.01s 2026-07-22T17:07:01.173
ATTEMPT 175 W0 START 4x2 seed=1316122 2026-07-22T17:07:01.174
ATTEMPT 175 W0 SOLVE 4x2 2026-07-22T17:07:01.182
ATTEMPT 175 W0 DONE 4x2 seed=1316122 nsol=16 0.02s 2026-07-22T17:07:01.199
ATTEMPT 176 W0 START 4x2 seed=1316123 2026-07-22T17:07:01.199
ATTEMPT 176 W0 SOLVE 4x2 2026-07-22T17:07:01.208
ATTEMPT 176 W0 DONE 4x2 seed=1316123 nsol=16 0.02s 2026-07-22T17:07:01.227
ATTEMPT 177 W0 START 4x2 seed=1316124 2026-07-22T17:07:01.227
ATTEMPT 177 W0 SOLVE 4x2 2026-07-22T17:07:01.236
ATTEMPT 177 W0 DONE 4x2 seed=1316124 nsol=16 0.02s 2026-07-22T17:07:01.255
ATTEMPT 178 W0 START 4x2 seed=1316125 2026-07-22T17:07:01.255
ATTEMPT 178 W0 SOLVE 4x2 2026-07-22T17:07:01.263
ATTEMPT 178 W0 DONE 4x2 seed=1316125 nsol=16 0.02s 2026-07-22T17:07:01.283
ATTEMPT 179 W0 START 4x2 seed=1316126 2026-07-22T17:07:01.283
ATTEMPT 179 W0 SOLVE 4x2 2026-07-22T17:07:01.291
ATTEMPT 179 W0 DONE 4x2 seed=1316126 nsol=16 0.02s 2026-07-22T17:07:01.311
ATTEMPT 180 W0 START 4x2 seed=1316127 2026-07-22T17:07:01.311
ATTEMPT 180 W0 SOLVE 4x2 2026-07-22T17:07:01.319
ATTEMPT 180 W0 DONE 4x2 seed=1316127 nsol=16 0.02s 2026-07-22T17:07:01.339
ATTEMPT 181 W0 START 4x2 seed=1316128 2026-07-22T17:07:01.339
ATTEMPT 181 W0 SOLVE 4x2 2026-07-22T17:07:01.348
ATTEMPT 181 W0 DONE 4x2 seed=1316128 nsol=16 0.02s 2026-07-22T17:07:01.364
ATTEMPT 182 W0 START 4x2 seed=1316129 2026-07-22T17:07:01.364
ATTEMPT 182 W0 SOLVE 4x2 2026-07-22T17:07:01.377
ATTEMPT 182 W0 DONE 4x2 seed=1316129 nsol=16 0.02s 2026-07-22T17:07:01.399
ATTEMPT 183 W0 START 4x2 seed=1316130 2026-07-22T17:07:01.399
ATTEMPT 183 W0 SOLVE 4x2 2026-07-22T17:07:01.404
ATTEMPT 183 W0 DONE 4x2 seed=1316130 nsol=16 0.01s 2026-07-22T17:07:01.418
ATTEMPT 184 W0 START 4x2 seed=1316131 2026-07-22T17:07:01.419
ATTEMPT 184 W0 SOLVE 4x2 2026-07-22T17:07:01.424
ATTEMPT 184 W0 DONE 4x2 seed=1316131 nsol=16 0.02s 2026-07-22T17:07:01.442
ATTEMPT 185 W0 START 4x2 seed=1316132 2026-07-22T17:07:01.443
ATTEMPT 185 W0 SOLVE 4x2 2026-07-22T17:07:01.448
ATTEMPT 185 W0 DONE 4x2 seed=1316132 nsol=16 0.01s 2026-07-22T17:07:01.458
ATTEMPT 186 W0 START 4x2 seed=1316133 2026-07-22T17:07:01.459
ATTEMPT 186 W0 SOLVE 4x2 2026-07-22T17:07:01.464
ATTEMPT 186 W0 DONE 4x2 seed=1316133 nsol=16 0.01s 2026-07-22T17:07:01.478
ATTEMPT 187 W0 START 4x2 seed=1316134 2026-07-22T17:07:01.479
ATTEMPT 187 W0 SOLVE 4x2 2026-07-22T17:07:01.486
ATTEMPT 187 W0 DONE 4x2 seed=1316134 nsol=16 0.02s 2026-07-22T17:07:01.503
ATTEMPT 188 W0 START 4x2 seed=1316135 2026-07-22T17:07:01.503
ATTEMPT 188 W0 SOLVE 4x2 2026-07-22T17:07:01.508
ATTEMPT 188 W0 DONE 4x2 seed=1316135 nsol=16 0.02s 2026-07-22T17:07:01.530
ATTEMPT 189 W0 START 4x2 seed=1316136 2026-07-22T17:07:01.531
ATTEMPT 189 W0 SOLVE 4x2 2026-07-22T17:07:01.536
ATTEMPT 189 W0 DONE 4x2 seed=1316136 nsol=16 0.01s 2026-07-22T17:07:01.550
ATTEMPT 190 W0 START 4x2 seed=1316137 2026-07-22T17:07:01.550
ATTEMPT 190 W0 SOLVE 4x2 2026-07-22T17:07:01.557
ATTEMPT 190 W0 DONE 4x2 seed=1316137 nsol=16 0.06s 2026-07-22T17:07:01.620
ATTEMPT 191 W0 START 4x2 seed=1316138 2026-07-22T17:07:01.630
ATTEMPT 191 W0 SOLVE 4x2 2026-07-22T17:07:01.641
ATTEMPT 191 W0 DONE 4x2 seed=1316138 nsol=16 0.02s 2026-07-22T17:07:01.668
ATTEMPT 192 W0 START 4x2 seed=1316139 2026-07-22T17:07:01.669
ATTEMPT 192 W0 SOLVE 4x2 2026-07-22T17:07:01.674
ATTEMPT 192 W0 DONE 4x2 seed=1316139 nsol=16 0.01s 2026-07-22T17:07:01.697
ATTEMPT 193 W0 START 4x2 seed=1316140 2026-07-22T17:07:01.697
ATTEMPT 193 W0 SOLVE 4x2 2026-07-22T17:07:01.702
ATTEMPT 193 W0 DONE 4x2 seed=1316140 nsol=16 0.03s 2026-07-22T17:07:01.730
ATTEMPT 194 W0 START 4x2 seed=1316141 2026-07-22T17:07:01.731
ATTEMPT 194 W0 SOLVE 4x2 2026-07-22T17:07:01.740
ATTEMPT 194 W0 DONE 4x2 seed=1316141 nsol=16 0.02s 2026-07-22T17:07:01.763
ATTEMPT 195 W0 START 4x2 seed=1316142 2026-07-22T17:07:01.763
ATTEMPT 195 W0 SOLVE 4x2 2026-07-22T17:07:01.769
ATTEMPT 195 W0 DONE 4x2 seed=1316142 nsol=16 0.02s 2026-07-22T17:07:01.791
ATTEMPT 196 W0 START 4x2 seed=1316143 2026-07-22T17:07:01.791
ATTEMPT 196 W0 SOLVE 4x2 2026-07-22T17:07:01.798
ATTEMPT 196 W0 DONE 4x2 seed=1316143 nsol=16 0.01s 2026-07-22T17:07:01.806
ATTEMPT 197 W0 START 4x2 seed=1316144 2026-07-22T17:07:01.807
ATTEMPT 197 W0 SOLVE 4x2 2026-07-22T17:07:01.813
ATTEMPT 197 W0 DONE 4x2 seed=1316144 nsol=16 0.03s 2026-07-22T17:07:01.838
ATTEMPT 198 W0 START 4x2 seed=1316145 2026-07-22T17:07:01.839
ATTEMPT 198 W0 SOLVE 4x2 2026-07-22T17:07:01.849
ATTEMPT 198 W0 DONE 4x2 seed=1316145 nsol=16 0.01s 2026-07-22T17:07:01.859
ATTEMPT 199 W0 START 4x2 seed=1316146 2026-07-22T17:07:01.860
ATTEMPT 199 W0 SOLVE 4x2 2026-07-22T17:07:01.875
ATTEMPT 199 W0 DONE 4x2 seed=1316146 nsol=16 0.01s 2026-07-22T17:07:01.885
ATTEMPT 200 W0 START 4x2 seed=1316147 2026-07-22T17:07:01.885
ATTEMPT 200 W0 SOLVE 4x2 2026-07-22T17:07:01.895
ATTEMPT 200 W0 DONE 4x2 seed=1316147 nsol=16 0.01s 2026-07-22T17:07:01.903
ATTEMPT 201 W0 START 4x2 seed=1316148 2026-07-22T17:07:01.903
ATTEMPT 201 W0 SOLVE 4x2 2026-07-22T17:07:01.913
ATTEMPT 201 W0 DONE 4x2 seed=1316148 nsol=16 0.01s 2026-07-22T17:07:01.926
ATTEMPT 202 W0 START 4x2 seed=1316149 2026-07-22T17:07:01.926
ATTEMPT 202 W0 SOLVE 4x2 2026-07-22T17:07:01.937
ATTEMPT 202 W0 DONE 4x2 seed=1316149 nsol=16 0.03s 2026-07-22T17:07:01.974
ATTEMPT 203 W0 START 4x2 seed=1316150 2026-07-22T17:07:01.975
ATTEMPT 203 W0 SOLVE 4x2 2026-07-22T17:07:01.986
ATTEMPT 203 W0 DONE 4x2 seed=1316150 nsol=16 0.01s 2026-07-22T17:07:01.998
ATTEMPT 204 W0 START 4x2 seed=1316151 2026-07-22T17:07:01.998
ATTEMPT 204 W0 SOLVE 4x2 2026-07-22T17:07:02.010
ATTEMPT 204 W0 DONE 4x2 seed=1316151 nsol=16 0.01s 2026-07-22T17:07:02.025
ATTEMPT 205 W0 START 4x2 seed=1316152 2026-07-22T17:07:02.025
ATTEMPT 205 W0 SOLVE 4x2 2026-07-22T17:07:02.036
ATTEMPT 205 W0 DONE 4x2 seed=1316152 nsol=16 0.02s 2026-07-22T17:07:02.052
ATTEMPT 206 W0 START 4x2 seed=1316153 2026-07-22T17:07:02.053
ATTEMPT 206 W0 SOLVE 4x2 2026-07-22T17:07:02.067
ATTEMPT 206 W0 DONE 4x2 seed=1316153 nsol=16 0.03s 2026-07-22T17:07:02.095
ATTEMPT 207 W0 START 4x2 seed=1316154 2026-07-22T17:07:02.095
ATTEMPT 207 W0 SOLVE 4x2 2026-07-22T17:07:02.104
ATTEMPT 207 W0 DONE 4x2 seed=1316154 nsol=16 0.02s 2026-07-22T17:07:02.124
ATTEMPT 208 W0 START 4x2 seed=1316155 2026-07-22T17:07:02.124
ATTEMPT 208 W0 SOLVE 4x2 2026-07-22T17:07:02.139
ATTEMPT 208 W0 DONE 4x2 seed=1316155 nsol=16 0.03s 2026-07-22T17:07:02.166
ATTEMPT 209 W0 START 4x2 seed=1316156 2026-07-22T17:07:02.167
ATTEMPT 209 W0 SOLVE 4x2 2026-07-22T17:07:02.176
ATTEMPT 209 W0 DONE 4x2 seed=1316156 nsol=16 0.02s 2026-07-22T17:07:02.198
ATTEMPT 210 W0 START 4x2 seed=1316157 2026-07-22T17:07:02.199
ATTEMPT 210 W0 SOLVE 4x2 2026-07-22T17:07:02.215
ATTEMPT 210 W0 DONE 4x2 seed=1316157 nsol=16 0.02s 2026-07-22T17:07:02.235
ATTEMPT 211 W0 START 4x2 seed=1316158 2026-07-22T17:07:02.235
ATTEMPT 211 W0 SOLVE 4x2 2026-07-22T17:07:02.245
ATTEMPT 211 W0 DONE 4x2 seed=1316158 nsol=16 0.02s 2026-07-22T17:07:02.267
ATTEMPT 212 W0 START 4x2 seed=1316159 2026-07-22T17:07:02.267
ATTEMPT 212 W0 SOLVE 4x2 2026-07-22T17:07:02.274
ATTEMPT 212 W0 DONE 4x2 seed=1316159 nsol=16 0.02s 2026-07-22T17:07:02.303
ATTEMPT 213 W0 START 4x2 seed=1316160 2026-07-22T17:07:02.303
ATTEMPT 213 W0 SOLVE 4x2 2026-07-22T17:07:02.309
ATTEMPT 213 W0 DONE 4x2 seed=1316160 nsol=16 0.02s 2026-07-22T17:07:02.332
ATTEMPT 214 W0 START 4x2 seed=1316161 2026-07-22T17:07:02.332
ATTEMPT 214 W0 SOLVE 4x2 2026-07-22T17:07:02.340
ATTEMPT 214 W0 DONE 4x2 seed=1316161 nsol=16 0.02s 2026-07-22T17:07:02.359
ATTEMPT 215 W0 START 4x2 seed=1316162 2026-07-22T17:07:02.359
ATTEMPT 215 W0 SOLVE 4x2 2026-07-22T17:07:02.369
ATTEMPT 215 W0 DONE 4x2 seed=1316162 nsol=16 0.03s 2026-07-22T17:07:02.394
ATTEMPT 216 W0 START 4x2 seed=1316163 2026-07-22T17:07:02.395
ATTEMPT 216 W0 SOLVE 4x2 2026-07-22T17:07:02.401
ATTEMPT 216 W0 DONE 4x2 seed=1316163 nsol=16 0.02s 2026-07-22T17:07:02.423
ATTEMPT 217 W0 START 4x2 seed=1316164 2026-07-22T17:07:02.423
ATTEMPT 217 W0 SOLVE 4x2 2026-07-22T17:07:02.432
ATTEMPT 217 W0 DONE 4x2 seed=1316164 nsol=16 0.01s 2026-07-22T17:07:02.442
ATTEMPT 218 W0 START 4x2 seed=1316165 2026-07-22T17:07:02.442
ATTEMPT 218 W0 SOLVE 4x2 2026-07-22T17:07:02.452
ATTEMPT 218 W0 DONE 4x2 seed=1316165 nsol=16 0.02s 2026-07-22T17:07:02.474
ATTEMPT 219 W0 START 4x2 seed=1316166 2026-07-22T17:07:02.475
ATTEMPT 219 W0 SOLVE 4x2 2026-07-22T17:07:02.486
ATTEMPT 219 W0 DONE 4x2 seed=1316166 nsol=16 0.01s 2026-07-22T17:07:02.499
ATTEMPT 220 W0 START 4x2 seed=1316167 2026-07-22T17:07:02.499
ATTEMPT 220 W0 SOLVE 4x2 2026-07-22T17:07:02.506
ATTEMPT 220 W0 DONE 4x2 seed=1316167 nsol=16 0.02s 2026-07-22T17:07:02.535
ATTEMPT 221 W0 START 4x2 seed=1316168 2026-07-22T17:07:02.536
ATTEMPT 221 W0 SOLVE 4x2 2026-07-22T17:07:02.546
ATTEMPT 221 W0 DONE 4x2 seed=1316168 nsol=16 0.02s 2026-07-22T17:07:02.575
ATTEMPT 222 W0 START 4x2 seed=1316169 2026-07-22T17:07:02.575
ATTEMPT 222 W0 SOLVE 4x2 2026-07-22T17:07:02.584
ATTEMPT 222 W0 DONE 4x2 seed=1316169 nsol=16 0.08s 2026-07-22T17:07:02.667
ATTEMPT 223 W0 START 4x2 seed=1316170 2026-07-22T17:07:02.680
ATTEMPT 223 W0 SOLVE 4x2 2026-07-22T17:07:02.702
ATTEMPT 223 W0 DONE 4x2 seed=1316170 nsol=16 0.02s 2026-07-22T17:07:02.727
ATTEMPT 224 W0 START 4x2 seed=1316171 2026-07-22T17:07:02.727
ATTEMPT 224 W0 SOLVE 4x2 2026-07-22T17:07:02.737
ATTEMPT 224 W0 DONE 4x2 seed=1316171 nsol=16 0.02s 2026-07-22T17:07:02.757
ATTEMPT 225 W0 START 4x2 seed=1316172 2026-07-22T17:07:02.758
ATTEMPT 225 W0 SOLVE 4x2 2026-07-22T17:07:02.772
ATTEMPT 225 W0 DONE 4x2 seed=1316172 nsol=16 0.03s 2026-07-22T17:07:02.807
ATTEMPT 226 W0 START 4x2 seed=1316173 2026-07-22T17:07:02.807
ATTEMPT 226 W0 SOLVE 4x2 2026-07-22T17:07:02.821
ATTEMPT 226 W0 DONE 4x2 seed=1316173 nsol=16 0.02s 2026-07-22T17:07:02.843
ATTEMPT 227 W0 START 4x2 seed=1316174 2026-07-22T17:07:02.843
ATTEMPT 227 W0 SOLVE 4x2 2026-07-22T17:07:02.869
ATTEMPT 227 W0 DONE 4x2 seed=1316174 nsol=16 0.04s 2026-07-22T17:07:02.906
ATTEMPT 228 W0 START 4x2 seed=1316175 2026-07-22T17:07:02.906
ATTEMPT 228 W0 SOLVE 4x2 2026-07-22T17:07:02.920
ATTEMPT 228 W0 DONE 4x2 seed=1316175 nsol=16 0.03s 2026-07-22T17:07:02.947
ATTEMPT 229 W0 START 4x2 seed=1316176 2026-07-22T17:07:02.947
ATTEMPT 229 W0 SOLVE 4x2 2026-07-22T17:07:02.962
ATTEMPT 229 W0 DONE 4x2 seed=1316176 nsol=16 0.02s 2026-07-22T17:07:02.991
ATTEMPT 230 W0 START 4x2 seed=1316177 2026-07-22T17:07:02.992
ATTEMPT 230 W0 SOLVE 4x2 2026-07-22T17:07:03.012
ATTEMPT 230 W0 DONE 4x2 seed=1316177 nsol=16 0.02s 2026-07-22T17:07:03.031
ATTEMPT 231 W0 START 4x2 seed=1316178 2026-07-22T17:07:03.031
ATTEMPT 231 W0 SOLVE 4x2 2026-07-22T17:07:03.045
ATTEMPT 231 W0 DONE 4x2 seed=1316178 nsol=16 0.02s 2026-07-22T17:07:03.073
ATTEMPT 232 W0 START 4x2 seed=1316179 2026-07-22T17:07:03.074
ATTEMPT 232 W0 SOLVE 4x2 2026-07-22T17:07:03.093
ATTEMPT 232 W0 DONE 4x2 seed=1316179 nsol=16 0.00s 2026-07-22T17:07:03.107
ATTEMPT 233 W0 START 4x2 seed=1316180 2026-07-22T17:07:03.107
ATTEMPT 233 W0 SOLVE 4x2 2026-07-22T17:07:03.113
ATTEMPT 233 W0 DONE 4x2 seed=1316180 nsol=16 0.02s 2026-07-22T17:07:03.130
ATTEMPT 234 W0 START 4x2 seed=1316181 2026-07-22T17:07:03.131
ATTEMPT 234 W0 SOLVE 4x2 2026-07-22T17:07:03.139
ATTEMPT 234 W0 DONE 4x2 seed=1316181 nsol=16 0.02s 2026-07-22T17:07:03.159
ATTEMPT 235 W0 START 4x2 seed=1316182 2026-07-22T17:07:03.159
ATTEMPT 235 W0 SOLVE 4x2 2026-07-22T17:07:03.171
ATTEMPT 235 W0 DONE 4x2 seed=1316182 nsol=16 0.02s 2026-07-22T17:07:03.195
ATTEMPT 236 W0 START 4x2 seed=1316183 2026-07-22T17:07:03.195
ATTEMPT 236 W0 SOLVE 4x2 2026-07-22T17:07:03.200
ATTEMPT 236 W0 DONE 4x2 seed=1316183 nsol=16 0.01s 2026-07-22T17:07:03.214
ATTEMPT 237 W0 START 4x2 seed=1316184 2026-07-22T17:07:03.215
ATTEMPT 237 W0 SOLVE 4x2 2026-07-22T17:07:03.220
ATTEMPT 237 W0 DONE 4x2 seed=1316184 nsol=16 0.02s 2026-07-22T17:07:03.238
ATTEMPT 238 W0 START 4x2 seed=1316185 2026-07-22T17:07:03.239
ATTEMPT 238 W0 SOLVE 4x2 2026-07-22T17:07:03.257
ATTEMPT 238 W0 DONE 4x2 seed=1316185 nsol=16 0.02s 2026-07-22T17:07:03.279
ATTEMPT 239 W0 START 4x2 seed=1316186 2026-07-22T17:07:03.279
ATTEMPT 239 W0 SOLVE 4x2 2026-07-22T17:07:03.292
ATTEMPT 239 W0 DONE 4x2 seed=1316186 nsol=16 0.01s 2026-07-22T17:07:03.307
ATTEMPT 240 W0 START 4x2 seed=1316187 2026-07-22T17:07:03.307
ATTEMPT 240 W0 SOLVE 4x2 2026-07-22T17:07:03.312
ATTEMPT 240 W0 DONE 4x2 seed=1316187 nsol=16 0.02s 2026-07-22T17:07:03.334
ATTEMPT 241 W0 START 4x2 seed=1316188 2026-07-22T17:07:03.335
ATTEMPT 241 W0 SOLVE 4x2 2026-07-22T17:07:03.342
ATTEMPT 241 W0 DONE 4x2 seed=1316188 nsol=16 0.01s 2026-07-22T17:07:03.354
ATTEMPT 242 W0 START 4x2 seed=1316189 2026-07-22T17:07:03.355
ATTEMPT 242 W0 SOLVE 4x2 2026-07-22T17:07:03.374
ATTEMPT 242 W0 DONE 4x2 seed=1316189 nsol=16 0.03s 2026-07-22T17:07:03.403
ATTEMPT 243 W0 START 4x2 seed=1316190 2026-07-22T17:07:03.403
ATTEMPT 243 W0 SOLVE 4x2 2026-07-22T17:07:03.408
ATTEMPT 243 W0 DONE 4x2 seed=1316190 nsol=16 0.03s 2026-07-22T17:07:03.439
ATTEMPT 244 W0 START 4x2 seed=1316191 2026-07-22T17:07:03.439
ATTEMPT 244 W0 SOLVE 4x2 2026-07-22T17:07:03.450
ATTEMPT 244 W0 DONE 4x2 seed=1316191 nsol=16 0.02s 2026-07-22T17:07:03.475
ATTEMPT 245 W0 START 4x2 seed=1316192 2026-07-22T17:07:03.475
ATTEMPT 245 W0 SOLVE 4x2 2026-07-22T17:07:03.484
ATTEMPT 245 W0 DONE 4x2 seed=1316192 nsol=16 0.02s 2026-07-22T17:07:03.507
ATTEMPT 246 W0 START 4x2 seed=1316193 2026-07-22T17:07:03.507
ATTEMPT 246 W0 SOLVE 4x2 2026-07-22T17:07:03.514
ATTEMPT 246 W0 DONE 4x2 seed=1316193 nsol=16 0.02s 2026-07-22T17:07:03.538
ATTEMPT 247 W0 START 4x2 seed=1316194 2026-07-22T17:07:03.539
ATTEMPT 247 W0 SOLVE 4x2 2026-07-22T17:07:03.552
ATTEMPT 247 W0 DONE 4x2 seed=1316194 nsol=16 0.01s 2026-07-22T17:07:03.568
ATTEMPT 248 W0 START 4x2 seed=1316195 2026-07-22T17:07:03.569
ATTEMPT 248 W0 SOLVE 4x2 2026-07-22T17:07:03.584
ATTEMPT 248 W0 DONE 4x2 seed=1316195 nsol=16 0.02s 2026-07-22T17:07:03.607
ATTEMPT 249 W0 START 4x2 seed=1316196 2026-07-22T17:07:03.607
ATTEMPT 249 W0 SOLVE 4x2 2026-07-22T17:07:03.617
ATTEMPT 249 W0 DONE 4x2 seed=1316196 nsol=16 0.02s 2026-07-22T17:07:03.641
ATTEMPT 250 W0 START 4x2 seed=1316197 2026-07-22T17:07:03.642
ATTEMPT 250 W0 SOLVE 4x2 2026-07-22T17:07:03.653
ATTEMPT 250 W0 DONE 4x2 seed=1316197 nsol=16 0.01s 2026-07-22T17:07:03.665
ATTEMPT 251 W0 START 4x2 seed=1316198 2026-07-22T17:07:03.665
ATTEMPT 251 W0 SOLVE 4x2 2026-07-22T17:07:03.676
ATTEMPT 251 W0 DONE 4x2 seed=1316198 nsol=16 0.02s 2026-07-22T17:07:03.702
ATTEMPT 252 W0 START 4x2 seed=1316199 2026-07-22T17:07:03.703
ATTEMPT 252 W0 SOLVE 4x2 2026-07-22T17:07:03.710
ATTEMPT 252 W0 DONE 4x2 seed=1316199 nsol=16 0.22s 2026-07-22T17:07:03.928
ATTEMPT 253 W0 START 4x2 seed=1316200 2026-07-22T17:07:03.929
ATTEMPT 253 W0 SOLVE 4x2 2026-07-22T17:07:03.943
ATTEMPT 253 W0 DONE 4x2 seed=1316200 nsol=16 0.01s 2026-07-22T17:07:03.954
ATTEMPT 254 W0 START 4x2 seed=1316201 2026-07-22T17:07:03.954
ATTEMPT 254 W0 SOLVE 4x2 2026-07-22T17:07:03.963
ATTEMPT 254 W0 DONE 4x2 seed=1316201 nsol=16 0.01s 2026-07-22T17:07:03.970
ATTEMPT 255 W0 START 4x2 seed=1316202 2026-07-22T17:07:03.972
ATTEMPT 255 W0 SOLVE 4x2 2026-07-22T17:07:03.977
ATTEMPT 255 W0 DONE 4x2 seed=1316202 nsol=16 0.02s 2026-07-22T17:07:04.006
ATTEMPT 256 W0 START 4x2 seed=1316203 2026-07-22T17:07:04.007
ATTEMPT 256 W0 SOLVE 4x2 2026-07-22T17:07:04.015
ATTEMPT 256 W0 DONE 4x2 seed=1316203 nsol=16 0.01s 2026-07-22T17:07:04.028
ATTEMPT 257 W0 START 4x2 seed=1316204 2026-07-22T17:07:04.028
ATTEMPT 257 W0 SOLVE 4x2 2026-07-22T17:07:04.035
ATTEMPT 257 W0 DONE 4x2 seed=1316204 nsol=16 0.02s 2026-07-22T17:07:04.057
ATTEMPT 258 W0 START 4x2 seed=1316205 2026-07-22T17:07:04.058
ATTEMPT 258 W0 SOLVE 4x2 2026-07-22T17:07:04.064
ATTEMPT 258 W0 DONE 4x2 seed=1316205 nsol=16 0.01s 2026-07-22T17:07:04.079
ATTEMPT 259 W0 START 4x2 seed=1316206 2026-07-22T17:07:04.079
ATTEMPT 259 W0 SOLVE 4x2 2026-07-22T17:07:04.086
ATTEMPT 259 W0 DONE 4x2 seed=1316206 nsol=16 0.02s 2026-07-22T17:07:04.102
ATTEMPT 260 W0 START 4x2 seed=1316207 2026-07-22T17:07:04.103
ATTEMPT 260 W0 SOLVE 4x2 2026-07-22T17:07:04.109
ATTEMPT 260 W0 DONE 4x2 seed=1316207 nsol=16 0.01s 2026-07-22T17:07:04.118
ATTEMPT 261 W0 START 4x2 seed=1316208 2026-07-22T17:07:04.119
ATTEMPT 261 W0 SOLVE 4x2 2026-07-22T17:07:04.125
ATTEMPT 261 W0 DONE 4x2 seed=1316208 nsol=16 0.01s 2026-07-22T17:07:04.134
ATTEMPT 262 W0 START 4x2 seed=1316209 2026-07-22T17:07:04.134
ATTEMPT 262 W0 SOLVE 4x2 2026-07-22T17:07:04.140
ATTEMPT 262 W0 DONE 4x2 seed=1316209 nsol=16 0.01s 2026-07-22T17:07:04.153
ATTEMPT 263 W0 START 4x2 seed=1316210 2026-07-22T17:07:04.154
ATTEMPT 263 W0 SOLVE 4x2 2026-07-22T17:07:04.160
ATTEMPT 263 W0 DONE 4x2 seed=1316210 nsol=16 0.01s 2026-07-22T17:07:04.175
ATTEMPT 264 W0 START 4x2 seed=1316211 2026-07-22T17:07:04.175
ATTEMPT 264 W0 SOLVE 4x2 2026-07-22T17:07:04.182
ATTEMPT 264 W0 DONE 4x2 seed=1316211 nsol=16 0.02s 2026-07-22T17:07:04.197
ATTEMPT 265 W0 START 4x2 seed=1316212 2026-07-22T17:07:04.198
ATTEMPT 265 W0 SOLVE 4x2 2026-07-22T17:07:04.204
ATTEMPT 265 W0 DONE 4x2 seed=1316212 nsol=16 0.01s 2026-07-22T17:07:04.210
ATTEMPT 266 W0 START 4x2 seed=1316213 2026-07-22T17:07:04.210
ATTEMPT 266 W0 SOLVE 4x2 2026-07-22T17:07:04.215
ATTEMPT 266 W0 DONE 4x2 seed=1316213 nsol=16 0.01s 2026-07-22T17:07:04.222
ATTEMPT 267 W0 START 4x2 seed=1316214 2026-07-22T17:07:04.222
ATTEMPT 267 W0 SOLVE 4x2 2026-07-22T17:07:04.230
ATTEMPT 267 W0 DONE 4x2 seed=1316214 nsol=16 0.02s 2026-07-22T17:07:04.246
ATTEMPT 268 W0 START 4x2 seed=1316215 2026-07-22T17:07:04.247
ATTEMPT 268 W0 SOLVE 4x2 2026-07-22T17:07:04.254
ATTEMPT 268 W0 DONE 4x2 seed=1316215 nsol=16 0.01s 2026-07-22T17:07:04.262
ATTEMPT 269 W0 START 4x2 seed=1316216 2026-07-22T17:07:04.262
ATTEMPT 269 W0 SOLVE 4x2 2026-07-22T17:07:04.269
ATTEMPT 269 W0 DONE 4x2 seed=1316216 nsol=16 0.02s 2026-07-22T17:07:04.290
ATTEMPT 270 W0 START 4x2 seed=1316217 2026-07-22T17:07:04.291
ATTEMPT 270 W0 SOLVE 4x2 2026-07-22T17:07:04.296
ATTEMPT 270 W0 DONE 4x2 seed=1316217 nsol=16 0.01s 2026-07-22T17:07:04.302
ATTEMPT 271 W0 START 4x2 seed=1316218 2026-07-22T17:07:04.302
ATTEMPT 271 W0 SOLVE 4x2 2026-07-22T17:07:04.309
ATTEMPT 271 W0 DONE 4x2 seed=1316218 nsol=16 0.02s 2026-07-22T17:07:04.330
ATTEMPT 272 W0 START 4x2 seed=1316219 2026-07-22T17:07:04.331
ATTEMPT 272 W0 SOLVE 4x2 2026-07-22T17:07:04.336
ATTEMPT 272 W0 DONE 4x2 seed=1316219 nsol=16 0.02s 2026-07-22T17:07:04.355
ATTEMPT 273 W0 START 4x2 seed=1316220 2026-07-22T17:07:04.355
ATTEMPT 273 W0 SOLVE 4x2 2026-07-22T17:07:04.362
ATTEMPT 273 W0 DONE 4x2 seed=1316220 nsol=16 0.02s 2026-07-22T17:07:04.379
ATTEMPT 274 W0 START 4x2 seed=1316221 2026-07-22T17:07:04.380
ATTEMPT 274 W0 SOLVE 4x2 2026-07-22T17:07:04.386
ATTEMPT 274 W0 DONE 4x2 seed=1316221 nsol=16 0.01s 2026-07-22T17:07:04.394
ATTEMPT 275 W0 START 4x2 seed=1316222 2026-07-22T17:07:04.395
ATTEMPT 275 W0 SOLVE 4x2 2026-07-22T17:07:04.401
ATTEMPT 275 W0 DONE 4x2 seed=1316222 nsol=16 0.01s 2026-07-22T17:07:04.415
ATTEMPT 276 W0 START 4x2 seed=1316223 2026-07-22T17:07:04.415
ATTEMPT 276 W0 SOLVE 4x2 2026-07-22T17:07:04.420
ATTEMPT 276 W0 DONE 4x2 seed=1316223 nsol=16 0.02s 2026-07-22T17:07:04.438
ATTEMPT 277 W0 START 4x2 seed=1316224 2026-07-22T17:07:04.439
ATTEMPT 277 W0 SOLVE 4x2 2026-07-22T17:07:04.444
ATTEMPT 277 W0 DONE 4x2 seed=1316224 nsol=16 0.02s 2026-07-22T17:07:04.475
ATTEMPT 278 W0 START 4x2 seed=1316225 2026-07-22T17:07:04.475
ATTEMPT 278 W0 SOLVE 4x2 2026-07-22T17:07:04.485
ATTEMPT 278 W0 DONE 4x2 seed=1316225 nsol=16 0.03s 2026-07-22T17:07:04.518
ATTEMPT 279 W0 START 4x2 seed=1316226 2026-07-22T17:07:04.519
ATTEMPT 279 W0 SOLVE 4x2 2026-07-22T17:07:04.533
ATTEMPT 279 W0 DONE 4x2 seed=1316226 nsol=16 0.02s 2026-07-22T17:07:04.551
ATTEMPT 280 W0 START 4x2 seed=1316227 2026-07-22T17:07:04.551
ATTEMPT 280 W0 SOLVE 4x2 2026-07-22T17:07:04.583
ATTEMPT 280 W0 DONE 4x2 seed=1316227 nsol=16 0.02s 2026-07-22T17:07:04.603
ATTEMPT 281 W0 START 4x2 seed=1316228 2026-07-22T17:07:04.603
ATTEMPT 281 W0 SOLVE 4x2 2026-07-22T17:07:04.614
ATTEMPT 281 W0 DONE 4x2 seed=1316228 nsol=16 0.02s 2026-07-22T17:07:04.642
ATTEMPT 282 W0 START 4x2 seed=1316229 2026-07-22T17:07:04.643
ATTEMPT 282 W0 SOLVE 4x2 2026-07-22T17:07:04.661
ATTEMPT 282 W0 DONE 4x2 seed=1316229 nsol=16 0.02s 2026-07-22T17:07:04.688
ATTEMPT 283 W0 START 4x2 seed=1316230 2026-07-22T17:07:04.689
ATTEMPT 283 W0 SOLVE 4x2 2026-07-22T17:07:04.713
ATTEMPT 283 W0 DONE 4x2 seed=1316230 nsol=16 0.01s 2026-07-22T17:07:04.731
ATTEMPT 284 W0 START 4x2 seed=1316231 2026-07-22T17:07:04.732
ATTEMPT 284 W0 SOLVE 4x2 2026-07-22T17:07:04.752
ATTEMPT 284 W0 DONE 4x2 seed=1316231 nsol=16 0.02s 2026-07-22T17:07:04.775
ATTEMPT 285 W0 START 4x2 seed=1316232 2026-07-22T17:07:04.775
ATTEMPT 285 W0 SOLVE 4x2 2026-07-22T17:07:04.789
ATTEMPT 285 W0 DONE 4x2 seed=1316232 nsol=16 0.03s 2026-07-22T17:07:04.817
ATTEMPT 286 W0 START 4x2 seed=1316233 2026-07-22T17:07:04.817
ATTEMPT 286 W0 SOLVE 4x2 2026-07-22T17:07:04.835
ATTEMPT 286 W0 DONE 4x2 seed=1316233 nsol=16 0.02s 2026-07-22T17:07:04.850
ATTEMPT 287 W0 START 4x2 seed=1316234 2026-07-22T17:07:04.851
ATTEMPT 287 W0 SOLVE 4x2 2026-07-22T17:07:04.865
ATTEMPT 287 W0 DONE 4x2 seed=1316234 nsol=16 0.02s 2026-07-22T17:07:04.889
ATTEMPT 288 W0 START 4x2 seed=1316235 2026-07-22T17:07:04.890
ATTEMPT 288 W0 SOLVE 4x2 2026-07-22T17:07:04.904
ATTEMPT 288 W0 DONE 4x2 seed=1316235 nsol=16 0.02s 2026-07-22T17:07:04.935
ATTEMPT 289 W0 START 4x2 seed=1316236 2026-07-22T17:07:04.935
ATTEMPT 289 W0 SOLVE 4x2 2026-07-22T17:07:04.950
ATTEMPT 289 W0 DONE 4x2 seed=1316236 nsol=16 0.29s 2026-07-22T17:07:05.241
ATTEMPT 290 W0 START 4x2 seed=1316237 2026-07-22T17:07:05.250
ATTEMPT 290 W0 SOLVE 4x2 2026-07-22T17:07:05.260
ATTEMPT 290 W0 DONE 4x2 seed=1316237 nsol=16 0.03s 2026-07-22T17:07:05.290
ATTEMPT 291 W0 START 4x2 seed=1316238 2026-07-22T17:07:05.290
ATTEMPT 291 W0 SOLVE 4x2 2026-07-22T17:07:05.310
ATTEMPT 291 W0 DONE 4x2 seed=1316238 nsol=16 0.01s 2026-07-22T17:07:05.331
ATTEMPT 292 W0 START 4x2 seed=1316239 2026-07-22T17:07:05.331
ATTEMPT 292 W0 SOLVE 4x2 2026-07-22T17:07:05.361
ATTEMPT 292 W0 DONE 4x2 seed=1316239 nsol=16 0.03s 2026-07-22T17:07:05.396
ATTEMPT 293 W0 START 4x2 seed=1316240 2026-07-22T17:07:05.396
ATTEMPT 293 W0 SOLVE 4x2 2026-07-22T17:07:05.409
ATTEMPT 293 W0 DONE 4x2 seed=1316240 nsol=16 0.01s 2026-07-22T17:07:05.430
ATTEMPT 294 W0 START 4x2 seed=1316241 2026-07-22T17:07:05.431
ATTEMPT 294 W0 SOLVE 4x2 2026-07-22T17:07:05.449
ATTEMPT 294 W0 DONE 4x2 seed=1316241 nsol=16 0.02s 2026-07-22T17:07:05.481
ATTEMPT 295 W0 START 4x2 seed=1316242 2026-07-22T17:07:05.481
ATTEMPT 295 W0 SOLVE 4x2 2026-07-22T17:07:05.503
ATTEMPT 295 W0 DONE 4x2 seed=1316242 nsol=16 0.02s 2026-07-22T17:07:05.526
ATTEMPT 296 W0 START 4x2 seed=1316243 2026-07-22T17:07:05.527
ATTEMPT 296 W0 SOLVE 4x2 2026-07-22T17:07:05.542
ATTEMPT 296 W0 DONE 4x2 seed=1316243 nsol=16 0.02s 2026-07-22T17:07:05.566
ATTEMPT 297 W0 START 4x2 seed=1316244 2026-07-22T17:07:05.566
ATTEMPT 297 W0 SOLVE 4x2 2026-07-22T17:07:05.580
ATTEMPT 297 W0 DONE 4x2 seed=1316244 nsol=16 0.02s 2026-07-22T17:07:05.597
ATTEMPT 298 W0 START 4x2 seed=1316245 2026-07-22T17:07:05.597
ATTEMPT 298 W0 SOLVE 4x2 2026-07-22T17:07:05.615
ATTEMPT 298 W0 DONE 4x2 seed=1316245 nsol=16 0.02s 2026-07-22T17:07:05.639
ATTEMPT 299 W0 START 4x2 seed=1316246 2026-07-22T17:07:05.640
ATTEMPT 299 W0 SOLVE 4x2 2026-07-22T17:07:05.654
ATTEMPT 299 W0 DONE 4x2 seed=1316246 nsol=16 0.01s 2026-07-22T17:07:05.676
ATTEMPT 300 W0 START 4x2 seed=1316247 2026-07-22T17:07:05.677
ATTEMPT 300 W0 SOLVE 4x2 2026-07-22T17:07:05.695
ATTEMPT 300 W0 DONE 4x2 seed=1316247 nsol=16 0.03s 2026-07-22T17:07:05.721
ATTEMPT 301 W0 START 4x2 seed=1316248 2026-07-22T17:07:05.721
ATTEMPT 301 W0 SOLVE 4x2 2026-07-22T17:07:05.736
ATTEMPT 301 W0 DONE 4x2 seed=1316248 nsol=16 0.02s 2026-07-22T17:07:05.757
ATTEMPT 302 W0 START 4x2 seed=1316249 2026-07-22T17:07:05.758
ATTEMPT 302 W0 SOLVE 4x2 2026-07-22T17:07:05.772
ATTEMPT 302 W0 DONE 4x2 seed=1316249 nsol=16 0.01s 2026-07-22T17:07:05.788
ATTEMPT 303 W0 START 4x2 seed=1316250 2026-07-22T17:07:05.788
ATTEMPT 303 W0 SOLVE 4x2 2026-07-22T17:07:05.801
ATTEMPT 303 W0 DONE 4x2 seed=1316250 nsol=16 0.02s 2026-07-22T17:07:05.829
ATTEMPT 304 W0 START 4x2 seed=1316251 2026-07-22T17:07:05.830
ATTEMPT 304 W0 SOLVE 4x2 2026-07-22T17:07:05.847
ATTEMPT 304 W0 DONE 4x2 seed=1316251 nsol=16 0.02s 2026-07-22T17:07:05.867
ATTEMPT 305 W0 START 4x2 seed=1316252 2026-07-22T17:07:05.867
ATTEMPT 305 W0 SOLVE 4x2 2026-07-22T17:07:05.881
ATTEMPT 305 W0 DONE 4x2 seed=1316252 nsol=16 0.01s 2026-07-22T17:07:05.900
ATTEMPT 306 W0 START 4x2 seed=1316253 2026-07-22T17:07:05.900
ATTEMPT 306 W0 SOLVE 4x2 2026-07-22T17:07:05.924
ATTEMPT 306 W0 DONE 4x2 seed=1316253 nsol=16 0.02s 2026-07-22T17:07:05.942
ATTEMPT 307 W0 START 4x2 seed=1316254 2026-07-22T17:07:05.942
ATTEMPT 307 W0 SOLVE 4x2 2026-07-22T17:07:05.965
ATTEMPT 307 W0 DONE 4x2 seed=1316254 nsol=16 0.03s 2026-07-22T17:07:05.995
ATTEMPT 308 W0 START 4x2 seed=1316255 2026-07-22T17:07:05.995
ATTEMPT 308 W0 SOLVE 4x2 2026-07-22T17:07:06
ATTEMPT 308 W0 DONE 4x2 seed=1316255 nsol=16 0.01s 2026-07-22T17:07:06.018
ATTEMPT 309 W0 START 4x2 seed=1316256 2026-07-22T17:07:06.019
ATTEMPT 309 W0 SOLVE 4x2 2026-07-22T17:07:06.037
ATTEMPT 309 W0 DONE 4x2 seed=1316256 nsol=16 0.03s 2026-07-22T17:07:06.070
ATTEMPT 310 W0 START 4x2 seed=1316257 2026-07-22T17:07:06.071
ATTEMPT 310 W0 SOLVE 4x2 2026-07-22T17:07:06.080
ATTEMPT 310 W0 DONE 4x2 seed=1316257 nsol=16 0.02s 2026-07-22T17:07:06.102
ATTEMPT 311 W0 START 4x2 seed=1316258 2026-07-22T17:07:06.103
ATTEMPT 311 W0 SOLVE 4x2 2026-07-22T17:07:06.125
ATTEMPT 311 W0 DONE 4x2 seed=1316258 nsol=16 0.03s 2026-07-22T17:07:06.154
ATTEMPT 312 W0 START 4x2 seed=1316259 2026-07-22T17:07:06.155
ATTEMPT 312 W0 SOLVE 4x2 2026-07-22T17:07:06.165
ATTEMPT 312 W0 DONE 4x2 seed=1316259 nsol=16 0.02s 2026-07-22T17:07:06.195
ATTEMPT 313 W0 START 4x2 seed=1316260 2026-07-22T17:07:06.195
ATTEMPT 313 W0 SOLVE 4x2 2026-07-22T17:07:06.209
ATTEMPT 313 W0 DONE 4x2 seed=1316260 nsol=16 0.03s 2026-07-22T17:07:06.239
ATTEMPT 314 W0 START 4x2 seed=1316261 2026-07-22T17:07:06.239
ATTEMPT 314 W0 SOLVE 4x2 2026-07-22T17:07:06.253
ATTEMPT 314 W0 DONE 4x2 seed=1316261 nsol=16 0.03s 2026-07-22T17:07:06.281
ATTEMPT 315 W0 START 4x2 seed=1316262 2026-07-22T17:07:06.281
ATTEMPT 315 W0 SOLVE 4x2 2026-07-22T17:07:06.299
ATTEMPT 315 W0 DONE 4x2 seed=1316262 nsol=16 0.02s 2026-07-22T17:07:06.319
ATTEMPT 316 W0 START 4x2 seed=1316263 2026-07-22T17:07:06.319
ATTEMPT 316 W0 SOLVE 4x2 2026-07-22T17:07:06.328
ATTEMPT 316 W0 DONE 4x2 seed=1316263 nsol=16 0.03s 2026-07-22T17:07:06.355
ATTEMPT 317 W0 START 4x2 seed=1316264 2026-07-22T17:07:06.355
ATTEMPT 317 W0 SOLVE 4x2 2026-07-22T17:07:06.374
ATTEMPT 317 W0 DONE 4x2 seed=1316264 nsol=16 0.02s 2026-07-22T17:07:06.394
ATTEMPT 318 W0 START 4x2 seed=1316265 2026-07-22T17:07:06.395
ATTEMPT 318 W0 SOLVE 4x2 2026-07-22T17:07:06.409
ATTEMPT 318 W0 DONE 4x2 seed=1316265 nsol=16 0.02s 2026-07-22T17:07:06.433
ATTEMPT 319 W0 START 4x2 seed=1316266 2026-07-22T17:07:06.433
ATTEMPT 319 W0 SOLVE 4x2 2026-07-22T17:07:06.451
ATTEMPT 319 W0 DONE 4x2 seed=1316266 nsol=16 0.03s 2026-07-22T17:07:06.480
ATTEMPT 320 W0 START 4x2 seed=1316267 2026-07-22T17:07:06.481
ATTEMPT 320 W0 SOLVE 4x2 2026-07-22T17:07:06.506
ATTEMPT 320 W0 DONE 4x2 seed=1316267 nsol=16 0.02s 2026-07-22T17:07:06.531
ATTEMPT 321 W0 START 4x2 seed=1316268 2026-07-22T17:07:06.531
ATTEMPT 321 W0 SOLVE 4x2 2026-07-22T17:07:06.546
ATTEMPT 321 W0 DONE 4x2 seed=1316268 nsol=16 0.02s 2026-07-22T17:07:06.575
ATTEMPT 322 W0 START 4x2 seed=1316269 2026-07-22T17:07:06.575
ATTEMPT 322 W0 SOLVE 4x2 2026-07-22T17:07:06.585
ATTEMPT 322 W0 DONE 4x2 seed=1316269 nsol=16 0.02s 2026-07-22T17:07:06.615
ATTEMPT 323 W0 START 4x2 seed=1316270 2026-07-22T17:07:06.615
ATTEMPT 323 W0 SOLVE 4x2 2026-07-22T17:07:06.631
ATTEMPT 323 W0 DONE 4x2 seed=1316270 nsol=16 0.02s 2026-07-22T17:07:06.650
ATTEMPT 324 W0 START 4x2 seed=1316271 2026-07-22T17:07:06.651
ATTEMPT 324 W0 SOLVE 4x2 2026-07-22T17:07:06.675
ATTEMPT 324 W0 DONE 4x2 seed=1316271 nsol=16 0.02s 2026-07-22T17:07:06.699
ATTEMPT 325 W0 START 4x2 seed=1316272 2026-07-22T17:07:06.699
ATTEMPT 325 W0 SOLVE 4x2 2026-07-22T17:07:06.723
ATTEMPT 325 W0 DONE 4x2 seed=1316272 nsol=16 0.03s 2026-07-22T17:07:06.750
ATTEMPT 326 W0 START 4x2 seed=1316273 2026-07-22T17:07:06.751
ATTEMPT 326 W0 SOLVE 4x2 2026-07-22T17:07:06.760
ATTEMPT 326 W0 DONE 4x2 seed=1316273 nsol=16 0.04s 2026-07-22T17:07:06.799
ATTEMPT 327 W0 START 4x2 seed=1316274 2026-07-22T17:07:06.799
ATTEMPT 327 W0 SOLVE 4x2 2026-07-22T17:07:06.819
ATTEMPT 327 W0 DONE 4x2 seed=1316274 nsol=16 0.02s 2026-07-22T17:07:06.842
ATTEMPT 328 W0 START 4x2 seed=1316275 2026-07-22T17:07:06.843
ATTEMPT 328 W0 SOLVE 4x2 2026-07-22T17:07:06.848
ATTEMPT 328 W0 DONE 4x2 seed=1316275 nsol=16 0.02s 2026-07-22T17:07:06.875
ATTEMPT 329 W0 START 4x2 seed=1316276 2026-07-22T17:07:06.877
ATTEMPT 329 W0 SOLVE 4x2 2026-07-22T17:07:06.901
ATTEMPT 329 W0 DONE 4x2 seed=1316276 nsol=16 0.02s 2026-07-22T17:07:06.917
ATTEMPT 330 W0 START 4x2 seed=1316277 2026-07-22T17:07:06.917
ATTEMPT 330 W0 SOLVE 4x2 2026-07-22T17:07:06.936
ATTEMPT 330 W0 DONE 4x2 seed=1316277 nsol=16 0.03s 2026-07-22T17:07:06.962
ATTEMPT 331 W0 START 4x2 seed=1316278 2026-07-22T17:07:06.963
ATTEMPT 331 W0 SOLVE 4x2 2026-07-22T17:07:06.976
ATTEMPT 331 W0 DONE 4x2 seed=1316278 nsol=16 0.03s 2026-07-22T17:07:07.002
ATTEMPT 332 W0 START 4x2 seed=1316279 2026-07-22T17:07:07.003
ATTEMPT 332 W0 SOLVE 4x2 2026-07-22T17:07:07.009
ATTEMPT 332 W0 DONE 4x2 seed=1316279 nsol=16 0.02s 2026-07-22T17:07:07.042
ATTEMPT 333 W0 START 4x2 seed=1316280 2026-07-22T17:07:07.043
ATTEMPT 333 W0 SOLVE 4x2 2026-07-22T17:07:07.052
ATTEMPT 333 W0 DONE 4x2 seed=1316280 nsol=16 0.02s 2026-07-22T17:07:07.075
ATTEMPT 334 W0 START 4x2 seed=1316281 2026-07-22T17:07:07.075
ATTEMPT 334 W0 SOLVE 4x2 2026-07-22T17:07:07.090
ATTEMPT 334 W0 DONE 4x2 seed=1316281 nsol=16 3.61s 2026-07-22T17:07:10.703
ATTEMPT 335 W0 START 4x2 seed=1316282 2026-07-22T17:07:10.703
ATTEMPT 335 W0 SOLVE 4x2 2026-07-22T17:07:10.727
ATTEMPT 335 W0 DONE 4x2 seed=1316282 nsol=16 0.02s 2026-07-22T17:07:10.742
ATTEMPT 336 W0 START 4x2 seed=1316283 2026-07-22T17:07:10.742
ATTEMPT 336 W0 SOLVE 4x2 2026-07-22T17:07:10.751
ATTEMPT 336 W0 DONE 4x2 seed=1316283 nsol=16 0.02s 2026-07-22T17:07:10.779
ATTEMPT 337 W0 START 4x2 seed=1316284 2026-07-22T17:07:10.779
ATTEMPT 337 W0 SOLVE 4x2 2026-07-22T17:07:10.786
ATTEMPT 337 W0 DONE 4x2 seed=1316284 nsol=16 0.02s 2026-07-22T17:07:10.814
ATTEMPT 338 W0 START 4x2 seed=1316285 2026-07-22T17:07:10.814
ATTEMPT 338 W0 SOLVE 4x2 2026-07-22T17:07:10.826
ATTEMPT 338 W0 DONE 4x2 seed=1316285 nsol=16 0.01s 2026-07-22T17:07:10.838
ATTEMPT 339 W0 START 4x2 seed=1316286 2026-07-22T17:07:10.839
ATTEMPT 339 W0 SOLVE 4x2 2026-07-22T17:07:10.851
ATTEMPT 339 W0 DONE 4x2 seed=1316286 nsol=16 0.03s 2026-07-22T17:07:10.883
ATTEMPT 340 W0 START 4x2 seed=1316287 2026-07-22T17:07:10.883
ATTEMPT 340 W0 SOLVE 4x2 2026-07-22T17:07:10.898
ATTEMPT 340 W0 DONE 4x2 seed=1316287 nsol=16 0.01s 2026-07-22T17:07:10.911
ATTEMPT 341 W0 START 4x2 seed=1316288 2026-07-22T17:07:10.911
ATTEMPT 341 W0 SOLVE 4x2 2026-07-22T17:07:10.923
ATTEMPT 341 W0 DONE 4x2 seed=1316288 nsol=16 0.02s 2026-07-22T17:07:10.946
ATTEMPT 342 W0 START 4x2 seed=1316289 2026-07-22T17:07:10.947
ATTEMPT 342 W0 SOLVE 4x2 2026-07-22T17:07:10.955
ATTEMPT 342 W0 DONE 4x2 seed=1316289 nsol=16 0.02s 2026-07-22T17:07:10.979
ATTEMPT 343 W0 START 4x2 seed=1316290 2026-07-22T17:07:10.979
ATTEMPT 343 W0 SOLVE 4x2 2026-07-22T17:07:10.991
ATTEMPT 343 W0 DONE 4x2 seed=1316290 nsol=16 0.02s 2026-07-22T17:07:11.014
ATTEMPT 344 W0 START 4x2 seed=1316291 2026-07-22T17:07:11.015
ATTEMPT 344 W0 SOLVE 4x2 2026-07-22T17:07:11.030
ATTEMPT 344 W0 DONE 4x2 seed=1316291 nsol=16 0.02s 2026-07-22T17:07:11.058
ATTEMPT 345 W0 START 4x2 seed=1316292 2026-07-22T17:07:11.058
ATTEMPT 345 W0 SOLVE 4x2 2026-07-22T17:07:11.073
ATTEMPT 345 W0 DONE 4x2 seed=1316292 nsol=16 0.03s 2026-07-22T17:07:11.098
ATTEMPT 346 W0 START 4x2 seed=1316293 2026-07-22T17:07:11.098
ATTEMPT 346 W0 SOLVE 4x2 2026-07-22T17:07:11.108
ATTEMPT 346 W0 DONE 4x2 seed=1316293 nsol=16 0.20s 2026-07-22T17:07:11.311
ATTEMPT 347 W0 START 4x2 seed=1316294 2026-07-22T17:07:11.311
ATTEMPT 347 W0 SOLVE 4x2 2026-07-22T17:07:11.335
ATTEMPT 347 W0 DONE 4x2 seed=1316294 nsol=16 0.03s 2026-07-22T17:07:11.363
ATTEMPT 348 W0 START 4x2 seed=1316295 2026-07-22T17:07:11.363
ATTEMPT 348 W0 SOLVE 4x2 2026-07-22T17:07:11.374
ATTEMPT 348 W0 DONE 4x2 seed=1316295 nsol=16 0.02s 2026-07-22T17:07:11.402
ATTEMPT 349 W0 START 4x2 seed=1316296 2026-07-22T17:07:11.402
ATTEMPT 349 W0 SOLVE 4x2 2026-07-22T17:07:11.413
ATTEMPT 349 W0 DONE 4x2 seed=1316296 nsol=16 0.02s 2026-07-22T17:07:11.430
ATTEMPT 350 W0 START 4x2 seed=1316297 2026-07-22T17:07:11.430
ATTEMPT 350 W0 SOLVE 4x2 2026-07-22T17:07:11.449
ATTEMPT 350 W0 DONE 4x2 seed=1316297 nsol=16 0.03s 2026-07-22T17:07:11.478
ATTEMPT 351 W0 START 4x2 seed=1316298 2026-07-22T17:07:11.478
ATTEMPT 351 W0 SOLVE 4x2 2026-07-22T17:07:11.497
ATTEMPT 351 W0 DONE 4x2 seed=1316298 nsol=16 0.03s 2026-07-22T17:07:11.534
ATTEMPT 352 W0 START 4x2 seed=1316299 2026-07-22T17:07:11.534
ATTEMPT 352 W0 SOLVE 4x2 2026-07-22T17:07:11.545
ATTEMPT 352 W0 DONE 4x2 seed=1316299 nsol=16 0.01s 2026-07-22T17:07:11.560
ATTEMPT 353 W0 START 4x2 seed=1316300 2026-07-22T17:07:11.561
ATTEMPT 353 W0 SOLVE 4x2 2026-07-22T17:07:11.583
ATTEMPT 353 W0 DONE 4x2 seed=1316300 nsol=16 0.02s 2026-07-22T17:07:11.606
ATTEMPT 354 W0 START 4x2 seed=1316301 2026-07-22T17:07:11.606
ATTEMPT 354 W0 SOLVE 4x2 2026-07-22T17:07:11.620
ATTEMPT 354 W0 DONE 4x2 seed=1316301 nsol=16 0.02s 2026-07-22T17:07:11.644
ATTEMPT 355 W0 START 4x2 seed=1316302 2026-07-22T17:07:11.644
ATTEMPT 355 W0 SOLVE 4x2 2026-07-22T17:07:11.650
ATTEMPT 355 W0 DONE 4x2 seed=1316302 nsol=16 0.02s 2026-07-22T17:07:11.675
ATTEMPT 356 W0 START 4x2 seed=1316303 2026-07-22T17:07:11.675
ATTEMPT 356 W0 SOLVE 4x2 2026-07-22T17:07:11.680
ATTEMPT 356 W0 DONE 4x2 seed=1316303 nsol=16 0.02s 2026-07-22T17:07:11.706
ATTEMPT 357 W0 START 4x2 seed=1316304 2026-07-22T17:07:11.706
ATTEMPT 357 W0 SOLVE 4x2 2026-07-22T17:07:11.722
ATTEMPT 357 W0 DONE 4x2 seed=1316304 nsol=16 0.01s 2026-07-22T17:07:11.735
ATTEMPT 358 W0 START 4x2 seed=1316305 2026-07-22T17:07:11.735
ATTEMPT 358 W0 SOLVE 4x2 2026-07-22T17:07:11.746
ATTEMPT 358 W0 DONE 4x2 seed=1316305 nsol=16 0.04s 2026-07-22T17:07:11.794
ATTEMPT 359 W0 START 4x2 seed=1316306 2026-07-22T17:07:11.794
ATTEMPT 359 W0 SOLVE 4x2 2026-07-22T17:07:11.817
ATTEMPT 359 W0 DONE 4x2 seed=1316306 nsol=16 0.03s 2026-07-22T17:07:11.843
ATTEMPT 360 W0 START 4x2 seed=1316307 2026-07-22T17:07:11.843
ATTEMPT 360 W0 SOLVE 4x2 2026-07-22T17:07:11.857
ATTEMPT 360 W0 DONE 4x2 seed=1316307 nsol=16 0.01s 2026-07-22T17:07:11.878
ATTEMPT 361 W0 START 4x2 seed=1316308 2026-07-22T17:07:11.878
ATTEMPT 361 W0 SOLVE 4x2 2026-07-22T17:07:11.903
ATTEMPT 361 W0 DONE 4x2 seed=1316308 nsol=16 0.03s 2026-07-22T17:07:11.938
ATTEMPT 362 W0 START 4x2 seed=1316309 2026-07-22T17:07:11.938
ATTEMPT 362 W0 SOLVE 4x2 2026-07-22T17:07:11.945
ATTEMPT 362 W0 DONE 4x2 seed=1316309 nsol=16 0.02s 2026-07-22T17:07:11.971
ATTEMPT 363 W0 START 4x2 seed=1316310 2026-07-22T17:07:11.971
ATTEMPT 363 W0 SOLVE 4x2 2026-07-22T17:07:11.985
ATTEMPT 363 W0 DONE 4x2 seed=1316310 nsol=16 0.02s 2026-07-22T17:07:12.006
ATTEMPT 364 W0 START 4x2 seed=1316311 2026-07-22T17:07:12.006
ATTEMPT 364 W0 SOLVE 4x2 2026-07-22T17:07:12.020
ATTEMPT 364 W0 DONE 4x2 seed=1316311 nsol=16 0.02s 2026-07-22T17:07:12.038
ATTEMPT 365 W0 START 4x2 seed=1316312 2026-07-22T17:07:12.038
ATTEMPT 365 W0 SOLVE 4x2 2026-07-22T17:07:12.043
ATTEMPT 365 W0 DONE 4x2 seed=1316312 nsol=16 0.01s 2026-07-22T17:07:12.050
ATTEMPT 366 W0 START 4x2 seed=1316313 2026-07-22T17:07:12.050
ATTEMPT 366 W0 SOLVE 4x2 2026-07-22T17:07:12.056
ATTEMPT 366 W0 DONE 4x2 seed=1316313 nsol=16 0.01s 2026-07-22T17:07:12.062
ATTEMPT 367 W0 START 4x2 seed=1316314 2026-07-22T17:07:12.063
ATTEMPT 367 W0 SOLVE 4x2 2026-07-22T17:07:12.069
ATTEMPT 367 W0 DONE 4x2 seed=1316314 nsol=16 0.01s 2026-07-22T17:07:12.078
ATTEMPT 368 W0 START 4x2 seed=1316315 2026-07-22T17:07:12.078
ATTEMPT 368 W0 SOLVE 4x2 2026-07-22T17:07:12.084
ATTEMPT 368 W0 DONE 4x2 seed=1316315 nsol=16 0.01s 2026-07-22T17:07:12.099
ATTEMPT 369 W0 START 4x2 seed=1316316 2026-07-22T17:07:12.100
ATTEMPT 369 W0 SOLVE 4x2 2026-07-22T17:07:12.106
ATTEMPT 369 W0 DONE 4x2 seed=1316316 nsol=16 0.01s 2026-07-22T17:07:12.111
ATTEMPT 370 W0 START 4x2 seed=1316317 2026-07-22T17:07:12.112
ATTEMPT 370 W0 SOLVE 4x2 2026-07-22T17:07:12.134
ATTEMPT 370 W0 DONE 4x2 seed=1316317 nsol=16 0.01s 2026-07-22T17:07:12.142
ATTEMPT 371 W0 START 4x2 seed=1316318 2026-07-22T17:07:12.142
ATTEMPT 371 W0 SOLVE 4x2 2026-07-22T17:07:12.152
ATTEMPT 371 W0 DONE 4x2 seed=1316318 nsol=16 0.02s 2026-07-22T17:07:12.167
ATTEMPT 372 W0 START 4x2 seed=1316319 2026-07-22T17:07:12.167
ATTEMPT 372 W0 SOLVE 4x2 2026-07-22T17:07:12.188
ATTEMPT 372 W0 DONE 4x2 seed=1316319 nsol=16 0.01s 2026-07-22T17:07:12.201
ATTEMPT 373 W0 START 4x2 seed=1316320 2026-07-22T17:07:12.201
ATTEMPT 373 W0 SOLVE 4x2 2026-07-22T17:07:12.220
ATTEMPT 373 W0 DONE 4x2 seed=1316320 nsol=16 0.02s 2026-07-22T17:07:12.236
ATTEMPT 374 W0 START 4x2 seed=1316321 2026-07-22T17:07:12.236
ATTEMPT 374 W0 SOLVE 4x2 2026-07-22T17:07:12.248
ATTEMPT 374 W0 DONE 4x2 seed=1316321 nsol=16 0.03s 2026-07-22T17:07:12.282
ATTEMPT 375 W0 START 4x2 seed=1316322 2026-07-22T17:07:12.282
ATTEMPT 375 W0 SOLVE 4x2 2026-07-22T17:07:12.314
ATTEMPT 375 W0 DONE 4x2 seed=1316322 nsol=16 0.02s 2026-07-22T17:07:12.330
ATTEMPT 376 W0 START 4x2 seed=1316323 2026-07-22T17:07:12.331
ATTEMPT 376 W0 SOLVE 4x2 2026-07-22T17:07:12.345
ATTEMPT 376 W0 DONE 4x2 seed=1316323 nsol=16 0.01s 2026-07-22T17:07:12.365
ATTEMPT 377 W0 START 4x2 seed=1316324 2026-07-22T17:07:12.365
ATTEMPT 377 W0 SOLVE 4x2 2026-07-22T17:07:12.381
ATTEMPT 377 W0 DONE 4x2 seed=1316324 nsol=16 0.02s 2026-07-22T17:07:12.397
ATTEMPT 378 W0 START 4x2 seed=1316325 2026-07-22T17:07:12.397
ATTEMPT 378 W0 SOLVE 4x2 2026-07-22T17:07:12.409
ATTEMPT 378 W0 DONE 4x2 seed=1316325 nsol=16 0.02s 2026-07-22T17:07:12.430
ATTEMPT 379 W0 START 4x2 seed=1316326 2026-07-22T17:07:12.431
ATTEMPT 379 W0 SOLVE 4x2 2026-07-22T17:07:12.444
ATTEMPT 379 W0 DONE 4x2 seed=1316326 nsol=16 0.01s 2026-07-22T17:07:12.456
ATTEMPT 380 W0 START 4x2 seed=1316327 2026-07-22T17:07:12.456
ATTEMPT 380 W0 SOLVE 4x2 2026-07-22T17:07:12.482
ATTEMPT 380 W0 DONE 4x2 seed=1316327 nsol=16 0.00s 2026-07-22T17:07:12.486
ATTEMPT 381 W0 START 4x2 seed=1316328 2026-07-22T17:07:12.486
ATTEMPT 381 W0 SOLVE 4x2 2026-07-22T17:07:12.499
ATTEMPT 381 W0 DONE 4x2 seed=1316328 nsol=16 0.02s 2026-07-22T17:07:12.519
ATTEMPT 382 W0 START 4x2 seed=1316329 2026-07-22T17:07:12.519
ATTEMPT 382 W0 SOLVE 4x2 2026-07-22T17:07:12.534
ATTEMPT 382 W0 DONE 4x2 seed=1316329 nsol=16 0.02s 2026-07-22T17:07:12.558
ATTEMPT 383 W0 START 4x2 seed=1316330 2026-07-22T17:07:12.558
ATTEMPT 383 W0 SOLVE 4x2 2026-07-22T17:07:12.568
ATTEMPT 383 W0 DONE 4x2 seed=1316330 nsol=16 0.02s 2026-07-22T17:07:12.586
ATTEMPT 384 W0 START 4x2 seed=1316331 2026-07-22T17:07:12.586
ATTEMPT 384 W0 SOLVE 4x2 2026-07-22T17:07:12.596
ATTEMPT 384 W0 DONE 4x2 seed=1316331 nsol=16 0.01s 2026-07-22T17:07:12.608
ATTEMPT 385 W0 START 4x2 seed=1316332 2026-07-22T17:07:12.608
ATTEMPT 385 W0 SOLVE 4x2 2026-07-22T17:07:12.613
ATTEMPT 385 W0 DONE 4x2 seed=1316332 nsol=16 0.05s 2026-07-22T17:07:12.662
ATTEMPT 386 W0 START 4x2 seed=1316333 2026-07-22T17:07:12.662
ATTEMPT 386 W0 SOLVE 4x2 2026-07-22T17:07:12.673
ATTEMPT 386 W0 DONE 4x2 seed=1316333 nsol=16 0.02s 2026-07-22T17:07:12.698
ATTEMPT 387 W0 START 4x2 seed=1316334 2026-07-22T17:07:12.698
ATTEMPT 387 W0 SOLVE 4x2 2026-07-22T17:07:12.710
ATTEMPT 387 W0 DONE 4x2 seed=1316334 nsol=16 0.02s 2026-07-22T17:07:12.734
ATTEMPT 388 W0 START 4x2 seed=1316335 2026-07-22T17:07:12.734
ATTEMPT 388 W0 SOLVE 4x2 2026-07-22T17:07:12.757
ATTEMPT 388 W0 DONE 4x2 seed=1316335 nsol=16 0.02s 2026-07-22T17:07:12.779
ATTEMPT 389 W0 START 4x2 seed=1316336 2026-07-22T17:07:12.779
ATTEMPT 389 W0 SOLVE 4x2 2026-07-22T17:07:12.793
ATTEMPT 389 W0 DONE 4x2 seed=1316336 nsol=16 0.02s 2026-07-22T17:07:12.811
ATTEMPT 390 W0 START 4x2 seed=1316337 2026-07-22T17:07:12.811
ATTEMPT 390 W0 SOLVE 4x2 2026-07-22T17:07:12.828
ATTEMPT 390 W0 DONE 4x2 seed=1316337 nsol=16 0.02s 2026-07-22T17:07:12.846
ATTEMPT 391 W0 START 4x2 seed=1316338 2026-07-22T17:07:12.847
ATTEMPT 391 W0 SOLVE 4x2 2026-07-22T17:07:12.861
ATTEMPT 391 W0 DONE 4x2 seed=1316338 nsol=16 0.02s 2026-07-22T17:07:12.882
ATTEMPT 392 W0 START 4x2 seed=1316339 2026-07-22T17:07:12.883
ATTEMPT 392 W0 SOLVE 4x2 2026-07-22T17:07:12.892
ATTEMPT 392 W0 DONE 4x2 seed=1316339 nsol=16 0.03s 2026-07-22T17:07:12.923
ATTEMPT 393 W0 START 4x2 seed=1316340 2026-07-22T17:07:12.923
ATTEMPT 393 W0 SOLVE 4x2 2026-07-22T17:07:12.929
ATTEMPT 393 W0 DONE 4x2 seed=1316340 nsol=16 0.03s 2026-07-22T17:07:12.954
ATTEMPT 394 W0 START 4x2 seed=1316341 2026-07-22T17:07:12.954
ATTEMPT 394 W0 SOLVE 4x2 2026-07-22T17:07:12.964
ATTEMPT 394 W0 DONE 4x2 seed=1316341 nsol=16 0.02s 2026-07-22T17:07:12.982
ATTEMPT 395 W0 START 4x2 seed=1316342 2026-07-22T17:07:12.982
ATTEMPT 395 W0 SOLVE 4x2 2026-07-22T17:07:13.001
ATTEMPT 395 W0 DONE 4x2 seed=1316342 nsol=16 0.12s 2026-07-22T17:07:13.118
ATTEMPT 396 W0 START 4x2 seed=1316343 2026-07-22T17:07:13.119
ATTEMPT 396 W0 SOLVE 4x2 2026-07-22T17:07:13.155
ATTEMPT 396 W0 DONE 4x2 seed=1316343 nsol=16 0.02s 2026-07-22T17:07:13.178
ATTEMPT 397 W0 START 4x2 seed=1316344 2026-07-22T17:07:13.178
ATTEMPT 397 W0 SOLVE 4x2 2026-07-22T17:07:13.189
ATTEMPT 397 W0 DONE 4x2 seed=1316344 nsol=16 0.04s 2026-07-22T17:07:13.226
ATTEMPT 398 W0 START 4x2 seed=1316345 2026-07-22T17:07:13.226
ATTEMPT 398 W0 SOLVE 4x2 2026-07-22T17:07:13.240
ATTEMPT 398 W0 DONE 4x2 seed=1316345 nsol=16 0.03s 2026-07-22T17:07:13.266
ATTEMPT 399 W0 START 4x2 seed=1316346 2026-07-22T17:07:13.266
ATTEMPT 399 W0 SOLVE 4x2 2026-07-22T17:07:13.277
ATTEMPT 399 W0 DONE 4x2 seed=1316346 nsol=16 0.02s 2026-07-22T17:07:13.302
ATTEMPT 400 W0 START 4x2 seed=1316347 2026-07-22T17:07:13.302
ATTEMPT 400 W0 SOLVE 4x2 2026-07-22T17:07:13.323
ATTEMPT 400 W0 DONE 4x2 seed=1316347 nsol=16 0.01s 2026-07-22T17:07:13.334
ATTEMPT 401 W0 START 4x2 seed=1316348 2026-07-22T17:07:13.334
ATTEMPT 401 W0 SOLVE 4x2 2026-07-22T17:07:13.352
ATTEMPT 401 W0 DONE 4x2 seed=1316348 nsol=16 0.03s 2026-07-22T17:07:13.386
ATTEMPT 402 W0 START 4x2 seed=1316349 2026-07-22T17:07:13.386
ATTEMPT 402 W0 SOLVE 4x2 2026-07-22T17:07:13.397
ATTEMPT 402 W0 DONE 4x2 seed=1316349 nsol=16 0.02s 2026-07-22T17:07:13.422
ATTEMPT 403 W0 START 4x2 seed=1316350 2026-07-22T17:07:13.422
ATTEMPT 403 W0 SOLVE 4x2 2026-07-22T17:07:13.434
ATTEMPT 403 W0 DONE 4x2 seed=1316350 nsol=16 0.03s 2026-07-22T17:07:13.465
ATTEMPT 404 W0 START 4x2 seed=1316351 2026-07-22T17:07:13.465
ATTEMPT 404 W0 SOLVE 4x2 2026-07-22T17:07:13.470
ATTEMPT 404 W0 DONE 4x2 seed=1316351 nsol=16 0.02s 2026-07-22T17:07:13.502
ATTEMPT 405 W0 START 4x2 seed=1316352 2026-07-22T17:07:13.502
ATTEMPT 405 W0 SOLVE 4x2 2026-07-22T17:07:13.524
ATTEMPT 405 W0 DONE 4x2 seed=1316352 nsol=16 0.02s 2026-07-22T17:07:13.545
ATTEMPT 406 W0 START 4x2 seed=1316353 2026-07-22T17:07:13.545
ATTEMPT 406 W0 SOLVE 4x2 2026-07-22T17:07:13.563
ATTEMPT 406 W0 DONE 4x2 seed=1316353 nsol=16 0.02s 2026-07-22T17:07:13.582
ATTEMPT 407 W0 START 4x2 seed=1316354 2026-07-22T17:07:13.583
ATTEMPT 407 W0 SOLVE 4x2 2026-07-22T17:07:13.615
ATTEMPT 407 W0 DONE 4x2 seed=1316354 nsol=16 0.02s 2026-07-22T17:07:13.633
ATTEMPT 408 W0 START 4x2 seed=1316355 2026-07-22T17:07:13.633
ATTEMPT 408 W0 SOLVE 4x2 2026-07-22T17:07:13.656
ATTEMPT 408 W0 DONE 4x2 seed=1316355 nsol=16 0.02s 2026-07-22T17:07:13.677
ATTEMPT 409 W0 START 4x2 seed=1316356 2026-07-22T17:07:13.677
ATTEMPT 409 W0 SOLVE 4x2 2026-07-22T17:07:13.700
ATTEMPT 409 W0 DONE 4x2 seed=1316356 nsol=16 0.04s 2026-07-22T17:07:13.742
ATTEMPT 410 W0 START 4x2 seed=1316357 2026-07-22T17:07:13.742
ATTEMPT 410 W0 SOLVE 4x2 2026-07-22T17:07:13.761
ATTEMPT 410 W0 DONE 4x2 seed=1316357 nsol=16 0.03s 2026-07-22T17:07:13.798
ATTEMPT 411 W0 START 4x2 seed=1316358 2026-07-22T17:07:13.798
ATTEMPT 411 W0 SOLVE 4x2 2026-07-22T17:07:13.816
ATTEMPT 411 W0 DONE 4x2 seed=1316358 nsol=16 0.02s 2026-07-22T17:07:13.834
ATTEMPT 412 W0 START 4x2 seed=1316359 2026-07-22T17:07:13.834
ATTEMPT 412 W0 SOLVE 4x2 2026-07-22T17:07:13.852
ATTEMPT 412 W0 DONE 4x2 seed=1316359 nsol=16 0.02s 2026-07-22T17:07:13.880
ATTEMPT 413 W0 START 4x2 seed=1316360 2026-07-22T17:07:13.880
ATTEMPT 413 W0 SOLVE 4x2 2026-07-22T17:07:13.885
ATTEMPT 413 W0 DONE 4x2 seed=1316360 nsol=16 0.02s 2026-07-22T17:07:13.919
ATTEMPT 414 W0 START 4x2 seed=1316361 2026-07-22T17:07:13.921
ATTEMPT 414 W0 SOLVE 4x2 2026-07-22T17:07:13.941
ATTEMPT 414 W0 DONE 4x2 seed=1316361 nsol=16 0.03s 2026-07-22T17:07:13.984
ATTEMPT 415 W0 START 4x2 seed=1316362 2026-07-22T17:07:13.984
ATTEMPT 415 W0 SOLVE 4x2 2026-07-22T17:07:13.997
ATTEMPT 415 W0 DONE 4x2 seed=1316362 nsol=16 0.02s 2026-07-22T17:07:14.026
ATTEMPT 416 W0 START 4x2 seed=1316363 2026-07-22T17:07:14.027
ATTEMPT 416 W0 SOLVE 4x2 2026-07-22T17:07:14.037
ATTEMPT 416 W0 DONE 4x2 seed=1316363 nsol=16 0.02s 2026-07-22T17:07:14.066
ATTEMPT 417 W0 START 4x2 seed=1316364 2026-07-22T17:07:14.066
ATTEMPT 417 W0 SOLVE 4x2 2026-07-22T17:07:14.086
ATTEMPT 417 W0 DONE 4x2 seed=1316364 nsol=16 0.02s 2026-07-22T17:07:14.118
ATTEMPT 418 W0 START 4x2 seed=1316365 2026-07-22T17:07:14.118
ATTEMPT 418 W0 SOLVE 4x2 2026-07-22T17:07:14.140
ATTEMPT 418 W0 DONE 4x2 seed=1316365 nsol=16 0.03s 2026-07-22T17:07:14.167
ATTEMPT 419 W0 START 4x2 seed=1316366 2026-07-22T17:07:14.167
ATTEMPT 419 W0 SOLVE 4x2 2026-07-22T17:07:14.177
ATTEMPT 419 W0 DONE 4x2 seed=1316366 nsol=16 0.02s 2026-07-22T17:07:14.209
ATTEMPT 420 W0 START 4x2 seed=1316367 2026-07-22T17:07:14.210
ATTEMPT 420 W0 SOLVE 4x2 2026-07-22T17:07:14.228
ATTEMPT 420 W0 DONE 4x2 seed=1316367 nsol=16 0.03s 2026-07-22T17:07:14.258
ATTEMPT 421 W0 START 4x2 seed=1316368 2026-07-22T17:07:14.258
ATTEMPT 421 W0 SOLVE 4x2 2026-07-22T17:07:14.264
ATTEMPT 421 W0 DONE 4x2 seed=1316368 nsol=16 0.01s 2026-07-22T17:07:14.278
ATTEMPT 422 W0 START 4x2 seed=1316369 2026-07-22T17:07:14.279
ATTEMPT 422 W0 SOLVE 4x2 2026-07-22T17:07:14.286
ATTEMPT 422 W0 DONE 4x2 seed=1316369 nsol=16 0.02s 2026-07-22T17:07:14.308
ATTEMPT 423 W0 START 4x2 seed=1316370 2026-07-22T17:07:14.308
ATTEMPT 423 W0 SOLVE 4x2 2026-07-22T17:07:14.314
ATTEMPT 423 W0 DONE 4x2 seed=1316370 nsol=16 0.01s 2026-07-22T17:07:14.319
ATTEMPT 424 W0 START 4x2 seed=1316371 2026-07-22T17:07:14.319
ATTEMPT 424 W0 SOLVE 4x2 2026-07-22T17:07:14.325
ATTEMPT 424 W0 DONE 4x2 seed=1316371 nsol=16 0.01s 2026-07-22T17:07:14.333
ATTEMPT 425 W0 START 4x2 seed=1316372 2026-07-22T17:07:14.333
ATTEMPT 425 W0 SOLVE 4x2 2026-07-22T17:07:14.339
ATTEMPT 425 W0 DONE 4x2 seed=1316372 nsol=16 0.02s 2026-07-22T17:07:14.357
ATTEMPT 426 W0 START 4x2 seed=1316373 2026-07-22T17:07:14.358
ATTEMPT 426 W0 SOLVE 4x2 2026-07-22T17:07:14.366
ATTEMPT 426 W0 DONE 4x2 seed=1316373 nsol=16 0.01s 2026-07-22T17:07:14.379
ATTEMPT 427 W0 START 4x2 seed=1316374 2026-07-22T17:07:14.379
ATTEMPT 427 W0 SOLVE 4x2 2026-07-22T17:07:14.396
ATTEMPT 427 W0 DONE 4x2 seed=1316374 nsol=16 0.03s 2026-07-22T17:07:14.422
ATTEMPT 428 W0 START 4x2 seed=1316375 2026-07-22T17:07:14.422
ATTEMPT 428 W0 SOLVE 4x2 2026-07-22T17:07:14.446
ATTEMPT 428 W0 DONE 4x2 seed=1316375 nsol=16 0.02s 2026-07-22T17:07:14.470
ATTEMPT 429 W0 START 4x2 seed=1316376 2026-07-22T17:07:14.470
ATTEMPT 429 W0 SOLVE 4x2 2026-07-22T17:07:14.476
ATTEMPT 429 W0 DONE 4x2 seed=1316376 nsol=16 0.02s 2026-07-22T17:07:14.498
ATTEMPT 430 W0 START 4x2 seed=1316377 2026-07-22T17:07:14.498
ATTEMPT 430 W0 SOLVE 4x2 2026-07-22T17:07:14.508
ATTEMPT 430 W0 DONE 4x2 seed=1316377 nsol=16 0.02s 2026-07-22T17:07:14.526
ATTEMPT 431 W0 START 4x2 seed=1316378 2026-07-22T17:07:14.527
ATTEMPT 431 W0 SOLVE 4x2 2026-07-22T17:07:14.545
ATTEMPT 431 W0 DONE 4x2 seed=1316378 nsol=16 0.02s 2026-07-22T17:07:14.561
ATTEMPT 432 W0 START 4x2 seed=1316379 2026-07-22T17:07:14.561
ATTEMPT 432 W0 SOLVE 4x2 2026-07-22T17:07:14.566
ATTEMPT 432 W0 DONE 4x2 seed=1316379 nsol=16 0.03s 2026-07-22T17:07:14.594
ATTEMPT 433 W0 START 4x2 seed=1316380 2026-07-22T17:07:14.594
ATTEMPT 433 W0 SOLVE 4x2 2026-07-22T17:07:14.604
ATTEMPT 433 W0 DONE 4x2 seed=1316380 nsol=16 0.02s 2026-07-22T17:07:14.626
ATTEMPT 434 W0 START 4x2 seed=1316381 2026-07-22T17:07:14.626
ATTEMPT 434 W0 SOLVE 4x2 2026-07-22T17:07:14.640
ATTEMPT 434 W0 DONE 4x2 seed=1316381 nsol=16 0.02s 2026-07-22T17:07:14.667
ATTEMPT 435 W0 START 4x2 seed=1316382 2026-07-22T17:07:14.667
ATTEMPT 435 W0 SOLVE 4x2 2026-07-22T17:07:14.677
ATTEMPT 435 W0 DONE 4x2 seed=1316382 nsol=16 0.02s 2026-07-22T17:07:14.701
ATTEMPT 436 W0 START 4x2 seed=1316383 2026-07-22T17:07:14.702
ATTEMPT 436 W0 SOLVE 4x2 2026-07-22T17:07:14.715
ATTEMPT 436 W0 DONE 4x2 seed=1316383 nsol=16 0.01s 2026-07-22T17:07:14.730
ATTEMPT 437 W0 START 4x2 seed=1316384 2026-07-22T17:07:14.731
ATTEMPT 437 W0 SOLVE 4x2 2026-07-22T17:07:14.738
ATTEMPT 437 W0 DONE 4x2 seed=1316384 nsol=16 0.03s 2026-07-22T17:07:14.774
ATTEMPT 438 W0 START 4x2 seed=1316385 2026-07-22T17:07:14.775
ATTEMPT 438 W0 SOLVE 4x2 2026-07-22T17:07:14.784
ATTEMPT 438 W0 DONE 4x2 seed=1316385 nsol=16 0.02s 2026-07-22T17:07:14.807
ATTEMPT 439 W0 START 4x2 seed=1316386 2026-07-22T17:07:14.807
ATTEMPT 439 W0 SOLVE 4x2 2026-07-22T17:07:14.820
ATTEMPT 439 W0 DONE 4x2 seed=1316386 nsol=16 0.02s 2026-07-22T17:07:14.851
ATTEMPT 440 W0 START 4x2 seed=1316387 2026-07-22T17:07:14.851
ATTEMPT 440 W0 SOLVE 4x2 2026-07-22T17:07:14.863
ATTEMPT 440 W0 DONE 4x2 seed=1316387 nsol=16 0.09s 2026-07-22T17:07:14.950
ATTEMPT 441 W0 START 4x2 seed=1316388 2026-07-22T17:07:14.950
ATTEMPT 441 W0 SOLVE 4x2 2026-07-22T17:07:14.956
ATTEMPT 441 W0 DONE 4x2 seed=1316388 nsol=16 0.02s 2026-07-22T17:07:14.977
ATTEMPT 442 W0 START 4x2 seed=1316389 2026-07-22T17:07:14.977
ATTEMPT 442 W0 SOLVE 4x2 2026-07-22T17:07:14.993
ATTEMPT 442 W0 DONE 4x2 seed=1316389 nsol=16 0.03s 2026-07-22T17:07:15.022
ATTEMPT 443 W0 START 4x2 seed=1316390 2026-07-22T17:07:15.023
ATTEMPT 443 W0 SOLVE 4x2 2026-07-22T17:07:15.037
ATTEMPT 443 W0 DONE 4x2 seed=1316390 nsol=16 0.02s 2026-07-22T17:07:15.066
ATTEMPT 444 W0 START 4x2 seed=1316391 2026-07-22T17:07:15.066
ATTEMPT 444 W0 SOLVE 4x2 2026-07-22T17:07:15.081
ATTEMPT 444 W0 DONE 4x2 seed=1316391 nsol=16 0.01s 2026-07-22T17:07:15.093
ATTEMPT 445 W0 START 4x2 seed=1316392 2026-07-22T17:07:15.093
ATTEMPT 445 W0 SOLVE 4x2 2026-07-22T17:07:15.105
ATTEMPT 445 W0 DONE 4x2 seed=1316392 nsol=16 0.01s 2026-07-22T17:07:15.124
ATTEMPT 446 W0 START 4x2 seed=1316393 2026-07-22T17:07:15.124
ATTEMPT 446 W0 SOLVE 4x2 2026-07-22T17:07:15.130
ATTEMPT 446 W0 DONE 4x2 seed=1316393 nsol=16 0.01s 2026-07-22T17:07:15.154
ATTEMPT 447 W0 START 4x2 seed=1316394 2026-07-22T17:07:15.154
ATTEMPT 447 W0 SOLVE 4x2 2026-07-22T17:07:15.166
ATTEMPT 447 W0 DONE 4x2 seed=1316394 nsol=16 0.02s 2026-07-22T17:07:15.186
ATTEMPT 448 W0 START 4x2 seed=1316395 2026-07-22T17:07:15.187
ATTEMPT 448 W0 SOLVE 4x2 2026-07-22T17:07:15.197
ATTEMPT 448 W0 DONE 4x2 seed=1316395 nsol=16 0.02s 2026-07-22T17:07:15.214
ATTEMPT 449 W0 START 4x2 seed=1316396 2026-07-22T17:07:15.215
ATTEMPT 449 W0 SOLVE 4x2 2026-07-22T17:07:15.229
ATTEMPT 449 W0 DONE 4x2 seed=1316396 nsol=16 0.02s 2026-07-22T17:07:15.259
ATTEMPT 450 W0 START 4x2 seed=1316397 2026-07-22T17:07:15.259
ATTEMPT 450 W0 SOLVE 4x2 2026-07-22T17:07:15.268
ATTEMPT 450 W0 DONE 4x2 seed=1316397 nsol=16 0.02s 2026-07-22T17:07:15.286
ATTEMPT 451 W0 START 4x2 seed=1316398 2026-07-22T17:07:15.286
ATTEMPT 451 W0 SOLVE 4x2 2026-07-22T17:07:15.297
ATTEMPT 451 W0 DONE 4x2 seed=1316398 nsol=16 0.01s 2026-07-22T17:07:15.309
ATTEMPT 452 W0 START 4x2 seed=1316399 2026-07-22T17:07:15.309
ATTEMPT 452 W0 SOLVE 4x2 2026-07-22T17:07:15.324
ATTEMPT 452 W0 DONE 4x2 seed=1316399 nsol=16 0.01s 2026-07-22T17:07:15.334
ATTEMPT 453 W0 START 4x2 seed=1316400 2026-07-22T17:07:15.335
ATTEMPT 453 W0 SOLVE 4x2 2026-07-22T17:07:15.341
ATTEMPT 453 W0 DONE 4x2 seed=1316400 nsol=16 0.02s 2026-07-22T17:07:15.363
ATTEMPT 454 W0 START 4x2 seed=1316401 2026-07-22T17:07:15.363
ATTEMPT 454 W0 SOLVE 4x2 2026-07-22T17:07:15.376
ATTEMPT 454 W0 DONE 4x2 seed=1316401 nsol=16 0.02s 2026-07-22T17:07:15.394
ATTEMPT 455 W0 START 4x2 seed=1316402 2026-07-22T17:07:15.394
ATTEMPT 455 W0 SOLVE 4x2 2026-07-22T17:07:15.407
ATTEMPT 455 W0 DONE 4x2 seed=1316402 nsol=16 0.01s 2026-07-22T17:07:15.415
ATTEMPT 456 W0 START 4x2 seed=1316403 2026-07-22T17:07:15.415
ATTEMPT 456 W0 SOLVE 4x2 2026-07-22T17:07:15.432
ATTEMPT 456 W0 DONE 4x2 seed=1316403 nsol=16 0.02s 2026-07-22T17:07:15.452
ATTEMPT 457 W0 START 4x2 seed=1316404 2026-07-22T17:07:15.452
ATTEMPT 457 W0 SOLVE 4x2 2026-07-22T17:07:15.471
ATTEMPT 457 W0 DONE 4x2 seed=1316404 nsol=16 0.01s 2026-07-22T17:07:15.486
ATTEMPT 458 W0 START 4x2 seed=1316405 2026-07-22T17:07:15.486
ATTEMPT 458 W0 SOLVE 4x2 2026-07-22T17:07:15.497
ATTEMPT 458 W0 DONE 4x2 seed=1316405 nsol=16 0.02s 2026-07-22T17:07:15.517
ATTEMPT 459 W0 START 4x2 seed=1316406 2026-07-22T17:07:15.517
ATTEMPT 459 W0 SOLVE 4x2 2026-07-22T17:07:15.526
ATTEMPT 459 W0 DONE 4x2 seed=1316406 nsol=16 0.01s 2026-07-22T17:07:15.539
ATTEMPT 460 W0 START 4x2 seed=1316407 2026-07-22T17:07:15.539
ATTEMPT 460 W0 SOLVE 4x2 2026-07-22T17:07:15.544
ATTEMPT 460 W0 DONE 4x2 seed=1316407 nsol=16 0.01s 2026-07-22T17:07:15.558
ATTEMPT 461 W0 START 4x2 seed=1316408 2026-07-22T17:07:15.558
ATTEMPT 461 W0 SOLVE 4x2 2026-07-22T17:07:15.571
ATTEMPT 461 W0 DONE 4x2 seed=1316408 nsol=16 0.02s 2026-07-22T17:07:15.592
ATTEMPT 462 W0 START 4x2 seed=1316409 2026-07-22T17:07:15.593
ATTEMPT 462 W0 SOLVE 4x2 2026-07-22T17:07:15.598
ATTEMPT 462 W0 DONE 4x2 seed=1316409 nsol=16 0.01s 2026-07-22T17:07:15.605
ATTEMPT 463 W0 START 4x2 seed=1316410 2026-07-22T17:07:15.605
ATTEMPT 463 W0 SOLVE 4x2 2026-07-22T17:07:15.612
ATTEMPT 463 W0 DONE 4x2 seed=1316410 nsol=16 0.03s 2026-07-22T17:07:15.638
ATTEMPT 464 W0 START 4x2 seed=1316411 2026-07-22T17:07:15.638
ATTEMPT 464 W0 SOLVE 4x2 2026-07-22T17:07:15.644
ATTEMPT 464 W0 DONE 4x2 seed=1316411 nsol=16 0.01s 2026-07-22T17:07:15.654
ATTEMPT 465 W0 START 4x2 seed=1316412 2026-07-22T17:07:15.654
ATTEMPT 465 W0 SOLVE 4x2 2026-07-22T17:07:15.660
ATTEMPT 465 W0 DONE 4x2 seed=1316412 nsol=16 0.01s 2026-07-22T17:07:15.674
ATTEMPT 466 W0 START 4x2 seed=1316413 2026-07-22T17:07:15.674
ATTEMPT 466 W0 SOLVE 4x2 2026-07-22T17:07:15.680
ATTEMPT 466 W0 DONE 4x2 seed=1316413 nsol=16 0.01s 2026-07-22T17:07:15.694
ATTEMPT 467 W0 START 4x2 seed=1316414 2026-07-22T17:07:15.694
ATTEMPT 467 W0 SOLVE 4x2 2026-07-22T17:07:15.700
ATTEMPT 467 W0 DONE 4x2 seed=1316414 nsol=16 0.01s 2026-07-22T17:07:15.714
ATTEMPT 468 W0 START 4x2 seed=1316415 2026-07-22T17:07:15.714
ATTEMPT 468 W0 SOLVE 4x2 2026-07-22T17:07:15.720
ATTEMPT 468 W0 DONE 4x2 seed=1316415 nsol=16 0.02s 2026-07-22T17:07:15.736
ATTEMPT 469 W0 START 4x2 seed=1316416 2026-07-22T17:07:15.736
ATTEMPT 469 W0 SOLVE 4x2 2026-07-22T17:07:15.748
ATTEMPT 469 W0 DONE 4x2 seed=1316416 nsol=16 0.01s 2026-07-22T17:07:15.762
ATTEMPT 470 W0 START 4x2 seed=1316417 2026-07-22T17:07:15.762
ATTEMPT 470 W0 SOLVE 4x2 2026-07-22T17:07:15.772
ATTEMPT 470 W0 DONE 4x2 seed=1316417 nsol=16 0.01s 2026-07-22T17:07:15.782
ATTEMPT 471 W0 START 4x2 seed=1316418 2026-07-22T17:07:15.782
ATTEMPT 471 W0 SOLVE 4x2 2026-07-22T17:07:15.793
ATTEMPT 471 W0 DONE 4x2 seed=1316418 nsol=16 0.03s 2026-07-22T17:07:15.824
ATTEMPT 472 W0 START 4x2 seed=1316419 2026-07-22T17:07:15.824
ATTEMPT 472 W0 SOLVE 4x2 2026-07-22T17:07:15.829
ATTEMPT 472 W0 DONE 4x2 seed=1316419 nsol=16 0.02s 2026-07-22T17:07:15.854
ATTEMPT 473 W0 START 4x2 seed=1316420 2026-07-22T17:07:15.854
ATTEMPT 473 W0 SOLVE 4x2 2026-07-22T17:07:15.865
ATTEMPT 473 W0 DONE 4x2 seed=1316420 nsol=16 0.02s 2026-07-22T17:07:15.891
ATTEMPT 474 W0 START 4x2 seed=1316421 2026-07-22T17:07:15.892
ATTEMPT 474 W0 SOLVE 4x2 2026-07-22T17:07:15.898
ATTEMPT 474 W0 DONE 4x2 seed=1316421 nsol=16 0.02s 2026-07-22T17:07:15.930
ATTEMPT 475 W0 START 4x2 seed=1316422 2026-07-22T17:07:15.930
ATTEMPT 475 W0 SOLVE 4x2 2026-07-22T17:07:15.940
ATTEMPT 475 W0 DONE 4x2 seed=1316422 nsol=16 0.02s 2026-07-22T17:07:15.958
ATTEMPT 476 W0 START 4x2 seed=1316423 2026-07-22T17:07:15.958
ATTEMPT 476 W0 SOLVE 4x2 2026-07-22T17:07:15.968
ATTEMPT 476 W0 DONE 4x2 seed=1316423 nsol=16 0.03s 2026-07-22T17:07:16.002
ATTEMPT 477 W0 START 4x2 seed=1316424 2026-07-22T17:07:16.013
ATTEMPT 477 W0 SOLVE 4x2 2026-07-22T17:07:16.027
ATTEMPT 477 W0 DONE 4x2 seed=1316424 nsol=16 0.02s 2026-07-22T17:07:16.046
ATTEMPT 478 W0 START 4x2 seed=1316425 2026-07-22T17:07:16.046
ATTEMPT 478 W0 SOLVE 4x2 2026-07-22T17:07:16.058
ATTEMPT 478 W0 DONE 4x2 seed=1316425 nsol=16 0.02s 2026-07-22T17:07:16.082
ATTEMPT 479 W0 START 4x2 seed=1316426 2026-07-22T17:07:16.082
ATTEMPT 479 W0 SOLVE 4x2 2026-07-22T17:07:16.088
ATTEMPT 479 W0 DONE 4x2 seed=1316426 nsol=16 0.01s 2026-07-22T17:07:16.102
ATTEMPT 480 W0 START 4x2 seed=1316427 2026-07-22T17:07:16.102
ATTEMPT 480 W0 SOLVE 4x2 2026-07-22T17:07:16.108
ATTEMPT 480 W0 DONE 4x2 seed=1316427 nsol=16 0.01s 2026-07-22T17:07:16.117
ATTEMPT 481 W0 START 4x2 seed=1316428 2026-07-22T17:07:16.118
ATTEMPT 481 W0 SOLVE 4x2 2026-07-22T17:07:16.127
ATTEMPT 481 W0 DONE 4x2 seed=1316428 nsol=16 0.01s 2026-07-22T17:07:16.138
ATTEMPT 482 W0 START 4x2 seed=1316429 2026-07-22T17:07:16.138
ATTEMPT 482 W0 SOLVE 4x2 2026-07-22T17:07:16.145
ATTEMPT 482 W0 DONE 4x2 seed=1316429 nsol=16 0.03s 2026-07-22T17:07:16.178
ATTEMPT 483 W0 START 4x2 seed=1316430 2026-07-22T17:07:16.178
ATTEMPT 483 W0 SOLVE 4x2 2026-07-22T17:07:16.195
ATTEMPT 483 W0 DONE 4x2 seed=1316430 nsol=16 0.00s 2026-07-22T17:07:16.200
ATTEMPT 484 W0 START 4x2 seed=1316431 2026-07-22T17:07:16.200
ATTEMPT 484 W0 SOLVE 4x2 2026-07-22T17:07:16.215
ATTEMPT 484 W0 DONE 4x2 seed=1316431 nsol=16 0.04s 2026-07-22T17:07:16.258
ATTEMPT 485 W0 START 4x2 seed=1316432 2026-07-22T17:07:16.258
ATTEMPT 485 W0 SOLVE 4x2 2026-07-22T17:07:16.268
ATTEMPT 485 W0 DONE 4x2 seed=1316432 nsol=16 0.01s 2026-07-22T17:07:16.283
ATTEMPT 486 W0 START 4x2 seed=1316433 2026-07-22T17:07:16.284
ATTEMPT 486 W0 SOLVE 4x2 2026-07-22T17:07:16.293
ATTEMPT 486 W0 DONE 4x2 seed=1316433 nsol=16 0.02s 2026-07-22T17:07:16.314
ATTEMPT 487 W0 START 4x2 seed=1316434 2026-07-22T17:07:16.314
ATTEMPT 487 W0 SOLVE 4x2 2026-07-22T17:07:16.326
ATTEMPT 487 W0 DONE 4x2 seed=1316434 nsol=16 0.01s 2026-07-22T17:07:16.340
ATTEMPT 488 W0 START 4x2 seed=1316435 2026-07-22T17:07:16.340
ATTEMPT 488 W0 SOLVE 4x2 2026-07-22T17:07:16.356
ATTEMPT 488 W0 DONE 4x2 seed=1316435 nsol=16 0.01s 2026-07-22T17:07:16.366
ATTEMPT 489 W0 START 4x2 seed=1316436 2026-07-22T17:07:16.366
ATTEMPT 489 W0 SOLVE 4x2 2026-07-22T17:07:16.377
ATTEMPT 489 W0 DONE 4x2 seed=1316436 nsol=16 0.01s 2026-07-22T17:07:16.390
ATTEMPT 490 W0 START 4x2 seed=1316437 2026-07-22T17:07:16.390
ATTEMPT 490 W0 SOLVE 4x2 2026-07-22T17:07:16.397
ATTEMPT 490 W0 DONE 4x2 seed=1316437 nsol=16 0.02s 2026-07-22T17:07:16.419
ATTEMPT 491 W0 START 4x2 seed=1316438 2026-07-22T17:07:16.420
ATTEMPT 491 W0 SOLVE 4x2 2026-07-22T17:07:16.429
ATTEMPT 491 W0 DONE 4x2 seed=1316438 nsol=16 0.02s 2026-07-22T17:07:16.450
ATTEMPT 492 W0 START 4x2 seed=1316439 2026-07-22T17:07:16.450
ATTEMPT 492 W0 SOLVE 4x2 2026-07-22T17:07:16.456
ATTEMPT 492 W0 DONE 4x2 seed=1316439 nsol=16 0.02s 2026-07-22T17:07:16.480
ATTEMPT 493 W0 START 4x2 seed=1316440 2026-07-22T17:07:16.480
ATTEMPT 493 W0 SOLVE 4x2 2026-07-22T17:07:16.495
ATTEMPT 493 W0 DONE 4x2 seed=1316440 nsol=16 0.02s 2026-07-22T17:07:16.514
ATTEMPT 494 W0 START 4x2 seed=1316441 2026-07-22T17:07:16.514
ATTEMPT 494 W0 SOLVE 4x2 2026-07-22T17:07:16.528
ATTEMPT 494 W0 DONE 4x2 seed=1316441 nsol=16 0.03s 2026-07-22T17:07:16.554
ATTEMPT 495 W0 START 4x2 seed=1316442 2026-07-22T17:07:16.554
ATTEMPT 495 W0 SOLVE 4x2 2026-07-22T17:07:16.569
ATTEMPT 495 W0 DONE 4x2 seed=1316442 nsol=16 0.02s 2026-07-22T17:07:16.586
ATTEMPT 496 W0 START 4x2 seed=1316443 2026-07-22T17:07:16.586
ATTEMPT 496 W0 SOLVE 4x2 2026-07-22T17:07:16.596
ATTEMPT 496 W0 DONE 4x2 seed=1316443 nsol=16 0.02s 2026-07-22T17:07:16.618
ATTEMPT 497 W0 START 4x2 seed=1316444 2026-07-22T17:07:16.618
ATTEMPT 497 W0 SOLVE 4x2 2026-07-22T17:07:16.626
ATTEMPT 497 W0 DONE 4x2 seed=1316444 nsol=16 0.02s 2026-07-22T17:07:16.654
ATTEMPT 498 W0 START 4x2 seed=1316445 2026-07-22T17:07:16.655
ATTEMPT 498 W0 SOLVE 4x2 2026-07-22T17:07:16.665
ATTEMPT 498 W0 DONE 4x2 seed=1316445 nsol=16 0.02s 2026-07-22T17:07:16.686
ATTEMPT 499 W0 START 4x2 seed=1316446 2026-07-22T17:07:16.686
ATTEMPT 499 W0 SOLVE 4x2 2026-07-22T17:07:16.697
ATTEMPT 499 W0 DONE 4x2 seed=1316446 nsol=16 0.02s 2026-07-22T17:07:16.714
ATTEMPT 500 W0 START 4x2 seed=1316447 2026-07-22T17:07:16.718
ATTEMPT 500 W0 SOLVE 4x2 2026-07-22T17:07:16.728
ATTEMPT 500 W0 DONE 4x2 seed=1316447 nsol=16 0.01s 2026-07-22T17:07:16.743
ATTEMPT 501 W0 START 4x2 seed=1316448 2026-07-22T17:07:16.743
ATTEMPT 501 W0 SOLVE 4x2 2026-07-22T17:07:16.750
ATTEMPT 501 W0 DONE 4x2 seed=1316448 nsol=16 0.02s 2026-07-22T17:07:16.777
ATTEMPT 502 W0 START 4x2 seed=1316449 2026-07-22T17:07:16.778
ATTEMPT 502 W0 SOLVE 4x2 2026-07-22T17:07:16.787
ATTEMPT 502 W0 DONE 4x2 seed=1316449 nsol=16 0.02s 2026-07-22T17:07:16.806
ATTEMPT 503 W0 START 4x2 seed=1316450 2026-07-22T17:07:16.806
ATTEMPT 503 W0 SOLVE 4x2 2026-07-22T17:07:16.817
ATTEMPT 503 W0 DONE 4x2 seed=1316450 nsol=16 0.02s 2026-07-22T17:07:16.842
ATTEMPT 504 W0 START 4x2 seed=1316451 2026-07-22T17:07:16.842
ATTEMPT 504 W0 SOLVE 4x2 2026-07-22T17:07:16.852
ATTEMPT 504 W0 DONE 4x2 seed=1316451 nsol=16 0.02s 2026-07-22T17:07:16.871
ATTEMPT 505 W0 START 4x2 seed=1316452 2026-07-22T17:07:16.871
ATTEMPT 505 W0 SOLVE 4x2 2026-07-22T17:07:16.876
ATTEMPT 505 W0 DONE 4x2 seed=1316452 nsol=16 0.02s 2026-07-22T17:07:16.898
ATTEMPT 506 W0 START 4x2 seed=1316453 2026-07-22T17:07:16.898
ATTEMPT 506 W0 SOLVE 4x2 2026-07-22T17:07:16.905
ATTEMPT 506 W0 DONE 4x2 seed=1316453 nsol=16 0.02s 2026-07-22T17:07:16.926
ATTEMPT 507 W0 START 4x2 seed=1316454 2026-07-22T17:07:16.926
ATTEMPT 507 W0 SOLVE 4x2 2026-07-22T17:07:16.936
ATTEMPT 507 W0 DONE 4x2 seed=1316454 nsol=16 0.02s 2026-07-22T17:07:16.954
ATTEMPT 508 W0 START 4x2 seed=1316455 2026-07-22T17:07:16.954
ATTEMPT 508 W0 SOLVE 4x2 2026-07-22T17:07:16.965
ATTEMPT 508 W0 DONE 4x2 seed=1316455 nsol=16 0.02s 2026-07-22T17:07:16.988
ATTEMPT 509 W0 START 4x2 seed=1316456 2026-07-22T17:07:16.988
ATTEMPT 509 W0 SOLVE 4x2 2026-07-22T17:07:16.996
ATTEMPT 509 W0 DONE 4x2 seed=1316456 nsol=16 0.06s 2026-07-22T17:07:17.060
ATTEMPT 510 W0 START 4x2 seed=1316457 2026-07-22T17:07:17.061
ATTEMPT 510 W0 SOLVE 4x2 2026-07-22T17:07:17.072
ATTEMPT 510 W0 DONE 4x2 seed=1316457 nsol=16 0.01s 2026-07-22T17:07:17.086
ATTEMPT 511 W0 START 4x2 seed=1316458 2026-07-22T17:07:17.086
ATTEMPT 511 W0 SOLVE 4x2 2026-07-22T17:07:17.097
ATTEMPT 511 W0 DONE 4x2 seed=1316458 nsol=16 0.02s 2026-07-22T17:07:17.122
ATTEMPT 512 W0 START 4x2 seed=1316459 2026-07-22T17:07:17.122
ATTEMPT 512 W0 SOLVE 4x2 2026-07-22T17:07:17.131
ATTEMPT 512 W0 DONE 4x2 seed=1316459 nsol=16 0.02s 2026-07-22T17:07:17.150
ATTEMPT 513 W0 START 4x2 seed=1316460 2026-07-22T17:07:17.150
ATTEMPT 513 W0 SOLVE 4x2 2026-07-22T17:07:17.156
ATTEMPT 513 W0 DONE 4x2 seed=1316460 nsol=16 0.02s 2026-07-22T17:07:17.178
ATTEMPT 514 W0 START 4x2 seed=1316461 2026-07-22T17:07:17.178
ATTEMPT 514 W0 SOLVE 4x2 2026-07-22T17:07:17.183
ATTEMPT 514 W0 DONE 4x2 seed=1316461 nsol=16 0.01s 2026-07-22T17:07:17.198
ATTEMPT 515 W0 START 4x2 seed=1316462 2026-07-22T17:07:17.198
ATTEMPT 515 W0 SOLVE 4x2 2026-07-22T17:07:17.205
ATTEMPT 515 W0 DONE 4x2 seed=1316462 nsol=16 0.02s 2026-07-22T17:07:17.222
ATTEMPT 516 W0 START 4x2 seed=1316463 2026-07-22T17:07:17.222
ATTEMPT 516 W0 SOLVE 4x2 2026-07-22T17:07:17.229
ATTEMPT 516 W0 DONE 4x2 seed=1316463 nsol=16 0.02s 2026-07-22T17:07:17.246
ATTEMPT 517 W0 START 4x2 seed=1316464 2026-07-22T17:07:17.246
ATTEMPT 517 W0 SOLVE 4x2 2026-07-22T17:07:17.253
ATTEMPT 517 W0 DONE 4x2 seed=1316464 nsol=16 0.01s 2026-07-22T17:07:17.264
ATTEMPT 518 W0 START 4x2 seed=1316465 2026-07-22T17:07:17.264
ATTEMPT 518 W0 SOLVE 4x2 2026-07-22T17:07:17.272
ATTEMPT 518 W0 DONE 4x2 seed=1316465 nsol=16 0.02s 2026-07-22T17:07:17.290
ATTEMPT 519 W0 START 4x2 seed=1316466 2026-07-22T17:07:17.290
ATTEMPT 519 W0 SOLVE 4x2 2026-07-22T17:07:17.296
ATTEMPT 519 W0 DONE 4x2 seed=1316466 nsol=16 0.03s 2026-07-22T17:07:17.322
ATTEMPT 520 W0 START 4x2 seed=1316467 2026-07-22T17:07:17.323
ATTEMPT 520 W0 SOLVE 4x2 2026-07-22T17:07:17.330
ATTEMPT 520 W0 DONE 4x2 seed=1316467 nsol=16 0.02s 2026-07-22T17:07:17.346
ATTEMPT 521 W0 START 4x2 seed=1316468 2026-07-22T17:07:17.346
ATTEMPT 521 W0 SOLVE 4x2 2026-07-22T17:07:17.354
ATTEMPT 521 W0 DONE 4x2 seed=1316468 nsol=16 0.02s 2026-07-22T17:07:17.370
ATTEMPT 522 W0 START 4x2 seed=1316469 2026-07-22T17:07:17.370
ATTEMPT 522 W0 SOLVE 4x2 2026-07-22T17:07:17.377
ATTEMPT 522 W0 DONE 4x2 seed=1316469 nsol=16 0.01s 2026-07-22T17:07:17.389
ATTEMPT 523 W0 START 4x2 seed=1316470 2026-07-22T17:07:17.389
ATTEMPT 523 W0 SOLVE 4x2 2026-07-22T17:07:17.395
ATTEMPT 523 W0 DONE 4x2 seed=1316470 nsol=16 0.01s 2026-07-22T17:07:17.402
ATTEMPT 524 W0 START 4x2 seed=1316471 2026-07-22T17:07:17.402
ATTEMPT 524 W0 SOLVE 4x2 2026-07-22T17:07:17.409
ATTEMPT 524 W0 DONE 4x2 seed=1316471 nsol=16 0.02s 2026-07-22T17:07:17.425
ATTEMPT 525 W0 START 4x2 seed=1316472 2026-07-22T17:07:17.426
ATTEMPT 525 W0 SOLVE 4x2 2026-07-22T17:07:17.432
ATTEMPT 525 W0 DONE 4x2 seed=1316472 nsol=16 0.01s 2026-07-22T17:07:17.446
ATTEMPT 526 W0 START 4x2 seed=1316473 2026-07-22T17:07:17.446
ATTEMPT 526 W0 SOLVE 4x2 2026-07-22T17:07:17.452
ATTEMPT 526 W0 DONE 4x2 seed=1316473 nsol=16 0.02s 2026-07-22T17:07:17.471
ATTEMPT 527 W0 START 4x2 seed=1316474 2026-07-22T17:07:17.472
ATTEMPT 527 W0 SOLVE 4x2 2026-07-22T17:07:17.488
ATTEMPT 527 W0 DONE 4x2 seed=1316474 nsol=16 0.02s 2026-07-22T17:07:17.506
ATTEMPT 528 W0 START 4x2 seed=1316475 2026-07-22T17:07:17.506
ATTEMPT 528 W0 SOLVE 4x2 2026-07-22T17:07:17.517
ATTEMPT 528 W0 DONE 4x2 seed=1316475 nsol=16 0.03s 2026-07-22T17:07:17.546
ATTEMPT 529 W0 START 4x2 seed=1316476 2026-07-22T17:07:17.546
ATTEMPT 529 W0 SOLVE 4x2 2026-07-22T17:07:17.560
ATTEMPT 529 W0 DONE 4x2 seed=1316476 nsol=16 0.01s 2026-07-22T17:07:17.574
ATTEMPT 530 W0 START 4x2 seed=1316477 2026-07-22T17:07:17.575
ATTEMPT 530 W0 SOLVE 4x2 2026-07-22T17:07:17.593
ATTEMPT 530 W0 DONE 4x2 seed=1316477 nsol=16 0.01s 2026-07-22T17:07:17.606
ATTEMPT 531 W0 START 4x2 seed=1316478 2026-07-22T17:07:17.606
ATTEMPT 531 W0 SOLVE 4x2 2026-07-22T17:07:17.620
ATTEMPT 531 W0 DONE 4x2 seed=1316478 nsol=16 0.02s 2026-07-22T17:07:17.645
ATTEMPT 532 W0 START 4x2 seed=1316479 2026-07-22T17:07:17.646
ATTEMPT 532 W0 SOLVE 4x2 2026-07-22T17:07:17.665
ATTEMPT 532 W0 DONE 4x2 seed=1316479 nsol=16 0.02s 2026-07-22T17:07:17.686
ATTEMPT 533 W0 START 4x2 seed=1316480 2026-07-22T17:07:17.686
ATTEMPT 533 W0 SOLVE 4x2 2026-07-22T17:07:17.697
ATTEMPT 533 W0 DONE 4x2 seed=1316480 nsol=16 0.02s 2026-07-22T17:07:17.718
ATTEMPT 534 W0 START 4x2 seed=1316481 2026-07-22T17:07:17.718
ATTEMPT 534 W0 SOLVE 4x2 2026-07-22T17:07:17.733
ATTEMPT 534 W0 DONE 4x2 seed=1316481 nsol=16 0.02s 2026-07-22T17:07:17.762
ATTEMPT 535 W0 START 4x2 seed=1316482 2026-07-22T17:07:17.762
ATTEMPT 535 W0 SOLVE 4x2 2026-07-22T17:07:17.772
ATTEMPT 535 W0 DONE 4x2 seed=1316482 nsol=16 0.01s 2026-07-22T17:07:17.783
ATTEMPT 536 W0 START 4x2 seed=1316483 2026-07-22T17:07:17.783
ATTEMPT 536 W0 SOLVE 4x2 2026-07-22T17:07:17.789
ATTEMPT 536 W0 DONE 4x2 seed=1316483 nsol=16 0.02s 2026-07-22T17:07:17.810
ATTEMPT 537 W0 START 4x2 seed=1316484 2026-07-22T17:07:17.810
ATTEMPT 537 W0 SOLVE 4x2 2026-07-22T17:07:17.825
ATTEMPT 537 W0 DONE 4x2 seed=1316484 nsol=16 0.01s 2026-07-22T17:07:17.839
ATTEMPT 538 W0 START 4x2 seed=1316485 2026-07-22T17:07:17.840
ATTEMPT 538 W0 SOLVE 4x2 2026-07-22T17:07:17.853
ATTEMPT 538 W0 DONE 4x2 seed=1316485 nsol=16 0.02s 2026-07-22T17:07:17.878
ATTEMPT 539 W0 START 4x2 seed=1316486 2026-07-22T17:07:17.878
ATTEMPT 539 W0 SOLVE 4x2 2026-07-22T17:07:17.885
ATTEMPT 539 W0 DONE 4x2 seed=1316486 nsol=16 0.01s 2026-07-22T17:07:17.908
ATTEMPT 540 W0 START 4x2 seed=1316487 2026-07-22T17:07:17.909
ATTEMPT 540 W0 SOLVE 4x2 2026-07-22T17:07:17.928
ATTEMPT 540 W0 DONE 4x2 seed=1316487 nsol=16 0.01s 2026-07-22T17:07:17.941
ATTEMPT 541 W0 START 4x2 seed=1316488 2026-07-22T17:07:17.941
ATTEMPT 541 W0 SOLVE 4x2 2026-07-22T17:07:17.955
ATTEMPT 541 W0 DONE 4x2 seed=1316488 nsol=16 0.06s 2026-07-22T17:07:18.019
ATTEMPT 542 W0 START 4x2 seed=1316489 2026-07-22T17:07:18.024
ATTEMPT 542 W0 SOLVE 4x2 2026-07-22T17:07:18.033
ATTEMPT 542 W0 DONE 4x2 seed=1316489 nsol=16 0.02s 2026-07-22T17:07:18.050
ATTEMPT 543 W0 START 4x2 seed=1316490 2026-07-22T17:07:18.050
ATTEMPT 543 W0 SOLVE 4x2 2026-07-22T17:07:18.055
ATTEMPT 543 W0 DONE 4x2 seed=1316490 nsol=16 0.03s 2026-07-22T17:07:18.087
ATTEMPT 544 W0 START 4x2 seed=1316491 2026-07-22T17:07:18.087
ATTEMPT 544 W0 SOLVE 4x2 2026-07-22T17:07:18.092
ATTEMPT 544 W0 DONE 4x2 seed=1316491 nsol=16 0.02s 2026-07-22T17:07:18.110
ATTEMPT 545 W0 START 4x2 seed=1316492 2026-07-22T17:07:18.110
ATTEMPT 545 W0 SOLVE 4x2 2026-07-22T17:07:18.120
ATTEMPT 545 W0 DONE 4x2 seed=1316492 nsol=16 0.01s 2026-07-22T17:07:18.134
ATTEMPT 546 W0 START 4x2 seed=1316493 2026-07-22T17:07:18.134
ATTEMPT 546 W0 SOLVE 4x2 2026-07-22T17:07:18.139
ATTEMPT 546 W0 DONE 4x2 seed=1316493 nsol=16 0.01s 2026-07-22T17:07:18.154
ATTEMPT 547 W0 START 4x2 seed=1316494 2026-07-22T17:07:18.155
ATTEMPT 547 W0 SOLVE 4x2 2026-07-22T17:07:18.166
ATTEMPT 547 W0 DONE 4x2 seed=1316494 nsol=16 0.01s 2026-07-22T17:07:18.179
ATTEMPT 548 W0 START 4x2 seed=1316495 2026-07-22T17:07:18.179
ATTEMPT 548 W0 SOLVE 4x2 2026-07-22T17:07:18.193
ATTEMPT 548 W0 DONE 4x2 seed=1316495 nsol=16 0.02s 2026-07-22T17:07:18.214
ATTEMPT 549 W0 START 4x2 seed=1316496 2026-07-22T17:07:18.214
ATTEMPT 549 W0 SOLVE 4x2 2026-07-22T17:07:18.221
ATTEMPT 549 W0 DONE 4x2 seed=1316496 nsol=16 0.01s 2026-07-22T17:07:18.229
ATTEMPT 550 W0 START 4x2 seed=1316497 2026-07-22T17:07:18.230
ATTEMPT 550 W0 SOLVE 4x2 2026-07-22T17:07:18.237
ATTEMPT 550 W0 DONE 4x2 seed=1316497 nsol=16 0.02s 2026-07-22T17:07:18.258
ATTEMPT 551 W0 START 4x2 seed=1316498 2026-07-22T17:07:18.258
ATTEMPT 551 W0 SOLVE 4x2 2026-07-22T17:07:18.265
ATTEMPT 551 W0 DONE 4x2 seed=1316498 nsol=16 0.01s 2026-07-22T17:07:18.273
ATTEMPT 552 W0 START 4x2 seed=1316499 2026-07-22T17:07:18.273
ATTEMPT 552 W0 SOLVE 4x2 2026-07-22T17:07:18.278
ATTEMPT 552 W0 DONE 4x2 seed=1316499 nsol=16 0.02s 2026-07-22T17:07:18.298
ATTEMPT 553 W0 START 4x2 seed=1316500 2026-07-22T17:07:18.298
ATTEMPT 553 W0 SOLVE 4x2 2026-07-22T17:07:18.305
ATTEMPT 553 W0 DONE 4x2 seed=1316500 nsol=16 0.02s 2026-07-22T17:07:18.325
ATTEMPT 554 W0 START 4x2 seed=1316501 2026-07-22T17:07:18.325
ATTEMPT 554 W0 SOLVE 4x2 2026-07-22T17:07:18.330
ATTEMPT 554 W0 DONE 4x2 seed=1316501 nsol=16 0.01s 2026-07-22T17:07:18.336
ATTEMPT 555 W0 START 4x2 seed=1316502 2026-07-22T17:07:18.336
ATTEMPT 555 W0 SOLVE 4x2 2026-07-22T17:07:18.341
ATTEMPT 555 W0 DONE 4x2 seed=1316502 nsol=16 0.01s 2026-07-22T17:07:18.348
ATTEMPT 556 W0 START 4x2 seed=1316503 2026-07-22T17:07:18.349
ATTEMPT 556 W0 SOLVE 4x2 2026-07-22T17:07:18.354
ATTEMPT 556 W0 DONE 4x2 seed=1316503 nsol=16 0.02s 2026-07-22T17:07:18.374
ATTEMPT 557 W0 START 4x2 seed=1316504 2026-07-22T17:07:18.374
ATTEMPT 557 W0 SOLVE 4x2 2026-07-22T17:07:18.380
ATTEMPT 557 W0 DONE 4x2 seed=1316504 nsol=16 0.02s 2026-07-22T17:07:18.396
ATTEMPT 558 W0 START 4x2 seed=1316505 2026-07-22T17:07:18.396
ATTEMPT 558 W0 SOLVE 4x2 2026-07-22T17:07:18.402
ATTEMPT 558 W0 DONE 4x2 seed=1316505 nsol=16 0.02s 2026-07-22T17:07:18.419
ATTEMPT 559 W0 START 4x2 seed=1316506 2026-07-22T17:07:18.419
ATTEMPT 559 W0 SOLVE 4x2 2026-07-22T17:07:18.435
ATTEMPT 559 W0 DONE 4x2 seed=1316506 nsol=16 0.01s 2026-07-22T17:07:18.446
ATTEMPT 560 W0 START 4x2 seed=1316507 2026-07-22T17:07:18.446
ATTEMPT 560 W0 SOLVE 4x2 2026-07-22T17:07:18.454
ATTEMPT 560 W0 DONE 4x2 seed=1316507 nsol=16 0.01s 2026-07-22T17:07:18.461
ATTEMPT 561 W0 START 4x2 seed=1316508 2026-07-22T17:07:18.462
ATTEMPT 561 W0 SOLVE 4x2 2026-07-22T17:07:18.469
ATTEMPT 561 W0 DONE 4x2 seed=1316508 nsol=16 0.01s 2026-07-22T17:07:18.476
ATTEMPT 562 W0 START 4x2 seed=1316509 2026-07-22T17:07:18.476
ATTEMPT 562 W0 SOLVE 4x2 2026-07-22T17:07:18.481
ATTEMPT 562 W0 DONE 4x2 seed=1316509 nsol=16 0.01s 2026-07-22T17:07:18.490
ATTEMPT 563 W0 START 4x2 seed=1316510 2026-07-22T17:07:18.490
ATTEMPT 563 W0 SOLVE 4x2 2026-07-22T17:07:18.496
ATTEMPT 563 W0 DONE 4x2 seed=1316510 nsol=16 0.01s 2026-07-22T17:07:18.501
ATTEMPT 564 W0 START 4x2 seed=1316511 2026-07-22T17:07:18.501
ATTEMPT 564 W0 SOLVE 4x2 2026-07-22T17:07:18.508
ATTEMPT 564 W0 DONE 4x2 seed=1316511 nsol=16 0.01s 2026-07-22T17:07:18.521
ATTEMPT 565 W0 START 4x2 seed=1316512 2026-07-22T17:07:18.521
ATTEMPT 565 W0 SOLVE 4x2 2026-07-22T17:07:18.527
ATTEMPT 565 W0 DONE 4x2 seed=1316512 nsol=16 0.01s 2026-07-22T17:07:18.542
ATTEMPT 566 W0 START 4x2 seed=1316513 2026-07-22T17:07:18.542
ATTEMPT 566 W0 SOLVE 4x2 2026-07-22T17:07:18.549
ATTEMPT 566 W0 DONE 4x2 seed=1316513 nsol=16 0.02s 2026-07-22T17:07:18.566
ATTEMPT 567 W0 START 4x2 seed=1316514 2026-07-22T17:07:18.566
ATTEMPT 567 W0 SOLVE 4x2 2026-07-22T17:07:18.574
ATTEMPT 567 W0 DONE 4x2 seed=1316514 nsol=16 0.02s 2026-07-22T17:07:18.590
ATTEMPT 568 W0 START 4x2 seed=1316515 2026-07-22T17:07:18.591
ATTEMPT 568 W0 SOLVE 4x2 2026-07-22T17:07:18.598
ATTEMPT 568 W0 DONE 4x2 seed=1316515 nsol=16 0.01s 2026-07-22T17:07:18.607
ATTEMPT 569 W0 START 4x2 seed=1316516 2026-07-22T17:07:18.607
ATTEMPT 569 W0 SOLVE 4x2 2026-07-22T17:07:18.613
ATTEMPT 569 W0 DONE 4x2 seed=1316516 nsol=16 0.05s 2026-07-22T17:07:18.666
ATTEMPT 570 W0 START 4x2 seed=1316517 2026-07-22T17:07:18.666
ATTEMPT 570 W0 SOLVE 4x2 2026-07-22T17:07:18.672
ATTEMPT 570 W0 DONE 4x2 seed=1316517 nsol=16 0.01s 2026-07-22T17:07:18.686
ATTEMPT 571 W0 START 4x2 seed=1316518 2026-07-22T17:07:18.686
ATTEMPT 571 W0 SOLVE 4x2 2026-07-22T17:07:18.694
ATTEMPT 571 W0 DONE 4x2 seed=1316518 nsol=16 0.01s 2026-07-22T17:07:18.703
ATTEMPT 572 W0 START 4x2 seed=1316519 2026-07-22T17:07:18.703
ATTEMPT 572 W0 SOLVE 4x2 2026-07-22T17:07:18.710
ATTEMPT 572 W0 DONE 4x2 seed=1316519 nsol=16 0.02s 2026-07-22T17:07:18.726
ATTEMPT 573 W0 START 4x2 seed=1316520 2026-07-22T17:07:18.726
ATTEMPT 573 W0 SOLVE 4x2 2026-07-22T17:07:18.733
ATTEMPT 573 W0 DONE 4x2 seed=1316520 nsol=16 0.01s 2026-07-22T17:07:18.747
ATTEMPT 574 W0 START 4x2 seed=1316521 2026-07-22T17:07:18.747
ATTEMPT 574 W0 SOLVE 4x2 2026-07-22T17:07:18.752
ATTEMPT 574 W0 DONE 4x2 seed=1316521 nsol=16 0.02s 2026-07-22T17:07:18.769
ATTEMPT 575 W0 START 4x2 seed=1316522 2026-07-22T17:07:18.769
ATTEMPT 575 W0 SOLVE 4x2 2026-07-22T17:07:18.777
ATTEMPT 575 W0 DONE 4x2 seed=1316522 nsol=16 0.01s 2026-07-22T17:07:18.785
ATTEMPT 576 W0 START 4x2 seed=1316523 2026-07-22T17:07:18.785
ATTEMPT 576 W0 SOLVE 4x2 2026-07-22T17:07:18.790
ATTEMPT 576 W0 DONE 4x2 seed=1316523 nsol=16 0.01s 2026-07-22T17:07:18.799
ATTEMPT 577 W0 START 4x2 seed=1316524 2026-07-22T17:07:18.800
ATTEMPT 577 W0 SOLVE 4x2 2026-07-22T17:07:18.805
ATTEMPT 577 W0 DONE 4x2 seed=1316524 nsol=16 0.00s 2026-07-22T17:07:18.810
ATTEMPT 578 W0 START 4x2 seed=1316525 2026-07-22T17:07:18.810
ATTEMPT 578 W0 SOLVE 4x2 2026-07-22T17:07:18.817
ATTEMPT 578 W0 DONE 4x2 seed=1316525 nsol=16 0.01s 2026-07-22T17:07:18.823
ATTEMPT 579 W0 START 4x2 seed=1316526 2026-07-22T17:07:18.824
ATTEMPT 579 W0 SOLVE 4x2 2026-07-22T17:07:18.831
ATTEMPT 579 W0 DONE 4x2 seed=1316526 nsol=16 0.01s 2026-07-22T17:07:18.838
ATTEMPT 580 W0 START 4x2 seed=1316527 2026-07-22T17:07:18.838
ATTEMPT 580 W0 SOLVE 4x2 2026-07-22T17:07:18.843
ATTEMPT 580 W0 DONE 4x2 seed=1316527 nsol=16 0.01s 2026-07-22T17:07:18.854
ATTEMPT 581 W0 START 4x2 seed=1316528 2026-07-22T17:07:18.854
ATTEMPT 581 W0 SOLVE 4x2 2026-07-22T17:07:18.862
ATTEMPT 581 W0 DONE 4x2 seed=1316528 nsol=16 0.02s 2026-07-22T17:07:18.878
ATTEMPT 582 W0 START 4x2 seed=1316529 2026-07-22T17:07:18.878
ATTEMPT 582 W0 SOLVE 4x2 2026-07-22T17:07:18.886
ATTEMPT 582 W0 DONE 4x2 seed=1316529 nsol=16 0.01s 2026-07-22T17:07:18.898
ATTEMPT 583 W0 START 4x2 seed=1316530 2026-07-22T17:07:18.898
ATTEMPT 583 W0 SOLVE 4x2 2026-07-22T17:07:18.903
ATTEMPT 583 W0 DONE 4x2 seed=1316530 nsol=16 0.01s 2026-07-22T17:07:18.918
ATTEMPT 584 W0 START 4x2 seed=1316531 2026-07-22T17:07:18.918
ATTEMPT 584 W0 SOLVE 4x2 2026-07-22T17:07:18.925
ATTEMPT 584 W0 DONE 4x2 seed=1316531 nsol=16 0.01s 2026-07-22T17:07:18.934
ATTEMPT 585 W0 START 4x2 seed=1316532 2026-07-22T17:07:18.935
ATTEMPT 585 W0 SOLVE 4x2 2026-07-22T17:07:18.943
ATTEMPT 585 W0 DONE 4x2 seed=1316532 nsol=16 0.02s 2026-07-22T17:07:18.958
ATTEMPT 586 W0 START 4x2 seed=1316533 2026-07-22T17:07:18.958
ATTEMPT 586 W0 SOLVE 4x2 2026-07-22T17:07:18.966
ATTEMPT 586 W0 DONE 4x2 seed=1316533 nsol=16 0.02s 2026-07-22T17:07:18.990
ATTEMPT 587 W0 START 4x2 seed=1316534 2026-07-22T17:07:18.990
ATTEMPT 587 W0 SOLVE 4x2 2026-07-22T17:07:18.998
ATTEMPT 587 W0 DONE 4x2 seed=1316534 nsol=16 0.02s 2026-07-22T17:07:19.014
ATTEMPT 588 W0 START 4x2 seed=1316535 2026-07-22T17:07:19.014
ATTEMPT 588 W0 SOLVE 4x2 2026-07-22T17:07:19.022
ATTEMPT 588 W0 DONE 4x2 seed=1316535 nsol=16 0.02s 2026-07-22T17:07:19.042
ATTEMPT 589 W0 START 4x2 seed=1316536 2026-07-22T17:07:19.042
ATTEMPT 589 W0 SOLVE 4x2 2026-07-22T17:07:19.048
ATTEMPT 589 W0 DONE 4x2 seed=1316536 nsol=16 0.01s 2026-07-22T17:07:19.062
ATTEMPT 590 W0 START 4x2 seed=1316537 2026-07-22T17:07:19.062
ATTEMPT 590 W0 SOLVE 4x2 2026-07-22T17:07:19.068
ATTEMPT 590 W0 DONE 4x2 seed=1316537 nsol=16 0.02s 2026-07-22T17:07:19.089
ATTEMPT 591 W0 START 4x2 seed=1316538 2026-07-22T17:07:19.089
ATTEMPT 591 W0 SOLVE 4x2 2026-07-22T17:07:19.099
ATTEMPT 591 W0 DONE 4x2 seed=1316538 nsol=16 0.02s 2026-07-22T17:07:19.114
ATTEMPT 592 W0 START 4x2 seed=1316539 2026-07-22T17:07:19.114
ATTEMPT 592 W0 SOLVE 4x2 2026-07-22T17:07:19.123
ATTEMPT 592 W0 DONE 4x2 seed=1316539 nsol=16 0.02s 2026-07-22T17:07:19.138
ATTEMPT 593 W0 START 4x2 seed=1316540 2026-07-22T17:07:19.138
ATTEMPT 593 W0 SOLVE 4x2 2026-07-22T17:07:19.146
ATTEMPT 593 W0 DONE 4x2 seed=1316540 nsol=16 0.01s 2026-07-22T17:07:19.158
ATTEMPT 594 W0 START 4x2 seed=1316541 2026-07-22T17:07:19.159
ATTEMPT 594 W0 SOLVE 4x2 2026-07-22T17:07:19.167
ATTEMPT 594 W0 DONE 4x2 seed=1316541 nsol=16 0.01s 2026-07-22T17:07:19.174
ATTEMPT 595 W0 START 4x2 seed=1316542 2026-07-22T17:07:19.175
ATTEMPT 595 W0 SOLVE 4x2 2026-07-22T17:07:19.181
ATTEMPT 595 W0 DONE 4x2 seed=1316542 nsol=16 0.02s 2026-07-22T17:07:19.198
ATTEMPT 596 W0 START 4x2 seed=1316543 2026-07-22T17:07:19.199
ATTEMPT 596 W0 SOLVE 4x2 2026-07-22T17:07:19.206
ATTEMPT 596 W0 DONE 4x2 seed=1316543 nsol=16 0.02s 2026-07-22T17:07:19.222
ATTEMPT 597 W0 START 4x2 seed=1316544 2026-07-22T17:07:19.222
ATTEMPT 597 W0 SOLVE 4x2 2026-07-22T17:07:19.228
ATTEMPT 597 W0 DONE 4x2 seed=1316544 nsol=16 0.01s 2026-07-22T17:07:19.239
ATTEMPT 598 W0 START 4x2 seed=1316545 2026-07-22T17:07:19.239
ATTEMPT 598 W0 SOLVE 4x2 2026-07-22T17:07:19.244
ATTEMPT 598 W0 DONE 4x2 seed=1316545 nsol=16 0.01s 2026-07-22T17:07:19.254
ATTEMPT 599 W0 START 4x2 seed=1316546 2026-07-22T17:07:19.254
ATTEMPT 599 W0 SOLVE 4x2 2026-07-22T17:07:19.260
ATTEMPT 599 W0 DONE 4x2 seed=1316546 nsol=16 0.01s 2026-07-22T17:07:19.273
ATTEMPT 600 W0 START 4x2 seed=1316547 2026-07-22T17:07:19.274
ATTEMPT 600 W0 SOLVE 4x2 2026-07-22T17:07:19.283
ATTEMPT 600 W0 DONE 4x2 seed=1316547 nsol=16 0.02s 2026-07-22T17:07:19.298
HUNT2 complete 2026-07-22T17:07:19.308
