HUNT2 start mode=seq hcthr=on nworkers=0 nthreads=14 ngcthreads=14 nsolves=600 seed_base=1020223 shape=4x2 pid=2084998 julia=1.12.6 HC=2.20.0 2026-07-22T16:58:51.557
ATTEMPT 1 W0 START 4x2 seed=1020224 2026-07-22T16:58:53.908
ATTEMPT 1 W0 SOLVE 4x2 2026-07-22T16:58:55.235
Computing mixed cells... 2    Time: 0:00:01[K
   mixed_volume: 4[K[A
[K[AComputing mixed cells... 6    Time: 0:00:01[K
   mixed_volume: 16[K
ATTEMPT 1 W0 DONE 4x2 seed=1020224 nsol=16 71.24s 2026-07-22T17:00:06.638
ATTEMPT 2 W0 START 4x2 seed=1020225 2026-07-22T17:00:06.939
ATTEMPT 2 W0 SOLVE 4x2 2026-07-22T17:00:06.945
ATTEMPT 2 W0 DONE 4x2 seed=1020225 nsol=16 0.01s 2026-07-22T17:00:06.958
ATTEMPT 3 W0 START 4x2 seed=1020226 2026-07-22T17:00:06.958
ATTEMPT 3 W0 SOLVE 4x2 2026-07-22T17:00:06.966
ATTEMPT 3 W0 DONE 4x2 seed=1020226 nsol=16 0.01s 2026-07-22T17:00:06.977
ATTEMPT 4 W0 START 4x2 seed=1020227 2026-07-22T17:00:06.977
ATTEMPT 4 W0 SOLVE 4x2 2026-07-22T17:00:06.984
ATTEMPT 4 W0 DONE 4x2 seed=1020227 nsol=16 0.01s 2026-07-22T17:00:06.998
ATTEMPT 5 W0 START 4x2 seed=1020228 2026-07-22T17:00:06.998
ATTEMPT 5 W0 SOLVE 4x2 2026-07-22T17:00:07.006
ATTEMPT 5 W0 DONE 4x2 seed=1020228 nsol=16 0.01s 2026-07-22T17:00:07.019
ATTEMPT 6 W0 START 4x2 seed=1020229 2026-07-22T17:00:07.019
ATTEMPT 6 W0 SOLVE 4x2 2026-07-22T17:00:07.025
ATTEMPT 6 W0 DONE 4x2 seed=1020229 nsol=16 0.02s 2026-07-22T17:00:07.042
ATTEMPT 7 W0 START 4x2 seed=1020230 2026-07-22T17:00:07.042
ATTEMPT 7 W0 SOLVE 4x2 2026-07-22T17:00:07.051
ATTEMPT 7 W0 DONE 4x2 seed=1020230 nsol=16 0.01s 2026-07-22T17:00:07.058
ATTEMPT 8 W0 START 4x2 seed=1020231 2026-07-22T17:00:07.058
ATTEMPT 8 W0 SOLVE 4x2 2026-07-22T17:00:07.065
ATTEMPT 8 W0 DONE 4x2 seed=1020231 nsol=16 0.02s 2026-07-22T17:00:07.083
ATTEMPT 9 W0 START 4x2 seed=1020232 2026-07-22T17:00:07.083
ATTEMPT 9 W0 SOLVE 4x2 2026-07-22T17:00:07.090
ATTEMPT 9 W0 DONE 4x2 seed=1020232 nsol=16 0.01s 2026-07-22T17:00:07.097
ATTEMPT 10 W0 START 4x2 seed=1020233 2026-07-22T17:00:07.098
ATTEMPT 10 W0 SOLVE 4x2 2026-07-22T17:00:07.106
ATTEMPT 10 W0 DONE 4x2 seed=1020233 nsol=16 0.01s 2026-07-22T17:00:07.115
ATTEMPT 11 W0 START 4x2 seed=1020234 2026-07-22T17:00:07.115
ATTEMPT 11 W0 SOLVE 4x2 2026-07-22T17:00:07.122
ATTEMPT 11 W0 DONE 4x2 seed=1020234 nsol=16 0.02s 2026-07-22T17:00:07.138
ATTEMPT 12 W0 START 4x2 seed=1020235 2026-07-22T17:00:07.138
ATTEMPT 12 W0 SOLVE 4x2 2026-07-22T17:00:07.145
ATTEMPT 12 W0 DONE 4x2 seed=1020235 nsol=16 0.02s 2026-07-22T17:00:07.166
ATTEMPT 13 W0 START 4x2 seed=1020236 2026-07-22T17:00:07.166
ATTEMPT 13 W0 SOLVE 4x2 2026-07-22T17:00:07.172
ATTEMPT 13 W0 DONE 4x2 seed=1020236 nsol=16 0.01s 2026-07-22T17:00:07.181
ATTEMPT 14 W0 START 4x2 seed=1020237 2026-07-22T17:00:07.181
ATTEMPT 14 W0 SOLVE 4x2 2026-07-22T17:00:07.188
ATTEMPT 14 W0 DONE 4x2 seed=1020237 nsol=16 0.01s 2026-07-22T17:00:07.195
ATTEMPT 15 W0 START 4x2 seed=1020238 2026-07-22T17:00:07.196
ATTEMPT 15 W0 SOLVE 4x2 2026-07-22T17:00:07.203
ATTEMPT 15 W0 DONE 4x2 seed=1020238 nsol=16 0.06s 2026-07-22T17:00:07.258
ATTEMPT 16 W0 START 4x2 seed=1020239 2026-07-22T17:00:07.258
ATTEMPT 16 W0 SOLVE 4x2 2026-07-22T17:00:07.264
ATTEMPT 16 W0 DONE 4x2 seed=1020239 nsol=16 0.01s 2026-07-22T17:00:07.270
ATTEMPT 17 W0 START 4x2 seed=1020240 2026-07-22T17:00:07.270
ATTEMPT 17 W0 SOLVE 4x2 2026-07-22T17:00:07.275
ATTEMPT 17 W0 DONE 4x2 seed=1020240 nsol=16 0.01s 2026-07-22T17:00:07.281
ATTEMPT 18 W0 START 4x2 seed=1020241 2026-07-22T17:00:07.282
ATTEMPT 18 W0 SOLVE 4x2 2026-07-22T17:00:07.286
ATTEMPT 18 W0 DONE 4x2 seed=1020241 nsol=16 0.00s 2026-07-22T17:00:07.291
ATTEMPT 19 W0 START 4x2 seed=1020242 2026-07-22T17:00:07.291
ATTEMPT 19 W0 SOLVE 4x2 2026-07-22T17:00:07.296
ATTEMPT 19 W0 DONE 4x2 seed=1020242 nsol=16 0.01s 2026-07-22T17:00:07.308
ATTEMPT 20 W0 START 4x2 seed=1020243 2026-07-22T17:00:07.308
ATTEMPT 20 W0 SOLVE 4x2 2026-07-22T17:00:07.314
ATTEMPT 20 W0 DONE 4x2 seed=1020243 nsol=16 0.01s 2026-07-22T17:00:07.326
ATTEMPT 21 W0 START 4x2 seed=1020244 2026-07-22T17:00:07.326
ATTEMPT 21 W0 SOLVE 4x2 2026-07-22T17:00:07.333
ATTEMPT 21 W0 DONE 4x2 seed=1020244 nsol=16 0.01s 2026-07-22T17:00:07.342
ATTEMPT 22 W0 START 4x2 seed=1020245 2026-07-22T17:00:07.342
ATTEMPT 22 W0 SOLVE 4x2 2026-07-22T17:00:07.348
ATTEMPT 22 W0 DONE 4x2 seed=1020245 nsol=16 0.00s 2026-07-22T17:00:07.353
ATTEMPT 23 W0 START 4x2 seed=1020246 2026-07-22T17:00:07.353
ATTEMPT 23 W0 SOLVE 4x2 2026-07-22T17:00:07.358
ATTEMPT 23 W0 DONE 4x2 seed=1020246 nsol=16 0.00s 2026-07-22T17:00:07.362
ATTEMPT 24 W0 START 4x2 seed=1020247 2026-07-22T17:00:07.362
ATTEMPT 24 W0 SOLVE 4x2 2026-07-22T17:00:07.367
ATTEMPT 24 W0 DONE 4x2 seed=1020247 nsol=16 0.01s 2026-07-22T17:00:07.378
ATTEMPT 25 W0 START 4x2 seed=1020248 2026-07-22T17:00:07.378
ATTEMPT 25 W0 SOLVE 4x2 2026-07-22T17:00:07.384
ATTEMPT 25 W0 DONE 4x2 seed=1020248 nsol=16 0.01s 2026-07-22T17:00:07.393
ATTEMPT 26 W0 START 4x2 seed=1020249 2026-07-22T17:00:07.393
ATTEMPT 26 W0 SOLVE 4x2 2026-07-22T17:00:07.398
ATTEMPT 26 W0 DONE 4x2 seed=1020249 nsol=16 0.01s 2026-07-22T17:00:07.406
ATTEMPT 27 W0 START 4x2 seed=1020250 2026-07-22T17:00:07.406
ATTEMPT 27 W0 SOLVE 4x2 2026-07-22T17:00:07.411
ATTEMPT 27 W0 DONE 4x2 seed=1020250 nsol=16 0.01s 2026-07-22T17:00:07.416
ATTEMPT 28 W0 START 4x2 seed=1020251 2026-07-22T17:00:07.416
ATTEMPT 28 W0 SOLVE 4x2 2026-07-22T17:00:07.421
ATTEMPT 28 W0 DONE 4x2 seed=1020251 nsol=16 0.01s 2026-07-22T17:00:07.430
ATTEMPT 29 W0 START 4x2 seed=1020252 2026-07-22T17:00:07.430
ATTEMPT 29 W0 SOLVE 4x2 2026-07-22T17:00:07.435
ATTEMPT 29 W0 DONE 4x2 seed=1020252 nsol=16 0.00s 2026-07-22T17:00:07.440
ATTEMPT 30 W0 START 4x2 seed=1020253 2026-07-22T17:00:07.440
ATTEMPT 30 W0 SOLVE 4x2 2026-07-22T17:00:07.446
ATTEMPT 30 W0 DONE 4x2 seed=1020253 nsol=16 0.00s 2026-07-22T17:00:07.450
ATTEMPT 31 W0 START 4x2 seed=1020254 2026-07-22T17:00:07.450
ATTEMPT 31 W0 SOLVE 4x2 2026-07-22T17:00:07.455
ATTEMPT 31 W0 DONE 4x2 seed=1020254 nsol=16 0.01s 2026-07-22T17:00:07.462
ATTEMPT 32 W0 START 4x2 seed=1020255 2026-07-22T17:00:07.462
ATTEMPT 32 W0 SOLVE 4x2 2026-07-22T17:00:07.468
ATTEMPT 32 W0 DONE 4x2 seed=1020255 nsol=16 0.01s 2026-07-22T17:00:07.474
ATTEMPT 33 W0 START 4x2 seed=1020256 2026-07-22T17:00:07.474
ATTEMPT 33 W0 SOLVE 4x2 2026-07-22T17:00:07.479
ATTEMPT 33 W0 DONE 4x2 seed=1020256 nsol=16 0.01s 2026-07-22T17:00:07.486
ATTEMPT 34 W0 START 4x2 seed=1020257 2026-07-22T17:00:07.487
ATTEMPT 34 W0 SOLVE 4x2 2026-07-22T17:00:07.492
ATTEMPT 34 W0 DONE 4x2 seed=1020257 nsol=16 0.01s 2026-07-22T17:00:07.498
ATTEMPT 35 W0 START 4x2 seed=1020258 2026-07-22T17:00:07.498
ATTEMPT 35 W0 SOLVE 4x2 2026-07-22T17:00:07.504
ATTEMPT 35 W0 DONE 4x2 seed=1020258 nsol=16 0.01s 2026-07-22T17:00:07.510
ATTEMPT 36 W0 START 4x2 seed=1020259 2026-07-22T17:00:07.510
ATTEMPT 36 W0 SOLVE 4x2 2026-07-22T17:00:07.516
ATTEMPT 36 W0 DONE 4x2 seed=1020259 nsol=16 0.01s 2026-07-22T17:00:07.526
ATTEMPT 37 W0 START 4x2 seed=1020260 2026-07-22T17:00:07.526
ATTEMPT 37 W0 SOLVE 4x2 2026-07-22T17:00:07.532
ATTEMPT 37 W0 DONE 4x2 seed=1020260 nsol=16 0.01s 2026-07-22T17:00:07.542
ATTEMPT 38 W0 START 4x2 seed=1020261 2026-07-22T17:00:07.543
ATTEMPT 38 W0 SOLVE 4x2 2026-07-22T17:00:07.548
ATTEMPT 38 W0 DONE 4x2 seed=1020261 nsol=16 0.01s 2026-07-22T17:00:07.562
ATTEMPT 39 W0 START 4x2 seed=1020262 2026-07-22T17:00:07.562
ATTEMPT 39 W0 SOLVE 4x2 2026-07-22T17:00:07.568
ATTEMPT 39 W0 DONE 4x2 seed=1020262 nsol=16 0.01s 2026-07-22T17:00:07.582
ATTEMPT 40 W0 START 4x2 seed=1020263 2026-07-22T17:00:07.583
ATTEMPT 40 W0 SOLVE 4x2 2026-07-22T17:00:07.589
ATTEMPT 40 W0 DONE 4x2 seed=1020263 nsol=16 0.01s 2026-07-22T17:00:07.598
ATTEMPT 41 W0 START 4x2 seed=1020264 2026-07-22T17:00:07.598
ATTEMPT 41 W0 SOLVE 4x2 2026-07-22T17:00:07.606
ATTEMPT 41 W0 DONE 4x2 seed=1020264 nsol=16 0.02s 2026-07-22T17:00:07.622
ATTEMPT 42 W0 START 4x2 seed=1020265 2026-07-22T17:00:07.622
ATTEMPT 42 W0 SOLVE 4x2 2026-07-22T17:00:07.629
ATTEMPT 42 W0 DONE 4x2 seed=1020265 nsol=16 0.02s 2026-07-22T17:00:07.646
ATTEMPT 43 W0 START 4x2 seed=1020266 2026-07-22T17:00:07.646
ATTEMPT 43 W0 SOLVE 4x2 2026-07-22T17:00:07.653
ATTEMPT 43 W0 DONE 4x2 seed=1020266 nsol=16 0.02s 2026-07-22T17:00:07.669
ATTEMPT 44 W0 START 4x2 seed=1020267 2026-07-22T17:00:07.669
ATTEMPT 44 W0 SOLVE 4x2 2026-07-22T17:00:07.677
ATTEMPT 44 W0 DONE 4x2 seed=1020267 nsol=16 0.01s 2026-07-22T17:00:07.686
ATTEMPT 45 W0 START 4x2 seed=1020268 2026-07-22T17:00:07.686
ATTEMPT 45 W0 SOLVE 4x2 2026-07-22T17:00:07.691
ATTEMPT 45 W0 DONE 4x2 seed=1020268 nsol=16 0.01s 2026-07-22T17:00:07.705
ATTEMPT 46 W0 START 4x2 seed=1020269 2026-07-22T17:00:07.705
ATTEMPT 46 W0 SOLVE 4x2 2026-07-22T17:00:07.711
ATTEMPT 46 W0 DONE 4x2 seed=1020269 nsol=16 0.01s 2026-07-22T17:00:07.719
ATTEMPT 47 W0 START 4x2 seed=1020270 2026-07-22T17:00:07.720
ATTEMPT 47 W0 SOLVE 4x2 2026-07-22T17:00:07.726
ATTEMPT 47 W0 DONE 4x2 seed=1020270 nsol=16 0.01s 2026-07-22T17:00:07.734
ATTEMPT 48 W0 START 4x2 seed=1020271 2026-07-22T17:00:07.734
ATTEMPT 48 W0 SOLVE 4x2 2026-07-22T17:00:07.739
ATTEMPT 48 W0 DONE 4x2 seed=1020271 nsol=16 0.01s 2026-07-22T17:00:07.754
ATTEMPT 49 W0 START 4x2 seed=1020272 2026-07-22T17:00:07.754
ATTEMPT 49 W0 SOLVE 4x2 2026-07-22T17:00:07.761
ATTEMPT 49 W0 DONE 4x2 seed=1020272 nsol=16 0.01s 2026-07-22T17:00:07.774
ATTEMPT 50 W0 START 4x2 seed=1020273 2026-07-22T17:00:07.774
ATTEMPT 50 W0 SOLVE 4x2 2026-07-22T17:00:07.781
ATTEMPT 50 W0 DONE 4x2 seed=1020273 nsol=16 0.01s 2026-07-22T17:00:07.790
ATTEMPT 51 W0 START 4x2 seed=1020274 2026-07-22T17:00:07.790
ATTEMPT 51 W0 SOLVE 4x2 2026-07-22T17:00:07.796
ATTEMPT 51 W0 DONE 4x2 seed=1020274 nsol=16 0.01s 2026-07-22T17:00:07.806
ATTEMPT 52 W0 START 4x2 seed=1020275 2026-07-22T17:00:07.806
ATTEMPT 52 W0 SOLVE 4x2 2026-07-22T17:00:07.812
ATTEMPT 52 W0 DONE 4x2 seed=1020275 nsol=16 0.01s 2026-07-22T17:00:07.817
ATTEMPT 53 W0 START 4x2 seed=1020276 2026-07-22T17:00:07.818
ATTEMPT 53 W0 SOLVE 4x2 2026-07-22T17:00:07.823
ATTEMPT 53 W0 DONE 4x2 seed=1020276 nsol=16 0.00s 2026-07-22T17:00:07.827
ATTEMPT 54 W0 START 4x2 seed=1020277 2026-07-22T17:00:07.827
ATTEMPT 54 W0 SOLVE 4x2 2026-07-22T17:00:07.834
ATTEMPT 54 W0 DONE 4x2 seed=1020277 nsol=16 0.01s 2026-07-22T17:00:07.842
ATTEMPT 55 W0 START 4x2 seed=1020278 2026-07-22T17:00:07.842
ATTEMPT 55 W0 SOLVE 4x2 2026-07-22T17:00:07.849
ATTEMPT 55 W0 DONE 4x2 seed=1020278 nsol=16 0.01s 2026-07-22T17:00:07.854
ATTEMPT 56 W0 START 4x2 seed=1020279 2026-07-22T17:00:07.854
ATTEMPT 56 W0 SOLVE 4x2 2026-07-22T17:00:07.859
ATTEMPT 56 W0 DONE 4x2 seed=1020279 nsol=16 0.01s 2026-07-22T17:00:07.870
ATTEMPT 57 W0 START 4x2 seed=1020280 2026-07-22T17:00:07.870
ATTEMPT 57 W0 SOLVE 4x2 2026-07-22T17:00:07.877
ATTEMPT 57 W0 DONE 4x2 seed=1020280 nsol=16 0.01s 2026-07-22T17:00:07.884
ATTEMPT 58 W0 START 4x2 seed=1020281 2026-07-22T17:00:07.884
ATTEMPT 58 W0 SOLVE 4x2 2026-07-22T17:00:07.889
ATTEMPT 58 W0 DONE 4x2 seed=1020281 nsol=16 0.02s 2026-07-22T17:00:07.913
ATTEMPT 59 W0 START 4x2 seed=1020282 2026-07-22T17:00:07.914
ATTEMPT 59 W0 SOLVE 4x2 2026-07-22T17:00:07.921
ATTEMPT 59 W0 DONE 4x2 seed=1020282 nsol=16 0.01s 2026-07-22T17:00:07.927
ATTEMPT 60 W0 START 4x2 seed=1020283 2026-07-22T17:00:07.927
ATTEMPT 60 W0 SOLVE 4x2 2026-07-22T17:00:07.932
ATTEMPT 60 W0 DONE 4x2 seed=1020283 nsol=16 0.01s 2026-07-22T17:00:07.939
ATTEMPT 61 W0 START 4x2 seed=1020284 2026-07-22T17:00:07.939
ATTEMPT 61 W0 SOLVE 4x2 2026-07-22T17:00:07.944
ATTEMPT 61 W0 DONE 4x2 seed=1020284 nsol=16 0.01s 2026-07-22T17:00:07.954
ATTEMPT 62 W0 START 4x2 seed=1020285 2026-07-22T17:00:07.955
ATTEMPT 62 W0 SOLVE 4x2 2026-07-22T17:00:07.960
ATTEMPT 62 W0 DONE 4x2 seed=1020285 nsol=16 0.01s 2026-07-22T17:00:07.974
ATTEMPT 63 W0 START 4x2 seed=1020286 2026-07-22T17:00:07.974
ATTEMPT 63 W0 SOLVE 4x2 2026-07-22T17:00:07.979
ATTEMPT 63 W0 DONE 4x2 seed=1020286 nsol=16 0.01s 2026-07-22T17:00:07.990
ATTEMPT 64 W0 START 4x2 seed=1020287 2026-07-22T17:00:07.990
ATTEMPT 64 W0 SOLVE 4x2 2026-07-22T17:00:07.998
ATTEMPT 64 W0 DONE 4x2 seed=1020287 nsol=16 0.01s 2026-07-22T17:00:08.007
ATTEMPT 65 W0 START 4x2 seed=1020288 2026-07-22T17:00:08.007
ATTEMPT 65 W0 SOLVE 4x2 2026-07-22T17:00:08.012
ATTEMPT 65 W0 DONE 4x2 seed=1020288 nsol=16 0.05s 2026-07-22T17:00:08.060
ATTEMPT 66 W0 START 4x2 seed=1020289 2026-07-22T17:00:08.070
ATTEMPT 66 W0 SOLVE 4x2 2026-07-22T17:00:08.076
ATTEMPT 66 W0 DONE 4x2 seed=1020289 nsol=16 0.01s 2026-07-22T17:00:08.090
ATTEMPT 67 W0 START 4x2 seed=1020290 2026-07-22T17:00:08.090
ATTEMPT 67 W0 SOLVE 4x2 2026-07-22T17:00:08.096
ATTEMPT 67 W0 DONE 4x2 seed=1020290 nsol=16 0.02s 2026-07-22T17:00:08.118
ATTEMPT 68 W0 START 4x2 seed=1020291 2026-07-22T17:00:08.118
ATTEMPT 68 W0 SOLVE 4x2 2026-07-22T17:00:08.123
ATTEMPT 68 W0 DONE 4x2 seed=1020291 nsol=16 0.01s 2026-07-22T17:00:08.134
ATTEMPT 69 W0 START 4x2 seed=1020292 2026-07-22T17:00:08.134
ATTEMPT 69 W0 SOLVE 4x2 2026-07-22T17:00:08.139
ATTEMPT 69 W0 DONE 4x2 seed=1020292 nsol=16 0.01s 2026-07-22T17:00:08.147
ATTEMPT 70 W0 START 4x2 seed=1020293 2026-07-22T17:00:08.147
ATTEMPT 70 W0 SOLVE 4x2 2026-07-22T17:00:08.157
ATTEMPT 70 W0 DONE 4x2 seed=1020293 nsol=16 0.01s 2026-07-22T17:00:08.170
ATTEMPT 71 W0 START 4x2 seed=1020294 2026-07-22T17:00:08.170
ATTEMPT 71 W0 SOLVE 4x2 2026-07-22T17:00:08.175
ATTEMPT 71 W0 DONE 4x2 seed=1020294 nsol=16 0.01s 2026-07-22T17:00:08.186
ATTEMPT 72 W0 START 4x2 seed=1020295 2026-07-22T17:00:08.186
ATTEMPT 72 W0 SOLVE 4x2 2026-07-22T17:00:08.192
ATTEMPT 72 W0 DONE 4x2 seed=1020295 nsol=16 0.01s 2026-07-22T17:00:08.197
ATTEMPT 73 W0 START 4x2 seed=1020296 2026-07-22T17:00:08.198
ATTEMPT 73 W0 SOLVE 4x2 2026-07-22T17:00:08.203
ATTEMPT 73 W0 DONE 4x2 seed=1020296 nsol=16 0.02s 2026-07-22T17:00:08.219
ATTEMPT 74 W0 START 4x2 seed=1020297 2026-07-22T17:00:08.220
ATTEMPT 74 W0 SOLVE 4x2 2026-07-22T17:00:08.226
ATTEMPT 74 W0 DONE 4x2 seed=1020297 nsol=16 0.01s 2026-07-22T17:00:08.234
ATTEMPT 75 W0 START 4x2 seed=1020298 2026-07-22T17:00:08.234
ATTEMPT 75 W0 SOLVE 4x2 2026-07-22T17:00:08.239
ATTEMPT 75 W0 DONE 4x2 seed=1020298 nsol=16 0.00s 2026-07-22T17:00:08.243
ATTEMPT 76 W0 START 4x2 seed=1020299 2026-07-22T17:00:08.243
ATTEMPT 76 W0 SOLVE 4x2 2026-07-22T17:00:08.249
ATTEMPT 76 W0 DONE 4x2 seed=1020299 nsol=16 0.01s 2026-07-22T17:00:08.256
ATTEMPT 77 W0 START 4x2 seed=1020300 2026-07-22T17:00:08.257
ATTEMPT 77 W0 SOLVE 4x2 2026-07-22T17:00:08.262
ATTEMPT 77 W0 DONE 4x2 seed=1020300 nsol=16 0.01s 2026-07-22T17:00:08.268
ATTEMPT 78 W0 START 4x2 seed=1020301 2026-07-22T17:00:08.268
ATTEMPT 78 W0 SOLVE 4x2 2026-07-22T17:00:08.273
ATTEMPT 78 W0 DONE 4x2 seed=1020301 nsol=16 0.01s 2026-07-22T17:00:08.288
ATTEMPT 79 W0 START 4x2 seed=1020302 2026-07-22T17:00:08.288
ATTEMPT 79 W0 SOLVE 4x2 2026-07-22T17:00:08.294
ATTEMPT 79 W0 DONE 4x2 seed=1020302 nsol=16 0.02s 2026-07-22T17:00:08.310
ATTEMPT 80 W0 START 4x2 seed=1020303 2026-07-22T17:00:08.310
ATTEMPT 80 W0 SOLVE 4x2 2026-07-22T17:00:08.316
ATTEMPT 80 W0 DONE 4x2 seed=1020303 nsol=16 0.01s 2026-07-22T17:00:08.330
ATTEMPT 81 W0 START 4x2 seed=1020304 2026-07-22T17:00:08.330
ATTEMPT 81 W0 SOLVE 4x2 2026-07-22T17:00:08.338
ATTEMPT 81 W0 DONE 4x2 seed=1020304 nsol=16 0.01s 2026-07-22T17:00:08.346
ATTEMPT 82 W0 START 4x2 seed=1020305 2026-07-22T17:00:08.346
ATTEMPT 82 W0 SOLVE 4x2 2026-07-22T17:00:08.352
ATTEMPT 82 W0 DONE 4x2 seed=1020305 nsol=16 0.01s 2026-07-22T17:00:08.361
ATTEMPT 83 W0 START 4x2 seed=1020306 2026-07-22T17:00:08.361
ATTEMPT 83 W0 SOLVE 4x2 2026-07-22T17:00:08.367
ATTEMPT 83 W0 DONE 4x2 seed=1020306 nsol=16 0.01s 2026-07-22T17:00:08.372
ATTEMPT 84 W0 START 4x2 seed=1020307 2026-07-22T17:00:08.372
ATTEMPT 84 W0 SOLVE 4x2 2026-07-22T17:00:08.377
ATTEMPT 84 W0 DONE 4x2 seed=1020307 nsol=16 0.01s 2026-07-22T17:00:08.386
ATTEMPT 85 W0 START 4x2 seed=1020308 2026-07-22T17:00:08.386
ATTEMPT 85 W0 SOLVE 4x2 2026-07-22T17:00:08.405
ATTEMPT 85 W0 DONE 4x2 seed=1020308 nsol=16 0.01s 2026-07-22T17:00:08.419
ATTEMPT 86 W0 START 4x2 seed=1020309 2026-07-22T17:00:08.420
ATTEMPT 86 W0 SOLVE 4x2 2026-07-22T17:00:08.425
ATTEMPT 86 W0 DONE 4x2 seed=1020309 nsol=16 0.00s 2026-07-22T17:00:08.430
ATTEMPT 87 W0 START 4x2 seed=1020310 2026-07-22T17:00:08.430
ATTEMPT 87 W0 SOLVE 4x2 2026-07-22T17:00:08.439
ATTEMPT 87 W0 DONE 4x2 seed=1020310 nsol=16 0.01s 2026-07-22T17:00:08.447
ATTEMPT 88 W0 START 4x2 seed=1020311 2026-07-22T17:00:08.447
ATTEMPT 88 W0 SOLVE 4x2 2026-07-22T17:00:08.464
ATTEMPT 88 W0 DONE 4x2 seed=1020311 nsol=16 0.01s 2026-07-22T17:00:08.474
ATTEMPT 89 W0 START 4x2 seed=1020312 2026-07-22T17:00:08.475
ATTEMPT 89 W0 SOLVE 4x2 2026-07-22T17:00:08.486
ATTEMPT 89 W0 DONE 4x2 seed=1020312 nsol=16 0.01s 2026-07-22T17:00:08.502
ATTEMPT 90 W0 START 4x2 seed=1020313 2026-07-22T17:00:08.502
ATTEMPT 90 W0 SOLVE 4x2 2026-07-22T17:00:08.512
ATTEMPT 90 W0 DONE 4x2 seed=1020313 nsol=16 0.01s 2026-07-22T17:00:08.529
ATTEMPT 91 W0 START 4x2 seed=1020314 2026-07-22T17:00:08.529
ATTEMPT 91 W0 SOLVE 4x2 2026-07-22T17:00:08.537
ATTEMPT 91 W0 DONE 4x2 seed=1020314 nsol=16 0.01s 2026-07-22T17:00:08.548
ATTEMPT 92 W0 START 4x2 seed=1020315 2026-07-22T17:00:08.548
ATTEMPT 92 W0 SOLVE 4x2 2026-07-22T17:00:08.556
ATTEMPT 92 W0 DONE 4x2 seed=1020315 nsol=16 0.02s 2026-07-22T17:00:08.572
ATTEMPT 93 W0 START 4x2 seed=1020316 2026-07-22T17:00:08.573
ATTEMPT 93 W0 SOLVE 4x2 2026-07-22T17:00:08.579
ATTEMPT 93 W0 DONE 4x2 seed=1020316 nsol=16 0.01s 2026-07-22T17:00:08.585
ATTEMPT 94 W0 START 4x2 seed=1020317 2026-07-22T17:00:08.585
ATTEMPT 94 W0 SOLVE 4x2 2026-07-22T17:00:08.595
ATTEMPT 94 W0 DONE 4x2 seed=1020317 nsol=16 0.00s 2026-07-22T17:00:08.599
ATTEMPT 95 W0 START 4x2 seed=1020318 2026-07-22T17:00:08.600
ATTEMPT 95 W0 SOLVE 4x2 2026-07-22T17:00:08.605
ATTEMPT 95 W0 DONE 4x2 seed=1020318 nsol=16 0.01s 2026-07-22T17:00:08.623
ATTEMPT 96 W0 START 4x2 seed=1020319 2026-07-22T17:00:08.624
ATTEMPT 96 W0 SOLVE 4x2 2026-07-22T17:00:08.634
ATTEMPT 96 W0 DONE 4x2 seed=1020319 nsol=16 0.01s 2026-07-22T17:00:08.646
ATTEMPT 97 W0 START 4x2 seed=1020320 2026-07-22T17:00:08.646
ATTEMPT 97 W0 SOLVE 4x2 2026-07-22T17:00:08.658
ATTEMPT 97 W0 DONE 4x2 seed=1020320 nsol=16 0.01s 2026-07-22T17:00:08.669
ATTEMPT 98 W0 START 4x2 seed=1020321 2026-07-22T17:00:08.670
ATTEMPT 98 W0 SOLVE 4x2 2026-07-22T17:00:08.675
ATTEMPT 98 W0 DONE 4x2 seed=1020321 nsol=16 0.00s 2026-07-22T17:00:08.679
ATTEMPT 99 W0 START 4x2 seed=1020322 2026-07-22T17:00:08.679
ATTEMPT 99 W0 SOLVE 4x2 2026-07-22T17:00:08.686
ATTEMPT 99 W0 DONE 4x2 seed=1020322 nsol=16 0.01s 2026-07-22T17:00:08.694
ATTEMPT 100 W0 START 4x2 seed=1020323 2026-07-22T17:00:08.694
ATTEMPT 100 W0 SOLVE 4x2 2026-07-22T17:00:08.700
ATTEMPT 100 W0 DONE 4x2 seed=1020323 nsol=16 0.00s 2026-07-22T17:00:08.703
ATTEMPT 101 W0 START 4x2 seed=1020324 2026-07-22T17:00:08.704
ATTEMPT 101 W0 SOLVE 4x2 2026-07-22T17:00:08.709
ATTEMPT 101 W0 DONE 4x2 seed=1020324 nsol=16 0.01s 2026-07-22T17:00:08.718
ATTEMPT 102 W0 START 4x2 seed=1020325 2026-07-22T17:00:08.719
ATTEMPT 102 W0 SOLVE 4x2 2026-07-22T17:00:08.724
ATTEMPT 102 W0 DONE 4x2 seed=1020325 nsol=16 0.01s 2026-07-22T17:00:08.734
ATTEMPT 103 W0 START 4x2 seed=1020326 2026-07-22T17:00:08.734
ATTEMPT 103 W0 SOLVE 4x2 2026-07-22T17:00:08.739
ATTEMPT 103 W0 DONE 4x2 seed=1020326 nsol=16 0.01s 2026-07-22T17:00:08.750
ATTEMPT 104 W0 START 4x2 seed=1020327 2026-07-22T17:00:08.750
ATTEMPT 104 W0 SOLVE 4x2 2026-07-22T17:00:08.758
ATTEMPT 104 W0 DONE 4x2 seed=1020327 nsol=16 0.01s 2026-07-22T17:00:08.765
ATTEMPT 105 W0 START 4x2 seed=1020328 2026-07-22T17:00:08.766
ATTEMPT 105 W0 SOLVE 4x2 2026-07-22T17:00:08.772
ATTEMPT 105 W0 DONE 4x2 seed=1020328 nsol=16 0.00s 2026-07-22T17:00:08.776
ATTEMPT 106 W0 START 4x2 seed=1020329 2026-07-22T17:00:08.776
ATTEMPT 106 W0 SOLVE 4x2 2026-07-22T17:00:08.782
ATTEMPT 106 W0 DONE 4x2 seed=1020329 nsol=16 0.01s 2026-07-22T17:00:08.788
ATTEMPT 107 W0 START 4x2 seed=1020330 2026-07-22T17:00:08.789
ATTEMPT 107 W0 SOLVE 4x2 2026-07-22T17:00:08.794
ATTEMPT 107 W0 DONE 4x2 seed=1020330 nsol=16 0.01s 2026-07-22T17:00:08.805
ATTEMPT 108 W0 START 4x2 seed=1020331 2026-07-22T17:00:08.805
ATTEMPT 108 W0 SOLVE 4x2 2026-07-22T17:00:08.812
ATTEMPT 108 W0 DONE 4x2 seed=1020331 nsol=16 0.01s 2026-07-22T17:00:08.822
ATTEMPT 109 W0 START 4x2 seed=1020332 2026-07-22T17:00:08.822
ATTEMPT 109 W0 SOLVE 4x2 2026-07-22T17:00:08.830
ATTEMPT 109 W0 DONE 4x2 seed=1020332 nsol=16 0.01s 2026-07-22T17:00:08.839
ATTEMPT 110 W0 START 4x2 seed=1020333 2026-07-22T17:00:08.840
ATTEMPT 110 W0 SOLVE 4x2 2026-07-22T17:00:08.845
ATTEMPT 110 W0 DONE 4x2 seed=1020333 nsol=16 0.00s 2026-07-22T17:00:08.849
ATTEMPT 111 W0 START 4x2 seed=1020334 2026-07-22T17:00:08.850
ATTEMPT 111 W0 SOLVE 4x2 2026-07-22T17:00:08.856
ATTEMPT 111 W0 DONE 4x2 seed=1020334 nsol=16 0.01s 2026-07-22T17:00:08.862
ATTEMPT 112 W0 START 4x2 seed=1020335 2026-07-22T17:00:08.862
ATTEMPT 112 W0 SOLVE 4x2 2026-07-22T17:00:08.868
ATTEMPT 112 W0 DONE 4x2 seed=1020335 nsol=16 0.05s 2026-07-22T17:00:08.917
ATTEMPT 113 W0 START 4x2 seed=1020336 2026-07-22T17:00:08.917
ATTEMPT 113 W0 SOLVE 4x2 2026-07-22T17:00:08.924
ATTEMPT 113 W0 DONE 4x2 seed=1020336 nsol=16 0.00s 2026-07-22T17:00:08.927
ATTEMPT 114 W0 START 4x2 seed=1020337 2026-07-22T17:00:08.927
ATTEMPT 114 W0 SOLVE 4x2 2026-07-22T17:00:08.933
ATTEMPT 114 W0 DONE 4x2 seed=1020337 nsol=16 0.01s 2026-07-22T17:00:08.946
ATTEMPT 115 W0 START 4x2 seed=1020338 2026-07-22T17:00:08.946
ATTEMPT 115 W0 SOLVE 4x2 2026-07-22T17:00:08.953
ATTEMPT 115 W0 DONE 4x2 seed=1020338 nsol=16 0.01s 2026-07-22T17:00:08.966
ATTEMPT 116 W0 START 4x2 seed=1020339 2026-07-22T17:00:08.966
ATTEMPT 116 W0 SOLVE 4x2 2026-07-22T17:00:08.971
ATTEMPT 116 W0 DONE 4x2 seed=1020339 nsol=16 0.01s 2026-07-22T17:00:08.980
ATTEMPT 117 W0 START 4x2 seed=1020340 2026-07-22T17:00:08.981
ATTEMPT 117 W0 SOLVE 4x2 2026-07-22T17:00:08.986
ATTEMPT 117 W0 DONE 4x2 seed=1020340 nsol=16 0.00s 2026-07-22T17:00:08.990
ATTEMPT 118 W0 START 4x2 seed=1020341 2026-07-22T17:00:08.990
ATTEMPT 118 W0 SOLVE 4x2 2026-07-22T17:00:09.002
ATTEMPT 118 W0 DONE 4x2 seed=1020341 nsol=16 0.01s 2026-07-22T17:00:09.010
ATTEMPT 119 W0 START 4x2 seed=1020342 2026-07-22T17:00:09.010
ATTEMPT 119 W0 SOLVE 4x2 2026-07-22T17:00:09.017
ATTEMPT 119 W0 DONE 4x2 seed=1020342 nsol=16 0.01s 2026-07-22T17:00:09.026
ATTEMPT 120 W0 START 4x2 seed=1020343 2026-07-22T17:00:09.026
ATTEMPT 120 W0 SOLVE 4x2 2026-07-22T17:00:09.031
ATTEMPT 120 W0 DONE 4x2 seed=1020343 nsol=16 0.02s 2026-07-22T17:00:09.047
ATTEMPT 121 W0 START 4x2 seed=1020344 2026-07-22T17:00:09.047
ATTEMPT 121 W0 SOLVE 4x2 2026-07-22T17:00:09.052
ATTEMPT 121 W0 DONE 4x2 seed=1020344 nsol=16 0.01s 2026-07-22T17:00:09.063
ATTEMPT 122 W0 START 4x2 seed=1020345 2026-07-22T17:00:09.064
ATTEMPT 122 W0 SOLVE 4x2 2026-07-22T17:00:09.073
ATTEMPT 122 W0 DONE 4x2 seed=1020345 nsol=16 0.01s 2026-07-22T17:00:09.079
ATTEMPT 123 W0 START 4x2 seed=1020346 2026-07-22T17:00:09.079
ATTEMPT 123 W0 SOLVE 4x2 2026-07-22T17:00:09.084
ATTEMPT 123 W0 DONE 4x2 seed=1020346 nsol=16 0.01s 2026-07-22T17:00:09.093
ATTEMPT 124 W0 START 4x2 seed=1020347 2026-07-22T17:00:09.093
ATTEMPT 124 W0 SOLVE 4x2 2026-07-22T17:00:09.100
ATTEMPT 124 W0 DONE 4x2 seed=1020347 nsol=16 0.01s 2026-07-22T17:00:09.110
ATTEMPT 125 W0 START 4x2 seed=1020348 2026-07-22T17:00:09.110
ATTEMPT 125 W0 SOLVE 4x2 2026-07-22T17:00:09.117
ATTEMPT 125 W0 DONE 4x2 seed=1020348 nsol=16 0.01s 2026-07-22T17:00:09.126
ATTEMPT 126 W0 START 4x2 seed=1020349 2026-07-22T17:00:09.126
ATTEMPT 126 W0 SOLVE 4x2 2026-07-22T17:00:09.132
ATTEMPT 126 W0 DONE 4x2 seed=1020349 nsol=16 0.01s 2026-07-22T17:00:09.137
ATTEMPT 127 W0 START 4x2 seed=1020350 2026-07-22T17:00:09.138
ATTEMPT 127 W0 SOLVE 4x2 2026-07-22T17:00:09.143
ATTEMPT 127 W0 DONE 4x2 seed=1020350 nsol=16 0.00s 2026-07-22T17:00:09.148
ATTEMPT 128 W0 START 4x2 seed=1020351 2026-07-22T17:00:09.148
ATTEMPT 128 W0 SOLVE 4x2 2026-07-22T17:00:09.153
ATTEMPT 128 W0 DONE 4x2 seed=1020351 nsol=16 0.00s 2026-07-22T17:00:09.158
ATTEMPT 129 W0 START 4x2 seed=1020352 2026-07-22T17:00:09.158
ATTEMPT 129 W0 SOLVE 4x2 2026-07-22T17:00:09.164
ATTEMPT 129 W0 DONE 4x2 seed=1020352 nsol=16 0.01s 2026-07-22T17:00:09.178
ATTEMPT 130 W0 START 4x2 seed=1020353 2026-07-22T17:00:09.178
ATTEMPT 130 W0 SOLVE 4x2 2026-07-22T17:00:09.184
ATTEMPT 130 W0 DONE 4x2 seed=1020353 nsol=16 0.01s 2026-07-22T17:00:09.192
ATTEMPT 131 W0 START 4x2 seed=1020354 2026-07-22T17:00:09.192
ATTEMPT 131 W0 SOLVE 4x2 2026-07-22T17:00:09.198
ATTEMPT 131 W0 DONE 4x2 seed=1020354 nsol=16 0.00s 2026-07-22T17:00:09.202
ATTEMPT 132 W0 START 4x2 seed=1020355 2026-07-22T17:00:09.202
ATTEMPT 132 W0 SOLVE 4x2 2026-07-22T17:00:09.212
ATTEMPT 132 W0 DONE 4x2 seed=1020355 nsol=16 0.01s 2026-07-22T17:00:09.222
ATTEMPT 133 W0 START 4x2 seed=1020356 2026-07-22T17:00:09.222
ATTEMPT 133 W0 SOLVE 4x2 2026-07-22T17:00:09.227
ATTEMPT 133 W0 DONE 4x2 seed=1020356 nsol=16 0.01s 2026-07-22T17:00:09.234
ATTEMPT 134 W0 START 4x2 seed=1020357 2026-07-22T17:00:09.234
ATTEMPT 134 W0 SOLVE 4x2 2026-07-22T17:00:09.240
ATTEMPT 134 W0 DONE 4x2 seed=1020357 nsol=16 0.01s 2026-07-22T17:00:09.250
ATTEMPT 135 W0 START 4x2 seed=1020358 2026-07-22T17:00:09.250
ATTEMPT 135 W0 SOLVE 4x2 2026-07-22T17:00:09.256
ATTEMPT 135 W0 DONE 4x2 seed=1020358 nsol=16 0.01s 2026-07-22T17:00:09.263
ATTEMPT 136 W0 START 4x2 seed=1020359 2026-07-22T17:00:09.264
ATTEMPT 136 W0 SOLVE 4x2 2026-07-22T17:00:09.270
ATTEMPT 136 W0 DONE 4x2 seed=1020359 nsol=16 0.01s 2026-07-22T17:00:09.278
ATTEMPT 137 W0 START 4x2 seed=1020360 2026-07-22T17:00:09.279
ATTEMPT 137 W0 SOLVE 4x2 2026-07-22T17:00:09.284
ATTEMPT 137 W0 DONE 4x2 seed=1020360 nsol=16 0.00s 2026-07-22T17:00:09.288
ATTEMPT 138 W0 START 4x2 seed=1020361 2026-07-22T17:00:09.288
ATTEMPT 138 W0 SOLVE 4x2 2026-07-22T17:00:09.294
ATTEMPT 138 W0 DONE 4x2 seed=1020361 nsol=16 0.01s 2026-07-22T17:00:09.302
ATTEMPT 139 W0 START 4x2 seed=1020362 2026-07-22T17:00:09.302
ATTEMPT 139 W0 SOLVE 4x2 2026-07-22T17:00:09.307
ATTEMPT 139 W0 DONE 4x2 seed=1020362 nsol=16 0.00s 2026-07-22T17:00:09.311
ATTEMPT 140 W0 START 4x2 seed=1020363 2026-07-22T17:00:09.311
ATTEMPT 140 W0 SOLVE 4x2 2026-07-22T17:00:09.316
ATTEMPT 140 W0 DONE 4x2 seed=1020363 nsol=16 0.01s 2026-07-22T17:00:09.322
ATTEMPT 141 W0 START 4x2 seed=1020364 2026-07-22T17:00:09.322
ATTEMPT 141 W0 SOLVE 4x2 2026-07-22T17:00:09.328
ATTEMPT 141 W0 DONE 4x2 seed=1020364 nsol=16 0.01s 2026-07-22T17:00:09.337
ATTEMPT 142 W0 START 4x2 seed=1020365 2026-07-22T17:00:09.338
ATTEMPT 142 W0 SOLVE 4x2 2026-07-22T17:00:09.345
ATTEMPT 142 W0 DONE 4x2 seed=1020365 nsol=16 0.01s 2026-07-22T17:00:09.354
ATTEMPT 143 W0 START 4x2 seed=1020366 2026-07-22T17:00:09.354
ATTEMPT 143 W0 SOLVE 4x2 2026-07-22T17:00:09.361
ATTEMPT 143 W0 DONE 4x2 seed=1020366 nsol=16 0.01s 2026-07-22T17:00:09.370
ATTEMPT 144 W0 START 4x2 seed=1020367 2026-07-22T17:00:09.370
ATTEMPT 144 W0 SOLVE 4x2 2026-07-22T17:00:09.377
ATTEMPT 144 W0 DONE 4x2 seed=1020367 nsol=16 0.02s 2026-07-22T17:00:09.393
ATTEMPT 145 W0 START 4x2 seed=1020368 2026-07-22T17:00:09.393
ATTEMPT 145 W0 SOLVE 4x2 2026-07-22T17:00:09.399
ATTEMPT 145 W0 DONE 4x2 seed=1020368 nsol=16 0.01s 2026-07-22T17:00:09.410
ATTEMPT 146 W0 START 4x2 seed=1020369 2026-07-22T17:00:09.410
ATTEMPT 146 W0 SOLVE 4x2 2026-07-22T17:00:09.416
ATTEMPT 146 W0 DONE 4x2 seed=1020369 nsol=16 0.01s 2026-07-22T17:00:09.422
ATTEMPT 147 W0 START 4x2 seed=1020370 2026-07-22T17:00:09.422
ATTEMPT 147 W0 SOLVE 4x2 2026-07-22T17:00:09.427
ATTEMPT 147 W0 DONE 4x2 seed=1020370 nsol=16 0.01s 2026-07-22T17:00:09.434
ATTEMPT 148 W0 START 4x2 seed=1020371 2026-07-22T17:00:09.434
ATTEMPT 148 W0 SOLVE 4x2 2026-07-22T17:00:09.445
ATTEMPT 148 W0 DONE 4x2 seed=1020371 nsol=16 0.00s 2026-07-22T17:00:09.450
ATTEMPT 149 W0 START 4x2 seed=1020372 2026-07-22T17:00:09.450
ATTEMPT 149 W0 SOLVE 4x2 2026-07-22T17:00:09.457
ATTEMPT 149 W0 DONE 4x2 seed=1020372 nsol=16 0.01s 2026-07-22T17:00:09.466
ATTEMPT 150 W0 START 4x2 seed=1020373 2026-07-22T17:00:09.467
ATTEMPT 150 W0 SOLVE 4x2 2026-07-22T17:00:09.472
ATTEMPT 150 W0 DONE 4x2 seed=1020373 nsol=16 0.01s 2026-07-22T17:00:09.482
ATTEMPT 151 W0 START 4x2 seed=1020374 2026-07-22T17:00:09.482
ATTEMPT 151 W0 SOLVE 4x2 2026-07-22T17:00:09.487
ATTEMPT 151 W0 DONE 4x2 seed=1020374 nsol=16 0.06s 2026-07-22T17:00:09.550
ATTEMPT 152 W0 START 4x2 seed=1020375 2026-07-22T17:00:09.558
ATTEMPT 152 W0 SOLVE 4x2 2026-07-22T17:00:09.564
ATTEMPT 152 W0 DONE 4x2 seed=1020375 nsol=16 0.01s 2026-07-22T17:00:09.574
ATTEMPT 153 W0 START 4x2 seed=1020376 2026-07-22T17:00:09.574
ATTEMPT 153 W0 SOLVE 4x2 2026-07-22T17:00:09.579
ATTEMPT 153 W0 DONE 4x2 seed=1020376 nsol=16 0.01s 2026-07-22T17:00:09.586
ATTEMPT 154 W0 START 4x2 seed=1020377 2026-07-22T17:00:09.586
ATTEMPT 154 W0 SOLVE 4x2 2026-07-22T17:00:09.592
ATTEMPT 154 W0 DONE 4x2 seed=1020377 nsol=16 0.01s 2026-07-22T17:00:09.606
ATTEMPT 155 W0 START 4x2 seed=1020378 2026-07-22T17:00:09.606
ATTEMPT 155 W0 SOLVE 4x2 2026-07-22T17:00:09.614
ATTEMPT 155 W0 DONE 4x2 seed=1020378 nsol=16 0.01s 2026-07-22T17:00:09.626
ATTEMPT 156 W0 START 4x2 seed=1020379 2026-07-22T17:00:09.626
ATTEMPT 156 W0 SOLVE 4x2 2026-07-22T17:00:09.633
ATTEMPT 156 W0 DONE 4x2 seed=1020379 nsol=16 0.02s 2026-07-22T17:00:09.650
ATTEMPT 157 W0 START 4x2 seed=1020380 2026-07-22T17:00:09.650
ATTEMPT 157 W0 SOLVE 4x2 2026-07-22T17:00:09.655
ATTEMPT 157 W0 DONE 4x2 seed=1020380 nsol=16 0.01s 2026-07-22T17:00:09.662
ATTEMPT 158 W0 START 4x2 seed=1020381 2026-07-22T17:00:09.662
ATTEMPT 158 W0 SOLVE 4x2 2026-07-22T17:00:09.668
ATTEMPT 158 W0 DONE 4x2 seed=1020381 nsol=16 0.01s 2026-07-22T17:00:09.675
ATTEMPT 159 W0 START 4x2 seed=1020382 2026-07-22T17:00:09.675
ATTEMPT 159 W0 SOLVE 4x2 2026-07-22T17:00:09.681
ATTEMPT 159 W0 DONE 4x2 seed=1020382 nsol=16 0.01s 2026-07-22T17:00:09.690
ATTEMPT 160 W0 START 4x2 seed=1020383 2026-07-22T17:00:09.691
ATTEMPT 160 W0 SOLVE 4x2 2026-07-22T17:00:09.699
ATTEMPT 160 W0 DONE 4x2 seed=1020383 nsol=16 0.02s 2026-07-22T17:00:09.714
ATTEMPT 161 W0 START 4x2 seed=1020384 2026-07-22T17:00:09.714
ATTEMPT 161 W0 SOLVE 4x2 2026-07-22T17:00:09.722
ATTEMPT 161 W0 DONE 4x2 seed=1020384 nsol=16 0.01s 2026-07-22T17:00:09.735
ATTEMPT 162 W0 START 4x2 seed=1020385 2026-07-22T17:00:09.735
ATTEMPT 162 W0 SOLVE 4x2 2026-07-22T17:00:09.743
ATTEMPT 162 W0 DONE 4x2 seed=1020385 nsol=16 0.02s 2026-07-22T17:00:09.758
ATTEMPT 163 W0 START 4x2 seed=1020386 2026-07-22T17:00:09.758
ATTEMPT 163 W0 SOLVE 4x2 2026-07-22T17:00:09.764
ATTEMPT 163 W0 DONE 4x2 seed=1020386 nsol=16 0.01s 2026-07-22T17:00:09.778
ATTEMPT 164 W0 START 4x2 seed=1020387 2026-07-22T17:00:09.779
ATTEMPT 164 W0 SOLVE 4x2 2026-07-22T17:00:09.784
ATTEMPT 164 W0 DONE 4x2 seed=1020387 nsol=16 0.01s 2026-07-22T17:00:09.792
ATTEMPT 165 W0 START 4x2 seed=1020388 2026-07-22T17:00:09.793
ATTEMPT 165 W0 SOLVE 4x2 2026-07-22T17:00:09.800
ATTEMPT 165 W0 DONE 4x2 seed=1020388 nsol=16 0.01s 2026-07-22T17:00:09.810
ATTEMPT 166 W0 START 4x2 seed=1020389 2026-07-22T17:00:09.810
ATTEMPT 166 W0 SOLVE 4x2 2026-07-22T17:00:09.818
ATTEMPT 166 W0 DONE 4x2 seed=1020389 nsol=16 0.01s 2026-07-22T17:00:09.828
ATTEMPT 167 W0 START 4x2 seed=1020390 2026-07-22T17:00:09.828
ATTEMPT 167 W0 SOLVE 4x2 2026-07-22T17:00:09.833
ATTEMPT 167 W0 DONE 4x2 seed=1020390 nsol=16 0.02s 2026-07-22T17:00:09.850
ATTEMPT 168 W0 START 4x2 seed=1020391 2026-07-22T17:00:09.851
ATTEMPT 168 W0 SOLVE 4x2 2026-07-22T17:00:09.859
ATTEMPT 168 W0 DONE 4x2 seed=1020391 nsol=16 0.01s 2026-07-22T17:00:09.872
ATTEMPT 169 W0 START 4x2 seed=1020392 2026-07-22T17:00:09.873
ATTEMPT 169 W0 SOLVE 4x2 2026-07-22T17:00:09.878
ATTEMPT 169 W0 DONE 4x2 seed=1020392 nsol=16 0.01s 2026-07-22T17:00:09.883
ATTEMPT 170 W0 START 4x2 seed=1020393 2026-07-22T17:00:09.884
ATTEMPT 170 W0 SOLVE 4x2 2026-07-22T17:00:09.889
ATTEMPT 170 W0 DONE 4x2 seed=1020393 nsol=16 0.01s 2026-07-22T17:00:09.901
ATTEMPT 171 W0 START 4x2 seed=1020394 2026-07-22T17:00:09.901
ATTEMPT 171 W0 SOLVE 4x2 2026-07-22T17:00:09.908
ATTEMPT 171 W0 DONE 4x2 seed=1020394 nsol=16 0.01s 2026-07-22T17:00:09.922
ATTEMPT 172 W0 START 4x2 seed=1020395 2026-07-22T17:00:09.922
ATTEMPT 172 W0 SOLVE 4x2 2026-07-22T17:00:09.929
ATTEMPT 172 W0 DONE 4x2 seed=1020395 nsol=16 0.00s 2026-07-22T17:00:09.934
ATTEMPT 173 W0 START 4x2 seed=1020396 2026-07-22T17:00:09.934
ATTEMPT 173 W0 SOLVE 4x2 2026-07-22T17:00:09.940
ATTEMPT 173 W0 DONE 4x2 seed=1020396 nsol=16 0.01s 2026-07-22T17:00:09.954
ATTEMPT 174 W0 START 4x2 seed=1020397 2026-07-22T17:00:09.954
ATTEMPT 174 W0 SOLVE 4x2 2026-07-22T17:00:09.961
ATTEMPT 174 W0 DONE 4x2 seed=1020397 nsol=16 0.01s 2026-07-22T17:00:09.970
ATTEMPT 175 W0 START 4x2 seed=1020398 2026-07-22T17:00:09.971
ATTEMPT 175 W0 SOLVE 4x2 2026-07-22T17:00:09.976
ATTEMPT 175 W0 DONE 4x2 seed=1020398 nsol=16 0.01s 2026-07-22T17:00:09.990
ATTEMPT 176 W0 START 4x2 seed=1020399 2026-07-22T17:00:09.991
ATTEMPT 176 W0 SOLVE 4x2 2026-07-22T17:00:09.997
ATTEMPT 176 W0 DONE 4x2 seed=1020399 nsol=16 0.01s 2026-07-22T17:00:10.004
ATTEMPT 177 W0 START 4x2 seed=1020400 2026-07-22T17:00:10.004
ATTEMPT 177 W0 SOLVE 4x2 2026-07-22T17:00:10.010
ATTEMPT 177 W0 DONE 4x2 seed=1020400 nsol=16 0.01s 2026-07-22T17:00:10.022
ATTEMPT 178 W0 START 4x2 seed=1020401 2026-07-22T17:00:10.023
ATTEMPT 178 W0 SOLVE 4x2 2026-07-22T17:00:10.028
ATTEMPT 178 W0 DONE 4x2 seed=1020401 nsol=16 0.01s 2026-07-22T17:00:10.038
ATTEMPT 179 W0 START 4x2 seed=1020402 2026-07-22T17:00:10.038
ATTEMPT 179 W0 SOLVE 4x2 2026-07-22T17:00:10.043
ATTEMPT 179 W0 DONE 4x2 seed=1020402 nsol=16 0.01s 2026-07-22T17:00:10.050
ATTEMPT 180 W0 START 4x2 seed=1020403 2026-07-22T17:00:10.050
ATTEMPT 180 W0 SOLVE 4x2 2026-07-22T17:00:10.056
ATTEMPT 180 W0 DONE 4x2 seed=1020403 nsol=16 0.01s 2026-07-22T17:00:10.070
ATTEMPT 181 W0 START 4x2 seed=1020404 2026-07-22T17:00:10.070
ATTEMPT 181 W0 SOLVE 4x2 2026-07-22T17:00:10.075
ATTEMPT 181 W0 DONE 4x2 seed=1020404 nsol=16 0.01s 2026-07-22T17:00:10.081
ATTEMPT 182 W0 START 4x2 seed=1020405 2026-07-22T17:00:10.081
ATTEMPT 182 W0 SOLVE 4x2 2026-07-22T17:00:10.090
ATTEMPT 182 W0 DONE 4x2 seed=1020405 nsol=16 0.01s 2026-07-22T17:00:10.104
ATTEMPT 183 W0 START 4x2 seed=1020406 2026-07-22T17:00:10.104
ATTEMPT 183 W0 SOLVE 4x2 2026-07-22T17:00:10.112
ATTEMPT 183 W0 DONE 4x2 seed=1020406 nsol=16 0.01s 2026-07-22T17:00:10.122
ATTEMPT 184 W0 START 4x2 seed=1020407 2026-07-22T17:00:10.122
ATTEMPT 184 W0 SOLVE 4x2 2026-07-22T17:00:10.132
ATTEMPT 184 W0 DONE 4x2 seed=1020407 nsol=16 0.01s 2026-07-22T17:00:10.142
ATTEMPT 185 W0 START 4x2 seed=1020408 2026-07-22T17:00:10.142
ATTEMPT 185 W0 SOLVE 4x2 2026-07-22T17:00:10.148
ATTEMPT 185 W0 DONE 4x2 seed=1020408 nsol=16 0.01s 2026-07-22T17:00:10.158
ATTEMPT 186 W0 START 4x2 seed=1020409 2026-07-22T17:00:10.158
ATTEMPT 186 W0 SOLVE 4x2 2026-07-22T17:00:10.164
ATTEMPT 186 W0 DONE 4x2 seed=1020409 nsol=16 0.04s 2026-07-22T17:00:10.207
ATTEMPT 187 W0 START 4x2 seed=1020410 2026-07-22T17:00:10.207
ATTEMPT 187 W0 SOLVE 4x2 2026-07-22T17:00:10.214
ATTEMPT 187 W0 DONE 4x2 seed=1020410 nsol=16 0.01s 2026-07-22T17:00:10.220
ATTEMPT 188 W0 START 4x2 seed=1020411 2026-07-22T17:00:10.220
ATTEMPT 188 W0 SOLVE 4x2 2026-07-22T17:00:10.226
ATTEMPT 188 W0 DONE 4x2 seed=1020411 nsol=16 0.02s 2026-07-22T17:00:10.247
ATTEMPT 189 W0 START 4x2 seed=1020412 2026-07-22T17:00:10.247
ATTEMPT 189 W0 SOLVE 4x2 2026-07-22T17:00:10.253
ATTEMPT 189 W0 DONE 4x2 seed=1020412 nsol=16 0.01s 2026-07-22T17:00:10.263
ATTEMPT 190 W0 START 4x2 seed=1020413 2026-07-22T17:00:10.263
ATTEMPT 190 W0 SOLVE 4x2 2026-07-22T17:00:10.270
ATTEMPT 190 W0 DONE 4x2 seed=1020413 nsol=16 0.01s 2026-07-22T17:00:10.277
ATTEMPT 191 W0 START 4x2 seed=1020414 2026-07-22T17:00:10.277
ATTEMPT 191 W0 SOLVE 4x2 2026-07-22T17:00:10.288
ATTEMPT 191 W0 DONE 4x2 seed=1020414 nsol=16 0.01s 2026-07-22T17:00:10.296
ATTEMPT 192 W0 START 4x2 seed=1020415 2026-07-22T17:00:10.296
ATTEMPT 192 W0 SOLVE 4x2 2026-07-22T17:00:10.311
ATTEMPT 192 W0 DONE 4x2 seed=1020415 nsol=16 0.02s 2026-07-22T17:00:10.326
ATTEMPT 193 W0 START 4x2 seed=1020416 2026-07-22T17:00:10.326
ATTEMPT 193 W0 SOLVE 4x2 2026-07-22T17:00:10.332
ATTEMPT 193 W0 DONE 4x2 seed=1020416 nsol=16 0.02s 2026-07-22T17:00:10.350
ATTEMPT 194 W0 START 4x2 seed=1020417 2026-07-22T17:00:10.350
ATTEMPT 194 W0 SOLVE 4x2 2026-07-22T17:00:10.356
ATTEMPT 194 W0 DONE 4x2 seed=1020417 nsol=16 0.01s 2026-07-22T17:00:10.369
ATTEMPT 195 W0 START 4x2 seed=1020418 2026-07-22T17:00:10.369
ATTEMPT 195 W0 SOLVE 4x2 2026-07-22T17:00:10.380
ATTEMPT 195 W0 DONE 4x2 seed=1020418 nsol=16 0.01s 2026-07-22T17:00:10.391
ATTEMPT 196 W0 START 4x2 seed=1020419 2026-07-22T17:00:10.391
ATTEMPT 196 W0 SOLVE 4x2 2026-07-22T17:00:10.401
ATTEMPT 196 W0 DONE 4x2 seed=1020419 nsol=16 0.02s 2026-07-22T17:00:10.418
ATTEMPT 197 W0 START 4x2 seed=1020420 2026-07-22T17:00:10.418
ATTEMPT 197 W0 SOLVE 4x2 2026-07-22T17:00:10.423
ATTEMPT 197 W0 DONE 4x2 seed=1020420 nsol=16 0.01s 2026-07-22T17:00:10.430
ATTEMPT 198 W0 START 4x2 seed=1020421 2026-07-22T17:00:10.430
ATTEMPT 198 W0 SOLVE 4x2 2026-07-22T17:00:10.437
ATTEMPT 198 W0 DONE 4x2 seed=1020421 nsol=16 0.01s 2026-07-22T17:00:10.450
ATTEMPT 199 W0 START 4x2 seed=1020422 2026-07-22T17:00:10.451
ATTEMPT 199 W0 SOLVE 4x2 2026-07-22T17:00:10.456
ATTEMPT 199 W0 DONE 4x2 seed=1020422 nsol=16 0.01s 2026-07-22T17:00:10.462
ATTEMPT 200 W0 START 4x2 seed=1020423 2026-07-22T17:00:10.462
ATTEMPT 200 W0 SOLVE 4x2 2026-07-22T17:00:10.468
ATTEMPT 200 W0 DONE 4x2 seed=1020423 nsol=16 0.01s 2026-07-22T17:00:10.477
ATTEMPT 201 W0 START 4x2 seed=1020424 2026-07-22T17:00:10.478
ATTEMPT 201 W0 SOLVE 4x2 2026-07-22T17:00:10.496
ATTEMPT 201 W0 DONE 4x2 seed=1020424 nsol=16 0.00s 2026-07-22T17:00:10.506
ATTEMPT 202 W0 START 4x2 seed=1020425 2026-07-22T17:00:10.506
ATTEMPT 202 W0 SOLVE 4x2 2026-07-22T17:00:10.518
ATTEMPT 202 W0 DONE 4x2 seed=1020425 nsol=16 0.02s 2026-07-22T17:00:10.538
ATTEMPT 203 W0 START 4x2 seed=1020426 2026-07-22T17:00:10.538
ATTEMPT 203 W0 SOLVE 4x2 2026-07-22T17:00:10.554
ATTEMPT 203 W0 DONE 4x2 seed=1020426 nsol=16 0.01s 2026-07-22T17:00:10.561
ATTEMPT 204 W0 START 4x2 seed=1020427 2026-07-22T17:00:10.561
ATTEMPT 204 W0 SOLVE 4x2 2026-07-22T17:00:10.567
ATTEMPT 204 W0 DONE 4x2 seed=1020427 nsol=16 0.01s 2026-07-22T17:00:10.578
ATTEMPT 205 W0 START 4x2 seed=1020428 2026-07-22T17:00:10.578
ATTEMPT 205 W0 SOLVE 4x2 2026-07-22T17:00:10.593
ATTEMPT 205 W0 DONE 4x2 seed=1020428 nsol=16 0.03s 2026-07-22T17:00:10.622
ATTEMPT 206 W0 START 4x2 seed=1020429 2026-07-22T17:00:10.623
ATTEMPT 206 W0 SOLVE 4x2 2026-07-22T17:00:10.628
ATTEMPT 206 W0 DONE 4x2 seed=1020429 nsol=16 0.02s 2026-07-22T17:00:10.644
ATTEMPT 207 W0 START 4x2 seed=1020430 2026-07-22T17:00:10.644
ATTEMPT 207 W0 SOLVE 4x2 2026-07-22T17:00:10.650
ATTEMPT 207 W0 DONE 4x2 seed=1020430 nsol=16 0.01s 2026-07-22T17:00:10.656
ATTEMPT 208 W0 START 4x2 seed=1020431 2026-07-22T17:00:10.656
ATTEMPT 208 W0 SOLVE 4x2 2026-07-22T17:00:10.661
ATTEMPT 208 W0 DONE 4x2 seed=1020431 nsol=16 0.02s 2026-07-22T17:00:10.677
ATTEMPT 209 W0 START 4x2 seed=1020432 2026-07-22T17:00:10.677
ATTEMPT 209 W0 SOLVE 4x2 2026-07-22T17:00:10.683
ATTEMPT 209 W0 DONE 4x2 seed=1020432 nsol=16 0.01s 2026-07-22T17:00:10.693
ATTEMPT 210 W0 START 4x2 seed=1020433 2026-07-22T17:00:10.694
ATTEMPT 210 W0 SOLVE 4x2 2026-07-22T17:00:10.700
ATTEMPT 210 W0 DONE 4x2 seed=1020433 nsol=16 0.01s 2026-07-22T17:00:10.710
ATTEMPT 211 W0 START 4x2 seed=1020434 2026-07-22T17:00:10.710
ATTEMPT 211 W0 SOLVE 4x2 2026-07-22T17:00:10.721
ATTEMPT 211 W0 DONE 4x2 seed=1020434 nsol=16 0.01s 2026-07-22T17:00:10.731
ATTEMPT 212 W0 START 4x2 seed=1020435 2026-07-22T17:00:10.731
ATTEMPT 212 W0 SOLVE 4x2 2026-07-22T17:00:10.744
ATTEMPT 212 W0 DONE 4x2 seed=1020435 nsol=16 0.00s 2026-07-22T17:00:10.748
ATTEMPT 213 W0 START 4x2 seed=1020436 2026-07-22T17:00:10.748
ATTEMPT 213 W0 SOLVE 4x2 2026-07-22T17:00:10.753
ATTEMPT 213 W0 DONE 4x2 seed=1020436 nsol=16 0.01s 2026-07-22T17:00:10.763
ATTEMPT 214 W0 START 4x2 seed=1020437 2026-07-22T17:00:10.764
ATTEMPT 214 W0 SOLVE 4x2 2026-07-22T17:00:10.769
ATTEMPT 214 W0 DONE 4x2 seed=1020437 nsol=16 0.00s 2026-07-22T17:00:10.774
ATTEMPT 215 W0 START 4x2 seed=1020438 2026-07-22T17:00:10.775
ATTEMPT 215 W0 SOLVE 4x2 2026-07-22T17:00:10.780
ATTEMPT 215 W0 DONE 4x2 seed=1020438 nsol=16 0.01s 2026-07-22T17:00:10.794
ATTEMPT 216 W0 START 4x2 seed=1020439 2026-07-22T17:00:10.794
ATTEMPT 216 W0 SOLVE 4x2 2026-07-22T17:00:10.801
ATTEMPT 216 W0 DONE 4x2 seed=1020439 nsol=16 0.01s 2026-07-22T17:00:10.815
ATTEMPT 217 W0 START 4x2 seed=1020440 2026-07-22T17:00:10.815
ATTEMPT 217 W0 SOLVE 4x2 2026-07-22T17:00:10.821
ATTEMPT 217 W0 DONE 4x2 seed=1020440 nsol=16 0.03s 2026-07-22T17:00:10.851
ATTEMPT 218 W0 START 4x2 seed=1020441 2026-07-22T17:00:10.858
ATTEMPT 218 W0 SOLVE 4x2 2026-07-22T17:00:10.864
ATTEMPT 218 W0 DONE 4x2 seed=1020441 nsol=16 0.01s 2026-07-22T17:00:10.869
ATTEMPT 219 W0 START 4x2 seed=1020442 2026-07-22T17:00:10.869
ATTEMPT 219 W0 SOLVE 4x2 2026-07-22T17:00:10.876
ATTEMPT 219 W0 DONE 4x2 seed=1020442 nsol=16 0.01s 2026-07-22T17:00:10.885
ATTEMPT 220 W0 START 4x2 seed=1020443 2026-07-22T17:00:10.885
ATTEMPT 220 W0 SOLVE 4x2 2026-07-22T17:00:10.893
ATTEMPT 220 W0 DONE 4x2 seed=1020443 nsol=16 0.02s 2026-07-22T17:00:10.910
ATTEMPT 221 W0 START 4x2 seed=1020444 2026-07-22T17:00:10.910
ATTEMPT 221 W0 SOLVE 4x2 2026-07-22T17:00:10.917
ATTEMPT 221 W0 DONE 4x2 seed=1020444 nsol=16 0.01s 2026-07-22T17:00:10.924
ATTEMPT 222 W0 START 4x2 seed=1020445 2026-07-22T17:00:10.924
ATTEMPT 222 W0 SOLVE 4x2 2026-07-22T17:00:10.929
ATTEMPT 222 W0 DONE 4x2 seed=1020445 nsol=16 0.01s 2026-07-22T17:00:10.937
ATTEMPT 223 W0 START 4x2 seed=1020446 2026-07-22T17:00:10.937
ATTEMPT 223 W0 SOLVE 4x2 2026-07-22T17:00:10.943
ATTEMPT 223 W0 DONE 4x2 seed=1020446 nsol=16 0.00s 2026-07-22T17:00:10.947
ATTEMPT 224 W0 START 4x2 seed=1020447 2026-07-22T17:00:10.947
ATTEMPT 224 W0 SOLVE 4x2 2026-07-22T17:00:10.952
ATTEMPT 224 W0 DONE 4x2 seed=1020447 nsol=16 0.00s 2026-07-22T17:00:10.956
ATTEMPT 225 W0 START 4x2 seed=1020448 2026-07-22T17:00:10.957
ATTEMPT 225 W0 SOLVE 4x2 2026-07-22T17:00:10.962
ATTEMPT 225 W0 DONE 4x2 seed=1020448 nsol=16 0.01s 2026-07-22T17:00:10.971
ATTEMPT 226 W0 START 4x2 seed=1020449 2026-07-22T17:00:10.972
ATTEMPT 226 W0 SOLVE 4x2 2026-07-22T17:00:10.977
ATTEMPT 226 W0 DONE 4x2 seed=1020449 nsol=16 0.01s 2026-07-22T17:00:10.984
ATTEMPT 227 W0 START 4x2 seed=1020450 2026-07-22T17:00:10.985
ATTEMPT 227 W0 SOLVE 4x2 2026-07-22T17:00:10.991
ATTEMPT 227 W0 DONE 4x2 seed=1020450 nsol=16 0.00s 2026-07-22T17:00:10.994
ATTEMPT 228 W0 START 4x2 seed=1020451 2026-07-22T17:00:10.995
ATTEMPT 228 W0 SOLVE 4x2 2026-07-22T17:00:11.003
ATTEMPT 228 W0 DONE 4x2 seed=1020451 nsol=16 0.00s 2026-07-22T17:00:11.007
ATTEMPT 229 W0 START 4x2 seed=1020452 2026-07-22T17:00:11.007
ATTEMPT 229 W0 SOLVE 4x2 2026-07-22T17:00:11.015
ATTEMPT 229 W0 DONE 4x2 seed=1020452 nsol=16 0.01s 2026-07-22T17:00:11.026
ATTEMPT 230 W0 START 4x2 seed=1020453 2026-07-22T17:00:11.026
ATTEMPT 230 W0 SOLVE 4x2 2026-07-22T17:00:11.034
ATTEMPT 230 W0 DONE 4x2 seed=1020453 nsol=16 0.01s 2026-07-22T17:00:11.044
ATTEMPT 231 W0 START 4x2 seed=1020454 2026-07-22T17:00:11.044
ATTEMPT 231 W0 SOLVE 4x2 2026-07-22T17:00:11.052
ATTEMPT 231 W0 DONE 4x2 seed=1020454 nsol=16 0.01s 2026-07-22T17:00:11.061
ATTEMPT 232 W0 START 4x2 seed=1020455 2026-07-22T17:00:11.061
ATTEMPT 232 W0 SOLVE 4x2 2026-07-22T17:00:11.067
ATTEMPT 232 W0 DONE 4x2 seed=1020455 nsol=16 0.01s 2026-07-22T17:00:11.078
ATTEMPT 233 W0 START 4x2 seed=1020456 2026-07-22T17:00:11.078
ATTEMPT 233 W0 SOLVE 4x2 2026-07-22T17:00:11.086
ATTEMPT 233 W0 DONE 4x2 seed=1020456 nsol=16 0.01s 2026-07-22T17:00:11.093
ATTEMPT 234 W0 START 4x2 seed=1020457 2026-07-22T17:00:11.094
ATTEMPT 234 W0 SOLVE 4x2 2026-07-22T17:00:11.099
ATTEMPT 234 W0 DONE 4x2 seed=1020457 nsol=16 0.01s 2026-07-22T17:00:11.106
ATTEMPT 235 W0 START 4x2 seed=1020458 2026-07-22T17:00:11.107
ATTEMPT 235 W0 SOLVE 4x2 2026-07-22T17:00:11.112
ATTEMPT 235 W0 DONE 4x2 seed=1020458 nsol=16 0.00s 2026-07-22T17:00:11.116
ATTEMPT 236 W0 START 4x2 seed=1020459 2026-07-22T17:00:11.116
ATTEMPT 236 W0 SOLVE 4x2 2026-07-22T17:00:11.123
ATTEMPT 236 W0 DONE 4x2 seed=1020459 nsol=16 0.01s 2026-07-22T17:00:11.130
ATTEMPT 237 W0 START 4x2 seed=1020460 2026-07-22T17:00:11.130
ATTEMPT 237 W0 SOLVE 4x2 2026-07-22T17:00:11.137
ATTEMPT 237 W0 DONE 4x2 seed=1020460 nsol=16 0.01s 2026-07-22T17:00:11.144
ATTEMPT 238 W0 START 4x2 seed=1020461 2026-07-22T17:00:11.145
ATTEMPT 238 W0 SOLVE 4x2 2026-07-22T17:00:11.153
ATTEMPT 238 W0 DONE 4x2 seed=1020461 nsol=16 0.02s 2026-07-22T17:00:11.168
ATTEMPT 239 W0 START 4x2 seed=1020462 2026-07-22T17:00:11.169
ATTEMPT 239 W0 SOLVE 4x2 2026-07-22T17:00:11.176
ATTEMPT 239 W0 DONE 4x2 seed=1020462 nsol=16 0.01s 2026-07-22T17:00:11.190
ATTEMPT 240 W0 START 4x2 seed=1020463 2026-07-22T17:00:11.191
ATTEMPT 240 W0 SOLVE 4x2 2026-07-22T17:00:11.196
ATTEMPT 240 W0 DONE 4x2 seed=1020463 nsol=16 0.01s 2026-07-22T17:00:11.208
ATTEMPT 241 W0 START 4x2 seed=1020464 2026-07-22T17:00:11.208
ATTEMPT 241 W0 SOLVE 4x2 2026-07-22T17:00:11.213
ATTEMPT 241 W0 DONE 4x2 seed=1020464 nsol=16 0.01s 2026-07-22T17:00:11.222
ATTEMPT 242 W0 START 4x2 seed=1020465 2026-07-22T17:00:11.222
ATTEMPT 242 W0 SOLVE 4x2 2026-07-22T17:00:11.228
ATTEMPT 242 W0 DONE 4x2 seed=1020465 nsol=16 0.01s 2026-07-22T17:00:11.241
ATTEMPT 243 W0 START 4x2 seed=1020466 2026-07-22T17:00:11.241
ATTEMPT 243 W0 SOLVE 4x2 2026-07-22T17:00:11.248
ATTEMPT 243 W0 DONE 4x2 seed=1020466 nsol=16 0.01s 2026-07-22T17:00:11.261
ATTEMPT 244 W0 START 4x2 seed=1020467 2026-07-22T17:00:11.261
ATTEMPT 244 W0 SOLVE 4x2 2026-07-22T17:00:11.269
ATTEMPT 244 W0 DONE 4x2 seed=1020467 nsol=16 0.01s 2026-07-22T17:00:11.278
ATTEMPT 245 W0 START 4x2 seed=1020468 2026-07-22T17:00:11.278
ATTEMPT 245 W0 SOLVE 4x2 2026-07-22T17:00:11.286
ATTEMPT 245 W0 DONE 4x2 seed=1020468 nsol=16 0.01s 2026-07-22T17:00:11.301
ATTEMPT 246 W0 START 4x2 seed=1020469 2026-07-22T17:00:11.301
ATTEMPT 246 W0 SOLVE 4x2 2026-07-22T17:00:11.309
ATTEMPT 246 W0 DONE 4x2 seed=1020469 nsol=16 0.01s 2026-07-22T17:00:11.321
ATTEMPT 247 W0 START 4x2 seed=1020470 2026-07-22T17:00:11.321
ATTEMPT 247 W0 SOLVE 4x2 2026-07-22T17:00:11.326
ATTEMPT 247 W0 DONE 4x2 seed=1020470 nsol=16 0.01s 2026-07-22T17:00:11.334
ATTEMPT 248 W0 START 4x2 seed=1020471 2026-07-22T17:00:11.334
ATTEMPT 248 W0 SOLVE 4x2 2026-07-22T17:00:11.341
ATTEMPT 248 W0 DONE 4x2 seed=1020471 nsol=16 0.06s 2026-07-22T17:00:11.404
ATTEMPT 249 W0 START 4x2 seed=1020472 2026-07-22T17:00:11.404
ATTEMPT 249 W0 SOLVE 4x2 2026-07-22T17:00:11.409
ATTEMPT 249 W0 DONE 4x2 seed=1020472 nsol=16 0.01s 2026-07-22T17:00:11.416
ATTEMPT 250 W0 START 4x2 seed=1020473 2026-07-22T17:00:11.416
ATTEMPT 250 W0 SOLVE 4x2 2026-07-22T17:00:11.423
ATTEMPT 250 W0 DONE 4x2 seed=1020473 nsol=16 0.00s 2026-07-22T17:00:11.428
ATTEMPT 251 W0 START 4x2 seed=1020474 2026-07-22T17:00:11.428
ATTEMPT 251 W0 SOLVE 4x2 2026-07-22T17:00:11.434
ATTEMPT 251 W0 DONE 4x2 seed=1020474 nsol=16 0.02s 2026-07-22T17:00:11.450
ATTEMPT 252 W0 START 4x2 seed=1020475 2026-07-22T17:00:11.450
ATTEMPT 252 W0 SOLVE 4x2 2026-07-22T17:00:11.456
ATTEMPT 252 W0 DONE 4x2 seed=1020475 nsol=16 0.01s 2026-07-22T17:00:11.462
ATTEMPT 253 W0 START 4x2 seed=1020476 2026-07-22T17:00:11.462
ATTEMPT 253 W0 SOLVE 4x2 2026-07-22T17:00:11.468
ATTEMPT 253 W0 DONE 4x2 seed=1020476 nsol=16 0.00s 2026-07-22T17:00:11.471
ATTEMPT 254 W0 START 4x2 seed=1020477 2026-07-22T17:00:11.471
ATTEMPT 254 W0 SOLVE 4x2 2026-07-22T17:00:11.477
ATTEMPT 254 W0 DONE 4x2 seed=1020477 nsol=16 0.01s 2026-07-22T17:00:11.490
ATTEMPT 255 W0 START 4x2 seed=1020478 2026-07-22T17:00:11.490
ATTEMPT 255 W0 SOLVE 4x2 2026-07-22T17:00:11.496
ATTEMPT 255 W0 DONE 4x2 seed=1020478 nsol=16 0.01s 2026-07-22T17:00:11.503
ATTEMPT 256 W0 START 4x2 seed=1020479 2026-07-22T17:00:11.503
ATTEMPT 256 W0 SOLVE 4x2 2026-07-22T17:00:11.509
ATTEMPT 256 W0 DONE 4x2 seed=1020479 nsol=16 0.01s 2026-07-22T17:00:11.518
ATTEMPT 257 W0 START 4x2 seed=1020480 2026-07-22T17:00:11.518
ATTEMPT 257 W0 SOLVE 4x2 2026-07-22T17:00:11.524
ATTEMPT 257 W0 DONE 4x2 seed=1020480 nsol=16 0.01s 2026-07-22T17:00:11.529
ATTEMPT 258 W0 START 4x2 seed=1020481 2026-07-22T17:00:11.530
ATTEMPT 258 W0 SOLVE 4x2 2026-07-22T17:00:11.536
ATTEMPT 258 W0 DONE 4x2 seed=1020481 nsol=16 0.01s 2026-07-22T17:00:11.550
ATTEMPT 259 W0 START 4x2 seed=1020482 2026-07-22T17:00:11.550
ATTEMPT 259 W0 SOLVE 4x2 2026-07-22T17:00:11.556
ATTEMPT 259 W0 DONE 4x2 seed=1020482 nsol=16 0.01s 2026-07-22T17:00:11.569
ATTEMPT 260 W0 START 4x2 seed=1020483 2026-07-22T17:00:11.570
ATTEMPT 260 W0 SOLVE 4x2 2026-07-22T17:00:11.576
ATTEMPT 260 W0 DONE 4x2 seed=1020483 nsol=16 0.00s 2026-07-22T17:00:11.580
ATTEMPT 261 W0 START 4x2 seed=1020484 2026-07-22T17:00:11.580
ATTEMPT 261 W0 SOLVE 4x2 2026-07-22T17:00:11.585
ATTEMPT 261 W0 DONE 4x2 seed=1020484 nsol=16 0.01s 2026-07-22T17:00:11.593
ATTEMPT 262 W0 START 4x2 seed=1020485 2026-07-22T17:00:11.593
ATTEMPT 262 W0 SOLVE 4x2 2026-07-22T17:00:11.598
ATTEMPT 262 W0 DONE 4x2 seed=1020485 nsol=16 0.01s 2026-07-22T17:00:11.607
ATTEMPT 263 W0 START 4x2 seed=1020486 2026-07-22T17:00:11.607
ATTEMPT 263 W0 SOLVE 4x2 2026-07-22T17:00:11.615
ATTEMPT 263 W0 DONE 4x2 seed=1020486 nsol=16 0.02s 2026-07-22T17:00:11.636
ATTEMPT 264 W0 START 4x2 seed=1020487 2026-07-22T17:00:11.637
ATTEMPT 264 W0 SOLVE 4x2 2026-07-22T17:00:11.643
ATTEMPT 264 W0 DONE 4x2 seed=1020487 nsol=16 0.01s 2026-07-22T17:00:11.652
ATTEMPT 265 W0 START 4x2 seed=1020488 2026-07-22T17:00:11.652
ATTEMPT 265 W0 SOLVE 4x2 2026-07-22T17:00:11.659
ATTEMPT 265 W0 DONE 4x2 seed=1020488 nsol=16 0.01s 2026-07-22T17:00:11.666
ATTEMPT 266 W0 START 4x2 seed=1020489 2026-07-22T17:00:11.666
ATTEMPT 266 W0 SOLVE 4x2 2026-07-22T17:00:11.672
ATTEMPT 266 W0 DONE 4x2 seed=1020489 nsol=16 0.02s 2026-07-22T17:00:11.689
ATTEMPT 267 W0 START 4x2 seed=1020490 2026-07-22T17:00:11.690
ATTEMPT 267 W0 SOLVE 4x2 2026-07-22T17:00:11.697
ATTEMPT 267 W0 DONE 4x2 seed=1020490 nsol=16 0.01s 2026-07-22T17:00:11.702
ATTEMPT 268 W0 START 4x2 seed=1020491 2026-07-22T17:00:11.703
ATTEMPT 268 W0 SOLVE 4x2 2026-07-22T17:00:11.709
ATTEMPT 268 W0 DONE 4x2 seed=1020491 nsol=16 0.01s 2026-07-22T17:00:11.721
ATTEMPT 269 W0 START 4x2 seed=1020492 2026-07-22T17:00:11.722
ATTEMPT 269 W0 SOLVE 4x2 2026-07-22T17:00:11.729
ATTEMPT 269 W0 DONE 4x2 seed=1020492 nsol=16 0.01s 2026-07-22T17:00:11.736
ATTEMPT 270 W0 START 4x2 seed=1020493 2026-07-22T17:00:11.736
ATTEMPT 270 W0 SOLVE 4x2 2026-07-22T17:00:11.742
ATTEMPT 270 W0 DONE 4x2 seed=1020493 nsol=16 0.01s 2026-07-22T17:00:11.750
ATTEMPT 271 W0 START 4x2 seed=1020494 2026-07-22T17:00:11.750
ATTEMPT 271 W0 SOLVE 4x2 2026-07-22T17:00:11.756
ATTEMPT 271 W0 DONE 4x2 seed=1020494 nsol=16 0.01s 2026-07-22T17:00:11.769
ATTEMPT 272 W0 START 4x2 seed=1020495 2026-07-22T17:00:11.769
ATTEMPT 272 W0 SOLVE 4x2 2026-07-22T17:00:11.776
ATTEMPT 272 W0 DONE 4x2 seed=1020495 nsol=16 0.00s 2026-07-22T17:00:11.779
ATTEMPT 273 W0 START 4x2 seed=1020496 2026-07-22T17:00:11.780
ATTEMPT 273 W0 SOLVE 4x2 2026-07-22T17:00:11.785
ATTEMPT 273 W0 DONE 4x2 seed=1020496 nsol=16 0.01s 2026-07-22T17:00:11.798
ATTEMPT 274 W0 START 4x2 seed=1020497 2026-07-22T17:00:11.798
ATTEMPT 274 W0 SOLVE 4x2 2026-07-22T17:00:11.804
ATTEMPT 274 W0 DONE 4x2 seed=1020497 nsol=16 0.01s 2026-07-22T17:00:11.816
ATTEMPT 275 W0 START 4x2 seed=1020498 2026-07-22T17:00:11.816
ATTEMPT 275 W0 SOLVE 4x2 2026-07-22T17:00:11.822
ATTEMPT 275 W0 DONE 4x2 seed=1020498 nsol=16 0.01s 2026-07-22T17:00:11.830
ATTEMPT 276 W0 START 4x2 seed=1020499 2026-07-22T17:00:11.830
ATTEMPT 276 W0 SOLVE 4x2 2026-07-22T17:00:11.835
ATTEMPT 276 W0 DONE 4x2 seed=1020499 nsol=16 0.01s 2026-07-22T17:00:11.842
ATTEMPT 277 W0 START 4x2 seed=1020500 2026-07-22T17:00:11.842
ATTEMPT 277 W0 SOLVE 4x2 2026-07-22T17:00:11.850
ATTEMPT 277 W0 DONE 4x2 seed=1020500 nsol=16 0.01s 2026-07-22T17:00:11.858
ATTEMPT 278 W0 START 4x2 seed=1020501 2026-07-22T17:00:11.859
ATTEMPT 278 W0 SOLVE 4x2 2026-07-22T17:00:11.868
ATTEMPT 278 W0 DONE 4x2 seed=1020501 nsol=16 0.01s 2026-07-22T17:00:11.882
ATTEMPT 279 W0 START 4x2 seed=1020502 2026-07-22T17:00:11.882
ATTEMPT 279 W0 SOLVE 4x2 2026-07-22T17:00:11.893
ATTEMPT 279 W0 DONE 4x2 seed=1020502 nsol=16 0.24s 2026-07-22T17:00:12.137
ATTEMPT 280 W0 START 4x2 seed=1020503 2026-07-22T17:00:12.138
ATTEMPT 280 W0 SOLVE 4x2 2026-07-22T17:00:12.146
ATTEMPT 280 W0 DONE 4x2 seed=1020503 nsol=16 0.01s 2026-07-22T17:00:12.152
ATTEMPT 281 W0 START 4x2 seed=1020504 2026-07-22T17:00:12.152
ATTEMPT 281 W0 SOLVE 4x2 2026-07-22T17:00:12.160
ATTEMPT 281 W0 DONE 4x2 seed=1020504 nsol=16 0.02s 2026-07-22T17:00:12.177
ATTEMPT 282 W0 START 4x2 seed=1020505 2026-07-22T17:00:12.177
ATTEMPT 282 W0 SOLVE 4x2 2026-07-22T17:00:12.183
ATTEMPT 282 W0 DONE 4x2 seed=1020505 nsol=16 0.02s 2026-07-22T17:00:12.200
ATTEMPT 283 W0 START 4x2 seed=1020506 2026-07-22T17:00:12.201
ATTEMPT 283 W0 SOLVE 4x2 2026-07-22T17:00:12.207
ATTEMPT 283 W0 DONE 4x2 seed=1020506 nsol=16 0.02s 2026-07-22T17:00:12.227
ATTEMPT 284 W0 START 4x2 seed=1020507 2026-07-22T17:00:12.227
ATTEMPT 284 W0 SOLVE 4x2 2026-07-22T17:00:12.244
ATTEMPT 284 W0 DONE 4x2 seed=1020507 nsol=16 0.02s 2026-07-22T17:00:12.270
ATTEMPT 285 W0 START 4x2 seed=1020508 2026-07-22T17:00:12.270
ATTEMPT 285 W0 SOLVE 4x2 2026-07-22T17:00:12.281
ATTEMPT 285 W0 DONE 4x2 seed=1020508 nsol=16 0.01s 2026-07-22T17:00:12.293
ATTEMPT 286 W0 START 4x2 seed=1020509 2026-07-22T17:00:12.293
ATTEMPT 286 W0 SOLVE 4x2 2026-07-22T17:00:12.308
ATTEMPT 286 W0 DONE 4x2 seed=1020509 nsol=16 0.02s 2026-07-22T17:00:12.330
ATTEMPT 287 W0 START 4x2 seed=1020510 2026-07-22T17:00:12.331
ATTEMPT 287 W0 SOLVE 4x2 2026-07-22T17:00:12.337
ATTEMPT 287 W0 DONE 4x2 seed=1020510 nsol=16 0.01s 2026-07-22T17:00:12.358
ATTEMPT 288 W0 START 4x2 seed=1020511 2026-07-22T17:00:12.359
ATTEMPT 288 W0 SOLVE 4x2 2026-07-22T17:00:12.371
ATTEMPT 288 W0 DONE 4x2 seed=1020511 nsol=16 0.02s 2026-07-22T17:00:12.390
ATTEMPT 289 W0 START 4x2 seed=1020512 2026-07-22T17:00:12.390
ATTEMPT 289 W0 SOLVE 4x2 2026-07-22T17:00:12.401
ATTEMPT 289 W0 DONE 4x2 seed=1020512 nsol=16 0.02s 2026-07-22T17:00:12.422
ATTEMPT 290 W0 START 4x2 seed=1020513 2026-07-22T17:00:12.422
ATTEMPT 290 W0 SOLVE 4x2 2026-07-22T17:00:12.433
ATTEMPT 290 W0 DONE 4x2 seed=1020513 nsol=16 0.01s 2026-07-22T17:00:12.450
ATTEMPT 291 W0 START 4x2 seed=1020514 2026-07-22T17:00:12.451
ATTEMPT 291 W0 SOLVE 4x2 2026-07-22T17:00:12.464
ATTEMPT 291 W0 DONE 4x2 seed=1020514 nsol=16 0.01s 2026-07-22T17:00:12.480
ATTEMPT 292 W0 START 4x2 seed=1020515 2026-07-22T17:00:12.480
ATTEMPT 292 W0 SOLVE 4x2 2026-07-22T17:00:12.499
ATTEMPT 292 W0 DONE 4x2 seed=1020515 nsol=16 0.01s 2026-07-22T17:00:12.506
ATTEMPT 293 W0 START 4x2 seed=1020516 2026-07-22T17:00:12.506
ATTEMPT 293 W0 SOLVE 4x2 2026-07-22T17:00:12.518
ATTEMPT 293 W0 DONE 4x2 seed=1020516 nsol=16 0.01s 2026-07-22T17:00:12.530
ATTEMPT 294 W0 START 4x2 seed=1020517 2026-07-22T17:00:12.531
ATTEMPT 294 W0 SOLVE 4x2 2026-07-22T17:00:12.537
ATTEMPT 294 W0 DONE 4x2 seed=1020517 nsol=16 0.01s 2026-07-22T17:00:12.554
ATTEMPT 295 W0 START 4x2 seed=1020518 2026-07-22T17:00:12.554
ATTEMPT 295 W0 SOLVE 4x2 2026-07-22T17:00:12.561
ATTEMPT 295 W0 DONE 4x2 seed=1020518 nsol=16 0.02s 2026-07-22T17:00:12.586
ATTEMPT 296 W0 START 4x2 seed=1020519 2026-07-22T17:00:12.587
ATTEMPT 296 W0 SOLVE 4x2 2026-07-22T17:00:12.593
ATTEMPT 296 W0 DONE 4x2 seed=1020519 nsol=16 0.01s 2026-07-22T17:00:12.601
ATTEMPT 297 W0 START 4x2 seed=1020520 2026-07-22T17:00:12.602
ATTEMPT 297 W0 SOLVE 4x2 2026-07-22T17:00:12.608
ATTEMPT 297 W0 DONE 4x2 seed=1020520 nsol=16 0.01s 2026-07-22T17:00:12.622
ATTEMPT 298 W0 START 4x2 seed=1020521 2026-07-22T17:00:12.622
ATTEMPT 298 W0 SOLVE 4x2 2026-07-22T17:00:12.629
ATTEMPT 298 W0 DONE 4x2 seed=1020521 nsol=16 0.01s 2026-07-22T17:00:12.643
ATTEMPT 299 W0 START 4x2 seed=1020522 2026-07-22T17:00:12.644
ATTEMPT 299 W0 SOLVE 4x2 2026-07-22T17:00:12.651
ATTEMPT 299 W0 DONE 4x2 seed=1020522 nsol=16 0.02s 2026-07-22T17:00:12.666
ATTEMPT 300 W0 START 4x2 seed=1020523 2026-07-22T17:00:12.666
ATTEMPT 300 W0 SOLVE 4x2 2026-07-22T17:00:12.672
ATTEMPT 300 W0 DONE 4x2 seed=1020523 nsol=16 0.00s 2026-07-22T17:00:12.686
ATTEMPT 301 W0 START 4x2 seed=1020524 2026-07-22T17:00:12.686
ATTEMPT 301 W0 SOLVE 4x2 2026-07-22T17:00:12.701
ATTEMPT 301 W0 DONE 4x2 seed=1020524 nsol=16 0.02s 2026-07-22T17:00:12.726
ATTEMPT 302 W0 START 4x2 seed=1020525 2026-07-22T17:00:12.726
ATTEMPT 302 W0 SOLVE 4x2 2026-07-22T17:00:12.735
ATTEMPT 302 W0 DONE 4x2 seed=1020525 nsol=16 0.02s 2026-07-22T17:00:12.758
ATTEMPT 303 W0 START 4x2 seed=1020526 2026-07-22T17:00:12.759
ATTEMPT 303 W0 SOLVE 4x2 2026-07-22T17:00:12.768
ATTEMPT 303 W0 DONE 4x2 seed=1020526 nsol=16 0.01s 2026-07-22T17:00:12.782
ATTEMPT 304 W0 START 4x2 seed=1020527 2026-07-22T17:00:12.782
ATTEMPT 304 W0 SOLVE 4x2 2026-07-22T17:00:12.793
ATTEMPT 304 W0 DONE 4x2 seed=1020527 nsol=16 0.01s 2026-07-22T17:00:12.808
ATTEMPT 305 W0 START 4x2 seed=1020528 2026-07-22T17:00:12.808
ATTEMPT 305 W0 SOLVE 4x2 2026-07-22T17:00:12.823
ATTEMPT 305 W0 DONE 4x2 seed=1020528 nsol=16 0.03s 2026-07-22T17:00:12.854
ATTEMPT 306 W0 START 4x2 seed=1020529 2026-07-22T17:00:12.854
ATTEMPT 306 W0 SOLVE 4x2 2026-07-22T17:00:12.860
ATTEMPT 306 W0 DONE 4x2 seed=1020529 nsol=16 0.03s 2026-07-22T17:00:12.890
ATTEMPT 307 W0 START 4x2 seed=1020530 2026-07-22T17:00:12.891
ATTEMPT 307 W0 SOLVE 4x2 2026-07-22T17:00:12.900
ATTEMPT 307 W0 DONE 4x2 seed=1020530 nsol=16 0.01s 2026-07-22T17:00:12.910
ATTEMPT 308 W0 START 4x2 seed=1020531 2026-07-22T17:00:12.911
ATTEMPT 308 W0 SOLVE 4x2 2026-07-22T17:00:12.920
ATTEMPT 308 W0 DONE 4x2 seed=1020531 nsol=16 0.02s 2026-07-22T17:00:12.938
ATTEMPT 309 W0 START 4x2 seed=1020532 2026-07-22T17:00:12.938
ATTEMPT 309 W0 SOLVE 4x2 2026-07-22T17:00:12.943
ATTEMPT 309 W0 DONE 4x2 seed=1020532 nsol=16 0.01s 2026-07-22T17:00:12.958
ATTEMPT 310 W0 START 4x2 seed=1020533 2026-07-22T17:00:12.958
ATTEMPT 310 W0 SOLVE 4x2 2026-07-22T17:00:12.965
ATTEMPT 310 W0 DONE 4x2 seed=1020533 nsol=16 0.02s 2026-07-22T17:00:12.989
ATTEMPT 311 W0 START 4x2 seed=1020534 2026-07-22T17:00:12.990
ATTEMPT 311 W0 SOLVE 4x2 2026-07-22T17:00:13.003
ATTEMPT 311 W0 DONE 4x2 seed=1020534 nsol=16 0.01s 2026-07-22T17:00:13.010
ATTEMPT 312 W0 START 4x2 seed=1020535 2026-07-22T17:00:13.011
ATTEMPT 312 W0 SOLVE 4x2 2026-07-22T17:00:13.022
ATTEMPT 312 W0 DONE 4x2 seed=1020535 nsol=16 0.02s 2026-07-22T17:00:13.051
ATTEMPT 313 W0 START 4x2 seed=1020536 2026-07-22T17:00:13.051
ATTEMPT 313 W0 SOLVE 4x2 2026-07-22T17:00:13.060
ATTEMPT 313 W0 DONE 4x2 seed=1020536 nsol=16 0.01s 2026-07-22T17:00:13.070
ATTEMPT 314 W0 START 4x2 seed=1020537 2026-07-22T17:00:13.071
ATTEMPT 314 W0 SOLVE 4x2 2026-07-22T17:00:13.081
ATTEMPT 314 W0 DONE 4x2 seed=1020537 nsol=16 0.01s 2026-07-22T17:00:13.091
ATTEMPT 315 W0 START 4x2 seed=1020538 2026-07-22T17:00:13.092
ATTEMPT 315 W0 SOLVE 4x2 2026-07-22T17:00:13.101
ATTEMPT 315 W0 DONE 4x2 seed=1020538 nsol=16 0.01s 2026-07-22T17:00:13.118
ATTEMPT 316 W0 START 4x2 seed=1020539 2026-07-22T17:00:13.118
ATTEMPT 316 W0 SOLVE 4x2 2026-07-22T17:00:13.130
ATTEMPT 316 W0 DONE 4x2 seed=1020539 nsol=16 0.00s 2026-07-22T17:00:13.134
ATTEMPT 317 W0 START 4x2 seed=1020540 2026-07-22T17:00:13.134
ATTEMPT 317 W0 SOLVE 4x2 2026-07-22T17:00:13.144
ATTEMPT 317 W0 DONE 4x2 seed=1020540 nsol=16 0.01s 2026-07-22T17:00:13.161
ATTEMPT 318 W0 START 4x2 seed=1020541 2026-07-22T17:00:13.161
ATTEMPT 318 W0 SOLVE 4x2 2026-07-22T17:00:13.176
ATTEMPT 318 W0 DONE 4x2 seed=1020541 nsol=16 0.01s 2026-07-22T17:00:13.186
ATTEMPT 319 W0 START 4x2 seed=1020542 2026-07-22T17:00:13.186
ATTEMPT 319 W0 SOLVE 4x2 2026-07-22T17:00:13.192
ATTEMPT 319 W0 DONE 4x2 seed=1020542 nsol=16 0.01s 2026-07-22T17:00:13.206
ATTEMPT 320 W0 START 4x2 seed=1020543 2026-07-22T17:00:13.206
ATTEMPT 320 W0 SOLVE 4x2 2026-07-22T17:00:13.216
ATTEMPT 320 W0 DONE 4x2 seed=1020543 nsol=16 0.02s 2026-07-22T17:00:13.234
ATTEMPT 321 W0 START 4x2 seed=1020544 2026-07-22T17:00:13.234
ATTEMPT 321 W0 SOLVE 4x2 2026-07-22T17:00:13.239
ATTEMPT 321 W0 DONE 4x2 seed=1020544 nsol=16 0.02s 2026-07-22T17:00:13.259
ATTEMPT 322 W0 START 4x2 seed=1020545 2026-07-22T17:00:13.259
ATTEMPT 322 W0 SOLVE 4x2 2026-07-22T17:00:13.266
ATTEMPT 322 W0 DONE 4x2 seed=1020545 nsol=16 0.02s 2026-07-22T17:00:13.282
ATTEMPT 323 W0 START 4x2 seed=1020546 2026-07-22T17:00:13.282
ATTEMPT 323 W0 SOLVE 4x2 2026-07-22T17:00:13.290
ATTEMPT 323 W0 DONE 4x2 seed=1020546 nsol=16 0.01s 2026-07-22T17:00:13.298
ATTEMPT 324 W0 START 4x2 seed=1020547 2026-07-22T17:00:13.298
ATTEMPT 324 W0 SOLVE 4x2 2026-07-22T17:00:13.305
ATTEMPT 324 W0 DONE 4x2 seed=1020547 nsol=16 0.02s 2026-07-22T17:00:13.326
ATTEMPT 325 W0 START 4x2 seed=1020548 2026-07-22T17:00:13.326
ATTEMPT 325 W0 SOLVE 4x2 2026-07-22T17:00:13.334
ATTEMPT 325 W0 DONE 4x2 seed=1020548 nsol=16 0.02s 2026-07-22T17:00:13.350
ATTEMPT 326 W0 START 4x2 seed=1020549 2026-07-22T17:00:13.350
ATTEMPT 326 W0 SOLVE 4x2 2026-07-22T17:00:13.357
ATTEMPT 326 W0 DONE 4x2 seed=1020549 nsol=16 0.02s 2026-07-22T17:00:13.378
ATTEMPT 327 W0 START 4x2 seed=1020550 2026-07-22T17:00:13.378
ATTEMPT 327 W0 SOLVE 4x2 2026-07-22T17:00:13.384
ATTEMPT 327 W0 DONE 4x2 seed=1020550 nsol=16 0.01s 2026-07-22T17:00:13.398
ATTEMPT 328 W0 START 4x2 seed=1020551 2026-07-22T17:00:13.398
ATTEMPT 328 W0 SOLVE 4x2 2026-07-22T17:00:13.403
ATTEMPT 328 W0 DONE 4x2 seed=1020551 nsol=16 0.01s 2026-07-22T17:00:13.417
ATTEMPT 329 W0 START 4x2 seed=1020552 2026-07-22T17:00:13.417
ATTEMPT 329 W0 SOLVE 4x2 2026-07-22T17:00:13.423
ATTEMPT 329 W0 DONE 4x2 seed=1020552 nsol=16 0.02s 2026-07-22T17:00:13.443
ATTEMPT 330 W0 START 4x2 seed=1020553 2026-07-22T17:00:13.444
ATTEMPT 330 W0 SOLVE 4x2 2026-07-22T17:00:13.450
ATTEMPT 330 W0 DONE 4x2 seed=1020553 nsol=16 0.01s 2026-07-22T17:00:13.461
ATTEMPT 331 W0 START 4x2 seed=1020554 2026-07-22T17:00:13.461
ATTEMPT 331 W0 SOLVE 4x2 2026-07-22T17:00:13.471
ATTEMPT 331 W0 DONE 4x2 seed=1020554 nsol=16 0.01s 2026-07-22T17:00:13.478
ATTEMPT 332 W0 START 4x2 seed=1020555 2026-07-22T17:00:13.479
ATTEMPT 332 W0 SOLVE 4x2 2026-07-22T17:00:13.488
ATTEMPT 332 W0 DONE 4x2 seed=1020555 nsol=16 0.01s 2026-07-22T17:00:13.499
ATTEMPT 333 W0 START 4x2 seed=1020556 2026-07-22T17:00:13.499
ATTEMPT 333 W0 SOLVE 4x2 2026-07-22T17:00:13.509
ATTEMPT 333 W0 DONE 4x2 seed=1020556 nsol=16 0.02s 2026-07-22T17:00:13.531
ATTEMPT 334 W0 START 4x2 seed=1020557 2026-07-22T17:00:13.531
ATTEMPT 334 W0 SOLVE 4x2 2026-07-22T17:00:13.541
ATTEMPT 334 W0 DONE 4x2 seed=1020557 nsol=16 0.01s 2026-07-22T17:00:13.554
ATTEMPT 335 W0 START 4x2 seed=1020558 2026-07-22T17:00:13.554
ATTEMPT 335 W0 SOLVE 4x2 2026-07-22T17:00:13.563
ATTEMPT 335 W0 DONE 4x2 seed=1020558 nsol=16 0.01s 2026-07-22T17:00:13.574
ATTEMPT 336 W0 START 4x2 seed=1020559 2026-07-22T17:00:13.575
ATTEMPT 336 W0 SOLVE 4x2 2026-07-22T17:00:13.584
ATTEMPT 336 W0 DONE 4x2 seed=1020559 nsol=16 0.01s 2026-07-22T17:00:13.593
ATTEMPT 337 W0 START 4x2 seed=1020560 2026-07-22T17:00:13.594
ATTEMPT 337 W0 SOLVE 4x2 2026-07-22T17:00:13.603
ATTEMPT 337 W0 DONE 4x2 seed=1020560 nsol=16 0.01s 2026-07-22T17:00:13.618
ATTEMPT 338 W0 START 4x2 seed=1020561 2026-07-22T17:00:13.618
ATTEMPT 338 W0 SOLVE 4x2 2026-07-22T17:00:13.638
ATTEMPT 338 W0 DONE 4x2 seed=1020561 nsol=16 0.02s 2026-07-22T17:00:13.654
ATTEMPT 339 W0 START 4x2 seed=1020562 2026-07-22T17:00:13.654
ATTEMPT 339 W0 SOLVE 4x2 2026-07-22T17:00:13.660
ATTEMPT 339 W0 DONE 4x2 seed=1020562 nsol=16 0.01s 2026-07-22T17:00:13.674
ATTEMPT 340 W0 START 4x2 seed=1020563 2026-07-22T17:00:13.674
ATTEMPT 340 W0 SOLVE 4x2 2026-07-22T17:00:13.679
ATTEMPT 340 W0 DONE 4x2 seed=1020563 nsol=16 0.02s 2026-07-22T17:00:13.695
ATTEMPT 341 W0 START 4x2 seed=1020564 2026-07-22T17:00:13.695
ATTEMPT 341 W0 SOLVE 4x2 2026-07-22T17:00:13.701
ATTEMPT 341 W0 DONE 4x2 seed=1020564 nsol=16 0.01s 2026-07-22T17:00:13.710
ATTEMPT 342 W0 START 4x2 seed=1020565 2026-07-22T17:00:13.710
ATTEMPT 342 W0 SOLVE 4x2 2026-07-22T17:00:13.715
ATTEMPT 342 W0 DONE 4x2 seed=1020565 nsol=16 0.01s 2026-07-22T17:00:13.722
ATTEMPT 343 W0 START 4x2 seed=1020566 2026-07-22T17:00:13.722
ATTEMPT 343 W0 SOLVE 4x2 2026-07-22T17:00:13.729
ATTEMPT 343 W0 DONE 4x2 seed=1020566 nsol=16 0.00s 2026-07-22T17:00:13.733
ATTEMPT 344 W0 START 4x2 seed=1020567 2026-07-22T17:00:13.733
ATTEMPT 344 W0 SOLVE 4x2 2026-07-22T17:00:13.740
ATTEMPT 344 W0 DONE 4x2 seed=1020567 nsol=16 0.01s 2026-07-22T17:00:13.754
ATTEMPT 345 W0 START 4x2 seed=1020568 2026-07-22T17:00:13.754
ATTEMPT 345 W0 SOLVE 4x2 2026-07-22T17:00:13.762
ATTEMPT 345 W0 DONE 4x2 seed=1020568 nsol=16 0.01s 2026-07-22T17:00:13.769
ATTEMPT 346 W0 START 4x2 seed=1020569 2026-07-22T17:00:13.769
ATTEMPT 346 W0 SOLVE 4x2 2026-07-22T17:00:13.775
ATTEMPT 346 W0 DONE 4x2 seed=1020569 nsol=16 0.01s 2026-07-22T17:00:13.782
ATTEMPT 347 W0 START 4x2 seed=1020570 2026-07-22T17:00:13.782
ATTEMPT 347 W0 SOLVE 4x2 2026-07-22T17:00:13.790
ATTEMPT 347 W0 DONE 4x2 seed=1020570 nsol=16 0.01s 2026-07-22T17:00:13.798
ATTEMPT 348 W0 START 4x2 seed=1020571 2026-07-22T17:00:13.798
ATTEMPT 348 W0 SOLVE 4x2 2026-07-22T17:00:13.804
ATTEMPT 348 W0 DONE 4x2 seed=1020571 nsol=16 0.02s 2026-07-22T17:00:13.819
ATTEMPT 349 W0 START 4x2 seed=1020572 2026-07-22T17:00:13.820
ATTEMPT 349 W0 SOLVE 4x2 2026-07-22T17:00:13.830
ATTEMPT 349 W0 DONE 4x2 seed=1020572 nsol=16 0.01s 2026-07-22T17:00:13.844
ATTEMPT 350 W0 START 4x2 seed=1020573 2026-07-22T17:00:13.845
ATTEMPT 350 W0 SOLVE 4x2 2026-07-22T17:00:13.854
ATTEMPT 350 W0 DONE 4x2 seed=1020573 nsol=16 0.01s 2026-07-22T17:00:13.862
ATTEMPT 351 W0 START 4x2 seed=1020574 2026-07-22T17:00:13.862
ATTEMPT 351 W0 SOLVE 4x2 2026-07-22T17:00:13.870
ATTEMPT 351 W0 DONE 4x2 seed=1020574 nsol=16 0.07s 2026-07-22T17:00:13.938
ATTEMPT 352 W0 START 4x2 seed=1020575 2026-07-22T17:00:13.938
ATTEMPT 352 W0 SOLVE 4x2 2026-07-22T17:00:13.944
ATTEMPT 352 W0 DONE 4x2 seed=1020575 nsol=16 0.01s 2026-07-22T17:00:13.958
ATTEMPT 353 W0 START 4x2 seed=1020576 2026-07-22T17:00:13.958
ATTEMPT 353 W0 SOLVE 4x2 2026-07-22T17:00:13.964
ATTEMPT 353 W0 DONE 4x2 seed=1020576 nsol=16 0.01s 2026-07-22T17:00:13.976
ATTEMPT 354 W0 START 4x2 seed=1020577 2026-07-22T17:00:13.977
ATTEMPT 354 W0 SOLVE 4x2 2026-07-22T17:00:13.985
ATTEMPT 354 W0 DONE 4x2 seed=1020577 nsol=16 0.01s 2026-07-22T17:00:13.995
ATTEMPT 355 W0 START 4x2 seed=1020578 2026-07-22T17:00:13.995
ATTEMPT 355 W0 SOLVE 4x2 2026-07-22T17:00:14.004
ATTEMPT 355 W0 DONE 4x2 seed=1020578 nsol=16 0.01s 2026-07-22T17:00:14.019
ATTEMPT 356 W0 START 4x2 seed=1020579 2026-07-22T17:00:14.019
ATTEMPT 356 W0 SOLVE 4x2 2026-07-22T17:00:14.028
ATTEMPT 356 W0 DONE 4x2 seed=1020579 nsol=16 0.01s 2026-07-22T17:00:14.037
ATTEMPT 357 W0 START 4x2 seed=1020580 2026-07-22T17:00:14.037
ATTEMPT 357 W0 SOLVE 4x2 2026-07-22T17:00:14.047
ATTEMPT 357 W0 DONE 4x2 seed=1020580 nsol=16 0.02s 2026-07-22T17:00:14.066
ATTEMPT 358 W0 START 4x2 seed=1020581 2026-07-22T17:00:14.067
ATTEMPT 358 W0 SOLVE 4x2 2026-07-22T17:00:14.073
ATTEMPT 358 W0 DONE 4x2 seed=1020581 nsol=16 0.00s 2026-07-22T17:00:14.078
ATTEMPT 359 W0 START 4x2 seed=1020582 2026-07-22T17:00:14.078
ATTEMPT 359 W0 SOLVE 4x2 2026-07-22T17:00:14.083
ATTEMPT 359 W0 DONE 4x2 seed=1020582 nsol=16 0.01s 2026-07-22T17:00:14.094
ATTEMPT 360 W0 START 4x2 seed=1020583 2026-07-22T17:00:14.094
ATTEMPT 360 W0 SOLVE 4x2 2026-07-22T17:00:14.100
ATTEMPT 360 W0 DONE 4x2 seed=1020583 nsol=16 0.02s 2026-07-22T17:00:14.118
ATTEMPT 361 W0 START 4x2 seed=1020584 2026-07-22T17:00:14.119
ATTEMPT 361 W0 SOLVE 4x2 2026-07-22T17:00:14.129
ATTEMPT 361 W0 DONE 4x2 seed=1020584 nsol=16 0.00s 2026-07-22T17:00:14.139
ATTEMPT 362 W0 START 4x2 seed=1020585 2026-07-22T17:00:14.139
ATTEMPT 362 W0 SOLVE 4x2 2026-07-22T17:00:14.149
ATTEMPT 362 W0 DONE 4x2 seed=1020585 nsol=16 0.01s 2026-07-22T17:00:14.162
ATTEMPT 363 W0 START 4x2 seed=1020586 2026-07-22T17:00:14.162
ATTEMPT 363 W0 SOLVE 4x2 2026-07-22T17:00:14.170
ATTEMPT 363 W0 DONE 4x2 seed=1020586 nsol=16 0.01s 2026-07-22T17:00:14.181
ATTEMPT 364 W0 START 4x2 seed=1020587 2026-07-22T17:00:14.181
ATTEMPT 364 W0 SOLVE 4x2 2026-07-22T17:00:14.191
ATTEMPT 364 W0 DONE 4x2 seed=1020587 nsol=16 0.01s 2026-07-22T17:00:14.202
ATTEMPT 365 W0 START 4x2 seed=1020588 2026-07-22T17:00:14.202
ATTEMPT 365 W0 SOLVE 4x2 2026-07-22T17:00:14.211
ATTEMPT 365 W0 DONE 4x2 seed=1020588 nsol=16 0.02s 2026-07-22T17:00:14.230
ATTEMPT 366 W0 START 4x2 seed=1020589 2026-07-22T17:00:14.231
ATTEMPT 366 W0 SOLVE 4x2 2026-07-22T17:00:14.242
ATTEMPT 366 W0 DONE 4x2 seed=1020589 nsol=16 0.02s 2026-07-22T17:00:14.262
ATTEMPT 367 W0 START 4x2 seed=1020590 2026-07-22T17:00:14.263
ATTEMPT 367 W0 SOLVE 4x2 2026-07-22T17:00:14.272
ATTEMPT 367 W0 DONE 4x2 seed=1020590 nsol=16 0.01s 2026-07-22T17:00:14.286
ATTEMPT 368 W0 START 4x2 seed=1020591 2026-07-22T17:00:14.286
ATTEMPT 368 W0 SOLVE 4x2 2026-07-22T17:00:14.295
ATTEMPT 368 W0 DONE 4x2 seed=1020591 nsol=16 0.01s 2026-07-22T17:00:14.304
ATTEMPT 369 W0 START 4x2 seed=1020592 2026-07-22T17:00:14.305
ATTEMPT 369 W0 SOLVE 4x2 2026-07-22T17:00:14.310
ATTEMPT 369 W0 DONE 4x2 seed=1020592 nsol=16 0.03s 2026-07-22T17:00:14.339
ATTEMPT 370 W0 START 4x2 seed=1020593 2026-07-22T17:00:14.339
ATTEMPT 370 W0 SOLVE 4x2 2026-07-22T17:00:14.346
ATTEMPT 370 W0 DONE 4x2 seed=1020593 nsol=16 0.01s 2026-07-22T17:00:14.354
ATTEMPT 371 W0 START 4x2 seed=1020594 2026-07-22T17:00:14.354
ATTEMPT 371 W0 SOLVE 4x2 2026-07-22T17:00:14.360
ATTEMPT 371 W0 DONE 4x2 seed=1020594 nsol=16 0.02s 2026-07-22T17:00:14.377
ATTEMPT 372 W0 START 4x2 seed=1020595 2026-07-22T17:00:14.377
ATTEMPT 372 W0 SOLVE 4x2 2026-07-22T17:00:14.384
ATTEMPT 372 W0 DONE 4x2 seed=1020595 nsol=16 0.01s 2026-07-22T17:00:14.398
ATTEMPT 373 W0 START 4x2 seed=1020596 2026-07-22T17:00:14.398
ATTEMPT 373 W0 SOLVE 4x2 2026-07-22T17:00:14.403
ATTEMPT 373 W0 DONE 4x2 seed=1020596 nsol=16 0.00s 2026-07-22T17:00:14.408
ATTEMPT 374 W0 START 4x2 seed=1020597 2026-07-22T17:00:14.408
ATTEMPT 374 W0 SOLVE 4x2 2026-07-22T17:00:14.415
ATTEMPT 374 W0 DONE 4x2 seed=1020597 nsol=16 0.01s 2026-07-22T17:00:14.425
ATTEMPT 375 W0 START 4x2 seed=1020598 2026-07-22T17:00:14.425
ATTEMPT 375 W0 SOLVE 4x2 2026-07-22T17:00:14.432
ATTEMPT 375 W0 DONE 4x2 seed=1020598 nsol=16 0.00s 2026-07-22T17:00:14.436
ATTEMPT 376 W0 START 4x2 seed=1020599 2026-07-22T17:00:14.436
ATTEMPT 376 W0 SOLVE 4x2 2026-07-22T17:00:14.441
ATTEMPT 376 W0 DONE 4x2 seed=1020599 nsol=16 0.00s 2026-07-22T17:00:14.446
ATTEMPT 377 W0 START 4x2 seed=1020600 2026-07-22T17:00:14.446
ATTEMPT 377 W0 SOLVE 4x2 2026-07-22T17:00:14.451
ATTEMPT 377 W0 DONE 4x2 seed=1020600 nsol=16 0.01s 2026-07-22T17:00:14.461
ATTEMPT 378 W0 START 4x2 seed=1020601 2026-07-22T17:00:14.461
ATTEMPT 378 W0 SOLVE 4x2 2026-07-22T17:00:14.466
ATTEMPT 378 W0 DONE 4x2 seed=1020601 nsol=16 0.00s 2026-07-22T17:00:14.471
ATTEMPT 379 W0 START 4x2 seed=1020602 2026-07-22T17:00:14.471
ATTEMPT 379 W0 SOLVE 4x2 2026-07-22T17:00:14.477
ATTEMPT 379 W0 DONE 4x2 seed=1020602 nsol=16 0.01s 2026-07-22T17:00:14.483
ATTEMPT 380 W0 START 4x2 seed=1020603 2026-07-22T17:00:14.483
ATTEMPT 380 W0 SOLVE 4x2 2026-07-22T17:00:14.489
ATTEMPT 380 W0 DONE 4x2 seed=1020603 nsol=16 0.01s 2026-07-22T17:00:14.495
ATTEMPT 381 W0 START 4x2 seed=1020604 2026-07-22T17:00:14.495
ATTEMPT 381 W0 SOLVE 4x2 2026-07-22T17:00:14.500
ATTEMPT 381 W0 DONE 4x2 seed=1020604 nsol=16 0.01s 2026-07-22T17:00:14.510
ATTEMPT 382 W0 START 4x2 seed=1020605 2026-07-22T17:00:14.510
ATTEMPT 382 W0 SOLVE 4x2 2026-07-22T17:00:14.516
ATTEMPT 382 W0 DONE 4x2 seed=1020605 nsol=16 0.00s 2026-07-22T17:00:14.520
ATTEMPT 383 W0 START 4x2 seed=1020606 2026-07-22T17:00:14.520
ATTEMPT 383 W0 SOLVE 4x2 2026-07-22T17:00:14.525
ATTEMPT 383 W0 DONE 4x2 seed=1020606 nsol=16 0.01s 2026-07-22T17:00:14.540
ATTEMPT 384 W0 START 4x2 seed=1020607 2026-07-22T17:00:14.540
ATTEMPT 384 W0 SOLVE 4x2 2026-07-22T17:00:14.545
ATTEMPT 384 W0 DONE 4x2 seed=1020607 nsol=16 0.01s 2026-07-22T17:00:14.552
ATTEMPT 385 W0 START 4x2 seed=1020608 2026-07-22T17:00:14.552
ATTEMPT 385 W0 SOLVE 4x2 2026-07-22T17:00:14.557
ATTEMPT 385 W0 DONE 4x2 seed=1020608 nsol=16 0.01s 2026-07-22T17:00:14.566
ATTEMPT 386 W0 START 4x2 seed=1020609 2026-07-22T17:00:14.566
ATTEMPT 386 W0 SOLVE 4x2 2026-07-22T17:00:14.571
ATTEMPT 386 W0 DONE 4x2 seed=1020609 nsol=16 0.01s 2026-07-22T17:00:14.578
ATTEMPT 387 W0 START 4x2 seed=1020610 2026-07-22T17:00:14.578
ATTEMPT 387 W0 SOLVE 4x2 2026-07-22T17:00:14.583
ATTEMPT 387 W0 DONE 4x2 seed=1020610 nsol=16 0.01s 2026-07-22T17:00:14.589
ATTEMPT 388 W0 START 4x2 seed=1020611 2026-07-22T17:00:14.589
ATTEMPT 388 W0 SOLVE 4x2 2026-07-22T17:00:14.595
ATTEMPT 388 W0 DONE 4x2 seed=1020611 nsol=16 0.02s 2026-07-22T17:00:14.613
ATTEMPT 389 W0 START 4x2 seed=1020612 2026-07-22T17:00:14.613
ATTEMPT 389 W0 SOLVE 4x2 2026-07-22T17:00:14.622
ATTEMPT 389 W0 DONE 4x2 seed=1020612 nsol=16 0.01s 2026-07-22T17:00:14.629
ATTEMPT 390 W0 START 4x2 seed=1020613 2026-07-22T17:00:14.629
ATTEMPT 390 W0 SOLVE 4x2 2026-07-22T17:00:14.636
ATTEMPT 390 W0 DONE 4x2 seed=1020613 nsol=16 0.02s 2026-07-22T17:00:14.652
ATTEMPT 391 W0 START 4x2 seed=1020614 2026-07-22T17:00:14.653
ATTEMPT 391 W0 SOLVE 4x2 2026-07-22T17:00:14.659
ATTEMPT 391 W0 DONE 4x2 seed=1020614 nsol=16 0.01s 2026-07-22T17:00:14.665
ATTEMPT 392 W0 START 4x2 seed=1020615 2026-07-22T17:00:14.665
ATTEMPT 392 W0 SOLVE 4x2 2026-07-22T17:00:14.672
ATTEMPT 392 W0 DONE 4x2 seed=1020615 nsol=16 0.01s 2026-07-22T17:00:14.681
ATTEMPT 393 W0 START 4x2 seed=1020616 2026-07-22T17:00:14.681
ATTEMPT 393 W0 SOLVE 4x2 2026-07-22T17:00:14.688
ATTEMPT 393 W0 DONE 4x2 seed=1020616 nsol=16 0.01s 2026-07-22T17:00:14.698
ATTEMPT 394 W0 START 4x2 seed=1020617 2026-07-22T17:00:14.698
ATTEMPT 394 W0 SOLVE 4x2 2026-07-22T17:00:14.704
ATTEMPT 394 W0 DONE 4x2 seed=1020617 nsol=16 0.01s 2026-07-22T17:00:14.709
ATTEMPT 395 W0 START 4x2 seed=1020618 2026-07-22T17:00:14.710
ATTEMPT 395 W0 SOLVE 4x2 2026-07-22T17:00:14.715
ATTEMPT 395 W0 DONE 4x2 seed=1020618 nsol=16 0.01s 2026-07-22T17:00:14.728
ATTEMPT 396 W0 START 4x2 seed=1020619 2026-07-22T17:00:14.729
ATTEMPT 396 W0 SOLVE 4x2 2026-07-22T17:00:14.736
ATTEMPT 396 W0 DONE 4x2 seed=1020619 nsol=16 0.01s 2026-07-22T17:00:14.746
ATTEMPT 397 W0 START 4x2 seed=1020620 2026-07-22T17:00:14.746
ATTEMPT 397 W0 SOLVE 4x2 2026-07-22T17:00:14.751
ATTEMPT 397 W0 DONE 4x2 seed=1020620 nsol=16 0.01s 2026-07-22T17:00:14.762
ATTEMPT 398 W0 START 4x2 seed=1020621 2026-07-22T17:00:14.763
ATTEMPT 398 W0 SOLVE 4x2 2026-07-22T17:00:14.774
ATTEMPT 398 W0 DONE 4x2 seed=1020621 nsol=16 0.01s 2026-07-22T17:00:14.786
ATTEMPT 399 W0 START 4x2 seed=1020622 2026-07-22T17:00:14.786
ATTEMPT 399 W0 SOLVE 4x2 2026-07-22T17:00:14.792
ATTEMPT 399 W0 DONE 4x2 seed=1020622 nsol=16 0.00s 2026-07-22T17:00:14.797
ATTEMPT 400 W0 START 4x2 seed=1020623 2026-07-22T17:00:14.797
ATTEMPT 400 W0 SOLVE 4x2 2026-07-22T17:00:14.802
ATTEMPT 400 W0 DONE 4x2 seed=1020623 nsol=16 0.02s 2026-07-22T17:00:14.819
ATTEMPT 401 W0 START 4x2 seed=1020624 2026-07-22T17:00:14.819
ATTEMPT 401 W0 SOLVE 4x2 2026-07-22T17:00:14.824
ATTEMPT 401 W0 DONE 4x2 seed=1020624 nsol=16 0.02s 2026-07-22T17:00:14.842
ATTEMPT 402 W0 START 4x2 seed=1020625 2026-07-22T17:00:14.842
ATTEMPT 402 W0 SOLVE 4x2 2026-07-22T17:00:14.848
ATTEMPT 402 W0 DONE 4x2 seed=1020625 nsol=16 0.02s 2026-07-22T17:00:14.870
ATTEMPT 403 W0 START 4x2 seed=1020626 2026-07-22T17:00:14.871
ATTEMPT 403 W0 SOLVE 4x2 2026-07-22T17:00:14.880
ATTEMPT 403 W0 DONE 4x2 seed=1020626 nsol=16 0.01s 2026-07-22T17:00:14.892
ATTEMPT 404 W0 START 4x2 seed=1020627 2026-07-22T17:00:14.893
ATTEMPT 404 W0 SOLVE 4x2 2026-07-22T17:00:14.898
ATTEMPT 404 W0 DONE 4x2 seed=1020627 nsol=16 0.01s 2026-07-22T17:00:14.906
ATTEMPT 405 W0 START 4x2 seed=1020628 2026-07-22T17:00:14.906
ATTEMPT 405 W0 SOLVE 4x2 2026-07-22T17:00:14.912
ATTEMPT 405 W0 DONE 4x2 seed=1020628 nsol=16 0.01s 2026-07-22T17:00:14.920
ATTEMPT 406 W0 START 4x2 seed=1020629 2026-07-22T17:00:14.920
ATTEMPT 406 W0 SOLVE 4x2 2026-07-22T17:00:14.925
ATTEMPT 406 W0 DONE 4x2 seed=1020629 nsol=16 0.01s 2026-07-22T17:00:14.932
ATTEMPT 407 W0 START 4x2 seed=1020630 2026-07-22T17:00:14.932
ATTEMPT 407 W0 SOLVE 4x2 2026-07-22T17:00:14.938
ATTEMPT 407 W0 DONE 4x2 seed=1020630 nsol=16 0.01s 2026-07-22T17:00:14.946
ATTEMPT 408 W0 START 4x2 seed=1020631 2026-07-22T17:00:14.946
ATTEMPT 408 W0 SOLVE 4x2 2026-07-22T17:00:14.951
ATTEMPT 408 W0 DONE 4x2 seed=1020631 nsol=16 0.01s 2026-07-22T17:00:14.963
ATTEMPT 409 W0 START 4x2 seed=1020632 2026-07-22T17:00:14.963
ATTEMPT 409 W0 SOLVE 4x2 2026-07-22T17:00:14.970
ATTEMPT 409 W0 DONE 4x2 seed=1020632 nsol=16 0.05s 2026-07-22T17:00:15.020
ATTEMPT 410 W0 START 4x2 seed=1020633 2026-07-22T17:00:15.020
ATTEMPT 410 W0 SOLVE 4x2 2026-07-22T17:00:15.028
ATTEMPT 410 W0 DONE 4x2 seed=1020633 nsol=16 0.02s 2026-07-22T17:00:15.045
ATTEMPT 411 W0 START 4x2 seed=1020634 2026-07-22T17:00:15.045
ATTEMPT 411 W0 SOLVE 4x2 2026-07-22T17:00:15.051
ATTEMPT 411 W0 DONE 4x2 seed=1020634 nsol=16 0.01s 2026-07-22T17:00:15.057
ATTEMPT 412 W0 START 4x2 seed=1020635 2026-07-22T17:00:15.057
ATTEMPT 412 W0 SOLVE 4x2 2026-07-22T17:00:15.062
ATTEMPT 412 W0 DONE 4x2 seed=1020635 nsol=16 0.01s 2026-07-22T17:00:15.073
ATTEMPT 413 W0 START 4x2 seed=1020636 2026-07-22T17:00:15.073
ATTEMPT 413 W0 SOLVE 4x2 2026-07-22T17:00:15.078
ATTEMPT 413 W0 DONE 4x2 seed=1020636 nsol=16 0.00s 2026-07-22T17:00:15.083
ATTEMPT 414 W0 START 4x2 seed=1020637 2026-07-22T17:00:15.083
ATTEMPT 414 W0 SOLVE 4x2 2026-07-22T17:00:15.089
ATTEMPT 414 W0 DONE 4x2 seed=1020637 nsol=16 0.01s 2026-07-22T17:00:15.095
ATTEMPT 415 W0 START 4x2 seed=1020638 2026-07-22T17:00:15.095
ATTEMPT 415 W0 SOLVE 4x2 2026-07-22T17:00:15.101
ATTEMPT 415 W0 DONE 4x2 seed=1020638 nsol=16 0.01s 2026-07-22T17:00:15.114
ATTEMPT 416 W0 START 4x2 seed=1020639 2026-07-22T17:00:15.114
ATTEMPT 416 W0 SOLVE 4x2 2026-07-22T17:00:15.120
ATTEMPT 416 W0 DONE 4x2 seed=1020639 nsol=16 0.01s 2026-07-22T17:00:15.126
ATTEMPT 417 W0 START 4x2 seed=1020640 2026-07-22T17:00:15.126
ATTEMPT 417 W0 SOLVE 4x2 2026-07-22T17:00:15.133
ATTEMPT 417 W0 DONE 4x2 seed=1020640 nsol=16 0.01s 2026-07-22T17:00:15.145
ATTEMPT 418 W0 START 4x2 seed=1020641 2026-07-22T17:00:15.146
ATTEMPT 418 W0 SOLVE 4x2 2026-07-22T17:00:15.152
ATTEMPT 418 W0 DONE 4x2 seed=1020641 nsol=16 0.01s 2026-07-22T17:00:15.166
ATTEMPT 419 W0 START 4x2 seed=1020642 2026-07-22T17:00:15.166
ATTEMPT 419 W0 SOLVE 4x2 2026-07-22T17:00:15.173
ATTEMPT 419 W0 DONE 4x2 seed=1020642 nsol=16 0.01s 2026-07-22T17:00:15.187
ATTEMPT 420 W0 START 4x2 seed=1020643 2026-07-22T17:00:15.187
ATTEMPT 420 W0 SOLVE 4x2 2026-07-22T17:00:15.195
ATTEMPT 420 W0 DONE 4x2 seed=1020643 nsol=16 0.01s 2026-07-22T17:00:15.202
ATTEMPT 421 W0 START 4x2 seed=1020644 2026-07-22T17:00:15.202
ATTEMPT 421 W0 SOLVE 4x2 2026-07-22T17:00:15.208
ATTEMPT 421 W0 DONE 4x2 seed=1020644 nsol=16 0.01s 2026-07-22T17:00:15.215
ATTEMPT 422 W0 START 4x2 seed=1020645 2026-07-22T17:00:15.216
ATTEMPT 422 W0 SOLVE 4x2 2026-07-22T17:00:15.221
ATTEMPT 422 W0 DONE 4x2 seed=1020645 nsol=16 0.00s 2026-07-22T17:00:15.225
ATTEMPT 423 W0 START 4x2 seed=1020646 2026-07-22T17:00:15.225
ATTEMPT 423 W0 SOLVE 4x2 2026-07-22T17:00:15.231
ATTEMPT 423 W0 DONE 4x2 seed=1020646 nsol=16 0.01s 2026-07-22T17:00:15.236
ATTEMPT 424 W0 START 4x2 seed=1020647 2026-07-22T17:00:15.236
ATTEMPT 424 W0 SOLVE 4x2 2026-07-22T17:00:15.241
ATTEMPT 424 W0 DONE 4x2 seed=1020647 nsol=16 0.00s 2026-07-22T17:00:15.246
ATTEMPT 425 W0 START 4x2 seed=1020648 2026-07-22T17:00:15.246
ATTEMPT 425 W0 SOLVE 4x2 2026-07-22T17:00:15.251
ATTEMPT 425 W0 DONE 4x2 seed=1020648 nsol=16 0.01s 2026-07-22T17:00:15.258
ATTEMPT 426 W0 START 4x2 seed=1020649 2026-07-22T17:00:15.258
ATTEMPT 426 W0 SOLVE 4x2 2026-07-22T17:00:15.264
ATTEMPT 426 W0 DONE 4x2 seed=1020649 nsol=16 0.00s 2026-07-22T17:00:15.269
ATTEMPT 427 W0 START 4x2 seed=1020650 2026-07-22T17:00:15.269
ATTEMPT 427 W0 SOLVE 4x2 2026-07-22T17:00:15.274
ATTEMPT 427 W0 DONE 4x2 seed=1020650 nsol=16 0.01s 2026-07-22T17:00:15.280
ATTEMPT 428 W0 START 4x2 seed=1020651 2026-07-22T17:00:15.280
ATTEMPT 428 W0 SOLVE 4x2 2026-07-22T17:00:15.285
ATTEMPT 428 W0 DONE 4x2 seed=1020651 nsol=16 0.01s 2026-07-22T17:00:15.294
ATTEMPT 429 W0 START 4x2 seed=1020652 2026-07-22T17:00:15.294
ATTEMPT 429 W0 SOLVE 4x2 2026-07-22T17:00:15.300
ATTEMPT 429 W0 DONE 4x2 seed=1020652 nsol=16 0.01s 2026-07-22T17:00:15.307
ATTEMPT 430 W0 START 4x2 seed=1020653 2026-07-22T17:00:15.307
ATTEMPT 430 W0 SOLVE 4x2 2026-07-22T17:00:15.315
ATTEMPT 430 W0 DONE 4x2 seed=1020653 nsol=16 0.01s 2026-07-22T17:00:15.326
ATTEMPT 431 W0 START 4x2 seed=1020654 2026-07-22T17:00:15.326
ATTEMPT 431 W0 SOLVE 4x2 2026-07-22T17:00:15.331
ATTEMPT 431 W0 DONE 4x2 seed=1020654 nsol=16 0.00s 2026-07-22T17:00:15.336
ATTEMPT 432 W0 START 4x2 seed=1020655 2026-07-22T17:00:15.336
ATTEMPT 432 W0 SOLVE 4x2 2026-07-22T17:00:15.341
ATTEMPT 432 W0 DONE 4x2 seed=1020655 nsol=16 0.01s 2026-07-22T17:00:15.347
ATTEMPT 433 W0 START 4x2 seed=1020656 2026-07-22T17:00:15.347
ATTEMPT 433 W0 SOLVE 4x2 2026-07-22T17:00:15.353
ATTEMPT 433 W0 DONE 4x2 seed=1020656 nsol=16 0.01s 2026-07-22T17:00:15.362
ATTEMPT 434 W0 START 4x2 seed=1020657 2026-07-22T17:00:15.362
ATTEMPT 434 W0 SOLVE 4x2 2026-07-22T17:00:15.367
ATTEMPT 434 W0 DONE 4x2 seed=1020657 nsol=16 0.00s 2026-07-22T17:00:15.372
ATTEMPT 435 W0 START 4x2 seed=1020658 2026-07-22T17:00:15.372
ATTEMPT 435 W0 SOLVE 4x2 2026-07-22T17:00:15.378
ATTEMPT 435 W0 DONE 4x2 seed=1020658 nsol=16 0.01s 2026-07-22T17:00:15.383
ATTEMPT 436 W0 START 4x2 seed=1020659 2026-07-22T17:00:15.383
ATTEMPT 436 W0 SOLVE 4x2 2026-07-22T17:00:15.388
ATTEMPT 436 W0 DONE 4x2 seed=1020659 nsol=16 0.00s 2026-07-22T17:00:15.393
ATTEMPT 437 W0 START 4x2 seed=1020660 2026-07-22T17:00:15.393
ATTEMPT 437 W0 SOLVE 4x2 2026-07-22T17:00:15.398
ATTEMPT 437 W0 DONE 4x2 seed=1020660 nsol=16 0.00s 2026-07-22T17:00:15.403
ATTEMPT 438 W0 START 4x2 seed=1020661 2026-07-22T17:00:15.403
ATTEMPT 438 W0 SOLVE 4x2 2026-07-22T17:00:15.408
ATTEMPT 438 W0 DONE 4x2 seed=1020661 nsol=16 0.01s 2026-07-22T17:00:15.417
ATTEMPT 439 W0 START 4x2 seed=1020662 2026-07-22T17:00:15.417
ATTEMPT 439 W0 SOLVE 4x2 2026-07-22T17:00:15.422
ATTEMPT 439 W0 DONE 4x2 seed=1020662 nsol=16 0.00s 2026-07-22T17:00:15.427
ATTEMPT 440 W0 START 4x2 seed=1020663 2026-07-22T17:00:15.427
ATTEMPT 440 W0 SOLVE 4x2 2026-07-22T17:00:15.432
ATTEMPT 440 W0 DONE 4x2 seed=1020663 nsol=16 0.00s 2026-07-22T17:00:15.437
ATTEMPT 441 W0 START 4x2 seed=1020664 2026-07-22T17:00:15.437
ATTEMPT 441 W0 SOLVE 4x2 2026-07-22T17:00:15.442
ATTEMPT 441 W0 DONE 4x2 seed=1020664 nsol=16 0.00s 2026-07-22T17:00:15.446
ATTEMPT 442 W0 START 4x2 seed=1020665 2026-07-22T17:00:15.446
ATTEMPT 442 W0 SOLVE 4x2 2026-07-22T17:00:15.451
ATTEMPT 442 W0 DONE 4x2 seed=1020665 nsol=16 0.00s 2026-07-22T17:00:15.456
ATTEMPT 443 W0 START 4x2 seed=1020666 2026-07-22T17:00:15.456
ATTEMPT 443 W0 SOLVE 4x2 2026-07-22T17:00:15.461
ATTEMPT 443 W0 DONE 4x2 seed=1020666 nsol=16 0.01s 2026-07-22T17:00:15.470
ATTEMPT 444 W0 START 4x2 seed=1020667 2026-07-22T17:00:15.470
ATTEMPT 444 W0 SOLVE 4x2 2026-07-22T17:00:15.476
ATTEMPT 444 W0 DONE 4x2 seed=1020667 nsol=16 0.01s 2026-07-22T17:00:15.485
ATTEMPT 445 W0 START 4x2 seed=1020668 2026-07-22T17:00:15.485
ATTEMPT 445 W0 SOLVE 4x2 2026-07-22T17:00:15.492
ATTEMPT 445 W0 DONE 4x2 seed=1020668 nsol=16 0.01s 2026-07-22T17:00:15.499
ATTEMPT 446 W0 START 4x2 seed=1020669 2026-07-22T17:00:15.499
ATTEMPT 446 W0 SOLVE 4x2 2026-07-22T17:00:15.504
ATTEMPT 446 W0 DONE 4x2 seed=1020669 nsol=16 0.01s 2026-07-22T17:00:15.514
ATTEMPT 447 W0 START 4x2 seed=1020670 2026-07-22T17:00:15.514
ATTEMPT 447 W0 SOLVE 4x2 2026-07-22T17:00:15.519
ATTEMPT 447 W0 DONE 4x2 seed=1020670 nsol=16 0.00s 2026-07-22T17:00:15.524
ATTEMPT 448 W0 START 4x2 seed=1020671 2026-07-22T17:00:15.524
ATTEMPT 448 W0 SOLVE 4x2 2026-07-22T17:00:15.529
ATTEMPT 448 W0 DONE 4x2 seed=1020671 nsol=16 0.01s 2026-07-22T17:00:15.542
ATTEMPT 449 W0 START 4x2 seed=1020672 2026-07-22T17:00:15.542
ATTEMPT 449 W0 SOLVE 4x2 2026-07-22T17:00:15.550
ATTEMPT 449 W0 DONE 4x2 seed=1020672 nsol=16 0.01s 2026-07-22T17:00:15.558
ATTEMPT 450 W0 START 4x2 seed=1020673 2026-07-22T17:00:15.558
ATTEMPT 450 W0 SOLVE 4x2 2026-07-22T17:00:15.563
ATTEMPT 450 W0 DONE 4x2 seed=1020673 nsol=16 0.01s 2026-07-22T17:00:15.575
ATTEMPT 451 W0 START 4x2 seed=1020674 2026-07-22T17:00:15.575
ATTEMPT 451 W0 SOLVE 4x2 2026-07-22T17:00:15.580
ATTEMPT 451 W0 DONE 4x2 seed=1020674 nsol=16 0.01s 2026-07-22T17:00:15.587
ATTEMPT 452 W0 START 4x2 seed=1020675 2026-07-22T17:00:15.587
ATTEMPT 452 W0 SOLVE 4x2 2026-07-22T17:00:15.594
ATTEMPT 452 W0 DONE 4x2 seed=1020675 nsol=16 0.00s 2026-07-22T17:00:15.599
ATTEMPT 453 W0 START 4x2 seed=1020676 2026-07-22T17:00:15.599
ATTEMPT 453 W0 SOLVE 4x2 2026-07-22T17:00:15.605
ATTEMPT 453 W0 DONE 4x2 seed=1020676 nsol=16 0.01s 2026-07-22T17:00:15.614
ATTEMPT 454 W0 START 4x2 seed=1020677 2026-07-22T17:00:15.614
ATTEMPT 454 W0 SOLVE 4x2 2026-07-22T17:00:15.622
ATTEMPT 454 W0 DONE 4x2 seed=1020677 nsol=16 0.01s 2026-07-22T17:00:15.634
ATTEMPT 455 W0 START 4x2 seed=1020678 2026-07-22T17:00:15.634
ATTEMPT 455 W0 SOLVE 4x2 2026-07-22T17:00:15.639
ATTEMPT 455 W0 DONE 4x2 seed=1020678 nsol=16 0.01s 2026-07-22T17:00:15.654
ATTEMPT 456 W0 START 4x2 seed=1020679 2026-07-22T17:00:15.654
ATTEMPT 456 W0 SOLVE 4x2 2026-07-22T17:00:15.660
ATTEMPT 456 W0 DONE 4x2 seed=1020679 nsol=16 0.04s 2026-07-22T17:00:15.702
ATTEMPT 457 W0 START 4x2 seed=1020680 2026-07-22T17:00:15.702
ATTEMPT 457 W0 SOLVE 4x2 2026-07-22T17:00:15.708
ATTEMPT 457 W0 DONE 4x2 seed=1020680 nsol=16 0.01s 2026-07-22T17:00:15.714
ATTEMPT 458 W0 START 4x2 seed=1020681 2026-07-22T17:00:15.714
ATTEMPT 458 W0 SOLVE 4x2 2026-07-22T17:00:15.721
ATTEMPT 458 W0 DONE 4x2 seed=1020681 nsol=16 0.02s 2026-07-22T17:00:15.738
ATTEMPT 459 W0 START 4x2 seed=1020682 2026-07-22T17:00:15.738
ATTEMPT 459 W0 SOLVE 4x2 2026-07-22T17:00:15.745
ATTEMPT 459 W0 DONE 4x2 seed=1020682 nsol=16 0.01s 2026-07-22T17:00:15.758
ATTEMPT 460 W0 START 4x2 seed=1020683 2026-07-22T17:00:15.758
ATTEMPT 460 W0 SOLVE 4x2 2026-07-22T17:00:15.763
ATTEMPT 460 W0 DONE 4x2 seed=1020683 nsol=16 0.01s 2026-07-22T17:00:15.769
ATTEMPT 461 W0 START 4x2 seed=1020684 2026-07-22T17:00:15.769
ATTEMPT 461 W0 SOLVE 4x2 2026-07-22T17:00:15.775
ATTEMPT 461 W0 DONE 4x2 seed=1020684 nsol=16 0.02s 2026-07-22T17:00:15.791
ATTEMPT 462 W0 START 4x2 seed=1020685 2026-07-22T17:00:15.791
ATTEMPT 462 W0 SOLVE 4x2 2026-07-22T17:00:15.798
ATTEMPT 462 W0 DONE 4x2 seed=1020685 nsol=16 0.01s 2026-07-22T17:00:15.804
ATTEMPT 463 W0 START 4x2 seed=1020686 2026-07-22T17:00:15.804
ATTEMPT 463 W0 SOLVE 4x2 2026-07-22T17:00:15.809
ATTEMPT 463 W0 DONE 4x2 seed=1020686 nsol=16 0.01s 2026-07-22T17:00:15.818
ATTEMPT 464 W0 START 4x2 seed=1020687 2026-07-22T17:00:15.818
ATTEMPT 464 W0 SOLVE 4x2 2026-07-22T17:00:15.824
ATTEMPT 464 W0 DONE 4x2 seed=1020687 nsol=16 0.02s 2026-07-22T17:00:15.840
ATTEMPT 465 W0 START 4x2 seed=1020688 2026-07-22T17:00:15.841
ATTEMPT 465 W0 SOLVE 4x2 2026-07-22T17:00:15.855
ATTEMPT 465 W0 DONE 4x2 seed=1020688 nsol=16 0.01s 2026-07-22T17:00:15.865
ATTEMPT 466 W0 START 4x2 seed=1020689 2026-07-22T17:00:15.866
ATTEMPT 466 W0 SOLVE 4x2 2026-07-22T17:00:15.872
ATTEMPT 466 W0 DONE 4x2 seed=1020689 nsol=16 0.01s 2026-07-22T17:00:15.881
ATTEMPT 467 W0 START 4x2 seed=1020690 2026-07-22T17:00:15.882
ATTEMPT 467 W0 SOLVE 4x2 2026-07-22T17:00:15.889
ATTEMPT 467 W0 DONE 4x2 seed=1020690 nsol=16 0.01s 2026-07-22T17:00:15.898
ATTEMPT 468 W0 START 4x2 seed=1020691 2026-07-22T17:00:15.898
ATTEMPT 468 W0 SOLVE 4x2 2026-07-22T17:00:15.904
ATTEMPT 468 W0 DONE 4x2 seed=1020691 nsol=16 0.01s 2026-07-22T17:00:15.917
ATTEMPT 469 W0 START 4x2 seed=1020692 2026-07-22T17:00:15.917
ATTEMPT 469 W0 SOLVE 4x2 2026-07-22T17:00:15.923
ATTEMPT 469 W0 DONE 4x2 seed=1020692 nsol=16 0.01s 2026-07-22T17:00:15.932
ATTEMPT 470 W0 START 4x2 seed=1020693 2026-07-22T17:00:15.932
ATTEMPT 470 W0 SOLVE 4x2 2026-07-22T17:00:15.937
ATTEMPT 470 W0 DONE 4x2 seed=1020693 nsol=16 0.01s 2026-07-22T17:00:15.950
ATTEMPT 471 W0 START 4x2 seed=1020694 2026-07-22T17:00:15.950
ATTEMPT 471 W0 SOLVE 4x2 2026-07-22T17:00:15.957
ATTEMPT 471 W0 DONE 4x2 seed=1020694 nsol=16 0.01s 2026-07-22T17:00:15.970
ATTEMPT 472 W0 START 4x2 seed=1020695 2026-07-22T17:00:15.970
ATTEMPT 472 W0 SOLVE 4x2 2026-07-22T17:00:15.978
ATTEMPT 472 W0 DONE 4x2 seed=1020695 nsol=16 0.02s 2026-07-22T17:00:15.994
ATTEMPT 473 W0 START 4x2 seed=1020696 2026-07-22T17:00:15.994
ATTEMPT 473 W0 SOLVE 4x2 2026-07-22T17:00:16.002
ATTEMPT 473 W0 DONE 4x2 seed=1020696 nsol=16 0.02s 2026-07-22T17:00:16.019
ATTEMPT 474 W0 START 4x2 seed=1020697 2026-07-22T17:00:16.019
ATTEMPT 474 W0 SOLVE 4x2 2026-07-22T17:00:16.025
ATTEMPT 474 W0 DONE 4x2 seed=1020697 nsol=16 0.01s 2026-07-22T17:00:16.033
ATTEMPT 475 W0 START 4x2 seed=1020698 2026-07-22T17:00:16.034
ATTEMPT 475 W0 SOLVE 4x2 2026-07-22T17:00:16.041
ATTEMPT 475 W0 DONE 4x2 seed=1020698 nsol=16 0.01s 2026-07-22T17:00:16.054
ATTEMPT 476 W0 START 4x2 seed=1020699 2026-07-22T17:00:16.054
ATTEMPT 476 W0 SOLVE 4x2 2026-07-22T17:00:16.060
ATTEMPT 476 W0 DONE 4x2 seed=1020699 nsol=16 0.01s 2026-07-22T17:00:16.070
ATTEMPT 477 W0 START 4x2 seed=1020700 2026-07-22T17:00:16.070
ATTEMPT 477 W0 SOLVE 4x2 2026-07-22T17:00:16.076
ATTEMPT 477 W0 DONE 4x2 seed=1020700 nsol=16 0.01s 2026-07-22T17:00:16.086
ATTEMPT 478 W0 START 4x2 seed=1020701 2026-07-22T17:00:16.086
ATTEMPT 478 W0 SOLVE 4x2 2026-07-22T17:00:16.092
ATTEMPT 478 W0 DONE 4x2 seed=1020701 nsol=16 0.01s 2026-07-22T17:00:16.106
ATTEMPT 479 W0 START 4x2 seed=1020702 2026-07-22T17:00:16.106
ATTEMPT 479 W0 SOLVE 4x2 2026-07-22T17:00:16.112
ATTEMPT 479 W0 DONE 4x2 seed=1020702 nsol=16 0.01s 2026-07-22T17:00:16.122
ATTEMPT 480 W0 START 4x2 seed=1020703 2026-07-22T17:00:16.122
ATTEMPT 480 W0 SOLVE 4x2 2026-07-22T17:00:16.128
ATTEMPT 480 W0 DONE 4x2 seed=1020703 nsol=16 0.01s 2026-07-22T17:00:16.142
ATTEMPT 481 W0 START 4x2 seed=1020704 2026-07-22T17:00:16.142
ATTEMPT 481 W0 SOLVE 4x2 2026-07-22T17:00:16.149
ATTEMPT 481 W0 DONE 4x2 seed=1020704 nsol=16 0.02s 2026-07-22T17:00:16.168
ATTEMPT 482 W0 START 4x2 seed=1020705 2026-07-22T17:00:16.169
ATTEMPT 482 W0 SOLVE 4x2 2026-07-22T17:00:16.174
ATTEMPT 482 W0 DONE 4x2 seed=1020705 nsol=16 0.01s 2026-07-22T17:00:16.186
ATTEMPT 483 W0 START 4x2 seed=1020706 2026-07-22T17:00:16.186
ATTEMPT 483 W0 SOLVE 4x2 2026-07-22T17:00:16.193
ATTEMPT 483 W0 DONE 4x2 seed=1020706 nsol=16 0.02s 2026-07-22T17:00:16.210
ATTEMPT 484 W0 START 4x2 seed=1020707 2026-07-22T17:00:16.210
ATTEMPT 484 W0 SOLVE 4x2 2026-07-22T17:00:16.215
ATTEMPT 484 W0 DONE 4x2 seed=1020707 nsol=16 0.02s 2026-07-22T17:00:16.231
ATTEMPT 485 W0 START 4x2 seed=1020708 2026-07-22T17:00:16.231
ATTEMPT 485 W0 SOLVE 4x2 2026-07-22T17:00:16.236
ATTEMPT 485 W0 DONE 4x2 seed=1020708 nsol=16 0.01s 2026-07-22T17:00:16.250
ATTEMPT 486 W0 START 4x2 seed=1020709 2026-07-22T17:00:16.250
ATTEMPT 486 W0 SOLVE 4x2 2026-07-22T17:00:16.257
ATTEMPT 486 W0 DONE 4x2 seed=1020709 nsol=16 0.03s 2026-07-22T17:00:16.282
ATTEMPT 487 W0 START 4x2 seed=1020710 2026-07-22T17:00:16.282
ATTEMPT 487 W0 SOLVE 4x2 2026-07-22T17:00:16.291
ATTEMPT 487 W0 DONE 4x2 seed=1020710 nsol=16 0.01s 2026-07-22T17:00:16.302
ATTEMPT 488 W0 START 4x2 seed=1020711 2026-07-22T17:00:16.302
ATTEMPT 488 W0 SOLVE 4x2 2026-07-22T17:00:16.308
ATTEMPT 488 W0 DONE 4x2 seed=1020711 nsol=16 0.01s 2026-07-22T17:00:16.317
ATTEMPT 489 W0 START 4x2 seed=1020712 2026-07-22T17:00:16.318
ATTEMPT 489 W0 SOLVE 4x2 2026-07-22T17:00:16.323
ATTEMPT 489 W0 DONE 4x2 seed=1020712 nsol=16 0.01s 2026-07-22T17:00:16.338
ATTEMPT 490 W0 START 4x2 seed=1020713 2026-07-22T17:00:16.338
ATTEMPT 490 W0 SOLVE 4x2 2026-07-22T17:00:16.344
ATTEMPT 490 W0 DONE 4x2 seed=1020713 nsol=16 0.02s 2026-07-22T17:00:16.360
ATTEMPT 491 W0 START 4x2 seed=1020714 2026-07-22T17:00:16.361
ATTEMPT 491 W0 SOLVE 4x2 2026-07-22T17:00:16.375
ATTEMPT 491 W0 DONE 4x2 seed=1020714 nsol=16 0.01s 2026-07-22T17:00:16.382
ATTEMPT 492 W0 START 4x2 seed=1020715 2026-07-22T17:00:16.382
ATTEMPT 492 W0 SOLVE 4x2 2026-07-22T17:00:16.395
ATTEMPT 492 W0 DONE 4x2 seed=1020715 nsol=16 0.02s 2026-07-22T17:00:16.415
ATTEMPT 493 W0 START 4x2 seed=1020716 2026-07-22T17:00:16.415
ATTEMPT 493 W0 SOLVE 4x2 2026-07-22T17:00:16.423
ATTEMPT 493 W0 DONE 4x2 seed=1020716 nsol=16 0.01s 2026-07-22T17:00:16.438
ATTEMPT 494 W0 START 4x2 seed=1020717 2026-07-22T17:00:16.438
ATTEMPT 494 W0 SOLVE 4x2 2026-07-22T17:00:16.444
ATTEMPT 494 W0 DONE 4x2 seed=1020717 nsol=16 0.02s 2026-07-22T17:00:16.462
ATTEMPT 495 W0 START 4x2 seed=1020718 2026-07-22T17:00:16.462
ATTEMPT 495 W0 SOLVE 4x2 2026-07-22T17:00:16.468
ATTEMPT 495 W0 DONE 4x2 seed=1020718 nsol=16 0.00s 2026-07-22T17:00:16.472
ATTEMPT 496 W0 START 4x2 seed=1020719 2026-07-22T17:00:16.472
ATTEMPT 496 W0 SOLVE 4x2 2026-07-22T17:00:16.477
ATTEMPT 496 W0 DONE 4x2 seed=1020719 nsol=16 0.05s 2026-07-22T17:00:16.530
ATTEMPT 497 W0 START 4x2 seed=1020720 2026-07-22T17:00:16.530
ATTEMPT 497 W0 SOLVE 4x2 2026-07-22T17:00:16.540
ATTEMPT 497 W0 DONE 4x2 seed=1020720 nsol=16 0.01s 2026-07-22T17:00:16.548
ATTEMPT 498 W0 START 4x2 seed=1020721 2026-07-22T17:00:16.548
ATTEMPT 498 W0 SOLVE 4x2 2026-07-22T17:00:16.554
ATTEMPT 498 W0 DONE 4x2 seed=1020721 nsol=16 0.01s 2026-07-22T17:00:16.566
ATTEMPT 499 W0 START 4x2 seed=1020722 2026-07-22T17:00:16.566
ATTEMPT 499 W0 SOLVE 4x2 2026-07-22T17:00:16.576
ATTEMPT 499 W0 DONE 4x2 seed=1020722 nsol=16 0.01s 2026-07-22T17:00:16.590
ATTEMPT 500 W0 START 4x2 seed=1020723 2026-07-22T17:00:16.590
ATTEMPT 500 W0 SOLVE 4x2 2026-07-22T17:00:16.596
ATTEMPT 500 W0 DONE 4x2 seed=1020723 nsol=16 0.01s 2026-07-22T17:00:16.602
ATTEMPT 501 W0 START 4x2 seed=1020724 2026-07-22T17:00:16.602
ATTEMPT 501 W0 SOLVE 4x2 2026-07-22T17:00:16.609
ATTEMPT 501 W0 DONE 4x2 seed=1020724 nsol=16 0.01s 2026-07-22T17:00:16.622
ATTEMPT 502 W0 START 4x2 seed=1020725 2026-07-22T17:00:16.623
ATTEMPT 502 W0 SOLVE 4x2 2026-07-22T17:00:16.629
ATTEMPT 502 W0 DONE 4x2 seed=1020725 nsol=16 0.01s 2026-07-22T17:00:16.641
ATTEMPT 503 W0 START 4x2 seed=1020726 2026-07-22T17:00:16.641
ATTEMPT 503 W0 SOLVE 4x2 2026-07-22T17:00:16.647
ATTEMPT 503 W0 DONE 4x2 seed=1020726 nsol=16 0.01s 2026-07-22T17:00:16.656
ATTEMPT 504 W0 START 4x2 seed=1020727 2026-07-22T17:00:16.657
ATTEMPT 504 W0 SOLVE 4x2 2026-07-22T17:00:16.662
ATTEMPT 504 W0 DONE 4x2 seed=1020727 nsol=16 0.01s 2026-07-22T17:00:16.670
ATTEMPT 505 W0 START 4x2 seed=1020728 2026-07-22T17:00:16.670
ATTEMPT 505 W0 SOLVE 4x2 2026-07-22T17:00:16.676
ATTEMPT 505 W0 DONE 4x2 seed=1020728 nsol=16 0.01s 2026-07-22T17:00:16.685
ATTEMPT 506 W0 START 4x2 seed=1020729 2026-07-22T17:00:16.686
ATTEMPT 506 W0 SOLVE 4x2 2026-07-22T17:00:16.691
ATTEMPT 506 W0 DONE 4x2 seed=1020729 nsol=16 0.01s 2026-07-22T17:00:16.697
ATTEMPT 507 W0 START 4x2 seed=1020730 2026-07-22T17:00:16.698
ATTEMPT 507 W0 SOLVE 4x2 2026-07-22T17:00:16.703
ATTEMPT 507 W0 DONE 4x2 seed=1020730 nsol=16 0.02s 2026-07-22T17:00:16.718
ATTEMPT 508 W0 START 4x2 seed=1020731 2026-07-22T17:00:16.719
ATTEMPT 508 W0 SOLVE 4x2 2026-07-22T17:00:16.724
ATTEMPT 508 W0 DONE 4x2 seed=1020731 nsol=16 0.01s 2026-07-22T17:00:16.738
ATTEMPT 509 W0 START 4x2 seed=1020732 2026-07-22T17:00:16.738
ATTEMPT 509 W0 SOLVE 4x2 2026-07-22T17:00:16.746
ATTEMPT 509 W0 DONE 4x2 seed=1020732 nsol=16 0.01s 2026-07-22T17:00:16.754
ATTEMPT 510 W0 START 4x2 seed=1020733 2026-07-22T17:00:16.755
ATTEMPT 510 W0 SOLVE 4x2 2026-07-22T17:00:16.760
ATTEMPT 510 W0 DONE 4x2 seed=1020733 nsol=16 0.01s 2026-07-22T17:00:16.766
ATTEMPT 511 W0 START 4x2 seed=1020734 2026-07-22T17:00:16.766
ATTEMPT 511 W0 SOLVE 4x2 2026-07-22T17:00:16.771
ATTEMPT 511 W0 DONE 4x2 seed=1020734 nsol=16 0.01s 2026-07-22T17:00:16.778
ATTEMPT 512 W0 START 4x2 seed=1020735 2026-07-22T17:00:16.778
ATTEMPT 512 W0 SOLVE 4x2 2026-07-22T17:00:16.784
ATTEMPT 512 W0 DONE 4x2 seed=1020735 nsol=16 0.01s 2026-07-22T17:00:16.792
ATTEMPT 513 W0 START 4x2 seed=1020736 2026-07-22T17:00:16.793
ATTEMPT 513 W0 SOLVE 4x2 2026-07-22T17:00:16.799
ATTEMPT 513 W0 DONE 4x2 seed=1020736 nsol=16 0.00s 2026-07-22T17:00:16.803
ATTEMPT 514 W0 START 4x2 seed=1020737 2026-07-22T17:00:16.803
ATTEMPT 514 W0 SOLVE 4x2 2026-07-22T17:00:16.809
ATTEMPT 514 W0 DONE 4x2 seed=1020737 nsol=16 0.00s 2026-07-22T17:00:16.814
ATTEMPT 515 W0 START 4x2 seed=1020738 2026-07-22T17:00:16.814
ATTEMPT 515 W0 SOLVE 4x2 2026-07-22T17:00:16.820
ATTEMPT 515 W0 DONE 4x2 seed=1020738 nsol=16 0.01s 2026-07-22T17:00:16.834
ATTEMPT 516 W0 START 4x2 seed=1020739 2026-07-22T17:00:16.835
ATTEMPT 516 W0 SOLVE 4x2 2026-07-22T17:00:16.840
ATTEMPT 516 W0 DONE 4x2 seed=1020739 nsol=16 0.01s 2026-07-22T17:00:16.847
ATTEMPT 517 W0 START 4x2 seed=1020740 2026-07-22T17:00:16.847
ATTEMPT 517 W0 SOLVE 4x2 2026-07-22T17:00:16.854
ATTEMPT 517 W0 DONE 4x2 seed=1020740 nsol=16 0.01s 2026-07-22T17:00:16.864
ATTEMPT 518 W0 START 4x2 seed=1020741 2026-07-22T17:00:16.865
ATTEMPT 518 W0 SOLVE 4x2 2026-07-22T17:00:16.873
ATTEMPT 518 W0 DONE 4x2 seed=1020741 nsol=16 0.01s 2026-07-22T17:00:16.882
ATTEMPT 519 W0 START 4x2 seed=1020742 2026-07-22T17:00:16.882
ATTEMPT 519 W0 SOLVE 4x2 2026-07-22T17:00:16.889
ATTEMPT 519 W0 DONE 4x2 seed=1020742 nsol=16 0.01s 2026-07-22T17:00:16.900
ATTEMPT 520 W0 START 4x2 seed=1020743 2026-07-22T17:00:16.900
ATTEMPT 520 W0 SOLVE 4x2 2026-07-22T17:00:16.906
ATTEMPT 520 W0 DONE 4x2 seed=1020743 nsol=16 0.01s 2026-07-22T17:00:16.913
ATTEMPT 521 W0 START 4x2 seed=1020744 2026-07-22T17:00:16.913
ATTEMPT 521 W0 SOLVE 4x2 2026-07-22T17:00:16.920
ATTEMPT 521 W0 DONE 4x2 seed=1020744 nsol=16 0.01s 2026-07-22T17:00:16.931
ATTEMPT 522 W0 START 4x2 seed=1020745 2026-07-22T17:00:16.932
ATTEMPT 522 W0 SOLVE 4x2 2026-07-22T17:00:16.938
ATTEMPT 522 W0 DONE 4x2 seed=1020745 nsol=16 0.00s 2026-07-22T17:00:16.942
ATTEMPT 523 W0 START 4x2 seed=1020746 2026-07-22T17:00:16.943
ATTEMPT 523 W0 SOLVE 4x2 2026-07-22T17:00:16.948
ATTEMPT 523 W0 DONE 4x2 seed=1020746 nsol=16 0.00s 2026-07-22T17:00:16.952
ATTEMPT 524 W0 START 4x2 seed=1020747 2026-07-22T17:00:16.952
ATTEMPT 524 W0 SOLVE 4x2 2026-07-22T17:00:16.957
ATTEMPT 524 W0 DONE 4x2 seed=1020747 nsol=16 0.01s 2026-07-22T17:00:16.970
ATTEMPT 525 W0 START 4x2 seed=1020748 2026-07-22T17:00:16.970
ATTEMPT 525 W0 SOLVE 4x2 2026-07-22T17:00:16.977
ATTEMPT 525 W0 DONE 4x2 seed=1020748 nsol=16 0.01s 2026-07-22T17:00:16.990
ATTEMPT 526 W0 START 4x2 seed=1020749 2026-07-22T17:00:16.990
ATTEMPT 526 W0 SOLVE 4x2 2026-07-22T17:00:16.996
ATTEMPT 526 W0 DONE 4x2 seed=1020749 nsol=16 0.01s 2026-07-22T17:00:17.010
ATTEMPT 527 W0 START 4x2 seed=1020750 2026-07-22T17:00:17.010
ATTEMPT 527 W0 SOLVE 4x2 2026-07-22T17:00:17.027
ATTEMPT 527 W0 DONE 4x2 seed=1020750 nsol=16 0.01s 2026-07-22T17:00:17.034
ATTEMPT 528 W0 START 4x2 seed=1020751 2026-07-22T17:00:17.034
ATTEMPT 528 W0 SOLVE 4x2 2026-07-22T17:00:17.039
ATTEMPT 528 W0 DONE 4x2 seed=1020751 nsol=16 0.01s 2026-07-22T17:00:17.045
ATTEMPT 529 W0 START 4x2 seed=1020752 2026-07-22T17:00:17.045
ATTEMPT 529 W0 SOLVE 4x2 2026-07-22T17:00:17.067
ATTEMPT 529 W0 DONE 4x2 seed=1020752 nsol=16 0.01s 2026-07-22T17:00:17.075
ATTEMPT 530 W0 START 4x2 seed=1020753 2026-07-22T17:00:17.076
ATTEMPT 530 W0 SOLVE 4x2 2026-07-22T17:00:17.082
ATTEMPT 530 W0 DONE 4x2 seed=1020753 nsol=16 0.00s 2026-07-22T17:00:17.087
ATTEMPT 531 W0 START 4x2 seed=1020754 2026-07-22T17:00:17.087
ATTEMPT 531 W0 SOLVE 4x2 2026-07-22T17:00:17.092
ATTEMPT 531 W0 DONE 4x2 seed=1020754 nsol=16 0.04s 2026-07-22T17:00:17.128
ATTEMPT 532 W0 START 4x2 seed=1020755 2026-07-22T17:00:17.136
ATTEMPT 532 W0 SOLVE 4x2 2026-07-22T17:00:17.142
ATTEMPT 532 W0 DONE 4x2 seed=1020755 nsol=16 0.00s 2026-07-22T17:00:17.147
ATTEMPT 533 W0 START 4x2 seed=1020756 2026-07-22T17:00:17.147
ATTEMPT 533 W0 SOLVE 4x2 2026-07-22T17:00:17.152
ATTEMPT 533 W0 DONE 4x2 seed=1020756 nsol=16 0.01s 2026-07-22T17:00:17.158
ATTEMPT 534 W0 START 4x2 seed=1020757 2026-07-22T17:00:17.158
ATTEMPT 534 W0 SOLVE 4x2 2026-07-22T17:00:17.164
ATTEMPT 534 W0 DONE 4x2 seed=1020757 nsol=16 0.01s 2026-07-22T17:00:17.170
ATTEMPT 535 W0 START 4x2 seed=1020758 2026-07-22T17:00:17.170
ATTEMPT 535 W0 SOLVE 4x2 2026-07-22T17:00:17.185
ATTEMPT 535 W0 DONE 4x2 seed=1020758 nsol=16 0.01s 2026-07-22T17:00:17.199
ATTEMPT 536 W0 START 4x2 seed=1020759 2026-07-22T17:00:17.199
ATTEMPT 536 W0 SOLVE 4x2 2026-07-22T17:00:17.205
ATTEMPT 536 W0 DONE 4x2 seed=1020759 nsol=16 0.01s 2026-07-22T17:00:17.217
ATTEMPT 537 W0 START 4x2 seed=1020760 2026-07-22T17:00:17.217
ATTEMPT 537 W0 SOLVE 4x2 2026-07-22T17:00:17.225
ATTEMPT 537 W0 DONE 4x2 seed=1020760 nsol=16 0.02s 2026-07-22T17:00:17.242
ATTEMPT 538 W0 START 4x2 seed=1020761 2026-07-22T17:00:17.242
ATTEMPT 538 W0 SOLVE 4x2 2026-07-22T17:00:17.249
ATTEMPT 538 W0 DONE 4x2 seed=1020761 nsol=16 0.01s 2026-07-22T17:00:17.263
ATTEMPT 539 W0 START 4x2 seed=1020762 2026-07-22T17:00:17.263
ATTEMPT 539 W0 SOLVE 4x2 2026-07-22T17:00:17.270
ATTEMPT 539 W0 DONE 4x2 seed=1020762 nsol=16 0.01s 2026-07-22T17:00:17.282
ATTEMPT 540 W0 START 4x2 seed=1020763 2026-07-22T17:00:17.282
ATTEMPT 540 W0 SOLVE 4x2 2026-07-22T17:00:17.288
ATTEMPT 540 W0 DONE 4x2 seed=1020763 nsol=16 0.01s 2026-07-22T17:00:17.302
ATTEMPT 541 W0 START 4x2 seed=1020764 2026-07-22T17:00:17.303
ATTEMPT 541 W0 SOLVE 4x2 2026-07-22T17:00:17.310
ATTEMPT 541 W0 DONE 4x2 seed=1020764 nsol=16 0.01s 2026-07-22T17:00:17.318
ATTEMPT 542 W0 START 4x2 seed=1020765 2026-07-22T17:00:17.318
ATTEMPT 542 W0 SOLVE 4x2 2026-07-22T17:00:17.324
ATTEMPT 542 W0 DONE 4x2 seed=1020765 nsol=16 0.01s 2026-07-22T17:00:17.330
ATTEMPT 543 W0 START 4x2 seed=1020766 2026-07-22T17:00:17.330
ATTEMPT 543 W0 SOLVE 4x2 2026-07-22T17:00:17.337
ATTEMPT 543 W0 DONE 4x2 seed=1020766 nsol=16 0.01s 2026-07-22T17:00:17.347
ATTEMPT 544 W0 START 4x2 seed=1020767 2026-07-22T17:00:17.348
ATTEMPT 544 W0 SOLVE 4x2 2026-07-22T17:00:17.357
ATTEMPT 544 W0 DONE 4x2 seed=1020767 nsol=16 0.00s 2026-07-22T17:00:17.367
ATTEMPT 545 W0 START 4x2 seed=1020768 2026-07-22T17:00:17.367
ATTEMPT 545 W0 SOLVE 4x2 2026-07-22T17:00:17.376
ATTEMPT 545 W0 DONE 4x2 seed=1020768 nsol=16 0.02s 2026-07-22T17:00:17.398
ATTEMPT 546 W0 START 4x2 seed=1020769 2026-07-22T17:00:17.398
ATTEMPT 546 W0 SOLVE 4x2 2026-07-22T17:00:17.406
ATTEMPT 546 W0 DONE 4x2 seed=1020769 nsol=16 0.01s 2026-07-22T17:00:17.421
ATTEMPT 547 W0 START 4x2 seed=1020770 2026-07-22T17:00:17.422
ATTEMPT 547 W0 SOLVE 4x2 2026-07-22T17:00:17.429
ATTEMPT 547 W0 DONE 4x2 seed=1020770 nsol=16 0.01s 2026-07-22T17:00:17.438
ATTEMPT 548 W0 START 4x2 seed=1020771 2026-07-22T17:00:17.438
ATTEMPT 548 W0 SOLVE 4x2 2026-07-22T17:00:17.451
ATTEMPT 548 W0 DONE 4x2 seed=1020771 nsol=16 0.00s 2026-07-22T17:00:17.455
ATTEMPT 549 W0 START 4x2 seed=1020772 2026-07-22T17:00:17.456
ATTEMPT 549 W0 SOLVE 4x2 2026-07-22T17:00:17.465
ATTEMPT 549 W0 DONE 4x2 seed=1020772 nsol=16 0.02s 2026-07-22T17:00:17.481
ATTEMPT 550 W0 START 4x2 seed=1020773 2026-07-22T17:00:17.482
ATTEMPT 550 W0 SOLVE 4x2 2026-07-22T17:00:17.491
ATTEMPT 550 W0 DONE 4x2 seed=1020773 nsol=16 0.01s 2026-07-22T17:00:17.498
ATTEMPT 551 W0 START 4x2 seed=1020774 2026-07-22T17:00:17.499
ATTEMPT 551 W0 SOLVE 4x2 2026-07-22T17:00:17.507
ATTEMPT 551 W0 DONE 4x2 seed=1020774 nsol=16 0.01s 2026-07-22T17:00:17.515
ATTEMPT 552 W0 START 4x2 seed=1020775 2026-07-22T17:00:17.516
ATTEMPT 552 W0 SOLVE 4x2 2026-07-22T17:00:17.522
ATTEMPT 552 W0 DONE 4x2 seed=1020775 nsol=16 0.00s 2026-07-22T17:00:17.527
ATTEMPT 553 W0 START 4x2 seed=1020776 2026-07-22T17:00:17.527
ATTEMPT 553 W0 SOLVE 4x2 2026-07-22T17:00:17.533
ATTEMPT 553 W0 DONE 4x2 seed=1020776 nsol=16 0.01s 2026-07-22T17:00:17.541
ATTEMPT 554 W0 START 4x2 seed=1020777 2026-07-22T17:00:17.541
ATTEMPT 554 W0 SOLVE 4x2 2026-07-22T17:00:17.548
ATTEMPT 554 W0 DONE 4x2 seed=1020777 nsol=16 0.01s 2026-07-22T17:00:17.562
ATTEMPT 555 W0 START 4x2 seed=1020778 2026-07-22T17:00:17.562
ATTEMPT 555 W0 SOLVE 4x2 2026-07-22T17:00:17.570
ATTEMPT 555 W0 DONE 4x2 seed=1020778 nsol=16 0.01s 2026-07-22T17:00:17.577
ATTEMPT 556 W0 START 4x2 seed=1020779 2026-07-22T17:00:17.578
ATTEMPT 556 W0 SOLVE 4x2 2026-07-22T17:00:17.584
ATTEMPT 556 W0 DONE 4x2 seed=1020779 nsol=16 0.01s 2026-07-22T17:00:17.598
ATTEMPT 557 W0 START 4x2 seed=1020780 2026-07-22T17:00:17.598
ATTEMPT 557 W0 SOLVE 4x2 2026-07-22T17:00:17.604
ATTEMPT 557 W0 DONE 4x2 seed=1020780 nsol=16 0.01s 2026-07-22T17:00:17.611
ATTEMPT 558 W0 START 4x2 seed=1020781 2026-07-22T17:00:17.611
ATTEMPT 558 W0 SOLVE 4x2 2026-07-22T17:00:17.617
ATTEMPT 558 W0 DONE 4x2 seed=1020781 nsol=16 0.01s 2026-07-22T17:00:17.623
ATTEMPT 559 W0 START 4x2 seed=1020782 2026-07-22T17:00:17.623
ATTEMPT 559 W0 SOLVE 4x2 2026-07-22T17:00:17.641
ATTEMPT 559 W0 DONE 4x2 seed=1020782 nsol=16 0.02s 2026-07-22T17:00:17.658
ATTEMPT 560 W0 START 4x2 seed=1020783 2026-07-22T17:00:17.659
ATTEMPT 560 W0 SOLVE 4x2 2026-07-22T17:00:17.666
ATTEMPT 560 W0 DONE 4x2 seed=1020783 nsol=16 0.01s 2026-07-22T17:00:17.674
ATTEMPT 561 W0 START 4x2 seed=1020784 2026-07-22T17:00:17.675
ATTEMPT 561 W0 SOLVE 4x2 2026-07-22T17:00:17.682
ATTEMPT 561 W0 DONE 4x2 seed=1020784 nsol=16 0.01s 2026-07-22T17:00:17.692
ATTEMPT 562 W0 START 4x2 seed=1020785 2026-07-22T17:00:17.692
ATTEMPT 562 W0 SOLVE 4x2 2026-07-22T17:00:17.699
ATTEMPT 562 W0 DONE 4x2 seed=1020785 nsol=16 0.04s 2026-07-22T17:00:17.736
ATTEMPT 563 W0 START 4x2 seed=1020786 2026-07-22T17:00:17.736
ATTEMPT 563 W0 SOLVE 4x2 2026-07-22T17:00:17.743
ATTEMPT 563 W0 DONE 4x2 seed=1020786 nsol=16 0.00s 2026-07-22T17:00:17.747
ATTEMPT 564 W0 START 4x2 seed=1020787 2026-07-22T17:00:17.747
ATTEMPT 564 W0 SOLVE 4x2 2026-07-22T17:00:17.753
ATTEMPT 564 W0 DONE 4x2 seed=1020787 nsol=16 0.00s 2026-07-22T17:00:17.757
ATTEMPT 565 W0 START 4x2 seed=1020788 2026-07-22T17:00:17.757
ATTEMPT 565 W0 SOLVE 4x2 2026-07-22T17:00:17.763
ATTEMPT 565 W0 DONE 4x2 seed=1020788 nsol=16 0.00s 2026-07-22T17:00:17.767
ATTEMPT 566 W0 START 4x2 seed=1020789 2026-07-22T17:00:17.767
ATTEMPT 566 W0 SOLVE 4x2 2026-07-22T17:00:17.772
ATTEMPT 566 W0 DONE 4x2 seed=1020789 nsol=16 0.01s 2026-07-22T17:00:17.778
ATTEMPT 567 W0 START 4x2 seed=1020790 2026-07-22T17:00:17.778
ATTEMPT 567 W0 SOLVE 4x2 2026-07-22T17:00:17.784
ATTEMPT 567 W0 DONE 4x2 seed=1020790 nsol=16 0.01s 2026-07-22T17:00:17.796
ATTEMPT 568 W0 START 4x2 seed=1020791 2026-07-22T17:00:17.796
ATTEMPT 568 W0 SOLVE 4x2 2026-07-22T17:00:17.803
ATTEMPT 568 W0 DONE 4x2 seed=1020791 nsol=16 0.01s 2026-07-22T17:00:17.815
ATTEMPT 569 W0 START 4x2 seed=1020792 2026-07-22T17:00:17.815
ATTEMPT 569 W0 SOLVE 4x2 2026-07-22T17:00:17.824
ATTEMPT 569 W0 DONE 4x2 seed=1020792 nsol=16 0.01s 2026-07-22T17:00:17.832
ATTEMPT 570 W0 START 4x2 seed=1020793 2026-07-22T17:00:17.832
ATTEMPT 570 W0 SOLVE 4x2 2026-07-22T17:00:17.837
ATTEMPT 570 W0 DONE 4x2 seed=1020793 nsol=16 0.02s 2026-07-22T17:00:17.853
ATTEMPT 571 W0 START 4x2 seed=1020794 2026-07-22T17:00:17.853
ATTEMPT 571 W0 SOLVE 4x2 2026-07-22T17:00:17.860
ATTEMPT 571 W0 DONE 4x2 seed=1020794 nsol=16 0.01s 2026-07-22T17:00:17.874
ATTEMPT 572 W0 START 4x2 seed=1020795 2026-07-22T17:00:17.874
ATTEMPT 572 W0 SOLVE 4x2 2026-07-22T17:00:17.880
ATTEMPT 572 W0 DONE 4x2 seed=1020795 nsol=16 0.01s 2026-07-22T17:00:17.890
ATTEMPT 573 W0 START 4x2 seed=1020796 2026-07-22T17:00:17.890
ATTEMPT 573 W0 SOLVE 4x2 2026-07-22T17:00:17.898
ATTEMPT 573 W0 DONE 4x2 seed=1020796 nsol=16 0.01s 2026-07-22T17:00:17.907
ATTEMPT 574 W0 START 4x2 seed=1020797 2026-07-22T17:00:17.907
ATTEMPT 574 W0 SOLVE 4x2 2026-07-22T17:00:17.913
ATTEMPT 574 W0 DONE 4x2 seed=1020797 nsol=16 0.01s 2026-07-22T17:00:17.920
ATTEMPT 575 W0 START 4x2 seed=1020798 2026-07-22T17:00:17.920
ATTEMPT 575 W0 SOLVE 4x2 2026-07-22T17:00:17.926
ATTEMPT 575 W0 DONE 4x2 seed=1020798 nsol=16 0.02s 2026-07-22T17:00:17.942
ATTEMPT 576 W0 START 4x2 seed=1020799 2026-07-22T17:00:17.943
ATTEMPT 576 W0 SOLVE 4x2 2026-07-22T17:00:17.950
ATTEMPT 576 W0 DONE 4x2 seed=1020799 nsol=16 0.01s 2026-07-22T17:00:17.958
ATTEMPT 577 W0 START 4x2 seed=1020800 2026-07-22T17:00:17.958
ATTEMPT 577 W0 SOLVE 4x2 2026-07-22T17:00:17.965
ATTEMPT 577 W0 DONE 4x2 seed=1020800 nsol=16 0.01s 2026-07-22T17:00:17.974
ATTEMPT 578 W0 START 4x2 seed=1020801 2026-07-22T17:00:17.975
ATTEMPT 578 W0 SOLVE 4x2 2026-07-22T17:00:17.980
ATTEMPT 578 W0 DONE 4x2 seed=1020801 nsol=16 0.01s 2026-07-22T17:00:17.990
ATTEMPT 579 W0 START 4x2 seed=1020802 2026-07-22T17:00:17.990
ATTEMPT 579 W0 SOLVE 4x2 2026-07-22T17:00:17.996
ATTEMPT 579 W0 DONE 4x2 seed=1020802 nsol=16 0.01s 2026-07-22T17:00:18.010
ATTEMPT 580 W0 START 4x2 seed=1020803 2026-07-22T17:00:18.010
ATTEMPT 580 W0 SOLVE 4x2 2026-07-22T17:00:18.019
ATTEMPT 580 W0 DONE 4x2 seed=1020803 nsol=16 0.01s 2026-07-22T17:00:18.028
ATTEMPT 581 W0 START 4x2 seed=1020804 2026-07-22T17:00:18.028
ATTEMPT 581 W0 SOLVE 4x2 2026-07-22T17:00:18.033
ATTEMPT 581 W0 DONE 4x2 seed=1020804 nsol=16 0.01s 2026-07-22T17:00:18.041
ATTEMPT 582 W0 START 4x2 seed=1020805 2026-07-22T17:00:18.041
ATTEMPT 582 W0 SOLVE 4x2 2026-07-22T17:00:18.050
ATTEMPT 582 W0 DONE 4x2 seed=1020805 nsol=16 0.02s 2026-07-22T17:00:18.072
ATTEMPT 583 W0 START 4x2 seed=1020806 2026-07-22T17:00:18.073
ATTEMPT 583 W0 SOLVE 4x2 2026-07-22T17:00:18.080
ATTEMPT 583 W0 DONE 4x2 seed=1020806 nsol=16 0.01s 2026-07-22T17:00:18.094
ATTEMPT 584 W0 START 4x2 seed=1020807 2026-07-22T17:00:18.094
ATTEMPT 584 W0 SOLVE 4x2 2026-07-22T17:00:18.100
ATTEMPT 584 W0 DONE 4x2 seed=1020807 nsol=16 0.01s 2026-07-22T17:00:18.109
ATTEMPT 585 W0 START 4x2 seed=1020808 2026-07-22T17:00:18.109
ATTEMPT 585 W0 SOLVE 4x2 2026-07-22T17:00:18.114
ATTEMPT 585 W0 DONE 4x2 seed=1020808 nsol=16 0.01s 2026-07-22T17:00:18.121
ATTEMPT 586 W0 START 4x2 seed=1020809 2026-07-22T17:00:18.121
ATTEMPT 586 W0 SOLVE 4x2 2026-07-22T17:00:18.127
ATTEMPT 586 W0 DONE 4x2 seed=1020809 nsol=16 0.02s 2026-07-22T17:00:18.143
ATTEMPT 587 W0 START 4x2 seed=1020810 2026-07-22T17:00:18.143
ATTEMPT 587 W0 SOLVE 4x2 2026-07-22T17:00:18.149
ATTEMPT 587 W0 DONE 4x2 seed=1020810 nsol=16 0.01s 2026-07-22T17:00:18.154
ATTEMPT 588 W0 START 4x2 seed=1020811 2026-07-22T17:00:18.155
ATTEMPT 588 W0 SOLVE 4x2 2026-07-22T17:00:18.161
ATTEMPT 588 W0 DONE 4x2 seed=1020811 nsol=16 0.01s 2026-07-22T17:00:18.166
ATTEMPT 589 W0 START 4x2 seed=1020812 2026-07-22T17:00:18.166
ATTEMPT 589 W0 SOLVE 4x2 2026-07-22T17:00:18.171
ATTEMPT 589 W0 DONE 4x2 seed=1020812 nsol=16 0.01s 2026-07-22T17:00:18.182
ATTEMPT 590 W0 START 4x2 seed=1020813 2026-07-22T17:00:18.182
ATTEMPT 590 W0 SOLVE 4x2 2026-07-22T17:00:18.188
ATTEMPT 590 W0 DONE 4x2 seed=1020813 nsol=16 0.01s 2026-07-22T17:00:18.199
ATTEMPT 591 W0 START 4x2 seed=1020814 2026-07-22T17:00:18.200
ATTEMPT 591 W0 SOLVE 4x2 2026-07-22T17:00:18.206
ATTEMPT 591 W0 DONE 4x2 seed=1020814 nsol=16 0.00s 2026-07-22T17:00:18.210
ATTEMPT 592 W0 START 4x2 seed=1020815 2026-07-22T17:00:18.211
ATTEMPT 592 W0 SOLVE 4x2 2026-07-22T17:00:18.216
ATTEMPT 592 W0 DONE 4x2 seed=1020815 nsol=16 0.00s 2026-07-22T17:00:18.220
ATTEMPT 593 W0 START 4x2 seed=1020816 2026-07-22T17:00:18.220
ATTEMPT 593 W0 SOLVE 4x2 2026-07-22T17:00:18.225
ATTEMPT 593 W0 DONE 4x2 seed=1020816 nsol=16 0.01s 2026-07-22T17:00:18.231
ATTEMPT 594 W0 START 4x2 seed=1020817 2026-07-22T17:00:18.231
ATTEMPT 594 W0 SOLVE 4x2 2026-07-22T17:00:18.236
ATTEMPT 594 W0 DONE 4x2 seed=1020817 nsol=16 0.01s 2026-07-22T17:00:18.242
ATTEMPT 595 W0 START 4x2 seed=1020818 2026-07-22T17:00:18.242
ATTEMPT 595 W0 SOLVE 4x2 2026-07-22T17:00:18.247
ATTEMPT 595 W0 DONE 4x2 seed=1020818 nsol=16 0.01s 2026-07-22T17:00:18.258
ATTEMPT 596 W0 START 4x2 seed=1020819 2026-07-22T17:00:18.258
ATTEMPT 596 W0 SOLVE 4x2 2026-07-22T17:00:18.264
ATTEMPT 596 W0 DONE 4x2 seed=1020819 nsol=16 0.01s 2026-07-22T17:00:18.269
ATTEMPT 597 W0 START 4x2 seed=1020820 2026-07-22T17:00:18.269
ATTEMPT 597 W0 SOLVE 4x2 2026-07-22T17:00:18.275
ATTEMPT 597 W0 DONE 4x2 seed=1020820 nsol=16 0.04s 2026-07-22T17:00:18.310
ATTEMPT 598 W0 START 4x2 seed=1020821 2026-07-22T17:00:18.310
ATTEMPT 598 W0 SOLVE 4x2 2026-07-22T17:00:18.316
ATTEMPT 598 W0 DONE 4x2 seed=1020821 nsol=16 0.01s 2026-07-22T17:00:18.326
ATTEMPT 599 W0 START 4x2 seed=1020822 2026-07-22T17:00:18.326
ATTEMPT 599 W0 SOLVE 4x2 2026-07-22T17:00:18.332
ATTEMPT 599 W0 DONE 4x2 seed=1020822 nsol=16 0.02s 2026-07-22T17:00:18.348
ATTEMPT 600 W0 START 4x2 seed=1020823 2026-07-22T17:00:18.349
ATTEMPT 600 W0 SOLVE 4x2 2026-07-22T17:00:18.355
ATTEMPT 600 W0 DONE 4x2 seed=1020823 nsol=16 0.01s 2026-07-22T17:00:18.361
HUNT2 complete 2026-07-22T17:00:18.365
