HUNT2 start mode=seq hcthr=on nworkers=0 nthreads=14 ngcthreads=14 nsolves=600 seed_base=1130055 shape=4x2 pid=2097291 julia=1.12.6 HC=2.20.0 2026-07-22T17:00:27.710
ATTEMPT 1 W0 START 4x2 seed=1130056 2026-07-22T17:00:31.529
ATTEMPT 1 W0 SOLVE 4x2 2026-07-22T17:00:37.807
Computing mixed cells... 2    Time: 0:00:01[K
   mixed_volume: 9[K[A
[K[AComputing mixed cells... 4    Time: 0:00:01[K
   mixed_volume: 16[K
ATTEMPT 1 W0 DONE 4x2 seed=1130056 nsol=16 90.87s 2026-07-22T17:02:09.062
ATTEMPT 2 W0 START 4x2 seed=1130057 2026-07-22T17:02:09.455
ATTEMPT 2 W0 SOLVE 4x2 2026-07-22T17:02:09.465
ATTEMPT 2 W0 DONE 4x2 seed=1130057 nsol=16 0.02s 2026-07-22T17:02:09.487
ATTEMPT 3 W0 START 4x2 seed=1130058 2026-07-22T17:02:09.487
ATTEMPT 3 W0 SOLVE 4x2 2026-07-22T17:02:09.493
ATTEMPT 3 W0 DONE 4x2 seed=1130058 nsol=16 0.03s 2026-07-22T17:02:09.522
ATTEMPT 4 W0 START 4x2 seed=1130059 2026-07-22T17:02:09.522
ATTEMPT 4 W0 SOLVE 4x2 2026-07-22T17:02:09.528
ATTEMPT 4 W0 DONE 4x2 seed=1130059 nsol=16 0.01s 2026-07-22T17:02:09.536
ATTEMPT 5 W0 START 4x2 seed=1130060 2026-07-22T17:02:09.536
ATTEMPT 5 W0 SOLVE 4x2 2026-07-22T17:02:09.544
ATTEMPT 5 W0 DONE 4x2 seed=1130060 nsol=16 0.03s 2026-07-22T17:02:09.570
ATTEMPT 6 W0 START 4x2 seed=1130061 2026-07-22T17:02:09.570
ATTEMPT 6 W0 SOLVE 4x2 2026-07-22T17:02:09.575
ATTEMPT 6 W0 DONE 4x2 seed=1130061 nsol=16 0.01s 2026-07-22T17:02:09.587
ATTEMPT 7 W0 START 4x2 seed=1130062 2026-07-22T17:02:09.587
ATTEMPT 7 W0 SOLVE 4x2 2026-07-22T17:02:09.595
ATTEMPT 7 W0 DONE 4x2 seed=1130062 nsol=16 0.01s 2026-07-22T17:02:09.608
ATTEMPT 8 W0 START 4x2 seed=1130063 2026-07-22T17:02:09.608
ATTEMPT 8 W0 SOLVE 4x2 2026-07-22T17:02:09.613
ATTEMPT 8 W0 DONE 4x2 seed=1130063 nsol=16 0.01s 2026-07-22T17:02:09.627
ATTEMPT 9 W0 START 4x2 seed=1130064 2026-07-22T17:02:09.627
ATTEMPT 9 W0 SOLVE 4x2 2026-07-22T17:02:09.632
ATTEMPT 9 W0 DONE 4x2 seed=1130064 nsol=16 0.01s 2026-07-22T17:02:09.643
ATTEMPT 10 W0 START 4x2 seed=1130065 2026-07-22T17:02:09.644
ATTEMPT 10 W0 SOLVE 4x2 2026-07-22T17:02:09.649
ATTEMPT 10 W0 DONE 4x2 seed=1130065 nsol=16 0.00s 2026-07-22T17:02:09.654
ATTEMPT 11 W0 START 4x2 seed=1130066 2026-07-22T17:02:09.654
ATTEMPT 11 W0 SOLVE 4x2 2026-07-22T17:02:09.660
ATTEMPT 11 W0 DONE 4x2 seed=1130066 nsol=16 0.01s 2026-07-22T17:02:09.670
ATTEMPT 12 W0 START 4x2 seed=1130067 2026-07-22T17:02:09.670
ATTEMPT 12 W0 SOLVE 4x2 2026-07-22T17:02:09.676
ATTEMPT 12 W0 DONE 4x2 seed=1130067 nsol=16 0.01s 2026-07-22T17:02:09.687
ATTEMPT 13 W0 START 4x2 seed=1130068 2026-07-22T17:02:09.687
ATTEMPT 13 W0 SOLVE 4x2 2026-07-22T17:02:09.692
ATTEMPT 13 W0 DONE 4x2 seed=1130068 nsol=16 0.01s 2026-07-22T17:02:09.701
ATTEMPT 14 W0 START 4x2 seed=1130069 2026-07-22T17:02:09.701
ATTEMPT 14 W0 SOLVE 4x2 2026-07-22T17:02:09.706
ATTEMPT 14 W0 DONE 4x2 seed=1130069 nsol=16 0.01s 2026-07-22T17:02:09.714
ATTEMPT 15 W0 START 4x2 seed=1130070 2026-07-22T17:02:09.714
ATTEMPT 15 W0 SOLVE 4x2 2026-07-22T17:02:09.720
ATTEMPT 15 W0 DONE 4x2 seed=1130070 nsol=16 0.01s 2026-07-22T17:02:09.729
ATTEMPT 16 W0 START 4x2 seed=1130071 2026-07-22T17:02:09.729
ATTEMPT 16 W0 SOLVE 4x2 2026-07-22T17:02:09.737
ATTEMPT 16 W0 DONE 4x2 seed=1130071 nsol=16 0.01s 2026-07-22T17:02:09.744
ATTEMPT 17 W0 START 4x2 seed=1130072 2026-07-22T17:02:09.744
ATTEMPT 17 W0 SOLVE 4x2 2026-07-22T17:02:09.751
ATTEMPT 17 W0 DONE 4x2 seed=1130072 nsol=16 0.01s 2026-07-22T17:02:09.760
ATTEMPT 18 W0 START 4x2 seed=1130073 2026-07-22T17:02:09.760
ATTEMPT 18 W0 SOLVE 4x2 2026-07-22T17:02:09.766
ATTEMPT 18 W0 DONE 4x2 seed=1130073 nsol=16 0.01s 2026-07-22T17:02:09.779
ATTEMPT 19 W0 START 4x2 seed=1130074 2026-07-22T17:02:09.779
ATTEMPT 19 W0 SOLVE 4x2 2026-07-22T17:02:09.789
ATTEMPT 19 W0 DONE 4x2 seed=1130074 nsol=16 0.01s 2026-07-22T17:02:09.796
ATTEMPT 20 W0 START 4x2 seed=1130075 2026-07-22T17:02:09.797
ATTEMPT 20 W0 SOLVE 4x2 2026-07-22T17:02:09.803
ATTEMPT 20 W0 DONE 4x2 seed=1130075 nsol=16 0.00s 2026-07-22T17:02:09.808
ATTEMPT 21 W0 START 4x2 seed=1130076 2026-07-22T17:02:09.808
ATTEMPT 21 W0 SOLVE 4x2 2026-07-22T17:02:09.814
ATTEMPT 21 W0 DONE 4x2 seed=1130076 nsol=16 0.01s 2026-07-22T17:02:09.827
ATTEMPT 22 W0 START 4x2 seed=1130077 2026-07-22T17:02:09.827
ATTEMPT 22 W0 SOLVE 4x2 2026-07-22T17:02:09.833
ATTEMPT 22 W0 DONE 4x2 seed=1130077 nsol=16 0.02s 2026-07-22T17:02:09.851
ATTEMPT 23 W0 START 4x2 seed=1130078 2026-07-22T17:02:09.851
ATTEMPT 23 W0 SOLVE 4x2 2026-07-22T17:02:09.856
ATTEMPT 23 W0 DONE 4x2 seed=1130078 nsol=16 0.01s 2026-07-22T17:02:09.867
ATTEMPT 24 W0 START 4x2 seed=1130079 2026-07-22T17:02:09.867
ATTEMPT 24 W0 SOLVE 4x2 2026-07-22T17:02:09.872
ATTEMPT 24 W0 DONE 4x2 seed=1130079 nsol=16 0.01s 2026-07-22T17:02:09.887
ATTEMPT 25 W0 START 4x2 seed=1130080 2026-07-22T17:02:09.887
ATTEMPT 25 W0 SOLVE 4x2 2026-07-22T17:02:09.895
ATTEMPT 25 W0 DONE 4x2 seed=1130080 nsol=16 0.02s 2026-07-22T17:02:09.911
ATTEMPT 26 W0 START 4x2 seed=1130081 2026-07-22T17:02:09.911
ATTEMPT 26 W0 SOLVE 4x2 2026-07-22T17:02:09.919
ATTEMPT 26 W0 DONE 4x2 seed=1130081 nsol=16 0.01s 2026-07-22T17:02:09.925
ATTEMPT 27 W0 START 4x2 seed=1130082 2026-07-22T17:02:09.925
ATTEMPT 27 W0 SOLVE 4x2 2026-07-22T17:02:09.931
ATTEMPT 27 W0 DONE 4x2 seed=1130082 nsol=16 0.02s 2026-07-22T17:02:09.947
ATTEMPT 28 W0 START 4x2 seed=1130083 2026-07-22T17:02:09.947
ATTEMPT 28 W0 SOLVE 4x2 2026-07-22T17:02:09.952
ATTEMPT 28 W0 DONE 4x2 seed=1130083 nsol=16 0.01s 2026-07-22T17:02:09.962
ATTEMPT 29 W0 START 4x2 seed=1130084 2026-07-22T17:02:09.963
ATTEMPT 29 W0 SOLVE 4x2 2026-07-22T17:02:09.968
ATTEMPT 29 W0 DONE 4x2 seed=1130084 nsol=16 0.01s 2026-07-22T17:02:09.979
ATTEMPT 30 W0 START 4x2 seed=1130085 2026-07-22T17:02:09.979
ATTEMPT 30 W0 SOLVE 4x2 2026-07-22T17:02:09.985
ATTEMPT 30 W0 DONE 4x2 seed=1130085 nsol=16 0.01s 2026-07-22T17:02:09.995
ATTEMPT 31 W0 START 4x2 seed=1130086 2026-07-22T17:02:09.995
ATTEMPT 31 W0 SOLVE 4x2 2026-07-22T17:02:10.003
ATTEMPT 31 W0 DONE 4x2 seed=1130086 nsol=16 0.01s 2026-07-22T17:02:10.010
ATTEMPT 32 W0 START 4x2 seed=1130087 2026-07-22T17:02:10.011
ATTEMPT 32 W0 SOLVE 4x2 2026-07-22T17:02:10.018
ATTEMPT 32 W0 DONE 4x2 seed=1130087 nsol=16 0.01s 2026-07-22T17:02:10.027
ATTEMPT 33 W0 START 4x2 seed=1130088 2026-07-22T17:02:10.027
ATTEMPT 33 W0 SOLVE 4x2 2026-07-22T17:02:10.034
ATTEMPT 33 W0 DONE 4x2 seed=1130088 nsol=16 0.01s 2026-07-22T17:02:10.047
ATTEMPT 34 W0 START 4x2 seed=1130089 2026-07-22T17:02:10.047
ATTEMPT 34 W0 SOLVE 4x2 2026-07-22T17:02:10.060
ATTEMPT 34 W0 DONE 4x2 seed=1130089 nsol=16 0.01s 2026-07-22T17:02:10.071
ATTEMPT 35 W0 START 4x2 seed=1130090 2026-07-22T17:02:10.071
ATTEMPT 35 W0 SOLVE 4x2 2026-07-22T17:02:10.082
ATTEMPT 35 W0 DONE 4x2 seed=1130090 nsol=16 0.01s 2026-07-22T17:02:10.092
ATTEMPT 36 W0 START 4x2 seed=1130091 2026-07-22T17:02:10.093
ATTEMPT 36 W0 SOLVE 4x2 2026-07-22T17:02:10.102
ATTEMPT 36 W0 DONE 4x2 seed=1130091 nsol=16 0.02s 2026-07-22T17:02:10.118
ATTEMPT 37 W0 START 4x2 seed=1130092 2026-07-22T17:02:10.119
ATTEMPT 37 W0 SOLVE 4x2 2026-07-22T17:02:10.135
ATTEMPT 37 W0 DONE 4x2 seed=1130092 nsol=16 0.01s 2026-07-22T17:02:10.147
ATTEMPT 38 W0 START 4x2 seed=1130093 2026-07-22T17:02:10.147
ATTEMPT 38 W0 SOLVE 4x2 2026-07-22T17:02:10.158
ATTEMPT 38 W0 DONE 4x2 seed=1130093 nsol=16 0.02s 2026-07-22T17:02:10.175
ATTEMPT 39 W0 START 4x2 seed=1130094 2026-07-22T17:02:10.175
ATTEMPT 39 W0 SOLVE 4x2 2026-07-22T17:02:10.182
ATTEMPT 39 W0 DONE 4x2 seed=1130094 nsol=16 0.02s 2026-07-22T17:02:10.203
ATTEMPT 40 W0 START 4x2 seed=1130095 2026-07-22T17:02:10.203
ATTEMPT 40 W0 SOLVE 4x2 2026-07-22T17:02:10.209
ATTEMPT 40 W0 DONE 4x2 seed=1130095 nsol=16 0.01s 2026-07-22T17:02:10.223
ATTEMPT 41 W0 START 4x2 seed=1130096 2026-07-22T17:02:10.223
ATTEMPT 41 W0 SOLVE 4x2 2026-07-22T17:02:10.233
ATTEMPT 41 W0 DONE 4x2 seed=1130096 nsol=16 0.01s 2026-07-22T17:02:10.243
ATTEMPT 42 W0 START 4x2 seed=1130097 2026-07-22T17:02:10.243
ATTEMPT 42 W0 SOLVE 4x2 2026-07-22T17:02:10.253
ATTEMPT 42 W0 DONE 4x2 seed=1130097 nsol=16 0.01s 2026-07-22T17:02:10.264
ATTEMPT 43 W0 START 4x2 seed=1130098 2026-07-22T17:02:10.265
ATTEMPT 43 W0 SOLVE 4x2 2026-07-22T17:02:10.281
ATTEMPT 43 W0 DONE 4x2 seed=1130098 nsol=16 0.02s 2026-07-22T17:02:10.299
ATTEMPT 44 W0 START 4x2 seed=1130099 2026-07-22T17:02:10.299
ATTEMPT 44 W0 SOLVE 4x2 2026-07-22T17:02:10.312
ATTEMPT 44 W0 DONE 4x2 seed=1130099 nsol=16 0.01s 2026-07-22T17:02:10.325
ATTEMPT 45 W0 START 4x2 seed=1130100 2026-07-22T17:02:10.325
ATTEMPT 45 W0 SOLVE 4x2 2026-07-22T17:02:10.333
ATTEMPT 45 W0 DONE 4x2 seed=1130100 nsol=16 0.00s 2026-07-22T17:02:10.338
ATTEMPT 46 W0 START 4x2 seed=1130101 2026-07-22T17:02:10.338
ATTEMPT 46 W0 SOLVE 4x2 2026-07-22T17:02:10.345
ATTEMPT 46 W0 DONE 4x2 seed=1130101 nsol=16 0.02s 2026-07-22T17:02:10.363
ATTEMPT 47 W0 START 4x2 seed=1130102 2026-07-22T17:02:10.363
ATTEMPT 47 W0 SOLVE 4x2 2026-07-22T17:02:10.388
ATTEMPT 47 W0 DONE 4x2 seed=1130102 nsol=16 0.01s 2026-07-22T17:02:10.400
ATTEMPT 48 W0 START 4x2 seed=1130103 2026-07-22T17:02:10.400
ATTEMPT 48 W0 SOLVE 4x2 2026-07-22T17:02:10.417
ATTEMPT 48 W0 DONE 4x2 seed=1130103 nsol=16 0.01s 2026-07-22T17:02:10.430
ATTEMPT 49 W0 START 4x2 seed=1130104 2026-07-22T17:02:10.430
ATTEMPT 49 W0 SOLVE 4x2 2026-07-22T17:02:10.452
ATTEMPT 49 W0 DONE 4x2 seed=1130104 nsol=16 0.00s 2026-07-22T17:02:10.462
ATTEMPT 50 W0 START 4x2 seed=1130105 2026-07-22T17:02:10.462
ATTEMPT 50 W0 SOLVE 4x2 2026-07-22T17:02:10.472
ATTEMPT 50 W0 DONE 4x2 seed=1130105 nsol=16 0.01s 2026-07-22T17:02:10.487
ATTEMPT 51 W0 START 4x2 seed=1130106 2026-07-22T17:02:10.487
ATTEMPT 51 W0 SOLVE 4x2 2026-07-22T17:02:10.503
ATTEMPT 51 W0 DONE 4x2 seed=1130106 nsol=16 0.02s 2026-07-22T17:02:10.519
ATTEMPT 52 W0 START 4x2 seed=1130107 2026-07-22T17:02:10.519
ATTEMPT 52 W0 SOLVE 4x2 2026-07-22T17:02:10.524
ATTEMPT 52 W0 DONE 4x2 seed=1130107 nsol=16 0.00s 2026-07-22T17:02:10.535
ATTEMPT 53 W0 START 4x2 seed=1130108 2026-07-22T17:02:10.535
ATTEMPT 53 W0 SOLVE 4x2 2026-07-22T17:02:10.545
ATTEMPT 53 W0 DONE 4x2 seed=1130108 nsol=16 0.01s 2026-07-22T17:02:10.553
ATTEMPT 54 W0 START 4x2 seed=1130109 2026-07-22T17:02:10.553
ATTEMPT 54 W0 SOLVE 4x2 2026-07-22T17:02:10.569
ATTEMPT 54 W0 DONE 4x2 seed=1130109 nsol=16 0.02s 2026-07-22T17:02:10.584
ATTEMPT 55 W0 START 4x2 seed=1130110 2026-07-22T17:02:10.584
ATTEMPT 55 W0 SOLVE 4x2 2026-07-22T17:02:10.603
ATTEMPT 55 W0 DONE 4x2 seed=1130110 nsol=16 0.01s 2026-07-22T17:02:10.617
ATTEMPT 56 W0 START 4x2 seed=1130111 2026-07-22T17:02:10.617
ATTEMPT 56 W0 SOLVE 4x2 2026-07-22T17:02:10.635
ATTEMPT 56 W0 DONE 4x2 seed=1130111 nsol=16 0.01s 2026-07-22T17:02:10.645
ATTEMPT 57 W0 START 4x2 seed=1130112 2026-07-22T17:02:10.645
ATTEMPT 57 W0 SOLVE 4x2 2026-07-22T17:02:10.663
ATTEMPT 57 W0 DONE 4x2 seed=1130112 nsol=16 0.01s 2026-07-22T17:02:10.673
ATTEMPT 58 W0 START 4x2 seed=1130113 2026-07-22T17:02:10.673
ATTEMPT 58 W0 SOLVE 4x2 2026-07-22T17:02:10.686
ATTEMPT 58 W0 DONE 4x2 seed=1130113 nsol=16 0.01s 2026-07-22T17:02:10.701
ATTEMPT 59 W0 START 4x2 seed=1130114 2026-07-22T17:02:10.701
ATTEMPT 59 W0 SOLVE 4x2 2026-07-22T17:02:10.727
ATTEMPT 59 W0 DONE 4x2 seed=1130114 nsol=16 0.01s 2026-07-22T17:02:10.741
ATTEMPT 60 W0 START 4x2 seed=1130115 2026-07-22T17:02:10.741
ATTEMPT 60 W0 SOLVE 4x2 2026-07-22T17:02:10.746
ATTEMPT 60 W0 DONE 4x2 seed=1130115 nsol=16 0.02s 2026-07-22T17:02:10.766
ATTEMPT 61 W0 START 4x2 seed=1130116 2026-07-22T17:02:10.766
ATTEMPT 61 W0 SOLVE 4x2 2026-07-22T17:02:10.786
ATTEMPT 61 W0 DONE 4x2 seed=1130116 nsol=16 0.02s 2026-07-22T17:02:10.810
ATTEMPT 62 W0 START 4x2 seed=1130117 2026-07-22T17:02:10.810
ATTEMPT 62 W0 SOLVE 4x2 2026-07-22T17:02:10.826
ATTEMPT 62 W0 DONE 4x2 seed=1130117 nsol=16 0.03s 2026-07-22T17:02:10.855
ATTEMPT 63 W0 START 4x2 seed=1130118 2026-07-22T17:02:10.855
ATTEMPT 63 W0 SOLVE 4x2 2026-07-22T17:02:10.866
ATTEMPT 63 W0 DONE 4x2 seed=1130118 nsol=16 0.02s 2026-07-22T17:02:10.895
ATTEMPT 64 W0 START 4x2 seed=1130119 2026-07-22T17:02:10.895
ATTEMPT 64 W0 SOLVE 4x2 2026-07-22T17:02:10.910
ATTEMPT 64 W0 DONE 4x2 seed=1130119 nsol=16 0.03s 2026-07-22T17:02:10.947
ATTEMPT 65 W0 START 4x2 seed=1130120 2026-07-22T17:02:10.947
ATTEMPT 65 W0 SOLVE 4x2 2026-07-22T17:02:10.954
ATTEMPT 65 W0 DONE 4x2 seed=1130120 nsol=16 0.02s 2026-07-22T17:02:10.986
ATTEMPT 66 W0 START 4x2 seed=1130121 2026-07-22T17:02:10.986
ATTEMPT 66 W0 SOLVE 4x2 2026-07-22T17:02:11.003
ATTEMPT 66 W0 DONE 4x2 seed=1130121 nsol=16 0.03s 2026-07-22T17:02:11.031
ATTEMPT 67 W0 START 4x2 seed=1130122 2026-07-22T17:02:11.031
ATTEMPT 67 W0 SOLVE 4x2 2026-07-22T17:02:11.045
ATTEMPT 67 W0 DONE 4x2 seed=1130122 nsol=16 0.01s 2026-07-22T17:02:11.062
ATTEMPT 68 W0 START 4x2 seed=1130123 2026-07-22T17:02:11.067
ATTEMPT 68 W0 SOLVE 4x2 2026-07-22T17:02:11.083
ATTEMPT 68 W0 DONE 4x2 seed=1130123 nsol=16 0.00s 2026-07-22T17:02:11.091
ATTEMPT 69 W0 START 4x2 seed=1130124 2026-07-22T17:02:11.091
ATTEMPT 69 W0 SOLVE 4x2 2026-07-22T17:02:11.109
ATTEMPT 69 W0 DONE 4x2 seed=1130124 nsol=16 0.01s 2026-07-22T17:02:11.122
ATTEMPT 70 W0 START 4x2 seed=1130125 2026-07-22T17:02:11.122
ATTEMPT 70 W0 SOLVE 4x2 2026-07-22T17:02:11.136
ATTEMPT 70 W0 DONE 4x2 seed=1130125 nsol=16 0.01s 2026-07-22T17:02:11.152
ATTEMPT 71 W0 START 4x2 seed=1130126 2026-07-22T17:02:11.152
ATTEMPT 71 W0 SOLVE 4x2 2026-07-22T17:02:11.183
ATTEMPT 71 W0 DONE 4x2 seed=1130126 nsol=16 0.00s 2026-07-22T17:02:11.187
ATTEMPT 72 W0 START 4x2 seed=1130127 2026-07-22T17:02:11.187
ATTEMPT 72 W0 SOLVE 4x2 2026-07-22T17:02:11.206
ATTEMPT 72 W0 DONE 4x2 seed=1130127 nsol=16 0.03s 2026-07-22T17:02:11.243
ATTEMPT 73 W0 START 4x2 seed=1130128 2026-07-22T17:02:11.243
ATTEMPT 73 W0 SOLVE 4x2 2026-07-22T17:02:11.261
ATTEMPT 73 W0 DONE 4x2 seed=1130128 nsol=16 0.01s 2026-07-22T17:02:11.273
ATTEMPT 74 W0 START 4x2 seed=1130129 2026-07-22T17:02:11.274
ATTEMPT 74 W0 SOLVE 4x2 2026-07-22T17:02:11.285
ATTEMPT 74 W0 DONE 4x2 seed=1130129 nsol=16 0.02s 2026-07-22T17:02:11.307
ATTEMPT 75 W0 START 4x2 seed=1130130 2026-07-22T17:02:11.307
ATTEMPT 75 W0 SOLVE 4x2 2026-07-22T17:02:11.317
ATTEMPT 75 W0 DONE 4x2 seed=1130130 nsol=16 0.14s 2026-07-22T17:02:11.459
ATTEMPT 76 W0 START 4x2 seed=1130131 2026-07-22T17:02:11.459
ATTEMPT 76 W0 SOLVE 4x2 2026-07-22T17:02:11.480
ATTEMPT 76 W0 DONE 4x2 seed=1130131 nsol=16 0.01s 2026-07-22T17:02:11.493
ATTEMPT 77 W0 START 4x2 seed=1130132 2026-07-22T17:02:11.493
ATTEMPT 77 W0 SOLVE 4x2 2026-07-22T17:02:11.499
ATTEMPT 77 W0 DONE 4x2 seed=1130132 nsol=16 0.04s 2026-07-22T17:02:11.539
ATTEMPT 78 W0 START 4x2 seed=1130133 2026-07-22T17:02:11.539
ATTEMPT 78 W0 SOLVE 4x2 2026-07-22T17:02:11.555
ATTEMPT 78 W0 DONE 4x2 seed=1130133 nsol=16 0.03s 2026-07-22T17:02:11.582
ATTEMPT 79 W0 START 4x2 seed=1130134 2026-07-22T17:02:11.582
ATTEMPT 79 W0 SOLVE 4x2 2026-07-22T17:02:11.591
ATTEMPT 79 W0 DONE 4x2 seed=1130134 nsol=16 0.02s 2026-07-22T17:02:11.615
ATTEMPT 80 W0 START 4x2 seed=1130135 2026-07-22T17:02:11.615
ATTEMPT 80 W0 SOLVE 4x2 2026-07-22T17:02:11.625
ATTEMPT 80 W0 DONE 4x2 seed=1130135 nsol=16 0.02s 2026-07-22T17:02:11.655
ATTEMPT 81 W0 START 4x2 seed=1130136 2026-07-22T17:02:11.655
ATTEMPT 81 W0 SOLVE 4x2 2026-07-22T17:02:11.665
ATTEMPT 81 W0 DONE 4x2 seed=1130136 nsol=16 0.01s 2026-07-22T17:02:11.682
ATTEMPT 82 W0 START 4x2 seed=1130137 2026-07-22T17:02:11.682
ATTEMPT 82 W0 SOLVE 4x2 2026-07-22T17:02:11.692
ATTEMPT 82 W0 DONE 4x2 seed=1130137 nsol=16 0.02s 2026-07-22T17:02:11.715
ATTEMPT 83 W0 START 4x2 seed=1130138 2026-07-22T17:02:11.715
ATTEMPT 83 W0 SOLVE 4x2 2026-07-22T17:02:11.721
ATTEMPT 83 W0 DONE 4x2 seed=1130138 nsol=16 0.02s 2026-07-22T17:02:11.748
ATTEMPT 84 W0 START 4x2 seed=1130139 2026-07-22T17:02:11.748
ATTEMPT 84 W0 SOLVE 4x2 2026-07-22T17:02:11.769
ATTEMPT 84 W0 DONE 4x2 seed=1130139 nsol=16 0.03s 2026-07-22T17:02:11.799
ATTEMPT 85 W0 START 4x2 seed=1130140 2026-07-22T17:02:11.799
ATTEMPT 85 W0 SOLVE 4x2 2026-07-22T17:02:11.819
ATTEMPT 85 W0 DONE 4x2 seed=1130140 nsol=16 0.02s 2026-07-22T17:02:11.839
ATTEMPT 86 W0 START 4x2 seed=1130141 2026-07-22T17:02:11.841
ATTEMPT 86 W0 SOLVE 4x2 2026-07-22T17:02:11.846
ATTEMPT 86 W0 DONE 4x2 seed=1130141 nsol=16 0.01s 2026-07-22T17:02:11.867
ATTEMPT 87 W0 START 4x2 seed=1130142 2026-07-22T17:02:11.867
ATTEMPT 87 W0 SOLVE 4x2 2026-07-22T17:02:11.877
ATTEMPT 87 W0 DONE 4x2 seed=1130142 nsol=16 0.01s 2026-07-22T17:02:11.893
ATTEMPT 88 W0 START 4x2 seed=1130143 2026-07-22T17:02:11.893
ATTEMPT 88 W0 SOLVE 4x2 2026-07-22T17:02:11.907
ATTEMPT 88 W0 DONE 4x2 seed=1130143 nsol=16 0.02s 2026-07-22T17:02:11.923
ATTEMPT 89 W0 START 4x2 seed=1130144 2026-07-22T17:02:11.923
ATTEMPT 89 W0 SOLVE 4x2 2026-07-22T17:02:11.934
ATTEMPT 89 W0 DONE 4x2 seed=1130144 nsol=16 0.03s 2026-07-22T17:02:11.970
ATTEMPT 90 W0 START 4x2 seed=1130145 2026-07-22T17:02:11.970
ATTEMPT 90 W0 SOLVE 4x2 2026-07-22T17:02:11.982
ATTEMPT 90 W0 DONE 4x2 seed=1130145 nsol=16 0.01s 2026-07-22T17:02:11.999
ATTEMPT 91 W0 START 4x2 seed=1130146 2026-07-22T17:02:11.999
ATTEMPT 91 W0 SOLVE 4x2 2026-07-22T17:02:12.009
ATTEMPT 91 W0 DONE 4x2 seed=1130146 nsol=16 0.02s 2026-07-22T17:02:12.031
ATTEMPT 92 W0 START 4x2 seed=1130147 2026-07-22T17:02:12.031
ATTEMPT 92 W0 SOLVE 4x2 2026-07-22T17:02:12.040
ATTEMPT 92 W0 DONE 4x2 seed=1130147 nsol=16 0.01s 2026-07-22T17:02:12.055
ATTEMPT 93 W0 START 4x2 seed=1130148 2026-07-22T17:02:12.055
ATTEMPT 93 W0 SOLVE 4x2 2026-07-22T17:02:12.061
ATTEMPT 93 W0 DONE 4x2 seed=1130148 nsol=16 0.02s 2026-07-22T17:02:12.089
ATTEMPT 94 W0 START 4x2 seed=1130149 2026-07-22T17:02:12.089
ATTEMPT 94 W0 SOLVE 4x2 2026-07-22T17:02:12.103
ATTEMPT 94 W0 DONE 4x2 seed=1130149 nsol=16 0.02s 2026-07-22T17:02:12.127
ATTEMPT 95 W0 START 4x2 seed=1130150 2026-07-22T17:02:12.127
ATTEMPT 95 W0 SOLVE 4x2 2026-07-22T17:02:12.145
ATTEMPT 95 W0 DONE 4x2 seed=1130150 nsol=16 0.02s 2026-07-22T17:02:12.167
ATTEMPT 96 W0 START 4x2 seed=1130151 2026-07-22T17:02:12.167
ATTEMPT 96 W0 SOLVE 4x2 2026-07-22T17:02:12.178
ATTEMPT 96 W0 DONE 4x2 seed=1130151 nsol=16 0.03s 2026-07-22T17:02:12.207
ATTEMPT 97 W0 START 4x2 seed=1130152 2026-07-22T17:02:12.207
ATTEMPT 97 W0 SOLVE 4x2 2026-07-22T17:02:12.221
ATTEMPT 97 W0 DONE 4x2 seed=1130152 nsol=16 0.02s 2026-07-22T17:02:12.240
ATTEMPT 98 W0 START 4x2 seed=1130153 2026-07-22T17:02:12.241
ATTEMPT 98 W0 SOLVE 4x2 2026-07-22T17:02:12.264
ATTEMPT 98 W0 DONE 4x2 seed=1130153 nsol=16 0.02s 2026-07-22T17:02:12.283
ATTEMPT 99 W0 START 4x2 seed=1130154 2026-07-22T17:02:12.283
ATTEMPT 99 W0 SOLVE 4x2 2026-07-22T17:02:12.298
ATTEMPT 99 W0 DONE 4x2 seed=1130154 nsol=16 0.02s 2026-07-22T17:02:12.318
ATTEMPT 100 W0 START 4x2 seed=1130155 2026-07-22T17:02:12.318
ATTEMPT 100 W0 SOLVE 4x2 2026-07-22T17:02:12.332
ATTEMPT 100 W0 DONE 4x2 seed=1130155 nsol=16 0.01s 2026-07-22T17:02:12.347
ATTEMPT 101 W0 START 4x2 seed=1130156 2026-07-22T17:02:12.347
ATTEMPT 101 W0 SOLVE 4x2 2026-07-22T17:02:12.358
ATTEMPT 101 W0 DONE 4x2 seed=1130156 nsol=16 0.01s 2026-07-22T17:02:12.364
ATTEMPT 102 W0 START 4x2 seed=1130157 2026-07-22T17:02:12.364
ATTEMPT 102 W0 SOLVE 4x2 2026-07-22T17:02:12.370
ATTEMPT 102 W0 DONE 4x2 seed=1130157 nsol=16 0.02s 2026-07-22T17:02:12.387
ATTEMPT 103 W0 START 4x2 seed=1130158 2026-07-22T17:02:12.387
ATTEMPT 103 W0 SOLVE 4x2 2026-07-22T17:02:12.396
ATTEMPT 103 W0 DONE 4x2 seed=1130158 nsol=16 0.01s 2026-07-22T17:02:12.409
ATTEMPT 104 W0 START 4x2 seed=1130159 2026-07-22T17:02:12.409
ATTEMPT 104 W0 SOLVE 4x2 2026-07-22T17:02:12.421
ATTEMPT 104 W0 DONE 4x2 seed=1130159 nsol=16 0.01s 2026-07-22T17:02:12.431
ATTEMPT 105 W0 START 4x2 seed=1130160 2026-07-22T17:02:12.431
ATTEMPT 105 W0 SOLVE 4x2 2026-07-22T17:02:12.438
ATTEMPT 105 W0 DONE 4x2 seed=1130160 nsol=16 0.01s 2026-07-22T17:02:12.451
ATTEMPT 106 W0 START 4x2 seed=1130161 2026-07-22T17:02:12.451
ATTEMPT 106 W0 SOLVE 4x2 2026-07-22T17:02:12.463
ATTEMPT 106 W0 DONE 4x2 seed=1130161 nsol=16 0.01s 2026-07-22T17:02:12.475
ATTEMPT 107 W0 START 4x2 seed=1130162 2026-07-22T17:02:12.475
ATTEMPT 107 W0 SOLVE 4x2 2026-07-22T17:02:12.481
ATTEMPT 107 W0 DONE 4x2 seed=1130162 nsol=16 0.01s 2026-07-22T17:02:12.495
ATTEMPT 108 W0 START 4x2 seed=1130163 2026-07-22T17:02:12.495
ATTEMPT 108 W0 SOLVE 4x2 2026-07-22T17:02:12.501
ATTEMPT 108 W0 DONE 4x2 seed=1130163 nsol=16 0.01s 2026-07-22T17:02:12.516
ATTEMPT 109 W0 START 4x2 seed=1130164 2026-07-22T17:02:12.516
ATTEMPT 109 W0 SOLVE 4x2 2026-07-22T17:02:12.522
ATTEMPT 109 W0 DONE 4x2 seed=1130164 nsol=16 0.01s 2026-07-22T17:02:12.529
ATTEMPT 110 W0 START 4x2 seed=1130165 2026-07-22T17:02:12.530
ATTEMPT 110 W0 SOLVE 4x2 2026-07-22T17:02:12.536
ATTEMPT 110 W0 DONE 4x2 seed=1130165 nsol=16 0.02s 2026-07-22T17:02:12.555
ATTEMPT 111 W0 START 4x2 seed=1130166 2026-07-22T17:02:12.555
ATTEMPT 111 W0 SOLVE 4x2 2026-07-22T17:02:12.560
ATTEMPT 111 W0 DONE 4x2 seed=1130166 nsol=16 0.02s 2026-07-22T17:02:12.583
ATTEMPT 112 W0 START 4x2 seed=1130167 2026-07-22T17:02:12.583
ATTEMPT 112 W0 SOLVE 4x2 2026-07-22T17:02:12.589
ATTEMPT 112 W0 DONE 4x2 seed=1130167 nsol=16 0.01s 2026-07-22T17:02:12.595
ATTEMPT 113 W0 START 4x2 seed=1130168 2026-07-22T17:02:12.595
ATTEMPT 113 W0 SOLVE 4x2 2026-07-22T17:02:12.602
ATTEMPT 113 W0 DONE 4x2 seed=1130168 nsol=16 0.01s 2026-07-22T17:02:12.611
ATTEMPT 114 W0 START 4x2 seed=1130169 2026-07-22T17:02:12.612
ATTEMPT 114 W0 SOLVE 4x2 2026-07-22T17:02:12.617
ATTEMPT 114 W0 DONE 4x2 seed=1130169 nsol=16 0.03s 2026-07-22T17:02:12.651
ATTEMPT 115 W0 START 4x2 seed=1130170 2026-07-22T17:02:12.651
ATTEMPT 115 W0 SOLVE 4x2 2026-07-22T17:02:12.658
ATTEMPT 115 W0 DONE 4x2 seed=1130170 nsol=16 0.01s 2026-07-22T17:02:12.671
ATTEMPT 116 W0 START 4x2 seed=1130171 2026-07-22T17:02:12.671
ATTEMPT 116 W0 SOLVE 4x2 2026-07-22T17:02:12.678
ATTEMPT 116 W0 DONE 4x2 seed=1130171 nsol=16 0.02s 2026-07-22T17:02:12.699
ATTEMPT 117 W0 START 4x2 seed=1130172 2026-07-22T17:02:12.699
ATTEMPT 117 W0 SOLVE 4x2 2026-07-22T17:02:12.705
ATTEMPT 117 W0 DONE 4x2 seed=1130172 nsol=16 0.01s 2026-07-22T17:02:12.719
ATTEMPT 118 W0 START 4x2 seed=1130173 2026-07-22T17:02:12.719
ATTEMPT 118 W0 SOLVE 4x2 2026-07-22T17:02:12.725
ATTEMPT 118 W0 DONE 4x2 seed=1130173 nsol=16 0.03s 2026-07-22T17:02:12.751
ATTEMPT 119 W0 START 4x2 seed=1130174 2026-07-22T17:02:12.751
ATTEMPT 119 W0 SOLVE 4x2 2026-07-22T17:02:12.757
ATTEMPT 119 W0 DONE 4x2 seed=1130174 nsol=16 0.01s 2026-07-22T17:02:12.764
ATTEMPT 120 W0 START 4x2 seed=1130175 2026-07-22T17:02:12.765
ATTEMPT 120 W0 SOLVE 4x2 2026-07-22T17:02:12.771
ATTEMPT 120 W0 DONE 4x2 seed=1130175 nsol=16 0.02s 2026-07-22T17:02:12.787
ATTEMPT 121 W0 START 4x2 seed=1130176 2026-07-22T17:02:12.787
ATTEMPT 121 W0 SOLVE 4x2 2026-07-22T17:02:12.793
ATTEMPT 121 W0 DONE 4x2 seed=1130176 nsol=16 0.01s 2026-07-22T17:02:12.806
ATTEMPT 122 W0 START 4x2 seed=1130177 2026-07-22T17:02:12.808
ATTEMPT 122 W0 SOLVE 4x2 2026-07-22T17:02:12.814
ATTEMPT 122 W0 DONE 4x2 seed=1130177 nsol=16 0.00s 2026-07-22T17:02:12.818
ATTEMPT 123 W0 START 4x2 seed=1130178 2026-07-22T17:02:12.818
ATTEMPT 123 W0 SOLVE 4x2 2026-07-22T17:02:12.827
ATTEMPT 123 W0 DONE 4x2 seed=1130178 nsol=16 0.02s 2026-07-22T17:02:12.843
ATTEMPT 124 W0 START 4x2 seed=1130179 2026-07-22T17:02:12.843
ATTEMPT 124 W0 SOLVE 4x2 2026-07-22T17:02:12.849
ATTEMPT 124 W0 DONE 4x2 seed=1130179 nsol=16 0.02s 2026-07-22T17:02:12.867
ATTEMPT 125 W0 START 4x2 seed=1130180 2026-07-22T17:02:12.867
ATTEMPT 125 W0 SOLVE 4x2 2026-07-22T17:02:12.874
ATTEMPT 125 W0 DONE 4x2 seed=1130180 nsol=16 0.02s 2026-07-22T17:02:12.891
ATTEMPT 126 W0 START 4x2 seed=1130181 2026-07-22T17:02:12.891
ATTEMPT 126 W0 SOLVE 4x2 2026-07-22T17:02:12.898
ATTEMPT 126 W0 DONE 4x2 seed=1130181 nsol=16 0.02s 2026-07-22T17:02:12.923
ATTEMPT 127 W0 START 4x2 seed=1130182 2026-07-22T17:02:12.923
ATTEMPT 127 W0 SOLVE 4x2 2026-07-22T17:02:12.931
ATTEMPT 127 W0 DONE 4x2 seed=1130182 nsol=16 0.02s 2026-07-22T17:02:12.955
ATTEMPT 128 W0 START 4x2 seed=1130183 2026-07-22T17:02:12.955
ATTEMPT 128 W0 SOLVE 4x2 2026-07-22T17:02:12.963
ATTEMPT 128 W0 DONE 4x2 seed=1130183 nsol=16 0.02s 2026-07-22T17:02:12.983
ATTEMPT 129 W0 START 4x2 seed=1130184 2026-07-22T17:02:12.983
ATTEMPT 129 W0 SOLVE 4x2 2026-07-22T17:02:12.988
ATTEMPT 129 W0 DONE 4x2 seed=1130184 nsol=16 0.02s 2026-07-22T17:02:13.007
ATTEMPT 130 W0 START 4x2 seed=1130185 2026-07-22T17:02:13.007
ATTEMPT 130 W0 SOLVE 4x2 2026-07-22T17:02:13.015
ATTEMPT 130 W0 DONE 4x2 seed=1130185 nsol=16 0.02s 2026-07-22T17:02:13.033
ATTEMPT 131 W0 START 4x2 seed=1130186 2026-07-22T17:02:13.034
ATTEMPT 131 W0 SOLVE 4x2 2026-07-22T17:02:13.041
ATTEMPT 131 W0 DONE 4x2 seed=1130186 nsol=16 0.02s 2026-07-22T17:02:13.059
ATTEMPT 132 W0 START 4x2 seed=1130187 2026-07-22T17:02:13.059
ATTEMPT 132 W0 SOLVE 4x2 2026-07-22T17:02:13.064
ATTEMPT 132 W0 DONE 4x2 seed=1130187 nsol=16 0.02s 2026-07-22T17:02:13.083
ATTEMPT 133 W0 START 4x2 seed=1130188 2026-07-22T17:02:13.083
ATTEMPT 133 W0 SOLVE 4x2 2026-07-22T17:02:13.094
ATTEMPT 133 W0 DONE 4x2 seed=1130188 nsol=16 0.01s 2026-07-22T17:02:13.103
ATTEMPT 134 W0 START 4x2 seed=1130189 2026-07-22T17:02:13.103
ATTEMPT 134 W0 SOLVE 4x2 2026-07-22T17:02:13.113
ATTEMPT 134 W0 DONE 4x2 seed=1130189 nsol=16 0.02s 2026-07-22T17:02:13.135
ATTEMPT 135 W0 START 4x2 seed=1130190 2026-07-22T17:02:13.135
ATTEMPT 135 W0 SOLVE 4x2 2026-07-22T17:02:13.144
ATTEMPT 135 W0 DONE 4x2 seed=1130190 nsol=16 0.02s 2026-07-22T17:02:13.161
ATTEMPT 136 W0 START 4x2 seed=1130191 2026-07-22T17:02:13.162
ATTEMPT 136 W0 SOLVE 4x2 2026-07-22T17:02:13.180
ATTEMPT 136 W0 DONE 4x2 seed=1130191 nsol=16 0.03s 2026-07-22T17:02:13.207
ATTEMPT 137 W0 START 4x2 seed=1130192 2026-07-22T17:02:13.207
ATTEMPT 137 W0 SOLVE 4x2 2026-07-22T17:02:13.216
ATTEMPT 137 W0 DONE 4x2 seed=1130192 nsol=16 0.02s 2026-07-22T17:02:13.235
ATTEMPT 138 W0 START 4x2 seed=1130193 2026-07-22T17:02:13.235
ATTEMPT 138 W0 SOLVE 4x2 2026-07-22T17:02:13.241
ATTEMPT 138 W0 DONE 4x2 seed=1130193 nsol=16 0.03s 2026-07-22T17:02:13.268
ATTEMPT 139 W0 START 4x2 seed=1130194 2026-07-22T17:02:13.268
ATTEMPT 139 W0 SOLVE 4x2 2026-07-22T17:02:13.281
ATTEMPT 139 W0 DONE 4x2 seed=1130194 nsol=16 0.02s 2026-07-22T17:02:13.307
ATTEMPT 140 W0 START 4x2 seed=1130195 2026-07-22T17:02:13.307
ATTEMPT 140 W0 SOLVE 4x2 2026-07-22T17:02:13.327
ATTEMPT 140 W0 DONE 4x2 seed=1130195 nsol=16 0.02s 2026-07-22T17:02:13.351
ATTEMPT 141 W0 START 4x2 seed=1130196 2026-07-22T17:02:13.351
ATTEMPT 141 W0 SOLVE 4x2 2026-07-22T17:02:13.372
ATTEMPT 141 W0 DONE 4x2 seed=1130196 nsol=16 0.02s 2026-07-22T17:02:13.395
ATTEMPT 142 W0 START 4x2 seed=1130197 2026-07-22T17:02:13.395
ATTEMPT 142 W0 SOLVE 4x2 2026-07-22T17:02:13.401
ATTEMPT 142 W0 DONE 4x2 seed=1130197 nsol=16 0.02s 2026-07-22T17:02:13.418
ATTEMPT 143 W0 START 4x2 seed=1130198 2026-07-22T17:02:13.418
ATTEMPT 143 W0 SOLVE 4x2 2026-07-22T17:02:13.427
ATTEMPT 143 W0 DONE 4x2 seed=1130198 nsol=16 0.01s 2026-07-22T17:02:13.434
ATTEMPT 144 W0 START 4x2 seed=1130199 2026-07-22T17:02:13.434
ATTEMPT 144 W0 SOLVE 4x2 2026-07-22T17:02:13.443
ATTEMPT 144 W0 DONE 4x2 seed=1130199 nsol=16 0.02s 2026-07-22T17:02:13.463
ATTEMPT 145 W0 START 4x2 seed=1130200 2026-07-22T17:02:13.463
ATTEMPT 145 W0 SOLVE 4x2 2026-07-22T17:02:13.475
ATTEMPT 145 W0 DONE 4x2 seed=1130200 nsol=16 0.02s 2026-07-22T17:02:13.495
ATTEMPT 146 W0 START 4x2 seed=1130201 2026-07-22T17:02:13.495
ATTEMPT 146 W0 SOLVE 4x2 2026-07-22T17:02:13.500
ATTEMPT 146 W0 DONE 4x2 seed=1130201 nsol=16 0.01s 2026-07-22T17:02:13.510
ATTEMPT 147 W0 START 4x2 seed=1130202 2026-07-22T17:02:13.510
ATTEMPT 147 W0 SOLVE 4x2 2026-07-22T17:02:13.516
ATTEMPT 147 W0 DONE 4x2 seed=1130202 nsol=16 0.02s 2026-07-22T17:02:13.536
ATTEMPT 148 W0 START 4x2 seed=1130203 2026-07-22T17:02:13.536
ATTEMPT 148 W0 SOLVE 4x2 2026-07-22T17:02:13.547
ATTEMPT 148 W0 DONE 4x2 seed=1130203 nsol=16 0.01s 2026-07-22T17:02:13.553
ATTEMPT 149 W0 START 4x2 seed=1130204 2026-07-22T17:02:13.553
ATTEMPT 149 W0 SOLVE 4x2 2026-07-22T17:02:13.559
ATTEMPT 149 W0 DONE 4x2 seed=1130204 nsol=16 0.01s 2026-07-22T17:02:13.570
ATTEMPT 150 W0 START 4x2 seed=1130205 2026-07-22T17:02:13.570
ATTEMPT 150 W0 SOLVE 4x2 2026-07-22T17:02:13.576
ATTEMPT 150 W0 DONE 4x2 seed=1130205 nsol=16 0.02s 2026-07-22T17:02:13.599
ATTEMPT 151 W0 START 4x2 seed=1130206 2026-07-22T17:02:13.599
ATTEMPT 151 W0 SOLVE 4x2 2026-07-22T17:02:13.615
ATTEMPT 151 W0 DONE 4x2 seed=1130206 nsol=16 0.01s 2026-07-22T17:02:13.627
ATTEMPT 152 W0 START 4x2 seed=1130207 2026-07-22T17:02:13.627
ATTEMPT 152 W0 SOLVE 4x2 2026-07-22T17:02:13.641
ATTEMPT 152 W0 DONE 4x2 seed=1130207 nsol=16 0.01s 2026-07-22T17:02:13.651
ATTEMPT 153 W0 START 4x2 seed=1130208 2026-07-22T17:02:13.651
ATTEMPT 153 W0 SOLVE 4x2 2026-07-22T17:02:13.661
ATTEMPT 153 W0 DONE 4x2 seed=1130208 nsol=16 0.02s 2026-07-22T17:02:13.679
ATTEMPT 154 W0 START 4x2 seed=1130209 2026-07-22T17:02:13.680
ATTEMPT 154 W0 SOLVE 4x2 2026-07-22T17:02:13.686
ATTEMPT 154 W0 DONE 4x2 seed=1130209 nsol=16 0.02s 2026-07-22T17:02:13.703
ATTEMPT 155 W0 START 4x2 seed=1130210 2026-07-22T17:02:13.703
ATTEMPT 155 W0 SOLVE 4x2 2026-07-22T17:02:13.708
ATTEMPT 155 W0 DONE 4x2 seed=1130210 nsol=16 0.01s 2026-07-22T17:02:13.723
ATTEMPT 156 W0 START 4x2 seed=1130211 2026-07-22T17:02:13.723
ATTEMPT 156 W0 SOLVE 4x2 2026-07-22T17:02:13.729
ATTEMPT 156 W0 DONE 4x2 seed=1130211 nsol=16 0.08s 2026-07-22T17:02:13.806
ATTEMPT 157 W0 START 4x2 seed=1130212 2026-07-22T17:02:13.807
ATTEMPT 157 W0 SOLVE 4x2 2026-07-22T17:02:13.813
ATTEMPT 157 W0 DONE 4x2 seed=1130212 nsol=16 0.01s 2026-07-22T17:02:13.827
ATTEMPT 158 W0 START 4x2 seed=1130213 2026-07-22T17:02:13.827
ATTEMPT 158 W0 SOLVE 4x2 2026-07-22T17:02:13.833
ATTEMPT 158 W0 DONE 4x2 seed=1130213 nsol=16 0.01s 2026-07-22T17:02:13.846
ATTEMPT 159 W0 START 4x2 seed=1130214 2026-07-22T17:02:13.846
ATTEMPT 159 W0 SOLVE 4x2 2026-07-22T17:02:13.853
ATTEMPT 159 W0 DONE 4x2 seed=1130214 nsol=16 0.02s 2026-07-22T17:02:13.873
ATTEMPT 160 W0 START 4x2 seed=1130215 2026-07-22T17:02:13.873
ATTEMPT 160 W0 SOLVE 4x2 2026-07-22T17:02:13.882
ATTEMPT 160 W0 DONE 4x2 seed=1130215 nsol=16 0.02s 2026-07-22T17:02:13.899
ATTEMPT 161 W0 START 4x2 seed=1130216 2026-07-22T17:02:13.899
ATTEMPT 161 W0 SOLVE 4x2 2026-07-22T17:02:13.907
ATTEMPT 161 W0 DONE 4x2 seed=1130216 nsol=16 0.02s 2026-07-22T17:02:13.927
ATTEMPT 162 W0 START 4x2 seed=1130217 2026-07-22T17:02:13.927
ATTEMPT 162 W0 SOLVE 4x2 2026-07-22T17:02:13.934
ATTEMPT 162 W0 DONE 4x2 seed=1130217 nsol=16 0.01s 2026-07-22T17:02:13.942
ATTEMPT 163 W0 START 4x2 seed=1130218 2026-07-22T17:02:13.942
ATTEMPT 163 W0 SOLVE 4x2 2026-07-22T17:02:13.947
ATTEMPT 163 W0 DONE 4x2 seed=1130218 nsol=16 0.01s 2026-07-22T17:02:13.955
ATTEMPT 164 W0 START 4x2 seed=1130219 2026-07-22T17:02:13.955
ATTEMPT 164 W0 SOLVE 4x2 2026-07-22T17:02:13.961
ATTEMPT 164 W0 DONE 4x2 seed=1130219 nsol=16 0.02s 2026-07-22T17:02:13.984
ATTEMPT 165 W0 START 4x2 seed=1130220 2026-07-22T17:02:13.984
ATTEMPT 165 W0 SOLVE 4x2 2026-07-22T17:02:13.990
ATTEMPT 165 W0 DONE 4x2 seed=1130220 nsol=16 0.01s 2026-07-22T17:02:13.997
ATTEMPT 166 W0 START 4x2 seed=1130221 2026-07-22T17:02:13.998
ATTEMPT 166 W0 SOLVE 4x2 2026-07-22T17:02:14.012
ATTEMPT 166 W0 DONE 4x2 seed=1130221 nsol=16 0.02s 2026-07-22T17:02:14.031
ATTEMPT 167 W0 START 4x2 seed=1130222 2026-07-22T17:02:14.031
ATTEMPT 167 W0 SOLVE 4x2 2026-07-22T17:02:14.042
ATTEMPT 167 W0 DONE 4x2 seed=1130222 nsol=16 0.02s 2026-07-22T17:02:14.067
ATTEMPT 168 W0 START 4x2 seed=1130223 2026-07-22T17:02:14.067
ATTEMPT 168 W0 SOLVE 4x2 2026-07-22T17:02:14.079
ATTEMPT 168 W0 DONE 4x2 seed=1130223 nsol=16 0.02s 2026-07-22T17:02:14.095
ATTEMPT 169 W0 START 4x2 seed=1130224 2026-07-22T17:02:14.095
ATTEMPT 169 W0 SOLVE 4x2 2026-07-22T17:02:14.102
ATTEMPT 169 W0 DONE 4x2 seed=1130224 nsol=16 0.02s 2026-07-22T17:02:14.131
ATTEMPT 170 W0 START 4x2 seed=1130225 2026-07-22T17:02:14.131
ATTEMPT 170 W0 SOLVE 4x2 2026-07-22T17:02:14.141
ATTEMPT 170 W0 DONE 4x2 seed=1130225 nsol=16 0.05s 2026-07-22T17:02:14.195
ATTEMPT 171 W0 START 4x2 seed=1130226 2026-07-22T17:02:14.195
ATTEMPT 171 W0 SOLVE 4x2 2026-07-22T17:02:14.200
ATTEMPT 171 W0 DONE 4x2 seed=1130226 nsol=16 0.01s 2026-07-22T17:02:14.215
ATTEMPT 172 W0 START 4x2 seed=1130227 2026-07-22T17:02:14.215
ATTEMPT 172 W0 SOLVE 4x2 2026-07-22T17:02:14.221
ATTEMPT 172 W0 DONE 4x2 seed=1130227 nsol=16 0.01s 2026-07-22T17:02:14.235
ATTEMPT 173 W0 START 4x2 seed=1130228 2026-07-22T17:02:14.235
ATTEMPT 173 W0 SOLVE 4x2 2026-07-22T17:02:14.241
ATTEMPT 173 W0 DONE 4x2 seed=1130228 nsol=16 0.02s 2026-07-22T17:02:14.259
ATTEMPT 174 W0 START 4x2 seed=1130229 2026-07-22T17:02:14.259
ATTEMPT 174 W0 SOLVE 4x2 2026-07-22T17:02:14.264
ATTEMPT 174 W0 DONE 4x2 seed=1130229 nsol=16 0.01s 2026-07-22T17:02:14.277
ATTEMPT 175 W0 START 4x2 seed=1130230 2026-07-22T17:02:14.278
ATTEMPT 175 W0 SOLVE 4x2 2026-07-22T17:02:14.284
ATTEMPT 175 W0 DONE 4x2 seed=1130230 nsol=16 0.01s 2026-07-22T17:02:14.299
ATTEMPT 176 W0 START 4x2 seed=1130231 2026-07-22T17:02:14.299
ATTEMPT 176 W0 SOLVE 4x2 2026-07-22T17:02:14.304
ATTEMPT 176 W0 DONE 4x2 seed=1130231 nsol=16 0.01s 2026-07-22T17:02:14.319
ATTEMPT 177 W0 START 4x2 seed=1130232 2026-07-22T17:02:14.319
ATTEMPT 177 W0 SOLVE 4x2 2026-07-22T17:02:14.325
ATTEMPT 177 W0 DONE 4x2 seed=1130232 nsol=16 0.01s 2026-07-22T17:02:14.333
ATTEMPT 178 W0 START 4x2 seed=1130233 2026-07-22T17:02:14.334
ATTEMPT 178 W0 SOLVE 4x2 2026-07-22T17:02:14.340
ATTEMPT 178 W0 DONE 4x2 seed=1130233 nsol=16 0.01s 2026-07-22T17:02:14.351
ATTEMPT 179 W0 START 4x2 seed=1130234 2026-07-22T17:02:14.352
ATTEMPT 179 W0 SOLVE 4x2 2026-07-22T17:02:14.358
ATTEMPT 179 W0 DONE 4x2 seed=1130234 nsol=16 0.01s 2026-07-22T17:02:14.371
ATTEMPT 180 W0 START 4x2 seed=1130235 2026-07-22T17:02:14.371
ATTEMPT 180 W0 SOLVE 4x2 2026-07-22T17:02:14.378
ATTEMPT 180 W0 DONE 4x2 seed=1130235 nsol=16 0.01s 2026-07-22T17:02:14.388
ATTEMPT 181 W0 START 4x2 seed=1130236 2026-07-22T17:02:14.388
ATTEMPT 181 W0 SOLVE 4x2 2026-07-22T17:02:14.395
ATTEMPT 181 W0 DONE 4x2 seed=1130236 nsol=16 0.00s 2026-07-22T17:02:14.399
ATTEMPT 182 W0 START 4x2 seed=1130237 2026-07-22T17:02:14.399
ATTEMPT 182 W0 SOLVE 4x2 2026-07-22T17:02:14.405
ATTEMPT 182 W0 DONE 4x2 seed=1130237 nsol=16 0.01s 2026-07-22T17:02:14.415
ATTEMPT 183 W0 START 4x2 seed=1130238 2026-07-22T17:02:14.415
ATTEMPT 183 W0 SOLVE 4x2 2026-07-22T17:02:14.421
ATTEMPT 183 W0 DONE 4x2 seed=1130238 nsol=16 0.01s 2026-07-22T17:02:14.435
ATTEMPT 184 W0 START 4x2 seed=1130239 2026-07-22T17:02:14.435
ATTEMPT 184 W0 SOLVE 4x2 2026-07-22T17:02:14.440
ATTEMPT 184 W0 DONE 4x2 seed=1130239 nsol=16 0.01s 2026-07-22T17:02:14.448
ATTEMPT 185 W0 START 4x2 seed=1130240 2026-07-22T17:02:14.448
ATTEMPT 185 W0 SOLVE 4x2 2026-07-22T17:02:14.454
ATTEMPT 185 W0 DONE 4x2 seed=1130240 nsol=16 0.02s 2026-07-22T17:02:14.471
ATTEMPT 186 W0 START 4x2 seed=1130241 2026-07-22T17:02:14.471
ATTEMPT 186 W0 SOLVE 4x2 2026-07-22T17:02:14.477
ATTEMPT 186 W0 DONE 4x2 seed=1130241 nsol=16 0.02s 2026-07-22T17:02:14.492
ATTEMPT 187 W0 START 4x2 seed=1130242 2026-07-22T17:02:14.492
ATTEMPT 187 W0 SOLVE 4x2 2026-07-22T17:02:14.499
ATTEMPT 187 W0 DONE 4x2 seed=1130242 nsol=16 0.02s 2026-07-22T17:02:14.515
ATTEMPT 188 W0 START 4x2 seed=1130243 2026-07-22T17:02:14.515
ATTEMPT 188 W0 SOLVE 4x2 2026-07-22T17:02:14.523
ATTEMPT 188 W0 DONE 4x2 seed=1130243 nsol=16 0.01s 2026-07-22T17:02:14.535
ATTEMPT 189 W0 START 4x2 seed=1130244 2026-07-22T17:02:14.535
ATTEMPT 189 W0 SOLVE 4x2 2026-07-22T17:02:14.540
ATTEMPT 189 W0 DONE 4x2 seed=1130244 nsol=16 0.01s 2026-07-22T17:02:14.546
ATTEMPT 190 W0 START 4x2 seed=1130245 2026-07-22T17:02:14.547
ATTEMPT 190 W0 SOLVE 4x2 2026-07-22T17:02:14.552
ATTEMPT 190 W0 DONE 4x2 seed=1130245 nsol=16 0.01s 2026-07-22T17:02:14.566
ATTEMPT 191 W0 START 4x2 seed=1130246 2026-07-22T17:02:14.566
ATTEMPT 191 W0 SOLVE 4x2 2026-07-22T17:02:14.573
ATTEMPT 191 W0 DONE 4x2 seed=1130246 nsol=16 0.01s 2026-07-22T17:02:14.579
ATTEMPT 192 W0 START 4x2 seed=1130247 2026-07-22T17:02:14.579
ATTEMPT 192 W0 SOLVE 4x2 2026-07-22T17:02:14.585
ATTEMPT 192 W0 DONE 4x2 seed=1130247 nsol=16 0.01s 2026-07-22T17:02:14.599
ATTEMPT 193 W0 START 4x2 seed=1130248 2026-07-22T17:02:14.599
ATTEMPT 193 W0 SOLVE 4x2 2026-07-22T17:02:14.604
ATTEMPT 193 W0 DONE 4x2 seed=1130248 nsol=16 0.01s 2026-07-22T17:02:14.615
ATTEMPT 194 W0 START 4x2 seed=1130249 2026-07-22T17:02:14.615
ATTEMPT 194 W0 SOLVE 4x2 2026-07-22T17:02:14.620
ATTEMPT 194 W0 DONE 4x2 seed=1130249 nsol=16 0.01s 2026-07-22T17:02:14.635
ATTEMPT 195 W0 START 4x2 seed=1130250 2026-07-22T17:02:14.635
ATTEMPT 195 W0 SOLVE 4x2 2026-07-22T17:02:14.640
ATTEMPT 195 W0 DONE 4x2 seed=1130250 nsol=16 0.01s 2026-07-22T17:02:14.655
ATTEMPT 196 W0 START 4x2 seed=1130251 2026-07-22T17:02:14.656
ATTEMPT 196 W0 SOLVE 4x2 2026-07-22T17:02:14.662
ATTEMPT 196 W0 DONE 4x2 seed=1130251 nsol=16 0.01s 2026-07-22T17:02:14.670
ATTEMPT 197 W0 START 4x2 seed=1130252 2026-07-22T17:02:14.670
ATTEMPT 197 W0 SOLVE 4x2 2026-07-22T17:02:14.678
ATTEMPT 197 W0 DONE 4x2 seed=1130252 nsol=16 0.02s 2026-07-22T17:02:14.698
ATTEMPT 198 W0 START 4x2 seed=1130253 2026-07-22T17:02:14.698
ATTEMPT 198 W0 SOLVE 4x2 2026-07-22T17:02:14.704
ATTEMPT 198 W0 DONE 4x2 seed=1130253 nsol=16 0.01s 2026-07-22T17:02:14.719
ATTEMPT 199 W0 START 4x2 seed=1130254 2026-07-22T17:02:14.719
ATTEMPT 199 W0 SOLVE 4x2 2026-07-22T17:02:14.724
ATTEMPT 199 W0 DONE 4x2 seed=1130254 nsol=16 0.02s 2026-07-22T17:02:14.747
ATTEMPT 200 W0 START 4x2 seed=1130255 2026-07-22T17:02:14.747
ATTEMPT 200 W0 SOLVE 4x2 2026-07-22T17:02:14.757
ATTEMPT 200 W0 DONE 4x2 seed=1130255 nsol=16 0.01s 2026-07-22T17:02:14.769
ATTEMPT 201 W0 START 4x2 seed=1130256 2026-07-22T17:02:14.769
ATTEMPT 201 W0 SOLVE 4x2 2026-07-22T17:02:14.779
ATTEMPT 201 W0 DONE 4x2 seed=1130256 nsol=16 0.02s 2026-07-22T17:02:14.795
ATTEMPT 202 W0 START 4x2 seed=1130257 2026-07-22T17:02:14.795
ATTEMPT 202 W0 SOLVE 4x2 2026-07-22T17:02:14.806
ATTEMPT 202 W0 DONE 4x2 seed=1130257 nsol=16 0.01s 2026-07-22T17:02:14.818
ATTEMPT 203 W0 START 4x2 seed=1130258 2026-07-22T17:02:14.819
ATTEMPT 203 W0 SOLVE 4x2 2026-07-22T17:02:14.829
ATTEMPT 203 W0 DONE 4x2 seed=1130258 nsol=16 0.01s 2026-07-22T17:02:14.843
ATTEMPT 204 W0 START 4x2 seed=1130259 2026-07-22T17:02:14.843
ATTEMPT 204 W0 SOLVE 4x2 2026-07-22T17:02:14.850
ATTEMPT 204 W0 DONE 4x2 seed=1130259 nsol=16 0.01s 2026-07-22T17:02:14.863
ATTEMPT 205 W0 START 4x2 seed=1130260 2026-07-22T17:02:14.864
ATTEMPT 205 W0 SOLVE 4x2 2026-07-22T17:02:14.881
ATTEMPT 205 W0 DONE 4x2 seed=1130260 nsol=16 0.02s 2026-07-22T17:02:14.907
ATTEMPT 206 W0 START 4x2 seed=1130261 2026-07-22T17:02:14.907
ATTEMPT 206 W0 SOLVE 4x2 2026-07-22T17:02:14.912
ATTEMPT 206 W0 DONE 4x2 seed=1130261 nsol=16 0.01s 2026-07-22T17:02:14.931
ATTEMPT 207 W0 START 4x2 seed=1130262 2026-07-22T17:02:14.931
ATTEMPT 207 W0 SOLVE 4x2 2026-07-22T17:02:14.947
ATTEMPT 207 W0 DONE 4x2 seed=1130262 nsol=16 0.03s 2026-07-22T17:02:14.979
ATTEMPT 208 W0 START 4x2 seed=1130263 2026-07-22T17:02:14.979
ATTEMPT 208 W0 SOLVE 4x2 2026-07-22T17:02:14.992
ATTEMPT 208 W0 DONE 4x2 seed=1130263 nsol=16 0.01s 2026-07-22T17:02:15.007
ATTEMPT 209 W0 START 4x2 seed=1130264 2026-07-22T17:02:15.007
ATTEMPT 209 W0 SOLVE 4x2 2026-07-22T17:02:15.013
ATTEMPT 209 W0 DONE 4x2 seed=1130264 nsol=16 0.02s 2026-07-22T17:02:15.035
ATTEMPT 210 W0 START 4x2 seed=1130265 2026-07-22T17:02:15.035
ATTEMPT 210 W0 SOLVE 4x2 2026-07-22T17:02:15.045
ATTEMPT 210 W0 DONE 4x2 seed=1130265 nsol=16 0.01s 2026-07-22T17:02:15.058
ATTEMPT 211 W0 START 4x2 seed=1130266 2026-07-22T17:02:15.058
ATTEMPT 211 W0 SOLVE 4x2 2026-07-22T17:02:15.068
ATTEMPT 211 W0 DONE 4x2 seed=1130266 nsol=16 0.02s 2026-07-22T17:02:15.103
ATTEMPT 212 W0 START 4x2 seed=1130267 2026-07-22T17:02:15.103
ATTEMPT 212 W0 SOLVE 4x2 2026-07-22T17:02:15.112
ATTEMPT 212 W0 DONE 4x2 seed=1130267 nsol=16 0.02s 2026-07-22T17:02:15.135
ATTEMPT 213 W0 START 4x2 seed=1130268 2026-07-22T17:02:15.135
ATTEMPT 213 W0 SOLVE 4x2 2026-07-22T17:02:15.140
ATTEMPT 213 W0 DONE 4x2 seed=1130268 nsol=16 0.01s 2026-07-22T17:02:15.155
ATTEMPT 214 W0 START 4x2 seed=1130269 2026-07-22T17:02:15.155
ATTEMPT 214 W0 SOLVE 4x2 2026-07-22T17:02:15.161
ATTEMPT 214 W0 DONE 4x2 seed=1130269 nsol=16 0.01s 2026-07-22T17:02:15.170
ATTEMPT 215 W0 START 4x2 seed=1130270 2026-07-22T17:02:15.171
ATTEMPT 215 W0 SOLVE 4x2 2026-07-22T17:02:15.177
ATTEMPT 215 W0 DONE 4x2 seed=1130270 nsol=16 0.02s 2026-07-22T17:02:15.197
ATTEMPT 216 W0 START 4x2 seed=1130271 2026-07-22T17:02:15.198
ATTEMPT 216 W0 SOLVE 4x2 2026-07-22T17:02:15.204
ATTEMPT 216 W0 DONE 4x2 seed=1130271 nsol=16 0.01s 2026-07-22T17:02:15.211
ATTEMPT 217 W0 START 4x2 seed=1130272 2026-07-22T17:02:15.211
ATTEMPT 217 W0 SOLVE 4x2 2026-07-22T17:02:15.218
ATTEMPT 217 W0 DONE 4x2 seed=1130272 nsol=16 0.01s 2026-07-22T17:02:15.231
ATTEMPT 218 W0 START 4x2 seed=1130273 2026-07-22T17:02:15.231
ATTEMPT 218 W0 SOLVE 4x2 2026-07-22T17:02:15.244
ATTEMPT 218 W0 DONE 4x2 seed=1130273 nsol=16 0.02s 2026-07-22T17:02:15.267
ATTEMPT 219 W0 START 4x2 seed=1130274 2026-07-22T17:02:15.267
ATTEMPT 219 W0 SOLVE 4x2 2026-07-22T17:02:15.273
ATTEMPT 219 W0 DONE 4x2 seed=1130274 nsol=16 0.03s 2026-07-22T17:02:15.303
ATTEMPT 220 W0 START 4x2 seed=1130275 2026-07-22T17:02:15.303
ATTEMPT 220 W0 SOLVE 4x2 2026-07-22T17:02:15.318
ATTEMPT 220 W0 DONE 4x2 seed=1130275 nsol=16 0.03s 2026-07-22T17:02:15.351
ATTEMPT 221 W0 START 4x2 seed=1130276 2026-07-22T17:02:15.351
ATTEMPT 221 W0 SOLVE 4x2 2026-07-22T17:02:15.375
ATTEMPT 221 W0 DONE 4x2 seed=1130276 nsol=16 0.02s 2026-07-22T17:02:15.395
ATTEMPT 222 W0 START 4x2 seed=1130277 2026-07-22T17:02:15.395
ATTEMPT 222 W0 SOLVE 4x2 2026-07-22T17:02:15.412
ATTEMPT 222 W0 DONE 4x2 seed=1130277 nsol=16 0.03s 2026-07-22T17:02:15.439
ATTEMPT 223 W0 START 4x2 seed=1130278 2026-07-22T17:02:15.439
ATTEMPT 223 W0 SOLVE 4x2 2026-07-22T17:02:15.454
ATTEMPT 223 W0 DONE 4x2 seed=1130278 nsol=16 0.03s 2026-07-22T17:02:15.479
ATTEMPT 224 W0 START 4x2 seed=1130279 2026-07-22T17:02:15.479
ATTEMPT 224 W0 SOLVE 4x2 2026-07-22T17:02:15.493
ATTEMPT 224 W0 DONE 4x2 seed=1130279 nsol=16 0.03s 2026-07-22T17:02:15.527
ATTEMPT 225 W0 START 4x2 seed=1130280 2026-07-22T17:02:15.527
ATTEMPT 225 W0 SOLVE 4x2 2026-07-22T17:02:15.532
ATTEMPT 225 W0 DONE 4x2 seed=1130280 nsol=16 0.02s 2026-07-22T17:02:15.559
ATTEMPT 226 W0 START 4x2 seed=1130281 2026-07-22T17:02:15.559
ATTEMPT 226 W0 SOLVE 4x2 2026-07-22T17:02:15.573
ATTEMPT 226 W0 DONE 4x2 seed=1130281 nsol=16 0.01s 2026-07-22T17:02:15.587
ATTEMPT 227 W0 START 4x2 seed=1130282 2026-07-22T17:02:15.587
ATTEMPT 227 W0 SOLVE 4x2 2026-07-22T17:02:15.600
ATTEMPT 227 W0 DONE 4x2 seed=1130282 nsol=16 0.02s 2026-07-22T17:02:15.617
ATTEMPT 228 W0 START 4x2 seed=1130283 2026-07-22T17:02:15.618
ATTEMPT 228 W0 SOLVE 4x2 2026-07-22T17:02:15.640
ATTEMPT 228 W0 DONE 4x2 seed=1130283 nsol=16 0.02s 2026-07-22T17:02:15.663
ATTEMPT 229 W0 START 4x2 seed=1130284 2026-07-22T17:02:15.663
ATTEMPT 229 W0 SOLVE 4x2 2026-07-22T17:02:15.845
ATTEMPT 229 W0 DONE 4x2 seed=1130284 nsol=16 0.03s 2026-07-22T17:02:15.879
ATTEMPT 230 W0 START 4x2 seed=1130285 2026-07-22T17:02:15.879
ATTEMPT 230 W0 SOLVE 4x2 2026-07-22T17:02:15.886
ATTEMPT 230 W0 DONE 4x2 seed=1130285 nsol=16 0.03s 2026-07-22T17:02:15.919
ATTEMPT 231 W0 START 4x2 seed=1130286 2026-07-22T17:02:15.919
ATTEMPT 231 W0 SOLVE 4x2 2026-07-22T17:02:15.928
ATTEMPT 231 W0 DONE 4x2 seed=1130286 nsol=16 0.02s 2026-07-22T17:02:15.951
ATTEMPT 232 W0 START 4x2 seed=1130287 2026-07-22T17:02:15.951
ATTEMPT 232 W0 SOLVE 4x2 2026-07-22T17:02:15.956
ATTEMPT 232 W0 DONE 4x2 seed=1130287 nsol=16 0.01s 2026-07-22T17:02:15.969
ATTEMPT 233 W0 START 4x2 seed=1130288 2026-07-22T17:02:15.969
ATTEMPT 233 W0 SOLVE 4x2 2026-07-22T17:02:15.979
ATTEMPT 233 W0 DONE 4x2 seed=1130288 nsol=16 0.01s 2026-07-22T17:02:15.986
ATTEMPT 234 W0 START 4x2 seed=1130289 2026-07-22T17:02:15.986
ATTEMPT 234 W0 SOLVE 4x2 2026-07-22T17:02:15.992
ATTEMPT 234 W0 DONE 4x2 seed=1130289 nsol=16 0.01s 2026-07-22T17:02:16.007
ATTEMPT 235 W0 START 4x2 seed=1130290 2026-07-22T17:02:16.007
ATTEMPT 235 W0 SOLVE 4x2 2026-07-22T17:02:16.018
ATTEMPT 235 W0 DONE 4x2 seed=1130290 nsol=16 0.03s 2026-07-22T17:02:16.047
ATTEMPT 236 W0 START 4x2 seed=1130291 2026-07-22T17:02:16.048
ATTEMPT 236 W0 SOLVE 4x2 2026-07-22T17:02:16.066
ATTEMPT 236 W0 DONE 4x2 seed=1130291 nsol=16 0.02s 2026-07-22T17:02:16.084
ATTEMPT 237 W0 START 4x2 seed=1130292 2026-07-22T17:02:16.084
ATTEMPT 237 W0 SOLVE 4x2 2026-07-22T17:02:16.102
ATTEMPT 237 W0 DONE 4x2 seed=1130292 nsol=16 0.01s 2026-07-22T17:02:16.115
ATTEMPT 238 W0 START 4x2 seed=1130293 2026-07-22T17:02:16.115
ATTEMPT 238 W0 SOLVE 4x2 2026-07-22T17:02:16.121
ATTEMPT 238 W0 DONE 4x2 seed=1130293 nsol=16 0.02s 2026-07-22T17:02:16.142
ATTEMPT 239 W0 START 4x2 seed=1130294 2026-07-22T17:02:16.143
ATTEMPT 239 W0 SOLVE 4x2 2026-07-22T17:02:16.150
ATTEMPT 239 W0 DONE 4x2 seed=1130294 nsol=16 0.02s 2026-07-22T17:02:16.167
ATTEMPT 240 W0 START 4x2 seed=1130295 2026-07-22T17:02:16.167
ATTEMPT 240 W0 SOLVE 4x2 2026-07-22T17:02:16.175
ATTEMPT 240 W0 DONE 4x2 seed=1130295 nsol=16 0.02s 2026-07-22T17:02:16.190
ATTEMPT 241 W0 START 4x2 seed=1130296 2026-07-22T17:02:16.190
ATTEMPT 241 W0 SOLVE 4x2 2026-07-22T17:02:16.195
ATTEMPT 241 W0 DONE 4x2 seed=1130296 nsol=16 0.02s 2026-07-22T17:02:16.211
ATTEMPT 242 W0 START 4x2 seed=1130297 2026-07-22T17:02:16.211
ATTEMPT 242 W0 SOLVE 4x2 2026-07-22T17:02:16.220
ATTEMPT 242 W0 DONE 4x2 seed=1130297 nsol=16 0.02s 2026-07-22T17:02:16.239
ATTEMPT 243 W0 START 4x2 seed=1130298 2026-07-22T17:02:16.239
ATTEMPT 243 W0 SOLVE 4x2 2026-07-22T17:02:16.245
ATTEMPT 243 W0 DONE 4x2 seed=1130298 nsol=16 0.02s 2026-07-22T17:02:16.263
ATTEMPT 244 W0 START 4x2 seed=1130299 2026-07-22T17:02:16.263
ATTEMPT 244 W0 SOLVE 4x2 2026-07-22T17:02:16.268
ATTEMPT 244 W0 DONE 4x2 seed=1130299 nsol=16 0.01s 2026-07-22T17:02:16.277
ATTEMPT 245 W0 START 4x2 seed=1130300 2026-07-22T17:02:16.277
ATTEMPT 245 W0 SOLVE 4x2 2026-07-22T17:02:16.283
ATTEMPT 245 W0 DONE 4x2 seed=1130300 nsol=16 0.02s 2026-07-22T17:02:16.299
ATTEMPT 246 W0 START 4x2 seed=1130301 2026-07-22T17:02:16.300
ATTEMPT 246 W0 SOLVE 4x2 2026-07-22T17:02:16.308
ATTEMPT 246 W0 DONE 4x2 seed=1130301 nsol=16 0.01s 2026-07-22T17:02:16.323
ATTEMPT 247 W0 START 4x2 seed=1130302 2026-07-22T17:02:16.323
ATTEMPT 247 W0 SOLVE 4x2 2026-07-22T17:02:16.329
ATTEMPT 247 W0 DONE 4x2 seed=1130302 nsol=16 0.01s 2026-07-22T17:02:16.343
ATTEMPT 248 W0 START 4x2 seed=1130303 2026-07-22T17:02:16.343
ATTEMPT 248 W0 SOLVE 4x2 2026-07-22T17:02:16.352
ATTEMPT 248 W0 DONE 4x2 seed=1130303 nsol=16 0.01s 2026-07-22T17:02:16.360
ATTEMPT 249 W0 START 4x2 seed=1130304 2026-07-22T17:02:16.360
ATTEMPT 249 W0 SOLVE 4x2 2026-07-22T17:02:16.366
ATTEMPT 249 W0 DONE 4x2 seed=1130304 nsol=16 0.02s 2026-07-22T17:02:16.385
ATTEMPT 250 W0 START 4x2 seed=1130305 2026-07-22T17:02:16.386
ATTEMPT 250 W0 SOLVE 4x2 2026-07-22T17:02:16.392
ATTEMPT 250 W0 DONE 4x2 seed=1130305 nsol=16 0.01s 2026-07-22T17:02:16.400
ATTEMPT 251 W0 START 4x2 seed=1130306 2026-07-22T17:02:16.401
ATTEMPT 251 W0 SOLVE 4x2 2026-07-22T17:02:16.407
ATTEMPT 251 W0 DONE 4x2 seed=1130306 nsol=16 0.01s 2026-07-22T17:02:16.422
ATTEMPT 252 W0 START 4x2 seed=1130307 2026-07-22T17:02:16.422
ATTEMPT 252 W0 SOLVE 4x2 2026-07-22T17:02:16.428
ATTEMPT 252 W0 DONE 4x2 seed=1130307 nsol=16 0.02s 2026-07-22T17:02:16.445
ATTEMPT 253 W0 START 4x2 seed=1130308 2026-07-22T17:02:16.445
ATTEMPT 253 W0 SOLVE 4x2 2026-07-22T17:02:16.455
ATTEMPT 253 W0 DONE 4x2 seed=1130308 nsol=16 0.01s 2026-07-22T17:02:16.464
ATTEMPT 254 W0 START 4x2 seed=1130309 2026-07-22T17:02:16.464
ATTEMPT 254 W0 SOLVE 4x2 2026-07-22T17:02:16.469
ATTEMPT 254 W0 DONE 4x2 seed=1130309 nsol=16 0.02s 2026-07-22T17:02:16.490
ATTEMPT 255 W0 START 4x2 seed=1130310 2026-07-22T17:02:16.491
ATTEMPT 255 W0 SOLVE 4x2 2026-07-22T17:02:16.496
ATTEMPT 255 W0 DONE 4x2 seed=1130310 nsol=16 0.01s 2026-07-22T17:02:16.511
ATTEMPT 256 W0 START 4x2 seed=1130311 2026-07-22T17:02:16.511
ATTEMPT 256 W0 SOLVE 4x2 2026-07-22T17:02:16.518
ATTEMPT 256 W0 DONE 4x2 seed=1130311 nsol=16 0.02s 2026-07-22T17:02:16.534
ATTEMPT 257 W0 START 4x2 seed=1130312 2026-07-22T17:02:16.534
ATTEMPT 257 W0 SOLVE 4x2 2026-07-22T17:02:16.542
ATTEMPT 257 W0 DONE 4x2 seed=1130312 nsol=16 0.01s 2026-07-22T17:02:16.554
ATTEMPT 258 W0 START 4x2 seed=1130313 2026-07-22T17:02:16.554
ATTEMPT 258 W0 SOLVE 4x2 2026-07-22T17:02:16.560
ATTEMPT 258 W0 DONE 4x2 seed=1130313 nsol=16 0.01s 2026-07-22T17:02:16.569
ATTEMPT 259 W0 START 4x2 seed=1130314 2026-07-22T17:02:16.569
ATTEMPT 259 W0 SOLVE 4x2 2026-07-22T17:02:16.574
ATTEMPT 259 W0 DONE 4x2 seed=1130314 nsol=16 0.01s 2026-07-22T17:02:16.582
ATTEMPT 260 W0 START 4x2 seed=1130315 2026-07-22T17:02:16.582
ATTEMPT 260 W0 SOLVE 4x2 2026-07-22T17:02:16.588
ATTEMPT 260 W0 DONE 4x2 seed=1130315 nsol=16 0.02s 2026-07-22T17:02:16.606
ATTEMPT 261 W0 START 4x2 seed=1130316 2026-07-22T17:02:16.607
ATTEMPT 261 W0 SOLVE 4x2 2026-07-22T17:02:16.614
ATTEMPT 261 W0 DONE 4x2 seed=1130316 nsol=16 0.03s 2026-07-22T17:02:16.640
ATTEMPT 262 W0 START 4x2 seed=1130317 2026-07-22T17:02:16.640
ATTEMPT 262 W0 SOLVE 4x2 2026-07-22T17:02:16.646
ATTEMPT 262 W0 DONE 4x2 seed=1130317 nsol=16 0.02s 2026-07-22T17:02:16.667
ATTEMPT 263 W0 START 4x2 seed=1130318 2026-07-22T17:02:16.667
ATTEMPT 263 W0 SOLVE 4x2 2026-07-22T17:02:16.675
ATTEMPT 263 W0 DONE 4x2 seed=1130318 nsol=16 0.01s 2026-07-22T17:02:16.690
ATTEMPT 264 W0 START 4x2 seed=1130319 2026-07-22T17:02:16.690
ATTEMPT 264 W0 SOLVE 4x2 2026-07-22T17:02:16.698
ATTEMPT 264 W0 DONE 4x2 seed=1130319 nsol=16 0.02s 2026-07-22T17:02:16.717
ATTEMPT 265 W0 START 4x2 seed=1130320 2026-07-22T17:02:16.717
ATTEMPT 265 W0 SOLVE 4x2 2026-07-22T17:02:16.726
ATTEMPT 265 W0 DONE 4x2 seed=1130320 nsol=16 0.01s 2026-07-22T17:02:16.736
ATTEMPT 266 W0 START 4x2 seed=1130321 2026-07-22T17:02:16.736
ATTEMPT 266 W0 SOLVE 4x2 2026-07-22T17:02:16.743
ATTEMPT 266 W0 DONE 4x2 seed=1130321 nsol=16 0.02s 2026-07-22T17:02:16.759
ATTEMPT 267 W0 START 4x2 seed=1130322 2026-07-22T17:02:16.759
ATTEMPT 267 W0 SOLVE 4x2 2026-07-22T17:02:16.766
ATTEMPT 267 W0 DONE 4x2 seed=1130322 nsol=16 0.02s 2026-07-22T17:02:16.783
ATTEMPT 268 W0 START 4x2 seed=1130323 2026-07-22T17:02:16.783
ATTEMPT 268 W0 SOLVE 4x2 2026-07-22T17:02:16.788
ATTEMPT 268 W0 DONE 4x2 seed=1130323 nsol=16 0.02s 2026-07-22T17:02:16.807
ATTEMPT 269 W0 START 4x2 seed=1130324 2026-07-22T17:02:16.807
ATTEMPT 269 W0 SOLVE 4x2 2026-07-22T17:02:16.814
ATTEMPT 269 W0 DONE 4x2 seed=1130324 nsol=16 0.01s 2026-07-22T17:02:16.825
ATTEMPT 270 W0 START 4x2 seed=1130325 2026-07-22T17:02:16.825
ATTEMPT 270 W0 SOLVE 4x2 2026-07-22T17:02:16.831
ATTEMPT 270 W0 DONE 4x2 seed=1130325 nsol=16 0.01s 2026-07-22T17:02:16.843
ATTEMPT 271 W0 START 4x2 seed=1130326 2026-07-22T17:02:16.843
ATTEMPT 271 W0 SOLVE 4x2 2026-07-22T17:02:16.850
ATTEMPT 271 W0 DONE 4x2 seed=1130326 nsol=16 0.01s 2026-07-22T17:02:16.860
ATTEMPT 272 W0 START 4x2 seed=1130327 2026-07-22T17:02:16.860
ATTEMPT 272 W0 SOLVE 4x2 2026-07-22T17:02:16.872
ATTEMPT 272 W0 DONE 4x2 seed=1130327 nsol=16 0.02s 2026-07-22T17:02:16.887
ATTEMPT 273 W0 START 4x2 seed=1130328 2026-07-22T17:02:16.887
ATTEMPT 273 W0 SOLVE 4x2 2026-07-22T17:02:16.894
ATTEMPT 273 W0 DONE 4x2 seed=1130328 nsol=16 0.03s 2026-07-22T17:02:16.923
ATTEMPT 274 W0 START 4x2 seed=1130329 2026-07-22T17:02:16.923
ATTEMPT 274 W0 SOLVE 4x2 2026-07-22T17:02:16.932
ATTEMPT 274 W0 DONE 4x2 seed=1130329 nsol=16 0.01s 2026-07-22T17:02:16.943
ATTEMPT 275 W0 START 4x2 seed=1130330 2026-07-22T17:02:16.943
ATTEMPT 275 W0 SOLVE 4x2 2026-07-22T17:02:16.952
ATTEMPT 275 W0 DONE 4x2 seed=1130330 nsol=16 0.01s 2026-07-22T17:02:16.959
ATTEMPT 276 W0 START 4x2 seed=1130331 2026-07-22T17:02:16.959
ATTEMPT 276 W0 SOLVE 4x2 2026-07-22T17:02:16.968
ATTEMPT 276 W0 DONE 4x2 seed=1130331 nsol=16 0.01s 2026-07-22T17:02:16.979
ATTEMPT 277 W0 START 4x2 seed=1130332 2026-07-22T17:02:16.979
ATTEMPT 277 W0 SOLVE 4x2 2026-07-22T17:02:16.987
ATTEMPT 277 W0 DONE 4x2 seed=1130332 nsol=16 0.01s 2026-07-22T17:02:16.999
ATTEMPT 278 W0 START 4x2 seed=1130333 2026-07-22T17:02:16.999
ATTEMPT 278 W0 SOLVE 4x2 2026-07-22T17:02:17.008
ATTEMPT 278 W0 DONE 4x2 seed=1130333 nsol=16 0.01s 2026-07-22T17:02:17.017
ATTEMPT 279 W0 START 4x2 seed=1130334 2026-07-22T17:02:17.017
ATTEMPT 279 W0 SOLVE 4x2 2026-07-22T17:02:17.024
ATTEMPT 279 W0 DONE 4x2 seed=1130334 nsol=16 0.01s 2026-07-22T17:02:17.032
ATTEMPT 280 W0 START 4x2 seed=1130335 2026-07-22T17:02:17.032
ATTEMPT 280 W0 SOLVE 4x2 2026-07-22T17:02:17.037
ATTEMPT 280 W0 DONE 4x2 seed=1130335 nsol=16 0.01s 2026-07-22T17:02:17.048
ATTEMPT 281 W0 START 4x2 seed=1130336 2026-07-22T17:02:17.049
ATTEMPT 281 W0 SOLVE 4x2 2026-07-22T17:02:17.054
ATTEMPT 281 W0 DONE 4x2 seed=1130336 nsol=16 0.02s 2026-07-22T17:02:17.074
ATTEMPT 282 W0 START 4x2 seed=1130337 2026-07-22T17:02:17.074
ATTEMPT 282 W0 SOLVE 4x2 2026-07-22T17:02:17.084
ATTEMPT 282 W0 DONE 4x2 seed=1130337 nsol=16 0.01s 2026-07-22T17:02:17.092
ATTEMPT 283 W0 START 4x2 seed=1130338 2026-07-22T17:02:17.092
ATTEMPT 283 W0 SOLVE 4x2 2026-07-22T17:02:17.098
ATTEMPT 283 W0 DONE 4x2 seed=1130338 nsol=16 0.02s 2026-07-22T17:02:17.115
ATTEMPT 284 W0 START 4x2 seed=1130339 2026-07-22T17:02:17.115
ATTEMPT 284 W0 SOLVE 4x2 2026-07-22T17:02:17.121
ATTEMPT 284 W0 DONE 4x2 seed=1130339 nsol=16 0.01s 2026-07-22T17:02:17.131
ATTEMPT 285 W0 START 4x2 seed=1130340 2026-07-22T17:02:17.131
ATTEMPT 285 W0 SOLVE 4x2 2026-07-22T17:02:17.136
ATTEMPT 285 W0 DONE 4x2 seed=1130340 nsol=16 0.02s 2026-07-22T17:02:17.159
ATTEMPT 286 W0 START 4x2 seed=1130341 2026-07-22T17:02:17.159
ATTEMPT 286 W0 SOLVE 4x2 2026-07-22T17:02:17.174
ATTEMPT 286 W0 DONE 4x2 seed=1130341 nsol=16 0.04s 2026-07-22T17:02:17.219
ATTEMPT 287 W0 START 4x2 seed=1130342 2026-07-22T17:02:17.219
ATTEMPT 287 W0 SOLVE 4x2 2026-07-22T17:02:17.234
ATTEMPT 287 W0 DONE 4x2 seed=1130342 nsol=16 0.01s 2026-07-22T17:02:17.255
ATTEMPT 288 W0 START 4x2 seed=1130343 2026-07-22T17:02:17.255
ATTEMPT 288 W0 SOLVE 4x2 2026-07-22T17:02:17.273
ATTEMPT 288 W0 DONE 4x2 seed=1130343 nsol=16 0.02s 2026-07-22T17:02:17.295
ATTEMPT 289 W0 START 4x2 seed=1130344 2026-07-22T17:02:17.295
ATTEMPT 289 W0 SOLVE 4x2 2026-07-22T17:02:17.302
ATTEMPT 289 W0 DONE 4x2 seed=1130344 nsol=16 0.10s 2026-07-22T17:02:17.398
ATTEMPT 290 W0 START 4x2 seed=1130345 2026-07-22T17:02:17.398
ATTEMPT 290 W0 SOLVE 4x2 2026-07-22T17:02:17.415
ATTEMPT 290 W0 DONE 4x2 seed=1130345 nsol=16 0.02s 2026-07-22T17:02:17.436
ATTEMPT 291 W0 START 4x2 seed=1130346 2026-07-22T17:02:17.436
ATTEMPT 291 W0 SOLVE 4x2 2026-07-22T17:02:17.442
ATTEMPT 291 W0 DONE 4x2 seed=1130346 nsol=16 0.04s 2026-07-22T17:02:17.479
ATTEMPT 292 W0 START 4x2 seed=1130347 2026-07-22T17:02:17.479
ATTEMPT 292 W0 SOLVE 4x2 2026-07-22T17:02:17.489
ATTEMPT 292 W0 DONE 4x2 seed=1130347 nsol=16 0.03s 2026-07-22T17:02:17.519
ATTEMPT 293 W0 START 4x2 seed=1130348 2026-07-22T17:02:17.519
ATTEMPT 293 W0 SOLVE 4x2 2026-07-22T17:02:17.530
ATTEMPT 293 W0 DONE 4x2 seed=1130348 nsol=16 0.02s 2026-07-22T17:02:17.556
ATTEMPT 294 W0 START 4x2 seed=1130349 2026-07-22T17:02:17.556
ATTEMPT 294 W0 SOLVE 4x2 2026-07-22T17:02:17.562
ATTEMPT 294 W0 DONE 4x2 seed=1130349 nsol=16 0.02s 2026-07-22T17:02:17.587
ATTEMPT 295 W0 START 4x2 seed=1130350 2026-07-22T17:02:17.587
ATTEMPT 295 W0 SOLVE 4x2 2026-07-22T17:02:17.616
ATTEMPT 295 W0 DONE 4x2 seed=1130350 nsol=16 0.01s 2026-07-22T17:02:17.622
ATTEMPT 296 W0 START 4x2 seed=1130351 2026-07-22T17:02:17.622
ATTEMPT 296 W0 SOLVE 4x2 2026-07-22T17:02:17.628
ATTEMPT 296 W0 DONE 4x2 seed=1130351 nsol=16 0.01s 2026-07-22T17:02:17.639
ATTEMPT 297 W0 START 4x2 seed=1130352 2026-07-22T17:02:17.639
ATTEMPT 297 W0 SOLVE 4x2 2026-07-22T17:02:17.646
ATTEMPT 297 W0 DONE 4x2 seed=1130352 nsol=16 0.01s 2026-07-22T17:02:17.657
ATTEMPT 298 W0 START 4x2 seed=1130353 2026-07-22T17:02:17.657
ATTEMPT 298 W0 SOLVE 4x2 2026-07-22T17:02:17.667
ATTEMPT 298 W0 DONE 4x2 seed=1130353 nsol=16 0.01s 2026-07-22T17:02:17.678
ATTEMPT 299 W0 START 4x2 seed=1130354 2026-07-22T17:02:17.678
ATTEMPT 299 W0 SOLVE 4x2 2026-07-22T17:02:17.685
ATTEMPT 299 W0 DONE 4x2 seed=1130354 nsol=16 0.02s 2026-07-22T17:02:17.705
ATTEMPT 300 W0 START 4x2 seed=1130355 2026-07-22T17:02:17.706
ATTEMPT 300 W0 SOLVE 4x2 2026-07-22T17:02:17.715
ATTEMPT 300 W0 DONE 4x2 seed=1130355 nsol=16 0.02s 2026-07-22T17:02:17.731
ATTEMPT 301 W0 START 4x2 seed=1130356 2026-07-22T17:02:17.731
ATTEMPT 301 W0 SOLVE 4x2 2026-07-22T17:02:17.741
ATTEMPT 301 W0 DONE 4x2 seed=1130356 nsol=16 0.02s 2026-07-22T17:02:17.759
ATTEMPT 302 W0 START 4x2 seed=1130357 2026-07-22T17:02:17.759
ATTEMPT 302 W0 SOLVE 4x2 2026-07-22T17:02:17.769
ATTEMPT 302 W0 DONE 4x2 seed=1130357 nsol=16 0.01s 2026-07-22T17:02:17.777
ATTEMPT 303 W0 START 4x2 seed=1130358 2026-07-22T17:02:17.778
ATTEMPT 303 W0 SOLVE 4x2 2026-07-22T17:02:17.789
ATTEMPT 303 W0 DONE 4x2 seed=1130358 nsol=16 0.01s 2026-07-22T17:02:17.798
ATTEMPT 304 W0 START 4x2 seed=1130359 2026-07-22T17:02:17.799
ATTEMPT 304 W0 SOLVE 4x2 2026-07-22T17:02:17.809
ATTEMPT 304 W0 DONE 4x2 seed=1130359 nsol=16 0.03s 2026-07-22T17:02:17.836
ATTEMPT 305 W0 START 4x2 seed=1130360 2026-07-22T17:02:17.836
ATTEMPT 305 W0 SOLVE 4x2 2026-07-22T17:02:17.842
ATTEMPT 305 W0 DONE 4x2 seed=1130360 nsol=16 0.02s 2026-07-22T17:02:17.859
ATTEMPT 306 W0 START 4x2 seed=1130361 2026-07-22T17:02:17.859
ATTEMPT 306 W0 SOLVE 4x2 2026-07-22T17:02:17.867
ATTEMPT 306 W0 DONE 4x2 seed=1130361 nsol=16 0.02s 2026-07-22T17:02:17.883
ATTEMPT 307 W0 START 4x2 seed=1130362 2026-07-22T17:02:17.883
ATTEMPT 307 W0 SOLVE 4x2 2026-07-22T17:02:17.890
ATTEMPT 307 W0 DONE 4x2 seed=1130362 nsol=16 0.02s 2026-07-22T17:02:17.909
ATTEMPT 308 W0 START 4x2 seed=1130363 2026-07-22T17:02:17.910
ATTEMPT 308 W0 SOLVE 4x2 2026-07-22T17:02:17.924
ATTEMPT 308 W0 DONE 4x2 seed=1130363 nsol=16 0.01s 2026-07-22T17:02:17.938
ATTEMPT 309 W0 START 4x2 seed=1130364 2026-07-22T17:02:17.938
ATTEMPT 309 W0 SOLVE 4x2 2026-07-22T17:02:17.952
ATTEMPT 309 W0 DONE 4x2 seed=1130364 nsol=16 0.02s 2026-07-22T17:02:17.971
ATTEMPT 310 W0 START 4x2 seed=1130365 2026-07-22T17:02:17.971
ATTEMPT 310 W0 SOLVE 4x2 2026-07-22T17:02:17.984
ATTEMPT 310 W0 DONE 4x2 seed=1130365 nsol=16 0.02s 2026-07-22T17:02:18.005
ATTEMPT 311 W0 START 4x2 seed=1130366 2026-07-22T17:02:18.005
ATTEMPT 311 W0 SOLVE 4x2 2026-07-22T17:02:18.023
ATTEMPT 311 W0 DONE 4x2 seed=1130366 nsol=16 0.02s 2026-07-22T17:02:18.043
ATTEMPT 312 W0 START 4x2 seed=1130367 2026-07-22T17:02:18.043
ATTEMPT 312 W0 SOLVE 4x2 2026-07-22T17:02:18.056
ATTEMPT 312 W0 DONE 4x2 seed=1130367 nsol=16 0.03s 2026-07-22T17:02:18.083
ATTEMPT 313 W0 START 4x2 seed=1130368 2026-07-22T17:02:18.083
ATTEMPT 313 W0 SOLVE 4x2 2026-07-22T17:02:18.091
ATTEMPT 313 W0 DONE 4x2 seed=1130368 nsol=16 0.03s 2026-07-22T17:02:18.123
ATTEMPT 314 W0 START 4x2 seed=1130369 2026-07-22T17:02:18.123
ATTEMPT 314 W0 SOLVE 4x2 2026-07-22T17:02:18.133
ATTEMPT 314 W0 DONE 4x2 seed=1130369 nsol=16 0.02s 2026-07-22T17:02:18.156
ATTEMPT 315 W0 START 4x2 seed=1130370 2026-07-22T17:02:18.157
ATTEMPT 315 W0 SOLVE 4x2 2026-07-22T17:02:18.172
ATTEMPT 315 W0 DONE 4x2 seed=1130370 nsol=16 0.03s 2026-07-22T17:02:18.203
ATTEMPT 316 W0 START 4x2 seed=1130371 2026-07-22T17:02:18.203
ATTEMPT 316 W0 SOLVE 4x2 2026-07-22T17:02:18.219
ATTEMPT 316 W0 DONE 4x2 seed=1130371 nsol=16 0.03s 2026-07-22T17:02:18.264
ATTEMPT 317 W0 START 4x2 seed=1130372 2026-07-22T17:02:18.264
ATTEMPT 317 W0 SOLVE 4x2 2026-07-22T17:02:18.300
ATTEMPT 317 W0 DONE 4x2 seed=1130372 nsol=16 0.02s 2026-07-22T17:02:18.323
ATTEMPT 318 W0 START 4x2 seed=1130373 2026-07-22T17:02:18.323
ATTEMPT 318 W0 SOLVE 4x2 2026-07-22T17:02:18.346
ATTEMPT 318 W0 DONE 4x2 seed=1130373 nsol=16 0.02s 2026-07-22T17:02:18.381
ATTEMPT 319 W0 START 4x2 seed=1130374 2026-07-22T17:02:18.381
ATTEMPT 319 W0 SOLVE 4x2 2026-07-22T17:02:18.413
ATTEMPT 319 W0 DONE 4x2 seed=1130374 nsol=16 0.02s 2026-07-22T17:02:18.434
ATTEMPT 320 W0 START 4x2 seed=1130375 2026-07-22T17:02:18.435
ATTEMPT 320 W0 SOLVE 4x2 2026-07-22T17:02:18.453
ATTEMPT 320 W0 DONE 4x2 seed=1130375 nsol=16 0.04s 2026-07-22T17:02:18.495
ATTEMPT 321 W0 START 4x2 seed=1130376 2026-07-22T17:02:18.495
ATTEMPT 321 W0 SOLVE 4x2 2026-07-22T17:02:18.527
ATTEMPT 321 W0 DONE 4x2 seed=1130376 nsol=16 0.02s 2026-07-22T17:02:18.547
ATTEMPT 322 W0 START 4x2 seed=1130377 2026-07-22T17:02:18.547
ATTEMPT 322 W0 SOLVE 4x2 2026-07-22T17:02:18.565
ATTEMPT 322 W0 DONE 4x2 seed=1130377 nsol=16 0.03s 2026-07-22T17:02:18.603
ATTEMPT 323 W0 START 4x2 seed=1130378 2026-07-22T17:02:18.603
ATTEMPT 323 W0 SOLVE 4x2 2026-07-22T17:02:18.635
ATTEMPT 323 W0 DONE 4x2 seed=1130378 nsol=16 0.03s 2026-07-22T17:02:18.663
ATTEMPT 324 W0 START 4x2 seed=1130379 2026-07-22T17:02:18.663
ATTEMPT 324 W0 SOLVE 4x2 2026-07-22T17:02:18.684
ATTEMPT 324 W0 DONE 4x2 seed=1130379 nsol=16 0.03s 2026-07-22T17:02:18.714
ATTEMPT 325 W0 START 4x2 seed=1130380 2026-07-22T17:02:18.714
ATTEMPT 325 W0 SOLVE 4x2 2026-07-22T17:02:18.736
ATTEMPT 325 W0 DONE 4x2 seed=1130380 nsol=16 0.02s 2026-07-22T17:02:18.759
ATTEMPT 326 W0 START 4x2 seed=1130381 2026-07-22T17:02:18.759
ATTEMPT 326 W0 SOLVE 4x2 2026-07-22T17:02:18.778
ATTEMPT 326 W0 DONE 4x2 seed=1130381 nsol=16 0.02s 2026-07-22T17:02:18.801
ATTEMPT 327 W0 START 4x2 seed=1130382 2026-07-22T17:02:18.801
ATTEMPT 327 W0 SOLVE 4x2 2026-07-22T17:02:18.831
ATTEMPT 327 W0 DONE 4x2 seed=1130382 nsol=16 0.04s 2026-07-22T17:02:18.875
ATTEMPT 328 W0 START 4x2 seed=1130383 2026-07-22T17:02:18.875
ATTEMPT 328 W0 SOLVE 4x2 2026-07-22T17:02:18.892
ATTEMPT 328 W0 DONE 4x2 seed=1130383 nsol=16 0.03s 2026-07-22T17:02:18.919
ATTEMPT 329 W0 START 4x2 seed=1130384 2026-07-22T17:02:18.919
ATTEMPT 329 W0 SOLVE 4x2 2026-07-22T17:02:18.944
ATTEMPT 329 W0 DONE 4x2 seed=1130384 nsol=16 0.03s 2026-07-22T17:02:18.971
ATTEMPT 330 W0 START 4x2 seed=1130385 2026-07-22T17:02:18.971
ATTEMPT 330 W0 SOLVE 4x2 2026-07-22T17:02:18.986
ATTEMPT 330 W0 DONE 4x2 seed=1130385 nsol=16 0.04s 2026-07-22T17:02:19.027
ATTEMPT 331 W0 START 4x2 seed=1130386 2026-07-22T17:02:19.027
ATTEMPT 331 W0 SOLVE 4x2 2026-07-22T17:02:19.049
ATTEMPT 331 W0 DONE 4x2 seed=1130386 nsol=16 0.02s 2026-07-22T17:02:19.070
ATTEMPT 332 W0 START 4x2 seed=1130387 2026-07-22T17:02:19.070
ATTEMPT 332 W0 SOLVE 4x2 2026-07-22T17:02:19.084
ATTEMPT 332 W0 DONE 4x2 seed=1130387 nsol=16 0.03s 2026-07-22T17:02:19.115
ATTEMPT 333 W0 START 4x2 seed=1130388 2026-07-22T17:02:19.115
ATTEMPT 333 W0 SOLVE 4x2 2026-07-22T17:02:19.125
ATTEMPT 333 W0 DONE 4x2 seed=1130388 nsol=16 0.03s 2026-07-22T17:02:19.151
ATTEMPT 334 W0 START 4x2 seed=1130389 2026-07-22T17:02:19.151
ATTEMPT 334 W0 SOLVE 4x2 2026-07-22T17:02:19.169
ATTEMPT 334 W0 DONE 4x2 seed=1130389 nsol=16 0.03s 2026-07-22T17:02:19.211
ATTEMPT 335 W0 START 4x2 seed=1130390 2026-07-22T17:02:19.211
ATTEMPT 335 W0 SOLVE 4x2 2026-07-22T17:02:19.220
ATTEMPT 335 W0 DONE 4x2 seed=1130390 nsol=16 0.03s 2026-07-22T17:02:19.252
ATTEMPT 336 W0 START 4x2 seed=1130391 2026-07-22T17:02:19.252
ATTEMPT 336 W0 SOLVE 4x2 2026-07-22T17:02:19.258
ATTEMPT 336 W0 DONE 4x2 seed=1130391 nsol=16 0.01s 2026-07-22T17:02:19.265
ATTEMPT 337 W0 START 4x2 seed=1130392 2026-07-22T17:02:19.265
ATTEMPT 337 W0 SOLVE 4x2 2026-07-22T17:02:19.305
ATTEMPT 337 W0 DONE 4x2 seed=1130392 nsol=16 0.03s 2026-07-22T17:02:19.335
ATTEMPT 338 W0 START 4x2 seed=1130393 2026-07-22T17:02:19.335
ATTEMPT 338 W0 SOLVE 4x2 2026-07-22T17:02:19.354
ATTEMPT 338 W0 DONE 4x2 seed=1130393 nsol=16 0.02s 2026-07-22T17:02:19.384
ATTEMPT 339 W0 START 4x2 seed=1130394 2026-07-22T17:02:19.384
ATTEMPT 339 W0 SOLVE 4x2 2026-07-22T17:02:19.390
ATTEMPT 339 W0 DONE 4x2 seed=1130394 nsol=16 0.04s 2026-07-22T17:02:19.430
ATTEMPT 340 W0 START 4x2 seed=1130395 2026-07-22T17:02:19.430
ATTEMPT 340 W0 SOLVE 4x2 2026-07-22T17:02:19.449
ATTEMPT 340 W0 DONE 4x2 seed=1130395 nsol=16 0.03s 2026-07-22T17:02:19.483
ATTEMPT 341 W0 START 4x2 seed=1130396 2026-07-22T17:02:19.483
ATTEMPT 341 W0 SOLVE 4x2 2026-07-22T17:02:19.519
ATTEMPT 341 W0 DONE 4x2 seed=1130396 nsol=16 0.03s 2026-07-22T17:02:19.547
ATTEMPT 342 W0 START 4x2 seed=1130397 2026-07-22T17:02:19.547
ATTEMPT 342 W0 SOLVE 4x2 2026-07-22T17:02:19.561
ATTEMPT 342 W0 DONE 4x2 seed=1130397 nsol=16 0.03s 2026-07-22T17:02:19.595
ATTEMPT 343 W0 START 4x2 seed=1130398 2026-07-22T17:02:19.595
ATTEMPT 343 W0 SOLVE 4x2 2026-07-22T17:02:19.603
ATTEMPT 343 W0 DONE 4x2 seed=1130398 nsol=16 0.03s 2026-07-22T17:02:19.635
ATTEMPT 344 W0 START 4x2 seed=1130399 2026-07-22T17:02:19.635
ATTEMPT 344 W0 SOLVE 4x2 2026-07-22T17:02:19.646
ATTEMPT 344 W0 DONE 4x2 seed=1130399 nsol=16 0.01s 2026-07-22T17:02:19.660
ATTEMPT 345 W0 START 4x2 seed=1130400 2026-07-22T17:02:19.661
ATTEMPT 345 W0 SOLVE 4x2 2026-07-22T17:02:19.684
ATTEMPT 345 W0 DONE 4x2 seed=1130400 nsol=16 0.01s 2026-07-22T17:02:19.697
ATTEMPT 346 W0 START 4x2 seed=1130401 2026-07-22T17:02:19.698
ATTEMPT 346 W0 SOLVE 4x2 2026-07-22T17:02:19.714
ATTEMPT 346 W0 DONE 4x2 seed=1130401 nsol=16 0.01s 2026-07-22T17:02:19.735
ATTEMPT 347 W0 START 4x2 seed=1130402 2026-07-22T17:02:19.736
ATTEMPT 347 W0 SOLVE 4x2 2026-07-22T17:02:19.741
ATTEMPT 347 W0 DONE 4x2 seed=1130402 nsol=16 0.02s 2026-07-22T17:02:19.775
ATTEMPT 348 W0 START 4x2 seed=1130403 2026-07-22T17:02:19.775
ATTEMPT 348 W0 SOLVE 4x2 2026-07-22T17:02:19.790
ATTEMPT 348 W0 DONE 4x2 seed=1130403 nsol=16 0.03s 2026-07-22T17:02:19.823
ATTEMPT 349 W0 START 4x2 seed=1130404 2026-07-22T17:02:19.823
ATTEMPT 349 W0 SOLVE 4x2 2026-07-22T17:02:19.829
ATTEMPT 349 W0 DONE 4x2 seed=1130404 nsol=16 0.02s 2026-07-22T17:02:19.855
ATTEMPT 350 W0 START 4x2 seed=1130405 2026-07-22T17:02:19.855
ATTEMPT 350 W0 SOLVE 4x2 2026-07-22T17:02:19.873
ATTEMPT 350 W0 DONE 4x2 seed=1130405 nsol=16 0.03s 2026-07-22T17:02:19.902
ATTEMPT 351 W0 START 4x2 seed=1130406 2026-07-22T17:02:19.902
ATTEMPT 351 W0 SOLVE 4x2 2026-07-22T17:02:19.918
ATTEMPT 351 W0 DONE 4x2 seed=1130406 nsol=16 0.01s 2026-07-22T17:02:19.935
ATTEMPT 352 W0 START 4x2 seed=1130407 2026-07-22T17:02:19.935
ATTEMPT 352 W0 SOLVE 4x2 2026-07-22T17:02:19.950
ATTEMPT 352 W0 DONE 4x2 seed=1130407 nsol=16 0.02s 2026-07-22T17:02:19.979
ATTEMPT 353 W0 START 4x2 seed=1130408 2026-07-22T17:02:19.979
ATTEMPT 353 W0 SOLVE 4x2 2026-07-22T17:02:19.994
ATTEMPT 353 W0 DONE 4x2 seed=1130408 nsol=16 0.02s 2026-07-22T17:02:20.014
ATTEMPT 354 W0 START 4x2 seed=1130409 2026-07-22T17:02:20.014
ATTEMPT 354 W0 SOLVE 4x2 2026-07-22T17:02:20.028
ATTEMPT 354 W0 DONE 4x2 seed=1130409 nsol=16 0.03s 2026-07-22T17:02:20.055
ATTEMPT 355 W0 START 4x2 seed=1130410 2026-07-22T17:02:20.055
ATTEMPT 355 W0 SOLVE 4x2 2026-07-22T17:02:20.065
ATTEMPT 355 W0 DONE 4x2 seed=1130410 nsol=16 0.03s 2026-07-22T17:02:20.092
ATTEMPT 356 W0 START 4x2 seed=1130411 2026-07-22T17:02:20.092
ATTEMPT 356 W0 SOLVE 4x2 2026-07-22T17:02:20.107
ATTEMPT 356 W0 DONE 4x2 seed=1130411 nsol=16 0.12s 2026-07-22T17:02:20.223
ATTEMPT 357 W0 START 4x2 seed=1130412 2026-07-22T17:02:20.223
ATTEMPT 357 W0 SOLVE 4x2 2026-07-22T17:02:20.232
ATTEMPT 357 W0 DONE 4x2 seed=1130412 nsol=16 0.02s 2026-07-22T17:02:20.255
ATTEMPT 358 W0 START 4x2 seed=1130413 2026-07-22T17:02:20.255
ATTEMPT 358 W0 SOLVE 4x2 2026-07-22T17:02:20.269
ATTEMPT 358 W0 DONE 4x2 seed=1130413 nsol=16 0.02s 2026-07-22T17:02:20.299
ATTEMPT 359 W0 START 4x2 seed=1130414 2026-07-22T17:02:20.299
ATTEMPT 359 W0 SOLVE 4x2 2026-07-22T17:02:20.309
ATTEMPT 359 W0 DONE 4x2 seed=1130414 nsol=16 0.03s 2026-07-22T17:02:20.351
ATTEMPT 360 W0 START 4x2 seed=1130415 2026-07-22T17:02:20.351
ATTEMPT 360 W0 SOLVE 4x2 2026-07-22T17:02:20.365
ATTEMPT 360 W0 DONE 4x2 seed=1130415 nsol=16 0.01s 2026-07-22T17:02:20.384
ATTEMPT 361 W0 START 4x2 seed=1130416 2026-07-22T17:02:20.384
ATTEMPT 361 W0 SOLVE 4x2 2026-07-22T17:02:23.993
ATTEMPT 361 W0 DONE 4x2 seed=1130416 nsol=16 0.01s 2026-07-22T17:02:24.007
ATTEMPT 362 W0 START 4x2 seed=1130417 2026-07-22T17:02:24.007
ATTEMPT 362 W0 SOLVE 4x2 2026-07-22T17:02:24.021
ATTEMPT 362 W0 DONE 4x2 seed=1130417 nsol=16 0.03s 2026-07-22T17:02:24.048
ATTEMPT 363 W0 START 4x2 seed=1130418 2026-07-22T17:02:24.049
ATTEMPT 363 W0 SOLVE 4x2 2026-07-22T17:02:24.058
ATTEMPT 363 W0 DONE 4x2 seed=1130418 nsol=16 0.03s 2026-07-22T17:02:24.088
ATTEMPT 364 W0 START 4x2 seed=1130419 2026-07-22T17:02:24.088
ATTEMPT 364 W0 SOLVE 4x2 2026-07-22T17:02:24.107
ATTEMPT 364 W0 DONE 4x2 seed=1130419 nsol=16 0.03s 2026-07-22T17:02:24.136
ATTEMPT 365 W0 START 4x2 seed=1130420 2026-07-22T17:02:24.136
ATTEMPT 365 W0 SOLVE 4x2 2026-07-22T17:02:24.152
ATTEMPT 365 W0 DONE 4x2 seed=1130420 nsol=16 0.04s 2026-07-22T17:02:24.188
ATTEMPT 366 W0 START 4x2 seed=1130421 2026-07-22T17:02:24.188
ATTEMPT 366 W0 SOLVE 4x2 2026-07-22T17:02:24.194
ATTEMPT 366 W0 DONE 4x2 seed=1130421 nsol=16 0.01s 2026-07-22T17:02:24.212
ATTEMPT 367 W0 START 4x2 seed=1130422 2026-07-22T17:02:24.212
ATTEMPT 367 W0 SOLVE 4x2 2026-07-22T17:02:24.227
ATTEMPT 367 W0 DONE 4x2 seed=1130422 nsol=16 0.01s 2026-07-22T17:02:24.244
ATTEMPT 368 W0 START 4x2 seed=1130423 2026-07-22T17:02:24.244
ATTEMPT 368 W0 SOLVE 4x2 2026-07-22T17:02:24.260
ATTEMPT 368 W0 DONE 4x2 seed=1130423 nsol=16 0.02s 2026-07-22T17:02:24.292
ATTEMPT 369 W0 START 4x2 seed=1130424 2026-07-22T17:02:24.292
ATTEMPT 369 W0 SOLVE 4x2 2026-07-22T17:02:24.319
ATTEMPT 369 W0 DONE 4x2 seed=1130424 nsol=16 0.02s 2026-07-22T17:02:24.344
ATTEMPT 370 W0 START 4x2 seed=1130425 2026-07-22T17:02:24.344
ATTEMPT 370 W0 SOLVE 4x2 2026-07-22T17:02:24.358
ATTEMPT 370 W0 DONE 4x2 seed=1130425 nsol=16 0.03s 2026-07-22T17:02:24.384
ATTEMPT 371 W0 START 4x2 seed=1130426 2026-07-22T17:02:24.384
ATTEMPT 371 W0 SOLVE 4x2 2026-07-22T17:02:24.407
ATTEMPT 371 W0 DONE 4x2 seed=1130426 nsol=16 0.02s 2026-07-22T17:02:24.427
ATTEMPT 372 W0 START 4x2 seed=1130427 2026-07-22T17:02:24.427
ATTEMPT 372 W0 SOLVE 4x2 2026-07-22T17:02:24.445
ATTEMPT 372 W0 DONE 4x2 seed=1130427 nsol=16 0.02s 2026-07-22T17:02:24.468
ATTEMPT 373 W0 START 4x2 seed=1130428 2026-07-22T17:02:24.468
ATTEMPT 373 W0 SOLVE 4x2 2026-07-22T17:02:24.487
ATTEMPT 373 W0 DONE 4x2 seed=1130428 nsol=16 0.02s 2026-07-22T17:02:24.511
ATTEMPT 374 W0 START 4x2 seed=1130429 2026-07-22T17:02:24.511
ATTEMPT 374 W0 SOLVE 4x2 2026-07-22T17:02:24.534
ATTEMPT 374 W0 DONE 4x2 seed=1130429 nsol=16 0.03s 2026-07-22T17:02:24.568
ATTEMPT 375 W0 START 4x2 seed=1130430 2026-07-22T17:02:24.569
ATTEMPT 375 W0 SOLVE 4x2 2026-07-22T17:02:24.584
ATTEMPT 375 W0 DONE 4x2 seed=1130430 nsol=16 0.03s 2026-07-22T17:02:24.628
ATTEMPT 376 W0 START 4x2 seed=1130431 2026-07-22T17:02:24.628
ATTEMPT 376 W0 SOLVE 4x2 2026-07-22T17:02:24.646
ATTEMPT 376 W0 DONE 4x2 seed=1130431 nsol=16 0.02s 2026-07-22T17:02:24.674
ATTEMPT 377 W0 START 4x2 seed=1130432 2026-07-22T17:02:24.674
ATTEMPT 377 W0 SOLVE 4x2 2026-07-22T17:02:24.680
ATTEMPT 377 W0 DONE 4x2 seed=1130432 nsol=16 0.03s 2026-07-22T17:02:24.732
ATTEMPT 378 W0 START 4x2 seed=1130433 2026-07-22T17:02:24.733
ATTEMPT 378 W0 SOLVE 4x2 2026-07-22T17:02:24.744
ATTEMPT 378 W0 DONE 4x2 seed=1130433 nsol=16 0.02s 2026-07-22T17:02:24.760
ATTEMPT 379 W0 START 4x2 seed=1130434 2026-07-22T17:02:24.760
ATTEMPT 379 W0 SOLVE 4x2 2026-07-22T17:02:24.768
ATTEMPT 379 W0 DONE 4x2 seed=1130434 nsol=16 0.02s 2026-07-22T17:02:24.796
ATTEMPT 380 W0 START 4x2 seed=1130435 2026-07-22T17:02:24.796
ATTEMPT 380 W0 SOLVE 4x2 2026-07-22T17:02:24.814
ATTEMPT 380 W0 DONE 4x2 seed=1130435 nsol=16 0.02s 2026-07-22T17:02:24.833
ATTEMPT 381 W0 START 4x2 seed=1130436 2026-07-22T17:02:24.833
ATTEMPT 381 W0 SOLVE 4x2 2026-07-22T17:02:24.849
ATTEMPT 381 W0 DONE 4x2 seed=1130436 nsol=16 0.03s 2026-07-22T17:02:24.878
ATTEMPT 382 W0 START 4x2 seed=1130437 2026-07-22T17:02:24.879
ATTEMPT 382 W0 SOLVE 4x2 2026-07-22T17:02:24.884
ATTEMPT 382 W0 DONE 4x2 seed=1130437 nsol=16 0.01s 2026-07-22T17:02:24.899
ATTEMPT 383 W0 START 4x2 seed=1130438 2026-07-22T17:02:24.899
ATTEMPT 383 W0 SOLVE 4x2 2026-07-22T17:02:24.905
ATTEMPT 383 W0 DONE 4x2 seed=1130438 nsol=16 0.01s 2026-07-22T17:02:24.915
ATTEMPT 384 W0 START 4x2 seed=1130439 2026-07-22T17:02:24.915
ATTEMPT 384 W0 SOLVE 4x2 2026-07-22T17:02:24.925
ATTEMPT 384 W0 DONE 4x2 seed=1130439 nsol=16 0.02s 2026-07-22T17:02:24.941
ATTEMPT 385 W0 START 4x2 seed=1130440 2026-07-22T17:02:24.941
ATTEMPT 385 W0 SOLVE 4x2 2026-07-22T17:02:24.949
ATTEMPT 385 W0 DONE 4x2 seed=1130440 nsol=16 0.02s 2026-07-22T17:02:24.970
ATTEMPT 386 W0 START 4x2 seed=1130441 2026-07-22T17:02:24.970
ATTEMPT 386 W0 SOLVE 4x2 2026-07-22T17:02:24.979
ATTEMPT 386 W0 DONE 4x2 seed=1130441 nsol=16 0.03s 2026-07-22T17:02:25.008
ATTEMPT 387 W0 START 4x2 seed=1130442 2026-07-22T17:02:25.008
ATTEMPT 387 W0 SOLVE 4x2 2026-07-22T17:02:25.016
ATTEMPT 387 W0 DONE 4x2 seed=1130442 nsol=16 0.02s 2026-07-22T17:02:25.037
ATTEMPT 388 W0 START 4x2 seed=1130443 2026-07-22T17:02:25.037
ATTEMPT 388 W0 SOLVE 4x2 2026-07-22T17:02:25.049
ATTEMPT 388 W0 DONE 4x2 seed=1130443 nsol=16 0.01s 2026-07-22T17:02:25.057
ATTEMPT 389 W0 START 4x2 seed=1130444 2026-07-22T17:02:25.057
ATTEMPT 389 W0 SOLVE 4x2 2026-07-22T17:02:25.065
ATTEMPT 389 W0 DONE 4x2 seed=1130444 nsol=16 0.02s 2026-07-22T17:02:25.082
ATTEMPT 390 W0 START 4x2 seed=1130445 2026-07-22T17:02:25.082
ATTEMPT 390 W0 SOLVE 4x2 2026-07-22T17:02:25.088
ATTEMPT 390 W0 DONE 4x2 seed=1130445 nsol=16 0.02s 2026-07-22T17:02:25.104
ATTEMPT 391 W0 START 4x2 seed=1130446 2026-07-22T17:02:25.104
ATTEMPT 391 W0 SOLVE 4x2 2026-07-22T17:02:25.113
ATTEMPT 391 W0 DONE 4x2 seed=1130446 nsol=16 0.01s 2026-07-22T17:02:25.128
ATTEMPT 392 W0 START 4x2 seed=1130447 2026-07-22T17:02:25.128
ATTEMPT 392 W0 SOLVE 4x2 2026-07-22T17:02:25.134
ATTEMPT 392 W0 DONE 4x2 seed=1130447 nsol=16 0.01s 2026-07-22T17:02:25.140
ATTEMPT 393 W0 START 4x2 seed=1130448 2026-07-22T17:02:25.140
ATTEMPT 393 W0 SOLVE 4x2 2026-07-22T17:02:25.148
ATTEMPT 393 W0 DONE 4x2 seed=1130448 nsol=16 0.01s 2026-07-22T17:02:25.157
ATTEMPT 394 W0 START 4x2 seed=1130449 2026-07-22T17:02:25.157
ATTEMPT 394 W0 SOLVE 4x2 2026-07-22T17:02:25.164
ATTEMPT 394 W0 DONE 4x2 seed=1130449 nsol=16 0.03s 2026-07-22T17:02:25.196
ATTEMPT 395 W0 START 4x2 seed=1130450 2026-07-22T17:02:25.196
ATTEMPT 395 W0 SOLVE 4x2 2026-07-22T17:02:25.211
ATTEMPT 395 W0 DONE 4x2 seed=1130450 nsol=16 0.03s 2026-07-22T17:02:25.237
ATTEMPT 396 W0 START 4x2 seed=1130451 2026-07-22T17:02:25.237
ATTEMPT 396 W0 SOLVE 4x2 2026-07-22T17:02:25.247
ATTEMPT 396 W0 DONE 4x2 seed=1130451 nsol=16 0.01s 2026-07-22T17:02:25.265
ATTEMPT 397 W0 START 4x2 seed=1130452 2026-07-22T17:02:25.265
ATTEMPT 397 W0 SOLVE 4x2 2026-07-22T17:02:25.278
ATTEMPT 397 W0 DONE 4x2 seed=1130452 nsol=16 0.03s 2026-07-22T17:02:25.312
ATTEMPT 398 W0 START 4x2 seed=1130453 2026-07-22T17:02:25.312
ATTEMPT 398 W0 SOLVE 4x2 2026-07-22T17:02:25.326
ATTEMPT 398 W0 DONE 4x2 seed=1130453 nsol=16 0.03s 2026-07-22T17:02:25.352
ATTEMPT 399 W0 START 4x2 seed=1130454 2026-07-22T17:02:25.352
ATTEMPT 399 W0 SOLVE 4x2 2026-07-22T17:02:25.358
ATTEMPT 399 W0 DONE 4x2 seed=1130454 nsol=16 0.02s 2026-07-22T17:02:25.377
ATTEMPT 400 W0 START 4x2 seed=1130455 2026-07-22T17:02:25.377
ATTEMPT 400 W0 SOLVE 4x2 2026-07-22T17:02:25.388
ATTEMPT 400 W0 DONE 4x2 seed=1130455 nsol=16 0.01s 2026-07-22T17:02:25.407
ATTEMPT 401 W0 START 4x2 seed=1130456 2026-07-22T17:02:25.407
ATTEMPT 401 W0 SOLVE 4x2 2026-07-22T17:02:25.416
ATTEMPT 401 W0 DONE 4x2 seed=1130456 nsol=16 0.02s 2026-07-22T17:02:25.438
ATTEMPT 402 W0 START 4x2 seed=1130457 2026-07-22T17:02:25.438
ATTEMPT 402 W0 SOLVE 4x2 2026-07-22T17:02:25.454
ATTEMPT 402 W0 DONE 4x2 seed=1130457 nsol=16 0.02s 2026-07-22T17:02:25.475
ATTEMPT 403 W0 START 4x2 seed=1130458 2026-07-22T17:02:25.475
ATTEMPT 403 W0 SOLVE 4x2 2026-07-22T17:02:25.489
ATTEMPT 403 W0 DONE 4x2 seed=1130458 nsol=16 0.02s 2026-07-22T17:02:25.513
ATTEMPT 404 W0 START 4x2 seed=1130459 2026-07-22T17:02:25.513
ATTEMPT 404 W0 SOLVE 4x2 2026-07-22T17:02:25.535
ATTEMPT 404 W0 DONE 4x2 seed=1130459 nsol=16 0.02s 2026-07-22T17:02:25.553
ATTEMPT 405 W0 START 4x2 seed=1130460 2026-07-22T17:02:25.553
ATTEMPT 405 W0 SOLVE 4x2 2026-07-22T17:02:25.568
ATTEMPT 405 W0 DONE 4x2 seed=1130460 nsol=16 0.02s 2026-07-22T17:02:25.585
ATTEMPT 406 W0 START 4x2 seed=1130461 2026-07-22T17:02:25.585
ATTEMPT 406 W0 SOLVE 4x2 2026-07-22T17:02:25.596
ATTEMPT 406 W0 DONE 4x2 seed=1130461 nsol=16 0.03s 2026-07-22T17:02:25.628
ATTEMPT 407 W0 START 4x2 seed=1130462 2026-07-22T17:02:25.628
ATTEMPT 407 W0 SOLVE 4x2 2026-07-22T17:02:25.642
ATTEMPT 407 W0 DONE 4x2 seed=1130462 nsol=16 0.00s 2026-07-22T17:02:25.653
ATTEMPT 408 W0 START 4x2 seed=1130463 2026-07-22T17:02:25.653
ATTEMPT 408 W0 SOLVE 4x2 2026-07-22T17:02:25.668
ATTEMPT 408 W0 DONE 4x2 seed=1130463 nsol=16 0.04s 2026-07-22T17:02:25.708
ATTEMPT 409 W0 START 4x2 seed=1130464 2026-07-22T17:02:25.708
ATTEMPT 409 W0 SOLVE 4x2 2026-07-22T17:02:25.718
ATTEMPT 409 W0 DONE 4x2 seed=1130464 nsol=16 0.02s 2026-07-22T17:02:25.738
ATTEMPT 410 W0 START 4x2 seed=1130465 2026-07-22T17:02:25.738
ATTEMPT 410 W0 SOLVE 4x2 2026-07-22T17:02:25.744
ATTEMPT 410 W0 DONE 4x2 seed=1130465 nsol=16 0.01s 2026-07-22T17:02:25.753
ATTEMPT 411 W0 START 4x2 seed=1130466 2026-07-22T17:02:25.753
ATTEMPT 411 W0 SOLVE 4x2 2026-07-22T17:02:25.760
ATTEMPT 411 W0 DONE 4x2 seed=1130466 nsol=16 0.01s 2026-07-22T17:02:25.765
ATTEMPT 412 W0 START 4x2 seed=1130467 2026-07-22T17:02:25.766
ATTEMPT 412 W0 SOLVE 4x2 2026-07-22T17:02:25.773
ATTEMPT 412 W0 DONE 4x2 seed=1130467 nsol=16 0.01s 2026-07-22T17:02:25.784
ATTEMPT 413 W0 START 4x2 seed=1130468 2026-07-22T17:02:25.784
ATTEMPT 413 W0 SOLVE 4x2 2026-07-22T17:02:25.789
ATTEMPT 413 W0 DONE 4x2 seed=1130468 nsol=16 0.01s 2026-07-22T17:02:25.800
ATTEMPT 414 W0 START 4x2 seed=1130469 2026-07-22T17:02:25.800
ATTEMPT 414 W0 SOLVE 4x2 2026-07-22T17:02:25.806
ATTEMPT 414 W0 DONE 4x2 seed=1130469 nsol=16 0.01s 2026-07-22T17:02:25.812
ATTEMPT 415 W0 START 4x2 seed=1130470 2026-07-22T17:02:25.812
ATTEMPT 415 W0 SOLVE 4x2 2026-07-22T17:02:25.819
ATTEMPT 415 W0 DONE 4x2 seed=1130470 nsol=16 0.01s 2026-07-22T17:02:25.828
ATTEMPT 416 W0 START 4x2 seed=1130471 2026-07-22T17:02:25.828
ATTEMPT 416 W0 SOLVE 4x2 2026-07-22T17:02:25.834
ATTEMPT 416 W0 DONE 4x2 seed=1130471 nsol=16 0.01s 2026-07-22T17:02:25.841
ATTEMPT 417 W0 START 4x2 seed=1130472 2026-07-22T17:02:25.841
ATTEMPT 417 W0 SOLVE 4x2 2026-07-22T17:02:25.846
ATTEMPT 417 W0 DONE 4x2 seed=1130472 nsol=16 0.02s 2026-07-22T17:02:25.864
ATTEMPT 418 W0 START 4x2 seed=1130473 2026-07-22T17:02:25.864
ATTEMPT 418 W0 SOLVE 4x2 2026-07-22T17:02:25.870
ATTEMPT 418 W0 DONE 4x2 seed=1130473 nsol=16 0.02s 2026-07-22T17:02:25.892
ATTEMPT 419 W0 START 4x2 seed=1130474 2026-07-22T17:02:25.892
ATTEMPT 419 W0 SOLVE 4x2 2026-07-22T17:02:25.898
ATTEMPT 419 W0 DONE 4x2 seed=1130474 nsol=16 0.01s 2026-07-22T17:02:25.908
ATTEMPT 420 W0 START 4x2 seed=1130475 2026-07-22T17:02:25.908
ATTEMPT 420 W0 SOLVE 4x2 2026-07-22T17:02:25.914
ATTEMPT 420 W0 DONE 4x2 seed=1130475 nsol=16 0.02s 2026-07-22T17:02:25.937
ATTEMPT 421 W0 START 4x2 seed=1130476 2026-07-22T17:02:25.937
ATTEMPT 421 W0 SOLVE 4x2 2026-07-22T17:02:25.956
ATTEMPT 421 W0 DONE 4x2 seed=1130476 nsol=16 0.17s 2026-07-22T17:02:26.122
ATTEMPT 422 W0 START 4x2 seed=1130477 2026-07-22T17:02:26.122
ATTEMPT 422 W0 SOLVE 4x2 2026-07-22T17:02:26.128
ATTEMPT 422 W0 DONE 4x2 seed=1130477 nsol=16 0.01s 2026-07-22T17:02:26.137
ATTEMPT 423 W0 START 4x2 seed=1130478 2026-07-22T17:02:26.137
ATTEMPT 423 W0 SOLVE 4x2 2026-07-22T17:02:26.142
ATTEMPT 423 W0 DONE 4x2 seed=1130478 nsol=16 0.02s 2026-07-22T17:02:26.164
ATTEMPT 424 W0 START 4x2 seed=1130479 2026-07-22T17:02:26.164
ATTEMPT 424 W0 SOLVE 4x2 2026-07-22T17:02:26.170
ATTEMPT 424 W0 DONE 4x2 seed=1130479 nsol=16 0.01s 2026-07-22T17:02:26.184
ATTEMPT 425 W0 START 4x2 seed=1130480 2026-07-22T17:02:26.184
ATTEMPT 425 W0 SOLVE 4x2 2026-07-22T17:02:26.191
ATTEMPT 425 W0 DONE 4x2 seed=1130480 nsol=16 0.01s 2026-07-22T17:02:26.198
ATTEMPT 426 W0 START 4x2 seed=1130481 2026-07-22T17:02:26.198
ATTEMPT 426 W0 SOLVE 4x2 2026-07-22T17:02:26.206
ATTEMPT 426 W0 DONE 4x2 seed=1130481 nsol=16 0.02s 2026-07-22T17:02:26.227
ATTEMPT 427 W0 START 4x2 seed=1130482 2026-07-22T17:02:26.227
ATTEMPT 427 W0 SOLVE 4x2 2026-07-22T17:02:26.234
ATTEMPT 427 W0 DONE 4x2 seed=1130482 nsol=16 0.01s 2026-07-22T17:02:26.244
ATTEMPT 428 W0 START 4x2 seed=1130483 2026-07-22T17:02:26.244
ATTEMPT 428 W0 SOLVE 4x2 2026-07-22T17:02:26.250
ATTEMPT 428 W0 DONE 4x2 seed=1130483 nsol=16 0.03s 2026-07-22T17:02:26.276
ATTEMPT 429 W0 START 4x2 seed=1130484 2026-07-22T17:02:26.276
ATTEMPT 429 W0 SOLVE 4x2 2026-07-22T17:02:26.282
ATTEMPT 429 W0 DONE 4x2 seed=1130484 nsol=16 0.01s 2026-07-22T17:02:26.296
ATTEMPT 430 W0 START 4x2 seed=1130485 2026-07-22T17:02:26.296
ATTEMPT 430 W0 SOLVE 4x2 2026-07-22T17:02:26.305
ATTEMPT 430 W0 DONE 4x2 seed=1130485 nsol=16 0.01s 2026-07-22T17:02:26.316
ATTEMPT 431 W0 START 4x2 seed=1130486 2026-07-22T17:02:26.316
ATTEMPT 431 W0 SOLVE 4x2 2026-07-22T17:02:26.322
ATTEMPT 431 W0 DONE 4x2 seed=1130486 nsol=16 0.01s 2026-07-22T17:02:26.336
ATTEMPT 432 W0 START 4x2 seed=1130487 2026-07-22T17:02:26.336
ATTEMPT 432 W0 SOLVE 4x2 2026-07-22T17:02:26.342
ATTEMPT 432 W0 DONE 4x2 seed=1130487 nsol=16 0.02s 2026-07-22T17:02:26.361
ATTEMPT 433 W0 START 4x2 seed=1130488 2026-07-22T17:02:26.362
ATTEMPT 433 W0 SOLVE 4x2 2026-07-22T17:02:26.367
ATTEMPT 433 W0 DONE 4x2 seed=1130488 nsol=16 0.01s 2026-07-22T17:02:26.375
ATTEMPT 434 W0 START 4x2 seed=1130489 2026-07-22T17:02:26.375
ATTEMPT 434 W0 SOLVE 4x2 2026-07-22T17:02:26.380
ATTEMPT 434 W0 DONE 4x2 seed=1130489 nsol=16 0.01s 2026-07-22T17:02:26.389
ATTEMPT 435 W0 START 4x2 seed=1130490 2026-07-22T17:02:26.390
ATTEMPT 435 W0 SOLVE 4x2 2026-07-22T17:02:26.396
ATTEMPT 435 W0 DONE 4x2 seed=1130490 nsol=16 0.01s 2026-07-22T17:02:26.411
ATTEMPT 436 W0 START 4x2 seed=1130491 2026-07-22T17:02:26.412
ATTEMPT 436 W0 SOLVE 4x2 2026-07-22T17:02:26.417
ATTEMPT 436 W0 DONE 4x2 seed=1130491 nsol=16 0.01s 2026-07-22T17:02:26.424
ATTEMPT 437 W0 START 4x2 seed=1130492 2026-07-22T17:02:26.425
ATTEMPT 437 W0 SOLVE 4x2 2026-07-22T17:02:26.430
ATTEMPT 437 W0 DONE 4x2 seed=1130492 nsol=16 0.01s 2026-07-22T17:02:26.436
ATTEMPT 438 W0 START 4x2 seed=1130493 2026-07-22T17:02:26.436
ATTEMPT 438 W0 SOLVE 4x2 2026-07-22T17:02:26.442
ATTEMPT 438 W0 DONE 4x2 seed=1130493 nsol=16 0.01s 2026-07-22T17:02:26.452
ATTEMPT 439 W0 START 4x2 seed=1130494 2026-07-22T17:02:26.452
ATTEMPT 439 W0 SOLVE 4x2 2026-07-22T17:02:26.458
ATTEMPT 439 W0 DONE 4x2 seed=1130494 nsol=16 0.01s 2026-07-22T17:02:26.467
ATTEMPT 440 W0 START 4x2 seed=1130495 2026-07-22T17:02:26.467
ATTEMPT 440 W0 SOLVE 4x2 2026-07-22T17:02:26.473
ATTEMPT 440 W0 DONE 4x2 seed=1130495 nsol=16 0.01s 2026-07-22T17:02:26.480
ATTEMPT 441 W0 START 4x2 seed=1130496 2026-07-22T17:02:26.480
ATTEMPT 441 W0 SOLVE 4x2 2026-07-22T17:02:26.498
ATTEMPT 441 W0 DONE 4x2 seed=1130496 nsol=16 0.01s 2026-07-22T17:02:26.516
ATTEMPT 442 W0 START 4x2 seed=1130497 2026-07-22T17:02:26.516
ATTEMPT 442 W0 SOLVE 4x2 2026-07-22T17:02:26.522
ATTEMPT 442 W0 DONE 4x2 seed=1130497 nsol=16 0.00s 2026-07-22T17:02:26.526
ATTEMPT 443 W0 START 4x2 seed=1130498 2026-07-22T17:02:26.526
ATTEMPT 443 W0 SOLVE 4x2 2026-07-22T17:02:26.537
ATTEMPT 443 W0 DONE 4x2 seed=1130498 nsol=16 0.00s 2026-07-22T17:02:26.541
ATTEMPT 444 W0 START 4x2 seed=1130499 2026-07-22T17:02:26.541
ATTEMPT 444 W0 SOLVE 4x2 2026-07-22T17:02:26.551
ATTEMPT 444 W0 DONE 4x2 seed=1130499 nsol=16 0.01s 2026-07-22T17:02:26.558
ATTEMPT 445 W0 START 4x2 seed=1130500 2026-07-22T17:02:26.558
ATTEMPT 445 W0 SOLVE 4x2 2026-07-22T17:02:26.572
ATTEMPT 445 W0 DONE 4x2 seed=1130500 nsol=16 0.02s 2026-07-22T17:02:26.588
ATTEMPT 446 W0 START 4x2 seed=1130501 2026-07-22T17:02:26.588
ATTEMPT 446 W0 SOLVE 4x2 2026-07-22T17:02:26.599
ATTEMPT 446 W0 DONE 4x2 seed=1130501 nsol=16 0.01s 2026-07-22T17:02:26.606
ATTEMPT 447 W0 START 4x2 seed=1130502 2026-07-22T17:02:26.606
ATTEMPT 447 W0 SOLVE 4x2 2026-07-22T17:02:26.615
ATTEMPT 447 W0 DONE 4x2 seed=1130502 nsol=16 0.01s 2026-07-22T17:02:26.628
ATTEMPT 448 W0 START 4x2 seed=1130503 2026-07-22T17:02:26.629
ATTEMPT 448 W0 SOLVE 4x2 2026-07-22T17:02:26.634
ATTEMPT 448 W0 DONE 4x2 seed=1130503 nsol=16 0.01s 2026-07-22T17:02:26.648
ATTEMPT 449 W0 START 4x2 seed=1130504 2026-07-22T17:02:26.648
ATTEMPT 449 W0 SOLVE 4x2 2026-07-22T17:02:26.662
ATTEMPT 449 W0 DONE 4x2 seed=1130504 nsol=16 0.03s 2026-07-22T17:02:26.696
ATTEMPT 450 W0 START 4x2 seed=1130505 2026-07-22T17:02:26.696
ATTEMPT 450 W0 SOLVE 4x2 2026-07-22T17:02:26.720
ATTEMPT 450 W0 DONE 4x2 seed=1130505 nsol=16 0.02s 2026-07-22T17:02:26.740
ATTEMPT 451 W0 START 4x2 seed=1130506 2026-07-22T17:02:26.740
ATTEMPT 451 W0 SOLVE 4x2 2026-07-22T17:02:26.758
ATTEMPT 451 W0 DONE 4x2 seed=1130506 nsol=16 0.01s 2026-07-22T17:02:26.772
ATTEMPT 452 W0 START 4x2 seed=1130507 2026-07-22T17:02:26.773
ATTEMPT 452 W0 SOLVE 4x2 2026-07-22T17:02:26.795
ATTEMPT 452 W0 DONE 4x2 seed=1130507 nsol=16 0.01s 2026-07-22T17:02:26.806
ATTEMPT 453 W0 START 4x2 seed=1130508 2026-07-22T17:02:26.807
ATTEMPT 453 W0 SOLVE 4x2 2026-07-22T17:02:26.817
ATTEMPT 453 W0 DONE 4x2 seed=1130508 nsol=16 0.02s 2026-07-22T17:02:26.840
ATTEMPT 454 W0 START 4x2 seed=1130509 2026-07-22T17:02:26.840
ATTEMPT 454 W0 SOLVE 4x2 2026-07-22T17:02:26.852
ATTEMPT 454 W0 DONE 4x2 seed=1130509 nsol=16 0.03s 2026-07-22T17:02:26.880
ATTEMPT 455 W0 START 4x2 seed=1130510 2026-07-22T17:02:26.880
ATTEMPT 455 W0 SOLVE 4x2 2026-07-22T17:02:26.891
ATTEMPT 455 W0 DONE 4x2 seed=1130510 nsol=16 0.02s 2026-07-22T17:02:26.915
ATTEMPT 456 W0 START 4x2 seed=1130511 2026-07-22T17:02:26.915
ATTEMPT 456 W0 SOLVE 4x2 2026-07-22T17:02:26.931
ATTEMPT 456 W0 DONE 4x2 seed=1130511 nsol=16 0.03s 2026-07-22T17:02:26.960
ATTEMPT 457 W0 START 4x2 seed=1130512 2026-07-22T17:02:26.960
ATTEMPT 457 W0 SOLVE 4x2 2026-07-22T17:02:26.970
ATTEMPT 457 W0 DONE 4x2 seed=1130512 nsol=16 0.03s 2026-07-22T17:02:27
ATTEMPT 458 W0 START 4x2 seed=1130513 2026-07-22T17:02:27
ATTEMPT 458 W0 SOLVE 4x2 2026-07-22T17:02:27.010
ATTEMPT 458 W0 DONE 4x2 seed=1130513 nsol=16 0.01s 2026-07-22T17:02:27.024
ATTEMPT 459 W0 START 4x2 seed=1130514 2026-07-22T17:02:27.024
ATTEMPT 459 W0 SOLVE 4x2 2026-07-22T17:02:27.034
ATTEMPT 459 W0 DONE 4x2 seed=1130514 nsol=16 0.02s 2026-07-22T17:02:27.057
ATTEMPT 460 W0 START 4x2 seed=1130515 2026-07-22T17:02:27.057
ATTEMPT 460 W0 SOLVE 4x2 2026-07-22T17:02:27.068
ATTEMPT 460 W0 DONE 4x2 seed=1130515 nsol=16 0.03s 2026-07-22T17:02:27.096
ATTEMPT 461 W0 START 4x2 seed=1130516 2026-07-22T17:02:27.096
ATTEMPT 461 W0 SOLVE 4x2 2026-07-22T17:02:27.106
ATTEMPT 461 W0 DONE 4x2 seed=1130516 nsol=16 0.01s 2026-07-22T17:02:27.120
ATTEMPT 462 W0 START 4x2 seed=1130517 2026-07-22T17:02:27.120
ATTEMPT 462 W0 SOLVE 4x2 2026-07-22T17:02:27.130
ATTEMPT 462 W0 DONE 4x2 seed=1130517 nsol=16 0.02s 2026-07-22T17:02:27.148
ATTEMPT 463 W0 START 4x2 seed=1130518 2026-07-22T17:02:27.148
ATTEMPT 463 W0 SOLVE 4x2 2026-07-22T17:02:27.159
ATTEMPT 463 W0 DONE 4x2 seed=1130518 nsol=16 0.02s 2026-07-22T17:02:27.176
ATTEMPT 464 W0 START 4x2 seed=1130519 2026-07-22T17:02:27.176
ATTEMPT 464 W0 SOLVE 4x2 2026-07-22T17:02:27.182
ATTEMPT 464 W0 DONE 4x2 seed=1130519 nsol=16 0.03s 2026-07-22T17:02:27.209
ATTEMPT 465 W0 START 4x2 seed=1130520 2026-07-22T17:02:27.209
ATTEMPT 465 W0 SOLVE 4x2 2026-07-22T17:02:27.218
ATTEMPT 465 W0 DONE 4x2 seed=1130520 nsol=16 0.01s 2026-07-22T17:02:27.233
ATTEMPT 466 W0 START 4x2 seed=1130521 2026-07-22T17:02:27.233
ATTEMPT 466 W0 SOLVE 4x2 2026-07-22T17:02:27.245
ATTEMPT 466 W0 DONE 4x2 seed=1130521 nsol=16 0.01s 2026-07-22T17:02:27.256
ATTEMPT 467 W0 START 4x2 seed=1130522 2026-07-22T17:02:27.257
ATTEMPT 467 W0 SOLVE 4x2 2026-07-22T17:02:27.270
ATTEMPT 467 W0 DONE 4x2 seed=1130522 nsol=16 0.02s 2026-07-22T17:02:27.289
ATTEMPT 468 W0 START 4x2 seed=1130523 2026-07-22T17:02:27.289
ATTEMPT 468 W0 SOLVE 4x2 2026-07-22T17:02:27.309
ATTEMPT 468 W0 DONE 4x2 seed=1130523 nsol=16 0.01s 2026-07-22T17:02:27.320
ATTEMPT 469 W0 START 4x2 seed=1130524 2026-07-22T17:02:27.320
ATTEMPT 469 W0 SOLVE 4x2 2026-07-22T17:02:27.337
ATTEMPT 469 W0 DONE 4x2 seed=1130524 nsol=16 0.02s 2026-07-22T17:02:27.361
ATTEMPT 470 W0 START 4x2 seed=1130525 2026-07-22T17:02:27.361
ATTEMPT 470 W0 SOLVE 4x2 2026-07-22T17:02:27.377
ATTEMPT 470 W0 DONE 4x2 seed=1130525 nsol=16 0.02s 2026-07-22T17:02:27.393
ATTEMPT 471 W0 START 4x2 seed=1130526 2026-07-22T17:02:27.393
ATTEMPT 471 W0 SOLVE 4x2 2026-07-22T17:02:27.416
ATTEMPT 471 W0 DONE 4x2 seed=1130526 nsol=16 0.02s 2026-07-22T17:02:27.433
ATTEMPT 472 W0 START 4x2 seed=1130527 2026-07-22T17:02:27.433
ATTEMPT 472 W0 SOLVE 4x2 2026-07-22T17:02:27.443
ATTEMPT 472 W0 DONE 4x2 seed=1130527 nsol=16 0.02s 2026-07-22T17:02:27.476
ATTEMPT 473 W0 START 4x2 seed=1130528 2026-07-22T17:02:27.476
ATTEMPT 473 W0 SOLVE 4x2 2026-07-22T17:02:27.486
ATTEMPT 473 W0 DONE 4x2 seed=1130528 nsol=16 0.03s 2026-07-22T17:02:27.513
ATTEMPT 474 W0 START 4x2 seed=1130529 2026-07-22T17:02:27.513
ATTEMPT 474 W0 SOLVE 4x2 2026-07-22T17:02:27.526
ATTEMPT 474 W0 DONE 4x2 seed=1130529 nsol=16 0.01s 2026-07-22T17:02:27.539
ATTEMPT 475 W0 START 4x2 seed=1130530 2026-07-22T17:02:27.539
ATTEMPT 475 W0 SOLVE 4x2 2026-07-22T17:02:27.556
ATTEMPT 475 W0 DONE 4x2 seed=1130530 nsol=16 0.01s 2026-07-22T17:02:27.568
ATTEMPT 476 W0 START 4x2 seed=1130531 2026-07-22T17:02:27.915
ATTEMPT 476 W0 SOLVE 4x2 2026-07-22T17:02:27.937
ATTEMPT 476 W0 DONE 4x2 seed=1130531 nsol=16 0.02s 2026-07-22T17:02:27.960
ATTEMPT 477 W0 START 4x2 seed=1130532 2026-07-22T17:02:27.960
ATTEMPT 477 W0 SOLVE 4x2 2026-07-22T17:02:27.972
ATTEMPT 477 W0 DONE 4x2 seed=1130532 nsol=16 0.01s 2026-07-22T17:02:27.987
ATTEMPT 478 W0 START 4x2 seed=1130533 2026-07-22T17:02:27.987
ATTEMPT 478 W0 SOLVE 4x2 2026-07-22T17:02:27.992
ATTEMPT 478 W0 DONE 4x2 seed=1130533 nsol=16 0.02s 2026-07-22T17:02:28.016
ATTEMPT 479 W0 START 4x2 seed=1130534 2026-07-22T17:02:28.017
ATTEMPT 479 W0 SOLVE 4x2 2026-07-22T17:02:28.022
ATTEMPT 479 W0 DONE 4x2 seed=1130534 nsol=16 0.01s 2026-07-22T17:02:28.030
ATTEMPT 480 W0 START 4x2 seed=1130535 2026-07-22T17:02:28.031
ATTEMPT 480 W0 SOLVE 4x2 2026-07-22T17:02:28.036
ATTEMPT 480 W0 DONE 4x2 seed=1130535 nsol=16 0.01s 2026-07-22T17:02:28.044
ATTEMPT 481 W0 START 4x2 seed=1130536 2026-07-22T17:02:28.044
ATTEMPT 481 W0 SOLVE 4x2 2026-07-22T17:02:28.058
ATTEMPT 481 W0 DONE 4x2 seed=1130536 nsol=16 0.01s 2026-07-22T17:02:28.069
ATTEMPT 482 W0 START 4x2 seed=1130537 2026-07-22T17:02:28.069
ATTEMPT 482 W0 SOLVE 4x2 2026-07-22T17:02:28.079
ATTEMPT 482 W0 DONE 4x2 seed=1130537 nsol=16 0.02s 2026-07-22T17:02:28.096
ATTEMPT 483 W0 START 4x2 seed=1130538 2026-07-22T17:02:28.096
ATTEMPT 483 W0 SOLVE 4x2 2026-07-22T17:02:28.110
ATTEMPT 483 W0 DONE 4x2 seed=1130538 nsol=16 0.02s 2026-07-22T17:02:28.128
ATTEMPT 484 W0 START 4x2 seed=1130539 2026-07-22T17:02:28.128
ATTEMPT 484 W0 SOLVE 4x2 2026-07-22T17:02:28.138
ATTEMPT 484 W0 DONE 4x2 seed=1130539 nsol=16 0.01s 2026-07-22T17:02:28.148
ATTEMPT 485 W0 START 4x2 seed=1130540 2026-07-22T17:02:28.149
ATTEMPT 485 W0 SOLVE 4x2 2026-07-22T17:02:28.166
ATTEMPT 485 W0 DONE 4x2 seed=1130540 nsol=16 0.02s 2026-07-22T17:02:28.184
ATTEMPT 486 W0 START 4x2 seed=1130541 2026-07-22T17:02:28.184
ATTEMPT 486 W0 SOLVE 4x2 2026-07-22T17:02:28.195
ATTEMPT 486 W0 DONE 4x2 seed=1130541 nsol=16 0.01s 2026-07-22T17:02:28.212
ATTEMPT 487 W0 START 4x2 seed=1130542 2026-07-22T17:02:28.212
ATTEMPT 487 W0 SOLVE 4x2 2026-07-22T17:02:28.224
ATTEMPT 487 W0 DONE 4x2 seed=1130542 nsol=16 0.01s 2026-07-22T17:02:28.239
ATTEMPT 488 W0 START 4x2 seed=1130543 2026-07-22T17:02:28.239
ATTEMPT 488 W0 SOLVE 4x2 2026-07-22T17:02:28.257
ATTEMPT 488 W0 DONE 4x2 seed=1130543 nsol=16 0.02s 2026-07-22T17:02:28.274
ATTEMPT 489 W0 START 4x2 seed=1130544 2026-07-22T17:02:28.275
ATTEMPT 489 W0 SOLVE 4x2 2026-07-22T17:02:28.289
ATTEMPT 489 W0 DONE 4x2 seed=1130544 nsol=16 0.01s 2026-07-22T17:02:28.303
ATTEMPT 490 W0 START 4x2 seed=1130545 2026-07-22T17:02:28.304
ATTEMPT 490 W0 SOLVE 4x2 2026-07-22T17:02:28.323
ATTEMPT 490 W0 DONE 4x2 seed=1130545 nsol=16 0.03s 2026-07-22T17:02:28.353
ATTEMPT 491 W0 START 4x2 seed=1130546 2026-07-22T17:02:28.354
ATTEMPT 491 W0 SOLVE 4x2 2026-07-22T17:02:28.363
ATTEMPT 491 W0 DONE 4x2 seed=1130546 nsol=16 0.03s 2026-07-22T17:02:28.398
ATTEMPT 492 W0 START 4x2 seed=1130547 2026-07-22T17:02:28.398
ATTEMPT 492 W0 SOLVE 4x2 2026-07-22T17:02:28.412
ATTEMPT 492 W0 DONE 4x2 seed=1130547 nsol=16 0.02s 2026-07-22T17:02:28.434
ATTEMPT 493 W0 START 4x2 seed=1130548 2026-07-22T17:02:28.434
ATTEMPT 493 W0 SOLVE 4x2 2026-07-22T17:02:28.448
ATTEMPT 493 W0 DONE 4x2 seed=1130548 nsol=16 0.02s 2026-07-22T17:02:28.470
ATTEMPT 494 W0 START 4x2 seed=1130549 2026-07-22T17:02:28.470
ATTEMPT 494 W0 SOLVE 4x2 2026-07-22T17:02:28.485
ATTEMPT 494 W0 DONE 4x2 seed=1130549 nsol=16 0.02s 2026-07-22T17:02:28.504
ATTEMPT 495 W0 START 4x2 seed=1130550 2026-07-22T17:02:28.504
ATTEMPT 495 W0 SOLVE 4x2 2026-07-22T17:02:28.515
ATTEMPT 495 W0 DONE 4x2 seed=1130550 nsol=16 0.01s 2026-07-22T17:02:28.533
ATTEMPT 496 W0 START 4x2 seed=1130551 2026-07-22T17:02:28.533
ATTEMPT 496 W0 SOLVE 4x2 2026-07-22T17:02:28.549
ATTEMPT 496 W0 DONE 4x2 seed=1130551 nsol=16 0.02s 2026-07-22T17:02:28.569
ATTEMPT 497 W0 START 4x2 seed=1130552 2026-07-22T17:02:28.569
ATTEMPT 497 W0 SOLVE 4x2 2026-07-22T17:02:28.578
ATTEMPT 497 W0 DONE 4x2 seed=1130552 nsol=16 0.01s 2026-07-22T17:02:28.588
ATTEMPT 498 W0 START 4x2 seed=1130553 2026-07-22T17:02:28.589
ATTEMPT 498 W0 SOLVE 4x2 2026-07-22T17:02:28.606
ATTEMPT 498 W0 DONE 4x2 seed=1130553 nsol=16 0.02s 2026-07-22T17:02:28.628
ATTEMPT 499 W0 START 4x2 seed=1130554 2026-07-22T17:02:28.628
ATTEMPT 499 W0 SOLVE 4x2 2026-07-22T17:02:28.639
ATTEMPT 499 W0 DONE 4x2 seed=1130554 nsol=16 0.02s 2026-07-22T17:02:28.660
ATTEMPT 500 W0 START 4x2 seed=1130555 2026-07-22T17:02:28.660
ATTEMPT 500 W0 SOLVE 4x2 2026-07-22T17:02:28.670
ATTEMPT 500 W0 DONE 4x2 seed=1130555 nsol=16 0.02s 2026-07-22T17:02:28.688
ATTEMPT 501 W0 START 4x2 seed=1130556 2026-07-22T17:02:28.688
ATTEMPT 501 W0 SOLVE 4x2 2026-07-22T17:02:28.694
ATTEMPT 501 W0 DONE 4x2 seed=1130556 nsol=16 0.01s 2026-07-22T17:02:28.705
ATTEMPT 502 W0 START 4x2 seed=1130557 2026-07-22T17:02:28.706
ATTEMPT 502 W0 SOLVE 4x2 2026-07-22T17:02:28.711
ATTEMPT 502 W0 DONE 4x2 seed=1130557 nsol=16 0.03s 2026-07-22T17:02:28.740
ATTEMPT 503 W0 START 4x2 seed=1130558 2026-07-22T17:02:28.741
ATTEMPT 503 W0 SOLVE 4x2 2026-07-22T17:02:28.756
ATTEMPT 503 W0 DONE 4x2 seed=1130558 nsol=16 0.01s 2026-07-22T17:02:28.764
ATTEMPT 504 W0 START 4x2 seed=1130559 2026-07-22T17:02:28.764
ATTEMPT 504 W0 SOLVE 4x2 2026-07-22T17:02:28.772
ATTEMPT 504 W0 DONE 4x2 seed=1130559 nsol=16 0.02s 2026-07-22T17:02:28.788
ATTEMPT 505 W0 START 4x2 seed=1130560 2026-07-22T17:02:28.788
ATTEMPT 505 W0 SOLVE 4x2 2026-07-22T17:02:28.796
ATTEMPT 505 W0 DONE 4x2 seed=1130560 nsol=16 0.02s 2026-07-22T17:02:28.812
ATTEMPT 506 W0 START 4x2 seed=1130561 2026-07-22T17:02:28.812
ATTEMPT 506 W0 SOLVE 4x2 2026-07-22T17:02:28.818
ATTEMPT 506 W0 DONE 4x2 seed=1130561 nsol=16 0.02s 2026-07-22T17:02:28.834
ATTEMPT 507 W0 START 4x2 seed=1130562 2026-07-22T17:02:28.835
ATTEMPT 507 W0 SOLVE 4x2 2026-07-22T17:02:28.840
ATTEMPT 507 W0 DONE 4x2 seed=1130562 nsol=16 0.01s 2026-07-22T17:02:28.847
ATTEMPT 508 W0 START 4x2 seed=1130563 2026-07-22T17:02:28.847
ATTEMPT 508 W0 SOLVE 4x2 2026-07-22T17:02:28.852
ATTEMPT 508 W0 DONE 4x2 seed=1130563 nsol=16 0.01s 2026-07-22T17:02:28.864
ATTEMPT 509 W0 START 4x2 seed=1130564 2026-07-22T17:02:28.864
ATTEMPT 509 W0 SOLVE 4x2 2026-07-22T17:02:28.876
ATTEMPT 509 W0 DONE 4x2 seed=1130564 nsol=16 0.03s 2026-07-22T17:02:28.904
ATTEMPT 510 W0 START 4x2 seed=1130565 2026-07-22T17:02:28.904
ATTEMPT 510 W0 SOLVE 4x2 2026-07-22T17:02:28.915
ATTEMPT 510 W0 DONE 4x2 seed=1130565 nsol=16 0.01s 2026-07-22T17:02:28.929
ATTEMPT 511 W0 START 4x2 seed=1130566 2026-07-22T17:02:28.929
ATTEMPT 511 W0 SOLVE 4x2 2026-07-22T17:02:28.939
ATTEMPT 511 W0 DONE 4x2 seed=1130566 nsol=16 0.01s 2026-07-22T17:02:28.951
ATTEMPT 512 W0 START 4x2 seed=1130567 2026-07-22T17:02:28.951
ATTEMPT 512 W0 SOLVE 4x2 2026-07-22T17:02:28.963
ATTEMPT 512 W0 DONE 4x2 seed=1130567 nsol=16 0.02s 2026-07-22T17:02:28.985
ATTEMPT 513 W0 START 4x2 seed=1130568 2026-07-22T17:02:28.985
ATTEMPT 513 W0 SOLVE 4x2 2026-07-22T17:02:29.002
ATTEMPT 513 W0 DONE 4x2 seed=1130568 nsol=16 0.01s 2026-07-22T17:02:29.011
ATTEMPT 514 W0 START 4x2 seed=1130569 2026-07-22T17:02:29.012
ATTEMPT 514 W0 SOLVE 4x2 2026-07-22T17:02:29.021
ATTEMPT 514 W0 DONE 4x2 seed=1130569 nsol=16 0.01s 2026-07-22T17:02:29.036
ATTEMPT 515 W0 START 4x2 seed=1130570 2026-07-22T17:02:29.036
ATTEMPT 515 W0 SOLVE 4x2 2026-07-22T17:02:29.046
ATTEMPT 515 W0 DONE 4x2 seed=1130570 nsol=16 0.01s 2026-07-22T17:02:29.058
ATTEMPT 516 W0 START 4x2 seed=1130571 2026-07-22T17:02:29.058
ATTEMPT 516 W0 SOLVE 4x2 2026-07-22T17:02:29.064
ATTEMPT 516 W0 DONE 4x2 seed=1130571 nsol=16 0.02s 2026-07-22T17:02:29.083
ATTEMPT 517 W0 START 4x2 seed=1130572 2026-07-22T17:02:29.084
ATTEMPT 517 W0 SOLVE 4x2 2026-07-22T17:02:29.089
ATTEMPT 517 W0 DONE 4x2 seed=1130572 nsol=16 0.02s 2026-07-22T17:02:29.112
ATTEMPT 518 W0 START 4x2 seed=1130573 2026-07-22T17:02:29.112
ATTEMPT 518 W0 SOLVE 4x2 2026-07-22T17:02:29.119
ATTEMPT 518 W0 DONE 4x2 seed=1130573 nsol=16 0.02s 2026-07-22T17:02:29.136
ATTEMPT 519 W0 START 4x2 seed=1130574 2026-07-22T17:02:29.137
ATTEMPT 519 W0 SOLVE 4x2 2026-07-22T17:02:29.142
ATTEMPT 519 W0 DONE 4x2 seed=1130574 nsol=16 0.01s 2026-07-22T17:02:29.157
ATTEMPT 520 W0 START 4x2 seed=1130575 2026-07-22T17:02:29.157
ATTEMPT 520 W0 SOLVE 4x2 2026-07-22T17:02:29.162
ATTEMPT 520 W0 DONE 4x2 seed=1130575 nsol=16 0.01s 2026-07-22T17:02:29.167
ATTEMPT 521 W0 START 4x2 seed=1130576 2026-07-22T17:02:29.168
ATTEMPT 521 W0 SOLVE 4x2 2026-07-22T17:02:29.174
ATTEMPT 521 W0 DONE 4x2 seed=1130576 nsol=16 0.01s 2026-07-22T17:02:29.179
ATTEMPT 522 W0 START 4x2 seed=1130577 2026-07-22T17:02:29.179
ATTEMPT 522 W0 SOLVE 4x2 2026-07-22T17:02:29.190
ATTEMPT 522 W0 DONE 4x2 seed=1130577 nsol=16 0.02s 2026-07-22T17:02:29.208
ATTEMPT 523 W0 START 4x2 seed=1130578 2026-07-22T17:02:29.209
ATTEMPT 523 W0 SOLVE 4x2 2026-07-22T17:02:29.218
ATTEMPT 523 W0 DONE 4x2 seed=1130578 nsol=16 0.02s 2026-07-22T17:02:29.236
ATTEMPT 524 W0 START 4x2 seed=1130579 2026-07-22T17:02:29.236
ATTEMPT 524 W0 SOLVE 4x2 2026-07-22T17:02:29.246
ATTEMPT 524 W0 DONE 4x2 seed=1130579 nsol=16 0.02s 2026-07-22T17:02:29.264
ATTEMPT 525 W0 START 4x2 seed=1130580 2026-07-22T17:02:29.264
ATTEMPT 525 W0 SOLVE 4x2 2026-07-22T17:02:29.277
ATTEMPT 525 W0 DONE 4x2 seed=1130580 nsol=16 0.01s 2026-07-22T17:02:29.288
ATTEMPT 526 W0 START 4x2 seed=1130581 2026-07-22T17:02:29.288
ATTEMPT 526 W0 SOLVE 4x2 2026-07-22T17:02:29.298
ATTEMPT 526 W0 DONE 4x2 seed=1130581 nsol=16 0.01s 2026-07-22T17:02:29.311
ATTEMPT 527 W0 START 4x2 seed=1130582 2026-07-22T17:02:29.311
ATTEMPT 527 W0 SOLVE 4x2 2026-07-22T17:02:29.319
ATTEMPT 527 W0 DONE 4x2 seed=1130582 nsol=16 0.01s 2026-07-22T17:02:29.328
ATTEMPT 528 W0 START 4x2 seed=1130583 2026-07-22T17:02:29.329
ATTEMPT 528 W0 SOLVE 4x2 2026-07-22T17:02:29.334
ATTEMPT 528 W0 DONE 4x2 seed=1130583 nsol=16 0.01s 2026-07-22T17:02:29.348
ATTEMPT 529 W0 START 4x2 seed=1130584 2026-07-22T17:02:29.348
ATTEMPT 529 W0 SOLVE 4x2 2026-07-22T17:02:29.354
ATTEMPT 529 W0 DONE 4x2 seed=1130584 nsol=16 0.02s 2026-07-22T17:02:29.371
ATTEMPT 530 W0 START 4x2 seed=1130585 2026-07-22T17:02:29.371
ATTEMPT 530 W0 SOLVE 4x2 2026-07-22T17:02:29.377
ATTEMPT 530 W0 DONE 4x2 seed=1130585 nsol=16 0.01s 2026-07-22T17:02:29.383
ATTEMPT 531 W0 START 4x2 seed=1130586 2026-07-22T17:02:29.384
ATTEMPT 531 W0 SOLVE 4x2 2026-07-22T17:02:29.395
ATTEMPT 531 W0 DONE 4x2 seed=1130586 nsol=16 0.02s 2026-07-22T17:02:29.416
ATTEMPT 532 W0 START 4x2 seed=1130587 2026-07-22T17:02:29.416
ATTEMPT 532 W0 SOLVE 4x2 2026-07-22T17:02:29.432
ATTEMPT 532 W0 DONE 4x2 seed=1130587 nsol=16 0.02s 2026-07-22T17:02:29.448
ATTEMPT 533 W0 START 4x2 seed=1130588 2026-07-22T17:02:29.448
ATTEMPT 533 W0 SOLVE 4x2 2026-07-22T17:02:29.459
ATTEMPT 533 W0 DONE 4x2 seed=1130588 nsol=16 0.03s 2026-07-22T17:02:29.491
ATTEMPT 534 W0 START 4x2 seed=1130589 2026-07-22T17:02:29.491
ATTEMPT 534 W0 SOLVE 4x2 2026-07-22T17:02:29.498
ATTEMPT 534 W0 DONE 4x2 seed=1130589 nsol=16 0.02s 2026-07-22T17:02:29.516
ATTEMPT 535 W0 START 4x2 seed=1130590 2026-07-22T17:02:29.516
ATTEMPT 535 W0 SOLVE 4x2 2026-07-22T17:02:29.522
ATTEMPT 535 W0 DONE 4x2 seed=1130590 nsol=16 0.00s 2026-07-22T17:02:29.526
ATTEMPT 536 W0 START 4x2 seed=1130591 2026-07-22T17:02:29.526
ATTEMPT 536 W0 SOLVE 4x2 2026-07-22T17:02:29.533
ATTEMPT 536 W0 DONE 4x2 seed=1130591 nsol=16 0.01s 2026-07-22T17:02:29.539
ATTEMPT 537 W0 START 4x2 seed=1130592 2026-07-22T17:02:29.540
ATTEMPT 537 W0 SOLVE 4x2 2026-07-22T17:02:29.547
ATTEMPT 537 W0 DONE 4x2 seed=1130592 nsol=16 0.02s 2026-07-22T17:02:29.564
ATTEMPT 538 W0 START 4x2 seed=1130593 2026-07-22T17:02:29.565
ATTEMPT 538 W0 SOLVE 4x2 2026-07-22T17:02:29.571
ATTEMPT 538 W0 DONE 4x2 seed=1130593 nsol=16 0.02s 2026-07-22T17:02:29.588
ATTEMPT 539 W0 START 4x2 seed=1130594 2026-07-22T17:02:29.588
ATTEMPT 539 W0 SOLVE 4x2 2026-07-22T17:02:29.594
ATTEMPT 539 W0 DONE 4x2 seed=1130594 nsol=16 0.01s 2026-07-22T17:02:29.602
ATTEMPT 540 W0 START 4x2 seed=1130595 2026-07-22T17:02:29.602
ATTEMPT 540 W0 SOLVE 4x2 2026-07-22T17:02:29.608
ATTEMPT 540 W0 DONE 4x2 seed=1130595 nsol=16 0.01s 2026-07-22T17:02:29.616
ATTEMPT 541 W0 START 4x2 seed=1130596 2026-07-22T17:02:29.617
ATTEMPT 541 W0 SOLVE 4x2 2026-07-22T17:02:29.623
ATTEMPT 541 W0 DONE 4x2 seed=1130596 nsol=16 0.00s 2026-07-22T17:02:29.628
ATTEMPT 542 W0 START 4x2 seed=1130597 2026-07-22T17:02:29.629
ATTEMPT 542 W0 SOLVE 4x2 2026-07-22T17:02:29.636
ATTEMPT 542 W0 DONE 4x2 seed=1130597 nsol=16 0.01s 2026-07-22T17:02:29.644
ATTEMPT 543 W0 START 4x2 seed=1130598 2026-07-22T17:02:29.644
ATTEMPT 543 W0 SOLVE 4x2 2026-07-22T17:02:29.651
ATTEMPT 543 W0 DONE 4x2 seed=1130598 nsol=16 0.01s 2026-07-22T17:02:29.657
ATTEMPT 544 W0 START 4x2 seed=1130599 2026-07-22T17:02:29.657
ATTEMPT 544 W0 SOLVE 4x2 2026-07-22T17:02:29.663
ATTEMPT 544 W0 DONE 4x2 seed=1130599 nsol=16 0.00s 2026-07-22T17:02:29.667
ATTEMPT 545 W0 START 4x2 seed=1130600 2026-07-22T17:02:29.667
ATTEMPT 545 W0 SOLVE 4x2 2026-07-22T17:02:29.673
ATTEMPT 545 W0 DONE 4x2 seed=1130600 nsol=16 0.03s 2026-07-22T17:02:29.704
ATTEMPT 546 W0 START 4x2 seed=1130601 2026-07-22T17:02:29.704
ATTEMPT 546 W0 SOLVE 4x2 2026-07-22T17:02:29.719
ATTEMPT 546 W0 DONE 4x2 seed=1130601 nsol=16 0.01s 2026-07-22T17:02:29.728
ATTEMPT 547 W0 START 4x2 seed=1130602 2026-07-22T17:02:29.728
ATTEMPT 547 W0 SOLVE 4x2 2026-07-22T17:02:29.738
ATTEMPT 547 W0 DONE 4x2 seed=1130602 nsol=16 0.01s 2026-07-22T17:02:29.752
ATTEMPT 548 W0 START 4x2 seed=1130603 2026-07-22T17:02:29.752
ATTEMPT 548 W0 SOLVE 4x2 2026-07-22T17:02:29.765
ATTEMPT 548 W0 DONE 4x2 seed=1130603 nsol=16 0.02s 2026-07-22T17:02:29.786
ATTEMPT 549 W0 START 4x2 seed=1130604 2026-07-22T17:02:29.787
ATTEMPT 549 W0 SOLVE 4x2 2026-07-22T17:02:29.806
ATTEMPT 549 W0 DONE 4x2 seed=1130604 nsol=16 0.01s 2026-07-22T17:02:29.823
ATTEMPT 550 W0 START 4x2 seed=1130605 2026-07-22T17:02:29.823
ATTEMPT 550 W0 SOLVE 4x2 2026-07-22T17:02:29.837
ATTEMPT 550 W0 DONE 4x2 seed=1130605 nsol=16 0.02s 2026-07-22T17:02:29.852
ATTEMPT 551 W0 START 4x2 seed=1130606 2026-07-22T17:02:29.852
ATTEMPT 551 W0 SOLVE 4x2 2026-07-22T17:02:29.858
ATTEMPT 551 W0 DONE 4x2 seed=1130606 nsol=16 0.02s 2026-07-22T17:02:29.881
ATTEMPT 552 W0 START 4x2 seed=1130607 2026-07-22T17:02:29.882
ATTEMPT 552 W0 SOLVE 4x2 2026-07-22T17:02:29.906
ATTEMPT 552 W0 DONE 4x2 seed=1130607 nsol=16 0.04s 2026-07-22T17:02:29.945
ATTEMPT 553 W0 START 4x2 seed=1130608 2026-07-22T17:02:29.945
ATTEMPT 553 W0 SOLVE 4x2 2026-07-22T17:02:29.964
ATTEMPT 553 W0 DONE 4x2 seed=1130608 nsol=16 0.03s 2026-07-22T17:02:29.992
ATTEMPT 554 W0 START 4x2 seed=1130609 2026-07-22T17:02:29.992
ATTEMPT 554 W0 SOLVE 4x2 2026-07-22T17:02:29.998
ATTEMPT 554 W0 DONE 4x2 seed=1130609 nsol=16 0.02s 2026-07-22T17:02:30.023
ATTEMPT 555 W0 START 4x2 seed=1130610 2026-07-22T17:02:30.023
ATTEMPT 555 W0 SOLVE 4x2 2026-07-22T17:02:30.034
ATTEMPT 555 W0 DONE 4x2 seed=1130610 nsol=16 0.02s 2026-07-22T17:02:30.064
ATTEMPT 556 W0 START 4x2 seed=1130611 2026-07-22T17:02:30.064
ATTEMPT 556 W0 SOLVE 4x2 2026-07-22T17:02:30.074
ATTEMPT 556 W0 DONE 4x2 seed=1130611 nsol=16 0.03s 2026-07-22T17:02:30.112
ATTEMPT 557 W0 START 4x2 seed=1130612 2026-07-22T17:02:30.112
ATTEMPT 557 W0 SOLVE 4x2 2026-07-22T17:02:30.128
ATTEMPT 557 W0 DONE 4x2 seed=1130612 nsol=16 0.02s 2026-07-22T17:02:30.153
ATTEMPT 558 W0 START 4x2 seed=1130613 2026-07-22T17:02:30.153
ATTEMPT 558 W0 SOLVE 4x2 2026-07-22T17:02:30.174
ATTEMPT 558 W0 DONE 4x2 seed=1130613 nsol=16 0.02s 2026-07-22T17:02:30.198
ATTEMPT 559 W0 START 4x2 seed=1130614 2026-07-22T17:02:30.200
ATTEMPT 559 W0 SOLVE 4x2 2026-07-22T17:02:30.210
ATTEMPT 559 W0 DONE 4x2 seed=1130614 nsol=16 0.02s 2026-07-22T17:02:30.232
ATTEMPT 560 W0 START 4x2 seed=1130615 2026-07-22T17:02:30.232
ATTEMPT 560 W0 SOLVE 4x2 2026-07-22T17:02:30.243
ATTEMPT 560 W0 DONE 4x2 seed=1130615 nsol=16 0.02s 2026-07-22T17:02:30.265
ATTEMPT 561 W0 START 4x2 seed=1130616 2026-07-22T17:02:30.265
ATTEMPT 561 W0 SOLVE 4x2 2026-07-22T17:02:30.271
ATTEMPT 561 W0 DONE 4x2 seed=1130616 nsol=16 0.02s 2026-07-22T17:02:30.292
ATTEMPT 562 W0 START 4x2 seed=1130617 2026-07-22T17:02:30.292
ATTEMPT 562 W0 SOLVE 4x2 2026-07-22T17:02:30.303
ATTEMPT 562 W0 DONE 4x2 seed=1130617 nsol=16 0.03s 2026-07-22T17:02:30.337
ATTEMPT 563 W0 START 4x2 seed=1130618 2026-07-22T17:02:30.337
ATTEMPT 563 W0 SOLVE 4x2 2026-07-22T17:02:30.346
ATTEMPT 563 W0 DONE 4x2 seed=1130618 nsol=16 0.04s 2026-07-22T17:02:30.386
ATTEMPT 564 W0 START 4x2 seed=1130619 2026-07-22T17:02:30.386
ATTEMPT 564 W0 SOLVE 4x2 2026-07-22T17:02:30.391
ATTEMPT 564 W0 DONE 4x2 seed=1130619 nsol=16 0.02s 2026-07-22T17:02:30.416
ATTEMPT 565 W0 START 4x2 seed=1130620 2026-07-22T17:02:30.417
ATTEMPT 565 W0 SOLVE 4x2 2026-07-22T17:02:30.427
ATTEMPT 565 W0 DONE 4x2 seed=1130620 nsol=16 0.02s 2026-07-22T17:02:30.448
ATTEMPT 566 W0 START 4x2 seed=1130621 2026-07-22T17:02:30.448
ATTEMPT 566 W0 SOLVE 4x2 2026-07-22T17:02:30.458
ATTEMPT 566 W0 DONE 4x2 seed=1130621 nsol=16 0.02s 2026-07-22T17:02:30.473
ATTEMPT 567 W0 START 4x2 seed=1130622 2026-07-22T17:02:30.473
ATTEMPT 567 W0 SOLVE 4x2 2026-07-22T17:02:30.483
ATTEMPT 567 W0 DONE 4x2 seed=1130622 nsol=16 0.02s 2026-07-22T17:02:30.512
ATTEMPT 568 W0 START 4x2 seed=1130623 2026-07-22T17:02:30.512
ATTEMPT 568 W0 SOLVE 4x2 2026-07-22T17:02:30.527
ATTEMPT 568 W0 DONE 4x2 seed=1130623 nsol=16 0.02s 2026-07-22T17:02:30.549
ATTEMPT 569 W0 START 4x2 seed=1130624 2026-07-22T17:02:30.549
ATTEMPT 569 W0 SOLVE 4x2 2026-07-22T17:02:30.558
ATTEMPT 569 W0 DONE 4x2 seed=1130624 nsol=16 0.02s 2026-07-22T17:02:30.585
ATTEMPT 570 W0 START 4x2 seed=1130625 2026-07-22T17:02:30.585
ATTEMPT 570 W0 SOLVE 4x2 2026-07-22T17:02:30.596
ATTEMPT 570 W0 DONE 4x2 seed=1130625 nsol=16 0.02s 2026-07-22T17:02:30.621
ATTEMPT 571 W0 START 4x2 seed=1130626 2026-07-22T17:02:30.622
ATTEMPT 571 W0 SOLVE 4x2 2026-07-22T17:02:30.641
ATTEMPT 571 W0 DONE 4x2 seed=1130626 nsol=16 0.03s 2026-07-22T17:02:30.672
ATTEMPT 572 W0 START 4x2 seed=1130627 2026-07-22T17:02:30.672
ATTEMPT 572 W0 SOLVE 4x2 2026-07-22T17:02:30.686
ATTEMPT 572 W0 DONE 4x2 seed=1130627 nsol=16 0.02s 2026-07-22T17:02:30.704
ATTEMPT 573 W0 START 4x2 seed=1130628 2026-07-22T17:02:30.704
ATTEMPT 573 W0 SOLVE 4x2 2026-07-22T17:02:30.719
ATTEMPT 573 W0 DONE 4x2 seed=1130628 nsol=16 0.01s 2026-07-22T17:02:30.735
ATTEMPT 574 W0 START 4x2 seed=1130629 2026-07-22T17:02:30.735
ATTEMPT 574 W0 SOLVE 4x2 2026-07-22T17:02:30.756
ATTEMPT 574 W0 DONE 4x2 seed=1130629 nsol=16 0.02s 2026-07-22T17:02:30.772
ATTEMPT 575 W0 START 4x2 seed=1130630 2026-07-22T17:02:30.772
ATTEMPT 575 W0 SOLVE 4x2 2026-07-22T17:02:30.780
ATTEMPT 575 W0 DONE 4x2 seed=1130630 nsol=16 0.16s 2026-07-22T17:02:30.940
ATTEMPT 576 W0 START 4x2 seed=1130631 2026-07-22T17:02:30.940
ATTEMPT 576 W0 SOLVE 4x2 2026-07-22T17:02:30.950
ATTEMPT 576 W0 DONE 4x2 seed=1130631 nsol=16 0.03s 2026-07-22T17:02:30.976
ATTEMPT 577 W0 START 4x2 seed=1130632 2026-07-22T17:02:30.976
ATTEMPT 577 W0 SOLVE 4x2 2026-07-22T17:02:30.985
ATTEMPT 577 W0 DONE 4x2 seed=1130632 nsol=16 0.03s 2026-07-22T17:02:31.012
ATTEMPT 578 W0 START 4x2 seed=1130633 2026-07-22T17:02:31.012
ATTEMPT 578 W0 SOLVE 4x2 2026-07-22T17:02:31.030
ATTEMPT 578 W0 DONE 4x2 seed=1130633 nsol=16 0.02s 2026-07-22T17:02:31.052
ATTEMPT 579 W0 START 4x2 seed=1130634 2026-07-22T17:02:31.052
ATTEMPT 579 W0 SOLVE 4x2 2026-07-22T17:02:31.065
ATTEMPT 579 W0 DONE 4x2 seed=1130634 nsol=16 0.03s 2026-07-22T17:02:31.092
ATTEMPT 580 W0 START 4x2 seed=1130635 2026-07-22T17:02:31.092
ATTEMPT 580 W0 SOLVE 4x2 2026-07-22T17:02:31.107
ATTEMPT 580 W0 DONE 4x2 seed=1130635 nsol=16 0.01s 2026-07-22T17:02:31.124
ATTEMPT 581 W0 START 4x2 seed=1130636 2026-07-22T17:02:31.125
ATTEMPT 581 W0 SOLVE 4x2 2026-07-22T17:02:31.139
ATTEMPT 581 W0 DONE 4x2 seed=1130636 nsol=16 0.02s 2026-07-22T17:02:31.168
ATTEMPT 582 W0 START 4x2 seed=1130637 2026-07-22T17:02:31.168
ATTEMPT 582 W0 SOLVE 4x2 2026-07-22T17:02:31.185
ATTEMPT 582 W0 DONE 4x2 seed=1130637 nsol=16 0.03s 2026-07-22T17:02:31.215
ATTEMPT 583 W0 START 4x2 seed=1130638 2026-07-22T17:02:31.215
ATTEMPT 583 W0 SOLVE 4x2 2026-07-22T17:02:31.227
ATTEMPT 583 W0 DONE 4x2 seed=1130638 nsol=16 0.03s 2026-07-22T17:02:31.253
ATTEMPT 584 W0 START 4x2 seed=1130639 2026-07-22T17:02:31.253
ATTEMPT 584 W0 SOLVE 4x2 2026-07-22T17:02:31.263
ATTEMPT 584 W0 DONE 4x2 seed=1130639 nsol=16 0.02s 2026-07-22T17:02:31.284
ATTEMPT 585 W0 START 4x2 seed=1130640 2026-07-22T17:02:31.284
ATTEMPT 585 W0 SOLVE 4x2 2026-07-22T17:02:31.300
ATTEMPT 585 W0 DONE 4x2 seed=1130640 nsol=16 0.02s 2026-07-22T17:02:31.324
ATTEMPT 586 W0 START 4x2 seed=1130641 2026-07-22T17:02:31.324
ATTEMPT 586 W0 SOLVE 4x2 2026-07-22T17:02:31.334
ATTEMPT 586 W0 DONE 4x2 seed=1130641 nsol=16 0.02s 2026-07-22T17:02:31.360
ATTEMPT 587 W0 START 4x2 seed=1130642 2026-07-22T17:02:31.360
ATTEMPT 587 W0 SOLVE 4x2 2026-07-22T17:02:31.370
ATTEMPT 587 W0 DONE 4x2 seed=1130642 nsol=16 0.01s 2026-07-22T17:02:31.383
ATTEMPT 588 W0 START 4x2 seed=1130643 2026-07-22T17:02:31.383
ATTEMPT 588 W0 SOLVE 4x2 2026-07-22T17:02:31.397
ATTEMPT 588 W0 DONE 4x2 seed=1130643 nsol=16 0.02s 2026-07-22T17:02:31.420
ATTEMPT 589 W0 START 4x2 seed=1130644 2026-07-22T17:02:31.420
ATTEMPT 589 W0 SOLVE 4x2 2026-07-22T17:02:31.427
ATTEMPT 589 W0 DONE 4x2 seed=1130644 nsol=16 0.03s 2026-07-22T17:02:31.452
ATTEMPT 590 W0 START 4x2 seed=1130645 2026-07-22T17:02:31.452
ATTEMPT 590 W0 SOLVE 4x2 2026-07-22T17:02:31.460
ATTEMPT 590 W0 DONE 4x2 seed=1130645 nsol=16 0.02s 2026-07-22T17:02:31.476
ATTEMPT 591 W0 START 4x2 seed=1130646 2026-07-22T17:02:31.477
ATTEMPT 591 W0 SOLVE 4x2 2026-07-22T17:02:31.485
ATTEMPT 591 W0 DONE 4x2 seed=1130646 nsol=16 0.02s 2026-07-22T17:02:31.504
ATTEMPT 592 W0 START 4x2 seed=1130647 2026-07-22T17:02:31.505
ATTEMPT 592 W0 SOLVE 4x2 2026-07-22T17:02:31.511
ATTEMPT 592 W0 DONE 4x2 seed=1130647 nsol=16 0.01s 2026-07-22T17:02:31.524
ATTEMPT 593 W0 START 4x2 seed=1130648 2026-07-22T17:02:31.524
ATTEMPT 593 W0 SOLVE 4x2 2026-07-22T17:02:31.530
ATTEMPT 593 W0 DONE 4x2 seed=1130648 nsol=16 0.01s 2026-07-22T17:02:31.542
ATTEMPT 594 W0 START 4x2 seed=1130649 2026-07-22T17:02:31.542
ATTEMPT 594 W0 SOLVE 4x2 2026-07-22T17:02:31.547
ATTEMPT 594 W0 DONE 4x2 seed=1130649 nsol=16 0.01s 2026-07-22T17:02:31.556
ATTEMPT 595 W0 START 4x2 seed=1130650 2026-07-22T17:02:31.557
ATTEMPT 595 W0 SOLVE 4x2 2026-07-22T17:02:31.562
ATTEMPT 595 W0 DONE 4x2 seed=1130650 nsol=16 0.01s 2026-07-22T17:02:31.576
ATTEMPT 596 W0 START 4x2 seed=1130651 2026-07-22T17:02:31.577
ATTEMPT 596 W0 SOLVE 4x2 2026-07-22T17:02:31.584
ATTEMPT 596 W0 DONE 4x2 seed=1130651 nsol=16 0.01s 2026-07-22T17:02:31.597
ATTEMPT 597 W0 START 4x2 seed=1130652 2026-07-22T17:02:31.598
ATTEMPT 597 W0 SOLVE 4x2 2026-07-22T17:02:31.604
ATTEMPT 597 W0 DONE 4x2 seed=1130652 nsol=16 0.01s 2026-07-22T17:02:31.616
ATTEMPT 598 W0 START 4x2 seed=1130653 2026-07-22T17:02:31.617
ATTEMPT 598 W0 SOLVE 4x2 2026-07-22T17:02:31.625
ATTEMPT 598 W0 DONE 4x2 seed=1130653 nsol=16 0.03s 2026-07-22T17:02:31.652
ATTEMPT 599 W0 START 4x2 seed=1130654 2026-07-22T17:02:31.652
ATTEMPT 599 W0 SOLVE 4x2 2026-07-22T17:02:31.658
ATTEMPT 599 W0 DONE 4x2 seed=1130654 nsol=16 0.01s 2026-07-22T17:02:31.668
ATTEMPT 600 W0 START 4x2 seed=1130655 2026-07-22T17:02:31.668
ATTEMPT 600 W0 SOLVE 4x2 2026-07-22T17:02:31.673
ATTEMPT 600 W0 DONE 4x2 seed=1130655 nsol=16 0.01s 2026-07-22T17:02:31.684
HUNT2 complete 2026-07-22T17:02:31.689
