HUNT2 start mode=seq hcthr=on nworkers=0 nthreads=14 ngcthreads=14 nsolves=600 seed_base=1818883 shape=4x2 pid=2215908 julia=1.12.6 HC=2.20.0 2026-07-22T17:18:04.437
ATTEMPT 1 W0 START 4x2 seed=1818884 2026-07-22T17:18:08.977
ATTEMPT 1 W0 SOLVE 4x2 2026-07-22T17:18:11.261
Computing mixed cells... 2    Time: 0:00:05[K
   mixed_volume: 3[K[A
[K[AComputing mixed cells... 8    Time: 0:00:05[K
   mixed_volume: 16[K
ATTEMPT 1 W0 DONE 4x2 seed=1818884 nsol=16 95.29s 2026-07-22T17:19:46.808
ATTEMPT 2 W0 START 4x2 seed=1818885 2026-07-22T17:19:47.232
ATTEMPT 2 W0 SOLVE 4x2 2026-07-22T17:19:47.244
ATTEMPT 2 W0 DONE 4x2 seed=1818885 nsol=16 0.02s 2026-07-22T17:19:47.264
ATTEMPT 3 W0 START 4x2 seed=1818886 2026-07-22T17:19:47.265
ATTEMPT 3 W0 SOLVE 4x2 2026-07-22T17:19:47.274
ATTEMPT 3 W0 DONE 4x2 seed=1818886 nsol=16 0.01s 2026-07-22T17:19:47.287
ATTEMPT 4 W0 START 4x2 seed=1818887 2026-07-22T17:19:47.287
ATTEMPT 4 W0 SOLVE 4x2 2026-07-22T17:19:47.295
ATTEMPT 4 W0 DONE 4x2 seed=1818887 nsol=16 0.01s 2026-07-22T17:19:47.307
ATTEMPT 5 W0 START 4x2 seed=1818888 2026-07-22T17:19:47.307
ATTEMPT 5 W0 SOLVE 4x2 2026-07-22T17:19:47.315
ATTEMPT 5 W0 DONE 4x2 seed=1818888 nsol=16 0.02s 2026-07-22T17:19:47.331
ATTEMPT 6 W0 START 4x2 seed=1818889 2026-07-22T17:19:47.332
ATTEMPT 6 W0 SOLVE 4x2 2026-07-22T17:19:47.342
ATTEMPT 6 W0 DONE 4x2 seed=1818889 nsol=16 0.02s 2026-07-22T17:19:47.358
ATTEMPT 7 W0 START 4x2 seed=1818890 2026-07-22T17:19:47.359
ATTEMPT 7 W0 SOLVE 4x2 2026-07-22T17:19:47.368
ATTEMPT 7 W0 DONE 4x2 seed=1818890 nsol=16 0.02s 2026-07-22T17:19:47.387
ATTEMPT 8 W0 START 4x2 seed=1818891 2026-07-22T17:19:47.391
ATTEMPT 8 W0 SOLVE 4x2 2026-07-22T17:19:47.398
ATTEMPT 8 W0 DONE 4x2 seed=1818891 nsol=16 0.02s 2026-07-22T17:19:47.420
ATTEMPT 9 W0 START 4x2 seed=1818892 2026-07-22T17:19:47.420
ATTEMPT 9 W0 SOLVE 4x2 2026-07-22T17:19:47.429
ATTEMPT 9 W0 DONE 4x2 seed=1818892 nsol=16 0.01s 2026-07-22T17:19:47.438
ATTEMPT 10 W0 START 4x2 seed=1818893 2026-07-22T17:19:47.439
ATTEMPT 10 W0 SOLVE 4x2 2026-07-22T17:19:47.446
ATTEMPT 10 W0 DONE 4x2 seed=1818893 nsol=16 0.01s 2026-07-22T17:19:47.455
ATTEMPT 11 W0 START 4x2 seed=1818894 2026-07-22T17:19:47.455
ATTEMPT 11 W0 SOLVE 4x2 2026-07-22T17:19:47.463
ATTEMPT 11 W0 DONE 4x2 seed=1818894 nsol=16 0.02s 2026-07-22T17:19:47.486
ATTEMPT 12 W0 START 4x2 seed=1818895 2026-07-22T17:19:47.486
ATTEMPT 12 W0 SOLVE 4x2 2026-07-22T17:19:47.493
ATTEMPT 12 W0 DONE 4x2 seed=1818895 nsol=16 0.01s 2026-07-22T17:19:47.511
ATTEMPT 13 W0 START 4x2 seed=1818896 2026-07-22T17:19:47.511
ATTEMPT 13 W0 SOLVE 4x2 2026-07-22T17:19:47.517
ATTEMPT 13 W0 DONE 4x2 seed=1818896 nsol=16 0.01s 2026-07-22T17:19:47.527
ATTEMPT 14 W0 START 4x2 seed=1818897 2026-07-22T17:19:47.527
ATTEMPT 14 W0 SOLVE 4x2 2026-07-22T17:19:47.534
ATTEMPT 14 W0 DONE 4x2 seed=1818897 nsol=16 0.02s 2026-07-22T17:19:47.553
ATTEMPT 15 W0 START 4x2 seed=1818898 2026-07-22T17:19:47.554
ATTEMPT 15 W0 SOLVE 4x2 2026-07-22T17:19:47.560
ATTEMPT 15 W0 DONE 4x2 seed=1818898 nsol=16 0.01s 2026-07-22T17:19:47.569
ATTEMPT 16 W0 START 4x2 seed=1818899 2026-07-22T17:19:47.570
ATTEMPT 16 W0 SOLVE 4x2 2026-07-22T17:19:47.577
ATTEMPT 16 W0 DONE 4x2 seed=1818899 nsol=16 0.02s 2026-07-22T17:19:47.595
ATTEMPT 17 W0 START 4x2 seed=1818900 2026-07-22T17:19:47.595
ATTEMPT 17 W0 SOLVE 4x2 2026-07-22T17:19:47.602
ATTEMPT 17 W0 DONE 4x2 seed=1818900 nsol=16 0.01s 2026-07-22T17:19:47.611
ATTEMPT 18 W0 START 4x2 seed=1818901 2026-07-22T17:19:47.611
ATTEMPT 18 W0 SOLVE 4x2 2026-07-22T17:19:47.618
ATTEMPT 18 W0 DONE 4x2 seed=1818901 nsol=16 0.01s 2026-07-22T17:19:47.629
ATTEMPT 19 W0 START 4x2 seed=1818902 2026-07-22T17:19:47.629
ATTEMPT 19 W0 SOLVE 4x2 2026-07-22T17:19:47.635
ATTEMPT 19 W0 DONE 4x2 seed=1818902 nsol=16 0.01s 2026-07-22T17:19:47.647
ATTEMPT 20 W0 START 4x2 seed=1818903 2026-07-22T17:19:47.647
ATTEMPT 20 W0 SOLVE 4x2 2026-07-22T17:19:47.655
ATTEMPT 20 W0 DONE 4x2 seed=1818903 nsol=16 0.01s 2026-07-22T17:19:47.663
ATTEMPT 21 W0 START 4x2 seed=1818904 2026-07-22T17:19:47.663
ATTEMPT 21 W0 SOLVE 4x2 2026-07-22T17:19:47.670
ATTEMPT 21 W0 DONE 4x2 seed=1818904 nsol=16 0.01s 2026-07-22T17:19:47.679
ATTEMPT 22 W0 START 4x2 seed=1818905 2026-07-22T17:19:47.679
ATTEMPT 22 W0 SOLVE 4x2 2026-07-22T17:19:47.688
ATTEMPT 22 W0 DONE 4x2 seed=1818905 nsol=16 0.01s 2026-07-22T17:19:47.696
ATTEMPT 23 W0 START 4x2 seed=1818906 2026-07-22T17:19:47.696
ATTEMPT 23 W0 SOLVE 4x2 2026-07-22T17:19:47.702
ATTEMPT 23 W0 DONE 4x2 seed=1818906 nsol=16 0.01s 2026-07-22T17:19:47.711
ATTEMPT 24 W0 START 4x2 seed=1818907 2026-07-22T17:19:47.711
ATTEMPT 24 W0 SOLVE 4x2 2026-07-22T17:19:47.718
ATTEMPT 24 W0 DONE 4x2 seed=1818907 nsol=16 0.01s 2026-07-22T17:19:47.731
ATTEMPT 25 W0 START 4x2 seed=1818908 2026-07-22T17:19:47.731
ATTEMPT 25 W0 SOLVE 4x2 2026-07-22T17:19:47.738
ATTEMPT 25 W0 DONE 4x2 seed=1818908 nsol=16 0.01s 2026-07-22T17:19:47.751
ATTEMPT 26 W0 START 4x2 seed=1818909 2026-07-22T17:19:47.751
ATTEMPT 26 W0 SOLVE 4x2 2026-07-22T17:19:47.758
ATTEMPT 26 W0 DONE 4x2 seed=1818909 nsol=16 0.01s 2026-07-22T17:19:47.770
ATTEMPT 27 W0 START 4x2 seed=1818910 2026-07-22T17:19:47.770
ATTEMPT 27 W0 SOLVE 4x2 2026-07-22T17:19:47.777
ATTEMPT 27 W0 DONE 4x2 seed=1818910 nsol=16 0.01s 2026-07-22T17:19:47.787
ATTEMPT 28 W0 START 4x2 seed=1818911 2026-07-22T17:19:47.787
ATTEMPT 28 W0 SOLVE 4x2 2026-07-22T17:19:47.793
ATTEMPT 28 W0 DONE 4x2 seed=1818911 nsol=16 0.01s 2026-07-22T17:19:47.804
ATTEMPT 29 W0 START 4x2 seed=1818912 2026-07-22T17:19:47.804
ATTEMPT 29 W0 SOLVE 4x2 2026-07-22T17:19:47.809
ATTEMPT 29 W0 DONE 4x2 seed=1818912 nsol=16 0.01s 2026-07-22T17:19:47.818
ATTEMPT 30 W0 START 4x2 seed=1818913 2026-07-22T17:19:47.819
ATTEMPT 30 W0 SOLVE 4x2 2026-07-22T17:19:47.825
ATTEMPT 30 W0 DONE 4x2 seed=1818913 nsol=16 0.01s 2026-07-22T17:19:47.836
ATTEMPT 31 W0 START 4x2 seed=1818914 2026-07-22T17:19:47.836
ATTEMPT 31 W0 SOLVE 4x2 2026-07-22T17:19:47.844
ATTEMPT 31 W0 DONE 4x2 seed=1818914 nsol=16 0.01s 2026-07-22T17:19:47.852
ATTEMPT 32 W0 START 4x2 seed=1818915 2026-07-22T17:19:47.853
ATTEMPT 32 W0 SOLVE 4x2 2026-07-22T17:19:47.858
ATTEMPT 32 W0 DONE 4x2 seed=1818915 nsol=16 0.01s 2026-07-22T17:19:47.865
ATTEMPT 33 W0 START 4x2 seed=1818916 2026-07-22T17:19:47.865
ATTEMPT 33 W0 SOLVE 4x2 2026-07-22T17:19:47.872
ATTEMPT 33 W0 DONE 4x2 seed=1818916 nsol=16 0.01s 2026-07-22T17:19:47.879
ATTEMPT 34 W0 START 4x2 seed=1818917 2026-07-22T17:19:47.879
ATTEMPT 34 W0 SOLVE 4x2 2026-07-22T17:19:47.888
ATTEMPT 34 W0 DONE 4x2 seed=1818917 nsol=16 0.01s 2026-07-22T17:19:47.899
ATTEMPT 35 W0 START 4x2 seed=1818918 2026-07-22T17:19:47.899
ATTEMPT 35 W0 SOLVE 4x2 2026-07-22T17:19:47.906
ATTEMPT 35 W0 DONE 4x2 seed=1818918 nsol=16 0.01s 2026-07-22T17:19:47.915
ATTEMPT 36 W0 START 4x2 seed=1818919 2026-07-22T17:19:47.915
ATTEMPT 36 W0 SOLVE 4x2 2026-07-22T17:19:47.922
ATTEMPT 36 W0 DONE 4x2 seed=1818919 nsol=16 0.01s 2026-07-22T17:19:47.937
ATTEMPT 37 W0 START 4x2 seed=1818920 2026-07-22T17:19:47.937
ATTEMPT 37 W0 SOLVE 4x2 2026-07-22T17:19:47.944
ATTEMPT 37 W0 DONE 4x2 seed=1818920 nsol=16 0.01s 2026-07-22T17:19:47.950
ATTEMPT 38 W0 START 4x2 seed=1818921 2026-07-22T17:19:47.951
ATTEMPT 38 W0 SOLVE 4x2 2026-07-22T17:19:47.957
ATTEMPT 38 W0 DONE 4x2 seed=1818921 nsol=16 0.01s 2026-07-22T17:19:47.972
ATTEMPT 39 W0 START 4x2 seed=1818922 2026-07-22T17:19:47.972
ATTEMPT 39 W0 SOLVE 4x2 2026-07-22T17:19:47.980
ATTEMPT 39 W0 DONE 4x2 seed=1818922 nsol=16 0.01s 2026-07-22T17:19:47.987
ATTEMPT 40 W0 START 4x2 seed=1818923 2026-07-22T17:19:47.987
ATTEMPT 40 W0 SOLVE 4x2 2026-07-22T17:19:47.993
ATTEMPT 40 W0 DONE 4x2 seed=1818923 nsol=16 0.01s 2026-07-22T17:19:48.004
ATTEMPT 41 W0 START 4x2 seed=1818924 2026-07-22T17:19:48.004
ATTEMPT 41 W0 SOLVE 4x2 2026-07-22T17:19:48.010
ATTEMPT 41 W0 DONE 4x2 seed=1818924 nsol=16 0.01s 2026-07-22T17:19:48.019
ATTEMPT 42 W0 START 4x2 seed=1818925 2026-07-22T17:19:48.019
ATTEMPT 42 W0 SOLVE 4x2 2026-07-22T17:19:48.025
ATTEMPT 42 W0 DONE 4x2 seed=1818925 nsol=16 0.01s 2026-07-22T17:19:48.032
ATTEMPT 43 W0 START 4x2 seed=1818926 2026-07-22T17:19:48.032
ATTEMPT 43 W0 SOLVE 4x2 2026-07-22T17:19:48.038
ATTEMPT 43 W0 DONE 4x2 seed=1818926 nsol=16 0.01s 2026-07-22T17:19:48.045
ATTEMPT 44 W0 START 4x2 seed=1818927 2026-07-22T17:19:48.045
ATTEMPT 44 W0 SOLVE 4x2 2026-07-22T17:19:48.052
ATTEMPT 44 W0 DONE 4x2 seed=1818927 nsol=16 0.01s 2026-07-22T17:19:48.059
ATTEMPT 45 W0 START 4x2 seed=1818928 2026-07-22T17:19:48.059
ATTEMPT 45 W0 SOLVE 4x2 2026-07-22T17:19:48.065
ATTEMPT 45 W0 DONE 4x2 seed=1818928 nsol=16 0.01s 2026-07-22T17:19:48.075
ATTEMPT 46 W0 START 4x2 seed=1818929 2026-07-22T17:19:48.076
ATTEMPT 46 W0 SOLVE 4x2 2026-07-22T17:19:48.082
ATTEMPT 46 W0 DONE 4x2 seed=1818929 nsol=16 0.01s 2026-07-22T17:19:48.090
ATTEMPT 47 W0 START 4x2 seed=1818930 2026-07-22T17:19:48.090
ATTEMPT 47 W0 SOLVE 4x2 2026-07-22T17:19:48.097
ATTEMPT 47 W0 DONE 4x2 seed=1818930 nsol=16 0.01s 2026-07-22T17:19:48.105
ATTEMPT 48 W0 START 4x2 seed=1818931 2026-07-22T17:19:48.105
ATTEMPT 48 W0 SOLVE 4x2 2026-07-22T17:19:48.116
ATTEMPT 48 W0 DONE 4x2 seed=1818931 nsol=16 0.01s 2026-07-22T17:19:48.126
ATTEMPT 49 W0 START 4x2 seed=1818932 2026-07-22T17:19:48.126
ATTEMPT 49 W0 SOLVE 4x2 2026-07-22T17:19:48.133
ATTEMPT 49 W0 DONE 4x2 seed=1818932 nsol=16 0.01s 2026-07-22T17:19:48.144
ATTEMPT 50 W0 START 4x2 seed=1818933 2026-07-22T17:19:48.144
ATTEMPT 50 W0 SOLVE 4x2 2026-07-22T17:19:48.151
ATTEMPT 50 W0 DONE 4x2 seed=1818933 nsol=16 0.01s 2026-07-22T17:19:48.158
ATTEMPT 51 W0 START 4x2 seed=1818934 2026-07-22T17:19:48.159
ATTEMPT 51 W0 SOLVE 4x2 2026-07-22T17:19:48.165
ATTEMPT 51 W0 DONE 4x2 seed=1818934 nsol=16 0.01s 2026-07-22T17:19:48.172
ATTEMPT 52 W0 START 4x2 seed=1818935 2026-07-22T17:19:48.172
ATTEMPT 52 W0 SOLVE 4x2 2026-07-22T17:19:48.178
ATTEMPT 52 W0 DONE 4x2 seed=1818935 nsol=16 0.01s 2026-07-22T17:19:48.185
ATTEMPT 53 W0 START 4x2 seed=1818936 2026-07-22T17:19:48.185
ATTEMPT 53 W0 SOLVE 4x2 2026-07-22T17:19:48.192
ATTEMPT 53 W0 DONE 4x2 seed=1818936 nsol=16 0.01s 2026-07-22T17:19:48.199
ATTEMPT 54 W0 START 4x2 seed=1818937 2026-07-22T17:19:48.199
ATTEMPT 54 W0 SOLVE 4x2 2026-07-22T17:19:48.206
ATTEMPT 54 W0 DONE 4x2 seed=1818937 nsol=16 0.01s 2026-07-22T17:19:48.218
ATTEMPT 55 W0 START 4x2 seed=1818938 2026-07-22T17:19:48.219
ATTEMPT 55 W0 SOLVE 4x2 2026-07-22T17:19:48.225
ATTEMPT 55 W0 DONE 4x2 seed=1818938 nsol=16 0.01s 2026-07-22T17:19:48.239
ATTEMPT 56 W0 START 4x2 seed=1818939 2026-07-22T17:19:48.239
ATTEMPT 56 W0 SOLVE 4x2 2026-07-22T17:19:48.246
ATTEMPT 56 W0 DONE 4x2 seed=1818939 nsol=16 0.01s 2026-07-22T17:19:48.256
ATTEMPT 57 W0 START 4x2 seed=1818940 2026-07-22T17:19:48.257
ATTEMPT 57 W0 SOLVE 4x2 2026-07-22T17:19:48.264
ATTEMPT 57 W0 DONE 4x2 seed=1818940 nsol=16 0.01s 2026-07-22T17:19:48.270
ATTEMPT 58 W0 START 4x2 seed=1818941 2026-07-22T17:19:48.271
ATTEMPT 58 W0 SOLVE 4x2 2026-07-22T17:19:48.278
ATTEMPT 58 W0 DONE 4x2 seed=1818941 nsol=16 0.01s 2026-07-22T17:19:48.287
ATTEMPT 59 W0 START 4x2 seed=1818942 2026-07-22T17:19:48.287
ATTEMPT 59 W0 SOLVE 4x2 2026-07-22T17:19:48.296
ATTEMPT 59 W0 DONE 4x2 seed=1818942 nsol=16 0.01s 2026-07-22T17:19:48.306
ATTEMPT 60 W0 START 4x2 seed=1818943 2026-07-22T17:19:48.306
ATTEMPT 60 W0 SOLVE 4x2 2026-07-22T17:19:48.312
ATTEMPT 60 W0 DONE 4x2 seed=1818943 nsol=16 0.01s 2026-07-22T17:19:48.321
ATTEMPT 61 W0 START 4x2 seed=1818944 2026-07-22T17:19:48.321
ATTEMPT 61 W0 SOLVE 4x2 2026-07-22T17:19:48.327
ATTEMPT 61 W0 DONE 4x2 seed=1818944 nsol=16 0.01s 2026-07-22T17:19:48.333
ATTEMPT 62 W0 START 4x2 seed=1818945 2026-07-22T17:19:48.333
ATTEMPT 62 W0 SOLVE 4x2 2026-07-22T17:19:48.340
ATTEMPT 62 W0 DONE 4x2 seed=1818945 nsol=16 0.01s 2026-07-22T17:19:48.348
ATTEMPT 63 W0 START 4x2 seed=1818946 2026-07-22T17:19:48.349
ATTEMPT 63 W0 SOLVE 4x2 2026-07-22T17:19:48.355
ATTEMPT 63 W0 DONE 4x2 seed=1818946 nsol=16 0.01s 2026-07-22T17:19:48.366
ATTEMPT 64 W0 START 4x2 seed=1818947 2026-07-22T17:19:48.367
ATTEMPT 64 W0 SOLVE 4x2 2026-07-22T17:19:48.376
ATTEMPT 64 W0 DONE 4x2 seed=1818947 nsol=16 0.01s 2026-07-22T17:19:48.385
ATTEMPT 65 W0 START 4x2 seed=1818948 2026-07-22T17:19:48.385
ATTEMPT 65 W0 SOLVE 4x2 2026-07-22T17:19:48.392
ATTEMPT 65 W0 DONE 4x2 seed=1818948 nsol=16 0.01s 2026-07-22T17:19:48.402
ATTEMPT 66 W0 START 4x2 seed=1818949 2026-07-22T17:19:48.402
ATTEMPT 66 W0 SOLVE 4x2 2026-07-22T17:19:48.408
ATTEMPT 66 W0 DONE 4x2 seed=1818949 nsol=16 0.01s 2026-07-22T17:19:48.417
ATTEMPT 67 W0 START 4x2 seed=1818950 2026-07-22T17:19:48.417
ATTEMPT 67 W0 SOLVE 4x2 2026-07-22T17:19:48.424
ATTEMPT 67 W0 DONE 4x2 seed=1818950 nsol=16 0.01s 2026-07-22T17:19:48.437
ATTEMPT 68 W0 START 4x2 seed=1818951 2026-07-22T17:19:48.437
ATTEMPT 68 W0 SOLVE 4x2 2026-07-22T17:19:48.444
ATTEMPT 68 W0 DONE 4x2 seed=1818951 nsol=16 0.02s 2026-07-22T17:19:48.460
ATTEMPT 69 W0 START 4x2 seed=1818952 2026-07-22T17:19:48.460
ATTEMPT 69 W0 SOLVE 4x2 2026-07-22T17:19:48.467
ATTEMPT 69 W0 DONE 4x2 seed=1818952 nsol=16 0.01s 2026-07-22T17:19:48.482
ATTEMPT 70 W0 START 4x2 seed=1818953 2026-07-22T17:19:48.482
ATTEMPT 70 W0 SOLVE 4x2 2026-07-22T17:19:48.491
ATTEMPT 70 W0 DONE 4x2 seed=1818953 nsol=16 0.01s 2026-07-22T17:19:48.502
ATTEMPT 71 W0 START 4x2 seed=1818954 2026-07-22T17:19:48.502
ATTEMPT 71 W0 SOLVE 4x2 2026-07-22T17:19:48.513
ATTEMPT 71 W0 DONE 4x2 seed=1818954 nsol=16 0.01s 2026-07-22T17:19:48.527
ATTEMPT 72 W0 START 4x2 seed=1818955 2026-07-22T17:19:48.527
ATTEMPT 72 W0 SOLVE 4x2 2026-07-22T17:19:48.534
ATTEMPT 72 W0 DONE 4x2 seed=1818955 nsol=16 0.01s 2026-07-22T17:19:48.548
ATTEMPT 73 W0 START 4x2 seed=1818956 2026-07-22T17:19:48.548
ATTEMPT 73 W0 SOLVE 4x2 2026-07-22T17:19:48.555
ATTEMPT 73 W0 DONE 4x2 seed=1818956 nsol=16 0.02s 2026-07-22T17:19:48.571
ATTEMPT 74 W0 START 4x2 seed=1818957 2026-07-22T17:19:48.571
ATTEMPT 74 W0 SOLVE 4x2 2026-07-22T17:19:48.580
ATTEMPT 74 W0 DONE 4x2 seed=1818957 nsol=16 0.01s 2026-07-22T17:19:48.591
ATTEMPT 75 W0 START 4x2 seed=1818958 2026-07-22T17:19:48.591
ATTEMPT 75 W0 SOLVE 4x2 2026-07-22T17:19:48.597
ATTEMPT 75 W0 DONE 4x2 seed=1818958 nsol=16 0.01s 2026-07-22T17:19:48.606
ATTEMPT 76 W0 START 4x2 seed=1818959 2026-07-22T17:19:48.606
ATTEMPT 76 W0 SOLVE 4x2 2026-07-22T17:19:48.612
ATTEMPT 76 W0 DONE 4x2 seed=1818959 nsol=16 0.01s 2026-07-22T17:19:48.623
ATTEMPT 77 W0 START 4x2 seed=1818960 2026-07-22T17:19:48.624
ATTEMPT 77 W0 SOLVE 4x2 2026-07-22T17:19:48.630
ATTEMPT 77 W0 DONE 4x2 seed=1818960 nsol=16 0.01s 2026-07-22T17:19:48.639
ATTEMPT 78 W0 START 4x2 seed=1818961 2026-07-22T17:19:48.639
ATTEMPT 78 W0 SOLVE 4x2 2026-07-22T17:19:48.644
ATTEMPT 78 W0 DONE 4x2 seed=1818961 nsol=16 0.01s 2026-07-22T17:19:48.654
ATTEMPT 79 W0 START 4x2 seed=1818962 2026-07-22T17:19:48.654
ATTEMPT 79 W0 SOLVE 4x2 2026-07-22T17:19:48.660
ATTEMPT 79 W0 DONE 4x2 seed=1818962 nsol=16 0.01s 2026-07-22T17:19:48.668
ATTEMPT 80 W0 START 4x2 seed=1818963 2026-07-22T17:19:48.669
ATTEMPT 80 W0 SOLVE 4x2 2026-07-22T17:19:48.674
ATTEMPT 80 W0 DONE 4x2 seed=1818963 nsol=16 0.01s 2026-07-22T17:19:48.681
ATTEMPT 81 W0 START 4x2 seed=1818964 2026-07-22T17:19:48.682
ATTEMPT 81 W0 SOLVE 4x2 2026-07-22T17:19:48.688
ATTEMPT 81 W0 DONE 4x2 seed=1818964 nsol=16 0.01s 2026-07-22T17:19:48.694
ATTEMPT 82 W0 START 4x2 seed=1818965 2026-07-22T17:19:48.694
ATTEMPT 82 W0 SOLVE 4x2 2026-07-22T17:19:48.700
ATTEMPT 82 W0 DONE 4x2 seed=1818965 nsol=16 0.18s 2026-07-22T17:19:48.877
ATTEMPT 83 W0 START 4x2 seed=1818966 2026-07-22T17:19:48.893
ATTEMPT 83 W0 SOLVE 4x2 2026-07-22T17:19:48.900
ATTEMPT 83 W0 DONE 4x2 seed=1818966 nsol=16 0.01s 2026-07-22T17:19:48.911
ATTEMPT 84 W0 START 4x2 seed=1818967 2026-07-22T17:19:48.911
ATTEMPT 84 W0 SOLVE 4x2 2026-07-22T17:19:48.919
ATTEMPT 84 W0 DONE 4x2 seed=1818967 nsol=16 0.01s 2026-07-22T17:19:48.927
ATTEMPT 85 W0 START 4x2 seed=1818968 2026-07-22T17:19:48.927
ATTEMPT 85 W0 SOLVE 4x2 2026-07-22T17:19:48.936
ATTEMPT 85 W0 DONE 4x2 seed=1818968 nsol=16 0.01s 2026-07-22T17:19:48.947
ATTEMPT 86 W0 START 4x2 seed=1818969 2026-07-22T17:19:48.947
ATTEMPT 86 W0 SOLVE 4x2 2026-07-22T17:19:48.955
ATTEMPT 86 W0 DONE 4x2 seed=1818969 nsol=16 0.01s 2026-07-22T17:19:48.964
ATTEMPT 87 W0 START 4x2 seed=1818970 2026-07-22T17:19:48.964
ATTEMPT 87 W0 SOLVE 4x2 2026-07-22T17:19:48.974
ATTEMPT 87 W0 DONE 4x2 seed=1818970 nsol=16 0.01s 2026-07-22T17:19:48.980
ATTEMPT 88 W0 START 4x2 seed=1818971 2026-07-22T17:19:48.980
ATTEMPT 88 W0 SOLVE 4x2 2026-07-22T17:19:48.985
ATTEMPT 88 W0 DONE 4x2 seed=1818971 nsol=16 0.01s 2026-07-22T17:19:48.993
ATTEMPT 89 W0 START 4x2 seed=1818972 2026-07-22T17:19:48.993
ATTEMPT 89 W0 SOLVE 4x2 2026-07-22T17:19:48.998
ATTEMPT 89 W0 DONE 4x2 seed=1818972 nsol=16 0.01s 2026-07-22T17:19:49.004
ATTEMPT 90 W0 START 4x2 seed=1818973 2026-07-22T17:19:49.004
ATTEMPT 90 W0 SOLVE 4x2 2026-07-22T17:19:49.011
ATTEMPT 90 W0 DONE 4x2 seed=1818973 nsol=16 0.01s 2026-07-22T17:19:49.017
ATTEMPT 91 W0 START 4x2 seed=1818974 2026-07-22T17:19:49.017
ATTEMPT 91 W0 SOLVE 4x2 2026-07-22T17:19:49.023
ATTEMPT 91 W0 DONE 4x2 seed=1818974 nsol=16 0.00s 2026-07-22T17:19:49.027
ATTEMPT 92 W0 START 4x2 seed=1818975 2026-07-22T17:19:49.027
ATTEMPT 92 W0 SOLVE 4x2 2026-07-22T17:19:49.033
ATTEMPT 92 W0 DONE 4x2 seed=1818975 nsol=16 0.01s 2026-07-22T17:19:49.039
ATTEMPT 93 W0 START 4x2 seed=1818976 2026-07-22T17:19:49.039
ATTEMPT 93 W0 SOLVE 4x2 2026-07-22T17:19:49.045
ATTEMPT 93 W0 DONE 4x2 seed=1818976 nsol=16 0.01s 2026-07-22T17:19:49.050
ATTEMPT 94 W0 START 4x2 seed=1818977 2026-07-22T17:19:49.050
ATTEMPT 94 W0 SOLVE 4x2 2026-07-22T17:19:49.056
ATTEMPT 94 W0 DONE 4x2 seed=1818977 nsol=16 0.01s 2026-07-22T17:19:49.063
ATTEMPT 95 W0 START 4x2 seed=1818978 2026-07-22T17:19:49.063
ATTEMPT 95 W0 SOLVE 4x2 2026-07-22T17:19:49.069
ATTEMPT 95 W0 DONE 4x2 seed=1818978 nsol=16 0.01s 2026-07-22T17:19:49.076
ATTEMPT 96 W0 START 4x2 seed=1818979 2026-07-22T17:19:49.076
ATTEMPT 96 W0 SOLVE 4x2 2026-07-22T17:19:49.083
ATTEMPT 96 W0 DONE 4x2 seed=1818979 nsol=16 0.01s 2026-07-22T17:19:49.090
ATTEMPT 97 W0 START 4x2 seed=1818980 2026-07-22T17:19:49.090
ATTEMPT 97 W0 SOLVE 4x2 2026-07-22T17:19:49.096
ATTEMPT 97 W0 DONE 4x2 seed=1818980 nsol=16 0.01s 2026-07-22T17:19:49.104
ATTEMPT 98 W0 START 4x2 seed=1818981 2026-07-22T17:19:49.104
ATTEMPT 98 W0 SOLVE 4x2 2026-07-22T17:19:49.110
ATTEMPT 98 W0 DONE 4x2 seed=1818981 nsol=16 0.01s 2026-07-22T17:19:49.117
ATTEMPT 99 W0 START 4x2 seed=1818982 2026-07-22T17:19:49.117
ATTEMPT 99 W0 SOLVE 4x2 2026-07-22T17:19:49.123
ATTEMPT 99 W0 DONE 4x2 seed=1818982 nsol=16 0.01s 2026-07-22T17:19:49.131
ATTEMPT 100 W0 START 4x2 seed=1818983 2026-07-22T17:19:49.131
ATTEMPT 100 W0 SOLVE 4x2 2026-07-22T17:19:49.137
ATTEMPT 100 W0 DONE 4x2 seed=1818983 nsol=16 0.01s 2026-07-22T17:19:49.142
ATTEMPT 101 W0 START 4x2 seed=1818984 2026-07-22T17:19:49.142
ATTEMPT 101 W0 SOLVE 4x2 2026-07-22T17:19:49.148
ATTEMPT 101 W0 DONE 4x2 seed=1818984 nsol=16 0.01s 2026-07-22T17:19:49.155
ATTEMPT 102 W0 START 4x2 seed=1818985 2026-07-22T17:19:49.155
ATTEMPT 102 W0 SOLVE 4x2 2026-07-22T17:19:49.161
ATTEMPT 102 W0 DONE 4x2 seed=1818985 nsol=16 0.01s 2026-07-22T17:19:49.168
ATTEMPT 103 W0 START 4x2 seed=1818986 2026-07-22T17:19:49.168
ATTEMPT 103 W0 SOLVE 4x2 2026-07-22T17:19:49.174
ATTEMPT 103 W0 DONE 4x2 seed=1818986 nsol=16 0.01s 2026-07-22T17:19:49.181
ATTEMPT 104 W0 START 4x2 seed=1818987 2026-07-22T17:19:49.181
ATTEMPT 104 W0 SOLVE 4x2 2026-07-22T17:19:49.187
ATTEMPT 104 W0 DONE 4x2 seed=1818987 nsol=16 0.00s 2026-07-22T17:19:49.192
ATTEMPT 105 W0 START 4x2 seed=1818988 2026-07-22T17:19:49.192
ATTEMPT 105 W0 SOLVE 4x2 2026-07-22T17:19:49.197
ATTEMPT 105 W0 DONE 4x2 seed=1818988 nsol=16 0.00s 2026-07-22T17:19:49.201
ATTEMPT 106 W0 START 4x2 seed=1818989 2026-07-22T17:19:49.202
ATTEMPT 106 W0 SOLVE 4x2 2026-07-22T17:19:49.209
ATTEMPT 106 W0 DONE 4x2 seed=1818989 nsol=16 0.00s 2026-07-22T17:19:49.214
ATTEMPT 107 W0 START 4x2 seed=1818990 2026-07-22T17:19:49.214
ATTEMPT 107 W0 SOLVE 4x2 2026-07-22T17:19:49.219
ATTEMPT 107 W0 DONE 4x2 seed=1818990 nsol=16 0.00s 2026-07-22T17:19:49.224
ATTEMPT 108 W0 START 4x2 seed=1818991 2026-07-22T17:19:49.224
ATTEMPT 108 W0 SOLVE 4x2 2026-07-22T17:19:49.231
ATTEMPT 108 W0 DONE 4x2 seed=1818991 nsol=16 0.01s 2026-07-22T17:19:49.237
ATTEMPT 109 W0 START 4x2 seed=1818992 2026-07-22T17:19:49.237
ATTEMPT 109 W0 SOLVE 4x2 2026-07-22T17:19:49.244
ATTEMPT 109 W0 DONE 4x2 seed=1818992 nsol=16 0.01s 2026-07-22T17:19:49.250
ATTEMPT 110 W0 START 4x2 seed=1818993 2026-07-22T17:19:49.250
ATTEMPT 110 W0 SOLVE 4x2 2026-07-22T17:19:49.256
ATTEMPT 110 W0 DONE 4x2 seed=1818993 nsol=16 0.01s 2026-07-22T17:19:49.262
ATTEMPT 111 W0 START 4x2 seed=1818994 2026-07-22T17:19:49.262
ATTEMPT 111 W0 SOLVE 4x2 2026-07-22T17:19:49.268
ATTEMPT 111 W0 DONE 4x2 seed=1818994 nsol=16 0.00s 2026-07-22T17:19:49.273
ATTEMPT 112 W0 START 4x2 seed=1818995 2026-07-22T17:19:49.273
ATTEMPT 112 W0 SOLVE 4x2 2026-07-22T17:19:49.279
ATTEMPT 112 W0 DONE 4x2 seed=1818995 nsol=16 0.01s 2026-07-22T17:19:49.284
ATTEMPT 113 W0 START 4x2 seed=1818996 2026-07-22T17:19:49.284
ATTEMPT 113 W0 SOLVE 4x2 2026-07-22T17:19:49.290
ATTEMPT 113 W0 DONE 4x2 seed=1818996 nsol=16 0.01s 2026-07-22T17:19:49.299
ATTEMPT 114 W0 START 4x2 seed=1818997 2026-07-22T17:19:49.299
ATTEMPT 114 W0 SOLVE 4x2 2026-07-22T17:19:49.305
ATTEMPT 114 W0 DONE 4x2 seed=1818997 nsol=16 0.01s 2026-07-22T17:19:49.310
ATTEMPT 115 W0 START 4x2 seed=1818998 2026-07-22T17:19:49.310
ATTEMPT 115 W0 SOLVE 4x2 2026-07-22T17:19:49.316
ATTEMPT 115 W0 DONE 4x2 seed=1818998 nsol=16 0.01s 2026-07-22T17:19:49.322
ATTEMPT 116 W0 START 4x2 seed=1818999 2026-07-22T17:19:49.322
ATTEMPT 116 W0 SOLVE 4x2 2026-07-22T17:19:49.328
ATTEMPT 116 W0 DONE 4x2 seed=1818999 nsol=16 0.00s 2026-07-22T17:19:49.333
ATTEMPT 117 W0 START 4x2 seed=1819000 2026-07-22T17:19:49.333
ATTEMPT 117 W0 SOLVE 4x2 2026-07-22T17:19:49.339
ATTEMPT 117 W0 DONE 4x2 seed=1819000 nsol=16 0.00s 2026-07-22T17:19:49.343
ATTEMPT 118 W0 START 4x2 seed=1819001 2026-07-22T17:19:49.343
ATTEMPT 118 W0 SOLVE 4x2 2026-07-22T17:19:49.349
ATTEMPT 118 W0 DONE 4x2 seed=1819001 nsol=16 0.01s 2026-07-22T17:19:49.355
ATTEMPT 119 W0 START 4x2 seed=1819002 2026-07-22T17:19:49.355
ATTEMPT 119 W0 SOLVE 4x2 2026-07-22T17:19:49.360
ATTEMPT 119 W0 DONE 4x2 seed=1819002 nsol=16 0.01s 2026-07-22T17:19:49.365
ATTEMPT 120 W0 START 4x2 seed=1819003 2026-07-22T17:19:49.365
ATTEMPT 120 W0 SOLVE 4x2 2026-07-22T17:19:49.371
ATTEMPT 120 W0 DONE 4x2 seed=1819003 nsol=16 0.01s 2026-07-22T17:19:49.376
ATTEMPT 121 W0 START 4x2 seed=1819004 2026-07-22T17:19:49.376
ATTEMPT 121 W0 SOLVE 4x2 2026-07-22T17:19:49.382
ATTEMPT 121 W0 DONE 4x2 seed=1819004 nsol=16 0.01s 2026-07-22T17:19:49.391
ATTEMPT 122 W0 START 4x2 seed=1819005 2026-07-22T17:19:49.391
ATTEMPT 122 W0 SOLVE 4x2 2026-07-22T17:19:49.397
ATTEMPT 122 W0 DONE 4x2 seed=1819005 nsol=16 0.01s 2026-07-22T17:19:49.404
ATTEMPT 123 W0 START 4x2 seed=1819006 2026-07-22T17:19:49.405
ATTEMPT 123 W0 SOLVE 4x2 2026-07-22T17:19:49.410
ATTEMPT 123 W0 DONE 4x2 seed=1819006 nsol=16 0.01s 2026-07-22T17:19:49.417
ATTEMPT 124 W0 START 4x2 seed=1819007 2026-07-22T17:19:49.417
ATTEMPT 124 W0 SOLVE 4x2 2026-07-22T17:19:49.423
ATTEMPT 124 W0 DONE 4x2 seed=1819007 nsol=16 0.01s 2026-07-22T17:19:49.434
ATTEMPT 125 W0 START 4x2 seed=1819008 2026-07-22T17:19:49.434
ATTEMPT 125 W0 SOLVE 4x2 2026-07-22T17:19:49.440
ATTEMPT 125 W0 DONE 4x2 seed=1819008 nsol=16 0.01s 2026-07-22T17:19:49.448
ATTEMPT 126 W0 START 4x2 seed=1819009 2026-07-22T17:19:49.449
ATTEMPT 126 W0 SOLVE 4x2 2026-07-22T17:19:49.454
ATTEMPT 126 W0 DONE 4x2 seed=1819009 nsol=16 0.01s 2026-07-22T17:19:49.462
ATTEMPT 127 W0 START 4x2 seed=1819010 2026-07-22T17:19:49.462
ATTEMPT 127 W0 SOLVE 4x2 2026-07-22T17:19:49.469
ATTEMPT 127 W0 DONE 4x2 seed=1819010 nsol=16 0.01s 2026-07-22T17:19:49.477
ATTEMPT 128 W0 START 4x2 seed=1819011 2026-07-22T17:19:49.478
ATTEMPT 128 W0 SOLVE 4x2 2026-07-22T17:19:49.483
ATTEMPT 128 W0 DONE 4x2 seed=1819011 nsol=16 0.01s 2026-07-22T17:19:49.488
ATTEMPT 129 W0 START 4x2 seed=1819012 2026-07-22T17:19:49.489
ATTEMPT 129 W0 SOLVE 4x2 2026-07-22T17:19:49.494
ATTEMPT 129 W0 DONE 4x2 seed=1819012 nsol=16 0.01s 2026-07-22T17:19:49.505
ATTEMPT 130 W0 START 4x2 seed=1819013 2026-07-22T17:19:49.505
ATTEMPT 130 W0 SOLVE 4x2 2026-07-22T17:19:49.511
ATTEMPT 130 W0 DONE 4x2 seed=1819013 nsol=16 0.01s 2026-07-22T17:19:49.516
ATTEMPT 131 W0 START 4x2 seed=1819014 2026-07-22T17:19:49.517
ATTEMPT 131 W0 SOLVE 4x2 2026-07-22T17:19:49.523
ATTEMPT 131 W0 DONE 4x2 seed=1819014 nsol=16 0.01s 2026-07-22T17:19:49.535
ATTEMPT 132 W0 START 4x2 seed=1819015 2026-07-22T17:19:49.535
ATTEMPT 132 W0 SOLVE 4x2 2026-07-22T17:19:49.544
ATTEMPT 132 W0 DONE 4x2 seed=1819015 nsol=16 0.01s 2026-07-22T17:19:49.551
ATTEMPT 133 W0 START 4x2 seed=1819016 2026-07-22T17:19:49.552
ATTEMPT 133 W0 SOLVE 4x2 2026-07-22T17:19:49.557
ATTEMPT 133 W0 DONE 4x2 seed=1819016 nsol=16 0.01s 2026-07-22T17:19:49.563
ATTEMPT 134 W0 START 4x2 seed=1819017 2026-07-22T17:19:49.563
ATTEMPT 134 W0 SOLVE 4x2 2026-07-22T17:19:49.572
ATTEMPT 134 W0 DONE 4x2 seed=1819017 nsol=16 0.01s 2026-07-22T17:19:49.579
ATTEMPT 135 W0 START 4x2 seed=1819018 2026-07-22T17:19:49.579
ATTEMPT 135 W0 SOLVE 4x2 2026-07-22T17:19:49.584
ATTEMPT 135 W0 DONE 4x2 seed=1819018 nsol=16 0.01s 2026-07-22T17:19:49.592
ATTEMPT 136 W0 START 4x2 seed=1819019 2026-07-22T17:19:49.592
ATTEMPT 136 W0 SOLVE 4x2 2026-07-22T17:19:49.598
ATTEMPT 136 W0 DONE 4x2 seed=1819019 nsol=16 0.00s 2026-07-22T17:19:49.602
ATTEMPT 137 W0 START 4x2 seed=1819020 2026-07-22T17:19:49.603
ATTEMPT 137 W0 SOLVE 4x2 2026-07-22T17:19:49.608
ATTEMPT 137 W0 DONE 4x2 seed=1819020 nsol=16 0.00s 2026-07-22T17:19:49.613
ATTEMPT 138 W0 START 4x2 seed=1819021 2026-07-22T17:19:49.613
ATTEMPT 138 W0 SOLVE 4x2 2026-07-22T17:19:49.620
ATTEMPT 138 W0 DONE 4x2 seed=1819021 nsol=16 0.01s 2026-07-22T17:19:49.628
ATTEMPT 139 W0 START 4x2 seed=1819022 2026-07-22T17:19:49.628
ATTEMPT 139 W0 SOLVE 4x2 2026-07-22T17:19:49.634
ATTEMPT 139 W0 DONE 4x2 seed=1819022 nsol=16 0.00s 2026-07-22T17:19:49.638
ATTEMPT 140 W0 START 4x2 seed=1819023 2026-07-22T17:19:49.638
ATTEMPT 140 W0 SOLVE 4x2 2026-07-22T17:19:49.644
ATTEMPT 140 W0 DONE 4x2 seed=1819023 nsol=16 0.00s 2026-07-22T17:19:49.648
ATTEMPT 141 W0 START 4x2 seed=1819024 2026-07-22T17:19:49.648
ATTEMPT 141 W0 SOLVE 4x2 2026-07-22T17:19:49.654
ATTEMPT 141 W0 DONE 4x2 seed=1819024 nsol=16 0.01s 2026-07-22T17:19:49.660
ATTEMPT 142 W0 START 4x2 seed=1819025 2026-07-22T17:19:49.660
ATTEMPT 142 W0 SOLVE 4x2 2026-07-22T17:19:49.666
ATTEMPT 142 W0 DONE 4x2 seed=1819025 nsol=16 0.01s 2026-07-22T17:19:49.671
ATTEMPT 143 W0 START 4x2 seed=1819026 2026-07-22T17:19:49.671
ATTEMPT 143 W0 SOLVE 4x2 2026-07-22T17:19:49.677
ATTEMPT 143 W0 DONE 4x2 seed=1819026 nsol=16 0.00s 2026-07-22T17:19:49.682
ATTEMPT 144 W0 START 4x2 seed=1819027 2026-07-22T17:19:49.682
ATTEMPT 144 W0 SOLVE 4x2 2026-07-22T17:19:49.689
ATTEMPT 144 W0 DONE 4x2 seed=1819027 nsol=16 0.01s 2026-07-22T17:19:49.696
ATTEMPT 145 W0 START 4x2 seed=1819028 2026-07-22T17:19:49.696
ATTEMPT 145 W0 SOLVE 4x2 2026-07-22T17:19:49.704
ATTEMPT 145 W0 DONE 4x2 seed=1819028 nsol=16 0.01s 2026-07-22T17:19:49.710
ATTEMPT 146 W0 START 4x2 seed=1819029 2026-07-22T17:19:49.710
ATTEMPT 146 W0 SOLVE 4x2 2026-07-22T17:19:49.716
ATTEMPT 146 W0 DONE 4x2 seed=1819029 nsol=16 0.01s 2026-07-22T17:19:49.723
ATTEMPT 147 W0 START 4x2 seed=1819030 2026-07-22T17:19:49.723
ATTEMPT 147 W0 SOLVE 4x2 2026-07-22T17:19:49.728
ATTEMPT 147 W0 DONE 4x2 seed=1819030 nsol=16 0.01s 2026-07-22T17:19:49.734
ATTEMPT 148 W0 START 4x2 seed=1819031 2026-07-22T17:19:49.734
ATTEMPT 148 W0 SOLVE 4x2 2026-07-22T17:19:49.739
ATTEMPT 148 W0 DONE 4x2 seed=1819031 nsol=16 0.00s 2026-07-22T17:19:49.744
ATTEMPT 149 W0 START 4x2 seed=1819032 2026-07-22T17:19:49.745
ATTEMPT 149 W0 SOLVE 4x2 2026-07-22T17:19:49.750
ATTEMPT 149 W0 DONE 4x2 seed=1819032 nsol=16 0.01s 2026-07-22T17:19:49.756
ATTEMPT 150 W0 START 4x2 seed=1819033 2026-07-22T17:19:49.756
ATTEMPT 150 W0 SOLVE 4x2 2026-07-22T17:19:49.765
ATTEMPT 150 W0 DONE 4x2 seed=1819033 nsol=16 0.01s 2026-07-22T17:19:49.772
ATTEMPT 151 W0 START 4x2 seed=1819034 2026-07-22T17:19:49.772
ATTEMPT 151 W0 SOLVE 4x2 2026-07-22T17:19:49.778
ATTEMPT 151 W0 DONE 4x2 seed=1819034 nsol=16 0.00s 2026-07-22T17:19:49.782
ATTEMPT 152 W0 START 4x2 seed=1819035 2026-07-22T17:19:49.782
ATTEMPT 152 W0 SOLVE 4x2 2026-07-22T17:19:49.788
ATTEMPT 152 W0 DONE 4x2 seed=1819035 nsol=16 0.00s 2026-07-22T17:19:49.793
ATTEMPT 153 W0 START 4x2 seed=1819036 2026-07-22T17:19:49.794
ATTEMPT 153 W0 SOLVE 4x2 2026-07-22T17:19:49.799
ATTEMPT 153 W0 DONE 4x2 seed=1819036 nsol=16 0.01s 2026-07-22T17:19:49.805
ATTEMPT 154 W0 START 4x2 seed=1819037 2026-07-22T17:19:49.805
ATTEMPT 154 W0 SOLVE 4x2 2026-07-22T17:19:49.811
ATTEMPT 154 W0 DONE 4x2 seed=1819037 nsol=16 0.01s 2026-07-22T17:19:49.817
ATTEMPT 155 W0 START 4x2 seed=1819038 2026-07-22T17:19:49.817
ATTEMPT 155 W0 SOLVE 4x2 2026-07-22T17:19:49.822
ATTEMPT 155 W0 DONE 4x2 seed=1819038 nsol=16 0.01s 2026-07-22T17:19:49.829
ATTEMPT 156 W0 START 4x2 seed=1819039 2026-07-22T17:19:49.830
ATTEMPT 156 W0 SOLVE 4x2 2026-07-22T17:19:49.837
ATTEMPT 156 W0 DONE 4x2 seed=1819039 nsol=16 0.01s 2026-07-22T17:19:49.843
ATTEMPT 157 W0 START 4x2 seed=1819040 2026-07-22T17:19:49.843
ATTEMPT 157 W0 SOLVE 4x2 2026-07-22T17:19:49.849
ATTEMPT 157 W0 DONE 4x2 seed=1819040 nsol=16 0.01s 2026-07-22T17:19:49.855
ATTEMPT 158 W0 START 4x2 seed=1819041 2026-07-22T17:19:49.855
ATTEMPT 158 W0 SOLVE 4x2 2026-07-22T17:19:49.861
ATTEMPT 158 W0 DONE 4x2 seed=1819041 nsol=16 0.01s 2026-07-22T17:19:49.866
ATTEMPT 159 W0 START 4x2 seed=1819042 2026-07-22T17:19:49.866
ATTEMPT 159 W0 SOLVE 4x2 2026-07-22T17:19:49.873
ATTEMPT 159 W0 DONE 4x2 seed=1819042 nsol=16 0.01s 2026-07-22T17:19:49.878
ATTEMPT 160 W0 START 4x2 seed=1819043 2026-07-22T17:19:49.878
ATTEMPT 160 W0 SOLVE 4x2 2026-07-22T17:19:49.885
ATTEMPT 160 W0 DONE 4x2 seed=1819043 nsol=16 0.01s 2026-07-22T17:19:49.892
ATTEMPT 161 W0 START 4x2 seed=1819044 2026-07-22T17:19:49.893
ATTEMPT 161 W0 SOLVE 4x2 2026-07-22T17:19:49.898
ATTEMPT 161 W0 DONE 4x2 seed=1819044 nsol=16 0.01s 2026-07-22T17:19:49.904
ATTEMPT 162 W0 START 4x2 seed=1819045 2026-07-22T17:19:49.904
ATTEMPT 162 W0 SOLVE 4x2 2026-07-22T17:19:49.910
ATTEMPT 162 W0 DONE 4x2 seed=1819045 nsol=16 0.00s 2026-07-22T17:19:49.915
ATTEMPT 163 W0 START 4x2 seed=1819046 2026-07-22T17:19:49.915
ATTEMPT 163 W0 SOLVE 4x2 2026-07-22T17:19:49.920
ATTEMPT 163 W0 DONE 4x2 seed=1819046 nsol=16 0.02s 2026-07-22T17:19:49.940
ATTEMPT 164 W0 START 4x2 seed=1819047 2026-07-22T17:19:49.940
ATTEMPT 164 W0 SOLVE 4x2 2026-07-22T17:19:49.948
ATTEMPT 164 W0 DONE 4x2 seed=1819047 nsol=16 0.01s 2026-07-22T17:19:49.959
ATTEMPT 165 W0 START 4x2 seed=1819048 2026-07-22T17:19:49.959
ATTEMPT 165 W0 SOLVE 4x2 2026-07-22T17:19:49.966
ATTEMPT 165 W0 DONE 4x2 seed=1819048 nsol=16 0.01s 2026-07-22T17:19:49.972
ATTEMPT 166 W0 START 4x2 seed=1819049 2026-07-22T17:19:49.972
ATTEMPT 166 W0 SOLVE 4x2 2026-07-22T17:19:49.978
ATTEMPT 166 W0 DONE 4x2 seed=1819049 nsol=16 0.08s 2026-07-22T17:19:50.058
ATTEMPT 167 W0 START 4x2 seed=1819050 2026-07-22T17:19:50.058
ATTEMPT 167 W0 SOLVE 4x2 2026-07-22T17:19:50.065
ATTEMPT 167 W0 DONE 4x2 seed=1819050 nsol=16 0.01s 2026-07-22T17:19:50.074
ATTEMPT 168 W0 START 4x2 seed=1819051 2026-07-22T17:19:50.074
ATTEMPT 168 W0 SOLVE 4x2 2026-07-22T17:19:50.081
ATTEMPT 168 W0 DONE 4x2 seed=1819051 nsol=16 0.01s 2026-07-22T17:19:50.087
ATTEMPT 169 W0 START 4x2 seed=1819052 2026-07-22T17:19:50.087
ATTEMPT 169 W0 SOLVE 4x2 2026-07-22T17:19:50.093
ATTEMPT 169 W0 DONE 4x2 seed=1819052 nsol=16 0.00s 2026-07-22T17:19:50.097
ATTEMPT 170 W0 START 4x2 seed=1819053 2026-07-22T17:19:50.098
ATTEMPT 170 W0 SOLVE 4x2 2026-07-22T17:19:50.103
ATTEMPT 170 W0 DONE 4x2 seed=1819053 nsol=16 0.01s 2026-07-22T17:19:50.115
ATTEMPT 171 W0 START 4x2 seed=1819054 2026-07-22T17:19:50.115
ATTEMPT 171 W0 SOLVE 4x2 2026-07-22T17:19:50.124
ATTEMPT 171 W0 DONE 4x2 seed=1819054 nsol=16 0.01s 2026-07-22T17:19:50.137
ATTEMPT 172 W0 START 4x2 seed=1819055 2026-07-22T17:19:50.137
ATTEMPT 172 W0 SOLVE 4x2 2026-07-22T17:19:50.143
ATTEMPT 172 W0 DONE 4x2 seed=1819055 nsol=16 0.00s 2026-07-22T17:19:50.148
ATTEMPT 173 W0 START 4x2 seed=1819056 2026-07-22T17:19:50.148
ATTEMPT 173 W0 SOLVE 4x2 2026-07-22T17:19:50.153
ATTEMPT 173 W0 DONE 4x2 seed=1819056 nsol=16 0.01s 2026-07-22T17:19:50.159
ATTEMPT 174 W0 START 4x2 seed=1819057 2026-07-22T17:19:50.159
ATTEMPT 174 W0 SOLVE 4x2 2026-07-22T17:19:50.165
ATTEMPT 174 W0 DONE 4x2 seed=1819057 nsol=16 0.02s 2026-07-22T17:19:50.181
ATTEMPT 175 W0 START 4x2 seed=1819058 2026-07-22T17:19:50.181
ATTEMPT 175 W0 SOLVE 4x2 2026-07-22T17:19:50.187
ATTEMPT 175 W0 DONE 4x2 seed=1819058 nsol=16 0.01s 2026-07-22T17:19:50.194
ATTEMPT 176 W0 START 4x2 seed=1819059 2026-07-22T17:19:50.194
ATTEMPT 176 W0 SOLVE 4x2 2026-07-22T17:19:50.201
ATTEMPT 176 W0 DONE 4x2 seed=1819059 nsol=16 0.01s 2026-07-22T17:19:50.215
ATTEMPT 177 W0 START 4x2 seed=1819060 2026-07-22T17:19:50.215
ATTEMPT 177 W0 SOLVE 4x2 2026-07-22T17:19:50.225
ATTEMPT 177 W0 DONE 4x2 seed=1819060 nsol=16 0.01s 2026-07-22T17:19:50.236
ATTEMPT 178 W0 START 4x2 seed=1819061 2026-07-22T17:19:50.236
ATTEMPT 178 W0 SOLVE 4x2 2026-07-22T17:19:50.243
ATTEMPT 178 W0 DONE 4x2 seed=1819061 nsol=16 0.01s 2026-07-22T17:19:50.258
ATTEMPT 179 W0 START 4x2 seed=1819062 2026-07-22T17:19:50.258
ATTEMPT 179 W0 SOLVE 4x2 2026-07-22T17:19:50.265
ATTEMPT 179 W0 DONE 4x2 seed=1819062 nsol=16 0.01s 2026-07-22T17:19:50.277
ATTEMPT 180 W0 START 4x2 seed=1819063 2026-07-22T17:19:50.277
ATTEMPT 180 W0 SOLVE 4x2 2026-07-22T17:19:50.283
ATTEMPT 180 W0 DONE 4x2 seed=1819063 nsol=16 0.01s 2026-07-22T17:19:50.291
ATTEMPT 181 W0 START 4x2 seed=1819064 2026-07-22T17:19:50.291
ATTEMPT 181 W0 SOLVE 4x2 2026-07-22T17:19:50.300
ATTEMPT 181 W0 DONE 4x2 seed=1819064 nsol=16 0.01s 2026-07-22T17:19:50.307
ATTEMPT 182 W0 START 4x2 seed=1819065 2026-07-22T17:19:50.307
ATTEMPT 182 W0 SOLVE 4x2 2026-07-22T17:19:50.313
ATTEMPT 182 W0 DONE 4x2 seed=1819065 nsol=16 0.01s 2026-07-22T17:19:50.318
ATTEMPT 183 W0 START 4x2 seed=1819066 2026-07-22T17:19:50.318
ATTEMPT 183 W0 SOLVE 4x2 2026-07-22T17:19:50.323
ATTEMPT 183 W0 DONE 4x2 seed=1819066 nsol=16 0.01s 2026-07-22T17:19:50.331
ATTEMPT 184 W0 START 4x2 seed=1819067 2026-07-22T17:19:50.331
ATTEMPT 184 W0 SOLVE 4x2 2026-07-22T17:19:50.337
ATTEMPT 184 W0 DONE 4x2 seed=1819067 nsol=16 0.01s 2026-07-22T17:19:50.351
ATTEMPT 185 W0 START 4x2 seed=1819068 2026-07-22T17:19:50.351
ATTEMPT 185 W0 SOLVE 4x2 2026-07-22T17:19:50.359
ATTEMPT 185 W0 DONE 4x2 seed=1819068 nsol=16 0.01s 2026-07-22T17:19:50.373
ATTEMPT 186 W0 START 4x2 seed=1819069 2026-07-22T17:19:50.374
ATTEMPT 186 W0 SOLVE 4x2 2026-07-22T17:19:50.381
ATTEMPT 186 W0 DONE 4x2 seed=1819069 nsol=16 0.01s 2026-07-22T17:19:50.388
ATTEMPT 187 W0 START 4x2 seed=1819070 2026-07-22T17:19:50.388
ATTEMPT 187 W0 SOLVE 4x2 2026-07-22T17:19:50.394
ATTEMPT 187 W0 DONE 4x2 seed=1819070 nsol=16 0.01s 2026-07-22T17:19:50.403
ATTEMPT 188 W0 START 4x2 seed=1819071 2026-07-22T17:19:50.403
ATTEMPT 188 W0 SOLVE 4x2 2026-07-22T17:19:50.409
ATTEMPT 188 W0 DONE 4x2 seed=1819071 nsol=16 0.00s 2026-07-22T17:19:50.413
ATTEMPT 189 W0 START 4x2 seed=1819072 2026-07-22T17:19:50.413
ATTEMPT 189 W0 SOLVE 4x2 2026-07-22T17:19:50.419
ATTEMPT 189 W0 DONE 4x2 seed=1819072 nsol=16 0.01s 2026-07-22T17:19:50.431
ATTEMPT 190 W0 START 4x2 seed=1819073 2026-07-22T17:19:50.431
ATTEMPT 190 W0 SOLVE 4x2 2026-07-22T17:19:50.436
ATTEMPT 190 W0 DONE 4x2 seed=1819073 nsol=16 0.01s 2026-07-22T17:19:50.444
ATTEMPT 191 W0 START 4x2 seed=1819074 2026-07-22T17:19:50.445
ATTEMPT 191 W0 SOLVE 4x2 2026-07-22T17:19:50.450
ATTEMPT 191 W0 DONE 4x2 seed=1819074 nsol=16 0.00s 2026-07-22T17:19:50.454
ATTEMPT 192 W0 START 4x2 seed=1819075 2026-07-22T17:19:50.454
ATTEMPT 192 W0 SOLVE 4x2 2026-07-22T17:19:50.460
ATTEMPT 192 W0 DONE 4x2 seed=1819075 nsol=16 0.01s 2026-07-22T17:19:50.465
ATTEMPT 193 W0 START 4x2 seed=1819076 2026-07-22T17:19:50.465
ATTEMPT 193 W0 SOLVE 4x2 2026-07-22T17:19:50.471
ATTEMPT 193 W0 DONE 4x2 seed=1819076 nsol=16 0.00s 2026-07-22T17:19:50.475
ATTEMPT 194 W0 START 4x2 seed=1819077 2026-07-22T17:19:50.476
ATTEMPT 194 W0 SOLVE 4x2 2026-07-22T17:19:50.486
ATTEMPT 194 W0 DONE 4x2 seed=1819077 nsol=16 0.00s 2026-07-22T17:19:50.491
ATTEMPT 195 W0 START 4x2 seed=1819078 2026-07-22T17:19:50.491
ATTEMPT 195 W0 SOLVE 4x2 2026-07-22T17:19:50.497
ATTEMPT 195 W0 DONE 4x2 seed=1819078 nsol=16 0.00s 2026-07-22T17:19:50.501
ATTEMPT 196 W0 START 4x2 seed=1819079 2026-07-22T17:19:50.501
ATTEMPT 196 W0 SOLVE 4x2 2026-07-22T17:19:50.508
ATTEMPT 196 W0 DONE 4x2 seed=1819079 nsol=16 0.01s 2026-07-22T17:19:50.513
ATTEMPT 197 W0 START 4x2 seed=1819080 2026-07-22T17:19:50.513
ATTEMPT 197 W0 SOLVE 4x2 2026-07-22T17:19:50.520
ATTEMPT 197 W0 DONE 4x2 seed=1819080 nsol=16 0.00s 2026-07-22T17:19:50.524
ATTEMPT 198 W0 START 4x2 seed=1819081 2026-07-22T17:19:50.524
ATTEMPT 198 W0 SOLVE 4x2 2026-07-22T17:19:50.881
ATTEMPT 198 W0 DONE 4x2 seed=1819081 nsol=16 0.01s 2026-07-22T17:19:50.896
ATTEMPT 199 W0 START 4x2 seed=1819082 2026-07-22T17:19:50.896
ATTEMPT 199 W0 SOLVE 4x2 2026-07-22T17:19:50.968
ATTEMPT 199 W0 DONE 4x2 seed=1819082 nsol=16 0.01s 2026-07-22T17:19:50.977
ATTEMPT 200 W0 START 4x2 seed=1819083 2026-07-22T17:19:50.977
ATTEMPT 200 W0 SOLVE 4x2 2026-07-22T17:19:50.983
ATTEMPT 200 W0 DONE 4x2 seed=1819083 nsol=16 0.01s 2026-07-22T17:19:50.997
ATTEMPT 201 W0 START 4x2 seed=1819084 2026-07-22T17:19:50.997
ATTEMPT 201 W0 SOLVE 4x2 2026-07-22T17:19:51.011
ATTEMPT 201 W0 DONE 4x2 seed=1819084 nsol=16 0.01s 2026-07-22T17:19:51.020
ATTEMPT 202 W0 START 4x2 seed=1819085 2026-07-22T17:19:51.020
ATTEMPT 202 W0 SOLVE 4x2 2026-07-22T17:19:51.039
ATTEMPT 202 W0 DONE 4x2 seed=1819085 nsol=16 0.00s 2026-07-22T17:19:51.043
ATTEMPT 203 W0 START 4x2 seed=1819086 2026-07-22T17:19:51.043
ATTEMPT 203 W0 SOLVE 4x2 2026-07-22T17:19:51.050
ATTEMPT 203 W0 DONE 4x2 seed=1819086 nsol=16 0.01s 2026-07-22T17:19:51.060
ATTEMPT 204 W0 START 4x2 seed=1819087 2026-07-22T17:19:51.060
ATTEMPT 204 W0 SOLVE 4x2 2026-07-22T17:19:51.070
ATTEMPT 204 W0 DONE 4x2 seed=1819087 nsol=16 0.02s 2026-07-22T17:19:51.087
ATTEMPT 205 W0 START 4x2 seed=1819088 2026-07-22T17:19:51.087
ATTEMPT 205 W0 SOLVE 4x2 2026-07-22T17:19:51.100
ATTEMPT 205 W0 DONE 4x2 seed=1819088 nsol=16 0.01s 2026-07-22T17:19:51.106
ATTEMPT 206 W0 START 4x2 seed=1819089 2026-07-22T17:19:51.106
ATTEMPT 206 W0 SOLVE 4x2 2026-07-22T17:19:51.119
ATTEMPT 206 W0 DONE 4x2 seed=1819089 nsol=16 0.01s 2026-07-22T17:19:51.129
ATTEMPT 207 W0 START 4x2 seed=1819090 2026-07-22T17:19:51.129
ATTEMPT 207 W0 SOLVE 4x2 2026-07-22T17:19:51.135
ATTEMPT 207 W0 DONE 4x2 seed=1819090 nsol=16 0.01s 2026-07-22T17:19:51.143
ATTEMPT 208 W0 START 4x2 seed=1819091 2026-07-22T17:19:51.143
ATTEMPT 208 W0 SOLVE 4x2 2026-07-22T17:19:51.160
ATTEMPT 208 W0 DONE 4x2 seed=1819091 nsol=16 0.01s 2026-07-22T17:19:51.171
ATTEMPT 209 W0 START 4x2 seed=1819092 2026-07-22T17:19:51.171
ATTEMPT 209 W0 SOLVE 4x2 2026-07-22T17:19:51.182
ATTEMPT 209 W0 DONE 4x2 seed=1819092 nsol=16 0.01s 2026-07-22T17:19:51.196
ATTEMPT 210 W0 START 4x2 seed=1819093 2026-07-22T17:19:51.196
ATTEMPT 210 W0 SOLVE 4x2 2026-07-22T17:19:51.204
ATTEMPT 210 W0 DONE 4x2 seed=1819093 nsol=16 0.01s 2026-07-22T17:19:51.213
ATTEMPT 211 W0 START 4x2 seed=1819094 2026-07-22T17:19:51.214
ATTEMPT 211 W0 SOLVE 4x2 2026-07-22T17:19:51.221
ATTEMPT 211 W0 DONE 4x2 seed=1819094 nsol=16 0.01s 2026-07-22T17:19:51.231
ATTEMPT 212 W0 START 4x2 seed=1819095 2026-07-22T17:19:51.231
ATTEMPT 212 W0 SOLVE 4x2 2026-07-22T17:19:51.237
ATTEMPT 212 W0 DONE 4x2 seed=1819095 nsol=16 0.01s 2026-07-22T17:19:51.251
ATTEMPT 213 W0 START 4x2 seed=1819096 2026-07-22T17:19:51.251
ATTEMPT 213 W0 SOLVE 4x2 2026-07-22T17:19:51.257
ATTEMPT 213 W0 DONE 4x2 seed=1819096 nsol=16 0.01s 2026-07-22T17:19:51.267
ATTEMPT 214 W0 START 4x2 seed=1819097 2026-07-22T17:19:51.267
ATTEMPT 214 W0 SOLVE 4x2 2026-07-22T17:19:51.273
ATTEMPT 214 W0 DONE 4x2 seed=1819097 nsol=16 0.01s 2026-07-22T17:19:51.279
ATTEMPT 215 W0 START 4x2 seed=1819098 2026-07-22T17:19:51.280
ATTEMPT 215 W0 SOLVE 4x2 2026-07-22T17:19:51.286
ATTEMPT 215 W0 DONE 4x2 seed=1819098 nsol=16 0.01s 2026-07-22T17:19:51.295
ATTEMPT 216 W0 START 4x2 seed=1819099 2026-07-22T17:19:51.296
ATTEMPT 216 W0 SOLVE 4x2 2026-07-22T17:19:51.301
ATTEMPT 216 W0 DONE 4x2 seed=1819099 nsol=16 0.01s 2026-07-22T17:19:51.309
ATTEMPT 217 W0 START 4x2 seed=1819100 2026-07-22T17:19:51.309
ATTEMPT 217 W0 SOLVE 4x2 2026-07-22T17:19:51.318
ATTEMPT 217 W0 DONE 4x2 seed=1819100 nsol=16 0.02s 2026-07-22T17:19:51.336
ATTEMPT 218 W0 START 4x2 seed=1819101 2026-07-22T17:19:51.336
ATTEMPT 218 W0 SOLVE 4x2 2026-07-22T17:19:51.344
ATTEMPT 218 W0 DONE 4x2 seed=1819101 nsol=16 0.01s 2026-07-22T17:19:51.355
ATTEMPT 219 W0 START 4x2 seed=1819102 2026-07-22T17:19:51.355
ATTEMPT 219 W0 SOLVE 4x2 2026-07-22T17:19:51.361
ATTEMPT 219 W0 DONE 4x2 seed=1819102 nsol=16 0.01s 2026-07-22T17:19:51.375
ATTEMPT 220 W0 START 4x2 seed=1819103 2026-07-22T17:19:51.375
ATTEMPT 220 W0 SOLVE 4x2 2026-07-22T17:19:51.380
ATTEMPT 220 W0 DONE 4x2 seed=1819103 nsol=16 0.01s 2026-07-22T17:19:51.386
ATTEMPT 221 W0 START 4x2 seed=1819104 2026-07-22T17:19:51.386
ATTEMPT 221 W0 SOLVE 4x2 2026-07-22T17:19:51.394
ATTEMPT 221 W0 DONE 4x2 seed=1819104 nsol=16 0.02s 2026-07-22T17:19:51.410
ATTEMPT 222 W0 START 4x2 seed=1819105 2026-07-22T17:19:51.410
ATTEMPT 222 W0 SOLVE 4x2 2026-07-22T17:19:51.417
ATTEMPT 222 W0 DONE 4x2 seed=1819105 nsol=16 0.01s 2026-07-22T17:19:51.422
ATTEMPT 223 W0 START 4x2 seed=1819106 2026-07-22T17:19:51.422
ATTEMPT 223 W0 SOLVE 4x2 2026-07-22T17:19:51.434
ATTEMPT 223 W0 DONE 4x2 seed=1819106 nsol=16 0.01s 2026-07-22T17:19:51.443
ATTEMPT 224 W0 START 4x2 seed=1819107 2026-07-22T17:19:51.443
ATTEMPT 224 W0 SOLVE 4x2 2026-07-22T17:19:51.451
ATTEMPT 224 W0 DONE 4x2 seed=1819107 nsol=16 0.02s 2026-07-22T17:19:51.471
ATTEMPT 225 W0 START 4x2 seed=1819108 2026-07-22T17:19:51.471
ATTEMPT 225 W0 SOLVE 4x2 2026-07-22T17:19:51.477
ATTEMPT 225 W0 DONE 4x2 seed=1819108 nsol=16 0.01s 2026-07-22T17:19:51.491
ATTEMPT 226 W0 START 4x2 seed=1819109 2026-07-22T17:19:51.491
ATTEMPT 226 W0 SOLVE 4x2 2026-07-22T17:19:51.497
ATTEMPT 226 W0 DONE 4x2 seed=1819109 nsol=16 0.01s 2026-07-22T17:19:51.505
ATTEMPT 227 W0 START 4x2 seed=1819110 2026-07-22T17:19:51.505
ATTEMPT 227 W0 SOLVE 4x2 2026-07-22T17:19:51.510
ATTEMPT 227 W0 DONE 4x2 seed=1819110 nsol=16 0.00s 2026-07-22T17:19:51.515
ATTEMPT 228 W0 START 4x2 seed=1819111 2026-07-22T17:19:51.515
ATTEMPT 228 W0 SOLVE 4x2 2026-07-22T17:19:51.521
ATTEMPT 228 W0 DONE 4x2 seed=1819111 nsol=16 0.01s 2026-07-22T17:19:51.527
ATTEMPT 229 W0 START 4x2 seed=1819112 2026-07-22T17:19:51.527
ATTEMPT 229 W0 SOLVE 4x2 2026-07-22T17:19:51.536
ATTEMPT 229 W0 DONE 4x2 seed=1819112 nsol=16 0.01s 2026-07-22T17:19:51.547
ATTEMPT 230 W0 START 4x2 seed=1819113 2026-07-22T17:19:51.551
ATTEMPT 230 W0 SOLVE 4x2 2026-07-22T17:19:51.557
ATTEMPT 230 W0 DONE 4x2 seed=1819113 nsol=16 0.01s 2026-07-22T17:19:51.571
ATTEMPT 231 W0 START 4x2 seed=1819114 2026-07-22T17:19:51.571
ATTEMPT 231 W0 SOLVE 4x2 2026-07-22T17:19:51.577
ATTEMPT 231 W0 DONE 4x2 seed=1819114 nsol=16 0.01s 2026-07-22T17:19:51.582
ATTEMPT 232 W0 START 4x2 seed=1819115 2026-07-22T17:19:51.582
ATTEMPT 232 W0 SOLVE 4x2 2026-07-22T17:19:51.588
ATTEMPT 232 W0 DONE 4x2 seed=1819115 nsol=16 0.01s 2026-07-22T17:19:51.594
ATTEMPT 233 W0 START 4x2 seed=1819116 2026-07-22T17:19:51.594
ATTEMPT 233 W0 SOLVE 4x2 2026-07-22T17:19:51.602
ATTEMPT 233 W0 DONE 4x2 seed=1819116 nsol=16 0.01s 2026-07-22T17:19:51.608
ATTEMPT 234 W0 START 4x2 seed=1819117 2026-07-22T17:19:51.608
ATTEMPT 234 W0 SOLVE 4x2 2026-07-22T17:19:51.618
ATTEMPT 234 W0 DONE 4x2 seed=1819117 nsol=16 0.01s 2026-07-22T17:19:51.627
ATTEMPT 235 W0 START 4x2 seed=1819118 2026-07-22T17:19:51.627
ATTEMPT 235 W0 SOLVE 4x2 2026-07-22T17:19:51.637
ATTEMPT 235 W0 DONE 4x2 seed=1819118 nsol=16 0.08s 2026-07-22T17:19:51.713
ATTEMPT 236 W0 START 4x2 seed=1819119 2026-07-22T17:19:51.745
ATTEMPT 236 W0 SOLVE 4x2 2026-07-22T17:19:51.792
ATTEMPT 236 W0 DONE 4x2 seed=1819119 nsol=16 0.02s 2026-07-22T17:19:51.807
ATTEMPT 237 W0 START 4x2 seed=1819120 2026-07-22T17:19:51.807
ATTEMPT 237 W0 SOLVE 4x2 2026-07-22T17:19:51.817
ATTEMPT 237 W0 DONE 4x2 seed=1819120 nsol=16 0.01s 2026-07-22T17:19:51.831
ATTEMPT 238 W0 START 4x2 seed=1819121 2026-07-22T17:19:51.831
ATTEMPT 238 W0 SOLVE 4x2 2026-07-22T17:19:51.848
ATTEMPT 238 W0 DONE 4x2 seed=1819121 nsol=16 0.01s 2026-07-22T17:19:51.862
ATTEMPT 239 W0 START 4x2 seed=1819122 2026-07-22T17:19:51.862
ATTEMPT 239 W0 SOLVE 4x2 2026-07-22T17:19:51.872
ATTEMPT 239 W0 DONE 4x2 seed=1819122 nsol=16 0.01s 2026-07-22T17:19:51.883
ATTEMPT 240 W0 START 4x2 seed=1819123 2026-07-22T17:19:51.883
ATTEMPT 240 W0 SOLVE 4x2 2026-07-22T17:19:51.890
ATTEMPT 240 W0 DONE 4x2 seed=1819123 nsol=16 0.01s 2026-07-22T17:19:51.908
ATTEMPT 241 W0 START 4x2 seed=1819124 2026-07-22T17:19:51.908
ATTEMPT 241 W0 SOLVE 4x2 2026-07-22T17:19:51.918
ATTEMPT 241 W0 DONE 4x2 seed=1819124 nsol=16 0.01s 2026-07-22T17:19:51.935
ATTEMPT 242 W0 START 4x2 seed=1819125 2026-07-22T17:19:51.935
ATTEMPT 242 W0 SOLVE 4x2 2026-07-22T17:19:51.947
ATTEMPT 242 W0 DONE 4x2 seed=1819125 nsol=16 0.01s 2026-07-22T17:19:51.958
ATTEMPT 243 W0 START 4x2 seed=1819126 2026-07-22T17:19:51.958
ATTEMPT 243 W0 SOLVE 4x2 2026-07-22T17:19:51.970
ATTEMPT 243 W0 DONE 4x2 seed=1819126 nsol=16 0.02s 2026-07-22T17:19:51.992
ATTEMPT 244 W0 START 4x2 seed=1819127 2026-07-22T17:19:51.992
ATTEMPT 244 W0 SOLVE 4x2 2026-07-22T17:19:52
ATTEMPT 244 W0 DONE 4x2 seed=1819127 nsol=16 0.03s 2026-07-22T17:19:52.031
ATTEMPT 245 W0 START 4x2 seed=1819128 2026-07-22T17:19:52.032
ATTEMPT 245 W0 SOLVE 4x2 2026-07-22T17:19:52.039
ATTEMPT 245 W0 DONE 4x2 seed=1819128 nsol=16 0.02s 2026-07-22T17:19:52.055
ATTEMPT 246 W0 START 4x2 seed=1819129 2026-07-22T17:19:52.055
ATTEMPT 246 W0 SOLVE 4x2 2026-07-22T17:19:52.063
ATTEMPT 246 W0 DONE 4x2 seed=1819129 nsol=16 0.01s 2026-07-22T17:19:52.077
ATTEMPT 247 W0 START 4x2 seed=1819130 2026-07-22T17:19:52.077
ATTEMPT 247 W0 SOLVE 4x2 2026-07-22T17:19:52.082
ATTEMPT 247 W0 DONE 4x2 seed=1819130 nsol=16 0.01s 2026-07-22T17:19:52.091
ATTEMPT 248 W0 START 4x2 seed=1819131 2026-07-22T17:19:52.091
ATTEMPT 248 W0 SOLVE 4x2 2026-07-22T17:19:52.097
ATTEMPT 248 W0 DONE 4x2 seed=1819131 nsol=16 0.02s 2026-07-22T17:19:52.119
ATTEMPT 249 W0 START 4x2 seed=1819132 2026-07-22T17:19:52.119
ATTEMPT 249 W0 SOLVE 4x2 2026-07-22T17:19:52.127
ATTEMPT 249 W0 DONE 4x2 seed=1819132 nsol=16 0.01s 2026-07-22T17:19:52.141
ATTEMPT 250 W0 START 4x2 seed=1819133 2026-07-22T17:19:52.142
ATTEMPT 250 W0 SOLVE 4x2 2026-07-22T17:19:52.148
ATTEMPT 250 W0 DONE 4x2 seed=1819133 nsol=16 0.01s 2026-07-22T17:19:52.154
ATTEMPT 251 W0 START 4x2 seed=1819134 2026-07-22T17:19:52.154
ATTEMPT 251 W0 SOLVE 4x2 2026-07-22T17:19:52.161
ATTEMPT 251 W0 DONE 4x2 seed=1819134 nsol=16 0.01s 2026-07-22T17:19:52.175
ATTEMPT 252 W0 START 4x2 seed=1819135 2026-07-22T17:19:52.175
ATTEMPT 252 W0 SOLVE 4x2 2026-07-22T17:19:52.182
ATTEMPT 252 W0 DONE 4x2 seed=1819135 nsol=16 0.01s 2026-07-22T17:19:52.195
ATTEMPT 253 W0 START 4x2 seed=1819136 2026-07-22T17:19:52.195
ATTEMPT 253 W0 SOLVE 4x2 2026-07-22T17:19:52.203
ATTEMPT 253 W0 DONE 4x2 seed=1819136 nsol=16 0.01s 2026-07-22T17:19:52.211
ATTEMPT 254 W0 START 4x2 seed=1819137 2026-07-22T17:19:52.212
ATTEMPT 254 W0 SOLVE 4x2 2026-07-22T17:19:52.217
ATTEMPT 254 W0 DONE 4x2 seed=1819137 nsol=16 0.01s 2026-07-22T17:19:52.231
ATTEMPT 255 W0 START 4x2 seed=1819138 2026-07-22T17:19:52.231
ATTEMPT 255 W0 SOLVE 4x2 2026-07-22T17:19:52.237
ATTEMPT 255 W0 DONE 4x2 seed=1819138 nsol=16 0.01s 2026-07-22T17:19:52.251
ATTEMPT 256 W0 START 4x2 seed=1819139 2026-07-22T17:19:52.251
ATTEMPT 256 W0 SOLVE 4x2 2026-07-22T17:19:52.257
ATTEMPT 256 W0 DONE 4x2 seed=1819139 nsol=16 0.01s 2026-07-22T17:19:52.267
ATTEMPT 257 W0 START 4x2 seed=1819140 2026-07-22T17:19:52.268
ATTEMPT 257 W0 SOLVE 4x2 2026-07-22T17:19:52.274
ATTEMPT 257 W0 DONE 4x2 seed=1819140 nsol=16 0.01s 2026-07-22T17:19:52.282
ATTEMPT 258 W0 START 4x2 seed=1819141 2026-07-22T17:19:52.283
ATTEMPT 258 W0 SOLVE 4x2 2026-07-22T17:19:52.288
ATTEMPT 258 W0 DONE 4x2 seed=1819141 nsol=16 0.01s 2026-07-22T17:19:52.295
ATTEMPT 259 W0 START 4x2 seed=1819142 2026-07-22T17:19:52.296
ATTEMPT 259 W0 SOLVE 4x2 2026-07-22T17:19:52.303
ATTEMPT 259 W0 DONE 4x2 seed=1819142 nsol=16 0.02s 2026-07-22T17:19:52.324
ATTEMPT 260 W0 START 4x2 seed=1819143 2026-07-22T17:19:52.324
ATTEMPT 260 W0 SOLVE 4x2 2026-07-22T17:19:52.330
ATTEMPT 260 W0 DONE 4x2 seed=1819143 nsol=16 0.02s 2026-07-22T17:19:52.352
ATTEMPT 261 W0 START 4x2 seed=1819144 2026-07-22T17:19:52.352
ATTEMPT 261 W0 SOLVE 4x2 2026-07-22T17:19:52.358
ATTEMPT 261 W0 DONE 4x2 seed=1819144 nsol=16 0.00s 2026-07-22T17:19:52.363
ATTEMPT 262 W0 START 4x2 seed=1819145 2026-07-22T17:19:52.365
ATTEMPT 262 W0 SOLVE 4x2 2026-07-22T17:19:52.371
ATTEMPT 262 W0 DONE 4x2 seed=1819145 nsol=16 0.02s 2026-07-22T17:19:52.387
ATTEMPT 263 W0 START 4x2 seed=1819146 2026-07-22T17:19:52.387
ATTEMPT 263 W0 SOLVE 4x2 2026-07-22T17:19:52.394
ATTEMPT 263 W0 DONE 4x2 seed=1819146 nsol=16 0.01s 2026-07-22T17:19:52.408
ATTEMPT 264 W0 START 4x2 seed=1819147 2026-07-22T17:19:52.409
ATTEMPT 264 W0 SOLVE 4x2 2026-07-22T17:19:52.416
ATTEMPT 264 W0 DONE 4x2 seed=1819147 nsol=16 0.02s 2026-07-22T17:19:52.435
ATTEMPT 265 W0 START 4x2 seed=1819148 2026-07-22T17:19:52.435
ATTEMPT 265 W0 SOLVE 4x2 2026-07-22T17:19:52.453
ATTEMPT 265 W0 DONE 4x2 seed=1819148 nsol=16 0.01s 2026-07-22T17:19:52.465
ATTEMPT 266 W0 START 4x2 seed=1819149 2026-07-22T17:19:52.465
ATTEMPT 266 W0 SOLVE 4x2 2026-07-22T17:19:52.471
ATTEMPT 266 W0 DONE 4x2 seed=1819149 nsol=16 0.02s 2026-07-22T17:19:52.493
ATTEMPT 267 W0 START 4x2 seed=1819150 2026-07-22T17:19:52.493
ATTEMPT 267 W0 SOLVE 4x2 2026-07-22T17:19:52.498
ATTEMPT 267 W0 DONE 4x2 seed=1819150 nsol=16 0.02s 2026-07-22T17:19:52.521
ATTEMPT 268 W0 START 4x2 seed=1819151 2026-07-22T17:19:52.521
ATTEMPT 268 W0 SOLVE 4x2 2026-07-22T17:19:52.528
ATTEMPT 268 W0 DONE 4x2 seed=1819151 nsol=16 0.01s 2026-07-22T17:19:52.539
ATTEMPT 269 W0 START 4x2 seed=1819152 2026-07-22T17:19:52.539
ATTEMPT 269 W0 SOLVE 4x2 2026-07-22T17:19:52.553
ATTEMPT 269 W0 DONE 4x2 seed=1819152 nsol=16 0.01s 2026-07-22T17:19:52.568
ATTEMPT 270 W0 START 4x2 seed=1819153 2026-07-22T17:19:52.568
ATTEMPT 270 W0 SOLVE 4x2 2026-07-22T17:19:52.574
ATTEMPT 270 W0 DONE 4x2 seed=1819153 nsol=16 0.01s 2026-07-22T17:19:52.587
ATTEMPT 271 W0 START 4x2 seed=1819154 2026-07-22T17:19:52.587
ATTEMPT 271 W0 SOLVE 4x2 2026-07-22T17:19:52.594
ATTEMPT 271 W0 DONE 4x2 seed=1819154 nsol=16 0.01s 2026-07-22T17:19:52.607
ATTEMPT 272 W0 START 4x2 seed=1819155 2026-07-22T17:19:52.607
ATTEMPT 272 W0 SOLVE 4x2 2026-07-22T17:19:52.613
ATTEMPT 272 W0 DONE 4x2 seed=1819155 nsol=16 0.01s 2026-07-22T17:19:52.624
ATTEMPT 273 W0 START 4x2 seed=1819156 2026-07-22T17:19:52.624
ATTEMPT 273 W0 SOLVE 4x2 2026-07-22T17:19:52.630
ATTEMPT 273 W0 DONE 4x2 seed=1819156 nsol=16 0.01s 2026-07-22T17:19:52.639
ATTEMPT 274 W0 START 4x2 seed=1819157 2026-07-22T17:19:52.639
ATTEMPT 274 W0 SOLVE 4x2 2026-07-22T17:19:52.647
ATTEMPT 274 W0 DONE 4x2 seed=1819157 nsol=16 0.68s 2026-07-22T17:19:53.327
ATTEMPT 275 W0 START 4x2 seed=1819158 2026-07-22T17:19:53.327
ATTEMPT 275 W0 SOLVE 4x2 2026-07-22T17:19:53.344
ATTEMPT 275 W0 DONE 4x2 seed=1819158 nsol=16 0.02s 2026-07-22T17:19:53.364
ATTEMPT 276 W0 START 4x2 seed=1819159 2026-07-22T17:19:53.365
ATTEMPT 276 W0 SOLVE 4x2 2026-07-22T17:19:53.372
ATTEMPT 276 W0 DONE 4x2 seed=1819159 nsol=16 0.01s 2026-07-22T17:19:53.381
ATTEMPT 277 W0 START 4x2 seed=1819160 2026-07-22T17:19:53.382
ATTEMPT 277 W0 SOLVE 4x2 2026-07-22T17:19:53.388
ATTEMPT 277 W0 DONE 4x2 seed=1819160 nsol=16 0.00s 2026-07-22T17:19:53.393
ATTEMPT 278 W0 START 4x2 seed=1819161 2026-07-22T17:19:53.393
ATTEMPT 278 W0 SOLVE 4x2 2026-07-22T17:19:53.399
ATTEMPT 278 W0 DONE 4x2 seed=1819161 nsol=16 0.01s 2026-07-22T17:19:53.411
ATTEMPT 279 W0 START 4x2 seed=1819162 2026-07-22T17:19:53.411
ATTEMPT 279 W0 SOLVE 4x2 2026-07-22T17:19:53.418
ATTEMPT 279 W0 DONE 4x2 seed=1819162 nsol=16 0.01s 2026-07-22T17:19:53.430
ATTEMPT 280 W0 START 4x2 seed=1819163 2026-07-22T17:19:53.430
ATTEMPT 280 W0 SOLVE 4x2 2026-07-22T17:19:53.436
ATTEMPT 280 W0 DONE 4x2 seed=1819163 nsol=16 0.01s 2026-07-22T17:19:53.447
ATTEMPT 281 W0 START 4x2 seed=1819164 2026-07-22T17:19:53.447
ATTEMPT 281 W0 SOLVE 4x2 2026-07-22T17:19:53.453
ATTEMPT 281 W0 DONE 4x2 seed=1819164 nsol=16 0.01s 2026-07-22T17:19:53.467
ATTEMPT 282 W0 START 4x2 seed=1819165 2026-07-22T17:19:53.467
ATTEMPT 282 W0 SOLVE 4x2 2026-07-22T17:19:53.472
ATTEMPT 282 W0 DONE 4x2 seed=1819165 nsol=16 0.01s 2026-07-22T17:19:53.483
ATTEMPT 283 W0 START 4x2 seed=1819166 2026-07-22T17:19:53.483
ATTEMPT 283 W0 SOLVE 4x2 2026-07-22T17:19:53.491
ATTEMPT 283 W0 DONE 4x2 seed=1819166 nsol=16 0.01s 2026-07-22T17:19:53.504
ATTEMPT 284 W0 START 4x2 seed=1819167 2026-07-22T17:19:53.505
ATTEMPT 284 W0 SOLVE 4x2 2026-07-22T17:19:53.513
ATTEMPT 284 W0 DONE 4x2 seed=1819167 nsol=16 0.01s 2026-07-22T17:19:53.519
ATTEMPT 285 W0 START 4x2 seed=1819168 2026-07-22T17:19:53.520
ATTEMPT 285 W0 SOLVE 4x2 2026-07-22T17:19:53.528
ATTEMPT 285 W0 DONE 4x2 seed=1819168 nsol=16 0.01s 2026-07-22T17:19:53.542
ATTEMPT 286 W0 START 4x2 seed=1819169 2026-07-22T17:19:53.542
ATTEMPT 286 W0 SOLVE 4x2 2026-07-22T17:19:53.549
ATTEMPT 286 W0 DONE 4x2 seed=1819169 nsol=16 0.01s 2026-07-22T17:19:53.562
ATTEMPT 287 W0 START 4x2 seed=1819170 2026-07-22T17:19:53.562
ATTEMPT 287 W0 SOLVE 4x2 2026-07-22T17:19:53.567
ATTEMPT 287 W0 DONE 4x2 seed=1819170 nsol=16 0.01s 2026-07-22T17:19:53.573
ATTEMPT 288 W0 START 4x2 seed=1819171 2026-07-22T17:19:53.573
ATTEMPT 288 W0 SOLVE 4x2 2026-07-22T17:19:53.580
ATTEMPT 288 W0 DONE 4x2 seed=1819171 nsol=16 0.01s 2026-07-22T17:19:53.592
ATTEMPT 289 W0 START 4x2 seed=1819172 2026-07-22T17:19:53.593
ATTEMPT 289 W0 SOLVE 4x2 2026-07-22T17:19:53.601
ATTEMPT 289 W0 DONE 4x2 seed=1819172 nsol=16 0.00s 2026-07-22T17:19:53.606
ATTEMPT 290 W0 START 4x2 seed=1819173 2026-07-22T17:19:53.606
ATTEMPT 290 W0 SOLVE 4x2 2026-07-22T17:19:53.612
ATTEMPT 290 W0 DONE 4x2 seed=1819173 nsol=16 0.02s 2026-07-22T17:19:53.631
ATTEMPT 291 W0 START 4x2 seed=1819174 2026-07-22T17:19:53.631
ATTEMPT 291 W0 SOLVE 4x2 2026-07-22T17:19:53.637
ATTEMPT 291 W0 DONE 4x2 seed=1819174 nsol=16 0.01s 2026-07-22T17:19:53.649
ATTEMPT 292 W0 START 4x2 seed=1819175 2026-07-22T17:19:53.649
ATTEMPT 292 W0 SOLVE 4x2 2026-07-22T17:19:53.655
ATTEMPT 292 W0 DONE 4x2 seed=1819175 nsol=16 0.01s 2026-07-22T17:19:53.661
ATTEMPT 293 W0 START 4x2 seed=1819176 2026-07-22T17:19:53.661
ATTEMPT 293 W0 SOLVE 4x2 2026-07-22T17:19:53.666
ATTEMPT 293 W0 DONE 4x2 seed=1819176 nsol=16 0.01s 2026-07-22T17:19:53.680
ATTEMPT 294 W0 START 4x2 seed=1819177 2026-07-22T17:19:53.680
ATTEMPT 294 W0 SOLVE 4x2 2026-07-22T17:19:53.686
ATTEMPT 294 W0 DONE 4x2 seed=1819177 nsol=16 0.01s 2026-07-22T17:19:53.697
ATTEMPT 295 W0 START 4x2 seed=1819178 2026-07-22T17:19:53.698
ATTEMPT 295 W0 SOLVE 4x2 2026-07-22T17:19:53.704
ATTEMPT 295 W0 DONE 4x2 seed=1819178 nsol=16 0.01s 2026-07-22T17:19:53.711
ATTEMPT 296 W0 START 4x2 seed=1819179 2026-07-22T17:19:53.711
ATTEMPT 296 W0 SOLVE 4x2 2026-07-22T17:19:53.720
ATTEMPT 296 W0 DONE 4x2 seed=1819179 nsol=16 0.38s 2026-07-22T17:19:54.104
ATTEMPT 297 W0 START 4x2 seed=1819180 2026-07-22T17:19:54.106
ATTEMPT 297 W0 SOLVE 4x2 2026-07-22T17:19:54.119
ATTEMPT 297 W0 DONE 4x2 seed=1819180 nsol=16 0.01s 2026-07-22T17:19:54.128
ATTEMPT 298 W0 START 4x2 seed=1819181 2026-07-22T17:19:54.128
ATTEMPT 298 W0 SOLVE 4x2 2026-07-22T17:19:54.138
ATTEMPT 298 W0 DONE 4x2 seed=1819181 nsol=16 0.01s 2026-07-22T17:19:54.148
ATTEMPT 299 W0 START 4x2 seed=1819182 2026-07-22T17:19:54.149
ATTEMPT 299 W0 SOLVE 4x2 2026-07-22T17:19:54.155
ATTEMPT 299 W0 DONE 4x2 seed=1819182 nsol=16 0.01s 2026-07-22T17:19:54.167
ATTEMPT 300 W0 START 4x2 seed=1819183 2026-07-22T17:19:54.167
ATTEMPT 300 W0 SOLVE 4x2 2026-07-22T17:19:54.173
ATTEMPT 300 W0 DONE 4x2 seed=1819183 nsol=16 0.01s 2026-07-22T17:19:54.182
ATTEMPT 301 W0 START 4x2 seed=1819184 2026-07-22T17:19:54.182
ATTEMPT 301 W0 SOLVE 4x2 2026-07-22T17:19:54.189
ATTEMPT 301 W0 DONE 4x2 seed=1819184 nsol=16 0.01s 2026-07-22T17:19:54.196
ATTEMPT 302 W0 START 4x2 seed=1819185 2026-07-22T17:19:54.196
ATTEMPT 302 W0 SOLVE 4x2 2026-07-22T17:19:54.202
ATTEMPT 302 W0 DONE 4x2 seed=1819185 nsol=16 0.01s 2026-07-22T17:19:54.215
ATTEMPT 303 W0 START 4x2 seed=1819186 2026-07-22T17:19:54.215
ATTEMPT 303 W0 SOLVE 4x2 2026-07-22T17:19:54.221
ATTEMPT 303 W0 DONE 4x2 seed=1819186 nsol=16 0.01s 2026-07-22T17:19:54.233
ATTEMPT 304 W0 START 4x2 seed=1819187 2026-07-22T17:19:54.234
ATTEMPT 304 W0 SOLVE 4x2 2026-07-22T17:19:54.242
ATTEMPT 304 W0 DONE 4x2 seed=1819187 nsol=16 0.01s 2026-07-22T17:19:54.249
ATTEMPT 305 W0 START 4x2 seed=1819188 2026-07-22T17:19:54.249
ATTEMPT 305 W0 SOLVE 4x2 2026-07-22T17:19:54.257
ATTEMPT 305 W0 DONE 4x2 seed=1819188 nsol=16 0.01s 2026-07-22T17:19:54.271
ATTEMPT 306 W0 START 4x2 seed=1819189 2026-07-22T17:19:54.272
ATTEMPT 306 W0 SOLVE 4x2 2026-07-22T17:19:54.280
ATTEMPT 306 W0 DONE 4x2 seed=1819189 nsol=16 0.01s 2026-07-22T17:19:54.286
ATTEMPT 307 W0 START 4x2 seed=1819190 2026-07-22T17:19:54.287
ATTEMPT 307 W0 SOLVE 4x2 2026-07-22T17:19:54.295
ATTEMPT 307 W0 DONE 4x2 seed=1819190 nsol=16 0.01s 2026-07-22T17:19:54.303
ATTEMPT 308 W0 START 4x2 seed=1819191 2026-07-22T17:19:54.303
ATTEMPT 308 W0 SOLVE 4x2 2026-07-22T17:19:54.309
ATTEMPT 308 W0 DONE 4x2 seed=1819191 nsol=16 0.01s 2026-07-22T17:19:54.319
ATTEMPT 309 W0 START 4x2 seed=1819192 2026-07-22T17:19:54.319
ATTEMPT 309 W0 SOLVE 4x2 2026-07-22T17:19:54.332
ATTEMPT 309 W0 DONE 4x2 seed=1819192 nsol=16 0.02s 2026-07-22T17:19:54.348
ATTEMPT 310 W0 START 4x2 seed=1819193 2026-07-22T17:19:54.348
ATTEMPT 310 W0 SOLVE 4x2 2026-07-22T17:19:54.361
ATTEMPT 310 W0 DONE 4x2 seed=1819193 nsol=16 0.02s 2026-07-22T17:19:54.377
ATTEMPT 311 W0 START 4x2 seed=1819194 2026-07-22T17:19:54.377
ATTEMPT 311 W0 SOLVE 4x2 2026-07-22T17:19:54.390
ATTEMPT 311 W0 DONE 4x2 seed=1819194 nsol=16 0.01s 2026-07-22T17:19:54.405
ATTEMPT 312 W0 START 4x2 seed=1819195 2026-07-22T17:19:54.405
ATTEMPT 312 W0 SOLVE 4x2 2026-07-22T17:19:54.416
ATTEMPT 312 W0 DONE 4x2 seed=1819195 nsol=16 0.00s 2026-07-22T17:19:54.421
ATTEMPT 313 W0 START 4x2 seed=1819196 2026-07-22T17:19:54.421
ATTEMPT 313 W0 SOLVE 4x2 2026-07-22T17:19:54.426
ATTEMPT 313 W0 DONE 4x2 seed=1819196 nsol=16 0.01s 2026-07-22T17:19:54.433
ATTEMPT 314 W0 START 4x2 seed=1819197 2026-07-22T17:19:54.434
ATTEMPT 314 W0 SOLVE 4x2 2026-07-22T17:19:54.441
ATTEMPT 314 W0 DONE 4x2 seed=1819197 nsol=16 0.01s 2026-07-22T17:19:54.450
ATTEMPT 315 W0 START 4x2 seed=1819198 2026-07-22T17:19:54.450
ATTEMPT 315 W0 SOLVE 4x2 2026-07-22T17:19:54.457
ATTEMPT 315 W0 DONE 4x2 seed=1819198 nsol=16 0.01s 2026-07-22T17:19:54.466
ATTEMPT 316 W0 START 4x2 seed=1819199 2026-07-22T17:19:54.467
ATTEMPT 316 W0 SOLVE 4x2 2026-07-22T17:19:54.472
ATTEMPT 316 W0 DONE 4x2 seed=1819199 nsol=16 0.01s 2026-07-22T17:19:54.478
ATTEMPT 317 W0 START 4x2 seed=1819200 2026-07-22T17:19:54.478
ATTEMPT 317 W0 SOLVE 4x2 2026-07-22T17:19:54.486
ATTEMPT 317 W0 DONE 4x2 seed=1819200 nsol=16 0.02s 2026-07-22T17:19:54.503
ATTEMPT 318 W0 START 4x2 seed=1819201 2026-07-22T17:19:54.503
ATTEMPT 318 W0 SOLVE 4x2 2026-07-22T17:19:54.509
ATTEMPT 318 W0 DONE 4x2 seed=1819201 nsol=16 0.01s 2026-07-22T17:19:54.519
ATTEMPT 319 W0 START 4x2 seed=1819202 2026-07-22T17:19:54.519
ATTEMPT 319 W0 SOLVE 4x2 2026-07-22T17:19:54.525
ATTEMPT 319 W0 DONE 4x2 seed=1819202 nsol=16 0.01s 2026-07-22T17:19:54.532
ATTEMPT 320 W0 START 4x2 seed=1819203 2026-07-22T17:19:54.532
ATTEMPT 320 W0 SOLVE 4x2 2026-07-22T17:19:54.540
ATTEMPT 320 W0 DONE 4x2 seed=1819203 nsol=16 0.01s 2026-07-22T17:19:54.551
ATTEMPT 321 W0 START 4x2 seed=1819204 2026-07-22T17:19:54.551
ATTEMPT 321 W0 SOLVE 4x2 2026-07-22T17:19:54.559
ATTEMPT 321 W0 DONE 4x2 seed=1819204 nsol=16 0.01s 2026-07-22T17:19:54.573
ATTEMPT 322 W0 START 4x2 seed=1819205 2026-07-22T17:19:54.573
ATTEMPT 322 W0 SOLVE 4x2 2026-07-22T17:19:54.579
ATTEMPT 322 W0 DONE 4x2 seed=1819205 nsol=16 0.01s 2026-07-22T17:19:54.589
ATTEMPT 323 W0 START 4x2 seed=1819206 2026-07-22T17:19:54.589
ATTEMPT 323 W0 SOLVE 4x2 2026-07-22T17:19:54.597
ATTEMPT 323 W0 DONE 4x2 seed=1819206 nsol=16 0.01s 2026-07-22T17:19:54.607
ATTEMPT 324 W0 START 4x2 seed=1819207 2026-07-22T17:19:54.607
ATTEMPT 324 W0 SOLVE 4x2 2026-07-22T17:19:54.613
ATTEMPT 324 W0 DONE 4x2 seed=1819207 nsol=16 0.01s 2026-07-22T17:19:54.623
ATTEMPT 325 W0 START 4x2 seed=1819208 2026-07-22T17:19:54.623
ATTEMPT 325 W0 SOLVE 4x2 2026-07-22T17:19:54.629
ATTEMPT 325 W0 DONE 4x2 seed=1819208 nsol=16 0.01s 2026-07-22T17:19:54.639
ATTEMPT 326 W0 START 4x2 seed=1819209 2026-07-22T17:19:54.639
ATTEMPT 326 W0 SOLVE 4x2 2026-07-22T17:19:54.646
ATTEMPT 326 W0 DONE 4x2 seed=1819209 nsol=16 0.01s 2026-07-22T17:19:54.658
ATTEMPT 327 W0 START 4x2 seed=1819210 2026-07-22T17:19:54.658
ATTEMPT 327 W0 SOLVE 4x2 2026-07-22T17:19:54.665
ATTEMPT 327 W0 DONE 4x2 seed=1819210 nsol=16 0.02s 2026-07-22T17:19:54.682
ATTEMPT 328 W0 START 4x2 seed=1819211 2026-07-22T17:19:54.682
ATTEMPT 328 W0 SOLVE 4x2 2026-07-22T17:19:54.687
ATTEMPT 328 W0 DONE 4x2 seed=1819211 nsol=16 0.01s 2026-07-22T17:19:54.700
ATTEMPT 329 W0 START 4x2 seed=1819212 2026-07-22T17:19:54.700
ATTEMPT 329 W0 SOLVE 4x2 2026-07-22T17:19:54.706
ATTEMPT 329 W0 DONE 4x2 seed=1819212 nsol=16 0.01s 2026-07-22T17:19:54.715
ATTEMPT 330 W0 START 4x2 seed=1819213 2026-07-22T17:19:54.715
ATTEMPT 330 W0 SOLVE 4x2 2026-07-22T17:19:54.726
ATTEMPT 330 W0 DONE 4x2 seed=1819213 nsol=16 0.01s 2026-07-22T17:19:54.743
ATTEMPT 331 W0 START 4x2 seed=1819214 2026-07-22T17:19:54.744
ATTEMPT 331 W0 SOLVE 4x2 2026-07-22T17:19:54.751
ATTEMPT 331 W0 DONE 4x2 seed=1819214 nsol=16 0.02s 2026-07-22T17:19:54.767
ATTEMPT 332 W0 START 4x2 seed=1819215 2026-07-22T17:19:54.767
ATTEMPT 332 W0 SOLVE 4x2 2026-07-22T17:19:54.772
ATTEMPT 332 W0 DONE 4x2 seed=1819215 nsol=16 0.01s 2026-07-22T17:19:54.787
ATTEMPT 333 W0 START 4x2 seed=1819216 2026-07-22T17:19:54.787
ATTEMPT 333 W0 SOLVE 4x2 2026-07-22T17:19:54.793
ATTEMPT 333 W0 DONE 4x2 seed=1819216 nsol=16 0.01s 2026-07-22T17:19:54.807
ATTEMPT 334 W0 START 4x2 seed=1819217 2026-07-22T17:19:54.807
ATTEMPT 334 W0 SOLVE 4x2 2026-07-22T17:19:54.815
ATTEMPT 334 W0 DONE 4x2 seed=1819217 nsol=16 0.01s 2026-07-22T17:19:54.829
ATTEMPT 335 W0 START 4x2 seed=1819218 2026-07-22T17:19:54.830
ATTEMPT 335 W0 SOLVE 4x2 2026-07-22T17:19:54.835
ATTEMPT 335 W0 DONE 4x2 seed=1819218 nsol=16 0.01s 2026-07-22T17:19:54.841
ATTEMPT 336 W0 START 4x2 seed=1819219 2026-07-22T17:19:54.841
ATTEMPT 336 W0 SOLVE 4x2 2026-07-22T17:19:54.848
ATTEMPT 336 W0 DONE 4x2 seed=1819219 nsol=16 0.02s 2026-07-22T17:19:54.866
ATTEMPT 337 W0 START 4x2 seed=1819220 2026-07-22T17:19:54.867
ATTEMPT 337 W0 SOLVE 4x2 2026-07-22T17:19:54.873
ATTEMPT 337 W0 DONE 4x2 seed=1819220 nsol=16 0.01s 2026-07-22T17:19:54.886
ATTEMPT 338 W0 START 4x2 seed=1819221 2026-07-22T17:19:54.887
ATTEMPT 338 W0 SOLVE 4x2 2026-07-22T17:19:54.893
ATTEMPT 338 W0 DONE 4x2 seed=1819221 nsol=16 0.01s 2026-07-22T17:19:54.907
ATTEMPT 339 W0 START 4x2 seed=1819222 2026-07-22T17:19:54.907
ATTEMPT 339 W0 SOLVE 4x2 2026-07-22T17:19:54.914
ATTEMPT 339 W0 DONE 4x2 seed=1819222 nsol=16 0.01s 2026-07-22T17:19:54.927
ATTEMPT 340 W0 START 4x2 seed=1819223 2026-07-22T17:19:54.927
ATTEMPT 340 W0 SOLVE 4x2 2026-07-22T17:19:54.935
ATTEMPT 340 W0 DONE 4x2 seed=1819223 nsol=16 0.01s 2026-07-22T17:19:54.943
ATTEMPT 341 W0 START 4x2 seed=1819224 2026-07-22T17:19:54.944
ATTEMPT 341 W0 SOLVE 4x2 2026-07-22T17:19:54.954
ATTEMPT 341 W0 DONE 4x2 seed=1819224 nsol=16 0.02s 2026-07-22T17:19:54.973
ATTEMPT 342 W0 START 4x2 seed=1819225 2026-07-22T17:19:54.974
ATTEMPT 342 W0 SOLVE 4x2 2026-07-22T17:19:54.984
ATTEMPT 342 W0 DONE 4x2 seed=1819225 nsol=16 1.16s 2026-07-22T17:19:56.143
ATTEMPT 343 W0 START 4x2 seed=1819226 2026-07-22T17:19:56.143
ATTEMPT 343 W0 SOLVE 4x2 2026-07-22T17:19:56.154
ATTEMPT 343 W0 DONE 4x2 seed=1819226 nsol=16 0.01s 2026-07-22T17:19:56.166
ATTEMPT 344 W0 START 4x2 seed=1819227 2026-07-22T17:19:56.167
ATTEMPT 344 W0 SOLVE 4x2 2026-07-22T17:19:56.172
ATTEMPT 344 W0 DONE 4x2 seed=1819227 nsol=16 0.01s 2026-07-22T17:19:56.187
ATTEMPT 345 W0 START 4x2 seed=1819228 2026-07-22T17:19:56.188
ATTEMPT 345 W0 SOLVE 4x2 2026-07-22T17:19:56.205
ATTEMPT 345 W0 DONE 4x2 seed=1819228 nsol=16 0.01s 2026-07-22T17:19:56.217
ATTEMPT 346 W0 START 4x2 seed=1819229 2026-07-22T17:19:56.218
ATTEMPT 346 W0 SOLVE 4x2 2026-07-22T17:19:56.233
ATTEMPT 346 W0 DONE 4x2 seed=1819229 nsol=16 0.01s 2026-07-22T17:19:56.245
ATTEMPT 347 W0 START 4x2 seed=1819230 2026-07-22T17:19:56.245
ATTEMPT 347 W0 SOLVE 4x2 2026-07-22T17:19:56.254
ATTEMPT 347 W0 DONE 4x2 seed=1819230 nsol=16 0.02s 2026-07-22T17:19:56.279
ATTEMPT 348 W0 START 4x2 seed=1819231 2026-07-22T17:19:56.280
ATTEMPT 348 W0 SOLVE 4x2 2026-07-22T17:19:56.292
ATTEMPT 348 W0 DONE 4x2 seed=1819231 nsol=16 2.05s 2026-07-22T17:19:58.347
ATTEMPT 349 W0 START 4x2 seed=1819232 2026-07-22T17:19:58.347
ATTEMPT 349 W0 SOLVE 4x2 2026-07-22T17:19:58.354
ATTEMPT 349 W0 DONE 4x2 seed=1819232 nsol=16 0.01s 2026-07-22T17:19:58.365
ATTEMPT 350 W0 START 4x2 seed=1819233 2026-07-22T17:19:58.365
ATTEMPT 350 W0 SOLVE 4x2 2026-07-22T17:19:58.371
ATTEMPT 350 W0 DONE 4x2 seed=1819233 nsol=16 0.01s 2026-07-22T17:19:58.377
ATTEMPT 351 W0 START 4x2 seed=1819234 2026-07-22T17:19:58.377
ATTEMPT 351 W0 SOLVE 4x2 2026-07-22T17:19:58.384
ATTEMPT 351 W0 DONE 4x2 seed=1819234 nsol=16 0.01s 2026-07-22T17:19:58.395
ATTEMPT 352 W0 START 4x2 seed=1819235 2026-07-22T17:19:58.395
ATTEMPT 352 W0 SOLVE 4x2 2026-07-22T17:19:58.403
ATTEMPT 352 W0 DONE 4x2 seed=1819235 nsol=16 0.03s 2026-07-22T17:19:58.435
ATTEMPT 353 W0 START 4x2 seed=1819236 2026-07-22T17:19:58.435
ATTEMPT 353 W0 SOLVE 4x2 2026-07-22T17:19:58.440
ATTEMPT 353 W0 DONE 4x2 seed=1819236 nsol=16 0.01s 2026-07-22T17:19:58.455
ATTEMPT 354 W0 START 4x2 seed=1819237 2026-07-22T17:19:58.455
ATTEMPT 354 W0 SOLVE 4x2 2026-07-22T17:19:58.465
ATTEMPT 354 W0 DONE 4x2 seed=1819237 nsol=16 0.01s 2026-07-22T17:19:58.475
ATTEMPT 355 W0 START 4x2 seed=1819238 2026-07-22T17:19:58.475
ATTEMPT 355 W0 SOLVE 4x2 2026-07-22T17:19:58.480
ATTEMPT 355 W0 DONE 4x2 seed=1819238 nsol=16 0.32s 2026-07-22T17:19:58.803
ATTEMPT 356 W0 START 4x2 seed=1819239 2026-07-22T17:19:58.803
ATTEMPT 356 W0 SOLVE 4x2 2026-07-22T17:19:58.809
ATTEMPT 356 W0 DONE 4x2 seed=1819239 nsol=16 0.01s 2026-07-22T17:19:58.821
ATTEMPT 357 W0 START 4x2 seed=1819240 2026-07-22T17:19:58.821
ATTEMPT 357 W0 SOLVE 4x2 2026-07-22T17:19:58.833
ATTEMPT 357 W0 DONE 4x2 seed=1819240 nsol=16 0.01s 2026-07-22T17:19:58.847
ATTEMPT 358 W0 START 4x2 seed=1819241 2026-07-22T17:19:58.848
ATTEMPT 358 W0 SOLVE 4x2 2026-07-22T17:19:58.864
ATTEMPT 358 W0 DONE 4x2 seed=1819241 nsol=16 0.03s 2026-07-22T17:19:58.891
ATTEMPT 359 W0 START 4x2 seed=1819242 2026-07-22T17:19:58.891
ATTEMPT 359 W0 SOLVE 4x2 2026-07-22T17:19:58.902
ATTEMPT 359 W0 DONE 4x2 seed=1819242 nsol=16 0.02s 2026-07-22T17:19:58.924
ATTEMPT 360 W0 START 4x2 seed=1819243 2026-07-22T17:19:58.924
ATTEMPT 360 W0 SOLVE 4x2 2026-07-22T17:19:58.929
ATTEMPT 360 W0 DONE 4x2 seed=1819243 nsol=16 0.01s 2026-07-22T17:19:58.948
ATTEMPT 361 W0 START 4x2 seed=1819244 2026-07-22T17:19:58.948
ATTEMPT 361 W0 SOLVE 4x2 2026-07-22T17:19:58.981
ATTEMPT 361 W0 DONE 4x2 seed=1819244 nsol=16 0.02s 2026-07-22T17:19:58.998
ATTEMPT 362 W0 START 4x2 seed=1819245 2026-07-22T17:19:58.999
ATTEMPT 362 W0 SOLVE 4x2 2026-07-22T17:19:59.016
ATTEMPT 362 W0 DONE 4x2 seed=1819245 nsol=16 0.03s 2026-07-22T17:19:59.043
ATTEMPT 363 W0 START 4x2 seed=1819246 2026-07-22T17:19:59.043
ATTEMPT 363 W0 SOLVE 4x2 2026-07-22T17:19:59.053
ATTEMPT 363 W0 DONE 4x2 seed=1819246 nsol=16 0.01s 2026-07-22T17:19:59.075
ATTEMPT 364 W0 START 4x2 seed=1819247 2026-07-22T17:19:59.075
ATTEMPT 364 W0 SOLVE 4x2 2026-07-22T17:19:59.085
ATTEMPT 364 W0 DONE 4x2 seed=1819247 nsol=16 0.01s 2026-07-22T17:19:59.100
ATTEMPT 365 W0 START 4x2 seed=1819248 2026-07-22T17:19:59.100
ATTEMPT 365 W0 SOLVE 4x2 2026-07-22T17:19:59.110
ATTEMPT 365 W0 DONE 4x2 seed=1819248 nsol=16 0.03s 2026-07-22T17:19:59.143
ATTEMPT 366 W0 START 4x2 seed=1819249 2026-07-22T17:19:59.143
ATTEMPT 366 W0 SOLVE 4x2 2026-07-22T17:19:59.149
ATTEMPT 366 W0 DONE 4x2 seed=1819249 nsol=16 0.01s 2026-07-22T17:19:59.162
ATTEMPT 367 W0 START 4x2 seed=1819250 2026-07-22T17:19:59.162
ATTEMPT 367 W0 SOLVE 4x2 2026-07-22T17:19:59.174
ATTEMPT 367 W0 DONE 4x2 seed=1819250 nsol=16 0.02s 2026-07-22T17:19:59.196
ATTEMPT 368 W0 START 4x2 seed=1819251 2026-07-22T17:19:59.196
ATTEMPT 368 W0 SOLVE 4x2 2026-07-22T17:19:59.202
ATTEMPT 368 W0 DONE 4x2 seed=1819251 nsol=16 0.01s 2026-07-22T17:19:59.215
ATTEMPT 369 W0 START 4x2 seed=1819252 2026-07-22T17:19:59.215
ATTEMPT 369 W0 SOLVE 4x2 2026-07-22T17:19:59.229
ATTEMPT 369 W0 DONE 4x2 seed=1819252 nsol=16 0.03s 2026-07-22T17:19:59.256
ATTEMPT 370 W0 START 4x2 seed=1819253 2026-07-22T17:19:59.256
ATTEMPT 370 W0 SOLVE 4x2 2026-07-22T17:19:59.266
ATTEMPT 370 W0 DONE 4x2 seed=1819253 nsol=16 0.01s 2026-07-22T17:19:59.276
ATTEMPT 371 W0 START 4x2 seed=1819254 2026-07-22T17:19:59.276
ATTEMPT 371 W0 SOLVE 4x2 2026-07-22T17:19:59.286
ATTEMPT 371 W0 DONE 4x2 seed=1819254 nsol=16 0.01s 2026-07-22T17:19:59.298
ATTEMPT 372 W0 START 4x2 seed=1819255 2026-07-22T17:19:59.298
ATTEMPT 372 W0 SOLVE 4x2 2026-07-22T17:19:59.312
ATTEMPT 372 W0 DONE 4x2 seed=1819255 nsol=16 0.02s 2026-07-22T17:19:59.331
ATTEMPT 373 W0 START 4x2 seed=1819256 2026-07-22T17:19:59.331
ATTEMPT 373 W0 SOLVE 4x2 2026-07-22T17:19:59.342
ATTEMPT 373 W0 DONE 4x2 seed=1819256 nsol=16 0.02s 2026-07-22T17:19:59.359
ATTEMPT 374 W0 START 4x2 seed=1819257 2026-07-22T17:19:59.359
ATTEMPT 374 W0 SOLVE 4x2 2026-07-22T17:19:59.374
ATTEMPT 374 W0 DONE 4x2 seed=1819257 nsol=16 0.03s 2026-07-22T17:19:59.403
ATTEMPT 375 W0 START 4x2 seed=1819258 2026-07-22T17:19:59.403
ATTEMPT 375 W0 SOLVE 4x2 2026-07-22T17:19:59.415
ATTEMPT 375 W0 DONE 4x2 seed=1819258 nsol=16 0.01s 2026-07-22T17:19:59.426
ATTEMPT 376 W0 START 4x2 seed=1819259 2026-07-22T17:19:59.427
ATTEMPT 376 W0 SOLVE 4x2 2026-07-22T17:19:59.442
ATTEMPT 376 W0 DONE 4x2 seed=1819259 nsol=16 0.02s 2026-07-22T17:19:59.464
ATTEMPT 377 W0 START 4x2 seed=1819260 2026-07-22T17:19:59.464
ATTEMPT 377 W0 SOLVE 4x2 2026-07-22T17:19:59.475
ATTEMPT 377 W0 DONE 4x2 seed=1819260 nsol=16 0.02s 2026-07-22T17:19:59.496
ATTEMPT 378 W0 START 4x2 seed=1819261 2026-07-22T17:19:59.497
ATTEMPT 378 W0 SOLVE 4x2 2026-07-22T17:19:59.516
ATTEMPT 378 W0 DONE 4x2 seed=1819261 nsol=16 0.03s 2026-07-22T17:19:59.543
ATTEMPT 379 W0 START 4x2 seed=1819262 2026-07-22T17:19:59.543
ATTEMPT 379 W0 SOLVE 4x2 2026-07-22T17:19:59.548
ATTEMPT 379 W0 DONE 4x2 seed=1819262 nsol=16 0.01s 2026-07-22T17:19:59.560
ATTEMPT 380 W0 START 4x2 seed=1819263 2026-07-22T17:19:59.560
ATTEMPT 380 W0 SOLVE 4x2 2026-07-22T17:19:59.575
ATTEMPT 380 W0 DONE 4x2 seed=1819263 nsol=16 0.02s 2026-07-22T17:19:59.596
ATTEMPT 381 W0 START 4x2 seed=1819264 2026-07-22T17:19:59.596
ATTEMPT 381 W0 SOLVE 4x2 2026-07-22T17:19:59.611
ATTEMPT 381 W0 DONE 4x2 seed=1819264 nsol=16 0.01s 2026-07-22T17:19:59.626
ATTEMPT 382 W0 START 4x2 seed=1819265 2026-07-22T17:19:59.626
ATTEMPT 382 W0 SOLVE 4x2 2026-07-22T17:19:59.640
ATTEMPT 382 W0 DONE 4x2 seed=1819265 nsol=16 0.02s 2026-07-22T17:19:59.663
ATTEMPT 383 W0 START 4x2 seed=1819266 2026-07-22T17:19:59.663
ATTEMPT 383 W0 SOLVE 4x2 2026-07-22T17:19:59.675
ATTEMPT 383 W0 DONE 4x2 seed=1819266 nsol=16 0.03s 2026-07-22T17:19:59.703
ATTEMPT 384 W0 START 4x2 seed=1819267 2026-07-22T17:19:59.703
ATTEMPT 384 W0 SOLVE 4x2 2026-07-22T17:19:59.717
ATTEMPT 384 W0 DONE 4x2 seed=1819267 nsol=16 0.03s 2026-07-22T17:19:59.751
ATTEMPT 385 W0 START 4x2 seed=1819268 2026-07-22T17:19:59.751
ATTEMPT 385 W0 SOLVE 4x2 2026-07-22T17:19:59.761
ATTEMPT 385 W0 DONE 4x2 seed=1819268 nsol=16 0.02s 2026-07-22T17:19:59.784
ATTEMPT 386 W0 START 4x2 seed=1819269 2026-07-22T17:19:59.784
ATTEMPT 386 W0 SOLVE 4x2 2026-07-22T17:19:59.793
ATTEMPT 386 W0 DONE 4x2 seed=1819269 nsol=16 0.02s 2026-07-22T17:19:59.820
ATTEMPT 387 W0 START 4x2 seed=1819270 2026-07-22T17:19:59.821
ATTEMPT 387 W0 SOLVE 4x2 2026-07-22T17:19:59.826
ATTEMPT 387 W0 DONE 4x2 seed=1819270 nsol=16 0.01s 2026-07-22T17:19:59.838
ATTEMPT 388 W0 START 4x2 seed=1819271 2026-07-22T17:19:59.839
ATTEMPT 388 W0 SOLVE 4x2 2026-07-22T17:19:59.849
ATTEMPT 388 W0 DONE 4x2 seed=1819271 nsol=16 0.01s 2026-07-22T17:19:59.862
ATTEMPT 389 W0 START 4x2 seed=1819272 2026-07-22T17:19:59.862
ATTEMPT 389 W0 SOLVE 4x2 2026-07-22T17:19:59.870
ATTEMPT 389 W0 DONE 4x2 seed=1819272 nsol=16 0.02s 2026-07-22T17:19:59.895
ATTEMPT 390 W0 START 4x2 seed=1819273 2026-07-22T17:19:59.895
ATTEMPT 390 W0 SOLVE 4x2 2026-07-22T17:19:59.900
ATTEMPT 390 W0 DONE 4x2 seed=1819273 nsol=16 0.01s 2026-07-22T17:19:59.915
ATTEMPT 391 W0 START 4x2 seed=1819274 2026-07-22T17:19:59.915
ATTEMPT 391 W0 SOLVE 4x2 2026-07-22T17:19:59.921
ATTEMPT 391 W0 DONE 4x2 seed=1819274 nsol=16 0.02s 2026-07-22T17:19:59.943
ATTEMPT 392 W0 START 4x2 seed=1819275 2026-07-22T17:19:59.944
ATTEMPT 392 W0 SOLVE 4x2 2026-07-22T17:19:59.949
ATTEMPT 392 W0 DONE 4x2 seed=1819275 nsol=16 0.01s 2026-07-22T17:19:59.963
ATTEMPT 393 W0 START 4x2 seed=1819276 2026-07-22T17:19:59.963
ATTEMPT 393 W0 SOLVE 4x2 2026-07-22T17:20:00.036
ATTEMPT 393 W0 DONE 4x2 seed=1819276 nsol=16 0.01s 2026-07-22T17:20:00.043
ATTEMPT 394 W0 START 4x2 seed=1819277 2026-07-22T17:20:00.043
ATTEMPT 394 W0 SOLVE 4x2 2026-07-22T17:20:00.069
ATTEMPT 394 W0 DONE 4x2 seed=1819277 nsol=16 0.01s 2026-07-22T17:20:00.083
ATTEMPT 395 W0 START 4x2 seed=1819278 2026-07-22T17:20:00.083
ATTEMPT 395 W0 SOLVE 4x2 2026-07-22T17:20:00.093
ATTEMPT 395 W0 DONE 4x2 seed=1819278 nsol=16 0.01s 2026-07-22T17:20:00.104
ATTEMPT 396 W0 START 4x2 seed=1819279 2026-07-22T17:20:00.104
ATTEMPT 396 W0 SOLVE 4x2 2026-07-22T17:20:00.110
ATTEMPT 396 W0 DONE 4x2 seed=1819279 nsol=16 0.01s 2026-07-22T17:20:00.122
ATTEMPT 397 W0 START 4x2 seed=1819280 2026-07-22T17:20:00.123
ATTEMPT 397 W0 SOLVE 4x2 2026-07-22T17:20:00.136
ATTEMPT 397 W0 DONE 4x2 seed=1819280 nsol=16 0.02s 2026-07-22T17:20:00.159
ATTEMPT 398 W0 START 4x2 seed=1819281 2026-07-22T17:20:00.159
ATTEMPT 398 W0 SOLVE 4x2 2026-07-22T17:20:00.165
ATTEMPT 398 W0 DONE 4x2 seed=1819281 nsol=16 0.01s 2026-07-22T17:20:00.179
ATTEMPT 399 W0 START 4x2 seed=1819282 2026-07-22T17:20:00.179
ATTEMPT 399 W0 SOLVE 4x2 2026-07-22T17:20:00.184
ATTEMPT 399 W0 DONE 4x2 seed=1819282 nsol=16 0.02s 2026-07-22T17:20:00.206
ATTEMPT 400 W0 START 4x2 seed=1819283 2026-07-22T17:20:00.207
ATTEMPT 400 W0 SOLVE 4x2 2026-07-22T17:20:00.212
ATTEMPT 400 W0 DONE 4x2 seed=1819283 nsol=16 0.01s 2026-07-22T17:20:00.219
ATTEMPT 401 W0 START 4x2 seed=1819284 2026-07-22T17:20:00.219
ATTEMPT 401 W0 SOLVE 4x2 2026-07-22T17:20:00.226
ATTEMPT 401 W0 DONE 4x2 seed=1819284 nsol=16 0.02s 2026-07-22T17:20:00.244
ATTEMPT 402 W0 START 4x2 seed=1819285 2026-07-22T17:20:00.244
ATTEMPT 402 W0 SOLVE 4x2 2026-07-22T17:20:00.249
ATTEMPT 402 W0 DONE 4x2 seed=1819285 nsol=16 0.01s 2026-07-22T17:20:00.263
ATTEMPT 403 W0 START 4x2 seed=1819286 2026-07-22T17:20:00.263
ATTEMPT 403 W0 SOLVE 4x2 2026-07-22T17:20:00.269
ATTEMPT 403 W0 DONE 4x2 seed=1819286 nsol=16 0.01s 2026-07-22T17:20:00.283
ATTEMPT 404 W0 START 4x2 seed=1819287 2026-07-22T17:20:00.283
ATTEMPT 404 W0 SOLVE 4x2 2026-07-22T17:20:00.289
ATTEMPT 404 W0 DONE 4x2 seed=1819287 nsol=16 0.01s 2026-07-22T17:20:00.298
ATTEMPT 405 W0 START 4x2 seed=1819288 2026-07-22T17:20:00.298
ATTEMPT 405 W0 SOLVE 4x2 2026-07-22T17:20:00.305
ATTEMPT 405 W0 DONE 4x2 seed=1819288 nsol=16 0.01s 2026-07-22T17:20:00.319
ATTEMPT 406 W0 START 4x2 seed=1819289 2026-07-22T17:20:00.319
ATTEMPT 406 W0 SOLVE 4x2 2026-07-22T17:20:00.324
ATTEMPT 406 W0 DONE 4x2 seed=1819289 nsol=16 0.02s 2026-07-22T17:20:00.340
ATTEMPT 407 W0 START 4x2 seed=1819290 2026-07-22T17:20:00.341
ATTEMPT 407 W0 SOLVE 4x2 2026-07-22T17:20:00.348
ATTEMPT 407 W0 DONE 4x2 seed=1819290 nsol=16 0.01s 2026-07-22T17:20:00.363
ATTEMPT 408 W0 START 4x2 seed=1819291 2026-07-22T17:20:00.363
ATTEMPT 408 W0 SOLVE 4x2 2026-07-22T17:20:00.369
ATTEMPT 408 W0 DONE 4x2 seed=1819291 nsol=16 0.01s 2026-07-22T17:20:00.375
ATTEMPT 409 W0 START 4x2 seed=1819292 2026-07-22T17:20:00.376
ATTEMPT 409 W0 SOLVE 4x2 2026-07-22T17:20:00.381
ATTEMPT 409 W0 DONE 4x2 seed=1819292 nsol=16 0.01s 2026-07-22T17:20:00.391
ATTEMPT 410 W0 START 4x2 seed=1819293 2026-07-22T17:20:00.391
ATTEMPT 410 W0 SOLVE 4x2 2026-07-22T17:20:00.397
ATTEMPT 410 W0 DONE 4x2 seed=1819293 nsol=16 0.01s 2026-07-22T17:20:00.402
ATTEMPT 411 W0 START 4x2 seed=1819294 2026-07-22T17:20:00.402
ATTEMPT 411 W0 SOLVE 4x2 2026-07-22T17:20:00.411
ATTEMPT 411 W0 DONE 4x2 seed=1819294 nsol=16 0.01s 2026-07-22T17:20:00.422
ATTEMPT 412 W0 START 4x2 seed=1819295 2026-07-22T17:20:00.422
ATTEMPT 412 W0 SOLVE 4x2 2026-07-22T17:20:00.430
ATTEMPT 412 W0 DONE 4x2 seed=1819295 nsol=16 0.01s 2026-07-22T17:20:00.445
ATTEMPT 413 W0 START 4x2 seed=1819296 2026-07-22T17:20:00.445
ATTEMPT 413 W0 SOLVE 4x2 2026-07-22T17:20:00.453
ATTEMPT 413 W0 DONE 4x2 seed=1819296 nsol=16 0.01s 2026-07-22T17:20:00.465
ATTEMPT 414 W0 START 4x2 seed=1819297 2026-07-22T17:20:00.465
ATTEMPT 414 W0 SOLVE 4x2 2026-07-22T17:20:00.473
ATTEMPT 414 W0 DONE 4x2 seed=1819297 nsol=16 0.01s 2026-07-22T17:20:00.479
ATTEMPT 415 W0 START 4x2 seed=1819298 2026-07-22T17:20:00.479
ATTEMPT 415 W0 SOLVE 4x2 2026-07-22T17:20:00.484
ATTEMPT 415 W0 DONE 4x2 seed=1819298 nsol=16 0.01s 2026-07-22T17:20:00.492
ATTEMPT 416 W0 START 4x2 seed=1819299 2026-07-22T17:20:00.492
ATTEMPT 416 W0 SOLVE 4x2 2026-07-22T17:20:00.498
ATTEMPT 416 W0 DONE 4x2 seed=1819299 nsol=16 0.01s 2026-07-22T17:20:00.507
ATTEMPT 417 W0 START 4x2 seed=1819300 2026-07-22T17:20:00.508
ATTEMPT 417 W0 SOLVE 4x2 2026-07-22T17:20:00.514
ATTEMPT 417 W0 DONE 4x2 seed=1819300 nsol=16 0.01s 2026-07-22T17:20:00.522
ATTEMPT 418 W0 START 4x2 seed=1819301 2026-07-22T17:20:00.522
ATTEMPT 418 W0 SOLVE 4x2 2026-07-22T17:20:00.528
ATTEMPT 418 W0 DONE 4x2 seed=1819301 nsol=16 0.02s 2026-07-22T17:20:00.543
ATTEMPT 419 W0 START 4x2 seed=1819302 2026-07-22T17:20:00.543
ATTEMPT 419 W0 SOLVE 4x2 2026-07-22T17:20:00.549
ATTEMPT 419 W0 DONE 4x2 seed=1819302 nsol=16 0.01s 2026-07-22T17:20:00.559
ATTEMPT 420 W0 START 4x2 seed=1819303 2026-07-22T17:20:00.559
ATTEMPT 420 W0 SOLVE 4x2 2026-07-22T17:20:00.565
ATTEMPT 420 W0 DONE 4x2 seed=1819303 nsol=16 0.01s 2026-07-22T17:20:00.578
ATTEMPT 421 W0 START 4x2 seed=1819304 2026-07-22T17:20:00.579
ATTEMPT 421 W0 SOLVE 4x2 2026-07-22T17:20:00.586
ATTEMPT 421 W0 DONE 4x2 seed=1819304 nsol=16 0.01s 2026-07-22T17:20:00.594
ATTEMPT 422 W0 START 4x2 seed=1819305 2026-07-22T17:20:00.594
ATTEMPT 422 W0 SOLVE 4x2 2026-07-22T17:20:00.601
ATTEMPT 422 W0 DONE 4x2 seed=1819305 nsol=16 0.01s 2026-07-22T17:20:00.610
ATTEMPT 423 W0 START 4x2 seed=1819306 2026-07-22T17:20:00.610
ATTEMPT 423 W0 SOLVE 4x2 2026-07-22T17:20:00.617
ATTEMPT 423 W0 DONE 4x2 seed=1819306 nsol=16 0.02s 2026-07-22T17:20:00.641
ATTEMPT 424 W0 START 4x2 seed=1819307 2026-07-22T17:20:00.641
ATTEMPT 424 W0 SOLVE 4x2 2026-07-22T17:20:00.649
ATTEMPT 424 W0 DONE 4x2 seed=1819307 nsol=16 0.02s 2026-07-22T17:20:00.667
ATTEMPT 425 W0 START 4x2 seed=1819308 2026-07-22T17:20:00.667
ATTEMPT 425 W0 SOLVE 4x2 2026-07-22T17:20:00.673
ATTEMPT 425 W0 DONE 4x2 seed=1819308 nsol=16 0.01s 2026-07-22T17:20:00.687
ATTEMPT 426 W0 START 4x2 seed=1819309 2026-07-22T17:20:00.687
ATTEMPT 426 W0 SOLVE 4x2 2026-07-22T17:20:00.697
ATTEMPT 426 W0 DONE 4x2 seed=1819309 nsol=16 0.01s 2026-07-22T17:20:00.705
ATTEMPT 427 W0 START 4x2 seed=1819310 2026-07-22T17:20:00.706
ATTEMPT 427 W0 SOLVE 4x2 2026-07-22T17:20:00.715
ATTEMPT 427 W0 DONE 4x2 seed=1819310 nsol=16 0.02s 2026-07-22T17:20:00.735
ATTEMPT 428 W0 START 4x2 seed=1819311 2026-07-22T17:20:00.736
ATTEMPT 428 W0 SOLVE 4x2 2026-07-22T17:20:00.742
ATTEMPT 428 W0 DONE 4x2 seed=1819311 nsol=16 0.01s 2026-07-22T17:20:00.750
ATTEMPT 429 W0 START 4x2 seed=1819312 2026-07-22T17:20:00.750
ATTEMPT 429 W0 SOLVE 4x2 2026-07-22T17:20:00.757
ATTEMPT 429 W0 DONE 4x2 seed=1819312 nsol=16 0.01s 2026-07-22T17:20:00.767
ATTEMPT 430 W0 START 4x2 seed=1819313 2026-07-22T17:20:00.767
ATTEMPT 430 W0 SOLVE 4x2 2026-07-22T17:20:00.776
ATTEMPT 430 W0 DONE 4x2 seed=1819313 nsol=16 0.02s 2026-07-22T17:20:00.797
ATTEMPT 431 W0 START 4x2 seed=1819314 2026-07-22T17:20:00.797
ATTEMPT 431 W0 SOLVE 4x2 2026-07-22T17:20:00.804
ATTEMPT 431 W0 DONE 4x2 seed=1819314 nsol=16 0.02s 2026-07-22T17:20:00.824
ATTEMPT 432 W0 START 4x2 seed=1819315 2026-07-22T17:20:00.825
ATTEMPT 432 W0 SOLVE 4x2 2026-07-22T17:20:00.832
ATTEMPT 432 W0 DONE 4x2 seed=1819315 nsol=16 0.01s 2026-07-22T17:20:00.847
ATTEMPT 433 W0 START 4x2 seed=1819316 2026-07-22T17:20:00.847
ATTEMPT 433 W0 SOLVE 4x2 2026-07-22T17:20:00.855
ATTEMPT 433 W0 DONE 4x2 seed=1819316 nsol=16 0.01s 2026-07-22T17:20:00.868
ATTEMPT 434 W0 START 4x2 seed=1819317 2026-07-22T17:20:00.868
ATTEMPT 434 W0 SOLVE 4x2 2026-07-22T17:20:00.876
ATTEMPT 434 W0 DONE 4x2 seed=1819317 nsol=16 0.02s 2026-07-22T17:20:00.891
ATTEMPT 435 W0 START 4x2 seed=1819318 2026-07-22T17:20:00.892
ATTEMPT 435 W0 SOLVE 4x2 2026-07-22T17:20:00.900
ATTEMPT 435 W0 DONE 4x2 seed=1819318 nsol=16 0.01s 2026-07-22T17:20:00.912
ATTEMPT 436 W0 START 4x2 seed=1819319 2026-07-22T17:20:00.912
ATTEMPT 436 W0 SOLVE 4x2 2026-07-22T17:20:00.918
ATTEMPT 436 W0 DONE 4x2 seed=1819319 nsol=16 0.02s 2026-07-22T17:20:00.935
ATTEMPT 437 W0 START 4x2 seed=1819320 2026-07-22T17:20:00.935
ATTEMPT 437 W0 SOLVE 4x2 2026-07-22T17:20:00.943
ATTEMPT 437 W0 DONE 4x2 seed=1819320 nsol=16 0.02s 2026-07-22T17:20:00.959
ATTEMPT 438 W0 START 4x2 seed=1819321 2026-07-22T17:20:00.959
ATTEMPT 438 W0 SOLVE 4x2 2026-07-22T17:20:00.965
ATTEMPT 438 W0 DONE 4x2 seed=1819321 nsol=16 0.02s 2026-07-22T17:20:00.987
ATTEMPT 439 W0 START 4x2 seed=1819322 2026-07-22T17:20:00.987
ATTEMPT 439 W0 SOLVE 4x2 2026-07-22T17:20:00.994
ATTEMPT 439 W0 DONE 4x2 seed=1819322 nsol=16 0.02s 2026-07-22T17:20:01.017
ATTEMPT 440 W0 START 4x2 seed=1819323 2026-07-22T17:20:01.017
ATTEMPT 440 W0 SOLVE 4x2 2026-07-22T17:20:01.023
ATTEMPT 440 W0 DONE 4x2 seed=1819323 nsol=16 0.01s 2026-07-22T17:20:01.030
ATTEMPT 441 W0 START 4x2 seed=1819324 2026-07-22T17:20:01.030
ATTEMPT 441 W0 SOLVE 4x2 2026-07-22T17:20:01.036
ATTEMPT 441 W0 DONE 4x2 seed=1819324 nsol=16 0.02s 2026-07-22T17:20:01.051
ATTEMPT 442 W0 START 4x2 seed=1819325 2026-07-22T17:20:01.051
ATTEMPT 442 W0 SOLVE 4x2 2026-07-22T17:20:01.057
ATTEMPT 442 W0 DONE 4x2 seed=1819325 nsol=16 0.02s 2026-07-22T17:20:01.075
ATTEMPT 443 W0 START 4x2 seed=1819326 2026-07-22T17:20:01.075
ATTEMPT 443 W0 SOLVE 4x2 2026-07-22T17:20:01.081
ATTEMPT 443 W0 DONE 4x2 seed=1819326 nsol=16 0.01s 2026-07-22T17:20:01.090
ATTEMPT 444 W0 START 4x2 seed=1819327 2026-07-22T17:20:01.090
ATTEMPT 444 W0 SOLVE 4x2 2026-07-22T17:20:01.097
ATTEMPT 444 W0 DONE 4x2 seed=1819327 nsol=16 0.02s 2026-07-22T17:20:01.115
ATTEMPT 445 W0 START 4x2 seed=1819328 2026-07-22T17:20:01.115
ATTEMPT 445 W0 SOLVE 4x2 2026-07-22T17:20:01.123
ATTEMPT 445 W0 DONE 4x2 seed=1819328 nsol=16 0.02s 2026-07-22T17:20:01.143
ATTEMPT 446 W0 START 4x2 seed=1819329 2026-07-22T17:20:01.143
ATTEMPT 446 W0 SOLVE 4x2 2026-07-22T17:20:01.151
ATTEMPT 446 W0 DONE 4x2 seed=1819329 nsol=16 0.10s 2026-07-22T17:20:01.255
ATTEMPT 447 W0 START 4x2 seed=1819330 2026-07-22T17:20:01.255
ATTEMPT 447 W0 SOLVE 4x2 2026-07-22T17:20:01.265
ATTEMPT 447 W0 DONE 4x2 seed=1819330 nsol=16 0.02s 2026-07-22T17:20:01.284
ATTEMPT 448 W0 START 4x2 seed=1819331 2026-07-22T17:20:01.284
ATTEMPT 448 W0 SOLVE 4x2 2026-07-22T17:20:01.294
ATTEMPT 448 W0 DONE 4x2 seed=1819331 nsol=16 0.03s 2026-07-22T17:20:01.322
ATTEMPT 449 W0 START 4x2 seed=1819332 2026-07-22T17:20:01.323
ATTEMPT 449 W0 SOLVE 4x2 2026-07-22T17:20:01.331
ATTEMPT 449 W0 DONE 4x2 seed=1819332 nsol=16 0.02s 2026-07-22T17:20:01.351
ATTEMPT 450 W0 START 4x2 seed=1819333 2026-07-22T17:20:01.351
ATTEMPT 450 W0 SOLVE 4x2 2026-07-22T17:20:01.362
ATTEMPT 450 W0 DONE 4x2 seed=1819333 nsol=16 0.01s 2026-07-22T17:20:01.375
ATTEMPT 451 W0 START 4x2 seed=1819334 2026-07-22T17:20:01.375
ATTEMPT 451 W0 SOLVE 4x2 2026-07-22T17:20:01.386
ATTEMPT 451 W0 DONE 4x2 seed=1819334 nsol=16 0.02s 2026-07-22T17:20:01.405
ATTEMPT 452 W0 START 4x2 seed=1819335 2026-07-22T17:20:01.405
ATTEMPT 452 W0 SOLVE 4x2 2026-07-22T17:20:01.414
ATTEMPT 452 W0 DONE 4x2 seed=1819335 nsol=16 0.01s 2026-07-22T17:20:01.424
ATTEMPT 453 W0 START 4x2 seed=1819336 2026-07-22T17:20:01.424
ATTEMPT 453 W0 SOLVE 4x2 2026-07-22T17:20:01.434
ATTEMPT 453 W0 DONE 4x2 seed=1819336 nsol=16 0.02s 2026-07-22T17:20:01.450
ATTEMPT 454 W0 START 4x2 seed=1819337 2026-07-22T17:20:01.450
ATTEMPT 454 W0 SOLVE 4x2 2026-07-22T17:20:01.460
ATTEMPT 454 W0 DONE 4x2 seed=1819337 nsol=16 0.02s 2026-07-22T17:20:01.479
ATTEMPT 455 W0 START 4x2 seed=1819338 2026-07-22T17:20:01.479
ATTEMPT 455 W0 SOLVE 4x2 2026-07-22T17:20:01.485
ATTEMPT 455 W0 DONE 4x2 seed=1819338 nsol=16 0.01s 2026-07-22T17:20:01.499
ATTEMPT 456 W0 START 4x2 seed=1819339 2026-07-22T17:20:01.499
ATTEMPT 456 W0 SOLVE 4x2 2026-07-22T17:20:01.509
ATTEMPT 456 W0 DONE 4x2 seed=1819339 nsol=16 0.03s 2026-07-22T17:20:01.535
ATTEMPT 457 W0 START 4x2 seed=1819340 2026-07-22T17:20:01.535
ATTEMPT 457 W0 SOLVE 4x2 2026-07-22T17:20:01.545
ATTEMPT 457 W0 DONE 4x2 seed=1819340 nsol=16 0.02s 2026-07-22T17:20:01.568
ATTEMPT 458 W0 START 4x2 seed=1819341 2026-07-22T17:20:01.568
ATTEMPT 458 W0 SOLVE 4x2 2026-07-22T17:20:01.580
ATTEMPT 458 W0 DONE 4x2 seed=1819341 nsol=16 0.03s 2026-07-22T17:20:01.608
ATTEMPT 459 W0 START 4x2 seed=1819342 2026-07-22T17:20:01.608
ATTEMPT 459 W0 SOLVE 4x2 2026-07-22T17:20:01.615
ATTEMPT 459 W0 DONE 4x2 seed=1819342 nsol=16 0.02s 2026-07-22T17:20:01.637
ATTEMPT 460 W0 START 4x2 seed=1819343 2026-07-22T17:20:01.637
ATTEMPT 460 W0 SOLVE 4x2 2026-07-22T17:20:01.643
ATTEMPT 460 W0 DONE 4x2 seed=1819343 nsol=16 0.02s 2026-07-22T17:20:01.659
ATTEMPT 461 W0 START 4x2 seed=1819344 2026-07-22T17:20:01.659
ATTEMPT 461 W0 SOLVE 4x2 2026-07-22T17:20:01.665
ATTEMPT 461 W0 DONE 4x2 seed=1819344 nsol=16 0.02s 2026-07-22T17:20:01.687
ATTEMPT 462 W0 START 4x2 seed=1819345 2026-07-22T17:20:01.688
ATTEMPT 462 W0 SOLVE 4x2 2026-07-22T17:20:01.694
ATTEMPT 462 W0 DONE 4x2 seed=1819345 nsol=16 0.01s 2026-07-22T17:20:01.702
ATTEMPT 463 W0 START 4x2 seed=1819346 2026-07-22T17:20:01.703
ATTEMPT 463 W0 SOLVE 4x2 2026-07-22T17:20:01.712
ATTEMPT 463 W0 DONE 4x2 seed=1819346 nsol=16 0.02s 2026-07-22T17:20:01.735
ATTEMPT 464 W0 START 4x2 seed=1819347 2026-07-22T17:20:01.735
ATTEMPT 464 W0 SOLVE 4x2 2026-07-22T17:20:01.742
ATTEMPT 464 W0 DONE 4x2 seed=1819347 nsol=16 0.02s 2026-07-22T17:20:01.759
ATTEMPT 465 W0 START 4x2 seed=1819348 2026-07-22T17:20:01.759
ATTEMPT 465 W0 SOLVE 4x2 2026-07-22T17:20:01.765
ATTEMPT 465 W0 DONE 4x2 seed=1819348 nsol=16 0.02s 2026-07-22T17:20:01.784
ATTEMPT 466 W0 START 4x2 seed=1819349 2026-07-22T17:20:01.786
ATTEMPT 466 W0 SOLVE 4x2 2026-07-22T17:20:01.793
ATTEMPT 466 W0 DONE 4x2 seed=1819349 nsol=16 0.02s 2026-07-22T17:20:01.816
ATTEMPT 467 W0 START 4x2 seed=1819350 2026-07-22T17:20:01.816
ATTEMPT 467 W0 SOLVE 4x2 2026-07-22T17:20:01.821
ATTEMPT 467 W0 DONE 4x2 seed=1819350 nsol=16 0.01s 2026-07-22T17:20:01.834
ATTEMPT 468 W0 START 4x2 seed=1819351 2026-07-22T17:20:01.834
ATTEMPT 468 W0 SOLVE 4x2 2026-07-22T17:20:01.841
ATTEMPT 468 W0 DONE 4x2 seed=1819351 nsol=16 0.02s 2026-07-22T17:20:01.863
ATTEMPT 469 W0 START 4x2 seed=1819352 2026-07-22T17:20:01.864
ATTEMPT 469 W0 SOLVE 4x2 2026-07-22T17:20:01.870
ATTEMPT 469 W0 DONE 4x2 seed=1819352 nsol=16 0.02s 2026-07-22T17:20:01.893
ATTEMPT 470 W0 START 4x2 seed=1819353 2026-07-22T17:20:01.894
ATTEMPT 470 W0 SOLVE 4x2 2026-07-22T17:20:01.908
ATTEMPT 470 W0 DONE 4x2 seed=1819353 nsol=16 0.03s 2026-07-22T17:20:01.935
ATTEMPT 471 W0 START 4x2 seed=1819354 2026-07-22T17:20:01.935
ATTEMPT 471 W0 SOLVE 4x2 2026-07-22T17:20:01.946
ATTEMPT 471 W0 DONE 4x2 seed=1819354 nsol=16 0.04s 2026-07-22T17:20:01.983
ATTEMPT 472 W0 START 4x2 seed=1819355 2026-07-22T17:20:01.983
ATTEMPT 472 W0 SOLVE 4x2 2026-07-22T17:20:01.993
ATTEMPT 472 W0 DONE 4x2 seed=1819355 nsol=16 0.02s 2026-07-22T17:20:02.019
ATTEMPT 473 W0 START 4x2 seed=1819356 2026-07-22T17:20:02.019
ATTEMPT 473 W0 SOLVE 4x2 2026-07-22T17:20:02.026
ATTEMPT 473 W0 DONE 4x2 seed=1819356 nsol=16 0.02s 2026-07-22T17:20:02.050
ATTEMPT 474 W0 START 4x2 seed=1819357 2026-07-22T17:20:02.050
ATTEMPT 474 W0 SOLVE 4x2 2026-07-22T17:20:02.055
ATTEMPT 474 W0 DONE 4x2 seed=1819357 nsol=16 0.02s 2026-07-22T17:20:02.071
ATTEMPT 475 W0 START 4x2 seed=1819358 2026-07-22T17:20:02.071
ATTEMPT 475 W0 SOLVE 4x2 2026-07-22T17:20:02.077
ATTEMPT 475 W0 DONE 4x2 seed=1819358 nsol=16 0.02s 2026-07-22T17:20:02.093
ATTEMPT 476 W0 START 4x2 seed=1819359 2026-07-22T17:20:02.093
ATTEMPT 476 W0 SOLVE 4x2 2026-07-22T17:20:02.100
ATTEMPT 476 W0 DONE 4x2 seed=1819359 nsol=16 0.02s 2026-07-22T17:20:02.119
ATTEMPT 477 W0 START 4x2 seed=1819360 2026-07-22T17:20:02.119
ATTEMPT 477 W0 SOLVE 4x2 2026-07-22T17:20:02.125
ATTEMPT 477 W0 DONE 4x2 seed=1819360 nsol=16 0.02s 2026-07-22T17:20:02.143
ATTEMPT 478 W0 START 4x2 seed=1819361 2026-07-22T17:20:02.143
ATTEMPT 478 W0 SOLVE 4x2 2026-07-22T17:20:02.149
ATTEMPT 478 W0 DONE 4x2 seed=1819361 nsol=16 0.01s 2026-07-22T17:20:02.159
ATTEMPT 479 W0 START 4x2 seed=1819362 2026-07-22T17:20:02.159
ATTEMPT 479 W0 SOLVE 4x2 2026-07-22T17:20:02.164
ATTEMPT 479 W0 DONE 4x2 seed=1819362 nsol=16 0.01s 2026-07-22T17:20:02.175
ATTEMPT 480 W0 START 4x2 seed=1819363 2026-07-22T17:20:02.175
ATTEMPT 480 W0 SOLVE 4x2 2026-07-22T17:20:02.180
ATTEMPT 480 W0 DONE 4x2 seed=1819363 nsol=16 0.01s 2026-07-22T17:20:02.195
ATTEMPT 481 W0 START 4x2 seed=1819364 2026-07-22T17:20:02.195
ATTEMPT 481 W0 SOLVE 4x2 2026-07-22T17:20:02.203
ATTEMPT 481 W0 DONE 4x2 seed=1819364 nsol=16 0.02s 2026-07-22T17:20:02.219
ATTEMPT 482 W0 START 4x2 seed=1819365 2026-07-22T17:20:02.219
ATTEMPT 482 W0 SOLVE 4x2 2026-07-22T17:20:02.230
ATTEMPT 482 W0 DONE 4x2 seed=1819365 nsol=16 0.02s 2026-07-22T17:20:02.255
ATTEMPT 483 W0 START 4x2 seed=1819366 2026-07-22T17:20:02.255
ATTEMPT 483 W0 SOLVE 4x2 2026-07-22T17:20:02.267
ATTEMPT 483 W0 DONE 4x2 seed=1819366 nsol=16 0.01s 2026-07-22T17:20:02.299
ATTEMPT 484 W0 START 4x2 seed=1819367 2026-07-22T17:20:02.299
ATTEMPT 484 W0 SOLVE 4x2 2026-07-22T17:20:02.305
ATTEMPT 484 W0 DONE 4x2 seed=1819367 nsol=16 0.04s 2026-07-22T17:20:02.343
ATTEMPT 485 W0 START 4x2 seed=1819368 2026-07-22T17:20:02.343
ATTEMPT 485 W0 SOLVE 4x2 2026-07-22T17:20:02.351
ATTEMPT 485 W0 DONE 4x2 seed=1819368 nsol=16 0.01s 2026-07-22T17:20:02.360
ATTEMPT 486 W0 START 4x2 seed=1819369 2026-07-22T17:20:02.360
ATTEMPT 486 W0 SOLVE 4x2 2026-07-22T17:20:02.366
ATTEMPT 486 W0 DONE 4x2 seed=1819369 nsol=16 0.02s 2026-07-22T17:20:02.383
ATTEMPT 487 W0 START 4x2 seed=1819370 2026-07-22T17:20:02.383
ATTEMPT 487 W0 SOLVE 4x2 2026-07-22T17:20:02.391
ATTEMPT 487 W0 DONE 4x2 seed=1819370 nsol=16 0.02s 2026-07-22T17:20:02.411
ATTEMPT 488 W0 START 4x2 seed=1819371 2026-07-22T17:20:02.412
ATTEMPT 488 W0 SOLVE 4x2 2026-07-22T17:20:02.419
ATTEMPT 488 W0 DONE 4x2 seed=1819371 nsol=16 0.04s 2026-07-22T17:20:02.456
ATTEMPT 489 W0 START 4x2 seed=1819372 2026-07-22T17:20:02.456
ATTEMPT 489 W0 SOLVE 4x2 2026-07-22T17:20:02.465
ATTEMPT 489 W0 DONE 4x2 seed=1819372 nsol=16 0.02s 2026-07-22T17:20:02.483
ATTEMPT 490 W0 START 4x2 seed=1819373 2026-07-22T17:20:02.483
ATTEMPT 490 W0 SOLVE 4x2 2026-07-22T17:20:02.491
ATTEMPT 490 W0 DONE 4x2 seed=1819373 nsol=16 0.02s 2026-07-22T17:20:02.515
ATTEMPT 491 W0 START 4x2 seed=1819374 2026-07-22T17:20:02.515
ATTEMPT 491 W0 SOLVE 4x2 2026-07-22T17:20:02.521
ATTEMPT 491 W0 DONE 4x2 seed=1819374 nsol=16 0.01s 2026-07-22T17:20:02.534
ATTEMPT 492 W0 START 4x2 seed=1819375 2026-07-22T17:20:02.535
ATTEMPT 492 W0 SOLVE 4x2 2026-07-22T17:20:02.541
ATTEMPT 492 W0 DONE 4x2 seed=1819375 nsol=16 0.02s 2026-07-22T17:20:02.559
ATTEMPT 493 W0 START 4x2 seed=1819376 2026-07-22T17:20:02.559
ATTEMPT 493 W0 SOLVE 4x2 2026-07-22T17:20:02.565
ATTEMPT 493 W0 DONE 4x2 seed=1819376 nsol=16 0.01s 2026-07-22T17:20:02.577
ATTEMPT 494 W0 START 4x2 seed=1819377 2026-07-22T17:20:02.578
ATTEMPT 494 W0 SOLVE 4x2 2026-07-22T17:20:02.585
ATTEMPT 494 W0 DONE 4x2 seed=1819377 nsol=16 0.01s 2026-07-22T17:20:02.593
ATTEMPT 495 W0 START 4x2 seed=1819378 2026-07-22T17:20:02.593
ATTEMPT 495 W0 SOLVE 4x2 2026-07-22T17:20:02.601
ATTEMPT 495 W0 DONE 4x2 seed=1819378 nsol=16 0.01s 2026-07-22T17:20:02.612
ATTEMPT 496 W0 START 4x2 seed=1819379 2026-07-22T17:20:02.613
ATTEMPT 496 W0 SOLVE 4x2 2026-07-22T17:20:02.618
ATTEMPT 496 W0 DONE 4x2 seed=1819379 nsol=16 0.01s 2026-07-22T17:20:02.624
ATTEMPT 497 W0 START 4x2 seed=1819380 2026-07-22T17:20:02.625
ATTEMPT 497 W0 SOLVE 4x2 2026-07-22T17:20:02.631
ATTEMPT 497 W0 DONE 4x2 seed=1819380 nsol=16 0.01s 2026-07-22T17:20:02.642
ATTEMPT 498 W0 START 4x2 seed=1819381 2026-07-22T17:20:02.642
ATTEMPT 498 W0 SOLVE 4x2 2026-07-22T17:20:02.648
ATTEMPT 498 W0 DONE 4x2 seed=1819381 nsol=16 0.01s 2026-07-22T17:20:02.661
ATTEMPT 499 W0 START 4x2 seed=1819382 2026-07-22T17:20:02.662
ATTEMPT 499 W0 SOLVE 4x2 2026-07-22T17:20:02.669
ATTEMPT 499 W0 DONE 4x2 seed=1819382 nsol=16 0.01s 2026-07-22T17:20:02.683
ATTEMPT 500 W0 START 4x2 seed=1819383 2026-07-22T17:20:02.684
ATTEMPT 500 W0 SOLVE 4x2 2026-07-22T17:20:02.690
ATTEMPT 500 W0 DONE 4x2 seed=1819383 nsol=16 0.01s 2026-07-22T17:20:02.703
ATTEMPT 501 W0 START 4x2 seed=1819384 2026-07-22T17:20:02.703
ATTEMPT 501 W0 SOLVE 4x2 2026-07-22T17:20:02.709
ATTEMPT 501 W0 DONE 4x2 seed=1819384 nsol=16 0.01s 2026-07-22T17:20:02.723
ATTEMPT 502 W0 START 4x2 seed=1819385 2026-07-22T17:20:02.723
ATTEMPT 502 W0 SOLVE 4x2 2026-07-22T17:20:02.728
ATTEMPT 502 W0 DONE 4x2 seed=1819385 nsol=16 0.01s 2026-07-22T17:20:02.740
ATTEMPT 503 W0 START 4x2 seed=1819386 2026-07-22T17:20:02.740
ATTEMPT 503 W0 SOLVE 4x2 2026-07-22T17:20:02.750
ATTEMPT 503 W0 DONE 4x2 seed=1819386 nsol=16 0.27s 2026-07-22T17:20:03.027
ATTEMPT 504 W0 START 4x2 seed=1819387 2026-07-22T17:20:03.028
ATTEMPT 504 W0 SOLVE 4x2 2026-07-22T17:20:03.034
ATTEMPT 504 W0 DONE 4x2 seed=1819387 nsol=16 0.01s 2026-07-22T17:20:03.043
ATTEMPT 505 W0 START 4x2 seed=1819388 2026-07-22T17:20:03.044
ATTEMPT 505 W0 SOLVE 4x2 2026-07-22T17:20:03.050
ATTEMPT 505 W0 DONE 4x2 seed=1819388 nsol=16 0.02s 2026-07-22T17:20:03.067
ATTEMPT 506 W0 START 4x2 seed=1819389 2026-07-22T17:20:03.068
ATTEMPT 506 W0 SOLVE 4x2 2026-07-22T17:20:03.074
ATTEMPT 506 W0 DONE 4x2 seed=1819389 nsol=16 0.02s 2026-07-22T17:20:03.091
ATTEMPT 507 W0 START 4x2 seed=1819390 2026-07-22T17:20:03.091
ATTEMPT 507 W0 SOLVE 4x2 2026-07-22T17:20:03.097
ATTEMPT 507 W0 DONE 4x2 seed=1819390 nsol=16 0.02s 2026-07-22T17:20:03.115
ATTEMPT 508 W0 START 4x2 seed=1819391 2026-07-22T17:20:03.115
ATTEMPT 508 W0 SOLVE 4x2 2026-07-22T17:20:03.120
ATTEMPT 508 W0 DONE 4x2 seed=1819391 nsol=16 0.02s 2026-07-22T17:20:03.136
ATTEMPT 509 W0 START 4x2 seed=1819392 2026-07-22T17:20:03.136
ATTEMPT 509 W0 SOLVE 4x2 2026-07-22T17:20:03.142
ATTEMPT 509 W0 DONE 4x2 seed=1819392 nsol=16 0.01s 2026-07-22T17:20:03.155
ATTEMPT 510 W0 START 4x2 seed=1819393 2026-07-22T17:20:03.155
ATTEMPT 510 W0 SOLVE 4x2 2026-07-22T17:20:03.162
ATTEMPT 510 W0 DONE 4x2 seed=1819393 nsol=16 0.02s 2026-07-22T17:20:03.179
ATTEMPT 511 W0 START 4x2 seed=1819394 2026-07-22T17:20:03.179
ATTEMPT 511 W0 SOLVE 4x2 2026-07-22T17:20:03.186
ATTEMPT 511 W0 DONE 4x2 seed=1819394 nsol=16 0.02s 2026-07-22T17:20:03.203
ATTEMPT 512 W0 START 4x2 seed=1819395 2026-07-22T17:20:03.203
ATTEMPT 512 W0 SOLVE 4x2 2026-07-22T17:20:03.210
ATTEMPT 512 W0 DONE 4x2 seed=1819395 nsol=16 0.01s 2026-07-22T17:20:03.224
ATTEMPT 513 W0 START 4x2 seed=1819396 2026-07-22T17:20:03.224
ATTEMPT 513 W0 SOLVE 4x2 2026-07-22T17:20:03.229
ATTEMPT 513 W0 DONE 4x2 seed=1819396 nsol=16 0.01s 2026-07-22T17:20:03.243
ATTEMPT 514 W0 START 4x2 seed=1819397 2026-07-22T17:20:03.243
ATTEMPT 514 W0 SOLVE 4x2 2026-07-22T17:20:03.250
ATTEMPT 514 W0 DONE 4x2 seed=1819397 nsol=16 0.01s 2026-07-22T17:20:03.263
ATTEMPT 515 W0 START 4x2 seed=1819398 2026-07-22T17:20:03.263
ATTEMPT 515 W0 SOLVE 4x2 2026-07-22T17:20:03.268
ATTEMPT 515 W0 DONE 4x2 seed=1819398 nsol=16 0.01s 2026-07-22T17:20:03.278
ATTEMPT 516 W0 START 4x2 seed=1819399 2026-07-22T17:20:03.278
ATTEMPT 516 W0 SOLVE 4x2 2026-07-22T17:20:03.285
ATTEMPT 516 W0 DONE 4x2 seed=1819399 nsol=16 0.02s 2026-07-22T17:20:03.303
ATTEMPT 517 W0 START 4x2 seed=1819400 2026-07-22T17:20:03.303
ATTEMPT 517 W0 SOLVE 4x2 2026-07-22T17:20:03.311
ATTEMPT 517 W0 DONE 4x2 seed=1819400 nsol=16 0.04s 2026-07-22T17:20:03.348
ATTEMPT 518 W0 START 4x2 seed=1819401 2026-07-22T17:20:03.348
ATTEMPT 518 W0 SOLVE 4x2 2026-07-22T17:20:03.356
ATTEMPT 518 W0 DONE 4x2 seed=1819401 nsol=16 0.02s 2026-07-22T17:20:03.375
ATTEMPT 519 W0 START 4x2 seed=1819402 2026-07-22T17:20:03.375
ATTEMPT 519 W0 SOLVE 4x2 2026-07-22T17:20:03.380
ATTEMPT 519 W0 DONE 4x2 seed=1819402 nsol=16 0.01s 2026-07-22T17:20:03.386
ATTEMPT 520 W0 START 4x2 seed=1819403 2026-07-22T17:20:03.387
ATTEMPT 520 W0 SOLVE 4x2 2026-07-22T17:20:03.393
ATTEMPT 520 W0 DONE 4x2 seed=1819403 nsol=16 0.01s 2026-07-22T17:20:03.407
ATTEMPT 521 W0 START 4x2 seed=1819404 2026-07-22T17:20:03.407
ATTEMPT 521 W0 SOLVE 4x2 2026-07-22T17:20:03.412
ATTEMPT 521 W0 DONE 4x2 seed=1819404 nsol=16 0.01s 2026-07-22T17:20:03.418
ATTEMPT 522 W0 START 4x2 seed=1819405 2026-07-22T17:20:03.418
ATTEMPT 522 W0 SOLVE 4x2 2026-07-22T17:20:03.425
ATTEMPT 522 W0 DONE 4x2 seed=1819405 nsol=16 0.01s 2026-07-22T17:20:03.439
ATTEMPT 523 W0 START 4x2 seed=1819406 2026-07-22T17:20:03.439
ATTEMPT 523 W0 SOLVE 4x2 2026-07-22T17:20:03.446
ATTEMPT 523 W0 DONE 4x2 seed=1819406 nsol=16 0.01s 2026-07-22T17:20:03.455
ATTEMPT 524 W0 START 4x2 seed=1819407 2026-07-22T17:20:03.455
ATTEMPT 524 W0 SOLVE 4x2 2026-07-22T17:20:03.462
ATTEMPT 524 W0 DONE 4x2 seed=1819407 nsol=16 0.01s 2026-07-22T17:20:03.470
ATTEMPT 525 W0 START 4x2 seed=1819408 2026-07-22T17:20:03.470
ATTEMPT 525 W0 SOLVE 4x2 2026-07-22T17:20:03.477
ATTEMPT 525 W0 DONE 4x2 seed=1819408 nsol=16 0.01s 2026-07-22T17:20:03.491
ATTEMPT 526 W0 START 4x2 seed=1819409 2026-07-22T17:20:03.491
ATTEMPT 526 W0 SOLVE 4x2 2026-07-22T17:20:03.496
ATTEMPT 526 W0 DONE 4x2 seed=1819409 nsol=16 0.01s 2026-07-22T17:20:03.502
ATTEMPT 527 W0 START 4x2 seed=1819410 2026-07-22T17:20:03.502
ATTEMPT 527 W0 SOLVE 4x2 2026-07-22T17:20:03.508
ATTEMPT 527 W0 DONE 4x2 seed=1819410 nsol=16 0.01s 2026-07-22T17:20:03.515
ATTEMPT 528 W0 START 4x2 seed=1819411 2026-07-22T17:20:03.515
ATTEMPT 528 W0 SOLVE 4x2 2026-07-22T17:20:03.520
ATTEMPT 528 W0 DONE 4x2 seed=1819411 nsol=16 0.01s 2026-07-22T17:20:03.527
ATTEMPT 529 W0 START 4x2 seed=1819412 2026-07-22T17:20:03.527
ATTEMPT 529 W0 SOLVE 4x2 2026-07-22T17:20:03.533
ATTEMPT 529 W0 DONE 4x2 seed=1819412 nsol=16 0.01s 2026-07-22T17:20:03.541
ATTEMPT 530 W0 START 4x2 seed=1819413 2026-07-22T17:20:03.541
ATTEMPT 530 W0 SOLVE 4x2 2026-07-22T17:20:03.546
ATTEMPT 530 W0 DONE 4x2 seed=1819413 nsol=16 0.01s 2026-07-22T17:20:03.561
ATTEMPT 531 W0 START 4x2 seed=1819414 2026-07-22T17:20:03.562
ATTEMPT 531 W0 SOLVE 4x2 2026-07-22T17:20:03.569
ATTEMPT 531 W0 DONE 4x2 seed=1819414 nsol=16 0.01s 2026-07-22T17:20:03.574
ATTEMPT 532 W0 START 4x2 seed=1819415 2026-07-22T17:20:03.574
ATTEMPT 532 W0 SOLVE 4x2 2026-07-22T17:20:03.582
ATTEMPT 532 W0 DONE 4x2 seed=1819415 nsol=16 0.02s 2026-07-22T17:20:03.598
ATTEMPT 533 W0 START 4x2 seed=1819416 2026-07-22T17:20:03.599
ATTEMPT 533 W0 SOLVE 4x2 2026-07-22T17:20:03.605
ATTEMPT 533 W0 DONE 4x2 seed=1819416 nsol=16 0.01s 2026-07-22T17:20:03.615
ATTEMPT 534 W0 START 4x2 seed=1819417 2026-07-22T17:20:03.615
ATTEMPT 534 W0 SOLVE 4x2 2026-07-22T17:20:03.620
ATTEMPT 534 W0 DONE 4x2 seed=1819417 nsol=16 0.01s 2026-07-22T17:20:03.626
ATTEMPT 535 W0 START 4x2 seed=1819418 2026-07-22T17:20:03.626
ATTEMPT 535 W0 SOLVE 4x2 2026-07-22T17:20:03.631
ATTEMPT 535 W0 DONE 4x2 seed=1819418 nsol=16 0.01s 2026-07-22T17:20:03.643
ATTEMPT 536 W0 START 4x2 seed=1819419 2026-07-22T17:20:03.643
ATTEMPT 536 W0 SOLVE 4x2 2026-07-22T17:20:03.653
ATTEMPT 536 W0 DONE 4x2 seed=1819419 nsol=16 0.01s 2026-07-22T17:20:03.659
ATTEMPT 537 W0 START 4x2 seed=1819420 2026-07-22T17:20:03.659
ATTEMPT 537 W0 SOLVE 4x2 2026-07-22T17:20:03.666
ATTEMPT 537 W0 DONE 4x2 seed=1819420 nsol=16 0.02s 2026-07-22T17:20:03.687
ATTEMPT 538 W0 START 4x2 seed=1819421 2026-07-22T17:20:03.687
ATTEMPT 538 W0 SOLVE 4x2 2026-07-22T17:20:03.692
ATTEMPT 538 W0 DONE 4x2 seed=1819421 nsol=16 0.01s 2026-07-22T17:20:03.705
ATTEMPT 539 W0 START 4x2 seed=1819422 2026-07-22T17:20:03.706
ATTEMPT 539 W0 SOLVE 4x2 2026-07-22T17:20:03.711
ATTEMPT 539 W0 DONE 4x2 seed=1819422 nsol=16 0.01s 2026-07-22T17:20:03.723
ATTEMPT 540 W0 START 4x2 seed=1819423 2026-07-22T17:20:03.723
ATTEMPT 540 W0 SOLVE 4x2 2026-07-22T17:20:03.728
ATTEMPT 540 W0 DONE 4x2 seed=1819423 nsol=16 0.02s 2026-07-22T17:20:03.743
ATTEMPT 541 W0 START 4x2 seed=1819424 2026-07-22T17:20:03.743
ATTEMPT 541 W0 SOLVE 4x2 2026-07-22T17:20:03.749
ATTEMPT 541 W0 DONE 4x2 seed=1819424 nsol=16 0.01s 2026-07-22T17:20:03.759
ATTEMPT 542 W0 START 4x2 seed=1819425 2026-07-22T17:20:03.759
ATTEMPT 542 W0 SOLVE 4x2 2026-07-22T17:20:03.764
ATTEMPT 542 W0 DONE 4x2 seed=1819425 nsol=16 0.01s 2026-07-22T17:20:03.770
ATTEMPT 543 W0 START 4x2 seed=1819426 2026-07-22T17:20:03.770
ATTEMPT 543 W0 SOLVE 4x2 2026-07-22T17:20:03.778
ATTEMPT 543 W0 DONE 4x2 seed=1819426 nsol=16 0.03s 2026-07-22T17:20:03.803
ATTEMPT 544 W0 START 4x2 seed=1819427 2026-07-22T17:20:03.803
ATTEMPT 544 W0 SOLVE 4x2 2026-07-22T17:20:03.810
ATTEMPT 544 W0 DONE 4x2 seed=1819427 nsol=16 0.02s 2026-07-22T17:20:03.831
ATTEMPT 545 W0 START 4x2 seed=1819428 2026-07-22T17:20:03.831
ATTEMPT 545 W0 SOLVE 4x2 2026-07-22T17:20:03.839
ATTEMPT 545 W0 DONE 4x2 seed=1819428 nsol=16 0.02s 2026-07-22T17:20:03.855
ATTEMPT 546 W0 START 4x2 seed=1819429 2026-07-22T17:20:03.855
ATTEMPT 546 W0 SOLVE 4x2 2026-07-22T17:20:03.860
ATTEMPT 546 W0 DONE 4x2 seed=1819429 nsol=16 0.01s 2026-07-22T17:20:03.868
ATTEMPT 547 W0 START 4x2 seed=1819430 2026-07-22T17:20:03.868
ATTEMPT 547 W0 SOLVE 4x2 2026-07-22T17:20:03.873
ATTEMPT 547 W0 DONE 4x2 seed=1819430 nsol=16 0.01s 2026-07-22T17:20:03.887
ATTEMPT 548 W0 START 4x2 seed=1819431 2026-07-22T17:20:03.887
ATTEMPT 548 W0 SOLVE 4x2 2026-07-22T17:20:03.892
ATTEMPT 548 W0 DONE 4x2 seed=1819431 nsol=16 0.03s 2026-07-22T17:20:03.919
ATTEMPT 549 W0 START 4x2 seed=1819432 2026-07-22T17:20:03.919
ATTEMPT 549 W0 SOLVE 4x2 2026-07-22T17:20:03.924
ATTEMPT 549 W0 DONE 4x2 seed=1819432 nsol=16 0.01s 2026-07-22T17:20:03.935
ATTEMPT 550 W0 START 4x2 seed=1819433 2026-07-22T17:20:03.936
ATTEMPT 550 W0 SOLVE 4x2 2026-07-22T17:20:03.944
ATTEMPT 550 W0 DONE 4x2 seed=1819433 nsol=16 0.02s 2026-07-22T17:20:03.959
ATTEMPT 551 W0 START 4x2 seed=1819434 2026-07-22T17:20:03.959
ATTEMPT 551 W0 SOLVE 4x2 2026-07-22T17:20:03.966
ATTEMPT 551 W0 DONE 4x2 seed=1819434 nsol=16 0.02s 2026-07-22T17:20:03.983
ATTEMPT 552 W0 START 4x2 seed=1819435 2026-07-22T17:20:03.984
ATTEMPT 552 W0 SOLVE 4x2 2026-07-22T17:20:03.991
ATTEMPT 552 W0 DONE 4x2 seed=1819435 nsol=16 0.01s 2026-07-22T17:20:04
ATTEMPT 553 W0 START 4x2 seed=1819436 2026-07-22T17:20:04
ATTEMPT 553 W0 SOLVE 4x2 2026-07-22T17:20:04.015
ATTEMPT 553 W0 DONE 4x2 seed=1819436 nsol=16 0.02s 2026-07-22T17:20:04.035
ATTEMPT 554 W0 START 4x2 seed=1819437 2026-07-22T17:20:04.035
ATTEMPT 554 W0 SOLVE 4x2 2026-07-22T17:20:04.046
ATTEMPT 554 W0 DONE 4x2 seed=1819437 nsol=16 0.02s 2026-07-22T17:20:04.067
ATTEMPT 555 W0 START 4x2 seed=1819438 2026-07-22T17:20:04.067
ATTEMPT 555 W0 SOLVE 4x2 2026-07-22T17:20:04.075
ATTEMPT 555 W0 DONE 4x2 seed=1819438 nsol=16 0.02s 2026-07-22T17:20:04.103
ATTEMPT 556 W0 START 4x2 seed=1819439 2026-07-22T17:20:04.103
ATTEMPT 556 W0 SOLVE 4x2 2026-07-22T17:20:04.114
ATTEMPT 556 W0 DONE 4x2 seed=1819439 nsol=16 0.02s 2026-07-22T17:20:04.135
ATTEMPT 557 W0 START 4x2 seed=1819440 2026-07-22T17:20:04.135
ATTEMPT 557 W0 SOLVE 4x2 2026-07-22T17:20:04.144
ATTEMPT 557 W0 DONE 4x2 seed=1819440 nsol=16 0.01s 2026-07-22T17:20:04.151
ATTEMPT 558 W0 START 4x2 seed=1819441 2026-07-22T17:20:04.152
ATTEMPT 558 W0 SOLVE 4x2 2026-07-22T17:20:04.156
ATTEMPT 558 W0 DONE 4x2 seed=1819441 nsol=16 0.01s 2026-07-22T17:20:04.169
ATTEMPT 559 W0 START 4x2 seed=1819442 2026-07-22T17:20:04.170
ATTEMPT 559 W0 SOLVE 4x2 2026-07-22T17:20:04.179
ATTEMPT 559 W0 DONE 4x2 seed=1819442 nsol=16 0.02s 2026-07-22T17:20:04.200
ATTEMPT 560 W0 START 4x2 seed=1819443 2026-07-22T17:20:04.200
ATTEMPT 560 W0 SOLVE 4x2 2026-07-22T17:20:04.205
ATTEMPT 560 W0 DONE 4x2 seed=1819443 nsol=16 0.02s 2026-07-22T17:20:04.224
ATTEMPT 561 W0 START 4x2 seed=1819444 2026-07-22T17:20:04.224
ATTEMPT 561 W0 SOLVE 4x2 2026-07-22T17:20:04.239
ATTEMPT 561 W0 DONE 4x2 seed=1819444 nsol=16 0.00s 2026-07-22T17:20:04.244
ATTEMPT 562 W0 START 4x2 seed=1819445 2026-07-22T17:20:04.244
ATTEMPT 562 W0 SOLVE 4x2 2026-07-22T17:20:04.254
ATTEMPT 562 W0 DONE 4x2 seed=1819445 nsol=16 0.01s 2026-07-22T17:20:04.270
ATTEMPT 563 W0 START 4x2 seed=1819446 2026-07-22T17:20:04.271
ATTEMPT 563 W0 SOLVE 4x2 2026-07-22T17:20:04.278
ATTEMPT 563 W0 DONE 4x2 seed=1819446 nsol=16 0.02s 2026-07-22T17:20:04.300
ATTEMPT 564 W0 START 4x2 seed=1819447 2026-07-22T17:20:04.300
ATTEMPT 564 W0 SOLVE 4x2 2026-07-22T17:20:04.307
ATTEMPT 564 W0 DONE 4x2 seed=1819447 nsol=16 0.02s 2026-07-22T17:20:04.331
ATTEMPT 565 W0 START 4x2 seed=1819448 2026-07-22T17:20:04.331
ATTEMPT 565 W0 SOLVE 4x2 2026-07-22T17:20:04.341
ATTEMPT 565 W0 DONE 4x2 seed=1819448 nsol=16 0.01s 2026-07-22T17:20:04.355
ATTEMPT 566 W0 START 4x2 seed=1819449 2026-07-22T17:20:04.355
ATTEMPT 566 W0 SOLVE 4x2 2026-07-22T17:20:04.364
ATTEMPT 566 W0 DONE 4x2 seed=1819449 nsol=16 0.02s 2026-07-22T17:20:04.383
ATTEMPT 567 W0 START 4x2 seed=1819450 2026-07-22T17:20:04.383
ATTEMPT 567 W0 SOLVE 4x2 2026-07-22T17:20:04.390
ATTEMPT 567 W0 DONE 4x2 seed=1819450 nsol=16 0.02s 2026-07-22T17:20:04.414
ATTEMPT 568 W0 START 4x2 seed=1819451 2026-07-22T17:20:04.414
ATTEMPT 568 W0 SOLVE 4x2 2026-07-22T17:20:04.419
ATTEMPT 568 W0 DONE 4x2 seed=1819451 nsol=16 0.01s 2026-07-22T17:20:04.425
ATTEMPT 569 W0 START 4x2 seed=1819452 2026-07-22T17:20:04.425
ATTEMPT 569 W0 SOLVE 4x2 2026-07-22T17:20:04.430
ATTEMPT 569 W0 DONE 4x2 seed=1819452 nsol=16 0.02s 2026-07-22T17:20:04.453
ATTEMPT 570 W0 START 4x2 seed=1819453 2026-07-22T17:20:04.454
ATTEMPT 570 W0 SOLVE 4x2 2026-07-22T17:20:04.461
ATTEMPT 570 W0 DONE 4x2 seed=1819453 nsol=16 0.01s 2026-07-22T17:20:04.471
ATTEMPT 571 W0 START 4x2 seed=1819454 2026-07-22T17:20:04.471
ATTEMPT 571 W0 SOLVE 4x2 2026-07-22T17:20:04.480
ATTEMPT 571 W0 DONE 4x2 seed=1819454 nsol=16 0.01s 2026-07-22T17:20:04.495
ATTEMPT 572 W0 START 4x2 seed=1819455 2026-07-22T17:20:04.495
ATTEMPT 572 W0 SOLVE 4x2 2026-07-22T17:20:04.512
ATTEMPT 572 W0 DONE 4x2 seed=1819455 nsol=16 0.01s 2026-07-22T17:20:04.522
ATTEMPT 573 W0 START 4x2 seed=1819456 2026-07-22T17:20:04.522
ATTEMPT 573 W0 SOLVE 4x2 2026-07-22T17:20:04.528
ATTEMPT 573 W0 DONE 4x2 seed=1819456 nsol=16 0.00s 2026-07-22T17:20:04.536
ATTEMPT 574 W0 START 4x2 seed=1819457 2026-07-22T17:20:04.536
ATTEMPT 574 W0 SOLVE 4x2 2026-07-22T17:20:04.542
ATTEMPT 574 W0 DONE 4x2 seed=1819457 nsol=16 0.01s 2026-07-22T17:20:04.555
ATTEMPT 575 W0 START 4x2 seed=1819458 2026-07-22T17:20:04.556
ATTEMPT 575 W0 SOLVE 4x2 2026-07-22T17:20:04.563
ATTEMPT 575 W0 DONE 4x2 seed=1819458 nsol=16 0.01s 2026-07-22T17:20:04.575
ATTEMPT 576 W0 START 4x2 seed=1819459 2026-07-22T17:20:04.575
ATTEMPT 576 W0 SOLVE 4x2 2026-07-22T17:20:04.581
ATTEMPT 576 W0 DONE 4x2 seed=1819459 nsol=16 0.02s 2026-07-22T17:20:04.599
ATTEMPT 577 W0 START 4x2 seed=1819460 2026-07-22T17:20:04.599
ATTEMPT 577 W0 SOLVE 4x2 2026-07-22T17:20:04.604
ATTEMPT 577 W0 DONE 4x2 seed=1819460 nsol=16 0.01s 2026-07-22T17:20:04.615
ATTEMPT 578 W0 START 4x2 seed=1819461 2026-07-22T17:20:04.615
ATTEMPT 578 W0 SOLVE 4x2 2026-07-22T17:20:04.621
ATTEMPT 578 W0 DONE 4x2 seed=1819461 nsol=16 0.01s 2026-07-22T17:20:04.633
ATTEMPT 579 W0 START 4x2 seed=1819462 2026-07-22T17:20:04.633
ATTEMPT 579 W0 SOLVE 4x2 2026-07-22T17:20:04.639
ATTEMPT 579 W0 DONE 4x2 seed=1819462 nsol=16 0.01s 2026-07-22T17:20:04.648
ATTEMPT 580 W0 START 4x2 seed=1819463 2026-07-22T17:20:04.648
ATTEMPT 580 W0 SOLVE 4x2 2026-07-22T17:20:04.654
ATTEMPT 580 W0 DONE 4x2 seed=1819463 nsol=16 0.01s 2026-07-22T17:20:04.660
ATTEMPT 581 W0 START 4x2 seed=1819464 2026-07-22T17:20:04.660
ATTEMPT 581 W0 SOLVE 4x2 2026-07-22T17:20:04.674
ATTEMPT 581 W0 DONE 4x2 seed=1819464 nsol=16 0.02s 2026-07-22T17:20:04.691
ATTEMPT 582 W0 START 4x2 seed=1819465 2026-07-22T17:20:04.691
ATTEMPT 582 W0 SOLVE 4x2 2026-07-22T17:20:04.699
ATTEMPT 582 W0 DONE 4x2 seed=1819465 nsol=16 0.01s 2026-07-22T17:20:04.711
ATTEMPT 583 W0 START 4x2 seed=1819466 2026-07-22T17:20:04.711
ATTEMPT 583 W0 SOLVE 4x2 2026-07-22T17:20:04.720
ATTEMPT 583 W0 DONE 4x2 seed=1819466 nsol=16 5.17s 2026-07-22T17:20:09.887
ATTEMPT 584 W0 START 4x2 seed=1819467 2026-07-22T17:20:09.887
ATTEMPT 584 W0 SOLVE 4x2 2026-07-22T17:20:09.901
ATTEMPT 584 W0 DONE 4x2 seed=1819467 nsol=16 0.01s 2026-07-22T17:20:09.915
ATTEMPT 585 W0 START 4x2 seed=1819468 2026-07-22T17:20:09.916
ATTEMPT 585 W0 SOLVE 4x2 2026-07-22T17:20:09.934
ATTEMPT 585 W0 DONE 4x2 seed=1819468 nsol=16 0.03s 2026-07-22T17:20:09.979
ATTEMPT 586 W0 START 4x2 seed=1819469 2026-07-22T17:20:09.979
ATTEMPT 586 W0 SOLVE 4x2 2026-07-22T17:20:09.990
ATTEMPT 586 W0 DONE 4x2 seed=1819469 nsol=16 0.02s 2026-07-22T17:20:10.015
ATTEMPT 587 W0 START 4x2 seed=1819470 2026-07-22T17:20:10.016
ATTEMPT 587 W0 SOLVE 4x2 2026-07-22T17:20:10.044
ATTEMPT 587 W0 DONE 4x2 seed=1819470 nsol=16 0.02s 2026-07-22T17:20:10.062
ATTEMPT 588 W0 START 4x2 seed=1819471 2026-07-22T17:20:10.062
ATTEMPT 588 W0 SOLVE 4x2 2026-07-22T17:20:10.076
ATTEMPT 588 W0 DONE 4x2 seed=1819471 nsol=16 0.03s 2026-07-22T17:20:10.108
ATTEMPT 589 W0 START 4x2 seed=1819472 2026-07-22T17:20:10.108
ATTEMPT 589 W0 SOLVE 4x2 2026-07-22T17:20:10.125
ATTEMPT 589 W0 DONE 4x2 seed=1819472 nsol=16 0.02s 2026-07-22T17:20:10.141
ATTEMPT 590 W0 START 4x2 seed=1819473 2026-07-22T17:20:10.141
ATTEMPT 590 W0 SOLVE 4x2 2026-07-22T17:20:10.163
ATTEMPT 590 W0 DONE 4x2 seed=1819473 nsol=16 0.00s 2026-07-22T17:20:10.167
ATTEMPT 591 W0 START 4x2 seed=1819474 2026-07-22T17:20:10.167
ATTEMPT 591 W0 SOLVE 4x2 2026-07-22T17:20:10.191
ATTEMPT 591 W0 DONE 4x2 seed=1819474 nsol=16 0.02s 2026-07-22T17:20:10.216
ATTEMPT 592 W0 START 4x2 seed=1819475 2026-07-22T17:20:10.216
ATTEMPT 592 W0 SOLVE 4x2 2026-07-22T17:20:10.239
ATTEMPT 592 W0 DONE 4x2 seed=1819475 nsol=16 0.01s 2026-07-22T17:20:10.252
ATTEMPT 593 W0 START 4x2 seed=1819476 2026-07-22T17:20:10.253
ATTEMPT 593 W0 SOLVE 4x2 2026-07-22T17:20:10.265
ATTEMPT 593 W0 DONE 4x2 seed=1819476 nsol=16 0.02s 2026-07-22T17:20:10.288
ATTEMPT 594 W0 START 4x2 seed=1819477 2026-07-22T17:20:10.288
ATTEMPT 594 W0 SOLVE 4x2 2026-07-22T17:20:10.299
ATTEMPT 594 W0 DONE 4x2 seed=1819477 nsol=16 0.02s 2026-07-22T17:20:10.324
ATTEMPT 595 W0 START 4x2 seed=1819478 2026-07-22T17:20:10.324
ATTEMPT 595 W0 SOLVE 4x2 2026-07-22T17:20:10.344
ATTEMPT 595 W0 DONE 4x2 seed=1819478 nsol=16 0.02s 2026-07-22T17:20:10.363
ATTEMPT 596 W0 START 4x2 seed=1819479 2026-07-22T17:20:10.363
ATTEMPT 596 W0 SOLVE 4x2 2026-07-22T17:20:10.373
ATTEMPT 596 W0 DONE 4x2 seed=1819479 nsol=16 0.03s 2026-07-22T17:20:10.400
ATTEMPT 597 W0 START 4x2 seed=1819480 2026-07-22T17:20:10.401
ATTEMPT 597 W0 SOLVE 4x2 2026-07-22T17:20:10.406
ATTEMPT 597 W0 DONE 4x2 seed=1819480 nsol=16 0.02s 2026-07-22T17:20:10.427
ATTEMPT 598 W0 START 4x2 seed=1819481 2026-07-22T17:20:10.427
ATTEMPT 598 W0 SOLVE 4x2 2026-07-22T17:20:10.437
ATTEMPT 598 W0 DONE 4x2 seed=1819481 nsol=16 0.04s 2026-07-22T17:20:10.475
ATTEMPT 599 W0 START 4x2 seed=1819482 2026-07-22T17:20:10.475
ATTEMPT 599 W0 SOLVE 4x2 2026-07-22T17:20:10.493
ATTEMPT 599 W0 DONE 4x2 seed=1819482 nsol=16 0.02s 2026-07-22T17:20:10.511
ATTEMPT 600 W0 START 4x2 seed=1819483 2026-07-22T17:20:10.511
ATTEMPT 600 W0 SOLVE 4x2 2026-07-22T17:20:10.521
ATTEMPT 600 W0 DONE 4x2 seed=1819483 nsol=16 0.02s 2026-07-22T17:20:10.544
HUNT2 complete 2026-07-22T17:20:10.552
