HUNT2 start mode=seq hcthr=on nworkers=0 nthreads=14 ngcthreads=14 nsolves=600 seed_base=1609824 shape=4x2 pid=2177193 julia=1.12.6 HC=2.20.0 2026-07-22T17:12:11.396
ATTEMPT 1 W0 START 4x2 seed=1609825 2026-07-22T17:12:14.261
ATTEMPT 1 W0 SOLVE 4x2 2026-07-22T17:12:17.308
Computing mixed cells... 2    Time: 0:00:01[K
   mixed_volume: 5[K[A
[K[AComputing mixed cells... 10    Time: 0:00:02[K
   mixed_volume: 16[K
ATTEMPT 1 W0 DONE 4x2 seed=1609825 nsol=16 98.03s 2026-07-22T17:13:55.804
ATTEMPT 2 W0 START 4x2 seed=1609826 2026-07-22T17:13:56.492
ATTEMPT 2 W0 SOLVE 4x2 2026-07-22T17:13:56.503
ATTEMPT 2 W0 DONE 4x2 seed=1609826 nsol=16 0.02s 2026-07-22T17:13:56.518
ATTEMPT 3 W0 START 4x2 seed=1609827 2026-07-22T17:13:56.518
ATTEMPT 3 W0 SOLVE 4x2 2026-07-22T17:13:56.529
ATTEMPT 3 W0 DONE 4x2 seed=1609827 nsol=16 0.01s 2026-07-22T17:13:56.544
ATTEMPT 4 W0 START 4x2 seed=1609828 2026-07-22T17:13:56.544
ATTEMPT 4 W0 SOLVE 4x2 2026-07-22T17:13:56.554
ATTEMPT 4 W0 DONE 4x2 seed=1609828 nsol=16 0.01s 2026-07-22T17:13:56.564
ATTEMPT 5 W0 START 4x2 seed=1609829 2026-07-22T17:13:56.564
ATTEMPT 5 W0 SOLVE 4x2 2026-07-22T17:13:56.570
ATTEMPT 5 W0 DONE 4x2 seed=1609829 nsol=16 0.02s 2026-07-22T17:13:56.590
ATTEMPT 6 W0 START 4x2 seed=1609830 2026-07-22T17:13:56.590
ATTEMPT 6 W0 SOLVE 4x2 2026-07-22T17:13:56.598
ATTEMPT 6 W0 DONE 4x2 seed=1609830 nsol=16 0.01s 2026-07-22T17:13:56.612
ATTEMPT 7 W0 START 4x2 seed=1609831 2026-07-22T17:13:56.612
ATTEMPT 7 W0 SOLVE 4x2 2026-07-22T17:13:56.618
ATTEMPT 7 W0 DONE 4x2 seed=1609831 nsol=16 0.02s 2026-07-22T17:13:56.636
ATTEMPT 8 W0 START 4x2 seed=1609832 2026-07-22T17:13:56.636
ATTEMPT 8 W0 SOLVE 4x2 2026-07-22T17:13:56.642
ATTEMPT 8 W0 DONE 4x2 seed=1609832 nsol=16 0.01s 2026-07-22T17:13:56.652
ATTEMPT 9 W0 START 4x2 seed=1609833 2026-07-22T17:13:56.652
ATTEMPT 9 W0 SOLVE 4x2 2026-07-22T17:13:56.657
ATTEMPT 9 W0 DONE 4x2 seed=1609833 nsol=16 0.01s 2026-07-22T17:13:56.672
ATTEMPT 10 W0 START 4x2 seed=1609834 2026-07-22T17:13:56.672
ATTEMPT 10 W0 SOLVE 4x2 2026-07-22T17:13:56.694
ATTEMPT 10 W0 DONE 4x2 seed=1609834 nsol=16 0.01s 2026-07-22T17:13:56.709
ATTEMPT 11 W0 START 4x2 seed=1609835 2026-07-22T17:13:56.709
ATTEMPT 11 W0 SOLVE 4x2 2026-07-22T17:13:56.733
ATTEMPT 11 W0 DONE 4x2 seed=1609835 nsol=16 0.02s 2026-07-22T17:13:56.750
ATTEMPT 12 W0 START 4x2 seed=1609836 2026-07-22T17:13:56.750
ATTEMPT 12 W0 SOLVE 4x2 2026-07-22T17:13:56.765
ATTEMPT 12 W0 DONE 4x2 seed=1609836 nsol=16 0.02s 2026-07-22T17:13:56.784
ATTEMPT 13 W0 START 4x2 seed=1609837 2026-07-22T17:13:56.784
ATTEMPT 13 W0 SOLVE 4x2 2026-07-22T17:13:56.794
ATTEMPT 13 W0 DONE 4x2 seed=1609837 nsol=16 0.02s 2026-07-22T17:13:56.813
ATTEMPT 14 W0 START 4x2 seed=1609838 2026-07-22T17:13:56.813
ATTEMPT 14 W0 SOLVE 4x2 2026-07-22T17:13:56.821
ATTEMPT 14 W0 DONE 4x2 seed=1609838 nsol=16 0.02s 2026-07-22T17:13:56.841
ATTEMPT 15 W0 START 4x2 seed=1609839 2026-07-22T17:13:56.841
ATTEMPT 15 W0 SOLVE 4x2 2026-07-22T17:13:56.849
ATTEMPT 15 W0 DONE 4x2 seed=1609839 nsol=16 0.01s 2026-07-22T17:13:56.863
ATTEMPT 16 W0 START 4x2 seed=1609840 2026-07-22T17:13:56.863
ATTEMPT 16 W0 SOLVE 4x2 2026-07-22T17:13:56.871
ATTEMPT 16 W0 DONE 4x2 seed=1609840 nsol=16 0.01s 2026-07-22T17:13:56.884
ATTEMPT 17 W0 START 4x2 seed=1609841 2026-07-22T17:13:56.884
ATTEMPT 17 W0 SOLVE 4x2 2026-07-22T17:13:56.892
ATTEMPT 17 W0 DONE 4x2 seed=1609841 nsol=16 0.01s 2026-07-22T17:13:56.898
ATTEMPT 18 W0 START 4x2 seed=1609842 2026-07-22T17:13:56.898
ATTEMPT 18 W0 SOLVE 4x2 2026-07-22T17:13:56.908
ATTEMPT 18 W0 DONE 4x2 seed=1609842 nsol=16 0.03s 2026-07-22T17:13:56.936
ATTEMPT 19 W0 START 4x2 seed=1609843 2026-07-22T17:13:56.936
ATTEMPT 19 W0 SOLVE 4x2 2026-07-22T17:13:56.944
ATTEMPT 19 W0 DONE 4x2 seed=1609843 nsol=16 0.02s 2026-07-22T17:13:56.960
ATTEMPT 20 W0 START 4x2 seed=1609844 2026-07-22T17:13:56.960
ATTEMPT 20 W0 SOLVE 4x2 2026-07-22T17:13:56.965
ATTEMPT 20 W0 DONE 4x2 seed=1609844 nsol=16 0.02s 2026-07-22T17:13:56.989
ATTEMPT 21 W0 START 4x2 seed=1609845 2026-07-22T17:13:56.989
ATTEMPT 21 W0 SOLVE 4x2 2026-07-22T17:13:56.998
ATTEMPT 21 W0 DONE 4x2 seed=1609845 nsol=16 0.01s 2026-07-22T17:13:57.005
ATTEMPT 22 W0 START 4x2 seed=1609846 2026-07-22T17:13:57.006
ATTEMPT 22 W0 SOLVE 4x2 2026-07-22T17:13:57.014
ATTEMPT 22 W0 DONE 4x2 seed=1609846 nsol=16 0.01s 2026-07-22T17:13:57.028
ATTEMPT 23 W0 START 4x2 seed=1609847 2026-07-22T17:13:57.028
ATTEMPT 23 W0 SOLVE 4x2 2026-07-22T17:13:57.035
ATTEMPT 23 W0 DONE 4x2 seed=1609847 nsol=16 0.01s 2026-07-22T17:13:57.045
ATTEMPT 24 W0 START 4x2 seed=1609848 2026-07-22T17:13:57.045
ATTEMPT 24 W0 SOLVE 4x2 2026-07-22T17:13:57.053
ATTEMPT 24 W0 DONE 4x2 seed=1609848 nsol=16 0.01s 2026-07-22T17:13:57.064
ATTEMPT 25 W0 START 4x2 seed=1609849 2026-07-22T17:13:57.064
ATTEMPT 25 W0 SOLVE 4x2 2026-07-22T17:13:57.073
ATTEMPT 25 W0 DONE 4x2 seed=1609849 nsol=16 0.02s 2026-07-22T17:13:57.095
ATTEMPT 26 W0 START 4x2 seed=1609850 2026-07-22T17:13:57.095
ATTEMPT 26 W0 SOLVE 4x2 2026-07-22T17:13:57.101
ATTEMPT 26 W0 DONE 4x2 seed=1609850 nsol=16 0.01s 2026-07-22T17:13:57.114
ATTEMPT 27 W0 START 4x2 seed=1609851 2026-07-22T17:13:57.114
ATTEMPT 27 W0 SOLVE 4x2 2026-07-22T17:13:57.119
ATTEMPT 27 W0 DONE 4x2 seed=1609851 nsol=16 0.02s 2026-07-22T17:13:57.136
ATTEMPT 28 W0 START 4x2 seed=1609852 2026-07-22T17:13:57.136
ATTEMPT 28 W0 SOLVE 4x2 2026-07-22T17:13:57.143
ATTEMPT 28 W0 DONE 4x2 seed=1609852 nsol=16 0.02s 2026-07-22T17:13:57.161
ATTEMPT 29 W0 START 4x2 seed=1609853 2026-07-22T17:13:57.162
ATTEMPT 29 W0 SOLVE 4x2 2026-07-22T17:13:57.170
ATTEMPT 29 W0 DONE 4x2 seed=1609853 nsol=16 0.02s 2026-07-22T17:13:57.192
ATTEMPT 30 W0 START 4x2 seed=1609854 2026-07-22T17:13:57.192
ATTEMPT 30 W0 SOLVE 4x2 2026-07-22T17:13:57.206
ATTEMPT 30 W0 DONE 4x2 seed=1609854 nsol=16 0.02s 2026-07-22T17:13:57.222
ATTEMPT 31 W0 START 4x2 seed=1609855 2026-07-22T17:13:57.222
ATTEMPT 31 W0 SOLVE 4x2 2026-07-22T17:13:57.238
ATTEMPT 31 W0 DONE 4x2 seed=1609855 nsol=16 0.02s 2026-07-22T17:13:57.256
ATTEMPT 32 W0 START 4x2 seed=1609856 2026-07-22T17:13:57.256
ATTEMPT 32 W0 SOLVE 4x2 2026-07-22T17:13:57.272
ATTEMPT 32 W0 DONE 4x2 seed=1609856 nsol=16 0.02s 2026-07-22T17:13:57.296
ATTEMPT 33 W0 START 4x2 seed=1609857 2026-07-22T17:13:57.296
ATTEMPT 33 W0 SOLVE 4x2 2026-07-22T17:13:57.313
ATTEMPT 33 W0 DONE 4x2 seed=1609857 nsol=16 0.08s 2026-07-22T17:13:57.395
ATTEMPT 34 W0 START 4x2 seed=1609858 2026-07-22T17:13:57.402
ATTEMPT 34 W0 SOLVE 4x2 2026-07-22T17:13:57.410
ATTEMPT 34 W0 DONE 4x2 seed=1609858 nsol=16 0.01s 2026-07-22T17:13:57.421
ATTEMPT 35 W0 START 4x2 seed=1609859 2026-07-22T17:13:57.421
ATTEMPT 35 W0 SOLVE 4x2 2026-07-22T17:13:57.428
ATTEMPT 35 W0 DONE 4x2 seed=1609859 nsol=16 0.02s 2026-07-22T17:13:57.444
ATTEMPT 36 W0 START 4x2 seed=1609860 2026-07-22T17:13:57.444
ATTEMPT 36 W0 SOLVE 4x2 2026-07-22T17:13:57.451
ATTEMPT 36 W0 DONE 4x2 seed=1609860 nsol=16 0.01s 2026-07-22T17:13:57.459
ATTEMPT 37 W0 START 4x2 seed=1609861 2026-07-22T17:13:57.459
ATTEMPT 37 W0 SOLVE 4x2 2026-07-22T17:13:57.466
ATTEMPT 37 W0 DONE 4x2 seed=1609861 nsol=16 0.01s 2026-07-22T17:13:57.480
ATTEMPT 38 W0 START 4x2 seed=1609862 2026-07-22T17:13:57.480
ATTEMPT 38 W0 SOLVE 4x2 2026-07-22T17:13:57.490
ATTEMPT 38 W0 DONE 4x2 seed=1609862 nsol=16 0.00s 2026-07-22T17:13:57.500
ATTEMPT 39 W0 START 4x2 seed=1609863 2026-07-22T17:13:57.500
ATTEMPT 39 W0 SOLVE 4x2 2026-07-22T17:13:57.510
ATTEMPT 39 W0 DONE 4x2 seed=1609863 nsol=16 0.01s 2026-07-22T17:13:57.524
ATTEMPT 40 W0 START 4x2 seed=1609864 2026-07-22T17:13:57.524
ATTEMPT 40 W0 SOLVE 4x2 2026-07-22T17:13:57.534
ATTEMPT 40 W0 DONE 4x2 seed=1609864 nsol=16 0.01s 2026-07-22T17:13:57.542
ATTEMPT 41 W0 START 4x2 seed=1609865 2026-07-22T17:13:57.542
ATTEMPT 41 W0 SOLVE 4x2 2026-07-22T17:13:57.548
ATTEMPT 41 W0 DONE 4x2 seed=1609865 nsol=16 0.01s 2026-07-22T17:13:57.562
ATTEMPT 42 W0 START 4x2 seed=1609866 2026-07-22T17:13:57.562
ATTEMPT 42 W0 SOLVE 4x2 2026-07-22T17:13:57.573
ATTEMPT 42 W0 DONE 4x2 seed=1609866 nsol=16 0.01s 2026-07-22T17:13:57.584
ATTEMPT 43 W0 START 4x2 seed=1609867 2026-07-22T17:13:57.584
ATTEMPT 43 W0 SOLVE 4x2 2026-07-22T17:13:57.592
ATTEMPT 43 W0 DONE 4x2 seed=1609867 nsol=16 0.01s 2026-07-22T17:13:57.604
ATTEMPT 44 W0 START 4x2 seed=1609868 2026-07-22T17:13:57.604
ATTEMPT 44 W0 SOLVE 4x2 2026-07-22T17:13:57.613
ATTEMPT 44 W0 DONE 4x2 seed=1609868 nsol=16 0.02s 2026-07-22T17:13:57.636
ATTEMPT 45 W0 START 4x2 seed=1609869 2026-07-22T17:13:57.636
ATTEMPT 45 W0 SOLVE 4x2 2026-07-22T17:13:57.644
ATTEMPT 45 W0 DONE 4x2 seed=1609869 nsol=16 0.02s 2026-07-22T17:13:57.660
ATTEMPT 46 W0 START 4x2 seed=1609870 2026-07-22T17:13:57.660
ATTEMPT 46 W0 SOLVE 4x2 2026-07-22T17:13:57.676
ATTEMPT 46 W0 DONE 4x2 seed=1609870 nsol=16 0.02s 2026-07-22T17:13:57.692
ATTEMPT 47 W0 START 4x2 seed=1609871 2026-07-22T17:13:57.692
ATTEMPT 47 W0 SOLVE 4x2 2026-07-22T17:13:57.704
ATTEMPT 47 W0 DONE 4x2 seed=1609871 nsol=16 0.02s 2026-07-22T17:13:57.720
ATTEMPT 48 W0 START 4x2 seed=1609872 2026-07-22T17:13:57.720
ATTEMPT 48 W0 SOLVE 4x2 2026-07-22T17:13:57.727
ATTEMPT 48 W0 DONE 4x2 seed=1609872 nsol=16 0.02s 2026-07-22T17:13:57.752
ATTEMPT 49 W0 START 4x2 seed=1609873 2026-07-22T17:13:57.752
ATTEMPT 49 W0 SOLVE 4x2 2026-07-22T17:13:57.762
ATTEMPT 49 W0 DONE 4x2 seed=1609873 nsol=16 0.01s 2026-07-22T17:13:57.775
ATTEMPT 50 W0 START 4x2 seed=1609874 2026-07-22T17:13:57.775
ATTEMPT 50 W0 SOLVE 4x2 2026-07-22T17:13:57.781
ATTEMPT 50 W0 DONE 4x2 seed=1609874 nsol=16 0.01s 2026-07-22T17:13:57.796
ATTEMPT 51 W0 START 4x2 seed=1609875 2026-07-22T17:13:57.796
ATTEMPT 51 W0 SOLVE 4x2 2026-07-22T17:13:57.806
ATTEMPT 51 W0 DONE 4x2 seed=1609875 nsol=16 0.02s 2026-07-22T17:13:57.822
ATTEMPT 52 W0 START 4x2 seed=1609876 2026-07-22T17:13:57.822
ATTEMPT 52 W0 SOLVE 4x2 2026-07-22T17:13:57.829
ATTEMPT 52 W0 DONE 4x2 seed=1609876 nsol=16 0.02s 2026-07-22T17:13:57.844
ATTEMPT 53 W0 START 4x2 seed=1609877 2026-07-22T17:13:57.844
ATTEMPT 53 W0 SOLVE 4x2 2026-07-22T17:13:57.850
ATTEMPT 53 W0 DONE 4x2 seed=1609877 nsol=16 0.03s 2026-07-22T17:13:57.876
ATTEMPT 54 W0 START 4x2 seed=1609878 2026-07-22T17:13:57.876
ATTEMPT 54 W0 SOLVE 4x2 2026-07-22T17:13:57.881
ATTEMPT 54 W0 DONE 4x2 seed=1609878 nsol=16 0.01s 2026-07-22T17:13:57.892
ATTEMPT 55 W0 START 4x2 seed=1609879 2026-07-22T17:13:57.892
ATTEMPT 55 W0 SOLVE 4x2 2026-07-22T17:13:57.900
ATTEMPT 55 W0 DONE 4x2 seed=1609879 nsol=16 0.01s 2026-07-22T17:13:57.914
ATTEMPT 56 W0 START 4x2 seed=1609880 2026-07-22T17:13:57.914
ATTEMPT 56 W0 SOLVE 4x2 2026-07-22T17:13:57.935
ATTEMPT 56 W0 DONE 4x2 seed=1609880 nsol=16 0.02s 2026-07-22T17:13:57.956
ATTEMPT 57 W0 START 4x2 seed=1609881 2026-07-22T17:13:57.957
ATTEMPT 57 W0 SOLVE 4x2 2026-07-22T17:13:57.965
ATTEMPT 57 W0 DONE 4x2 seed=1609881 nsol=16 0.02s 2026-07-22T17:13:57.988
ATTEMPT 58 W0 START 4x2 seed=1609882 2026-07-22T17:13:57.988
ATTEMPT 58 W0 SOLVE 4x2 2026-07-22T17:13:57.994
ATTEMPT 58 W0 DONE 4x2 seed=1609882 nsol=16 0.02s 2026-07-22T17:13:58.012
ATTEMPT 59 W0 START 4x2 seed=1609883 2026-07-22T17:13:58.012
ATTEMPT 59 W0 SOLVE 4x2 2026-07-22T17:13:58.018
ATTEMPT 59 W0 DONE 4x2 seed=1609883 nsol=16 0.01s 2026-07-22T17:13:58.032
ATTEMPT 60 W0 START 4x2 seed=1609884 2026-07-22T17:13:58.032
ATTEMPT 60 W0 SOLVE 4x2 2026-07-22T17:13:58.038
ATTEMPT 60 W0 DONE 4x2 seed=1609884 nsol=16 0.01s 2026-07-22T17:13:58.052
ATTEMPT 61 W0 START 4x2 seed=1609885 2026-07-22T17:13:58.052
ATTEMPT 61 W0 SOLVE 4x2 2026-07-22T17:13:58.060
ATTEMPT 61 W0 DONE 4x2 seed=1609885 nsol=16 0.02s 2026-07-22T17:13:58.076
ATTEMPT 62 W0 START 4x2 seed=1609886 2026-07-22T17:13:58.076
ATTEMPT 62 W0 SOLVE 4x2 2026-07-22T17:13:58.083
ATTEMPT 62 W0 DONE 4x2 seed=1609886 nsol=16 0.01s 2026-07-22T17:13:58.091
ATTEMPT 63 W0 START 4x2 seed=1609887 2026-07-22T17:13:58.091
ATTEMPT 63 W0 SOLVE 4x2 2026-07-22T17:13:58.097
ATTEMPT 63 W0 DONE 4x2 seed=1609887 nsol=16 0.02s 2026-07-22T17:13:58.120
ATTEMPT 64 W0 START 4x2 seed=1609888 2026-07-22T17:13:58.120
ATTEMPT 64 W0 SOLVE 4x2 2026-07-22T17:13:58.126
ATTEMPT 64 W0 DONE 4x2 seed=1609888 nsol=16 0.02s 2026-07-22T17:13:58.144
ATTEMPT 65 W0 START 4x2 seed=1609889 2026-07-22T17:13:58.144
ATTEMPT 65 W0 SOLVE 4x2 2026-07-22T17:13:58.152
ATTEMPT 65 W0 DONE 4x2 seed=1609889 nsol=16 0.02s 2026-07-22T17:13:58.168
ATTEMPT 66 W0 START 4x2 seed=1609890 2026-07-22T17:13:58.168
ATTEMPT 66 W0 SOLVE 4x2 2026-07-22T17:13:58.175
ATTEMPT 66 W0 DONE 4x2 seed=1609890 nsol=16 0.01s 2026-07-22T17:13:58.186
ATTEMPT 67 W0 START 4x2 seed=1609891 2026-07-22T17:13:58.186
ATTEMPT 67 W0 SOLVE 4x2 2026-07-22T17:13:58.195
ATTEMPT 67 W0 DONE 4x2 seed=1609891 nsol=16 0.02s 2026-07-22T17:13:58.216
ATTEMPT 68 W0 START 4x2 seed=1609892 2026-07-22T17:13:58.216
ATTEMPT 68 W0 SOLVE 4x2 2026-07-22T17:13:58.225
ATTEMPT 68 W0 DONE 4x2 seed=1609892 nsol=16 0.02s 2026-07-22T17:13:58.244
ATTEMPT 69 W0 START 4x2 seed=1609893 2026-07-22T17:13:58.244
ATTEMPT 69 W0 SOLVE 4x2 2026-07-22T17:13:58.251
ATTEMPT 69 W0 DONE 4x2 seed=1609893 nsol=16 0.02s 2026-07-22T17:13:58.266
ATTEMPT 70 W0 START 4x2 seed=1609894 2026-07-22T17:13:58.267
ATTEMPT 70 W0 SOLVE 4x2 2026-07-22T17:13:58.273
ATTEMPT 70 W0 DONE 4x2 seed=1609894 nsol=16 0.01s 2026-07-22T17:13:58.284
ATTEMPT 71 W0 START 4x2 seed=1609895 2026-07-22T17:13:58.284
ATTEMPT 71 W0 SOLVE 4x2 2026-07-22T17:13:58.289
ATTEMPT 71 W0 DONE 4x2 seed=1609895 nsol=16 0.01s 2026-07-22T17:13:58.304
ATTEMPT 72 W0 START 4x2 seed=1609896 2026-07-22T17:13:58.304
ATTEMPT 72 W0 SOLVE 4x2 2026-07-22T17:13:58.312
ATTEMPT 72 W0 DONE 4x2 seed=1609896 nsol=16 0.03s 2026-07-22T17:13:58.340
ATTEMPT 73 W0 START 4x2 seed=1609897 2026-07-22T17:13:58.340
ATTEMPT 73 W0 SOLVE 4x2 2026-07-22T17:13:58.346
ATTEMPT 73 W0 DONE 4x2 seed=1609897 nsol=16 0.01s 2026-07-22T17:13:58.357
ATTEMPT 74 W0 START 4x2 seed=1609898 2026-07-22T17:13:58.358
ATTEMPT 74 W0 SOLVE 4x2 2026-07-22T17:13:58.364
ATTEMPT 74 W0 DONE 4x2 seed=1609898 nsol=16 0.01s 2026-07-22T17:13:58.372
ATTEMPT 75 W0 START 4x2 seed=1609899 2026-07-22T17:13:58.372
ATTEMPT 75 W0 SOLVE 4x2 2026-07-22T17:13:58.383
ATTEMPT 75 W0 DONE 4x2 seed=1609899 nsol=16 0.01s 2026-07-22T17:13:58.392
ATTEMPT 76 W0 START 4x2 seed=1609900 2026-07-22T17:13:58.392
ATTEMPT 76 W0 SOLVE 4x2 2026-07-22T17:13:58.403
ATTEMPT 76 W0 DONE 4x2 seed=1609900 nsol=16 0.01s 2026-07-22T17:13:58.409
ATTEMPT 77 W0 START 4x2 seed=1609901 2026-07-22T17:13:58.409
ATTEMPT 77 W0 SOLVE 4x2 2026-07-22T17:13:58.419
ATTEMPT 77 W0 DONE 4x2 seed=1609901 nsol=16 0.01s 2026-07-22T17:13:58.432
ATTEMPT 78 W0 START 4x2 seed=1609902 2026-07-22T17:13:58.432
ATTEMPT 78 W0 SOLVE 4x2 2026-07-22T17:13:58.442
ATTEMPT 78 W0 DONE 4x2 seed=1609902 nsol=16 0.00s 2026-07-22T17:13:58.446
ATTEMPT 79 W0 START 4x2 seed=1609903 2026-07-22T17:13:58.446
ATTEMPT 79 W0 SOLVE 4x2 2026-07-22T17:13:58.456
ATTEMPT 79 W0 DONE 4x2 seed=1609903 nsol=16 0.01s 2026-07-22T17:13:58.462
ATTEMPT 80 W0 START 4x2 seed=1609904 2026-07-22T17:13:58.462
ATTEMPT 80 W0 SOLVE 4x2 2026-07-22T17:13:58.472
ATTEMPT 80 W0 DONE 4x2 seed=1609904 nsol=16 0.01s 2026-07-22T17:13:58.480
ATTEMPT 81 W0 START 4x2 seed=1609905 2026-07-22T17:13:58.480
ATTEMPT 81 W0 SOLVE 4x2 2026-07-22T17:13:58.490
ATTEMPT 81 W0 DONE 4x2 seed=1609905 nsol=16 0.01s 2026-07-22T17:13:58.504
ATTEMPT 82 W0 START 4x2 seed=1609906 2026-07-22T17:13:58.504
ATTEMPT 82 W0 SOLVE 4x2 2026-07-22T17:13:58.511
ATTEMPT 82 W0 DONE 4x2 seed=1609906 nsol=16 0.02s 2026-07-22T17:13:58.532
ATTEMPT 83 W0 START 4x2 seed=1609907 2026-07-22T17:13:58.532
ATTEMPT 83 W0 SOLVE 4x2 2026-07-22T17:13:58.542
ATTEMPT 83 W0 DONE 4x2 seed=1609907 nsol=16 0.00s 2026-07-22T17:13:58.550
ATTEMPT 84 W0 START 4x2 seed=1609908 2026-07-22T17:13:58.550
ATTEMPT 84 W0 SOLVE 4x2 2026-07-22T17:13:58.557
ATTEMPT 84 W0 DONE 4x2 seed=1609908 nsol=16 0.02s 2026-07-22T17:13:58.575
ATTEMPT 85 W0 START 4x2 seed=1609909 2026-07-22T17:13:58.576
ATTEMPT 85 W0 SOLVE 4x2 2026-07-22T17:13:58.584
ATTEMPT 85 W0 DONE 4x2 seed=1609909 nsol=16 0.01s 2026-07-22T17:13:58.591
ATTEMPT 86 W0 START 4x2 seed=1609910 2026-07-22T17:13:58.591
ATTEMPT 86 W0 SOLVE 4x2 2026-07-22T17:13:58.605
ATTEMPT 86 W0 DONE 4x2 seed=1609910 nsol=16 0.01s 2026-07-22T17:13:58.620
ATTEMPT 87 W0 START 4x2 seed=1609911 2026-07-22T17:13:58.620
ATTEMPT 87 W0 SOLVE 4x2 2026-07-22T17:13:58.632
ATTEMPT 87 W0 DONE 4x2 seed=1609911 nsol=16 0.02s 2026-07-22T17:13:58.656
ATTEMPT 88 W0 START 4x2 seed=1609912 2026-07-22T17:13:58.656
ATTEMPT 88 W0 SOLVE 4x2 2026-07-22T17:13:58.667
ATTEMPT 88 W0 DONE 4x2 seed=1609912 nsol=16 0.01s 2026-07-22T17:13:58.684
ATTEMPT 89 W0 START 4x2 seed=1609913 2026-07-22T17:13:58.684
ATTEMPT 89 W0 SOLVE 4x2 2026-07-22T17:13:58.689
ATTEMPT 89 W0 DONE 4x2 seed=1609913 nsol=16 0.13s 2026-07-22T17:13:58.820
ATTEMPT 90 W0 START 4x2 seed=1609914 2026-07-22T17:13:58.820
ATTEMPT 90 W0 SOLVE 4x2 2026-07-22T17:13:58.841
ATTEMPT 90 W0 DONE 4x2 seed=1609914 nsol=16 0.02s 2026-07-22T17:13:58.868
ATTEMPT 91 W0 START 4x2 seed=1609915 2026-07-22T17:13:58.868
ATTEMPT 91 W0 SOLVE 4x2 2026-07-22T17:13:58.879
ATTEMPT 91 W0 DONE 4x2 seed=1609915 nsol=16 0.01s 2026-07-22T17:13:58.893
ATTEMPT 92 W0 START 4x2 seed=1609916 2026-07-22T17:13:58.893
ATTEMPT 92 W0 SOLVE 4x2 2026-07-22T17:13:58.899
ATTEMPT 92 W0 DONE 4x2 seed=1609916 nsol=16 0.02s 2026-07-22T17:13:58.924
ATTEMPT 93 W0 START 4x2 seed=1609917 2026-07-22T17:13:58.924
ATTEMPT 93 W0 SOLVE 4x2 2026-07-22T17:13:58.930
ATTEMPT 93 W0 DONE 4x2 seed=1609917 nsol=16 0.01s 2026-07-22T17:13:58.944
ATTEMPT 94 W0 START 4x2 seed=1609918 2026-07-22T17:13:58.944
ATTEMPT 94 W0 SOLVE 4x2 2026-07-22T17:13:58.952
ATTEMPT 94 W0 DONE 4x2 seed=1609918 nsol=16 0.01s 2026-07-22T17:13:58.964
ATTEMPT 95 W0 START 4x2 seed=1609919 2026-07-22T17:13:58.964
ATTEMPT 95 W0 SOLVE 4x2 2026-07-22T17:13:58.970
ATTEMPT 95 W0 DONE 4x2 seed=1609919 nsol=16 0.01s 2026-07-22T17:13:58.984
ATTEMPT 96 W0 START 4x2 seed=1609920 2026-07-22T17:13:58.984
ATTEMPT 96 W0 SOLVE 4x2 2026-07-22T17:13:58.996
ATTEMPT 96 W0 DONE 4x2 seed=1609920 nsol=16 0.02s 2026-07-22T17:13:59.014
ATTEMPT 97 W0 START 4x2 seed=1609921 2026-07-22T17:13:59.014
ATTEMPT 97 W0 SOLVE 4x2 2026-07-22T17:13:59.020
ATTEMPT 97 W0 DONE 4x2 seed=1609921 nsol=16 0.01s 2026-07-22T17:13:59.027
ATTEMPT 98 W0 START 4x2 seed=1609922 2026-07-22T17:13:59.027
ATTEMPT 98 W0 SOLVE 4x2 2026-07-22T17:13:59.038
ATTEMPT 98 W0 DONE 4x2 seed=1609922 nsol=16 0.01s 2026-07-22T17:13:59.046
ATTEMPT 99 W0 START 4x2 seed=1609923 2026-07-22T17:13:59.046
ATTEMPT 99 W0 SOLVE 4x2 2026-07-22T17:13:59.053
ATTEMPT 99 W0 DONE 4x2 seed=1609923 nsol=16 0.02s 2026-07-22T17:13:59.072
ATTEMPT 100 W0 START 4x2 seed=1609924 2026-07-22T17:13:59.072
ATTEMPT 100 W0 SOLVE 4x2 2026-07-22T17:13:59.079
ATTEMPT 100 W0 DONE 4x2 seed=1609924 nsol=16 0.01s 2026-07-22T17:13:59.094
ATTEMPT 101 W0 START 4x2 seed=1609925 2026-07-22T17:13:59.095
ATTEMPT 101 W0 SOLVE 4x2 2026-07-22T17:13:59.101
ATTEMPT 101 W0 DONE 4x2 seed=1609925 nsol=16 0.01s 2026-07-22T17:13:59.107
ATTEMPT 102 W0 START 4x2 seed=1609926 2026-07-22T17:13:59.107
ATTEMPT 102 W0 SOLVE 4x2 2026-07-22T17:13:59.113
ATTEMPT 102 W0 DONE 4x2 seed=1609926 nsol=16 0.01s 2026-07-22T17:13:59.119
ATTEMPT 103 W0 START 4x2 seed=1609927 2026-07-22T17:13:59.120
ATTEMPT 103 W0 SOLVE 4x2 2026-07-22T17:13:59.126
ATTEMPT 103 W0 DONE 4x2 seed=1609927 nsol=16 0.01s 2026-07-22T17:13:59.136
ATTEMPT 104 W0 START 4x2 seed=1609928 2026-07-22T17:13:59.137
ATTEMPT 104 W0 SOLVE 4x2 2026-07-22T17:13:59.145
ATTEMPT 104 W0 DONE 4x2 seed=1609928 nsol=16 0.01s 2026-07-22T17:13:59.160
ATTEMPT 105 W0 START 4x2 seed=1609929 2026-07-22T17:13:59.160
ATTEMPT 105 W0 SOLVE 4x2 2026-07-22T17:13:59.165
ATTEMPT 105 W0 DONE 4x2 seed=1609929 nsol=16 0.01s 2026-07-22T17:13:59.176
ATTEMPT 106 W0 START 4x2 seed=1609930 2026-07-22T17:13:59.176
ATTEMPT 106 W0 SOLVE 4x2 2026-07-22T17:13:59.182
ATTEMPT 106 W0 DONE 4x2 seed=1609930 nsol=16 0.01s 2026-07-22T17:13:59.195
ATTEMPT 107 W0 START 4x2 seed=1609931 2026-07-22T17:13:59.195
ATTEMPT 107 W0 SOLVE 4x2 2026-07-22T17:13:59.203
ATTEMPT 107 W0 DONE 4x2 seed=1609931 nsol=16 0.01s 2026-07-22T17:13:59.215
ATTEMPT 108 W0 START 4x2 seed=1609932 2026-07-22T17:13:59.215
ATTEMPT 108 W0 SOLVE 4x2 2026-07-22T17:13:59.221
ATTEMPT 108 W0 DONE 4x2 seed=1609932 nsol=16 0.01s 2026-07-22T17:13:59.227
ATTEMPT 109 W0 START 4x2 seed=1609933 2026-07-22T17:13:59.227
ATTEMPT 109 W0 SOLVE 4x2 2026-07-22T17:13:59.232
ATTEMPT 109 W0 DONE 4x2 seed=1609933 nsol=16 0.01s 2026-07-22T17:13:59.246
ATTEMPT 110 W0 START 4x2 seed=1609934 2026-07-22T17:13:59.247
ATTEMPT 110 W0 SOLVE 4x2 2026-07-22T17:13:59.253
ATTEMPT 110 W0 DONE 4x2 seed=1609934 nsol=16 0.01s 2026-07-22T17:13:59.258
ATTEMPT 111 W0 START 4x2 seed=1609935 2026-07-22T17:13:59.259
ATTEMPT 111 W0 SOLVE 4x2 2026-07-22T17:13:59.264
ATTEMPT 111 W0 DONE 4x2 seed=1609935 nsol=16 0.02s 2026-07-22T17:13:59.280
ATTEMPT 112 W0 START 4x2 seed=1609936 2026-07-22T17:13:59.280
ATTEMPT 112 W0 SOLVE 4x2 2026-07-22T17:13:59.296
ATTEMPT 112 W0 DONE 4x2 seed=1609936 nsol=16 0.01s 2026-07-22T17:13:59.307
ATTEMPT 113 W0 START 4x2 seed=1609937 2026-07-22T17:13:59.307
ATTEMPT 113 W0 SOLVE 4x2 2026-07-22T17:13:59.315
ATTEMPT 113 W0 DONE 4x2 seed=1609937 nsol=16 0.02s 2026-07-22T17:13:59.340
ATTEMPT 114 W0 START 4x2 seed=1609938 2026-07-22T17:13:59.340
ATTEMPT 114 W0 SOLVE 4x2 2026-07-22T17:13:59.345
ATTEMPT 114 W0 DONE 4x2 seed=1609938 nsol=16 0.01s 2026-07-22T17:13:59.360
ATTEMPT 115 W0 START 4x2 seed=1609939 2026-07-22T17:13:59.360
ATTEMPT 115 W0 SOLVE 4x2 2026-07-22T17:13:59.368
ATTEMPT 115 W0 DONE 4x2 seed=1609939 nsol=16 0.02s 2026-07-22T17:13:59.384
ATTEMPT 116 W0 START 4x2 seed=1609940 2026-07-22T17:13:59.384
ATTEMPT 116 W0 SOLVE 4x2 2026-07-22T17:13:59.392
ATTEMPT 116 W0 DONE 4x2 seed=1609940 nsol=16 0.01s 2026-07-22T17:13:59.399
ATTEMPT 117 W0 START 4x2 seed=1609941 2026-07-22T17:13:59.400
ATTEMPT 117 W0 SOLVE 4x2 2026-07-22T17:13:59.406
ATTEMPT 117 W0 DONE 4x2 seed=1609941 nsol=16 0.02s 2026-07-22T17:13:59.422
ATTEMPT 118 W0 START 4x2 seed=1609942 2026-07-22T17:13:59.422
ATTEMPT 118 W0 SOLVE 4x2 2026-07-22T17:13:59.428
ATTEMPT 118 W0 DONE 4x2 seed=1609942 nsol=16 0.02s 2026-07-22T17:13:59.444
ATTEMPT 119 W0 START 4x2 seed=1609943 2026-07-22T17:13:59.444
ATTEMPT 119 W0 SOLVE 4x2 2026-07-22T17:13:59.454
ATTEMPT 119 W0 DONE 4x2 seed=1609943 nsol=16 0.01s 2026-07-22T17:13:59.466
ATTEMPT 120 W0 START 4x2 seed=1609944 2026-07-22T17:13:59.467
ATTEMPT 120 W0 SOLVE 4x2 2026-07-22T17:13:59.475
ATTEMPT 120 W0 DONE 4x2 seed=1609944 nsol=16 0.01s 2026-07-22T17:13:59.485
ATTEMPT 121 W0 START 4x2 seed=1609945 2026-07-22T17:13:59.486
ATTEMPT 121 W0 SOLVE 4x2 2026-07-22T17:13:59.491
ATTEMPT 121 W0 DONE 4x2 seed=1609945 nsol=16 0.02s 2026-07-22T17:13:59.508
ATTEMPT 122 W0 START 4x2 seed=1609946 2026-07-22T17:13:59.508
ATTEMPT 122 W0 SOLVE 4x2 2026-07-22T17:13:59.514
ATTEMPT 122 W0 DONE 4x2 seed=1609946 nsol=16 0.02s 2026-07-22T17:13:59.532
ATTEMPT 123 W0 START 4x2 seed=1609947 2026-07-22T17:13:59.532
ATTEMPT 123 W0 SOLVE 4x2 2026-07-22T17:13:59.542
ATTEMPT 123 W0 DONE 4x2 seed=1609947 nsol=16 0.02s 2026-07-22T17:13:59.563
ATTEMPT 124 W0 START 4x2 seed=1609948 2026-07-22T17:13:59.563
ATTEMPT 124 W0 SOLVE 4x2 2026-07-22T17:13:59.569
ATTEMPT 124 W0 DONE 4x2 seed=1609948 nsol=16 0.01s 2026-07-22T17:13:59.579
ATTEMPT 125 W0 START 4x2 seed=1609949 2026-07-22T17:13:59.579
ATTEMPT 125 W0 SOLVE 4x2 2026-07-22T17:13:59.585
ATTEMPT 125 W0 DONE 4x2 seed=1609949 nsol=14 0.01s 2026-07-22T17:13:59.593
ATTEMPT 126 W0 START 4x2 seed=1609950 2026-07-22T17:13:59.593
ATTEMPT 126 W0 SOLVE 4x2 2026-07-22T17:13:59.606
ATTEMPT 126 W0 DONE 4x2 seed=1609950 nsol=16 0.01s 2026-07-22T17:13:59.620
ATTEMPT 127 W0 START 4x2 seed=1609951 2026-07-22T17:13:59.620
ATTEMPT 127 W0 SOLVE 4x2 2026-07-22T17:13:59.627
ATTEMPT 127 W0 DONE 4x2 seed=1609951 nsol=16 0.01s 2026-07-22T17:13:59.640
ATTEMPT 128 W0 START 4x2 seed=1609952 2026-07-22T17:13:59.640
ATTEMPT 128 W0 SOLVE 4x2 2026-07-22T17:13:59.660
ATTEMPT 128 W0 DONE 4x2 seed=1609952 nsol=16 0.02s 2026-07-22T17:13:59.681
ATTEMPT 129 W0 START 4x2 seed=1609953 2026-07-22T17:13:59.681
ATTEMPT 129 W0 SOLVE 4x2 2026-07-22T17:13:59.689
ATTEMPT 129 W0 DONE 4x2 seed=1609953 nsol=16 0.01s 2026-07-22T17:13:59.703
ATTEMPT 130 W0 START 4x2 seed=1609954 2026-07-22T17:13:59.704
ATTEMPT 130 W0 SOLVE 4x2 2026-07-22T17:13:59.713
ATTEMPT 130 W0 DONE 4x2 seed=1609954 nsol=16 0.01s 2026-07-22T17:13:59.721
ATTEMPT 131 W0 START 4x2 seed=1609955 2026-07-22T17:13:59.721
ATTEMPT 131 W0 SOLVE 4x2 2026-07-22T17:13:59.731
ATTEMPT 131 W0 DONE 4x2 seed=1609955 nsol=16 0.01s 2026-07-22T17:13:59.741
ATTEMPT 132 W0 START 4x2 seed=1609956 2026-07-22T17:13:59.741
ATTEMPT 132 W0 SOLVE 4x2 2026-07-22T17:13:59.755
ATTEMPT 132 W0 DONE 4x2 seed=1609956 nsol=16 0.02s 2026-07-22T17:13:59.772
ATTEMPT 133 W0 START 4x2 seed=1609957 2026-07-22T17:13:59.772
ATTEMPT 133 W0 SOLVE 4x2 2026-07-22T17:13:59.785
ATTEMPT 133 W0 DONE 4x2 seed=1609957 nsol=16 0.03s 2026-07-22T17:13:59.815
ATTEMPT 134 W0 START 4x2 seed=1609958 2026-07-22T17:13:59.815
ATTEMPT 134 W0 SOLVE 4x2 2026-07-22T17:13:59.827
ATTEMPT 134 W0 DONE 4x2 seed=1609958 nsol=16 0.02s 2026-07-22T17:13:59.852
ATTEMPT 135 W0 START 4x2 seed=1609959 2026-07-22T17:13:59.852
ATTEMPT 135 W0 SOLVE 4x2 2026-07-22T17:13:59.859
ATTEMPT 135 W0 DONE 4x2 seed=1609959 nsol=16 0.03s 2026-07-22T17:13:59.888
ATTEMPT 136 W0 START 4x2 seed=1609960 2026-07-22T17:13:59.888
ATTEMPT 136 W0 SOLVE 4x2 2026-07-22T17:13:59.900
ATTEMPT 136 W0 DONE 4x2 seed=1609960 nsol=16 0.03s 2026-07-22T17:13:59.929
ATTEMPT 137 W0 START 4x2 seed=1609961 2026-07-22T17:13:59.930
ATTEMPT 137 W0 SOLVE 4x2 2026-07-22T17:13:59.938
ATTEMPT 137 W0 DONE 4x2 seed=1609961 nsol=16 0.02s 2026-07-22T17:13:59.956
ATTEMPT 138 W0 START 4x2 seed=1609962 2026-07-22T17:13:59.957
ATTEMPT 138 W0 SOLVE 4x2 2026-07-22T17:13:59.966
ATTEMPT 138 W0 DONE 4x2 seed=1609962 nsol=16 0.02s 2026-07-22T17:13:59.982
ATTEMPT 139 W0 START 4x2 seed=1609963 2026-07-22T17:13:59.982
ATTEMPT 139 W0 SOLVE 4x2 2026-07-22T17:13:59.988
ATTEMPT 139 W0 DONE 4x2 seed=1609963 nsol=16 0.02s 2026-07-22T17:14:00.005
ATTEMPT 140 W0 START 4x2 seed=1609964 2026-07-22T17:14:00.006
ATTEMPT 140 W0 SOLVE 4x2 2026-07-22T17:14:00.029
ATTEMPT 140 W0 DONE 4x2 seed=1609964 nsol=16 0.02s 2026-07-22T17:14:00.046
ATTEMPT 141 W0 START 4x2 seed=1609965 2026-07-22T17:14:00.046
ATTEMPT 141 W0 SOLVE 4x2 2026-07-22T17:14:00.055
ATTEMPT 141 W0 DONE 4x2 seed=1609965 nsol=16 0.03s 2026-07-22T17:14:00.084
ATTEMPT 142 W0 START 4x2 seed=1609966 2026-07-22T17:14:00.084
ATTEMPT 142 W0 SOLVE 4x2 2026-07-22T17:14:00.096
ATTEMPT 142 W0 DONE 4x2 seed=1609966 nsol=16 0.03s 2026-07-22T17:14:00.128
ATTEMPT 143 W0 START 4x2 seed=1609967 2026-07-22T17:14:00.128
ATTEMPT 143 W0 SOLVE 4x2 2026-07-22T17:14:00.137
ATTEMPT 143 W0 DONE 4x2 seed=1609967 nsol=16 0.02s 2026-07-22T17:14:00.156
ATTEMPT 144 W0 START 4x2 seed=1609968 2026-07-22T17:14:00.156
ATTEMPT 144 W0 SOLVE 4x2 2026-07-22T17:14:00.174
ATTEMPT 144 W0 DONE 4x2 seed=1609968 nsol=16 0.02s 2026-07-22T17:14:00.196
ATTEMPT 145 W0 START 4x2 seed=1609969 2026-07-22T17:14:00.196
ATTEMPT 145 W0 SOLVE 4x2 2026-07-22T17:14:00.219
ATTEMPT 145 W0 DONE 4x2 seed=1609969 nsol=16 0.02s 2026-07-22T17:14:00.244
ATTEMPT 146 W0 START 4x2 seed=1609970 2026-07-22T17:14:00.244
ATTEMPT 146 W0 SOLVE 4x2 2026-07-22T17:14:00.254
ATTEMPT 146 W0 DONE 4x2 seed=1609970 nsol=16 0.02s 2026-07-22T17:14:00.276
ATTEMPT 147 W0 START 4x2 seed=1609971 2026-07-22T17:14:00.277
ATTEMPT 147 W0 SOLVE 4x2 2026-07-22T17:14:00.297
ATTEMPT 147 W0 DONE 4x2 seed=1609971 nsol=16 0.03s 2026-07-22T17:14:00.331
ATTEMPT 148 W0 START 4x2 seed=1609972 2026-07-22T17:14:00.332
ATTEMPT 148 W0 SOLVE 4x2 2026-07-22T17:14:00.357
ATTEMPT 148 W0 DONE 4x2 seed=1609972 nsol=16 0.13s 2026-07-22T17:14:00.483
ATTEMPT 149 W0 START 4x2 seed=1609973 2026-07-22T17:14:00.483
ATTEMPT 149 W0 SOLVE 4x2 2026-07-22T17:14:00.495
ATTEMPT 149 W0 DONE 4x2 seed=1609973 nsol=16 0.02s 2026-07-22T17:14:00.516
ATTEMPT 150 W0 START 4x2 seed=1609974 2026-07-22T17:14:00.516
ATTEMPT 150 W0 SOLVE 4x2 2026-07-22T17:14:00.527
ATTEMPT 150 W0 DONE 4x2 seed=1609974 nsol=16 0.01s 2026-07-22T17:14:00.540
ATTEMPT 151 W0 START 4x2 seed=1609975 2026-07-22T17:14:00.540
ATTEMPT 151 W0 SOLVE 4x2 2026-07-22T17:14:00.550
ATTEMPT 151 W0 DONE 4x2 seed=1609975 nsol=16 0.02s 2026-07-22T17:14:00.566
ATTEMPT 152 W0 START 4x2 seed=1609976 2026-07-22T17:14:00.566
ATTEMPT 152 W0 SOLVE 4x2 2026-07-22T17:14:00.578
ATTEMPT 152 W0 DONE 4x2 seed=1609976 nsol=16 0.02s 2026-07-22T17:14:00.597
ATTEMPT 153 W0 START 4x2 seed=1609977 2026-07-22T17:14:00.598
ATTEMPT 153 W0 SOLVE 4x2 2026-07-22T17:14:00.609
ATTEMPT 153 W0 DONE 4x2 seed=1609977 nsol=16 0.01s 2026-07-22T17:14:00.624
ATTEMPT 154 W0 START 4x2 seed=1609978 2026-07-22T17:14:00.624
ATTEMPT 154 W0 SOLVE 4x2 2026-07-22T17:14:00.636
ATTEMPT 154 W0 DONE 4x2 seed=1609978 nsol=16 0.02s 2026-07-22T17:14:00.652
ATTEMPT 155 W0 START 4x2 seed=1609979 2026-07-22T17:14:00.653
ATTEMPT 155 W0 SOLVE 4x2 2026-07-22T17:14:00.663
ATTEMPT 155 W0 DONE 4x2 seed=1609979 nsol=16 0.02s 2026-07-22T17:14:00.687
ATTEMPT 156 W0 START 4x2 seed=1609980 2026-07-22T17:14:00.691
ATTEMPT 156 W0 SOLVE 4x2 2026-07-22T17:14:00.711
ATTEMPT 156 W0 DONE 4x2 seed=1609980 nsol=16 0.01s 2026-07-22T17:14:00.726
ATTEMPT 157 W0 START 4x2 seed=1609981 2026-07-22T17:14:00.726
ATTEMPT 157 W0 SOLVE 4x2 2026-07-22T17:14:00.749
ATTEMPT 157 W0 DONE 4x2 seed=1609981 nsol=16 0.02s 2026-07-22T17:14:00.771
ATTEMPT 158 W0 START 4x2 seed=1609982 2026-07-22T17:14:00.771
ATTEMPT 158 W0 SOLVE 4x2 2026-07-22T17:14:00.797
ATTEMPT 158 W0 DONE 4x2 seed=1609982 nsol=16 0.02s 2026-07-22T17:14:00.828
ATTEMPT 159 W0 START 4x2 seed=1609983 2026-07-22T17:14:00.828
ATTEMPT 159 W0 SOLVE 4x2 2026-07-22T17:14:00.842
ATTEMPT 159 W0 DONE 4x2 seed=1609983 nsol=16 0.04s 2026-07-22T17:14:00.888
ATTEMPT 160 W0 START 4x2 seed=1609984 2026-07-22T17:14:00.888
ATTEMPT 160 W0 SOLVE 4x2 2026-07-22T17:14:00.899
ATTEMPT 160 W0 DONE 4x2 seed=1609984 nsol=16 0.03s 2026-07-22T17:14:00.927
ATTEMPT 161 W0 START 4x2 seed=1609985 2026-07-22T17:14:00.927
ATTEMPT 161 W0 SOLVE 4x2 2026-07-22T17:14:00.941
ATTEMPT 161 W0 DONE 4x2 seed=1609985 nsol=16 0.02s 2026-07-22T17:14:00.972
ATTEMPT 162 W0 START 4x2 seed=1609986 2026-07-22T17:14:00.972
ATTEMPT 162 W0 SOLVE 4x2 2026-07-22T17:14:00.987
ATTEMPT 162 W0 DONE 4x2 seed=1609986 nsol=16 0.03s 2026-07-22T17:14:01.014
ATTEMPT 163 W0 START 4x2 seed=1609987 2026-07-22T17:14:01.014
ATTEMPT 163 W0 SOLVE 4x2 2026-07-22T17:14:01.023
ATTEMPT 163 W0 DONE 4x2 seed=1609987 nsol=16 0.01s 2026-07-22T17:14:01.035
ATTEMPT 164 W0 START 4x2 seed=1609988 2026-07-22T17:14:01.035
ATTEMPT 164 W0 SOLVE 4x2 2026-07-22T17:14:01.058
ATTEMPT 164 W0 DONE 4x2 seed=1609988 nsol=16 0.02s 2026-07-22T17:14:01.096
ATTEMPT 165 W0 START 4x2 seed=1609989 2026-07-22T17:14:01.096
ATTEMPT 165 W0 SOLVE 4x2 2026-07-22T17:14:01.120
ATTEMPT 165 W0 DONE 4x2 seed=1609989 nsol=16 0.03s 2026-07-22T17:14:01.154
ATTEMPT 166 W0 START 4x2 seed=1609990 2026-07-22T17:14:01.154
ATTEMPT 166 W0 SOLVE 4x2 2026-07-22T17:14:01.167
ATTEMPT 166 W0 DONE 4x2 seed=1609990 nsol=16 0.02s 2026-07-22T17:14:01.191
ATTEMPT 167 W0 START 4x2 seed=1609991 2026-07-22T17:14:01.191
ATTEMPT 167 W0 SOLVE 4x2 2026-07-22T17:14:01.209
ATTEMPT 167 W0 DONE 4x2 seed=1609991 nsol=16 0.02s 2026-07-22T17:14:01.233
ATTEMPT 168 W0 START 4x2 seed=1609992 2026-07-22T17:14:01.234
ATTEMPT 168 W0 SOLVE 4x2 2026-07-22T17:14:01.254
ATTEMPT 168 W0 DONE 4x2 seed=1609992 nsol=16 0.04s 2026-07-22T17:14:01.300
ATTEMPT 169 W0 START 4x2 seed=1609993 2026-07-22T17:14:01.300
ATTEMPT 169 W0 SOLVE 4x2 2026-07-22T17:14:01.326
ATTEMPT 169 W0 DONE 4x2 seed=1609993 nsol=16 0.02s 2026-07-22T17:14:01.344
ATTEMPT 170 W0 START 4x2 seed=1609994 2026-07-22T17:14:01.344
ATTEMPT 170 W0 SOLVE 4x2 2026-07-22T17:14:01.372
ATTEMPT 170 W0 DONE 4x2 seed=1609994 nsol=16 0.03s 2026-07-22T17:14:01.404
ATTEMPT 171 W0 START 4x2 seed=1609995 2026-07-22T17:14:01.405
ATTEMPT 171 W0 SOLVE 4x2 2026-07-22T17:14:01.420
ATTEMPT 171 W0 DONE 4x2 seed=1609995 nsol=16 0.02s 2026-07-22T17:14:01.441
ATTEMPT 172 W0 START 4x2 seed=1609996 2026-07-22T17:14:01.442
ATTEMPT 172 W0 SOLVE 4x2 2026-07-22T17:14:01.447
ATTEMPT 172 W0 DONE 4x2 seed=1609996 nsol=16 0.03s 2026-07-22T17:14:01.480
ATTEMPT 173 W0 START 4x2 seed=1609997 2026-07-22T17:14:01.480
ATTEMPT 173 W0 SOLVE 4x2 2026-07-22T17:14:01.502
ATTEMPT 173 W0 DONE 4x2 seed=1609997 nsol=16 0.02s 2026-07-22T17:14:01.524
ATTEMPT 174 W0 START 4x2 seed=1609998 2026-07-22T17:14:01.524
ATTEMPT 174 W0 SOLVE 4x2 2026-07-22T17:14:01.545
ATTEMPT 174 W0 DONE 4x2 seed=1609998 nsol=16 0.02s 2026-07-22T17:14:01.567
ATTEMPT 175 W0 START 4x2 seed=1609999 2026-07-22T17:14:01.567
ATTEMPT 175 W0 SOLVE 4x2 2026-07-22T17:14:01.582
ATTEMPT 175 W0 DONE 4x2 seed=1609999 nsol=16 0.02s 2026-07-22T17:14:01.606
ATTEMPT 176 W0 START 4x2 seed=1610000 2026-07-22T17:14:01.606
ATTEMPT 176 W0 SOLVE 4x2 2026-07-22T17:14:01.613
ATTEMPT 176 W0 DONE 4x2 seed=1610000 nsol=16 0.04s 2026-07-22T17:14:01.648
ATTEMPT 177 W0 START 4x2 seed=1610001 2026-07-22T17:14:01.649
ATTEMPT 177 W0 SOLVE 4x2 2026-07-22T17:14:01.673
ATTEMPT 177 W0 DONE 4x2 seed=1610001 nsol=16 0.03s 2026-07-22T17:14:01.712
ATTEMPT 178 W0 START 4x2 seed=1610002 2026-07-22T17:14:01.712
ATTEMPT 178 W0 SOLVE 4x2 2026-07-22T17:14:01.732
ATTEMPT 178 W0 DONE 4x2 seed=1610002 nsol=16 0.03s 2026-07-22T17:14:01.768
ATTEMPT 179 W0 START 4x2 seed=1610003 2026-07-22T17:14:01.768
ATTEMPT 179 W0 SOLVE 4x2 2026-07-22T17:14:01.788
ATTEMPT 179 W0 DONE 4x2 seed=1610003 nsol=16 0.02s 2026-07-22T17:14:01.813
ATTEMPT 180 W0 START 4x2 seed=1610004 2026-07-22T17:14:01.813
ATTEMPT 180 W0 SOLVE 4x2 2026-07-22T17:14:01.831
ATTEMPT 180 W0 DONE 4x2 seed=1610004 nsol=16 0.04s 2026-07-22T17:14:01.872
ATTEMPT 181 W0 START 4x2 seed=1610005 2026-07-22T17:14:01.872
ATTEMPT 181 W0 SOLVE 4x2 2026-07-22T17:14:01.903
ATTEMPT 181 W0 DONE 4x2 seed=1610005 nsol=16 0.01s 2026-07-22T17:14:01.916
ATTEMPT 182 W0 START 4x2 seed=1610006 2026-07-22T17:14:01.916
ATTEMPT 182 W0 SOLVE 4x2 2026-07-22T17:14:01.930
ATTEMPT 182 W0 DONE 4x2 seed=1610006 nsol=16 0.01s 2026-07-22T17:14:01.944
ATTEMPT 183 W0 START 4x2 seed=1610007 2026-07-22T17:14:01.944
ATTEMPT 183 W0 SOLVE 4x2 2026-07-22T17:14:01.956
ATTEMPT 183 W0 DONE 4x2 seed=1610007 nsol=16 0.02s 2026-07-22T17:14:01.972
ATTEMPT 184 W0 START 4x2 seed=1610008 2026-07-22T17:14:01.972
ATTEMPT 184 W0 SOLVE 4x2 2026-07-22T17:14:01.986
ATTEMPT 184 W0 DONE 4x2 seed=1610008 nsol=16 0.03s 2026-07-22T17:14:02.018
ATTEMPT 185 W0 START 4x2 seed=1610009 2026-07-22T17:14:02.019
ATTEMPT 185 W0 SOLVE 4x2 2026-07-22T17:14:02.033
ATTEMPT 185 W0 DONE 4x2 seed=1610009 nsol=16 0.03s 2026-07-22T17:14:02.064
ATTEMPT 186 W0 START 4x2 seed=1610010 2026-07-22T17:14:02.064
ATTEMPT 186 W0 SOLVE 4x2 2026-07-22T17:14:02.090
ATTEMPT 186 W0 DONE 4x2 seed=1610010 nsol=16 0.03s 2026-07-22T17:14:02.119
ATTEMPT 187 W0 START 4x2 seed=1610011 2026-07-22T17:14:02.119
ATTEMPT 187 W0 SOLVE 4x2 2026-07-22T17:14:02.139
ATTEMPT 187 W0 DONE 4x2 seed=1610011 nsol=16 0.03s 2026-07-22T17:14:02.169
ATTEMPT 188 W0 START 4x2 seed=1610012 2026-07-22T17:14:02.169
ATTEMPT 188 W0 SOLVE 4x2 2026-07-22T17:14:02.194
ATTEMPT 188 W0 DONE 4x2 seed=1610012 nsol=16 0.03s 2026-07-22T17:14:02.225
ATTEMPT 189 W0 START 4x2 seed=1610013 2026-07-22T17:14:02.225
ATTEMPT 189 W0 SOLVE 4x2 2026-07-22T17:14:02.237
ATTEMPT 189 W0 DONE 4x2 seed=1610013 nsol=16 0.03s 2026-07-22T17:14:02.263
ATTEMPT 190 W0 START 4x2 seed=1610014 2026-07-22T17:14:02.264
ATTEMPT 190 W0 SOLVE 4x2 2026-07-22T17:14:02.275
ATTEMPT 190 W0 DONE 4x2 seed=1610014 nsol=16 0.02s 2026-07-22T17:14:02.293
ATTEMPT 191 W0 START 4x2 seed=1610015 2026-07-22T17:14:02.293
ATTEMPT 191 W0 SOLVE 4x2 2026-07-22T17:14:02.307
ATTEMPT 191 W0 DONE 4x2 seed=1610015 nsol=16 0.03s 2026-07-22T17:14:02.336
ATTEMPT 192 W0 START 4x2 seed=1610016 2026-07-22T17:14:02.337
ATTEMPT 192 W0 SOLVE 4x2 2026-07-22T17:14:02.354
ATTEMPT 192 W0 DONE 4x2 seed=1610016 nsol=16 0.04s 2026-07-22T17:14:02.396
ATTEMPT 193 W0 START 4x2 seed=1610017 2026-07-22T17:14:02.396
ATTEMPT 193 W0 SOLVE 4x2 2026-07-22T17:14:02.406
ATTEMPT 193 W0 DONE 4x2 seed=1610017 nsol=16 0.02s 2026-07-22T17:14:02.423
ATTEMPT 194 W0 START 4x2 seed=1610018 2026-07-22T17:14:02.423
ATTEMPT 194 W0 SOLVE 4x2 2026-07-22T17:14:02.434
ATTEMPT 194 W0 DONE 4x2 seed=1610018 nsol=16 0.03s 2026-07-22T17:14:02.472
ATTEMPT 195 W0 START 4x2 seed=1610019 2026-07-22T17:14:02.472
ATTEMPT 195 W0 SOLVE 4x2 2026-07-22T17:14:02.482
ATTEMPT 195 W0 DONE 4x2 seed=1610019 nsol=16 0.03s 2026-07-22T17:14:02.521
ATTEMPT 196 W0 START 4x2 seed=1610020 2026-07-22T17:14:02.521
ATTEMPT 196 W0 SOLVE 4x2 2026-07-22T17:14:02.543
ATTEMPT 196 W0 DONE 4x2 seed=1610020 nsol=16 0.02s 2026-07-22T17:14:02.571
ATTEMPT 197 W0 START 4x2 seed=1610021 2026-07-22T17:14:02.572
ATTEMPT 197 W0 SOLVE 4x2 2026-07-22T17:14:02.597
ATTEMPT 197 W0 DONE 4x2 seed=1610021 nsol=16 0.03s 2026-07-22T17:14:02.628
ATTEMPT 198 W0 START 4x2 seed=1610022 2026-07-22T17:14:02.628
ATTEMPT 198 W0 SOLVE 4x2 2026-07-22T17:14:02.636
ATTEMPT 198 W0 DONE 4x2 seed=1610022 nsol=16 0.03s 2026-07-22T17:14:02.681
ATTEMPT 199 W0 START 4x2 seed=1610023 2026-07-22T17:14:02.681
ATTEMPT 199 W0 SOLVE 4x2 2026-07-22T17:14:02.710
ATTEMPT 199 W0 DONE 4x2 seed=1610023 nsol=16 0.04s 2026-07-22T17:14:02.748
ATTEMPT 200 W0 START 4x2 seed=1610024 2026-07-22T17:14:02.748
ATTEMPT 200 W0 SOLVE 4x2 2026-07-22T17:14:02.770
ATTEMPT 200 W0 DONE 4x2 seed=1610024 nsol=16 0.18s 2026-07-22T17:14:02.949
ATTEMPT 201 W0 START 4x2 seed=1610025 2026-07-22T17:14:02.949
ATTEMPT 201 W0 SOLVE 4x2 2026-07-22T17:14:02.967
ATTEMPT 201 W0 DONE 4x2 seed=1610025 nsol=16 0.04s 2026-07-22T17:14:03.005
ATTEMPT 202 W0 START 4x2 seed=1610026 2026-07-22T17:14:03.005
ATTEMPT 202 W0 SOLVE 4x2 2026-07-22T17:14:03.011
ATTEMPT 202 W0 DONE 4x2 seed=1610026 nsol=16 0.04s 2026-07-22T17:14:03.052
ATTEMPT 203 W0 START 4x2 seed=1610027 2026-07-22T17:14:03.052
ATTEMPT 203 W0 SOLVE 4x2 2026-07-22T17:14:03.098
ATTEMPT 203 W0 DONE 4x2 seed=1610027 nsol=16 0.03s 2026-07-22T17:14:03.133
ATTEMPT 204 W0 START 4x2 seed=1610028 2026-07-22T17:14:03.133
ATTEMPT 204 W0 SOLVE 4x2 2026-07-22T17:14:03.154
ATTEMPT 204 W0 DONE 4x2 seed=1610028 nsol=16 0.05s 2026-07-22T17:14:03.201
ATTEMPT 205 W0 START 4x2 seed=1610029 2026-07-22T17:14:03.201
ATTEMPT 205 W0 SOLVE 4x2 2026-07-22T17:14:03.234
ATTEMPT 205 W0 DONE 4x2 seed=1610029 nsol=16 0.03s 2026-07-22T17:14:03.266
ATTEMPT 206 W0 START 4x2 seed=1610030 2026-07-22T17:14:03.266
ATTEMPT 206 W0 SOLVE 4x2 2026-07-22T17:14:03.291
ATTEMPT 206 W0 DONE 4x2 seed=1610030 nsol=16 0.03s 2026-07-22T17:14:03.337
ATTEMPT 207 W0 START 4x2 seed=1610031 2026-07-22T17:14:03.338
ATTEMPT 207 W0 SOLVE 4x2 2026-07-22T17:14:03.371
ATTEMPT 207 W0 DONE 4x2 seed=1610031 nsol=16 0.02s 2026-07-22T17:14:03.395
ATTEMPT 208 W0 START 4x2 seed=1610032 2026-07-22T17:14:03.396
ATTEMPT 208 W0 SOLVE 4x2 2026-07-22T17:14:03.419
ATTEMPT 208 W0 DONE 4x2 seed=1610032 nsol=16 0.02s 2026-07-22T17:14:03.443
ATTEMPT 209 W0 START 4x2 seed=1610033 2026-07-22T17:14:03.443
ATTEMPT 209 W0 SOLVE 4x2 2026-07-22T17:14:03.460
ATTEMPT 209 W0 DONE 4x2 seed=1610033 nsol=16 0.02s 2026-07-22T17:14:03.484
ATTEMPT 210 W0 START 4x2 seed=1610034 2026-07-22T17:14:03.484
ATTEMPT 210 W0 SOLVE 4x2 2026-07-22T17:14:03.521
ATTEMPT 210 W0 DONE 4x2 seed=1610034 nsol=16 0.05s 2026-07-22T17:14:03.572
ATTEMPT 211 W0 START 4x2 seed=1610035 2026-07-22T17:14:03.572
ATTEMPT 211 W0 SOLVE 4x2 2026-07-22T17:14:03.591
ATTEMPT 211 W0 DONE 4x2 seed=1610035 nsol=16 0.02s 2026-07-22T17:14:03.620
ATTEMPT 212 W0 START 4x2 seed=1610036 2026-07-22T17:14:03.620
ATTEMPT 212 W0 SOLVE 4x2 2026-07-22T17:14:03.647
ATTEMPT 212 W0 DONE 4x2 seed=1610036 nsol=16 0.04s 2026-07-22T17:14:03.685
ATTEMPT 213 W0 START 4x2 seed=1610037 2026-07-22T17:14:03.685
ATTEMPT 213 W0 SOLVE 4x2 2026-07-22T17:14:03.703
ATTEMPT 213 W0 DONE 4x2 seed=1610037 nsol=16 0.05s 2026-07-22T17:14:03.754
ATTEMPT 214 W0 START 4x2 seed=1610038 2026-07-22T17:14:03.754
ATTEMPT 214 W0 SOLVE 4x2 2026-07-22T17:14:03.780
ATTEMPT 214 W0 DONE 4x2 seed=1610038 nsol=16 0.02s 2026-07-22T17:14:03.804
ATTEMPT 215 W0 START 4x2 seed=1610039 2026-07-22T17:14:03.804
ATTEMPT 215 W0 SOLVE 4x2 2026-07-22T17:14:03.842
ATTEMPT 215 W0 DONE 4x2 seed=1610039 nsol=16 0.02s 2026-07-22T17:14:03.863
ATTEMPT 216 W0 START 4x2 seed=1610040 2026-07-22T17:14:03.863
ATTEMPT 216 W0 SOLVE 4x2 2026-07-22T17:14:03.891
ATTEMPT 216 W0 DONE 4x2 seed=1610040 nsol=16 0.02s 2026-07-22T17:14:03.926
ATTEMPT 217 W0 START 4x2 seed=1610041 2026-07-22T17:14:03.927
ATTEMPT 217 W0 SOLVE 4x2 2026-07-22T17:14:03.952
ATTEMPT 217 W0 DONE 4x2 seed=1610041 nsol=16 0.03s 2026-07-22T17:14:03.985
ATTEMPT 218 W0 START 4x2 seed=1610042 2026-07-22T17:14:03.986
ATTEMPT 218 W0 SOLVE 4x2 2026-07-22T17:14:04.013
ATTEMPT 218 W0 DONE 4x2 seed=1610042 nsol=16 0.04s 2026-07-22T17:14:04.049
ATTEMPT 219 W0 START 4x2 seed=1610043 2026-07-22T17:14:04.049
ATTEMPT 219 W0 SOLVE 4x2 2026-07-22T17:14:04.075
ATTEMPT 219 W0 DONE 4x2 seed=1610043 nsol=16 0.02s 2026-07-22T17:14:04.111
ATTEMPT 220 W0 START 4x2 seed=1610044 2026-07-22T17:14:04.111
ATTEMPT 220 W0 SOLVE 4x2 2026-07-22T17:14:04.132
ATTEMPT 220 W0 DONE 4x2 seed=1610044 nsol=16 0.03s 2026-07-22T17:14:04.165
ATTEMPT 221 W0 START 4x2 seed=1610045 2026-07-22T17:14:04.165
ATTEMPT 221 W0 SOLVE 4x2 2026-07-22T17:14:04.221
ATTEMPT 221 W0 DONE 4x2 seed=1610045 nsol=16 0.01s 2026-07-22T17:14:04.227
ATTEMPT 222 W0 START 4x2 seed=1610046 2026-07-22T17:14:04.227
ATTEMPT 222 W0 SOLVE 4x2 2026-07-22T17:14:04.254
ATTEMPT 222 W0 DONE 4x2 seed=1610046 nsol=16 0.02s 2026-07-22T17:14:04.275
ATTEMPT 223 W0 START 4x2 seed=1610047 2026-07-22T17:14:04.276
ATTEMPT 223 W0 SOLVE 4x2 2026-07-22T17:14:04.310
ATTEMPT 223 W0 DONE 4x2 seed=1610047 nsol=16 0.04s 2026-07-22T17:14:04.371
ATTEMPT 224 W0 START 4x2 seed=1610048 2026-07-22T17:14:04.371
ATTEMPT 224 W0 SOLVE 4x2 2026-07-22T17:14:04.394
ATTEMPT 224 W0 DONE 4x2 seed=1610048 nsol=16 0.04s 2026-07-22T17:14:04.432
ATTEMPT 225 W0 START 4x2 seed=1610049 2026-07-22T17:14:04.432
ATTEMPT 225 W0 SOLVE 4x2 2026-07-22T17:14:04.460
ATTEMPT 225 W0 DONE 4x2 seed=1610049 nsol=16 0.04s 2026-07-22T17:14:04.496
ATTEMPT 226 W0 START 4x2 seed=1610050 2026-07-22T17:14:04.496
ATTEMPT 226 W0 SOLVE 4x2 2026-07-22T17:14:04.511
ATTEMPT 226 W0 DONE 4x2 seed=1610050 nsol=16 0.03s 2026-07-22T17:14:04.545
ATTEMPT 227 W0 START 4x2 seed=1610051 2026-07-22T17:14:04.545
ATTEMPT 227 W0 SOLVE 4x2 2026-07-22T17:14:04.572
ATTEMPT 227 W0 DONE 4x2 seed=1610051 nsol=16 0.04s 2026-07-22T17:14:04.612
ATTEMPT 228 W0 START 4x2 seed=1610052 2026-07-22T17:14:04.613
ATTEMPT 228 W0 SOLVE 4x2 2026-07-22T17:14:04.634
ATTEMPT 228 W0 DONE 4x2 seed=1610052 nsol=16 0.03s 2026-07-22T17:14:04.674
ATTEMPT 229 W0 START 4x2 seed=1610053 2026-07-22T17:14:04.675
ATTEMPT 229 W0 SOLVE 4x2 2026-07-22T17:14:04.710
ATTEMPT 229 W0 DONE 4x2 seed=1610053 nsol=16 0.05s 2026-07-22T17:14:04.758
ATTEMPT 230 W0 START 4x2 seed=1610054 2026-07-22T17:14:04.758
ATTEMPT 230 W0 SOLVE 4x2 2026-07-22T17:14:04.793
ATTEMPT 230 W0 DONE 4x2 seed=1610054 nsol=16 0.02s 2026-07-22T17:14:04.825
ATTEMPT 231 W0 START 4x2 seed=1610055 2026-07-22T17:14:04.825
ATTEMPT 231 W0 SOLVE 4x2 2026-07-22T17:14:04.853
ATTEMPT 231 W0 DONE 4x2 seed=1610055 nsol=16 0.03s 2026-07-22T17:14:04.892
ATTEMPT 232 W0 START 4x2 seed=1610056 2026-07-22T17:14:04.892
ATTEMPT 232 W0 SOLVE 4x2 2026-07-22T17:14:04.907
ATTEMPT 232 W0 DONE 4x2 seed=1610056 nsol=16 0.02s 2026-07-22T17:14:04.931
ATTEMPT 233 W0 START 4x2 seed=1610057 2026-07-22T17:14:04.931
ATTEMPT 233 W0 SOLVE 4x2 2026-07-22T17:14:04.944
ATTEMPT 233 W0 DONE 4x2 seed=1610057 nsol=16 0.01s 2026-07-22T17:14:04.956
ATTEMPT 234 W0 START 4x2 seed=1610058 2026-07-22T17:14:04.956
ATTEMPT 234 W0 SOLVE 4x2 2026-07-22T17:14:04.966
ATTEMPT 234 W0 DONE 4x2 seed=1610058 nsol=16 0.02s 2026-07-22T17:14:04.990
ATTEMPT 235 W0 START 4x2 seed=1610059 2026-07-22T17:14:04.990
ATTEMPT 235 W0 SOLVE 4x2 2026-07-22T17:14:05.001
ATTEMPT 235 W0 DONE 4x2 seed=1610059 nsol=16 0.01s 2026-07-22T17:14:05.013
ATTEMPT 236 W0 START 4x2 seed=1610060 2026-07-22T17:14:05.013
ATTEMPT 236 W0 SOLVE 4x2 2026-07-22T17:14:05.021
ATTEMPT 236 W0 DONE 4x2 seed=1610060 nsol=16 0.03s 2026-07-22T17:14:05.051
ATTEMPT 237 W0 START 4x2 seed=1610061 2026-07-22T17:14:05.051
ATTEMPT 237 W0 SOLVE 4x2 2026-07-22T17:14:05.065
ATTEMPT 237 W0 DONE 4x2 seed=1610061 nsol=16 0.03s 2026-07-22T17:14:05.095
ATTEMPT 238 W0 START 4x2 seed=1610062 2026-07-22T17:14:05.095
ATTEMPT 238 W0 SOLVE 4x2 2026-07-22T17:14:05.101
ATTEMPT 238 W0 DONE 4x2 seed=1610062 nsol=16 0.02s 2026-07-22T17:14:05.126
ATTEMPT 239 W0 START 4x2 seed=1610063 2026-07-22T17:14:05.126
ATTEMPT 239 W0 SOLVE 4x2 2026-07-22T17:14:05.137
ATTEMPT 239 W0 DONE 4x2 seed=1610063 nsol=16 0.01s 2026-07-22T17:14:05.152
ATTEMPT 240 W0 START 4x2 seed=1610064 2026-07-22T17:14:05.152
ATTEMPT 240 W0 SOLVE 4x2 2026-07-22T17:14:05.165
ATTEMPT 240 W0 DONE 4x2 seed=1610064 nsol=16 0.02s 2026-07-22T17:14:05.181
ATTEMPT 241 W0 START 4x2 seed=1610065 2026-07-22T17:14:05.181
ATTEMPT 241 W0 SOLVE 4x2 2026-07-22T17:14:05.187
ATTEMPT 241 W0 DONE 4x2 seed=1610065 nsol=16 0.02s 2026-07-22T17:14:05.205
ATTEMPT 242 W0 START 4x2 seed=1610066 2026-07-22T17:14:05.205
ATTEMPT 242 W0 SOLVE 4x2 2026-07-22T17:14:05.215
ATTEMPT 242 W0 DONE 4x2 seed=1610066 nsol=16 0.04s 2026-07-22T17:14:05.256
ATTEMPT 243 W0 START 4x2 seed=1610067 2026-07-22T17:14:05.256
ATTEMPT 243 W0 SOLVE 4x2 2026-07-22T17:14:05.269
ATTEMPT 243 W0 DONE 4x2 seed=1610067 nsol=16 0.04s 2026-07-22T17:14:05.308
ATTEMPT 244 W0 START 4x2 seed=1610068 2026-07-22T17:14:05.308
ATTEMPT 244 W0 SOLVE 4x2 2026-07-22T17:14:05.321
ATTEMPT 244 W0 DONE 4x2 seed=1610068 nsol=16 0.04s 2026-07-22T17:14:05.369
ATTEMPT 245 W0 START 4x2 seed=1610069 2026-07-22T17:14:05.369
ATTEMPT 245 W0 SOLVE 4x2 2026-07-22T17:14:05.380
ATTEMPT 245 W0 DONE 4x2 seed=1610069 nsol=16 0.03s 2026-07-22T17:14:05.414
ATTEMPT 246 W0 START 4x2 seed=1610070 2026-07-22T17:14:05.415
ATTEMPT 246 W0 SOLVE 4x2 2026-07-22T17:14:05.437
ATTEMPT 246 W0 DONE 4x2 seed=1610070 nsol=16 0.03s 2026-07-22T17:14:05.468
ATTEMPT 247 W0 START 4x2 seed=1610071 2026-07-22T17:14:05.468
ATTEMPT 247 W0 SOLVE 4x2 2026-07-22T17:14:05.484
ATTEMPT 247 W0 DONE 4x2 seed=1610071 nsol=16 0.12s 2026-07-22T17:14:05.605
ATTEMPT 248 W0 START 4x2 seed=1610072 2026-07-22T17:14:05.625
ATTEMPT 248 W0 SOLVE 4x2 2026-07-22T17:14:05.631
ATTEMPT 248 W0 DONE 4x2 seed=1610072 nsol=16 0.01s 2026-07-22T17:14:05.645
ATTEMPT 249 W0 START 4x2 seed=1610073 2026-07-22T17:14:05.645
ATTEMPT 249 W0 SOLVE 4x2 2026-07-22T17:14:05.653
ATTEMPT 249 W0 DONE 4x2 seed=1610073 nsol=16 0.03s 2026-07-22T17:14:05.679
ATTEMPT 250 W0 START 4x2 seed=1610074 2026-07-22T17:14:05.679
ATTEMPT 250 W0 SOLVE 4x2 2026-07-22T17:14:05.691
ATTEMPT 250 W0 DONE 4x2 seed=1610074 nsol=16 0.01s 2026-07-22T17:14:05.700
ATTEMPT 251 W0 START 4x2 seed=1610075 2026-07-22T17:14:05.701
ATTEMPT 251 W0 SOLVE 4x2 2026-07-22T17:14:05.716
ATTEMPT 251 W0 DONE 4x2 seed=1610075 nsol=16 0.02s 2026-07-22T17:14:05.732
ATTEMPT 252 W0 START 4x2 seed=1610076 2026-07-22T17:14:05.732
ATTEMPT 252 W0 SOLVE 4x2 2026-07-22T17:14:05.737
ATTEMPT 252 W0 DONE 4x2 seed=1610076 nsol=16 0.02s 2026-07-22T17:14:05.754
ATTEMPT 253 W0 START 4x2 seed=1610077 2026-07-22T17:14:05.754
ATTEMPT 253 W0 SOLVE 4x2 2026-07-22T17:14:05.763
ATTEMPT 253 W0 DONE 4x2 seed=1610077 nsol=16 0.02s 2026-07-22T17:14:05.784
ATTEMPT 254 W0 START 4x2 seed=1610078 2026-07-22T17:14:05.784
ATTEMPT 254 W0 SOLVE 4x2 2026-07-22T17:14:05.801
ATTEMPT 254 W0 DONE 4x2 seed=1610078 nsol=16 0.03s 2026-07-22T17:14:05.836
ATTEMPT 255 W0 START 4x2 seed=1610079 2026-07-22T17:14:05.836
ATTEMPT 255 W0 SOLVE 4x2 2026-07-22T17:14:05.842
ATTEMPT 255 W0 DONE 4x2 seed=1610079 nsol=16 0.02s 2026-07-22T17:14:05.860
ATTEMPT 256 W0 START 4x2 seed=1610080 2026-07-22T17:14:05.860
ATTEMPT 256 W0 SOLVE 4x2 2026-07-22T17:14:05.885
ATTEMPT 256 W0 DONE 4x2 seed=1610080 nsol=16 0.02s 2026-07-22T17:14:05.907
ATTEMPT 257 W0 START 4x2 seed=1610081 2026-07-22T17:14:05.907
ATTEMPT 257 W0 SOLVE 4x2 2026-07-22T17:14:05.917
ATTEMPT 257 W0 DONE 4x2 seed=1610081 nsol=16 0.02s 2026-07-22T17:14:05.940
ATTEMPT 258 W0 START 4x2 seed=1610082 2026-07-22T17:14:05.940
ATTEMPT 258 W0 SOLVE 4x2 2026-07-22T17:14:05.955
ATTEMPT 258 W0 DONE 4x2 seed=1610082 nsol=16 0.02s 2026-07-22T17:14:05.975
ATTEMPT 259 W0 START 4x2 seed=1610083 2026-07-22T17:14:05.976
ATTEMPT 259 W0 SOLVE 4x2 2026-07-22T17:14:05.983
ATTEMPT 259 W0 DONE 4x2 seed=1610083 nsol=16 0.01s 2026-07-22T17:14:05.996
ATTEMPT 260 W0 START 4x2 seed=1610084 2026-07-22T17:14:05.996
ATTEMPT 260 W0 SOLVE 4x2 2026-07-22T17:14:06.015
ATTEMPT 260 W0 DONE 4x2 seed=1610084 nsol=16 0.01s 2026-07-22T17:14:06.022
ATTEMPT 261 W0 START 4x2 seed=1610085 2026-07-22T17:14:06.022
ATTEMPT 261 W0 SOLVE 4x2 2026-07-22T17:14:06.028
ATTEMPT 261 W0 DONE 4x2 seed=1610085 nsol=16 0.10s 2026-07-22T17:14:06.125
ATTEMPT 262 W0 START 4x2 seed=1610086 2026-07-22T17:14:06.126
ATTEMPT 262 W0 SOLVE 4x2 2026-07-22T17:14:06.178
ATTEMPT 262 W0 DONE 4x2 seed=1610086 nsol=16 0.01s 2026-07-22T17:14:06.187
ATTEMPT 263 W0 START 4x2 seed=1610087 2026-07-22T17:14:06.187
ATTEMPT 263 W0 SOLVE 4x2 2026-07-22T17:14:06.192
ATTEMPT 263 W0 DONE 4x2 seed=1610087 nsol=16 0.03s 2026-07-22T17:14:06.221
ATTEMPT 264 W0 START 4x2 seed=1610088 2026-07-22T17:14:06.222
ATTEMPT 264 W0 SOLVE 4x2 2026-07-22T17:14:06.228
ATTEMPT 264 W0 DONE 4x2 seed=1610088 nsol=16 0.03s 2026-07-22T17:14:06.260
ATTEMPT 265 W0 START 4x2 seed=1610089 2026-07-22T17:14:06.260
ATTEMPT 265 W0 SOLVE 4x2 2026-07-22T17:14:06.275
ATTEMPT 265 W0 DONE 4x2 seed=1610089 nsol=16 0.04s 2026-07-22T17:14:06.312
ATTEMPT 266 W0 START 4x2 seed=1610090 2026-07-22T17:14:06.312
ATTEMPT 266 W0 SOLVE 4x2 2026-07-22T17:14:06.318
ATTEMPT 266 W0 DONE 4x2 seed=1610090 nsol=16 0.05s 2026-07-22T17:14:06.370
ATTEMPT 267 W0 START 4x2 seed=1610091 2026-07-22T17:14:06.370
ATTEMPT 267 W0 SOLVE 4x2 2026-07-22T17:14:06.382
ATTEMPT 267 W0 DONE 4x2 seed=1610091 nsol=16 0.03s 2026-07-22T17:14:06.408
ATTEMPT 268 W0 START 4x2 seed=1610092 2026-07-22T17:14:06.409
ATTEMPT 268 W0 SOLVE 4x2 2026-07-22T17:14:06.420
ATTEMPT 268 W0 DONE 4x2 seed=1610092 nsol=16 0.02s 2026-07-22T17:14:06.435
ATTEMPT 269 W0 START 4x2 seed=1610093 2026-07-22T17:14:06.435
ATTEMPT 269 W0 SOLVE 4x2 2026-07-22T17:14:06.453
ATTEMPT 269 W0 DONE 4x2 seed=1610093 nsol=16 0.01s 2026-07-22T17:14:06.466
ATTEMPT 270 W0 START 4x2 seed=1610094 2026-07-22T17:14:06.467
ATTEMPT 270 W0 SOLVE 4x2 2026-07-22T17:14:06.482
ATTEMPT 270 W0 DONE 4x2 seed=1610094 nsol=16 0.01s 2026-07-22T17:14:06.492
ATTEMPT 271 W0 START 4x2 seed=1610095 2026-07-22T17:14:06.492
ATTEMPT 271 W0 SOLVE 4x2 2026-07-22T17:14:06.504
ATTEMPT 271 W0 DONE 4x2 seed=1610095 nsol=16 0.01s 2026-07-22T17:14:06.515
ATTEMPT 272 W0 START 4x2 seed=1610096 2026-07-22T17:14:06.515
ATTEMPT 272 W0 SOLVE 4x2 2026-07-22T17:14:06.544
ATTEMPT 272 W0 DONE 4x2 seed=1610096 nsol=16 0.02s 2026-07-22T17:14:06.560
ATTEMPT 273 W0 START 4x2 seed=1610097 2026-07-22T17:14:06.561
ATTEMPT 273 W0 SOLVE 4x2 2026-07-22T17:14:06.567
ATTEMPT 273 W0 DONE 4x2 seed=1610097 nsol=16 0.03s 2026-07-22T17:14:06.597
ATTEMPT 274 W0 START 4x2 seed=1610098 2026-07-22T17:14:06.597
ATTEMPT 274 W0 SOLVE 4x2 2026-07-22T17:14:06.608
ATTEMPT 274 W0 DONE 4x2 seed=1610098 nsol=16 0.02s 2026-07-22T17:14:06.632
ATTEMPT 275 W0 START 4x2 seed=1610099 2026-07-22T17:14:06.633
ATTEMPT 275 W0 SOLVE 4x2 2026-07-22T17:14:06.641
ATTEMPT 275 W0 DONE 4x2 seed=1610099 nsol=16 0.02s 2026-07-22T17:14:06.658
ATTEMPT 276 W0 START 4x2 seed=1610100 2026-07-22T17:14:06.659
ATTEMPT 276 W0 SOLVE 4x2 2026-07-22T17:14:06.670
ATTEMPT 276 W0 DONE 4x2 seed=1610100 nsol=16 0.02s 2026-07-22T17:14:06.691
ATTEMPT 277 W0 START 4x2 seed=1610101 2026-07-22T17:14:06.723
ATTEMPT 277 W0 SOLVE 4x2 2026-07-22T17:14:06.767
ATTEMPT 277 W0 DONE 4x2 seed=1610101 nsol=16 0.06s 2026-07-22T17:14:06.825
ATTEMPT 278 W0 START 4x2 seed=1610102 2026-07-22T17:14:06.825
ATTEMPT 278 W0 SOLVE 4x2 2026-07-22T17:14:06.830
ATTEMPT 278 W0 DONE 4x2 seed=1610102 nsol=16 0.03s 2026-07-22T17:14:06.864
ATTEMPT 279 W0 START 4x2 seed=1610103 2026-07-22T17:14:06.864
ATTEMPT 279 W0 SOLVE 4x2 2026-07-22T17:14:06.878
ATTEMPT 279 W0 DONE 4x2 seed=1610103 nsol=16 0.03s 2026-07-22T17:14:06.912
ATTEMPT 280 W0 START 4x2 seed=1610104 2026-07-22T17:14:06.914
ATTEMPT 280 W0 SOLVE 4x2 2026-07-22T17:14:06.934
ATTEMPT 280 W0 DONE 4x2 seed=1610104 nsol=16 0.03s 2026-07-22T17:14:06.960
ATTEMPT 281 W0 START 4x2 seed=1610105 2026-07-22T17:14:06.960
ATTEMPT 281 W0 SOLVE 4x2 2026-07-22T17:14:06.969
ATTEMPT 281 W0 DONE 4x2 seed=1610105 nsol=16 0.02s 2026-07-22T17:14:06.996
ATTEMPT 282 W0 START 4x2 seed=1610106 2026-07-22T17:14:06.996
ATTEMPT 282 W0 SOLVE 4x2 2026-07-22T17:14:07.009
ATTEMPT 282 W0 DONE 4x2 seed=1610106 nsol=16 0.03s 2026-07-22T17:14:07.040
ATTEMPT 283 W0 START 4x2 seed=1610107 2026-07-22T17:14:07.040
ATTEMPT 283 W0 SOLVE 4x2 2026-07-22T17:14:07.051
ATTEMPT 283 W0 DONE 4x2 seed=1610107 nsol=16 0.02s 2026-07-22T17:14:07.080
ATTEMPT 284 W0 START 4x2 seed=1610108 2026-07-22T17:14:07.081
ATTEMPT 284 W0 SOLVE 4x2 2026-07-22T17:14:07.096
ATTEMPT 284 W0 DONE 4x2 seed=1610108 nsol=16 0.02s 2026-07-22T17:14:07.116
ATTEMPT 285 W0 START 4x2 seed=1610109 2026-07-22T17:14:07.117
ATTEMPT 285 W0 SOLVE 4x2 2026-07-22T17:14:07.123
ATTEMPT 285 W0 DONE 4x2 seed=1610109 nsol=16 0.02s 2026-07-22T17:14:07.151
ATTEMPT 286 W0 START 4x2 seed=1610110 2026-07-22T17:14:07.151
ATTEMPT 286 W0 SOLVE 4x2 2026-07-22T17:14:07.161
ATTEMPT 286 W0 DONE 4x2 seed=1610110 nsol=16 0.01s 2026-07-22T17:14:07.172
ATTEMPT 287 W0 START 4x2 seed=1610111 2026-07-22T17:14:07.172
ATTEMPT 287 W0 SOLVE 4x2 2026-07-22T17:14:07.180
ATTEMPT 287 W0 DONE 4x2 seed=1610111 nsol=16 0.02s 2026-07-22T17:14:07.202
ATTEMPT 288 W0 START 4x2 seed=1610112 2026-07-22T17:14:07.203
ATTEMPT 288 W0 SOLVE 4x2 2026-07-22T17:14:07.210
ATTEMPT 288 W0 DONE 4x2 seed=1610112 nsol=16 0.02s 2026-07-22T17:14:07.228
ATTEMPT 289 W0 START 4x2 seed=1610113 2026-07-22T17:14:07.228
ATTEMPT 289 W0 SOLVE 4x2 2026-07-22T17:14:07.237
ATTEMPT 289 W0 DONE 4x2 seed=1610113 nsol=16 0.02s 2026-07-22T17:14:07.256
ATTEMPT 290 W0 START 4x2 seed=1610114 2026-07-22T17:14:07.256
ATTEMPT 290 W0 SOLVE 4x2 2026-07-22T17:14:07.265
ATTEMPT 290 W0 DONE 4x2 seed=1610114 nsol=16 0.06s 2026-07-22T17:14:07.329
ATTEMPT 291 W0 START 4x2 seed=1610115 2026-07-22T17:14:07.329
ATTEMPT 291 W0 SOLVE 4x2 2026-07-22T17:14:07.337
ATTEMPT 291 W0 DONE 4x2 seed=1610115 nsol=16 0.01s 2026-07-22T17:14:07.352
ATTEMPT 292 W0 START 4x2 seed=1610116 2026-07-22T17:14:07.352
ATTEMPT 292 W0 SOLVE 4x2 2026-07-22T17:14:07.361
ATTEMPT 292 W0 DONE 4x2 seed=1610116 nsol=16 0.01s 2026-07-22T17:14:07.374
ATTEMPT 293 W0 START 4x2 seed=1610117 2026-07-22T17:14:07.374
ATTEMPT 293 W0 SOLVE 4x2 2026-07-22T17:14:07.379
ATTEMPT 293 W0 DONE 4x2 seed=1610117 nsol=16 0.01s 2026-07-22T17:14:07.393
ATTEMPT 294 W0 START 4x2 seed=1610118 2026-07-22T17:14:07.393
ATTEMPT 294 W0 SOLVE 4x2 2026-07-22T17:14:07.401
ATTEMPT 294 W0 DONE 4x2 seed=1610118 nsol=16 0.01s 2026-07-22T17:14:07.416
ATTEMPT 295 W0 START 4x2 seed=1610119 2026-07-22T17:14:07.416
ATTEMPT 295 W0 SOLVE 4x2 2026-07-22T17:14:07.425
ATTEMPT 295 W0 DONE 4x2 seed=1610119 nsol=16 0.01s 2026-07-22T17:14:07.440
ATTEMPT 296 W0 START 4x2 seed=1610120 2026-07-22T17:14:07.440
ATTEMPT 296 W0 SOLVE 4x2 2026-07-22T17:14:07.446
ATTEMPT 296 W0 DONE 4x2 seed=1610120 nsol=16 0.02s 2026-07-22T17:14:07.461
ATTEMPT 297 W0 START 4x2 seed=1610121 2026-07-22T17:14:07.462
ATTEMPT 297 W0 SOLVE 4x2 2026-07-22T17:14:07.470
ATTEMPT 297 W0 DONE 4x2 seed=1610121 nsol=16 0.01s 2026-07-22T17:14:07.478
ATTEMPT 298 W0 START 4x2 seed=1610122 2026-07-22T17:14:07.478
ATTEMPT 298 W0 SOLVE 4x2 2026-07-22T17:14:07.486
ATTEMPT 298 W0 DONE 4x2 seed=1610122 nsol=16 0.03s 2026-07-22T17:14:07.515
ATTEMPT 299 W0 START 4x2 seed=1610123 2026-07-22T17:14:07.516
ATTEMPT 299 W0 SOLVE 4x2 2026-07-22T17:14:07.522
ATTEMPT 299 W0 DONE 4x2 seed=1610123 nsol=16 0.01s 2026-07-22T17:14:07.532
ATTEMPT 300 W0 START 4x2 seed=1610124 2026-07-22T17:14:07.532
ATTEMPT 300 W0 SOLVE 4x2 2026-07-22T17:14:07.543
ATTEMPT 300 W0 DONE 4x2 seed=1610124 nsol=16 0.01s 2026-07-22T17:14:07.557
ATTEMPT 301 W0 START 4x2 seed=1610125 2026-07-22T17:14:07.557
ATTEMPT 301 W0 SOLVE 4x2 2026-07-22T17:14:07.564
ATTEMPT 301 W0 DONE 4x2 seed=1610125 nsol=16 0.01s 2026-07-22T17:14:07.572
ATTEMPT 302 W0 START 4x2 seed=1610126 2026-07-22T17:14:07.572
ATTEMPT 302 W0 SOLVE 4x2 2026-07-22T17:14:07.583
ATTEMPT 302 W0 DONE 4x2 seed=1610126 nsol=16 0.02s 2026-07-22T17:14:07.600
ATTEMPT 303 W0 START 4x2 seed=1610127 2026-07-22T17:14:07.601
ATTEMPT 303 W0 SOLVE 4x2 2026-07-22T17:14:07.607
ATTEMPT 303 W0 DONE 4x2 seed=1610127 nsol=16 0.01s 2026-07-22T17:14:07.618
ATTEMPT 304 W0 START 4x2 seed=1610128 2026-07-22T17:14:07.619
ATTEMPT 304 W0 SOLVE 4x2 2026-07-22T17:14:07.626
ATTEMPT 304 W0 DONE 4x2 seed=1610128 nsol=16 0.01s 2026-07-22T17:14:07.640
ATTEMPT 305 W0 START 4x2 seed=1610129 2026-07-22T17:14:07.641
ATTEMPT 305 W0 SOLVE 4x2 2026-07-22T17:14:07.650
ATTEMPT 305 W0 DONE 4x2 seed=1610129 nsol=16 0.01s 2026-07-22T17:14:07.663
ATTEMPT 306 W0 START 4x2 seed=1610130 2026-07-22T17:14:07.663
ATTEMPT 306 W0 SOLVE 4x2 2026-07-22T17:14:07.675
ATTEMPT 306 W0 DONE 4x2 seed=1610130 nsol=16 0.02s 2026-07-22T17:14:07.696
ATTEMPT 307 W0 START 4x2 seed=1610131 2026-07-22T17:14:07.697
ATTEMPT 307 W0 SOLVE 4x2 2026-07-22T17:14:07.708
ATTEMPT 307 W0 DONE 4x2 seed=1610131 nsol=16 0.02s 2026-07-22T17:14:07.728
ATTEMPT 308 W0 START 4x2 seed=1610132 2026-07-22T17:14:07.729
ATTEMPT 308 W0 SOLVE 4x2 2026-07-22T17:14:07.742
ATTEMPT 308 W0 DONE 4x2 seed=1610132 nsol=16 0.02s 2026-07-22T17:14:07.761
ATTEMPT 309 W0 START 4x2 seed=1610133 2026-07-22T17:14:07.761
ATTEMPT 309 W0 SOLVE 4x2 2026-07-22T17:14:07.776
ATTEMPT 309 W0 DONE 4x2 seed=1610133 nsol=16 0.01s 2026-07-22T17:14:07.788
ATTEMPT 310 W0 START 4x2 seed=1610134 2026-07-22T17:14:07.788
ATTEMPT 310 W0 SOLVE 4x2 2026-07-22T17:14:07.806
ATTEMPT 310 W0 DONE 4x2 seed=1610134 nsol=16 0.03s 2026-07-22T17:14:07.832
ATTEMPT 311 W0 START 4x2 seed=1610135 2026-07-22T17:14:07.833
ATTEMPT 311 W0 SOLVE 4x2 2026-07-22T17:14:07.841
ATTEMPT 311 W0 DONE 4x2 seed=1610135 nsol=16 0.02s 2026-07-22T17:14:07.868
ATTEMPT 312 W0 START 4x2 seed=1610136 2026-07-22T17:14:07.868
ATTEMPT 312 W0 SOLVE 4x2 2026-07-22T17:14:07.876
ATTEMPT 312 W0 DONE 4x2 seed=1610136 nsol=16 0.02s 2026-07-22T17:14:07.893
ATTEMPT 313 W0 START 4x2 seed=1610137 2026-07-22T17:14:07.893
ATTEMPT 313 W0 SOLVE 4x2 2026-07-22T17:14:07.901
ATTEMPT 313 W0 DONE 4x2 seed=1610137 nsol=16 0.02s 2026-07-22T17:14:07.917
ATTEMPT 314 W0 START 4x2 seed=1610138 2026-07-22T17:14:07.918
ATTEMPT 314 W0 SOLVE 4x2 2026-07-22T17:14:07.925
ATTEMPT 314 W0 DONE 4x2 seed=1610138 nsol=16 0.01s 2026-07-22T17:14:07.934
ATTEMPT 315 W0 START 4x2 seed=1610139 2026-07-22T17:14:07.934
ATTEMPT 315 W0 SOLVE 4x2 2026-07-22T17:14:07.943
ATTEMPT 315 W0 DONE 4x2 seed=1610139 nsol=16 0.02s 2026-07-22T17:14:07.960
ATTEMPT 316 W0 START 4x2 seed=1610140 2026-07-22T17:14:07.960
ATTEMPT 316 W0 SOLVE 4x2 2026-07-22T17:14:07.974
ATTEMPT 316 W0 DONE 4x2 seed=1610140 nsol=16 0.02s 2026-07-22T17:14:07.996
ATTEMPT 317 W0 START 4x2 seed=1610141 2026-07-22T17:14:07.996
ATTEMPT 317 W0 SOLVE 4x2 2026-07-22T17:14:08.007
ATTEMPT 317 W0 DONE 4x2 seed=1610141 nsol=16 0.01s 2026-07-22T17:14:08.018
ATTEMPT 318 W0 START 4x2 seed=1610142 2026-07-22T17:14:08.018
ATTEMPT 318 W0 SOLVE 4x2 2026-07-22T17:14:08.032
ATTEMPT 318 W0 DONE 4x2 seed=1610142 nsol=16 0.01s 2026-07-22T17:14:08.046
ATTEMPT 319 W0 START 4x2 seed=1610143 2026-07-22T17:14:08.046
ATTEMPT 319 W0 SOLVE 4x2 2026-07-22T17:14:08.060
ATTEMPT 319 W0 DONE 4x2 seed=1610143 nsol=16 0.02s 2026-07-22T17:14:08.076
ATTEMPT 320 W0 START 4x2 seed=1610144 2026-07-22T17:14:08.076
ATTEMPT 320 W0 SOLVE 4x2 2026-07-22T17:14:08.092
ATTEMPT 320 W0 DONE 4x2 seed=1610144 nsol=16 0.02s 2026-07-22T17:14:08.113
ATTEMPT 321 W0 START 4x2 seed=1610145 2026-07-22T17:14:08.114
ATTEMPT 321 W0 SOLVE 4x2 2026-07-22T17:14:08.127
ATTEMPT 321 W0 DONE 4x2 seed=1610145 nsol=16 0.02s 2026-07-22T17:14:08.152
ATTEMPT 322 W0 START 4x2 seed=1610146 2026-07-22T17:14:08.152
ATTEMPT 322 W0 SOLVE 4x2 2026-07-22T17:14:08.169
ATTEMPT 322 W0 DONE 4x2 seed=1610146 nsol=16 0.03s 2026-07-22T17:14:08.204
ATTEMPT 323 W0 START 4x2 seed=1610147 2026-07-22T17:14:08.204
ATTEMPT 323 W0 SOLVE 4x2 2026-07-22T17:14:08.213
ATTEMPT 323 W0 DONE 4x2 seed=1610147 nsol=16 0.03s 2026-07-22T17:14:08.252
ATTEMPT 324 W0 START 4x2 seed=1610148 2026-07-22T17:14:08.252
ATTEMPT 324 W0 SOLVE 4x2 2026-07-22T17:14:08.277
ATTEMPT 324 W0 DONE 4x2 seed=1610148 nsol=16 0.03s 2026-07-22T17:14:08.303
ATTEMPT 325 W0 START 4x2 seed=1610149 2026-07-22T17:14:08.303
ATTEMPT 325 W0 SOLVE 4x2 2026-07-22T17:14:08.314
ATTEMPT 325 W0 DONE 4x2 seed=1610149 nsol=16 0.03s 2026-07-22T17:14:08.348
ATTEMPT 326 W0 START 4x2 seed=1610150 2026-07-22T17:14:08.352
ATTEMPT 326 W0 SOLVE 4x2 2026-07-22T17:14:08.366
ATTEMPT 326 W0 DONE 4x2 seed=1610150 nsol=16 0.02s 2026-07-22T17:14:08.388
ATTEMPT 327 W0 START 4x2 seed=1610151 2026-07-22T17:14:08.388
ATTEMPT 327 W0 SOLVE 4x2 2026-07-22T17:14:08.398
ATTEMPT 327 W0 DONE 4x2 seed=1610151 nsol=16 0.02s 2026-07-22T17:14:08.421
ATTEMPT 328 W0 START 4x2 seed=1610152 2026-07-22T17:14:08.421
ATTEMPT 328 W0 SOLVE 4x2 2026-07-22T17:14:08.433
ATTEMPT 328 W0 DONE 4x2 seed=1610152 nsol=16 0.11s 2026-07-22T17:14:08.540
ATTEMPT 329 W0 START 4x2 seed=1610153 2026-07-22T17:14:08.540
ATTEMPT 329 W0 SOLVE 4x2 2026-07-22T17:14:08.553
ATTEMPT 329 W0 DONE 4x2 seed=1610153 nsol=16 0.01s 2026-07-22T17:14:08.565
ATTEMPT 330 W0 START 4x2 seed=1610154 2026-07-22T17:14:08.565
ATTEMPT 330 W0 SOLVE 4x2 2026-07-22T17:14:08.576
ATTEMPT 330 W0 DONE 4x2 seed=1610154 nsol=16 0.03s 2026-07-22T17:14:08.606
ATTEMPT 331 W0 START 4x2 seed=1610155 2026-07-22T17:14:08.606
ATTEMPT 331 W0 SOLVE 4x2 2026-07-22T17:14:08.635
ATTEMPT 331 W0 DONE 4x2 seed=1610155 nsol=16 0.01s 2026-07-22T17:14:08.642
ATTEMPT 332 W0 START 4x2 seed=1610156 2026-07-22T17:14:08.642
ATTEMPT 332 W0 SOLVE 4x2 2026-07-22T17:14:08.647
ATTEMPT 332 W0 DONE 4x2 seed=1610156 nsol=16 0.01s 2026-07-22T17:14:08.652
ATTEMPT 333 W0 START 4x2 seed=1610157 2026-07-22T17:14:08.652
ATTEMPT 333 W0 SOLVE 4x2 2026-07-22T17:14:08.658
ATTEMPT 333 W0 DONE 4x2 seed=1610157 nsol=16 0.03s 2026-07-22T17:14:08.684
ATTEMPT 334 W0 START 4x2 seed=1610158 2026-07-22T17:14:08.684
ATTEMPT 334 W0 SOLVE 4x2 2026-07-22T17:14:08.695
ATTEMPT 334 W0 DONE 4x2 seed=1610158 nsol=16 0.02s 2026-07-22T17:14:08.715
ATTEMPT 335 W0 START 4x2 seed=1610159 2026-07-22T17:14:08.715
ATTEMPT 335 W0 SOLVE 4x2 2026-07-22T17:14:08.725
ATTEMPT 335 W0 DONE 4x2 seed=1610159 nsol=16 0.05s 2026-07-22T17:14:08.776
ATTEMPT 336 W0 START 4x2 seed=1610160 2026-07-22T17:14:08.776
ATTEMPT 336 W0 SOLVE 4x2 2026-07-22T17:14:08.790
ATTEMPT 336 W0 DONE 4x2 seed=1610160 nsol=16 0.03s 2026-07-22T17:14:08.824
ATTEMPT 337 W0 START 4x2 seed=1610161 2026-07-22T17:14:08.825
ATTEMPT 337 W0 SOLVE 4x2 2026-07-22T17:14:08.839
ATTEMPT 337 W0 DONE 4x2 seed=1610161 nsol=16 0.02s 2026-07-22T17:14:08.868
ATTEMPT 338 W0 START 4x2 seed=1610162 2026-07-22T17:14:08.868
ATTEMPT 338 W0 SOLVE 4x2 2026-07-22T17:14:08.919
ATTEMPT 338 W0 DONE 4x2 seed=1610162 nsol=16 0.02s 2026-07-22T17:14:08.936
ATTEMPT 339 W0 START 4x2 seed=1610163 2026-07-22T17:14:08.936
ATTEMPT 339 W0 SOLVE 4x2 2026-07-22T17:14:08.948
ATTEMPT 339 W0 DONE 4x2 seed=1610163 nsol=16 0.02s 2026-07-22T17:14:08.964
ATTEMPT 340 W0 START 4x2 seed=1610164 2026-07-22T17:14:08.964
ATTEMPT 340 W0 SOLVE 4x2 2026-07-22T17:14:08.973
ATTEMPT 340 W0 DONE 4x2 seed=1610164 nsol=16 0.03s 2026-07-22T17:14:09
ATTEMPT 341 W0 START 4x2 seed=1610165 2026-07-22T17:14:09
ATTEMPT 341 W0 SOLVE 4x2 2026-07-22T17:14:09.006
ATTEMPT 341 W0 DONE 4x2 seed=1610165 nsol=16 0.04s 2026-07-22T17:14:09.048
ATTEMPT 342 W0 START 4x2 seed=1610166 2026-07-22T17:14:09.049
ATTEMPT 342 W0 SOLVE 4x2 2026-07-22T17:14:09.085
ATTEMPT 342 W0 DONE 4x2 seed=1610166 nsol=16 0.01s 2026-07-22T17:14:09.096
ATTEMPT 343 W0 START 4x2 seed=1610167 2026-07-22T17:14:09.096
ATTEMPT 343 W0 SOLVE 4x2 2026-07-22T17:14:09.102
ATTEMPT 343 W0 DONE 4x2 seed=1610167 nsol=16 0.03s 2026-07-22T17:14:09.136
ATTEMPT 344 W0 START 4x2 seed=1610168 2026-07-22T17:14:09.136
ATTEMPT 344 W0 SOLVE 4x2 2026-07-22T17:14:09.144
ATTEMPT 344 W0 DONE 4x2 seed=1610168 nsol=16 0.04s 2026-07-22T17:14:09.179
ATTEMPT 345 W0 START 4x2 seed=1610169 2026-07-22T17:14:09.180
ATTEMPT 345 W0 SOLVE 4x2 2026-07-22T17:14:09.193
ATTEMPT 345 W0 DONE 4x2 seed=1610169 nsol=16 0.05s 2026-07-22T17:14:09.242
ATTEMPT 346 W0 START 4x2 seed=1610170 2026-07-22T17:14:09.242
ATTEMPT 346 W0 SOLVE 4x2 2026-07-22T17:14:09.255
ATTEMPT 346 W0 DONE 4x2 seed=1610170 nsol=16 0.03s 2026-07-22T17:14:09.283
ATTEMPT 347 W0 START 4x2 seed=1610171 2026-07-22T17:14:09.284
ATTEMPT 347 W0 SOLVE 4x2 2026-07-22T17:14:09.299
ATTEMPT 347 W0 DONE 4x2 seed=1610171 nsol=16 0.02s 2026-07-22T17:14:09.319
ATTEMPT 348 W0 START 4x2 seed=1610172 2026-07-22T17:14:09.319
ATTEMPT 348 W0 SOLVE 4x2 2026-07-22T17:14:09.346
ATTEMPT 348 W0 DONE 4x2 seed=1610172 nsol=16 0.02s 2026-07-22T17:14:09.368
ATTEMPT 349 W0 START 4x2 seed=1610173 2026-07-22T17:14:09.369
ATTEMPT 349 W0 SOLVE 4x2 2026-07-22T17:14:09.381
ATTEMPT 349 W0 DONE 4x2 seed=1610173 nsol=16 0.05s 2026-07-22T17:14:09.428
ATTEMPT 350 W0 START 4x2 seed=1610174 2026-07-22T17:14:09.428
ATTEMPT 350 W0 SOLVE 4x2 2026-07-22T17:14:09.440
ATTEMPT 350 W0 DONE 4x2 seed=1610174 nsol=16 0.04s 2026-07-22T17:14:09.485
ATTEMPT 351 W0 START 4x2 seed=1610175 2026-07-22T17:14:09.485
ATTEMPT 351 W0 SOLVE 4x2 2026-07-22T17:14:09.491
ATTEMPT 351 W0 DONE 4x2 seed=1610175 nsol=16 0.02s 2026-07-22T17:14:09.515
ATTEMPT 352 W0 START 4x2 seed=1610176 2026-07-22T17:14:09.515
ATTEMPT 352 W0 SOLVE 4x2 2026-07-22T17:14:09.539
ATTEMPT 352 W0 DONE 4x2 seed=1610176 nsol=16 0.01s 2026-07-22T17:14:09.550
ATTEMPT 353 W0 START 4x2 seed=1610177 2026-07-22T17:14:09.550
ATTEMPT 353 W0 SOLVE 4x2 2026-07-22T17:14:09.564
ATTEMPT 353 W0 DONE 4x2 seed=1610177 nsol=16 0.03s 2026-07-22T17:14:09.597
ATTEMPT 354 W0 START 4x2 seed=1610178 2026-07-22T17:14:09.597
ATTEMPT 354 W0 SOLVE 4x2 2026-07-22T17:14:09.610
ATTEMPT 354 W0 DONE 4x2 seed=1610178 nsol=16 0.02s 2026-07-22T17:14:09.629
ATTEMPT 355 W0 START 4x2 seed=1610179 2026-07-22T17:14:09.629
ATTEMPT 355 W0 SOLVE 4x2 2026-07-22T17:14:09.638
ATTEMPT 355 W0 DONE 4x2 seed=1610179 nsol=16 0.03s 2026-07-22T17:14:09.666
ATTEMPT 356 W0 START 4x2 seed=1610180 2026-07-22T17:14:09.666
ATTEMPT 356 W0 SOLVE 4x2 2026-07-22T17:14:09.680
ATTEMPT 356 W0 DONE 4x2 seed=1610180 nsol=16 0.06s 2026-07-22T17:14:09.738
ATTEMPT 357 W0 START 4x2 seed=1610181 2026-07-22T17:14:09.738
ATTEMPT 357 W0 SOLVE 4x2 2026-07-22T17:14:09.745
ATTEMPT 357 W0 DONE 4x2 seed=1610181 nsol=16 0.04s 2026-07-22T17:14:09.781
ATTEMPT 358 W0 START 4x2 seed=1610182 2026-07-22T17:14:09.781
ATTEMPT 358 W0 SOLVE 4x2 2026-07-22T17:14:09.807
ATTEMPT 358 W0 DONE 4x2 seed=1610182 nsol=16 0.10s 2026-07-22T17:14:09.910
ATTEMPT 359 W0 START 4x2 seed=1610183 2026-07-22T17:14:09.910
ATTEMPT 359 W0 SOLVE 4x2 2026-07-22T17:14:09.918
ATTEMPT 359 W0 DONE 4x2 seed=1610183 nsol=16 0.01s 2026-07-22T17:14:09.930
ATTEMPT 360 W0 START 4x2 seed=1610184 2026-07-22T17:14:09.930
ATTEMPT 360 W0 SOLVE 4x2 2026-07-22T17:14:09.937
ATTEMPT 360 W0 DONE 4x2 seed=1610184 nsol=16 0.08s 2026-07-22T17:14:10.020
ATTEMPT 361 W0 START 4x2 seed=1610185 2026-07-22T17:14:10.020
ATTEMPT 361 W0 SOLVE 4x2 2026-07-22T17:14:10.043
ATTEMPT 361 W0 DONE 4x2 seed=1610185 nsol=16 0.06s 2026-07-22T17:14:10.102
ATTEMPT 362 W0 START 4x2 seed=1610186 2026-07-22T17:14:10.102
ATTEMPT 362 W0 SOLVE 4x2 2026-07-22T17:14:10.114
ATTEMPT 362 W0 DONE 4x2 seed=1610186 nsol=16 0.10s 2026-07-22T17:14:10.220
ATTEMPT 363 W0 START 4x2 seed=1610187 2026-07-22T17:14:10.221
ATTEMPT 363 W0 SOLVE 4x2 2026-07-22T17:14:10.233
ATTEMPT 363 W0 DONE 4x2 seed=1610187 nsol=16 0.03s 2026-07-22T17:14:10.266
ATTEMPT 364 W0 START 4x2 seed=1610188 2026-07-22T17:14:10.266
ATTEMPT 364 W0 SOLVE 4x2 2026-07-22T17:14:10.282
ATTEMPT 364 W0 DONE 4x2 seed=1610188 nsol=16 0.18s 2026-07-22T17:14:10.463
ATTEMPT 365 W0 START 4x2 seed=1610189 2026-07-22T17:14:10.473
ATTEMPT 365 W0 SOLVE 4x2 2026-07-22T17:14:10.483
ATTEMPT 365 W0 DONE 4x2 seed=1610189 nsol=16 0.03s 2026-07-22T17:14:10.522
ATTEMPT 366 W0 START 4x2 seed=1610190 2026-07-22T17:14:10.522
ATTEMPT 366 W0 SOLVE 4x2 2026-07-22T17:14:10.529
ATTEMPT 366 W0 DONE 4x2 seed=1610190 nsol=16 0.03s 2026-07-22T17:14:10.557
ATTEMPT 367 W0 START 4x2 seed=1610191 2026-07-22T17:14:10.557
ATTEMPT 367 W0 SOLVE 4x2 2026-07-22T17:14:10.565
ATTEMPT 367 W0 DONE 4x2 seed=1610191 nsol=16 0.04s 2026-07-22T17:14:10.603
ATTEMPT 368 W0 START 4x2 seed=1610192 2026-07-22T17:14:10.603
ATTEMPT 368 W0 SOLVE 4x2 2026-07-22T17:14:10.624
ATTEMPT 368 W0 DONE 4x2 seed=1610192 nsol=16 0.03s 2026-07-22T17:14:10.655
ATTEMPT 369 W0 START 4x2 seed=1610193 2026-07-22T17:14:10.655
ATTEMPT 369 W0 SOLVE 4x2 2026-07-22T17:14:10.674
ATTEMPT 369 W0 DONE 4x2 seed=1610193 nsol=16 0.03s 2026-07-22T17:14:10.704
ATTEMPT 370 W0 START 4x2 seed=1610194 2026-07-22T17:14:10.704
ATTEMPT 370 W0 SOLVE 4x2 2026-07-22T17:14:10.716
ATTEMPT 370 W0 DONE 4x2 seed=1610194 nsol=16 0.03s 2026-07-22T17:14:10.748
ATTEMPT 371 W0 START 4x2 seed=1610195 2026-07-22T17:14:10.748
ATTEMPT 371 W0 SOLVE 4x2 2026-07-22T17:14:10.754
ATTEMPT 371 W0 DONE 4x2 seed=1610195 nsol=16 0.06s 2026-07-22T17:14:10.832
ATTEMPT 372 W0 START 4x2 seed=1610196 2026-07-22T17:14:10.833
ATTEMPT 372 W0 SOLVE 4x2 2026-07-22T17:14:10.840
ATTEMPT 372 W0 DONE 4x2 seed=1610196 nsol=16 0.22s 2026-07-22T17:14:11.063
ATTEMPT 373 W0 START 4x2 seed=1610197 2026-07-22T17:14:11.063
ATTEMPT 373 W0 SOLVE 4x2 2026-07-22T17:14:11.143
ATTEMPT 373 W0 DONE 4x2 seed=1610197 nsol=16 0.18s 2026-07-22T17:14:11.327
ATTEMPT 374 W0 START 4x2 seed=1610198 2026-07-22T17:14:11.327
ATTEMPT 374 W0 SOLVE 4x2 2026-07-22T17:14:11.351
ATTEMPT 374 W0 DONE 4x2 seed=1610198 nsol=16 0.08s 2026-07-22T17:14:11.431
ATTEMPT 375 W0 START 4x2 seed=1610199 2026-07-22T17:14:11.431
ATTEMPT 375 W0 SOLVE 4x2 2026-07-22T17:14:11.499
ATTEMPT 375 W0 DONE 4x2 seed=1610199 nsol=16 0.05s 2026-07-22T17:14:11.549
ATTEMPT 376 W0 START 4x2 seed=1610200 2026-07-22T17:14:11.549
ATTEMPT 376 W0 SOLVE 4x2 2026-07-22T17:14:11.577
ATTEMPT 376 W0 DONE 4x2 seed=1610200 nsol=16 0.03s 2026-07-22T17:14:11.606
ATTEMPT 377 W0 START 4x2 seed=1610201 2026-07-22T17:14:11.606
ATTEMPT 377 W0 SOLVE 4x2 2026-07-22T17:14:11.621
ATTEMPT 377 W0 DONE 4x2 seed=1610201 nsol=16 0.20s 2026-07-22T17:14:11.818
ATTEMPT 378 W0 START 4x2 seed=1610202 2026-07-22T17:14:11.831
ATTEMPT 378 W0 SOLVE 4x2 2026-07-22T17:14:11.843
ATTEMPT 378 W0 DONE 4x2 seed=1610202 nsol=16 0.02s 2026-07-22T17:14:11.868
ATTEMPT 379 W0 START 4x2 seed=1610203 2026-07-22T17:14:11.868
ATTEMPT 379 W0 SOLVE 4x2 2026-07-22T17:14:11.898
ATTEMPT 379 W0 DONE 4x2 seed=1610203 nsol=16 0.02s 2026-07-22T17:14:11.916
ATTEMPT 380 W0 START 4x2 seed=1610204 2026-07-22T17:14:11.916
ATTEMPT 380 W0 SOLVE 4x2 2026-07-22T17:14:11.927
ATTEMPT 380 W0 DONE 4x2 seed=1610204 nsol=16 0.04s 2026-07-22T17:14:11.967
ATTEMPT 381 W0 START 4x2 seed=1610205 2026-07-22T17:14:11.967
ATTEMPT 381 W0 SOLVE 4x2 2026-07-22T17:14:11.977
ATTEMPT 381 W0 DONE 4x2 seed=1610205 nsol=16 0.03s 2026-07-22T17:14:12.010
ATTEMPT 382 W0 START 4x2 seed=1610206 2026-07-22T17:14:12.010
ATTEMPT 382 W0 SOLVE 4x2 2026-07-22T17:14:12.019
ATTEMPT 382 W0 DONE 4x2 seed=1610206 nsol=16 0.03s 2026-07-22T17:14:12.052
ATTEMPT 383 W0 START 4x2 seed=1610207 2026-07-22T17:14:12.052
ATTEMPT 383 W0 SOLVE 4x2 2026-07-22T17:14:12.065
ATTEMPT 383 W0 DONE 4x2 seed=1610207 nsol=16 0.03s 2026-07-22T17:14:12.098
ATTEMPT 384 W0 START 4x2 seed=1610208 2026-07-22T17:14:12.098
ATTEMPT 384 W0 SOLVE 4x2 2026-07-22T17:14:12.113
ATTEMPT 384 W0 DONE 4x2 seed=1610208 nsol=16 0.11s 2026-07-22T17:14:12.222
ATTEMPT 385 W0 START 4x2 seed=1610209 2026-07-22T17:14:12.222
ATTEMPT 385 W0 SOLVE 4x2 2026-07-22T17:14:12.230
ATTEMPT 385 W0 DONE 4x2 seed=1610209 nsol=16 0.02s 2026-07-22T17:14:12.245
ATTEMPT 386 W0 START 4x2 seed=1610210 2026-07-22T17:14:12.246
ATTEMPT 386 W0 SOLVE 4x2 2026-07-22T17:14:12.316
ATTEMPT 386 W0 DONE 4x2 seed=1610210 nsol=16 0.11s 2026-07-22T17:14:12.428
ATTEMPT 387 W0 START 4x2 seed=1610211 2026-07-22T17:14:12.429
ATTEMPT 387 W0 SOLVE 4x2 2026-07-22T17:14:12.436
ATTEMPT 387 W0 DONE 4x2 seed=1610211 nsol=16 0.05s 2026-07-22T17:14:12.481
ATTEMPT 388 W0 START 4x2 seed=1610212 2026-07-22T17:14:12.482
ATTEMPT 388 W0 SOLVE 4x2 2026-07-22T17:14:12.490
ATTEMPT 388 W0 DONE 4x2 seed=1610212 nsol=16 0.04s 2026-07-22T17:14:12.529
ATTEMPT 389 W0 START 4x2 seed=1610213 2026-07-22T17:14:12.530
ATTEMPT 389 W0 SOLVE 4x2 2026-07-22T17:14:12.613
ATTEMPT 389 W0 DONE 4x2 seed=1610213 nsol=16 0.06s 2026-07-22T17:14:12.671
ATTEMPT 390 W0 START 4x2 seed=1610214 2026-07-22T17:14:12.708
ATTEMPT 390 W0 SOLVE 4x2 2026-07-22T17:14:12.792
ATTEMPT 390 W0 DONE 4x2 seed=1610214 nsol=16 0.03s 2026-07-22T17:14:12.822
ATTEMPT 391 W0 START 4x2 seed=1610215 2026-07-22T17:14:12.822
ATTEMPT 391 W0 SOLVE 4x2 2026-07-22T17:14:12.829
ATTEMPT 391 W0 DONE 4x2 seed=1610215 nsol=16 0.04s 2026-07-22T17:14:12.870
ATTEMPT 392 W0 START 4x2 seed=1610216 2026-07-22T17:14:12.871
ATTEMPT 392 W0 SOLVE 4x2 2026-07-22T17:14:12.877
ATTEMPT 392 W0 DONE 4x2 seed=1610216 nsol=16 0.02s 2026-07-22T17:14:12.914
ATTEMPT 393 W0 START 4x2 seed=1610217 2026-07-22T17:14:12.914
ATTEMPT 393 W0 SOLVE 4x2 2026-07-22T17:14:12.919
ATTEMPT 393 W0 DONE 4x2 seed=1610217 nsol=16 0.03s 2026-07-22T17:14:12.948
ATTEMPT 394 W0 START 4x2 seed=1610218 2026-07-22T17:14:12.948
ATTEMPT 394 W0 SOLVE 4x2 2026-07-22T17:14:12.960
ATTEMPT 394 W0 DONE 4x2 seed=1610218 nsol=16 0.08s 2026-07-22T17:14:13.040
ATTEMPT 395 W0 START 4x2 seed=1610219 2026-07-22T17:14:13.041
ATTEMPT 395 W0 SOLVE 4x2 2026-07-22T17:14:13.066
ATTEMPT 395 W0 DONE 4x2 seed=1610219 nsol=16 0.03s 2026-07-22T17:14:13.092
ATTEMPT 396 W0 START 4x2 seed=1610220 2026-07-22T17:14:13.093
ATTEMPT 396 W0 SOLVE 4x2 2026-07-22T17:14:13.100
ATTEMPT 396 W0 DONE 4x2 seed=1610220 nsol=16 0.04s 2026-07-22T17:14:13.143
ATTEMPT 397 W0 START 4x2 seed=1610221 2026-07-22T17:14:13.144
ATTEMPT 397 W0 SOLVE 4x2 2026-07-22T17:14:13.150
ATTEMPT 397 W0 DONE 4x2 seed=1610221 nsol=16 0.12s 2026-07-22T17:14:13.265
ATTEMPT 398 W0 START 4x2 seed=1610222 2026-07-22T17:14:13.265
ATTEMPT 398 W0 SOLVE 4x2 2026-07-22T17:14:13.337
ATTEMPT 398 W0 DONE 4x2 seed=1610222 nsol=16 0.07s 2026-07-22T17:14:13.411
ATTEMPT 399 W0 START 4x2 seed=1610223 2026-07-22T17:14:13.412
ATTEMPT 399 W0 SOLVE 4x2 2026-07-22T17:14:13.419
ATTEMPT 399 W0 DONE 4x2 seed=1610223 nsol=16 0.18s 2026-07-22T17:14:13.604
ATTEMPT 400 W0 START 4x2 seed=1610224 2026-07-22T17:14:13.604
ATTEMPT 400 W0 SOLVE 4x2 2026-07-22T17:14:13.643
ATTEMPT 400 W0 DONE 4x2 seed=1610224 nsol=16 0.05s 2026-07-22T17:14:13.696
ATTEMPT 401 W0 START 4x2 seed=1610225 2026-07-22T17:14:13.696
ATTEMPT 401 W0 SOLVE 4x2 2026-07-22T17:14:13.714
ATTEMPT 401 W0 DONE 4x2 seed=1610225 nsol=16 0.65s 2026-07-22T17:14:14.361
ATTEMPT 402 W0 START 4x2 seed=1610226 2026-07-22T17:14:14.362
ATTEMPT 402 W0 SOLVE 4x2 2026-07-22T17:14:14.389
ATTEMPT 402 W0 DONE 4x2 seed=1610226 nsol=16 0.05s 2026-07-22T17:14:14.440
ATTEMPT 403 W0 START 4x2 seed=1610227 2026-07-22T17:14:14.440
ATTEMPT 403 W0 SOLVE 4x2 2026-07-22T17:14:14.453
ATTEMPT 403 W0 DONE 4x2 seed=1610227 nsol=16 0.07s 2026-07-22T17:14:14.521
ATTEMPT 404 W0 START 4x2 seed=1610228 2026-07-22T17:14:14.521
ATTEMPT 404 W0 SOLVE 4x2 2026-07-22T17:14:14.544
ATTEMPT 404 W0 DONE 4x2 seed=1610228 nsol=16 0.05s 2026-07-22T17:14:14.590
ATTEMPT 405 W0 START 4x2 seed=1610229 2026-07-22T17:14:14.590
ATTEMPT 405 W0 SOLVE 4x2 2026-07-22T17:14:14.605
ATTEMPT 405 W0 DONE 4x2 seed=1610229 nsol=16 0.02s 2026-07-22T17:14:14.624
ATTEMPT 406 W0 START 4x2 seed=1610230 2026-07-22T17:14:14.624
ATTEMPT 406 W0 SOLVE 4x2 2026-07-22T17:14:14.642
ATTEMPT 406 W0 DONE 4x2 seed=1610230 nsol=16 0.06s 2026-07-22T17:14:14.697
ATTEMPT 407 W0 START 4x2 seed=1610231 2026-07-22T17:14:14.697
ATTEMPT 407 W0 SOLVE 4x2 2026-07-22T17:14:14.714
ATTEMPT 407 W0 DONE 4x2 seed=1610231 nsol=16 0.13s 2026-07-22T17:14:14.848
ATTEMPT 408 W0 START 4x2 seed=1610232 2026-07-22T17:14:14.848
ATTEMPT 408 W0 SOLVE 4x2 2026-07-22T17:14:14.866
ATTEMPT 408 W0 DONE 4x2 seed=1610232 nsol=16 0.05s 2026-07-22T17:14:14.921
ATTEMPT 409 W0 START 4x2 seed=1610233 2026-07-22T17:14:14.921
ATTEMPT 409 W0 SOLVE 4x2 2026-07-22T17:14:14.968
ATTEMPT 409 W0 DONE 4x2 seed=1610233 nsol=16 0.06s 2026-07-22T17:14:15.031
ATTEMPT 410 W0 START 4x2 seed=1610234 2026-07-22T17:14:15.031
ATTEMPT 410 W0 SOLVE 4x2 2026-07-22T17:14:15.118
ATTEMPT 410 W0 DONE 4x2 seed=1610234 nsol=16 0.03s 2026-07-22T17:14:15.158
ATTEMPT 411 W0 START 4x2 seed=1610235 2026-07-22T17:14:15.158
ATTEMPT 411 W0 SOLVE 4x2 2026-07-22T17:14:15.204
ATTEMPT 411 W0 DONE 4x2 seed=1610235 nsol=16 0.06s 2026-07-22T17:14:15.262
ATTEMPT 412 W0 START 4x2 seed=1610236 2026-07-22T17:14:15.262
ATTEMPT 412 W0 SOLVE 4x2 2026-07-22T17:14:15.288
ATTEMPT 412 W0 DONE 4x2 seed=1610236 nsol=16 0.06s 2026-07-22T17:14:15.352
ATTEMPT 413 W0 START 4x2 seed=1610237 2026-07-22T17:14:15.352
ATTEMPT 413 W0 SOLVE 4x2 2026-07-22T17:14:15.368
ATTEMPT 413 W0 DONE 4x2 seed=1610237 nsol=16 0.04s 2026-07-22T17:14:15.405
ATTEMPT 414 W0 START 4x2 seed=1610238 2026-07-22T17:14:15.405
ATTEMPT 414 W0 SOLVE 4x2 2026-07-22T17:14:15.426
ATTEMPT 414 W0 DONE 4x2 seed=1610238 nsol=16 0.04s 2026-07-22T17:14:15.463
ATTEMPT 415 W0 START 4x2 seed=1610239 2026-07-22T17:14:15.463
ATTEMPT 415 W0 SOLVE 4x2 2026-07-22T17:14:15.483
ATTEMPT 415 W0 DONE 4x2 seed=1610239 nsol=16 0.04s 2026-07-22T17:14:15.531
ATTEMPT 416 W0 START 4x2 seed=1610240 2026-07-22T17:14:15.531
ATTEMPT 416 W0 SOLVE 4x2 2026-07-22T17:14:15.556
ATTEMPT 416 W0 DONE 4x2 seed=1610240 nsol=16 0.06s 2026-07-22T17:14:15.612
ATTEMPT 417 W0 START 4x2 seed=1610241 2026-07-22T17:14:15.612
ATTEMPT 417 W0 SOLVE 4x2 2026-07-22T17:14:15.627
ATTEMPT 417 W0 DONE 4x2 seed=1610241 nsol=16 0.02s 2026-07-22T17:14:15.646
ATTEMPT 418 W0 START 4x2 seed=1610242 2026-07-22T17:14:15.646
ATTEMPT 418 W0 SOLVE 4x2 2026-07-22T17:14:15.688
ATTEMPT 418 W0 DONE 4x2 seed=1610242 nsol=16 0.01s 2026-07-22T17:14:15.697
ATTEMPT 419 W0 START 4x2 seed=1610243 2026-07-22T17:14:15.697
ATTEMPT 419 W0 SOLVE 4x2 2026-07-22T17:14:15.705
ATTEMPT 419 W0 DONE 4x2 seed=1610243 nsol=16 0.03s 2026-07-22T17:14:15.738
ATTEMPT 420 W0 START 4x2 seed=1610244 2026-07-22T17:14:15.738
ATTEMPT 420 W0 SOLVE 4x2 2026-07-22T17:14:15.752
ATTEMPT 420 W0 DONE 4x2 seed=1610244 nsol=16 0.05s 2026-07-22T17:14:15.798
ATTEMPT 421 W0 START 4x2 seed=1610245 2026-07-22T17:14:15.798
ATTEMPT 421 W0 SOLVE 4x2 2026-07-22T17:14:15.818
ATTEMPT 421 W0 DONE 4x2 seed=1610245 nsol=16 0.03s 2026-07-22T17:14:15.850
ATTEMPT 422 W0 START 4x2 seed=1610246 2026-07-22T17:14:15.859
ATTEMPT 422 W0 SOLVE 4x2 2026-07-22T17:14:15.868
ATTEMPT 422 W0 DONE 4x2 seed=1610246 nsol=16 0.03s 2026-07-22T17:14:15.900
ATTEMPT 423 W0 START 4x2 seed=1610247 2026-07-22T17:14:15.901
ATTEMPT 423 W0 SOLVE 4x2 2026-07-22T17:14:15.920
ATTEMPT 423 W0 DONE 4x2 seed=1610247 nsol=16 0.03s 2026-07-22T17:14:15.947
ATTEMPT 424 W0 START 4x2 seed=1610248 2026-07-22T17:14:15.947
ATTEMPT 424 W0 SOLVE 4x2 2026-07-22T17:14:15.956
ATTEMPT 424 W0 DONE 4x2 seed=1610248 nsol=16 0.05s 2026-07-22T17:14:16.007
ATTEMPT 425 W0 START 4x2 seed=1610249 2026-07-22T17:14:16.007
ATTEMPT 425 W0 SOLVE 4x2 2026-07-22T17:14:16.013
ATTEMPT 425 W0 DONE 4x2 seed=1610249 nsol=16 0.10s 2026-07-22T17:14:16.112
ATTEMPT 426 W0 START 4x2 seed=1610250 2026-07-22T17:14:16.113
ATTEMPT 426 W0 SOLVE 4x2 2026-07-22T17:14:16.122
ATTEMPT 426 W0 DONE 4x2 seed=1610250 nsol=16 0.05s 2026-07-22T17:14:16.175
ATTEMPT 427 W0 START 4x2 seed=1610251 2026-07-22T17:14:16.175
ATTEMPT 427 W0 SOLVE 4x2 2026-07-22T17:14:16.182
ATTEMPT 427 W0 DONE 4x2 seed=1610251 nsol=16 0.04s 2026-07-22T17:14:16.219
ATTEMPT 428 W0 START 4x2 seed=1610252 2026-07-22T17:14:16.220
ATTEMPT 428 W0 SOLVE 4x2 2026-07-22T17:14:16.227
ATTEMPT 428 W0 DONE 4x2 seed=1610252 nsol=16 0.02s 2026-07-22T17:14:16.249
ATTEMPT 429 W0 START 4x2 seed=1610253 2026-07-22T17:14:16.250
ATTEMPT 429 W0 SOLVE 4x2 2026-07-22T17:14:16.256
ATTEMPT 429 W0 DONE 4x2 seed=1610253 nsol=16 0.02s 2026-07-22T17:14:16.277
ATTEMPT 430 W0 START 4x2 seed=1610254 2026-07-22T17:14:16.277
ATTEMPT 430 W0 SOLVE 4x2 2026-07-22T17:14:16.301
ATTEMPT 430 W0 DONE 4x2 seed=1610254 nsol=16 0.06s 2026-07-22T17:14:16.361
ATTEMPT 431 W0 START 4x2 seed=1610255 2026-07-22T17:14:16.388
ATTEMPT 431 W0 SOLVE 4x2 2026-07-22T17:14:17.509
ATTEMPT 431 W0 DONE 4x2 seed=1610255 nsol=16 3.72s 2026-07-22T17:14:21.226
ATTEMPT 432 W0 START 4x2 seed=1610256 2026-07-22T17:14:21.226
ATTEMPT 432 W0 SOLVE 4x2 2026-07-22T17:14:21.248
ATTEMPT 432 W0 DONE 4x2 seed=1610256 nsol=16 0.04s 2026-07-22T17:14:21.284
ATTEMPT 433 W0 START 4x2 seed=1610257 2026-07-22T17:14:21.284
ATTEMPT 433 W0 SOLVE 4x2 2026-07-22T17:14:21.301
ATTEMPT 433 W0 DONE 4x2 seed=1610257 nsol=16 0.04s 2026-07-22T17:14:21.340
ATTEMPT 434 W0 START 4x2 seed=1610258 2026-07-22T17:14:21.340
ATTEMPT 434 W0 SOLVE 4x2 2026-07-22T17:14:21.352
ATTEMPT 434 W0 DONE 4x2 seed=1610258 nsol=16 0.06s 2026-07-22T17:14:21.416
ATTEMPT 435 W0 START 4x2 seed=1610259 2026-07-22T17:14:21.416
ATTEMPT 435 W0 SOLVE 4x2 2026-07-22T17:14:21.428
ATTEMPT 435 W0 DONE 4x2 seed=1610259 nsol=16 0.04s 2026-07-22T17:14:21.469
ATTEMPT 436 W0 START 4x2 seed=1610260 2026-07-22T17:14:21.469
ATTEMPT 436 W0 SOLVE 4x2 2026-07-22T17:14:21.476
ATTEMPT 436 W0 DONE 4x2 seed=1610260 nsol=16 0.04s 2026-07-22T17:14:21.520
ATTEMPT 437 W0 START 4x2 seed=1610261 2026-07-22T17:14:21.521
ATTEMPT 437 W0 SOLVE 4x2 2026-07-22T17:14:21.532
ATTEMPT 437 W0 DONE 4x2 seed=1610261 nsol=16 0.02s 2026-07-22T17:14:21.561
ATTEMPT 438 W0 START 4x2 seed=1610262 2026-07-22T17:14:21.561
ATTEMPT 438 W0 SOLVE 4x2 2026-07-22T17:14:21.573
ATTEMPT 438 W0 DONE 4x2 seed=1610262 nsol=16 0.04s 2026-07-22T17:14:21.612
ATTEMPT 439 W0 START 4x2 seed=1610263 2026-07-22T17:14:21.613
ATTEMPT 439 W0 SOLVE 4x2 2026-07-22T17:14:21.626
ATTEMPT 439 W0 DONE 4x2 seed=1610263 nsol=16 0.04s 2026-07-22T17:14:21.668
ATTEMPT 440 W0 START 4x2 seed=1610264 2026-07-22T17:14:21.669
ATTEMPT 440 W0 SOLVE 4x2 2026-07-22T17:14:21.686
ATTEMPT 440 W0 DONE 4x2 seed=1610264 nsol=16 0.05s 2026-07-22T17:14:21.732
ATTEMPT 441 W0 START 4x2 seed=1610265 2026-07-22T17:14:21.733
ATTEMPT 441 W0 SOLVE 4x2 2026-07-22T17:14:21.750
ATTEMPT 441 W0 DONE 4x2 seed=1610265 nsol=16 0.03s 2026-07-22T17:14:21.781
ATTEMPT 442 W0 START 4x2 seed=1610266 2026-07-22T17:14:21.781
ATTEMPT 442 W0 SOLVE 4x2 2026-07-22T17:14:21.792
ATTEMPT 442 W0 DONE 4x2 seed=1610266 nsol=16 0.03s 2026-07-22T17:14:21.828
ATTEMPT 443 W0 START 4x2 seed=1610267 2026-07-22T17:14:21.828
ATTEMPT 443 W0 SOLVE 4x2 2026-07-22T17:14:21.840
ATTEMPT 443 W0 DONE 4x2 seed=1610267 nsol=16 0.04s 2026-07-22T17:14:21.884
ATTEMPT 444 W0 START 4x2 seed=1610268 2026-07-22T17:14:21.885
ATTEMPT 444 W0 SOLVE 4x2 2026-07-22T17:14:21.896
ATTEMPT 444 W0 DONE 4x2 seed=1610268 nsol=16 0.04s 2026-07-22T17:14:21.945
ATTEMPT 445 W0 START 4x2 seed=1610269 2026-07-22T17:14:21.946
ATTEMPT 445 W0 SOLVE 4x2 2026-07-22T17:14:21.956
ATTEMPT 445 W0 DONE 4x2 seed=1610269 nsol=16 0.04s 2026-07-22T17:14:21.994
ATTEMPT 446 W0 START 4x2 seed=1610270 2026-07-22T17:14:21.994
ATTEMPT 446 W0 SOLVE 4x2 2026-07-22T17:14:22.007
ATTEMPT 446 W0 DONE 4x2 seed=1610270 nsol=16 0.06s 2026-07-22T17:14:22.069
ATTEMPT 447 W0 START 4x2 seed=1610271 2026-07-22T17:14:22.069
ATTEMPT 447 W0 SOLVE 4x2 2026-07-22T17:14:22.085
ATTEMPT 447 W0 DONE 4x2 seed=1610271 nsol=16 0.08s 2026-07-22T17:14:22.165
ATTEMPT 448 W0 START 4x2 seed=1610272 2026-07-22T17:14:22.166
ATTEMPT 448 W0 SOLVE 4x2 2026-07-22T17:14:22.175
ATTEMPT 448 W0 DONE 4x2 seed=1610272 nsol=16 0.04s 2026-07-22T17:14:22.219
ATTEMPT 449 W0 START 4x2 seed=1610273 2026-07-22T17:14:22.219
ATTEMPT 449 W0 SOLVE 4x2 2026-07-22T17:14:22.232
ATTEMPT 449 W0 DONE 4x2 seed=1610273 nsol=16 0.03s 2026-07-22T17:14:22.265
ATTEMPT 450 W0 START 4x2 seed=1610274 2026-07-22T17:14:22.265
ATTEMPT 450 W0 SOLVE 4x2 2026-07-22T17:14:22.282
ATTEMPT 450 W0 DONE 4x2 seed=1610274 nsol=16 0.04s 2026-07-22T17:14:22.320
ATTEMPT 451 W0 START 4x2 seed=1610275 2026-07-22T17:14:22.321
ATTEMPT 451 W0 SOLVE 4x2 2026-07-22T17:14:22.339
ATTEMPT 451 W0 DONE 4x2 seed=1610275 nsol=16 0.04s 2026-07-22T17:14:22.385
ATTEMPT 452 W0 START 4x2 seed=1610276 2026-07-22T17:14:22.386
ATTEMPT 452 W0 SOLVE 4x2 2026-07-22T17:14:22.400
ATTEMPT 452 W0 DONE 4x2 seed=1610276 nsol=16 0.04s 2026-07-22T17:14:22.445
ATTEMPT 453 W0 START 4x2 seed=1610277 2026-07-22T17:14:22.445
ATTEMPT 453 W0 SOLVE 4x2 2026-07-22T17:14:22.465
ATTEMPT 453 W0 DONE 4x2 seed=1610277 nsol=16 0.04s 2026-07-22T17:14:22.509
ATTEMPT 454 W0 START 4x2 seed=1610278 2026-07-22T17:14:22.509
ATTEMPT 454 W0 SOLVE 4x2 2026-07-22T17:14:22.530
ATTEMPT 454 W0 DONE 4x2 seed=1610278 nsol=16 0.05s 2026-07-22T17:14:22.581
ATTEMPT 455 W0 START 4x2 seed=1610279 2026-07-22T17:14:22.585
ATTEMPT 455 W0 SOLVE 4x2 2026-07-22T17:14:22.594
ATTEMPT 455 W0 DONE 4x2 seed=1610279 nsol=16 0.04s 2026-07-22T17:14:22.640
ATTEMPT 456 W0 START 4x2 seed=1610280 2026-07-22T17:14:22.640
ATTEMPT 456 W0 SOLVE 4x2 2026-07-22T17:14:22.668
ATTEMPT 456 W0 DONE 4x2 seed=1610280 nsol=16 0.06s 2026-07-22T17:14:22.731
ATTEMPT 457 W0 START 4x2 seed=1610281 2026-07-22T17:14:22.731
ATTEMPT 457 W0 SOLVE 4x2 2026-07-22T17:14:22.749
ATTEMPT 457 W0 DONE 4x2 seed=1610281 nsol=16 0.06s 2026-07-22T17:14:22.811
ATTEMPT 458 W0 START 4x2 seed=1610282 2026-07-22T17:14:22.811
ATTEMPT 458 W0 SOLVE 4x2 2026-07-22T17:14:22.826
ATTEMPT 458 W0 DONE 4x2 seed=1610282 nsol=16 0.10s 2026-07-22T17:14:22.936
ATTEMPT 459 W0 START 4x2 seed=1610283 2026-07-22T17:14:22.937
ATTEMPT 459 W0 SOLVE 4x2 2026-07-22T17:14:22.962
ATTEMPT 459 W0 DONE 4x2 seed=1610283 nsol=16 0.05s 2026-07-22T17:14:23.017
ATTEMPT 460 W0 START 4x2 seed=1610284 2026-07-22T17:14:23.021
ATTEMPT 460 W0 SOLVE 4x2 2026-07-22T17:14:23.043
ATTEMPT 460 W0 DONE 4x2 seed=1610284 nsol=16 0.07s 2026-07-22T17:14:23.125
ATTEMPT 461 W0 START 4x2 seed=1610285 2026-07-22T17:14:23.125
ATTEMPT 461 W0 SOLVE 4x2 2026-07-22T17:14:23.154
ATTEMPT 461 W0 DONE 4x2 seed=1610285 nsol=16 0.09s 2026-07-22T17:14:23.246
ATTEMPT 462 W0 START 4x2 seed=1610286 2026-07-22T17:14:23.246
ATTEMPT 462 W0 SOLVE 4x2 2026-07-22T17:14:23.264
ATTEMPT 462 W0 DONE 4x2 seed=1610286 nsol=16 15.25s 2026-07-22T17:14:38.524
ATTEMPT 463 W0 START 4x2 seed=1610287 2026-07-22T17:14:38.532
ATTEMPT 463 W0 SOLVE 4x2 2026-07-22T17:14:38.600
ATTEMPT 463 W0 DONE 4x2 seed=1610287 nsol=16 0.07s 2026-07-22T17:14:38.679
ATTEMPT 464 W0 START 4x2 seed=1610288 2026-07-22T17:14:38.680
ATTEMPT 464 W0 SOLVE 4x2 2026-07-22T17:14:38.697
ATTEMPT 464 W0 DONE 4x2 seed=1610288 nsol=16 0.06s 2026-07-22T17:14:38.756
ATTEMPT 465 W0 START 4x2 seed=1610289 2026-07-22T17:14:38.756
ATTEMPT 465 W0 SOLVE 4x2 2026-07-22T17:14:38.781
ATTEMPT 465 W0 DONE 4x2 seed=1610289 nsol=16 0.04s 2026-07-22T17:14:38.825
ATTEMPT 466 W0 START 4x2 seed=1610290 2026-07-22T17:14:38.825
ATTEMPT 466 W0 SOLVE 4x2 2026-07-22T17:14:38.850
ATTEMPT 466 W0 DONE 4x2 seed=1610290 nsol=16 0.04s 2026-07-22T17:14:38.894
ATTEMPT 467 W0 START 4x2 seed=1610291 2026-07-22T17:14:38.894
ATTEMPT 467 W0 SOLVE 4x2 2026-07-22T17:14:38.912
ATTEMPT 467 W0 DONE 4x2 seed=1610291 nsol=16 0.03s 2026-07-22T17:14:38.950
ATTEMPT 468 W0 START 4x2 seed=1610292 2026-07-22T17:14:38.950
ATTEMPT 468 W0 SOLVE 4x2 2026-07-22T17:14:38.971
ATTEMPT 468 W0 DONE 4x2 seed=1610292 nsol=16 0.05s 2026-07-22T17:14:39.025
ATTEMPT 469 W0 START 4x2 seed=1610293 2026-07-22T17:14:39.025
ATTEMPT 469 W0 SOLVE 4x2 2026-07-22T17:14:39.051
ATTEMPT 469 W0 DONE 4x2 seed=1610293 nsol=16 0.04s 2026-07-22T17:14:39.093
ATTEMPT 470 W0 START 4x2 seed=1610294 2026-07-22T17:14:39.093
ATTEMPT 470 W0 SOLVE 4x2 2026-07-22T17:14:39.116
ATTEMPT 470 W0 DONE 4x2 seed=1610294 nsol=16 0.05s 2026-07-22T17:14:39.165
ATTEMPT 471 W0 START 4x2 seed=1610295 2026-07-22T17:14:39.165
ATTEMPT 471 W0 SOLVE 4x2 2026-07-22T17:14:39.198
ATTEMPT 471 W0 DONE 4x2 seed=1610295 nsol=16 0.05s 2026-07-22T17:14:39.245
ATTEMPT 472 W0 START 4x2 seed=1610296 2026-07-22T17:14:39.245
ATTEMPT 472 W0 SOLVE 4x2 2026-07-22T17:14:39.281
ATTEMPT 472 W0 DONE 4x2 seed=1610296 nsol=16 0.05s 2026-07-22T17:14:39.326
ATTEMPT 473 W0 START 4x2 seed=1610297 2026-07-22T17:14:39.326
ATTEMPT 473 W0 SOLVE 4x2 2026-07-22T17:14:39.342
ATTEMPT 473 W0 DONE 4x2 seed=1610297 nsol=16 0.05s 2026-07-22T17:14:39.390
ATTEMPT 474 W0 START 4x2 seed=1610298 2026-07-22T17:14:39.390
ATTEMPT 474 W0 SOLVE 4x2 2026-07-22T17:14:39.408
ATTEMPT 474 W0 DONE 4x2 seed=1610298 nsol=16 0.04s 2026-07-22T17:14:39.452
ATTEMPT 475 W0 START 4x2 seed=1610299 2026-07-22T17:14:39.452
ATTEMPT 475 W0 SOLVE 4x2 2026-07-22T17:14:39.465
ATTEMPT 475 W0 DONE 4x2 seed=1610299 nsol=16 0.05s 2026-07-22T17:14:39.512
ATTEMPT 476 W0 START 4x2 seed=1610300 2026-07-22T17:14:39.512
ATTEMPT 476 W0 SOLVE 4x2 2026-07-22T17:14:39.531
ATTEMPT 476 W0 DONE 4x2 seed=1610300 nsol=16 0.06s 2026-07-22T17:14:39.589
ATTEMPT 477 W0 START 4x2 seed=1610301 2026-07-22T17:14:39.590
ATTEMPT 477 W0 SOLVE 4x2 2026-07-22T17:14:39.604
ATTEMPT 477 W0 DONE 4x2 seed=1610301 nsol=16 0.04s 2026-07-22T17:14:39.649
ATTEMPT 478 W0 START 4x2 seed=1610302 2026-07-22T17:14:39.649
ATTEMPT 478 W0 SOLVE 4x2 2026-07-22T17:14:39.678
ATTEMPT 478 W0 DONE 4x2 seed=1610302 nsol=16 0.06s 2026-07-22T17:14:39.740
ATTEMPT 479 W0 START 4x2 seed=1610303 2026-07-22T17:14:39.741
ATTEMPT 479 W0 SOLVE 4x2 2026-07-22T17:14:39.764
ATTEMPT 479 W0 DONE 4x2 seed=1610303 nsol=16 0.05s 2026-07-22T17:14:39.814
ATTEMPT 480 W0 START 4x2 seed=1610304 2026-07-22T17:14:39.815
ATTEMPT 480 W0 SOLVE 4x2 2026-07-22T17:14:39.832
ATTEMPT 480 W0 DONE 4x2 seed=1610304 nsol=16 0.05s 2026-07-22T17:14:39.883
ATTEMPT 481 W0 START 4x2 seed=1610305 2026-07-22T17:14:39.883
ATTEMPT 481 W0 SOLVE 4x2 2026-07-22T17:14:39.899
ATTEMPT 481 W0 DONE 4x2 seed=1610305 nsol=16 0.04s 2026-07-22T17:14:39.941
ATTEMPT 482 W0 START 4x2 seed=1610306 2026-07-22T17:14:39.941
ATTEMPT 482 W0 SOLVE 4x2 2026-07-22T17:14:39.957
ATTEMPT 482 W0 DONE 4x2 seed=1610306 nsol=16 0.04s 2026-07-22T17:14:40.002
ATTEMPT 483 W0 START 4x2 seed=1610307 2026-07-22T17:14:40.003
ATTEMPT 483 W0 SOLVE 4x2 2026-07-22T17:14:40.015
ATTEMPT 483 W0 DONE 4x2 seed=1610307 nsol=16 0.04s 2026-07-22T17:14:40.052
ATTEMPT 484 W0 START 4x2 seed=1610308 2026-07-22T17:14:40.054
ATTEMPT 484 W0 SOLVE 4x2 2026-07-22T17:14:40.064
ATTEMPT 484 W0 DONE 4x2 seed=1610308 nsol=16 0.03s 2026-07-22T17:14:40.091
ATTEMPT 485 W0 START 4x2 seed=1610309 2026-07-22T17:14:40.092
ATTEMPT 485 W0 SOLVE 4x2 2026-07-22T17:14:40.103
ATTEMPT 485 W0 DONE 4x2 seed=1610309 nsol=16 0.02s 2026-07-22T17:14:40.127
ATTEMPT 486 W0 START 4x2 seed=1610310 2026-07-22T17:14:40.127
ATTEMPT 486 W0 SOLVE 4x2 2026-07-22T17:14:40.142
ATTEMPT 486 W0 DONE 4x2 seed=1610310 nsol=16 0.03s 2026-07-22T17:14:40.170
ATTEMPT 487 W0 START 4x2 seed=1610311 2026-07-22T17:14:40.170
ATTEMPT 487 W0 SOLVE 4x2 2026-07-22T17:14:40.186
ATTEMPT 487 W0 DONE 4x2 seed=1610311 nsol=16 0.03s 2026-07-22T17:14:40.221
ATTEMPT 488 W0 START 4x2 seed=1610312 2026-07-22T17:14:40.221
ATTEMPT 488 W0 SOLVE 4x2 2026-07-22T17:14:40.239
ATTEMPT 488 W0 DONE 4x2 seed=1610312 nsol=16 0.03s 2026-07-22T17:14:40.274
ATTEMPT 489 W0 START 4x2 seed=1610313 2026-07-22T17:14:40.274
ATTEMPT 489 W0 SOLVE 4x2 2026-07-22T17:14:40.286
ATTEMPT 489 W0 DONE 4x2 seed=1610313 nsol=16 0.07s 2026-07-22T17:14:40.353
ATTEMPT 490 W0 START 4x2 seed=1610314 2026-07-22T17:14:40.355
ATTEMPT 490 W0 SOLVE 4x2 2026-07-22T17:14:40.368
ATTEMPT 490 W0 DONE 4x2 seed=1610314 nsol=16 0.03s 2026-07-22T17:14:40.400
ATTEMPT 491 W0 START 4x2 seed=1610315 2026-07-22T17:14:40.401
ATTEMPT 491 W0 SOLVE 4x2 2026-07-22T17:14:40.410
ATTEMPT 491 W0 DONE 4x2 seed=1610315 nsol=16 0.02s 2026-07-22T17:14:40.434
ATTEMPT 492 W0 START 4x2 seed=1610316 2026-07-22T17:14:40.434
ATTEMPT 492 W0 SOLVE 4x2 2026-07-22T17:14:40.448
ATTEMPT 492 W0 DONE 4x2 seed=1610316 nsol=16 0.04s 2026-07-22T17:14:40.493
ATTEMPT 493 W0 START 4x2 seed=1610317 2026-07-22T17:14:40.494
ATTEMPT 493 W0 SOLVE 4x2 2026-07-22T17:14:40.504
ATTEMPT 493 W0 DONE 4x2 seed=1610317 nsol=16 0.03s 2026-07-22T17:14:40.535
ATTEMPT 494 W0 START 4x2 seed=1610318 2026-07-22T17:14:40.537
ATTEMPT 494 W0 SOLVE 4x2 2026-07-22T17:14:40.555
ATTEMPT 494 W0 DONE 4x2 seed=1610318 nsol=16 0.03s 2026-07-22T17:14:40.589
ATTEMPT 495 W0 START 4x2 seed=1610319 2026-07-22T17:14:40.589
ATTEMPT 495 W0 SOLVE 4x2 2026-07-22T17:14:40.613
ATTEMPT 495 W0 DONE 4x2 seed=1610319 nsol=16 0.04s 2026-07-22T17:14:40.653
ATTEMPT 496 W0 START 4x2 seed=1610320 2026-07-22T17:14:40.653
ATTEMPT 496 W0 SOLVE 4x2 2026-07-22T17:14:40.664
ATTEMPT 496 W0 DONE 4x2 seed=1610320 nsol=16 0.04s 2026-07-22T17:14:40.708
ATTEMPT 497 W0 START 4x2 seed=1610321 2026-07-22T17:14:40.708
ATTEMPT 497 W0 SOLVE 4x2 2026-07-22T17:14:40.722
ATTEMPT 497 W0 DONE 4x2 seed=1610321 nsol=16 0.03s 2026-07-22T17:14:40.754
ATTEMPT 498 W0 START 4x2 seed=1610322 2026-07-22T17:14:40.754
ATTEMPT 498 W0 SOLVE 4x2 2026-07-22T17:14:40.767
ATTEMPT 498 W0 DONE 4x2 seed=1610322 nsol=16 0.03s 2026-07-22T17:14:40.793
ATTEMPT 499 W0 START 4x2 seed=1610323 2026-07-22T17:14:40.793
ATTEMPT 499 W0 SOLVE 4x2 2026-07-22T17:14:40.808
ATTEMPT 499 W0 DONE 4x2 seed=1610323 nsol=16 0.05s 2026-07-22T17:14:40.853
ATTEMPT 500 W0 START 4x2 seed=1610324 2026-07-22T17:14:40.853
ATTEMPT 500 W0 SOLVE 4x2 2026-07-22T17:14:40.866
ATTEMPT 500 W0 DONE 4x2 seed=1610324 nsol=16 0.02s 2026-07-22T17:14:40.891
ATTEMPT 501 W0 START 4x2 seed=1610325 2026-07-22T17:14:40.891
ATTEMPT 501 W0 SOLVE 4x2 2026-07-22T17:14:40.904
ATTEMPT 501 W0 DONE 4x2 seed=1610325 nsol=16 0.04s 2026-07-22T17:14:40.941
ATTEMPT 502 W0 START 4x2 seed=1610326 2026-07-22T17:14:40.942
ATTEMPT 502 W0 SOLVE 4x2 2026-07-22T17:14:40.959
ATTEMPT 502 W0 DONE 4x2 seed=1610326 nsol=16 0.04s 2026-07-22T17:14:41.001
ATTEMPT 503 W0 START 4x2 seed=1610327 2026-07-22T17:14:41.002
ATTEMPT 503 W0 SOLVE 4x2 2026-07-22T17:14:41.019
ATTEMPT 503 W0 DONE 4x2 seed=1610327 nsol=16 0.06s 2026-07-22T17:14:41.086
ATTEMPT 504 W0 START 4x2 seed=1610328 2026-07-22T17:14:41.088
ATTEMPT 504 W0 SOLVE 4x2 2026-07-22T17:14:41.108
ATTEMPT 504 W0 DONE 4x2 seed=1610328 nsol=16 0.03s 2026-07-22T17:14:41.137
ATTEMPT 505 W0 START 4x2 seed=1610329 2026-07-22T17:14:41.140
ATTEMPT 505 W0 SOLVE 4x2 2026-07-22T17:14:41.163
ATTEMPT 505 W0 DONE 4x2 seed=1610329 nsol=16 0.03s 2026-07-22T17:14:41.192
ATTEMPT 506 W0 START 4x2 seed=1610330 2026-07-22T17:14:41.193
ATTEMPT 506 W0 SOLVE 4x2 2026-07-22T17:14:41.207
ATTEMPT 506 W0 DONE 4x2 seed=1610330 nsol=16 0.03s 2026-07-22T17:14:41.241
ATTEMPT 507 W0 START 4x2 seed=1610331 2026-07-22T17:14:41.241
ATTEMPT 507 W0 SOLVE 4x2 2026-07-22T17:14:41.259
ATTEMPT 507 W0 DONE 4x2 seed=1610331 nsol=16 0.03s 2026-07-22T17:14:41.291
ATTEMPT 508 W0 START 4x2 seed=1610332 2026-07-22T17:14:41.292
ATTEMPT 508 W0 SOLVE 4x2 2026-07-22T17:14:41.307
ATTEMPT 508 W0 DONE 4x2 seed=1610332 nsol=16 0.03s 2026-07-22T17:14:41.338
ATTEMPT 509 W0 START 4x2 seed=1610333 2026-07-22T17:14:41.338
ATTEMPT 509 W0 SOLVE 4x2 2026-07-22T17:14:41.350
ATTEMPT 509 W0 DONE 4x2 seed=1610333 nsol=16 0.05s 2026-07-22T17:14:41.397
ATTEMPT 510 W0 START 4x2 seed=1610334 2026-07-22T17:14:41.398
ATTEMPT 510 W0 SOLVE 4x2 2026-07-22T17:14:41.419
ATTEMPT 510 W0 DONE 4x2 seed=1610334 nsol=16 0.05s 2026-07-22T17:14:41.469
ATTEMPT 511 W0 START 4x2 seed=1610335 2026-07-22T17:14:41.470
ATTEMPT 511 W0 SOLVE 4x2 2026-07-22T17:14:41.491
ATTEMPT 511 W0 DONE 4x2 seed=1610335 nsol=16 0.04s 2026-07-22T17:14:41.534
ATTEMPT 512 W0 START 4x2 seed=1610336 2026-07-22T17:14:41.534
ATTEMPT 512 W0 SOLVE 4x2 2026-07-22T17:14:41.547
ATTEMPT 512 W0 DONE 4x2 seed=1610336 nsol=16 0.04s 2026-07-22T17:14:41.592
ATTEMPT 513 W0 START 4x2 seed=1610337 2026-07-22T17:14:41.592
ATTEMPT 513 W0 SOLVE 4x2 2026-07-22T17:14:41.604
ATTEMPT 513 W0 DONE 4x2 seed=1610337 nsol=16 0.05s 2026-07-22T17:14:41.657
ATTEMPT 514 W0 START 4x2 seed=1610338 2026-07-22T17:14:41.658
ATTEMPT 514 W0 SOLVE 4x2 2026-07-22T17:14:41.687
ATTEMPT 514 W0 DONE 4x2 seed=1610338 nsol=16 0.05s 2026-07-22T17:14:41.735
ATTEMPT 515 W0 START 4x2 seed=1610339 2026-07-22T17:14:41.735
ATTEMPT 515 W0 SOLVE 4x2 2026-07-22T17:14:41.751
ATTEMPT 515 W0 DONE 4x2 seed=1610339 nsol=16 0.04s 2026-07-22T17:14:41.787
ATTEMPT 516 W0 START 4x2 seed=1610340 2026-07-22T17:14:41.788
ATTEMPT 516 W0 SOLVE 4x2 2026-07-22T17:14:41.796
ATTEMPT 516 W0 DONE 4x2 seed=1610340 nsol=16 0.05s 2026-07-22T17:14:41.849
ATTEMPT 517 W0 START 4x2 seed=1610341 2026-07-22T17:14:41.849
ATTEMPT 517 W0 SOLVE 4x2 2026-07-22T17:14:41.868
ATTEMPT 517 W0 DONE 4x2 seed=1610341 nsol=16 0.08s 2026-07-22T17:14:41.945
ATTEMPT 518 W0 START 4x2 seed=1610342 2026-07-22T17:14:41.945
ATTEMPT 518 W0 SOLVE 4x2 2026-07-22T17:14:41.959
ATTEMPT 518 W0 DONE 4x2 seed=1610342 nsol=16 1.92s 2026-07-22T17:14:43.879
ATTEMPT 519 W0 START 4x2 seed=1610343 2026-07-22T17:14:43.885
ATTEMPT 519 W0 SOLVE 4x2 2026-07-22T17:14:43.896
ATTEMPT 519 W0 DONE 4x2 seed=1610343 nsol=16 0.04s 2026-07-22T17:14:43.941
ATTEMPT 520 W0 START 4x2 seed=1610344 2026-07-22T17:14:43.941
ATTEMPT 520 W0 SOLVE 4x2 2026-07-22T17:14:43.952
ATTEMPT 520 W0 DONE 4x2 seed=1610344 nsol=16 0.03s 2026-07-22T17:14:43.986
ATTEMPT 521 W0 START 4x2 seed=1610345 2026-07-22T17:14:43.986
ATTEMPT 521 W0 SOLVE 4x2 2026-07-22T17:14:44.002
ATTEMPT 521 W0 DONE 4x2 seed=1610345 nsol=16 0.01s 2026-07-22T17:14:44.017
ATTEMPT 522 W0 START 4x2 seed=1610346 2026-07-22T17:14:44.018
ATTEMPT 522 W0 SOLVE 4x2 2026-07-22T17:14:44.034
ATTEMPT 522 W0 DONE 4x2 seed=1610346 nsol=16 0.04s 2026-07-22T17:14:44.073
ATTEMPT 523 W0 START 4x2 seed=1610347 2026-07-22T17:14:44.073
ATTEMPT 523 W0 SOLVE 4x2 2026-07-22T17:14:44.082
ATTEMPT 523 W0 DONE 4x2 seed=1610347 nsol=16 0.02s 2026-07-22T17:14:44.105
ATTEMPT 524 W0 START 4x2 seed=1610348 2026-07-22T17:14:44.105
ATTEMPT 524 W0 SOLVE 4x2 2026-07-22T17:14:44.115
ATTEMPT 524 W0 DONE 4x2 seed=1610348 nsol=16 0.03s 2026-07-22T17:14:44.149
ATTEMPT 525 W0 START 4x2 seed=1610349 2026-07-22T17:14:44.149
ATTEMPT 525 W0 SOLVE 4x2 2026-07-22T17:14:44.160
ATTEMPT 525 W0 DONE 4x2 seed=1610349 nsol=16 0.02s 2026-07-22T17:14:44.189
ATTEMPT 526 W0 START 4x2 seed=1610350 2026-07-22T17:14:44.189
ATTEMPT 526 W0 SOLVE 4x2 2026-07-22T17:14:44.203
ATTEMPT 526 W0 DONE 4x2 seed=1610350 nsol=16 0.02s 2026-07-22T17:14:44.229
ATTEMPT 527 W0 START 4x2 seed=1610351 2026-07-22T17:14:44.229
ATTEMPT 527 W0 SOLVE 4x2 2026-07-22T17:14:44.239
ATTEMPT 527 W0 DONE 4x2 seed=1610351 nsol=16 0.03s 2026-07-22T17:14:44.281
ATTEMPT 528 W0 START 4x2 seed=1610352 2026-07-22T17:14:44.281
ATTEMPT 528 W0 SOLVE 4x2 2026-07-22T17:14:44.301
ATTEMPT 528 W0 DONE 4x2 seed=1610352 nsol=16 0.03s 2026-07-22T17:14:44.332
ATTEMPT 529 W0 START 4x2 seed=1610353 2026-07-22T17:14:44.333
ATTEMPT 529 W0 SOLVE 4x2 2026-07-22T17:14:44.347
ATTEMPT 529 W0 DONE 4x2 seed=1610353 nsol=16 0.03s 2026-07-22T17:14:44.379
ATTEMPT 530 W0 START 4x2 seed=1610354 2026-07-22T17:14:44.379
ATTEMPT 530 W0 SOLVE 4x2 2026-07-22T17:14:44.398
ATTEMPT 530 W0 DONE 4x2 seed=1610354 nsol=16 0.03s 2026-07-22T17:14:44.425
ATTEMPT 531 W0 START 4x2 seed=1610355 2026-07-22T17:14:44.425
ATTEMPT 531 W0 SOLVE 4x2 2026-07-22T17:14:44.435
ATTEMPT 531 W0 DONE 4x2 seed=1610355 nsol=16 0.03s 2026-07-22T17:14:44.470
ATTEMPT 532 W0 START 4x2 seed=1610356 2026-07-22T17:14:44.471
ATTEMPT 532 W0 SOLVE 4x2 2026-07-22T17:14:44.488
ATTEMPT 532 W0 DONE 4x2 seed=1610356 nsol=16 0.02s 2026-07-22T17:14:44.513
ATTEMPT 533 W0 START 4x2 seed=1610357 2026-07-22T17:14:44.514
ATTEMPT 533 W0 SOLVE 4x2 2026-07-22T17:14:44.526
ATTEMPT 533 W0 DONE 4x2 seed=1610357 nsol=16 0.02s 2026-07-22T17:14:44.547
ATTEMPT 534 W0 START 4x2 seed=1610358 2026-07-22T17:14:44.548
ATTEMPT 534 W0 SOLVE 4x2 2026-07-22T17:14:44.566
ATTEMPT 534 W0 DONE 4x2 seed=1610358 nsol=16 0.03s 2026-07-22T17:14:44.596
ATTEMPT 535 W0 START 4x2 seed=1610359 2026-07-22T17:14:44.597
ATTEMPT 535 W0 SOLVE 4x2 2026-07-22T17:14:44.604
ATTEMPT 535 W0 DONE 4x2 seed=1610359 nsol=16 0.02s 2026-07-22T17:14:44.628
ATTEMPT 536 W0 START 4x2 seed=1610360 2026-07-22T17:14:44.628
ATTEMPT 536 W0 SOLVE 4x2 2026-07-22T17:14:44.639
ATTEMPT 536 W0 DONE 4x2 seed=1610360 nsol=16 0.03s 2026-07-22T17:14:44.671
ATTEMPT 537 W0 START 4x2 seed=1610361 2026-07-22T17:14:44.671
ATTEMPT 537 W0 SOLVE 4x2 2026-07-22T17:14:44.681
ATTEMPT 537 W0 DONE 4x2 seed=1610361 nsol=16 0.02s 2026-07-22T17:14:44.706
ATTEMPT 538 W0 START 4x2 seed=1610362 2026-07-22T17:14:44.706
ATTEMPT 538 W0 SOLVE 4x2 2026-07-22T17:14:44.712
ATTEMPT 538 W0 DONE 4x2 seed=1610362 nsol=16 0.02s 2026-07-22T17:14:44.737
ATTEMPT 539 W0 START 4x2 seed=1610363 2026-07-22T17:14:44.737
ATTEMPT 539 W0 SOLVE 4x2 2026-07-22T17:14:44.745
ATTEMPT 539 W0 DONE 4x2 seed=1610363 nsol=16 0.02s 2026-07-22T17:14:44.765
ATTEMPT 540 W0 START 4x2 seed=1610364 2026-07-22T17:14:44.765
ATTEMPT 540 W0 SOLVE 4x2 2026-07-22T17:14:44.779
ATTEMPT 540 W0 DONE 4x2 seed=1610364 nsol=16 0.02s 2026-07-22T17:14:44.799
ATTEMPT 541 W0 START 4x2 seed=1610365 2026-07-22T17:14:44.799
ATTEMPT 541 W0 SOLVE 4x2 2026-07-22T17:14:44.818
ATTEMPT 541 W0 DONE 4x2 seed=1610365 nsol=16 0.02s 2026-07-22T17:14:44.841
ATTEMPT 542 W0 START 4x2 seed=1610366 2026-07-22T17:14:44.841
ATTEMPT 542 W0 SOLVE 4x2 2026-07-22T17:14:44.856
ATTEMPT 542 W0 DONE 4x2 seed=1610366 nsol=16 0.03s 2026-07-22T17:14:44.886
ATTEMPT 543 W0 START 4x2 seed=1610367 2026-07-22T17:14:44.886
ATTEMPT 543 W0 SOLVE 4x2 2026-07-22T17:14:44.911
ATTEMPT 543 W0 DONE 4x2 seed=1610367 nsol=16 0.02s 2026-07-22T17:14:44.931
ATTEMPT 544 W0 START 4x2 seed=1610368 2026-07-22T17:14:44.931
ATTEMPT 544 W0 SOLVE 4x2 2026-07-22T17:14:44.955
ATTEMPT 544 W0 DONE 4x2 seed=1610368 nsol=16 0.05s 2026-07-22T17:14:45.007
ATTEMPT 545 W0 START 4x2 seed=1610369 2026-07-22T17:14:45.007
ATTEMPT 545 W0 SOLVE 4x2 2026-07-22T17:14:45.032
ATTEMPT 545 W0 DONE 4x2 seed=1610369 nsol=16 0.03s 2026-07-22T17:14:45.062
ATTEMPT 546 W0 START 4x2 seed=1610370 2026-07-22T17:14:45.062
ATTEMPT 546 W0 SOLVE 4x2 2026-07-22T17:14:45.081
ATTEMPT 546 W0 DONE 4x2 seed=1610370 nsol=16 0.03s 2026-07-22T17:14:45.110
ATTEMPT 547 W0 START 4x2 seed=1610371 2026-07-22T17:14:45.111
ATTEMPT 547 W0 SOLVE 4x2 2026-07-22T17:14:45.218
ATTEMPT 547 W0 DONE 4x2 seed=1610371 nsol=16 0.03s 2026-07-22T17:14:45.252
ATTEMPT 548 W0 START 4x2 seed=1610372 2026-07-22T17:14:45.252
ATTEMPT 548 W0 SOLVE 4x2 2026-07-22T17:14:45.273
ATTEMPT 548 W0 DONE 4x2 seed=1610372 nsol=16 0.02s 2026-07-22T17:14:45.296
ATTEMPT 549 W0 START 4x2 seed=1610373 2026-07-22T17:14:45.296
ATTEMPT 549 W0 SOLVE 4x2 2026-07-22T17:14:45.307
ATTEMPT 549 W0 DONE 4x2 seed=1610373 nsol=16 0.03s 2026-07-22T17:14:45.337
ATTEMPT 550 W0 START 4x2 seed=1610374 2026-07-22T17:14:45.337
ATTEMPT 550 W0 SOLVE 4x2 2026-07-22T17:14:45.358
ATTEMPT 550 W0 DONE 4x2 seed=1610374 nsol=16 0.03s 2026-07-22T17:14:45.390
ATTEMPT 551 W0 START 4x2 seed=1610375 2026-07-22T17:14:45.390
ATTEMPT 551 W0 SOLVE 4x2 2026-07-22T17:14:45.410
ATTEMPT 551 W0 DONE 4x2 seed=1610375 nsol=16 0.03s 2026-07-22T17:14:45.442
ATTEMPT 552 W0 START 4x2 seed=1610376 2026-07-22T17:14:45.442
ATTEMPT 552 W0 SOLVE 4x2 2026-07-22T17:14:45.467
ATTEMPT 552 W0 DONE 4x2 seed=1610376 nsol=16 0.02s 2026-07-22T17:14:45.486
ATTEMPT 553 W0 START 4x2 seed=1610377 2026-07-22T17:14:45.486
ATTEMPT 553 W0 SOLVE 4x2 2026-07-22T17:14:45.492
ATTEMPT 553 W0 DONE 4x2 seed=1610377 nsol=16 0.02s 2026-07-22T17:14:45.516
ATTEMPT 554 W0 START 4x2 seed=1610378 2026-07-22T17:14:45.516
ATTEMPT 554 W0 SOLVE 4x2 2026-07-22T17:14:45.527
ATTEMPT 554 W0 DONE 4x2 seed=1610378 nsol=16 0.03s 2026-07-22T17:14:45.557
ATTEMPT 555 W0 START 4x2 seed=1610379 2026-07-22T17:14:45.558
ATTEMPT 555 W0 SOLVE 4x2 2026-07-22T17:14:45.568
ATTEMPT 555 W0 DONE 4x2 seed=1610379 nsol=16 0.04s 2026-07-22T17:14:45.605
ATTEMPT 556 W0 START 4x2 seed=1610380 2026-07-22T17:14:45.605
ATTEMPT 556 W0 SOLVE 4x2 2026-07-22T17:14:45.637
ATTEMPT 556 W0 DONE 4x2 seed=1610380 nsol=16 0.05s 2026-07-22T17:14:45.687
ATTEMPT 557 W0 START 4x2 seed=1610381 2026-07-22T17:14:45.687
ATTEMPT 557 W0 SOLVE 4x2 2026-07-22T17:14:45.704
ATTEMPT 557 W0 DONE 4x2 seed=1610381 nsol=16 0.05s 2026-07-22T17:14:45.755
ATTEMPT 558 W0 START 4x2 seed=1610382 2026-07-22T17:14:45.756
ATTEMPT 558 W0 SOLVE 4x2 2026-07-22T17:14:45.773
ATTEMPT 558 W0 DONE 4x2 seed=1610382 nsol=16 0.03s 2026-07-22T17:14:45.802
ATTEMPT 559 W0 START 4x2 seed=1610383 2026-07-22T17:14:45.803
ATTEMPT 559 W0 SOLVE 4x2 2026-07-22T17:14:45.816
ATTEMPT 559 W0 DONE 4x2 seed=1610383 nsol=16 0.03s 2026-07-22T17:14:45.850
ATTEMPT 560 W0 START 4x2 seed=1610384 2026-07-22T17:14:45.851
ATTEMPT 560 W0 SOLVE 4x2 2026-07-22T17:14:45.871
ATTEMPT 560 W0 DONE 4x2 seed=1610384 nsol=16 0.05s 2026-07-22T17:14:45.917
ATTEMPT 561 W0 START 4x2 seed=1610385 2026-07-22T17:14:45.920
ATTEMPT 561 W0 SOLVE 4x2 2026-07-22T17:14:45.931
ATTEMPT 561 W0 DONE 4x2 seed=1610385 nsol=16 0.03s 2026-07-22T17:14:45.960
ATTEMPT 562 W0 START 4x2 seed=1610386 2026-07-22T17:14:45.962
ATTEMPT 562 W0 SOLVE 4x2 2026-07-22T17:14:45.972
ATTEMPT 562 W0 DONE 4x2 seed=1610386 nsol=16 0.03s 2026-07-22T17:14:45.998
ATTEMPT 563 W0 START 4x2 seed=1610387 2026-07-22T17:14:45.999
ATTEMPT 563 W0 SOLVE 4x2 2026-07-22T17:14:46.009
ATTEMPT 563 W0 DONE 4x2 seed=1610387 nsol=16 0.04s 2026-07-22T17:14:46.045
ATTEMPT 564 W0 START 4x2 seed=1610388 2026-07-22T17:14:46.045
ATTEMPT 564 W0 SOLVE 4x2 2026-07-22T17:14:46.059
ATTEMPT 564 W0 DONE 4x2 seed=1610388 nsol=16 0.02s 2026-07-22T17:14:46.084
ATTEMPT 565 W0 START 4x2 seed=1610389 2026-07-22T17:14:46.084
ATTEMPT 565 W0 SOLVE 4x2 2026-07-22T17:14:46.093
ATTEMPT 565 W0 DONE 4x2 seed=1610389 nsol=16 0.02s 2026-07-22T17:14:46.112
ATTEMPT 566 W0 START 4x2 seed=1610390 2026-07-22T17:14:46.113
ATTEMPT 566 W0 SOLVE 4x2 2026-07-22T17:14:46.124
ATTEMPT 566 W0 DONE 4x2 seed=1610390 nsol=16 0.02s 2026-07-22T17:14:46.145
ATTEMPT 567 W0 START 4x2 seed=1610391 2026-07-22T17:14:46.146
ATTEMPT 567 W0 SOLVE 4x2 2026-07-22T17:14:46.159
ATTEMPT 567 W0 DONE 4x2 seed=1610391 nsol=16 0.02s 2026-07-22T17:14:46.181
ATTEMPT 568 W0 START 4x2 seed=1610392 2026-07-22T17:14:46.181
ATTEMPT 568 W0 SOLVE 4x2 2026-07-22T17:14:46.190
ATTEMPT 568 W0 DONE 4x2 seed=1610392 nsol=16 0.04s 2026-07-22T17:14:46.234
ATTEMPT 569 W0 START 4x2 seed=1610393 2026-07-22T17:14:46.234
ATTEMPT 569 W0 SOLVE 4x2 2026-07-22T17:14:46.240
ATTEMPT 569 W0 DONE 4x2 seed=1610393 nsol=16 0.05s 2026-07-22T17:14:46.289
ATTEMPT 570 W0 START 4x2 seed=1610394 2026-07-22T17:14:46.289
ATTEMPT 570 W0 SOLVE 4x2 2026-07-22T17:14:46.300
ATTEMPT 570 W0 DONE 4x2 seed=1610394 nsol=16 0.05s 2026-07-22T17:14:46.346
ATTEMPT 571 W0 START 4x2 seed=1610395 2026-07-22T17:14:46.347
ATTEMPT 571 W0 SOLVE 4x2 2026-07-22T17:14:46.363
ATTEMPT 571 W0 DONE 4x2 seed=1610395 nsol=16 0.03s 2026-07-22T17:14:46.394
ATTEMPT 572 W0 START 4x2 seed=1610396 2026-07-22T17:14:46.395
ATTEMPT 572 W0 SOLVE 4x2 2026-07-22T17:14:46.401
ATTEMPT 572 W0 DONE 4x2 seed=1610396 nsol=16 0.02s 2026-07-22T17:14:46.421
ATTEMPT 573 W0 START 4x2 seed=1610397 2026-07-22T17:14:46.422
ATTEMPT 573 W0 SOLVE 4x2 2026-07-22T17:14:46.438
ATTEMPT 573 W0 DONE 4x2 seed=1610397 nsol=16 0.02s 2026-07-22T17:14:46.455
ATTEMPT 574 W0 START 4x2 seed=1610398 2026-07-22T17:14:46.455
ATTEMPT 574 W0 SOLVE 4x2 2026-07-22T17:14:46.460
ATTEMPT 574 W0 DONE 4x2 seed=1610398 nsol=16 0.03s 2026-07-22T17:14:46.489
ATTEMPT 575 W0 START 4x2 seed=1610399 2026-07-22T17:14:46.489
ATTEMPT 575 W0 SOLVE 4x2 2026-07-22T17:14:46.496
ATTEMPT 575 W0 DONE 4x2 seed=1610399 nsol=16 0.02s 2026-07-22T17:14:46.514
ATTEMPT 576 W0 START 4x2 seed=1610400 2026-07-22T17:14:46.514
ATTEMPT 576 W0 SOLVE 4x2 2026-07-22T17:14:46.523
ATTEMPT 576 W0 DONE 4x2 seed=1610400 nsol=16 0.03s 2026-07-22T17:14:46.553
ATTEMPT 577 W0 START 4x2 seed=1610401 2026-07-22T17:14:46.553
ATTEMPT 577 W0 SOLVE 4x2 2026-07-22T17:14:46.567
ATTEMPT 577 W0 DONE 4x2 seed=1610401 nsol=16 0.02s 2026-07-22T17:14:46.586
ATTEMPT 578 W0 START 4x2 seed=1610402 2026-07-22T17:14:46.586
ATTEMPT 578 W0 SOLVE 4x2 2026-07-22T17:14:46.597
ATTEMPT 578 W0 DONE 4x2 seed=1610402 nsol=16 0.02s 2026-07-22T17:14:46.621
ATTEMPT 579 W0 START 4x2 seed=1610403 2026-07-22T17:14:46.621
ATTEMPT 579 W0 SOLVE 4x2 2026-07-22T17:14:46.641
ATTEMPT 579 W0 DONE 4x2 seed=1610403 nsol=16 0.04s 2026-07-22T17:14:46.685
ATTEMPT 580 W0 START 4x2 seed=1610404 2026-07-22T17:14:46.685
ATTEMPT 580 W0 SOLVE 4x2 2026-07-22T17:14:46.700
ATTEMPT 580 W0 DONE 4x2 seed=1610404 nsol=16 0.06s 2026-07-22T17:14:46.764
ATTEMPT 581 W0 START 4x2 seed=1610405 2026-07-22T17:14:46.766
ATTEMPT 581 W0 SOLVE 4x2 2026-07-22T17:14:46.794
ATTEMPT 581 W0 DONE 4x2 seed=1610405 nsol=16 0.28s 2026-07-22T17:14:47.075
ATTEMPT 582 W0 START 4x2 seed=1610406 2026-07-22T17:14:47.075
ATTEMPT 582 W0 SOLVE 4x2 2026-07-22T17:14:47.096
ATTEMPT 582 W0 DONE 4x2 seed=1610406 nsol=16 0.03s 2026-07-22T17:14:47.137
ATTEMPT 583 W0 START 4x2 seed=1610407 2026-07-22T17:14:47.138
ATTEMPT 583 W0 SOLVE 4x2 2026-07-22T17:14:47.148
ATTEMPT 583 W0 DONE 4x2 seed=1610407 nsol=16 0.03s 2026-07-22T17:14:47.177
ATTEMPT 584 W0 START 4x2 seed=1610408 2026-07-22T17:14:47.177
ATTEMPT 584 W0 SOLVE 4x2 2026-07-22T17:14:47.186
ATTEMPT 584 W0 DONE 4x2 seed=1610408 nsol=16 0.04s 2026-07-22T17:14:47.225
ATTEMPT 585 W0 START 4x2 seed=1610409 2026-07-22T17:14:47.225
ATTEMPT 585 W0 SOLVE 4x2 2026-07-22T17:14:47.231
ATTEMPT 585 W0 DONE 4x2 seed=1610409 nsol=16 0.05s 2026-07-22T17:14:47.277
ATTEMPT 586 W0 START 4x2 seed=1610410 2026-07-22T17:14:47.277
ATTEMPT 586 W0 SOLVE 4x2 2026-07-22T17:14:47.284
ATTEMPT 586 W0 DONE 4x2 seed=1610410 nsol=16 0.04s 2026-07-22T17:14:47.329
ATTEMPT 587 W0 START 4x2 seed=1610411 2026-07-22T17:14:47.330
ATTEMPT 587 W0 SOLVE 4x2 2026-07-22T17:14:47.340
ATTEMPT 587 W0 DONE 4x2 seed=1610411 nsol=16 0.03s 2026-07-22T17:14:47.367
ATTEMPT 588 W0 START 4x2 seed=1610412 2026-07-22T17:14:47.367
ATTEMPT 588 W0 SOLVE 4x2 2026-07-22T17:14:47.379
ATTEMPT 588 W0 DONE 4x2 seed=1610412 nsol=16 0.02s 2026-07-22T17:14:47.399
ATTEMPT 589 W0 START 4x2 seed=1610413 2026-07-22T17:14:47.400
ATTEMPT 589 W0 SOLVE 4x2 2026-07-22T17:14:47.417
ATTEMPT 589 W0 DONE 4x2 seed=1610413 nsol=16 0.01s 2026-07-22T17:14:47.431
ATTEMPT 590 W0 START 4x2 seed=1610414 2026-07-22T17:14:47.432
ATTEMPT 590 W0 SOLVE 4x2 2026-07-22T17:14:47.442
ATTEMPT 590 W0 DONE 4x2 seed=1610414 nsol=16 0.05s 2026-07-22T17:14:47.492
ATTEMPT 591 W0 START 4x2 seed=1610415 2026-07-22T17:14:47.493
ATTEMPT 591 W0 SOLVE 4x2 2026-07-22T17:14:47.504
ATTEMPT 591 W0 DONE 4x2 seed=1610415 nsol=16 0.03s 2026-07-22T17:14:47.541
ATTEMPT 592 W0 START 4x2 seed=1610416 2026-07-22T17:14:47.541
ATTEMPT 592 W0 SOLVE 4x2 2026-07-22T17:14:47.552
ATTEMPT 592 W0 DONE 4x2 seed=1610416 nsol=16 0.05s 2026-07-22T17:14:47.607
ATTEMPT 593 W0 START 4x2 seed=1610417 2026-07-22T17:14:47.607
ATTEMPT 593 W0 SOLVE 4x2 2026-07-22T17:14:47.633
ATTEMPT 593 W0 DONE 4x2 seed=1610417 nsol=16 0.05s 2026-07-22T17:14:47.683
ATTEMPT 594 W0 START 4x2 seed=1610418 2026-07-22T17:14:47.684
ATTEMPT 594 W0 SOLVE 4x2 2026-07-22T17:14:47.692
ATTEMPT 594 W0 DONE 4x2 seed=1610418 nsol=16 0.04s 2026-07-22T17:14:47.737
ATTEMPT 595 W0 START 4x2 seed=1610419 2026-07-22T17:14:47.737
ATTEMPT 595 W0 SOLVE 4x2 2026-07-22T17:14:47.744
ATTEMPT 595 W0 DONE 4x2 seed=1610419 nsol=16 0.06s 2026-07-22T17:14:47.808
ATTEMPT 596 W0 START 4x2 seed=1610420 2026-07-22T17:14:47.808
ATTEMPT 596 W0 SOLVE 4x2 2026-07-22T17:14:47.828
ATTEMPT 596 W0 DONE 4x2 seed=1610420 nsol=16 0.03s 2026-07-22T17:14:47.856
ATTEMPT 597 W0 START 4x2 seed=1610421 2026-07-22T17:14:47.856
ATTEMPT 597 W0 SOLVE 4x2 2026-07-22T17:14:47.864
ATTEMPT 597 W0 DONE 4x2 seed=1610421 nsol=16 0.02s 2026-07-22T17:14:47.905
ATTEMPT 598 W0 START 4x2 seed=1610422 2026-07-22T17:14:47.905
ATTEMPT 598 W0 SOLVE 4x2 2026-07-22T17:14:47.916
ATTEMPT 598 W0 DONE 4x2 seed=1610422 nsol=16 0.06s 2026-07-22T17:14:47.974
ATTEMPT 599 W0 START 4x2 seed=1610423 2026-07-22T17:14:47.975
ATTEMPT 599 W0 SOLVE 4x2 2026-07-22T17:14:47.989
ATTEMPT 599 W0 DONE 4x2 seed=1610423 nsol=16 0.05s 2026-07-22T17:14:48.041
ATTEMPT 600 W0 START 4x2 seed=1610424 2026-07-22T17:14:48.041
ATTEMPT 600 W0 SOLVE 4x2 2026-07-22T17:14:48.059
ATTEMPT 600 W0 DONE 4x2 seed=1610424 nsol=16 0.03s 2026-07-22T17:14:48.092
HUNT2 complete 2026-07-22T17:14:48.195
