HUNT2 start mode=seq hcthr=on nworkers=0 nthreads=14 ngcthreads=14 nsolves=600 seed_base=418201 shape=4x2 pid=1970689 julia=1.12.6 HC=2.20.0 2026-07-22T16:43:30.012
ATTEMPT 1 W0 START 4x2 seed=418202 2026-07-22T16:43:37.668
ATTEMPT 1 W0 SOLVE 4x2 2026-07-22T16:43:40.463
Computing mixed cells... 2    Time: 0:00:02[K
   mixed_volume: 3[K[A
[K[AComputing mixed cells... 11    Time: 0:00:02[K
   mixed_volume: 16[K
ATTEMPT 1 W0 DONE 4x2 seed=418202 nsol=16 144.87s 2026-07-22T16:46:05.635
ATTEMPT 2 W0 START 4x2 seed=418203 2026-07-22T16:46:06.086
ATTEMPT 2 W0 SOLVE 4x2 2026-07-22T16:46:06.092
ATTEMPT 2 W0 DONE 4x2 seed=418203 nsol=16 0.01s 2026-07-22T16:46:06.106
ATTEMPT 3 W0 START 4x2 seed=418204 2026-07-22T16:46:06.106
ATTEMPT 3 W0 SOLVE 4x2 2026-07-22T16:46:06.112
ATTEMPT 3 W0 DONE 4x2 seed=418204 nsol=16 0.02s 2026-07-22T16:46:06.127
ATTEMPT 4 W0 START 4x2 seed=418205 2026-07-22T16:46:06.128
ATTEMPT 4 W0 SOLVE 4x2 2026-07-22T16:46:06.133
ATTEMPT 4 W0 DONE 4x2 seed=418205 nsol=16 0.01s 2026-07-22T16:46:06.145
ATTEMPT 5 W0 START 4x2 seed=418206 2026-07-22T16:46:06.145
ATTEMPT 5 W0 SOLVE 4x2 2026-07-22T16:46:06.150
ATTEMPT 5 W0 DONE 4x2 seed=418206 nsol=16 0.01s 2026-07-22T16:46:06.159
ATTEMPT 6 W0 START 4x2 seed=418207 2026-07-22T16:46:06.160
ATTEMPT 6 W0 SOLVE 4x2 2026-07-22T16:46:06.165
ATTEMPT 6 W0 DONE 4x2 seed=418207 nsol=16 0.01s 2026-07-22T16:46:06.179
ATTEMPT 7 W0 START 4x2 seed=418208 2026-07-22T16:46:06.180
ATTEMPT 7 W0 SOLVE 4x2 2026-07-22T16:46:06.185
ATTEMPT 7 W0 DONE 4x2 seed=418208 nsol=16 0.01s 2026-07-22T16:46:06.195
ATTEMPT 8 W0 START 4x2 seed=418209 2026-07-22T16:46:06.195
ATTEMPT 8 W0 SOLVE 4x2 2026-07-22T16:46:06.205
ATTEMPT 8 W0 DONE 4x2 seed=418209 nsol=16 0.01s 2026-07-22T16:46:06.219
ATTEMPT 9 W0 START 4x2 seed=418210 2026-07-22T16:46:06.219
ATTEMPT 9 W0 SOLVE 4x2 2026-07-22T16:46:06.229
ATTEMPT 9 W0 DONE 4x2 seed=418210 nsol=16 0.01s 2026-07-22T16:46:06.243
ATTEMPT 10 W0 START 4x2 seed=418211 2026-07-22T16:46:06.243
ATTEMPT 10 W0 SOLVE 4x2 2026-07-22T16:46:06.257
ATTEMPT 10 W0 DONE 4x2 seed=418211 nsol=16 0.01s 2026-07-22T16:46:06.268
ATTEMPT 11 W0 START 4x2 seed=418212 2026-07-22T16:46:06.269
ATTEMPT 11 W0 SOLVE 4x2 2026-07-22T16:46:06.278
ATTEMPT 11 W0 DONE 4x2 seed=418212 nsol=16 0.02s 2026-07-22T16:46:06.299
ATTEMPT 12 W0 START 4x2 seed=418213 2026-07-22T16:46:06.299
ATTEMPT 12 W0 SOLVE 4x2 2026-07-22T16:46:06.313
ATTEMPT 12 W0 DONE 4x2 seed=418213 nsol=16 0.03s 2026-07-22T16:46:06.339
ATTEMPT 13 W0 START 4x2 seed=418214 2026-07-22T16:46:06.340
ATTEMPT 13 W0 SOLVE 4x2 2026-07-22T16:46:06.354
ATTEMPT 13 W0 DONE 4x2 seed=418214 nsol=16 0.03s 2026-07-22T16:46:06.381
ATTEMPT 14 W0 START 4x2 seed=418215 2026-07-22T16:46:06.381
ATTEMPT 14 W0 SOLVE 4x2 2026-07-22T16:46:06.396
ATTEMPT 14 W0 DONE 4x2 seed=418215 nsol=16 0.01s 2026-07-22T16:46:06.411
ATTEMPT 15 W0 START 4x2 seed=418216 2026-07-22T16:46:06.411
ATTEMPT 15 W0 SOLVE 4x2 2026-07-22T16:46:06.430
ATTEMPT 15 W0 DONE 4x2 seed=418216 nsol=16 0.02s 2026-07-22T16:46:06.452
ATTEMPT 16 W0 START 4x2 seed=418217 2026-07-22T16:46:06.452
ATTEMPT 16 W0 SOLVE 4x2 2026-07-22T16:46:06.466
ATTEMPT 16 W0 DONE 4x2 seed=418217 nsol=16 0.02s 2026-07-22T16:46:06.487
ATTEMPT 17 W0 START 4x2 seed=418218 2026-07-22T16:46:06.487
ATTEMPT 17 W0 SOLVE 4x2 2026-07-22T16:46:06.502
ATTEMPT 17 W0 DONE 4x2 seed=418218 nsol=16 0.02s 2026-07-22T16:46:06.523
ATTEMPT 18 W0 START 4x2 seed=418219 2026-07-22T16:46:06.524
ATTEMPT 18 W0 SOLVE 4x2 2026-07-22T16:46:06.546
ATTEMPT 18 W0 DONE 4x2 seed=418219 nsol=16 0.03s 2026-07-22T16:46:06.572
ATTEMPT 19 W0 START 4x2 seed=418220 2026-07-22T16:46:06.572
ATTEMPT 19 W0 SOLVE 4x2 2026-07-22T16:46:06.588
ATTEMPT 19 W0 DONE 4x2 seed=418220 nsol=16 0.02s 2026-07-22T16:46:06.604
ATTEMPT 20 W0 START 4x2 seed=418221 2026-07-22T16:46:06.604
ATTEMPT 20 W0 SOLVE 4x2 2026-07-22T16:46:06.614
ATTEMPT 20 W0 DONE 4x2 seed=418221 nsol=16 0.02s 2026-07-22T16:46:06.632
ATTEMPT 21 W0 START 4x2 seed=418222 2026-07-22T16:46:06.632
ATTEMPT 21 W0 SOLVE 4x2 2026-07-22T16:46:06.643
ATTEMPT 21 W0 DONE 4x2 seed=418222 nsol=16 0.02s 2026-07-22T16:46:06.664
ATTEMPT 22 W0 START 4x2 seed=418223 2026-07-22T16:46:06.665
ATTEMPT 22 W0 SOLVE 4x2 2026-07-22T16:46:06.670
ATTEMPT 22 W0 DONE 4x2 seed=418223 nsol=16 0.00s 2026-07-22T16:46:06.679
ATTEMPT 23 W0 START 4x2 seed=418224 2026-07-22T16:46:06.679
ATTEMPT 23 W0 SOLVE 4x2 2026-07-22T16:46:06.690
ATTEMPT 23 W0 DONE 4x2 seed=418224 nsol=16 0.01s 2026-07-22T16:46:06.704
ATTEMPT 24 W0 START 4x2 seed=418225 2026-07-22T16:46:06.704
ATTEMPT 24 W0 SOLVE 4x2 2026-07-22T16:46:06.718
ATTEMPT 24 W0 DONE 4x2 seed=418225 nsol=16 0.01s 2026-07-22T16:46:06.726
ATTEMPT 25 W0 START 4x2 seed=418226 2026-07-22T16:46:06.726
ATTEMPT 25 W0 SOLVE 4x2 2026-07-22T16:46:06.736
ATTEMPT 25 W0 DONE 4x2 seed=418226 nsol=16 0.01s 2026-07-22T16:46:06.747
ATTEMPT 26 W0 START 4x2 seed=418227 2026-07-22T16:46:06.747
ATTEMPT 26 W0 SOLVE 4x2 2026-07-22T16:46:06.758
ATTEMPT 26 W0 DONE 4x2 seed=418227 nsol=16 0.02s 2026-07-22T16:46:06.780
ATTEMPT 27 W0 START 4x2 seed=418228 2026-07-22T16:46:06.780
ATTEMPT 27 W0 SOLVE 4x2 2026-07-22T16:46:06.790
ATTEMPT 27 W0 DONE 4x2 seed=418228 nsol=16 0.02s 2026-07-22T16:46:06.811
ATTEMPT 28 W0 START 4x2 seed=418229 2026-07-22T16:46:06.811
ATTEMPT 28 W0 SOLVE 4x2 2026-07-22T16:46:06.829
ATTEMPT 28 W0 DONE 4x2 seed=418229 nsol=16 0.02s 2026-07-22T16:46:06.851
ATTEMPT 29 W0 START 4x2 seed=418230 2026-07-22T16:46:06.852
ATTEMPT 29 W0 SOLVE 4x2 2026-07-22T16:46:06.862
ATTEMPT 29 W0 DONE 4x2 seed=418230 nsol=16 0.01s 2026-07-22T16:46:06.871
ATTEMPT 30 W0 START 4x2 seed=418231 2026-07-22T16:46:06.871
ATTEMPT 30 W0 SOLVE 4x2 2026-07-22T16:46:06.888
ATTEMPT 30 W0 DONE 4x2 seed=418231 nsol=16 0.02s 2026-07-22T16:46:06.907
ATTEMPT 31 W0 START 4x2 seed=418232 2026-07-22T16:46:06.908
ATTEMPT 31 W0 SOLVE 4x2 2026-07-22T16:46:06.918
ATTEMPT 31 W0 DONE 4x2 seed=418232 nsol=16 0.03s 2026-07-22T16:46:06.947
ATTEMPT 32 W0 START 4x2 seed=418233 2026-07-22T16:46:06.948
ATTEMPT 32 W0 SOLVE 4x2 2026-07-22T16:46:06.959
ATTEMPT 32 W0 DONE 4x2 seed=418233 nsol=16 0.00s 2026-07-22T16:46:06.967
ATTEMPT 33 W0 START 4x2 seed=418234 2026-07-22T16:46:06.967
ATTEMPT 33 W0 SOLVE 4x2 2026-07-22T16:46:06.973
ATTEMPT 33 W0 DONE 4x2 seed=418234 nsol=16 0.02s 2026-07-22T16:46:06.992
ATTEMPT 34 W0 START 4x2 seed=418235 2026-07-22T16:46:06.992
ATTEMPT 34 W0 SOLVE 4x2 2026-07-22T16:46:06.999
ATTEMPT 34 W0 DONE 4x2 seed=418235 nsol=16 0.01s 2026-07-22T16:46:07.009
ATTEMPT 35 W0 START 4x2 seed=418236 2026-07-22T16:46:07.009
ATTEMPT 35 W0 SOLVE 4x2 2026-07-22T16:46:07.018
ATTEMPT 35 W0 DONE 4x2 seed=418236 nsol=16 0.03s 2026-07-22T16:46:07.047
ATTEMPT 36 W0 START 4x2 seed=418237 2026-07-22T16:46:07.048
ATTEMPT 36 W0 SOLVE 4x2 2026-07-22T16:46:07.053
ATTEMPT 36 W0 DONE 4x2 seed=418237 nsol=16 0.02s 2026-07-22T16:46:07.071
ATTEMPT 37 W0 START 4x2 seed=418238 2026-07-22T16:46:07.071
ATTEMPT 37 W0 SOLVE 4x2 2026-07-22T16:46:07.078
ATTEMPT 37 W0 DONE 4x2 seed=418238 nsol=16 0.03s 2026-07-22T16:46:07.104
ATTEMPT 38 W0 START 4x2 seed=418239 2026-07-22T16:46:07.104
ATTEMPT 38 W0 SOLVE 4x2 2026-07-22T16:46:07.110
ATTEMPT 38 W0 DONE 4x2 seed=418239 nsol=16 0.09s 2026-07-22T16:46:07.199
ATTEMPT 39 W0 START 4x2 seed=418240 2026-07-22T16:46:07.210
ATTEMPT 39 W0 SOLVE 4x2 2026-07-22T16:46:07.221
ATTEMPT 39 W0 DONE 4x2 seed=418240 nsol=16 0.03s 2026-07-22T16:46:07.247
ATTEMPT 40 W0 START 4x2 seed=418241 2026-07-22T16:46:07.247
ATTEMPT 40 W0 SOLVE 4x2 2026-07-22T16:46:07.261
ATTEMPT 40 W0 DONE 4x2 seed=418241 nsol=16 0.02s 2026-07-22T16:46:07.279
ATTEMPT 41 W0 START 4x2 seed=418242 2026-07-22T16:46:07.280
ATTEMPT 41 W0 SOLVE 4x2 2026-07-22T16:46:07.289
ATTEMPT 41 W0 DONE 4x2 seed=418242 nsol=16 0.03s 2026-07-22T16:46:07.315
ATTEMPT 42 W0 START 4x2 seed=418243 2026-07-22T16:46:07.315
ATTEMPT 42 W0 SOLVE 4x2 2026-07-22T16:46:07.324
ATTEMPT 42 W0 DONE 4x2 seed=418243 nsol=16 0.01s 2026-07-22T16:46:07.338
ATTEMPT 43 W0 START 4x2 seed=418244 2026-07-22T16:46:07.338
ATTEMPT 43 W0 SOLVE 4x2 2026-07-22T16:46:07.344
ATTEMPT 43 W0 DONE 4x2 seed=418244 nsol=16 0.02s 2026-07-22T16:46:07.362
ATTEMPT 44 W0 START 4x2 seed=418245 2026-07-22T16:46:07.362
ATTEMPT 44 W0 SOLVE 4x2 2026-07-22T16:46:07.368
ATTEMPT 44 W0 DONE 4x2 seed=418245 nsol=16 0.02s 2026-07-22T16:46:07.384
ATTEMPT 45 W0 START 4x2 seed=418246 2026-07-22T16:46:07.385
ATTEMPT 45 W0 SOLVE 4x2 2026-07-22T16:46:07.390
ATTEMPT 45 W0 DONE 4x2 seed=418246 nsol=16 0.01s 2026-07-22T16:46:07.399
ATTEMPT 46 W0 START 4x2 seed=418247 2026-07-22T16:46:07.399
ATTEMPT 46 W0 SOLVE 4x2 2026-07-22T16:46:07.405
ATTEMPT 46 W0 DONE 4x2 seed=418247 nsol=16 0.01s 2026-07-22T16:46:07.419
ATTEMPT 47 W0 START 4x2 seed=418248 2026-07-22T16:46:07.420
ATTEMPT 47 W0 SOLVE 4x2 2026-07-22T16:46:07.425
ATTEMPT 47 W0 DONE 4x2 seed=418248 nsol=16 0.01s 2026-07-22T16:46:07.436
ATTEMPT 48 W0 START 4x2 seed=418249 2026-07-22T16:46:07.437
ATTEMPT 48 W0 SOLVE 4x2 2026-07-22T16:46:07.446
ATTEMPT 48 W0 DONE 4x2 seed=418249 nsol=16 0.01s 2026-07-22T16:46:07.451
ATTEMPT 49 W0 START 4x2 seed=418250 2026-07-22T16:46:07.451
ATTEMPT 49 W0 SOLVE 4x2 2026-07-22T16:46:07.459
ATTEMPT 49 W0 DONE 4x2 seed=418250 nsol=16 0.01s 2026-07-22T16:46:07.465
ATTEMPT 50 W0 START 4x2 seed=418251 2026-07-22T16:46:07.465
ATTEMPT 50 W0 SOLVE 4x2 2026-07-22T16:46:07.472
ATTEMPT 50 W0 DONE 4x2 seed=418251 nsol=16 0.02s 2026-07-22T16:46:07.492
ATTEMPT 51 W0 START 4x2 seed=418252 2026-07-22T16:46:07.493
ATTEMPT 51 W0 SOLVE 4x2 2026-07-22T16:46:07.500
ATTEMPT 51 W0 DONE 4x2 seed=418252 nsol=16 0.01s 2026-07-22T16:46:07.506
ATTEMPT 52 W0 START 4x2 seed=418253 2026-07-22T16:46:07.506
ATTEMPT 52 W0 SOLVE 4x2 2026-07-22T16:46:07.513
ATTEMPT 52 W0 DONE 4x2 seed=418253 nsol=16 0.01s 2026-07-22T16:46:07.524
ATTEMPT 53 W0 START 4x2 seed=418254 2026-07-22T16:46:07.524
ATTEMPT 53 W0 SOLVE 4x2 2026-07-22T16:46:07.532
ATTEMPT 53 W0 DONE 4x2 seed=418254 nsol=16 0.01s 2026-07-22T16:46:07.542
ATTEMPT 54 W0 START 4x2 seed=418255 2026-07-22T16:46:07.542
ATTEMPT 54 W0 SOLVE 4x2 2026-07-22T16:46:07.550
ATTEMPT 54 W0 DONE 4x2 seed=418255 nsol=16 0.02s 2026-07-22T16:46:07.571
ATTEMPT 55 W0 START 4x2 seed=418256 2026-07-22T16:46:07.572
ATTEMPT 55 W0 SOLVE 4x2 2026-07-22T16:46:07.581
ATTEMPT 55 W0 DONE 4x2 seed=418256 nsol=16 0.01s 2026-07-22T16:46:07.591
ATTEMPT 56 W0 START 4x2 seed=418257 2026-07-22T16:46:07.592
ATTEMPT 56 W0 SOLVE 4x2 2026-07-22T16:46:07.597
ATTEMPT 56 W0 DONE 4x2 seed=418257 nsol=16 0.01s 2026-07-22T16:46:07.607
ATTEMPT 57 W0 START 4x2 seed=418258 2026-07-22T16:46:07.608
ATTEMPT 57 W0 SOLVE 4x2 2026-07-22T16:46:07.613
ATTEMPT 57 W0 DONE 4x2 seed=418258 nsol=16 0.01s 2026-07-22T16:46:07.619
ATTEMPT 58 W0 START 4x2 seed=418259 2026-07-22T16:46:07.620
ATTEMPT 58 W0 SOLVE 4x2 2026-07-22T16:46:07.625
ATTEMPT 58 W0 DONE 4x2 seed=418259 nsol=16 0.01s 2026-07-22T16:46:07.639
ATTEMPT 59 W0 START 4x2 seed=418260 2026-07-22T16:46:07.640
ATTEMPT 59 W0 SOLVE 4x2 2026-07-22T16:46:07.647
ATTEMPT 59 W0 DONE 4x2 seed=418260 nsol=16 0.01s 2026-07-22T16:46:07.654
ATTEMPT 60 W0 START 4x2 seed=418261 2026-07-22T16:46:07.655
ATTEMPT 60 W0 SOLVE 4x2 2026-07-22T16:46:07.660
ATTEMPT 60 W0 DONE 4x2 seed=418261 nsol=16 0.02s 2026-07-22T16:46:07.675
ATTEMPT 61 W0 START 4x2 seed=418262 2026-07-22T16:46:07.676
ATTEMPT 61 W0 SOLVE 4x2 2026-07-22T16:46:07.682
ATTEMPT 61 W0 DONE 4x2 seed=418262 nsol=16 0.02s 2026-07-22T16:46:07.699
ATTEMPT 62 W0 START 4x2 seed=418263 2026-07-22T16:46:07.700
ATTEMPT 62 W0 SOLVE 4x2 2026-07-22T16:46:07.705
ATTEMPT 62 W0 DONE 4x2 seed=418263 nsol=16 0.02s 2026-07-22T16:46:07.723
ATTEMPT 63 W0 START 4x2 seed=418264 2026-07-22T16:46:07.724
ATTEMPT 63 W0 SOLVE 4x2 2026-07-22T16:46:07.729
ATTEMPT 63 W0 DONE 4x2 seed=418264 nsol=16 0.01s 2026-07-22T16:46:07.743
ATTEMPT 64 W0 START 4x2 seed=418265 2026-07-22T16:46:07.744
ATTEMPT 64 W0 SOLVE 4x2 2026-07-22T16:46:07.750
ATTEMPT 64 W0 DONE 4x2 seed=418265 nsol=16 0.02s 2026-07-22T16:46:07.768
ATTEMPT 65 W0 START 4x2 seed=418266 2026-07-22T16:46:07.768
ATTEMPT 65 W0 SOLVE 4x2 2026-07-22T16:46:07.776
ATTEMPT 65 W0 DONE 4x2 seed=418266 nsol=16 0.01s 2026-07-22T16:46:07.787
ATTEMPT 66 W0 START 4x2 seed=418267 2026-07-22T16:46:07.788
ATTEMPT 66 W0 SOLVE 4x2 2026-07-22T16:46:07.794
ATTEMPT 66 W0 DONE 4x2 seed=418267 nsol=16 0.01s 2026-07-22T16:46:07.799
ATTEMPT 67 W0 START 4x2 seed=418268 2026-07-22T16:46:07.799
ATTEMPT 67 W0 SOLVE 4x2 2026-07-22T16:46:07.806
ATTEMPT 67 W0 DONE 4x2 seed=418268 nsol=16 0.01s 2026-07-22T16:46:07.819
ATTEMPT 68 W0 START 4x2 seed=418269 2026-07-22T16:46:07.820
ATTEMPT 68 W0 SOLVE 4x2 2026-07-22T16:46:07.825
ATTEMPT 68 W0 DONE 4x2 seed=418269 nsol=16 0.01s 2026-07-22T16:46:07.835
ATTEMPT 69 W0 START 4x2 seed=418270 2026-07-22T16:46:07.836
ATTEMPT 69 W0 SOLVE 4x2 2026-07-22T16:46:07.841
ATTEMPT 69 W0 DONE 4x2 seed=418270 nsol=16 0.01s 2026-07-22T16:46:07.855
ATTEMPT 70 W0 START 4x2 seed=418271 2026-07-22T16:46:07.855
ATTEMPT 70 W0 SOLVE 4x2 2026-07-22T16:46:07.861
ATTEMPT 70 W0 DONE 4x2 seed=418271 nsol=16 0.02s 2026-07-22T16:46:07.881
ATTEMPT 71 W0 START 4x2 seed=418272 2026-07-22T16:46:07.881
ATTEMPT 71 W0 SOLVE 4x2 2026-07-22T16:46:07.902
ATTEMPT 71 W0 DONE 4x2 seed=418272 nsol=16 0.01s 2026-07-22T16:46:07.913
ATTEMPT 72 W0 START 4x2 seed=418273 2026-07-22T16:46:07.913
ATTEMPT 72 W0 SOLVE 4x2 2026-07-22T16:46:07.920
ATTEMPT 72 W0 DONE 4x2 seed=418273 nsol=16 0.01s 2026-07-22T16:46:07.933
ATTEMPT 73 W0 START 4x2 seed=418274 2026-07-22T16:46:07.933
ATTEMPT 73 W0 SOLVE 4x2 2026-07-22T16:46:07.939
ATTEMPT 73 W0 DONE 4x2 seed=418274 nsol=16 0.01s 2026-07-22T16:46:07.947
ATTEMPT 74 W0 START 4x2 seed=418275 2026-07-22T16:46:07.948
ATTEMPT 74 W0 SOLVE 4x2 2026-07-22T16:46:07.953
ATTEMPT 74 W0 DONE 4x2 seed=418275 nsol=16 0.01s 2026-07-22T16:46:07.963
ATTEMPT 75 W0 START 4x2 seed=418276 2026-07-22T16:46:07.964
ATTEMPT 75 W0 SOLVE 4x2 2026-07-22T16:46:07.969
ATTEMPT 75 W0 DONE 4x2 seed=418276 nsol=16 0.01s 2026-07-22T16:46:07.979
ATTEMPT 76 W0 START 4x2 seed=418277 2026-07-22T16:46:07.980
ATTEMPT 76 W0 SOLVE 4x2 2026-07-22T16:46:07.986
ATTEMPT 76 W0 DONE 4x2 seed=418277 nsol=16 0.01s 2026-07-22T16:46:07.995
ATTEMPT 77 W0 START 4x2 seed=418278 2026-07-22T16:46:07.996
ATTEMPT 77 W0 SOLVE 4x2 2026-07-22T16:46:08.002
ATTEMPT 77 W0 DONE 4x2 seed=418278 nsol=16 0.02s 2026-07-22T16:46:08.019
ATTEMPT 78 W0 START 4x2 seed=418279 2026-07-22T16:46:08.020
ATTEMPT 78 W0 SOLVE 4x2 2026-07-22T16:46:08.027
ATTEMPT 78 W0 DONE 4x2 seed=418279 nsol=16 0.01s 2026-07-22T16:46:08.037
ATTEMPT 79 W0 START 4x2 seed=418280 2026-07-22T16:46:08.037
ATTEMPT 79 W0 SOLVE 4x2 2026-07-22T16:46:08.042
ATTEMPT 79 W0 DONE 4x2 seed=418280 nsol=16 0.01s 2026-07-22T16:46:08.050
ATTEMPT 80 W0 START 4x2 seed=418281 2026-07-22T16:46:08.050
ATTEMPT 80 W0 SOLVE 4x2 2026-07-22T16:46:08.055
ATTEMPT 80 W0 DONE 4x2 seed=418281 nsol=16 0.01s 2026-07-22T16:46:08.064
ATTEMPT 81 W0 START 4x2 seed=418282 2026-07-22T16:46:08.064
ATTEMPT 81 W0 SOLVE 4x2 2026-07-22T16:46:08.070
ATTEMPT 81 W0 DONE 4x2 seed=418282 nsol=16 0.02s 2026-07-22T16:46:08.087
ATTEMPT 82 W0 START 4x2 seed=418283 2026-07-22T16:46:08.088
ATTEMPT 82 W0 SOLVE 4x2 2026-07-22T16:46:08.094
ATTEMPT 82 W0 DONE 4x2 seed=418283 nsol=16 0.01s 2026-07-22T16:46:08.104
ATTEMPT 83 W0 START 4x2 seed=418284 2026-07-22T16:46:08.104
ATTEMPT 83 W0 SOLVE 4x2 2026-07-22T16:46:08.110
ATTEMPT 83 W0 DONE 4x2 seed=418284 nsol=16 0.01s 2026-07-22T16:46:08.123
ATTEMPT 84 W0 START 4x2 seed=418285 2026-07-22T16:46:08.124
ATTEMPT 84 W0 SOLVE 4x2 2026-07-22T16:46:08.131
ATTEMPT 84 W0 DONE 4x2 seed=418285 nsol=16 0.01s 2026-07-22T16:46:08.143
ATTEMPT 85 W0 START 4x2 seed=418286 2026-07-22T16:46:08.144
ATTEMPT 85 W0 SOLVE 4x2 2026-07-22T16:46:08.150
ATTEMPT 85 W0 DONE 4x2 seed=418286 nsol=16 0.01s 2026-07-22T16:46:08.159
ATTEMPT 86 W0 START 4x2 seed=418287 2026-07-22T16:46:08.160
ATTEMPT 86 W0 SOLVE 4x2 2026-07-22T16:46:08.165
ATTEMPT 86 W0 DONE 4x2 seed=418287 nsol=16 0.01s 2026-07-22T16:46:08.171
ATTEMPT 87 W0 START 4x2 seed=418288 2026-07-22T16:46:08.171
ATTEMPT 87 W0 SOLVE 4x2 2026-07-22T16:46:08.177
ATTEMPT 87 W0 DONE 4x2 seed=418288 nsol=16 0.01s 2026-07-22T16:46:08.191
ATTEMPT 88 W0 START 4x2 seed=418289 2026-07-22T16:46:08.192
ATTEMPT 88 W0 SOLVE 4x2 2026-07-22T16:46:08.197
ATTEMPT 88 W0 DONE 4x2 seed=418289 nsol=16 0.02s 2026-07-22T16:46:08.219
ATTEMPT 89 W0 START 4x2 seed=418290 2026-07-22T16:46:08.220
ATTEMPT 89 W0 SOLVE 4x2 2026-07-22T16:46:08.225
ATTEMPT 89 W0 DONE 4x2 seed=418290 nsol=16 0.01s 2026-07-22T16:46:08.234
ATTEMPT 90 W0 START 4x2 seed=418291 2026-07-22T16:46:08.235
ATTEMPT 90 W0 SOLVE 4x2 2026-07-22T16:46:08.241
ATTEMPT 90 W0 DONE 4x2 seed=418291 nsol=16 0.01s 2026-07-22T16:46:08.247
ATTEMPT 91 W0 START 4x2 seed=418292 2026-07-22T16:46:08.247
ATTEMPT 91 W0 SOLVE 4x2 2026-07-22T16:46:08.252
ATTEMPT 91 W0 DONE 4x2 seed=418292 nsol=16 0.02s 2026-07-22T16:46:08.267
ATTEMPT 92 W0 START 4x2 seed=418293 2026-07-22T16:46:08.268
ATTEMPT 92 W0 SOLVE 4x2 2026-07-22T16:46:08.275
ATTEMPT 92 W0 DONE 4x2 seed=418293 nsol=16 0.01s 2026-07-22T16:46:08.282
ATTEMPT 93 W0 START 4x2 seed=418294 2026-07-22T16:46:08.282
ATTEMPT 93 W0 SOLVE 4x2 2026-07-22T16:46:08.289
ATTEMPT 93 W0 DONE 4x2 seed=418294 nsol=16 0.02s 2026-07-22T16:46:08.307
ATTEMPT 94 W0 START 4x2 seed=418295 2026-07-22T16:46:08.307
ATTEMPT 94 W0 SOLVE 4x2 2026-07-22T16:46:08.313
ATTEMPT 94 W0 DONE 4x2 seed=418295 nsol=16 0.02s 2026-07-22T16:46:08.331
ATTEMPT 95 W0 START 4x2 seed=418296 2026-07-22T16:46:08.331
ATTEMPT 95 W0 SOLVE 4x2 2026-07-22T16:46:08.345
ATTEMPT 95 W0 DONE 4x2 seed=418296 nsol=16 0.01s 2026-07-22T16:46:08.358
ATTEMPT 96 W0 START 4x2 seed=418297 2026-07-22T16:46:08.358
ATTEMPT 96 W0 SOLVE 4x2 2026-07-22T16:46:08.372
ATTEMPT 96 W0 DONE 4x2 seed=418297 nsol=16 0.01s 2026-07-22T16:46:08.386
ATTEMPT 97 W0 START 4x2 seed=418298 2026-07-22T16:46:08.386
ATTEMPT 97 W0 SOLVE 4x2 2026-07-22T16:46:08.405
ATTEMPT 97 W0 DONE 4x2 seed=418298 nsol=16 0.01s 2026-07-22T16:46:08.418
ATTEMPT 98 W0 START 4x2 seed=418299 2026-07-22T16:46:08.418
ATTEMPT 98 W0 SOLVE 4x2 2026-07-22T16:46:08.436
ATTEMPT 98 W0 DONE 4x2 seed=418299 nsol=16 0.11s 2026-07-22T16:46:08.546
ATTEMPT 99 W0 START 4x2 seed=418300 2026-07-22T16:46:08.546
ATTEMPT 99 W0 SOLVE 4x2 2026-07-22T16:46:08.556
ATTEMPT 99 W0 DONE 4x2 seed=418300 nsol=16 0.03s 2026-07-22T16:46:08.584
ATTEMPT 100 W0 START 4x2 seed=418301 2026-07-22T16:46:08.584
ATTEMPT 100 W0 SOLVE 4x2 2026-07-22T16:46:08.596
ATTEMPT 100 W0 DONE 4x2 seed=418301 nsol=16 0.01s 2026-07-22T16:46:08.610
ATTEMPT 101 W0 START 4x2 seed=418302 2026-07-22T16:46:08.610
ATTEMPT 101 W0 SOLVE 4x2 2026-07-22T16:46:08.615
ATTEMPT 101 W0 DONE 4x2 seed=418302 nsol=16 0.01s 2026-07-22T16:46:08.634
ATTEMPT 102 W0 START 4x2 seed=418303 2026-07-22T16:46:08.635
ATTEMPT 102 W0 SOLVE 4x2 2026-07-22T16:46:08.642
ATTEMPT 102 W0 DONE 4x2 seed=418303 nsol=16 0.02s 2026-07-22T16:46:08.671
ATTEMPT 103 W0 START 4x2 seed=418304 2026-07-22T16:46:08.671
ATTEMPT 103 W0 SOLVE 4x2 2026-07-22T16:46:08.678
ATTEMPT 103 W0 DONE 4x2 seed=418304 nsol=16 0.02s 2026-07-22T16:46:08.695
ATTEMPT 104 W0 START 4x2 seed=418305 2026-07-22T16:46:08.696
ATTEMPT 104 W0 SOLVE 4x2 2026-07-22T16:46:08.701
ATTEMPT 104 W0 DONE 4x2 seed=418305 nsol=16 0.02s 2026-07-22T16:46:08.719
ATTEMPT 105 W0 START 4x2 seed=418306 2026-07-22T16:46:08.720
ATTEMPT 105 W0 SOLVE 4x2 2026-07-22T16:46:08.727
ATTEMPT 105 W0 DONE 4x2 seed=418306 nsol=16 0.02s 2026-07-22T16:46:08.743
ATTEMPT 106 W0 START 4x2 seed=418307 2026-07-22T16:46:08.744
ATTEMPT 106 W0 SOLVE 4x2 2026-07-22T16:46:08.749
ATTEMPT 106 W0 DONE 4x2 seed=418307 nsol=16 0.02s 2026-07-22T16:46:08.771
ATTEMPT 107 W0 START 4x2 seed=418308 2026-07-22T16:46:08.772
ATTEMPT 107 W0 SOLVE 4x2 2026-07-22T16:46:08.777
ATTEMPT 107 W0 DONE 4x2 seed=418308 nsol=16 0.02s 2026-07-22T16:46:08.795
ATTEMPT 108 W0 START 4x2 seed=418309 2026-07-22T16:46:08.883
ATTEMPT 108 W0 SOLVE 4x2 2026-07-22T16:46:08.894
ATTEMPT 108 W0 DONE 4x2 seed=418309 nsol=16 0.02s 2026-07-22T16:46:08.912
ATTEMPT 109 W0 START 4x2 seed=418310 2026-07-22T16:46:08.912
ATTEMPT 109 W0 SOLVE 4x2 2026-07-22T16:46:08.917
ATTEMPT 109 W0 DONE 4x2 seed=418310 nsol=16 0.01s 2026-07-22T16:46:08.935
ATTEMPT 110 W0 START 4x2 seed=418311 2026-07-22T16:46:08.935
ATTEMPT 110 W0 SOLVE 4x2 2026-07-22T16:46:08.948
ATTEMPT 110 W0 DONE 4x2 seed=418311 nsol=16 0.02s 2026-07-22T16:46:08.972
ATTEMPT 111 W0 START 4x2 seed=418312 2026-07-22T16:46:08.972
ATTEMPT 111 W0 SOLVE 4x2 2026-07-22T16:46:08.981
ATTEMPT 111 W0 DONE 4x2 seed=418312 nsol=16 0.02s 2026-07-22T16:46:09.001
ATTEMPT 112 W0 START 4x2 seed=418313 2026-07-22T16:46:09.002
ATTEMPT 112 W0 SOLVE 4x2 2026-07-22T16:46:09.021
ATTEMPT 112 W0 DONE 4x2 seed=418313 nsol=16 0.02s 2026-07-22T16:46:09.041
ATTEMPT 113 W0 START 4x2 seed=418314 2026-07-22T16:46:09.047
ATTEMPT 113 W0 SOLVE 4x2 2026-07-22T16:46:09.053
ATTEMPT 113 W0 DONE 4x2 seed=418314 nsol=16 0.02s 2026-07-22T16:46:09.077
ATTEMPT 114 W0 START 4x2 seed=418315 2026-07-22T16:46:09.078
ATTEMPT 114 W0 SOLVE 4x2 2026-07-22T16:46:09.084
ATTEMPT 114 W0 DONE 4x2 seed=418315 nsol=16 0.01s 2026-07-22T16:46:09.091
ATTEMPT 115 W0 START 4x2 seed=418316 2026-07-22T16:46:09.091
ATTEMPT 115 W0 SOLVE 4x2 2026-07-22T16:46:09.099
ATTEMPT 115 W0 DONE 4x2 seed=418316 nsol=16 0.02s 2026-07-22T16:46:09.115
ATTEMPT 116 W0 START 4x2 seed=418317 2026-07-22T16:46:09.115
ATTEMPT 116 W0 SOLVE 4x2 2026-07-22T16:46:09.121
ATTEMPT 116 W0 DONE 4x2 seed=418317 nsol=16 0.01s 2026-07-22T16:46:09.130
ATTEMPT 117 W0 START 4x2 seed=418318 2026-07-22T16:46:09.130
ATTEMPT 117 W0 SOLVE 4x2 2026-07-22T16:46:09.136
ATTEMPT 117 W0 DONE 4x2 seed=418318 nsol=16 0.01s 2026-07-22T16:46:09.141
ATTEMPT 118 W0 START 4x2 seed=418319 2026-07-22T16:46:09.142
ATTEMPT 118 W0 SOLVE 4x2 2026-07-22T16:46:09.147
ATTEMPT 118 W0 DONE 4x2 seed=418319 nsol=16 0.00s 2026-07-22T16:46:09.152
ATTEMPT 119 W0 START 4x2 seed=418320 2026-07-22T16:46:09.153
ATTEMPT 119 W0 SOLVE 4x2 2026-07-22T16:46:09.158
ATTEMPT 119 W0 DONE 4x2 seed=418320 nsol=16 0.01s 2026-07-22T16:46:09.166
ATTEMPT 120 W0 START 4x2 seed=418321 2026-07-22T16:46:09.166
ATTEMPT 120 W0 SOLVE 4x2 2026-07-22T16:46:09.172
ATTEMPT 120 W0 DONE 4x2 seed=418321 nsol=16 0.01s 2026-07-22T16:46:09.187
ATTEMPT 121 W0 START 4x2 seed=418322 2026-07-22T16:46:09.187
ATTEMPT 121 W0 SOLVE 4x2 2026-07-22T16:46:09.193
ATTEMPT 121 W0 DONE 4x2 seed=418322 nsol=16 0.01s 2026-07-22T16:46:09.199
ATTEMPT 122 W0 START 4x2 seed=418323 2026-07-22T16:46:09.199
ATTEMPT 122 W0 SOLVE 4x2 2026-07-22T16:46:09.208
ATTEMPT 122 W0 DONE 4x2 seed=418323 nsol=16 0.01s 2026-07-22T16:46:09.219
ATTEMPT 123 W0 START 4x2 seed=418324 2026-07-22T16:46:09.220
ATTEMPT 123 W0 SOLVE 4x2 2026-07-22T16:46:09.228
ATTEMPT 123 W0 DONE 4x2 seed=418324 nsol=16 0.02s 2026-07-22T16:46:09.243
ATTEMPT 124 W0 START 4x2 seed=418325 2026-07-22T16:46:09.244
ATTEMPT 124 W0 SOLVE 4x2 2026-07-22T16:46:09.252
ATTEMPT 124 W0 DONE 4x2 seed=418325 nsol=16 0.02s 2026-07-22T16:46:09.267
ATTEMPT 125 W0 START 4x2 seed=418326 2026-07-22T16:46:09.268
ATTEMPT 125 W0 SOLVE 4x2 2026-07-22T16:46:09.273
ATTEMPT 125 W0 DONE 4x2 seed=418326 nsol=16 0.01s 2026-07-22T16:46:09.283
ATTEMPT 126 W0 START 4x2 seed=418327 2026-07-22T16:46:09.283
ATTEMPT 126 W0 SOLVE 4x2 2026-07-22T16:46:09.289
ATTEMPT 126 W0 DONE 4x2 seed=418327 nsol=16 0.01s 2026-07-22T16:46:09.303
ATTEMPT 127 W0 START 4x2 seed=418328 2026-07-22T16:46:09.304
ATTEMPT 127 W0 SOLVE 4x2 2026-07-22T16:46:09.310
ATTEMPT 127 W0 DONE 4x2 seed=418328 nsol=16 0.01s 2026-07-22T16:46:09.323
ATTEMPT 128 W0 START 4x2 seed=418329 2026-07-22T16:46:09.324
ATTEMPT 128 W0 SOLVE 4x2 2026-07-22T16:46:09.329
ATTEMPT 128 W0 DONE 4x2 seed=418329 nsol=16 0.01s 2026-07-22T16:46:09.336
ATTEMPT 129 W0 START 4x2 seed=418330 2026-07-22T16:46:09.336
ATTEMPT 129 W0 SOLVE 4x2 2026-07-22T16:46:09.345
ATTEMPT 129 W0 DONE 4x2 seed=418330 nsol=16 0.02s 2026-07-22T16:46:09.363
ATTEMPT 130 W0 START 4x2 seed=418331 2026-07-22T16:46:09.364
ATTEMPT 130 W0 SOLVE 4x2 2026-07-22T16:46:09.369
ATTEMPT 130 W0 DONE 4x2 seed=418331 nsol=16 0.01s 2026-07-22T16:46:09.383
ATTEMPT 131 W0 START 4x2 seed=418332 2026-07-22T16:46:09.384
ATTEMPT 131 W0 SOLVE 4x2 2026-07-22T16:46:09.389
ATTEMPT 131 W0 DONE 4x2 seed=418332 nsol=16 0.02s 2026-07-22T16:46:09.405
ATTEMPT 132 W0 START 4x2 seed=418333 2026-07-22T16:46:09.407
ATTEMPT 132 W0 SOLVE 4x2 2026-07-22T16:46:09.413
ATTEMPT 132 W0 DONE 4x2 seed=418333 nsol=16 0.01s 2026-07-22T16:46:09.423
ATTEMPT 133 W0 START 4x2 seed=418334 2026-07-22T16:46:09.424
ATTEMPT 133 W0 SOLVE 4x2 2026-07-22T16:46:09.429
ATTEMPT 133 W0 DONE 4x2 seed=418334 nsol=16 0.01s 2026-07-22T16:46:09.443
ATTEMPT 134 W0 START 4x2 seed=418335 2026-07-22T16:46:09.444
ATTEMPT 134 W0 SOLVE 4x2 2026-07-22T16:46:09.449
ATTEMPT 134 W0 DONE 4x2 seed=418335 nsol=16 0.02s 2026-07-22T16:46:09.467
ATTEMPT 135 W0 START 4x2 seed=418336 2026-07-22T16:46:09.468
ATTEMPT 135 W0 SOLVE 4x2 2026-07-22T16:46:09.475
ATTEMPT 135 W0 DONE 4x2 seed=418336 nsol=16 0.02s 2026-07-22T16:46:09.491
ATTEMPT 136 W0 START 4x2 seed=418337 2026-07-22T16:46:09.492
ATTEMPT 136 W0 SOLVE 4x2 2026-07-22T16:46:09.500
ATTEMPT 136 W0 DONE 4x2 seed=418337 nsol=16 0.02s 2026-07-22T16:46:09.515
ATTEMPT 137 W0 START 4x2 seed=418338 2026-07-22T16:46:09.516
ATTEMPT 137 W0 SOLVE 4x2 2026-07-22T16:46:09.522
ATTEMPT 137 W0 DONE 4x2 seed=418338 nsol=16 0.01s 2026-07-22T16:46:09.535
ATTEMPT 138 W0 START 4x2 seed=418339 2026-07-22T16:46:09.536
ATTEMPT 138 W0 SOLVE 4x2 2026-07-22T16:46:09.541
ATTEMPT 138 W0 DONE 4x2 seed=418339 nsol=16 0.01s 2026-07-22T16:46:09.551
ATTEMPT 139 W0 START 4x2 seed=418340 2026-07-22T16:46:09.551
ATTEMPT 139 W0 SOLVE 4x2 2026-07-22T16:46:09.557
ATTEMPT 139 W0 DONE 4x2 seed=418340 nsol=16 0.01s 2026-07-22T16:46:09.571
ATTEMPT 140 W0 START 4x2 seed=418341 2026-07-22T16:46:09.572
ATTEMPT 140 W0 SOLVE 4x2 2026-07-22T16:46:09.577
ATTEMPT 140 W0 DONE 4x2 seed=418341 nsol=16 0.01s 2026-07-22T16:46:09.591
ATTEMPT 141 W0 START 4x2 seed=418342 2026-07-22T16:46:09.592
ATTEMPT 141 W0 SOLVE 4x2 2026-07-22T16:46:09.597
ATTEMPT 141 W0 DONE 4x2 seed=418342 nsol=16 0.02s 2026-07-22T16:46:09.613
ATTEMPT 142 W0 START 4x2 seed=418343 2026-07-22T16:46:09.613
ATTEMPT 142 W0 SOLVE 4x2 2026-07-22T16:46:09.619
ATTEMPT 142 W0 DONE 4x2 seed=418343 nsol=16 0.01s 2026-07-22T16:46:09.626
ATTEMPT 143 W0 START 4x2 seed=418344 2026-07-22T16:46:09.626
ATTEMPT 143 W0 SOLVE 4x2 2026-07-22T16:46:09.632
ATTEMPT 143 W0 DONE 4x2 seed=418344 nsol=16 0.02s 2026-07-22T16:46:09.647
ATTEMPT 144 W0 START 4x2 seed=418345 2026-07-22T16:46:09.648
ATTEMPT 144 W0 SOLVE 4x2 2026-07-22T16:46:09.653
ATTEMPT 144 W0 DONE 4x2 seed=418345 nsol=16 0.01s 2026-07-22T16:46:09.663
ATTEMPT 145 W0 START 4x2 seed=418346 2026-07-22T16:46:09.664
ATTEMPT 145 W0 SOLVE 4x2 2026-07-22T16:46:09.670
ATTEMPT 145 W0 DONE 4x2 seed=418346 nsol=16 0.01s 2026-07-22T16:46:09.683
ATTEMPT 146 W0 START 4x2 seed=418347 2026-07-22T16:46:09.684
ATTEMPT 146 W0 SOLVE 4x2 2026-07-22T16:46:09.689
ATTEMPT 146 W0 DONE 4x2 seed=418347 nsol=16 0.02s 2026-07-22T16:46:09.706
ATTEMPT 147 W0 START 4x2 seed=418348 2026-07-22T16:46:09.707
ATTEMPT 147 W0 SOLVE 4x2 2026-07-22T16:46:09.714
ATTEMPT 147 W0 DONE 4x2 seed=418348 nsol=16 0.01s 2026-07-22T16:46:09.727
ATTEMPT 148 W0 START 4x2 seed=418349 2026-07-22T16:46:09.728
ATTEMPT 148 W0 SOLVE 4x2 2026-07-22T16:46:09.734
ATTEMPT 148 W0 DONE 4x2 seed=418349 nsol=16 0.01s 2026-07-22T16:46:09.743
ATTEMPT 149 W0 START 4x2 seed=418350 2026-07-22T16:46:09.743
ATTEMPT 149 W0 SOLVE 4x2 2026-07-22T16:46:09.749
ATTEMPT 149 W0 DONE 4x2 seed=418350 nsol=16 0.02s 2026-07-22T16:46:09.771
ATTEMPT 150 W0 START 4x2 seed=418351 2026-07-22T16:46:09.772
ATTEMPT 150 W0 SOLVE 4x2 2026-07-22T16:46:09.779
ATTEMPT 150 W0 DONE 4x2 seed=418351 nsol=16 0.01s 2026-07-22T16:46:09.787
ATTEMPT 151 W0 START 4x2 seed=418352 2026-07-22T16:46:09.787
ATTEMPT 151 W0 SOLVE 4x2 2026-07-22T16:46:09.793
ATTEMPT 151 W0 DONE 4x2 seed=418352 nsol=16 0.02s 2026-07-22T16:46:09.811
ATTEMPT 152 W0 START 4x2 seed=418353 2026-07-22T16:46:09.812
ATTEMPT 152 W0 SOLVE 4x2 2026-07-22T16:46:09.818
ATTEMPT 152 W0 DONE 4x2 seed=418353 nsol=16 0.00s 2026-07-22T16:46:09.822
ATTEMPT 153 W0 START 4x2 seed=418354 2026-07-22T16:46:09.822
ATTEMPT 153 W0 SOLVE 4x2 2026-07-22T16:46:09.828
ATTEMPT 153 W0 DONE 4x2 seed=418354 nsol=16 0.01s 2026-07-22T16:46:09.834
ATTEMPT 154 W0 START 4x2 seed=418355 2026-07-22T16:46:09.834
ATTEMPT 154 W0 SOLVE 4x2 2026-07-22T16:46:09.841
ATTEMPT 154 W0 DONE 4x2 seed=418355 nsol=16 0.01s 2026-07-22T16:46:09.856
ATTEMPT 155 W0 START 4x2 seed=418356 2026-07-22T16:46:09.856
ATTEMPT 155 W0 SOLVE 4x2 2026-07-22T16:46:09.861
ATTEMPT 155 W0 DONE 4x2 seed=418356 nsol=16 0.02s 2026-07-22T16:46:09.880
ATTEMPT 156 W0 START 4x2 seed=418357 2026-07-22T16:46:09.880
ATTEMPT 156 W0 SOLVE 4x2 2026-07-22T16:46:09.890
ATTEMPT 156 W0 DONE 4x2 seed=418357 nsol=16 0.01s 2026-07-22T16:46:09.898
ATTEMPT 157 W0 START 4x2 seed=418358 2026-07-22T16:46:09.898
ATTEMPT 157 W0 SOLVE 4x2 2026-07-22T16:46:09.905
ATTEMPT 157 W0 DONE 4x2 seed=418358 nsol=16 0.02s 2026-07-22T16:46:09.927
ATTEMPT 158 W0 START 4x2 seed=418359 2026-07-22T16:46:09.928
ATTEMPT 158 W0 SOLVE 4x2 2026-07-22T16:46:09.936
ATTEMPT 158 W0 DONE 4x2 seed=418359 nsol=16 0.10s 2026-07-22T16:46:10.035
ATTEMPT 159 W0 START 4x2 seed=418360 2026-07-22T16:46:10.067
ATTEMPT 159 W0 SOLVE 4x2 2026-07-22T16:46:10.091
ATTEMPT 159 W0 DONE 4x2 seed=418360 nsol=16 0.03s 2026-07-22T16:46:10.118
ATTEMPT 160 W0 START 4x2 seed=418361 2026-07-22T16:46:10.118
ATTEMPT 160 W0 SOLVE 4x2 2026-07-22T16:46:10.124
ATTEMPT 160 W0 DONE 4x2 seed=418361 nsol=16 0.02s 2026-07-22T16:46:10.139
ATTEMPT 161 W0 START 4x2 seed=418362 2026-07-22T16:46:10.140
ATTEMPT 161 W0 SOLVE 4x2 2026-07-22T16:46:10.146
ATTEMPT 161 W0 DONE 4x2 seed=418362 nsol=16 0.01s 2026-07-22T16:46:10.155
ATTEMPT 162 W0 START 4x2 seed=418363 2026-07-22T16:46:10.155
ATTEMPT 162 W0 SOLVE 4x2 2026-07-22T16:46:10.161
ATTEMPT 162 W0 DONE 4x2 seed=418363 nsol=16 0.01s 2026-07-22T16:46:10.175
ATTEMPT 163 W0 START 4x2 seed=418364 2026-07-22T16:46:10.176
ATTEMPT 163 W0 SOLVE 4x2 2026-07-22T16:46:10.181
ATTEMPT 163 W0 DONE 4x2 seed=418364 nsol=16 0.01s 2026-07-22T16:46:10.195
ATTEMPT 164 W0 START 4x2 seed=418365 2026-07-22T16:46:10.196
ATTEMPT 164 W0 SOLVE 4x2 2026-07-22T16:46:10.202
ATTEMPT 164 W0 DONE 4x2 seed=418365 nsol=16 0.01s 2026-07-22T16:46:10.210
ATTEMPT 165 W0 START 4x2 seed=418366 2026-07-22T16:46:10.210
ATTEMPT 165 W0 SOLVE 4x2 2026-07-22T16:46:10.217
ATTEMPT 165 W0 DONE 4x2 seed=418366 nsol=16 0.02s 2026-07-22T16:46:10.235
ATTEMPT 166 W0 START 4x2 seed=418367 2026-07-22T16:46:10.236
ATTEMPT 166 W0 SOLVE 4x2 2026-07-22T16:46:10.245
ATTEMPT 166 W0 DONE 4x2 seed=418367 nsol=16 0.01s 2026-07-22T16:46:10.258
ATTEMPT 167 W0 START 4x2 seed=418368 2026-07-22T16:46:10.259
ATTEMPT 167 W0 SOLVE 4x2 2026-07-22T16:46:10.264
ATTEMPT 167 W0 DONE 4x2 seed=418368 nsol=16 0.00s 2026-07-22T16:46:10.269
ATTEMPT 168 W0 START 4x2 seed=418369 2026-07-22T16:46:10.269
ATTEMPT 168 W0 SOLVE 4x2 2026-07-22T16:46:10.278
ATTEMPT 168 W0 DONE 4x2 seed=418369 nsol=16 0.02s 2026-07-22T16:46:10.295
ATTEMPT 169 W0 START 4x2 seed=418370 2026-07-22T16:46:10.296
ATTEMPT 169 W0 SOLVE 4x2 2026-07-22T16:46:10.304
ATTEMPT 169 W0 DONE 4x2 seed=418370 nsol=16 0.01s 2026-07-22T16:46:10.311
ATTEMPT 170 W0 START 4x2 seed=418371 2026-07-22T16:46:10.312
ATTEMPT 170 W0 SOLVE 4x2 2026-07-22T16:46:10.320
ATTEMPT 170 W0 DONE 4x2 seed=418371 nsol=16 0.01s 2026-07-22T16:46:10.331
ATTEMPT 171 W0 START 4x2 seed=418372 2026-07-22T16:46:10.332
ATTEMPT 171 W0 SOLVE 4x2 2026-07-22T16:46:10.339
ATTEMPT 171 W0 DONE 4x2 seed=418372 nsol=16 0.01s 2026-07-22T16:46:10.348
ATTEMPT 172 W0 START 4x2 seed=418373 2026-07-22T16:46:10.349
ATTEMPT 172 W0 SOLVE 4x2 2026-07-22T16:46:10.356
ATTEMPT 172 W0 DONE 4x2 seed=418373 nsol=16 0.01s 2026-07-22T16:46:10.366
ATTEMPT 173 W0 START 4x2 seed=418374 2026-07-22T16:46:10.366
ATTEMPT 173 W0 SOLVE 4x2 2026-07-22T16:46:10.375
ATTEMPT 173 W0 DONE 4x2 seed=418374 nsol=16 0.01s 2026-07-22T16:46:10.387
ATTEMPT 174 W0 START 4x2 seed=418375 2026-07-22T16:46:10.387
ATTEMPT 174 W0 SOLVE 4x2 2026-07-22T16:46:10.393
ATTEMPT 174 W0 DONE 4x2 seed=418375 nsol=16 0.01s 2026-07-22T16:46:10.403
ATTEMPT 175 W0 START 4x2 seed=418376 2026-07-22T16:46:10.404
ATTEMPT 175 W0 SOLVE 4x2 2026-07-22T16:46:10.411
ATTEMPT 175 W0 DONE 4x2 seed=418376 nsol=16 0.02s 2026-07-22T16:46:10.427
ATTEMPT 176 W0 START 4x2 seed=418377 2026-07-22T16:46:10.427
ATTEMPT 176 W0 SOLVE 4x2 2026-07-22T16:46:10.437
ATTEMPT 176 W0 DONE 4x2 seed=418377 nsol=16 0.01s 2026-07-22T16:46:10.446
ATTEMPT 177 W0 START 4x2 seed=418378 2026-07-22T16:46:10.446
ATTEMPT 177 W0 SOLVE 4x2 2026-07-22T16:46:10.453
ATTEMPT 177 W0 DONE 4x2 seed=418378 nsol=16 0.05s 2026-07-22T16:46:10.505
ATTEMPT 178 W0 START 4x2 seed=418379 2026-07-22T16:46:10.505
ATTEMPT 178 W0 SOLVE 4x2 2026-07-22T16:46:10.522
ATTEMPT 178 W0 DONE 4x2 seed=418379 nsol=16 0.02s 2026-07-22T16:46:10.539
ATTEMPT 179 W0 START 4x2 seed=418380 2026-07-22T16:46:10.540
ATTEMPT 179 W0 SOLVE 4x2 2026-07-22T16:46:10.549
ATTEMPT 179 W0 DONE 4x2 seed=418380 nsol=16 0.01s 2026-07-22T16:46:10.562
ATTEMPT 180 W0 START 4x2 seed=418381 2026-07-22T16:46:10.562
ATTEMPT 180 W0 SOLVE 4x2 2026-07-22T16:46:10.567
ATTEMPT 180 W0 DONE 4x2 seed=418381 nsol=16 0.01s 2026-07-22T16:46:10.583
ATTEMPT 181 W0 START 4x2 seed=418382 2026-07-22T16:46:10.583
ATTEMPT 181 W0 SOLVE 4x2 2026-07-22T16:46:10.593
ATTEMPT 181 W0 DONE 4x2 seed=418382 nsol=16 0.02s 2026-07-22T16:46:10.611
ATTEMPT 182 W0 START 4x2 seed=418383 2026-07-22T16:46:10.612
ATTEMPT 182 W0 SOLVE 4x2 2026-07-22T16:46:10.618
ATTEMPT 182 W0 DONE 4x2 seed=418383 nsol=16 0.01s 2026-07-22T16:46:10.629
ATTEMPT 183 W0 START 4x2 seed=418384 2026-07-22T16:46:10.629
ATTEMPT 183 W0 SOLVE 4x2 2026-07-22T16:46:10.635
ATTEMPT 183 W0 DONE 4x2 seed=418384 nsol=16 0.01s 2026-07-22T16:46:10.643
ATTEMPT 184 W0 START 4x2 seed=418385 2026-07-22T16:46:10.643
ATTEMPT 184 W0 SOLVE 4x2 2026-07-22T16:46:10.649
ATTEMPT 184 W0 DONE 4x2 seed=418385 nsol=16 0.01s 2026-07-22T16:46:10.663
ATTEMPT 185 W0 START 4x2 seed=418386 2026-07-22T16:46:10.664
ATTEMPT 185 W0 SOLVE 4x2 2026-07-22T16:46:10.669
ATTEMPT 185 W0 DONE 4x2 seed=418386 nsol=16 0.01s 2026-07-22T16:46:10.683
ATTEMPT 186 W0 START 4x2 seed=418387 2026-07-22T16:46:10.684
ATTEMPT 186 W0 SOLVE 4x2 2026-07-22T16:46:10.689
ATTEMPT 186 W0 DONE 4x2 seed=418387 nsol=16 0.01s 2026-07-22T16:46:10.703
ATTEMPT 187 W0 START 4x2 seed=418388 2026-07-22T16:46:10.704
ATTEMPT 187 W0 SOLVE 4x2 2026-07-22T16:46:10.710
ATTEMPT 187 W0 DONE 4x2 seed=418388 nsol=16 0.02s 2026-07-22T16:46:10.729
ATTEMPT 188 W0 START 4x2 seed=418389 2026-07-22T16:46:10.729
ATTEMPT 188 W0 SOLVE 4x2 2026-07-22T16:46:10.735
ATTEMPT 188 W0 DONE 4x2 seed=418389 nsol=16 0.01s 2026-07-22T16:46:10.749
ATTEMPT 189 W0 START 4x2 seed=418390 2026-07-22T16:46:10.750
ATTEMPT 189 W0 SOLVE 4x2 2026-07-22T16:46:10.757
ATTEMPT 189 W0 DONE 4x2 seed=418390 nsol=16 0.01s 2026-07-22T16:46:10.768
ATTEMPT 190 W0 START 4x2 seed=418391 2026-07-22T16:46:10.768
ATTEMPT 190 W0 SOLVE 4x2 2026-07-22T16:46:10.775
ATTEMPT 190 W0 DONE 4x2 seed=418391 nsol=16 0.02s 2026-07-22T16:46:10.791
ATTEMPT 191 W0 START 4x2 seed=418392 2026-07-22T16:46:10.792
ATTEMPT 191 W0 SOLVE 4x2 2026-07-22T16:46:10.805
ATTEMPT 191 W0 DONE 4x2 seed=418392 nsol=16 0.02s 2026-07-22T16:46:10.823
ATTEMPT 192 W0 START 4x2 seed=418393 2026-07-22T16:46:10.824
ATTEMPT 192 W0 SOLVE 4x2 2026-07-22T16:46:10.831
ATTEMPT 192 W0 DONE 4x2 seed=418393 nsol=16 0.01s 2026-07-22T16:46:10.840
ATTEMPT 193 W0 START 4x2 seed=418394 2026-07-22T16:46:10.841
ATTEMPT 193 W0 SOLVE 4x2 2026-07-22T16:46:10.847
ATTEMPT 193 W0 DONE 4x2 seed=418394 nsol=16 0.01s 2026-07-22T16:46:10.855
ATTEMPT 194 W0 START 4x2 seed=418395 2026-07-22T16:46:10.856
ATTEMPT 194 W0 SOLVE 4x2 2026-07-22T16:46:10.861
ATTEMPT 194 W0 DONE 4x2 seed=418395 nsol=16 0.01s 2026-07-22T16:46:10.875
ATTEMPT 195 W0 START 4x2 seed=418396 2026-07-22T16:46:10.876
ATTEMPT 195 W0 SOLVE 4x2 2026-07-22T16:46:10.882
ATTEMPT 195 W0 DONE 4x2 seed=418396 nsol=16 0.01s 2026-07-22T16:46:10.890
ATTEMPT 196 W0 START 4x2 seed=418397 2026-07-22T16:46:10.890
ATTEMPT 196 W0 SOLVE 4x2 2026-07-22T16:46:10.897
ATTEMPT 196 W0 DONE 4x2 seed=418397 nsol=16 0.01s 2026-07-22T16:46:10.911
ATTEMPT 197 W0 START 4x2 seed=418398 2026-07-22T16:46:10.912
ATTEMPT 197 W0 SOLVE 4x2 2026-07-22T16:46:10.917
ATTEMPT 197 W0 DONE 4x2 seed=418398 nsol=16 0.01s 2026-07-22T16:46:10.924
ATTEMPT 198 W0 START 4x2 seed=418399 2026-07-22T16:46:10.924
ATTEMPT 198 W0 SOLVE 4x2 2026-07-22T16:46:10.929
ATTEMPT 198 W0 DONE 4x2 seed=418399 nsol=16 0.01s 2026-07-22T16:46:10.939
ATTEMPT 199 W0 START 4x2 seed=418400 2026-07-22T16:46:10.939
ATTEMPT 199 W0 SOLVE 4x2 2026-07-22T16:46:10.945
ATTEMPT 199 W0 DONE 4x2 seed=418400 nsol=16 0.01s 2026-07-22T16:46:10.955
ATTEMPT 200 W0 START 4x2 seed=418401 2026-07-22T16:46:10.956
ATTEMPT 200 W0 SOLVE 4x2 2026-07-22T16:46:10.964
ATTEMPT 200 W0 DONE 4x2 seed=418401 nsol=16 0.02s 2026-07-22T16:46:10.979
ATTEMPT 201 W0 START 4x2 seed=418402 2026-07-22T16:46:10.980
ATTEMPT 201 W0 SOLVE 4x2 2026-07-22T16:46:10.987
ATTEMPT 201 W0 DONE 4x2 seed=418402 nsol=16 0.01s 2026-07-22T16:46:10.996
ATTEMPT 202 W0 START 4x2 seed=418403 2026-07-22T16:46:10.996
ATTEMPT 202 W0 SOLVE 4x2 2026-07-22T16:46:11.002
ATTEMPT 202 W0 DONE 4x2 seed=418403 nsol=16 0.01s 2026-07-22T16:46:11.015
ATTEMPT 203 W0 START 4x2 seed=418404 2026-07-22T16:46:11.016
ATTEMPT 203 W0 SOLVE 4x2 2026-07-22T16:46:11.023
ATTEMPT 203 W0 DONE 4x2 seed=418404 nsol=16 0.02s 2026-07-22T16:46:11.047
ATTEMPT 204 W0 START 4x2 seed=418405 2026-07-22T16:46:11.048
ATTEMPT 204 W0 SOLVE 4x2 2026-07-22T16:46:11.055
ATTEMPT 204 W0 DONE 4x2 seed=418405 nsol=16 0.02s 2026-07-22T16:46:11.075
ATTEMPT 205 W0 START 4x2 seed=418406 2026-07-22T16:46:11.076
ATTEMPT 205 W0 SOLVE 4x2 2026-07-22T16:46:11.082
ATTEMPT 205 W0 DONE 4x2 seed=418406 nsol=16 0.01s 2026-07-22T16:46:11.091
ATTEMPT 206 W0 START 4x2 seed=418407 2026-07-22T16:46:11.091
ATTEMPT 206 W0 SOLVE 4x2 2026-07-22T16:46:11.099
ATTEMPT 206 W0 DONE 4x2 seed=418407 nsol=16 0.02s 2026-07-22T16:46:11.120
ATTEMPT 207 W0 START 4x2 seed=418408 2026-07-22T16:46:11.121
ATTEMPT 207 W0 SOLVE 4x2 2026-07-22T16:46:11.128
ATTEMPT 207 W0 DONE 4x2 seed=418408 nsol=16 1.18s 2026-07-22T16:46:12.304
ATTEMPT 208 W0 START 4x2 seed=418409 2026-07-22T16:46:12.305
ATTEMPT 208 W0 SOLVE 4x2 2026-07-22T16:46:12.313
ATTEMPT 208 W0 DONE 4x2 seed=418409 nsol=16 0.01s 2026-07-22T16:46:12.327
ATTEMPT 209 W0 START 4x2 seed=418410 2026-07-22T16:46:12.327
ATTEMPT 209 W0 SOLVE 4x2 2026-07-22T16:46:12.335
ATTEMPT 209 W0 DONE 4x2 seed=418410 nsol=16 0.01s 2026-07-22T16:46:12.343
ATTEMPT 210 W0 START 4x2 seed=418411 2026-07-22T16:46:12.343
ATTEMPT 210 W0 SOLVE 4x2 2026-07-22T16:46:12.351
ATTEMPT 210 W0 DONE 4x2 seed=418411 nsol=16 0.01s 2026-07-22T16:46:12.364
ATTEMPT 211 W0 START 4x2 seed=418412 2026-07-22T16:46:12.364
ATTEMPT 211 W0 SOLVE 4x2 2026-07-22T16:46:12.375
ATTEMPT 211 W0 DONE 4x2 seed=418412 nsol=16 0.01s 2026-07-22T16:46:12.387
ATTEMPT 212 W0 START 4x2 seed=418413 2026-07-22T16:46:12.388
ATTEMPT 212 W0 SOLVE 4x2 2026-07-22T16:46:12.394
ATTEMPT 212 W0 DONE 4x2 seed=418413 nsol=16 0.01s 2026-07-22T16:46:12.407
ATTEMPT 213 W0 START 4x2 seed=418414 2026-07-22T16:46:12.408
ATTEMPT 213 W0 SOLVE 4x2 2026-07-22T16:46:12.415
ATTEMPT 213 W0 DONE 4x2 seed=418414 nsol=16 0.01s 2026-07-22T16:46:12.427
ATTEMPT 214 W0 START 4x2 seed=418415 2026-07-22T16:46:12.429
ATTEMPT 214 W0 SOLVE 4x2 2026-07-22T16:46:12.435
ATTEMPT 214 W0 DONE 4x2 seed=418415 nsol=16 0.02s 2026-07-22T16:46:12.451
ATTEMPT 215 W0 START 4x2 seed=418416 2026-07-22T16:46:12.452
ATTEMPT 215 W0 SOLVE 4x2 2026-07-22T16:46:12.460
ATTEMPT 215 W0 DONE 4x2 seed=418416 nsol=16 0.02s 2026-07-22T16:46:12.475
ATTEMPT 216 W0 START 4x2 seed=418417 2026-07-22T16:46:12.476
ATTEMPT 216 W0 SOLVE 4x2 2026-07-22T16:46:12.483
ATTEMPT 216 W0 DONE 4x2 seed=418417 nsol=16 0.02s 2026-07-22T16:46:12.499
ATTEMPT 217 W0 START 4x2 seed=418418 2026-07-22T16:46:12.500
ATTEMPT 217 W0 SOLVE 4x2 2026-07-22T16:46:12.505
ATTEMPT 217 W0 DONE 4x2 seed=418418 nsol=16 0.02s 2026-07-22T16:46:12.523
ATTEMPT 218 W0 START 4x2 seed=418419 2026-07-22T16:46:12.524
ATTEMPT 218 W0 SOLVE 4x2 2026-07-22T16:46:12.531
ATTEMPT 218 W0 DONE 4x2 seed=418419 nsol=16 0.02s 2026-07-22T16:46:12.547
ATTEMPT 219 W0 START 4x2 seed=418420 2026-07-22T16:46:12.548
ATTEMPT 219 W0 SOLVE 4x2 2026-07-22T16:46:12.556
ATTEMPT 219 W0 DONE 4x2 seed=418420 nsol=16 0.02s 2026-07-22T16:46:12.575
ATTEMPT 220 W0 START 4x2 seed=418421 2026-07-22T16:46:12.576
ATTEMPT 220 W0 SOLVE 4x2 2026-07-22T16:46:12.582
ATTEMPT 220 W0 DONE 4x2 seed=418421 nsol=16 0.01s 2026-07-22T16:46:12.589
ATTEMPT 221 W0 START 4x2 seed=418422 2026-07-22T16:46:12.589
ATTEMPT 221 W0 SOLVE 4x2 2026-07-22T16:46:12.595
ATTEMPT 221 W0 DONE 4x2 seed=418422 nsol=16 0.01s 2026-07-22T16:46:12.603
ATTEMPT 222 W0 START 4x2 seed=418423 2026-07-22T16:46:12.604
ATTEMPT 222 W0 SOLVE 4x2 2026-07-22T16:46:12.610
ATTEMPT 222 W0 DONE 4x2 seed=418423 nsol=16 0.01s 2026-07-22T16:46:12.618
ATTEMPT 223 W0 START 4x2 seed=418424 2026-07-22T16:46:12.618
ATTEMPT 223 W0 SOLVE 4x2 2026-07-22T16:46:12.626
ATTEMPT 223 W0 DONE 4x2 seed=418424 nsol=16 0.02s 2026-07-22T16:46:12.643
ATTEMPT 224 W0 START 4x2 seed=418425 2026-07-22T16:46:12.644
ATTEMPT 224 W0 SOLVE 4x2 2026-07-22T16:46:12.649
ATTEMPT 224 W0 DONE 4x2 seed=418425 nsol=16 0.01s 2026-07-22T16:46:12.663
ATTEMPT 225 W0 START 4x2 seed=418426 2026-07-22T16:46:12.664
ATTEMPT 225 W0 SOLVE 4x2 2026-07-22T16:46:12.669
ATTEMPT 225 W0 DONE 4x2 seed=418426 nsol=16 0.01s 2026-07-22T16:46:12.683
ATTEMPT 226 W0 START 4x2 seed=418427 2026-07-22T16:46:12.684
ATTEMPT 226 W0 SOLVE 4x2 2026-07-22T16:46:12.691
ATTEMPT 226 W0 DONE 4x2 seed=418427 nsol=16 0.02s 2026-07-22T16:46:12.707
ATTEMPT 227 W0 START 4x2 seed=418428 2026-07-22T16:46:12.708
ATTEMPT 227 W0 SOLVE 4x2 2026-07-22T16:46:12.723
ATTEMPT 227 W0 DONE 4x2 seed=418428 nsol=16 0.01s 2026-07-22T16:46:12.735
ATTEMPT 228 W0 START 4x2 seed=418429 2026-07-22T16:46:12.735
ATTEMPT 228 W0 SOLVE 4x2 2026-07-22T16:46:12.742
ATTEMPT 228 W0 DONE 4x2 seed=418429 nsol=16 0.01s 2026-07-22T16:46:12.755
ATTEMPT 229 W0 START 4x2 seed=418430 2026-07-22T16:46:12.756
ATTEMPT 229 W0 SOLVE 4x2 2026-07-22T16:46:12.762
ATTEMPT 229 W0 DONE 4x2 seed=418430 nsol=16 0.01s 2026-07-22T16:46:12.771
ATTEMPT 230 W0 START 4x2 seed=418431 2026-07-22T16:46:12.771
ATTEMPT 230 W0 SOLVE 4x2 2026-07-22T16:46:12.777
ATTEMPT 230 W0 DONE 4x2 seed=418431 nsol=16 0.00s 2026-07-22T16:46:12.782
ATTEMPT 231 W0 START 4x2 seed=418432 2026-07-22T16:46:12.782
ATTEMPT 231 W0 SOLVE 4x2 2026-07-22T16:46:12.792
ATTEMPT 231 W0 DONE 4x2 seed=418432 nsol=16 0.02s 2026-07-22T16:46:12.812
ATTEMPT 232 W0 START 4x2 seed=418433 2026-07-22T16:46:12.813
ATTEMPT 232 W0 SOLVE 4x2 2026-07-22T16:46:12.826
ATTEMPT 232 W0 DONE 4x2 seed=418433 nsol=16 0.01s 2026-07-22T16:46:12.840
ATTEMPT 233 W0 START 4x2 seed=418434 2026-07-22T16:46:12.840
ATTEMPT 233 W0 SOLVE 4x2 2026-07-22T16:46:12.854
ATTEMPT 233 W0 DONE 4x2 seed=418434 nsol=16 0.02s 2026-07-22T16:46:12.879
ATTEMPT 234 W0 START 4x2 seed=418435 2026-07-22T16:46:12.879
ATTEMPT 234 W0 SOLVE 4x2 2026-07-22T16:46:12.885
ATTEMPT 234 W0 DONE 4x2 seed=418435 nsol=16 0.02s 2026-07-22T16:46:12.906
ATTEMPT 235 W0 START 4x2 seed=418436 2026-07-22T16:46:12.906
ATTEMPT 235 W0 SOLVE 4x2 2026-07-22T16:46:12.921
ATTEMPT 235 W0 DONE 4x2 seed=418436 nsol=16 0.01s 2026-07-22T16:46:12.933
ATTEMPT 236 W0 START 4x2 seed=418437 2026-07-22T16:46:12.934
ATTEMPT 236 W0 SOLVE 4x2 2026-07-22T16:46:12.939
ATTEMPT 236 W0 DONE 4x2 seed=418437 nsol=16 0.02s 2026-07-22T16:46:12.963
ATTEMPT 237 W0 START 4x2 seed=418438 2026-07-22T16:46:12.964
ATTEMPT 237 W0 SOLVE 4x2 2026-07-22T16:46:12.972
ATTEMPT 237 W0 DONE 4x2 seed=418438 nsol=16 0.02s 2026-07-22T16:46:12.987
ATTEMPT 238 W0 START 4x2 seed=418439 2026-07-22T16:46:12.988
ATTEMPT 238 W0 SOLVE 4x2 2026-07-22T16:46:12.995
ATTEMPT 238 W0 DONE 4x2 seed=418439 nsol=16 0.02s 2026-07-22T16:46:13.011
ATTEMPT 239 W0 START 4x2 seed=418440 2026-07-22T16:46:13.012
ATTEMPT 239 W0 SOLVE 4x2 2026-07-22T16:46:13.020
ATTEMPT 239 W0 DONE 4x2 seed=418440 nsol=16 0.02s 2026-07-22T16:46:13.036
ATTEMPT 240 W0 START 4x2 seed=418441 2026-07-22T16:46:13.036
ATTEMPT 240 W0 SOLVE 4x2 2026-07-22T16:46:13.045
ATTEMPT 240 W0 DONE 4x2 seed=418441 nsol=16 0.01s 2026-07-22T16:46:13.059
ATTEMPT 241 W0 START 4x2 seed=418442 2026-07-22T16:46:13.060
ATTEMPT 241 W0 SOLVE 4x2 2026-07-22T16:46:13.065
ATTEMPT 241 W0 DONE 4x2 seed=418442 nsol=16 0.01s 2026-07-22T16:46:13.079
ATTEMPT 242 W0 START 4x2 seed=418443 2026-07-22T16:46:13.080
ATTEMPT 242 W0 SOLVE 4x2 2026-07-22T16:46:13.086
ATTEMPT 242 W0 DONE 4x2 seed=418443 nsol=16 0.01s 2026-07-22T16:46:13.099
ATTEMPT 243 W0 START 4x2 seed=418444 2026-07-22T16:46:13.100
ATTEMPT 243 W0 SOLVE 4x2 2026-07-22T16:46:13.105
ATTEMPT 243 W0 DONE 4x2 seed=418444 nsol=16 0.02s 2026-07-22T16:46:13.120
ATTEMPT 244 W0 START 4x2 seed=418445 2026-07-22T16:46:13.120
ATTEMPT 244 W0 SOLVE 4x2 2026-07-22T16:46:13.127
ATTEMPT 244 W0 DONE 4x2 seed=418445 nsol=16 0.02s 2026-07-22T16:46:13.144
ATTEMPT 245 W0 START 4x2 seed=418446 2026-07-22T16:46:13.144
ATTEMPT 245 W0 SOLVE 4x2 2026-07-22T16:46:13.153
ATTEMPT 245 W0 DONE 4x2 seed=418446 nsol=16 0.01s 2026-07-22T16:46:13.167
ATTEMPT 246 W0 START 4x2 seed=418447 2026-07-22T16:46:13.168
ATTEMPT 246 W0 SOLVE 4x2 2026-07-22T16:46:13.176
ATTEMPT 246 W0 DONE 4x2 seed=418447 nsol=16 0.01s 2026-07-22T16:46:13.187
ATTEMPT 247 W0 START 4x2 seed=418448 2026-07-22T16:46:13.187
ATTEMPT 247 W0 SOLVE 4x2 2026-07-22T16:46:13.194
ATTEMPT 247 W0 DONE 4x2 seed=418448 nsol=16 0.01s 2026-07-22T16:46:13.201
ATTEMPT 248 W0 START 4x2 seed=418449 2026-07-22T16:46:13.201
ATTEMPT 248 W0 SOLVE 4x2 2026-07-22T16:46:13.208
ATTEMPT 248 W0 DONE 4x2 seed=418449 nsol=16 0.01s 2026-07-22T16:46:13.215
ATTEMPT 249 W0 START 4x2 seed=418450 2026-07-22T16:46:13.215
ATTEMPT 249 W0 SOLVE 4x2 2026-07-22T16:46:13.221
ATTEMPT 249 W0 DONE 4x2 seed=418450 nsol=16 0.01s 2026-07-22T16:46:13.235
ATTEMPT 250 W0 START 4x2 seed=418451 2026-07-22T16:46:13.236
ATTEMPT 250 W0 SOLVE 4x2 2026-07-22T16:46:13.241
ATTEMPT 250 W0 DONE 4x2 seed=418451 nsol=16 0.01s 2026-07-22T16:46:13.251
ATTEMPT 251 W0 START 4x2 seed=418452 2026-07-22T16:46:13.252
ATTEMPT 251 W0 SOLVE 4x2 2026-07-22T16:46:13.265
ATTEMPT 251 W0 DONE 4x2 seed=418452 nsol=16 0.01s 2026-07-22T16:46:13.279
ATTEMPT 252 W0 START 4x2 seed=418453 2026-07-22T16:46:13.280
ATTEMPT 252 W0 SOLVE 4x2 2026-07-22T16:46:13.286
ATTEMPT 252 W0 DONE 4x2 seed=418453 nsol=16 0.08s 2026-07-22T16:46:13.367
ATTEMPT 253 W0 START 4x2 seed=418454 2026-07-22T16:46:13.379
ATTEMPT 253 W0 SOLVE 4x2 2026-07-22T16:46:13.387
ATTEMPT 253 W0 DONE 4x2 seed=418454 nsol=16 0.02s 2026-07-22T16:46:13.403
ATTEMPT 254 W0 START 4x2 seed=418455 2026-07-22T16:46:13.404
ATTEMPT 254 W0 SOLVE 4x2 2026-07-22T16:46:13.409
ATTEMPT 254 W0 DONE 4x2 seed=418455 nsol=16 0.01s 2026-07-22T16:46:13.419
ATTEMPT 255 W0 START 4x2 seed=418456 2026-07-22T16:46:13.419
ATTEMPT 255 W0 SOLVE 4x2 2026-07-22T16:46:13.425
ATTEMPT 255 W0 DONE 4x2 seed=418456 nsol=16 0.01s 2026-07-22T16:46:13.439
ATTEMPT 256 W0 START 4x2 seed=418457 2026-07-22T16:46:13.440
ATTEMPT 256 W0 SOLVE 4x2 2026-07-22T16:46:13.445
ATTEMPT 256 W0 DONE 4x2 seed=418457 nsol=16 0.02s 2026-07-22T16:46:13.462
ATTEMPT 257 W0 START 4x2 seed=418458 2026-07-22T16:46:13.463
ATTEMPT 257 W0 SOLVE 4x2 2026-07-22T16:46:13.470
ATTEMPT 257 W0 DONE 4x2 seed=418458 nsol=16 0.01s 2026-07-22T16:46:13.477
ATTEMPT 258 W0 START 4x2 seed=418459 2026-07-22T16:46:13.477
ATTEMPT 258 W0 SOLVE 4x2 2026-07-22T16:46:13.483
ATTEMPT 258 W0 DONE 4x2 seed=418459 nsol=16 0.01s 2026-07-22T16:46:13.495
ATTEMPT 259 W0 START 4x2 seed=418460 2026-07-22T16:46:13.496
ATTEMPT 259 W0 SOLVE 4x2 2026-07-22T16:46:13.501
ATTEMPT 259 W0 DONE 4x2 seed=418460 nsol=16 0.01s 2026-07-22T16:46:13.513
ATTEMPT 260 W0 START 4x2 seed=418461 2026-07-22T16:46:13.513
ATTEMPT 260 W0 SOLVE 4x2 2026-07-22T16:46:13.521
ATTEMPT 260 W0 DONE 4x2 seed=418461 nsol=16 0.01s 2026-07-22T16:46:13.535
ATTEMPT 261 W0 START 4x2 seed=418462 2026-07-22T16:46:13.536
ATTEMPT 261 W0 SOLVE 4x2 2026-07-22T16:46:13.542
ATTEMPT 261 W0 DONE 4x2 seed=418462 nsol=16 0.01s 2026-07-22T16:46:13.550
ATTEMPT 262 W0 START 4x2 seed=418463 2026-07-22T16:46:13.550
ATTEMPT 262 W0 SOLVE 4x2 2026-07-22T16:46:13.557
ATTEMPT 262 W0 DONE 4x2 seed=418463 nsol=16 0.02s 2026-07-22T16:46:13.575
ATTEMPT 263 W0 START 4x2 seed=418464 2026-07-22T16:46:13.576
ATTEMPT 263 W0 SOLVE 4x2 2026-07-22T16:46:13.582
ATTEMPT 263 W0 DONE 4x2 seed=418464 nsol=16 0.02s 2026-07-22T16:46:13.599
ATTEMPT 264 W0 START 4x2 seed=418465 2026-07-22T16:46:13.600
ATTEMPT 264 W0 SOLVE 4x2 2026-07-22T16:46:13.607
ATTEMPT 264 W0 DONE 4x2 seed=418465 nsol=16 0.01s 2026-07-22T16:46:13.615
ATTEMPT 265 W0 START 4x2 seed=418466 2026-07-22T16:46:13.616
ATTEMPT 265 W0 SOLVE 4x2 2026-07-22T16:46:13.621
ATTEMPT 265 W0 DONE 4x2 seed=418466 nsol=16 0.11s 2026-07-22T16:46:13.734
ATTEMPT 266 W0 START 4x2 seed=418467 2026-07-22T16:46:13.734
ATTEMPT 266 W0 SOLVE 4x2 2026-07-22T16:46:13.740
ATTEMPT 266 W0 DONE 4x2 seed=418467 nsol=16 0.01s 2026-07-22T16:46:13.746
ATTEMPT 267 W0 START 4x2 seed=418468 2026-07-22T16:46:13.746
ATTEMPT 267 W0 SOLVE 4x2 2026-07-22T16:46:13.752
ATTEMPT 267 W0 DONE 4x2 seed=418468 nsol=16 0.01s 2026-07-22T16:46:13.760
ATTEMPT 268 W0 START 4x2 seed=418469 2026-07-22T16:46:13.761
ATTEMPT 268 W0 SOLVE 4x2 2026-07-22T16:46:13.767
ATTEMPT 268 W0 DONE 4x2 seed=418469 nsol=16 0.01s 2026-07-22T16:46:13.776
ATTEMPT 269 W0 START 4x2 seed=418470 2026-07-22T16:46:13.776
ATTEMPT 269 W0 SOLVE 4x2 2026-07-22T16:46:13.785
ATTEMPT 269 W0 DONE 4x2 seed=418470 nsol=16 0.02s 2026-07-22T16:46:13.800
ATTEMPT 270 W0 START 4x2 seed=418471 2026-07-22T16:46:13.800
ATTEMPT 270 W0 SOLVE 4x2 2026-07-22T16:46:13.807
ATTEMPT 270 W0 DONE 4x2 seed=418471 nsol=16 0.01s 2026-07-22T16:46:13.816
ATTEMPT 271 W0 START 4x2 seed=418472 2026-07-22T16:46:13.816
ATTEMPT 271 W0 SOLVE 4x2 2026-07-22T16:46:13.821
ATTEMPT 271 W0 DONE 4x2 seed=418472 nsol=16 0.01s 2026-07-22T16:46:13.835
ATTEMPT 272 W0 START 4x2 seed=418473 2026-07-22T16:46:13.835
ATTEMPT 272 W0 SOLVE 4x2 2026-07-22T16:46:13.841
ATTEMPT 272 W0 DONE 4x2 seed=418473 nsol=16 0.02s 2026-07-22T16:46:13.859
ATTEMPT 273 W0 START 4x2 seed=418474 2026-07-22T16:46:13.860
ATTEMPT 273 W0 SOLVE 4x2 2026-07-22T16:46:13.866
ATTEMPT 273 W0 DONE 4x2 seed=418474 nsol=16 0.01s 2026-07-22T16:46:13.876
ATTEMPT 274 W0 START 4x2 seed=418475 2026-07-22T16:46:13.876
ATTEMPT 274 W0 SOLVE 4x2 2026-07-22T16:46:13.885
ATTEMPT 274 W0 DONE 4x2 seed=418475 nsol=16 0.01s 2026-07-22T16:46:13.900
ATTEMPT 275 W0 START 4x2 seed=418476 2026-07-22T16:46:13.900
ATTEMPT 275 W0 SOLVE 4x2 2026-07-22T16:46:13.907
ATTEMPT 275 W0 DONE 4x2 seed=418476 nsol=16 0.02s 2026-07-22T16:46:13.923
ATTEMPT 276 W0 START 4x2 seed=418477 2026-07-22T16:46:13.924
ATTEMPT 276 W0 SOLVE 4x2 2026-07-22T16:46:13.930
ATTEMPT 276 W0 DONE 4x2 seed=418477 nsol=16 0.02s 2026-07-22T16:46:13.947
ATTEMPT 277 W0 START 4x2 seed=418478 2026-07-22T16:46:13.948
ATTEMPT 277 W0 SOLVE 4x2 2026-07-22T16:46:13.955
ATTEMPT 277 W0 DONE 4x2 seed=418478 nsol=16 0.02s 2026-07-22T16:46:13.971
ATTEMPT 278 W0 START 4x2 seed=418479 2026-07-22T16:46:13.972
ATTEMPT 278 W0 SOLVE 4x2 2026-07-22T16:46:13.977
ATTEMPT 278 W0 DONE 4x2 seed=418479 nsol=16 0.01s 2026-07-22T16:46:13.991
ATTEMPT 279 W0 START 4x2 seed=418480 2026-07-22T16:46:13.992
ATTEMPT 279 W0 SOLVE 4x2 2026-07-22T16:46:13.999
ATTEMPT 279 W0 DONE 4x2 seed=418480 nsol=16 0.02s 2026-07-22T16:46:14.019
ATTEMPT 280 W0 START 4x2 seed=418481 2026-07-22T16:46:14.020
ATTEMPT 280 W0 SOLVE 4x2 2026-07-22T16:46:14.026
ATTEMPT 280 W0 DONE 4x2 seed=418481 nsol=16 0.01s 2026-07-22T16:46:14.039
ATTEMPT 281 W0 START 4x2 seed=418482 2026-07-22T16:46:14.040
ATTEMPT 281 W0 SOLVE 4x2 2026-07-22T16:46:14.047
ATTEMPT 281 W0 DONE 4x2 seed=418482 nsol=16 0.01s 2026-07-22T16:46:14.059
ATTEMPT 282 W0 START 4x2 seed=418483 2026-07-22T16:46:14.060
ATTEMPT 282 W0 SOLVE 4x2 2026-07-22T16:46:14.065
ATTEMPT 282 W0 DONE 4x2 seed=418483 nsol=16 0.01s 2026-07-22T16:46:14.075
ATTEMPT 283 W0 START 4x2 seed=418484 2026-07-22T16:46:14.076
ATTEMPT 283 W0 SOLVE 4x2 2026-07-22T16:46:14.082
ATTEMPT 283 W0 DONE 4x2 seed=418484 nsol=16 0.01s 2026-07-22T16:46:14.091
ATTEMPT 284 W0 START 4x2 seed=418485 2026-07-22T16:46:14.092
ATTEMPT 284 W0 SOLVE 4x2 2026-07-22T16:46:14.098
ATTEMPT 284 W0 DONE 4x2 seed=418485 nsol=16 0.01s 2026-07-22T16:46:14.111
ATTEMPT 285 W0 START 4x2 seed=418486 2026-07-22T16:46:14.112
ATTEMPT 285 W0 SOLVE 4x2 2026-07-22T16:46:14.117
ATTEMPT 285 W0 DONE 4x2 seed=418486 nsol=16 0.01s 2026-07-22T16:46:14.131
ATTEMPT 286 W0 START 4x2 seed=418487 2026-07-22T16:46:14.132
ATTEMPT 286 W0 SOLVE 4x2 2026-07-22T16:46:14.138
ATTEMPT 286 W0 DONE 4x2 seed=418487 nsol=16 0.01s 2026-07-22T16:46:14.148
ATTEMPT 287 W0 START 4x2 seed=418488 2026-07-22T16:46:14.149
ATTEMPT 287 W0 SOLVE 4x2 2026-07-22T16:46:14.155
ATTEMPT 287 W0 DONE 4x2 seed=418488 nsol=16 0.07s 2026-07-22T16:46:14.223
ATTEMPT 288 W0 START 4x2 seed=418489 2026-07-22T16:46:14.223
ATTEMPT 288 W0 SOLVE 4x2 2026-07-22T16:46:14.229
ATTEMPT 288 W0 DONE 4x2 seed=418489 nsol=16 0.01s 2026-07-22T16:46:14.239
ATTEMPT 289 W0 START 4x2 seed=418490 2026-07-22T16:46:14.239
ATTEMPT 289 W0 SOLVE 4x2 2026-07-22T16:46:14.245
ATTEMPT 289 W0 DONE 4x2 seed=418490 nsol=16 0.01s 2026-07-22T16:46:14.254
ATTEMPT 290 W0 START 4x2 seed=418491 2026-07-22T16:46:14.254
ATTEMPT 290 W0 SOLVE 4x2 2026-07-22T16:46:14.259
ATTEMPT 290 W0 DONE 4x2 seed=418491 nsol=16 0.01s 2026-07-22T16:46:14.271
ATTEMPT 291 W0 START 4x2 seed=418492 2026-07-22T16:46:14.271
ATTEMPT 291 W0 SOLVE 4x2 2026-07-22T16:46:14.278
ATTEMPT 291 W0 DONE 4x2 seed=418492 nsol=16 0.02s 2026-07-22T16:46:14.296
ATTEMPT 292 W0 START 4x2 seed=418493 2026-07-22T16:46:14.296
ATTEMPT 292 W0 SOLVE 4x2 2026-07-22T16:46:14.303
ATTEMPT 292 W0 DONE 4x2 seed=418493 nsol=16 0.01s 2026-07-22T16:46:14.311
ATTEMPT 293 W0 START 4x2 seed=418494 2026-07-22T16:46:14.311
ATTEMPT 293 W0 SOLVE 4x2 2026-07-22T16:46:14.321
ATTEMPT 293 W0 DONE 4x2 seed=418494 nsol=16 0.02s 2026-07-22T16:46:14.337
ATTEMPT 294 W0 START 4x2 seed=418495 2026-07-22T16:46:14.337
ATTEMPT 294 W0 SOLVE 4x2 2026-07-22T16:46:14.342
ATTEMPT 294 W0 DONE 4x2 seed=418495 nsol=16 0.01s 2026-07-22T16:46:14.356
ATTEMPT 295 W0 START 4x2 seed=418496 2026-07-22T16:46:14.356
ATTEMPT 295 W0 SOLVE 4x2 2026-07-22T16:46:14.365
ATTEMPT 295 W0 DONE 4x2 seed=418496 nsol=16 0.02s 2026-07-22T16:46:14.383
ATTEMPT 296 W0 START 4x2 seed=418497 2026-07-22T16:46:14.383
ATTEMPT 296 W0 SOLVE 4x2 2026-07-22T16:46:14.394
ATTEMPT 296 W0 DONE 4x2 seed=418497 nsol=16 0.01s 2026-07-22T16:46:14.403
ATTEMPT 297 W0 START 4x2 seed=418498 2026-07-22T16:46:14.403
ATTEMPT 297 W0 SOLVE 4x2 2026-07-22T16:46:14.424
ATTEMPT 297 W0 DONE 4x2 seed=418498 nsol=16 0.07s 2026-07-22T16:46:14.499
ATTEMPT 298 W0 START 4x2 seed=418499 2026-07-22T16:46:14.499
ATTEMPT 298 W0 SOLVE 4x2 2026-07-22T16:46:14.510
ATTEMPT 298 W0 DONE 4x2 seed=418499 nsol=16 0.02s 2026-07-22T16:46:14.535
ATTEMPT 299 W0 START 4x2 seed=418500 2026-07-22T16:46:14.535
ATTEMPT 299 W0 SOLVE 4x2 2026-07-22T16:46:14.546
ATTEMPT 299 W0 DONE 4x2 seed=418500 nsol=16 0.01s 2026-07-22T16:46:14.565
ATTEMPT 300 W0 START 4x2 seed=418501 2026-07-22T16:46:14.565
ATTEMPT 300 W0 SOLVE 4x2 2026-07-22T16:46:14.573
ATTEMPT 300 W0 DONE 4x2 seed=418501 nsol=16 0.01s 2026-07-22T16:46:14.583
ATTEMPT 301 W0 START 4x2 seed=418502 2026-07-22T16:46:14.584
ATTEMPT 301 W0 SOLVE 4x2 2026-07-22T16:46:14.592
ATTEMPT 301 W0 DONE 4x2 seed=418502 nsol=16 0.01s 2026-07-22T16:46:14.603
ATTEMPT 302 W0 START 4x2 seed=418503 2026-07-22T16:46:14.603
ATTEMPT 302 W0 SOLVE 4x2 2026-07-22T16:46:14.610
ATTEMPT 302 W0 DONE 4x2 seed=418503 nsol=16 0.17s 2026-07-22T16:46:14.782
ATTEMPT 303 W0 START 4x2 seed=418504 2026-07-22T16:46:14.782
ATTEMPT 303 W0 SOLVE 4x2 2026-07-22T16:46:14.807
ATTEMPT 303 W0 DONE 4x2 seed=418504 nsol=16 0.01s 2026-07-22T16:46:14.819
ATTEMPT 304 W0 START 4x2 seed=418505 2026-07-22T16:46:14.820
ATTEMPT 304 W0 SOLVE 4x2 2026-07-22T16:46:14.829
ATTEMPT 304 W0 DONE 4x2 seed=418505 nsol=16 0.02s 2026-07-22T16:46:14.847
ATTEMPT 305 W0 START 4x2 seed=418506 2026-07-22T16:46:14.847
ATTEMPT 305 W0 SOLVE 4x2 2026-07-22T16:46:14.854
ATTEMPT 305 W0 DONE 4x2 seed=418506 nsol=16 0.02s 2026-07-22T16:46:14.876
ATTEMPT 306 W0 START 4x2 seed=418507 2026-07-22T16:46:14.876
ATTEMPT 306 W0 SOLVE 4x2 2026-07-22T16:46:14.904
ATTEMPT 306 W0 DONE 4x2 seed=418507 nsol=16 0.01s 2026-07-22T16:46:14.915
ATTEMPT 307 W0 START 4x2 seed=418508 2026-07-22T16:46:14.915
ATTEMPT 307 W0 SOLVE 4x2 2026-07-22T16:46:14.933
ATTEMPT 307 W0 DONE 4x2 seed=418508 nsol=16 0.02s 2026-07-22T16:46:14.956
ATTEMPT 308 W0 START 4x2 seed=418509 2026-07-22T16:46:14.956
ATTEMPT 308 W0 SOLVE 4x2 2026-07-22T16:46:14.966
ATTEMPT 308 W0 DONE 4x2 seed=418509 nsol=16 0.03s 2026-07-22T16:46:15.003
ATTEMPT 309 W0 START 4x2 seed=418510 2026-07-22T16:46:15.004
ATTEMPT 309 W0 SOLVE 4x2 2026-07-22T16:46:15.019
ATTEMPT 309 W0 DONE 4x2 seed=418510 nsol=16 0.02s 2026-07-22T16:46:15.043
ATTEMPT 310 W0 START 4x2 seed=418511 2026-07-22T16:46:15.043
ATTEMPT 310 W0 SOLVE 4x2 2026-07-22T16:46:15.053
ATTEMPT 310 W0 DONE 4x2 seed=418511 nsol=16 0.01s 2026-07-22T16:46:15.067
ATTEMPT 311 W0 START 4x2 seed=418512 2026-07-22T16:46:15.067
ATTEMPT 311 W0 SOLVE 4x2 2026-07-22T16:46:15.081
ATTEMPT 311 W0 DONE 4x2 seed=418512 nsol=16 0.03s 2026-07-22T16:46:15.108
ATTEMPT 312 W0 START 4x2 seed=418513 2026-07-22T16:46:15.108
ATTEMPT 312 W0 SOLVE 4x2 2026-07-22T16:46:15.140
ATTEMPT 312 W0 DONE 4x2 seed=418513 nsol=16 0.03s 2026-07-22T16:46:15.171
ATTEMPT 313 W0 START 4x2 seed=418514 2026-07-22T16:46:15.171
ATTEMPT 313 W0 SOLVE 4x2 2026-07-22T16:46:15.183
ATTEMPT 313 W0 DONE 4x2 seed=418514 nsol=16 0.03s 2026-07-22T16:46:15.211
ATTEMPT 314 W0 START 4x2 seed=418515 2026-07-22T16:46:15.211
ATTEMPT 314 W0 SOLVE 4x2 2026-07-22T16:46:15.225
ATTEMPT 314 W0 DONE 4x2 seed=418515 nsol=16 0.03s 2026-07-22T16:46:15.260
ATTEMPT 315 W0 START 4x2 seed=418516 2026-07-22T16:46:15.260
ATTEMPT 315 W0 SOLVE 4x2 2026-07-22T16:46:15.274
ATTEMPT 315 W0 DONE 4x2 seed=418516 nsol=16 0.03s 2026-07-22T16:46:15.301
ATTEMPT 316 W0 START 4x2 seed=418517 2026-07-22T16:46:15.302
ATTEMPT 316 W0 SOLVE 4x2 2026-07-22T16:46:15.313
ATTEMPT 316 W0 DONE 4x2 seed=418517 nsol=16 0.01s 2026-07-22T16:46:15.327
ATTEMPT 317 W0 START 4x2 seed=418518 2026-07-22T16:46:15.327
ATTEMPT 317 W0 SOLVE 4x2 2026-07-22T16:46:15.336
ATTEMPT 317 W0 DONE 4x2 seed=418518 nsol=16 0.03s 2026-07-22T16:46:15.368
ATTEMPT 318 W0 START 4x2 seed=418519 2026-07-22T16:46:15.368
ATTEMPT 318 W0 SOLVE 4x2 2026-07-22T16:46:15.373
ATTEMPT 318 W0 DONE 4x2 seed=418519 nsol=16 0.02s 2026-07-22T16:46:15.395
ATTEMPT 319 W0 START 4x2 seed=418520 2026-07-22T16:46:15.396
ATTEMPT 319 W0 SOLVE 4x2 2026-07-22T16:46:15.403
ATTEMPT 319 W0 DONE 4x2 seed=418520 nsol=16 0.01s 2026-07-22T16:46:15.415
ATTEMPT 320 W0 START 4x2 seed=418521 2026-07-22T16:46:15.416
ATTEMPT 320 W0 SOLVE 4x2 2026-07-22T16:46:15.423
ATTEMPT 320 W0 DONE 4x2 seed=418521 nsol=16 0.02s 2026-07-22T16:46:15.443
ATTEMPT 321 W0 START 4x2 seed=418522 2026-07-22T16:46:15.444
ATTEMPT 321 W0 SOLVE 4x2 2026-07-22T16:46:15.449
ATTEMPT 321 W0 DONE 4x2 seed=418522 nsol=16 0.01s 2026-07-22T16:46:15.460
ATTEMPT 322 W0 START 4x2 seed=418523 2026-07-22T16:46:15.461
ATTEMPT 322 W0 SOLVE 4x2 2026-07-22T16:46:15.475
ATTEMPT 322 W0 DONE 4x2 seed=418523 nsol=16 0.00s 2026-07-22T16:46:15.488
ATTEMPT 323 W0 START 4x2 seed=418524 2026-07-22T16:46:15.488
ATTEMPT 323 W0 SOLVE 4x2 2026-07-22T16:46:15.501
ATTEMPT 323 W0 DONE 4x2 seed=418524 nsol=16 0.02s 2026-07-22T16:46:15.521
ATTEMPT 324 W0 START 4x2 seed=418525 2026-07-22T16:46:15.522
ATTEMPT 324 W0 SOLVE 4x2 2026-07-22T16:46:15.528
ATTEMPT 324 W0 DONE 4x2 seed=418525 nsol=16 0.02s 2026-07-22T16:46:15.547
ATTEMPT 325 W0 START 4x2 seed=418526 2026-07-22T16:46:15.547
ATTEMPT 325 W0 SOLVE 4x2 2026-07-22T16:46:15.553
ATTEMPT 325 W0 DONE 4x2 seed=418526 nsol=16 0.01s 2026-07-22T16:46:15.561
ATTEMPT 326 W0 START 4x2 seed=418527 2026-07-22T16:46:15.561
ATTEMPT 326 W0 SOLVE 4x2 2026-07-22T16:46:15.569
ATTEMPT 326 W0 DONE 4x2 seed=418527 nsol=16 0.01s 2026-07-22T16:46:15.583
ATTEMPT 327 W0 START 4x2 seed=418528 2026-07-22T16:46:15.584
ATTEMPT 327 W0 SOLVE 4x2 2026-07-22T16:46:15.591
ATTEMPT 327 W0 DONE 4x2 seed=418528 nsol=16 0.01s 2026-07-22T16:46:15.604
ATTEMPT 328 W0 START 4x2 seed=418529 2026-07-22T16:46:15.604
ATTEMPT 328 W0 SOLVE 4x2 2026-07-22T16:46:15.613
ATTEMPT 328 W0 DONE 4x2 seed=418529 nsol=16 0.02s 2026-07-22T16:46:15.634
ATTEMPT 329 W0 START 4x2 seed=418530 2026-07-22T16:46:15.634
ATTEMPT 329 W0 SOLVE 4x2 2026-07-22T16:46:15.640
ATTEMPT 329 W0 DONE 4x2 seed=418530 nsol=16 0.01s 2026-07-22T16:46:15.657
ATTEMPT 330 W0 START 4x2 seed=418531 2026-07-22T16:46:15.657
ATTEMPT 330 W0 SOLVE 4x2 2026-07-22T16:46:15.662
ATTEMPT 330 W0 DONE 4x2 seed=418531 nsol=16 0.01s 2026-07-22T16:46:15.669
ATTEMPT 331 W0 START 4x2 seed=418532 2026-07-22T16:46:15.670
ATTEMPT 331 W0 SOLVE 4x2 2026-07-22T16:46:15.675
ATTEMPT 331 W0 DONE 4x2 seed=418532 nsol=16 0.01s 2026-07-22T16:46:15.690
ATTEMPT 332 W0 START 4x2 seed=418533 2026-07-22T16:46:15.690
ATTEMPT 332 W0 SOLVE 4x2 2026-07-22T16:46:15.696
ATTEMPT 332 W0 DONE 4x2 seed=418533 nsol=16 0.01s 2026-07-22T16:46:15.703
ATTEMPT 333 W0 START 4x2 seed=418534 2026-07-22T16:46:15.703
ATTEMPT 333 W0 SOLVE 4x2 2026-07-22T16:46:15.710
ATTEMPT 333 W0 DONE 4x2 seed=418534 nsol=16 0.02s 2026-07-22T16:46:15.731
ATTEMPT 334 W0 START 4x2 seed=418535 2026-07-22T16:46:15.731
ATTEMPT 334 W0 SOLVE 4x2 2026-07-22T16:46:15.740
ATTEMPT 334 W0 DONE 4x2 seed=418535 nsol=16 0.01s 2026-07-22T16:46:15.752
ATTEMPT 335 W0 START 4x2 seed=418536 2026-07-22T16:46:15.752
ATTEMPT 335 W0 SOLVE 4x2 2026-07-22T16:46:15.761
ATTEMPT 335 W0 DONE 4x2 seed=418536 nsol=16 0.01s 2026-07-22T16:46:15.769
ATTEMPT 336 W0 START 4x2 seed=418537 2026-07-22T16:46:15.769
ATTEMPT 336 W0 SOLVE 4x2 2026-07-22T16:46:15.777
ATTEMPT 336 W0 DONE 4x2 seed=418537 nsol=16 0.17s 2026-07-22T16:46:15.948
ATTEMPT 337 W0 START 4x2 seed=418538 2026-07-22T16:46:15.958
ATTEMPT 337 W0 SOLVE 4x2 2026-07-22T16:46:15.964
ATTEMPT 337 W0 DONE 4x2 seed=418538 nsol=16 0.02s 2026-07-22T16:46:15.984
ATTEMPT 338 W0 START 4x2 seed=418539 2026-07-22T16:46:15.984
ATTEMPT 338 W0 SOLVE 4x2 2026-07-22T16:46:16.004
ATTEMPT 338 W0 DONE 4x2 seed=418539 nsol=16 0.02s 2026-07-22T16:46:16.028
ATTEMPT 339 W0 START 4x2 seed=418540 2026-07-22T16:46:16.028
ATTEMPT 339 W0 SOLVE 4x2 2026-07-22T16:46:16.038
ATTEMPT 339 W0 DONE 4x2 seed=418540 nsol=16 0.01s 2026-07-22T16:46:16.051
ATTEMPT 340 W0 START 4x2 seed=418541 2026-07-22T16:46:16.052
ATTEMPT 340 W0 SOLVE 4x2 2026-07-22T16:46:16.057
ATTEMPT 340 W0 DONE 4x2 seed=418541 nsol=16 0.01s 2026-07-22T16:46:16.067
ATTEMPT 341 W0 START 4x2 seed=418542 2026-07-22T16:46:16.068
ATTEMPT 341 W0 SOLVE 4x2 2026-07-22T16:46:16.073
ATTEMPT 341 W0 DONE 4x2 seed=418542 nsol=16 0.01s 2026-07-22T16:46:16.079
ATTEMPT 342 W0 START 4x2 seed=418543 2026-07-22T16:46:16.079
ATTEMPT 342 W0 SOLVE 4x2 2026-07-22T16:46:16.085
ATTEMPT 342 W0 DONE 4x2 seed=418543 nsol=16 0.01s 2026-07-22T16:46:16.096
ATTEMPT 343 W0 START 4x2 seed=418544 2026-07-22T16:46:16.096
ATTEMPT 343 W0 SOLVE 4x2 2026-07-22T16:46:16.103
ATTEMPT 343 W0 DONE 4x2 seed=418544 nsol=16 0.02s 2026-07-22T16:46:16.119
ATTEMPT 344 W0 START 4x2 seed=418545 2026-07-22T16:46:16.120
ATTEMPT 344 W0 SOLVE 4x2 2026-07-22T16:46:16.126
ATTEMPT 344 W0 DONE 4x2 seed=418545 nsol=16 0.01s 2026-07-22T16:46:16.136
ATTEMPT 345 W0 START 4x2 seed=418546 2026-07-22T16:46:16.136
ATTEMPT 345 W0 SOLVE 4x2 2026-07-22T16:46:16.142
ATTEMPT 345 W0 DONE 4x2 seed=418546 nsol=16 0.01s 2026-07-22T16:46:16.149
ATTEMPT 346 W0 START 4x2 seed=418547 2026-07-22T16:46:16.149
ATTEMPT 346 W0 SOLVE 4x2 2026-07-22T16:46:16.156
ATTEMPT 346 W0 DONE 4x2 seed=418547 nsol=16 0.01s 2026-07-22T16:46:16.167
ATTEMPT 347 W0 START 4x2 seed=418548 2026-07-22T16:46:16.168
ATTEMPT 347 W0 SOLVE 4x2 2026-07-22T16:46:16.173
ATTEMPT 347 W0 DONE 4x2 seed=418548 nsol=16 0.01s 2026-07-22T16:46:16.183
ATTEMPT 348 W0 START 4x2 seed=418549 2026-07-22T16:46:16.183
ATTEMPT 348 W0 SOLVE 4x2 2026-07-22T16:46:16.189
ATTEMPT 348 W0 DONE 4x2 seed=418549 nsol=16 0.01s 2026-07-22T16:46:16.199
ATTEMPT 349 W0 START 4x2 seed=418550 2026-07-22T16:46:16.200
ATTEMPT 349 W0 SOLVE 4x2 2026-07-22T16:46:16.207
ATTEMPT 349 W0 DONE 4x2 seed=418550 nsol=16 0.02s 2026-07-22T16:46:16.223
ATTEMPT 350 W0 START 4x2 seed=418551 2026-07-22T16:46:16.223
ATTEMPT 350 W0 SOLVE 4x2 2026-07-22T16:46:16.229
ATTEMPT 350 W0 DONE 4x2 seed=418551 nsol=16 0.01s 2026-07-22T16:46:16.243
ATTEMPT 351 W0 START 4x2 seed=418552 2026-07-22T16:46:16.243
ATTEMPT 351 W0 SOLVE 4x2 2026-07-22T16:46:16.250
ATTEMPT 351 W0 DONE 4x2 seed=418552 nsol=16 0.18s 2026-07-22T16:46:16.431
ATTEMPT 352 W0 START 4x2 seed=418553 2026-07-22T16:46:16.431
ATTEMPT 352 W0 SOLVE 4x2 2026-07-22T16:46:16.449
ATTEMPT 352 W0 DONE 4x2 seed=418553 nsol=16 0.02s 2026-07-22T16:46:16.471
ATTEMPT 353 W0 START 4x2 seed=418554 2026-07-22T16:46:16.471
ATTEMPT 353 W0 SOLVE 4x2 2026-07-22T16:46:16.482
ATTEMPT 353 W0 DONE 4x2 seed=418554 nsol=16 0.03s 2026-07-22T16:46:16.507
ATTEMPT 354 W0 START 4x2 seed=418555 2026-07-22T16:46:16.508
ATTEMPT 354 W0 SOLVE 4x2 2026-07-22T16:46:16.513
ATTEMPT 354 W0 DONE 4x2 seed=418555 nsol=16 0.02s 2026-07-22T16:46:16.531
ATTEMPT 355 W0 START 4x2 seed=418556 2026-07-22T16:46:16.532
ATTEMPT 355 W0 SOLVE 4x2 2026-07-22T16:46:16.551
ATTEMPT 355 W0 DONE 4x2 seed=418556 nsol=16 0.01s 2026-07-22T16:46:16.564
ATTEMPT 356 W0 START 4x2 seed=418557 2026-07-22T16:46:16.565
ATTEMPT 356 W0 SOLVE 4x2 2026-07-22T16:46:16.578
ATTEMPT 356 W0 DONE 4x2 seed=418557 nsol=16 0.04s 2026-07-22T16:46:16.619
ATTEMPT 357 W0 START 4x2 seed=418558 2026-07-22T16:46:16.620
ATTEMPT 357 W0 SOLVE 4x2 2026-07-22T16:46:16.630
ATTEMPT 357 W0 DONE 4x2 seed=418558 nsol=16 0.02s 2026-07-22T16:46:16.654
ATTEMPT 358 W0 START 4x2 seed=418559 2026-07-22T16:46:16.655
ATTEMPT 358 W0 SOLVE 4x2 2026-07-22T16:46:16.662
ATTEMPT 358 W0 DONE 4x2 seed=418559 nsol=16 0.01s 2026-07-22T16:46:16.672
ATTEMPT 359 W0 START 4x2 seed=418560 2026-07-22T16:46:16.672
ATTEMPT 359 W0 SOLVE 4x2 2026-07-22T16:46:16.683
ATTEMPT 359 W0 DONE 4x2 seed=418560 nsol=16 0.01s 2026-07-22T16:46:16.696
ATTEMPT 360 W0 START 4x2 seed=418561 2026-07-22T16:46:16.696
ATTEMPT 360 W0 SOLVE 4x2 2026-07-22T16:46:16.703
ATTEMPT 360 W0 DONE 4x2 seed=418561 nsol=16 0.02s 2026-07-22T16:46:16.720
ATTEMPT 361 W0 START 4x2 seed=418562 2026-07-22T16:46:16.720
ATTEMPT 361 W0 SOLVE 4x2 2026-07-22T16:46:16.727
ATTEMPT 361 W0 DONE 4x2 seed=418562 nsol=16 0.01s 2026-07-22T16:46:16.739
ATTEMPT 362 W0 START 4x2 seed=418563 2026-07-22T16:46:16.740
ATTEMPT 362 W0 SOLVE 4x2 2026-07-22T16:46:16.746
ATTEMPT 362 W0 DONE 4x2 seed=418563 nsol=16 0.01s 2026-07-22T16:46:16.756
ATTEMPT 363 W0 START 4x2 seed=418564 2026-07-22T16:46:16.756
ATTEMPT 363 W0 SOLVE 4x2 2026-07-22T16:46:16.764
ATTEMPT 363 W0 DONE 4x2 seed=418564 nsol=16 0.01s 2026-07-22T16:46:16.771
ATTEMPT 364 W0 START 4x2 seed=418565 2026-07-22T16:46:16.771
ATTEMPT 364 W0 SOLVE 4x2 2026-07-22T16:46:16.777
ATTEMPT 364 W0 DONE 4x2 seed=418565 nsol=16 0.02s 2026-07-22T16:46:16.801
ATTEMPT 365 W0 START 4x2 seed=418566 2026-07-22T16:46:16.801
ATTEMPT 365 W0 SOLVE 4x2 2026-07-22T16:46:16.810
ATTEMPT 365 W0 DONE 4x2 seed=418566 nsol=16 0.01s 2026-07-22T16:46:16.823
ATTEMPT 366 W0 START 4x2 seed=418567 2026-07-22T16:46:16.823
ATTEMPT 366 W0 SOLVE 4x2 2026-07-22T16:46:16.832
ATTEMPT 366 W0 DONE 4x2 seed=418567 nsol=16 0.01s 2026-07-22T16:46:16.844
ATTEMPT 367 W0 START 4x2 seed=418568 2026-07-22T16:46:16.844
ATTEMPT 367 W0 SOLVE 4x2 2026-07-22T16:46:16.850
ATTEMPT 367 W0 DONE 4x2 seed=418568 nsol=16 0.02s 2026-07-22T16:46:16.867
ATTEMPT 368 W0 START 4x2 seed=418569 2026-07-22T16:46:16.868
ATTEMPT 368 W0 SOLVE 4x2 2026-07-22T16:46:16.873
ATTEMPT 368 W0 DONE 4x2 seed=418569 nsol=16 0.01s 2026-07-22T16:46:16.887
ATTEMPT 369 W0 START 4x2 seed=418570 2026-07-22T16:46:16.888
ATTEMPT 369 W0 SOLVE 4x2 2026-07-22T16:46:16.895
ATTEMPT 369 W0 DONE 4x2 seed=418570 nsol=16 0.02s 2026-07-22T16:46:16.915
ATTEMPT 370 W0 START 4x2 seed=418571 2026-07-22T16:46:16.916
ATTEMPT 370 W0 SOLVE 4x2 2026-07-22T16:46:16.921
ATTEMPT 370 W0 DONE 4x2 seed=418571 nsol=16 0.01s 2026-07-22T16:46:16.930
ATTEMPT 371 W0 START 4x2 seed=418572 2026-07-22T16:46:16.931
ATTEMPT 371 W0 SOLVE 4x2 2026-07-22T16:46:16.938
ATTEMPT 371 W0 DONE 4x2 seed=418572 nsol=16 0.01s 2026-07-22T16:46:16.951
ATTEMPT 372 W0 START 4x2 seed=418573 2026-07-22T16:46:16.952
ATTEMPT 372 W0 SOLVE 4x2 2026-07-22T16:46:16.958
ATTEMPT 372 W0 DONE 4x2 seed=418573 nsol=16 0.01s 2026-07-22T16:46:16.967
ATTEMPT 373 W0 START 4x2 seed=418574 2026-07-22T16:46:16.967
ATTEMPT 373 W0 SOLVE 4x2 2026-07-22T16:46:16.974
ATTEMPT 373 W0 DONE 4x2 seed=418574 nsol=16 3.55s 2026-07-22T16:46:20.526
ATTEMPT 374 W0 START 4x2 seed=418575 2026-07-22T16:46:20.527
ATTEMPT 374 W0 SOLVE 4x2 2026-07-22T16:46:20.535
ATTEMPT 374 W0 DONE 4x2 seed=418575 nsol=16 0.01s 2026-07-22T16:46:20.542
ATTEMPT 375 W0 START 4x2 seed=418576 2026-07-22T16:46:20.542
ATTEMPT 375 W0 SOLVE 4x2 2026-07-22T16:46:20.549
ATTEMPT 375 W0 DONE 4x2 seed=418576 nsol=16 0.02s 2026-07-22T16:46:20.567
ATTEMPT 376 W0 START 4x2 seed=418577 2026-07-22T16:46:20.568
ATTEMPT 376 W0 SOLVE 4x2 2026-07-22T16:46:20.577
ATTEMPT 376 W0 DONE 4x2 seed=418577 nsol=16 0.02s 2026-07-22T16:46:20.594
ATTEMPT 377 W0 START 4x2 seed=418578 2026-07-22T16:46:20.594
ATTEMPT 377 W0 SOLVE 4x2 2026-07-22T16:46:20.600
ATTEMPT 377 W0 DONE 4x2 seed=418578 nsol=16 0.01s 2026-07-22T16:46:20.614
ATTEMPT 378 W0 START 4x2 seed=418579 2026-07-22T16:46:20.614
ATTEMPT 378 W0 SOLVE 4x2 2026-07-22T16:46:20.620
ATTEMPT 378 W0 DONE 4x2 seed=418579 nsol=16 0.02s 2026-07-22T16:46:20.636
ATTEMPT 379 W0 START 4x2 seed=418580 2026-07-22T16:46:20.636
ATTEMPT 379 W0 SOLVE 4x2 2026-07-22T16:46:20.646
ATTEMPT 379 W0 DONE 4x2 seed=418580 nsol=16 0.01s 2026-07-22T16:46:20.654
ATTEMPT 380 W0 START 4x2 seed=418581 2026-07-22T16:46:20.654
ATTEMPT 380 W0 SOLVE 4x2 2026-07-22T16:46:20.660
ATTEMPT 380 W0 DONE 4x2 seed=418581 nsol=16 0.01s 2026-07-22T16:46:20.668
ATTEMPT 381 W0 START 4x2 seed=418582 2026-07-22T16:46:20.668
ATTEMPT 381 W0 SOLVE 4x2 2026-07-22T16:46:20.676
ATTEMPT 381 W0 DONE 4x2 seed=418582 nsol=16 0.01s 2026-07-22T16:46:20.688
ATTEMPT 382 W0 START 4x2 seed=418583 2026-07-22T16:46:20.688
ATTEMPT 382 W0 SOLVE 4x2 2026-07-22T16:46:20.695
ATTEMPT 382 W0 DONE 4x2 seed=418583 nsol=16 0.01s 2026-07-22T16:46:20.707
ATTEMPT 383 W0 START 4x2 seed=418584 2026-07-22T16:46:20.707
ATTEMPT 383 W0 SOLVE 4x2 2026-07-22T16:46:20.713
ATTEMPT 383 W0 DONE 4x2 seed=418584 nsol=16 0.01s 2026-07-22T16:46:20.721
ATTEMPT 384 W0 START 4x2 seed=418585 2026-07-22T16:46:20.721
ATTEMPT 384 W0 SOLVE 4x2 2026-07-22T16:46:20.778
ATTEMPT 384 W0 DONE 4x2 seed=418585 nsol=16 0.01s 2026-07-22T16:46:20.791
ATTEMPT 385 W0 START 4x2 seed=418586 2026-07-22T16:46:20.791
ATTEMPT 385 W0 SOLVE 4x2 2026-07-22T16:46:20.797
ATTEMPT 385 W0 DONE 4x2 seed=418586 nsol=16 0.02s 2026-07-22T16:46:20.816
ATTEMPT 386 W0 START 4x2 seed=418587 2026-07-22T16:46:20.816
ATTEMPT 386 W0 SOLVE 4x2 2026-07-22T16:46:20.823
ATTEMPT 386 W0 DONE 4x2 seed=418587 nsol=16 0.02s 2026-07-22T16:46:20.840
ATTEMPT 387 W0 START 4x2 seed=418588 2026-07-22T16:46:20.841
ATTEMPT 387 W0 SOLVE 4x2 2026-07-22T16:46:20.849
ATTEMPT 387 W0 DONE 4x2 seed=418588 nsol=16 0.01s 2026-07-22T16:46:20.858
ATTEMPT 388 W0 START 4x2 seed=418589 2026-07-22T16:46:20.858
ATTEMPT 388 W0 SOLVE 4x2 2026-07-22T16:46:20.873
ATTEMPT 388 W0 DONE 4x2 seed=418589 nsol=16 0.02s 2026-07-22T16:46:20.895
ATTEMPT 389 W0 START 4x2 seed=418590 2026-07-22T16:46:20.895
ATTEMPT 389 W0 SOLVE 4x2 2026-07-22T16:46:20.901
ATTEMPT 389 W0 DONE 4x2 seed=418590 nsol=16 0.02s 2026-07-22T16:46:20.919
ATTEMPT 390 W0 START 4x2 seed=418591 2026-07-22T16:46:20.919
ATTEMPT 390 W0 SOLVE 4x2 2026-07-22T16:46:20.931
ATTEMPT 390 W0 DONE 4x2 seed=418591 nsol=16 0.01s 2026-07-22T16:46:20.942
ATTEMPT 391 W0 START 4x2 seed=418592 2026-07-22T16:46:20.942
ATTEMPT 391 W0 SOLVE 4x2 2026-07-22T16:46:20.953
ATTEMPT 391 W0 DONE 4x2 seed=418592 nsol=16 0.02s 2026-07-22T16:46:20.978
ATTEMPT 392 W0 START 4x2 seed=418593 2026-07-22T16:46:20.978
ATTEMPT 392 W0 SOLVE 4x2 2026-07-22T16:46:20.985
ATTEMPT 392 W0 DONE 4x2 seed=418593 nsol=16 0.01s 2026-07-22T16:46:20.992
ATTEMPT 393 W0 START 4x2 seed=418594 2026-07-22T16:46:20.993
ATTEMPT 393 W0 SOLVE 4x2 2026-07-22T16:46:20.998
ATTEMPT 393 W0 DONE 4x2 seed=418594 nsol=16 0.02s 2026-07-22T16:46:21.022
ATTEMPT 394 W0 START 4x2 seed=418595 2026-07-22T16:46:21.022
ATTEMPT 394 W0 SOLVE 4x2 2026-07-22T16:46:21.032
ATTEMPT 394 W0 DONE 4x2 seed=418595 nsol=16 0.02s 2026-07-22T16:46:21.048
ATTEMPT 395 W0 START 4x2 seed=418596 2026-07-22T16:46:21.048
ATTEMPT 395 W0 SOLVE 4x2 2026-07-22T16:46:21.056
ATTEMPT 395 W0 DONE 4x2 seed=418596 nsol=16 0.01s 2026-07-22T16:46:21.070
ATTEMPT 396 W0 START 4x2 seed=418597 2026-07-22T16:46:21.070
ATTEMPT 396 W0 SOLVE 4x2 2026-07-22T16:46:21.076
ATTEMPT 396 W0 DONE 4x2 seed=418597 nsol=16 0.01s 2026-07-22T16:46:21.086
ATTEMPT 397 W0 START 4x2 seed=418598 2026-07-22T16:46:21.087
ATTEMPT 397 W0 SOLVE 4x2 2026-07-22T16:46:21.097
ATTEMPT 397 W0 DONE 4x2 seed=418598 nsol=16 0.01s 2026-07-22T16:46:21.109
ATTEMPT 398 W0 START 4x2 seed=418599 2026-07-22T16:46:21.109
ATTEMPT 398 W0 SOLVE 4x2 2026-07-22T16:46:21.124
ATTEMPT 398 W0 DONE 4x2 seed=418599 nsol=16 0.02s 2026-07-22T16:46:21.146
ATTEMPT 399 W0 START 4x2 seed=418600 2026-07-22T16:46:21.146
ATTEMPT 399 W0 SOLVE 4x2 2026-07-22T16:46:21.152
ATTEMPT 399 W0 DONE 4x2 seed=418600 nsol=16 0.02s 2026-07-22T16:46:21.182
ATTEMPT 400 W0 START 4x2 seed=418601 2026-07-22T16:46:21.182
ATTEMPT 400 W0 SOLVE 4x2 2026-07-22T16:46:21.191
ATTEMPT 400 W0 DONE 4x2 seed=418601 nsol=16 0.01s 2026-07-22T16:46:21.202
ATTEMPT 401 W0 START 4x2 seed=418602 2026-07-22T16:46:21.202
ATTEMPT 401 W0 SOLVE 4x2 2026-07-22T16:46:21.220
ATTEMPT 401 W0 DONE 4x2 seed=418602 nsol=16 0.03s 2026-07-22T16:46:21.247
ATTEMPT 402 W0 START 4x2 seed=418603 2026-07-22T16:46:21.247
ATTEMPT 402 W0 SOLVE 4x2 2026-07-22T16:46:21.265
ATTEMPT 402 W0 DONE 4x2 seed=418603 nsol=16 0.02s 2026-07-22T16:46:21.290
ATTEMPT 403 W0 START 4x2 seed=418604 2026-07-22T16:46:21.290
ATTEMPT 403 W0 SOLVE 4x2 2026-07-22T16:46:21.297
ATTEMPT 403 W0 DONE 4x2 seed=418604 nsol=16 0.01s 2026-07-22T16:46:21.310
ATTEMPT 404 W0 START 4x2 seed=418605 2026-07-22T16:46:21.310
ATTEMPT 404 W0 SOLVE 4x2 2026-07-22T16:46:21.319
ATTEMPT 404 W0 DONE 4x2 seed=418605 nsol=16 0.01s 2026-07-22T16:46:21.332
ATTEMPT 405 W0 START 4x2 seed=418606 2026-07-22T16:46:21.332
ATTEMPT 405 W0 SOLVE 4x2 2026-07-22T16:46:21.339
ATTEMPT 405 W0 DONE 4x2 seed=418606 nsol=16 0.02s 2026-07-22T16:46:21.358
ATTEMPT 406 W0 START 4x2 seed=418607 2026-07-22T16:46:21.358
ATTEMPT 406 W0 SOLVE 4x2 2026-07-22T16:46:21.366
ATTEMPT 406 W0 DONE 4x2 seed=418607 nsol=16 0.01s 2026-07-22T16:46:21.373
ATTEMPT 407 W0 START 4x2 seed=418608 2026-07-22T16:46:21.373
ATTEMPT 407 W0 SOLVE 4x2 2026-07-22T16:46:21.380
ATTEMPT 407 W0 DONE 4x2 seed=418608 nsol=16 0.03s 2026-07-22T16:46:21.406
ATTEMPT 408 W0 START 4x2 seed=418609 2026-07-22T16:46:21.406
ATTEMPT 408 W0 SOLVE 4x2 2026-07-22T16:46:21.411
ATTEMPT 408 W0 DONE 4x2 seed=418609 nsol=16 0.01s 2026-07-22T16:46:21.426
ATTEMPT 409 W0 START 4x2 seed=418610 2026-07-22T16:46:21.426
ATTEMPT 409 W0 SOLVE 4x2 2026-07-22T16:46:21.433
ATTEMPT 409 W0 DONE 4x2 seed=418610 nsol=16 0.01s 2026-07-22T16:46:21.446
ATTEMPT 410 W0 START 4x2 seed=418611 2026-07-22T16:46:21.447
ATTEMPT 410 W0 SOLVE 4x2 2026-07-22T16:46:21.453
ATTEMPT 410 W0 DONE 4x2 seed=418611 nsol=16 0.01s 2026-07-22T16:46:21.462
ATTEMPT 411 W0 START 4x2 seed=418612 2026-07-22T16:46:21.462
ATTEMPT 411 W0 SOLVE 4x2 2026-07-22T16:46:21.467
ATTEMPT 411 W0 DONE 4x2 seed=418612 nsol=16 0.01s 2026-07-22T16:46:21.478
ATTEMPT 412 W0 START 4x2 seed=418613 2026-07-22T16:46:21.479
ATTEMPT 412 W0 SOLVE 4x2 2026-07-22T16:46:21.486
ATTEMPT 412 W0 DONE 4x2 seed=418613 nsol=16 0.02s 2026-07-22T16:46:21.514
ATTEMPT 413 W0 START 4x2 seed=418614 2026-07-22T16:46:21.514
ATTEMPT 413 W0 SOLVE 4x2 2026-07-22T16:46:21.523
ATTEMPT 413 W0 DONE 4x2 seed=418614 nsol=16 0.06s 2026-07-22T16:46:21.579
ATTEMPT 414 W0 START 4x2 seed=418615 2026-07-22T16:46:21.580
ATTEMPT 414 W0 SOLVE 4x2 2026-07-22T16:46:21.586
ATTEMPT 414 W0 DONE 4x2 seed=418615 nsol=16 0.01s 2026-07-22T16:46:21.593
ATTEMPT 415 W0 START 4x2 seed=418616 2026-07-22T16:46:21.593
ATTEMPT 415 W0 SOLVE 4x2 2026-07-22T16:46:21.604
ATTEMPT 415 W0 DONE 4x2 seed=418616 nsol=16 0.01s 2026-07-22T16:46:21.618
ATTEMPT 416 W0 START 4x2 seed=418617 2026-07-22T16:46:21.618
ATTEMPT 416 W0 SOLVE 4x2 2026-07-22T16:46:21.628
ATTEMPT 416 W0 DONE 4x2 seed=418617 nsol=16 0.01s 2026-07-22T16:46:21.635
ATTEMPT 417 W0 START 4x2 seed=418618 2026-07-22T16:46:21.636
ATTEMPT 417 W0 SOLVE 4x2 2026-07-22T16:46:21.641
ATTEMPT 417 W0 DONE 4x2 seed=418618 nsol=16 0.02s 2026-07-22T16:46:21.662
ATTEMPT 418 W0 START 4x2 seed=418619 2026-07-22T16:46:21.663
ATTEMPT 418 W0 SOLVE 4x2 2026-07-22T16:46:21.673
ATTEMPT 418 W0 DONE 4x2 seed=418619 nsol=16 0.01s 2026-07-22T16:46:21.686
ATTEMPT 419 W0 START 4x2 seed=418620 2026-07-22T16:46:21.687
ATTEMPT 419 W0 SOLVE 4x2 2026-07-22T16:46:21.695
ATTEMPT 419 W0 DONE 4x2 seed=418620 nsol=16 0.02s 2026-07-22T16:46:21.713
ATTEMPT 420 W0 START 4x2 seed=418621 2026-07-22T16:46:21.713
ATTEMPT 420 W0 SOLVE 4x2 2026-07-22T16:46:21.722
ATTEMPT 420 W0 DONE 4x2 seed=418621 nsol=16 0.02s 2026-07-22T16:46:21.739
ATTEMPT 421 W0 START 4x2 seed=418622 2026-07-22T16:46:21.739
ATTEMPT 421 W0 SOLVE 4x2 2026-07-22T16:46:21.749
ATTEMPT 421 W0 DONE 4x2 seed=418622 nsol=16 0.02s 2026-07-22T16:46:21.770
ATTEMPT 422 W0 START 4x2 seed=418623 2026-07-22T16:46:21.770
ATTEMPT 422 W0 SOLVE 4x2 2026-07-22T16:46:21.776
ATTEMPT 422 W0 DONE 4x2 seed=418623 nsol=16 0.08s 2026-07-22T16:46:21.860
ATTEMPT 423 W0 START 4x2 seed=418624 2026-07-22T16:46:21.860
ATTEMPT 423 W0 SOLVE 4x2 2026-07-22T16:46:21.871
ATTEMPT 423 W0 DONE 4x2 seed=418624 nsol=16 0.01s 2026-07-22T16:46:21.882
ATTEMPT 424 W0 START 4x2 seed=418625 2026-07-22T16:46:21.882
ATTEMPT 424 W0 SOLVE 4x2 2026-07-22T16:46:21.889
ATTEMPT 424 W0 DONE 4x2 seed=418625 nsol=16 0.01s 2026-07-22T16:46:21.902
ATTEMPT 425 W0 START 4x2 seed=418626 2026-07-22T16:46:21.902
ATTEMPT 425 W0 SOLVE 4x2 2026-07-22T16:46:21.908
ATTEMPT 425 W0 DONE 4x2 seed=418626 nsol=16 0.02s 2026-07-22T16:46:21.926
ATTEMPT 426 W0 START 4x2 seed=418627 2026-07-22T16:46:21.926
ATTEMPT 426 W0 SOLVE 4x2 2026-07-22T16:46:21.937
ATTEMPT 426 W0 DONE 4x2 seed=418627 nsol=16 0.03s 2026-07-22T16:46:21.966
ATTEMPT 427 W0 START 4x2 seed=418628 2026-07-22T16:46:21.966
ATTEMPT 427 W0 SOLVE 4x2 2026-07-22T16:46:21.973
ATTEMPT 427 W0 DONE 4x2 seed=418628 nsol=16 0.02s 2026-07-22T16:46:21.991
ATTEMPT 428 W0 START 4x2 seed=418629 2026-07-22T16:46:21.991
ATTEMPT 428 W0 SOLVE 4x2 2026-07-22T16:46:21.998
ATTEMPT 428 W0 DONE 4x2 seed=418629 nsol=16 0.02s 2026-07-22T16:46:22.013
ATTEMPT 429 W0 START 4x2 seed=418630 2026-07-22T16:46:22.013
ATTEMPT 429 W0 SOLVE 4x2 2026-07-22T16:46:22.023
ATTEMPT 429 W0 DONE 4x2 seed=418630 nsol=16 0.01s 2026-07-22T16:46:22.029
ATTEMPT 430 W0 START 4x2 seed=418631 2026-07-22T16:46:22.029
ATTEMPT 430 W0 SOLVE 4x2 2026-07-22T16:46:22.037
ATTEMPT 430 W0 DONE 4x2 seed=418631 nsol=16 0.02s 2026-07-22T16:46:22.058
ATTEMPT 431 W0 START 4x2 seed=418632 2026-07-22T16:46:22.058
ATTEMPT 431 W0 SOLVE 4x2 2026-07-22T16:46:22.077
ATTEMPT 431 W0 DONE 4x2 seed=418632 nsol=16 0.02s 2026-07-22T16:46:22.098
ATTEMPT 432 W0 START 4x2 seed=418633 2026-07-22T16:46:22.098
ATTEMPT 432 W0 SOLVE 4x2 2026-07-22T16:46:22.117
ATTEMPT 432 W0 DONE 4x2 seed=418633 nsol=16 0.03s 2026-07-22T16:46:22.144
ATTEMPT 433 W0 START 4x2 seed=418634 2026-07-22T16:46:22.144
ATTEMPT 433 W0 SOLVE 4x2 2026-07-22T16:46:22.150
ATTEMPT 433 W0 DONE 4x2 seed=418634 nsol=16 0.01s 2026-07-22T16:46:22.158
ATTEMPT 434 W0 START 4x2 seed=418635 2026-07-22T16:46:22.158
ATTEMPT 434 W0 SOLVE 4x2 2026-07-22T16:46:22.164
ATTEMPT 434 W0 DONE 4x2 seed=418635 nsol=16 0.01s 2026-07-22T16:46:22.178
ATTEMPT 435 W0 START 4x2 seed=418636 2026-07-22T16:46:22.178
ATTEMPT 435 W0 SOLVE 4x2 2026-07-22T16:46:22.185
ATTEMPT 435 W0 DONE 4x2 seed=418636 nsol=16 0.01s 2026-07-22T16:46:22.193
ATTEMPT 436 W0 START 4x2 seed=418637 2026-07-22T16:46:22.193
ATTEMPT 436 W0 SOLVE 4x2 2026-07-22T16:46:22.199
ATTEMPT 436 W0 DONE 4x2 seed=418637 nsol=16 0.02s 2026-07-22T16:46:22.222
ATTEMPT 437 W0 START 4x2 seed=418638 2026-07-22T16:46:22.222
ATTEMPT 437 W0 SOLVE 4x2 2026-07-22T16:46:22.232
ATTEMPT 437 W0 DONE 4x2 seed=418638 nsol=16 0.01s 2026-07-22T16:46:22.248
ATTEMPT 438 W0 START 4x2 seed=418639 2026-07-22T16:46:22.248
ATTEMPT 438 W0 SOLVE 4x2 2026-07-22T16:46:22.254
ATTEMPT 438 W0 DONE 4x2 seed=418639 nsol=16 0.02s 2026-07-22T16:46:22.277
ATTEMPT 439 W0 START 4x2 seed=418640 2026-07-22T16:46:22.277
ATTEMPT 439 W0 SOLVE 4x2 2026-07-22T16:46:22.282
ATTEMPT 439 W0 DONE 4x2 seed=418640 nsol=16 0.02s 2026-07-22T16:46:22.298
ATTEMPT 440 W0 START 4x2 seed=418641 2026-07-22T16:46:22.298
ATTEMPT 440 W0 SOLVE 4x2 2026-07-22T16:46:22.306
ATTEMPT 440 W0 DONE 4x2 seed=418641 nsol=16 0.02s 2026-07-22T16:46:22.322
ATTEMPT 441 W0 START 4x2 seed=418642 2026-07-22T16:46:22.322
ATTEMPT 441 W0 SOLVE 4x2 2026-07-22T16:46:22.328
ATTEMPT 441 W0 DONE 4x2 seed=418642 nsol=16 0.01s 2026-07-22T16:46:22.335
ATTEMPT 442 W0 START 4x2 seed=418643 2026-07-22T16:46:22.335
ATTEMPT 442 W0 SOLVE 4x2 2026-07-22T16:46:22.341
ATTEMPT 442 W0 DONE 4x2 seed=418643 nsol=16 0.01s 2026-07-22T16:46:22.349
ATTEMPT 443 W0 START 4x2 seed=418644 2026-07-22T16:46:22.349
ATTEMPT 443 W0 SOLVE 4x2 2026-07-22T16:46:22.355
ATTEMPT 443 W0 DONE 4x2 seed=418644 nsol=16 0.01s 2026-07-22T16:46:22.370
ATTEMPT 444 W0 START 4x2 seed=418645 2026-07-22T16:46:22.370
ATTEMPT 444 W0 SOLVE 4x2 2026-07-22T16:46:22.377
ATTEMPT 444 W0 DONE 4x2 seed=418645 nsol=16 0.02s 2026-07-22T16:46:22.398
ATTEMPT 445 W0 START 4x2 seed=418646 2026-07-22T16:46:22.398
ATTEMPT 445 W0 SOLVE 4x2 2026-07-22T16:46:22.406
ATTEMPT 445 W0 DONE 4x2 seed=418646 nsol=16 0.01s 2026-07-22T16:46:22.413
ATTEMPT 446 W0 START 4x2 seed=418647 2026-07-22T16:46:22.413
ATTEMPT 446 W0 SOLVE 4x2 2026-07-22T16:46:22.420
ATTEMPT 446 W0 DONE 4x2 seed=418647 nsol=16 0.02s 2026-07-22T16:46:22.437
ATTEMPT 447 W0 START 4x2 seed=418648 2026-07-22T16:46:22.438
ATTEMPT 447 W0 SOLVE 4x2 2026-07-22T16:46:22.445
ATTEMPT 447 W0 DONE 4x2 seed=418648 nsol=16 0.02s 2026-07-22T16:46:22.466
ATTEMPT 448 W0 START 4x2 seed=418649 2026-07-22T16:46:22.466
ATTEMPT 448 W0 SOLVE 4x2 2026-07-22T16:46:22.483
ATTEMPT 448 W0 DONE 4x2 seed=418649 nsol=16 0.08s 2026-07-22T16:46:22.558
ATTEMPT 449 W0 START 4x2 seed=418650 2026-07-22T16:46:22.574
ATTEMPT 449 W0 SOLVE 4x2 2026-07-22T16:46:22.581
ATTEMPT 449 W0 DONE 4x2 seed=418650 nsol=16 0.02s 2026-07-22T16:46:22.598
ATTEMPT 450 W0 START 4x2 seed=418651 2026-07-22T16:46:22.598
ATTEMPT 450 W0 SOLVE 4x2 2026-07-22T16:46:22.604
ATTEMPT 450 W0 DONE 4x2 seed=418651 nsol=16 0.02s 2026-07-22T16:46:22.621
ATTEMPT 451 W0 START 4x2 seed=418652 2026-07-22T16:46:22.622
ATTEMPT 451 W0 SOLVE 4x2 2026-07-22T16:46:22.628
ATTEMPT 451 W0 DONE 4x2 seed=418652 nsol=16 0.01s 2026-07-22T16:46:22.642
ATTEMPT 452 W0 START 4x2 seed=418653 2026-07-22T16:46:22.642
ATTEMPT 452 W0 SOLVE 4x2 2026-07-22T16:46:22.653
ATTEMPT 452 W0 DONE 4x2 seed=418653 nsol=16 0.01s 2026-07-22T16:46:22.668
ATTEMPT 453 W0 START 4x2 seed=418654 2026-07-22T16:46:22.668
ATTEMPT 453 W0 SOLVE 4x2 2026-07-22T16:46:22.673
ATTEMPT 453 W0 DONE 4x2 seed=418654 nsol=16 0.01s 2026-07-22T16:46:22.681
ATTEMPT 454 W0 START 4x2 seed=418655 2026-07-22T16:46:22.681
ATTEMPT 454 W0 SOLVE 4x2 2026-07-22T16:46:22.687
ATTEMPT 454 W0 DONE 4x2 seed=418655 nsol=16 0.02s 2026-07-22T16:46:22.706
ATTEMPT 455 W0 START 4x2 seed=418656 2026-07-22T16:46:22.706
ATTEMPT 455 W0 SOLVE 4x2 2026-07-22T16:46:22.714
ATTEMPT 455 W0 DONE 4x2 seed=418656 nsol=16 0.02s 2026-07-22T16:46:22.734
ATTEMPT 456 W0 START 4x2 seed=418657 2026-07-22T16:46:22.734
ATTEMPT 456 W0 SOLVE 4x2 2026-07-22T16:46:22.740
ATTEMPT 456 W0 DONE 4x2 seed=418657 nsol=16 0.01s 2026-07-22T16:46:22.751
ATTEMPT 457 W0 START 4x2 seed=418658 2026-07-22T16:46:22.752
ATTEMPT 457 W0 SOLVE 4x2 2026-07-22T16:46:22.757
ATTEMPT 457 W0 DONE 4x2 seed=418658 nsol=16 0.01s 2026-07-22T16:46:22.766
ATTEMPT 458 W0 START 4x2 seed=418659 2026-07-22T16:46:22.766
ATTEMPT 458 W0 SOLVE 4x2 2026-07-22T16:46:22.772
ATTEMPT 458 W0 DONE 4x2 seed=418659 nsol=16 0.01s 2026-07-22T16:46:22.779
ATTEMPT 459 W0 START 4x2 seed=418660 2026-07-22T16:46:22.780
ATTEMPT 459 W0 SOLVE 4x2 2026-07-22T16:46:22.786
ATTEMPT 459 W0 DONE 4x2 seed=418660 nsol=16 0.01s 2026-07-22T16:46:22.797
ATTEMPT 460 W0 START 4x2 seed=418661 2026-07-22T16:46:22.797
ATTEMPT 460 W0 SOLVE 4x2 2026-07-22T16:46:22.803
ATTEMPT 460 W0 DONE 4x2 seed=418661 nsol=16 0.01s 2026-07-22T16:46:22.809
ATTEMPT 461 W0 START 4x2 seed=418662 2026-07-22T16:46:22.809
ATTEMPT 461 W0 SOLVE 4x2 2026-07-22T16:46:22.814
ATTEMPT 461 W0 DONE 4x2 seed=418662 nsol=16 0.01s 2026-07-22T16:46:22.823
ATTEMPT 462 W0 START 4x2 seed=418663 2026-07-22T16:46:22.823
ATTEMPT 462 W0 SOLVE 4x2 2026-07-22T16:46:22.829
ATTEMPT 462 W0 DONE 4x2 seed=418663 nsol=16 0.02s 2026-07-22T16:46:22.846
ATTEMPT 463 W0 START 4x2 seed=418664 2026-07-22T16:46:22.846
ATTEMPT 463 W0 SOLVE 4x2 2026-07-22T16:46:22.854
ATTEMPT 463 W0 DONE 4x2 seed=418664 nsol=16 0.02s 2026-07-22T16:46:22.870
ATTEMPT 464 W0 START 4x2 seed=418665 2026-07-22T16:46:22.870
ATTEMPT 464 W0 SOLVE 4x2 2026-07-22T16:46:22.877
ATTEMPT 464 W0 DONE 4x2 seed=418665 nsol=16 0.02s 2026-07-22T16:46:22.894
ATTEMPT 465 W0 START 4x2 seed=418666 2026-07-22T16:46:22.894
ATTEMPT 465 W0 SOLVE 4x2 2026-07-22T16:46:22.900
ATTEMPT 465 W0 DONE 4x2 seed=418666 nsol=16 0.01s 2026-07-22T16:46:22.909
ATTEMPT 466 W0 START 4x2 seed=418667 2026-07-22T16:46:22.910
ATTEMPT 466 W0 SOLVE 4x2 2026-07-22T16:46:22.915
ATTEMPT 466 W0 DONE 4x2 seed=418667 nsol=16 0.01s 2026-07-22T16:46:22.930
ATTEMPT 467 W0 START 4x2 seed=418668 2026-07-22T16:46:22.930
ATTEMPT 467 W0 SOLVE 4x2 2026-07-22T16:46:22.937
ATTEMPT 467 W0 DONE 4x2 seed=418668 nsol=16 0.01s 2026-07-22T16:46:22.945
ATTEMPT 468 W0 START 4x2 seed=418669 2026-07-22T16:46:22.945
ATTEMPT 468 W0 SOLVE 4x2 2026-07-22T16:46:22.952
ATTEMPT 468 W0 DONE 4x2 seed=418669 nsol=16 0.02s 2026-07-22T16:46:22.970
ATTEMPT 469 W0 START 4x2 seed=418670 2026-07-22T16:46:22.970
ATTEMPT 469 W0 SOLVE 4x2 2026-07-22T16:46:22.976
ATTEMPT 469 W0 DONE 4x2 seed=418670 nsol=16 0.02s 2026-07-22T16:46:23
ATTEMPT 470 W0 START 4x2 seed=418671 2026-07-22T16:46:23.001
ATTEMPT 470 W0 SOLVE 4x2 2026-07-22T16:46:23.007
ATTEMPT 470 W0 DONE 4x2 seed=418671 nsol=16 0.02s 2026-07-22T16:46:23.022
ATTEMPT 471 W0 START 4x2 seed=418672 2026-07-22T16:46:23.023
ATTEMPT 471 W0 SOLVE 4x2 2026-07-22T16:46:23.031
ATTEMPT 471 W0 DONE 4x2 seed=418672 nsol=16 0.01s 2026-07-22T16:46:23.038
ATTEMPT 472 W0 START 4x2 seed=418673 2026-07-22T16:46:23.038
ATTEMPT 472 W0 SOLVE 4x2 2026-07-22T16:46:23.045
ATTEMPT 472 W0 DONE 4x2 seed=418673 nsol=16 0.02s 2026-07-22T16:46:23.062
ATTEMPT 473 W0 START 4x2 seed=418674 2026-07-22T16:46:23.063
ATTEMPT 473 W0 SOLVE 4x2 2026-07-22T16:46:23.069
ATTEMPT 473 W0 DONE 4x2 seed=418674 nsol=16 0.02s 2026-07-22T16:46:23.086
ATTEMPT 474 W0 START 4x2 seed=418675 2026-07-22T16:46:23.086
ATTEMPT 474 W0 SOLVE 4x2 2026-07-22T16:46:23.093
ATTEMPT 474 W0 DONE 4x2 seed=418675 nsol=16 0.01s 2026-07-22T16:46:23.102
ATTEMPT 475 W0 START 4x2 seed=418676 2026-07-22T16:46:23.102
ATTEMPT 475 W0 SOLVE 4x2 2026-07-22T16:46:23.109
ATTEMPT 475 W0 DONE 4x2 seed=418676 nsol=16 0.02s 2026-07-22T16:46:23.130
ATTEMPT 476 W0 START 4x2 seed=418677 2026-07-22T16:46:23.130
ATTEMPT 476 W0 SOLVE 4x2 2026-07-22T16:46:23.136
ATTEMPT 476 W0 DONE 4x2 seed=418677 nsol=16 0.01s 2026-07-22T16:46:23.145
ATTEMPT 477 W0 START 4x2 seed=418678 2026-07-22T16:46:23.146
ATTEMPT 477 W0 SOLVE 4x2 2026-07-22T16:46:23.153
ATTEMPT 477 W0 DONE 4x2 seed=418678 nsol=16 0.02s 2026-07-22T16:46:23.170
ATTEMPT 478 W0 START 4x2 seed=418679 2026-07-22T16:46:23.170
ATTEMPT 478 W0 SOLVE 4x2 2026-07-22T16:46:23.176
ATTEMPT 478 W0 DONE 4x2 seed=418679 nsol=16 0.01s 2026-07-22T16:46:23.188
ATTEMPT 479 W0 START 4x2 seed=418680 2026-07-22T16:46:23.188
ATTEMPT 479 W0 SOLVE 4x2 2026-07-22T16:46:23.195
ATTEMPT 479 W0 DONE 4x2 seed=418680 nsol=16 0.02s 2026-07-22T16:46:23.210
ATTEMPT 480 W0 START 4x2 seed=418681 2026-07-22T16:46:23.210
ATTEMPT 480 W0 SOLVE 4x2 2026-07-22T16:46:23.216
ATTEMPT 480 W0 DONE 4x2 seed=418681 nsol=16 0.01s 2026-07-22T16:46:23.227
ATTEMPT 481 W0 START 4x2 seed=418682 2026-07-22T16:46:23.227
ATTEMPT 481 W0 SOLVE 4x2 2026-07-22T16:46:23.235
ATTEMPT 481 W0 DONE 4x2 seed=418682 nsol=16 0.02s 2026-07-22T16:46:23.250
ATTEMPT 482 W0 START 4x2 seed=418683 2026-07-22T16:46:23.250
ATTEMPT 482 W0 SOLVE 4x2 2026-07-22T16:46:23.256
ATTEMPT 482 W0 DONE 4x2 seed=418683 nsol=16 0.01s 2026-07-22T16:46:23.270
ATTEMPT 483 W0 START 4x2 seed=418684 2026-07-22T16:46:23.271
ATTEMPT 483 W0 SOLVE 4x2 2026-07-22T16:46:23.278
ATTEMPT 483 W0 DONE 4x2 seed=418684 nsol=16 0.02s 2026-07-22T16:46:23.294
ATTEMPT 484 W0 START 4x2 seed=418685 2026-07-22T16:46:23.294
ATTEMPT 484 W0 SOLVE 4x2 2026-07-22T16:46:23.300
ATTEMPT 484 W0 DONE 4x2 seed=418685 nsol=16 0.05s 2026-07-22T16:46:23.355
ATTEMPT 485 W0 START 4x2 seed=418686 2026-07-22T16:46:23.357
ATTEMPT 485 W0 SOLVE 4x2 2026-07-22T16:46:23.365
ATTEMPT 485 W0 DONE 4x2 seed=418686 nsol=16 0.02s 2026-07-22T16:46:23.390
ATTEMPT 486 W0 START 4x2 seed=418687 2026-07-22T16:46:23.390
ATTEMPT 486 W0 SOLVE 4x2 2026-07-22T16:46:23.396
ATTEMPT 486 W0 DONE 4x2 seed=418687 nsol=16 0.02s 2026-07-22T16:46:23.413
ATTEMPT 487 W0 START 4x2 seed=418688 2026-07-22T16:46:23.413
ATTEMPT 487 W0 SOLVE 4x2 2026-07-22T16:46:23.419
ATTEMPT 487 W0 DONE 4x2 seed=418688 nsol=16 0.00s 2026-07-22T16:46:23.423
ATTEMPT 488 W0 START 4x2 seed=418689 2026-07-22T16:46:23.423
ATTEMPT 488 W0 SOLVE 4x2 2026-07-22T16:46:23.431
ATTEMPT 488 W0 DONE 4x2 seed=418689 nsol=16 0.02s 2026-07-22T16:46:23.446
ATTEMPT 489 W0 START 4x2 seed=418690 2026-07-22T16:46:23.446
ATTEMPT 489 W0 SOLVE 4x2 2026-07-22T16:46:23.452
ATTEMPT 489 W0 DONE 4x2 seed=418690 nsol=16 0.01s 2026-07-22T16:46:23.466
ATTEMPT 490 W0 START 4x2 seed=418691 2026-07-22T16:46:23.466
ATTEMPT 490 W0 SOLVE 4x2 2026-07-22T16:46:23.474
ATTEMPT 490 W0 DONE 4x2 seed=418691 nsol=16 0.01s 2026-07-22T16:46:23.486
ATTEMPT 491 W0 START 4x2 seed=418692 2026-07-22T16:46:23.486
ATTEMPT 491 W0 SOLVE 4x2 2026-07-22T16:46:23.491
ATTEMPT 491 W0 DONE 4x2 seed=418692 nsol=16 0.01s 2026-07-22T16:46:23.502
ATTEMPT 492 W0 START 4x2 seed=418693 2026-07-22T16:46:23.502
ATTEMPT 492 W0 SOLVE 4x2 2026-07-22T16:46:23.508
ATTEMPT 492 W0 DONE 4x2 seed=418693 nsol=16 0.01s 2026-07-22T16:46:23.522
ATTEMPT 493 W0 START 4x2 seed=418694 2026-07-22T16:46:23.522
ATTEMPT 493 W0 SOLVE 4x2 2026-07-22T16:46:23.529
ATTEMPT 493 W0 DONE 4x2 seed=418694 nsol=16 0.02s 2026-07-22T16:46:23.546
ATTEMPT 494 W0 START 4x2 seed=418695 2026-07-22T16:46:23.546
ATTEMPT 494 W0 SOLVE 4x2 2026-07-22T16:46:23.554
ATTEMPT 494 W0 DONE 4x2 seed=418695 nsol=16 0.01s 2026-07-22T16:46:23.561
ATTEMPT 495 W0 START 4x2 seed=418696 2026-07-22T16:46:23.561
ATTEMPT 495 W0 SOLVE 4x2 2026-07-22T16:46:23.569
ATTEMPT 495 W0 DONE 4x2 seed=418696 nsol=16 0.02s 2026-07-22T16:46:23.590
ATTEMPT 496 W0 START 4x2 seed=418697 2026-07-22T16:46:23.590
ATTEMPT 496 W0 SOLVE 4x2 2026-07-22T16:46:23.596
ATTEMPT 496 W0 DONE 4x2 seed=418697 nsol=16 0.02s 2026-07-22T16:46:23.617
ATTEMPT 497 W0 START 4x2 seed=418698 2026-07-22T16:46:23.618
ATTEMPT 497 W0 SOLVE 4x2 2026-07-22T16:46:23.625
ATTEMPT 497 W0 DONE 4x2 seed=418698 nsol=16 0.01s 2026-07-22T16:46:23.634
ATTEMPT 498 W0 START 4x2 seed=418699 2026-07-22T16:46:23.635
ATTEMPT 498 W0 SOLVE 4x2 2026-07-22T16:46:23.641
ATTEMPT 498 W0 DONE 4x2 seed=418699 nsol=16 0.01s 2026-07-22T16:46:23.648
ATTEMPT 499 W0 START 4x2 seed=418700 2026-07-22T16:46:23.648
ATTEMPT 499 W0 SOLVE 4x2 2026-07-22T16:46:23.657
ATTEMPT 499 W0 DONE 4x2 seed=418700 nsol=16 0.03s 2026-07-22T16:46:23.686
ATTEMPT 500 W0 START 4x2 seed=418701 2026-07-22T16:46:23.686
ATTEMPT 500 W0 SOLVE 4x2 2026-07-22T16:46:23.694
ATTEMPT 500 W0 DONE 4x2 seed=418701 nsol=16 0.02s 2026-07-22T16:46:23.714
ATTEMPT 501 W0 START 4x2 seed=418702 2026-07-22T16:46:23.714
ATTEMPT 501 W0 SOLVE 4x2 2026-07-22T16:46:23.722
ATTEMPT 501 W0 DONE 4x2 seed=418702 nsol=16 0.02s 2026-07-22T16:46:23.738
ATTEMPT 502 W0 START 4x2 seed=418703 2026-07-22T16:46:23.738
ATTEMPT 502 W0 SOLVE 4x2 2026-07-22T16:46:23.745
ATTEMPT 502 W0 DONE 4x2 seed=418703 nsol=16 0.02s 2026-07-22T16:46:23.762
ATTEMPT 503 W0 START 4x2 seed=418704 2026-07-22T16:46:23.762
ATTEMPT 503 W0 SOLVE 4x2 2026-07-22T16:46:23.768
ATTEMPT 503 W0 DONE 4x2 seed=418704 nsol=16 0.02s 2026-07-22T16:46:23.786
ATTEMPT 504 W0 START 4x2 seed=418705 2026-07-22T16:46:23.786
ATTEMPT 504 W0 SOLVE 4x2 2026-07-22T16:46:23.794
ATTEMPT 504 W0 DONE 4x2 seed=418705 nsol=16 0.01s 2026-07-22T16:46:23.804
ATTEMPT 505 W0 START 4x2 seed=418706 2026-07-22T16:46:23.804
ATTEMPT 505 W0 SOLVE 4x2 2026-07-22T16:46:23.812
ATTEMPT 505 W0 DONE 4x2 seed=418706 nsol=16 0.02s 2026-07-22T16:46:23.833
ATTEMPT 506 W0 START 4x2 seed=418707 2026-07-22T16:46:23.833
ATTEMPT 506 W0 SOLVE 4x2 2026-07-22T16:46:23.840
ATTEMPT 506 W0 DONE 4x2 seed=418707 nsol=16 0.01s 2026-07-22T16:46:23.854
ATTEMPT 507 W0 START 4x2 seed=418708 2026-07-22T16:46:23.854
ATTEMPT 507 W0 SOLVE 4x2 2026-07-22T16:46:23.862
ATTEMPT 507 W0 DONE 4x2 seed=418708 nsol=16 0.01s 2026-07-22T16:46:23.874
ATTEMPT 508 W0 START 4x2 seed=418709 2026-07-22T16:46:23.874
ATTEMPT 508 W0 SOLVE 4x2 2026-07-22T16:46:23.881
ATTEMPT 508 W0 DONE 4x2 seed=418709 nsol=16 0.01s 2026-07-22T16:46:23.892
ATTEMPT 509 W0 START 4x2 seed=418710 2026-07-22T16:46:23.892
ATTEMPT 509 W0 SOLVE 4x2 2026-07-22T16:46:23.898
ATTEMPT 509 W0 DONE 4x2 seed=418710 nsol=16 0.01s 2026-07-22T16:46:23.913
ATTEMPT 510 W0 START 4x2 seed=418711 2026-07-22T16:46:23.914
ATTEMPT 510 W0 SOLVE 4x2 2026-07-22T16:46:23.920
ATTEMPT 510 W0 DONE 4x2 seed=418711 nsol=16 0.01s 2026-07-22T16:46:23.934
ATTEMPT 511 W0 START 4x2 seed=418712 2026-07-22T16:46:23.934
ATTEMPT 511 W0 SOLVE 4x2 2026-07-22T16:46:23.942
ATTEMPT 511 W0 DONE 4x2 seed=418712 nsol=16 0.01s 2026-07-22T16:46:23.950
ATTEMPT 512 W0 START 4x2 seed=418713 2026-07-22T16:46:23.950
ATTEMPT 512 W0 SOLVE 4x2 2026-07-22T16:46:23.959
ATTEMPT 512 W0 DONE 4x2 seed=418713 nsol=16 0.02s 2026-07-22T16:46:23.978
ATTEMPT 513 W0 START 4x2 seed=418714 2026-07-22T16:46:23.978
ATTEMPT 513 W0 SOLVE 4x2 2026-07-22T16:46:23.984
ATTEMPT 513 W0 DONE 4x2 seed=418714 nsol=16 0.01s 2026-07-22T16:46:23.997
ATTEMPT 514 W0 START 4x2 seed=418715 2026-07-22T16:46:23.997
ATTEMPT 514 W0 SOLVE 4x2 2026-07-22T16:46:24.005
ATTEMPT 514 W0 DONE 4x2 seed=418715 nsol=16 0.02s 2026-07-22T16:46:24.022
ATTEMPT 515 W0 START 4x2 seed=418716 2026-07-22T16:46:24.022
ATTEMPT 515 W0 SOLVE 4x2 2026-07-22T16:46:24.029
ATTEMPT 515 W0 DONE 4x2 seed=418716 nsol=16 0.02s 2026-07-22T16:46:24.050
ATTEMPT 516 W0 START 4x2 seed=418717 2026-07-22T16:46:24.050
ATTEMPT 516 W0 SOLVE 4x2 2026-07-22T16:46:24.056
ATTEMPT 516 W0 DONE 4x2 seed=418717 nsol=16 0.01s 2026-07-22T16:46:24.062
ATTEMPT 517 W0 START 4x2 seed=418718 2026-07-22T16:46:24.062
ATTEMPT 517 W0 SOLVE 4x2 2026-07-22T16:46:24.068
ATTEMPT 517 W0 DONE 4x2 seed=418718 nsol=16 0.01s 2026-07-22T16:46:24.082
ATTEMPT 518 W0 START 4x2 seed=418719 2026-07-22T16:46:24.083
ATTEMPT 518 W0 SOLVE 4x2 2026-07-22T16:46:24.091
ATTEMPT 518 W0 DONE 4x2 seed=418719 nsol=16 0.01s 2026-07-22T16:46:24.106
ATTEMPT 519 W0 START 4x2 seed=418720 2026-07-22T16:46:24.106
ATTEMPT 519 W0 SOLVE 4x2 2026-07-22T16:46:24.112
ATTEMPT 519 W0 DONE 4x2 seed=418720 nsol=16 0.13s 2026-07-22T16:46:24.243
ATTEMPT 520 W0 START 4x2 seed=418721 2026-07-22T16:46:24.334
ATTEMPT 520 W0 SOLVE 4x2 2026-07-22T16:46:24.349
ATTEMPT 520 W0 DONE 4x2 seed=418721 nsol=16 0.01s 2026-07-22T16:46:24.360
ATTEMPT 521 W0 START 4x2 seed=418722 2026-07-22T16:46:24.361
ATTEMPT 521 W0 SOLVE 4x2 2026-07-22T16:46:24.367
ATTEMPT 521 W0 DONE 4x2 seed=418722 nsol=16 0.01s 2026-07-22T16:46:24.378
ATTEMPT 522 W0 START 4x2 seed=418723 2026-07-22T16:46:24.379
ATTEMPT 522 W0 SOLVE 4x2 2026-07-22T16:46:24.385
Computing mixed cells... 2    Time: 0:00:00[K
   mixed_volume: 10[K[A
[K[AComputing mixed cells... 4    Time: 0:00:00[K
   mixed_volume: 16[K
ATTEMPT 522 W0 DONE 4x2 seed=418723 nsol=16 0.26s 2026-07-22T16:46:24.648
ATTEMPT 523 W0 START 4x2 seed=418724 2026-07-22T16:46:24.648
ATTEMPT 523 W0 SOLVE 4x2 2026-07-22T16:46:24.657
ATTEMPT 523 W0 DONE 4x2 seed=418724 nsol=16 0.01s 2026-07-22T16:46:24.666
ATTEMPT 524 W0 START 4x2 seed=418725 2026-07-22T16:46:24.667
ATTEMPT 524 W0 SOLVE 4x2 2026-07-22T16:46:24.673
ATTEMPT 524 W0 DONE 4x2 seed=418725 nsol=16 0.01s 2026-07-22T16:46:24.684
ATTEMPT 525 W0 START 4x2 seed=418726 2026-07-22T16:46:24.684
ATTEMPT 525 W0 SOLVE 4x2 2026-07-22T16:46:24.698
ATTEMPT 525 W0 DONE 4x2 seed=418726 nsol=16 0.01s 2026-07-22T16:46:24.708
ATTEMPT 526 W0 START 4x2 seed=418727 2026-07-22T16:46:24.714
ATTEMPT 526 W0 SOLVE 4x2 2026-07-22T16:46:24.720
ATTEMPT 526 W0 DONE 4x2 seed=418727 nsol=16 0.00s 2026-07-22T16:46:24.730
ATTEMPT 527 W0 START 4x2 seed=418728 2026-07-22T16:46:24.730
ATTEMPT 527 W0 SOLVE 4x2 2026-07-22T16:46:24.743
ATTEMPT 527 W0 DONE 4x2 seed=418728 nsol=16 0.01s 2026-07-22T16:46:24.754
ATTEMPT 528 W0 START 4x2 seed=418729 2026-07-22T16:46:24.754
ATTEMPT 528 W0 SOLVE 4x2 2026-07-22T16:46:24.760
ATTEMPT 528 W0 DONE 4x2 seed=418729 nsol=16 0.01s 2026-07-22T16:46:24.770
ATTEMPT 529 W0 START 4x2 seed=418730 2026-07-22T16:46:24.770
ATTEMPT 529 W0 SOLVE 4x2 2026-07-22T16:46:24.776
ATTEMPT 529 W0 DONE 4x2 seed=418730 nsol=16 0.01s 2026-07-22T16:46:24.786
ATTEMPT 530 W0 START 4x2 seed=418731 2026-07-22T16:46:24.786
ATTEMPT 530 W0 SOLVE 4x2 2026-07-22T16:46:24.792
ATTEMPT 530 W0 DONE 4x2 seed=418731 nsol=16 0.01s 2026-07-22T16:46:24.806
ATTEMPT 531 W0 START 4x2 seed=418732 2026-07-22T16:46:24.806
ATTEMPT 531 W0 SOLVE 4x2 2026-07-22T16:46:24.815
ATTEMPT 531 W0 DONE 4x2 seed=418732 nsol=16 0.01s 2026-07-22T16:46:24.830
ATTEMPT 532 W0 START 4x2 seed=418733 2026-07-22T16:46:24.830
ATTEMPT 532 W0 SOLVE 4x2 2026-07-22T16:46:24.837
ATTEMPT 532 W0 DONE 4x2 seed=418733 nsol=16 0.02s 2026-07-22T16:46:24.852
ATTEMPT 533 W0 START 4x2 seed=418734 2026-07-22T16:46:24.852
ATTEMPT 533 W0 SOLVE 4x2 2026-07-22T16:46:24.860
ATTEMPT 533 W0 DONE 4x2 seed=418734 nsol=16 0.01s 2026-07-22T16:46:24.865
ATTEMPT 534 W0 START 4x2 seed=418735 2026-07-22T16:46:24.865
ATTEMPT 534 W0 SOLVE 4x2 2026-07-22T16:46:24.872
ATTEMPT 534 W0 DONE 4x2 seed=418735 nsol=16 0.02s 2026-07-22T16:46:24.894
ATTEMPT 535 W0 START 4x2 seed=418736 2026-07-22T16:46:24.894
ATTEMPT 535 W0 SOLVE 4x2 2026-07-22T16:46:24.903
ATTEMPT 535 W0 DONE 4x2 seed=418736 nsol=16 0.01s 2026-07-22T16:46:24.918
ATTEMPT 536 W0 START 4x2 seed=418737 2026-07-22T16:46:24.918
ATTEMPT 536 W0 SOLVE 4x2 2026-07-22T16:46:24.926
ATTEMPT 536 W0 DONE 4x2 seed=418737 nsol=16 0.01s 2026-07-22T16:46:24.939
ATTEMPT 537 W0 START 4x2 seed=418738 2026-07-22T16:46:24.939
ATTEMPT 537 W0 SOLVE 4x2 2026-07-22T16:46:24.945
ATTEMPT 537 W0 DONE 4x2 seed=418738 nsol=16 0.01s 2026-07-22T16:46:24.952
ATTEMPT 538 W0 START 4x2 seed=418739 2026-07-22T16:46:24.952
ATTEMPT 538 W0 SOLVE 4x2 2026-07-22T16:46:24.971
ATTEMPT 538 W0 DONE 4x2 seed=418739 nsol=16 0.02s 2026-07-22T16:46:24.994
ATTEMPT 539 W0 START 4x2 seed=418740 2026-07-22T16:46:24.994
ATTEMPT 539 W0 SOLVE 4x2 2026-07-22T16:46:25
ATTEMPT 539 W0 DONE 4x2 seed=418740 nsol=16 0.02s 2026-07-22T16:46:25.022
ATTEMPT 540 W0 START 4x2 seed=418741 2026-07-22T16:46:25.023
ATTEMPT 540 W0 SOLVE 4x2 2026-07-22T16:46:25.030
ATTEMPT 540 W0 DONE 4x2 seed=418741 nsol=16 0.02s 2026-07-22T16:46:25.046
ATTEMPT 541 W0 START 4x2 seed=418742 2026-07-22T16:46:25.046
ATTEMPT 541 W0 SOLVE 4x2 2026-07-22T16:46:25.054
ATTEMPT 541 W0 DONE 4x2 seed=418742 nsol=16 0.01s 2026-07-22T16:46:25.071
ATTEMPT 542 W0 START 4x2 seed=418743 2026-07-22T16:46:25.071
ATTEMPT 542 W0 SOLVE 4x2 2026-07-22T16:46:25.081
ATTEMPT 542 W0 DONE 4x2 seed=418743 nsol=16 0.01s 2026-07-22T16:46:25.099
ATTEMPT 543 W0 START 4x2 seed=418744 2026-07-22T16:46:25.099
ATTEMPT 543 W0 SOLVE 4x2 2026-07-22T16:46:25.104
ATTEMPT 543 W0 DONE 4x2 seed=418744 nsol=16 0.02s 2026-07-22T16:46:25.124
ATTEMPT 544 W0 START 4x2 seed=418745 2026-07-22T16:46:25.124
ATTEMPT 544 W0 SOLVE 4x2 2026-07-22T16:46:25.133
ATTEMPT 544 W0 DONE 4x2 seed=418745 nsol=16 0.01s 2026-07-22T16:46:25.141
ATTEMPT 545 W0 START 4x2 seed=418746 2026-07-22T16:46:25.141
ATTEMPT 545 W0 SOLVE 4x2 2026-07-22T16:46:25.147
ATTEMPT 545 W0 DONE 4x2 seed=418746 nsol=16 0.02s 2026-07-22T16:46:25.166
ATTEMPT 546 W0 START 4x2 seed=418747 2026-07-22T16:46:25.166
ATTEMPT 546 W0 SOLVE 4x2 2026-07-22T16:46:25.172
ATTEMPT 546 W0 DONE 4x2 seed=418747 nsol=16 0.01s 2026-07-22T16:46:25.178
ATTEMPT 547 W0 START 4x2 seed=418748 2026-07-22T16:46:25.178
ATTEMPT 547 W0 SOLVE 4x2 2026-07-22T16:46:25.187
ATTEMPT 547 W0 DONE 4x2 seed=418748 nsol=16 0.01s 2026-07-22T16:46:25.197
ATTEMPT 548 W0 START 4x2 seed=418749 2026-07-22T16:46:25.197
ATTEMPT 548 W0 SOLVE 4x2 2026-07-22T16:46:25.204
ATTEMPT 548 W0 DONE 4x2 seed=418749 nsol=16 0.01s 2026-07-22T16:46:25.209
ATTEMPT 549 W0 START 4x2 seed=418750 2026-07-22T16:46:25.209
ATTEMPT 549 W0 SOLVE 4x2 2026-07-22T16:46:25.217
ATTEMPT 549 W0 DONE 4x2 seed=418750 nsol=16 0.01s 2026-07-22T16:46:25.229
ATTEMPT 550 W0 START 4x2 seed=418751 2026-07-22T16:46:25.230
ATTEMPT 550 W0 SOLVE 4x2 2026-07-22T16:46:25.239
ATTEMPT 550 W0 DONE 4x2 seed=418751 nsol=16 0.01s 2026-07-22T16:46:25.254
ATTEMPT 551 W0 START 4x2 seed=418752 2026-07-22T16:46:25.254
ATTEMPT 551 W0 SOLVE 4x2 2026-07-22T16:46:25.261
ATTEMPT 551 W0 DONE 4x2 seed=418752 nsol=16 0.01s 2026-07-22T16:46:25.275
ATTEMPT 552 W0 START 4x2 seed=418753 2026-07-22T16:46:25.275
ATTEMPT 552 W0 SOLVE 4x2 2026-07-22T16:46:25.281
ATTEMPT 552 W0 DONE 4x2 seed=418753 nsol=16 0.01s 2026-07-22T16:46:25.294
ATTEMPT 553 W0 START 4x2 seed=418754 2026-07-22T16:46:25.294
ATTEMPT 553 W0 SOLVE 4x2 2026-07-22T16:46:25.302
ATTEMPT 553 W0 DONE 4x2 seed=418754 nsol=16 0.02s 2026-07-22T16:46:25.318
ATTEMPT 554 W0 START 4x2 seed=418755 2026-07-22T16:46:25.318
ATTEMPT 554 W0 SOLVE 4x2 2026-07-22T16:46:25.324
ATTEMPT 554 W0 DONE 4x2 seed=418755 nsol=16 0.03s 2026-07-22T16:46:25.358
ATTEMPT 555 W0 START 4x2 seed=418756 2026-07-22T16:46:25.358
ATTEMPT 555 W0 SOLVE 4x2 2026-07-22T16:46:25.365
ATTEMPT 555 W0 DONE 4x2 seed=418756 nsol=16 0.26s 2026-07-22T16:46:25.622
ATTEMPT 556 W0 START 4x2 seed=418757 2026-07-22T16:46:25.637
ATTEMPT 556 W0 SOLVE 4x2 2026-07-22T16:46:25.653
ATTEMPT 556 W0 DONE 4x2 seed=418757 nsol=16 0.01s 2026-07-22T16:46:25.676
ATTEMPT 557 W0 START 4x2 seed=418758 2026-07-22T16:46:25.677
ATTEMPT 557 W0 SOLVE 4x2 2026-07-22T16:46:25.683
ATTEMPT 557 W0 DONE 4x2 seed=418758 nsol=16 0.05s 2026-07-22T16:46:25.730
ATTEMPT 558 W0 START 4x2 seed=418759 2026-07-22T16:46:25.730
ATTEMPT 558 W0 SOLVE 4x2 2026-07-22T16:46:25.784
ATTEMPT 558 W0 DONE 4x2 seed=418759 nsol=16 0.01s 2026-07-22T16:46:25.798
ATTEMPT 559 W0 START 4x2 seed=418760 2026-07-22T16:46:25.798
ATTEMPT 559 W0 SOLVE 4x2 2026-07-22T16:46:25.808
ATTEMPT 559 W0 DONE 4x2 seed=418760 nsol=16 0.02s 2026-07-22T16:46:25.829
ATTEMPT 560 W0 START 4x2 seed=418761 2026-07-22T16:46:25.829
ATTEMPT 560 W0 SOLVE 4x2 2026-07-22T16:46:25.841
ATTEMPT 560 W0 DONE 4x2 seed=418761 nsol=16 0.02s 2026-07-22T16:46:25.862
ATTEMPT 561 W0 START 4x2 seed=418762 2026-07-22T16:46:25.862
ATTEMPT 561 W0 SOLVE 4x2 2026-07-22T16:46:25.871
ATTEMPT 561 W0 DONE 4x2 seed=418762 nsol=16 0.01s 2026-07-22T16:46:25.879
ATTEMPT 562 W0 START 4x2 seed=418763 2026-07-22T16:46:25.879
ATTEMPT 562 W0 SOLVE 4x2 2026-07-22T16:46:25.889
ATTEMPT 562 W0 DONE 4x2 seed=418763 nsol=16 0.02s 2026-07-22T16:46:25.906
ATTEMPT 563 W0 START 4x2 seed=418764 2026-07-22T16:46:25.907
ATTEMPT 563 W0 SOLVE 4x2 2026-07-22T16:46:25.925
ATTEMPT 563 W0 DONE 4x2 seed=418764 nsol=16 0.01s 2026-07-22T16:46:25.937
ATTEMPT 564 W0 START 4x2 seed=418765 2026-07-22T16:46:25.937
ATTEMPT 564 W0 SOLVE 4x2 2026-07-22T16:46:25.944
ATTEMPT 564 W0 DONE 4x2 seed=418765 nsol=16 0.01s 2026-07-22T16:46:25.954
ATTEMPT 565 W0 START 4x2 seed=418766 2026-07-22T16:46:25.954
ATTEMPT 565 W0 SOLVE 4x2 2026-07-22T16:46:25.984
ATTEMPT 565 W0 DONE 4x2 seed=418766 nsol=16 0.02s 2026-07-22T16:46:26.006
ATTEMPT 566 W0 START 4x2 seed=418767 2026-07-22T16:46:26.006
ATTEMPT 566 W0 SOLVE 4x2 2026-07-22T16:46:26.020
ATTEMPT 566 W0 DONE 4x2 seed=418767 nsol=16 0.01s 2026-07-22T16:46:26.030
ATTEMPT 567 W0 START 4x2 seed=418768 2026-07-22T16:46:26.030
ATTEMPT 567 W0 SOLVE 4x2 2026-07-22T16:46:26.036
ATTEMPT 567 W0 DONE 4x2 seed=418768 nsol=16 0.01s 2026-07-22T16:46:26.050
ATTEMPT 568 W0 START 4x2 seed=418769 2026-07-22T16:46:26.050
ATTEMPT 568 W0 SOLVE 4x2 2026-07-22T16:46:26.069
ATTEMPT 568 W0 DONE 4x2 seed=418769 nsol=16 0.01s 2026-07-22T16:46:26.082
ATTEMPT 569 W0 START 4x2 seed=418770 2026-07-22T16:46:26.082
ATTEMPT 569 W0 SOLVE 4x2 2026-07-22T16:46:26.088
ATTEMPT 569 W0 DONE 4x2 seed=418770 nsol=16 0.01s 2026-07-22T16:46:26.100
ATTEMPT 570 W0 START 4x2 seed=418771 2026-07-22T16:46:26.100
ATTEMPT 570 W0 SOLVE 4x2 2026-07-22T16:46:26.111
ATTEMPT 570 W0 DONE 4x2 seed=418771 nsol=16 0.02s 2026-07-22T16:46:26.131
ATTEMPT 571 W0 START 4x2 seed=418772 2026-07-22T16:46:26.131
ATTEMPT 571 W0 SOLVE 4x2 2026-07-22T16:46:26.137
ATTEMPT 571 W0 DONE 4x2 seed=418772 nsol=16 0.01s 2026-07-22T16:46:26.151
ATTEMPT 572 W0 START 4x2 seed=418773 2026-07-22T16:46:26.151
ATTEMPT 572 W0 SOLVE 4x2 2026-07-22T16:46:26.159
ATTEMPT 572 W0 DONE 4x2 seed=418773 nsol=16 0.01s 2026-07-22T16:46:26.170
ATTEMPT 573 W0 START 4x2 seed=418774 2026-07-22T16:46:26.170
ATTEMPT 573 W0 SOLVE 4x2 2026-07-22T16:46:26.176
ATTEMPT 573 W0 DONE 4x2 seed=418774 nsol=16 0.01s 2026-07-22T16:46:26.190
ATTEMPT 574 W0 START 4x2 seed=418775 2026-07-22T16:46:26.190
ATTEMPT 574 W0 SOLVE 4x2 2026-07-22T16:46:26.198
ATTEMPT 574 W0 DONE 4x2 seed=418775 nsol=16 0.02s 2026-07-22T16:46:26.214
ATTEMPT 575 W0 START 4x2 seed=418776 2026-07-22T16:46:26.214
ATTEMPT 575 W0 SOLVE 4x2 2026-07-22T16:46:26.222
ATTEMPT 575 W0 DONE 4x2 seed=418776 nsol=16 0.02s 2026-07-22T16:46:26.238
ATTEMPT 576 W0 START 4x2 seed=418777 2026-07-22T16:46:26.238
ATTEMPT 576 W0 SOLVE 4x2 2026-07-22T16:46:26.244
ATTEMPT 576 W0 DONE 4x2 seed=418777 nsol=16 0.01s 2026-07-22T16:46:26.258
ATTEMPT 577 W0 START 4x2 seed=418778 2026-07-22T16:46:26.258
ATTEMPT 577 W0 SOLVE 4x2 2026-07-22T16:46:26.265
ATTEMPT 577 W0 DONE 4x2 seed=418778 nsol=16 0.01s 2026-07-22T16:46:26.273
ATTEMPT 578 W0 START 4x2 seed=418779 2026-07-22T16:46:26.273
ATTEMPT 578 W0 SOLVE 4x2 2026-07-22T16:46:26.280
ATTEMPT 578 W0 DONE 4x2 seed=418779 nsol=16 0.02s 2026-07-22T16:46:26.302
ATTEMPT 579 W0 START 4x2 seed=418780 2026-07-22T16:46:26.302
ATTEMPT 579 W0 SOLVE 4x2 2026-07-22T16:46:26.309
ATTEMPT 579 W0 DONE 4x2 seed=418780 nsol=16 0.03s 2026-07-22T16:46:26.338
ATTEMPT 580 W0 START 4x2 seed=418781 2026-07-22T16:46:26.338
ATTEMPT 580 W0 SOLVE 4x2 2026-07-22T16:46:26.345
ATTEMPT 580 W0 DONE 4x2 seed=418781 nsol=16 0.01s 2026-07-22T16:46:26.354
ATTEMPT 581 W0 START 4x2 seed=418782 2026-07-22T16:46:26.354
ATTEMPT 581 W0 SOLVE 4x2 2026-07-22T16:46:26.359
ATTEMPT 581 W0 DONE 4x2 seed=418782 nsol=16 0.01s 2026-07-22T16:46:26.370
ATTEMPT 582 W0 START 4x2 seed=418783 2026-07-22T16:46:26.370
ATTEMPT 582 W0 SOLVE 4x2 2026-07-22T16:46:26.376
ATTEMPT 582 W0 DONE 4x2 seed=418783 nsol=16 0.01s 2026-07-22T16:46:26.391
ATTEMPT 583 W0 START 4x2 seed=418784 2026-07-22T16:46:26.391
ATTEMPT 583 W0 SOLVE 4x2 2026-07-22T16:46:26.397
ATTEMPT 583 W0 DONE 4x2 seed=418784 nsol=16 0.01s 2026-07-22T16:46:26.410
ATTEMPT 584 W0 START 4x2 seed=418785 2026-07-22T16:46:26.410
ATTEMPT 584 W0 SOLVE 4x2 2026-07-22T16:46:26.416
ATTEMPT 584 W0 DONE 4x2 seed=418785 nsol=16 0.01s 2026-07-22T16:46:26.430
ATTEMPT 585 W0 START 4x2 seed=418786 2026-07-22T16:46:26.430
ATTEMPT 585 W0 SOLVE 4x2 2026-07-22T16:46:26.436
ATTEMPT 585 W0 DONE 4x2 seed=418786 nsol=16 0.01s 2026-07-22T16:46:26.449
ATTEMPT 586 W0 START 4x2 seed=418787 2026-07-22T16:46:26.449
ATTEMPT 586 W0 SOLVE 4x2 2026-07-22T16:46:26.454
ATTEMPT 586 W0 DONE 4x2 seed=418787 nsol=16 0.01s 2026-07-22T16:46:26.462
ATTEMPT 587 W0 START 4x2 seed=418788 2026-07-22T16:46:26.462
ATTEMPT 587 W0 SOLVE 4x2 2026-07-22T16:46:26.468
ATTEMPT 587 W0 DONE 4x2 seed=418788 nsol=16 0.02s 2026-07-22T16:46:26.485
ATTEMPT 588 W0 START 4x2 seed=418789 2026-07-22T16:46:26.486
ATTEMPT 588 W0 SOLVE 4x2 2026-07-22T16:46:26.491
ATTEMPT 588 W0 DONE 4x2 seed=418789 nsol=16 0.01s 2026-07-22T16:46:26.502
ATTEMPT 589 W0 START 4x2 seed=418790 2026-07-22T16:46:26.502
ATTEMPT 589 W0 SOLVE 4x2 2026-07-22T16:46:26.508
ATTEMPT 589 W0 DONE 4x2 seed=418790 nsol=16 0.01s 2026-07-22T16:46:26.518
ATTEMPT 590 W0 START 4x2 seed=418791 2026-07-22T16:46:26.518
ATTEMPT 590 W0 SOLVE 4x2 2026-07-22T16:46:26.526
ATTEMPT 590 W0 DONE 4x2 seed=418791 nsol=16 0.02s 2026-07-22T16:46:26.542
ATTEMPT 591 W0 START 4x2 seed=418792 2026-07-22T16:46:26.542
ATTEMPT 591 W0 SOLVE 4x2 2026-07-22T16:46:26.550
ATTEMPT 591 W0 DONE 4x2 seed=418792 nsol=16 0.03s 2026-07-22T16:46:26.585
ATTEMPT 592 W0 START 4x2 seed=418793 2026-07-22T16:46:26.585
ATTEMPT 592 W0 SOLVE 4x2 2026-07-22T16:46:26.597
ATTEMPT 592 W0 DONE 4x2 seed=418793 nsol=16 0.02s 2026-07-22T16:46:26.619
ATTEMPT 593 W0 START 4x2 seed=418794 2026-07-22T16:46:26.619
ATTEMPT 593 W0 SOLVE 4x2 2026-07-22T16:46:26.625
ATTEMPT 593 W0 DONE 4x2 seed=418794 nsol=16 0.01s 2026-07-22T16:46:26.638
ATTEMPT 594 W0 START 4x2 seed=418795 2026-07-22T16:46:26.638
ATTEMPT 594 W0 SOLVE 4x2 2026-07-22T16:46:26.644
ATTEMPT 594 W0 DONE 4x2 seed=418795 nsol=16 0.02s 2026-07-22T16:46:26.666
ATTEMPT 595 W0 START 4x2 seed=418796 2026-07-22T16:46:26.666
ATTEMPT 595 W0 SOLVE 4x2 2026-07-22T16:46:26.673
ATTEMPT 595 W0 DONE 4x2 seed=418796 nsol=16 0.02s 2026-07-22T16:46:26.690
ATTEMPT 596 W0 START 4x2 seed=418797 2026-07-22T16:46:26.690
ATTEMPT 596 W0 SOLVE 4x2 2026-07-22T16:46:26.698
ATTEMPT 596 W0 DONE 4x2 seed=418797 nsol=16 0.01s 2026-07-22T16:46:26.709
ATTEMPT 597 W0 START 4x2 seed=418798 2026-07-22T16:46:26.709
ATTEMPT 597 W0 SOLVE 4x2 2026-07-22T16:46:26.718
ATTEMPT 597 W0 DONE 4x2 seed=418798 nsol=16 0.02s 2026-07-22T16:46:26.742
ATTEMPT 598 W0 START 4x2 seed=418799 2026-07-22T16:46:26.742
ATTEMPT 598 W0 SOLVE 4x2 2026-07-22T16:46:26.754
ATTEMPT 598 W0 DONE 4x2 seed=418799 nsol=16 0.01s 2026-07-22T16:46:26.768
ATTEMPT 599 W0 START 4x2 seed=418800 2026-07-22T16:46:26.768
ATTEMPT 599 W0 SOLVE 4x2 2026-07-22T16:46:26.774
ATTEMPT 599 W0 DONE 4x2 seed=418800 nsol=16 0.01s 2026-07-22T16:46:26.787
ATTEMPT 600 W0 START 4x2 seed=418801 2026-07-22T16:46:26.788
ATTEMPT 600 W0 SOLVE 4x2 2026-07-22T16:46:26.793
ATTEMPT 600 W0 DONE 4x2 seed=418801 nsol=16 0.02s 2026-07-22T16:46:26.809
HUNT2 complete 2026-07-22T16:46:26.814
