HUNT2 start mode=seq hcthr=on nworkers=0 nthreads=14 ngcthreads=14 nsolves=600 seed_base=828403 shape=4x2 pid=2055752 julia=1.12.6 HC=2.20.0 2026-07-22T16:55:01.625
ATTEMPT 1 W0 START 4x2 seed=828404 2026-07-22T16:55:06.962
ATTEMPT 1 W0 SOLVE 4x2 2026-07-22T16:55:08.309
Computing mixed cells... 2    Time: 0:00:05[K
   mixed_volume: 2[K[A
[K[AComputing mixed cells... 8    Time: 0:00:05[K
   mixed_volume: 16[K
ATTEMPT 1 W0 DONE 4x2 seed=828404 nsol=16 108.39s 2026-07-22T16:56:56.976
ATTEMPT 2 W0 START 4x2 seed=828405 2026-07-22T16:56:57.300
ATTEMPT 2 W0 SOLVE 4x2 2026-07-22T16:56:57.306
ATTEMPT 2 W0 DONE 4x2 seed=828405 nsol=16 0.01s 2026-07-22T16:56:57.320
ATTEMPT 3 W0 START 4x2 seed=828406 2026-07-22T16:56:57.320
ATTEMPT 3 W0 SOLVE 4x2 2026-07-22T16:56:57.326
ATTEMPT 3 W0 DONE 4x2 seed=828406 nsol=16 0.02s 2026-07-22T16:56:57.344
ATTEMPT 4 W0 START 4x2 seed=828407 2026-07-22T16:56:57.344
ATTEMPT 4 W0 SOLVE 4x2 2026-07-22T16:56:57.350
ATTEMPT 4 W0 DONE 4x2 seed=828407 nsol=16 0.01s 2026-07-22T16:56:57.356
ATTEMPT 5 W0 START 4x2 seed=828408 2026-07-22T16:56:57.356
ATTEMPT 5 W0 SOLVE 4x2 2026-07-22T16:56:57.362
ATTEMPT 5 W0 DONE 4x2 seed=828408 nsol=16 0.01s 2026-07-22T16:56:57.375
ATTEMPT 6 W0 START 4x2 seed=828409 2026-07-22T16:56:57.375
ATTEMPT 6 W0 SOLVE 4x2 2026-07-22T16:56:57.381
ATTEMPT 6 W0 DONE 4x2 seed=828409 nsol=16 0.01s 2026-07-22T16:56:57.395
ATTEMPT 7 W0 START 4x2 seed=828410 2026-07-22T16:56:57.399
ATTEMPT 7 W0 SOLVE 4x2 2026-07-22T16:56:57.413
ATTEMPT 7 W0 DONE 4x2 seed=828410 nsol=16 0.01s 2026-07-22T16:56:57.431
ATTEMPT 8 W0 START 4x2 seed=828411 2026-07-22T16:56:57.431
ATTEMPT 8 W0 SOLVE 4x2 2026-07-22T16:56:57.444
ATTEMPT 8 W0 DONE 4x2 seed=828411 nsol=16 0.03s 2026-07-22T16:56:57.471
ATTEMPT 9 W0 START 4x2 seed=828412 2026-07-22T16:56:57.472
ATTEMPT 9 W0 SOLVE 4x2 2026-07-22T16:56:57.483
ATTEMPT 9 W0 DONE 4x2 seed=828412 nsol=16 0.01s 2026-07-22T16:56:57.501
ATTEMPT 10 W0 START 4x2 seed=828413 2026-07-22T16:56:57.501
ATTEMPT 10 W0 SOLVE 4x2 2026-07-22T16:56:57.517
ATTEMPT 10 W0 DONE 4x2 seed=828413 nsol=16 0.02s 2026-07-22T16:56:57.543
ATTEMPT 11 W0 START 4x2 seed=828414 2026-07-22T16:56:57.544
ATTEMPT 11 W0 SOLVE 4x2 2026-07-22T16:56:57.563
ATTEMPT 11 W0 DONE 4x2 seed=828414 nsol=16 0.04s 2026-07-22T16:56:57.599
ATTEMPT 12 W0 START 4x2 seed=828415 2026-07-22T16:56:57.599
ATTEMPT 12 W0 SOLVE 4x2 2026-07-22T16:56:57.611
ATTEMPT 12 W0 DONE 4x2 seed=828415 nsol=16 0.02s 2026-07-22T16:56:57.631
ATTEMPT 13 W0 START 4x2 seed=828416 2026-07-22T16:56:57.631
ATTEMPT 13 W0 SOLVE 4x2 2026-07-22T16:56:57.641
ATTEMPT 13 W0 DONE 4x2 seed=828416 nsol=16 0.02s 2026-07-22T16:56:57.663
ATTEMPT 14 W0 START 4x2 seed=828417 2026-07-22T16:56:57.663
ATTEMPT 14 W0 SOLVE 4x2 2026-07-22T16:56:57.669
ATTEMPT 14 W0 DONE 4x2 seed=828417 nsol=16 0.02s 2026-07-22T16:56:57.691
ATTEMPT 15 W0 START 4x2 seed=828418 2026-07-22T16:56:57.691
ATTEMPT 15 W0 SOLVE 4x2 2026-07-22T16:56:57.697
ATTEMPT 15 W0 DONE 4x2 seed=828418 nsol=16 0.02s 2026-07-22T16:56:57.715
ATTEMPT 16 W0 START 4x2 seed=828419 2026-07-22T16:56:57.715
ATTEMPT 16 W0 SOLVE 4x2 2026-07-22T16:56:57.721
ATTEMPT 16 W0 DONE 4x2 seed=828419 nsol=16 0.01s 2026-07-22T16:56:57.735
ATTEMPT 17 W0 START 4x2 seed=828420 2026-07-22T16:56:57.735
ATTEMPT 17 W0 SOLVE 4x2 2026-07-22T16:56:57.741
ATTEMPT 17 W0 DONE 4x2 seed=828420 nsol=16 0.02s 2026-07-22T16:56:57.759
ATTEMPT 18 W0 START 4x2 seed=828421 2026-07-22T16:56:57.759
ATTEMPT 18 W0 SOLVE 4x2 2026-07-22T16:56:57.769
ATTEMPT 18 W0 DONE 4x2 seed=828421 nsol=16 0.02s 2026-07-22T16:56:57.787
ATTEMPT 19 W0 START 4x2 seed=828422 2026-07-22T16:56:57.787
ATTEMPT 19 W0 SOLVE 4x2 2026-07-22T16:56:57.794
ATTEMPT 19 W0 DONE 4x2 seed=828422 nsol=16 0.02s 2026-07-22T16:56:57.815
ATTEMPT 20 W0 START 4x2 seed=828423 2026-07-22T16:56:57.815
ATTEMPT 20 W0 SOLVE 4x2 2026-07-22T16:56:57.822
ATTEMPT 20 W0 DONE 4x2 seed=828423 nsol=16 0.01s 2026-07-22T16:56:57.839
ATTEMPT 21 W0 START 4x2 seed=828424 2026-07-22T16:56:57.839
ATTEMPT 21 W0 SOLVE 4x2 2026-07-22T16:56:57.855
ATTEMPT 21 W0 DONE 4x2 seed=828424 nsol=16 0.03s 2026-07-22T16:56:57.883
ATTEMPT 22 W0 START 4x2 seed=828425 2026-07-22T16:56:57.883
ATTEMPT 22 W0 SOLVE 4x2 2026-07-22T16:56:57.894
ATTEMPT 22 W0 DONE 4x2 seed=828425 nsol=16 0.02s 2026-07-22T16:56:57.923
ATTEMPT 23 W0 START 4x2 seed=828426 2026-07-22T16:56:57.923
ATTEMPT 23 W0 SOLVE 4x2 2026-07-22T16:56:57.934
ATTEMPT 23 W0 DONE 4x2 seed=828426 nsol=16 0.03s 2026-07-22T16:56:57.971
ATTEMPT 24 W0 START 4x2 seed=828427 2026-07-22T16:56:57.971
ATTEMPT 24 W0 SOLVE 4x2 2026-07-22T16:56:57.981
ATTEMPT 24 W0 DONE 4x2 seed=828427 nsol=16 0.02s 2026-07-22T16:56:58.003
ATTEMPT 25 W0 START 4x2 seed=828428 2026-07-22T16:56:58.004
ATTEMPT 25 W0 SOLVE 4x2 2026-07-22T16:56:58.019
ATTEMPT 25 W0 DONE 4x2 seed=828428 nsol=16 0.02s 2026-07-22T16:56:58.036
ATTEMPT 26 W0 START 4x2 seed=828429 2026-07-22T16:56:58.036
ATTEMPT 26 W0 SOLVE 4x2 2026-07-22T16:56:58.057
ATTEMPT 26 W0 DONE 4x2 seed=828429 nsol=16 0.02s 2026-07-22T16:56:58.088
ATTEMPT 27 W0 START 4x2 seed=828430 2026-07-22T16:56:58.088
ATTEMPT 27 W0 SOLVE 4x2 2026-07-22T16:56:58.107
ATTEMPT 27 W0 DONE 4x2 seed=828430 nsol=16 0.03s 2026-07-22T16:56:58.139
ATTEMPT 28 W0 START 4x2 seed=828431 2026-07-22T16:56:58.139
ATTEMPT 28 W0 SOLVE 4x2 2026-07-22T16:56:58.155
ATTEMPT 28 W0 DONE 4x2 seed=828431 nsol=16 0.04s 2026-07-22T16:56:58.191
ATTEMPT 29 W0 START 4x2 seed=828432 2026-07-22T16:56:58.191
ATTEMPT 29 W0 SOLVE 4x2 2026-07-22T16:56:58.201
ATTEMPT 29 W0 DONE 4x2 seed=828432 nsol=16 0.07s 2026-07-22T16:56:58.271
ATTEMPT 30 W0 START 4x2 seed=828433 2026-07-22T16:56:58.271
ATTEMPT 30 W0 SOLVE 4x2 2026-07-22T16:56:58.277
ATTEMPT 30 W0 DONE 4x2 seed=828433 nsol=16 0.02s 2026-07-22T16:56:58.295
ATTEMPT 31 W0 START 4x2 seed=828434 2026-07-22T16:56:58.295
ATTEMPT 31 W0 SOLVE 4x2 2026-07-22T16:56:58.305
ATTEMPT 31 W0 DONE 4x2 seed=828434 nsol=16 0.01s 2026-07-22T16:56:58.318
ATTEMPT 32 W0 START 4x2 seed=828435 2026-07-22T16:56:58.319
ATTEMPT 32 W0 SOLVE 4x2 2026-07-22T16:56:58.332
ATTEMPT 32 W0 DONE 4x2 seed=828435 nsol=16 0.01s 2026-07-22T16:56:58.342
ATTEMPT 33 W0 START 4x2 seed=828436 2026-07-22T16:56:58.342
ATTEMPT 33 W0 SOLVE 4x2 2026-07-22T16:56:58.348
ATTEMPT 33 W0 DONE 4x2 seed=828436 nsol=16 0.02s 2026-07-22T16:56:58.367
ATTEMPT 34 W0 START 4x2 seed=828437 2026-07-22T16:56:58.367
ATTEMPT 34 W0 SOLVE 4x2 2026-07-22T16:56:58.379
ATTEMPT 34 W0 DONE 4x2 seed=828437 nsol=16 0.04s 2026-07-22T16:56:58.415
ATTEMPT 35 W0 START 4x2 seed=828438 2026-07-22T16:56:58.415
ATTEMPT 35 W0 SOLVE 4x2 2026-07-22T16:56:58.425
ATTEMPT 35 W0 DONE 4x2 seed=828438 nsol=16 0.01s 2026-07-22T16:56:58.436
ATTEMPT 36 W0 START 4x2 seed=828439 2026-07-22T16:56:58.436
ATTEMPT 36 W0 SOLVE 4x2 2026-07-22T16:56:58.442
ATTEMPT 36 W0 DONE 4x2 seed=828439 nsol=16 0.02s 2026-07-22T16:56:58.463
ATTEMPT 37 W0 START 4x2 seed=828440 2026-07-22T16:56:58.464
ATTEMPT 37 W0 SOLVE 4x2 2026-07-22T16:56:58.480
ATTEMPT 37 W0 DONE 4x2 seed=828440 nsol=16 0.02s 2026-07-22T16:56:58.503
ATTEMPT 38 W0 START 4x2 seed=828441 2026-07-22T16:56:58.503
ATTEMPT 38 W0 SOLVE 4x2 2026-07-22T16:56:58.508
ATTEMPT 38 W0 DONE 4x2 seed=828441 nsol=16 0.01s 2026-07-22T16:56:58.523
ATTEMPT 39 W0 START 4x2 seed=828442 2026-07-22T16:56:58.523
ATTEMPT 39 W0 SOLVE 4x2 2026-07-22T16:56:58.532
ATTEMPT 39 W0 DONE 4x2 seed=828442 nsol=16 0.02s 2026-07-22T16:56:58.547
ATTEMPT 40 W0 START 4x2 seed=828443 2026-07-22T16:56:58.547
ATTEMPT 40 W0 SOLVE 4x2 2026-07-22T16:56:58.554
ATTEMPT 40 W0 DONE 4x2 seed=828443 nsol=16 0.02s 2026-07-22T16:56:58.571
ATTEMPT 41 W0 START 4x2 seed=828444 2026-07-22T16:56:58.572
ATTEMPT 41 W0 SOLVE 4x2 2026-07-22T16:56:58.577
ATTEMPT 41 W0 DONE 4x2 seed=828444 nsol=16 0.02s 2026-07-22T16:56:58.602
ATTEMPT 42 W0 START 4x2 seed=828445 2026-07-22T16:56:58.602
ATTEMPT 42 W0 SOLVE 4x2 2026-07-22T16:56:58.608
ATTEMPT 42 W0 DONE 4x2 seed=828445 nsol=16 0.01s 2026-07-22T16:56:58.614
ATTEMPT 43 W0 START 4x2 seed=828446 2026-07-22T16:56:58.614
ATTEMPT 43 W0 SOLVE 4x2 2026-07-22T16:56:58.623
ATTEMPT 43 W0 DONE 4x2 seed=828446 nsol=16 0.02s 2026-07-22T16:56:58.647
ATTEMPT 44 W0 START 4x2 seed=828447 2026-07-22T16:56:58.647
ATTEMPT 44 W0 SOLVE 4x2 2026-07-22T16:56:58.655
ATTEMPT 44 W0 DONE 4x2 seed=828447 nsol=16 0.02s 2026-07-22T16:56:58.671
ATTEMPT 45 W0 START 4x2 seed=828448 2026-07-22T16:56:58.671
ATTEMPT 45 W0 SOLVE 4x2 2026-07-22T16:56:58.677
ATTEMPT 45 W0 DONE 4x2 seed=828448 nsol=16 0.01s 2026-07-22T16:56:58.686
ATTEMPT 46 W0 START 4x2 seed=828449 2026-07-22T16:56:58.686
ATTEMPT 46 W0 SOLVE 4x2 2026-07-22T16:56:58.692
ATTEMPT 46 W0 DONE 4x2 seed=828449 nsol=16 0.01s 2026-07-22T16:56:58.706
ATTEMPT 47 W0 START 4x2 seed=828450 2026-07-22T16:56:58.707
ATTEMPT 47 W0 SOLVE 4x2 2026-07-22T16:56:58.713
ATTEMPT 47 W0 DONE 4x2 seed=828450 nsol=16 0.01s 2026-07-22T16:56:58.723
ATTEMPT 48 W0 START 4x2 seed=828451 2026-07-22T16:56:58.723
ATTEMPT 48 W0 SOLVE 4x2 2026-07-22T16:56:58.748
ATTEMPT 48 W0 DONE 4x2 seed=828451 nsol=16 0.02s 2026-07-22T16:56:58.771
ATTEMPT 49 W0 START 4x2 seed=828452 2026-07-22T16:56:58.771
ATTEMPT 49 W0 SOLVE 4x2 2026-07-22T16:56:58.794
ATTEMPT 49 W0 DONE 4x2 seed=828452 nsol=16 0.02s 2026-07-22T16:56:58.819
ATTEMPT 50 W0 START 4x2 seed=828453 2026-07-22T16:56:58.819
ATTEMPT 50 W0 SOLVE 4x2 2026-07-22T16:56:58.836
ATTEMPT 50 W0 DONE 4x2 seed=828453 nsol=16 0.01s 2026-07-22T16:56:58.848
ATTEMPT 51 W0 START 4x2 seed=828454 2026-07-22T16:56:58.848
ATTEMPT 51 W0 SOLVE 4x2 2026-07-22T16:56:58.863
ATTEMPT 51 W0 DONE 4x2 seed=828454 nsol=16 0.03s 2026-07-22T16:56:58.891
ATTEMPT 52 W0 START 4x2 seed=828455 2026-07-22T16:56:58.891
ATTEMPT 52 W0 SOLVE 4x2 2026-07-22T16:56:58.897
ATTEMPT 52 W0 DONE 4x2 seed=828455 nsol=16 0.01s 2026-07-22T16:56:58.907
ATTEMPT 53 W0 START 4x2 seed=828456 2026-07-22T16:56:58.907
ATTEMPT 53 W0 SOLVE 4x2 2026-07-22T16:56:58.913
ATTEMPT 53 W0 DONE 4x2 seed=828456 nsol=16 0.01s 2026-07-22T16:56:58.923
ATTEMPT 54 W0 START 4x2 seed=828457 2026-07-22T16:56:58.923
ATTEMPT 54 W0 SOLVE 4x2 2026-07-22T16:56:58.929
ATTEMPT 54 W0 DONE 4x2 seed=828457 nsol=16 0.01s 2026-07-22T16:56:58.939
ATTEMPT 55 W0 START 4x2 seed=828458 2026-07-22T16:56:58.939
ATTEMPT 55 W0 SOLVE 4x2 2026-07-22T16:56:58.946
ATTEMPT 55 W0 DONE 4x2 seed=828458 nsol=16 0.01s 2026-07-22T16:56:58.959
ATTEMPT 56 W0 START 4x2 seed=828459 2026-07-22T16:56:58.959
ATTEMPT 56 W0 SOLVE 4x2 2026-07-22T16:56:58.965
ATTEMPT 56 W0 DONE 4x2 seed=828459 nsol=16 0.02s 2026-07-22T16:56:58.988
ATTEMPT 57 W0 START 4x2 seed=828460 2026-07-22T16:56:58.988
ATTEMPT 57 W0 SOLVE 4x2 2026-07-22T16:56:58.993
ATTEMPT 57 W0 DONE 4x2 seed=828460 nsol=16 0.01s 2026-07-22T16:56:59
ATTEMPT 58 W0 START 4x2 seed=828461 2026-07-22T16:56:59
ATTEMPT 58 W0 SOLVE 4x2 2026-07-22T16:56:59.005
ATTEMPT 58 W0 DONE 4x2 seed=828461 nsol=16 0.02s 2026-07-22T16:56:59.023
ATTEMPT 59 W0 START 4x2 seed=828462 2026-07-22T16:56:59.023
ATTEMPT 59 W0 SOLVE 4x2 2026-07-22T16:56:59.028
ATTEMPT 59 W0 DONE 4x2 seed=828462 nsol=16 0.01s 2026-07-22T16:56:59.043
ATTEMPT 60 W0 START 4x2 seed=828463 2026-07-22T16:56:59.043
ATTEMPT 60 W0 SOLVE 4x2 2026-07-22T16:56:59.049
ATTEMPT 60 W0 DONE 4x2 seed=828463 nsol=16 0.01s 2026-07-22T16:56:59.058
ATTEMPT 61 W0 START 4x2 seed=828464 2026-07-22T16:56:59.058
ATTEMPT 61 W0 SOLVE 4x2 2026-07-22T16:56:59.080
ATTEMPT 61 W0 DONE 4x2 seed=828464 nsol=16 0.02s 2026-07-22T16:56:59.096
ATTEMPT 62 W0 START 4x2 seed=828465 2026-07-22T16:56:59.097
ATTEMPT 62 W0 SOLVE 4x2 2026-07-22T16:56:59.102
ATTEMPT 62 W0 DONE 4x2 seed=828465 nsol=16 0.03s 2026-07-22T16:56:59.131
ATTEMPT 63 W0 START 4x2 seed=828466 2026-07-22T16:56:59.132
ATTEMPT 63 W0 SOLVE 4x2 2026-07-22T16:56:59.143
ATTEMPT 63 W0 DONE 4x2 seed=828466 nsol=16 0.01s 2026-07-22T16:56:59.164
ATTEMPT 64 W0 START 4x2 seed=828467 2026-07-22T16:56:59.164
ATTEMPT 64 W0 SOLVE 4x2 2026-07-22T16:56:59.181
ATTEMPT 64 W0 DONE 4x2 seed=828467 nsol=16 0.02s 2026-07-22T16:56:59.203
ATTEMPT 65 W0 START 4x2 seed=828468 2026-07-22T16:56:59.204
ATTEMPT 65 W0 SOLVE 4x2 2026-07-22T16:56:59.218
ATTEMPT 65 W0 DONE 4x2 seed=828468 nsol=16 0.14s 2026-07-22T16:56:59.364
ATTEMPT 66 W0 START 4x2 seed=828469 2026-07-22T16:56:59.364
ATTEMPT 66 W0 SOLVE 4x2 2026-07-22T16:57:02.902
ATTEMPT 66 W0 DONE 4x2 seed=828469 nsol=16 0.01s 2026-07-22T16:57:02.918
ATTEMPT 67 W0 START 4x2 seed=828470 2026-07-22T16:57:02.919
ATTEMPT 67 W0 SOLVE 4x2 2026-07-22T16:57:02.929
ATTEMPT 67 W0 DONE 4x2 seed=828470 nsol=16 0.02s 2026-07-22T16:57:02.949
ATTEMPT 68 W0 START 4x2 seed=828471 2026-07-22T16:57:02.949
ATTEMPT 68 W0 SOLVE 4x2 2026-07-22T16:57:02.963
ATTEMPT 68 W0 DONE 4x2 seed=828471 nsol=16 0.02s 2026-07-22T16:57:02.981
ATTEMPT 69 W0 START 4x2 seed=828472 2026-07-22T16:57:02.982
ATTEMPT 69 W0 SOLVE 4x2 2026-07-22T16:57:02.999
ATTEMPT 69 W0 DONE 4x2 seed=828472 nsol=16 0.01s 2026-07-22T16:57:03.020
ATTEMPT 70 W0 START 4x2 seed=828473 2026-07-22T16:57:03.020
ATTEMPT 70 W0 SOLVE 4x2 2026-07-22T16:57:03.034
ATTEMPT 70 W0 DONE 4x2 seed=828473 nsol=16 0.03s 2026-07-22T16:57:03.064
ATTEMPT 71 W0 START 4x2 seed=828474 2026-07-22T16:57:03.065
ATTEMPT 71 W0 SOLVE 4x2 2026-07-22T16:57:03.080
ATTEMPT 71 W0 DONE 4x2 seed=828474 nsol=16 0.61s 2026-07-22T16:57:03.692
ATTEMPT 72 W0 START 4x2 seed=828475 2026-07-22T16:57:03.692
ATTEMPT 72 W0 SOLVE 4x2 2026-07-22T16:57:03.698
ATTEMPT 72 W0 DONE 4x2 seed=828475 nsol=16 0.01s 2026-07-22T16:57:03.713
ATTEMPT 73 W0 START 4x2 seed=828476 2026-07-22T16:57:03.713
ATTEMPT 73 W0 SOLVE 4x2 2026-07-22T16:57:03.719
ATTEMPT 73 W0 DONE 4x2 seed=828476 nsol=16 0.01s 2026-07-22T16:57:03.730
ATTEMPT 74 W0 START 4x2 seed=828477 2026-07-22T16:57:03.730
ATTEMPT 74 W0 SOLVE 4x2 2026-07-22T16:57:03.740
ATTEMPT 74 W0 DONE 4x2 seed=828477 nsol=16 0.01s 2026-07-22T16:57:03.760
ATTEMPT 75 W0 START 4x2 seed=828478 2026-07-22T16:57:03.760
ATTEMPT 75 W0 SOLVE 4x2 2026-07-22T16:57:03.770
ATTEMPT 75 W0 DONE 4x2 seed=828478 nsol=16 0.03s 2026-07-22T16:57:03.797
ATTEMPT 76 W0 START 4x2 seed=828479 2026-07-22T16:57:03.797
ATTEMPT 76 W0 SOLVE 4x2 2026-07-22T16:57:03.803
ATTEMPT 76 W0 DONE 4x2 seed=828479 nsol=16 0.01s 2026-07-22T16:57:03.816
ATTEMPT 77 W0 START 4x2 seed=828480 2026-07-22T16:57:03.816
ATTEMPT 77 W0 SOLVE 4x2 2026-07-22T16:57:03.840
ATTEMPT 77 W0 DONE 4x2 seed=828480 nsol=16 0.02s 2026-07-22T16:57:03.881
ATTEMPT 78 W0 START 4x2 seed=828481 2026-07-22T16:57:03.881
ATTEMPT 78 W0 SOLVE 4x2 2026-07-22T16:57:03.895
ATTEMPT 78 W0 DONE 4x2 seed=828481 nsol=16 0.02s 2026-07-22T16:57:03.918
ATTEMPT 79 W0 START 4x2 seed=828482 2026-07-22T16:57:03.919
ATTEMPT 79 W0 SOLVE 4x2 2026-07-22T16:57:03.924
ATTEMPT 79 W0 DONE 4x2 seed=828482 nsol=16 0.03s 2026-07-22T16:57:03.972
ATTEMPT 80 W0 START 4x2 seed=828483 2026-07-22T16:57:03.973
ATTEMPT 80 W0 SOLVE 4x2 2026-07-22T16:57:03.990
ATTEMPT 80 W0 DONE 4x2 seed=828483 nsol=16 0.02s 2026-07-22T16:57:04.013
ATTEMPT 81 W0 START 4x2 seed=828484 2026-07-22T16:57:04.013
ATTEMPT 81 W0 SOLVE 4x2 2026-07-22T16:57:04.031
ATTEMPT 81 W0 DONE 4x2 seed=828484 nsol=16 0.03s 2026-07-22T16:57:04.060
ATTEMPT 82 W0 START 4x2 seed=828485 2026-07-22T16:57:04.060
ATTEMPT 82 W0 SOLVE 4x2 2026-07-22T16:57:04.074
ATTEMPT 82 W0 DONE 4x2 seed=828485 nsol=16 0.02s 2026-07-22T16:57:04.097
ATTEMPT 83 W0 START 4x2 seed=828486 2026-07-22T16:57:04.097
ATTEMPT 83 W0 SOLVE 4x2 2026-07-22T16:57:04.185
ATTEMPT 83 W0 DONE 4x2 seed=828486 nsol=16 0.03s 2026-07-22T16:57:04.217
ATTEMPT 84 W0 START 4x2 seed=828487 2026-07-22T16:57:04.217
ATTEMPT 84 W0 SOLVE 4x2 2026-07-22T16:57:04.222
ATTEMPT 84 W0 DONE 4x2 seed=828487 nsol=16 0.02s 2026-07-22T16:57:04.248
ATTEMPT 85 W0 START 4x2 seed=828488 2026-07-22T16:57:04.248
ATTEMPT 85 W0 SOLVE 4x2 2026-07-22T16:57:04.585
ATTEMPT 85 W0 DONE 4x2 seed=828488 nsol=16 0.02s 2026-07-22T16:57:04.605
ATTEMPT 86 W0 START 4x2 seed=828489 2026-07-22T16:57:04.605
ATTEMPT 86 W0 SOLVE 4x2 2026-07-22T16:57:04.615
ATTEMPT 86 W0 DONE 4x2 seed=828489 nsol=16 0.03s 2026-07-22T16:57:04.645
ATTEMPT 87 W0 START 4x2 seed=828490 2026-07-22T16:57:04.645
ATTEMPT 87 W0 SOLVE 4x2 2026-07-22T16:57:04.651
ATTEMPT 87 W0 DONE 4x2 seed=828490 nsol=16 0.02s 2026-07-22T16:57:04.669
ATTEMPT 88 W0 START 4x2 seed=828491 2026-07-22T16:57:04.670
ATTEMPT 88 W0 SOLVE 4x2 2026-07-22T16:57:04.677
ATTEMPT 88 W0 DONE 4x2 seed=828491 nsol=16 0.02s 2026-07-22T16:57:04.693
ATTEMPT 89 W0 START 4x2 seed=828492 2026-07-22T16:57:04.693
ATTEMPT 89 W0 SOLVE 4x2 2026-07-22T16:57:04.700
ATTEMPT 89 W0 DONE 4x2 seed=828492 nsol=16 0.02s 2026-07-22T16:57:04.717
ATTEMPT 90 W0 START 4x2 seed=828493 2026-07-22T16:57:04.717
ATTEMPT 90 W0 SOLVE 4x2 2026-07-22T16:57:04.723
ATTEMPT 90 W0 DONE 4x2 seed=828493 nsol=16 0.02s 2026-07-22T16:57:04.740
ATTEMPT 91 W0 START 4x2 seed=828494 2026-07-22T16:57:04.741
ATTEMPT 91 W0 SOLVE 4x2 2026-07-22T16:57:04.748
ATTEMPT 91 W0 DONE 4x2 seed=828494 nsol=16 0.01s 2026-07-22T16:57:04.756
ATTEMPT 92 W0 START 4x2 seed=828495 2026-07-22T16:57:04.756
ATTEMPT 92 W0 SOLVE 4x2 2026-07-22T16:57:04.763
ATTEMPT 92 W0 DONE 4x2 seed=828495 nsol=16 0.02s 2026-07-22T16:57:04.785
ATTEMPT 93 W0 START 4x2 seed=828496 2026-07-22T16:57:04.785
ATTEMPT 93 W0 SOLVE 4x2 2026-07-22T16:57:04.795
ATTEMPT 93 W0 DONE 4x2 seed=828496 nsol=16 0.03s 2026-07-22T16:57:04.828
ATTEMPT 94 W0 START 4x2 seed=828497 2026-07-22T16:57:04.829
ATTEMPT 94 W0 SOLVE 4x2 2026-07-22T16:57:04.840
ATTEMPT 94 W0 DONE 4x2 seed=828497 nsol=16 0.02s 2026-07-22T16:57:04.865
ATTEMPT 95 W0 START 4x2 seed=828498 2026-07-22T16:57:04.865
ATTEMPT 95 W0 SOLVE 4x2 2026-07-22T16:57:04.873
ATTEMPT 95 W0 DONE 4x2 seed=828498 nsol=16 0.02s 2026-07-22T16:57:04.889
ATTEMPT 96 W0 START 4x2 seed=828499 2026-07-22T16:57:04.889
ATTEMPT 96 W0 SOLVE 4x2 2026-07-22T16:57:04.896
ATTEMPT 96 W0 DONE 4x2 seed=828499 nsol=16 0.01s 2026-07-22T16:57:04.904
ATTEMPT 97 W0 START 4x2 seed=828500 2026-07-22T16:57:04.904
ATTEMPT 97 W0 SOLVE 4x2 2026-07-22T16:57:04.910
ATTEMPT 97 W0 DONE 4x2 seed=828500 nsol=16 0.03s 2026-07-22T16:57:04.937
ATTEMPT 98 W0 START 4x2 seed=828501 2026-07-22T16:57:04.937
ATTEMPT 98 W0 SOLVE 4x2 2026-07-22T16:57:04.943
ATTEMPT 98 W0 DONE 4x2 seed=828501 nsol=16 0.02s 2026-07-22T16:57:04.965
ATTEMPT 99 W0 START 4x2 seed=828502 2026-07-22T16:57:04.965
ATTEMPT 99 W0 SOLVE 4x2 2026-07-22T16:57:04.975
ATTEMPT 99 W0 DONE 4x2 seed=828502 nsol=16 0.01s 2026-07-22T16:57:04.985
ATTEMPT 100 W0 START 4x2 seed=828503 2026-07-22T16:57:04.986
ATTEMPT 100 W0 SOLVE 4x2 2026-07-22T16:57:04.997
ATTEMPT 100 W0 DONE 4x2 seed=828503 nsol=16 0.02s 2026-07-22T16:57:05.017
ATTEMPT 101 W0 START 4x2 seed=828504 2026-07-22T16:57:05.017
ATTEMPT 101 W0 SOLVE 4x2 2026-07-22T16:57:05.023
ATTEMPT 101 W0 DONE 4x2 seed=828504 nsol=16 0.01s 2026-07-22T16:57:05.033
ATTEMPT 102 W0 START 4x2 seed=828505 2026-07-22T16:57:05.033
ATTEMPT 102 W0 SOLVE 4x2 2026-07-22T16:57:05.038
ATTEMPT 102 W0 DONE 4x2 seed=828505 nsol=16 0.02s 2026-07-22T16:57:05.056
ATTEMPT 103 W0 START 4x2 seed=828506 2026-07-22T16:57:05.057
ATTEMPT 103 W0 SOLVE 4x2 2026-07-22T16:57:05.071
ATTEMPT 103 W0 DONE 4x2 seed=828506 nsol=16 0.01s 2026-07-22T16:57:05.085
ATTEMPT 104 W0 START 4x2 seed=828507 2026-07-22T16:57:05.085
ATTEMPT 104 W0 SOLVE 4x2 2026-07-22T16:57:05.091
ATTEMPT 104 W0 DONE 4x2 seed=828507 nsol=16 0.01s 2026-07-22T16:57:05.099
ATTEMPT 105 W0 START 4x2 seed=828508 2026-07-22T16:57:05.100
ATTEMPT 105 W0 SOLVE 4x2 2026-07-22T16:57:05.107
ATTEMPT 105 W0 DONE 4x2 seed=828508 nsol=16 0.02s 2026-07-22T16:57:05.129
ATTEMPT 106 W0 START 4x2 seed=828509 2026-07-22T16:57:05.129
ATTEMPT 106 W0 SOLVE 4x2 2026-07-22T16:57:05.135
ATTEMPT 106 W0 DONE 4x2 seed=828509 nsol=16 0.02s 2026-07-22T16:57:05.151
ATTEMPT 107 W0 START 4x2 seed=828510 2026-07-22T16:57:05.152
ATTEMPT 107 W0 SOLVE 4x2 2026-07-22T16:57:05.158
ATTEMPT 107 W0 DONE 4x2 seed=828510 nsol=16 0.01s 2026-07-22T16:57:05.164
ATTEMPT 108 W0 START 4x2 seed=828511 2026-07-22T16:57:05.164
ATTEMPT 108 W0 SOLVE 4x2 2026-07-22T16:57:05.171
ATTEMPT 108 W0 DONE 4x2 seed=828511 nsol=16 0.02s 2026-07-22T16:57:05.193
ATTEMPT 109 W0 START 4x2 seed=828512 2026-07-22T16:57:05.193
ATTEMPT 109 W0 SOLVE 4x2 2026-07-22T16:57:05.198
ATTEMPT 109 W0 DONE 4x2 seed=828512 nsol=16 0.01s 2026-07-22T16:57:05.213
ATTEMPT 110 W0 START 4x2 seed=828513 2026-07-22T16:57:05.213
ATTEMPT 110 W0 SOLVE 4x2 2026-07-22T16:57:05.218
ATTEMPT 110 W0 DONE 4x2 seed=828513 nsol=16 0.02s 2026-07-22T16:57:05.237
ATTEMPT 111 W0 START 4x2 seed=828514 2026-07-22T16:57:05.237
ATTEMPT 111 W0 SOLVE 4x2 2026-07-22T16:57:05.242
ATTEMPT 111 W0 DONE 4x2 seed=828514 nsol=16 0.01s 2026-07-22T16:57:05.253
ATTEMPT 112 W0 START 4x2 seed=828515 2026-07-22T16:57:05.253
ATTEMPT 112 W0 SOLVE 4x2 2026-07-22T16:57:05.262
ATTEMPT 112 W0 DONE 4x2 seed=828515 nsol=16 0.01s 2026-07-22T16:57:05.269
ATTEMPT 113 W0 START 4x2 seed=828516 2026-07-22T16:57:05.269
ATTEMPT 113 W0 SOLVE 4x2 2026-07-22T16:57:05.278
ATTEMPT 113 W0 DONE 4x2 seed=828516 nsol=16 0.01s 2026-07-22T16:57:05.293
ATTEMPT 114 W0 START 4x2 seed=828517 2026-07-22T16:57:05.293
ATTEMPT 114 W0 SOLVE 4x2 2026-07-22T16:57:05.298
ATTEMPT 114 W0 DONE 4x2 seed=828517 nsol=16 0.01s 2026-07-22T16:57:05.313
ATTEMPT 115 W0 START 4x2 seed=828518 2026-07-22T16:57:05.313
ATTEMPT 115 W0 SOLVE 4x2 2026-07-22T16:57:05.318
ATTEMPT 115 W0 DONE 4x2 seed=828518 nsol=16 0.02s 2026-07-22T16:57:05.337
ATTEMPT 116 W0 START 4x2 seed=828519 2026-07-22T16:57:05.337
ATTEMPT 116 W0 SOLVE 4x2 2026-07-22T16:57:05.343
ATTEMPT 116 W0 DONE 4x2 seed=828519 nsol=16 0.02s 2026-07-22T16:57:05.361
ATTEMPT 117 W0 START 4x2 seed=828520 2026-07-22T16:57:05.361
ATTEMPT 117 W0 SOLVE 4x2 2026-07-22T16:57:05.367
ATTEMPT 117 W0 DONE 4x2 seed=828520 nsol=16 0.03s 2026-07-22T16:57:05.396
ATTEMPT 118 W0 START 4x2 seed=828521 2026-07-22T16:57:05.397
ATTEMPT 118 W0 SOLVE 4x2 2026-07-22T16:57:05.405
ATTEMPT 118 W0 DONE 4x2 seed=828521 nsol=16 0.01s 2026-07-22T16:57:05.417
ATTEMPT 119 W0 START 4x2 seed=828522 2026-07-22T16:57:05.417
ATTEMPT 119 W0 SOLVE 4x2 2026-07-22T16:57:05.426
ATTEMPT 119 W0 DONE 4x2 seed=828522 nsol=16 0.01s 2026-07-22T16:57:05.436
ATTEMPT 120 W0 START 4x2 seed=828523 2026-07-22T16:57:05.436
ATTEMPT 120 W0 SOLVE 4x2 2026-07-22T16:57:05.446
ATTEMPT 120 W0 DONE 4x2 seed=828523 nsol=16 0.01s 2026-07-22T16:57:05.461
ATTEMPT 121 W0 START 4x2 seed=828524 2026-07-22T16:57:05.461
ATTEMPT 121 W0 SOLVE 4x2 2026-07-22T16:57:05.471
ATTEMPT 121 W0 DONE 4x2 seed=828524 nsol=16 0.03s 2026-07-22T16:57:05.500
ATTEMPT 122 W0 START 4x2 seed=828525 2026-07-22T16:57:05.501
ATTEMPT 122 W0 SOLVE 4x2 2026-07-22T16:57:05.511
ATTEMPT 122 W0 DONE 4x2 seed=828525 nsol=16 0.02s 2026-07-22T16:57:05.533
ATTEMPT 123 W0 START 4x2 seed=828526 2026-07-22T16:57:05.533
ATTEMPT 123 W0 SOLVE 4x2 2026-07-22T16:57:05.545
ATTEMPT 123 W0 DONE 4x2 seed=828526 nsol=16 0.02s 2026-07-22T16:57:05.565
ATTEMPT 124 W0 START 4x2 seed=828527 2026-07-22T16:57:05.565
ATTEMPT 124 W0 SOLVE 4x2 2026-07-22T16:57:05.570
ATTEMPT 124 W0 DONE 4x2 seed=828527 nsol=16 0.03s 2026-07-22T16:57:05.597
ATTEMPT 125 W0 START 4x2 seed=828528 2026-07-22T16:57:05.597
ATTEMPT 125 W0 SOLVE 4x2 2026-07-22T16:57:05.616
ATTEMPT 125 W0 DONE 4x2 seed=828528 nsol=16 0.03s 2026-07-22T16:57:05.649
ATTEMPT 126 W0 START 4x2 seed=828529 2026-07-22T16:57:05.649
ATTEMPT 126 W0 SOLVE 4x2 2026-07-22T16:57:05.663
ATTEMPT 126 W0 DONE 4x2 seed=828529 nsol=16 0.04s 2026-07-22T16:57:05.703
ATTEMPT 127 W0 START 4x2 seed=828530 2026-07-22T16:57:05.703
ATTEMPT 127 W0 SOLVE 4x2 2026-07-22T16:57:05.710
ATTEMPT 127 W0 DONE 4x2 seed=828530 nsol=16 0.02s 2026-07-22T16:57:05.729
ATTEMPT 128 W0 START 4x2 seed=828531 2026-07-22T16:57:05.729
ATTEMPT 128 W0 SOLVE 4x2 2026-07-22T16:57:05.734
ATTEMPT 128 W0 DONE 4x2 seed=828531 nsol=16 0.02s 2026-07-22T16:57:05.753
ATTEMPT 129 W0 START 4x2 seed=828532 2026-07-22T16:57:05.753
ATTEMPT 129 W0 SOLVE 4x2 2026-07-22T16:57:05.760
ATTEMPT 129 W0 DONE 4x2 seed=828532 nsol=16 0.02s 2026-07-22T16:57:05.777
ATTEMPT 130 W0 START 4x2 seed=828533 2026-07-22T16:57:05.777
ATTEMPT 130 W0 SOLVE 4x2 2026-07-22T16:57:05.784
ATTEMPT 130 W0 DONE 4x2 seed=828533 nsol=16 0.05s 2026-07-22T16:57:05.833
ATTEMPT 131 W0 START 4x2 seed=828534 2026-07-22T16:57:05.833
ATTEMPT 131 W0 SOLVE 4x2 2026-07-22T16:57:05.843
ATTEMPT 131 W0 DONE 4x2 seed=828534 nsol=16 0.29s 2026-07-22T16:57:06.137
ATTEMPT 132 W0 START 4x2 seed=828535 2026-07-22T16:57:06.137
ATTEMPT 132 W0 SOLVE 4x2 2026-07-22T16:57:06.144
ATTEMPT 132 W0 DONE 4x2 seed=828535 nsol=16 0.01s 2026-07-22T16:57:06.163
ATTEMPT 133 W0 START 4x2 seed=828536 2026-07-22T16:57:06.164
ATTEMPT 133 W0 SOLVE 4x2 2026-07-22T16:57:06.176
ATTEMPT 133 W0 DONE 4x2 seed=828536 nsol=16 0.04s 2026-07-22T16:57:06.217
ATTEMPT 134 W0 START 4x2 seed=828537 2026-07-22T16:57:06.217
ATTEMPT 134 W0 SOLVE 4x2 2026-07-22T16:57:06.224
ATTEMPT 134 W0 DONE 4x2 seed=828537 nsol=16 0.02s 2026-07-22T16:57:06.241
ATTEMPT 135 W0 START 4x2 seed=828538 2026-07-22T16:57:06.241
ATTEMPT 135 W0 SOLVE 4x2 2026-07-22T16:57:06.248
ATTEMPT 135 W0 DONE 4x2 seed=828538 nsol=16 0.02s 2026-07-22T16:57:06.269
ATTEMPT 136 W0 START 4x2 seed=828539 2026-07-22T16:57:06.269
ATTEMPT 136 W0 SOLVE 4x2 2026-07-22T16:57:06.277
ATTEMPT 136 W0 DONE 4x2 seed=828539 nsol=16 0.02s 2026-07-22T16:57:06.297
ATTEMPT 137 W0 START 4x2 seed=828540 2026-07-22T16:57:06.297
ATTEMPT 137 W0 SOLVE 4x2 2026-07-22T16:57:06.319
ATTEMPT 137 W0 DONE 4x2 seed=828540 nsol=16 0.02s 2026-07-22T16:57:06.341
ATTEMPT 138 W0 START 4x2 seed=828541 2026-07-22T16:57:06.341
ATTEMPT 138 W0 SOLVE 4x2 2026-07-22T16:57:06.348
ATTEMPT 138 W0 DONE 4x2 seed=828541 nsol=16 0.03s 2026-07-22T16:57:06.379
ATTEMPT 139 W0 START 4x2 seed=828542 2026-07-22T16:57:06.379
ATTEMPT 139 W0 SOLVE 4x2 2026-07-22T16:57:06.384
ATTEMPT 139 W0 DONE 4x2 seed=828542 nsol=16 0.04s 2026-07-22T16:57:06.423
ATTEMPT 140 W0 START 4x2 seed=828543 2026-07-22T16:57:06.423
ATTEMPT 140 W0 SOLVE 4x2 2026-07-22T16:57:06.438
ATTEMPT 140 W0 DONE 4x2 seed=828543 nsol=16 0.01s 2026-07-22T16:57:06.456
ATTEMPT 141 W0 START 4x2 seed=828544 2026-07-22T16:57:06.456
ATTEMPT 141 W0 SOLVE 4x2 2026-07-22T16:57:06.472
ATTEMPT 141 W0 DONE 4x2 seed=828544 nsol=16 0.01s 2026-07-22T16:57:06.495
ATTEMPT 142 W0 START 4x2 seed=828545 2026-07-22T16:57:06.495
ATTEMPT 142 W0 SOLVE 4x2 2026-07-22T16:57:06.518
ATTEMPT 142 W0 DONE 4x2 seed=828545 nsol=16 0.02s 2026-07-22T16:57:06.533
ATTEMPT 143 W0 START 4x2 seed=828546 2026-07-22T16:57:06.533
ATTEMPT 143 W0 SOLVE 4x2 2026-07-22T16:57:06.553
ATTEMPT 143 W0 DONE 4x2 seed=828546 nsol=16 0.02s 2026-07-22T16:57:06.572
ATTEMPT 144 W0 START 4x2 seed=828547 2026-07-22T16:57:06.572
ATTEMPT 144 W0 SOLVE 4x2 2026-07-22T16:57:06.591
ATTEMPT 144 W0 DONE 4x2 seed=828547 nsol=16 0.05s 2026-07-22T16:57:06.645
ATTEMPT 145 W0 START 4x2 seed=828548 2026-07-22T16:57:06.645
ATTEMPT 145 W0 SOLVE 4x2 2026-07-22T16:57:06.674
ATTEMPT 145 W0 DONE 4x2 seed=828548 nsol=16 0.02s 2026-07-22T16:57:06.697
ATTEMPT 146 W0 START 4x2 seed=828549 2026-07-22T16:57:06.697
ATTEMPT 146 W0 SOLVE 4x2 2026-07-22T16:57:06.708
ATTEMPT 146 W0 DONE 4x2 seed=828549 nsol=16 0.03s 2026-07-22T16:57:06.749
ATTEMPT 147 W0 START 4x2 seed=828550 2026-07-22T16:57:06.749
ATTEMPT 147 W0 SOLVE 4x2 2026-07-22T16:57:06.759
ATTEMPT 147 W0 DONE 4x2 seed=828550 nsol=16 0.17s 2026-07-22T16:57:06.929
ATTEMPT 148 W0 START 4x2 seed=828551 2026-07-22T16:57:06.946
ATTEMPT 148 W0 SOLVE 4x2 2026-07-22T16:57:06.952
ATTEMPT 148 W0 DONE 4x2 seed=828551 nsol=16 0.02s 2026-07-22T16:57:06.969
ATTEMPT 149 W0 START 4x2 seed=828552 2026-07-22T16:57:06.969
ATTEMPT 149 W0 SOLVE 4x2 2026-07-22T16:57:06.976
ATTEMPT 149 W0 DONE 4x2 seed=828552 nsol=16 0.01s 2026-07-22T16:57:06.989
ATTEMPT 150 W0 START 4x2 seed=828553 2026-07-22T16:57:06.989
ATTEMPT 150 W0 SOLVE 4x2 2026-07-22T16:57:06.995
ATTEMPT 150 W0 DONE 4x2 seed=828553 nsol=16 0.01s 2026-07-22T16:57:07.003
ATTEMPT 151 W0 START 4x2 seed=828554 2026-07-22T16:57:07.003
ATTEMPT 151 W0 SOLVE 4x2 2026-07-22T16:57:07.008
ATTEMPT 151 W0 DONE 4x2 seed=828554 nsol=16 0.02s 2026-07-22T16:57:07.025
ATTEMPT 152 W0 START 4x2 seed=828555 2026-07-22T16:57:07.025
ATTEMPT 152 W0 SOLVE 4x2 2026-07-22T16:57:07.030
ATTEMPT 152 W0 DONE 4x2 seed=828555 nsol=16 0.01s 2026-07-22T16:57:07.038
ATTEMPT 153 W0 START 4x2 seed=828556 2026-07-22T16:57:07.038
ATTEMPT 153 W0 SOLVE 4x2 2026-07-22T16:57:07.046
ATTEMPT 153 W0 DONE 4x2 seed=828556 nsol=16 0.01s 2026-07-22T16:57:07.056
ATTEMPT 154 W0 START 4x2 seed=828557 2026-07-22T16:57:07.056
ATTEMPT 154 W0 SOLVE 4x2 2026-07-22T16:57:07.063
ATTEMPT 154 W0 DONE 4x2 seed=828557 nsol=16 0.00s 2026-07-22T16:57:07.068
ATTEMPT 155 W0 START 4x2 seed=828558 2026-07-22T16:57:07.068
ATTEMPT 155 W0 SOLVE 4x2 2026-07-22T16:57:07.075
ATTEMPT 155 W0 DONE 4x2 seed=828558 nsol=16 0.00s 2026-07-22T16:57:07.080
ATTEMPT 156 W0 START 4x2 seed=828559 2026-07-22T16:57:07.080
ATTEMPT 156 W0 SOLVE 4x2 2026-07-22T16:57:07.086
ATTEMPT 156 W0 DONE 4x2 seed=828559 nsol=16 0.01s 2026-07-22T16:57:07.097
ATTEMPT 157 W0 START 4x2 seed=828560 2026-07-22T16:57:07.097
ATTEMPT 157 W0 SOLVE 4x2 2026-07-22T16:57:07.104
ATTEMPT 157 W0 DONE 4x2 seed=828560 nsol=16 0.01s 2026-07-22T16:57:07.117
ATTEMPT 158 W0 START 4x2 seed=828561 2026-07-22T16:57:07.117
ATTEMPT 158 W0 SOLVE 4x2 2026-07-22T16:57:07.126
ATTEMPT 158 W0 DONE 4x2 seed=828561 nsol=16 0.01s 2026-07-22T16:57:07.136
ATTEMPT 159 W0 START 4x2 seed=828562 2026-07-22T16:57:07.136
ATTEMPT 159 W0 SOLVE 4x2 2026-07-22T16:57:07.143
ATTEMPT 159 W0 DONE 4x2 seed=828562 nsol=16 0.01s 2026-07-22T16:57:07.152
ATTEMPT 160 W0 START 4x2 seed=828563 2026-07-22T16:57:07.152
ATTEMPT 160 W0 SOLVE 4x2 2026-07-22T16:57:07.158
ATTEMPT 160 W0 DONE 4x2 seed=828563 nsol=16 0.01s 2026-07-22T16:57:07.165
ATTEMPT 161 W0 START 4x2 seed=828564 2026-07-22T16:57:07.165
ATTEMPT 161 W0 SOLVE 4x2 2026-07-22T16:57:07.171
ATTEMPT 161 W0 DONE 4x2 seed=828564 nsol=16 0.02s 2026-07-22T16:57:07.187
ATTEMPT 162 W0 START 4x2 seed=828565 2026-07-22T16:57:07.187
ATTEMPT 162 W0 SOLVE 4x2 2026-07-22T16:57:07.194
ATTEMPT 162 W0 DONE 4x2 seed=828565 nsol=16 0.01s 2026-07-22T16:57:07.205
ATTEMPT 163 W0 START 4x2 seed=828566 2026-07-22T16:57:07.205
ATTEMPT 163 W0 SOLVE 4x2 2026-07-22T16:57:07.212
ATTEMPT 163 W0 DONE 4x2 seed=828566 nsol=16 0.02s 2026-07-22T16:57:07.229
ATTEMPT 164 W0 START 4x2 seed=828567 2026-07-22T16:57:07.229
ATTEMPT 164 W0 SOLVE 4x2 2026-07-22T16:57:07.237
ATTEMPT 164 W0 DONE 4x2 seed=828567 nsol=16 0.01s 2026-07-22T16:57:07.251
ATTEMPT 165 W0 START 4x2 seed=828568 2026-07-22T16:57:07.251
ATTEMPT 165 W0 SOLVE 4x2 2026-07-22T16:57:07.261
ATTEMPT 165 W0 DONE 4x2 seed=828568 nsol=16 0.01s 2026-07-22T16:57:07.273
ATTEMPT 166 W0 START 4x2 seed=828569 2026-07-22T16:57:07.273
ATTEMPT 166 W0 SOLVE 4x2 2026-07-22T16:57:07.280
ATTEMPT 166 W0 DONE 4x2 seed=828569 nsol=16 0.01s 2026-07-22T16:57:07.296
ATTEMPT 167 W0 START 4x2 seed=828570 2026-07-22T16:57:07.296
ATTEMPT 167 W0 SOLVE 4x2 2026-07-22T16:57:07.302
ATTEMPT 167 W0 DONE 4x2 seed=828570 nsol=16 0.01s 2026-07-22T16:57:07.317
ATTEMPT 168 W0 START 4x2 seed=828571 2026-07-22T16:57:07.317
ATTEMPT 168 W0 SOLVE 4x2 2026-07-22T16:57:07.326
ATTEMPT 168 W0 DONE 4x2 seed=828571 nsol=16 0.02s 2026-07-22T16:57:07.348
ATTEMPT 169 W0 START 4x2 seed=828572 2026-07-22T16:57:07.348
ATTEMPT 169 W0 SOLVE 4x2 2026-07-22T16:57:07.358
ATTEMPT 169 W0 DONE 4x2 seed=828572 nsol=16 0.03s 2026-07-22T16:57:07.392
ATTEMPT 170 W0 START 4x2 seed=828573 2026-07-22T16:57:07.393
ATTEMPT 170 W0 SOLVE 4x2 2026-07-22T16:57:07.401
ATTEMPT 170 W0 DONE 4x2 seed=828573 nsol=16 0.04s 2026-07-22T16:57:07.436
ATTEMPT 171 W0 START 4x2 seed=828574 2026-07-22T16:57:07.437
ATTEMPT 171 W0 SOLVE 4x2 2026-07-22T16:57:07.444
ATTEMPT 171 W0 DONE 4x2 seed=828574 nsol=16 0.01s 2026-07-22T16:57:07.451
ATTEMPT 172 W0 START 4x2 seed=828575 2026-07-22T16:57:07.451
ATTEMPT 172 W0 SOLVE 4x2 2026-07-22T16:57:07.459
ATTEMPT 172 W0 DONE 4x2 seed=828575 nsol=16 0.03s 2026-07-22T16:57:07.485
ATTEMPT 173 W0 START 4x2 seed=828576 2026-07-22T16:57:07.485
ATTEMPT 173 W0 SOLVE 4x2 2026-07-22T16:57:07.492
ATTEMPT 173 W0 DONE 4x2 seed=828576 nsol=16 0.00s 2026-07-22T16:57:07.497
ATTEMPT 174 W0 START 4x2 seed=828577 2026-07-22T16:57:07.497
ATTEMPT 174 W0 SOLVE 4x2 2026-07-22T16:57:07.503
ATTEMPT 174 W0 DONE 4x2 seed=828577 nsol=16 0.02s 2026-07-22T16:57:07.519
ATTEMPT 175 W0 START 4x2 seed=828578 2026-07-22T16:57:07.519
ATTEMPT 175 W0 SOLVE 4x2 2026-07-22T16:57:07.528
ATTEMPT 175 W0 DONE 4x2 seed=828578 nsol=16 0.01s 2026-07-22T16:57:07.539
ATTEMPT 176 W0 START 4x2 seed=828579 2026-07-22T16:57:07.539
ATTEMPT 176 W0 SOLVE 4x2 2026-07-22T16:57:07.546
ATTEMPT 176 W0 DONE 4x2 seed=828579 nsol=16 0.01s 2026-07-22T16:57:07.555
ATTEMPT 177 W0 START 4x2 seed=828580 2026-07-22T16:57:07.556
ATTEMPT 177 W0 SOLVE 4x2 2026-07-22T16:57:07.563
ATTEMPT 177 W0 DONE 4x2 seed=828580 nsol=16 0.01s 2026-07-22T16:57:07.571
ATTEMPT 178 W0 START 4x2 seed=828581 2026-07-22T16:57:07.572
ATTEMPT 178 W0 SOLVE 4x2 2026-07-22T16:57:07.581
ATTEMPT 178 W0 DONE 4x2 seed=828581 nsol=16 0.01s 2026-07-22T16:57:07.593
ATTEMPT 179 W0 START 4x2 seed=828582 2026-07-22T16:57:07.593
ATTEMPT 179 W0 SOLVE 4x2 2026-07-22T16:57:07.603
ATTEMPT 179 W0 DONE 4x2 seed=828582 nsol=16 0.01s 2026-07-22T16:57:07.612
ATTEMPT 180 W0 START 4x2 seed=828583 2026-07-22T16:57:07.613
ATTEMPT 180 W0 SOLVE 4x2 2026-07-22T16:57:07.629
ATTEMPT 180 W0 DONE 4x2 seed=828583 nsol=16 0.01s 2026-07-22T16:57:07.639
ATTEMPT 181 W0 START 4x2 seed=828584 2026-07-22T16:57:07.640
ATTEMPT 181 W0 SOLVE 4x2 2026-07-22T16:57:07.649
ATTEMPT 181 W0 DONE 4x2 seed=828584 nsol=16 0.01s 2026-07-22T16:57:07.660
ATTEMPT 182 W0 START 4x2 seed=828585 2026-07-22T16:57:07.661
ATTEMPT 182 W0 SOLVE 4x2 2026-07-22T16:57:07.671
ATTEMPT 182 W0 DONE 4x2 seed=828585 nsol=16 0.01s 2026-07-22T16:57:07.689
ATTEMPT 183 W0 START 4x2 seed=828586 2026-07-22T16:57:07.690
ATTEMPT 183 W0 SOLVE 4x2 2026-07-22T16:57:07.700
ATTEMPT 183 W0 DONE 4x2 seed=828586 nsol=16 0.02s 2026-07-22T16:57:07.717
ATTEMPT 184 W0 START 4x2 seed=828587 2026-07-22T16:57:07.717
ATTEMPT 184 W0 SOLVE 4x2 2026-07-22T16:57:07.727
ATTEMPT 184 W0 DONE 4x2 seed=828587 nsol=16 0.01s 2026-07-22T16:57:07.741
ATTEMPT 185 W0 START 4x2 seed=828588 2026-07-22T16:57:07.741
ATTEMPT 185 W0 SOLVE 4x2 2026-07-22T16:57:07.757
ATTEMPT 185 W0 DONE 4x2 seed=828588 nsol=16 0.01s 2026-07-22T16:57:07.770
ATTEMPT 186 W0 START 4x2 seed=828589 2026-07-22T16:57:07.771
ATTEMPT 186 W0 SOLVE 4x2 2026-07-22T16:57:07.787
ATTEMPT 186 W0 DONE 4x2 seed=828589 nsol=16 0.03s 2026-07-22T16:57:07.816
ATTEMPT 187 W0 START 4x2 seed=828590 2026-07-22T16:57:07.817
ATTEMPT 187 W0 SOLVE 4x2 2026-07-22T16:57:07.829
ATTEMPT 187 W0 DONE 4x2 seed=828590 nsol=16 0.02s 2026-07-22T16:57:07.848
ATTEMPT 188 W0 START 4x2 seed=828591 2026-07-22T16:57:07.849
ATTEMPT 188 W0 SOLVE 4x2 2026-07-22T16:57:07.861
ATTEMPT 188 W0 DONE 4x2 seed=828591 nsol=16 0.02s 2026-07-22T16:57:07.879
ATTEMPT 189 W0 START 4x2 seed=828592 2026-07-22T16:57:07.879
ATTEMPT 189 W0 SOLVE 4x2 2026-07-22T16:57:07.885
ATTEMPT 189 W0 DONE 4x2 seed=828592 nsol=16 0.01s 2026-07-22T16:57:07.896
ATTEMPT 190 W0 START 4x2 seed=828593 2026-07-22T16:57:07.896
ATTEMPT 190 W0 SOLVE 4x2 2026-07-22T16:57:07.905
ATTEMPT 190 W0 DONE 4x2 seed=828593 nsol=16 0.01s 2026-07-22T16:57:07.917
ATTEMPT 191 W0 START 4x2 seed=828594 2026-07-22T16:57:07.918
ATTEMPT 191 W0 SOLVE 4x2 2026-07-22T16:57:07.928
ATTEMPT 191 W0 DONE 4x2 seed=828594 nsol=16 0.02s 2026-07-22T16:57:07.945
ATTEMPT 192 W0 START 4x2 seed=828595 2026-07-22T16:57:07.945
ATTEMPT 192 W0 SOLVE 4x2 2026-07-22T16:57:07.958
ATTEMPT 192 W0 DONE 4x2 seed=828595 nsol=16 0.01s 2026-07-22T16:57:07.973
ATTEMPT 193 W0 START 4x2 seed=828596 2026-07-22T16:57:07.973
ATTEMPT 193 W0 SOLVE 4x2 2026-07-22T16:57:07.984
ATTEMPT 193 W0 DONE 4x2 seed=828596 nsol=16 0.01s 2026-07-22T16:57:07.998
ATTEMPT 194 W0 START 4x2 seed=828597 2026-07-22T16:57:07.998
ATTEMPT 194 W0 SOLVE 4x2 2026-07-22T16:57:08.007
ATTEMPT 194 W0 DONE 4x2 seed=828597 nsol=16 0.01s 2026-07-22T16:57:08.015
ATTEMPT 195 W0 START 4x2 seed=828598 2026-07-22T16:57:08.015
ATTEMPT 195 W0 SOLVE 4x2 2026-07-22T16:57:08.023
ATTEMPT 195 W0 DONE 4x2 seed=828598 nsol=16 0.02s 2026-07-22T16:57:08.041
ATTEMPT 196 W0 START 4x2 seed=828599 2026-07-22T16:57:08.041
ATTEMPT 196 W0 SOLVE 4x2 2026-07-22T16:57:08.049
ATTEMPT 196 W0 DONE 4x2 seed=828599 nsol=16 0.02s 2026-07-22T16:57:08.066
ATTEMPT 197 W0 START 4x2 seed=828600 2026-07-22T16:57:08.067
ATTEMPT 197 W0 SOLVE 4x2 2026-07-22T16:57:08.073
ATTEMPT 197 W0 DONE 4x2 seed=828600 nsol=16 0.01s 2026-07-22T16:57:08.084
ATTEMPT 198 W0 START 4x2 seed=828601 2026-07-22T16:57:08.085
ATTEMPT 198 W0 SOLVE 4x2 2026-07-22T16:57:08.090
ATTEMPT 198 W0 DONE 4x2 seed=828601 nsol=16 0.01s 2026-07-22T16:57:08.102
ATTEMPT 199 W0 START 4x2 seed=828602 2026-07-22T16:57:08.102
ATTEMPT 199 W0 SOLVE 4x2 2026-07-22T16:57:08.108
ATTEMPT 199 W0 DONE 4x2 seed=828602 nsol=16 0.02s 2026-07-22T16:57:08.129
ATTEMPT 200 W0 START 4x2 seed=828603 2026-07-22T16:57:08.129
ATTEMPT 200 W0 SOLVE 4x2 2026-07-22T16:57:08.136
ATTEMPT 200 W0 DONE 4x2 seed=828603 nsol=16 0.01s 2026-07-22T16:57:08.148
ATTEMPT 201 W0 START 4x2 seed=828604 2026-07-22T16:57:08.148
ATTEMPT 201 W0 SOLVE 4x2 2026-07-22T16:57:08.155
ATTEMPT 201 W0 DONE 4x2 seed=828604 nsol=16 0.07s 2026-07-22T16:57:08.229
ATTEMPT 202 W0 START 4x2 seed=828605 2026-07-22T16:57:08.229
ATTEMPT 202 W0 SOLVE 4x2 2026-07-22T16:57:08.237
ATTEMPT 202 W0 DONE 4x2 seed=828605 nsol=16 0.02s 2026-07-22T16:57:08.261
ATTEMPT 203 W0 START 4x2 seed=828606 2026-07-22T16:57:08.261
ATTEMPT 203 W0 SOLVE 4x2 2026-07-22T16:57:08.267
ATTEMPT 203 W0 DONE 4x2 seed=828606 nsol=16 0.02s 2026-07-22T16:57:08.285
ATTEMPT 204 W0 START 4x2 seed=828607 2026-07-22T16:57:08.285
ATTEMPT 204 W0 SOLVE 4x2 2026-07-22T16:57:08.291
ATTEMPT 204 W0 DONE 4x2 seed=828607 nsol=16 0.02s 2026-07-22T16:57:08.309
ATTEMPT 205 W0 START 4x2 seed=828608 2026-07-22T16:57:08.309
ATTEMPT 205 W0 SOLVE 4x2 2026-07-22T16:57:08.315
ATTEMPT 205 W0 DONE 4x2 seed=828608 nsol=16 0.02s 2026-07-22T16:57:08.331
ATTEMPT 206 W0 START 4x2 seed=828609 2026-07-22T16:57:08.332
ATTEMPT 206 W0 SOLVE 4x2 2026-07-22T16:57:08.339
ATTEMPT 206 W0 DONE 4x2 seed=828609 nsol=16 0.01s 2026-07-22T16:57:08.349
ATTEMPT 207 W0 START 4x2 seed=828610 2026-07-22T16:57:08.349
ATTEMPT 207 W0 SOLVE 4x2 2026-07-22T16:57:08.355
ATTEMPT 207 W0 DONE 4x2 seed=828610 nsol=16 0.01s 2026-07-22T16:57:08.369
ATTEMPT 208 W0 START 4x2 seed=828611 2026-07-22T16:57:08.369
ATTEMPT 208 W0 SOLVE 4x2 2026-07-22T16:57:08.375
ATTEMPT 208 W0 DONE 4x2 seed=828611 nsol=16 0.01s 2026-07-22T16:57:08.389
ATTEMPT 209 W0 START 4x2 seed=828612 2026-07-22T16:57:08.390
ATTEMPT 209 W0 SOLVE 4x2 2026-07-22T16:57:08.396
ATTEMPT 209 W0 DONE 4x2 seed=828612 nsol=16 0.01s 2026-07-22T16:57:08.402
ATTEMPT 210 W0 START 4x2 seed=828613 2026-07-22T16:57:08.402
ATTEMPT 210 W0 SOLVE 4x2 2026-07-22T16:57:08.408
ATTEMPT 210 W0 DONE 4x2 seed=828613 nsol=16 0.01s 2026-07-22T16:57:08.421
ATTEMPT 211 W0 START 4x2 seed=828614 2026-07-22T16:57:08.421
ATTEMPT 211 W0 SOLVE 4x2 2026-07-22T16:57:08.426
ATTEMPT 211 W0 DONE 4x2 seed=828614 nsol=16 0.01s 2026-07-22T16:57:08.440
ATTEMPT 212 W0 START 4x2 seed=828615 2026-07-22T16:57:08.441
ATTEMPT 212 W0 SOLVE 4x2 2026-07-22T16:57:08.451
ATTEMPT 212 W0 DONE 4x2 seed=828615 nsol=16 0.01s 2026-07-22T16:57:08.459
ATTEMPT 213 W0 START 4x2 seed=828616 2026-07-22T16:57:08.459
ATTEMPT 213 W0 SOLVE 4x2 2026-07-22T16:57:08.471
ATTEMPT 213 W0 DONE 4x2 seed=828616 nsol=16 0.01s 2026-07-22T16:57:08.485
ATTEMPT 214 W0 START 4x2 seed=828617 2026-07-22T16:57:08.485
ATTEMPT 214 W0 SOLVE 4x2 2026-07-22T16:57:08.498
ATTEMPT 214 W0 DONE 4x2 seed=828617 nsol=16 0.01s 2026-07-22T16:57:08.508
ATTEMPT 215 W0 START 4x2 seed=828618 2026-07-22T16:57:08.508
ATTEMPT 215 W0 SOLVE 4x2 2026-07-22T16:57:08.522
ATTEMPT 215 W0 DONE 4x2 seed=828618 nsol=16 0.01s 2026-07-22T16:57:08.533
ATTEMPT 216 W0 START 4x2 seed=828619 2026-07-22T16:57:08.533
ATTEMPT 216 W0 SOLVE 4x2 2026-07-22T16:57:08.541
ATTEMPT 216 W0 DONE 4x2 seed=828619 nsol=16 0.01s 2026-07-22T16:57:08.555
ATTEMPT 217 W0 START 4x2 seed=828620 2026-07-22T16:57:08.555
ATTEMPT 217 W0 SOLVE 4x2 2026-07-22T16:57:08.565
ATTEMPT 217 W0 DONE 4x2 seed=828620 nsol=16 0.01s 2026-07-22T16:57:08.576
ATTEMPT 218 W0 START 4x2 seed=828621 2026-07-22T16:57:08.576
ATTEMPT 218 W0 SOLVE 4x2 2026-07-22T16:57:08.582
ATTEMPT 218 W0 DONE 4x2 seed=828621 nsol=16 0.02s 2026-07-22T16:57:08.604
ATTEMPT 219 W0 START 4x2 seed=828622 2026-07-22T16:57:08.604
ATTEMPT 219 W0 SOLVE 4x2 2026-07-22T16:57:08.613
ATTEMPT 219 W0 DONE 4x2 seed=828622 nsol=16 0.02s 2026-07-22T16:57:08.632
ATTEMPT 220 W0 START 4x2 seed=828623 2026-07-22T16:57:08.632
ATTEMPT 220 W0 SOLVE 4x2 2026-07-22T16:57:08.639
ATTEMPT 220 W0 DONE 4x2 seed=828623 nsol=16 0.01s 2026-07-22T16:57:08.652
ATTEMPT 221 W0 START 4x2 seed=828624 2026-07-22T16:57:08.653
ATTEMPT 221 W0 SOLVE 4x2 2026-07-22T16:57:08.666
ATTEMPT 221 W0 DONE 4x2 seed=828624 nsol=16 0.01s 2026-07-22T16:57:08.685
ATTEMPT 222 W0 START 4x2 seed=828625 2026-07-22T16:57:08.685
ATTEMPT 222 W0 SOLVE 4x2 2026-07-22T16:57:08.702
ATTEMPT 222 W0 DONE 4x2 seed=828625 nsol=16 0.01s 2026-07-22T16:57:08.719
ATTEMPT 223 W0 START 4x2 seed=828626 2026-07-22T16:57:08.719
ATTEMPT 223 W0 SOLVE 4x2 2026-07-22T16:57:08.734
ATTEMPT 223 W0 DONE 4x2 seed=828626 nsol=16 0.02s 2026-07-22T16:57:08.753
ATTEMPT 224 W0 START 4x2 seed=828627 2026-07-22T16:57:08.753
ATTEMPT 224 W0 SOLVE 4x2 2026-07-22T16:57:08.767
ATTEMPT 224 W0 DONE 4x2 seed=828627 nsol=16 0.01s 2026-07-22T16:57:08.779
ATTEMPT 225 W0 START 4x2 seed=828628 2026-07-22T16:57:08.779
ATTEMPT 225 W0 SOLVE 4x2 2026-07-22T16:57:08.798
ATTEMPT 225 W0 DONE 4x2 seed=828628 nsol=16 0.02s 2026-07-22T16:57:08.821
ATTEMPT 226 W0 START 4x2 seed=828629 2026-07-22T16:57:08.821
ATTEMPT 226 W0 SOLVE 4x2 2026-07-22T16:57:08.832
ATTEMPT 226 W0 DONE 4x2 seed=828629 nsol=16 0.01s 2026-07-22T16:57:08.841
ATTEMPT 227 W0 START 4x2 seed=828630 2026-07-22T16:57:08.842
ATTEMPT 227 W0 SOLVE 4x2 2026-07-22T16:57:08.848
ATTEMPT 227 W0 DONE 4x2 seed=828630 nsol=16 0.01s 2026-07-22T16:57:08.859
ATTEMPT 228 W0 START 4x2 seed=828631 2026-07-22T16:57:08.859
ATTEMPT 228 W0 SOLVE 4x2 2026-07-22T16:57:08.866
ATTEMPT 228 W0 DONE 4x2 seed=828631 nsol=16 0.02s 2026-07-22T16:57:08.882
ATTEMPT 229 W0 START 4x2 seed=828632 2026-07-22T16:57:08.883
ATTEMPT 229 W0 SOLVE 4x2 2026-07-22T16:57:08.888
ATTEMPT 229 W0 DONE 4x2 seed=828632 nsol=16 0.01s 2026-07-22T16:57:08.896
ATTEMPT 230 W0 START 4x2 seed=828633 2026-07-22T16:57:08.896
ATTEMPT 230 W0 SOLVE 4x2 2026-07-22T16:57:08.903
ATTEMPT 230 W0 DONE 4x2 seed=828633 nsol=16 0.02s 2026-07-22T16:57:08.920
ATTEMPT 231 W0 START 4x2 seed=828634 2026-07-22T16:57:08.921
ATTEMPT 231 W0 SOLVE 4x2 2026-07-22T16:57:08.928
ATTEMPT 231 W0 DONE 4x2 seed=828634 nsol=16 0.02s 2026-07-22T16:57:08.945
ATTEMPT 232 W0 START 4x2 seed=828635 2026-07-22T16:57:08.945
ATTEMPT 232 W0 SOLVE 4x2 2026-07-22T16:57:08.953
ATTEMPT 232 W0 DONE 4x2 seed=828635 nsol=16 0.02s 2026-07-22T16:57:08.977
ATTEMPT 233 W0 START 4x2 seed=828636 2026-07-22T16:57:08.977
ATTEMPT 233 W0 SOLVE 4x2 2026-07-22T16:57:08.983
ATTEMPT 233 W0 DONE 4x2 seed=828636 nsol=16 0.01s 2026-07-22T16:57:08.993
ATTEMPT 234 W0 START 4x2 seed=828637 2026-07-22T16:57:08.993
ATTEMPT 234 W0 SOLVE 4x2 2026-07-22T16:57:09.001
ATTEMPT 234 W0 DONE 4x2 seed=828637 nsol=16 0.02s 2026-07-22T16:57:09.020
ATTEMPT 235 W0 START 4x2 seed=828638 2026-07-22T16:57:09.021
ATTEMPT 235 W0 SOLVE 4x2 2026-07-22T16:57:09.029
ATTEMPT 235 W0 DONE 4x2 seed=828638 nsol=16 0.02s 2026-07-22T16:57:09.048
ATTEMPT 236 W0 START 4x2 seed=828639 2026-07-22T16:57:09.049
ATTEMPT 236 W0 SOLVE 4x2 2026-07-22T16:57:09.057
ATTEMPT 236 W0 DONE 4x2 seed=828639 nsol=16 0.02s 2026-07-22T16:57:09.073
ATTEMPT 237 W0 START 4x2 seed=828640 2026-07-22T16:57:09.073
ATTEMPT 237 W0 SOLVE 4x2 2026-07-22T16:57:09.084
ATTEMPT 237 W0 DONE 4x2 seed=828640 nsol=16 0.01s 2026-07-22T16:57:09.100
ATTEMPT 238 W0 START 4x2 seed=828641 2026-07-22T16:57:09.100
ATTEMPT 238 W0 SOLVE 4x2 2026-07-22T16:57:09.107
ATTEMPT 238 W0 DONE 4x2 seed=828641 nsol=16 0.03s 2026-07-22T16:57:09.133
ATTEMPT 239 W0 START 4x2 seed=828642 2026-07-22T16:57:09.133
ATTEMPT 239 W0 SOLVE 4x2 2026-07-22T16:57:09.140
ATTEMPT 239 W0 DONE 4x2 seed=828642 nsol=16 0.02s 2026-07-22T16:57:09.164
ATTEMPT 240 W0 START 4x2 seed=828643 2026-07-22T16:57:09.165
ATTEMPT 240 W0 SOLVE 4x2 2026-07-22T16:57:09.176
ATTEMPT 240 W0 DONE 4x2 seed=828643 nsol=16 0.01s 2026-07-22T16:57:09.191
ATTEMPT 241 W0 START 4x2 seed=828644 2026-07-22T16:57:09.191
ATTEMPT 241 W0 SOLVE 4x2 2026-07-22T16:57:09.203
ATTEMPT 241 W0 DONE 4x2 seed=828644 nsol=16 0.01s 2026-07-22T16:57:09.211
ATTEMPT 242 W0 START 4x2 seed=828645 2026-07-22T16:57:09.211
ATTEMPT 242 W0 SOLVE 4x2 2026-07-22T16:57:09.231
ATTEMPT 242 W0 DONE 4x2 seed=828645 nsol=16 0.02s 2026-07-22T16:57:09.249
ATTEMPT 243 W0 START 4x2 seed=828646 2026-07-22T16:57:09.249
ATTEMPT 243 W0 SOLVE 4x2 2026-07-22T16:57:09.259
ATTEMPT 243 W0 DONE 4x2 seed=828646 nsol=16 0.06s 2026-07-22T16:57:09.322
ATTEMPT 244 W0 START 4x2 seed=828647 2026-07-22T16:57:09.322
ATTEMPT 244 W0 SOLVE 4x2 2026-07-22T16:57:09.335
ATTEMPT 244 W0 DONE 4x2 seed=828647 nsol=16 0.01s 2026-07-22T16:57:09.343
ATTEMPT 245 W0 START 4x2 seed=828648 2026-07-22T16:57:09.344
ATTEMPT 245 W0 SOLVE 4x2 2026-07-22T16:57:09.354
ATTEMPT 245 W0 DONE 4x2 seed=828648 nsol=16 0.01s 2026-07-22T16:57:09.360
ATTEMPT 246 W0 START 4x2 seed=828649 2026-07-22T16:57:09.361
ATTEMPT 246 W0 SOLVE 4x2 2026-07-22T16:57:09.367
ATTEMPT 246 W0 DONE 4x2 seed=828649 nsol=16 0.02s 2026-07-22T16:57:09.385
ATTEMPT 247 W0 START 4x2 seed=828650 2026-07-22T16:57:09.386
ATTEMPT 247 W0 SOLVE 4x2 2026-07-22T16:57:09.395
ATTEMPT 247 W0 DONE 4x2 seed=828650 nsol=16 0.01s 2026-07-22T16:57:09.402
ATTEMPT 248 W0 START 4x2 seed=828651 2026-07-22T16:57:09.403
ATTEMPT 248 W0 SOLVE 4x2 2026-07-22T16:57:09.410
ATTEMPT 248 W0 DONE 4x2 seed=828651 nsol=16 0.01s 2026-07-22T16:57:09.418
ATTEMPT 249 W0 START 4x2 seed=828652 2026-07-22T16:57:09.418
ATTEMPT 249 W0 SOLVE 4x2 2026-07-22T16:57:09.426
ATTEMPT 249 W0 DONE 4x2 seed=828652 nsol=16 0.02s 2026-07-22T16:57:09.441
ATTEMPT 250 W0 START 4x2 seed=828653 2026-07-22T16:57:09.441
ATTEMPT 250 W0 SOLVE 4x2 2026-07-22T16:57:09.447
ATTEMPT 250 W0 DONE 4x2 seed=828653 nsol=16 0.01s 2026-07-22T16:57:09.461
ATTEMPT 251 W0 START 4x2 seed=828654 2026-07-22T16:57:09.461
ATTEMPT 251 W0 SOLVE 4x2 2026-07-22T16:57:09.467
ATTEMPT 251 W0 DONE 4x2 seed=828654 nsol=16 0.01s 2026-07-22T16:57:09.481
ATTEMPT 252 W0 START 4x2 seed=828655 2026-07-22T16:57:09.481
ATTEMPT 252 W0 SOLVE 4x2 2026-07-22T16:57:09.488
ATTEMPT 252 W0 DONE 4x2 seed=828655 nsol=16 0.02s 2026-07-22T16:57:09.509
ATTEMPT 253 W0 START 4x2 seed=828656 2026-07-22T16:57:09.510
ATTEMPT 253 W0 SOLVE 4x2 2026-07-22T16:57:09.516
ATTEMPT 253 W0 DONE 4x2 seed=828656 nsol=16 0.01s 2026-07-22T16:57:09.524
ATTEMPT 254 W0 START 4x2 seed=828657 2026-07-22T16:57:09.524
ATTEMPT 254 W0 SOLVE 4x2 2026-07-22T16:57:09.530
ATTEMPT 254 W0 DONE 4x2 seed=828657 nsol=16 0.02s 2026-07-22T16:57:09.549
ATTEMPT 255 W0 START 4x2 seed=828658 2026-07-22T16:57:09.549
ATTEMPT 255 W0 SOLVE 4x2 2026-07-22T16:57:09.556
ATTEMPT 255 W0 DONE 4x2 seed=828658 nsol=16 0.02s 2026-07-22T16:57:09.573
ATTEMPT 256 W0 START 4x2 seed=828659 2026-07-22T16:57:09.573
ATTEMPT 256 W0 SOLVE 4x2 2026-07-22T16:57:09.580
ATTEMPT 256 W0 DONE 4x2 seed=828659 nsol=16 0.01s 2026-07-22T16:57:09.588
ATTEMPT 257 W0 START 4x2 seed=828660 2026-07-22T16:57:09.588
ATTEMPT 257 W0 SOLVE 4x2 2026-07-22T16:57:09.596
ATTEMPT 257 W0 DONE 4x2 seed=828660 nsol=16 0.01s 2026-07-22T16:57:09.609
ATTEMPT 258 W0 START 4x2 seed=828661 2026-07-22T16:57:09.609
ATTEMPT 258 W0 SOLVE 4x2 2026-07-22T16:57:09.615
ATTEMPT 258 W0 DONE 4x2 seed=828661 nsol=16 0.02s 2026-07-22T16:57:09.633
ATTEMPT 259 W0 START 4x2 seed=828662 2026-07-22T16:57:09.633
ATTEMPT 259 W0 SOLVE 4x2 2026-07-22T16:57:09.641
ATTEMPT 259 W0 DONE 4x2 seed=828662 nsol=16 0.02s 2026-07-22T16:57:09.663
ATTEMPT 260 W0 START 4x2 seed=828663 2026-07-22T16:57:09.663
ATTEMPT 260 W0 SOLVE 4x2 2026-07-22T16:57:09.672
ATTEMPT 260 W0 DONE 4x2 seed=828663 nsol=16 0.01s 2026-07-22T16:57:09.679
ATTEMPT 261 W0 START 4x2 seed=828664 2026-07-22T16:57:09.679
ATTEMPT 261 W0 SOLVE 4x2 2026-07-22T16:57:09.687
ATTEMPT 261 W0 DONE 4x2 seed=828664 nsol=16 0.01s 2026-07-22T16:57:09.697
ATTEMPT 262 W0 START 4x2 seed=828665 2026-07-22T16:57:09.697
ATTEMPT 262 W0 SOLVE 4x2 2026-07-22T16:57:09.703
ATTEMPT 262 W0 DONE 4x2 seed=828665 nsol=16 0.01s 2026-07-22T16:57:09.712
ATTEMPT 263 W0 START 4x2 seed=828666 2026-07-22T16:57:09.712
ATTEMPT 263 W0 SOLVE 4x2 2026-07-22T16:57:09.718
ATTEMPT 263 W0 DONE 4x2 seed=828666 nsol=16 0.01s 2026-07-22T16:57:09.732
ATTEMPT 264 W0 START 4x2 seed=828667 2026-07-22T16:57:09.732
ATTEMPT 264 W0 SOLVE 4x2 2026-07-22T16:57:09.740
ATTEMPT 264 W0 DONE 4x2 seed=828667 nsol=16 0.01s 2026-07-22T16:57:09.747
ATTEMPT 265 W0 START 4x2 seed=828668 2026-07-22T16:57:09.748
ATTEMPT 265 W0 SOLVE 4x2 2026-07-22T16:57:09.755
ATTEMPT 265 W0 DONE 4x2 seed=828668 nsol=16 0.01s 2026-07-22T16:57:09.769
ATTEMPT 266 W0 START 4x2 seed=828669 2026-07-22T16:57:09.769
ATTEMPT 266 W0 SOLVE 4x2 2026-07-22T16:57:09.776
ATTEMPT 266 W0 DONE 4x2 seed=828669 nsol=16 0.02s 2026-07-22T16:57:09.798
ATTEMPT 267 W0 START 4x2 seed=828670 2026-07-22T16:57:09.798
ATTEMPT 267 W0 SOLVE 4x2 2026-07-22T16:57:09.806
ATTEMPT 267 W0 DONE 4x2 seed=828670 nsol=16 0.01s 2026-07-22T16:57:09.817
ATTEMPT 268 W0 START 4x2 seed=828671 2026-07-22T16:57:09.818
ATTEMPT 268 W0 SOLVE 4x2 2026-07-22T16:57:09.824
ATTEMPT 268 W0 DONE 4x2 seed=828671 nsol=16 0.02s 2026-07-22T16:57:09.841
ATTEMPT 269 W0 START 4x2 seed=828672 2026-07-22T16:57:09.841
ATTEMPT 269 W0 SOLVE 4x2 2026-07-22T16:57:09.848
ATTEMPT 269 W0 DONE 4x2 seed=828672 nsol=16 0.01s 2026-07-22T16:57:09.857
ATTEMPT 270 W0 START 4x2 seed=828673 2026-07-22T16:57:09.857
ATTEMPT 270 W0 SOLVE 4x2 2026-07-22T16:57:09.863
ATTEMPT 270 W0 DONE 4x2 seed=828673 nsol=16 0.01s 2026-07-22T16:57:09.870
ATTEMPT 271 W0 START 4x2 seed=828674 2026-07-22T16:57:09.870
ATTEMPT 271 W0 SOLVE 4x2 2026-07-22T16:57:09.876
ATTEMPT 271 W0 DONE 4x2 seed=828674 nsol=16 0.01s 2026-07-22T16:57:09.883
ATTEMPT 272 W0 START 4x2 seed=828675 2026-07-22T16:57:09.884
ATTEMPT 272 W0 SOLVE 4x2 2026-07-22T16:57:09.890
ATTEMPT 272 W0 DONE 4x2 seed=828675 nsol=16 0.01s 2026-07-22T16:57:09.899
ATTEMPT 273 W0 START 4x2 seed=828676 2026-07-22T16:57:09.900
ATTEMPT 273 W0 SOLVE 4x2 2026-07-22T16:57:09.906
ATTEMPT 273 W0 DONE 4x2 seed=828676 nsol=16 0.02s 2026-07-22T16:57:09.926
ATTEMPT 274 W0 START 4x2 seed=828677 2026-07-22T16:57:09.926
ATTEMPT 274 W0 SOLVE 4x2 2026-07-22T16:57:09.933
ATTEMPT 274 W0 DONE 4x2 seed=828677 nsol=16 0.01s 2026-07-22T16:57:09.939
ATTEMPT 275 W0 START 4x2 seed=828678 2026-07-22T16:57:09.939
ATTEMPT 275 W0 SOLVE 4x2 2026-07-22T16:57:09.945
ATTEMPT 275 W0 DONE 4x2 seed=828678 nsol=16 0.01s 2026-07-22T16:57:09.953
ATTEMPT 276 W0 START 4x2 seed=828679 2026-07-22T16:57:09.953
ATTEMPT 276 W0 SOLVE 4x2 2026-07-22T16:57:09.960
ATTEMPT 276 W0 DONE 4x2 seed=828679 nsol=16 0.02s 2026-07-22T16:57:09.981
ATTEMPT 277 W0 START 4x2 seed=828680 2026-07-22T16:57:09.981
ATTEMPT 277 W0 SOLVE 4x2 2026-07-22T16:57:09.987
ATTEMPT 277 W0 DONE 4x2 seed=828680 nsol=16 0.01s 2026-07-22T16:57:09.993
ATTEMPT 278 W0 START 4x2 seed=828681 2026-07-22T16:57:09.993
ATTEMPT 278 W0 SOLVE 4x2 2026-07-22T16:57:10
ATTEMPT 278 W0 DONE 4x2 seed=828681 nsol=16 0.01s 2026-07-22T16:57:10.013
ATTEMPT 279 W0 START 4x2 seed=828682 2026-07-22T16:57:10.013
ATTEMPT 279 W0 SOLVE 4x2 2026-07-22T16:57:10.019
ATTEMPT 279 W0 DONE 4x2 seed=828682 nsol=16 0.02s 2026-07-22T16:57:10.036
ATTEMPT 280 W0 START 4x2 seed=828683 2026-07-22T16:57:10.036
ATTEMPT 280 W0 SOLVE 4x2 2026-07-22T16:57:10.042
ATTEMPT 280 W0 DONE 4x2 seed=828683 nsol=16 0.04s 2026-07-22T16:57:10.086
ATTEMPT 281 W0 START 4x2 seed=828684 2026-07-22T16:57:10.092
ATTEMPT 281 W0 SOLVE 4x2 2026-07-22T16:57:10.109
ATTEMPT 281 W0 DONE 4x2 seed=828684 nsol=16 0.01s 2026-07-22T16:57:10.118
ATTEMPT 282 W0 START 4x2 seed=828685 2026-07-22T16:57:10.118
ATTEMPT 282 W0 SOLVE 4x2 2026-07-22T16:57:10.125
ATTEMPT 282 W0 DONE 4x2 seed=828685 nsol=16 0.01s 2026-07-22T16:57:10.131
ATTEMPT 283 W0 START 4x2 seed=828686 2026-07-22T16:57:10.131
ATTEMPT 283 W0 SOLVE 4x2 2026-07-22T16:57:10.138
ATTEMPT 283 W0 DONE 4x2 seed=828686 nsol=16 0.00s 2026-07-22T16:57:10.142
ATTEMPT 284 W0 START 4x2 seed=828687 2026-07-22T16:57:10.143
ATTEMPT 284 W0 SOLVE 4x2 2026-07-22T16:57:10.148
ATTEMPT 284 W0 DONE 4x2 seed=828687 nsol=16 0.01s 2026-07-22T16:57:10.156
ATTEMPT 285 W0 START 4x2 seed=828688 2026-07-22T16:57:10.157
ATTEMPT 285 W0 SOLVE 4x2 2026-07-22T16:57:10.164
ATTEMPT 285 W0 DONE 4x2 seed=828688 nsol=16 0.01s 2026-07-22T16:57:10.170
ATTEMPT 286 W0 START 4x2 seed=828689 2026-07-22T16:57:10.170
ATTEMPT 286 W0 SOLVE 4x2 2026-07-22T16:57:10.178
ATTEMPT 286 W0 DONE 4x2 seed=828689 nsol=16 0.01s 2026-07-22T16:57:10.190
ATTEMPT 287 W0 START 4x2 seed=828690 2026-07-22T16:57:10.191
ATTEMPT 287 W0 SOLVE 4x2 2026-07-22T16:57:10.199
ATTEMPT 287 W0 DONE 4x2 seed=828690 nsol=16 0.01s 2026-07-22T16:57:10.208
ATTEMPT 288 W0 START 4x2 seed=828691 2026-07-22T16:57:10.208
ATTEMPT 288 W0 SOLVE 4x2 2026-07-22T16:57:10.215
ATTEMPT 288 W0 DONE 4x2 seed=828691 nsol=16 0.00s 2026-07-22T16:57:10.220
ATTEMPT 289 W0 START 4x2 seed=828692 2026-07-22T16:57:10.220
ATTEMPT 289 W0 SOLVE 4x2 2026-07-22T16:57:10.226
ATTEMPT 289 W0 DONE 4x2 seed=828692 nsol=16 0.01s 2026-07-22T16:57:10.236
ATTEMPT 290 W0 START 4x2 seed=828693 2026-07-22T16:57:10.236
ATTEMPT 290 W0 SOLVE 4x2 2026-07-22T16:57:10.242
ATTEMPT 290 W0 DONE 4x2 seed=828693 nsol=16 0.01s 2026-07-22T16:57:10.254
ATTEMPT 291 W0 START 4x2 seed=828694 2026-07-22T16:57:10.255
ATTEMPT 291 W0 SOLVE 4x2 2026-07-22T16:57:10.262
ATTEMPT 291 W0 DONE 4x2 seed=828694 nsol=16 0.01s 2026-07-22T16:57:10.268
ATTEMPT 292 W0 START 4x2 seed=828695 2026-07-22T16:57:10.268
ATTEMPT 292 W0 SOLVE 4x2 2026-07-22T16:57:10.274
ATTEMPT 292 W0 DONE 4x2 seed=828695 nsol=16 0.01s 2026-07-22T16:57:10.286
ATTEMPT 293 W0 START 4x2 seed=828696 2026-07-22T16:57:10.287
ATTEMPT 293 W0 SOLVE 4x2 2026-07-22T16:57:10.295
ATTEMPT 293 W0 DONE 4x2 seed=828696 nsol=16 0.01s 2026-07-22T16:57:10.301
ATTEMPT 294 W0 START 4x2 seed=828697 2026-07-22T16:57:10.301
ATTEMPT 294 W0 SOLVE 4x2 2026-07-22T16:57:10.310
ATTEMPT 294 W0 DONE 4x2 seed=828697 nsol=16 0.01s 2026-07-22T16:57:10.316
ATTEMPT 295 W0 START 4x2 seed=828698 2026-07-22T16:57:10.317
ATTEMPT 295 W0 SOLVE 4x2 2026-07-22T16:57:10.325
ATTEMPT 295 W0 DONE 4x2 seed=828698 nsol=16 0.01s 2026-07-22T16:57:10.335
ATTEMPT 296 W0 START 4x2 seed=828699 2026-07-22T16:57:10.335
ATTEMPT 296 W0 SOLVE 4x2 2026-07-22T16:57:10.341
ATTEMPT 296 W0 DONE 4x2 seed=828699 nsol=16 0.01s 2026-07-22T16:57:10.349
ATTEMPT 297 W0 START 4x2 seed=828700 2026-07-22T16:57:10.350
ATTEMPT 297 W0 SOLVE 4x2 2026-07-22T16:57:10.358
ATTEMPT 297 W0 DONE 4x2 seed=828700 nsol=16 0.01s 2026-07-22T16:57:10.369
ATTEMPT 298 W0 START 4x2 seed=828701 2026-07-22T16:57:10.369
ATTEMPT 298 W0 SOLVE 4x2 2026-07-22T16:57:10.374
ATTEMPT 298 W0 DONE 4x2 seed=828701 nsol=16 0.00s 2026-07-22T16:57:10.379
ATTEMPT 299 W0 START 4x2 seed=828702 2026-07-22T16:57:10.379
ATTEMPT 299 W0 SOLVE 4x2 2026-07-22T16:57:10.386
ATTEMPT 299 W0 DONE 4x2 seed=828702 nsol=16 0.01s 2026-07-22T16:57:10.393
ATTEMPT 300 W0 START 4x2 seed=828703 2026-07-22T16:57:10.394
ATTEMPT 300 W0 SOLVE 4x2 2026-07-22T16:57:10.400
ATTEMPT 300 W0 DONE 4x2 seed=828703 nsol=16 0.01s 2026-07-22T16:57:10.413
ATTEMPT 301 W0 START 4x2 seed=828704 2026-07-22T16:57:10.413
ATTEMPT 301 W0 SOLVE 4x2 2026-07-22T16:57:10.419
ATTEMPT 301 W0 DONE 4x2 seed=828704 nsol=16 0.01s 2026-07-22T16:57:10.429
ATTEMPT 302 W0 START 4x2 seed=828705 2026-07-22T16:57:10.429
ATTEMPT 302 W0 SOLVE 4x2 2026-07-22T16:57:10.435
ATTEMPT 302 W0 DONE 4x2 seed=828705 nsol=16 0.01s 2026-07-22T16:57:10.447
ATTEMPT 303 W0 START 4x2 seed=828706 2026-07-22T16:57:10.447
ATTEMPT 303 W0 SOLVE 4x2 2026-07-22T16:57:10.453
ATTEMPT 303 W0 DONE 4x2 seed=828706 nsol=16 0.01s 2026-07-22T16:57:10.464
ATTEMPT 304 W0 START 4x2 seed=828707 2026-07-22T16:57:10.465
ATTEMPT 304 W0 SOLVE 4x2 2026-07-22T16:57:10.471
ATTEMPT 304 W0 DONE 4x2 seed=828707 nsol=16 0.01s 2026-07-22T16:57:10.480
ATTEMPT 305 W0 START 4x2 seed=828708 2026-07-22T16:57:10.481
ATTEMPT 305 W0 SOLVE 4x2 2026-07-22T16:57:10.487
ATTEMPT 305 W0 DONE 4x2 seed=828708 nsol=16 0.01s 2026-07-22T16:57:10.493
ATTEMPT 306 W0 START 4x2 seed=828709 2026-07-22T16:57:10.494
ATTEMPT 306 W0 SOLVE 4x2 2026-07-22T16:57:10.501
ATTEMPT 306 W0 DONE 4x2 seed=828709 nsol=16 0.01s 2026-07-22T16:57:10.509
ATTEMPT 307 W0 START 4x2 seed=828710 2026-07-22T16:57:10.509
ATTEMPT 307 W0 SOLVE 4x2 2026-07-22T16:57:10.516
ATTEMPT 307 W0 DONE 4x2 seed=828710 nsol=16 0.01s 2026-07-22T16:57:10.523
ATTEMPT 308 W0 START 4x2 seed=828711 2026-07-22T16:57:10.523
ATTEMPT 308 W0 SOLVE 4x2 2026-07-22T16:57:10.530
ATTEMPT 308 W0 DONE 4x2 seed=828711 nsol=16 0.02s 2026-07-22T16:57:10.546
ATTEMPT 309 W0 START 4x2 seed=828712 2026-07-22T16:57:10.547
ATTEMPT 309 W0 SOLVE 4x2 2026-07-22T16:57:10.553
ATTEMPT 309 W0 DONE 4x2 seed=828712 nsol=16 0.01s 2026-07-22T16:57:10.558
ATTEMPT 310 W0 START 4x2 seed=828713 2026-07-22T16:57:10.558
ATTEMPT 310 W0 SOLVE 4x2 2026-07-22T16:57:10.566
ATTEMPT 310 W0 DONE 4x2 seed=828713 nsol=16 0.02s 2026-07-22T16:57:10.583
ATTEMPT 311 W0 START 4x2 seed=828714 2026-07-22T16:57:10.583
ATTEMPT 311 W0 SOLVE 4x2 2026-07-22T16:57:10.589
ATTEMPT 311 W0 DONE 4x2 seed=828714 nsol=16 0.01s 2026-07-22T16:57:10.596
ATTEMPT 312 W0 START 4x2 seed=828715 2026-07-22T16:57:10.597
ATTEMPT 312 W0 SOLVE 4x2 2026-07-22T16:57:10.605
ATTEMPT 312 W0 DONE 4x2 seed=828715 nsol=16 0.01s 2026-07-22T16:57:10.613
ATTEMPT 313 W0 START 4x2 seed=828716 2026-07-22T16:57:10.614
ATTEMPT 313 W0 SOLVE 4x2 2026-07-22T16:57:10.620
ATTEMPT 313 W0 DONE 4x2 seed=828716 nsol=16 0.01s 2026-07-22T16:57:10.627
ATTEMPT 314 W0 START 4x2 seed=828717 2026-07-22T16:57:10.627
ATTEMPT 314 W0 SOLVE 4x2 2026-07-22T16:57:10.645
ATTEMPT 314 W0 DONE 4x2 seed=828717 nsol=16 0.01s 2026-07-22T16:57:10.657
ATTEMPT 315 W0 START 4x2 seed=828718 2026-07-22T16:57:10.657
ATTEMPT 315 W0 SOLVE 4x2 2026-07-22T16:57:10.665
ATTEMPT 315 W0 DONE 4x2 seed=828718 nsol=16 0.04s 2026-07-22T16:57:10.704
ATTEMPT 316 W0 START 4x2 seed=828719 2026-07-22T16:57:10.713
ATTEMPT 316 W0 SOLVE 4x2 2026-07-22T16:57:10.720
ATTEMPT 316 W0 DONE 4x2 seed=828719 nsol=16 0.01s 2026-07-22T16:57:10.727
ATTEMPT 317 W0 START 4x2 seed=828720 2026-07-22T16:57:10.728
ATTEMPT 317 W0 SOLVE 4x2 2026-07-22T16:57:10.734
ATTEMPT 317 W0 DONE 4x2 seed=828720 nsol=16 0.01s 2026-07-22T16:57:10.744
ATTEMPT 318 W0 START 4x2 seed=828721 2026-07-22T16:57:10.744
ATTEMPT 318 W0 SOLVE 4x2 2026-07-22T16:57:10.750
ATTEMPT 318 W0 DONE 4x2 seed=828721 nsol=16 0.00s 2026-07-22T16:57:10.754
ATTEMPT 319 W0 START 4x2 seed=828722 2026-07-22T16:57:10.754
ATTEMPT 319 W0 SOLVE 4x2 2026-07-22T16:57:10.760
ATTEMPT 319 W0 DONE 4x2 seed=828722 nsol=16 0.00s 2026-07-22T16:57:10.764
ATTEMPT 320 W0 START 4x2 seed=828723 2026-07-22T16:57:10.764
ATTEMPT 320 W0 SOLVE 4x2 2026-07-22T16:57:10.775
ATTEMPT 320 W0 DONE 4x2 seed=828723 nsol=16 0.01s 2026-07-22T16:57:10.781
ATTEMPT 321 W0 START 4x2 seed=828724 2026-07-22T16:57:10.781
ATTEMPT 321 W0 SOLVE 4x2 2026-07-22T16:57:10.787
ATTEMPT 321 W0 DONE 4x2 seed=828724 nsol=16 0.01s 2026-07-22T16:57:10.793
ATTEMPT 322 W0 START 4x2 seed=828725 2026-07-22T16:57:10.794
ATTEMPT 322 W0 SOLVE 4x2 2026-07-22T16:57:10.799
ATTEMPT 322 W0 DONE 4x2 seed=828725 nsol=16 0.00s 2026-07-22T16:57:10.804
ATTEMPT 323 W0 START 4x2 seed=828726 2026-07-22T16:57:10.804
ATTEMPT 323 W0 SOLVE 4x2 2026-07-22T16:57:10.810
ATTEMPT 323 W0 DONE 4x2 seed=828726 nsol=16 0.01s 2026-07-22T16:57:10.817
ATTEMPT 324 W0 START 4x2 seed=828727 2026-07-22T16:57:10.817
ATTEMPT 324 W0 SOLVE 4x2 2026-07-22T16:57:10.823
ATTEMPT 324 W0 DONE 4x2 seed=828727 nsol=16 0.01s 2026-07-22T16:57:10.829
ATTEMPT 325 W0 START 4x2 seed=828728 2026-07-22T16:57:10.829
ATTEMPT 325 W0 SOLVE 4x2 2026-07-22T16:57:10.836
ATTEMPT 325 W0 DONE 4x2 seed=828728 nsol=16 0.01s 2026-07-22T16:57:10.842
ATTEMPT 326 W0 START 4x2 seed=828729 2026-07-22T16:57:10.842
ATTEMPT 326 W0 SOLVE 4x2 2026-07-22T16:57:10.849
ATTEMPT 326 W0 DONE 4x2 seed=828729 nsol=16 0.01s 2026-07-22T16:57:10.857
ATTEMPT 327 W0 START 4x2 seed=828730 2026-07-22T16:57:10.857
ATTEMPT 327 W0 SOLVE 4x2 2026-07-22T16:57:10.863
ATTEMPT 327 W0 DONE 4x2 seed=828730 nsol=16 0.01s 2026-07-22T16:57:10.871
ATTEMPT 328 W0 START 4x2 seed=828731 2026-07-22T16:57:10.871
ATTEMPT 328 W0 SOLVE 4x2 2026-07-22T16:57:10.876
ATTEMPT 328 W0 DONE 4x2 seed=828731 nsol=16 0.01s 2026-07-22T16:57:10.883
ATTEMPT 329 W0 START 4x2 seed=828732 2026-07-22T16:57:10.883
ATTEMPT 329 W0 SOLVE 4x2 2026-07-22T16:57:10.889
ATTEMPT 329 W0 DONE 4x2 seed=828732 nsol=16 0.00s 2026-07-22T16:57:10.894
ATTEMPT 330 W0 START 4x2 seed=828733 2026-07-22T16:57:10.894
ATTEMPT 330 W0 SOLVE 4x2 2026-07-22T16:57:10.900
ATTEMPT 330 W0 DONE 4x2 seed=828733 nsol=16 0.01s 2026-07-22T16:57:10.907
ATTEMPT 331 W0 START 4x2 seed=828734 2026-07-22T16:57:10.907
ATTEMPT 331 W0 SOLVE 4x2 2026-07-22T16:57:10.913
ATTEMPT 331 W0 DONE 4x2 seed=828734 nsol=16 0.01s 2026-07-22T16:57:10.918
ATTEMPT 332 W0 START 4x2 seed=828735 2026-07-22T16:57:10.918
ATTEMPT 332 W0 SOLVE 4x2 2026-07-22T16:57:10.924
ATTEMPT 332 W0 DONE 4x2 seed=828735 nsol=16 0.01s 2026-07-22T16:57:10.929
ATTEMPT 333 W0 START 4x2 seed=828736 2026-07-22T16:57:10.929
ATTEMPT 333 W0 SOLVE 4x2 2026-07-22T16:57:10.935
ATTEMPT 333 W0 DONE 4x2 seed=828736 nsol=16 0.00s 2026-07-22T16:57:10.940
ATTEMPT 334 W0 START 4x2 seed=828737 2026-07-22T16:57:10.940
ATTEMPT 334 W0 SOLVE 4x2 2026-07-22T16:57:10.947
ATTEMPT 334 W0 DONE 4x2 seed=828737 nsol=16 0.01s 2026-07-22T16:57:10.961
ATTEMPT 335 W0 START 4x2 seed=828738 2026-07-22T16:57:10.961
ATTEMPT 335 W0 SOLVE 4x2 2026-07-22T16:57:10.966
ATTEMPT 335 W0 DONE 4x2 seed=828738 nsol=16 0.01s 2026-07-22T16:57:10.972
ATTEMPT 336 W0 START 4x2 seed=828739 2026-07-22T16:57:10.972
ATTEMPT 336 W0 SOLVE 4x2 2026-07-22T16:57:10.977
ATTEMPT 336 W0 DONE 4x2 seed=828739 nsol=16 0.01s 2026-07-22T16:57:10.984
ATTEMPT 337 W0 START 4x2 seed=828740 2026-07-22T16:57:10.985
ATTEMPT 337 W0 SOLVE 4x2 2026-07-22T16:57:10.991
ATTEMPT 337 W0 DONE 4x2 seed=828740 nsol=16 0.01s 2026-07-22T16:57:10.996
ATTEMPT 338 W0 START 4x2 seed=828741 2026-07-22T16:57:10.996
ATTEMPT 338 W0 SOLVE 4x2 2026-07-22T16:57:11.003
ATTEMPT 338 W0 DONE 4x2 seed=828741 nsol=16 0.01s 2026-07-22T16:57:11.012
ATTEMPT 339 W0 START 4x2 seed=828742 2026-07-22T16:57:11.012
ATTEMPT 339 W0 SOLVE 4x2 2026-07-22T16:57:11.018
ATTEMPT 339 W0 DONE 4x2 seed=828742 nsol=16 0.01s 2026-07-22T16:57:11.025
ATTEMPT 340 W0 START 4x2 seed=828743 2026-07-22T16:57:11.025
ATTEMPT 340 W0 SOLVE 4x2 2026-07-22T16:57:11.031
ATTEMPT 340 W0 DONE 4x2 seed=828743 nsol=16 0.01s 2026-07-22T16:57:11.037
ATTEMPT 341 W0 START 4x2 seed=828744 2026-07-22T16:57:11.037
ATTEMPT 341 W0 SOLVE 4x2 2026-07-22T16:57:11.043
ATTEMPT 341 W0 DONE 4x2 seed=828744 nsol=16 0.01s 2026-07-22T16:57:11.051
ATTEMPT 342 W0 START 4x2 seed=828745 2026-07-22T16:57:11.052
ATTEMPT 342 W0 SOLVE 4x2 2026-07-22T16:57:11.058
ATTEMPT 342 W0 DONE 4x2 seed=828745 nsol=16 0.01s 2026-07-22T16:57:11.066
ATTEMPT 343 W0 START 4x2 seed=828746 2026-07-22T16:57:11.066
ATTEMPT 343 W0 SOLVE 4x2 2026-07-22T16:57:11.075
ATTEMPT 343 W0 DONE 4x2 seed=828746 nsol=16 0.01s 2026-07-22T16:57:11.081
ATTEMPT 344 W0 START 4x2 seed=828747 2026-07-22T16:57:11.081
ATTEMPT 344 W0 SOLVE 4x2 2026-07-22T16:57:11.086
ATTEMPT 344 W0 DONE 4x2 seed=828747 nsol=16 0.01s 2026-07-22T16:57:11.092
ATTEMPT 345 W0 START 4x2 seed=828748 2026-07-22T16:57:11.092
ATTEMPT 345 W0 SOLVE 4x2 2026-07-22T16:57:11.097
ATTEMPT 345 W0 DONE 4x2 seed=828748 nsol=16 0.01s 2026-07-22T16:57:11.102
ATTEMPT 346 W0 START 4x2 seed=828749 2026-07-22T16:57:11.102
ATTEMPT 346 W0 SOLVE 4x2 2026-07-22T16:57:11.108
ATTEMPT 346 W0 DONE 4x2 seed=828749 nsol=16 0.01s 2026-07-22T16:57:11.114
ATTEMPT 347 W0 START 4x2 seed=828750 2026-07-22T16:57:11.114
ATTEMPT 347 W0 SOLVE 4x2 2026-07-22T16:57:11.120
ATTEMPT 347 W0 DONE 4x2 seed=828750 nsol=16 0.01s 2026-07-22T16:57:11.130
ATTEMPT 348 W0 START 4x2 seed=828751 2026-07-22T16:57:11.130
ATTEMPT 348 W0 SOLVE 4x2 2026-07-22T16:57:11.138
ATTEMPT 348 W0 DONE 4x2 seed=828751 nsol=16 0.00s 2026-07-22T16:57:11.142
ATTEMPT 349 W0 START 4x2 seed=828752 2026-07-22T16:57:11.142
ATTEMPT 349 W0 SOLVE 4x2 2026-07-22T16:57:11.148
ATTEMPT 349 W0 DONE 4x2 seed=828752 nsol=16 0.01s 2026-07-22T16:57:11.156
ATTEMPT 350 W0 START 4x2 seed=828753 2026-07-22T16:57:11.157
ATTEMPT 350 W0 SOLVE 4x2 2026-07-22T16:57:11.163
ATTEMPT 350 W0 DONE 4x2 seed=828753 nsol=16 0.06s 2026-07-22T16:57:11.226
ATTEMPT 351 W0 START 4x2 seed=828754 2026-07-22T16:57:11.234
ATTEMPT 351 W0 SOLVE 4x2 2026-07-22T16:57:11.241
ATTEMPT 351 W0 DONE 4x2 seed=828754 nsol=16 0.01s 2026-07-22T16:57:11.254
ATTEMPT 352 W0 START 4x2 seed=828755 2026-07-22T16:57:11.255
ATTEMPT 352 W0 SOLVE 4x2 2026-07-22T16:57:11.263
ATTEMPT 352 W0 DONE 4x2 seed=828755 nsol=16 0.01s 2026-07-22T16:57:11.274
ATTEMPT 353 W0 START 4x2 seed=828756 2026-07-22T16:57:11.275
ATTEMPT 353 W0 SOLVE 4x2 2026-07-22T16:57:11.280
ATTEMPT 353 W0 DONE 4x2 seed=828756 nsol=16 0.00s 2026-07-22T16:57:11.285
ATTEMPT 354 W0 START 4x2 seed=828757 2026-07-22T16:57:11.286
ATTEMPT 354 W0 SOLVE 4x2 2026-07-22T16:57:11.293
ATTEMPT 354 W0 DONE 4x2 seed=828757 nsol=16 0.01s 2026-07-22T16:57:11.302
ATTEMPT 355 W0 START 4x2 seed=828758 2026-07-22T16:57:11.302
ATTEMPT 355 W0 SOLVE 4x2 2026-07-22T16:57:11.308
ATTEMPT 355 W0 DONE 4x2 seed=828758 nsol=16 0.01s 2026-07-22T16:57:11.314
ATTEMPT 356 W0 START 4x2 seed=828759 2026-07-22T16:57:11.314
ATTEMPT 356 W0 SOLVE 4x2 2026-07-22T16:57:11.320
ATTEMPT 356 W0 DONE 4x2 seed=828759 nsol=16 0.00s 2026-07-22T16:57:11.325
ATTEMPT 357 W0 START 4x2 seed=828760 2026-07-22T16:57:11.325
ATTEMPT 357 W0 SOLVE 4x2 2026-07-22T16:57:11.331
ATTEMPT 357 W0 DONE 4x2 seed=828760 nsol=16 0.00s 2026-07-22T16:57:11.336
ATTEMPT 358 W0 START 4x2 seed=828761 2026-07-22T16:57:11.336
ATTEMPT 358 W0 SOLVE 4x2 2026-07-22T16:57:11.342
ATTEMPT 358 W0 DONE 4x2 seed=828761 nsol=16 0.01s 2026-07-22T16:57:11.349
ATTEMPT 359 W0 START 4x2 seed=828762 2026-07-22T16:57:11.349
ATTEMPT 359 W0 SOLVE 4x2 2026-07-22T16:57:11.355
ATTEMPT 359 W0 DONE 4x2 seed=828762 nsol=16 0.01s 2026-07-22T16:57:11.361
ATTEMPT 360 W0 START 4x2 seed=828763 2026-07-22T16:57:11.361
ATTEMPT 360 W0 SOLVE 4x2 2026-07-22T16:57:11.367
ATTEMPT 360 W0 DONE 4x2 seed=828763 nsol=16 0.00s 2026-07-22T16:57:11.371
ATTEMPT 361 W0 START 4x2 seed=828764 2026-07-22T16:57:11.371
ATTEMPT 361 W0 SOLVE 4x2 2026-07-22T16:57:11.377
ATTEMPT 361 W0 DONE 4x2 seed=828764 nsol=16 0.01s 2026-07-22T16:57:11.385
ATTEMPT 362 W0 START 4x2 seed=828765 2026-07-22T16:57:11.385
ATTEMPT 362 W0 SOLVE 4x2 2026-07-22T16:57:11.390
ATTEMPT 362 W0 DONE 4x2 seed=828765 nsol=16 0.00s 2026-07-22T16:57:11.395
ATTEMPT 363 W0 START 4x2 seed=828766 2026-07-22T16:57:11.395
ATTEMPT 363 W0 SOLVE 4x2 2026-07-22T16:57:11.401
ATTEMPT 363 W0 DONE 4x2 seed=828766 nsol=16 0.00s 2026-07-22T16:57:11.405
ATTEMPT 364 W0 START 4x2 seed=828767 2026-07-22T16:57:11.406
ATTEMPT 364 W0 SOLVE 4x2 2026-07-22T16:57:11.411
ATTEMPT 364 W0 DONE 4x2 seed=828767 nsol=16 0.01s 2026-07-22T16:57:11.418
ATTEMPT 365 W0 START 4x2 seed=828768 2026-07-22T16:57:11.418
ATTEMPT 365 W0 SOLVE 4x2 2026-07-22T16:57:11.424
ATTEMPT 365 W0 DONE 4x2 seed=828768 nsol=16 0.01s 2026-07-22T16:57:11.431
ATTEMPT 366 W0 START 4x2 seed=828769 2026-07-22T16:57:11.431
ATTEMPT 366 W0 SOLVE 4x2 2026-07-22T16:57:11.438
ATTEMPT 366 W0 DONE 4x2 seed=828769 nsol=16 0.01s 2026-07-22T16:57:11.447
ATTEMPT 367 W0 START 4x2 seed=828770 2026-07-22T16:57:11.447
ATTEMPT 367 W0 SOLVE 4x2 2026-07-22T16:57:11.453
ATTEMPT 367 W0 DONE 4x2 seed=828770 nsol=16 0.01s 2026-07-22T16:57:11.459
ATTEMPT 368 W0 START 4x2 seed=828771 2026-07-22T16:57:11.459
ATTEMPT 368 W0 SOLVE 4x2 2026-07-22T16:57:11.465
ATTEMPT 368 W0 DONE 4x2 seed=828771 nsol=16 0.01s 2026-07-22T16:57:11.474
ATTEMPT 369 W0 START 4x2 seed=828772 2026-07-22T16:57:11.474
ATTEMPT 369 W0 SOLVE 4x2 2026-07-22T16:57:11.480
ATTEMPT 369 W0 DONE 4x2 seed=828772 nsol=16 0.00s 2026-07-22T16:57:11.483
ATTEMPT 370 W0 START 4x2 seed=828773 2026-07-22T16:57:11.484
ATTEMPT 370 W0 SOLVE 4x2 2026-07-22T16:57:11.491
ATTEMPT 370 W0 DONE 4x2 seed=828773 nsol=16 0.01s 2026-07-22T16:57:11.497
ATTEMPT 371 W0 START 4x2 seed=828774 2026-07-22T16:57:11.497
ATTEMPT 371 W0 SOLVE 4x2 2026-07-22T16:57:11.503
ATTEMPT 371 W0 DONE 4x2 seed=828774 nsol=16 0.00s 2026-07-22T16:57:11.507
ATTEMPT 372 W0 START 4x2 seed=828775 2026-07-22T16:57:11.507
ATTEMPT 372 W0 SOLVE 4x2 2026-07-22T16:57:11.513
ATTEMPT 372 W0 DONE 4x2 seed=828775 nsol=16 0.00s 2026-07-22T16:57:11.517
ATTEMPT 373 W0 START 4x2 seed=828776 2026-07-22T16:57:11.517
ATTEMPT 373 W0 SOLVE 4x2 2026-07-22T16:57:11.523
ATTEMPT 373 W0 DONE 4x2 seed=828776 nsol=16 0.00s 2026-07-22T16:57:11.526
ATTEMPT 374 W0 START 4x2 seed=828777 2026-07-22T16:57:11.526
ATTEMPT 374 W0 SOLVE 4x2 2026-07-22T16:57:11.531
ATTEMPT 374 W0 DONE 4x2 seed=828777 nsol=16 0.00s 2026-07-22T16:57:11.536
ATTEMPT 375 W0 START 4x2 seed=828778 2026-07-22T16:57:11.536
ATTEMPT 375 W0 SOLVE 4x2 2026-07-22T16:57:11.542
ATTEMPT 375 W0 DONE 4x2 seed=828778 nsol=16 0.00s 2026-07-22T16:57:11.547
ATTEMPT 376 W0 START 4x2 seed=828779 2026-07-22T16:57:11.547
ATTEMPT 376 W0 SOLVE 4x2 2026-07-22T16:57:11.552
ATTEMPT 376 W0 DONE 4x2 seed=828779 nsol=16 0.00s 2026-07-22T16:57:11.556
ATTEMPT 377 W0 START 4x2 seed=828780 2026-07-22T16:57:11.556
ATTEMPT 377 W0 SOLVE 4x2 2026-07-22T16:57:11.562
ATTEMPT 377 W0 DONE 4x2 seed=828780 nsol=16 0.00s 2026-07-22T16:57:11.565
ATTEMPT 378 W0 START 4x2 seed=828781 2026-07-22T16:57:11.565
ATTEMPT 378 W0 SOLVE 4x2 2026-07-22T16:57:11.570
ATTEMPT 378 W0 DONE 4x2 seed=828781 nsol=16 0.00s 2026-07-22T16:57:11.575
ATTEMPT 379 W0 START 4x2 seed=828782 2026-07-22T16:57:11.575
ATTEMPT 379 W0 SOLVE 4x2 2026-07-22T16:57:11.580
ATTEMPT 379 W0 DONE 4x2 seed=828782 nsol=16 0.00s 2026-07-22T16:57:11.584
ATTEMPT 380 W0 START 4x2 seed=828783 2026-07-22T16:57:11.584
ATTEMPT 380 W0 SOLVE 4x2 2026-07-22T16:57:11.590
ATTEMPT 380 W0 DONE 4x2 seed=828783 nsol=16 0.00s 2026-07-22T16:57:11.595
ATTEMPT 381 W0 START 4x2 seed=828784 2026-07-22T16:57:11.595
ATTEMPT 381 W0 SOLVE 4x2 2026-07-22T16:57:11.600
ATTEMPT 381 W0 DONE 4x2 seed=828784 nsol=16 0.14s 2026-07-22T16:57:11.745
ATTEMPT 382 W0 START 4x2 seed=828785 2026-07-22T16:57:11.745
ATTEMPT 382 W0 SOLVE 4x2 2026-07-22T16:57:11.751
ATTEMPT 382 W0 DONE 4x2 seed=828785 nsol=16 0.01s 2026-07-22T16:57:11.758
ATTEMPT 383 W0 START 4x2 seed=828786 2026-07-22T16:57:11.758
ATTEMPT 383 W0 SOLVE 4x2 2026-07-22T16:57:11.763
ATTEMPT 383 W0 DONE 4x2 seed=828786 nsol=16 0.00s 2026-07-22T16:57:11.768
ATTEMPT 384 W0 START 4x2 seed=828787 2026-07-22T16:57:11.768
ATTEMPT 384 W0 SOLVE 4x2 2026-07-22T16:57:11.775
ATTEMPT 384 W0 DONE 4x2 seed=828787 nsol=16 0.01s 2026-07-22T16:57:11.782
ATTEMPT 385 W0 START 4x2 seed=828788 2026-07-22T16:57:11.782
ATTEMPT 385 W0 SOLVE 4x2 2026-07-22T16:57:11.789
ATTEMPT 385 W0 DONE 4x2 seed=828788 nsol=16 0.01s 2026-07-22T16:57:11.796
ATTEMPT 386 W0 START 4x2 seed=828789 2026-07-22T16:57:11.796
ATTEMPT 386 W0 SOLVE 4x2 2026-07-22T16:57:11.803
ATTEMPT 386 W0 DONE 4x2 seed=828789 nsol=16 0.02s 2026-07-22T16:57:11.821
ATTEMPT 387 W0 START 4x2 seed=828790 2026-07-22T16:57:11.821
ATTEMPT 387 W0 SOLVE 4x2 2026-07-22T16:57:11.827
ATTEMPT 387 W0 DONE 4x2 seed=828790 nsol=16 0.01s 2026-07-22T16:57:11.841
ATTEMPT 388 W0 START 4x2 seed=828791 2026-07-22T16:57:11.841
ATTEMPT 388 W0 SOLVE 4x2 2026-07-22T16:57:11.849
ATTEMPT 388 W0 DONE 4x2 seed=828791 nsol=16 0.01s 2026-07-22T16:57:11.861
ATTEMPT 389 W0 START 4x2 seed=828792 2026-07-22T16:57:11.861
ATTEMPT 389 W0 SOLVE 4x2 2026-07-22T16:57:11.870
ATTEMPT 389 W0 DONE 4x2 seed=828792 nsol=16 0.01s 2026-07-22T16:57:11.876
ATTEMPT 390 W0 START 4x2 seed=828793 2026-07-22T16:57:11.876
ATTEMPT 390 W0 SOLVE 4x2 2026-07-22T16:57:11.884
ATTEMPT 390 W0 DONE 4x2 seed=828793 nsol=16 0.01s 2026-07-22T16:57:11.892
ATTEMPT 391 W0 START 4x2 seed=828794 2026-07-22T16:57:11.892
ATTEMPT 391 W0 SOLVE 4x2 2026-07-22T16:57:11.900
ATTEMPT 391 W0 DONE 4x2 seed=828794 nsol=16 0.01s 2026-07-22T16:57:11.906
ATTEMPT 392 W0 START 4x2 seed=828795 2026-07-22T16:57:11.906
ATTEMPT 392 W0 SOLVE 4x2 2026-07-22T16:57:11.912
ATTEMPT 392 W0 DONE 4x2 seed=828795 nsol=16 0.00s 2026-07-22T16:57:11.917
ATTEMPT 393 W0 START 4x2 seed=828796 2026-07-22T16:57:11.917
ATTEMPT 393 W0 SOLVE 4x2 2026-07-22T16:57:11.922
ATTEMPT 393 W0 DONE 4x2 seed=828796 nsol=16 0.01s 2026-07-22T16:57:11.928
ATTEMPT 394 W0 START 4x2 seed=828797 2026-07-22T16:57:11.928
ATTEMPT 394 W0 SOLVE 4x2 2026-07-22T16:57:11.933
ATTEMPT 394 W0 DONE 4x2 seed=828797 nsol=16 0.00s 2026-07-22T16:57:11.937
ATTEMPT 395 W0 START 4x2 seed=828798 2026-07-22T16:57:11.937
ATTEMPT 395 W0 SOLVE 4x2 2026-07-22T16:57:11.941
ATTEMPT 395 W0 DONE 4x2 seed=828798 nsol=16 0.00s 2026-07-22T16:57:11.945
ATTEMPT 396 W0 START 4x2 seed=828799 2026-07-22T16:57:11.945
ATTEMPT 396 W0 SOLVE 4x2 2026-07-22T16:57:11.951
ATTEMPT 396 W0 DONE 4x2 seed=828799 nsol=16 0.00s 2026-07-22T16:57:11.954
ATTEMPT 397 W0 START 4x2 seed=828800 2026-07-22T16:57:11.954
ATTEMPT 397 W0 SOLVE 4x2 2026-07-22T16:57:11.959
ATTEMPT 397 W0 DONE 4x2 seed=828800 nsol=16 0.00s 2026-07-22T16:57:11.963
ATTEMPT 398 W0 START 4x2 seed=828801 2026-07-22T16:57:11.963
ATTEMPT 398 W0 SOLVE 4x2 2026-07-22T16:57:11.969
ATTEMPT 398 W0 DONE 4x2 seed=828801 nsol=16 0.00s 2026-07-22T16:57:11.973
ATTEMPT 399 W0 START 4x2 seed=828802 2026-07-22T16:57:11.973
ATTEMPT 399 W0 SOLVE 4x2 2026-07-22T16:57:11.978
ATTEMPT 399 W0 DONE 4x2 seed=828802 nsol=16 0.00s 2026-07-22T16:57:11.982
ATTEMPT 400 W0 START 4x2 seed=828803 2026-07-22T16:57:11.982
ATTEMPT 400 W0 SOLVE 4x2 2026-07-22T16:57:11.988
ATTEMPT 400 W0 DONE 4x2 seed=828803 nsol=16 0.00s 2026-07-22T16:57:11.992
ATTEMPT 401 W0 START 4x2 seed=828804 2026-07-22T16:57:11.992
ATTEMPT 401 W0 SOLVE 4x2 2026-07-22T16:57:11.998
ATTEMPT 401 W0 DONE 4x2 seed=828804 nsol=16 0.01s 2026-07-22T16:57:12.004
ATTEMPT 402 W0 START 4x2 seed=828805 2026-07-22T16:57:12.005
ATTEMPT 402 W0 SOLVE 4x2 2026-07-22T16:57:12.010
ATTEMPT 402 W0 DONE 4x2 seed=828805 nsol=16 0.00s 2026-07-22T16:57:12.014
ATTEMPT 403 W0 START 4x2 seed=828806 2026-07-22T16:57:12.014
ATTEMPT 403 W0 SOLVE 4x2 2026-07-22T16:57:12.020
ATTEMPT 403 W0 DONE 4x2 seed=828806 nsol=16 0.00s 2026-07-22T16:57:12.024
ATTEMPT 404 W0 START 4x2 seed=828807 2026-07-22T16:57:12.024
ATTEMPT 404 W0 SOLVE 4x2 2026-07-22T16:57:12.029
ATTEMPT 404 W0 DONE 4x2 seed=828807 nsol=16 0.00s 2026-07-22T16:57:12.034
ATTEMPT 405 W0 START 4x2 seed=828808 2026-07-22T16:57:12.034
ATTEMPT 405 W0 SOLVE 4x2 2026-07-22T16:57:12.040
ATTEMPT 405 W0 DONE 4x2 seed=828808 nsol=16 0.00s 2026-07-22T16:57:12.044
ATTEMPT 406 W0 START 4x2 seed=828809 2026-07-22T16:57:12.044
ATTEMPT 406 W0 SOLVE 4x2 2026-07-22T16:57:12.050
ATTEMPT 406 W0 DONE 4x2 seed=828809 nsol=16 0.00s 2026-07-22T16:57:12.054
ATTEMPT 407 W0 START 4x2 seed=828810 2026-07-22T16:57:12.054
ATTEMPT 407 W0 SOLVE 4x2 2026-07-22T16:57:12.060
ATTEMPT 407 W0 DONE 4x2 seed=828810 nsol=16 0.00s 2026-07-22T16:57:12.064
ATTEMPT 408 W0 START 4x2 seed=828811 2026-07-22T16:57:12.064
ATTEMPT 408 W0 SOLVE 4x2 2026-07-22T16:57:12.069
ATTEMPT 408 W0 DONE 4x2 seed=828811 nsol=16 0.00s 2026-07-22T16:57:12.073
ATTEMPT 409 W0 START 4x2 seed=828812 2026-07-22T16:57:12.073
ATTEMPT 409 W0 SOLVE 4x2 2026-07-22T16:57:12.079
ATTEMPT 409 W0 DONE 4x2 seed=828812 nsol=16 0.00s 2026-07-22T16:57:12.083
ATTEMPT 410 W0 START 4x2 seed=828813 2026-07-22T16:57:12.083
ATTEMPT 410 W0 SOLVE 4x2 2026-07-22T16:57:12.088
ATTEMPT 410 W0 DONE 4x2 seed=828813 nsol=16 0.01s 2026-07-22T16:57:12.094
ATTEMPT 411 W0 START 4x2 seed=828814 2026-07-22T16:57:12.094
ATTEMPT 411 W0 SOLVE 4x2 2026-07-22T16:57:12.099
ATTEMPT 411 W0 DONE 4x2 seed=828814 nsol=16 0.01s 2026-07-22T16:57:12.105
ATTEMPT 412 W0 START 4x2 seed=828815 2026-07-22T16:57:12.105
ATTEMPT 412 W0 SOLVE 4x2 2026-07-22T16:57:12.113
ATTEMPT 412 W0 DONE 4x2 seed=828815 nsol=16 0.01s 2026-07-22T16:57:12.122
ATTEMPT 413 W0 START 4x2 seed=828816 2026-07-22T16:57:12.122
ATTEMPT 413 W0 SOLVE 4x2 2026-07-22T16:57:12.129
ATTEMPT 413 W0 DONE 4x2 seed=828816 nsol=16 0.01s 2026-07-22T16:57:12.135
ATTEMPT 414 W0 START 4x2 seed=828817 2026-07-22T16:57:12.135
ATTEMPT 414 W0 SOLVE 4x2 2026-07-22T16:57:12.142
ATTEMPT 414 W0 DONE 4x2 seed=828817 nsol=16 0.01s 2026-07-22T16:57:12.148
ATTEMPT 415 W0 START 4x2 seed=828818 2026-07-22T16:57:12.148
ATTEMPT 415 W0 SOLVE 4x2 2026-07-22T16:57:12.155
ATTEMPT 415 W0 DONE 4x2 seed=828818 nsol=16 0.01s 2026-07-22T16:57:12.162
ATTEMPT 416 W0 START 4x2 seed=828819 2026-07-22T16:57:12.162
ATTEMPT 416 W0 SOLVE 4x2 2026-07-22T16:57:12.167
ATTEMPT 416 W0 DONE 4x2 seed=828819 nsol=16 0.01s 2026-07-22T16:57:12.174
ATTEMPT 417 W0 START 4x2 seed=828820 2026-07-22T16:57:12.174
ATTEMPT 417 W0 SOLVE 4x2 2026-07-22T16:57:12.180
ATTEMPT 417 W0 DONE 4x2 seed=828820 nsol=16 0.01s 2026-07-22T16:57:12.186
ATTEMPT 418 W0 START 4x2 seed=828821 2026-07-22T16:57:12.186
ATTEMPT 418 W0 SOLVE 4x2 2026-07-22T16:57:12.195
ATTEMPT 418 W0 DONE 4x2 seed=828821 nsol=16 0.01s 2026-07-22T16:57:12.206
ATTEMPT 419 W0 START 4x2 seed=828822 2026-07-22T16:57:12.207
ATTEMPT 419 W0 SOLVE 4x2 2026-07-22T16:57:12.213
ATTEMPT 419 W0 DONE 4x2 seed=828822 nsol=16 0.01s 2026-07-22T16:57:12.218
ATTEMPT 420 W0 START 4x2 seed=828823 2026-07-22T16:57:12.219
ATTEMPT 420 W0 SOLVE 4x2 2026-07-22T16:57:12.224
ATTEMPT 420 W0 DONE 4x2 seed=828823 nsol=16 0.00s 2026-07-22T16:57:12.228
ATTEMPT 421 W0 START 4x2 seed=828824 2026-07-22T16:57:12.228
ATTEMPT 421 W0 SOLVE 4x2 2026-07-22T16:57:12.234
ATTEMPT 421 W0 DONE 4x2 seed=828824 nsol=16 0.01s 2026-07-22T16:57:12.247
ATTEMPT 422 W0 START 4x2 seed=828825 2026-07-22T16:57:12.247
ATTEMPT 422 W0 SOLVE 4x2 2026-07-22T16:57:12.253
ATTEMPT 422 W0 DONE 4x2 seed=828825 nsol=16 0.01s 2026-07-22T16:57:12.258
ATTEMPT 423 W0 START 4x2 seed=828826 2026-07-22T16:57:12.259
ATTEMPT 423 W0 SOLVE 4x2 2026-07-22T16:57:12.264
ATTEMPT 423 W0 DONE 4x2 seed=828826 nsol=16 0.01s 2026-07-22T16:57:12.272
ATTEMPT 424 W0 START 4x2 seed=828827 2026-07-22T16:57:12.273
ATTEMPT 424 W0 SOLVE 4x2 2026-07-22T16:57:12.282
ATTEMPT 424 W0 DONE 4x2 seed=828827 nsol=16 0.01s 2026-07-22T16:57:12.293
ATTEMPT 425 W0 START 4x2 seed=828828 2026-07-22T16:57:12.293
ATTEMPT 425 W0 SOLVE 4x2 2026-07-22T16:57:12.298
ATTEMPT 425 W0 DONE 4x2 seed=828828 nsol=16 0.00s 2026-07-22T16:57:12.303
ATTEMPT 426 W0 START 4x2 seed=828829 2026-07-22T16:57:12.303
ATTEMPT 426 W0 SOLVE 4x2 2026-07-22T16:57:12.308
ATTEMPT 426 W0 DONE 4x2 seed=828829 nsol=16 0.00s 2026-07-22T16:57:12.313
ATTEMPT 427 W0 START 4x2 seed=828830 2026-07-22T16:57:12.313
ATTEMPT 427 W0 SOLVE 4x2 2026-07-22T16:57:12.318
ATTEMPT 427 W0 DONE 4x2 seed=828830 nsol=16 0.00s 2026-07-22T16:57:12.322
ATTEMPT 428 W0 START 4x2 seed=828831 2026-07-22T16:57:12.323
ATTEMPT 428 W0 SOLVE 4x2 2026-07-22T16:57:12.328
ATTEMPT 428 W0 DONE 4x2 seed=828831 nsol=16 0.00s 2026-07-22T16:57:12.331
ATTEMPT 429 W0 START 4x2 seed=828832 2026-07-22T16:57:12.332
ATTEMPT 429 W0 SOLVE 4x2 2026-07-22T16:57:12.337
ATTEMPT 429 W0 DONE 4x2 seed=828832 nsol=16 0.01s 2026-07-22T16:57:12.344
ATTEMPT 430 W0 START 4x2 seed=828833 2026-07-22T16:57:12.344
ATTEMPT 430 W0 SOLVE 4x2 2026-07-22T16:57:12.349
ATTEMPT 430 W0 DONE 4x2 seed=828833 nsol=16 0.00s 2026-07-22T16:57:12.353
ATTEMPT 431 W0 START 4x2 seed=828834 2026-07-22T16:57:12.353
ATTEMPT 431 W0 SOLVE 4x2 2026-07-22T16:57:12.359
ATTEMPT 431 W0 DONE 4x2 seed=828834 nsol=16 0.00s 2026-07-22T16:57:12.363
ATTEMPT 432 W0 START 4x2 seed=828835 2026-07-22T16:57:12.363
ATTEMPT 432 W0 SOLVE 4x2 2026-07-22T16:57:12.369
ATTEMPT 432 W0 DONE 4x2 seed=828835 nsol=16 0.00s 2026-07-22T16:57:12.372
ATTEMPT 433 W0 START 4x2 seed=828836 2026-07-22T16:57:12.372
ATTEMPT 433 W0 SOLVE 4x2 2026-07-22T16:57:12.377
ATTEMPT 433 W0 DONE 4x2 seed=828836 nsol=16 0.01s 2026-07-22T16:57:12.383
ATTEMPT 434 W0 START 4x2 seed=828837 2026-07-22T16:57:12.383
ATTEMPT 434 W0 SOLVE 4x2 2026-07-22T16:57:12.388
ATTEMPT 434 W0 DONE 4x2 seed=828837 nsol=16 0.00s 2026-07-22T16:57:12.392
ATTEMPT 435 W0 START 4x2 seed=828838 2026-07-22T16:57:12.392
ATTEMPT 435 W0 SOLVE 4x2 2026-07-22T16:57:12.397
ATTEMPT 435 W0 DONE 4x2 seed=828838 nsol=16 0.00s 2026-07-22T16:57:12.401
ATTEMPT 436 W0 START 4x2 seed=828839 2026-07-22T16:57:12.401
ATTEMPT 436 W0 SOLVE 4x2 2026-07-22T16:57:12.406
ATTEMPT 436 W0 DONE 4x2 seed=828839 nsol=16 0.00s 2026-07-22T16:57:12.411
ATTEMPT 437 W0 START 4x2 seed=828840 2026-07-22T16:57:12.411
ATTEMPT 437 W0 SOLVE 4x2 2026-07-22T16:57:12.419
ATTEMPT 437 W0 DONE 4x2 seed=828840 nsol=16 0.04s 2026-07-22T16:57:12.461
ATTEMPT 438 W0 START 4x2 seed=828841 2026-07-22T16:57:12.461
ATTEMPT 438 W0 SOLVE 4x2 2026-07-22T16:57:12.466
ATTEMPT 438 W0 DONE 4x2 seed=828841 nsol=16 0.00s 2026-07-22T16:57:12.471
ATTEMPT 439 W0 START 4x2 seed=828842 2026-07-22T16:57:12.471
ATTEMPT 439 W0 SOLVE 4x2 2026-07-22T16:57:12.477
ATTEMPT 439 W0 DONE 4x2 seed=828842 nsol=16 0.01s 2026-07-22T16:57:12.483
ATTEMPT 440 W0 START 4x2 seed=828843 2026-07-22T16:57:12.483
ATTEMPT 440 W0 SOLVE 4x2 2026-07-22T16:57:12.489
ATTEMPT 440 W0 DONE 4x2 seed=828843 nsol=16 0.01s 2026-07-22T16:57:12.495
ATTEMPT 441 W0 START 4x2 seed=828844 2026-07-22T16:57:12.495
ATTEMPT 441 W0 SOLVE 4x2 2026-07-22T16:57:12.501
ATTEMPT 441 W0 DONE 4x2 seed=828844 nsol=16 0.01s 2026-07-22T16:57:12.506
ATTEMPT 442 W0 START 4x2 seed=828845 2026-07-22T16:57:12.507
ATTEMPT 442 W0 SOLVE 4x2 2026-07-22T16:57:12.512
ATTEMPT 442 W0 DONE 4x2 seed=828845 nsol=16 0.01s 2026-07-22T16:57:12.517
ATTEMPT 443 W0 START 4x2 seed=828846 2026-07-22T16:57:12.518
ATTEMPT 443 W0 SOLVE 4x2 2026-07-22T16:57:12.523
ATTEMPT 443 W0 DONE 4x2 seed=828846 nsol=16 0.01s 2026-07-22T16:57:12.531
ATTEMPT 444 W0 START 4x2 seed=828847 2026-07-22T16:57:12.532
ATTEMPT 444 W0 SOLVE 4x2 2026-07-22T16:57:12.537
ATTEMPT 444 W0 DONE 4x2 seed=828847 nsol=16 0.01s 2026-07-22T16:57:12.545
ATTEMPT 445 W0 START 4x2 seed=828848 2026-07-22T16:57:12.545
ATTEMPT 445 W0 SOLVE 4x2 2026-07-22T16:57:12.551
ATTEMPT 445 W0 DONE 4x2 seed=828848 nsol=16 0.01s 2026-07-22T16:57:12.557
ATTEMPT 446 W0 START 4x2 seed=828849 2026-07-22T16:57:12.557
ATTEMPT 446 W0 SOLVE 4x2 2026-07-22T16:57:12.563
ATTEMPT 446 W0 DONE 4x2 seed=828849 nsol=16 0.01s 2026-07-22T16:57:12.571
ATTEMPT 447 W0 START 4x2 seed=828850 2026-07-22T16:57:12.571
ATTEMPT 447 W0 SOLVE 4x2 2026-07-22T16:57:12.576
ATTEMPT 447 W0 DONE 4x2 seed=828850 nsol=16 0.01s 2026-07-22T16:57:12.584
ATTEMPT 448 W0 START 4x2 seed=828851 2026-07-22T16:57:12.585
ATTEMPT 448 W0 SOLVE 4x2 2026-07-22T16:57:12.592
ATTEMPT 448 W0 DONE 4x2 seed=828851 nsol=16 0.02s 2026-07-22T16:57:12.608
ATTEMPT 449 W0 START 4x2 seed=828852 2026-07-22T16:57:12.608
ATTEMPT 449 W0 SOLVE 4x2 2026-07-22T16:57:12.616
ATTEMPT 449 W0 DONE 4x2 seed=828852 nsol=16 0.01s 2026-07-22T16:57:12.623
ATTEMPT 450 W0 START 4x2 seed=828853 2026-07-22T16:57:12.623
ATTEMPT 450 W0 SOLVE 4x2 2026-07-22T16:57:12.630
ATTEMPT 450 W0 DONE 4x2 seed=828853 nsol=16 0.01s 2026-07-22T16:57:12.639
ATTEMPT 451 W0 START 4x2 seed=828854 2026-07-22T16:57:12.639
ATTEMPT 451 W0 SOLVE 4x2 2026-07-22T16:57:12.646
ATTEMPT 451 W0 DONE 4x2 seed=828854 nsol=16 0.01s 2026-07-22T16:57:12.656
ATTEMPT 452 W0 START 4x2 seed=828855 2026-07-22T16:57:12.656
ATTEMPT 452 W0 SOLVE 4x2 2026-07-22T16:57:12.662
ATTEMPT 452 W0 DONE 4x2 seed=828855 nsol=16 0.01s 2026-07-22T16:57:12.669
ATTEMPT 453 W0 START 4x2 seed=828856 2026-07-22T16:57:12.669
ATTEMPT 453 W0 SOLVE 4x2 2026-07-22T16:57:12.675
ATTEMPT 453 W0 DONE 4x2 seed=828856 nsol=16 0.01s 2026-07-22T16:57:12.680
ATTEMPT 454 W0 START 4x2 seed=828857 2026-07-22T16:57:12.680
ATTEMPT 454 W0 SOLVE 4x2 2026-07-22T16:57:12.685
ATTEMPT 454 W0 DONE 4x2 seed=828857 nsol=16 0.01s 2026-07-22T16:57:12.691
ATTEMPT 455 W0 START 4x2 seed=828858 2026-07-22T16:57:12.691
ATTEMPT 455 W0 SOLVE 4x2 2026-07-22T16:57:12.702
ATTEMPT 455 W0 DONE 4x2 seed=828858 nsol=16 0.01s 2026-07-22T16:57:12.709
ATTEMPT 456 W0 START 4x2 seed=828859 2026-07-22T16:57:12.709
ATTEMPT 456 W0 SOLVE 4x2 2026-07-22T16:57:12.714
ATTEMPT 456 W0 DONE 4x2 seed=828859 nsol=16 0.01s 2026-07-22T16:57:12.727
ATTEMPT 457 W0 START 4x2 seed=828860 2026-07-22T16:57:12.727
ATTEMPT 457 W0 SOLVE 4x2 2026-07-22T16:57:12.734
ATTEMPT 457 W0 DONE 4x2 seed=828860 nsol=16 0.01s 2026-07-22T16:57:12.745
ATTEMPT 458 W0 START 4x2 seed=828861 2026-07-22T16:57:12.745
ATTEMPT 458 W0 SOLVE 4x2 2026-07-22T16:57:12.752
ATTEMPT 458 W0 DONE 4x2 seed=828861 nsol=16 0.01s 2026-07-22T16:57:12.765
ATTEMPT 459 W0 START 4x2 seed=828862 2026-07-22T16:57:12.765
ATTEMPT 459 W0 SOLVE 4x2 2026-07-22T16:57:12.770
ATTEMPT 459 W0 DONE 4x2 seed=828862 nsol=16 0.01s 2026-07-22T16:57:12.778
ATTEMPT 460 W0 START 4x2 seed=828863 2026-07-22T16:57:12.778
ATTEMPT 460 W0 SOLVE 4x2 2026-07-22T16:57:12.783
ATTEMPT 460 W0 DONE 4x2 seed=828863 nsol=16 0.01s 2026-07-22T16:57:12.790
ATTEMPT 461 W0 START 4x2 seed=828864 2026-07-22T16:57:12.791
ATTEMPT 461 W0 SOLVE 4x2 2026-07-22T16:57:12.796
ATTEMPT 461 W0 DONE 4x2 seed=828864 nsol=16 0.00s 2026-07-22T16:57:12.800
ATTEMPT 462 W0 START 4x2 seed=828865 2026-07-22T16:57:12.800
ATTEMPT 462 W0 SOLVE 4x2 2026-07-22T16:57:12.805
ATTEMPT 462 W0 DONE 4x2 seed=828865 nsol=16 0.00s 2026-07-22T16:57:12.809
ATTEMPT 463 W0 START 4x2 seed=828866 2026-07-22T16:57:12.809
ATTEMPT 463 W0 SOLVE 4x2 2026-07-22T16:57:12.814
ATTEMPT 463 W0 DONE 4x2 seed=828866 nsol=16 0.00s 2026-07-22T16:57:12.819
ATTEMPT 464 W0 START 4x2 seed=828867 2026-07-22T16:57:12.820
ATTEMPT 464 W0 SOLVE 4x2 2026-07-22T16:57:12.825
ATTEMPT 464 W0 DONE 4x2 seed=828867 nsol=16 0.00s 2026-07-22T16:57:12.829
ATTEMPT 465 W0 START 4x2 seed=828868 2026-07-22T16:57:12.829
ATTEMPT 465 W0 SOLVE 4x2 2026-07-22T16:57:12.834
ATTEMPT 465 W0 DONE 4x2 seed=828868 nsol=16 0.00s 2026-07-22T16:57:12.838
ATTEMPT 466 W0 START 4x2 seed=828869 2026-07-22T16:57:12.838
ATTEMPT 466 W0 SOLVE 4x2 2026-07-22T16:57:12.843
ATTEMPT 466 W0 DONE 4x2 seed=828869 nsol=16 0.00s 2026-07-22T16:57:12.847
ATTEMPT 467 W0 START 4x2 seed=828870 2026-07-22T16:57:12.847
ATTEMPT 467 W0 SOLVE 4x2 2026-07-22T16:57:12.852
ATTEMPT 467 W0 DONE 4x2 seed=828870 nsol=16 0.00s 2026-07-22T16:57:12.856
ATTEMPT 468 W0 START 4x2 seed=828871 2026-07-22T16:57:12.856
ATTEMPT 468 W0 SOLVE 4x2 2026-07-22T16:57:12.862
ATTEMPT 468 W0 DONE 4x2 seed=828871 nsol=16 0.01s 2026-07-22T16:57:12.874
ATTEMPT 469 W0 START 4x2 seed=828872 2026-07-22T16:57:12.874
ATTEMPT 469 W0 SOLVE 4x2 2026-07-22T16:57:12.879
ATTEMPT 469 W0 DONE 4x2 seed=828872 nsol=16 0.01s 2026-07-22T16:57:12.885
ATTEMPT 470 W0 START 4x2 seed=828873 2026-07-22T16:57:12.885
ATTEMPT 470 W0 SOLVE 4x2 2026-07-22T16:57:12.890
ATTEMPT 470 W0 DONE 4x2 seed=828873 nsol=16 0.01s 2026-07-22T16:57:12.896
ATTEMPT 471 W0 START 4x2 seed=828874 2026-07-22T16:57:12.896
ATTEMPT 471 W0 SOLVE 4x2 2026-07-22T16:57:12.902
ATTEMPT 471 W0 DONE 4x2 seed=828874 nsol=16 0.01s 2026-07-22T16:57:12.913
ATTEMPT 472 W0 START 4x2 seed=828875 2026-07-22T16:57:12.913
ATTEMPT 472 W0 SOLVE 4x2 2026-07-22T16:57:12.920
ATTEMPT 472 W0 DONE 4x2 seed=828875 nsol=16 0.01s 2026-07-22T16:57:12.932
ATTEMPT 473 W0 START 4x2 seed=828876 2026-07-22T16:57:12.932
ATTEMPT 473 W0 SOLVE 4x2 2026-07-22T16:57:12.939
ATTEMPT 473 W0 DONE 4x2 seed=828876 nsol=16 0.01s 2026-07-22T16:57:12.946
ATTEMPT 474 W0 START 4x2 seed=828877 2026-07-22T16:57:12.946
ATTEMPT 474 W0 SOLVE 4x2 2026-07-22T16:57:12.951
ATTEMPT 474 W0 DONE 4x2 seed=828877 nsol=16 0.01s 2026-07-22T16:57:12.958
ATTEMPT 475 W0 START 4x2 seed=828878 2026-07-22T16:57:12.959
ATTEMPT 475 W0 SOLVE 4x2 2026-07-22T16:57:12.964
ATTEMPT 475 W0 DONE 4x2 seed=828878 nsol=16 0.01s 2026-07-22T16:57:12.970
ATTEMPT 476 W0 START 4x2 seed=828879 2026-07-22T16:57:12.970
ATTEMPT 476 W0 SOLVE 4x2 2026-07-22T16:57:12.976
ATTEMPT 476 W0 DONE 4x2 seed=828879 nsol=16 0.01s 2026-07-22T16:57:12.981
ATTEMPT 477 W0 START 4x2 seed=828880 2026-07-22T16:57:12.982
ATTEMPT 477 W0 SOLVE 4x2 2026-07-22T16:57:12.987
ATTEMPT 477 W0 DONE 4x2 seed=828880 nsol=16 0.00s 2026-07-22T16:57:12.992
ATTEMPT 478 W0 START 4x2 seed=828881 2026-07-22T16:57:12.992
ATTEMPT 478 W0 SOLVE 4x2 2026-07-22T16:57:12.997
ATTEMPT 478 W0 DONE 4x2 seed=828881 nsol=16 0.01s 2026-07-22T16:57:13.003
ATTEMPT 479 W0 START 4x2 seed=828882 2026-07-22T16:57:13.003
ATTEMPT 479 W0 SOLVE 4x2 2026-07-22T16:57:13.008
ATTEMPT 479 W0 DONE 4x2 seed=828882 nsol=16 0.01s 2026-07-22T16:57:13.016
ATTEMPT 480 W0 START 4x2 seed=828883 2026-07-22T16:57:13.016
ATTEMPT 480 W0 SOLVE 4x2 2026-07-22T16:57:13.021
ATTEMPT 480 W0 DONE 4x2 seed=828883 nsol=16 0.01s 2026-07-22T16:57:13.027
ATTEMPT 481 W0 START 4x2 seed=828884 2026-07-22T16:57:13.027
ATTEMPT 481 W0 SOLVE 4x2 2026-07-22T16:57:13.033
ATTEMPT 481 W0 DONE 4x2 seed=828884 nsol=16 0.05s 2026-07-22T16:57:13.084
ATTEMPT 482 W0 START 4x2 seed=828885 2026-07-22T16:57:13.084
ATTEMPT 482 W0 SOLVE 4x2 2026-07-22T16:57:13.092
ATTEMPT 482 W0 DONE 4x2 seed=828885 nsol=16 0.02s 2026-07-22T16:57:13.109
ATTEMPT 483 W0 START 4x2 seed=828886 2026-07-22T16:57:13.109
ATTEMPT 483 W0 SOLVE 4x2 2026-07-22T16:57:13.118
ATTEMPT 483 W0 DONE 4x2 seed=828886 nsol=16 0.01s 2026-07-22T16:57:13.131
ATTEMPT 484 W0 START 4x2 seed=828887 2026-07-22T16:57:13.132
ATTEMPT 484 W0 SOLVE 4x2 2026-07-22T16:57:13.138
ATTEMPT 484 W0 DONE 4x2 seed=828887 nsol=16 0.00s 2026-07-22T16:57:13.143
ATTEMPT 485 W0 START 4x2 seed=828888 2026-07-22T16:57:13.143
ATTEMPT 485 W0 SOLVE 4x2 2026-07-22T16:57:13.148
ATTEMPT 485 W0 DONE 4x2 seed=828888 nsol=16 0.01s 2026-07-22T16:57:13.160
ATTEMPT 486 W0 START 4x2 seed=828889 2026-07-22T16:57:13.161
ATTEMPT 486 W0 SOLVE 4x2 2026-07-22T16:57:13.167
ATTEMPT 486 W0 DONE 4x2 seed=828889 nsol=16 0.00s 2026-07-22T16:57:13.171
ATTEMPT 487 W0 START 4x2 seed=828890 2026-07-22T16:57:13.172
ATTEMPT 487 W0 SOLVE 4x2 2026-07-22T16:57:13.178
ATTEMPT 487 W0 DONE 4x2 seed=828890 nsol=16 0.01s 2026-07-22T16:57:13.184
ATTEMPT 488 W0 START 4x2 seed=828891 2026-07-22T16:57:13.184
ATTEMPT 488 W0 SOLVE 4x2 2026-07-22T16:57:13.190
ATTEMPT 488 W0 DONE 4x2 seed=828891 nsol=16 0.01s 2026-07-22T16:57:13.205
ATTEMPT 489 W0 START 4x2 seed=828892 2026-07-22T16:57:13.205
ATTEMPT 489 W0 SOLVE 4x2 2026-07-22T16:57:13.211
ATTEMPT 489 W0 DONE 4x2 seed=828892 nsol=16 0.02s 2026-07-22T16:57:13.230
ATTEMPT 490 W0 START 4x2 seed=828893 2026-07-22T16:57:13.230
ATTEMPT 490 W0 SOLVE 4x2 2026-07-22T16:57:13.237
ATTEMPT 490 W0 DONE 4x2 seed=828893 nsol=16 0.01s 2026-07-22T16:57:13.244
ATTEMPT 491 W0 START 4x2 seed=828894 2026-07-22T16:57:13.244
ATTEMPT 491 W0 SOLVE 4x2 2026-07-22T16:57:13.252
ATTEMPT 491 W0 DONE 4x2 seed=828894 nsol=16 0.02s 2026-07-22T16:57:13.270
ATTEMPT 492 W0 START 4x2 seed=828895 2026-07-22T16:57:13.271
ATTEMPT 492 W0 SOLVE 4x2 2026-07-22T16:57:13.278
ATTEMPT 492 W0 DONE 4x2 seed=828895 nsol=16 0.01s 2026-07-22T16:57:13.293
ATTEMPT 493 W0 START 4x2 seed=828896 2026-07-22T16:57:13.293
ATTEMPT 493 W0 SOLVE 4x2 2026-07-22T16:57:13.298
ATTEMPT 493 W0 DONE 4x2 seed=828896 nsol=16 0.01s 2026-07-22T16:57:13.310
ATTEMPT 494 W0 START 4x2 seed=828897 2026-07-22T16:57:13.310
ATTEMPT 494 W0 SOLVE 4x2 2026-07-22T16:57:13.319
ATTEMPT 494 W0 DONE 4x2 seed=828897 nsol=16 0.00s 2026-07-22T16:57:13.328
ATTEMPT 495 W0 START 4x2 seed=828898 2026-07-22T16:57:13.328
ATTEMPT 495 W0 SOLVE 4x2 2026-07-22T16:57:13.339
ATTEMPT 495 W0 DONE 4x2 seed=828898 nsol=16 0.00s 2026-07-22T16:57:13.349
ATTEMPT 496 W0 START 4x2 seed=828899 2026-07-22T16:57:13.349
ATTEMPT 496 W0 SOLVE 4x2 2026-07-22T16:57:13.354
ATTEMPT 496 W0 DONE 4x2 seed=828899 nsol=16 0.01s 2026-07-22T16:57:13.364
ATTEMPT 497 W0 START 4x2 seed=828900 2026-07-22T16:57:13.364
ATTEMPT 497 W0 SOLVE 4x2 2026-07-22T16:57:13.377
ATTEMPT 497 W0 DONE 4x2 seed=828900 nsol=16 0.01s 2026-07-22T16:57:13.384
ATTEMPT 498 W0 START 4x2 seed=828901 2026-07-22T16:57:13.385
ATTEMPT 498 W0 SOLVE 4x2 2026-07-22T16:57:13.390
ATTEMPT 498 W0 DONE 4x2 seed=828901 nsol=16 0.01s 2026-07-22T16:57:13.406
ATTEMPT 499 W0 START 4x2 seed=828902 2026-07-22T16:57:13.406
ATTEMPT 499 W0 SOLVE 4x2 2026-07-22T16:57:13.413
ATTEMPT 499 W0 DONE 4x2 seed=828902 nsol=16 0.02s 2026-07-22T16:57:13.429
ATTEMPT 500 W0 START 4x2 seed=828903 2026-07-22T16:57:13.429
ATTEMPT 500 W0 SOLVE 4x2 2026-07-22T16:57:13.436
ATTEMPT 500 W0 DONE 4x2 seed=828903 nsol=16 0.01s 2026-07-22T16:57:13.445
ATTEMPT 501 W0 START 4x2 seed=828904 2026-07-22T16:57:13.445
ATTEMPT 501 W0 SOLVE 4x2 2026-07-22T16:57:13.452
ATTEMPT 501 W0 DONE 4x2 seed=828904 nsol=16 0.02s 2026-07-22T16:57:13.469
ATTEMPT 502 W0 START 4x2 seed=828905 2026-07-22T16:57:13.470
ATTEMPT 502 W0 SOLVE 4x2 2026-07-22T16:57:13.476
ATTEMPT 502 W0 DONE 4x2 seed=828905 nsol=16 0.01s 2026-07-22T16:57:13.483
ATTEMPT 503 W0 START 4x2 seed=828906 2026-07-22T16:57:13.483
ATTEMPT 503 W0 SOLVE 4x2 2026-07-22T16:57:13.490
ATTEMPT 503 W0 DONE 4x2 seed=828906 nsol=16 0.01s 2026-07-22T16:57:13.496
ATTEMPT 504 W0 START 4x2 seed=828907 2026-07-22T16:57:13.497
ATTEMPT 504 W0 SOLVE 4x2 2026-07-22T16:57:13.504
ATTEMPT 504 W0 DONE 4x2 seed=828907 nsol=16 0.01s 2026-07-22T16:57:13.518
ATTEMPT 505 W0 START 4x2 seed=828908 2026-07-22T16:57:13.518
ATTEMPT 505 W0 SOLVE 4x2 2026-07-22T16:57:13.525
ATTEMPT 505 W0 DONE 4x2 seed=828908 nsol=16 0.01s 2026-07-22T16:57:13.532
ATTEMPT 506 W0 START 4x2 seed=828909 2026-07-22T16:57:13.532
ATTEMPT 506 W0 SOLVE 4x2 2026-07-22T16:57:13.537
ATTEMPT 506 W0 DONE 4x2 seed=828909 nsol=16 0.01s 2026-07-22T16:57:13.544
ATTEMPT 507 W0 START 4x2 seed=828910 2026-07-22T16:57:13.545
ATTEMPT 507 W0 SOLVE 4x2 2026-07-22T16:57:13.550
ATTEMPT 507 W0 DONE 4x2 seed=828910 nsol=16 0.01s 2026-07-22T16:57:13.561
ATTEMPT 508 W0 START 4x2 seed=828911 2026-07-22T16:57:13.561
ATTEMPT 508 W0 SOLVE 4x2 2026-07-22T16:57:13.568
ATTEMPT 508 W0 DONE 4x2 seed=828911 nsol=16 0.01s 2026-07-22T16:57:13.585
ATTEMPT 509 W0 START 4x2 seed=828912 2026-07-22T16:57:13.585
ATTEMPT 509 W0 SOLVE 4x2 2026-07-22T16:57:13.595
ATTEMPT 509 W0 DONE 4x2 seed=828912 nsol=16 0.01s 2026-07-22T16:57:13.602
ATTEMPT 510 W0 START 4x2 seed=828913 2026-07-22T16:57:13.602
ATTEMPT 510 W0 SOLVE 4x2 2026-07-22T16:57:13.607
ATTEMPT 510 W0 DONE 4x2 seed=828913 nsol=16 0.02s 2026-07-22T16:57:13.628
ATTEMPT 511 W0 START 4x2 seed=828914 2026-07-22T16:57:13.629
ATTEMPT 511 W0 SOLVE 4x2 2026-07-22T16:57:13.635
ATTEMPT 511 W0 DONE 4x2 seed=828914 nsol=16 0.02s 2026-07-22T16:57:13.651
ATTEMPT 512 W0 START 4x2 seed=828915 2026-07-22T16:57:13.651
ATTEMPT 512 W0 SOLVE 4x2 2026-07-22T16:57:13.656
ATTEMPT 512 W0 DONE 4x2 seed=828915 nsol=16 0.02s 2026-07-22T16:57:13.678
ATTEMPT 513 W0 START 4x2 seed=828916 2026-07-22T16:57:13.678
ATTEMPT 513 W0 SOLVE 4x2 2026-07-22T16:57:13.683
ATTEMPT 513 W0 DONE 4x2 seed=828916 nsol=16 0.01s 2026-07-22T16:57:13.696
ATTEMPT 514 W0 START 4x2 seed=828917 2026-07-22T16:57:13.696
ATTEMPT 514 W0 SOLVE 4x2 2026-07-22T16:57:13.701
ATTEMPT 514 W0 DONE 4x2 seed=828917 nsol=16 0.01s 2026-07-22T16:57:13.714
ATTEMPT 515 W0 START 4x2 seed=828918 2026-07-22T16:57:13.714
ATTEMPT 515 W0 SOLVE 4x2 2026-07-22T16:57:13.720
ATTEMPT 515 W0 DONE 4x2 seed=828918 nsol=16 0.01s 2026-07-22T16:57:13.733
ATTEMPT 516 W0 START 4x2 seed=828919 2026-07-22T16:57:13.733
ATTEMPT 516 W0 SOLVE 4x2 2026-07-22T16:57:13.742
ATTEMPT 516 W0 DONE 4x2 seed=828919 nsol=16 0.01s 2026-07-22T16:57:13.749
ATTEMPT 517 W0 START 4x2 seed=828920 2026-07-22T16:57:13.749
ATTEMPT 517 W0 SOLVE 4x2 2026-07-22T16:57:13.758
ATTEMPT 517 W0 DONE 4x2 seed=828920 nsol=16 0.05s 2026-07-22T16:57:13.813
ATTEMPT 518 W0 START 4x2 seed=828921 2026-07-22T16:57:13.813
ATTEMPT 518 W0 SOLVE 4x2 2026-07-22T16:57:13.823
ATTEMPT 518 W0 DONE 4x2 seed=828921 nsol=16 0.01s 2026-07-22T16:57:13.833
ATTEMPT 519 W0 START 4x2 seed=828922 2026-07-22T16:57:13.833
ATTEMPT 519 W0 SOLVE 4x2 2026-07-22T16:57:13.843
ATTEMPT 519 W0 DONE 4x2 seed=828922 nsol=16 0.00s 2026-07-22T16:57:13.853
ATTEMPT 520 W0 START 4x2 seed=828923 2026-07-22T16:57:13.853
ATTEMPT 520 W0 SOLVE 4x2 2026-07-22T16:57:13.863
ATTEMPT 520 W0 DONE 4x2 seed=828923 nsol=16 0.01s 2026-07-22T16:57:13.871
ATTEMPT 521 W0 START 4x2 seed=828924 2026-07-22T16:57:13.871
ATTEMPT 521 W0 SOLVE 4x2 2026-07-22T16:57:13.876
ATTEMPT 521 W0 DONE 4x2 seed=828924 nsol=16 0.01s 2026-07-22T16:57:13.893
ATTEMPT 522 W0 START 4x2 seed=828925 2026-07-22T16:57:13.893
ATTEMPT 522 W0 SOLVE 4x2 2026-07-22T16:57:13.898
ATTEMPT 522 W0 DONE 4x2 seed=828925 nsol=16 0.01s 2026-07-22T16:57:13.916
ATTEMPT 523 W0 START 4x2 seed=828926 2026-07-22T16:57:13.916
ATTEMPT 523 W0 SOLVE 4x2 2026-07-22T16:57:13.925
ATTEMPT 523 W0 DONE 4x2 seed=828926 nsol=16 0.01s 2026-07-22T16:57:13.940
ATTEMPT 524 W0 START 4x2 seed=828927 2026-07-22T16:57:13.941
ATTEMPT 524 W0 SOLVE 4x2 2026-07-22T16:57:13.951
ATTEMPT 524 W0 DONE 4x2 seed=828927 nsol=16 0.02s 2026-07-22T16:57:13.972
ATTEMPT 525 W0 START 4x2 seed=828928 2026-07-22T16:57:13.973
ATTEMPT 525 W0 SOLVE 4x2 2026-07-22T16:57:13.978
ATTEMPT 525 W0 DONE 4x2 seed=828928 nsol=16 0.01s 2026-07-22T16:57:13.992
ATTEMPT 526 W0 START 4x2 seed=828929 2026-07-22T16:57:13.993
ATTEMPT 526 W0 SOLVE 4x2 2026-07-22T16:57:14
ATTEMPT 526 W0 DONE 4x2 seed=828929 nsol=16 0.02s 2026-07-22T16:57:14.021
ATTEMPT 527 W0 START 4x2 seed=828930 2026-07-22T16:57:14.021
ATTEMPT 527 W0 SOLVE 4x2 2026-07-22T16:57:14.026
ATTEMPT 527 W0 DONE 4x2 seed=828930 nsol=16 0.01s 2026-07-22T16:57:14.035
ATTEMPT 528 W0 START 4x2 seed=828931 2026-07-22T16:57:14.035
ATTEMPT 528 W0 SOLVE 4x2 2026-07-22T16:57:14.040
ATTEMPT 528 W0 DONE 4x2 seed=828931 nsol=16 0.02s 2026-07-22T16:57:14.057
ATTEMPT 529 W0 START 4x2 seed=828932 2026-07-22T16:57:14.057
ATTEMPT 529 W0 SOLVE 4x2 2026-07-22T16:57:14.065
ATTEMPT 529 W0 DONE 4x2 seed=828932 nsol=16 0.02s 2026-07-22T16:57:14.086
ATTEMPT 530 W0 START 4x2 seed=828933 2026-07-22T16:57:14.086
ATTEMPT 530 W0 SOLVE 4x2 2026-07-22T16:57:14.094
ATTEMPT 530 W0 DONE 4x2 seed=828933 nsol=16 0.02s 2026-07-22T16:57:14.113
ATTEMPT 531 W0 START 4x2 seed=828934 2026-07-22T16:57:14.113
ATTEMPT 531 W0 SOLVE 4x2 2026-07-22T16:57:14.118
ATTEMPT 531 W0 DONE 4x2 seed=828934 nsol=16 0.01s 2026-07-22T16:57:14.124
ATTEMPT 532 W0 START 4x2 seed=828935 2026-07-22T16:57:14.124
ATTEMPT 532 W0 SOLVE 4x2 2026-07-22T16:57:14.132
ATTEMPT 532 W0 DONE 4x2 seed=828935 nsol=16 0.02s 2026-07-22T16:57:14.153
ATTEMPT 533 W0 START 4x2 seed=828936 2026-07-22T16:57:14.153
ATTEMPT 533 W0 SOLVE 4x2 2026-07-22T16:57:14.158
ATTEMPT 533 W0 DONE 4x2 seed=828936 nsol=16 0.01s 2026-07-22T16:57:14.171
ATTEMPT 534 W0 START 4x2 seed=828937 2026-07-22T16:57:14.171
ATTEMPT 534 W0 SOLVE 4x2 2026-07-22T16:57:14.176
ATTEMPT 534 W0 DONE 4x2 seed=828937 nsol=16 0.02s 2026-07-22T16:57:14.192
ATTEMPT 535 W0 START 4x2 seed=828938 2026-07-22T16:57:14.192
ATTEMPT 535 W0 SOLVE 4x2 2026-07-22T16:57:14.198
ATTEMPT 535 W0 DONE 4x2 seed=828938 nsol=16 0.01s 2026-07-22T16:57:14.209
ATTEMPT 536 W0 START 4x2 seed=828939 2026-07-22T16:57:14.209
ATTEMPT 536 W0 SOLVE 4x2 2026-07-22T16:57:14.215
ATTEMPT 536 W0 DONE 4x2 seed=828939 nsol=16 0.01s 2026-07-22T16:57:14.226
ATTEMPT 537 W0 START 4x2 seed=828940 2026-07-22T16:57:14.226
ATTEMPT 537 W0 SOLVE 4x2 2026-07-22T16:57:14.233
ATTEMPT 537 W0 DONE 4x2 seed=828940 nsol=16 0.01s 2026-07-22T16:57:14.247
ATTEMPT 538 W0 START 4x2 seed=828941 2026-07-22T16:57:14.247
ATTEMPT 538 W0 SOLVE 4x2 2026-07-22T16:57:14.252
ATTEMPT 538 W0 DONE 4x2 seed=828941 nsol=16 0.01s 2026-07-22T16:57:14.267
ATTEMPT 539 W0 START 4x2 seed=828942 2026-07-22T16:57:14.267
ATTEMPT 539 W0 SOLVE 4x2 2026-07-22T16:57:14.273
ATTEMPT 539 W0 DONE 4x2 seed=828942 nsol=16 0.01s 2026-07-22T16:57:14.280
ATTEMPT 540 W0 START 4x2 seed=828943 2026-07-22T16:57:14.280
ATTEMPT 540 W0 SOLVE 4x2 2026-07-22T16:57:14.286
ATTEMPT 540 W0 DONE 4x2 seed=828943 nsol=16 0.01s 2026-07-22T16:57:14.300
ATTEMPT 541 W0 START 4x2 seed=828944 2026-07-22T16:57:14.300
ATTEMPT 541 W0 SOLVE 4x2 2026-07-22T16:57:14.307
ATTEMPT 541 W0 DONE 4x2 seed=828944 nsol=16 0.02s 2026-07-22T16:57:14.327
ATTEMPT 542 W0 START 4x2 seed=828945 2026-07-22T16:57:14.327
ATTEMPT 542 W0 SOLVE 4x2 2026-07-22T16:57:14.334
ATTEMPT 542 W0 DONE 4x2 seed=828945 nsol=16 0.01s 2026-07-22T16:57:14.347
ATTEMPT 543 W0 START 4x2 seed=828946 2026-07-22T16:57:14.347
ATTEMPT 543 W0 SOLVE 4x2 2026-07-22T16:57:14.354
ATTEMPT 543 W0 DONE 4x2 seed=828946 nsol=16 0.01s 2026-07-22T16:57:14.359
ATTEMPT 544 W0 START 4x2 seed=828947 2026-07-22T16:57:14.359
ATTEMPT 544 W0 SOLVE 4x2 2026-07-22T16:57:14.366
ATTEMPT 544 W0 DONE 4x2 seed=828947 nsol=16 0.02s 2026-07-22T16:57:14.384
ATTEMPT 545 W0 START 4x2 seed=828948 2026-07-22T16:57:14.385
ATTEMPT 545 W0 SOLVE 4x2 2026-07-22T16:57:14.390
ATTEMPT 545 W0 DONE 4x2 seed=828948 nsol=16 0.01s 2026-07-22T16:57:14.401
ATTEMPT 546 W0 START 4x2 seed=828949 2026-07-22T16:57:14.401
ATTEMPT 546 W0 SOLVE 4x2 2026-07-22T16:57:14.406
ATTEMPT 546 W0 DONE 4x2 seed=828949 nsol=16 0.01s 2026-07-22T16:57:14.416
ATTEMPT 547 W0 START 4x2 seed=828950 2026-07-22T16:57:14.417
ATTEMPT 547 W0 SOLVE 4x2 2026-07-22T16:57:14.423
ATTEMPT 547 W0 DONE 4x2 seed=828950 nsol=16 0.01s 2026-07-22T16:57:14.433
ATTEMPT 548 W0 START 4x2 seed=828951 2026-07-22T16:57:14.433
ATTEMPT 548 W0 SOLVE 4x2 2026-07-22T16:57:14.438
ATTEMPT 548 W0 DONE 4x2 seed=828951 nsol=16 0.01s 2026-07-22T16:57:14.452
ATTEMPT 549 W0 START 4x2 seed=828952 2026-07-22T16:57:14.452
ATTEMPT 549 W0 SOLVE 4x2 2026-07-22T16:57:14.468
ATTEMPT 549 W0 DONE 4x2 seed=828952 nsol=16 0.01s 2026-07-22T16:57:14.488
ATTEMPT 550 W0 START 4x2 seed=828953 2026-07-22T16:57:14.489
ATTEMPT 550 W0 SOLVE 4x2 2026-07-22T16:57:14.498
ATTEMPT 550 W0 DONE 4x2 seed=828953 nsol=16 0.02s 2026-07-22T16:57:14.515
ATTEMPT 551 W0 START 4x2 seed=828954 2026-07-22T16:57:14.515
ATTEMPT 551 W0 SOLVE 4x2 2026-07-22T16:57:14.525
ATTEMPT 551 W0 DONE 4x2 seed=828954 nsol=16 0.01s 2026-07-22T16:57:14.535
ATTEMPT 552 W0 START 4x2 seed=828955 2026-07-22T16:57:14.535
ATTEMPT 552 W0 SOLVE 4x2 2026-07-22T16:57:14.546
ATTEMPT 552 W0 DONE 4x2 seed=828955 nsol=16 0.07s 2026-07-22T16:57:14.620
ATTEMPT 553 W0 START 4x2 seed=828956 2026-07-22T16:57:14.621
ATTEMPT 553 W0 SOLVE 4x2 2026-07-22T16:57:14.631
ATTEMPT 553 W0 DONE 4x2 seed=828956 nsol=16 0.02s 2026-07-22T16:57:14.657
ATTEMPT 554 W0 START 4x2 seed=828957 2026-07-22T16:57:14.657
ATTEMPT 554 W0 SOLVE 4x2 2026-07-22T16:57:14.666
ATTEMPT 554 W0 DONE 4x2 seed=828957 nsol=16 0.02s 2026-07-22T16:57:14.685
ATTEMPT 555 W0 START 4x2 seed=828958 2026-07-22T16:57:14.685
ATTEMPT 555 W0 SOLVE 4x2 2026-07-22T16:57:14.695
ATTEMPT 555 W0 DONE 4x2 seed=828958 nsol=16 0.01s 2026-07-22T16:57:14.715
ATTEMPT 556 W0 START 4x2 seed=828959 2026-07-22T16:57:14.715
ATTEMPT 556 W0 SOLVE 4x2 2026-07-22T16:57:14.720
ATTEMPT 556 W0 DONE 4x2 seed=828959 nsol=16 0.01s 2026-07-22T16:57:14.727
ATTEMPT 557 W0 START 4x2 seed=828960 2026-07-22T16:57:14.727
ATTEMPT 557 W0 SOLVE 4x2 2026-07-22T16:57:14.733
ATTEMPT 557 W0 DONE 4x2 seed=828960 nsol=16 0.02s 2026-07-22T16:57:14.757
ATTEMPT 558 W0 START 4x2 seed=828961 2026-07-22T16:57:14.757
ATTEMPT 558 W0 SOLVE 4x2 2026-07-22T16:57:14.764
ATTEMPT 558 W0 DONE 4x2 seed=828961 nsol=16 0.02s 2026-07-22T16:57:14.784
ATTEMPT 559 W0 START 4x2 seed=828962 2026-07-22T16:57:14.785
ATTEMPT 559 W0 SOLVE 4x2 2026-07-22T16:57:14.791
ATTEMPT 559 W0 DONE 4x2 seed=828962 nsol=16 0.02s 2026-07-22T16:57:14.809
ATTEMPT 560 W0 START 4x2 seed=828963 2026-07-22T16:57:14.809
ATTEMPT 560 W0 SOLVE 4x2 2026-07-22T16:57:14.814
ATTEMPT 560 W0 DONE 4x2 seed=828963 nsol=16 0.01s 2026-07-22T16:57:14.829
ATTEMPT 561 W0 START 4x2 seed=828964 2026-07-22T16:57:14.829
ATTEMPT 561 W0 SOLVE 4x2 2026-07-22T16:57:14.834
ATTEMPT 561 W0 DONE 4x2 seed=828964 nsol=16 0.03s 2026-07-22T16:57:14.861
ATTEMPT 562 W0 START 4x2 seed=828965 2026-07-22T16:57:14.861
ATTEMPT 562 W0 SOLVE 4x2 2026-07-22T16:57:14.875
ATTEMPT 562 W0 DONE 4x2 seed=828965 nsol=16 0.01s 2026-07-22T16:57:14.884
ATTEMPT 563 W0 START 4x2 seed=828966 2026-07-22T16:57:14.884
ATTEMPT 563 W0 SOLVE 4x2 2026-07-22T16:57:14.893
ATTEMPT 563 W0 DONE 4x2 seed=828966 nsol=16 0.01s 2026-07-22T16:57:14.901
ATTEMPT 564 W0 START 4x2 seed=828967 2026-07-22T16:57:14.901
ATTEMPT 564 W0 SOLVE 4x2 2026-07-22T16:57:14.911
ATTEMPT 564 W0 DONE 4x2 seed=828967 nsol=16 0.02s 2026-07-22T16:57:14.929
ATTEMPT 565 W0 START 4x2 seed=828968 2026-07-22T16:57:14.929
ATTEMPT 565 W0 SOLVE 4x2 2026-07-22T16:57:14.939
ATTEMPT 565 W0 DONE 4x2 seed=828968 nsol=16 0.02s 2026-07-22T16:57:14.961
ATTEMPT 566 W0 START 4x2 seed=828969 2026-07-22T16:57:14.961
ATTEMPT 566 W0 SOLVE 4x2 2026-07-22T16:57:14.968
ATTEMPT 566 W0 DONE 4x2 seed=828969 nsol=16 0.01s 2026-07-22T16:57:14.981
ATTEMPT 567 W0 START 4x2 seed=828970 2026-07-22T16:57:14.981
ATTEMPT 567 W0 SOLVE 4x2 2026-07-22T16:57:14.986
ATTEMPT 567 W0 DONE 4x2 seed=828970 nsol=16 0.01s 2026-07-22T16:57:15.001
ATTEMPT 568 W0 START 4x2 seed=828971 2026-07-22T16:57:15.001
ATTEMPT 568 W0 SOLVE 4x2 2026-07-22T16:57:15.007
ATTEMPT 568 W0 DONE 4x2 seed=828971 nsol=16 0.01s 2026-07-22T16:57:15.015
ATTEMPT 569 W0 START 4x2 seed=828972 2026-07-22T16:57:15.015
ATTEMPT 569 W0 SOLVE 4x2 2026-07-22T16:57:15.023
ATTEMPT 569 W0 DONE 4x2 seed=828972 nsol=16 0.02s 2026-07-22T16:57:15.043
ATTEMPT 570 W0 START 4x2 seed=828973 2026-07-22T16:57:15.044
ATTEMPT 570 W0 SOLVE 4x2 2026-07-22T16:57:15.051
ATTEMPT 570 W0 DONE 4x2 seed=828973 nsol=16 0.01s 2026-07-22T16:57:15.061
ATTEMPT 571 W0 START 4x2 seed=828974 2026-07-22T16:57:15.061
ATTEMPT 571 W0 SOLVE 4x2 2026-07-22T16:57:15.067
ATTEMPT 571 W0 DONE 4x2 seed=828974 nsol=16 0.01s 2026-07-22T16:57:15.078
ATTEMPT 572 W0 START 4x2 seed=828975 2026-07-22T16:57:15.078
ATTEMPT 572 W0 SOLVE 4x2 2026-07-22T16:57:15.086
ATTEMPT 572 W0 DONE 4x2 seed=828975 nsol=16 0.01s 2026-07-22T16:57:15.097
ATTEMPT 573 W0 START 4x2 seed=828976 2026-07-22T16:57:15.097
ATTEMPT 573 W0 SOLVE 4x2 2026-07-22T16:57:15.103
ATTEMPT 573 W0 DONE 4x2 seed=828976 nsol=16 0.01s 2026-07-22T16:57:15.117
ATTEMPT 574 W0 START 4x2 seed=828977 2026-07-22T16:57:15.118
ATTEMPT 574 W0 SOLVE 4x2 2026-07-22T16:57:15.125
ATTEMPT 574 W0 DONE 4x2 seed=828977 nsol=16 0.01s 2026-07-22T16:57:15.133
ATTEMPT 575 W0 START 4x2 seed=828978 2026-07-22T16:57:15.133
ATTEMPT 575 W0 SOLVE 4x2 2026-07-22T16:57:15.138
ATTEMPT 575 W0 DONE 4x2 seed=828978 nsol=16 0.01s 2026-07-22T16:57:15.149
ATTEMPT 576 W0 START 4x2 seed=828979 2026-07-22T16:57:15.150
ATTEMPT 576 W0 SOLVE 4x2 2026-07-22T16:57:15.156
ATTEMPT 576 W0 DONE 4x2 seed=828979 nsol=16 0.01s 2026-07-22T16:57:15.166
ATTEMPT 577 W0 START 4x2 seed=828980 2026-07-22T16:57:15.166
ATTEMPT 577 W0 SOLVE 4x2 2026-07-22T16:57:15.173
ATTEMPT 577 W0 DONE 4x2 seed=828980 nsol=16 0.02s 2026-07-22T16:57:15.189
ATTEMPT 578 W0 START 4x2 seed=828981 2026-07-22T16:57:15.189
ATTEMPT 578 W0 SOLVE 4x2 2026-07-22T16:57:15.194
ATTEMPT 578 W0 DONE 4x2 seed=828981 nsol=16 0.01s 2026-07-22T16:57:15.209
ATTEMPT 579 W0 START 4x2 seed=828982 2026-07-22T16:57:15.209
ATTEMPT 579 W0 SOLVE 4x2 2026-07-22T16:57:15.219
ATTEMPT 579 W0 DONE 4x2 seed=828982 nsol=16 0.01s 2026-07-22T16:57:15.227
ATTEMPT 580 W0 START 4x2 seed=828983 2026-07-22T16:57:15.227
ATTEMPT 580 W0 SOLVE 4x2 2026-07-22T16:57:15.232
ATTEMPT 580 W0 DONE 4x2 seed=828983 nsol=16 0.01s 2026-07-22T16:57:15.249
ATTEMPT 581 W0 START 4x2 seed=828984 2026-07-22T16:57:15.249
ATTEMPT 581 W0 SOLVE 4x2 2026-07-22T16:57:15.256
ATTEMPT 581 W0 DONE 4x2 seed=828984 nsol=16 0.01s 2026-07-22T16:57:15.273
ATTEMPT 582 W0 START 4x2 seed=828985 2026-07-22T16:57:15.273
ATTEMPT 582 W0 SOLVE 4x2 2026-07-22T16:57:15.280
ATTEMPT 582 W0 DONE 4x2 seed=828985 nsol=16 0.01s 2026-07-22T16:57:15.287
ATTEMPT 583 W0 START 4x2 seed=828986 2026-07-22T16:57:15.287
ATTEMPT 583 W0 SOLVE 4x2 2026-07-22T16:57:15.291
ATTEMPT 583 W0 DONE 4x2 seed=828986 nsol=16 0.02s 2026-07-22T16:57:15.313
ATTEMPT 584 W0 START 4x2 seed=828987 2026-07-22T16:57:15.313
ATTEMPT 584 W0 SOLVE 4x2 2026-07-22T16:57:15.318
ATTEMPT 584 W0 DONE 4x2 seed=828987 nsol=16 0.01s 2026-07-22T16:57:15.333
ATTEMPT 585 W0 START 4x2 seed=828988 2026-07-22T16:57:15.333
ATTEMPT 585 W0 SOLVE 4x2 2026-07-22T16:57:15.340
ATTEMPT 585 W0 DONE 4x2 seed=828988 nsol=16 0.02s 2026-07-22T16:57:15.357
ATTEMPT 586 W0 START 4x2 seed=828989 2026-07-22T16:57:15.357
ATTEMPT 586 W0 SOLVE 4x2 2026-07-22T16:57:15.363
ATTEMPT 586 W0 DONE 4x2 seed=828989 nsol=16 0.04s 2026-07-22T16:57:15.403
ATTEMPT 587 W0 START 4x2 seed=828990 2026-07-22T16:57:15.404
ATTEMPT 587 W0 SOLVE 4x2 2026-07-22T16:57:15.412
ATTEMPT 587 W0 DONE 4x2 seed=828990 nsol=16 0.02s 2026-07-22T16:57:15.433
ATTEMPT 588 W0 START 4x2 seed=828991 2026-07-22T16:57:15.433
ATTEMPT 588 W0 SOLVE 4x2 2026-07-22T16:57:15.439
ATTEMPT 588 W0 DONE 4x2 seed=828991 nsol=16 0.01s 2026-07-22T16:57:15.447
ATTEMPT 589 W0 START 4x2 seed=828992 2026-07-22T16:57:15.448
ATTEMPT 589 W0 SOLVE 4x2 2026-07-22T16:57:15.454
ATTEMPT 589 W0 DONE 4x2 seed=828992 nsol=16 0.00s 2026-07-22T16:57:15.458
ATTEMPT 590 W0 START 4x2 seed=828993 2026-07-22T16:57:15.458
ATTEMPT 590 W0 SOLVE 4x2 2026-07-22T16:57:15.464
ATTEMPT 590 W0 DONE 4x2 seed=828993 nsol=16 0.01s 2026-07-22T16:57:15.469
ATTEMPT 591 W0 START 4x2 seed=828994 2026-07-22T16:57:15.469
ATTEMPT 591 W0 SOLVE 4x2 2026-07-22T16:57:15.475
ATTEMPT 591 W0 DONE 4x2 seed=828994 nsol=16 0.01s 2026-07-22T16:57:15.485
ATTEMPT 592 W0 START 4x2 seed=828995 2026-07-22T16:57:15.485
ATTEMPT 592 W0 SOLVE 4x2 2026-07-22T16:57:15.491
ATTEMPT 592 W0 DONE 4x2 seed=828995 nsol=16 0.01s 2026-07-22T16:57:15.505
ATTEMPT 593 W0 START 4x2 seed=828996 2026-07-22T16:57:15.505
ATTEMPT 593 W0 SOLVE 4x2 2026-07-22T16:57:15.516
ATTEMPT 593 W0 DONE 4x2 seed=828996 nsol=16 0.02s 2026-07-22T16:57:15.541
ATTEMPT 594 W0 START 4x2 seed=828997 2026-07-22T16:57:15.541
ATTEMPT 594 W0 SOLVE 4x2 2026-07-22T16:57:15.548
ATTEMPT 594 W0 DONE 4x2 seed=828997 nsol=16 0.01s 2026-07-22T16:57:15.562
ATTEMPT 595 W0 START 4x2 seed=828998 2026-07-22T16:57:15.562
ATTEMPT 595 W0 SOLVE 4x2 2026-07-22T16:57:15.567
ATTEMPT 595 W0 DONE 4x2 seed=828998 nsol=16 0.02s 2026-07-22T16:57:15.588
ATTEMPT 596 W0 START 4x2 seed=828999 2026-07-22T16:57:15.588
ATTEMPT 596 W0 SOLVE 4x2 2026-07-22T16:57:15.595
ATTEMPT 596 W0 DONE 4x2 seed=828999 nsol=16 0.01s 2026-07-22T16:57:15.607
ATTEMPT 597 W0 START 4x2 seed=829000 2026-07-22T16:57:15.607
ATTEMPT 597 W0 SOLVE 4x2 2026-07-22T16:57:15.612
ATTEMPT 597 W0 DONE 4x2 seed=829000 nsol=16 0.01s 2026-07-22T16:57:15.619
ATTEMPT 598 W0 START 4x2 seed=829001 2026-07-22T16:57:15.619
ATTEMPT 598 W0 SOLVE 4x2 2026-07-22T16:57:15.625
ATTEMPT 598 W0 DONE 4x2 seed=829001 nsol=16 0.02s 2026-07-22T16:57:15.641
ATTEMPT 599 W0 START 4x2 seed=829002 2026-07-22T16:57:15.641
ATTEMPT 599 W0 SOLVE 4x2 2026-07-22T16:57:15.647
ATTEMPT 599 W0 DONE 4x2 seed=829002 nsol=16 0.02s 2026-07-22T16:57:15.669
ATTEMPT 600 W0 START 4x2 seed=829003 2026-07-22T16:57:15.669
ATTEMPT 600 W0 SOLVE 4x2 2026-07-22T16:57:15.676
ATTEMPT 600 W0 DONE 4x2 seed=829003 nsol=16 0.02s 2026-07-22T16:57:15.693
HUNT2 complete 2026-07-22T16:57:15.699
