HUNT2 start mode=seq hcthr=on nworkers=0 nthreads=14 ngcthreads=14 nsolves=600 seed_base=322110 shape=4x2 pid=1955743 julia=1.12.6 HC=2.20.0 2026-07-22T16:41:21.671
ATTEMPT 1 W0 START 4x2 seed=322111 2026-07-22T16:41:26.061
ATTEMPT 1 W0 SOLVE 4x2 2026-07-22T16:41:28.454
Computing mixed cells... 2    Time: 0:00:01[K
   mixed_volume: 4[K[A
[K[AComputing mixed cells... 6    Time: 0:00:01[K
   mixed_volume: 16[K
ATTEMPT 1 W0 DONE 4x2 seed=322111 nsol=16 65.29s 2026-07-22T16:42:34.186
ATTEMPT 2 W0 START 4x2 seed=322112 2026-07-22T16:42:34.749
ATTEMPT 2 W0 SOLVE 4x2 2026-07-22T16:42:34.757
ATTEMPT 2 W0 DONE 4x2 seed=322112 nsol=16 0.03s 2026-07-22T16:42:34.785
ATTEMPT 3 W0 START 4x2 seed=322113 2026-07-22T16:42:34.785
ATTEMPT 3 W0 SOLVE 4x2 2026-07-22T16:42:34.794
ATTEMPT 3 W0 DONE 4x2 seed=322113 nsol=16 0.02s 2026-07-22T16:42:34.812
ATTEMPT 4 W0 START 4x2 seed=322114 2026-07-22T16:42:34.813
ATTEMPT 4 W0 SOLVE 4x2 2026-07-22T16:42:34.819
ATTEMPT 4 W0 DONE 4x2 seed=322114 nsol=16 0.02s 2026-07-22T16:42:34.835
ATTEMPT 5 W0 START 4x2 seed=322115 2026-07-22T16:42:34.835
ATTEMPT 5 W0 SOLVE 4x2 2026-07-22T16:42:34.842
ATTEMPT 5 W0 DONE 4x2 seed=322115 nsol=16 0.01s 2026-07-22T16:42:34.851
ATTEMPT 6 W0 START 4x2 seed=322116 2026-07-22T16:42:34.851
ATTEMPT 6 W0 SOLVE 4x2 2026-07-22T16:42:34.858
ATTEMPT 6 W0 DONE 4x2 seed=322116 nsol=16 0.02s 2026-07-22T16:42:34.875
ATTEMPT 7 W0 START 4x2 seed=322117 2026-07-22T16:42:34.875
ATTEMPT 7 W0 SOLVE 4x2 2026-07-22T16:42:34.881
ATTEMPT 7 W0 DONE 4x2 seed=322117 nsol=16 0.02s 2026-07-22T16:42:34.899
ATTEMPT 8 W0 START 4x2 seed=322118 2026-07-22T16:42:34.899
ATTEMPT 8 W0 SOLVE 4x2 2026-07-22T16:42:34.904
ATTEMPT 8 W0 DONE 4x2 seed=322118 nsol=16 0.03s 2026-07-22T16:42:34.931
ATTEMPT 9 W0 START 4x2 seed=322119 2026-07-22T16:42:34.931
ATTEMPT 9 W0 SOLVE 4x2 2026-07-22T16:42:34.936
ATTEMPT 9 W0 DONE 4x2 seed=322119 nsol=16 0.01s 2026-07-22T16:42:34.945
ATTEMPT 10 W0 START 4x2 seed=322120 2026-07-22T16:42:34.945
ATTEMPT 10 W0 SOLVE 4x2 2026-07-22T16:42:34.950
ATTEMPT 10 W0 DONE 4x2 seed=322120 nsol=16 0.02s 2026-07-22T16:42:34.967
ATTEMPT 11 W0 START 4x2 seed=322121 2026-07-22T16:42:34.967
ATTEMPT 11 W0 SOLVE 4x2 2026-07-22T16:42:34.972
ATTEMPT 11 W0 DONE 4x2 seed=322121 nsol=16 0.02s 2026-07-22T16:42:34.991
ATTEMPT 12 W0 START 4x2 seed=322122 2026-07-22T16:42:34.991
ATTEMPT 12 W0 SOLVE 4x2 2026-07-22T16:42:34.996
ATTEMPT 12 W0 DONE 4x2 seed=322122 nsol=16 0.01s 2026-07-22T16:42:35.007
ATTEMPT 13 W0 START 4x2 seed=322123 2026-07-22T16:42:35.008
ATTEMPT 13 W0 SOLVE 4x2 2026-07-22T16:42:35.013
ATTEMPT 13 W0 DONE 4x2 seed=322123 nsol=16 0.02s 2026-07-22T16:42:35.035
ATTEMPT 14 W0 START 4x2 seed=322124 2026-07-22T16:42:35.035
ATTEMPT 14 W0 SOLVE 4x2 2026-07-22T16:42:35.040
ATTEMPT 14 W0 DONE 4x2 seed=322124 nsol=16 0.01s 2026-07-22T16:42:35.053
ATTEMPT 15 W0 START 4x2 seed=322125 2026-07-22T16:42:35.053
ATTEMPT 15 W0 SOLVE 4x2 2026-07-22T16:42:35.059
ATTEMPT 15 W0 DONE 4x2 seed=322125 nsol=16 0.02s 2026-07-22T16:42:35.075
ATTEMPT 16 W0 START 4x2 seed=322126 2026-07-22T16:42:35.075
ATTEMPT 16 W0 SOLVE 4x2 2026-07-22T16:42:35.080
ATTEMPT 16 W0 DONE 4x2 seed=322126 nsol=16 0.02s 2026-07-22T16:42:35.099
ATTEMPT 17 W0 START 4x2 seed=322127 2026-07-22T16:42:35.099
ATTEMPT 17 W0 SOLVE 4x2 2026-07-22T16:42:35.104
ATTEMPT 17 W0 DONE 4x2 seed=322127 nsol=16 0.02s 2026-07-22T16:42:35.127
ATTEMPT 18 W0 START 4x2 seed=322128 2026-07-22T16:42:35.127
ATTEMPT 18 W0 SOLVE 4x2 2026-07-22T16:42:35.134
ATTEMPT 18 W0 DONE 4x2 seed=322128 nsol=16 0.02s 2026-07-22T16:42:35.151
ATTEMPT 19 W0 START 4x2 seed=322129 2026-07-22T16:42:35.151
ATTEMPT 19 W0 SOLVE 4x2 2026-07-22T16:42:35.158
ATTEMPT 19 W0 DONE 4x2 seed=322129 nsol=16 0.02s 2026-07-22T16:42:35.175
ATTEMPT 20 W0 START 4x2 seed=322130 2026-07-22T16:42:35.175
ATTEMPT 20 W0 SOLVE 4x2 2026-07-22T16:42:35.197
ATTEMPT 20 W0 DONE 4x2 seed=322130 nsol=16 0.02s 2026-07-22T16:42:35.215
ATTEMPT 21 W0 START 4x2 seed=322131 2026-07-22T16:42:35.215
ATTEMPT 21 W0 SOLVE 4x2 2026-07-22T16:42:35.227
ATTEMPT 21 W0 DONE 4x2 seed=322131 nsol=16 0.03s 2026-07-22T16:42:35.259
ATTEMPT 22 W0 START 4x2 seed=322132 2026-07-22T16:42:35.259
ATTEMPT 22 W0 SOLVE 4x2 2026-07-22T16:42:35.278
ATTEMPT 22 W0 DONE 4x2 seed=322132 nsol=16 0.01s 2026-07-22T16:42:35.295
ATTEMPT 23 W0 START 4x2 seed=322133 2026-07-22T16:42:35.295
ATTEMPT 23 W0 SOLVE 4x2 2026-07-22T16:42:35.306
ATTEMPT 23 W0 DONE 4x2 seed=322133 nsol=16 0.00s 2026-07-22T16:42:35.323
ATTEMPT 24 W0 START 4x2 seed=322134 2026-07-22T16:42:35.323
ATTEMPT 24 W0 SOLVE 4x2 2026-07-22T16:42:35.337
ATTEMPT 24 W0 DONE 4x2 seed=322134 nsol=16 0.03s 2026-07-22T16:42:35.363
ATTEMPT 25 W0 START 4x2 seed=322135 2026-07-22T16:42:35.363
ATTEMPT 25 W0 SOLVE 4x2 2026-07-22T16:42:35.372
ATTEMPT 25 W0 DONE 4x2 seed=322135 nsol=16 0.02s 2026-07-22T16:42:35.395
ATTEMPT 26 W0 START 4x2 seed=322136 2026-07-22T16:42:35.399
ATTEMPT 26 W0 SOLVE 4x2 2026-07-22T16:42:35.408
ATTEMPT 26 W0 DONE 4x2 seed=322136 nsol=16 0.02s 2026-07-22T16:42:35.427
ATTEMPT 27 W0 START 4x2 seed=322137 2026-07-22T16:42:35.427
ATTEMPT 27 W0 SOLVE 4x2 2026-07-22T16:42:35.436
ATTEMPT 27 W0 DONE 4x2 seed=322137 nsol=16 0.02s 2026-07-22T16:42:35.455
ATTEMPT 28 W0 START 4x2 seed=322138 2026-07-22T16:42:35.456
ATTEMPT 28 W0 SOLVE 4x2 2026-07-22T16:42:35.465
ATTEMPT 28 W0 DONE 4x2 seed=322138 nsol=16 0.02s 2026-07-22T16:42:35.489
ATTEMPT 29 W0 START 4x2 seed=322139 2026-07-22T16:42:35.489
ATTEMPT 29 W0 SOLVE 4x2 2026-07-22T16:42:35.494
ATTEMPT 29 W0 DONE 4x2 seed=322139 nsol=16 0.02s 2026-07-22T16:42:35.517
ATTEMPT 30 W0 START 4x2 seed=322140 2026-07-22T16:42:35.517
ATTEMPT 30 W0 SOLVE 4x2 2026-07-22T16:42:35.523
ATTEMPT 30 W0 DONE 4x2 seed=322140 nsol=16 0.02s 2026-07-22T16:42:35.546
ATTEMPT 31 W0 START 4x2 seed=322141 2026-07-22T16:42:35.546
ATTEMPT 31 W0 SOLVE 4x2 2026-07-22T16:42:35.555
ATTEMPT 31 W0 DONE 4x2 seed=322141 nsol=16 0.12s 2026-07-22T16:42:35.675
ATTEMPT 32 W0 START 4x2 seed=322142 2026-07-22T16:42:35.675
ATTEMPT 32 W0 SOLVE 4x2 2026-07-22T16:42:35.685
ATTEMPT 32 W0 DONE 4x2 seed=322142 nsol=16 0.02s 2026-07-22T16:42:35.707
ATTEMPT 33 W0 START 4x2 seed=322143 2026-07-22T16:42:35.707
ATTEMPT 33 W0 SOLVE 4x2 2026-07-22T16:42:35.712
ATTEMPT 33 W0 DONE 4x2 seed=322143 nsol=16 0.01s 2026-07-22T16:42:35.723
ATTEMPT 34 W0 START 4x2 seed=322144 2026-07-22T16:42:35.723
ATTEMPT 34 W0 SOLVE 4x2 2026-07-22T16:42:35.730
ATTEMPT 34 W0 DONE 4x2 seed=322144 nsol=16 0.02s 2026-07-22T16:42:35.751
ATTEMPT 35 W0 START 4x2 seed=322145 2026-07-22T16:42:35.752
ATTEMPT 35 W0 SOLVE 4x2 2026-07-22T16:42:35.769
ATTEMPT 35 W0 DONE 4x2 seed=322145 nsol=16 0.01s 2026-07-22T16:42:35.779
ATTEMPT 36 W0 START 4x2 seed=322146 2026-07-22T16:42:35.779
ATTEMPT 36 W0 SOLVE 4x2 2026-07-22T16:42:35.789
ATTEMPT 36 W0 DONE 4x2 seed=322146 nsol=16 0.01s 2026-07-22T16:42:35.803
ATTEMPT 37 W0 START 4x2 seed=322147 2026-07-22T16:42:35.803
ATTEMPT 37 W0 SOLVE 4x2 2026-07-22T16:42:35.809
ATTEMPT 37 W0 DONE 4x2 seed=322147 nsol=16 0.02s 2026-07-22T16:42:35.831
ATTEMPT 38 W0 START 4x2 seed=322148 2026-07-22T16:42:35.831
ATTEMPT 38 W0 SOLVE 4x2 2026-07-22T16:42:35.838
ATTEMPT 38 W0 DONE 4x2 seed=322148 nsol=16 0.02s 2026-07-22T16:42:35.855
ATTEMPT 39 W0 START 4x2 seed=322149 2026-07-22T16:42:35.855
ATTEMPT 39 W0 SOLVE 4x2 2026-07-22T16:42:35.861
ATTEMPT 39 W0 DONE 4x2 seed=322149 nsol=16 0.02s 2026-07-22T16:42:35.883
ATTEMPT 40 W0 START 4x2 seed=322150 2026-07-22T16:42:35.883
ATTEMPT 40 W0 SOLVE 4x2 2026-07-22T16:42:35.890
ATTEMPT 40 W0 DONE 4x2 seed=322150 nsol=16 0.01s 2026-07-22T16:42:35.902
ATTEMPT 41 W0 START 4x2 seed=322151 2026-07-22T16:42:35.903
ATTEMPT 41 W0 SOLVE 4x2 2026-07-22T16:42:35.910
ATTEMPT 41 W0 DONE 4x2 seed=322151 nsol=16 0.01s 2026-07-22T16:42:35.917
ATTEMPT 42 W0 START 4x2 seed=322152 2026-07-22T16:42:35.917
ATTEMPT 42 W0 SOLVE 4x2 2026-07-22T16:42:35.924
ATTEMPT 42 W0 DONE 4x2 seed=322152 nsol=16 0.01s 2026-07-22T16:42:35.935
ATTEMPT 43 W0 START 4x2 seed=322153 2026-07-22T16:42:35.935
ATTEMPT 43 W0 SOLVE 4x2 2026-07-22T16:42:35.940
ATTEMPT 43 W0 DONE 4x2 seed=322153 nsol=16 0.01s 2026-07-22T16:42:35.953
ATTEMPT 44 W0 START 4x2 seed=322154 2026-07-22T16:42:35.953
ATTEMPT 44 W0 SOLVE 4x2 2026-07-22T16:42:35.958
ATTEMPT 44 W0 DONE 4x2 seed=322154 nsol=16 0.03s 2026-07-22T16:42:35.991
ATTEMPT 45 W0 START 4x2 seed=322155 2026-07-22T16:42:35.991
ATTEMPT 45 W0 SOLVE 4x2 2026-07-22T16:42:36.015
ATTEMPT 45 W0 DONE 4x2 seed=322155 nsol=16 0.02s 2026-07-22T16:42:36.031
ATTEMPT 46 W0 START 4x2 seed=322156 2026-07-22T16:42:36.031
ATTEMPT 46 W0 SOLVE 4x2 2026-07-22T16:42:36.044
ATTEMPT 46 W0 DONE 4x2 seed=322156 nsol=16 0.02s 2026-07-22T16:42:36.061
ATTEMPT 47 W0 START 4x2 seed=322157 2026-07-22T16:42:36.061
ATTEMPT 47 W0 SOLVE 4x2 2026-07-22T16:42:36.066
ATTEMPT 47 W0 DONE 4x2 seed=322157 nsol=16 0.02s 2026-07-22T16:42:36.088
ATTEMPT 48 W0 START 4x2 seed=322158 2026-07-22T16:42:36.088
ATTEMPT 48 W0 SOLVE 4x2 2026-07-22T16:42:36.094
ATTEMPT 48 W0 DONE 4x2 seed=322158 nsol=16 0.02s 2026-07-22T16:42:36.116
ATTEMPT 49 W0 START 4x2 seed=322159 2026-07-22T16:42:36.116
ATTEMPT 49 W0 SOLVE 4x2 2026-07-22T16:42:36.132
ATTEMPT 49 W0 DONE 4x2 seed=322159 nsol=16 0.02s 2026-07-22T16:42:36.155
ATTEMPT 50 W0 START 4x2 seed=322160 2026-07-22T16:42:36.155
ATTEMPT 50 W0 SOLVE 4x2 2026-07-22T16:42:36.167
ATTEMPT 50 W0 DONE 4x2 seed=322160 nsol=16 0.01s 2026-07-22T16:42:36.175
ATTEMPT 51 W0 START 4x2 seed=322161 2026-07-22T16:42:36.175
ATTEMPT 51 W0 SOLVE 4x2 2026-07-22T16:42:36.180
ATTEMPT 51 W0 DONE 4x2 seed=322161 nsol=16 0.01s 2026-07-22T16:42:36.192
ATTEMPT 52 W0 START 4x2 seed=322162 2026-07-22T16:42:36.192
ATTEMPT 52 W0 SOLVE 4x2 2026-07-22T16:42:36.201
ATTEMPT 52 W0 DONE 4x2 seed=322162 nsol=16 0.01s 2026-07-22T16:42:36.215
ATTEMPT 53 W0 START 4x2 seed=322163 2026-07-22T16:42:36.215
ATTEMPT 53 W0 SOLVE 4x2 2026-07-22T16:42:36.229
ATTEMPT 53 W0 DONE 4x2 seed=322163 nsol=16 0.03s 2026-07-22T16:42:36.255
ATTEMPT 54 W0 START 4x2 seed=322164 2026-07-22T16:42:36.255
ATTEMPT 54 W0 SOLVE 4x2 2026-07-22T16:42:36.260
ATTEMPT 54 W0 DONE 4x2 seed=322164 nsol=16 0.01s 2026-07-22T16:42:36.271
ATTEMPT 55 W0 START 4x2 seed=322165 2026-07-22T16:42:36.271
ATTEMPT 55 W0 SOLVE 4x2 2026-07-22T16:42:36.276
ATTEMPT 55 W0 DONE 4x2 seed=322165 nsol=16 0.01s 2026-07-22T16:42:36.287
ATTEMPT 56 W0 START 4x2 seed=322166 2026-07-22T16:42:36.287
ATTEMPT 56 W0 SOLVE 4x2 2026-07-22T16:42:36.294
ATTEMPT 56 W0 DONE 4x2 seed=322166 nsol=16 0.02s 2026-07-22T16:42:36.313
ATTEMPT 57 W0 START 4x2 seed=322167 2026-07-22T16:42:36.313
ATTEMPT 57 W0 SOLVE 4x2 2026-07-22T16:42:36.318
ATTEMPT 57 W0 DONE 4x2 seed=322167 nsol=16 0.01s 2026-07-22T16:42:36.333
ATTEMPT 58 W0 START 4x2 seed=322168 2026-07-22T16:42:36.334
ATTEMPT 58 W0 SOLVE 4x2 2026-07-22T16:42:36.346
ATTEMPT 58 W0 DONE 4x2 seed=322168 nsol=16 0.02s 2026-07-22T16:42:36.373
ATTEMPT 59 W0 START 4x2 seed=322169 2026-07-22T16:42:36.373
ATTEMPT 59 W0 SOLVE 4x2 2026-07-22T16:42:36.378
ATTEMPT 59 W0 DONE 4x2 seed=322169 nsol=16 0.01s 2026-07-22T16:42:36.393
ATTEMPT 60 W0 START 4x2 seed=322170 2026-07-22T16:42:36.393
ATTEMPT 60 W0 SOLVE 4x2 2026-07-22T16:42:36.398
ATTEMPT 60 W0 DONE 4x2 seed=322170 nsol=16 0.03s 2026-07-22T16:42:36.429
ATTEMPT 61 W0 START 4x2 seed=322171 2026-07-22T16:42:36.429
ATTEMPT 61 W0 SOLVE 4x2 2026-07-22T16:42:36.434
ATTEMPT 61 W0 DONE 4x2 seed=322171 nsol=16 0.02s 2026-07-22T16:42:36.455
ATTEMPT 62 W0 START 4x2 seed=322172 2026-07-22T16:42:36.455
ATTEMPT 62 W0 SOLVE 4x2 2026-07-22T16:42:36.460
ATTEMPT 62 W0 DONE 4x2 seed=322172 nsol=16 0.01s 2026-07-22T16:42:36.474
ATTEMPT 63 W0 START 4x2 seed=322173 2026-07-22T16:42:36.474
ATTEMPT 63 W0 SOLVE 4x2 2026-07-22T16:42:36.483
ATTEMPT 63 W0 DONE 4x2 seed=322173 nsol=16 0.02s 2026-07-22T16:42:36.506
ATTEMPT 64 W0 START 4x2 seed=322174 2026-07-22T16:42:36.507
ATTEMPT 64 W0 SOLVE 4x2 2026-07-22T16:42:36.516
ATTEMPT 64 W0 DONE 4x2 seed=322174 nsol=16 0.03s 2026-07-22T16:42:36.543
ATTEMPT 65 W0 START 4x2 seed=322175 2026-07-22T16:42:36.543
ATTEMPT 65 W0 SOLVE 4x2 2026-07-22T16:42:36.552
ATTEMPT 65 W0 DONE 4x2 seed=322175 nsol=16 0.02s 2026-07-22T16:42:36.576
ATTEMPT 66 W0 START 4x2 seed=322176 2026-07-22T16:42:36.576
ATTEMPT 66 W0 SOLVE 4x2 2026-07-22T16:42:36.586
ATTEMPT 66 W0 DONE 4x2 seed=322176 nsol=16 0.01s 2026-07-22T16:42:36.598
ATTEMPT 67 W0 START 4x2 seed=322177 2026-07-22T16:42:36.598
ATTEMPT 67 W0 SOLVE 4x2 2026-07-22T16:42:36.608
ATTEMPT 67 W0 DONE 4x2 seed=322177 nsol=16 0.02s 2026-07-22T16:42:36.627
ATTEMPT 68 W0 START 4x2 seed=322178 2026-07-22T16:42:36.627
ATTEMPT 68 W0 SOLVE 4x2 2026-07-22T16:42:36.632
ATTEMPT 68 W0 DONE 4x2 seed=322178 nsol=16 0.02s 2026-07-22T16:42:36.655
ATTEMPT 69 W0 START 4x2 seed=322179 2026-07-22T16:42:36.655
ATTEMPT 69 W0 SOLVE 4x2 2026-07-22T16:42:36.660
ATTEMPT 69 W0 DONE 4x2 seed=322179 nsol=16 0.02s 2026-07-22T16:42:36.683
ATTEMPT 70 W0 START 4x2 seed=322180 2026-07-22T16:42:36.683
ATTEMPT 70 W0 SOLVE 4x2 2026-07-22T16:42:36.688
ATTEMPT 70 W0 DONE 4x2 seed=322180 nsol=16 0.02s 2026-07-22T16:42:36.707
ATTEMPT 71 W0 START 4x2 seed=322181 2026-07-22T16:42:36.707
ATTEMPT 71 W0 SOLVE 4x2 2026-07-22T16:42:36.717
ATTEMPT 71 W0 DONE 4x2 seed=322181 nsol=16 0.02s 2026-07-22T16:42:36.735
ATTEMPT 72 W0 START 4x2 seed=322182 2026-07-22T16:42:36.735
ATTEMPT 72 W0 SOLVE 4x2 2026-07-22T16:42:36.746
ATTEMPT 72 W0 DONE 4x2 seed=322182 nsol=16 0.02s 2026-07-22T16:42:36.769
ATTEMPT 73 W0 START 4x2 seed=322183 2026-07-22T16:42:36.770
ATTEMPT 73 W0 SOLVE 4x2 2026-07-22T16:42:36.784
ATTEMPT 73 W0 DONE 4x2 seed=322183 nsol=16 0.02s 2026-07-22T16:42:36.799
ATTEMPT 74 W0 START 4x2 seed=322184 2026-07-22T16:42:36.799
ATTEMPT 74 W0 SOLVE 4x2 2026-07-22T16:42:36.807
ATTEMPT 74 W0 DONE 4x2 seed=322184 nsol=16 0.03s 2026-07-22T16:42:36.835
ATTEMPT 75 W0 START 4x2 seed=322185 2026-07-22T16:42:36.835
ATTEMPT 75 W0 SOLVE 4x2 2026-07-22T16:42:36.845
ATTEMPT 75 W0 DONE 4x2 seed=322185 nsol=16 0.07s 2026-07-22T16:42:36.911
ATTEMPT 76 W0 START 4x2 seed=322186 2026-07-22T16:42:36.911
ATTEMPT 76 W0 SOLVE 4x2 2026-07-22T16:42:36.921
ATTEMPT 76 W0 DONE 4x2 seed=322186 nsol=16 0.02s 2026-07-22T16:42:36.947
ATTEMPT 77 W0 START 4x2 seed=322187 2026-07-22T16:42:36.947
ATTEMPT 77 W0 SOLVE 4x2 2026-07-22T16:42:36.960
ATTEMPT 77 W0 DONE 4x2 seed=322187 nsol=16 0.02s 2026-07-22T16:42:36.975
ATTEMPT 78 W0 START 4x2 seed=322188 2026-07-22T16:42:36.975
ATTEMPT 78 W0 SOLVE 4x2 2026-07-22T16:42:36.993
ATTEMPT 78 W0 DONE 4x2 seed=322188 nsol=16 0.02s 2026-07-22T16:42:37.009
ATTEMPT 79 W0 START 4x2 seed=322189 2026-07-22T16:42:37.009
ATTEMPT 79 W0 SOLVE 4x2 2026-07-22T16:42:37.037
ATTEMPT 79 W0 DONE 4x2 seed=322189 nsol=16 0.02s 2026-07-22T16:42:37.067
ATTEMPT 80 W0 START 4x2 seed=322190 2026-07-22T16:42:37.067
ATTEMPT 80 W0 SOLVE 4x2 2026-07-22T16:42:37.078
ATTEMPT 80 W0 DONE 4x2 seed=322190 nsol=16 0.02s 2026-07-22T16:42:37.103
ATTEMPT 81 W0 START 4x2 seed=322191 2026-07-22T16:42:37.103
ATTEMPT 81 W0 SOLVE 4x2 2026-07-22T16:42:37.113
ATTEMPT 81 W0 DONE 4x2 seed=322191 nsol=16 0.01s 2026-07-22T16:42:37.121
ATTEMPT 82 W0 START 4x2 seed=322192 2026-07-22T16:42:37.121
ATTEMPT 82 W0 SOLVE 4x2 2026-07-22T16:42:37.126
ATTEMPT 82 W0 DONE 4x2 seed=322192 nsol=16 0.02s 2026-07-22T16:42:37.143
ATTEMPT 83 W0 START 4x2 seed=322193 2026-07-22T16:42:37.143
ATTEMPT 83 W0 SOLVE 4x2 2026-07-22T16:42:37.156
ATTEMPT 83 W0 DONE 4x2 seed=322193 nsol=16 0.02s 2026-07-22T16:42:37.179
ATTEMPT 84 W0 START 4x2 seed=322194 2026-07-22T16:42:37.179
ATTEMPT 84 W0 SOLVE 4x2 2026-07-22T16:42:37.188
ATTEMPT 84 W0 DONE 4x2 seed=322194 nsol=16 0.02s 2026-07-22T16:42:37.213
ATTEMPT 85 W0 START 4x2 seed=322195 2026-07-22T16:42:37.214
ATTEMPT 85 W0 SOLVE 4x2 2026-07-22T16:42:37.230
ATTEMPT 85 W0 DONE 4x2 seed=322195 nsol=16 0.02s 2026-07-22T16:42:37.255
ATTEMPT 86 W0 START 4x2 seed=322196 2026-07-22T16:42:37.255
ATTEMPT 86 W0 SOLVE 4x2 2026-07-22T16:42:37.264
ATTEMPT 86 W0 DONE 4x2 seed=322196 nsol=16 0.02s 2026-07-22T16:42:37.295
ATTEMPT 87 W0 START 4x2 seed=322197 2026-07-22T16:42:37.295
ATTEMPT 87 W0 SOLVE 4x2 2026-07-22T16:42:37.308
ATTEMPT 87 W0 DONE 4x2 seed=322197 nsol=16 0.18s 2026-07-22T16:42:37.491
ATTEMPT 88 W0 START 4x2 seed=322198 2026-07-22T16:42:37.491
ATTEMPT 88 W0 SOLVE 4x2 2026-07-22T16:42:37.506
ATTEMPT 88 W0 DONE 4x2 seed=322198 nsol=16 0.02s 2026-07-22T16:42:37.535
ATTEMPT 89 W0 START 4x2 seed=322199 2026-07-22T16:42:37.535
ATTEMPT 89 W0 SOLVE 4x2 2026-07-22T16:42:37.544
ATTEMPT 89 W0 DONE 4x2 seed=322199 nsol=16 0.03s 2026-07-22T16:42:37.572
ATTEMPT 90 W0 START 4x2 seed=322200 2026-07-22T16:42:37.572
ATTEMPT 90 W0 SOLVE 4x2 2026-07-22T16:42:37.592
ATTEMPT 90 W0 DONE 4x2 seed=322200 nsol=16 0.02s 2026-07-22T16:42:37.619
ATTEMPT 91 W0 START 4x2 seed=322201 2026-07-22T16:42:37.619
ATTEMPT 91 W0 SOLVE 4x2 2026-07-22T16:42:37.628
ATTEMPT 91 W0 DONE 4x2 seed=322201 nsol=16 0.02s 2026-07-22T16:42:37.644
ATTEMPT 92 W0 START 4x2 seed=322202 2026-07-22T16:42:37.644
ATTEMPT 92 W0 SOLVE 4x2 2026-07-22T16:42:37.653
ATTEMPT 92 W0 DONE 4x2 seed=322202 nsol=16 0.02s 2026-07-22T16:42:37.683
ATTEMPT 93 W0 START 4x2 seed=322203 2026-07-22T16:42:37.683
ATTEMPT 93 W0 SOLVE 4x2 2026-07-22T16:42:37.692
ATTEMPT 93 W0 DONE 4x2 seed=322203 nsol=16 0.01s 2026-07-22T16:42:37.711
ATTEMPT 94 W0 START 4x2 seed=322204 2026-07-22T16:42:37.711
ATTEMPT 94 W0 SOLVE 4x2 2026-07-22T16:42:37.724
ATTEMPT 94 W0 DONE 4x2 seed=322204 nsol=16 0.01s 2026-07-22T16:42:37.739
ATTEMPT 95 W0 START 4x2 seed=322205 2026-07-22T16:42:37.739
ATTEMPT 95 W0 SOLVE 4x2 2026-07-22T16:42:37.750
ATTEMPT 95 W0 DONE 4x2 seed=322205 nsol=16 0.02s 2026-07-22T16:42:37.771
ATTEMPT 96 W0 START 4x2 seed=322206 2026-07-22T16:42:37.772
ATTEMPT 96 W0 SOLVE 4x2 2026-07-22T16:42:37.781
ATTEMPT 96 W0 DONE 4x2 seed=322206 nsol=16 0.01s 2026-07-22T16:42:37.795
ATTEMPT 97 W0 START 4x2 seed=322207 2026-07-22T16:42:37.795
ATTEMPT 97 W0 SOLVE 4x2 2026-07-22T16:42:37.805
ATTEMPT 97 W0 DONE 4x2 seed=322207 nsol=16 0.03s 2026-07-22T16:42:37.840
ATTEMPT 98 W0 START 4x2 seed=322208 2026-07-22T16:42:37.840
ATTEMPT 98 W0 SOLVE 4x2 2026-07-22T16:42:37.845
ATTEMPT 98 W0 DONE 4x2 seed=322208 nsol=16 0.01s 2026-07-22T16:42:37.864
ATTEMPT 99 W0 START 4x2 seed=322209 2026-07-22T16:42:37.866
ATTEMPT 99 W0 SOLVE 4x2 2026-07-22T16:42:37.879
ATTEMPT 99 W0 DONE 4x2 seed=322209 nsol=16 0.02s 2026-07-22T16:42:37.894
ATTEMPT 100 W0 START 4x2 seed=322210 2026-07-22T16:42:37.896
ATTEMPT 100 W0 SOLVE 4x2 2026-07-22T16:42:37.911
ATTEMPT 100 W0 DONE 4x2 seed=322210 nsol=16 0.01s 2026-07-22T16:42:37.923
ATTEMPT 101 W0 START 4x2 seed=322211 2026-07-22T16:42:37.923
ATTEMPT 101 W0 SOLVE 4x2 2026-07-22T16:42:37.936
ATTEMPT 101 W0 DONE 4x2 seed=322211 nsol=16 0.01s 2026-07-22T16:42:37.942
ATTEMPT 102 W0 START 4x2 seed=322212 2026-07-22T16:42:37.942
ATTEMPT 102 W0 SOLVE 4x2 2026-07-22T16:42:37.951
ATTEMPT 102 W0 DONE 4x2 seed=322212 nsol=16 0.02s 2026-07-22T16:42:37.967
ATTEMPT 103 W0 START 4x2 seed=322213 2026-07-22T16:42:37.967
ATTEMPT 103 W0 SOLVE 4x2 2026-07-22T16:42:37.977
ATTEMPT 103 W0 DONE 4x2 seed=322213 nsol=16 0.01s 2026-07-22T16:42:37.986
ATTEMPT 104 W0 START 4x2 seed=322214 2026-07-22T16:42:37.986
ATTEMPT 104 W0 SOLVE 4x2 2026-07-22T16:42:37.996
ATTEMPT 104 W0 DONE 4x2 seed=322214 nsol=16 0.02s 2026-07-22T16:42:38.011
ATTEMPT 105 W0 START 4x2 seed=322215 2026-07-22T16:42:38.011
ATTEMPT 105 W0 SOLVE 4x2 2026-07-22T16:42:38.024
ATTEMPT 105 W0 DONE 4x2 seed=322215 nsol=16 0.02s 2026-07-22T16:42:38.047
ATTEMPT 106 W0 START 4x2 seed=322216 2026-07-22T16:42:38.047
ATTEMPT 106 W0 SOLVE 4x2 2026-07-22T16:42:38.056
ATTEMPT 106 W0 DONE 4x2 seed=322216 nsol=16 0.02s 2026-07-22T16:42:38.075
ATTEMPT 107 W0 START 4x2 seed=322217 2026-07-22T16:42:38.075
ATTEMPT 107 W0 SOLVE 4x2 2026-07-22T16:42:38.085
ATTEMPT 107 W0 DONE 4x2 seed=322217 nsol=16 0.01s 2026-07-22T16:42:38.107
ATTEMPT 108 W0 START 4x2 seed=322218 2026-07-22T16:42:38.108
ATTEMPT 108 W0 SOLVE 4x2 2026-07-22T16:42:38.121
ATTEMPT 108 W0 DONE 4x2 seed=322218 nsol=16 0.02s 2026-07-22T16:42:38.143
ATTEMPT 109 W0 START 4x2 seed=322219 2026-07-22T16:42:38.143
ATTEMPT 109 W0 SOLVE 4x2 2026-07-22T16:42:38.153
ATTEMPT 109 W0 DONE 4x2 seed=322219 nsol=16 0.02s 2026-07-22T16:42:38.175
ATTEMPT 110 W0 START 4x2 seed=322220 2026-07-22T16:42:38.175
ATTEMPT 110 W0 SOLVE 4x2 2026-07-22T16:42:38.180
ATTEMPT 110 W0 DONE 4x2 seed=322220 nsol=16 0.01s 2026-07-22T16:42:38.198
ATTEMPT 111 W0 START 4x2 seed=322221 2026-07-22T16:42:38.198
ATTEMPT 111 W0 SOLVE 4x2 2026-07-22T16:42:38.211
ATTEMPT 111 W0 DONE 4x2 seed=322221 nsol=16 0.03s 2026-07-22T16:42:38.239
ATTEMPT 112 W0 START 4x2 seed=322222 2026-07-22T16:42:38.239
ATTEMPT 112 W0 SOLVE 4x2 2026-07-22T16:42:38.249
ATTEMPT 112 W0 DONE 4x2 seed=322222 nsol=16 0.02s 2026-07-22T16:42:38.271
ATTEMPT 113 W0 START 4x2 seed=322223 2026-07-22T16:42:38.271
ATTEMPT 113 W0 SOLVE 4x2 2026-07-22T16:42:38.285
ATTEMPT 113 W0 DONE 4x2 seed=322223 nsol=16 0.02s 2026-07-22T16:42:38.307
ATTEMPT 114 W0 START 4x2 seed=322224 2026-07-22T16:42:38.307
ATTEMPT 114 W0 SOLVE 4x2 2026-07-22T16:42:38.318
ATTEMPT 114 W0 DONE 4x2 seed=322224 nsol=16 0.01s 2026-07-22T16:42:38.335
ATTEMPT 115 W0 START 4x2 seed=322225 2026-07-22T16:42:38.336
ATTEMPT 115 W0 SOLVE 4x2 2026-07-22T16:42:38.342
ATTEMPT 115 W0 DONE 4x2 seed=322225 nsol=16 0.02s 2026-07-22T16:42:38.363
ATTEMPT 116 W0 START 4x2 seed=322226 2026-07-22T16:42:38.363
ATTEMPT 116 W0 SOLVE 4x2 2026-07-22T16:42:38.370
ATTEMPT 116 W0 DONE 4x2 seed=322226 nsol=16 0.02s 2026-07-22T16:42:38.399
ATTEMPT 117 W0 START 4x2 seed=322227 2026-07-22T16:42:38.403
ATTEMPT 117 W0 SOLVE 4x2 2026-07-22T16:42:38.413
ATTEMPT 117 W0 DONE 4x2 seed=322227 nsol=16 0.01s 2026-07-22T16:42:38.427
ATTEMPT 118 W0 START 4x2 seed=322228 2026-07-22T16:42:38.427
ATTEMPT 118 W0 SOLVE 4x2 2026-07-22T16:42:38.433
ATTEMPT 118 W0 DONE 4x2 seed=322228 nsol=16 0.02s 2026-07-22T16:42:38.455
ATTEMPT 119 W0 START 4x2 seed=322229 2026-07-22T16:42:38.455
ATTEMPT 119 W0 SOLVE 4x2 2026-07-22T16:42:38.470
ATTEMPT 119 W0 DONE 4x2 seed=322229 nsol=16 0.01s 2026-07-22T16:42:38.481
ATTEMPT 120 W0 START 4x2 seed=322230 2026-07-22T16:42:38.481
ATTEMPT 120 W0 SOLVE 4x2 2026-07-22T16:42:38.496
ATTEMPT 120 W0 DONE 4x2 seed=322230 nsol=16 0.03s 2026-07-22T16:42:38.523
ATTEMPT 121 W0 START 4x2 seed=322231 2026-07-22T16:42:38.523
ATTEMPT 121 W0 SOLVE 4x2 2026-07-22T16:42:38.534
ATTEMPT 121 W0 DONE 4x2 seed=322231 nsol=16 0.03s 2026-07-22T16:42:38.563
ATTEMPT 122 W0 START 4x2 seed=322232 2026-07-22T16:42:38.563
ATTEMPT 122 W0 SOLVE 4x2 2026-07-22T16:42:38.585
ATTEMPT 122 W0 DONE 4x2 seed=322232 nsol=16 0.02s 2026-07-22T16:42:38.607
ATTEMPT 123 W0 START 4x2 seed=322233 2026-07-22T16:42:38.607
ATTEMPT 123 W0 SOLVE 4x2 2026-07-22T16:42:38.625
ATTEMPT 123 W0 DONE 4x2 seed=322233 nsol=16 0.03s 2026-07-22T16:42:38.651
ATTEMPT 124 W0 START 4x2 seed=322234 2026-07-22T16:42:38.651
ATTEMPT 124 W0 SOLVE 4x2 2026-07-22T16:42:38.671
ATTEMPT 124 W0 DONE 4x2 seed=322234 nsol=16 0.02s 2026-07-22T16:42:38.691
ATTEMPT 125 W0 START 4x2 seed=322235 2026-07-22T16:42:38.691
ATTEMPT 125 W0 SOLVE 4x2 2026-07-22T16:42:38.705
ATTEMPT 125 W0 DONE 4x2 seed=322235 nsol=16 0.03s 2026-07-22T16:42:38.739
ATTEMPT 126 W0 START 4x2 seed=322236 2026-07-22T16:42:38.739
ATTEMPT 126 W0 SOLVE 4x2 2026-07-22T16:42:38.759
ATTEMPT 126 W0 DONE 4x2 seed=322236 nsol=16 0.02s 2026-07-22T16:42:38.783
ATTEMPT 127 W0 START 4x2 seed=322237 2026-07-22T16:42:38.783
ATTEMPT 127 W0 SOLVE 4x2 2026-07-22T16:42:38.804
ATTEMPT 127 W0 DONE 4x2 seed=322237 nsol=16 0.02s 2026-07-22T16:42:38.827
ATTEMPT 128 W0 START 4x2 seed=322238 2026-07-22T16:42:38.827
ATTEMPT 128 W0 SOLVE 4x2 2026-07-22T16:42:38.837
ATTEMPT 128 W0 DONE 4x2 seed=322238 nsol=16 0.03s 2026-07-22T16:42:38.863
ATTEMPT 129 W0 START 4x2 seed=322239 2026-07-22T16:42:38.863
ATTEMPT 129 W0 SOLVE 4x2 2026-07-22T16:42:38.875
ATTEMPT 129 W0 DONE 4x2 seed=322239 nsol=16 0.02s 2026-07-22T16:42:38.895
ATTEMPT 130 W0 START 4x2 seed=322240 2026-07-22T16:42:38.895
ATTEMPT 130 W0 SOLVE 4x2 2026-07-22T16:42:38.905
ATTEMPT 130 W0 DONE 4x2 seed=322240 nsol=16 0.02s 2026-07-22T16:42:38.931
ATTEMPT 131 W0 START 4x2 seed=322241 2026-07-22T16:42:38.931
ATTEMPT 131 W0 SOLVE 4x2 2026-07-22T16:42:38.951
ATTEMPT 131 W0 DONE 4x2 seed=322241 nsol=16 0.02s 2026-07-22T16:42:38.972
ATTEMPT 132 W0 START 4x2 seed=322242 2026-07-22T16:42:38.972
ATTEMPT 132 W0 SOLVE 4x2 2026-07-22T16:42:38.978
ATTEMPT 132 W0 DONE 4x2 seed=322242 nsol=16 0.01s 2026-07-22T16:42:39.001
ATTEMPT 133 W0 START 4x2 seed=322243 2026-07-22T16:42:39.001
ATTEMPT 133 W0 SOLVE 4x2 2026-07-22T16:42:39.007
ATTEMPT 133 W0 DONE 4x2 seed=322243 nsol=16 0.03s 2026-07-22T16:42:39.039
ATTEMPT 134 W0 START 4x2 seed=322244 2026-07-22T16:42:39.039
ATTEMPT 134 W0 SOLVE 4x2 2026-07-22T16:42:39.050
ATTEMPT 134 W0 DONE 4x2 seed=322244 nsol=16 0.01s 2026-07-22T16:42:39.070
ATTEMPT 135 W0 START 4x2 seed=322245 2026-07-22T16:42:39.070
ATTEMPT 135 W0 SOLVE 4x2 2026-07-22T16:42:39.085
ATTEMPT 135 W0 DONE 4x2 seed=322245 nsol=16 0.03s 2026-07-22T16:42:39.119
ATTEMPT 136 W0 START 4x2 seed=322246 2026-07-22T16:42:39.119
ATTEMPT 136 W0 SOLVE 4x2 2026-07-22T16:42:39.135
ATTEMPT 136 W0 DONE 4x2 seed=322246 nsol=16 0.02s 2026-07-22T16:42:39.159
ATTEMPT 137 W0 START 4x2 seed=322247 2026-07-22T16:42:39.159
ATTEMPT 137 W0 SOLVE 4x2 2026-07-22T16:42:39.173
ATTEMPT 137 W0 DONE 4x2 seed=322247 nsol=16 0.03s 2026-07-22T16:42:39.198
ATTEMPT 138 W0 START 4x2 seed=322248 2026-07-22T16:42:39.199
ATTEMPT 138 W0 SOLVE 4x2 2026-07-22T16:42:39.210
ATTEMPT 138 W0 DONE 4x2 seed=322248 nsol=16 0.01s 2026-07-22T16:42:39.226
ATTEMPT 139 W0 START 4x2 seed=322249 2026-07-22T16:42:39.226
ATTEMPT 139 W0 SOLVE 4x2 2026-07-22T16:42:39.237
ATTEMPT 139 W0 DONE 4x2 seed=322249 nsol=16 0.01s 2026-07-22T16:42:39.251
ATTEMPT 140 W0 START 4x2 seed=322250 2026-07-22T16:42:39.251
ATTEMPT 140 W0 SOLVE 4x2 2026-07-22T16:42:39.261
ATTEMPT 140 W0 DONE 4x2 seed=322250 nsol=16 0.02s 2026-07-22T16:42:39.277
ATTEMPT 141 W0 START 4x2 seed=322251 2026-07-22T16:42:39.277
ATTEMPT 141 W0 SOLVE 4x2 2026-07-22T16:42:39.295
ATTEMPT 141 W0 DONE 4x2 seed=322251 nsol=16 0.02s 2026-07-22T16:42:39.314
ATTEMPT 142 W0 START 4x2 seed=322252 2026-07-22T16:42:39.314
ATTEMPT 142 W0 SOLVE 4x2 2026-07-22T16:42:39.332
ATTEMPT 142 W0 DONE 4x2 seed=322252 nsol=16 0.02s 2026-07-22T16:42:39.351
ATTEMPT 143 W0 START 4x2 seed=322253 2026-07-22T16:42:39.351
ATTEMPT 143 W0 SOLVE 4x2 2026-07-22T16:42:39.361
ATTEMPT 143 W0 DONE 4x2 seed=322253 nsol=16 0.02s 2026-07-22T16:42:39.383
ATTEMPT 144 W0 START 4x2 seed=322254 2026-07-22T16:42:39.384
ATTEMPT 144 W0 SOLVE 4x2 2026-07-22T16:42:39.395
ATTEMPT 144 W0 DONE 4x2 seed=322254 nsol=16 0.02s 2026-07-22T16:42:39.419
ATTEMPT 145 W0 START 4x2 seed=322255 2026-07-22T16:42:39.419
ATTEMPT 145 W0 SOLVE 4x2 2026-07-22T16:42:39.426
ATTEMPT 145 W0 DONE 4x2 seed=322255 nsol=16 0.02s 2026-07-22T16:42:39.455
ATTEMPT 146 W0 START 4x2 seed=322256 2026-07-22T16:42:39.455
ATTEMPT 146 W0 SOLVE 4x2 2026-07-22T16:42:39.468
ATTEMPT 146 W0 DONE 4x2 seed=322256 nsol=16 0.02s 2026-07-22T16:42:39.491
ATTEMPT 147 W0 START 4x2 seed=322257 2026-07-22T16:42:39.491
ATTEMPT 147 W0 SOLVE 4x2 2026-07-22T16:42:39.501
ATTEMPT 147 W0 DONE 4x2 seed=322257 nsol=16 0.02s 2026-07-22T16:42:39.531
ATTEMPT 148 W0 START 4x2 seed=322258 2026-07-22T16:42:39.531
ATTEMPT 148 W0 SOLVE 4x2 2026-07-22T16:42:39.542
ATTEMPT 148 W0 DONE 4x2 seed=322258 nsol=16 0.02s 2026-07-22T16:42:39.563
ATTEMPT 149 W0 START 4x2 seed=322259 2026-07-22T16:42:39.563
ATTEMPT 149 W0 SOLVE 4x2 2026-07-22T16:42:39.575
ATTEMPT 149 W0 DONE 4x2 seed=322259 nsol=16 0.02s 2026-07-22T16:42:39.603
ATTEMPT 150 W0 START 4x2 seed=322260 2026-07-22T16:42:39.603
ATTEMPT 150 W0 SOLVE 4x2 2026-07-22T16:42:39.620
ATTEMPT 150 W0 DONE 4x2 seed=322260 nsol=16 0.04s 2026-07-22T16:42:39.655
ATTEMPT 151 W0 START 4x2 seed=322261 2026-07-22T16:42:39.655
ATTEMPT 151 W0 SOLVE 4x2 2026-07-22T16:42:39.662
ATTEMPT 151 W0 DONE 4x2 seed=322261 nsol=16 0.02s 2026-07-22T16:42:39.687
ATTEMPT 152 W0 START 4x2 seed=322262 2026-07-22T16:42:39.687
ATTEMPT 152 W0 SOLVE 4x2 2026-07-22T16:42:39.703
ATTEMPT 152 W0 DONE 4x2 seed=322262 nsol=16 0.01s 2026-07-22T16:42:39.715
ATTEMPT 153 W0 START 4x2 seed=322263 2026-07-22T16:42:39.715
ATTEMPT 153 W0 SOLVE 4x2 2026-07-22T16:42:39.731
ATTEMPT 153 W0 DONE 4x2 seed=322263 nsol=16 0.01s 2026-07-22T16:42:39.741
ATTEMPT 154 W0 START 4x2 seed=322264 2026-07-22T16:42:39.742
ATTEMPT 154 W0 SOLVE 4x2 2026-07-22T16:42:39.752
ATTEMPT 154 W0 DONE 4x2 seed=322264 nsol=16 0.25s 2026-07-22T16:42:40.007
ATTEMPT 155 W0 START 4x2 seed=322265 2026-07-22T16:42:40.064
ATTEMPT 155 W0 SOLVE 4x2 2026-07-22T16:42:40.089
ATTEMPT 155 W0 DONE 4x2 seed=322265 nsol=16 0.03s 2026-07-22T16:42:40.123
ATTEMPT 156 W0 START 4x2 seed=322266 2026-07-22T16:42:40.123
ATTEMPT 156 W0 SOLVE 4x2 2026-07-22T16:42:40.136
ATTEMPT 156 W0 DONE 4x2 seed=322266 nsol=16 0.02s 2026-07-22T16:42:40.160
ATTEMPT 157 W0 START 4x2 seed=322267 2026-07-22T16:42:40.160
ATTEMPT 157 W0 SOLVE 4x2 2026-07-22T16:42:40.174
ATTEMPT 157 W0 DONE 4x2 seed=322267 nsol=16 0.03s 2026-07-22T16:42:40.199
ATTEMPT 158 W0 START 4x2 seed=322268 2026-07-22T16:42:40.199
ATTEMPT 158 W0 SOLVE 4x2 2026-07-22T16:42:40.214
ATTEMPT 158 W0 DONE 4x2 seed=322268 nsol=16 0.01s 2026-07-22T16:42:40.231
ATTEMPT 159 W0 START 4x2 seed=322269 2026-07-22T16:42:40.231
ATTEMPT 159 W0 SOLVE 4x2 2026-07-22T16:42:40.246
ATTEMPT 159 W0 DONE 4x2 seed=322269 nsol=16 0.02s 2026-07-22T16:42:40.271
ATTEMPT 160 W0 START 4x2 seed=322270 2026-07-22T16:42:40.271
ATTEMPT 160 W0 SOLVE 4x2 2026-07-22T16:42:40.285
ATTEMPT 160 W0 DONE 4x2 seed=322270 nsol=16 0.03s 2026-07-22T16:42:40.323
ATTEMPT 161 W0 START 4x2 seed=322271 2026-07-22T16:42:40.323
ATTEMPT 161 W0 SOLVE 4x2 2026-07-22T16:42:40.337
ATTEMPT 161 W0 DONE 4x2 seed=322271 nsol=16 0.02s 2026-07-22T16:42:40.355
ATTEMPT 162 W0 START 4x2 seed=322272 2026-07-22T16:42:40.355
ATTEMPT 162 W0 SOLVE 4x2 2026-07-22T16:42:40.373
ATTEMPT 162 W0 DONE 4x2 seed=322272 nsol=16 0.01s 2026-07-22T16:42:40.387
ATTEMPT 163 W0 START 4x2 seed=322273 2026-07-22T16:42:40.387
ATTEMPT 163 W0 SOLVE 4x2 2026-07-22T16:42:40.401
ATTEMPT 163 W0 DONE 4x2 seed=322273 nsol=16 0.04s 2026-07-22T16:42:40.439
ATTEMPT 164 W0 START 4x2 seed=322274 2026-07-22T16:42:40.439
ATTEMPT 164 W0 SOLVE 4x2 2026-07-22T16:42:40.453
ATTEMPT 164 W0 DONE 4x2 seed=322274 nsol=16 0.02s 2026-07-22T16:42:40.476
ATTEMPT 165 W0 START 4x2 seed=322275 2026-07-22T16:42:40.476
ATTEMPT 165 W0 SOLVE 4x2 2026-07-22T16:42:40.492
ATTEMPT 165 W0 DONE 4x2 seed=322275 nsol=16 0.03s 2026-07-22T16:42:40.519
ATTEMPT 166 W0 START 4x2 seed=322276 2026-07-22T16:42:40.519
ATTEMPT 166 W0 SOLVE 4x2 2026-07-22T16:42:40.535
ATTEMPT 166 W0 DONE 4x2 seed=322276 nsol=16 0.02s 2026-07-22T16:42:40.559
ATTEMPT 167 W0 START 4x2 seed=322277 2026-07-22T16:42:40.559
ATTEMPT 167 W0 SOLVE 4x2 2026-07-22T16:42:40.565
ATTEMPT 167 W0 DONE 4x2 seed=322277 nsol=16 0.02s 2026-07-22T16:42:40.583
ATTEMPT 168 W0 START 4x2 seed=322278 2026-07-22T16:42:40.583
ATTEMPT 168 W0 SOLVE 4x2 2026-07-22T16:42:40.590
ATTEMPT 168 W0 DONE 4x2 seed=322278 nsol=16 0.03s 2026-07-22T16:42:40.623
ATTEMPT 169 W0 START 4x2 seed=322279 2026-07-22T16:42:40.625
ATTEMPT 169 W0 SOLVE 4x2 2026-07-22T16:42:40.640
ATTEMPT 169 W0 DONE 4x2 seed=322279 nsol=16 0.02s 2026-07-22T16:42:40.659
ATTEMPT 170 W0 START 4x2 seed=322280 2026-07-22T16:42:40.659
ATTEMPT 170 W0 SOLVE 4x2 2026-07-22T16:42:40.665
ATTEMPT 170 W0 DONE 4x2 seed=322280 nsol=16 0.01s 2026-07-22T16:42:40.679
ATTEMPT 171 W0 START 4x2 seed=322281 2026-07-22T16:42:40.679
ATTEMPT 171 W0 SOLVE 4x2 2026-07-22T16:42:40.699
ATTEMPT 171 W0 DONE 4x2 seed=322281 nsol=16 0.01s 2026-07-22T16:42:40.711
ATTEMPT 172 W0 START 4x2 seed=322282 2026-07-22T16:42:40.711
ATTEMPT 172 W0 SOLVE 4x2 2026-07-22T16:42:40.725
ATTEMPT 172 W0 DONE 4x2 seed=322282 nsol=16 0.01s 2026-07-22T16:42:40.738
ATTEMPT 173 W0 START 4x2 seed=322283 2026-07-22T16:42:40.739
ATTEMPT 173 W0 SOLVE 4x2 2026-07-22T16:42:40.754
ATTEMPT 173 W0 DONE 4x2 seed=322283 nsol=16 0.02s 2026-07-22T16:42:40.779
ATTEMPT 174 W0 START 4x2 seed=322284 2026-07-22T16:42:40.779
ATTEMPT 174 W0 SOLVE 4x2 2026-07-22T16:42:40.785
ATTEMPT 174 W0 DONE 4x2 seed=322284 nsol=16 0.01s 2026-07-22T16:42:40.798
ATTEMPT 175 W0 START 4x2 seed=322285 2026-07-22T16:42:40.798
ATTEMPT 175 W0 SOLVE 4x2 2026-07-22T16:42:40.807
ATTEMPT 175 W0 DONE 4x2 seed=322285 nsol=16 0.02s 2026-07-22T16:42:40.823
ATTEMPT 176 W0 START 4x2 seed=322286 2026-07-22T16:42:40.823
ATTEMPT 176 W0 SOLVE 4x2 2026-07-22T16:42:40.828
ATTEMPT 176 W0 DONE 4x2 seed=322286 nsol=16 0.02s 2026-07-22T16:42:40.848
ATTEMPT 177 W0 START 4x2 seed=322287 2026-07-22T16:42:40.849
ATTEMPT 177 W0 SOLVE 4x2 2026-07-22T16:42:40.854
ATTEMPT 177 W0 DONE 4x2 seed=322287 nsol=16 0.01s 2026-07-22T16:42:40.870
ATTEMPT 178 W0 START 4x2 seed=322288 2026-07-22T16:42:40.870
ATTEMPT 178 W0 SOLVE 4x2 2026-07-22T16:42:40.885
ATTEMPT 178 W0 DONE 4x2 seed=322288 nsol=16 0.03s 2026-07-22T16:42:40.911
ATTEMPT 179 W0 START 4x2 seed=322289 2026-07-22T16:42:40.911
ATTEMPT 179 W0 SOLVE 4x2 2026-07-22T16:42:40.925
ATTEMPT 179 W0 DONE 4x2 seed=322289 nsol=16 0.02s 2026-07-22T16:42:40.947
ATTEMPT 180 W0 START 4x2 seed=322290 2026-07-22T16:42:40.947
ATTEMPT 180 W0 SOLVE 4x2 2026-07-22T16:42:40.956
ATTEMPT 180 W0 DONE 4x2 seed=322290 nsol=16 0.01s 2026-07-22T16:42:40.967
ATTEMPT 181 W0 START 4x2 seed=322291 2026-07-22T16:42:40.967
ATTEMPT 181 W0 SOLVE 4x2 2026-07-22T16:42:40.976
ATTEMPT 181 W0 DONE 4x2 seed=322291 nsol=16 0.01s 2026-07-22T16:42:40.987
ATTEMPT 182 W0 START 4x2 seed=322292 2026-07-22T16:42:40.987
ATTEMPT 182 W0 SOLVE 4x2 2026-07-22T16:42:40.997
ATTEMPT 182 W0 DONE 4x2 seed=322292 nsol=16 0.02s 2026-07-22T16:42:41.019
ATTEMPT 183 W0 START 4x2 seed=322293 2026-07-22T16:42:41.019
ATTEMPT 183 W0 SOLVE 4x2 2026-07-22T16:42:41.032
ATTEMPT 183 W0 DONE 4x2 seed=322293 nsol=16 0.01s 2026-07-22T16:42:41.043
ATTEMPT 184 W0 START 4x2 seed=322294 2026-07-22T16:42:41.043
ATTEMPT 184 W0 SOLVE 4x2 2026-07-22T16:42:41.052
ATTEMPT 184 W0 DONE 4x2 seed=322294 nsol=16 0.02s 2026-07-22T16:42:41.070
ATTEMPT 185 W0 START 4x2 seed=322295 2026-07-22T16:42:41.070
ATTEMPT 185 W0 SOLVE 4x2 2026-07-22T16:42:41.083
ATTEMPT 185 W0 DONE 4x2 seed=322295 nsol=16 0.01s 2026-07-22T16:42:41.097
ATTEMPT 186 W0 START 4x2 seed=322296 2026-07-22T16:42:41.097
ATTEMPT 186 W0 SOLVE 4x2 2026-07-22T16:42:41.103
ATTEMPT 186 W0 DONE 4x2 seed=322296 nsol=16 0.02s 2026-07-22T16:42:41.126
ATTEMPT 187 W0 START 4x2 seed=322297 2026-07-22T16:42:41.126
ATTEMPT 187 W0 SOLVE 4x2 2026-07-22T16:42:41.133
ATTEMPT 187 W0 DONE 4x2 seed=322297 nsol=16 0.02s 2026-07-22T16:42:41.155
ATTEMPT 188 W0 START 4x2 seed=322298 2026-07-22T16:42:41.155
ATTEMPT 188 W0 SOLVE 4x2 2026-07-22T16:42:41.162
ATTEMPT 188 W0 DONE 4x2 seed=322298 nsol=16 0.02s 2026-07-22T16:42:41.179
ATTEMPT 189 W0 START 4x2 seed=322299 2026-07-22T16:42:41.179
ATTEMPT 189 W0 SOLVE 4x2 2026-07-22T16:42:41.186
ATTEMPT 189 W0 DONE 4x2 seed=322299 nsol=16 0.02s 2026-07-22T16:42:41.203
ATTEMPT 190 W0 START 4x2 seed=322300 2026-07-22T16:42:41.203
ATTEMPT 190 W0 SOLVE 4x2 2026-07-22T16:42:41.210
ATTEMPT 190 W0 DONE 4x2 seed=322300 nsol=16 0.01s 2026-07-22T16:42:41.230
ATTEMPT 191 W0 START 4x2 seed=322301 2026-07-22T16:42:41.230
ATTEMPT 191 W0 SOLVE 4x2 2026-07-22T16:42:41.239
ATTEMPT 191 W0 DONE 4x2 seed=322301 nsol=16 0.01s 2026-07-22T16:42:41.250
ATTEMPT 192 W0 START 4x2 seed=322302 2026-07-22T16:42:41.250
ATTEMPT 192 W0 SOLVE 4x2 2026-07-22T16:42:41.256
ATTEMPT 192 W0 DONE 4x2 seed=322302 nsol=16 0.02s 2026-07-22T16:42:41.277
ATTEMPT 193 W0 START 4x2 seed=322303 2026-07-22T16:42:41.278
ATTEMPT 193 W0 SOLVE 4x2 2026-07-22T16:42:41.283
ATTEMPT 193 W0 DONE 4x2 seed=322303 nsol=16 0.01s 2026-07-22T16:42:41.289
ATTEMPT 194 W0 START 4x2 seed=322304 2026-07-22T16:42:41.289
ATTEMPT 194 W0 SOLVE 4x2 2026-07-22T16:42:41.294
ATTEMPT 194 W0 DONE 4x2 seed=322304 nsol=16 0.03s 2026-07-22T16:42:41.320
ATTEMPT 195 W0 START 4x2 seed=322305 2026-07-22T16:42:41.320
ATTEMPT 195 W0 SOLVE 4x2 2026-07-22T16:42:41.327
ATTEMPT 195 W0 DONE 4x2 seed=322305 nsol=16 0.01s 2026-07-22T16:42:41.335
ATTEMPT 196 W0 START 4x2 seed=322306 2026-07-22T16:42:41.335
ATTEMPT 196 W0 SOLVE 4x2 2026-07-22T16:42:41.341
ATTEMPT 196 W0 DONE 4x2 seed=322306 nsol=16 0.01s 2026-07-22T16:42:41.355
ATTEMPT 197 W0 START 4x2 seed=322307 2026-07-22T16:42:41.355
ATTEMPT 197 W0 SOLVE 4x2 2026-07-22T16:42:41.360
ATTEMPT 197 W0 DONE 4x2 seed=322307 nsol=16 0.01s 2026-07-22T16:42:41.367
ATTEMPT 198 W0 START 4x2 seed=322308 2026-07-22T16:42:41.368
ATTEMPT 198 W0 SOLVE 4x2 2026-07-22T16:42:41.373
ATTEMPT 198 W0 DONE 4x2 seed=322308 nsol=16 0.01s 2026-07-22T16:42:41.385
ATTEMPT 199 W0 START 4x2 seed=322309 2026-07-22T16:42:41.385
ATTEMPT 199 W0 SOLVE 4x2 2026-07-22T16:42:41.391
ATTEMPT 199 W0 DONE 4x2 seed=322309 nsol=16 0.01s 2026-07-22T16:42:41.400
ATTEMPT 200 W0 START 4x2 seed=322310 2026-07-22T16:42:41.400
ATTEMPT 200 W0 SOLVE 4x2 2026-07-22T16:42:41.405
ATTEMPT 200 W0 DONE 4x2 seed=322310 nsol=16 0.02s 2026-07-22T16:42:41.424
ATTEMPT 201 W0 START 4x2 seed=322311 2026-07-22T16:42:41.424
ATTEMPT 201 W0 SOLVE 4x2 2026-07-22T16:42:41.431
ATTEMPT 201 W0 DONE 4x2 seed=322311 nsol=16 0.02s 2026-07-22T16:42:41.447
ATTEMPT 202 W0 START 4x2 seed=322312 2026-07-22T16:42:41.447
ATTEMPT 202 W0 SOLVE 4x2 2026-07-22T16:42:41.453
ATTEMPT 202 W0 DONE 4x2 seed=322312 nsol=16 0.01s 2026-07-22T16:42:41.467
ATTEMPT 203 W0 START 4x2 seed=322313 2026-07-22T16:42:41.467
ATTEMPT 203 W0 SOLVE 4x2 2026-07-22T16:42:41.472
ATTEMPT 203 W0 DONE 4x2 seed=322313 nsol=16 0.02s 2026-07-22T16:42:41.491
ATTEMPT 204 W0 START 4x2 seed=322314 2026-07-22T16:42:41.492
ATTEMPT 204 W0 SOLVE 4x2 2026-07-22T16:42:41.499
ATTEMPT 204 W0 DONE 4x2 seed=322314 nsol=16 0.28s 2026-07-22T16:42:41.775
ATTEMPT 205 W0 START 4x2 seed=322315 2026-07-22T16:42:41.775
ATTEMPT 205 W0 SOLVE 4x2 2026-07-22T16:42:41.782
ATTEMPT 205 W0 DONE 4x2 seed=322315 nsol=16 0.02s 2026-07-22T16:42:41.800
ATTEMPT 206 W0 START 4x2 seed=322316 2026-07-22T16:42:41.801
ATTEMPT 206 W0 SOLVE 4x2 2026-07-22T16:42:41.807
ATTEMPT 206 W0 DONE 4x2 seed=322316 nsol=16 0.01s 2026-07-22T16:42:41.813
ATTEMPT 207 W0 START 4x2 seed=322317 2026-07-22T16:42:41.813
ATTEMPT 207 W0 SOLVE 4x2 2026-07-22T16:42:41.827
ATTEMPT 207 W0 DONE 4x2 seed=322317 nsol=16 0.01s 2026-07-22T16:42:41.835
ATTEMPT 208 W0 START 4x2 seed=322318 2026-07-22T16:42:41.836
ATTEMPT 208 W0 SOLVE 4x2 2026-07-22T16:42:41.845
ATTEMPT 208 W0 DONE 4x2 seed=322318 nsol=16 0.02s 2026-07-22T16:42:41.867
ATTEMPT 209 W0 START 4x2 seed=322319 2026-07-22T16:42:41.867
ATTEMPT 209 W0 SOLVE 4x2 2026-07-22T16:42:41.880
ATTEMPT 209 W0 DONE 4x2 seed=322319 nsol=16 0.02s 2026-07-22T16:42:41.896
ATTEMPT 210 W0 START 4x2 seed=322320 2026-07-22T16:42:41.896
ATTEMPT 210 W0 SOLVE 4x2 2026-07-22T16:42:41.902
ATTEMPT 210 W0 DONE 4x2 seed=322320 nsol=16 0.01s 2026-07-22T16:42:41.922
ATTEMPT 211 W0 START 4x2 seed=322321 2026-07-22T16:42:41.922
ATTEMPT 211 W0 SOLVE 4x2 2026-07-22T16:42:41.932
ATTEMPT 211 W0 DONE 4x2 seed=322321 nsol=16 0.01s 2026-07-22T16:42:41.946
ATTEMPT 212 W0 START 4x2 seed=322322 2026-07-22T16:42:41.947
ATTEMPT 212 W0 SOLVE 4x2 2026-07-22T16:42:41.958
ATTEMPT 212 W0 DONE 4x2 seed=322322 nsol=16 0.02s 2026-07-22T16:42:41.982
ATTEMPT 213 W0 START 4x2 seed=322323 2026-07-22T16:42:41.983
ATTEMPT 213 W0 SOLVE 4x2 2026-07-22T16:42:41.993
ATTEMPT 213 W0 DONE 4x2 seed=322323 nsol=16 0.02s 2026-07-22T16:42:42.015
ATTEMPT 214 W0 START 4x2 seed=322324 2026-07-22T16:42:42.016
ATTEMPT 214 W0 SOLVE 4x2 2026-07-22T16:42:42.027
ATTEMPT 214 W0 DONE 4x2 seed=322324 nsol=16 0.02s 2026-07-22T16:42:42.047
ATTEMPT 215 W0 START 4x2 seed=322325 2026-07-22T16:42:42.047
ATTEMPT 215 W0 SOLVE 4x2 2026-07-22T16:42:42.053
ATTEMPT 215 W0 DONE 4x2 seed=322325 nsol=16 0.02s 2026-07-22T16:42:42.075
ATTEMPT 216 W0 START 4x2 seed=322326 2026-07-22T16:42:42.075
ATTEMPT 216 W0 SOLVE 4x2 2026-07-22T16:42:42.082
ATTEMPT 216 W0 DONE 4x2 seed=322326 nsol=16 0.01s 2026-07-22T16:42:42.091
ATTEMPT 217 W0 START 4x2 seed=322327 2026-07-22T16:42:42.091
ATTEMPT 217 W0 SOLVE 4x2 2026-07-22T16:42:42.097
ATTEMPT 217 W0 DONE 4x2 seed=322327 nsol=16 0.02s 2026-07-22T16:42:42.119
ATTEMPT 218 W0 START 4x2 seed=322328 2026-07-22T16:42:42.119
ATTEMPT 218 W0 SOLVE 4x2 2026-07-22T16:42:42.124
ATTEMPT 218 W0 DONE 4x2 seed=322328 nsol=16 0.01s 2026-07-22T16:42:42.134
ATTEMPT 219 W0 START 4x2 seed=322329 2026-07-22T16:42:42.135
ATTEMPT 219 W0 SOLVE 4x2 2026-07-22T16:42:42.140
ATTEMPT 219 W0 DONE 4x2 seed=322329 nsol=16 0.01s 2026-07-22T16:42:42.155
ATTEMPT 220 W0 START 4x2 seed=322330 2026-07-22T16:42:42.155
ATTEMPT 220 W0 SOLVE 4x2 2026-07-22T16:42:42.161
ATTEMPT 220 W0 DONE 4x2 seed=322330 nsol=16 0.01s 2026-07-22T16:42:42.169
ATTEMPT 221 W0 START 4x2 seed=322331 2026-07-22T16:42:42.170
ATTEMPT 221 W0 SOLVE 4x2 2026-07-22T16:42:42.176
ATTEMPT 221 W0 DONE 4x2 seed=322331 nsol=16 0.02s 2026-07-22T16:42:42.196
ATTEMPT 222 W0 START 4x2 seed=322332 2026-07-22T16:42:42.196
ATTEMPT 222 W0 SOLVE 4x2 2026-07-22T16:42:42.203
ATTEMPT 222 W0 DONE 4x2 seed=322332 nsol=16 0.02s 2026-07-22T16:42:42.223
ATTEMPT 223 W0 START 4x2 seed=322333 2026-07-22T16:42:42.223
ATTEMPT 223 W0 SOLVE 4x2 2026-07-22T16:42:42.230
ATTEMPT 223 W0 DONE 4x2 seed=322333 nsol=16 0.01s 2026-07-22T16:42:42.242
ATTEMPT 224 W0 START 4x2 seed=322334 2026-07-22T16:42:42.243
ATTEMPT 224 W0 SOLVE 4x2 2026-07-22T16:42:42.250
ATTEMPT 224 W0 DONE 4x2 seed=322334 nsol=16 0.02s 2026-07-22T16:42:42.271
ATTEMPT 225 W0 START 4x2 seed=322335 2026-07-22T16:42:42.271
ATTEMPT 225 W0 SOLVE 4x2 2026-07-22T16:42:42.276
ATTEMPT 225 W0 DONE 4x2 seed=322335 nsol=16 0.01s 2026-07-22T16:42:42.283
ATTEMPT 226 W0 START 4x2 seed=322336 2026-07-22T16:42:42.283
ATTEMPT 226 W0 SOLVE 4x2 2026-07-22T16:42:42.288
ATTEMPT 226 W0 DONE 4x2 seed=322336 nsol=16 0.01s 2026-07-22T16:42:42.296
ATTEMPT 227 W0 START 4x2 seed=322337 2026-07-22T16:42:42.296
ATTEMPT 227 W0 SOLVE 4x2 2026-07-22T16:42:42.302
ATTEMPT 227 W0 DONE 4x2 seed=322337 nsol=16 0.02s 2026-07-22T16:42:42.324
ATTEMPT 228 W0 START 4x2 seed=322338 2026-07-22T16:42:42.324
ATTEMPT 228 W0 SOLVE 4x2 2026-07-22T16:42:42.332
ATTEMPT 228 W0 DONE 4x2 seed=322338 nsol=16 0.01s 2026-07-22T16:42:42.343
ATTEMPT 229 W0 START 4x2 seed=322339 2026-07-22T16:42:42.343
ATTEMPT 229 W0 SOLVE 4x2 2026-07-22T16:42:42.354
ATTEMPT 229 W0 DONE 4x2 seed=322339 nsol=16 0.01s 2026-07-22T16:42:42.366
ATTEMPT 230 W0 START 4x2 seed=322340 2026-07-22T16:42:42.366
ATTEMPT 230 W0 SOLVE 4x2 2026-07-22T16:42:42.376
ATTEMPT 230 W0 DONE 4x2 seed=322340 nsol=16 0.01s 2026-07-22T16:42:42.386
ATTEMPT 231 W0 START 4x2 seed=322341 2026-07-22T16:42:42.386
ATTEMPT 231 W0 SOLVE 4x2 2026-07-22T16:42:42.397
ATTEMPT 231 W0 DONE 4x2 seed=322341 nsol=16 0.03s 2026-07-22T16:42:42.423
ATTEMPT 232 W0 START 4x2 seed=322342 2026-07-22T16:42:42.423
ATTEMPT 232 W0 SOLVE 4x2 2026-07-22T16:42:42.429
ATTEMPT 232 W0 DONE 4x2 seed=322342 nsol=16 0.02s 2026-07-22T16:42:42.449
ATTEMPT 233 W0 START 4x2 seed=322343 2026-07-22T16:42:42.449
ATTEMPT 233 W0 SOLVE 4x2 2026-07-22T16:42:42.455
ATTEMPT 233 W0 DONE 4x2 seed=322343 nsol=16 0.01s 2026-07-22T16:42:42.470
ATTEMPT 234 W0 START 4x2 seed=322344 2026-07-22T16:42:42.471
ATTEMPT 234 W0 SOLVE 4x2 2026-07-22T16:42:42.477
ATTEMPT 234 W0 DONE 4x2 seed=322344 nsol=16 0.01s 2026-07-22T16:42:42.483
ATTEMPT 235 W0 START 4x2 seed=322345 2026-07-22T16:42:42.483
ATTEMPT 235 W0 SOLVE 4x2 2026-07-22T16:42:42.488
ATTEMPT 235 W0 DONE 4x2 seed=322345 nsol=16 0.01s 2026-07-22T16:42:42.495
ATTEMPT 236 W0 START 4x2 seed=322346 2026-07-22T16:42:42.495
ATTEMPT 236 W0 SOLVE 4x2 2026-07-22T16:42:42.501
ATTEMPT 236 W0 DONE 4x2 seed=322346 nsol=16 0.02s 2026-07-22T16:42:42.521
ATTEMPT 237 W0 START 4x2 seed=322347 2026-07-22T16:42:42.521
ATTEMPT 237 W0 SOLVE 4x2 2026-07-22T16:42:42.527
ATTEMPT 237 W0 DONE 4x2 seed=322347 nsol=16 0.01s 2026-07-22T16:42:42.532
ATTEMPT 238 W0 START 4x2 seed=322348 2026-07-22T16:42:42.532
ATTEMPT 238 W0 SOLVE 4x2 2026-07-22T16:42:42.537
ATTEMPT 238 W0 DONE 4x2 seed=322348 nsol=16 0.01s 2026-07-22T16:42:42.551
ATTEMPT 239 W0 START 4x2 seed=322349 2026-07-22T16:42:42.551
ATTEMPT 239 W0 SOLVE 4x2 2026-07-22T16:42:42.556
ATTEMPT 239 W0 DONE 4x2 seed=322349 nsol=16 0.02s 2026-07-22T16:42:42.575
ATTEMPT 240 W0 START 4x2 seed=322350 2026-07-22T16:42:42.576
ATTEMPT 240 W0 SOLVE 4x2 2026-07-22T16:42:42.581
ATTEMPT 240 W0 DONE 4x2 seed=322350 nsol=16 0.01s 2026-07-22T16:42:42.587
ATTEMPT 241 W0 START 4x2 seed=322351 2026-07-22T16:42:42.588
ATTEMPT 241 W0 SOLVE 4x2 2026-07-22T16:42:42.593
ATTEMPT 241 W0 DONE 4x2 seed=322351 nsol=16 0.01s 2026-07-22T16:42:42.602
ATTEMPT 242 W0 START 4x2 seed=322352 2026-07-22T16:42:42.603
ATTEMPT 242 W0 SOLVE 4x2 2026-07-22T16:42:42.609
ATTEMPT 242 W0 DONE 4x2 seed=322352 nsol=16 0.01s 2026-07-22T16:42:42.623
ATTEMPT 243 W0 START 4x2 seed=322353 2026-07-22T16:42:42.623
ATTEMPT 243 W0 SOLVE 4x2 2026-07-22T16:42:42.630
ATTEMPT 243 W0 DONE 4x2 seed=322353 nsol=16 0.01s 2026-07-22T16:42:42.638
ATTEMPT 244 W0 START 4x2 seed=322354 2026-07-22T16:42:42.638
ATTEMPT 244 W0 SOLVE 4x2 2026-07-22T16:42:42.644
ATTEMPT 244 W0 DONE 4x2 seed=322354 nsol=16 0.02s 2026-07-22T16:42:42.665
ATTEMPT 245 W0 START 4x2 seed=322355 2026-07-22T16:42:42.665
ATTEMPT 245 W0 SOLVE 4x2 2026-07-22T16:42:42.672
ATTEMPT 245 W0 DONE 4x2 seed=322355 nsol=16 0.01s 2026-07-22T16:42:42.687
ATTEMPT 246 W0 START 4x2 seed=322356 2026-07-22T16:42:42.687
ATTEMPT 246 W0 SOLVE 4x2 2026-07-22T16:42:42.692
ATTEMPT 246 W0 DONE 4x2 seed=322356 nsol=16 0.02s 2026-07-22T16:42:42.711
ATTEMPT 247 W0 START 4x2 seed=322357 2026-07-22T16:42:42.711
ATTEMPT 247 W0 SOLVE 4x2 2026-07-22T16:42:42.717
ATTEMPT 247 W0 DONE 4x2 seed=322357 nsol=16 0.01s 2026-07-22T16:42:42.731
ATTEMPT 248 W0 START 4x2 seed=322358 2026-07-22T16:42:42.731
ATTEMPT 248 W0 SOLVE 4x2 2026-07-22T16:42:42.736
ATTEMPT 248 W0 DONE 4x2 seed=322358 nsol=16 0.02s 2026-07-22T16:42:42.755
ATTEMPT 249 W0 START 4x2 seed=322359 2026-07-22T16:42:42.755
ATTEMPT 249 W0 SOLVE 4x2 2026-07-22T16:42:42.762
ATTEMPT 249 W0 DONE 4x2 seed=322359 nsol=16 0.01s 2026-07-22T16:42:42.769
ATTEMPT 250 W0 START 4x2 seed=322360 2026-07-22T16:42:42.770
ATTEMPT 250 W0 SOLVE 4x2 2026-07-22T16:42:42.775
ATTEMPT 250 W0 DONE 4x2 seed=322360 nsol=16 0.02s 2026-07-22T16:42:42.797
ATTEMPT 251 W0 START 4x2 seed=322361 2026-07-22T16:42:42.797
ATTEMPT 251 W0 SOLVE 4x2 2026-07-22T16:42:42.803
ATTEMPT 251 W0 DONE 4x2 seed=322361 nsol=16 0.02s 2026-07-22T16:42:42.827
ATTEMPT 252 W0 START 4x2 seed=322362 2026-07-22T16:42:42.827
ATTEMPT 252 W0 SOLVE 4x2 2026-07-22T16:42:42.832
ATTEMPT 252 W0 DONE 4x2 seed=322362 nsol=16 0.01s 2026-07-22T16:42:42.842
ATTEMPT 253 W0 START 4x2 seed=322363 2026-07-22T16:42:42.843
ATTEMPT 253 W0 SOLVE 4x2 2026-07-22T16:42:42.849
ATTEMPT 253 W0 DONE 4x2 seed=322363 nsol=16 0.01s 2026-07-22T16:42:42.855
ATTEMPT 254 W0 START 4x2 seed=322364 2026-07-22T16:42:42.855
ATTEMPT 254 W0 SOLVE 4x2 2026-07-22T16:42:42.861
ATTEMPT 254 W0 DONE 4x2 seed=322364 nsol=16 0.02s 2026-07-22T16:42:42.883
ATTEMPT 255 W0 START 4x2 seed=322365 2026-07-22T16:42:42.883
ATTEMPT 255 W0 SOLVE 4x2 2026-07-22T16:42:42.890
ATTEMPT 255 W0 DONE 4x2 seed=322365 nsol=16 0.02s 2026-07-22T16:42:42.915
ATTEMPT 256 W0 START 4x2 seed=322366 2026-07-22T16:42:42.915
ATTEMPT 256 W0 SOLVE 4x2 2026-07-22T16:42:42.922
ATTEMPT 256 W0 DONE 4x2 seed=322366 nsol=16 0.02s 2026-07-22T16:42:42.939
ATTEMPT 257 W0 START 4x2 seed=322367 2026-07-22T16:42:42.939
ATTEMPT 257 W0 SOLVE 4x2 2026-07-22T16:42:42.945
ATTEMPT 257 W0 DONE 4x2 seed=322367 nsol=16 0.02s 2026-07-22T16:42:42.963
ATTEMPT 258 W0 START 4x2 seed=322368 2026-07-22T16:42:42.963
ATTEMPT 258 W0 SOLVE 4x2 2026-07-22T16:42:42.968
ATTEMPT 258 W0 DONE 4x2 seed=322368 nsol=16 0.01s 2026-07-22T16:42:42.977
ATTEMPT 259 W0 START 4x2 seed=322369 2026-07-22T16:42:42.977
ATTEMPT 259 W0 SOLVE 4x2 2026-07-22T16:42:42.982
ATTEMPT 259 W0 DONE 4x2 seed=322369 nsol=16 0.01s 2026-07-22T16:42:42.997
ATTEMPT 260 W0 START 4x2 seed=322370 2026-07-22T16:42:42.997
ATTEMPT 260 W0 SOLVE 4x2 2026-07-22T16:42:43.003
ATTEMPT 260 W0 DONE 4x2 seed=322370 nsol=16 0.02s 2026-07-22T16:42:43.019
ATTEMPT 261 W0 START 4x2 seed=322371 2026-07-22T16:42:43.019
ATTEMPT 261 W0 SOLVE 4x2 2026-07-22T16:42:43.026
ATTEMPT 261 W0 DONE 4x2 seed=322371 nsol=16 0.01s 2026-07-22T16:42:43.041
ATTEMPT 262 W0 START 4x2 seed=322372 2026-07-22T16:42:43.041
ATTEMPT 262 W0 SOLVE 4x2 2026-07-22T16:42:43.047
ATTEMPT 262 W0 DONE 4x2 seed=322372 nsol=16 0.00s 2026-07-22T16:42:43.052
ATTEMPT 263 W0 START 4x2 seed=322373 2026-07-22T16:42:43.052
ATTEMPT 263 W0 SOLVE 4x2 2026-07-22T16:42:43.058
ATTEMPT 263 W0 DONE 4x2 seed=322373 nsol=16 0.01s 2026-07-22T16:42:43.072
ATTEMPT 264 W0 START 4x2 seed=322374 2026-07-22T16:42:43.072
ATTEMPT 264 W0 SOLVE 4x2 2026-07-22T16:42:43.078
ATTEMPT 264 W0 DONE 4x2 seed=322374 nsol=16 0.01s 2026-07-22T16:42:43.091
ATTEMPT 265 W0 START 4x2 seed=322375 2026-07-22T16:42:43.091
ATTEMPT 265 W0 SOLVE 4x2 2026-07-22T16:42:43.096
ATTEMPT 265 W0 DONE 4x2 seed=322375 nsol=16 0.01s 2026-07-22T16:42:43.111
ATTEMPT 266 W0 START 4x2 seed=322376 2026-07-22T16:42:43.111
ATTEMPT 266 W0 SOLVE 4x2 2026-07-22T16:42:43.117
ATTEMPT 266 W0 DONE 4x2 seed=322376 nsol=16 0.01s 2026-07-22T16:42:43.128
ATTEMPT 267 W0 START 4x2 seed=322377 2026-07-22T16:42:43.128
ATTEMPT 267 W0 SOLVE 4x2 2026-07-22T16:42:43.133
ATTEMPT 267 W0 DONE 4x2 seed=322377 nsol=16 0.01s 2026-07-22T16:42:43.147
ATTEMPT 268 W0 START 4x2 seed=322378 2026-07-22T16:42:43.147
ATTEMPT 268 W0 SOLVE 4x2 2026-07-22T16:42:43.152
ATTEMPT 268 W0 DONE 4x2 seed=322378 nsol=16 0.01s 2026-07-22T16:42:43.167
ATTEMPT 269 W0 START 4x2 seed=322379 2026-07-22T16:42:43.167
ATTEMPT 269 W0 SOLVE 4x2 2026-07-22T16:42:43.178
ATTEMPT 269 W0 DONE 4x2 seed=322379 nsol=16 0.02s 2026-07-22T16:42:43.195
ATTEMPT 270 W0 START 4x2 seed=322380 2026-07-22T16:42:43.195
ATTEMPT 270 W0 SOLVE 4x2 2026-07-22T16:42:43.202
ATTEMPT 270 W0 DONE 4x2 seed=322380 nsol=16 3.39s 2026-07-22T16:42:46.590
ATTEMPT 271 W0 START 4x2 seed=322381 2026-07-22T16:42:46.590
ATTEMPT 271 W0 SOLVE 4x2 2026-07-22T16:42:46.596
ATTEMPT 271 W0 DONE 4x2 seed=322381 nsol=16 0.02s 2026-07-22T16:42:46.614
ATTEMPT 272 W0 START 4x2 seed=322382 2026-07-22T16:42:46.614
ATTEMPT 272 W0 SOLVE 4x2 2026-07-22T16:42:46.621
ATTEMPT 272 W0 DONE 4x2 seed=322382 nsol=16 0.06s 2026-07-22T16:42:46.681
ATTEMPT 273 W0 START 4x2 seed=322383 2026-07-22T16:42:46.694
ATTEMPT 273 W0 SOLVE 4x2 2026-07-22T16:42:46.701
ATTEMPT 273 W0 DONE 4x2 seed=322383 nsol=16 0.02s 2026-07-22T16:42:46.718
ATTEMPT 274 W0 START 4x2 seed=322384 2026-07-22T16:42:46.719
ATTEMPT 274 W0 SOLVE 4x2 2026-07-22T16:42:46.726
ATTEMPT 274 W0 DONE 4x2 seed=322384 nsol=16 0.01s 2026-07-22T16:42:46.735
ATTEMPT 275 W0 START 4x2 seed=322385 2026-07-22T16:42:46.735
ATTEMPT 275 W0 SOLVE 4x2 2026-07-22T16:42:46.741
ATTEMPT 275 W0 DONE 4x2 seed=322385 nsol=16 0.01s 2026-07-22T16:42:46.754
ATTEMPT 276 W0 START 4x2 seed=322386 2026-07-22T16:42:46.754
ATTEMPT 276 W0 SOLVE 4x2 2026-07-22T16:42:46.760
ATTEMPT 276 W0 DONE 4x2 seed=322386 nsol=16 0.01s 2026-07-22T16:42:46.774
ATTEMPT 277 W0 START 4x2 seed=322387 2026-07-22T16:42:46.774
ATTEMPT 277 W0 SOLVE 4x2 2026-07-22T16:42:46.780
ATTEMPT 277 W0 DONE 4x2 seed=322387 nsol=16 0.01s 2026-07-22T16:42:46.794
ATTEMPT 278 W0 START 4x2 seed=322388 2026-07-22T16:42:46.794
ATTEMPT 278 W0 SOLVE 4x2 2026-07-22T16:42:46.800
ATTEMPT 278 W0 DONE 4x2 seed=322388 nsol=16 0.01s 2026-07-22T16:42:46.813
ATTEMPT 279 W0 START 4x2 seed=322389 2026-07-22T16:42:46.814
ATTEMPT 279 W0 SOLVE 4x2 2026-07-22T16:42:46.820
ATTEMPT 279 W0 DONE 4x2 seed=322389 nsol=16 0.01s 2026-07-22T16:42:46.827
ATTEMPT 280 W0 START 4x2 seed=322390 2026-07-22T16:42:46.828
ATTEMPT 280 W0 SOLVE 4x2 2026-07-22T16:42:46.833
ATTEMPT 280 W0 DONE 4x2 seed=322390 nsol=16 0.01s 2026-07-22T16:42:46.842
ATTEMPT 281 W0 START 4x2 seed=322391 2026-07-22T16:42:46.843
ATTEMPT 281 W0 SOLVE 4x2 2026-07-22T16:42:46.848
ATTEMPT 281 W0 DONE 4x2 seed=322391 nsol=16 0.01s 2026-07-22T16:42:46.862
ATTEMPT 282 W0 START 4x2 seed=322392 2026-07-22T16:42:46.862
ATTEMPT 282 W0 SOLVE 4x2 2026-07-22T16:42:46.867
ATTEMPT 282 W0 DONE 4x2 seed=322392 nsol=16 0.02s 2026-07-22T16:42:46.890
ATTEMPT 283 W0 START 4x2 seed=322393 2026-07-22T16:42:46.890
ATTEMPT 283 W0 SOLVE 4x2 2026-07-22T16:42:46.898
ATTEMPT 283 W0 DONE 4x2 seed=322393 nsol=16 0.01s 2026-07-22T16:42:46.905
ATTEMPT 284 W0 START 4x2 seed=322394 2026-07-22T16:42:46.905
ATTEMPT 284 W0 SOLVE 4x2 2026-07-22T16:42:46.910
ATTEMPT 284 W0 DONE 4x2 seed=322394 nsol=16 0.01s 2026-07-22T16:42:46.918
ATTEMPT 285 W0 START 4x2 seed=322395 2026-07-22T16:42:46.918
ATTEMPT 285 W0 SOLVE 4x2 2026-07-22T16:42:46.923
ATTEMPT 285 W0 DONE 4x2 seed=322395 nsol=16 0.02s 2026-07-22T16:42:46.942
ATTEMPT 286 W0 START 4x2 seed=322396 2026-07-22T16:42:46.942
ATTEMPT 286 W0 SOLVE 4x2 2026-07-22T16:42:46.949
ATTEMPT 286 W0 DONE 4x2 seed=322396 nsol=16 0.01s 2026-07-22T16:42:46.962
ATTEMPT 287 W0 START 4x2 seed=322397 2026-07-22T16:42:46.962
ATTEMPT 287 W0 SOLVE 4x2 2026-07-22T16:42:46.967
ATTEMPT 287 W0 DONE 4x2 seed=322397 nsol=16 0.01s 2026-07-22T16:42:46.974
ATTEMPT 288 W0 START 4x2 seed=322398 2026-07-22T16:42:46.974
ATTEMPT 288 W0 SOLVE 4x2 2026-07-22T16:42:46.982
ATTEMPT 288 W0 DONE 4x2 seed=322398 nsol=16 0.02s 2026-07-22T16:42:47.006
ATTEMPT 289 W0 START 4x2 seed=322399 2026-07-22T16:42:47.006
ATTEMPT 289 W0 SOLVE 4x2 2026-07-22T16:42:47.013
ATTEMPT 289 W0 DONE 4x2 seed=322399 nsol=16 0.01s 2026-07-22T16:42:47.022
ATTEMPT 290 W0 START 4x2 seed=322400 2026-07-22T16:42:47.022
ATTEMPT 290 W0 SOLVE 4x2 2026-07-22T16:42:47.028
ATTEMPT 290 W0 DONE 4x2 seed=322400 nsol=16 0.01s 2026-07-22T16:42:47.042
ATTEMPT 291 W0 START 4x2 seed=322401 2026-07-22T16:42:47.042
ATTEMPT 291 W0 SOLVE 4x2 2026-07-22T16:42:47.052
ATTEMPT 291 W0 DONE 4x2 seed=322401 nsol=16 0.01s 2026-07-22T16:42:47.062
ATTEMPT 292 W0 START 4x2 seed=322402 2026-07-22T16:42:47.062
ATTEMPT 292 W0 SOLVE 4x2 2026-07-22T16:42:47.076
ATTEMPT 292 W0 DONE 4x2 seed=322402 nsol=16 0.02s 2026-07-22T16:42:47.099
ATTEMPT 293 W0 START 4x2 seed=322403 2026-07-22T16:42:47.099
ATTEMPT 293 W0 SOLVE 4x2 2026-07-22T16:42:47.112
ATTEMPT 293 W0 DONE 4x2 seed=322403 nsol=16 0.01s 2026-07-22T16:42:47.126
ATTEMPT 294 W0 START 4x2 seed=322404 2026-07-22T16:42:47.126
ATTEMPT 294 W0 SOLVE 4x2 2026-07-22T16:42:47.140
ATTEMPT 294 W0 DONE 4x2 seed=322404 nsol=16 0.02s 2026-07-22T16:42:47.162
ATTEMPT 295 W0 START 4x2 seed=322405 2026-07-22T16:42:47.163
ATTEMPT 295 W0 SOLVE 4x2 2026-07-22T16:42:47.168
ATTEMPT 295 W0 DONE 4x2 seed=322405 nsol=16 0.02s 2026-07-22T16:42:47.191
ATTEMPT 296 W0 START 4x2 seed=322406 2026-07-22T16:42:47.191
ATTEMPT 296 W0 SOLVE 4x2 2026-07-22T16:42:47.202
ATTEMPT 296 W0 DONE 4x2 seed=322406 nsol=16 0.02s 2026-07-22T16:42:47.230
ATTEMPT 297 W0 START 4x2 seed=322407 2026-07-22T16:42:47.231
ATTEMPT 297 W0 SOLVE 4x2 2026-07-22T16:42:47.252
ATTEMPT 297 W0 DONE 4x2 seed=322407 nsol=16 0.01s 2026-07-22T16:42:47.264
ATTEMPT 298 W0 START 4x2 seed=322408 2026-07-22T16:42:47.264
ATTEMPT 298 W0 SOLVE 4x2 2026-07-22T16:42:47.280
ATTEMPT 298 W0 DONE 4x2 seed=322408 nsol=16 0.02s 2026-07-22T16:42:47.305
ATTEMPT 299 W0 START 4x2 seed=322409 2026-07-22T16:42:47.305
ATTEMPT 299 W0 SOLVE 4x2 2026-07-22T16:42:47.319
ATTEMPT 299 W0 DONE 4x2 seed=322409 nsol=16 0.02s 2026-07-22T16:42:47.339
ATTEMPT 300 W0 START 4x2 seed=322410 2026-07-22T16:42:47.339
ATTEMPT 300 W0 SOLVE 4x2 2026-07-22T16:42:47.349
ATTEMPT 300 W0 DONE 4x2 seed=322410 nsol=16 0.01s 2026-07-22T16:42:47.366
ATTEMPT 301 W0 START 4x2 seed=322411 2026-07-22T16:42:47.366
ATTEMPT 301 W0 SOLVE 4x2 2026-07-22T16:42:47.377
ATTEMPT 301 W0 DONE 4x2 seed=322411 nsol=16 0.02s 2026-07-22T16:42:47.398
ATTEMPT 302 W0 START 4x2 seed=322412 2026-07-22T16:42:47.399
ATTEMPT 302 W0 SOLVE 4x2 2026-07-22T16:42:47.410
ATTEMPT 302 W0 DONE 4x2 seed=322412 nsol=16 0.01s 2026-07-22T16:42:47.425
ATTEMPT 303 W0 START 4x2 seed=322413 2026-07-22T16:42:47.426
ATTEMPT 303 W0 SOLVE 4x2 2026-07-22T16:42:47.436
ATTEMPT 303 W0 DONE 4x2 seed=322413 nsol=16 0.01s 2026-07-22T16:42:47.464
ATTEMPT 304 W0 START 4x2 seed=322414 2026-07-22T16:42:47.465
ATTEMPT 304 W0 SOLVE 4x2 2026-07-22T16:42:47.479
ATTEMPT 304 W0 DONE 4x2 seed=322414 nsol=16 0.01s 2026-07-22T16:42:47.488
ATTEMPT 305 W0 START 4x2 seed=322415 2026-07-22T16:42:47.488
ATTEMPT 305 W0 SOLVE 4x2 2026-07-22T16:42:47.499
ATTEMPT 305 W0 DONE 4x2 seed=322415 nsol=16 0.02s 2026-07-22T16:42:47.518
ATTEMPT 306 W0 START 4x2 seed=322416 2026-07-22T16:42:47.519
ATTEMPT 306 W0 SOLVE 4x2 2026-07-22T16:42:47.530
ATTEMPT 306 W0 DONE 4x2 seed=322416 nsol=16 0.02s 2026-07-22T16:42:47.550
ATTEMPT 307 W0 START 4x2 seed=322417 2026-07-22T16:42:47.550
ATTEMPT 307 W0 SOLVE 4x2 2026-07-22T16:42:47.561
ATTEMPT 307 W0 DONE 4x2 seed=322417 nsol=16 0.01s 2026-07-22T16:42:47.573
ATTEMPT 308 W0 START 4x2 seed=322418 2026-07-22T16:42:47.573
ATTEMPT 308 W0 SOLVE 4x2 2026-07-22T16:42:47.589
ATTEMPT 308 W0 DONE 4x2 seed=322418 nsol=16 0.02s 2026-07-22T16:42:47.606
ATTEMPT 309 W0 START 4x2 seed=322419 2026-07-22T16:42:47.607
ATTEMPT 309 W0 SOLVE 4x2 2026-07-22T16:42:47.617
ATTEMPT 309 W0 DONE 4x2 seed=322419 nsol=16 0.02s 2026-07-22T16:42:47.639
ATTEMPT 310 W0 START 4x2 seed=322420 2026-07-22T16:42:47.640
ATTEMPT 310 W0 SOLVE 4x2 2026-07-22T16:42:47.655
ATTEMPT 310 W0 DONE 4x2 seed=322420 nsol=16 0.01s 2026-07-22T16:42:47.670
ATTEMPT 311 W0 START 4x2 seed=322421 2026-07-22T16:42:47.670
ATTEMPT 311 W0 SOLVE 4x2 2026-07-22T16:42:47.681
ATTEMPT 311 W0 DONE 4x2 seed=322421 nsol=16 0.01s 2026-07-22T16:42:47.695
ATTEMPT 312 W0 START 4x2 seed=322422 2026-07-22T16:42:47.697
ATTEMPT 312 W0 SOLVE 4x2 2026-07-22T16:42:47.702
ATTEMPT 312 W0 DONE 4x2 seed=322422 nsol=16 0.01s 2026-07-22T16:42:47.718
ATTEMPT 313 W0 START 4x2 seed=322423 2026-07-22T16:42:47.718
ATTEMPT 313 W0 SOLVE 4x2 2026-07-22T16:42:47.728
ATTEMPT 313 W0 DONE 4x2 seed=322423 nsol=16 0.01s 2026-07-22T16:42:47.734
ATTEMPT 314 W0 START 4x2 seed=322424 2026-07-22T16:42:47.734
ATTEMPT 314 W0 SOLVE 4x2 2026-07-22T16:42:47.744
ATTEMPT 314 W0 DONE 4x2 seed=322424 nsol=16 0.01s 2026-07-22T16:42:47.761
ATTEMPT 315 W0 START 4x2 seed=322425 2026-07-22T16:42:47.761
ATTEMPT 315 W0 SOLVE 4x2 2026-07-22T16:42:47.773
ATTEMPT 315 W0 DONE 4x2 seed=322425 nsol=16 0.01s 2026-07-22T16:42:47.786
ATTEMPT 316 W0 START 4x2 seed=322426 2026-07-22T16:42:47.787
ATTEMPT 316 W0 SOLVE 4x2 2026-07-22T16:42:47.797
ATTEMPT 316 W0 DONE 4x2 seed=322426 nsol=16 0.01s 2026-07-22T16:42:47.810
ATTEMPT 317 W0 START 4x2 seed=322427 2026-07-22T16:42:47.810
ATTEMPT 317 W0 SOLVE 4x2 2026-07-22T16:42:47.818
ATTEMPT 317 W0 DONE 4x2 seed=322427 nsol=16 0.02s 2026-07-22T16:42:47.843
ATTEMPT 318 W0 START 4x2 seed=322428 2026-07-22T16:42:47.843
ATTEMPT 318 W0 SOLVE 4x2 2026-07-22T16:42:47.854
ATTEMPT 318 W0 DONE 4x2 seed=322428 nsol=16 0.01s 2026-07-22T16:42:47.866
ATTEMPT 319 W0 START 4x2 seed=322429 2026-07-22T16:42:47.866
ATTEMPT 319 W0 SOLVE 4x2 2026-07-22T16:42:47.875
ATTEMPT 319 W0 DONE 4x2 seed=322429 nsol=16 0.01s 2026-07-22T16:42:47.884
ATTEMPT 320 W0 START 4x2 seed=322430 2026-07-22T16:42:47.884
ATTEMPT 320 W0 SOLVE 4x2 2026-07-22T16:42:47.890
ATTEMPT 320 W0 DONE 4x2 seed=322430 nsol=16 0.02s 2026-07-22T16:42:47.909
ATTEMPT 321 W0 START 4x2 seed=322431 2026-07-22T16:42:47.909
ATTEMPT 321 W0 SOLVE 4x2 2026-07-22T16:42:47.915
ATTEMPT 321 W0 DONE 4x2 seed=322431 nsol=16 0.01s 2026-07-22T16:42:47.922
ATTEMPT 322 W0 START 4x2 seed=322432 2026-07-22T16:42:47.922
ATTEMPT 322 W0 SOLVE 4x2 2026-07-22T16:42:47.928
ATTEMPT 322 W0 DONE 4x2 seed=322432 nsol=16 0.02s 2026-07-22T16:42:47.951
ATTEMPT 323 W0 START 4x2 seed=322433 2026-07-22T16:42:47.951
ATTEMPT 323 W0 SOLVE 4x2 2026-07-22T16:42:47.956
ATTEMPT 323 W0 DONE 4x2 seed=322433 nsol=16 0.01s 2026-07-22T16:42:47.966
ATTEMPT 324 W0 START 4x2 seed=322434 2026-07-22T16:42:47.966
ATTEMPT 324 W0 SOLVE 4x2 2026-07-22T16:42:47.972
ATTEMPT 324 W0 DONE 4x2 seed=322434 nsol=16 0.02s 2026-07-22T16:42:47.993
ATTEMPT 325 W0 START 4x2 seed=322435 2026-07-22T16:42:47.993
ATTEMPT 325 W0 SOLVE 4x2 2026-07-22T16:42:48.008
ATTEMPT 325 W0 DONE 4x2 seed=322435 nsol=16 0.02s 2026-07-22T16:42:48.026
ATTEMPT 326 W0 START 4x2 seed=322436 2026-07-22T16:42:48.027
ATTEMPT 326 W0 SOLVE 4x2 2026-07-22T16:42:48.034
ATTEMPT 326 W0 DONE 4x2 seed=322436 nsol=16 0.01s 2026-07-22T16:42:48.041
ATTEMPT 327 W0 START 4x2 seed=322437 2026-07-22T16:42:48.041
ATTEMPT 327 W0 SOLVE 4x2 2026-07-22T16:42:48.046
ATTEMPT 327 W0 DONE 4x2 seed=322437 nsol=16 0.02s 2026-07-22T16:42:48.066
ATTEMPT 328 W0 START 4x2 seed=322438 2026-07-22T16:42:48.066
ATTEMPT 328 W0 SOLVE 4x2 2026-07-22T16:42:48.072
ATTEMPT 328 W0 DONE 4x2 seed=322438 nsol=16 0.09s 2026-07-22T16:42:48.158
ATTEMPT 329 W0 START 4x2 seed=322439 2026-07-22T16:42:48.183
ATTEMPT 329 W0 SOLVE 4x2 2026-07-22T16:42:48.204
ATTEMPT 329 W0 DONE 4x2 seed=322439 nsol=16 0.01s 2026-07-22T16:42:48.216
ATTEMPT 330 W0 START 4x2 seed=322440 2026-07-22T16:42:48.216
ATTEMPT 330 W0 SOLVE 4x2 2026-07-22T16:42:48.231
ATTEMPT 330 W0 DONE 4x2 seed=322440 nsol=16 0.01s 2026-07-22T16:42:48.245
ATTEMPT 331 W0 START 4x2 seed=322441 2026-07-22T16:42:48.245
ATTEMPT 331 W0 SOLVE 4x2 2026-07-22T16:42:48.250
ATTEMPT 331 W0 DONE 4x2 seed=322441 nsol=16 0.02s 2026-07-22T16:42:48.269
ATTEMPT 332 W0 START 4x2 seed=322442 2026-07-22T16:42:48.270
ATTEMPT 332 W0 SOLVE 4x2 2026-07-22T16:42:48.275
ATTEMPT 332 W0 DONE 4x2 seed=322442 nsol=16 0.02s 2026-07-22T16:42:48.293
ATTEMPT 333 W0 START 4x2 seed=322443 2026-07-22T16:42:48.293
ATTEMPT 333 W0 SOLVE 4x2 2026-07-22T16:42:48.299
ATTEMPT 333 W0 DONE 4x2 seed=322443 nsol=16 0.01s 2026-07-22T16:42:48.304
ATTEMPT 334 W0 START 4x2 seed=322444 2026-07-22T16:42:48.305
ATTEMPT 334 W0 SOLVE 4x2 2026-07-22T16:42:48.311
ATTEMPT 334 W0 DONE 4x2 seed=322444 nsol=16 0.01s 2026-07-22T16:42:48.326
ATTEMPT 335 W0 START 4x2 seed=322445 2026-07-22T16:42:48.326
ATTEMPT 335 W0 SOLVE 4x2 2026-07-22T16:42:48.332
ATTEMPT 335 W0 DONE 4x2 seed=322445 nsol=16 0.01s 2026-07-22T16:42:48.347
ATTEMPT 336 W0 START 4x2 seed=322446 2026-07-22T16:42:48.347
ATTEMPT 336 W0 SOLVE 4x2 2026-07-22T16:42:48.352
ATTEMPT 336 W0 DONE 4x2 seed=322446 nsol=16 0.00s 2026-07-22T16:42:48.357
ATTEMPT 337 W0 START 4x2 seed=322447 2026-07-22T16:42:48.357
ATTEMPT 337 W0 SOLVE 4x2 2026-07-22T16:42:48.362
ATTEMPT 337 W0 DONE 4x2 seed=322447 nsol=16 0.01s 2026-07-22T16:42:48.369
ATTEMPT 338 W0 START 4x2 seed=322448 2026-07-22T16:42:48.369
ATTEMPT 338 W0 SOLVE 4x2 2026-07-22T16:42:48.375
ATTEMPT 338 W0 DONE 4x2 seed=322448 nsol=16 0.01s 2026-07-22T16:42:48.389
ATTEMPT 339 W0 START 4x2 seed=322449 2026-07-22T16:42:48.390
ATTEMPT 339 W0 SOLVE 4x2 2026-07-22T16:42:48.395
ATTEMPT 339 W0 DONE 4x2 seed=322449 nsol=16 0.00s 2026-07-22T16:42:48.400
ATTEMPT 340 W0 START 4x2 seed=322450 2026-07-22T16:42:48.400
ATTEMPT 340 W0 SOLVE 4x2 2026-07-22T16:42:48.407
ATTEMPT 340 W0 DONE 4x2 seed=322450 nsol=16 0.01s 2026-07-22T16:42:48.414
ATTEMPT 341 W0 START 4x2 seed=322451 2026-07-22T16:42:48.415
ATTEMPT 341 W0 SOLVE 4x2 2026-07-22T16:42:48.424
ATTEMPT 341 W0 DONE 4x2 seed=322451 nsol=16 0.01s 2026-07-22T16:42:48.433
ATTEMPT 342 W0 START 4x2 seed=322452 2026-07-22T16:42:48.433
ATTEMPT 342 W0 SOLVE 4x2 2026-07-22T16:42:48.443
ATTEMPT 342 W0 DONE 4x2 seed=322452 nsol=16 0.01s 2026-07-22T16:42:48.451
ATTEMPT 343 W0 START 4x2 seed=322453 2026-07-22T16:42:48.451
ATTEMPT 343 W0 SOLVE 4x2 2026-07-22T16:42:48.464
ATTEMPT 343 W0 DONE 4x2 seed=322453 nsol=16 0.02s 2026-07-22T16:42:48.482
ATTEMPT 344 W0 START 4x2 seed=322454 2026-07-22T16:42:48.482
ATTEMPT 344 W0 SOLVE 4x2 2026-07-22T16:42:48.489
ATTEMPT 344 W0 DONE 4x2 seed=322454 nsol=16 0.02s 2026-07-22T16:42:48.504
ATTEMPT 345 W0 START 4x2 seed=322455 2026-07-22T16:42:48.505
ATTEMPT 345 W0 SOLVE 4x2 2026-07-22T16:42:48.510
ATTEMPT 345 W0 DONE 4x2 seed=322455 nsol=16 0.01s 2026-07-22T16:42:48.518
ATTEMPT 346 W0 START 4x2 seed=322456 2026-07-22T16:42:48.518
ATTEMPT 346 W0 SOLVE 4x2 2026-07-22T16:42:48.527
ATTEMPT 346 W0 DONE 4x2 seed=322456 nsol=16 0.01s 2026-07-22T16:42:48.538
ATTEMPT 347 W0 START 4x2 seed=322457 2026-07-22T16:42:48.538
ATTEMPT 347 W0 SOLVE 4x2 2026-07-22T16:42:48.548
ATTEMPT 347 W0 DONE 4x2 seed=322457 nsol=16 0.01s 2026-07-22T16:42:48.562
ATTEMPT 348 W0 START 4x2 seed=322458 2026-07-22T16:42:48.563
ATTEMPT 348 W0 SOLVE 4x2 2026-07-22T16:42:48.572
ATTEMPT 348 W0 DONE 4x2 seed=322458 nsol=16 0.01s 2026-07-22T16:42:48.582
ATTEMPT 349 W0 START 4x2 seed=322459 2026-07-22T16:42:48.583
ATTEMPT 349 W0 SOLVE 4x2 2026-07-22T16:42:48.592
ATTEMPT 349 W0 DONE 4x2 seed=322459 nsol=16 0.01s 2026-07-22T16:42:48.602
ATTEMPT 350 W0 START 4x2 seed=322460 2026-07-22T16:42:48.603
ATTEMPT 350 W0 SOLVE 4x2 2026-07-22T16:42:48.612
ATTEMPT 350 W0 DONE 4x2 seed=322460 nsol=16 0.01s 2026-07-22T16:42:48.626
ATTEMPT 351 W0 START 4x2 seed=322461 2026-07-22T16:42:48.627
ATTEMPT 351 W0 SOLVE 4x2 2026-07-22T16:42:48.636
ATTEMPT 351 W0 DONE 4x2 seed=322461 nsol=16 0.01s 2026-07-22T16:42:48.646
ATTEMPT 352 W0 START 4x2 seed=322462 2026-07-22T16:42:48.647
ATTEMPT 352 W0 SOLVE 4x2 2026-07-22T16:42:48.657
ATTEMPT 352 W0 DONE 4x2 seed=322462 nsol=16 0.01s 2026-07-22T16:42:48.668
ATTEMPT 353 W0 START 4x2 seed=322463 2026-07-22T16:42:48.669
ATTEMPT 353 W0 SOLVE 4x2 2026-07-22T16:42:48.682
ATTEMPT 353 W0 DONE 4x2 seed=322463 nsol=16 0.02s 2026-07-22T16:42:48.698
ATTEMPT 354 W0 START 4x2 seed=322464 2026-07-22T16:42:48.698
ATTEMPT 354 W0 SOLVE 4x2 2026-07-22T16:42:48.710
ATTEMPT 354 W0 DONE 4x2 seed=322464 nsol=16 0.01s 2026-07-22T16:42:48.719
ATTEMPT 355 W0 START 4x2 seed=322465 2026-07-22T16:42:48.719
ATTEMPT 355 W0 SOLVE 4x2 2026-07-22T16:42:48.729
ATTEMPT 355 W0 DONE 4x2 seed=322465 nsol=16 0.01s 2026-07-22T16:42:48.747
ATTEMPT 356 W0 START 4x2 seed=322466 2026-07-22T16:42:48.747
ATTEMPT 356 W0 SOLVE 4x2 2026-07-22T16:42:48.753
ATTEMPT 356 W0 DONE 4x2 seed=322466 nsol=16 0.01s 2026-07-22T16:42:48.766
ATTEMPT 357 W0 START 4x2 seed=322467 2026-07-22T16:42:48.766
ATTEMPT 357 W0 SOLVE 4x2 2026-07-22T16:42:48.776
ATTEMPT 357 W0 DONE 4x2 seed=322467 nsol=16 0.01s 2026-07-22T16:42:48.791
ATTEMPT 358 W0 START 4x2 seed=322468 2026-07-22T16:42:48.791
ATTEMPT 358 W0 SOLVE 4x2 2026-07-22T16:42:48.800
ATTEMPT 358 W0 DONE 4x2 seed=322468 nsol=16 0.01s 2026-07-22T16:42:48.814
ATTEMPT 359 W0 START 4x2 seed=322469 2026-07-22T16:42:48.815
ATTEMPT 359 W0 SOLVE 4x2 2026-07-22T16:42:48.824
ATTEMPT 359 W0 DONE 4x2 seed=322469 nsol=16 0.01s 2026-07-22T16:42:48.833
ATTEMPT 360 W0 START 4x2 seed=322470 2026-07-22T16:42:48.833
ATTEMPT 360 W0 SOLVE 4x2 2026-07-22T16:42:48.847
ATTEMPT 360 W0 DONE 4x2 seed=322470 nsol=16 0.01s 2026-07-22T16:42:48.855
ATTEMPT 361 W0 START 4x2 seed=322471 2026-07-22T16:42:48.855
ATTEMPT 361 W0 SOLVE 4x2 2026-07-22T16:42:48.864
ATTEMPT 361 W0 DONE 4x2 seed=322471 nsol=16 0.01s 2026-07-22T16:42:48.876
ATTEMPT 362 W0 START 4x2 seed=322472 2026-07-22T16:42:48.876
ATTEMPT 362 W0 SOLVE 4x2 2026-07-22T16:42:48.881
ATTEMPT 362 W0 DONE 4x2 seed=322472 nsol=16 0.02s 2026-07-22T16:42:48.898
ATTEMPT 363 W0 START 4x2 seed=322473 2026-07-22T16:42:48.898
ATTEMPT 363 W0 SOLVE 4x2 2026-07-22T16:42:48.908
ATTEMPT 363 W0 DONE 4x2 seed=322473 nsol=16 0.02s 2026-07-22T16:42:48.925
ATTEMPT 364 W0 START 4x2 seed=322474 2026-07-22T16:42:48.925
ATTEMPT 364 W0 SOLVE 4x2 2026-07-22T16:42:48.934
ATTEMPT 364 W0 DONE 4x2 seed=322474 nsol=16 0.02s 2026-07-22T16:42:48.955
ATTEMPT 365 W0 START 4x2 seed=322475 2026-07-22T16:42:48.955
ATTEMPT 365 W0 SOLVE 4x2 2026-07-22T16:42:48.961
ATTEMPT 365 W0 DONE 4x2 seed=322475 nsol=16 0.02s 2026-07-22T16:42:48.980
ATTEMPT 366 W0 START 4x2 seed=322476 2026-07-22T16:42:48.981
ATTEMPT 366 W0 SOLVE 4x2 2026-07-22T16:42:48.995
ATTEMPT 366 W0 DONE 4x2 seed=322476 nsol=16 0.01s 2026-07-22T16:42:49.006
ATTEMPT 367 W0 START 4x2 seed=322477 2026-07-22T16:42:49.006
ATTEMPT 367 W0 SOLVE 4x2 2026-07-22T16:42:49.012
ATTEMPT 367 W0 DONE 4x2 seed=322477 nsol=16 0.01s 2026-07-22T16:42:49.023
ATTEMPT 368 W0 START 4x2 seed=322478 2026-07-22T16:42:49.024
ATTEMPT 368 W0 SOLVE 4x2 2026-07-22T16:42:49.034
ATTEMPT 368 W0 DONE 4x2 seed=322478 nsol=16 0.02s 2026-07-22T16:42:49.059
ATTEMPT 369 W0 START 4x2 seed=322479 2026-07-22T16:42:49.059
ATTEMPT 369 W0 SOLVE 4x2 2026-07-22T16:42:49.065
ATTEMPT 369 W0 DONE 4x2 seed=322479 nsol=16 0.02s 2026-07-22T16:42:49.088
ATTEMPT 370 W0 START 4x2 seed=322480 2026-07-22T16:42:49.089
ATTEMPT 370 W0 SOLVE 4x2 2026-07-22T16:42:49.104
ATTEMPT 370 W0 DONE 4x2 seed=322480 nsol=16 0.01s 2026-07-22T16:42:49.114
ATTEMPT 371 W0 START 4x2 seed=322481 2026-07-22T16:42:49.115
ATTEMPT 371 W0 SOLVE 4x2 2026-07-22T16:42:49.124
ATTEMPT 371 W0 DONE 4x2 seed=322481 nsol=16 0.01s 2026-07-22T16:42:49.138
ATTEMPT 372 W0 START 4x2 seed=322482 2026-07-22T16:42:49.138
ATTEMPT 372 W0 SOLVE 4x2 2026-07-22T16:42:49.147
ATTEMPT 372 W0 DONE 4x2 seed=322482 nsol=16 0.01s 2026-07-22T16:42:49.156
ATTEMPT 373 W0 START 4x2 seed=322483 2026-07-22T16:42:49.157
ATTEMPT 373 W0 SOLVE 4x2 2026-07-22T16:42:49.167
ATTEMPT 373 W0 DONE 4x2 seed=322483 nsol=16 0.02s 2026-07-22T16:42:49.190
ATTEMPT 374 W0 START 4x2 seed=322484 2026-07-22T16:42:49.191
ATTEMPT 374 W0 SOLVE 4x2 2026-07-22T16:42:49.200
ATTEMPT 374 W0 DONE 4x2 seed=322484 nsol=16 0.02s 2026-07-22T16:42:49.222
ATTEMPT 375 W0 START 4x2 seed=322485 2026-07-22T16:42:49.222
ATTEMPT 375 W0 SOLVE 4x2 2026-07-22T16:42:49.233
ATTEMPT 375 W0 DONE 4x2 seed=322485 nsol=16 0.02s 2026-07-22T16:42:49.257
ATTEMPT 376 W0 START 4x2 seed=322486 2026-07-22T16:42:49.257
ATTEMPT 376 W0 SOLVE 4x2 2026-07-22T16:42:49.271
ATTEMPT 376 W0 DONE 4x2 seed=322486 nsol=16 0.08s 2026-07-22T16:42:49.350
ATTEMPT 377 W0 START 4x2 seed=322487 2026-07-22T16:42:49.350
ATTEMPT 377 W0 SOLVE 4x2 2026-07-22T16:42:49.361
ATTEMPT 377 W0 DONE 4x2 seed=322487 nsol=16 0.02s 2026-07-22T16:42:49.387
ATTEMPT 378 W0 START 4x2 seed=322488 2026-07-22T16:42:49.387
ATTEMPT 378 W0 SOLVE 4x2 2026-07-22T16:42:49.394
ATTEMPT 378 W0 DONE 4x2 seed=322488 nsol=16 0.02s 2026-07-22T16:42:49.419
ATTEMPT 379 W0 START 4x2 seed=322489 2026-07-22T16:42:49.419
ATTEMPT 379 W0 SOLVE 4x2 2026-07-22T16:42:49.425
ATTEMPT 379 W0 DONE 4x2 seed=322489 nsol=16 0.02s 2026-07-22T16:42:49.450
ATTEMPT 380 W0 START 4x2 seed=322490 2026-07-22T16:42:49.451
ATTEMPT 380 W0 SOLVE 4x2 2026-07-22T16:42:49.462
ATTEMPT 380 W0 DONE 4x2 seed=322490 nsol=16 0.01s 2026-07-22T16:42:49.472
ATTEMPT 381 W0 START 4x2 seed=322491 2026-07-22T16:42:49.472
ATTEMPT 381 W0 SOLVE 4x2 2026-07-22T16:42:49.481
ATTEMPT 381 W0 DONE 4x2 seed=322491 nsol=16 0.00s 2026-07-22T16:42:49.491
ATTEMPT 382 W0 START 4x2 seed=322492 2026-07-22T16:42:49.491
ATTEMPT 382 W0 SOLVE 4x2 2026-07-22T16:42:49.500
ATTEMPT 382 W0 DONE 4x2 seed=322492 nsol=16 0.01s 2026-07-22T16:42:49.512
ATTEMPT 383 W0 START 4x2 seed=322493 2026-07-22T16:42:49.512
ATTEMPT 383 W0 SOLVE 4x2 2026-07-22T16:42:49.517
ATTEMPT 383 W0 DONE 4x2 seed=322493 nsol=16 0.03s 2026-07-22T16:42:49.542
ATTEMPT 384 W0 START 4x2 seed=322494 2026-07-22T16:42:49.542
ATTEMPT 384 W0 SOLVE 4x2 2026-07-22T16:42:49.552
ATTEMPT 384 W0 DONE 4x2 seed=322494 nsol=16 0.01s 2026-07-22T16:42:49.570
ATTEMPT 385 W0 START 4x2 seed=322495 2026-07-22T16:42:49.570
ATTEMPT 385 W0 SOLVE 4x2 2026-07-22T16:42:49.587
ATTEMPT 385 W0 DONE 4x2 seed=322495 nsol=16 0.02s 2026-07-22T16:42:49.608
ATTEMPT 386 W0 START 4x2 seed=322496 2026-07-22T16:42:49.608
ATTEMPT 386 W0 SOLVE 4x2 2026-07-22T16:42:49.613
ATTEMPT 386 W0 DONE 4x2 seed=322496 nsol=16 0.01s 2026-07-22T16:42:49.626
ATTEMPT 387 W0 START 4x2 seed=322497 2026-07-22T16:42:49.627
ATTEMPT 387 W0 SOLVE 4x2 2026-07-22T16:42:49.638
ATTEMPT 387 W0 DONE 4x2 seed=322497 nsol=16 0.02s 2026-07-22T16:42:49.662
ATTEMPT 388 W0 START 4x2 seed=322498 2026-07-22T16:42:49.662
ATTEMPT 388 W0 SOLVE 4x2 2026-07-22T16:42:49.667
ATTEMPT 388 W0 DONE 4x2 seed=322498 nsol=16 0.02s 2026-07-22T16:42:49.686
ATTEMPT 389 W0 START 4x2 seed=322499 2026-07-22T16:42:49.686
ATTEMPT 389 W0 SOLVE 4x2 2026-07-22T16:42:49.705
ATTEMPT 389 W0 DONE 4x2 seed=322499 nsol=16 0.01s 2026-07-22T16:42:49.722
ATTEMPT 390 W0 START 4x2 seed=322500 2026-07-22T16:42:49.722
ATTEMPT 390 W0 SOLVE 4x2 2026-07-22T16:42:49.740
ATTEMPT 390 W0 DONE 4x2 seed=322500 nsol=16 0.01s 2026-07-22T16:42:49.757
ATTEMPT 391 W0 START 4x2 seed=322501 2026-07-22T16:42:49.758
ATTEMPT 391 W0 SOLVE 4x2 2026-07-22T16:42:49.771
ATTEMPT 391 W0 DONE 4x2 seed=322501 nsol=16 0.03s 2026-07-22T16:42:49.802
ATTEMPT 392 W0 START 4x2 seed=322502 2026-07-22T16:42:49.802
ATTEMPT 392 W0 SOLVE 4x2 2026-07-22T16:42:49.816
ATTEMPT 392 W0 DONE 4x2 seed=322502 nsol=16 0.03s 2026-07-22T16:42:49.842
ATTEMPT 393 W0 START 4x2 seed=322503 2026-07-22T16:42:49.842
ATTEMPT 393 W0 SOLVE 4x2 2026-07-22T16:42:49.860
ATTEMPT 393 W0 DONE 4x2 seed=322503 nsol=16 0.01s 2026-07-22T16:42:49.868
ATTEMPT 394 W0 START 4x2 seed=322504 2026-07-22T16:42:49.868
ATTEMPT 394 W0 SOLVE 4x2 2026-07-22T16:42:49.881
ATTEMPT 394 W0 DONE 4x2 seed=322504 nsol=16 0.01s 2026-07-22T16:42:49.896
ATTEMPT 395 W0 START 4x2 seed=322505 2026-07-22T16:42:49.896
ATTEMPT 395 W0 SOLVE 4x2 2026-07-22T16:42:49.910
ATTEMPT 395 W0 DONE 4x2 seed=322505 nsol=16 0.02s 2026-07-22T16:42:49.928
ATTEMPT 396 W0 START 4x2 seed=322506 2026-07-22T16:42:49.928
ATTEMPT 396 W0 SOLVE 4x2 2026-07-22T16:42:49.933
ATTEMPT 396 W0 DONE 4x2 seed=322506 nsol=16 0.02s 2026-07-22T16:42:49.959
ATTEMPT 397 W0 START 4x2 seed=322507 2026-07-22T16:42:49.960
ATTEMPT 397 W0 SOLVE 4x2 2026-07-22T16:42:49.971
ATTEMPT 397 W0 DONE 4x2 seed=322507 nsol=16 0.01s 2026-07-22T16:42:49.981
ATTEMPT 398 W0 START 4x2 seed=322508 2026-07-22T16:42:49.981
ATTEMPT 398 W0 SOLVE 4x2 2026-07-22T16:42:49.996
ATTEMPT 398 W0 DONE 4x2 seed=322508 nsol=16 0.01s 2026-07-22T16:42:50.010
ATTEMPT 399 W0 START 4x2 seed=322509 2026-07-22T16:42:50.011
ATTEMPT 399 W0 SOLVE 4x2 2026-07-22T16:42:50.021
ATTEMPT 399 W0 DONE 4x2 seed=322509 nsol=16 0.02s 2026-07-22T16:42:50.046
ATTEMPT 400 W0 START 4x2 seed=322510 2026-07-22T16:42:50.046
ATTEMPT 400 W0 SOLVE 4x2 2026-07-22T16:42:50.056
ATTEMPT 400 W0 DONE 4x2 seed=322510 nsol=16 0.03s 2026-07-22T16:42:50.086
ATTEMPT 401 W0 START 4x2 seed=322511 2026-07-22T16:42:50.087
ATTEMPT 401 W0 SOLVE 4x2 2026-07-22T16:42:50.093
ATTEMPT 401 W0 DONE 4x2 seed=322511 nsol=16 0.01s 2026-07-22T16:42:50.105
ATTEMPT 402 W0 START 4x2 seed=322512 2026-07-22T16:42:50.105
ATTEMPT 402 W0 SOLVE 4x2 2026-07-22T16:42:50.119
ATTEMPT 402 W0 DONE 4x2 seed=322512 nsol=16 0.01s 2026-07-22T16:42:50.130
ATTEMPT 403 W0 START 4x2 seed=322513 2026-07-22T16:42:50.130
ATTEMPT 403 W0 SOLVE 4x2 2026-07-22T16:42:50.140
ATTEMPT 403 W0 DONE 4x2 seed=322513 nsol=16 0.02s 2026-07-22T16:42:50.159
ATTEMPT 404 W0 START 4x2 seed=322514 2026-07-22T16:42:50.159
ATTEMPT 404 W0 SOLVE 4x2 2026-07-22T16:42:50.172
ATTEMPT 404 W0 DONE 4x2 seed=322514 nsol=16 0.03s 2026-07-22T16:42:50.210
ATTEMPT 405 W0 START 4x2 seed=322515 2026-07-22T16:42:50.210
ATTEMPT 405 W0 SOLVE 4x2 2026-07-22T16:42:50.221
ATTEMPT 405 W0 DONE 4x2 seed=322515 nsol=16 0.01s 2026-07-22T16:42:50.241
ATTEMPT 406 W0 START 4x2 seed=322516 2026-07-22T16:42:50.242
ATTEMPT 406 W0 SOLVE 4x2 2026-07-22T16:42:50.251
ATTEMPT 406 W0 DONE 4x2 seed=322516 nsol=16 0.02s 2026-07-22T16:42:50.270
ATTEMPT 407 W0 START 4x2 seed=322517 2026-07-22T16:42:50.270
ATTEMPT 407 W0 SOLVE 4x2 2026-07-22T16:42:50.282
ATTEMPT 407 W0 DONE 4x2 seed=322517 nsol=16 0.02s 2026-07-22T16:42:50.302
ATTEMPT 408 W0 START 4x2 seed=322518 2026-07-22T16:42:50.302
ATTEMPT 408 W0 SOLVE 4x2 2026-07-22T16:42:50.308
ATTEMPT 408 W0 DONE 4x2 seed=322518 nsol=16 0.01s 2026-07-22T16:42:50.321
ATTEMPT 409 W0 START 4x2 seed=322519 2026-07-22T16:42:50.321
ATTEMPT 409 W0 SOLVE 4x2 2026-07-22T16:42:50.326
ATTEMPT 409 W0 DONE 4x2 seed=322519 nsol=16 0.02s 2026-07-22T16:42:50.343
ATTEMPT 410 W0 START 4x2 seed=322520 2026-07-22T16:42:50.343
ATTEMPT 410 W0 SOLVE 4x2 2026-07-22T16:42:50.349
ATTEMPT 410 W0 DONE 4x2 seed=322520 nsol=16 0.02s 2026-07-22T16:42:50.370
ATTEMPT 411 W0 START 4x2 seed=322521 2026-07-22T16:42:50.371
ATTEMPT 411 W0 SOLVE 4x2 2026-07-22T16:42:50.380
ATTEMPT 411 W0 DONE 4x2 seed=322521 nsol=16 0.01s 2026-07-22T16:42:50.394
ATTEMPT 412 W0 START 4x2 seed=322522 2026-07-22T16:42:50.394
ATTEMPT 412 W0 SOLVE 4x2 2026-07-22T16:42:50.404
ATTEMPT 412 W0 DONE 4x2 seed=322522 nsol=16 0.02s 2026-07-22T16:42:50.430
ATTEMPT 413 W0 START 4x2 seed=322523 2026-07-22T16:42:50.430
ATTEMPT 413 W0 SOLVE 4x2 2026-07-22T16:42:50.440
ATTEMPT 413 W0 DONE 4x2 seed=322523 nsol=16 0.01s 2026-07-22T16:42:50.450
ATTEMPT 414 W0 START 4x2 seed=322524 2026-07-22T16:42:50.450
ATTEMPT 414 W0 SOLVE 4x2 2026-07-22T16:42:50.461
ATTEMPT 414 W0 DONE 4x2 seed=322524 nsol=16 0.02s 2026-07-22T16:42:50.482
ATTEMPT 415 W0 START 4x2 seed=322525 2026-07-22T16:42:50.482
ATTEMPT 415 W0 SOLVE 4x2 2026-07-22T16:42:50.491
ATTEMPT 415 W0 DONE 4x2 seed=322525 nsol=16 0.01s 2026-07-22T16:42:50.506
ATTEMPT 416 W0 START 4x2 seed=322526 2026-07-22T16:42:50.506
ATTEMPT 416 W0 SOLVE 4x2 2026-07-22T16:42:50.515
ATTEMPT 416 W0 DONE 4x2 seed=322526 nsol=16 0.02s 2026-07-22T16:42:50.530
ATTEMPT 417 W0 START 4x2 seed=322527 2026-07-22T16:42:50.530
ATTEMPT 417 W0 SOLVE 4x2 2026-07-22T16:42:50.536
ATTEMPT 417 W0 DONE 4x2 seed=322527 nsol=16 0.01s 2026-07-22T16:42:50.551
ATTEMPT 418 W0 START 4x2 seed=322528 2026-07-22T16:42:50.551
ATTEMPT 418 W0 SOLVE 4x2 2026-07-22T16:42:50.560
ATTEMPT 418 W0 DONE 4x2 seed=322528 nsol=16 0.01s 2026-07-22T16:42:50.568
ATTEMPT 419 W0 START 4x2 seed=322529 2026-07-22T16:42:50.568
ATTEMPT 419 W0 SOLVE 4x2 2026-07-22T16:42:50.573
ATTEMPT 419 W0 DONE 4x2 seed=322529 nsol=16 0.01s 2026-07-22T16:42:50.589
ATTEMPT 420 W0 START 4x2 seed=322530 2026-07-22T16:42:50.589
ATTEMPT 420 W0 SOLVE 4x2 2026-07-22T16:42:50.594
ATTEMPT 420 W0 DONE 4x2 seed=322530 nsol=16 0.01s 2026-07-22T16:42:50.605
ATTEMPT 421 W0 START 4x2 seed=322531 2026-07-22T16:42:50.605
ATTEMPT 421 W0 SOLVE 4x2 2026-07-22T16:42:50.613
ATTEMPT 421 W0 DONE 4x2 seed=322531 nsol=16 0.10s 2026-07-22T16:42:50.714
ATTEMPT 422 W0 START 4x2 seed=322532 2026-07-22T16:42:50.714
ATTEMPT 422 W0 SOLVE 4x2 2026-07-22T16:42:50.724
ATTEMPT 422 W0 DONE 4x2 seed=322532 nsol=16 0.02s 2026-07-22T16:42:50.754
ATTEMPT 423 W0 START 4x2 seed=322533 2026-07-22T16:42:50.754
ATTEMPT 423 W0 SOLVE 4x2 2026-07-22T16:42:50.765
ATTEMPT 423 W0 DONE 4x2 seed=322533 nsol=16 0.02s 2026-07-22T16:42:50.789
ATTEMPT 424 W0 START 4x2 seed=322534 2026-07-22T16:42:50.790
ATTEMPT 424 W0 SOLVE 4x2 2026-07-22T16:42:50.804
ATTEMPT 424 W0 DONE 4x2 seed=322534 nsol=16 0.01s 2026-07-22T16:42:50.817
ATTEMPT 425 W0 START 4x2 seed=322535 2026-07-22T16:42:50.817
ATTEMPT 425 W0 SOLVE 4x2 2026-07-22T16:42:50.822
ATTEMPT 425 W0 DONE 4x2 seed=322535 nsol=16 0.02s 2026-07-22T16:42:50.846
ATTEMPT 426 W0 START 4x2 seed=322536 2026-07-22T16:42:50.846
ATTEMPT 426 W0 SOLVE 4x2 2026-07-22T16:42:50.860
ATTEMPT 426 W0 DONE 4x2 seed=322536 nsol=16 0.03s 2026-07-22T16:42:50.886
ATTEMPT 427 W0 START 4x2 seed=322537 2026-07-22T16:42:50.886
ATTEMPT 427 W0 SOLVE 4x2 2026-07-22T16:42:50.897
ATTEMPT 427 W0 DONE 4x2 seed=322537 nsol=16 0.02s 2026-07-22T16:42:50.930
ATTEMPT 428 W0 START 4x2 seed=322538 2026-07-22T16:42:50.930
ATTEMPT 428 W0 SOLVE 4x2 2026-07-22T16:42:50.939
ATTEMPT 428 W0 DONE 4x2 seed=322538 nsol=16 0.01s 2026-07-22T16:42:50.951
ATTEMPT 429 W0 START 4x2 seed=322539 2026-07-22T16:42:50.951
ATTEMPT 429 W0 SOLVE 4x2 2026-07-22T16:42:50.964
ATTEMPT 429 W0 DONE 4x2 seed=322539 nsol=16 0.02s 2026-07-22T16:42:50.982
ATTEMPT 430 W0 START 4x2 seed=322540 2026-07-22T16:42:50.983
ATTEMPT 430 W0 SOLVE 4x2 2026-07-22T16:42:50.996
ATTEMPT 430 W0 DONE 4x2 seed=322540 nsol=16 0.03s 2026-07-22T16:42:51.030
ATTEMPT 431 W0 START 4x2 seed=322541 2026-07-22T16:42:51.030
ATTEMPT 431 W0 SOLVE 4x2 2026-07-22T16:42:51.043
ATTEMPT 431 W0 DONE 4x2 seed=322541 nsol=16 0.03s 2026-07-22T16:42:51.070
ATTEMPT 432 W0 START 4x2 seed=322542 2026-07-22T16:42:51.070
ATTEMPT 432 W0 SOLVE 4x2 2026-07-22T16:42:51.084
ATTEMPT 432 W0 DONE 4x2 seed=322542 nsol=16 0.03s 2026-07-22T16:42:51.114
ATTEMPT 433 W0 START 4x2 seed=322543 2026-07-22T16:42:51.114
ATTEMPT 433 W0 SOLVE 4x2 2026-07-22T16:42:51.119
ATTEMPT 433 W0 DONE 4x2 seed=322543 nsol=16 0.03s 2026-07-22T16:42:51.146
ATTEMPT 434 W0 START 4x2 seed=322544 2026-07-22T16:42:51.146
ATTEMPT 434 W0 SOLVE 4x2 2026-07-22T16:42:51.155
ATTEMPT 434 W0 DONE 4x2 seed=322544 nsol=16 0.01s 2026-07-22T16:42:51.167
ATTEMPT 435 W0 START 4x2 seed=322545 2026-07-22T16:42:51.167
ATTEMPT 435 W0 SOLVE 4x2 2026-07-22T16:42:51.177
ATTEMPT 435 W0 DONE 4x2 seed=322545 nsol=16 0.01s 2026-07-22T16:42:51.194
ATTEMPT 436 W0 START 4x2 seed=322546 2026-07-22T16:42:51.195
ATTEMPT 436 W0 SOLVE 4x2 2026-07-22T16:42:51.205
ATTEMPT 436 W0 DONE 4x2 seed=322546 nsol=16 0.02s 2026-07-22T16:42:51.226
ATTEMPT 437 W0 START 4x2 seed=322547 2026-07-22T16:42:51.227
ATTEMPT 437 W0 SOLVE 4x2 2026-07-22T16:42:51.238
ATTEMPT 437 W0 DONE 4x2 seed=322547 nsol=16 0.01s 2026-07-22T16:42:51.251
ATTEMPT 438 W0 START 4x2 seed=322548 2026-07-22T16:42:51.251
ATTEMPT 438 W0 SOLVE 4x2 2026-07-22T16:42:51.268
ATTEMPT 438 W0 DONE 4x2 seed=322548 nsol=16 0.02s 2026-07-22T16:42:51.284
ATTEMPT 439 W0 START 4x2 seed=322549 2026-07-22T16:42:51.284
ATTEMPT 439 W0 SOLVE 4x2 2026-07-22T16:42:51.294
ATTEMPT 439 W0 DONE 4x2 seed=322549 nsol=16 0.01s 2026-07-22T16:42:51.311
ATTEMPT 440 W0 START 4x2 seed=322550 2026-07-22T16:42:51.311
ATTEMPT 440 W0 SOLVE 4x2 2026-07-22T16:42:51.330
ATTEMPT 440 W0 DONE 4x2 seed=322550 nsol=16 0.03s 2026-07-22T16:42:51.362
ATTEMPT 441 W0 START 4x2 seed=322551 2026-07-22T16:42:51.362
ATTEMPT 441 W0 SOLVE 4x2 2026-07-22T16:42:51.376
ATTEMPT 441 W0 DONE 4x2 seed=322551 nsol=16 0.02s 2026-07-22T16:42:51.402
ATTEMPT 442 W0 START 4x2 seed=322552 2026-07-22T16:42:51.402
ATTEMPT 442 W0 SOLVE 4x2 2026-07-22T16:42:51.430
ATTEMPT 442 W0 DONE 4x2 seed=322552 nsol=16 0.02s 2026-07-22T16:42:51.450
ATTEMPT 443 W0 START 4x2 seed=322553 2026-07-22T16:42:51.450
ATTEMPT 443 W0 SOLVE 4x2 2026-07-22T16:42:51.461
ATTEMPT 443 W0 DONE 4x2 seed=322553 nsol=16 0.02s 2026-07-22T16:42:51.492
ATTEMPT 444 W0 START 4x2 seed=322554 2026-07-22T16:42:51.492
ATTEMPT 444 W0 SOLVE 4x2 2026-07-22T16:42:51.504
ATTEMPT 444 W0 DONE 4x2 seed=322554 nsol=16 0.02s 2026-07-22T16:42:51.521
ATTEMPT 445 W0 START 4x2 seed=322555 2026-07-22T16:42:51.521
ATTEMPT 445 W0 SOLVE 4x2 2026-07-22T16:42:51.536
ATTEMPT 445 W0 DONE 4x2 seed=322555 nsol=16 0.02s 2026-07-22T16:42:51.554
ATTEMPT 446 W0 START 4x2 seed=322556 2026-07-22T16:42:51.554
ATTEMPT 446 W0 SOLVE 4x2 2026-07-22T16:42:51.569
ATTEMPT 446 W0 DONE 4x2 seed=322556 nsol=16 0.02s 2026-07-22T16:42:51.594
ATTEMPT 447 W0 START 4x2 seed=322557 2026-07-22T16:42:51.594
ATTEMPT 447 W0 SOLVE 4x2 2026-07-22T16:42:51.605
ATTEMPT 447 W0 DONE 4x2 seed=322557 nsol=16 0.02s 2026-07-22T16:42:51.630
ATTEMPT 448 W0 START 4x2 seed=322558 2026-07-22T16:42:51.630
ATTEMPT 448 W0 SOLVE 4x2 2026-07-22T16:42:51.641
ATTEMPT 448 W0 DONE 4x2 seed=322558 nsol=16 0.02s 2026-07-22T16:42:51.670
ATTEMPT 449 W0 START 4x2 seed=322559 2026-07-22T16:42:51.670
ATTEMPT 449 W0 SOLVE 4x2 2026-07-22T16:42:51.682
ATTEMPT 449 W0 DONE 4x2 seed=322559 nsol=16 0.02s 2026-07-22T16:42:51.708
ATTEMPT 450 W0 START 4x2 seed=322560 2026-07-22T16:42:51.709
ATTEMPT 450 W0 SOLVE 4x2 2026-07-22T16:42:51.714
ATTEMPT 450 W0 DONE 4x2 seed=322560 nsol=16 0.02s 2026-07-22T16:42:51.742
ATTEMPT 451 W0 START 4x2 seed=322561 2026-07-22T16:42:51.742
ATTEMPT 451 W0 SOLVE 4x2 2026-07-22T16:42:51.753
ATTEMPT 451 W0 DONE 4x2 seed=322561 nsol=16 0.03s 2026-07-22T16:42:51.782
ATTEMPT 452 W0 START 4x2 seed=322562 2026-07-22T16:42:51.782
ATTEMPT 452 W0 SOLVE 4x2 2026-07-22T16:42:51.790
ATTEMPT 452 W0 DONE 4x2 seed=322562 nsol=16 0.02s 2026-07-22T16:42:51.806
ATTEMPT 453 W0 START 4x2 seed=322563 2026-07-22T16:42:51.807
ATTEMPT 453 W0 SOLVE 4x2 2026-07-22T16:42:51.819
ATTEMPT 453 W0 DONE 4x2 seed=322563 nsol=16 0.01s 2026-07-22T16:42:51.830
ATTEMPT 454 W0 START 4x2 seed=322564 2026-07-22T16:42:51.830
ATTEMPT 454 W0 SOLVE 4x2 2026-07-22T16:42:51.841
ATTEMPT 454 W0 DONE 4x2 seed=322564 nsol=16 0.02s 2026-07-22T16:42:51.863
ATTEMPT 455 W0 START 4x2 seed=322565 2026-07-22T16:42:51.864
ATTEMPT 455 W0 SOLVE 4x2 2026-07-22T16:42:51.870
ATTEMPT 455 W0 DONE 4x2 seed=322565 nsol=16 0.02s 2026-07-22T16:42:51.887
ATTEMPT 456 W0 START 4x2 seed=322566 2026-07-22T16:42:51.888
ATTEMPT 456 W0 SOLVE 4x2 2026-07-22T16:42:51.893
ATTEMPT 456 W0 DONE 4x2 seed=322566 nsol=16 0.02s 2026-07-22T16:42:51.911
ATTEMPT 457 W0 START 4x2 seed=322567 2026-07-22T16:42:51.912
ATTEMPT 457 W0 SOLVE 4x2 2026-07-22T16:42:51.917
ATTEMPT 457 W0 DONE 4x2 seed=322567 nsol=16 0.01s 2026-07-22T16:42:51.929
ATTEMPT 458 W0 START 4x2 seed=322568 2026-07-22T16:42:51.931
ATTEMPT 458 W0 SOLVE 4x2 2026-07-22T16:42:51.937
ATTEMPT 458 W0 DONE 4x2 seed=322568 nsol=16 0.01s 2026-07-22T16:42:51.946
ATTEMPT 459 W0 START 4x2 seed=322569 2026-07-22T16:42:51.946
ATTEMPT 459 W0 SOLVE 4x2 2026-07-22T16:42:51.963
ATTEMPT 459 W0 DONE 4x2 seed=322569 nsol=16 0.02s 2026-07-22T16:42:51.984
ATTEMPT 460 W0 START 4x2 seed=322570 2026-07-22T16:42:51.984
ATTEMPT 460 W0 SOLVE 4x2 2026-07-22T16:42:51.989
ATTEMPT 460 W0 DONE 4x2 seed=322570 nsol=16 0.01s 2026-07-22T16:42:51.998
ATTEMPT 461 W0 START 4x2 seed=322571 2026-07-22T16:42:51.998
ATTEMPT 461 W0 SOLVE 4x2 2026-07-22T16:42:52.005
ATTEMPT 461 W0 DONE 4x2 seed=322571 nsol=16 0.03s 2026-07-22T16:42:52.030
ATTEMPT 462 W0 START 4x2 seed=322572 2026-07-22T16:42:52.031
ATTEMPT 462 W0 SOLVE 4x2 2026-07-22T16:42:52.036
ATTEMPT 462 W0 DONE 4x2 seed=322572 nsol=16 0.02s 2026-07-22T16:42:52.058
ATTEMPT 463 W0 START 4x2 seed=322573 2026-07-22T16:42:52.059
ATTEMPT 463 W0 SOLVE 4x2 2026-07-22T16:42:52.064
ATTEMPT 463 W0 DONE 4x2 seed=322573 nsol=16 0.04s 2026-07-22T16:42:52.106
ATTEMPT 464 W0 START 4x2 seed=322574 2026-07-22T16:42:52.117
ATTEMPT 464 W0 SOLVE 4x2 2026-07-22T16:42:52.136
ATTEMPT 464 W0 DONE 4x2 seed=322574 nsol=16 0.02s 2026-07-22T16:42:52.155
ATTEMPT 465 W0 START 4x2 seed=322575 2026-07-22T16:42:52.155
ATTEMPT 465 W0 SOLVE 4x2 2026-07-22T16:42:52.168
ATTEMPT 465 W0 DONE 4x2 seed=322575 nsol=16 0.02s 2026-07-22T16:42:52.184
ATTEMPT 466 W0 START 4x2 seed=322576 2026-07-22T16:42:52.184
ATTEMPT 466 W0 SOLVE 4x2 2026-07-22T16:42:52.203
ATTEMPT 466 W0 DONE 4x2 seed=322576 nsol=16 0.01s 2026-07-22T16:42:52.216
ATTEMPT 467 W0 START 4x2 seed=322577 2026-07-22T16:42:52.216
ATTEMPT 467 W0 SOLVE 4x2 2026-07-22T16:42:52.235
ATTEMPT 467 W0 DONE 4x2 seed=322577 nsol=16 0.02s 2026-07-22T16:42:52.251
ATTEMPT 468 W0 START 4x2 seed=322578 2026-07-22T16:42:52.252
ATTEMPT 468 W0 SOLVE 4x2 2026-07-22T16:42:52.266
ATTEMPT 468 W0 DONE 4x2 seed=322578 nsol=16 0.01s 2026-07-22T16:42:52.286
ATTEMPT 469 W0 START 4x2 seed=322579 2026-07-22T16:42:52.286
ATTEMPT 469 W0 SOLVE 4x2 2026-07-22T16:42:52.299
ATTEMPT 469 W0 DONE 4x2 seed=322579 nsol=16 0.01s 2026-07-22T16:42:52.306
ATTEMPT 470 W0 START 4x2 seed=322580 2026-07-22T16:42:52.307
ATTEMPT 470 W0 SOLVE 4x2 2026-07-22T16:42:52.317
ATTEMPT 470 W0 DONE 4x2 seed=322580 nsol=16 0.02s 2026-07-22T16:42:52.338
ATTEMPT 471 W0 START 4x2 seed=322581 2026-07-22T16:42:52.338
ATTEMPT 471 W0 SOLVE 4x2 2026-07-22T16:42:52.348
ATTEMPT 471 W0 DONE 4x2 seed=322581 nsol=16 0.02s 2026-07-22T16:42:52.374
ATTEMPT 472 W0 START 4x2 seed=322582 2026-07-22T16:42:52.374
ATTEMPT 472 W0 SOLVE 4x2 2026-07-22T16:42:52.384
ATTEMPT 472 W0 DONE 4x2 seed=322582 nsol=16 0.01s 2026-07-22T16:42:52.398
ATTEMPT 473 W0 START 4x2 seed=322583 2026-07-22T16:42:52.399
ATTEMPT 473 W0 SOLVE 4x2 2026-07-22T16:42:52.408
ATTEMPT 473 W0 DONE 4x2 seed=322583 nsol=16 0.01s 2026-07-22T16:42:52.421
ATTEMPT 474 W0 START 4x2 seed=322584 2026-07-22T16:42:52.422
ATTEMPT 474 W0 SOLVE 4x2 2026-07-22T16:42:52.431
ATTEMPT 474 W0 DONE 4x2 seed=322584 nsol=16 0.01s 2026-07-22T16:42:52.441
ATTEMPT 475 W0 START 4x2 seed=322585 2026-07-22T16:42:52.441
ATTEMPT 475 W0 SOLVE 4x2 2026-07-22T16:42:52.449
ATTEMPT 475 W0 DONE 4x2 seed=322585 nsol=16 0.02s 2026-07-22T16:42:52.470
ATTEMPT 476 W0 START 4x2 seed=322586 2026-07-22T16:42:52.470
ATTEMPT 476 W0 SOLVE 4x2 2026-07-22T16:42:52.476
ATTEMPT 476 W0 DONE 4x2 seed=322586 nsol=16 0.01s 2026-07-22T16:42:52.490
ATTEMPT 477 W0 START 4x2 seed=322587 2026-07-22T16:42:52.491
ATTEMPT 477 W0 SOLVE 4x2 2026-07-22T16:42:52.501
ATTEMPT 477 W0 DONE 4x2 seed=322587 nsol=16 0.03s 2026-07-22T16:42:52.527
ATTEMPT 478 W0 START 4x2 seed=322588 2026-07-22T16:42:52.528
ATTEMPT 478 W0 SOLVE 4x2 2026-07-22T16:42:52.539
ATTEMPT 478 W0 DONE 4x2 seed=322588 nsol=16 0.02s 2026-07-22T16:42:52.557
ATTEMPT 479 W0 START 4x2 seed=322589 2026-07-22T16:42:52.557
ATTEMPT 479 W0 SOLVE 4x2 2026-07-22T16:42:52.568
ATTEMPT 479 W0 DONE 4x2 seed=322589 nsol=16 0.02s 2026-07-22T16:42:52.590
ATTEMPT 480 W0 START 4x2 seed=322590 2026-07-22T16:42:52.590
ATTEMPT 480 W0 SOLVE 4x2 2026-07-22T16:42:52.596
ATTEMPT 480 W0 DONE 4x2 seed=322590 nsol=16 0.01s 2026-07-22T16:42:52.606
ATTEMPT 481 W0 START 4x2 seed=322591 2026-07-22T16:42:52.606
ATTEMPT 481 W0 SOLVE 4x2 2026-07-22T16:42:52.625
ATTEMPT 481 W0 DONE 4x2 seed=322591 nsol=16 0.01s 2026-07-22T16:42:52.638
ATTEMPT 482 W0 START 4x2 seed=322592 2026-07-22T16:42:52.638
ATTEMPT 482 W0 SOLVE 4x2 2026-07-22T16:42:52.655
ATTEMPT 482 W0 DONE 4x2 seed=322592 nsol=16 0.02s 2026-07-22T16:42:52.671
ATTEMPT 483 W0 START 4x2 seed=322593 2026-07-22T16:42:52.671
ATTEMPT 483 W0 SOLVE 4x2 2026-07-22T16:42:52.680
ATTEMPT 483 W0 DONE 4x2 seed=322593 nsol=16 0.02s 2026-07-22T16:42:52.702
ATTEMPT 484 W0 START 4x2 seed=322594 2026-07-22T16:42:52.703
ATTEMPT 484 W0 SOLVE 4x2 2026-07-22T16:42:52.712
ATTEMPT 484 W0 DONE 4x2 seed=322594 nsol=16 0.02s 2026-07-22T16:42:52.731
ATTEMPT 485 W0 START 4x2 seed=322595 2026-07-22T16:42:52.731
ATTEMPT 485 W0 SOLVE 4x2 2026-07-22T16:42:52.740
ATTEMPT 485 W0 DONE 4x2 seed=322595 nsol=16 0.01s 2026-07-22T16:42:52.749
ATTEMPT 486 W0 START 4x2 seed=322596 2026-07-22T16:42:52.750
ATTEMPT 486 W0 SOLVE 4x2 2026-07-22T16:42:52.759
ATTEMPT 486 W0 DONE 4x2 seed=322596 nsol=16 0.02s 2026-07-22T16:42:52.776
ATTEMPT 487 W0 START 4x2 seed=322597 2026-07-22T16:42:52.776
ATTEMPT 487 W0 SOLVE 4x2 2026-07-22T16:42:52.794
ATTEMPT 487 W0 DONE 4x2 seed=322597 nsol=16 0.01s 2026-07-22T16:42:52.803
ATTEMPT 488 W0 START 4x2 seed=322598 2026-07-22T16:42:52.803
ATTEMPT 488 W0 SOLVE 4x2 2026-07-22T16:42:52.817
ATTEMPT 488 W0 DONE 4x2 seed=322598 nsol=16 0.01s 2026-07-22T16:42:52.831
ATTEMPT 489 W0 START 4x2 seed=322599 2026-07-22T16:42:52.831
ATTEMPT 489 W0 SOLVE 4x2 2026-07-22T16:42:52.843
ATTEMPT 489 W0 DONE 4x2 seed=322599 nsol=16 0.02s 2026-07-22T16:42:52.863
ATTEMPT 490 W0 START 4x2 seed=322600 2026-07-22T16:42:52.863
ATTEMPT 490 W0 SOLVE 4x2 2026-07-22T16:42:52.873
ATTEMPT 490 W0 DONE 4x2 seed=322600 nsol=16 0.01s 2026-07-22T16:42:52.887
ATTEMPT 491 W0 START 4x2 seed=322601 2026-07-22T16:42:52.887
ATTEMPT 491 W0 SOLVE 4x2 2026-07-22T16:42:52.893
ATTEMPT 491 W0 DONE 4x2 seed=322601 nsol=16 0.03s 2026-07-22T16:42:52.919
ATTEMPT 492 W0 START 4x2 seed=322602 2026-07-22T16:42:52.919
ATTEMPT 492 W0 SOLVE 4x2 2026-07-22T16:42:52.930
ATTEMPT 492 W0 DONE 4x2 seed=322602 nsol=16 0.01s 2026-07-22T16:42:52.940
ATTEMPT 493 W0 START 4x2 seed=322603 2026-07-22T16:42:52.941
ATTEMPT 493 W0 SOLVE 4x2 2026-07-22T16:42:52.951
ATTEMPT 493 W0 DONE 4x2 seed=322603 nsol=16 0.02s 2026-07-22T16:42:52.966
ATTEMPT 494 W0 START 4x2 seed=322604 2026-07-22T16:42:52.966
ATTEMPT 494 W0 SOLVE 4x2 2026-07-22T16:42:52.977
ATTEMPT 494 W0 DONE 4x2 seed=322604 nsol=16 0.01s 2026-07-22T16:42:52.992
ATTEMPT 495 W0 START 4x2 seed=322605 2026-07-22T16:42:52.992
ATTEMPT 495 W0 SOLVE 4x2 2026-07-22T16:42:53.008
ATTEMPT 495 W0 DONE 4x2 seed=322605 nsol=16 0.02s 2026-07-22T16:42:53.034
ATTEMPT 496 W0 START 4x2 seed=322606 2026-07-22T16:42:53.034
ATTEMPT 496 W0 SOLVE 4x2 2026-07-22T16:42:53.045
ATTEMPT 496 W0 DONE 4x2 seed=322606 nsol=16 0.02s 2026-07-22T16:42:53.078
ATTEMPT 497 W0 START 4x2 seed=322607 2026-07-22T16:42:53.078
ATTEMPT 497 W0 SOLVE 4x2 2026-07-22T16:42:53.089
ATTEMPT 497 W0 DONE 4x2 seed=322607 nsol=16 0.02s 2026-07-22T16:42:53.115
ATTEMPT 498 W0 START 4x2 seed=322608 2026-07-22T16:42:53.115
ATTEMPT 498 W0 SOLVE 4x2 2026-07-22T16:42:53.126
ATTEMPT 498 W0 DONE 4x2 seed=322608 nsol=16 0.02s 2026-07-22T16:42:53.150
ATTEMPT 499 W0 START 4x2 seed=322609 2026-07-22T16:42:53.150
ATTEMPT 499 W0 SOLVE 4x2 2026-07-22T16:42:53.161
ATTEMPT 499 W0 DONE 4x2 seed=322609 nsol=16 0.01s 2026-07-22T16:42:53.180
ATTEMPT 500 W0 START 4x2 seed=322610 2026-07-22T16:42:53.181
ATTEMPT 500 W0 SOLVE 4x2 2026-07-22T16:42:53.186
ATTEMPT 500 W0 DONE 4x2 seed=322610 nsol=16 0.08s 2026-07-22T16:42:53.276
ATTEMPT 501 W0 START 4x2 seed=322611 2026-07-22T16:42:53.277
ATTEMPT 501 W0 SOLVE 4x2 2026-07-22T16:42:53.292
ATTEMPT 501 W0 DONE 4x2 seed=322611 nsol=16 0.02s 2026-07-22T16:42:53.310
ATTEMPT 502 W0 START 4x2 seed=322612 2026-07-22T16:42:53.311
ATTEMPT 502 W0 SOLVE 4x2 2026-07-22T16:42:53.326
ATTEMPT 502 W0 DONE 4x2 seed=322612 nsol=16 0.01s 2026-07-22T16:42:53.332
ATTEMPT 503 W0 START 4x2 seed=322613 2026-07-22T16:42:53.333
ATTEMPT 503 W0 SOLVE 4x2 2026-07-22T16:42:53.346
ATTEMPT 503 W0 DONE 4x2 seed=322613 nsol=16 0.00s 2026-07-22T16:42:53.351
ATTEMPT 504 W0 START 4x2 seed=322614 2026-07-22T16:42:53.351
ATTEMPT 504 W0 SOLVE 4x2 2026-07-22T16:42:53.367
ATTEMPT 504 W0 DONE 4x2 seed=322614 nsol=16 0.02s 2026-07-22T16:42:53.386
ATTEMPT 505 W0 START 4x2 seed=322615 2026-07-22T16:42:53.386
ATTEMPT 505 W0 SOLVE 4x2 2026-07-22T16:42:53.397
ATTEMPT 505 W0 DONE 4x2 seed=322615 nsol=16 0.01s 2026-07-22T16:42:53.411
ATTEMPT 506 W0 START 4x2 seed=322616 2026-07-22T16:42:53.411
ATTEMPT 506 W0 SOLVE 4x2 2026-07-22T16:42:53.421
ATTEMPT 506 W0 DONE 4x2 seed=322616 nsol=16 0.00s 2026-07-22T16:42:53.430
ATTEMPT 507 W0 START 4x2 seed=322617 2026-07-22T16:42:53.430
ATTEMPT 507 W0 SOLVE 4x2 2026-07-22T16:42:53.441
ATTEMPT 507 W0 DONE 4x2 seed=322617 nsol=16 0.02s 2026-07-22T16:42:53.462
ATTEMPT 508 W0 START 4x2 seed=322618 2026-07-22T16:42:53.462
ATTEMPT 508 W0 SOLVE 4x2 2026-07-22T16:42:53.474
ATTEMPT 508 W0 DONE 4x2 seed=322618 nsol=16 0.02s 2026-07-22T16:42:53.499
ATTEMPT 509 W0 START 4x2 seed=322619 2026-07-22T16:42:53.499
ATTEMPT 509 W0 SOLVE 4x2 2026-07-22T16:42:53.505
ATTEMPT 509 W0 DONE 4x2 seed=322619 nsol=16 0.01s 2026-07-22T16:42:53.521
ATTEMPT 510 W0 START 4x2 seed=322620 2026-07-22T16:42:53.522
ATTEMPT 510 W0 SOLVE 4x2 2026-07-22T16:42:53.531
ATTEMPT 510 W0 DONE 4x2 seed=322620 nsol=16 0.01s 2026-07-22T16:42:53.544
ATTEMPT 511 W0 START 4x2 seed=322621 2026-07-22T16:42:53.544
ATTEMPT 511 W0 SOLVE 4x2 2026-07-22T16:42:53.550
ATTEMPT 511 W0 DONE 4x2 seed=322621 nsol=16 0.03s 2026-07-22T16:42:53.582
ATTEMPT 512 W0 START 4x2 seed=322622 2026-07-22T16:42:53.582
ATTEMPT 512 W0 SOLVE 4x2 2026-07-22T16:42:53.587
ATTEMPT 512 W0 DONE 4x2 seed=322622 nsol=16 0.02s 2026-07-22T16:42:53.618
ATTEMPT 513 W0 START 4x2 seed=322623 2026-07-22T16:42:53.618
ATTEMPT 513 W0 SOLVE 4x2 2026-07-22T16:42:53.626
ATTEMPT 513 W0 DONE 4x2 seed=322623 nsol=16 0.02s 2026-07-22T16:42:53.650
ATTEMPT 514 W0 START 4x2 seed=322624 2026-07-22T16:42:53.650
ATTEMPT 514 W0 SOLVE 4x2 2026-07-22T16:42:53.665
ATTEMPT 514 W0 DONE 4x2 seed=322624 nsol=16 0.02s 2026-07-22T16:42:53.686
ATTEMPT 515 W0 START 4x2 seed=322625 2026-07-22T16:42:53.687
ATTEMPT 515 W0 SOLVE 4x2 2026-07-22T16:42:53.701
ATTEMPT 515 W0 DONE 4x2 seed=322625 nsol=16 0.01s 2026-07-22T16:42:53.714
ATTEMPT 516 W0 START 4x2 seed=322626 2026-07-22T16:42:53.714
ATTEMPT 516 W0 SOLVE 4x2 2026-07-22T16:42:53.733
ATTEMPT 516 W0 DONE 4x2 seed=322626 nsol=16 0.01s 2026-07-22T16:42:53.749
ATTEMPT 517 W0 START 4x2 seed=322627 2026-07-22T16:42:53.750
ATTEMPT 517 W0 SOLVE 4x2 2026-07-22T16:42:53.758
ATTEMPT 517 W0 DONE 4x2 seed=322627 nsol=16 0.02s 2026-07-22T16:42:53.787
ATTEMPT 518 W0 START 4x2 seed=322628 2026-07-22T16:42:53.787
ATTEMPT 518 W0 SOLVE 4x2 2026-07-22T16:42:53.801
ATTEMPT 518 W0 DONE 4x2 seed=322628 nsol=16 0.02s 2026-07-22T16:42:53.822
ATTEMPT 519 W0 START 4x2 seed=322629 2026-07-22T16:42:53.822
ATTEMPT 519 W0 SOLVE 4x2 2026-07-22T16:42:53.828
ATTEMPT 519 W0 DONE 4x2 seed=322629 nsol=16 0.03s 2026-07-22T16:42:53.856
ATTEMPT 520 W0 START 4x2 seed=322630 2026-07-22T16:42:53.856
ATTEMPT 520 W0 SOLVE 4x2 2026-07-22T16:42:53.879
ATTEMPT 520 W0 DONE 4x2 seed=322630 nsol=16 0.02s 2026-07-22T16:42:53.898
ATTEMPT 521 W0 START 4x2 seed=322631 2026-07-22T16:42:53.898
ATTEMPT 521 W0 SOLVE 4x2 2026-07-22T16:42:53.909
ATTEMPT 521 W0 DONE 4x2 seed=322631 nsol=16 0.02s 2026-07-22T16:42:53.934
ATTEMPT 522 W0 START 4x2 seed=322632 2026-07-22T16:42:53.934
ATTEMPT 522 W0 SOLVE 4x2 2026-07-22T16:42:53.949
ATTEMPT 522 W0 DONE 4x2 seed=322632 nsol=16 0.01s 2026-07-22T16:42:53.968
ATTEMPT 523 W0 START 4x2 seed=322633 2026-07-22T16:42:53.969
ATTEMPT 523 W0 SOLVE 4x2 2026-07-22T16:42:53.982
ATTEMPT 523 W0 DONE 4x2 seed=322633 nsol=16 0.02s 2026-07-22T16:42:53.999
ATTEMPT 524 W0 START 4x2 seed=322634 2026-07-22T16:42:53.999
ATTEMPT 524 W0 SOLVE 4x2 2026-07-22T16:42:54.021
ATTEMPT 524 W0 DONE 4x2 seed=322634 nsol=16 0.01s 2026-07-22T16:42:54.040
ATTEMPT 525 W0 START 4x2 seed=322635 2026-07-22T16:42:54.041
ATTEMPT 525 W0 SOLVE 4x2 2026-07-22T16:42:54.059
ATTEMPT 525 W0 DONE 4x2 seed=322635 nsol=16 0.03s 2026-07-22T16:42:54.090
ATTEMPT 526 W0 START 4x2 seed=322636 2026-07-22T16:42:54.090
ATTEMPT 526 W0 SOLVE 4x2 2026-07-22T16:42:54.100
ATTEMPT 526 W0 DONE 4x2 seed=322636 nsol=16 0.03s 2026-07-22T16:42:54.130
ATTEMPT 527 W0 START 4x2 seed=322637 2026-07-22T16:42:54.130
ATTEMPT 527 W0 SOLVE 4x2 2026-07-22T16:42:54.141
ATTEMPT 527 W0 DONE 4x2 seed=322637 nsol=16 0.03s 2026-07-22T16:42:54.170
ATTEMPT 528 W0 START 4x2 seed=322638 2026-07-22T16:42:54.170
ATTEMPT 528 W0 SOLVE 4x2 2026-07-22T16:42:54.181
ATTEMPT 528 W0 DONE 4x2 seed=322638 nsol=16 0.04s 2026-07-22T16:42:54.223
ATTEMPT 529 W0 START 4x2 seed=322639 2026-07-22T16:42:54.223
ATTEMPT 529 W0 SOLVE 4x2 2026-07-22T16:42:54.236
ATTEMPT 529 W0 DONE 4x2 seed=322639 nsol=16 0.02s 2026-07-22T16:42:54.258
ATTEMPT 530 W0 START 4x2 seed=322640 2026-07-22T16:42:54.259
ATTEMPT 530 W0 SOLVE 4x2 2026-07-22T16:42:54.269
ATTEMPT 530 W0 DONE 4x2 seed=322640 nsol=16 0.02s 2026-07-22T16:42:54.285
ATTEMPT 531 W0 START 4x2 seed=322641 2026-07-22T16:42:54.285
ATTEMPT 531 W0 SOLVE 4x2 2026-07-22T16:42:54.308
ATTEMPT 531 W0 DONE 4x2 seed=322641 nsol=16 0.02s 2026-07-22T16:42:54.332
ATTEMPT 532 W0 START 4x2 seed=322642 2026-07-22T16:42:54.332
ATTEMPT 532 W0 SOLVE 4x2 2026-07-22T16:42:54.356
ATTEMPT 532 W0 DONE 4x2 seed=322642 nsol=16 0.02s 2026-07-22T16:42:54.378
ATTEMPT 533 W0 START 4x2 seed=322643 2026-07-22T16:42:54.379
ATTEMPT 533 W0 SOLVE 4x2 2026-07-22T16:42:54.389
ATTEMPT 533 W0 DONE 4x2 seed=322643 nsol=16 0.03s 2026-07-22T16:42:54.418
ATTEMPT 534 W0 START 4x2 seed=322644 2026-07-22T16:42:54.418
ATTEMPT 534 W0 SOLVE 4x2 2026-07-22T16:42:54.433
ATTEMPT 534 W0 DONE 4x2 seed=322644 nsol=16 0.04s 2026-07-22T16:42:54.470
ATTEMPT 535 W0 START 4x2 seed=322645 2026-07-22T16:42:54.470
ATTEMPT 535 W0 SOLVE 4x2 2026-07-22T16:42:54.484
ATTEMPT 535 W0 DONE 4x2 seed=322645 nsol=16 0.03s 2026-07-22T16:42:54.510
ATTEMPT 536 W0 START 4x2 seed=322646 2026-07-22T16:42:54.510
ATTEMPT 536 W0 SOLVE 4x2 2026-07-22T16:42:54.516
ATTEMPT 536 W0 DONE 4x2 seed=322646 nsol=16 0.03s 2026-07-22T16:42:54.542
ATTEMPT 537 W0 START 4x2 seed=322647 2026-07-22T16:42:54.543
ATTEMPT 537 W0 SOLVE 4x2 2026-07-22T16:42:54.557
ATTEMPT 537 W0 DONE 4x2 seed=322647 nsol=16 0.01s 2026-07-22T16:42:54.574
ATTEMPT 538 W0 START 4x2 seed=322648 2026-07-22T16:42:54.574
ATTEMPT 538 W0 SOLVE 4x2 2026-07-22T16:42:54.584
ATTEMPT 538 W0 DONE 4x2 seed=322648 nsol=16 0.03s 2026-07-22T16:42:54.618
ATTEMPT 539 W0 START 4x2 seed=322649 2026-07-22T16:42:54.618
ATTEMPT 539 W0 SOLVE 4x2 2026-07-22T16:42:54.630
ATTEMPT 539 W0 DONE 4x2 seed=322649 nsol=16 0.03s 2026-07-22T16:42:54.667
ATTEMPT 540 W0 START 4x2 seed=322650 2026-07-22T16:42:54.667
ATTEMPT 540 W0 SOLVE 4x2 2026-07-22T16:42:54.676
ATTEMPT 540 W0 DONE 4x2 seed=322650 nsol=16 0.12s 2026-07-22T16:42:54.803
ATTEMPT 541 W0 START 4x2 seed=322651 2026-07-22T16:42:54.810
ATTEMPT 541 W0 SOLVE 4x2 2026-07-22T16:42:54.830
ATTEMPT 541 W0 DONE 4x2 seed=322651 nsol=16 0.02s 2026-07-22T16:42:54.850
ATTEMPT 542 W0 START 4x2 seed=322652 2026-07-22T16:42:54.851
ATTEMPT 542 W0 SOLVE 4x2 2026-07-22T16:42:54.864
ATTEMPT 542 W0 DONE 4x2 seed=322652 nsol=16 0.03s 2026-07-22T16:42:54.892
ATTEMPT 543 W0 START 4x2 seed=322653 2026-07-22T16:42:54.893
ATTEMPT 543 W0 SOLVE 4x2 2026-07-22T16:42:54.908
ATTEMPT 543 W0 DONE 4x2 seed=322653 nsol=16 0.02s 2026-07-22T16:42:54.926
ATTEMPT 544 W0 START 4x2 seed=322654 2026-07-22T16:42:54.926
ATTEMPT 544 W0 SOLVE 4x2 2026-07-22T16:42:54.931
ATTEMPT 544 W0 DONE 4x2 seed=322654 nsol=16 0.01s 2026-07-22T16:42:54.946
ATTEMPT 545 W0 START 4x2 seed=322655 2026-07-22T16:42:54.946
ATTEMPT 545 W0 SOLVE 4x2 2026-07-22T16:42:54.964
ATTEMPT 545 W0 DONE 4x2 seed=322655 nsol=16 0.03s 2026-07-22T16:42:54.991
ATTEMPT 546 W0 START 4x2 seed=322656 2026-07-22T16:42:54.991
ATTEMPT 546 W0 SOLVE 4x2 2026-07-22T16:42:54.998
ATTEMPT 546 W0 DONE 4x2 seed=322656 nsol=16 0.02s 2026-07-22T16:42:55.022
ATTEMPT 547 W0 START 4x2 seed=322657 2026-07-22T16:42:55.022
ATTEMPT 547 W0 SOLVE 4x2 2026-07-22T16:42:55.037
ATTEMPT 547 W0 DONE 4x2 seed=322657 nsol=16 0.02s 2026-07-22T16:42:55.059
ATTEMPT 548 W0 START 4x2 seed=322658 2026-07-22T16:42:55.059
ATTEMPT 548 W0 SOLVE 4x2 2026-07-22T16:42:55.065
ATTEMPT 548 W0 DONE 4x2 seed=322658 nsol=16 0.02s 2026-07-22T16:42:55.090
ATTEMPT 549 W0 START 4x2 seed=322659 2026-07-22T16:42:55.090
ATTEMPT 549 W0 SOLVE 4x2 2026-07-22T16:42:55.097
ATTEMPT 549 W0 DONE 4x2 seed=322659 nsol=16 0.02s 2026-07-22T16:42:55.114
ATTEMPT 550 W0 START 4x2 seed=322660 2026-07-22T16:42:55.114
ATTEMPT 550 W0 SOLVE 4x2 2026-07-22T16:42:55.122
ATTEMPT 550 W0 DONE 4x2 seed=322660 nsol=16 0.01s 2026-07-22T16:42:55.131
ATTEMPT 551 W0 START 4x2 seed=322661 2026-07-22T16:42:55.131
ATTEMPT 551 W0 SOLVE 4x2 2026-07-22T16:42:55.136
ATTEMPT 551 W0 DONE 4x2 seed=322661 nsol=16 0.01s 2026-07-22T16:42:55.150
ATTEMPT 552 W0 START 4x2 seed=322662 2026-07-22T16:42:55.150
ATTEMPT 552 W0 SOLVE 4x2 2026-07-22T16:42:55.155
ATTEMPT 552 W0 DONE 4x2 seed=322662 nsol=16 0.01s 2026-07-22T16:42:55.170
ATTEMPT 553 W0 START 4x2 seed=322663 2026-07-22T16:42:55.170
ATTEMPT 553 W0 SOLVE 4x2 2026-07-22T16:42:55.176
ATTEMPT 553 W0 DONE 4x2 seed=322663 nsol=16 0.01s 2026-07-22T16:42:55.190
ATTEMPT 554 W0 START 4x2 seed=322664 2026-07-22T16:42:55.190
ATTEMPT 554 W0 SOLVE 4x2 2026-07-22T16:42:55.200
ATTEMPT 554 W0 DONE 4x2 seed=322664 nsol=16 0.02s 2026-07-22T16:42:55.218
ATTEMPT 555 W0 START 4x2 seed=322665 2026-07-22T16:42:55.218
ATTEMPT 555 W0 SOLVE 4x2 2026-07-22T16:42:55.224
ATTEMPT 555 W0 DONE 4x2 seed=322665 nsol=16 0.02s 2026-07-22T16:42:55.246
ATTEMPT 556 W0 START 4x2 seed=322666 2026-07-22T16:42:55.246
ATTEMPT 556 W0 SOLVE 4x2 2026-07-22T16:42:55.252
ATTEMPT 556 W0 DONE 4x2 seed=322666 nsol=16 0.01s 2026-07-22T16:42:55.266
ATTEMPT 557 W0 START 4x2 seed=322667 2026-07-22T16:42:55.266
ATTEMPT 557 W0 SOLVE 4x2 2026-07-22T16:42:55.271
ATTEMPT 557 W0 DONE 4x2 seed=322667 nsol=16 0.01s 2026-07-22T16:42:55.281
ATTEMPT 558 W0 START 4x2 seed=322668 2026-07-22T16:42:55.281
ATTEMPT 558 W0 SOLVE 4x2 2026-07-22T16:42:55.289
ATTEMPT 558 W0 DONE 4x2 seed=322668 nsol=16 0.01s 2026-07-22T16:42:55.300
ATTEMPT 559 W0 START 4x2 seed=322669 2026-07-22T16:42:55.300
ATTEMPT 559 W0 SOLVE 4x2 2026-07-22T16:42:55.308
ATTEMPT 559 W0 DONE 4x2 seed=322669 nsol=16 0.02s 2026-07-22T16:42:55.331
ATTEMPT 560 W0 START 4x2 seed=322670 2026-07-22T16:42:55.331
ATTEMPT 560 W0 SOLVE 4x2 2026-07-22T16:42:55.336
ATTEMPT 560 W0 DONE 4x2 seed=322670 nsol=16 0.02s 2026-07-22T16:42:55.352
ATTEMPT 561 W0 START 4x2 seed=322671 2026-07-22T16:42:55.353
ATTEMPT 561 W0 SOLVE 4x2 2026-07-22T16:42:55.360
ATTEMPT 561 W0 DONE 4x2 seed=322671 nsol=16 0.01s 2026-07-22T16:42:55.374
ATTEMPT 562 W0 START 4x2 seed=322672 2026-07-22T16:42:55.374
ATTEMPT 562 W0 SOLVE 4x2 2026-07-22T16:42:55.379
ATTEMPT 562 W0 DONE 4x2 seed=322672 nsol=16 0.02s 2026-07-22T16:42:55.398
ATTEMPT 563 W0 START 4x2 seed=322673 2026-07-22T16:42:55.398
ATTEMPT 563 W0 SOLVE 4x2 2026-07-22T16:42:55.404
ATTEMPT 563 W0 DONE 4x2 seed=322673 nsol=16 0.02s 2026-07-22T16:42:55.420
ATTEMPT 564 W0 START 4x2 seed=322674 2026-07-22T16:42:55.421
ATTEMPT 564 W0 SOLVE 4x2 2026-07-22T16:42:55.426
ATTEMPT 564 W0 DONE 4x2 seed=322674 nsol=16 0.01s 2026-07-22T16:42:55.438
ATTEMPT 565 W0 START 4x2 seed=322675 2026-07-22T16:42:55.438
ATTEMPT 565 W0 SOLVE 4x2 2026-07-22T16:42:55.449
ATTEMPT 565 W0 DONE 4x2 seed=322675 nsol=16 0.02s 2026-07-22T16:42:55.471
ATTEMPT 566 W0 START 4x2 seed=322676 2026-07-22T16:42:55.471
ATTEMPT 566 W0 SOLVE 4x2 2026-07-22T16:42:55.476
ATTEMPT 566 W0 DONE 4x2 seed=322676 nsol=16 0.01s 2026-07-22T16:42:55.490
ATTEMPT 567 W0 START 4x2 seed=322677 2026-07-22T16:42:55.490
ATTEMPT 567 W0 SOLVE 4x2 2026-07-22T16:42:55.509
ATTEMPT 567 W0 DONE 4x2 seed=322677 nsol=16 0.03s 2026-07-22T16:42:55.538
ATTEMPT 568 W0 START 4x2 seed=322678 2026-07-22T16:42:55.539
ATTEMPT 568 W0 SOLVE 4x2 2026-07-22T16:42:55.544
ATTEMPT 568 W0 DONE 4x2 seed=322678 nsol=16 0.01s 2026-07-22T16:42:55.561
ATTEMPT 569 W0 START 4x2 seed=322679 2026-07-22T16:42:55.561
ATTEMPT 569 W0 SOLVE 4x2 2026-07-22T16:42:55.571
ATTEMPT 569 W0 DONE 4x2 seed=322679 nsol=16 0.02s 2026-07-22T16:42:55.591
ATTEMPT 570 W0 START 4x2 seed=322680 2026-07-22T16:42:55.591
ATTEMPT 570 W0 SOLVE 4x2 2026-07-22T16:42:55.596
ATTEMPT 570 W0 DONE 4x2 seed=322680 nsol=16 0.01s 2026-07-22T16:42:55.607
ATTEMPT 571 W0 START 4x2 seed=322681 2026-07-22T16:42:55.607
ATTEMPT 571 W0 SOLVE 4x2 2026-07-22T16:42:55.613
ATTEMPT 571 W0 DONE 4x2 seed=322681 nsol=16 0.01s 2026-07-22T16:42:55.626
ATTEMPT 572 W0 START 4x2 seed=322682 2026-07-22T16:42:55.626
ATTEMPT 572 W0 SOLVE 4x2 2026-07-22T16:42:55.631
ATTEMPT 572 W0 DONE 4x2 seed=322682 nsol=16 0.01s 2026-07-22T16:42:55.639
ATTEMPT 573 W0 START 4x2 seed=322683 2026-07-22T16:42:55.639
ATTEMPT 573 W0 SOLVE 4x2 2026-07-22T16:42:55.645
ATTEMPT 573 W0 DONE 4x2 seed=322683 nsol=16 0.02s 2026-07-22T16:42:55.666
ATTEMPT 574 W0 START 4x2 seed=322684 2026-07-22T16:42:55.667
ATTEMPT 574 W0 SOLVE 4x2 2026-07-22T16:42:55.674
ATTEMPT 574 W0 DONE 4x2 seed=322684 nsol=16 0.03s 2026-07-22T16:42:55.702
ATTEMPT 575 W0 START 4x2 seed=322685 2026-07-22T16:42:55.702
ATTEMPT 575 W0 SOLVE 4x2 2026-07-22T16:42:55.711
ATTEMPT 575 W0 DONE 4x2 seed=322685 nsol=16 0.01s 2026-07-22T16:42:55.725
ATTEMPT 576 W0 START 4x2 seed=322686 2026-07-22T16:42:55.725
ATTEMPT 576 W0 SOLVE 4x2 2026-07-22T16:42:55.731
ATTEMPT 576 W0 DONE 4x2 seed=322686 nsol=16 0.01s 2026-07-22T16:42:55.743
ATTEMPT 577 W0 START 4x2 seed=322687 2026-07-22T16:42:55.743
ATTEMPT 577 W0 SOLVE 4x2 2026-07-22T16:42:55.748
ATTEMPT 577 W0 DONE 4x2 seed=322687 nsol=16 0.02s 2026-07-22T16:42:55.773
ATTEMPT 578 W0 START 4x2 seed=322688 2026-07-22T16:42:55.773
ATTEMPT 578 W0 SOLVE 4x2 2026-07-22T16:42:55.779
ATTEMPT 578 W0 DONE 4x2 seed=322688 nsol=16 0.02s 2026-07-22T16:42:55.803
ATTEMPT 579 W0 START 4x2 seed=322689 2026-07-22T16:42:55.803
ATTEMPT 579 W0 SOLVE 4x2 2026-07-22T16:42:55.808
ATTEMPT 579 W0 DONE 4x2 seed=322689 nsol=16 0.06s 2026-07-22T16:42:55.866
ATTEMPT 580 W0 START 4x2 seed=322690 2026-07-22T16:42:55.867
ATTEMPT 580 W0 SOLVE 4x2 2026-07-22T16:42:55.873
ATTEMPT 580 W0 DONE 4x2 seed=322690 nsol=16 0.02s 2026-07-22T16:42:55.890
ATTEMPT 581 W0 START 4x2 seed=322691 2026-07-22T16:42:55.890
ATTEMPT 581 W0 SOLVE 4x2 2026-07-22T16:42:55.900
ATTEMPT 581 W0 DONE 4x2 seed=322691 nsol=16 0.01s 2026-07-22T16:42:55.910
ATTEMPT 582 W0 START 4x2 seed=322692 2026-07-22T16:42:55.910
ATTEMPT 582 W0 SOLVE 4x2 2026-07-22T16:42:55.923
ATTEMPT 582 W0 DONE 4x2 seed=322692 nsol=16 0.02s 2026-07-22T16:42:55.942
ATTEMPT 583 W0 START 4x2 seed=322693 2026-07-22T16:42:55.943
ATTEMPT 583 W0 SOLVE 4x2 2026-07-22T16:42:55.948
ATTEMPT 583 W0 DONE 4x2 seed=322693 nsol=16 0.02s 2026-07-22T16:42:55.970
ATTEMPT 584 W0 START 4x2 seed=322694 2026-07-22T16:42:55.970
ATTEMPT 584 W0 SOLVE 4x2 2026-07-22T16:42:55.980
ATTEMPT 584 W0 DONE 4x2 seed=322694 nsol=16 0.02s 2026-07-22T16:42:55.998
ATTEMPT 585 W0 START 4x2 seed=322695 2026-07-22T16:42:55.998
ATTEMPT 585 W0 SOLVE 4x2 2026-07-22T16:42:56.004
ATTEMPT 585 W0 DONE 4x2 seed=322695 nsol=16 0.02s 2026-07-22T16:42:56.028
ATTEMPT 586 W0 START 4x2 seed=322696 2026-07-22T16:42:56.029
ATTEMPT 586 W0 SOLVE 4x2 2026-07-22T16:42:56.035
ATTEMPT 586 W0 DONE 4x2 seed=322696 nsol=16 0.02s 2026-07-22T16:42:56.050
ATTEMPT 587 W0 START 4x2 seed=322697 2026-07-22T16:42:56.050
ATTEMPT 587 W0 SOLVE 4x2 2026-07-22T16:42:56.058
ATTEMPT 587 W0 DONE 4x2 seed=322697 nsol=16 0.02s 2026-07-22T16:42:56.074
ATTEMPT 588 W0 START 4x2 seed=322698 2026-07-22T16:42:56.074
ATTEMPT 588 W0 SOLVE 4x2 2026-07-22T16:42:56.081
ATTEMPT 588 W0 DONE 4x2 seed=322698 nsol=16 0.02s 2026-07-22T16:42:56.098
ATTEMPT 589 W0 START 4x2 seed=322699 2026-07-22T16:42:56.100
ATTEMPT 589 W0 SOLVE 4x2 2026-07-22T16:42:56.109
ATTEMPT 589 W0 DONE 4x2 seed=322699 nsol=16 0.02s 2026-07-22T16:42:56.130
ATTEMPT 590 W0 START 4x2 seed=322700 2026-07-22T16:42:56.131
ATTEMPT 590 W0 SOLVE 4x2 2026-07-22T16:42:56.136
ATTEMPT 590 W0 DONE 4x2 seed=322700 nsol=16 0.02s 2026-07-22T16:42:56.158
ATTEMPT 591 W0 START 4x2 seed=322701 2026-07-22T16:42:56.158
ATTEMPT 591 W0 SOLVE 4x2 2026-07-22T16:42:56.166
ATTEMPT 591 W0 DONE 4x2 seed=322701 nsol=16 0.02s 2026-07-22T16:42:56.185
ATTEMPT 592 W0 START 4x2 seed=322702 2026-07-22T16:42:56.185
ATTEMPT 592 W0 SOLVE 4x2 2026-07-22T16:42:56.197
ATTEMPT 592 W0 DONE 4x2 seed=322702 nsol=16 0.02s 2026-07-22T16:42:56.220
ATTEMPT 593 W0 START 4x2 seed=322703 2026-07-22T16:42:56.220
ATTEMPT 593 W0 SOLVE 4x2 2026-07-22T16:42:56.226
ATTEMPT 593 W0 DONE 4x2 seed=322703 nsol=16 0.02s 2026-07-22T16:42:56.242
ATTEMPT 594 W0 START 4x2 seed=322704 2026-07-22T16:42:56.242
ATTEMPT 594 W0 SOLVE 4x2 2026-07-22T16:42:56.250
ATTEMPT 594 W0 DONE 4x2 seed=322704 nsol=16 0.02s 2026-07-22T16:42:56.271
ATTEMPT 595 W0 START 4x2 seed=322705 2026-07-22T16:42:56.271
ATTEMPT 595 W0 SOLVE 4x2 2026-07-22T16:42:56.278
ATTEMPT 595 W0 DONE 4x2 seed=322705 nsol=16 0.02s 2026-07-22T16:42:56.294
ATTEMPT 596 W0 START 4x2 seed=322706 2026-07-22T16:42:56.294
ATTEMPT 596 W0 SOLVE 4x2 2026-07-22T16:42:56.300
ATTEMPT 596 W0 DONE 4x2 seed=322706 nsol=16 0.02s 2026-07-22T16:42:56.322
ATTEMPT 597 W0 START 4x2 seed=322707 2026-07-22T16:42:56.322
ATTEMPT 597 W0 SOLVE 4x2 2026-07-22T16:42:56.327
ATTEMPT 597 W0 DONE 4x2 seed=322707 nsol=16 0.01s 2026-07-22T16:42:56.338
ATTEMPT 598 W0 START 4x2 seed=322708 2026-07-22T16:42:56.338
ATTEMPT 598 W0 SOLVE 4x2 2026-07-22T16:42:56.344
ATTEMPT 598 W0 DONE 4x2 seed=322708 nsol=16 0.01s 2026-07-22T16:42:56.354
ATTEMPT 599 W0 START 4x2 seed=322709 2026-07-22T16:42:56.354
ATTEMPT 599 W0 SOLVE 4x2 2026-07-22T16:42:56.360
ATTEMPT 599 W0 DONE 4x2 seed=322709 nsol=16 0.01s 2026-07-22T16:42:56.370
ATTEMPT 600 W0 START 4x2 seed=322710 2026-07-22T16:42:56.370
ATTEMPT 600 W0 SOLVE 4x2 2026-07-22T16:42:56.376
ATTEMPT 600 W0 DONE 4x2 seed=322710 nsol=16 0.01s 2026-07-22T16:42:56.386
HUNT2 complete 2026-07-22T16:42:56.398
