HUNT2 start mode=seq hcthr=on nworkers=0 nthreads=14 ngcthreads=14 nsolves=600 seed_base=203667 shape=4x2 pid=1938488 julia=1.12.6 HC=2.20.0 2026-07-22T16:38:56.725
ATTEMPT 1 W0 START 4x2 seed=203668 2026-07-22T16:39:02.375
ATTEMPT 1 W0 SOLVE 4x2 2026-07-22T16:39:03.860
Computing mixed cells... 2    Time: 0:00:01[K
   mixed_volume: 5[K[A
[K[AComputing mixed cells... 7    Time: 0:00:01[K
   mixed_volume: 16[K
ATTEMPT 1 W0 DONE 4x2 seed=203668 nsol=16 95.60s 2026-07-22T16:40:39.987
ATTEMPT 2 W0 START 4x2 seed=203669 2026-07-22T16:40:41.279
ATTEMPT 2 W0 SOLVE 4x2 2026-07-22T16:40:41.297
ATTEMPT 2 W0 DONE 4x2 seed=203669 nsol=16 0.02s 2026-07-22T16:40:41.325
ATTEMPT 3 W0 START 4x2 seed=203670 2026-07-22T16:40:41.325
ATTEMPT 3 W0 SOLVE 4x2 2026-07-22T16:40:41.339
ATTEMPT 3 W0 DONE 4x2 seed=203670 nsol=16 0.02s 2026-07-22T16:40:41.358
ATTEMPT 4 W0 START 4x2 seed=203671 2026-07-22T16:40:41.358
ATTEMPT 4 W0 SOLVE 4x2 2026-07-22T16:40:41.368
ATTEMPT 4 W0 DONE 4x2 seed=203671 nsol=16 0.02s 2026-07-22T16:40:41.391
ATTEMPT 5 W0 START 4x2 seed=203672 2026-07-22T16:40:41.391
ATTEMPT 5 W0 SOLVE 4x2 2026-07-22T16:40:41.400
ATTEMPT 5 W0 DONE 4x2 seed=203672 nsol=16 0.03s 2026-07-22T16:40:41.429
ATTEMPT 6 W0 START 4x2 seed=203673 2026-07-22T16:40:41.430
ATTEMPT 6 W0 SOLVE 4x2 2026-07-22T16:40:41.439
ATTEMPT 6 W0 DONE 4x2 seed=203673 nsol=16 0.03s 2026-07-22T16:40:41.471
ATTEMPT 7 W0 START 4x2 seed=203674 2026-07-22T16:40:41.471
ATTEMPT 7 W0 SOLVE 4x2 2026-07-22T16:40:41.477
ATTEMPT 7 W0 DONE 4x2 seed=203674 nsol=16 0.03s 2026-07-22T16:40:41.502
ATTEMPT 8 W0 START 4x2 seed=203675 2026-07-22T16:40:41.502
ATTEMPT 8 W0 SOLVE 4x2 2026-07-22T16:40:41.510
ATTEMPT 8 W0 DONE 4x2 seed=203675 nsol=16 0.02s 2026-07-22T16:40:41.530
ATTEMPT 9 W0 START 4x2 seed=203676 2026-07-22T16:40:41.531
ATTEMPT 9 W0 SOLVE 4x2 2026-07-22T16:40:41.538
ATTEMPT 9 W0 DONE 4x2 seed=203676 nsol=16 0.02s 2026-07-22T16:40:41.556
ATTEMPT 10 W0 START 4x2 seed=203677 2026-07-22T16:40:41.556
ATTEMPT 10 W0 SOLVE 4x2 2026-07-22T16:40:41.564
ATTEMPT 10 W0 DONE 4x2 seed=203677 nsol=16 0.01s 2026-07-22T16:40:41.578
ATTEMPT 11 W0 START 4x2 seed=203678 2026-07-22T16:40:41.578
ATTEMPT 11 W0 SOLVE 4x2 2026-07-22T16:40:41.584
ATTEMPT 11 W0 DONE 4x2 seed=203678 nsol=16 0.02s 2026-07-22T16:40:41.610
ATTEMPT 12 W0 START 4x2 seed=203679 2026-07-22T16:40:41.610
ATTEMPT 12 W0 SOLVE 4x2 2026-07-22T16:40:41.621
ATTEMPT 12 W0 DONE 4x2 seed=203679 nsol=16 0.02s 2026-07-22T16:40:41.647
ATTEMPT 13 W0 START 4x2 seed=203680 2026-07-22T16:40:41.647
ATTEMPT 13 W0 SOLVE 4x2 2026-07-22T16:40:41.667
ATTEMPT 13 W0 DONE 4x2 seed=203680 nsol=16 0.02s 2026-07-22T16:40:41.687
ATTEMPT 14 W0 START 4x2 seed=203681 2026-07-22T16:40:41.687
ATTEMPT 14 W0 SOLVE 4x2 2026-07-22T16:40:41.702
ATTEMPT 14 W0 DONE 4x2 seed=203681 nsol=16 0.03s 2026-07-22T16:40:41.731
ATTEMPT 15 W0 START 4x2 seed=203682 2026-07-22T16:40:41.731
ATTEMPT 15 W0 SOLVE 4x2 2026-07-22T16:40:41.740
ATTEMPT 15 W0 DONE 4x2 seed=203682 nsol=16 0.03s 2026-07-22T16:40:41.774
ATTEMPT 16 W0 START 4x2 seed=203683 2026-07-22T16:40:41.775
ATTEMPT 16 W0 SOLVE 4x2 2026-07-22T16:40:41.792
ATTEMPT 16 W0 DONE 4x2 seed=203683 nsol=16 0.02s 2026-07-22T16:40:41.823
ATTEMPT 17 W0 START 4x2 seed=203684 2026-07-22T16:40:41.823
ATTEMPT 17 W0 SOLVE 4x2 2026-07-22T16:40:41.836
ATTEMPT 17 W0 DONE 4x2 seed=203684 nsol=16 0.14s 2026-07-22T16:40:41.982
ATTEMPT 18 W0 START 4x2 seed=203685 2026-07-22T16:40:41.982
ATTEMPT 18 W0 SOLVE 4x2 2026-07-22T16:40:41.998
ATTEMPT 18 W0 DONE 4x2 seed=203685 nsol=16 0.05s 2026-07-22T16:40:42.046
ATTEMPT 19 W0 START 4x2 seed=203686 2026-07-22T16:40:42.046
ATTEMPT 19 W0 SOLVE 4x2 2026-07-22T16:40:42.069
ATTEMPT 19 W0 DONE 4x2 seed=203686 nsol=16 0.05s 2026-07-22T16:40:42.115
ATTEMPT 20 W0 START 4x2 seed=203687 2026-07-22T16:40:42.115
ATTEMPT 20 W0 SOLVE 4x2 2026-07-22T16:40:42.134
ATTEMPT 20 W0 DONE 4x2 seed=203687 nsol=16 0.05s 2026-07-22T16:40:42.184
ATTEMPT 21 W0 START 4x2 seed=203688 2026-07-22T16:40:42.184
ATTEMPT 21 W0 SOLVE 4x2 2026-07-22T16:40:42.209
ATTEMPT 21 W0 DONE 4x2 seed=203688 nsol=16 0.05s 2026-07-22T16:40:42.266
ATTEMPT 22 W0 START 4x2 seed=203689 2026-07-22T16:40:42.266
ATTEMPT 22 W0 SOLVE 4x2 2026-07-22T16:40:42.276
ATTEMPT 22 W0 DONE 4x2 seed=203689 nsol=16 0.03s 2026-07-22T16:40:42.310
ATTEMPT 23 W0 START 4x2 seed=203690 2026-07-22T16:40:42.311
ATTEMPT 23 W0 SOLVE 4x2 2026-07-22T16:40:42.328
ATTEMPT 23 W0 DONE 4x2 seed=203690 nsol=16 0.04s 2026-07-22T16:40:42.366
ATTEMPT 24 W0 START 4x2 seed=203691 2026-07-22T16:40:42.366
ATTEMPT 24 W0 SOLVE 4x2 2026-07-22T16:40:42.394
ATTEMPT 24 W0 DONE 4x2 seed=203691 nsol=16 0.16s 2026-07-22T16:40:42.559
ATTEMPT 25 W0 START 4x2 seed=203692 2026-07-22T16:40:42.559
ATTEMPT 25 W0 SOLVE 4x2 2026-07-22T16:40:42.567
ATTEMPT 25 W0 DONE 4x2 seed=203692 nsol=16 0.01s 2026-07-22T16:40:42.578
ATTEMPT 26 W0 START 4x2 seed=203693 2026-07-22T16:40:42.578
ATTEMPT 26 W0 SOLVE 4x2 2026-07-22T16:40:42.584
ATTEMPT 26 W0 DONE 4x2 seed=203693 nsol=16 0.01s 2026-07-22T16:40:42.593
ATTEMPT 27 W0 START 4x2 seed=203694 2026-07-22T16:40:42.593
ATTEMPT 27 W0 SOLVE 4x2 2026-07-22T16:40:42.598
ATTEMPT 27 W0 DONE 4x2 seed=203694 nsol=16 0.02s 2026-07-22T16:40:42.614
ATTEMPT 28 W0 START 4x2 seed=203695 2026-07-22T16:40:42.614
ATTEMPT 28 W0 SOLVE 4x2 2026-07-22T16:40:42.621
ATTEMPT 28 W0 DONE 4x2 seed=203695 nsol=16 0.01s 2026-07-22T16:40:42.629
ATTEMPT 29 W0 START 4x2 seed=203696 2026-07-22T16:40:42.629
ATTEMPT 29 W0 SOLVE 4x2 2026-07-22T16:40:42.635
ATTEMPT 29 W0 DONE 4x2 seed=203696 nsol=16 0.01s 2026-07-22T16:40:42.641
ATTEMPT 30 W0 START 4x2 seed=203697 2026-07-22T16:40:42.641
ATTEMPT 30 W0 SOLVE 4x2 2026-07-22T16:40:42.708
ATTEMPT 30 W0 DONE 4x2 seed=203697 nsol=16 0.01s 2026-07-22T16:40:42.719
ATTEMPT 31 W0 START 4x2 seed=203698 2026-07-22T16:40:42.719
ATTEMPT 31 W0 SOLVE 4x2 2026-07-22T16:40:42.728
ATTEMPT 31 W0 DONE 4x2 seed=203698 nsol=16 0.01s 2026-07-22T16:40:42.738
ATTEMPT 32 W0 START 4x2 seed=203699 2026-07-22T16:40:42.738
ATTEMPT 32 W0 SOLVE 4x2 2026-07-22T16:40:42.744
ATTEMPT 32 W0 DONE 4x2 seed=203699 nsol=16 0.01s 2026-07-22T16:40:42.758
ATTEMPT 33 W0 START 4x2 seed=203700 2026-07-22T16:40:42.758
ATTEMPT 33 W0 SOLVE 4x2 2026-07-22T16:40:42.765
ATTEMPT 33 W0 DONE 4x2 seed=203700 nsol=16 0.01s 2026-07-22T16:40:42.778
ATTEMPT 34 W0 START 4x2 seed=203701 2026-07-22T16:40:42.779
ATTEMPT 34 W0 SOLVE 4x2 2026-07-22T16:40:42.784
ATTEMPT 34 W0 DONE 4x2 seed=203701 nsol=16 0.01s 2026-07-22T16:40:42.798
ATTEMPT 35 W0 START 4x2 seed=203702 2026-07-22T16:40:42.802
ATTEMPT 35 W0 SOLVE 4x2 2026-07-22T16:40:42.808
ATTEMPT 35 W0 DONE 4x2 seed=203702 nsol=16 0.01s 2026-07-22T16:40:42.818
ATTEMPT 36 W0 START 4x2 seed=203703 2026-07-22T16:40:42.819
ATTEMPT 36 W0 SOLVE 4x2 2026-07-22T16:40:42.824
ATTEMPT 36 W0 DONE 4x2 seed=203703 nsol=16 0.01s 2026-07-22T16:40:42.830
ATTEMPT 37 W0 START 4x2 seed=203704 2026-07-22T16:40:42.830
ATTEMPT 37 W0 SOLVE 4x2 2026-07-22T16:40:42.836
ATTEMPT 37 W0 DONE 4x2 seed=203704 nsol=16 0.03s 2026-07-22T16:40:42.866
ATTEMPT 38 W0 START 4x2 seed=203705 2026-07-22T16:40:42.867
ATTEMPT 38 W0 SOLVE 4x2 2026-07-22T16:40:42.873
ATTEMPT 38 W0 DONE 4x2 seed=203705 nsol=16 0.01s 2026-07-22T16:40:42.886
ATTEMPT 39 W0 START 4x2 seed=203706 2026-07-22T16:40:42.887
ATTEMPT 39 W0 SOLVE 4x2 2026-07-22T16:40:42.892
ATTEMPT 39 W0 DONE 4x2 seed=203706 nsol=16 0.01s 2026-07-22T16:40:42.907
ATTEMPT 40 W0 START 4x2 seed=203707 2026-07-22T16:40:42.908
ATTEMPT 40 W0 SOLVE 4x2 2026-07-22T16:40:42.913
ATTEMPT 40 W0 DONE 4x2 seed=203707 nsol=16 0.01s 2026-07-22T16:40:42.923
ATTEMPT 41 W0 START 4x2 seed=203708 2026-07-22T16:40:42.923
ATTEMPT 41 W0 SOLVE 4x2 2026-07-22T16:40:42.928
ATTEMPT 41 W0 DONE 4x2 seed=203708 nsol=16 0.01s 2026-07-22T16:40:42.937
ATTEMPT 42 W0 START 4x2 seed=203709 2026-07-22T16:40:42.937
ATTEMPT 42 W0 SOLVE 4x2 2026-07-22T16:40:42.943
ATTEMPT 42 W0 DONE 4x2 seed=203709 nsol=16 0.01s 2026-07-22T16:40:42.949
ATTEMPT 43 W0 START 4x2 seed=203710 2026-07-22T16:40:42.949
ATTEMPT 43 W0 SOLVE 4x2 2026-07-22T16:40:42.955
ATTEMPT 43 W0 DONE 4x2 seed=203710 nsol=16 0.02s 2026-07-22T16:40:42.971
ATTEMPT 44 W0 START 4x2 seed=203711 2026-07-22T16:40:42.971
ATTEMPT 44 W0 SOLVE 4x2 2026-07-22T16:40:42.985
ATTEMPT 44 W0 DONE 4x2 seed=203711 nsol=16 0.02s 2026-07-22T16:40:43.006
ATTEMPT 45 W0 START 4x2 seed=203712 2026-07-22T16:40:43.006
ATTEMPT 45 W0 SOLVE 4x2 2026-07-22T16:40:43.013
ATTEMPT 45 W0 DONE 4x2 seed=203712 nsol=16 0.03s 2026-07-22T16:40:43.046
ATTEMPT 46 W0 START 4x2 seed=203713 2026-07-22T16:40:43.046
ATTEMPT 46 W0 SOLVE 4x2 2026-07-22T16:40:43.056
ATTEMPT 46 W0 DONE 4x2 seed=203713 nsol=16 0.02s 2026-07-22T16:40:43.082
ATTEMPT 47 W0 START 4x2 seed=203714 2026-07-22T16:40:43.082
ATTEMPT 47 W0 SOLVE 4x2 2026-07-22T16:40:43.089
ATTEMPT 47 W0 DONE 4x2 seed=203714 nsol=16 0.02s 2026-07-22T16:40:43.116
ATTEMPT 48 W0 START 4x2 seed=203715 2026-07-22T16:40:43.116
ATTEMPT 48 W0 SOLVE 4x2 2026-07-22T16:40:43.122
ATTEMPT 48 W0 DONE 4x2 seed=203715 nsol=16 0.01s 2026-07-22T16:40:43.138
ATTEMPT 49 W0 START 4x2 seed=203716 2026-07-22T16:40:43.138
ATTEMPT 49 W0 SOLVE 4x2 2026-07-22T16:40:43.149
ATTEMPT 49 W0 DONE 4x2 seed=203716 nsol=16 0.03s 2026-07-22T16:40:43.180
ATTEMPT 50 W0 START 4x2 seed=203717 2026-07-22T16:40:43.180
ATTEMPT 50 W0 SOLVE 4x2 2026-07-22T16:40:43.186
ATTEMPT 50 W0 DONE 4x2 seed=203717 nsol=16 0.15s 2026-07-22T16:40:43.339
ATTEMPT 51 W0 START 4x2 seed=203718 2026-07-22T16:40:43.346
ATTEMPT 51 W0 SOLVE 4x2 2026-07-22T16:40:43.352
ATTEMPT 51 W0 DONE 4x2 seed=203718 nsol=16 0.01s 2026-07-22T16:40:43.365
ATTEMPT 52 W0 START 4x2 seed=203719 2026-07-22T16:40:43.365
ATTEMPT 52 W0 SOLVE 4x2 2026-07-22T16:40:43.370
ATTEMPT 52 W0 DONE 4x2 seed=203719 nsol=16 0.01s 2026-07-22T16:40:43.377
ATTEMPT 53 W0 START 4x2 seed=203720 2026-07-22T16:40:43.377
ATTEMPT 53 W0 SOLVE 4x2 2026-07-22T16:40:43.383
ATTEMPT 53 W0 DONE 4x2 seed=203720 nsol=16 0.00s 2026-07-22T16:40:43.387
ATTEMPT 54 W0 START 4x2 seed=203721 2026-07-22T16:40:43.387
ATTEMPT 54 W0 SOLVE 4x2 2026-07-22T16:40:43.395
ATTEMPT 54 W0 DONE 4x2 seed=203721 nsol=16 0.01s 2026-07-22T16:40:43.402
ATTEMPT 55 W0 START 4x2 seed=203722 2026-07-22T16:40:43.402
ATTEMPT 55 W0 SOLVE 4x2 2026-07-22T16:40:43.407
ATTEMPT 55 W0 DONE 4x2 seed=203722 nsol=16 0.01s 2026-07-22T16:40:43.414
ATTEMPT 56 W0 START 4x2 seed=203723 2026-07-22T16:40:43.414
ATTEMPT 56 W0 SOLVE 4x2 2026-07-22T16:40:43.420
ATTEMPT 56 W0 DONE 4x2 seed=203723 nsol=16 0.02s 2026-07-22T16:40:43.436
ATTEMPT 57 W0 START 4x2 seed=203724 2026-07-22T16:40:43.436
ATTEMPT 57 W0 SOLVE 4x2 2026-07-22T16:40:43.442
ATTEMPT 57 W0 DONE 4x2 seed=203724 nsol=16 0.01s 2026-07-22T16:40:43.448
ATTEMPT 58 W0 START 4x2 seed=203725 2026-07-22T16:40:43.448
ATTEMPT 58 W0 SOLVE 4x2 2026-07-22T16:40:43.454
ATTEMPT 58 W0 DONE 4x2 seed=203725 nsol=16 0.01s 2026-07-22T16:40:43.462
ATTEMPT 59 W0 START 4x2 seed=203726 2026-07-22T16:40:43.462
ATTEMPT 59 W0 SOLVE 4x2 2026-07-22T16:40:43.468
ATTEMPT 59 W0 DONE 4x2 seed=203726 nsol=16 0.02s 2026-07-22T16:40:43.486
ATTEMPT 60 W0 START 4x2 seed=203727 2026-07-22T16:40:43.486
ATTEMPT 60 W0 SOLVE 4x2 2026-07-22T16:40:43.493
ATTEMPT 60 W0 DONE 4x2 seed=203727 nsol=16 0.02s 2026-07-22T16:40:43.510
ATTEMPT 61 W0 START 4x2 seed=203728 2026-07-22T16:40:43.510
ATTEMPT 61 W0 SOLVE 4x2 2026-07-22T16:40:43.515
ATTEMPT 61 W0 DONE 4x2 seed=203728 nsol=16 0.02s 2026-07-22T16:40:43.530
ATTEMPT 62 W0 START 4x2 seed=203729 2026-07-22T16:40:43.530
ATTEMPT 62 W0 SOLVE 4x2 2026-07-22T16:40:43.536
ATTEMPT 62 W0 DONE 4x2 seed=203729 nsol=16 0.01s 2026-07-22T16:40:43.546
ATTEMPT 63 W0 START 4x2 seed=203730 2026-07-22T16:40:43.546
ATTEMPT 63 W0 SOLVE 4x2 2026-07-22T16:40:43.553
ATTEMPT 63 W0 DONE 4x2 seed=203730 nsol=16 0.02s 2026-07-22T16:40:43.570
ATTEMPT 64 W0 START 4x2 seed=203731 2026-07-22T16:40:43.571
ATTEMPT 64 W0 SOLVE 4x2 2026-07-22T16:40:43.576
ATTEMPT 64 W0 DONE 4x2 seed=203731 nsol=16 0.01s 2026-07-22T16:40:43.590
ATTEMPT 65 W0 START 4x2 seed=203732 2026-07-22T16:40:43.590
ATTEMPT 65 W0 SOLVE 4x2 2026-07-22T16:40:43.598
ATTEMPT 65 W0 DONE 4x2 seed=203732 nsol=16 0.01s 2026-07-22T16:40:43.610
ATTEMPT 66 W0 START 4x2 seed=203733 2026-07-22T16:40:43.610
ATTEMPT 66 W0 SOLVE 4x2 2026-07-22T16:40:43.617
ATTEMPT 66 W0 DONE 4x2 seed=203733 nsol=16 0.01s 2026-07-22T16:40:43.626
ATTEMPT 67 W0 START 4x2 seed=203734 2026-07-22T16:40:43.626
ATTEMPT 67 W0 SOLVE 4x2 2026-07-22T16:40:43.633
ATTEMPT 67 W0 DONE 4x2 seed=203734 nsol=16 0.02s 2026-07-22T16:40:43.651
ATTEMPT 68 W0 START 4x2 seed=203735 2026-07-22T16:40:43.651
ATTEMPT 68 W0 SOLVE 4x2 2026-07-22T16:40:43.657
ATTEMPT 68 W0 DONE 4x2 seed=203735 nsol=16 0.02s 2026-07-22T16:40:43.674
ATTEMPT 69 W0 START 4x2 seed=203736 2026-07-22T16:40:43.675
ATTEMPT 69 W0 SOLVE 4x2 2026-07-22T16:40:43.682
ATTEMPT 69 W0 DONE 4x2 seed=203736 nsol=16 0.01s 2026-07-22T16:40:43.694
ATTEMPT 70 W0 START 4x2 seed=203737 2026-07-22T16:40:43.694
ATTEMPT 70 W0 SOLVE 4x2 2026-07-22T16:40:43.702
ATTEMPT 70 W0 DONE 4x2 seed=203737 nsol=16 0.02s 2026-07-22T16:40:43.718
ATTEMPT 71 W0 START 4x2 seed=203738 2026-07-22T16:40:43.719
ATTEMPT 71 W0 SOLVE 4x2 2026-07-22T16:40:43.726
ATTEMPT 71 W0 DONE 4x2 seed=203738 nsol=16 0.00s 2026-07-22T16:40:43.731
ATTEMPT 72 W0 START 4x2 seed=203739 2026-07-22T16:40:43.731
ATTEMPT 72 W0 SOLVE 4x2 2026-07-22T16:40:43.737
ATTEMPT 72 W0 DONE 4x2 seed=203739 nsol=16 0.01s 2026-07-22T16:40:43.743
ATTEMPT 73 W0 START 4x2 seed=203740 2026-07-22T16:40:43.743
ATTEMPT 73 W0 SOLVE 4x2 2026-07-22T16:40:43.749
ATTEMPT 73 W0 DONE 4x2 seed=203740 nsol=16 0.01s 2026-07-22T16:40:43.762
ATTEMPT 74 W0 START 4x2 seed=203741 2026-07-22T16:40:43.762
ATTEMPT 74 W0 SOLVE 4x2 2026-07-22T16:40:43.769
ATTEMPT 74 W0 DONE 4x2 seed=203741 nsol=16 0.01s 2026-07-22T16:40:43.779
ATTEMPT 75 W0 START 4x2 seed=203742 2026-07-22T16:40:43.779
ATTEMPT 75 W0 SOLVE 4x2 2026-07-22T16:40:43.790
ATTEMPT 75 W0 DONE 4x2 seed=203742 nsol=16 0.01s 2026-07-22T16:40:43.802
ATTEMPT 76 W0 START 4x2 seed=203743 2026-07-22T16:40:43.802
ATTEMPT 76 W0 SOLVE 4x2 2026-07-22T16:40:43.808
ATTEMPT 76 W0 DONE 4x2 seed=203743 nsol=16 0.02s 2026-07-22T16:40:43.825
ATTEMPT 77 W0 START 4x2 seed=203744 2026-07-22T16:40:43.825
ATTEMPT 77 W0 SOLVE 4x2 2026-07-22T16:40:43.843
ATTEMPT 77 W0 DONE 4x2 seed=203744 nsol=16 0.03s 2026-07-22T16:40:43.870
ATTEMPT 78 W0 START 4x2 seed=203745 2026-07-22T16:40:43.871
ATTEMPT 78 W0 SOLVE 4x2 2026-07-22T16:40:43.882
ATTEMPT 78 W0 DONE 4x2 seed=203745 nsol=16 0.02s 2026-07-22T16:40:43.902
ATTEMPT 79 W0 START 4x2 seed=203746 2026-07-22T16:40:43.902
ATTEMPT 79 W0 SOLVE 4x2 2026-07-22T16:40:43.916
ATTEMPT 79 W0 DONE 4x2 seed=203746 nsol=16 0.02s 2026-07-22T16:40:43.931
ATTEMPT 80 W0 START 4x2 seed=203747 2026-07-22T16:40:43.931
ATTEMPT 80 W0 SOLVE 4x2 2026-07-22T16:40:43.951
ATTEMPT 80 W0 DONE 4x2 seed=203747 nsol=16 0.04s 2026-07-22T16:40:43.991
ATTEMPT 81 W0 START 4x2 seed=203748 2026-07-22T16:40:43.991
ATTEMPT 81 W0 SOLVE 4x2 2026-07-22T16:40:44.021
ATTEMPT 81 W0 DONE 4x2 seed=203748 nsol=16 0.02s 2026-07-22T16:40:44.041
ATTEMPT 82 W0 START 4x2 seed=203749 2026-07-22T16:40:44.041
ATTEMPT 82 W0 SOLVE 4x2 2026-07-22T16:40:44.067
ATTEMPT 82 W0 DONE 4x2 seed=203749 nsol=16 0.02s 2026-07-22T16:40:44.090
ATTEMPT 83 W0 START 4x2 seed=203750 2026-07-22T16:40:44.090
ATTEMPT 83 W0 SOLVE 4x2 2026-07-22T16:40:44.108
ATTEMPT 83 W0 DONE 4x2 seed=203750 nsol=16 0.02s 2026-07-22T16:40:44.130
ATTEMPT 84 W0 START 4x2 seed=203751 2026-07-22T16:40:44.130
ATTEMPT 84 W0 SOLVE 4x2 2026-07-22T16:40:44.155
ATTEMPT 84 W0 DONE 4x2 seed=203751 nsol=16 0.03s 2026-07-22T16:40:44.186
ATTEMPT 85 W0 START 4x2 seed=203752 2026-07-22T16:40:44.186
ATTEMPT 85 W0 SOLVE 4x2 2026-07-22T16:40:44.215
ATTEMPT 85 W0 DONE 4x2 seed=203752 nsol=16 0.01s 2026-07-22T16:40:44.225
ATTEMPT 86 W0 START 4x2 seed=203753 2026-07-22T16:40:44.225
ATTEMPT 86 W0 SOLVE 4x2 2026-07-22T16:40:44.251
ATTEMPT 86 W0 DONE 4x2 seed=203753 nsol=16 0.02s 2026-07-22T16:40:44.269
ATTEMPT 87 W0 START 4x2 seed=203754 2026-07-22T16:40:44.269
ATTEMPT 87 W0 SOLVE 4x2 2026-07-22T16:40:44.288
ATTEMPT 87 W0 DONE 4x2 seed=203754 nsol=16 0.02s 2026-07-22T16:40:44.319
ATTEMPT 88 W0 START 4x2 seed=203755 2026-07-22T16:40:44.319
ATTEMPT 88 W0 SOLVE 4x2 2026-07-22T16:40:44.333
ATTEMPT 88 W0 DONE 4x2 seed=203755 nsol=16 0.03s 2026-07-22T16:40:44.370
ATTEMPT 89 W0 START 4x2 seed=203756 2026-07-22T16:40:44.370
ATTEMPT 89 W0 SOLVE 4x2 2026-07-22T16:40:44.380
ATTEMPT 89 W0 DONE 4x2 seed=203756 nsol=16 0.02s 2026-07-22T16:40:44.403
ATTEMPT 90 W0 START 4x2 seed=203757 2026-07-22T16:40:44.403
ATTEMPT 90 W0 SOLVE 4x2 2026-07-22T16:40:44.421
ATTEMPT 90 W0 DONE 4x2 seed=203757 nsol=16 0.01s 2026-07-22T16:40:44.445
ATTEMPT 91 W0 START 4x2 seed=203758 2026-07-22T16:40:44.446
ATTEMPT 91 W0 SOLVE 4x2 2026-07-22T16:40:44.463
ATTEMPT 91 W0 DONE 4x2 seed=203758 nsol=16 0.04s 2026-07-22T16:40:44.506
ATTEMPT 92 W0 START 4x2 seed=203759 2026-07-22T16:40:44.506
ATTEMPT 92 W0 SOLVE 4x2 2026-07-22T16:40:44.520
ATTEMPT 92 W0 DONE 4x2 seed=203759 nsol=16 0.02s 2026-07-22T16:40:44.542
ATTEMPT 93 W0 START 4x2 seed=203760 2026-07-22T16:40:44.542
ATTEMPT 93 W0 SOLVE 4x2 2026-07-22T16:40:44.557
ATTEMPT 93 W0 DONE 4x2 seed=203760 nsol=16 0.42s 2026-07-22T16:40:44.974
ATTEMPT 94 W0 START 4x2 seed=203761 2026-07-22T16:40:44.975
ATTEMPT 94 W0 SOLVE 4x2 2026-07-22T16:40:45
ATTEMPT 94 W0 DONE 4x2 seed=203761 nsol=16 0.03s 2026-07-22T16:40:45.033
ATTEMPT 95 W0 START 4x2 seed=203762 2026-07-22T16:40:45.034
ATTEMPT 95 W0 SOLVE 4x2 2026-07-22T16:40:45.071
ATTEMPT 95 W0 DONE 4x2 seed=203762 nsol=16 0.02s 2026-07-22T16:40:45.095
ATTEMPT 96 W0 START 4x2 seed=203763 2026-07-22T16:40:45.095
ATTEMPT 96 W0 SOLVE 4x2 2026-07-22T16:40:45.106
ATTEMPT 96 W0 DONE 4x2 seed=203763 nsol=16 0.04s 2026-07-22T16:40:45.150
ATTEMPT 97 W0 START 4x2 seed=203764 2026-07-22T16:40:45.150
ATTEMPT 97 W0 SOLVE 4x2 2026-07-22T16:40:45.164
ATTEMPT 97 W0 DONE 4x2 seed=203764 nsol=16 0.02s 2026-07-22T16:40:45.190
ATTEMPT 98 W0 START 4x2 seed=203765 2026-07-22T16:40:45.191
ATTEMPT 98 W0 SOLVE 4x2 2026-07-22T16:40:45.209
ATTEMPT 98 W0 DONE 4x2 seed=203765 nsol=16 0.02s 2026-07-22T16:40:45.232
ATTEMPT 99 W0 START 4x2 seed=203766 2026-07-22T16:40:45.232
ATTEMPT 99 W0 SOLVE 4x2 2026-07-22T16:40:45.259
ATTEMPT 99 W0 DONE 4x2 seed=203766 nsol=16 0.03s 2026-07-22T16:40:45.290
ATTEMPT 100 W0 START 4x2 seed=203767 2026-07-22T16:40:45.291
ATTEMPT 100 W0 SOLVE 4x2 2026-07-22T16:40:45.307
ATTEMPT 100 W0 DONE 4x2 seed=203767 nsol=16 0.02s 2026-07-22T16:40:45.328
ATTEMPT 101 W0 START 4x2 seed=203768 2026-07-22T16:40:45.328
ATTEMPT 101 W0 SOLVE 4x2 2026-07-22T16:40:45.342
ATTEMPT 101 W0 DONE 4x2 seed=203768 nsol=16 0.03s 2026-07-22T16:40:45.370
ATTEMPT 102 W0 START 4x2 seed=203769 2026-07-22T16:40:45.371
ATTEMPT 102 W0 SOLVE 4x2 2026-07-22T16:40:45.386
ATTEMPT 102 W0 DONE 4x2 seed=203769 nsol=16 0.02s 2026-07-22T16:40:45.418
ATTEMPT 103 W0 START 4x2 seed=203770 2026-07-22T16:40:45.419
ATTEMPT 103 W0 SOLVE 4x2 2026-07-22T16:40:45.437
ATTEMPT 103 W0 DONE 4x2 seed=203770 nsol=16 0.02s 2026-07-22T16:40:45.463
ATTEMPT 104 W0 START 4x2 seed=203771 2026-07-22T16:40:45.464
ATTEMPT 104 W0 SOLVE 4x2 2026-07-22T16:40:45.490
ATTEMPT 104 W0 DONE 4x2 seed=203771 nsol=16 0.02s 2026-07-22T16:40:45.523
ATTEMPT 105 W0 START 4x2 seed=203772 2026-07-22T16:40:45.523
ATTEMPT 105 W0 SOLVE 4x2 2026-07-22T16:40:45.533
ATTEMPT 105 W0 DONE 4x2 seed=203772 nsol=16 0.03s 2026-07-22T16:40:45.563
ATTEMPT 106 W0 START 4x2 seed=203773 2026-07-22T16:40:45.564
ATTEMPT 106 W0 SOLVE 4x2 2026-07-22T16:40:45.584
ATTEMPT 106 W0 DONE 4x2 seed=203773 nsol=16 0.03s 2026-07-22T16:40:45.615
ATTEMPT 107 W0 START 4x2 seed=203774 2026-07-22T16:40:45.615
ATTEMPT 107 W0 SOLVE 4x2 2026-07-22T16:40:45.635
ATTEMPT 107 W0 DONE 4x2 seed=203774 nsol=16 0.02s 2026-07-22T16:40:45.659
ATTEMPT 108 W0 START 4x2 seed=203775 2026-07-22T16:40:45.659
ATTEMPT 108 W0 SOLVE 4x2 2026-07-22T16:40:45.675
ATTEMPT 108 W0 DONE 4x2 seed=203775 nsol=16 0.03s 2026-07-22T16:40:45.706
ATTEMPT 109 W0 START 4x2 seed=203776 2026-07-22T16:40:45.706
ATTEMPT 109 W0 SOLVE 4x2 2026-07-22T16:40:45.725
ATTEMPT 109 W0 DONE 4x2 seed=203776 nsol=16 0.05s 2026-07-22T16:40:45.771
ATTEMPT 110 W0 START 4x2 seed=203777 2026-07-22T16:40:45.771
ATTEMPT 110 W0 SOLVE 4x2 2026-07-22T16:40:45.786
ATTEMPT 110 W0 DONE 4x2 seed=203777 nsol=16 0.03s 2026-07-22T16:40:45.822
ATTEMPT 111 W0 START 4x2 seed=203778 2026-07-22T16:40:45.822
ATTEMPT 111 W0 SOLVE 4x2 2026-07-22T16:40:45.838
ATTEMPT 111 W0 DONE 4x2 seed=203778 nsol=16 0.04s 2026-07-22T16:40:45.882
ATTEMPT 112 W0 START 4x2 seed=203779 2026-07-22T16:40:45.882
ATTEMPT 112 W0 SOLVE 4x2 2026-07-22T16:40:45.897
ATTEMPT 112 W0 DONE 4x2 seed=203779 nsol=16 0.02s 2026-07-22T16:40:45.927
ATTEMPT 113 W0 START 4x2 seed=203780 2026-07-22T16:40:45.928
ATTEMPT 113 W0 SOLVE 4x2 2026-07-22T16:40:45.949
ATTEMPT 113 W0 DONE 4x2 seed=203780 nsol=16 0.03s 2026-07-22T16:40:45.975
ATTEMPT 114 W0 START 4x2 seed=203781 2026-07-22T16:40:45.975
ATTEMPT 114 W0 SOLVE 4x2 2026-07-22T16:40:45.997
ATTEMPT 114 W0 DONE 4x2 seed=203781 nsol=16 0.02s 2026-07-22T16:40:46.013
ATTEMPT 115 W0 START 4x2 seed=203782 2026-07-22T16:40:46.013
ATTEMPT 115 W0 SOLVE 4x2 2026-07-22T16:40:46.031
ATTEMPT 115 W0 DONE 4x2 seed=203782 nsol=16 0.02s 2026-07-22T16:40:46.055
ATTEMPT 116 W0 START 4x2 seed=203783 2026-07-22T16:40:46.055
ATTEMPT 116 W0 SOLVE 4x2 2026-07-22T16:40:46.069
ATTEMPT 116 W0 DONE 4x2 seed=203783 nsol=16 0.03s 2026-07-22T16:40:46.099
ATTEMPT 117 W0 START 4x2 seed=203784 2026-07-22T16:40:46.099
ATTEMPT 117 W0 SOLVE 4x2 2026-07-22T16:40:46.109
ATTEMPT 117 W0 DONE 4x2 seed=203784 nsol=16 0.02s 2026-07-22T16:40:46.135
ATTEMPT 118 W0 START 4x2 seed=203785 2026-07-22T16:40:46.135
ATTEMPT 118 W0 SOLVE 4x2 2026-07-22T16:40:46.156
ATTEMPT 118 W0 DONE 4x2 seed=203785 nsol=16 0.03s 2026-07-22T16:40:46.190
ATTEMPT 119 W0 START 4x2 seed=203786 2026-07-22T16:40:46.190
ATTEMPT 119 W0 SOLVE 4x2 2026-07-22T16:40:46.215
ATTEMPT 119 W0 DONE 4x2 seed=203786 nsol=16 0.02s 2026-07-22T16:40:46.238
ATTEMPT 120 W0 START 4x2 seed=203787 2026-07-22T16:40:46.239
ATTEMPT 120 W0 SOLVE 4x2 2026-07-22T16:40:46.262
ATTEMPT 120 W0 DONE 4x2 seed=203787 nsol=16 0.02s 2026-07-22T16:40:46.281
ATTEMPT 121 W0 START 4x2 seed=203788 2026-07-22T16:40:46.281
ATTEMPT 121 W0 SOLVE 4x2 2026-07-22T16:40:46.297
ATTEMPT 121 W0 DONE 4x2 seed=203788 nsol=16 0.02s 2026-07-22T16:40:46.331
ATTEMPT 122 W0 START 4x2 seed=203789 2026-07-22T16:40:46.331
ATTEMPT 122 W0 SOLVE 4x2 2026-07-22T16:40:46.341
ATTEMPT 122 W0 DONE 4x2 seed=203789 nsol=16 0.03s 2026-07-22T16:40:46.379
ATTEMPT 123 W0 START 4x2 seed=203790 2026-07-22T16:40:46.379
ATTEMPT 123 W0 SOLVE 4x2 2026-07-22T16:40:46.393
ATTEMPT 123 W0 DONE 4x2 seed=203790 nsol=16 0.02s 2026-07-22T16:40:46.418
ATTEMPT 124 W0 START 4x2 seed=203791 2026-07-22T16:40:46.419
ATTEMPT 124 W0 SOLVE 4x2 2026-07-22T16:40:46.433
ATTEMPT 124 W0 DONE 4x2 seed=203791 nsol=16 0.03s 2026-07-22T16:40:46.467
ATTEMPT 125 W0 START 4x2 seed=203792 2026-07-22T16:40:46.467
ATTEMPT 125 W0 SOLVE 4x2 2026-07-22T16:40:46.483
ATTEMPT 125 W0 DONE 4x2 seed=203792 nsol=16 0.03s 2026-07-22T16:40:46.512
ATTEMPT 126 W0 START 4x2 seed=203793 2026-07-22T16:40:46.512
ATTEMPT 126 W0 SOLVE 4x2 2026-07-22T16:40:46.532
ATTEMPT 126 W0 DONE 4x2 seed=203793 nsol=16 0.03s 2026-07-22T16:40:46.558
ATTEMPT 127 W0 START 4x2 seed=203794 2026-07-22T16:40:46.558
ATTEMPT 127 W0 SOLVE 4x2 2026-07-22T16:40:46.578
ATTEMPT 127 W0 DONE 4x2 seed=203794 nsol=16 0.02s 2026-07-22T16:40:46.613
ATTEMPT 128 W0 START 4x2 seed=203795 2026-07-22T16:40:46.613
ATTEMPT 128 W0 SOLVE 4x2 2026-07-22T16:40:46.632
ATTEMPT 128 W0 DONE 4x2 seed=203795 nsol=16 0.03s 2026-07-22T16:40:46.666
ATTEMPT 129 W0 START 4x2 seed=203796 2026-07-22T16:40:46.666
ATTEMPT 129 W0 SOLVE 4x2 2026-07-22T16:40:46.680
ATTEMPT 129 W0 DONE 4x2 seed=203796 nsol=16 0.02s 2026-07-22T16:40:46.702
ATTEMPT 130 W0 START 4x2 seed=203797 2026-07-22T16:40:46.702
ATTEMPT 130 W0 SOLVE 4x2 2026-07-22T16:40:46.708
ATTEMPT 130 W0 DONE 4x2 seed=203797 nsol=16 0.03s 2026-07-22T16:40:46.742
ATTEMPT 131 W0 START 4x2 seed=203798 2026-07-22T16:40:46.742
ATTEMPT 131 W0 SOLVE 4x2 2026-07-22T16:40:46.753
ATTEMPT 131 W0 DONE 4x2 seed=203798 nsol=16 0.02s 2026-07-22T16:40:46.771
ATTEMPT 132 W0 START 4x2 seed=203799 2026-07-22T16:40:46.771
ATTEMPT 132 W0 SOLVE 4x2 2026-07-22T16:40:46.781
ATTEMPT 132 W0 DONE 4x2 seed=203799 nsol=16 0.04s 2026-07-22T16:40:46.823
ATTEMPT 133 W0 START 4x2 seed=203800 2026-07-22T16:40:46.823
ATTEMPT 133 W0 SOLVE 4x2 2026-07-22T16:40:46.844
ATTEMPT 133 W0 DONE 4x2 seed=203800 nsol=16 0.03s 2026-07-22T16:40:46.873
ATTEMPT 134 W0 START 4x2 seed=203801 2026-07-22T16:40:46.873
ATTEMPT 134 W0 SOLVE 4x2 2026-07-22T16:40:46.892
ATTEMPT 134 W0 DONE 4x2 seed=203801 nsol=16 0.02s 2026-07-22T16:40:46.915
ATTEMPT 135 W0 START 4x2 seed=203802 2026-07-22T16:40:46.915
ATTEMPT 135 W0 SOLVE 4x2 2026-07-22T16:40:46.931
ATTEMPT 135 W0 DONE 4x2 seed=203802 nsol=16 0.03s 2026-07-22T16:40:46.959
ATTEMPT 136 W0 START 4x2 seed=203803 2026-07-22T16:40:46.959
ATTEMPT 136 W0 SOLVE 4x2 2026-07-22T16:40:46.979
ATTEMPT 136 W0 DONE 4x2 seed=203803 nsol=16 0.02s 2026-07-22T16:40:46.999
ATTEMPT 137 W0 START 4x2 seed=203804 2026-07-22T16:40:46.999
ATTEMPT 137 W0 SOLVE 4x2 2026-07-22T16:40:47.016
ATTEMPT 137 W0 DONE 4x2 seed=203804 nsol=16 0.03s 2026-07-22T16:40:47.050
ATTEMPT 138 W0 START 4x2 seed=203805 2026-07-22T16:40:47.051
ATTEMPT 138 W0 SOLVE 4x2 2026-07-22T16:40:47.060
ATTEMPT 138 W0 DONE 4x2 seed=203805 nsol=16 0.03s 2026-07-22T16:40:47.087
ATTEMPT 139 W0 START 4x2 seed=203806 2026-07-22T16:40:47.087
ATTEMPT 139 W0 SOLVE 4x2 2026-07-22T16:40:47.102
ATTEMPT 139 W0 DONE 4x2 seed=203806 nsol=16 0.02s 2026-07-22T16:40:47.139
ATTEMPT 140 W0 START 4x2 seed=203807 2026-07-22T16:40:47.139
ATTEMPT 140 W0 SOLVE 4x2 2026-07-22T16:40:47.159
ATTEMPT 140 W0 DONE 4x2 seed=203807 nsol=16 0.03s 2026-07-22T16:40:47.187
ATTEMPT 141 W0 START 4x2 seed=203808 2026-07-22T16:40:47.187
ATTEMPT 141 W0 SOLVE 4x2 2026-07-22T16:40:47.193
ATTEMPT 141 W0 DONE 4x2 seed=203808 nsol=16 0.02s 2026-07-22T16:40:47.219
ATTEMPT 142 W0 START 4x2 seed=203809 2026-07-22T16:40:47.219
ATTEMPT 142 W0 SOLVE 4x2 2026-07-22T16:40:47.234
ATTEMPT 142 W0 DONE 4x2 seed=203809 nsol=16 0.03s 2026-07-22T16:40:47.271
ATTEMPT 143 W0 START 4x2 seed=203810 2026-07-22T16:40:47.271
ATTEMPT 143 W0 SOLVE 4x2 2026-07-22T16:40:47.292
ATTEMPT 143 W0 DONE 4x2 seed=203810 nsol=16 0.02s 2026-07-22T16:40:47.310
ATTEMPT 144 W0 START 4x2 seed=203811 2026-07-22T16:40:47.311
ATTEMPT 144 W0 SOLVE 4x2 2026-07-22T16:40:47.330
ATTEMPT 144 W0 DONE 4x2 seed=203811 nsol=16 0.01s 2026-07-22T16:40:47.345
ATTEMPT 145 W0 START 4x2 seed=203812 2026-07-22T16:40:47.345
ATTEMPT 145 W0 SOLVE 4x2 2026-07-22T16:40:47.358
ATTEMPT 145 W0 DONE 4x2 seed=203812 nsol=16 0.01s 2026-07-22T16:40:47.370
ATTEMPT 146 W0 START 4x2 seed=203813 2026-07-22T16:40:47.370
ATTEMPT 146 W0 SOLVE 4x2 2026-07-22T16:40:47.380
ATTEMPT 146 W0 DONE 4x2 seed=203813 nsol=16 0.02s 2026-07-22T16:40:47.403
ATTEMPT 147 W0 START 4x2 seed=203814 2026-07-22T16:40:47.403
ATTEMPT 147 W0 SOLVE 4x2 2026-07-22T16:40:47.419
ATTEMPT 147 W0 DONE 4x2 seed=203814 nsol=16 0.02s 2026-07-22T16:40:47.443
ATTEMPT 148 W0 START 4x2 seed=203815 2026-07-22T16:40:47.443
ATTEMPT 148 W0 SOLVE 4x2 2026-07-22T16:40:47.457
ATTEMPT 148 W0 DONE 4x2 seed=203815 nsol=16 0.01s 2026-07-22T16:40:47.469
ATTEMPT 149 W0 START 4x2 seed=203816 2026-07-22T16:40:47.469
ATTEMPT 149 W0 SOLVE 4x2 2026-07-22T16:40:47.486
ATTEMPT 149 W0 DONE 4x2 seed=203816 nsol=16 0.02s 2026-07-22T16:40:47.502
ATTEMPT 150 W0 START 4x2 seed=203817 2026-07-22T16:40:47.503
ATTEMPT 150 W0 SOLVE 4x2 2026-07-22T16:40:47.513
ATTEMPT 150 W0 DONE 4x2 seed=203817 nsol=16 0.02s 2026-07-22T16:40:47.531
ATTEMPT 151 W0 START 4x2 seed=203818 2026-07-22T16:40:47.531
ATTEMPT 151 W0 SOLVE 4x2 2026-07-22T16:40:47.546
ATTEMPT 151 W0 DONE 4x2 seed=203818 nsol=16 0.02s 2026-07-22T16:40:47.562
ATTEMPT 152 W0 START 4x2 seed=203819 2026-07-22T16:40:47.562
ATTEMPT 152 W0 SOLVE 4x2 2026-07-22T16:40:47.570
ATTEMPT 152 W0 DONE 4x2 seed=203819 nsol=16 0.02s 2026-07-22T16:40:47.591
ATTEMPT 153 W0 START 4x2 seed=203820 2026-07-22T16:40:47.591
ATTEMPT 153 W0 SOLVE 4x2 2026-07-22T16:40:47.596
ATTEMPT 153 W0 DONE 4x2 seed=203820 nsol=16 0.07s 2026-07-22T16:40:47.668
ATTEMPT 154 W0 START 4x2 seed=203821 2026-07-22T16:40:47.668
ATTEMPT 154 W0 SOLVE 4x2 2026-07-22T16:40:47.675
ATTEMPT 154 W0 DONE 4x2 seed=203821 nsol=16 0.02s 2026-07-22T16:40:47.694
ATTEMPT 155 W0 START 4x2 seed=203822 2026-07-22T16:40:47.694
ATTEMPT 155 W0 SOLVE 4x2 2026-07-22T16:40:47.700
ATTEMPT 155 W0 DONE 4x2 seed=203822 nsol=16 0.01s 2026-07-22T16:40:47.712
ATTEMPT 156 W0 START 4x2 seed=203823 2026-07-22T16:40:47.712
ATTEMPT 156 W0 SOLVE 4x2 2026-07-22T16:40:47.718
ATTEMPT 156 W0 DONE 4x2 seed=203823 nsol=16 0.02s 2026-07-22T16:40:47.735
ATTEMPT 157 W0 START 4x2 seed=203824 2026-07-22T16:40:47.735
ATTEMPT 157 W0 SOLVE 4x2 2026-07-22T16:40:47.742
ATTEMPT 157 W0 DONE 4x2 seed=203824 nsol=16 0.02s 2026-07-22T16:40:47.765
ATTEMPT 158 W0 START 4x2 seed=203825 2026-07-22T16:40:47.765
ATTEMPT 158 W0 SOLVE 4x2 2026-07-22T16:40:47.773
ATTEMPT 158 W0 DONE 4x2 seed=203825 nsol=16 0.02s 2026-07-22T16:40:47.791
ATTEMPT 159 W0 START 4x2 seed=203826 2026-07-22T16:40:47.791
ATTEMPT 159 W0 SOLVE 4x2 2026-07-22T16:40:47.800
ATTEMPT 159 W0 DONE 4x2 seed=203826 nsol=16 0.02s 2026-07-22T16:40:47.818
ATTEMPT 160 W0 START 4x2 seed=203827 2026-07-22T16:40:47.818
ATTEMPT 160 W0 SOLVE 4x2 2026-07-22T16:40:47.824
ATTEMPT 160 W0 DONE 4x2 seed=203827 nsol=16 0.01s 2026-07-22T16:40:47.838
ATTEMPT 161 W0 START 4x2 seed=203828 2026-07-22T16:40:47.839
ATTEMPT 161 W0 SOLVE 4x2 2026-07-22T16:40:47.845
ATTEMPT 161 W0 DONE 4x2 seed=203828 nsol=16 0.02s 2026-07-22T16:40:47.862
ATTEMPT 162 W0 START 4x2 seed=203829 2026-07-22T16:40:47.863
ATTEMPT 162 W0 SOLVE 4x2 2026-07-22T16:40:47.870
ATTEMPT 162 W0 DONE 4x2 seed=203829 nsol=16 0.02s 2026-07-22T16:40:47.886
ATTEMPT 163 W0 START 4x2 seed=203830 2026-07-22T16:40:47.887
ATTEMPT 163 W0 SOLVE 4x2 2026-07-22T16:40:47.892
ATTEMPT 163 W0 DONE 4x2 seed=203830 nsol=16 0.02s 2026-07-22T16:40:47.910
ATTEMPT 164 W0 START 4x2 seed=203831 2026-07-22T16:40:47.910
ATTEMPT 164 W0 SOLVE 4x2 2026-07-22T16:40:47.917
ATTEMPT 164 W0 DONE 4x2 seed=203831 nsol=16 0.01s 2026-07-22T16:40:47.929
ATTEMPT 165 W0 START 4x2 seed=203832 2026-07-22T16:40:47.929
ATTEMPT 165 W0 SOLVE 4x2 2026-07-22T16:40:47.937
ATTEMPT 165 W0 DONE 4x2 seed=203832 nsol=16 0.02s 2026-07-22T16:40:47.954
ATTEMPT 166 W0 START 4x2 seed=203833 2026-07-22T16:40:47.954
ATTEMPT 166 W0 SOLVE 4x2 2026-07-22T16:40:47.961
ATTEMPT 166 W0 DONE 4x2 seed=203833 nsol=16 0.01s 2026-07-22T16:40:47.974
ATTEMPT 167 W0 START 4x2 seed=203834 2026-07-22T16:40:47.974
ATTEMPT 167 W0 SOLVE 4x2 2026-07-22T16:40:47.980
ATTEMPT 167 W0 DONE 4x2 seed=203834 nsol=16 0.01s 2026-07-22T16:40:47.988
ATTEMPT 168 W0 START 4x2 seed=203835 2026-07-22T16:40:47.989
ATTEMPT 168 W0 SOLVE 4x2 2026-07-22T16:40:47.995
ATTEMPT 168 W0 DONE 4x2 seed=203835 nsol=16 0.01s 2026-07-22T16:40:48.006
ATTEMPT 169 W0 START 4x2 seed=203836 2026-07-22T16:40:48.007
ATTEMPT 169 W0 SOLVE 4x2 2026-07-22T16:40:48.012
ATTEMPT 169 W0 DONE 4x2 seed=203836 nsol=16 0.02s 2026-07-22T16:40:48.030
ATTEMPT 170 W0 START 4x2 seed=203837 2026-07-22T16:40:48.030
ATTEMPT 170 W0 SOLVE 4x2 2026-07-22T16:40:48.039
ATTEMPT 170 W0 DONE 4x2 seed=203837 nsol=16 0.02s 2026-07-22T16:40:48.058
ATTEMPT 171 W0 START 4x2 seed=203838 2026-07-22T16:40:48.059
ATTEMPT 171 W0 SOLVE 4x2 2026-07-22T16:40:48.066
ATTEMPT 171 W0 DONE 4x2 seed=203838 nsol=16 0.02s 2026-07-22T16:40:48.090
ATTEMPT 172 W0 START 4x2 seed=203839 2026-07-22T16:40:48.090
ATTEMPT 172 W0 SOLVE 4x2 2026-07-22T16:40:48.097
ATTEMPT 172 W0 DONE 4x2 seed=203839 nsol=16 0.02s 2026-07-22T16:40:48.114
ATTEMPT 173 W0 START 4x2 seed=203840 2026-07-22T16:40:48.114
ATTEMPT 173 W0 SOLVE 4x2 2026-07-22T16:40:48.120
ATTEMPT 173 W0 DONE 4x2 seed=203840 nsol=16 0.01s 2026-07-22T16:40:48.131
ATTEMPT 174 W0 START 4x2 seed=203841 2026-07-22T16:40:48.132
ATTEMPT 174 W0 SOLVE 4x2 2026-07-22T16:40:48.137
ATTEMPT 174 W0 DONE 4x2 seed=203841 nsol=16 0.02s 2026-07-22T16:40:48.158
ATTEMPT 175 W0 START 4x2 seed=203842 2026-07-22T16:40:48.159
ATTEMPT 175 W0 SOLVE 4x2 2026-07-22T16:40:48.164
ATTEMPT 175 W0 DONE 4x2 seed=203842 nsol=16 0.01s 2026-07-22T16:40:48.178
ATTEMPT 176 W0 START 4x2 seed=203843 2026-07-22T16:40:48.178
ATTEMPT 176 W0 SOLVE 4x2 2026-07-22T16:40:48.184
ATTEMPT 176 W0 DONE 4x2 seed=203843 nsol=16 0.01s 2026-07-22T16:40:48.198
ATTEMPT 177 W0 START 4x2 seed=203844 2026-07-22T16:40:48.199
ATTEMPT 177 W0 SOLVE 4x2 2026-07-22T16:40:48.204
ATTEMPT 177 W0 DONE 4x2 seed=203844 nsol=16 0.01s 2026-07-22T16:40:48.213
ATTEMPT 178 W0 START 4x2 seed=203845 2026-07-22T16:40:48.213
ATTEMPT 178 W0 SOLVE 4x2 2026-07-22T16:40:48.227
ATTEMPT 178 W0 DONE 4x2 seed=203845 nsol=16 0.02s 2026-07-22T16:40:48.250
ATTEMPT 179 W0 START 4x2 seed=203846 2026-07-22T16:40:48.250
ATTEMPT 179 W0 SOLVE 4x2 2026-07-22T16:40:48.271
ATTEMPT 179 W0 DONE 4x2 seed=203846 nsol=16 0.03s 2026-07-22T16:40:48.299
ATTEMPT 180 W0 START 4x2 seed=203847 2026-07-22T16:40:48.299
ATTEMPT 180 W0 SOLVE 4x2 2026-07-22T16:40:48.313
ATTEMPT 180 W0 DONE 4x2 seed=203847 nsol=16 0.03s 2026-07-22T16:40:48.346
ATTEMPT 181 W0 START 4x2 seed=203848 2026-07-22T16:40:48.347
ATTEMPT 181 W0 SOLVE 4x2 2026-07-22T16:40:48.357
ATTEMPT 181 W0 DONE 4x2 seed=203848 nsol=16 0.02s 2026-07-22T16:40:48.386
ATTEMPT 182 W0 START 4x2 seed=203849 2026-07-22T16:40:48.386
ATTEMPT 182 W0 SOLVE 4x2 2026-07-22T16:40:48.404
ATTEMPT 182 W0 DONE 4x2 seed=203849 nsol=16 0.02s 2026-07-22T16:40:48.422
ATTEMPT 183 W0 START 4x2 seed=203850 2026-07-22T16:40:48.422
ATTEMPT 183 W0 SOLVE 4x2 2026-07-22T16:40:48.440
ATTEMPT 183 W0 DONE 4x2 seed=203850 nsol=16 0.03s 2026-07-22T16:40:48.471
ATTEMPT 184 W0 START 4x2 seed=203851 2026-07-22T16:40:48.471
ATTEMPT 184 W0 SOLVE 4x2 2026-07-22T16:40:48.485
ATTEMPT 184 W0 DONE 4x2 seed=203851 nsol=16 0.02s 2026-07-22T16:40:48.522
ATTEMPT 185 W0 START 4x2 seed=203852 2026-07-22T16:40:48.522
ATTEMPT 185 W0 SOLVE 4x2 2026-07-22T16:40:48.543
ATTEMPT 185 W0 DONE 4x2 seed=203852 nsol=16 0.02s 2026-07-22T16:40:48.567
ATTEMPT 186 W0 START 4x2 seed=203853 2026-07-22T16:40:48.567
ATTEMPT 186 W0 SOLVE 4x2 2026-07-22T16:40:48.599
ATTEMPT 186 W0 DONE 4x2 seed=203853 nsol=16 0.02s 2026-07-22T16:40:48.619
ATTEMPT 187 W0 START 4x2 seed=203854 2026-07-22T16:40:48.619
ATTEMPT 187 W0 SOLVE 4x2 2026-07-22T16:40:48.632
ATTEMPT 187 W0 DONE 4x2 seed=203854 nsol=16 0.02s 2026-07-22T16:40:48.658
ATTEMPT 188 W0 START 4x2 seed=203855 2026-07-22T16:40:48.658
ATTEMPT 188 W0 SOLVE 4x2 2026-07-22T16:40:48.670
ATTEMPT 188 W0 DONE 4x2 seed=203855 nsol=16 0.02s 2026-07-22T16:40:48.694
ATTEMPT 189 W0 START 4x2 seed=203856 2026-07-22T16:40:48.694
ATTEMPT 189 W0 SOLVE 4x2 2026-07-22T16:40:48.708
ATTEMPT 189 W0 DONE 4x2 seed=203856 nsol=16 0.01s 2026-07-22T16:40:48.726
ATTEMPT 190 W0 START 4x2 seed=203857 2026-07-22T16:40:48.726
ATTEMPT 190 W0 SOLVE 4x2 2026-07-22T16:40:48.745
ATTEMPT 190 W0 DONE 4x2 seed=203857 nsol=16 0.03s 2026-07-22T16:40:48.778
ATTEMPT 191 W0 START 4x2 seed=203858 2026-07-22T16:40:48.778
ATTEMPT 191 W0 SOLVE 4x2 2026-07-22T16:40:48.789
ATTEMPT 191 W0 DONE 4x2 seed=203858 nsol=16 0.01s 2026-07-22T16:40:48.802
ATTEMPT 192 W0 START 4x2 seed=203859 2026-07-22T16:40:48.802
ATTEMPT 192 W0 SOLVE 4x2 2026-07-22T16:40:48.819
ATTEMPT 192 W0 DONE 4x2 seed=203859 nsol=16 0.02s 2026-07-22T16:40:48.836
ATTEMPT 193 W0 START 4x2 seed=203860 2026-07-22T16:40:48.836
ATTEMPT 193 W0 SOLVE 4x2 2026-07-22T16:40:48.860
ATTEMPT 193 W0 DONE 4x2 seed=203860 nsol=16 0.03s 2026-07-22T16:40:48.894
ATTEMPT 194 W0 START 4x2 seed=203861 2026-07-22T16:40:48.894
ATTEMPT 194 W0 SOLVE 4x2 2026-07-22T16:40:48.912
ATTEMPT 194 W0 DONE 4x2 seed=203861 nsol=16 0.02s 2026-07-22T16:40:48.931
ATTEMPT 195 W0 START 4x2 seed=203862 2026-07-22T16:40:48.931
ATTEMPT 195 W0 SOLVE 4x2 2026-07-22T16:40:48.940
ATTEMPT 195 W0 DONE 4x2 seed=203862 nsol=16 0.01s 2026-07-22T16:40:48.953
ATTEMPT 196 W0 START 4x2 seed=203863 2026-07-22T16:40:48.953
ATTEMPT 196 W0 SOLVE 4x2 2026-07-22T16:40:48.976
ATTEMPT 196 W0 DONE 4x2 seed=203863 nsol=16 0.02s 2026-07-22T16:40:48.995
ATTEMPT 197 W0 START 4x2 seed=203864 2026-07-22T16:40:48.995
ATTEMPT 197 W0 SOLVE 4x2 2026-07-22T16:40:49.008
ATTEMPT 197 W0 DONE 4x2 seed=203864 nsol=16 0.02s 2026-07-22T16:40:49.027
ATTEMPT 198 W0 START 4x2 seed=203865 2026-07-22T16:40:49.027
ATTEMPT 198 W0 SOLVE 4x2 2026-07-22T16:40:49.041
ATTEMPT 198 W0 DONE 4x2 seed=203865 nsol=16 0.03s 2026-07-22T16:40:49.070
ATTEMPT 199 W0 START 4x2 seed=203866 2026-07-22T16:40:49.070
ATTEMPT 199 W0 SOLVE 4x2 2026-07-22T16:40:49.080
ATTEMPT 199 W0 DONE 4x2 seed=203866 nsol=16 0.02s 2026-07-22T16:40:49.098
ATTEMPT 200 W0 START 4x2 seed=203867 2026-07-22T16:40:49.098
ATTEMPT 200 W0 SOLVE 4x2 2026-07-22T16:40:49.111
ATTEMPT 200 W0 DONE 4x2 seed=203867 nsol=16 0.02s 2026-07-22T16:40:49.135
ATTEMPT 201 W0 START 4x2 seed=203868 2026-07-22T16:40:49.135
ATTEMPT 201 W0 SOLVE 4x2 2026-07-22T16:40:49.145
ATTEMPT 201 W0 DONE 4x2 seed=203868 nsol=16 0.07s 2026-07-22T16:40:49.220
ATTEMPT 202 W0 START 4x2 seed=203869 2026-07-22T16:40:49.234
ATTEMPT 202 W0 SOLVE 4x2 2026-07-22T16:40:49.249
ATTEMPT 202 W0 DONE 4x2 seed=203869 nsol=16 0.02s 2026-07-22T16:40:49.276
ATTEMPT 203 W0 START 4x2 seed=203870 2026-07-22T16:40:49.277
ATTEMPT 203 W0 SOLVE 4x2 2026-07-22T16:40:49.292
ATTEMPT 203 W0 DONE 4x2 seed=203870 nsol=16 0.02s 2026-07-22T16:40:49.315
ATTEMPT 204 W0 START 4x2 seed=203871 2026-07-22T16:40:49.315
ATTEMPT 204 W0 SOLVE 4x2 2026-07-22T16:40:49.320
ATTEMPT 204 W0 DONE 4x2 seed=203871 nsol=16 0.01s 2026-07-22T16:40:49.333
ATTEMPT 205 W0 START 4x2 seed=203872 2026-07-22T16:40:49.333
ATTEMPT 205 W0 SOLVE 4x2 2026-07-22T16:40:49.349
ATTEMPT 205 W0 DONE 4x2 seed=203872 nsol=16 0.03s 2026-07-22T16:40:49.375
ATTEMPT 206 W0 START 4x2 seed=203873 2026-07-22T16:40:49.375
ATTEMPT 206 W0 SOLVE 4x2 2026-07-22T16:40:49.386
ATTEMPT 206 W0 DONE 4x2 seed=203873 nsol=16 0.02s 2026-07-22T16:40:49.410
ATTEMPT 207 W0 START 4x2 seed=203874 2026-07-22T16:40:49.412
ATTEMPT 207 W0 SOLVE 4x2 2026-07-22T16:40:49.417
ATTEMPT 207 W0 DONE 4x2 seed=203874 nsol=16 0.02s 2026-07-22T16:40:49.433
ATTEMPT 208 W0 START 4x2 seed=203875 2026-07-22T16:40:49.433
ATTEMPT 208 W0 SOLVE 4x2 2026-07-22T16:40:49.439
ATTEMPT 208 W0 DONE 4x2 seed=203875 nsol=16 0.01s 2026-07-22T16:40:49.447
ATTEMPT 209 W0 START 4x2 seed=203876 2026-07-22T16:40:49.447
ATTEMPT 209 W0 SOLVE 4x2 2026-07-22T16:40:49.453
ATTEMPT 209 W0 DONE 4x2 seed=203876 nsol=16 0.03s 2026-07-22T16:40:49.478
ATTEMPT 210 W0 START 4x2 seed=203877 2026-07-22T16:40:49.479
ATTEMPT 210 W0 SOLVE 4x2 2026-07-22T16:40:49.487
ATTEMPT 210 W0 DONE 4x2 seed=203877 nsol=16 0.02s 2026-07-22T16:40:49.511
ATTEMPT 211 W0 START 4x2 seed=203878 2026-07-22T16:40:49.511
ATTEMPT 211 W0 SOLVE 4x2 2026-07-22T16:40:49.517
ATTEMPT 211 W0 DONE 4x2 seed=203878 nsol=16 0.02s 2026-07-22T16:40:49.538
ATTEMPT 212 W0 START 4x2 seed=203879 2026-07-22T16:40:49.538
ATTEMPT 212 W0 SOLVE 4x2 2026-07-22T16:40:49.548
ATTEMPT 212 W0 DONE 4x2 seed=203879 nsol=16 0.01s 2026-07-22T16:40:49.559
ATTEMPT 213 W0 START 4x2 seed=203880 2026-07-22T16:40:49.559
ATTEMPT 213 W0 SOLVE 4x2 2026-07-22T16:40:49.574
ATTEMPT 213 W0 DONE 4x2 seed=203880 nsol=16 0.01s 2026-07-22T16:40:49.587
ATTEMPT 214 W0 START 4x2 seed=203881 2026-07-22T16:40:49.588
ATTEMPT 214 W0 SOLVE 4x2 2026-07-22T16:40:49.600
ATTEMPT 214 W0 DONE 4x2 seed=203881 nsol=16 0.02s 2026-07-22T16:40:49.626
ATTEMPT 215 W0 START 4x2 seed=203882 2026-07-22T16:40:49.626
ATTEMPT 215 W0 SOLVE 4x2 2026-07-22T16:40:49.632
ATTEMPT 215 W0 DONE 4x2 seed=203882 nsol=16 0.02s 2026-07-22T16:40:49.654
ATTEMPT 216 W0 START 4x2 seed=203883 2026-07-22T16:40:49.654
ATTEMPT 216 W0 SOLVE 4x2 2026-07-22T16:40:49.672
ATTEMPT 216 W0 DONE 4x2 seed=203883 nsol=16 0.02s 2026-07-22T16:40:49.694
ATTEMPT 217 W0 START 4x2 seed=203884 2026-07-22T16:40:49.694
ATTEMPT 217 W0 SOLVE 4x2 2026-07-22T16:40:49.705
ATTEMPT 217 W0 DONE 4x2 seed=203884 nsol=16 0.02s 2026-07-22T16:40:49.727
ATTEMPT 218 W0 START 4x2 seed=203885 2026-07-22T16:40:49.727
ATTEMPT 218 W0 SOLVE 4x2 2026-07-22T16:40:49.736
ATTEMPT 218 W0 DONE 4x2 seed=203885 nsol=16 0.01s 2026-07-22T16:40:49.749
ATTEMPT 219 W0 START 4x2 seed=203886 2026-07-22T16:40:49.749
ATTEMPT 219 W0 SOLVE 4x2 2026-07-22T16:40:49.763
ATTEMPT 219 W0 DONE 4x2 seed=203886 nsol=16 0.02s 2026-07-22T16:40:49.779
ATTEMPT 220 W0 START 4x2 seed=203887 2026-07-22T16:40:49.779
ATTEMPT 220 W0 SOLVE 4x2 2026-07-22T16:40:49.792
ATTEMPT 220 W0 DONE 4x2 seed=203887 nsol=16 0.03s 2026-07-22T16:40:49.822
ATTEMPT 221 W0 START 4x2 seed=203888 2026-07-22T16:40:49.822
ATTEMPT 221 W0 SOLVE 4x2 2026-07-22T16:40:49.832
ATTEMPT 221 W0 DONE 4x2 seed=203888 nsol=16 0.02s 2026-07-22T16:40:49.853
ATTEMPT 222 W0 START 4x2 seed=203889 2026-07-22T16:40:49.853
ATTEMPT 222 W0 SOLVE 4x2 2026-07-22T16:40:49.871
ATTEMPT 222 W0 DONE 4x2 seed=203889 nsol=16 0.01s 2026-07-22T16:40:49.882
ATTEMPT 223 W0 START 4x2 seed=203890 2026-07-22T16:40:49.882
ATTEMPT 223 W0 SOLVE 4x2 2026-07-22T16:40:49.900
ATTEMPT 223 W0 DONE 4x2 seed=203890 nsol=16 0.02s 2026-07-22T16:40:49.920
ATTEMPT 224 W0 START 4x2 seed=203891 2026-07-22T16:40:49.920
ATTEMPT 224 W0 SOLVE 4x2 2026-07-22T16:40:49.930
ATTEMPT 224 W0 DONE 4x2 seed=203891 nsol=16 0.01s 2026-07-22T16:40:49.943
ATTEMPT 225 W0 START 4x2 seed=203892 2026-07-22T16:40:49.943
ATTEMPT 225 W0 SOLVE 4x2 2026-07-22T16:40:49.957
ATTEMPT 225 W0 DONE 4x2 seed=203892 nsol=16 0.01s 2026-07-22T16:40:49.965
ATTEMPT 226 W0 START 4x2 seed=203893 2026-07-22T16:40:49.965
ATTEMPT 226 W0 SOLVE 4x2 2026-07-22T16:40:49.970
ATTEMPT 226 W0 DONE 4x2 seed=203893 nsol=16 0.02s 2026-07-22T16:40:49.989
ATTEMPT 227 W0 START 4x2 seed=203894 2026-07-22T16:40:49.990
ATTEMPT 227 W0 SOLVE 4x2 2026-07-22T16:40:49.995
ATTEMPT 227 W0 DONE 4x2 seed=203894 nsol=16 0.01s 2026-07-22T16:40:50.001
ATTEMPT 228 W0 START 4x2 seed=203895 2026-07-22T16:40:50.002
ATTEMPT 228 W0 SOLVE 4x2 2026-07-22T16:40:50.008
ATTEMPT 228 W0 DONE 4x2 seed=203895 nsol=16 0.01s 2026-07-22T16:40:50.022
ATTEMPT 229 W0 START 4x2 seed=203896 2026-07-22T16:40:50.022
ATTEMPT 229 W0 SOLVE 4x2 2026-07-22T16:40:50.028
ATTEMPT 229 W0 DONE 4x2 seed=203896 nsol=16 0.02s 2026-07-22T16:40:50.046
ATTEMPT 230 W0 START 4x2 seed=203897 2026-07-22T16:40:50.046
ATTEMPT 230 W0 SOLVE 4x2 2026-07-22T16:40:50.053
ATTEMPT 230 W0 DONE 4x2 seed=203897 nsol=16 0.01s 2026-07-22T16:40:50.066
ATTEMPT 231 W0 START 4x2 seed=203898 2026-07-22T16:40:50.067
ATTEMPT 231 W0 SOLVE 4x2 2026-07-22T16:40:50.072
ATTEMPT 231 W0 DONE 4x2 seed=203898 nsol=16 0.01s 2026-07-22T16:40:50.077
ATTEMPT 232 W0 START 4x2 seed=203899 2026-07-22T16:40:50.077
ATTEMPT 232 W0 SOLVE 4x2 2026-07-22T16:40:50.091
ATTEMPT 232 W0 DONE 4x2 seed=203899 nsol=16 0.01s 2026-07-22T16:40:50.102
ATTEMPT 233 W0 START 4x2 seed=203900 2026-07-22T16:40:50.102
ATTEMPT 233 W0 SOLVE 4x2 2026-07-22T16:40:50.120
ATTEMPT 233 W0 DONE 4x2 seed=203900 nsol=16 0.01s 2026-07-22T16:40:50.134
ATTEMPT 234 W0 START 4x2 seed=203901 2026-07-22T16:40:50.135
ATTEMPT 234 W0 SOLVE 4x2 2026-07-22T16:40:50.150
ATTEMPT 234 W0 DONE 4x2 seed=203901 nsol=16 0.01s 2026-07-22T16:40:50.170
ATTEMPT 235 W0 START 4x2 seed=203902 2026-07-22T16:40:50.170
ATTEMPT 235 W0 SOLVE 4x2 2026-07-22T16:40:50.180
ATTEMPT 235 W0 DONE 4x2 seed=203902 nsol=16 0.01s 2026-07-22T16:40:50.195
ATTEMPT 236 W0 START 4x2 seed=203903 2026-07-22T16:40:50.195
ATTEMPT 236 W0 SOLVE 4x2 2026-07-22T16:40:50.204
ATTEMPT 236 W0 DONE 4x2 seed=203903 nsol=16 0.02s 2026-07-22T16:40:50.223
ATTEMPT 237 W0 START 4x2 seed=203904 2026-07-22T16:40:50.223
ATTEMPT 237 W0 SOLVE 4x2 2026-07-22T16:40:50.256
ATTEMPT 237 W0 DONE 4x2 seed=203904 nsol=16 0.02s 2026-07-22T16:40:50.272
ATTEMPT 238 W0 START 4x2 seed=203905 2026-07-22T16:40:50.273
ATTEMPT 238 W0 SOLVE 4x2 2026-07-22T16:40:50.278
ATTEMPT 238 W0 DONE 4x2 seed=203905 nsol=16 0.02s 2026-07-22T16:40:50.306
ATTEMPT 239 W0 START 4x2 seed=203906 2026-07-22T16:40:50.307
ATTEMPT 239 W0 SOLVE 4x2 2026-07-22T16:40:50.316
ATTEMPT 239 W0 DONE 4x2 seed=203906 nsol=16 0.03s 2026-07-22T16:40:50.342
ATTEMPT 240 W0 START 4x2 seed=203907 2026-07-22T16:40:50.342
ATTEMPT 240 W0 SOLVE 4x2 2026-07-22T16:40:50.350
ATTEMPT 240 W0 DONE 4x2 seed=203907 nsol=16 0.02s 2026-07-22T16:40:50.366
ATTEMPT 241 W0 START 4x2 seed=203908 2026-07-22T16:40:50.366
ATTEMPT 241 W0 SOLVE 4x2 2026-07-22T16:40:50.375
ATTEMPT 241 W0 DONE 4x2 seed=203908 nsol=16 0.01s 2026-07-22T16:40:50.387
ATTEMPT 242 W0 START 4x2 seed=203909 2026-07-22T16:40:50.387
ATTEMPT 242 W0 SOLVE 4x2 2026-07-22T16:40:50.395
ATTEMPT 242 W0 DONE 4x2 seed=203909 nsol=16 0.08s 2026-07-22T16:40:50.476
ATTEMPT 243 W0 START 4x2 seed=203910 2026-07-22T16:40:50.497
ATTEMPT 243 W0 SOLVE 4x2 2026-07-22T16:40:50.512
ATTEMPT 243 W0 DONE 4x2 seed=203910 nsol=16 0.01s 2026-07-22T16:40:50.523
ATTEMPT 244 W0 START 4x2 seed=203911 2026-07-22T16:40:50.524
ATTEMPT 244 W0 SOLVE 4x2 2026-07-22T16:40:50.533
ATTEMPT 244 W0 DONE 4x2 seed=203911 nsol=16 0.02s 2026-07-22T16:40:50.555
ATTEMPT 245 W0 START 4x2 seed=203912 2026-07-22T16:40:50.555
ATTEMPT 245 W0 SOLVE 4x2 2026-07-22T16:40:50.568
ATTEMPT 245 W0 DONE 4x2 seed=203912 nsol=16 0.01s 2026-07-22T16:40:50.583
ATTEMPT 246 W0 START 4x2 seed=203913 2026-07-22T16:40:50.583
ATTEMPT 246 W0 SOLVE 4x2 2026-07-22T16:40:50.592
ATTEMPT 246 W0 DONE 4x2 seed=203913 nsol=16 0.02s 2026-07-22T16:40:50.611
ATTEMPT 247 W0 START 4x2 seed=203914 2026-07-22T16:40:50.611
ATTEMPT 247 W0 SOLVE 4x2 2026-07-22T16:40:50.620
ATTEMPT 247 W0 DONE 4x2 seed=203914 nsol=16 0.02s 2026-07-22T16:40:50.642
ATTEMPT 248 W0 START 4x2 seed=203915 2026-07-22T16:40:50.642
ATTEMPT 248 W0 SOLVE 4x2 2026-07-22T16:40:50.654
ATTEMPT 248 W0 DONE 4x2 seed=203915 nsol=16 0.02s 2026-07-22T16:40:50.675
ATTEMPT 249 W0 START 4x2 seed=203916 2026-07-22T16:40:50.675
ATTEMPT 249 W0 SOLVE 4x2 2026-07-22T16:40:50.686
ATTEMPT 249 W0 DONE 4x2 seed=203916 nsol=16 0.02s 2026-07-22T16:40:50.710
ATTEMPT 250 W0 START 4x2 seed=203917 2026-07-22T16:40:50.711
ATTEMPT 250 W0 SOLVE 4x2 2026-07-22T16:40:50.716
ATTEMPT 250 W0 DONE 4x2 seed=203917 nsol=16 0.02s 2026-07-22T16:40:50.731
ATTEMPT 251 W0 START 4x2 seed=203918 2026-07-22T16:40:50.731
ATTEMPT 251 W0 SOLVE 4x2 2026-07-22T16:40:50.744
ATTEMPT 251 W0 DONE 4x2 seed=203918 nsol=16 0.02s 2026-07-22T16:40:50.762
ATTEMPT 252 W0 START 4x2 seed=203919 2026-07-22T16:40:50.762
ATTEMPT 252 W0 SOLVE 4x2 2026-07-22T16:40:50.769
ATTEMPT 252 W0 DONE 4x2 seed=203919 nsol=16 0.02s 2026-07-22T16:40:50.794
ATTEMPT 253 W0 START 4x2 seed=203920 2026-07-22T16:40:50.795
ATTEMPT 253 W0 SOLVE 4x2 2026-07-22T16:40:50.811
ATTEMPT 253 W0 DONE 4x2 seed=203920 nsol=16 0.01s 2026-07-22T16:40:50.825
ATTEMPT 254 W0 START 4x2 seed=203921 2026-07-22T16:40:50.825
ATTEMPT 254 W0 SOLVE 4x2 2026-07-22T16:40:50.839
ATTEMPT 254 W0 DONE 4x2 seed=203921 nsol=16 0.01s 2026-07-22T16:40:50.844
ATTEMPT 255 W0 START 4x2 seed=203922 2026-07-22T16:40:50.844
ATTEMPT 255 W0 SOLVE 4x2 2026-07-22T16:40:50.849
ATTEMPT 255 W0 DONE 4x2 seed=203922 nsol=16 0.02s 2026-07-22T16:40:50.870
ATTEMPT 256 W0 START 4x2 seed=203923 2026-07-22T16:40:50.871
ATTEMPT 256 W0 SOLVE 4x2 2026-07-22T16:40:50.880
ATTEMPT 256 W0 DONE 4x2 seed=203923 nsol=16 0.03s 2026-07-22T16:40:50.907
ATTEMPT 257 W0 START 4x2 seed=203924 2026-07-22T16:40:50.907
ATTEMPT 257 W0 SOLVE 4x2 2026-07-22T16:40:50.916
ATTEMPT 257 W0 DONE 4x2 seed=203924 nsol=16 0.01s 2026-07-22T16:40:50.931
ATTEMPT 258 W0 START 4x2 seed=203925 2026-07-22T16:40:50.931
ATTEMPT 258 W0 SOLVE 4x2 2026-07-22T16:40:50.940
ATTEMPT 258 W0 DONE 4x2 seed=203925 nsol=16 0.01s 2026-07-22T16:40:50.954
ATTEMPT 259 W0 START 4x2 seed=203926 2026-07-22T16:40:50.955
ATTEMPT 259 W0 SOLVE 4x2 2026-07-22T16:40:50.960
ATTEMPT 259 W0 DONE 4x2 seed=203926 nsol=16 0.02s 2026-07-22T16:40:50.978
ATTEMPT 260 W0 START 4x2 seed=203927 2026-07-22T16:40:50.979
ATTEMPT 260 W0 SOLVE 4x2 2026-07-22T16:40:50.993
ATTEMPT 260 W0 DONE 4x2 seed=203927 nsol=16 0.01s 2026-07-22T16:40:51.006
ATTEMPT 261 W0 START 4x2 seed=203928 2026-07-22T16:40:51.006
ATTEMPT 261 W0 SOLVE 4x2 2026-07-22T16:40:51.020
ATTEMPT 261 W0 DONE 4x2 seed=203928 nsol=16 0.01s 2026-07-22T16:40:51.031
ATTEMPT 262 W0 START 4x2 seed=203929 2026-07-22T16:40:51.031
ATTEMPT 262 W0 SOLVE 4x2 2026-07-22T16:40:51.047
ATTEMPT 262 W0 DONE 4x2 seed=203929 nsol=16 0.01s 2026-07-22T16:40:51.061
ATTEMPT 263 W0 START 4x2 seed=203930 2026-07-22T16:40:51.062
ATTEMPT 263 W0 SOLVE 4x2 2026-07-22T16:40:51.073
ATTEMPT 263 W0 DONE 4x2 seed=203930 nsol=16 0.01s 2026-07-22T16:40:51.091
ATTEMPT 264 W0 START 4x2 seed=203931 2026-07-22T16:40:51.091
ATTEMPT 264 W0 SOLVE 4x2 2026-07-22T16:40:51.107
ATTEMPT 264 W0 DONE 4x2 seed=203931 nsol=16 0.02s 2026-07-22T16:40:51.131
ATTEMPT 265 W0 START 4x2 seed=203932 2026-07-22T16:40:51.131
ATTEMPT 265 W0 SOLVE 4x2 2026-07-22T16:40:51.141
ATTEMPT 265 W0 DONE 4x2 seed=203932 nsol=16 0.01s 2026-07-22T16:40:51.158
ATTEMPT 266 W0 START 4x2 seed=203933 2026-07-22T16:40:51.158
ATTEMPT 266 W0 SOLVE 4x2 2026-07-22T16:40:51.179
ATTEMPT 266 W0 DONE 4x2 seed=203933 nsol=16 0.02s 2026-07-22T16:40:51.199
ATTEMPT 267 W0 START 4x2 seed=203934 2026-07-22T16:40:51.199
ATTEMPT 267 W0 SOLVE 4x2 2026-07-22T16:40:51.208
ATTEMPT 267 W0 DONE 4x2 seed=203934 nsol=16 0.02s 2026-07-22T16:40:51.227
ATTEMPT 268 W0 START 4x2 seed=203935 2026-07-22T16:40:51.227
ATTEMPT 268 W0 SOLVE 4x2 2026-07-22T16:40:51.247
ATTEMPT 268 W0 DONE 4x2 seed=203935 nsol=16 0.04s 2026-07-22T16:40:51.286
ATTEMPT 269 W0 START 4x2 seed=203936 2026-07-22T16:40:51.287
ATTEMPT 269 W0 SOLVE 4x2 2026-07-22T16:40:51.310
ATTEMPT 269 W0 DONE 4x2 seed=203936 nsol=16 0.03s 2026-07-22T16:40:51.343
ATTEMPT 270 W0 START 4x2 seed=203937 2026-07-22T16:40:51.343
ATTEMPT 270 W0 SOLVE 4x2 2026-07-22T16:40:51.356
ATTEMPT 270 W0 DONE 4x2 seed=203937 nsol=16 0.02s 2026-07-22T16:40:51.385
ATTEMPT 271 W0 START 4x2 seed=203938 2026-07-22T16:40:51.385
ATTEMPT 271 W0 SOLVE 4x2 2026-07-22T16:40:51.398
ATTEMPT 271 W0 DONE 4x2 seed=203938 nsol=16 0.01s 2026-07-22T16:40:51.410
ATTEMPT 272 W0 START 4x2 seed=203939 2026-07-22T16:40:51.411
ATTEMPT 272 W0 SOLVE 4x2 2026-07-22T16:40:51.423
ATTEMPT 272 W0 DONE 4x2 seed=203939 nsol=16 0.02s 2026-07-22T16:40:51.442
ATTEMPT 273 W0 START 4x2 seed=203940 2026-07-22T16:40:51.442
ATTEMPT 273 W0 SOLVE 4x2 2026-07-22T16:40:51.452
ATTEMPT 273 W0 DONE 4x2 seed=203940 nsol=16 0.02s 2026-07-22T16:40:51.468
ATTEMPT 274 W0 START 4x2 seed=203941 2026-07-22T16:40:51.468
ATTEMPT 274 W0 SOLVE 4x2 2026-07-22T16:40:51.487
ATTEMPT 274 W0 DONE 4x2 seed=203941 nsol=16 0.01s 2026-07-22T16:40:51.501
ATTEMPT 275 W0 START 4x2 seed=203942 2026-07-22T16:40:51.502
ATTEMPT 275 W0 SOLVE 4x2 2026-07-22T16:40:51.514
ATTEMPT 275 W0 DONE 4x2 seed=203942 nsol=16 0.02s 2026-07-22T16:40:51.541
ATTEMPT 276 W0 START 4x2 seed=203943 2026-07-22T16:40:51.542
ATTEMPT 276 W0 SOLVE 4x2 2026-07-22T16:40:51.556
ATTEMPT 276 W0 DONE 4x2 seed=203943 nsol=16 0.02s 2026-07-22T16:40:51.578
ATTEMPT 277 W0 START 4x2 seed=203944 2026-07-22T16:40:51.579
ATTEMPT 277 W0 SOLVE 4x2 2026-07-22T16:40:51.592
ATTEMPT 277 W0 DONE 4x2 seed=203944 nsol=16 0.03s 2026-07-22T16:40:51.618
ATTEMPT 278 W0 START 4x2 seed=203945 2026-07-22T16:40:51.618
ATTEMPT 278 W0 SOLVE 4x2 2026-07-22T16:40:51.624
ATTEMPT 278 W0 DONE 4x2 seed=203945 nsol=16 0.01s 2026-07-22T16:40:51.635
ATTEMPT 279 W0 START 4x2 seed=203946 2026-07-22T16:40:51.635
ATTEMPT 279 W0 SOLVE 4x2 2026-07-22T16:40:51.645
ATTEMPT 279 W0 DONE 4x2 seed=203946 nsol=16 0.10s 2026-07-22T16:40:51.758
ATTEMPT 280 W0 START 4x2 seed=203947 2026-07-22T16:40:51.759
ATTEMPT 280 W0 SOLVE 4x2 2026-07-22T16:40:51.775
ATTEMPT 280 W0 DONE 4x2 seed=203947 nsol=16 0.03s 2026-07-22T16:40:51.803
ATTEMPT 281 W0 START 4x2 seed=203948 2026-07-22T16:40:51.803
ATTEMPT 281 W0 SOLVE 4x2 2026-07-22T16:40:51.812
ATTEMPT 281 W0 DONE 4x2 seed=203948 nsol=16 0.01s 2026-07-22T16:40:51.827
ATTEMPT 282 W0 START 4x2 seed=203949 2026-07-22T16:40:51.827
ATTEMPT 282 W0 SOLVE 4x2 2026-07-22T16:40:51.834
ATTEMPT 282 W0 DONE 4x2 seed=203949 nsol=16 0.02s 2026-07-22T16:40:51.858
ATTEMPT 283 W0 START 4x2 seed=203950 2026-07-22T16:40:51.858
ATTEMPT 283 W0 SOLVE 4x2 2026-07-22T16:40:51.867
ATTEMPT 283 W0 DONE 4x2 seed=203950 nsol=16 0.02s 2026-07-22T16:40:51.886
ATTEMPT 284 W0 START 4x2 seed=203951 2026-07-22T16:40:51.887
ATTEMPT 284 W0 SOLVE 4x2 2026-07-22T16:40:51.895
ATTEMPT 284 W0 DONE 4x2 seed=203951 nsol=16 0.01s 2026-07-22T16:40:51.910
ATTEMPT 285 W0 START 4x2 seed=203952 2026-07-22T16:40:51.910
ATTEMPT 285 W0 SOLVE 4x2 2026-07-22T16:40:51.928
ATTEMPT 285 W0 DONE 4x2 seed=203952 nsol=16 0.03s 2026-07-22T16:40:51.959
ATTEMPT 286 W0 START 4x2 seed=203953 2026-07-22T16:40:51.959
ATTEMPT 286 W0 SOLVE 4x2 2026-07-22T16:40:51.978
ATTEMPT 286 W0 DONE 4x2 seed=203953 nsol=16 0.02s 2026-07-22T16:40:51.994
ATTEMPT 287 W0 START 4x2 seed=203954 2026-07-22T16:40:51.994
ATTEMPT 287 W0 SOLVE 4x2 2026-07-22T16:40:52.014
ATTEMPT 287 W0 DONE 4x2 seed=203954 nsol=16 0.04s 2026-07-22T16:40:52.054
ATTEMPT 288 W0 START 4x2 seed=203955 2026-07-22T16:40:52.054
ATTEMPT 288 W0 SOLVE 4x2 2026-07-22T16:40:52.072
ATTEMPT 288 W0 DONE 4x2 seed=203955 nsol=16 0.02s 2026-07-22T16:40:52.089
ATTEMPT 289 W0 START 4x2 seed=203956 2026-07-22T16:40:52.089
ATTEMPT 289 W0 SOLVE 4x2 2026-07-22T16:40:52.115
ATTEMPT 289 W0 DONE 4x2 seed=203956 nsol=16 0.03s 2026-07-22T16:40:52.147
ATTEMPT 290 W0 START 4x2 seed=203957 2026-07-22T16:40:52.147
ATTEMPT 290 W0 SOLVE 4x2 2026-07-22T16:40:52.179
ATTEMPT 290 W0 DONE 4x2 seed=203957 nsol=16 0.01s 2026-07-22T16:40:52.186
ATTEMPT 291 W0 START 4x2 seed=203958 2026-07-22T16:40:52.186
ATTEMPT 291 W0 SOLVE 4x2 2026-07-22T16:40:52.196
ATTEMPT 291 W0 DONE 4x2 seed=203958 nsol=16 0.01s 2026-07-22T16:40:52.210
ATTEMPT 292 W0 START 4x2 seed=203959 2026-07-22T16:40:52.210
ATTEMPT 292 W0 SOLVE 4x2 2026-07-22T16:40:52.217
ATTEMPT 292 W0 DONE 4x2 seed=203959 nsol=16 0.01s 2026-07-22T16:40:52.231
ATTEMPT 293 W0 START 4x2 seed=203960 2026-07-22T16:40:52.231
ATTEMPT 293 W0 SOLVE 4x2 2026-07-22T16:40:52.237
ATTEMPT 293 W0 DONE 4x2 seed=203960 nsol=16 0.01s 2026-07-22T16:40:52.243
ATTEMPT 294 W0 START 4x2 seed=203961 2026-07-22T16:40:52.244
ATTEMPT 294 W0 SOLVE 4x2 2026-07-22T16:40:52.251
ATTEMPT 294 W0 DONE 4x2 seed=203961 nsol=16 0.02s 2026-07-22T16:40:52.272
ATTEMPT 295 W0 START 4x2 seed=203962 2026-07-22T16:40:52.272
ATTEMPT 295 W0 SOLVE 4x2 2026-07-22T16:40:52.280
ATTEMPT 295 W0 DONE 4x2 seed=203962 nsol=16 0.01s 2026-07-22T16:40:52.290
ATTEMPT 296 W0 START 4x2 seed=203963 2026-07-22T16:40:52.291
ATTEMPT 296 W0 SOLVE 4x2 2026-07-22T16:40:52.303
ATTEMPT 296 W0 DONE 4x2 seed=203963 nsol=16 0.01s 2026-07-22T16:40:52.314
ATTEMPT 297 W0 START 4x2 seed=203964 2026-07-22T16:40:52.315
ATTEMPT 297 W0 SOLVE 4x2 2026-07-22T16:40:52.329
ATTEMPT 297 W0 DONE 4x2 seed=203964 nsol=16 0.01s 2026-07-22T16:40:52.338
ATTEMPT 298 W0 START 4x2 seed=203965 2026-07-22T16:40:52.338
ATTEMPT 298 W0 SOLVE 4x2 2026-07-22T16:40:52.349
ATTEMPT 298 W0 DONE 4x2 seed=203965 nsol=16 0.01s 2026-07-22T16:40:52.362
ATTEMPT 299 W0 START 4x2 seed=203966 2026-07-22T16:40:52.363
ATTEMPT 299 W0 SOLVE 4x2 2026-07-22T16:40:52.368
ATTEMPT 299 W0 DONE 4x2 seed=203966 nsol=16 0.01s 2026-07-22T16:40:52.378
ATTEMPT 300 W0 START 4x2 seed=203967 2026-07-22T16:40:52.380
ATTEMPT 300 W0 SOLVE 4x2 2026-07-22T16:40:52.391
ATTEMPT 300 W0 DONE 4x2 seed=203967 nsol=16 0.01s 2026-07-22T16:40:52.398
ATTEMPT 301 W0 START 4x2 seed=203968 2026-07-22T16:40:52.398
ATTEMPT 301 W0 SOLVE 4x2 2026-07-22T16:40:52.410
ATTEMPT 301 W0 DONE 4x2 seed=203968 nsol=16 0.01s 2026-07-22T16:40:52.422
ATTEMPT 302 W0 START 4x2 seed=203969 2026-07-22T16:40:52.423
ATTEMPT 302 W0 SOLVE 4x2 2026-07-22T16:40:52.439
ATTEMPT 302 W0 DONE 4x2 seed=203969 nsol=16 0.02s 2026-07-22T16:40:52.455
ATTEMPT 303 W0 START 4x2 seed=203970 2026-07-22T16:40:52.455
ATTEMPT 303 W0 SOLVE 4x2 2026-07-22T16:40:52.465
ATTEMPT 303 W0 DONE 4x2 seed=203970 nsol=16 0.01s 2026-07-22T16:40:52.474
ATTEMPT 304 W0 START 4x2 seed=203971 2026-07-22T16:40:52.474
ATTEMPT 304 W0 SOLVE 4x2 2026-07-22T16:40:52.483
ATTEMPT 304 W0 DONE 4x2 seed=203971 nsol=16 0.01s 2026-07-22T16:40:52.495
ATTEMPT 305 W0 START 4x2 seed=203972 2026-07-22T16:40:52.495
ATTEMPT 305 W0 SOLVE 4x2 2026-07-22T16:40:52.504
ATTEMPT 305 W0 DONE 4x2 seed=203972 nsol=16 0.01s 2026-07-22T16:40:52.513
ATTEMPT 306 W0 START 4x2 seed=203973 2026-07-22T16:40:52.513
ATTEMPT 306 W0 SOLVE 4x2 2026-07-22T16:40:52.519
ATTEMPT 306 W0 DONE 4x2 seed=203973 nsol=16 0.02s 2026-07-22T16:40:52.537
ATTEMPT 307 W0 START 4x2 seed=203974 2026-07-22T16:40:52.538
ATTEMPT 307 W0 SOLVE 4x2 2026-07-22T16:40:52.559
ATTEMPT 307 W0 DONE 4x2 seed=203974 nsol=16 0.01s 2026-07-22T16:40:52.572
ATTEMPT 308 W0 START 4x2 seed=203975 2026-07-22T16:40:52.573
ATTEMPT 308 W0 SOLVE 4x2 2026-07-22T16:40:52.580
ATTEMPT 308 W0 DONE 4x2 seed=203975 nsol=16 0.02s 2026-07-22T16:40:52.596
ATTEMPT 309 W0 START 4x2 seed=203976 2026-07-22T16:40:52.597
ATTEMPT 309 W0 SOLVE 4x2 2026-07-22T16:40:52.604
ATTEMPT 309 W0 DONE 4x2 seed=203976 nsol=16 0.00s 2026-07-22T16:40:52.608
ATTEMPT 310 W0 START 4x2 seed=203977 2026-07-22T16:40:52.608
ATTEMPT 310 W0 SOLVE 4x2 2026-07-22T16:40:52.613
ATTEMPT 310 W0 DONE 4x2 seed=203977 nsol=16 0.02s 2026-07-22T16:40:52.630
ATTEMPT 311 W0 START 4x2 seed=203978 2026-07-22T16:40:52.630
ATTEMPT 311 W0 SOLVE 4x2 2026-07-22T16:40:52.636
ATTEMPT 311 W0 DONE 4x2 seed=203978 nsol=16 0.01s 2026-07-22T16:40:52.650
ATTEMPT 312 W0 START 4x2 seed=203979 2026-07-22T16:40:52.651
ATTEMPT 312 W0 SOLVE 4x2 2026-07-22T16:40:52.658
ATTEMPT 312 W0 DONE 4x2 seed=203979 nsol=16 0.02s 2026-07-22T16:40:52.674
ATTEMPT 313 W0 START 4x2 seed=203980 2026-07-22T16:40:52.674
ATTEMPT 313 W0 SOLVE 4x2 2026-07-22T16:40:52.680
ATTEMPT 313 W0 DONE 4x2 seed=203980 nsol=16 0.01s 2026-07-22T16:40:52.689
ATTEMPT 314 W0 START 4x2 seed=203981 2026-07-22T16:40:52.690
ATTEMPT 314 W0 SOLVE 4x2 2026-07-22T16:40:52.696
ATTEMPT 314 W0 DONE 4x2 seed=203981 nsol=16 0.02s 2026-07-22T16:40:52.715
ATTEMPT 315 W0 START 4x2 seed=203982 2026-07-22T16:40:52.715
ATTEMPT 315 W0 SOLVE 4x2 2026-07-22T16:40:52.729
ATTEMPT 315 W0 DONE 4x2 seed=203982 nsol=16 0.10s 2026-07-22T16:40:52.830
ATTEMPT 316 W0 START 4x2 seed=203983 2026-07-22T16:40:52.830
ATTEMPT 316 W0 SOLVE 4x2 2026-07-22T16:40:52.844
ATTEMPT 316 W0 DONE 4x2 seed=203983 nsol=16 0.02s 2026-07-22T16:40:52.874
ATTEMPT 317 W0 START 4x2 seed=203984 2026-07-22T16:40:52.874
ATTEMPT 317 W0 SOLVE 4x2 2026-07-22T16:40:52.884
ATTEMPT 317 W0 DONE 4x2 seed=203984 nsol=16 0.51s 2026-07-22T16:40:53.399
ATTEMPT 318 W0 START 4x2 seed=203985 2026-07-22T16:40:53.399
ATTEMPT 318 W0 SOLVE 4x2 2026-07-22T16:40:53.408
ATTEMPT 318 W0 DONE 4x2 seed=203985 nsol=16 0.02s 2026-07-22T16:40:53.428
ATTEMPT 319 W0 START 4x2 seed=203986 2026-07-22T16:40:53.429
ATTEMPT 319 W0 SOLVE 4x2 2026-07-22T16:40:53.443
ATTEMPT 319 W0 DONE 4x2 seed=203986 nsol=16 0.01s 2026-07-22T16:40:53.450
ATTEMPT 320 W0 START 4x2 seed=203987 2026-07-22T16:40:53.451
ATTEMPT 320 W0 SOLVE 4x2 2026-07-22T16:40:53.456
ATTEMPT 320 W0 DONE 4x2 seed=203987 nsol=16 0.01s 2026-07-22T16:40:53.470
ATTEMPT 321 W0 START 4x2 seed=203988 2026-07-22T16:40:53.471
ATTEMPT 321 W0 SOLVE 4x2 2026-07-22T16:40:53.480
ATTEMPT 321 W0 DONE 4x2 seed=203988 nsol=16 0.01s 2026-07-22T16:40:53.493
ATTEMPT 322 W0 START 4x2 seed=203989 2026-07-22T16:40:53.493
ATTEMPT 322 W0 SOLVE 4x2 2026-07-22T16:40:53.519
ATTEMPT 322 W0 DONE 4x2 seed=203989 nsol=16 0.03s 2026-07-22T16:40:53.550
ATTEMPT 323 W0 START 4x2 seed=203990 2026-07-22T16:40:53.550
ATTEMPT 323 W0 SOLVE 4x2 2026-07-22T16:40:53.572
ATTEMPT 323 W0 DONE 4x2 seed=203990 nsol=16 0.03s 2026-07-22T16:40:53.598
ATTEMPT 324 W0 START 4x2 seed=203991 2026-07-22T16:40:53.598
ATTEMPT 324 W0 SOLVE 4x2 2026-07-22T16:40:53.613
ATTEMPT 324 W0 DONE 4x2 seed=203991 nsol=16 0.04s 2026-07-22T16:40:53.670
ATTEMPT 325 W0 START 4x2 seed=203992 2026-07-22T16:40:53.671
ATTEMPT 325 W0 SOLVE 4x2 2026-07-22T16:40:53.696
ATTEMPT 325 W0 DONE 4x2 seed=203992 nsol=16 0.03s 2026-07-22T16:40:53.722
ATTEMPT 326 W0 START 4x2 seed=203993 2026-07-22T16:40:53.723
ATTEMPT 326 W0 SOLVE 4x2 2026-07-22T16:40:53.733
ATTEMPT 326 W0 DONE 4x2 seed=203993 nsol=16 0.03s 2026-07-22T16:40:53.758
ATTEMPT 327 W0 START 4x2 seed=203994 2026-07-22T16:40:53.759
ATTEMPT 327 W0 SOLVE 4x2 2026-07-22T16:40:53.768
ATTEMPT 327 W0 DONE 4x2 seed=203994 nsol=16 0.02s 2026-07-22T16:40:53.790
ATTEMPT 328 W0 START 4x2 seed=203995 2026-07-22T16:40:53.791
ATTEMPT 328 W0 SOLVE 4x2 2026-07-22T16:40:53.805
ATTEMPT 328 W0 DONE 4x2 seed=203995 nsol=16 0.02s 2026-07-22T16:40:53.832
ATTEMPT 329 W0 START 4x2 seed=203996 2026-07-22T16:40:53.832
ATTEMPT 329 W0 SOLVE 4x2 2026-07-22T16:40:53.851
ATTEMPT 329 W0 DONE 4x2 seed=203996 nsol=16 0.01s 2026-07-22T16:40:53.861
ATTEMPT 330 W0 START 4x2 seed=203997 2026-07-22T16:40:53.861
ATTEMPT 330 W0 SOLVE 4x2 2026-07-22T16:40:53.867
ATTEMPT 330 W0 DONE 4x2 seed=203997 nsol=16 0.01s 2026-07-22T16:40:53.873
ATTEMPT 331 W0 START 4x2 seed=203998 2026-07-22T16:40:53.873
ATTEMPT 331 W0 SOLVE 4x2 2026-07-22T16:40:53.882
ATTEMPT 331 W0 DONE 4x2 seed=203998 nsol=16 0.01s 2026-07-22T16:40:53.889
ATTEMPT 332 W0 START 4x2 seed=203999 2026-07-22T16:40:53.889
ATTEMPT 332 W0 SOLVE 4x2 2026-07-22T16:40:53.894
ATTEMPT 332 W0 DONE 4x2 seed=203999 nsol=16 0.00s 2026-07-22T16:40:53.899
ATTEMPT 333 W0 START 4x2 seed=204000 2026-07-22T16:40:53.899
ATTEMPT 333 W0 SOLVE 4x2 2026-07-22T16:40:53.907
ATTEMPT 333 W0 DONE 4x2 seed=204000 nsol=16 0.01s 2026-07-22T16:40:53.915
ATTEMPT 334 W0 START 4x2 seed=204001 2026-07-22T16:40:53.915
ATTEMPT 334 W0 SOLVE 4x2 2026-07-22T16:40:53.922
ATTEMPT 334 W0 DONE 4x2 seed=204001 nsol=16 0.01s 2026-07-22T16:40:53.930
ATTEMPT 335 W0 START 4x2 seed=204002 2026-07-22T16:40:53.931
ATTEMPT 335 W0 SOLVE 4x2 2026-07-22T16:40:53.940
ATTEMPT 335 W0 DONE 4x2 seed=204002 nsol=16 0.01s 2026-07-22T16:40:53.954
ATTEMPT 336 W0 START 4x2 seed=204003 2026-07-22T16:40:53.954
ATTEMPT 336 W0 SOLVE 4x2 2026-07-22T16:40:53.966
ATTEMPT 336 W0 DONE 4x2 seed=204003 nsol=16 0.02s 2026-07-22T16:40:53.990
ATTEMPT 337 W0 START 4x2 seed=204004 2026-07-22T16:40:53.990
ATTEMPT 337 W0 SOLVE 4x2 2026-07-22T16:40:54.002
ATTEMPT 337 W0 DONE 4x2 seed=204004 nsol=16 0.02s 2026-07-22T16:40:54.028
ATTEMPT 338 W0 START 4x2 seed=204005 2026-07-22T16:40:54.029
ATTEMPT 338 W0 SOLVE 4x2 2026-07-22T16:40:54.042
ATTEMPT 338 W0 DONE 4x2 seed=204005 nsol=16 0.01s 2026-07-22T16:40:54.050
ATTEMPT 339 W0 START 4x2 seed=204006 2026-07-22T16:40:54.050
ATTEMPT 339 W0 SOLVE 4x2 2026-07-22T16:40:54.057
ATTEMPT 339 W0 DONE 4x2 seed=204006 nsol=16 0.03s 2026-07-22T16:40:54.082
ATTEMPT 340 W0 START 4x2 seed=204007 2026-07-22T16:40:54.083
ATTEMPT 340 W0 SOLVE 4x2 2026-07-22T16:40:54.090
ATTEMPT 340 W0 DONE 4x2 seed=204007 nsol=16 0.01s 2026-07-22T16:40:54.098
ATTEMPT 341 W0 START 4x2 seed=204008 2026-07-22T16:40:54.098
ATTEMPT 341 W0 SOLVE 4x2 2026-07-22T16:40:54.106
ATTEMPT 341 W0 DONE 4x2 seed=204008 nsol=16 0.02s 2026-07-22T16:40:54.126
ATTEMPT 342 W0 START 4x2 seed=204009 2026-07-22T16:40:54.127
ATTEMPT 342 W0 SOLVE 4x2 2026-07-22T16:40:54.133
ATTEMPT 342 W0 DONE 4x2 seed=204009 nsol=16 0.02s 2026-07-22T16:40:54.148
ATTEMPT 343 W0 START 4x2 seed=204010 2026-07-22T16:40:54.149
ATTEMPT 343 W0 SOLVE 4x2 2026-07-22T16:40:54.157
ATTEMPT 343 W0 DONE 4x2 seed=204010 nsol=16 0.01s 2026-07-22T16:40:54.165
ATTEMPT 344 W0 START 4x2 seed=204011 2026-07-22T16:40:54.165
ATTEMPT 344 W0 SOLVE 4x2 2026-07-22T16:40:54.172
ATTEMPT 344 W0 DONE 4x2 seed=204011 nsol=16 0.01s 2026-07-22T16:40:54.177
ATTEMPT 345 W0 START 4x2 seed=204012 2026-07-22T16:40:54.178
ATTEMPT 345 W0 SOLVE 4x2 2026-07-22T16:40:54.185
ATTEMPT 345 W0 DONE 4x2 seed=204012 nsol=16 0.01s 2026-07-22T16:40:54.195
ATTEMPT 346 W0 START 4x2 seed=204013 2026-07-22T16:40:54.195
ATTEMPT 346 W0 SOLVE 4x2 2026-07-22T16:40:54.204
ATTEMPT 346 W0 DONE 4x2 seed=204013 nsol=16 0.01s 2026-07-22T16:40:54.217
ATTEMPT 347 W0 START 4x2 seed=204014 2026-07-22T16:40:54.217
ATTEMPT 347 W0 SOLVE 4x2 2026-07-22T16:40:54.255
ATTEMPT 347 W0 DONE 4x2 seed=204014 nsol=16 0.02s 2026-07-22T16:40:54.274
ATTEMPT 348 W0 START 4x2 seed=204015 2026-07-22T16:40:54.274
ATTEMPT 348 W0 SOLVE 4x2 2026-07-22T16:40:54.325
ATTEMPT 348 W0 DONE 4x2 seed=204015 nsol=16 0.14s 2026-07-22T16:40:54.466
ATTEMPT 349 W0 START 4x2 seed=204016 2026-07-22T16:40:54.467
ATTEMPT 349 W0 SOLVE 4x2 2026-07-22T16:40:54.480
ATTEMPT 349 W0 DONE 4x2 seed=204016 nsol=16 0.02s 2026-07-22T16:40:54.499
ATTEMPT 350 W0 START 4x2 seed=204017 2026-07-22T16:40:54.499
ATTEMPT 350 W0 SOLVE 4x2 2026-07-22T16:40:54.509
ATTEMPT 350 W0 DONE 4x2 seed=204017 nsol=16 0.02s 2026-07-22T16:40:54.535
ATTEMPT 351 W0 START 4x2 seed=204018 2026-07-22T16:40:54.535
ATTEMPT 351 W0 SOLVE 4x2 2026-07-22T16:40:54.555
ATTEMPT 351 W0 DONE 4x2 seed=204018 nsol=16 0.04s 2026-07-22T16:40:54.591
ATTEMPT 352 W0 START 4x2 seed=204019 2026-07-22T16:40:54.591
ATTEMPT 352 W0 SOLVE 4x2 2026-07-22T16:40:54.601
ATTEMPT 352 W0 DONE 4x2 seed=204019 nsol=16 0.02s 2026-07-22T16:40:54.630
ATTEMPT 353 W0 START 4x2 seed=204020 2026-07-22T16:40:54.630
ATTEMPT 353 W0 SOLVE 4x2 2026-07-22T16:40:54.649
ATTEMPT 353 W0 DONE 4x2 seed=204020 nsol=16 0.02s 2026-07-22T16:40:54.670
ATTEMPT 354 W0 START 4x2 seed=204021 2026-07-22T16:40:54.670
ATTEMPT 354 W0 SOLVE 4x2 2026-07-22T16:40:54.692
ATTEMPT 354 W0 DONE 4x2 seed=204021 nsol=16 0.04s 2026-07-22T16:40:54.730
ATTEMPT 355 W0 START 4x2 seed=204022 2026-07-22T16:40:54.730
ATTEMPT 355 W0 SOLVE 4x2 2026-07-22T16:40:54.744
ATTEMPT 355 W0 DONE 4x2 seed=204022 nsol=16 0.02s 2026-07-22T16:40:54.766
ATTEMPT 356 W0 START 4x2 seed=204023 2026-07-22T16:40:54.766
ATTEMPT 356 W0 SOLVE 4x2 2026-07-22T16:40:54.788
ATTEMPT 356 W0 DONE 4x2 seed=204023 nsol=16 0.03s 2026-07-22T16:40:54.820
ATTEMPT 357 W0 START 4x2 seed=204024 2026-07-22T16:40:54.821
ATTEMPT 357 W0 SOLVE 4x2 2026-07-22T16:40:54.852
ATTEMPT 357 W0 DONE 4x2 seed=204024 nsol=16 0.03s 2026-07-22T16:40:54.883
ATTEMPT 358 W0 START 4x2 seed=204025 2026-07-22T16:40:54.883
ATTEMPT 358 W0 SOLVE 4x2 2026-07-22T16:40:54.901
ATTEMPT 358 W0 DONE 4x2 seed=204025 nsol=16 0.02s 2026-07-22T16:40:54.926
ATTEMPT 359 W0 START 4x2 seed=204026 2026-07-22T16:40:54.926
ATTEMPT 359 W0 SOLVE 4x2 2026-07-22T16:40:54.948
ATTEMPT 359 W0 DONE 4x2 seed=204026 nsol=16 0.02s 2026-07-22T16:40:54.971
ATTEMPT 360 W0 START 4x2 seed=204027 2026-07-22T16:40:54.971
ATTEMPT 360 W0 SOLVE 4x2 2026-07-22T16:40:54.993
ATTEMPT 360 W0 DONE 4x2 seed=204027 nsol=16 0.03s 2026-07-22T16:40:55.019
ATTEMPT 361 W0 START 4x2 seed=204028 2026-07-22T16:40:55.019
ATTEMPT 361 W0 SOLVE 4x2 2026-07-22T16:40:55.047
ATTEMPT 361 W0 DONE 4x2 seed=204028 nsol=16 0.02s 2026-07-22T16:40:55.071
ATTEMPT 362 W0 START 4x2 seed=204029 2026-07-22T16:40:55.071
ATTEMPT 362 W0 SOLVE 4x2 2026-07-22T16:40:55.085
ATTEMPT 362 W0 DONE 4x2 seed=204029 nsol=16 0.04s 2026-07-22T16:40:55.132
ATTEMPT 363 W0 START 4x2 seed=204030 2026-07-22T16:40:55.133
ATTEMPT 363 W0 SOLVE 4x2 2026-07-22T16:40:55.149
ATTEMPT 363 W0 DONE 4x2 seed=204030 nsol=16 0.03s 2026-07-22T16:40:55.187
ATTEMPT 364 W0 START 4x2 seed=204031 2026-07-22T16:40:55.187
ATTEMPT 364 W0 SOLVE 4x2 2026-07-22T16:40:55.219
ATTEMPT 364 W0 DONE 4x2 seed=204031 nsol=16 0.02s 2026-07-22T16:40:55.243
ATTEMPT 365 W0 START 4x2 seed=204032 2026-07-22T16:40:55.243
ATTEMPT 365 W0 SOLVE 4x2 2026-07-22T16:40:55.248
ATTEMPT 365 W0 DONE 4x2 seed=204032 nsol=16 0.03s 2026-07-22T16:40:55.283
ATTEMPT 366 W0 START 4x2 seed=204033 2026-07-22T16:40:55.283
ATTEMPT 366 W0 SOLVE 4x2 2026-07-22T16:40:55.315
ATTEMPT 366 W0 DONE 4x2 seed=204033 nsol=16 0.02s 2026-07-22T16:40:55.335
ATTEMPT 367 W0 START 4x2 seed=204034 2026-07-22T16:40:55.335
ATTEMPT 367 W0 SOLVE 4x2 2026-07-22T16:40:55.359
ATTEMPT 367 W0 DONE 4x2 seed=204034 nsol=16 0.03s 2026-07-22T16:40:55.395
ATTEMPT 368 W0 START 4x2 seed=204035 2026-07-22T16:40:55.395
ATTEMPT 368 W0 SOLVE 4x2 2026-07-22T16:40:55.407
ATTEMPT 368 W0 DONE 4x2 seed=204035 nsol=16 0.01s 2026-07-22T16:40:55.423
ATTEMPT 369 W0 START 4x2 seed=204036 2026-07-22T16:40:55.423
ATTEMPT 369 W0 SOLVE 4x2 2026-07-22T16:40:55.443
ATTEMPT 369 W0 DONE 4x2 seed=204036 nsol=16 0.02s 2026-07-22T16:40:55.463
ATTEMPT 370 W0 START 4x2 seed=204037 2026-07-22T16:40:55.464
ATTEMPT 370 W0 SOLVE 4x2 2026-07-22T16:40:55.474
ATTEMPT 370 W0 DONE 4x2 seed=204037 nsol=16 0.01s 2026-07-22T16:40:55.494
ATTEMPT 371 W0 START 4x2 seed=204038 2026-07-22T16:40:55.494
ATTEMPT 371 W0 SOLVE 4x2 2026-07-22T16:40:55.509
ATTEMPT 371 W0 DONE 4x2 seed=204038 nsol=16 0.04s 2026-07-22T16:40:55.546
ATTEMPT 372 W0 START 4x2 seed=204039 2026-07-22T16:40:55.546
ATTEMPT 372 W0 SOLVE 4x2 2026-07-22T16:40:55.553
ATTEMPT 372 W0 DONE 4x2 seed=204039 nsol=16 0.04s 2026-07-22T16:40:55.595
ATTEMPT 373 W0 START 4x2 seed=204040 2026-07-22T16:40:55.595
ATTEMPT 373 W0 SOLVE 4x2 2026-07-22T16:40:55.601
ATTEMPT 373 W0 DONE 4x2 seed=204040 nsol=16 0.04s 2026-07-22T16:40:55.652
ATTEMPT 374 W0 START 4x2 seed=204041 2026-07-22T16:40:55.652
ATTEMPT 374 W0 SOLVE 4x2 2026-07-22T16:40:55.675
ATTEMPT 374 W0 DONE 4x2 seed=204041 nsol=16 0.02s 2026-07-22T16:40:55.694
ATTEMPT 375 W0 START 4x2 seed=204042 2026-07-22T16:40:55.695
ATTEMPT 375 W0 SOLVE 4x2 2026-07-22T16:40:55.709
ATTEMPT 375 W0 DONE 4x2 seed=204042 nsol=16 0.02s 2026-07-22T16:40:55.735
ATTEMPT 376 W0 START 4x2 seed=204043 2026-07-22T16:40:55.735
ATTEMPT 376 W0 SOLVE 4x2 2026-07-22T16:40:55.749
ATTEMPT 376 W0 DONE 4x2 seed=204043 nsol=16 0.02s 2026-07-22T16:40:55.772
ATTEMPT 377 W0 START 4x2 seed=204044 2026-07-22T16:40:55.772
ATTEMPT 377 W0 SOLVE 4x2 2026-07-22T16:40:55.796
ATTEMPT 377 W0 DONE 4x2 seed=204044 nsol=16 0.03s 2026-07-22T16:40:55.823
ATTEMPT 378 W0 START 4x2 seed=204045 2026-07-22T16:40:55.823
ATTEMPT 378 W0 SOLVE 4x2 2026-07-22T16:40:55.836
ATTEMPT 378 W0 DONE 4x2 seed=204045 nsol=16 0.02s 2026-07-22T16:40:55.856
ATTEMPT 379 W0 START 4x2 seed=204046 2026-07-22T16:40:55.856
ATTEMPT 379 W0 SOLVE 4x2 2026-07-22T16:40:55.870
ATTEMPT 379 W0 DONE 4x2 seed=204046 nsol=16 0.03s 2026-07-22T16:40:55.902
ATTEMPT 380 W0 START 4x2 seed=204047 2026-07-22T16:40:55.902
ATTEMPT 380 W0 SOLVE 4x2 2026-07-22T16:40:55.913
ATTEMPT 380 W0 DONE 4x2 seed=204047 nsol=16 0.03s 2026-07-22T16:40:55.938
ATTEMPT 381 W0 START 4x2 seed=204048 2026-07-22T16:40:55.939
ATTEMPT 381 W0 SOLVE 4x2 2026-07-22T16:40:55.945
ATTEMPT 381 W0 DONE 4x2 seed=204048 nsol=16 0.02s 2026-07-22T16:40:55.966
ATTEMPT 382 W0 START 4x2 seed=204049 2026-07-22T16:40:55.967
ATTEMPT 382 W0 SOLVE 4x2 2026-07-22T16:40:55.975
ATTEMPT 382 W0 DONE 4x2 seed=204049 nsol=16 0.02s 2026-07-22T16:40:55.990
ATTEMPT 383 W0 START 4x2 seed=204050 2026-07-22T16:40:55.991
ATTEMPT 383 W0 SOLVE 4x2 2026-07-22T16:40:56.003
ATTEMPT 383 W0 DONE 4x2 seed=204050 nsol=16 0.02s 2026-07-22T16:40:56.018
ATTEMPT 384 W0 START 4x2 seed=204051 2026-07-22T16:40:56.018
ATTEMPT 384 W0 SOLVE 4x2 2026-07-22T16:40:56.028
ATTEMPT 384 W0 DONE 4x2 seed=204051 nsol=16 0.02s 2026-07-22T16:40:56.046
ATTEMPT 385 W0 START 4x2 seed=204052 2026-07-22T16:40:56.046
ATTEMPT 385 W0 SOLVE 4x2 2026-07-22T16:40:56.052
ATTEMPT 385 W0 DONE 4x2 seed=204052 nsol=16 0.06s 2026-07-22T16:40:56.112
ATTEMPT 386 W0 START 4x2 seed=204053 2026-07-22T16:40:56.118
ATTEMPT 386 W0 SOLVE 4x2 2026-07-22T16:40:56.131
ATTEMPT 386 W0 DONE 4x2 seed=204053 nsol=16 0.01s 2026-07-22T16:40:56.142
ATTEMPT 387 W0 START 4x2 seed=204054 2026-07-22T16:40:56.143
ATTEMPT 387 W0 SOLVE 4x2 2026-07-22T16:40:56.153
ATTEMPT 387 W0 DONE 4x2 seed=204054 nsol=16 0.02s 2026-07-22T16:40:56.171
ATTEMPT 388 W0 START 4x2 seed=204055 2026-07-22T16:40:56.171
ATTEMPT 388 W0 SOLVE 4x2 2026-07-22T16:40:56.176
ATTEMPT 388 W0 DONE 4x2 seed=204055 nsol=16 0.02s 2026-07-22T16:40:56.196
ATTEMPT 389 W0 START 4x2 seed=204056 2026-07-22T16:40:56.196
ATTEMPT 389 W0 SOLVE 4x2 2026-07-22T16:40:56.209
ATTEMPT 389 W0 DONE 4x2 seed=204056 nsol=16 0.04s 2026-07-22T16:40:56.250
ATTEMPT 390 W0 START 4x2 seed=204057 2026-07-22T16:40:56.250
ATTEMPT 390 W0 SOLVE 4x2 2026-07-22T16:40:56.260
ATTEMPT 390 W0 DONE 4x2 seed=204057 nsol=16 0.01s 2026-07-22T16:40:56.280
ATTEMPT 391 W0 START 4x2 seed=204058 2026-07-22T16:40:56.280
ATTEMPT 391 W0 SOLVE 4x2 2026-07-22T16:40:56.294
ATTEMPT 391 W0 DONE 4x2 seed=204058 nsol=16 0.01s 2026-07-22T16:40:56.307
ATTEMPT 392 W0 START 4x2 seed=204059 2026-07-22T16:40:56.307
ATTEMPT 392 W0 SOLVE 4x2 2026-07-22T16:40:59.419
ATTEMPT 392 W0 DONE 4x2 seed=204059 nsol=16 0.01s 2026-07-22T16:40:59.433
ATTEMPT 393 W0 START 4x2 seed=204060 2026-07-22T16:40:59.433
ATTEMPT 393 W0 SOLVE 4x2 2026-07-22T16:40:59.438
ATTEMPT 393 W0 DONE 4x2 seed=204060 nsol=16 0.01s 2026-07-22T16:40:59.449
ATTEMPT 394 W0 START 4x2 seed=204061 2026-07-22T16:40:59.449
ATTEMPT 394 W0 SOLVE 4x2 2026-07-22T16:40:59.472
ATTEMPT 394 W0 DONE 4x2 seed=204061 nsol=16 0.03s 2026-07-22T16:40:59.506
ATTEMPT 395 W0 START 4x2 seed=204062 2026-07-22T16:40:59.506
ATTEMPT 395 W0 SOLVE 4x2 2026-07-22T16:40:59.511
ATTEMPT 395 W0 DONE 4x2 seed=204062 nsol=16 0.04s 2026-07-22T16:40:59.557
ATTEMPT 396 W0 START 4x2 seed=204063 2026-07-22T16:40:59.558
ATTEMPT 396 W0 SOLVE 4x2 2026-07-22T16:40:59.568
ATTEMPT 396 W0 DONE 4x2 seed=204063 nsol=16 0.03s 2026-07-22T16:40:59.601
ATTEMPT 397 W0 START 4x2 seed=204064 2026-07-22T16:40:59.602
ATTEMPT 397 W0 SOLVE 4x2 2026-07-22T16:40:59.613
ATTEMPT 397 W0 DONE 4x2 seed=204064 nsol=16 0.03s 2026-07-22T16:40:59.650
ATTEMPT 398 W0 START 4x2 seed=204065 2026-07-22T16:40:59.650
ATTEMPT 398 W0 SOLVE 4x2 2026-07-22T16:40:59.683
ATTEMPT 398 W0 DONE 4x2 seed=204065 nsol=16 0.04s 2026-07-22T16:40:59.722
ATTEMPT 399 W0 START 4x2 seed=204066 2026-07-22T16:40:59.722
ATTEMPT 399 W0 SOLVE 4x2 2026-07-22T16:40:59.737
ATTEMPT 399 W0 DONE 4x2 seed=204066 nsol=16 0.03s 2026-07-22T16:40:59.766
ATTEMPT 400 W0 START 4x2 seed=204067 2026-07-22T16:40:59.766
ATTEMPT 400 W0 SOLVE 4x2 2026-07-22T16:40:59.780
ATTEMPT 400 W0 DONE 4x2 seed=204067 nsol=16 0.03s 2026-07-22T16:40:59.811
ATTEMPT 401 W0 START 4x2 seed=204068 2026-07-22T16:40:59.812
ATTEMPT 401 W0 SOLVE 4x2 2026-07-22T16:40:59.839
ATTEMPT 401 W0 DONE 4x2 seed=204068 nsol=16 0.03s 2026-07-22T16:40:59.870
ATTEMPT 402 W0 START 4x2 seed=204069 2026-07-22T16:40:59.870
ATTEMPT 402 W0 SOLVE 4x2 2026-07-22T16:40:59.894
ATTEMPT 402 W0 DONE 4x2 seed=204069 nsol=16 0.03s 2026-07-22T16:40:59.922
ATTEMPT 403 W0 START 4x2 seed=204070 2026-07-22T16:40:59.922
ATTEMPT 403 W0 SOLVE 4x2 2026-07-22T16:40:59.928
ATTEMPT 403 W0 DONE 4x2 seed=204070 nsol=16 0.02s 2026-07-22T16:40:59.958
ATTEMPT 404 W0 START 4x2 seed=204071 2026-07-22T16:40:59.958
ATTEMPT 404 W0 SOLVE 4x2 2026-07-22T16:40:59.972
ATTEMPT 404 W0 DONE 4x2 seed=204071 nsol=16 0.02s 2026-07-22T16:40:59.994
ATTEMPT 405 W0 START 4x2 seed=204072 2026-07-22T16:40:59.994
ATTEMPT 405 W0 SOLVE 4x2 2026-07-22T16:41:00.008
ATTEMPT 405 W0 DONE 4x2 seed=204072 nsol=16 0.02s 2026-07-22T16:41:00.030
ATTEMPT 406 W0 START 4x2 seed=204073 2026-07-22T16:41:00.030
ATTEMPT 406 W0 SOLVE 4x2 2026-07-22T16:41:00.036
ATTEMPT 406 W0 DONE 4x2 seed=204073 nsol=16 0.01s 2026-07-22T16:41:00.050
ATTEMPT 407 W0 START 4x2 seed=204074 2026-07-22T16:41:00.050
ATTEMPT 407 W0 SOLVE 4x2 2026-07-22T16:41:00.058
ATTEMPT 407 W0 DONE 4x2 seed=204074 nsol=16 0.01s 2026-07-22T16:41:00.066
ATTEMPT 408 W0 START 4x2 seed=204075 2026-07-22T16:41:00.066
ATTEMPT 408 W0 SOLVE 4x2 2026-07-22T16:41:00.071
ATTEMPT 408 W0 DONE 4x2 seed=204075 nsol=16 0.01s 2026-07-22T16:41:00.086
ATTEMPT 409 W0 START 4x2 seed=204076 2026-07-22T16:41:00.086
ATTEMPT 409 W0 SOLVE 4x2 2026-07-22T16:41:00.091
ATTEMPT 409 W0 DONE 4x2 seed=204076 nsol=16 0.02s 2026-07-22T16:41:00.109
ATTEMPT 410 W0 START 4x2 seed=204077 2026-07-22T16:41:00.109
ATTEMPT 410 W0 SOLVE 4x2 2026-07-22T16:41:00.115
ATTEMPT 410 W0 DONE 4x2 seed=204077 nsol=16 0.01s 2026-07-22T16:41:00.125
ATTEMPT 411 W0 START 4x2 seed=204078 2026-07-22T16:41:00.125
ATTEMPT 411 W0 SOLVE 4x2 2026-07-22T16:41:00.131
ATTEMPT 411 W0 DONE 4x2 seed=204078 nsol=16 0.01s 2026-07-22T16:41:00.146
ATTEMPT 412 W0 START 4x2 seed=204079 2026-07-22T16:41:00.146
ATTEMPT 412 W0 SOLVE 4x2 2026-07-22T16:41:00.164
ATTEMPT 412 W0 DONE 4x2 seed=204079 nsol=16 0.03s 2026-07-22T16:41:00.193
ATTEMPT 413 W0 START 4x2 seed=204080 2026-07-22T16:41:00.194
ATTEMPT 413 W0 SOLVE 4x2 2026-07-22T16:41:00.208
ATTEMPT 413 W0 DONE 4x2 seed=204080 nsol=16 0.02s 2026-07-22T16:41:00.224
ATTEMPT 414 W0 START 4x2 seed=204081 2026-07-22T16:41:00.224
ATTEMPT 414 W0 SOLVE 4x2 2026-07-22T16:41:00.231
ATTEMPT 414 W0 DONE 4x2 seed=204081 nsol=16 0.01s 2026-07-22T16:41:00.246
ATTEMPT 415 W0 START 4x2 seed=204082 2026-07-22T16:41:00.246
ATTEMPT 415 W0 SOLVE 4x2 2026-07-22T16:41:00.252
ATTEMPT 415 W0 DONE 4x2 seed=204082 nsol=16 0.01s 2026-07-22T16:41:00.263
ATTEMPT 416 W0 START 4x2 seed=204083 2026-07-22T16:41:00.263
ATTEMPT 416 W0 SOLVE 4x2 2026-07-22T16:41:00.270
ATTEMPT 416 W0 DONE 4x2 seed=204083 nsol=16 0.01s 2026-07-22T16:41:00.279
ATTEMPT 417 W0 START 4x2 seed=204084 2026-07-22T16:41:00.279
ATTEMPT 417 W0 SOLVE 4x2 2026-07-22T16:41:00.285
ATTEMPT 417 W0 DONE 4x2 seed=204084 nsol=16 0.01s 2026-07-22T16:41:00.293
ATTEMPT 418 W0 START 4x2 seed=204085 2026-07-22T16:41:00.293
ATTEMPT 418 W0 SOLVE 4x2 2026-07-22T16:41:00.299
ATTEMPT 418 W0 DONE 4x2 seed=204085 nsol=16 0.01s 2026-07-22T16:41:00.314
ATTEMPT 419 W0 START 4x2 seed=204086 2026-07-22T16:41:00.314
ATTEMPT 419 W0 SOLVE 4x2 2026-07-22T16:41:00.320
ATTEMPT 419 W0 DONE 4x2 seed=204086 nsol=16 0.01s 2026-07-22T16:41:00.333
ATTEMPT 420 W0 START 4x2 seed=204087 2026-07-22T16:41:00.333
ATTEMPT 420 W0 SOLVE 4x2 2026-07-22T16:41:00.343
ATTEMPT 420 W0 DONE 4x2 seed=204087 nsol=16 0.01s 2026-07-22T16:41:00.355
ATTEMPT 421 W0 START 4x2 seed=204088 2026-07-22T16:41:00.355
ATTEMPT 421 W0 SOLVE 4x2 2026-07-22T16:41:00.360
ATTEMPT 421 W0 DONE 4x2 seed=204088 nsol=16 0.01s 2026-07-22T16:41:00.369
ATTEMPT 422 W0 START 4x2 seed=204089 2026-07-22T16:41:00.369
ATTEMPT 422 W0 SOLVE 4x2 2026-07-22T16:41:00.377
ATTEMPT 422 W0 DONE 4x2 seed=204089 nsol=16 0.02s 2026-07-22T16:41:00.393
ATTEMPT 423 W0 START 4x2 seed=204090 2026-07-22T16:41:00.393
ATTEMPT 423 W0 SOLVE 4x2 2026-07-22T16:41:00.399
ATTEMPT 423 W0 DONE 4x2 seed=204090 nsol=16 0.02s 2026-07-22T16:41:00.416
ATTEMPT 424 W0 START 4x2 seed=204091 2026-07-22T16:41:00.416
ATTEMPT 424 W0 SOLVE 4x2 2026-07-22T16:41:00.426
ATTEMPT 424 W0 DONE 4x2 seed=204091 nsol=16 0.07s 2026-07-22T16:41:00.499
ATTEMPT 425 W0 START 4x2 seed=204092 2026-07-22T16:41:00.499
ATTEMPT 425 W0 SOLVE 4x2 2026-07-22T16:41:00.505
ATTEMPT 425 W0 DONE 4x2 seed=204092 nsol=16 0.01s 2026-07-22T16:41:00.519
ATTEMPT 426 W0 START 4x2 seed=204093 2026-07-22T16:41:00.520
ATTEMPT 426 W0 SOLVE 4x2 2026-07-22T16:41:00.530
ATTEMPT 426 W0 DONE 4x2 seed=204093 nsol=16 0.02s 2026-07-22T16:41:00.549
ATTEMPT 427 W0 START 4x2 seed=204094 2026-07-22T16:41:00.549
ATTEMPT 427 W0 SOLVE 4x2 2026-07-22T16:41:00.559
ATTEMPT 427 W0 DONE 4x2 seed=204094 nsol=16 0.01s 2026-07-22T16:41:00.574
ATTEMPT 428 W0 START 4x2 seed=204095 2026-07-22T16:41:00.574
ATTEMPT 428 W0 SOLVE 4x2 2026-07-22T16:41:00.587
ATTEMPT 428 W0 DONE 4x2 seed=204095 nsol=16 0.01s 2026-07-22T16:41:00.601
ATTEMPT 429 W0 START 4x2 seed=204096 2026-07-22T16:41:00.602
ATTEMPT 429 W0 SOLVE 4x2 2026-07-22T16:41:00.612
ATTEMPT 429 W0 DONE 4x2 seed=204096 nsol=16 0.01s 2026-07-22T16:41:00.621
ATTEMPT 430 W0 START 4x2 seed=204097 2026-07-22T16:41:00.622
ATTEMPT 430 W0 SOLVE 4x2 2026-07-22T16:41:00.638
ATTEMPT 430 W0 DONE 4x2 seed=204097 nsol=16 0.01s 2026-07-22T16:41:00.648
ATTEMPT 431 W0 START 4x2 seed=204098 2026-07-22T16:41:00.648
ATTEMPT 431 W0 SOLVE 4x2 2026-07-22T16:41:00.655
ATTEMPT 431 W0 DONE 4x2 seed=204098 nsol=16 0.02s 2026-07-22T16:41:00.678
ATTEMPT 432 W0 START 4x2 seed=204099 2026-07-22T16:41:00.678
ATTEMPT 432 W0 SOLVE 4x2 2026-07-22T16:41:00.685
ATTEMPT 432 W0 DONE 4x2 seed=204099 nsol=16 0.02s 2026-07-22T16:41:00.710
ATTEMPT 433 W0 START 4x2 seed=204100 2026-07-22T16:41:00.710
ATTEMPT 433 W0 SOLVE 4x2 2026-07-22T16:41:00.719
ATTEMPT 433 W0 DONE 4x2 seed=204100 nsol=16 0.02s 2026-07-22T16:41:00.742
ATTEMPT 434 W0 START 4x2 seed=204101 2026-07-22T16:41:00.742
ATTEMPT 434 W0 SOLVE 4x2 2026-07-22T16:41:00.749
ATTEMPT 434 W0 DONE 4x2 seed=204101 nsol=16 0.01s 2026-07-22T16:41:00.763
ATTEMPT 435 W0 START 4x2 seed=204102 2026-07-22T16:41:00.764
ATTEMPT 435 W0 SOLVE 4x2 2026-07-22T16:41:00.775
ATTEMPT 435 W0 DONE 4x2 seed=204102 nsol=16 0.02s 2026-07-22T16:41:00.798
ATTEMPT 436 W0 START 4x2 seed=204103 2026-07-22T16:41:00.798
ATTEMPT 436 W0 SOLVE 4x2 2026-07-22T16:41:00.807
ATTEMPT 436 W0 DONE 4x2 seed=204103 nsol=16 0.01s 2026-07-22T16:41:00.822
ATTEMPT 437 W0 START 4x2 seed=204104 2026-07-22T16:41:00.822
ATTEMPT 437 W0 SOLVE 4x2 2026-07-22T16:41:00.827
ATTEMPT 437 W0 DONE 4x2 seed=204104 nsol=16 0.01s 2026-07-22T16:41:00.840
ATTEMPT 438 W0 START 4x2 seed=204105 2026-07-22T16:41:00.840
ATTEMPT 438 W0 SOLVE 4x2 2026-07-22T16:41:00.846
ATTEMPT 438 W0 DONE 4x2 seed=204105 nsol=16 0.01s 2026-07-22T16:41:00.853
ATTEMPT 439 W0 START 4x2 seed=204106 2026-07-22T16:41:00.853
ATTEMPT 439 W0 SOLVE 4x2 2026-07-22T16:41:00.862
ATTEMPT 439 W0 DONE 4x2 seed=204106 nsol=16 0.01s 2026-07-22T16:41:00.869
ATTEMPT 440 W0 START 4x2 seed=204107 2026-07-22T16:41:00.869
ATTEMPT 440 W0 SOLVE 4x2 2026-07-22T16:41:00.879
ATTEMPT 440 W0 DONE 4x2 seed=204107 nsol=16 0.00s 2026-07-22T16:41:00.883
ATTEMPT 441 W0 START 4x2 seed=204108 2026-07-22T16:41:00.883
ATTEMPT 441 W0 SOLVE 4x2 2026-07-22T16:41:00.889
ATTEMPT 441 W0 DONE 4x2 seed=204108 nsol=16 0.01s 2026-07-22T16:41:00.898
ATTEMPT 442 W0 START 4x2 seed=204109 2026-07-22T16:41:00.899
ATTEMPT 442 W0 SOLVE 4x2 2026-07-22T16:41:00.910
ATTEMPT 442 W0 DONE 4x2 seed=204109 nsol=16 0.01s 2026-07-22T16:41:00.915
ATTEMPT 443 W0 START 4x2 seed=204110 2026-07-22T16:41:00.915
ATTEMPT 443 W0 SOLVE 4x2 2026-07-22T16:41:00.923
ATTEMPT 443 W0 DONE 4x2 seed=204110 nsol=16 0.02s 2026-07-22T16:41:00.939
ATTEMPT 444 W0 START 4x2 seed=204111 2026-07-22T16:41:00.939
ATTEMPT 444 W0 SOLVE 4x2 2026-07-22T16:41:00.951
ATTEMPT 444 W0 DONE 4x2 seed=204111 nsol=16 0.01s 2026-07-22T16:41:00.964
ATTEMPT 445 W0 START 4x2 seed=204112 2026-07-22T16:41:00.964
ATTEMPT 445 W0 SOLVE 4x2 2026-07-22T16:41:00.973
ATTEMPT 445 W0 DONE 4x2 seed=204112 nsol=16 0.02s 2026-07-22T16:41:00.989
ATTEMPT 446 W0 START 4x2 seed=204113 2026-07-22T16:41:00.993
ATTEMPT 446 W0 SOLVE 4x2 2026-07-22T16:41:00.999
ATTEMPT 446 W0 DONE 4x2 seed=204113 nsol=16 0.01s 2026-07-22T16:41:01.013
ATTEMPT 447 W0 START 4x2 seed=204114 2026-07-22T16:41:01.013
ATTEMPT 447 W0 SOLVE 4x2 2026-07-22T16:41:01.020
ATTEMPT 447 W0 DONE 4x2 seed=204114 nsol=16 0.02s 2026-07-22T16:41:01.036
ATTEMPT 448 W0 START 4x2 seed=204115 2026-07-22T16:41:01.036
ATTEMPT 448 W0 SOLVE 4x2 2026-07-22T16:41:01.045
ATTEMPT 448 W0 DONE 4x2 seed=204115 nsol=16 0.03s 2026-07-22T16:41:01.074
ATTEMPT 449 W0 START 4x2 seed=204116 2026-07-22T16:41:01.074
ATTEMPT 449 W0 SOLVE 4x2 2026-07-22T16:41:01.082
ATTEMPT 449 W0 DONE 4x2 seed=204116 nsol=16 0.02s 2026-07-22T16:41:01.098
ATTEMPT 450 W0 START 4x2 seed=204117 2026-07-22T16:41:01.098
ATTEMPT 450 W0 SOLVE 4x2 2026-07-22T16:41:01.105
ATTEMPT 450 W0 DONE 4x2 seed=204117 nsol=16 0.02s 2026-07-22T16:41:01.122
ATTEMPT 451 W0 START 4x2 seed=204118 2026-07-22T16:41:01.122
ATTEMPT 451 W0 SOLVE 4x2 2026-07-22T16:41:01.127
ATTEMPT 451 W0 DONE 4x2 seed=204118 nsol=16 0.02s 2026-07-22T16:41:01.146
ATTEMPT 452 W0 START 4x2 seed=204119 2026-07-22T16:41:01.147
ATTEMPT 452 W0 SOLVE 4x2 2026-07-22T16:41:01.154
ATTEMPT 452 W0 DONE 4x2 seed=204119 nsol=16 0.02s 2026-07-22T16:41:01.174
ATTEMPT 453 W0 START 4x2 seed=204120 2026-07-22T16:41:01.174
ATTEMPT 453 W0 SOLVE 4x2 2026-07-22T16:41:01.181
ATTEMPT 453 W0 DONE 4x2 seed=204120 nsol=16 0.03s 2026-07-22T16:41:01.213
ATTEMPT 454 W0 START 4x2 seed=204121 2026-07-22T16:41:01.214
ATTEMPT 454 W0 SOLVE 4x2 2026-07-22T16:41:01.224
ATTEMPT 454 W0 DONE 4x2 seed=204121 nsol=16 0.02s 2026-07-22T16:41:01.254
ATTEMPT 455 W0 START 4x2 seed=204122 2026-07-22T16:41:01.254
ATTEMPT 455 W0 SOLVE 4x2 2026-07-22T16:41:01.264
ATTEMPT 455 W0 DONE 4x2 seed=204122 nsol=16 0.02s 2026-07-22T16:41:01.290
ATTEMPT 456 W0 START 4x2 seed=204123 2026-07-22T16:41:01.290
ATTEMPT 456 W0 SOLVE 4x2 2026-07-22T16:41:01.304
ATTEMPT 456 W0 DONE 4x2 seed=204123 nsol=16 0.15s 2026-07-22T16:41:01.454
ATTEMPT 457 W0 START 4x2 seed=204124 2026-07-22T16:41:01.454
ATTEMPT 457 W0 SOLVE 4x2 2026-07-22T16:41:01.486
ATTEMPT 457 W0 DONE 4x2 seed=204124 nsol=16 0.02s 2026-07-22T16:41:01.504
ATTEMPT 458 W0 START 4x2 seed=204125 2026-07-22T16:41:01.504
ATTEMPT 458 W0 SOLVE 4x2 2026-07-22T16:41:01.528
ATTEMPT 458 W0 DONE 4x2 seed=204125 nsol=16 0.03s 2026-07-22T16:41:01.558
ATTEMPT 459 W0 START 4x2 seed=204126 2026-07-22T16:41:01.558
ATTEMPT 459 W0 SOLVE 4x2 2026-07-22T16:41:01.563
ATTEMPT 459 W0 DONE 4x2 seed=204126 nsol=16 0.02s 2026-07-22T16:41:01.593
ATTEMPT 460 W0 START 4x2 seed=204127 2026-07-22T16:41:01.594
ATTEMPT 460 W0 SOLVE 4x2 2026-07-22T16:41:01.603
ATTEMPT 460 W0 DONE 4x2 seed=204127 nsol=16 0.02s 2026-07-22T16:41:01.632
ATTEMPT 461 W0 START 4x2 seed=204128 2026-07-22T16:41:01.632
ATTEMPT 461 W0 SOLVE 4x2 2026-07-22T16:41:01.662
ATTEMPT 461 W0 DONE 4x2 seed=204128 nsol=16 0.03s 2026-07-22T16:41:01.690
ATTEMPT 462 W0 START 4x2 seed=204129 2026-07-22T16:41:01.690
ATTEMPT 462 W0 SOLVE 4x2 2026-07-22T16:41:01.696
ATTEMPT 462 W0 DONE 4x2 seed=204129 nsol=16 0.04s 2026-07-22T16:41:01.737
ATTEMPT 463 W0 START 4x2 seed=204130 2026-07-22T16:41:01.738
ATTEMPT 463 W0 SOLVE 4x2 2026-07-22T16:41:01.751
ATTEMPT 463 W0 DONE 4x2 seed=204130 nsol=16 0.02s 2026-07-22T16:41:01.773
ATTEMPT 464 W0 START 4x2 seed=204131 2026-07-22T16:41:01.774
ATTEMPT 464 W0 SOLVE 4x2 2026-07-22T16:41:01.791
ATTEMPT 464 W0 DONE 4x2 seed=204131 nsol=16 0.03s 2026-07-22T16:41:01.822
ATTEMPT 465 W0 START 4x2 seed=204132 2026-07-22T16:41:01.822
ATTEMPT 465 W0 SOLVE 4x2 2026-07-22T16:41:01.839
ATTEMPT 465 W0 DONE 4x2 seed=204132 nsol=16 0.03s 2026-07-22T16:41:01.866
ATTEMPT 466 W0 START 4x2 seed=204133 2026-07-22T16:41:01.866
ATTEMPT 466 W0 SOLVE 4x2 2026-07-22T16:41:01.880
ATTEMPT 466 W0 DONE 4x2 seed=204133 nsol=16 0.03s 2026-07-22T16:41:01.918
ATTEMPT 467 W0 START 4x2 seed=204134 2026-07-22T16:41:01.918
ATTEMPT 467 W0 SOLVE 4x2 2026-07-22T16:41:01.928
ATTEMPT 467 W0 DONE 4x2 seed=204134 nsol=16 0.02s 2026-07-22T16:41:01.948
ATTEMPT 468 W0 START 4x2 seed=204135 2026-07-22T16:41:01.948
ATTEMPT 468 W0 SOLVE 4x2 2026-07-22T16:41:01.966
ATTEMPT 468 W0 DONE 4x2 seed=204135 nsol=16 0.03s 2026-07-22T16:41:01.994
ATTEMPT 469 W0 START 4x2 seed=204136 2026-07-22T16:41:01.994
ATTEMPT 469 W0 SOLVE 4x2 2026-07-22T16:41:02.003
ATTEMPT 469 W0 DONE 4x2 seed=204136 nsol=16 0.05s 2026-07-22T16:41:02.050
ATTEMPT 470 W0 START 4x2 seed=204137 2026-07-22T16:41:02.050
ATTEMPT 470 W0 SOLVE 4x2 2026-07-22T16:41:02.061
ATTEMPT 470 W0 DONE 4x2 seed=204137 nsol=16 0.02s 2026-07-22T16:41:02.090
ATTEMPT 471 W0 START 4x2 seed=204138 2026-07-22T16:41:02.090
ATTEMPT 471 W0 SOLVE 4x2 2026-07-22T16:41:02.097
ATTEMPT 471 W0 DONE 4x2 seed=204138 nsol=16 0.03s 2026-07-22T16:41:02.126
ATTEMPT 472 W0 START 4x2 seed=204139 2026-07-22T16:41:02.126
ATTEMPT 472 W0 SOLVE 4x2 2026-07-22T16:41:02.150
ATTEMPT 472 W0 DONE 4x2 seed=204139 nsol=16 0.02s 2026-07-22T16:41:02.166
ATTEMPT 473 W0 START 4x2 seed=204140 2026-07-22T16:41:02.166
ATTEMPT 473 W0 SOLVE 4x2 2026-07-22T16:41:02.180
ATTEMPT 473 W0 DONE 4x2 seed=204140 nsol=16 0.02s 2026-07-22T16:41:02.210
ATTEMPT 474 W0 START 4x2 seed=204141 2026-07-22T16:41:02.210
ATTEMPT 474 W0 SOLVE 4x2 2026-07-22T16:41:02.225
ATTEMPT 474 W0 DONE 4x2 seed=204141 nsol=16 0.03s 2026-07-22T16:41:02.270
ATTEMPT 475 W0 START 4x2 seed=204142 2026-07-22T16:41:02.270
ATTEMPT 475 W0 SOLVE 4x2 2026-07-22T16:41:02.285
ATTEMPT 475 W0 DONE 4x2 seed=204142 nsol=16 0.02s 2026-07-22T16:41:02.306
ATTEMPT 476 W0 START 4x2 seed=204143 2026-07-22T16:41:02.306
ATTEMPT 476 W0 SOLVE 4x2 2026-07-22T16:41:02.317
ATTEMPT 476 W0 DONE 4x2 seed=204143 nsol=16 0.01s 2026-07-22T16:41:02.329
ATTEMPT 477 W0 START 4x2 seed=204144 2026-07-22T16:41:02.329
ATTEMPT 477 W0 SOLVE 4x2 2026-07-22T16:41:02.343
ATTEMPT 477 W0 DONE 4x2 seed=204144 nsol=16 0.05s 2026-07-22T16:41:02.397
ATTEMPT 478 W0 START 4x2 seed=204145 2026-07-22T16:41:02.398
ATTEMPT 478 W0 SOLVE 4x2 2026-07-22T16:41:02.415
ATTEMPT 478 W0 DONE 4x2 seed=204145 nsol=16 0.04s 2026-07-22T16:41:02.461
ATTEMPT 479 W0 START 4x2 seed=204146 2026-07-22T16:41:02.462
ATTEMPT 479 W0 SOLVE 4x2 2026-07-22T16:41:02.488
ATTEMPT 479 W0 DONE 4x2 seed=204146 nsol=16 0.02s 2026-07-22T16:41:02.510
ATTEMPT 480 W0 START 4x2 seed=204147 2026-07-22T16:41:02.510
ATTEMPT 480 W0 SOLVE 4x2 2026-07-22T16:41:02.519
ATTEMPT 480 W0 DONE 4x2 seed=204147 nsol=16 0.01s 2026-07-22T16:41:02.530
ATTEMPT 481 W0 START 4x2 seed=204148 2026-07-22T16:41:02.531
ATTEMPT 481 W0 SOLVE 4x2 2026-07-22T16:41:02.541
ATTEMPT 481 W0 DONE 4x2 seed=204148 nsol=16 0.02s 2026-07-22T16:41:02.566
ATTEMPT 482 W0 START 4x2 seed=204149 2026-07-22T16:41:02.566
ATTEMPT 482 W0 SOLVE 4x2 2026-07-22T16:41:02.572
ATTEMPT 482 W0 DONE 4x2 seed=204149 nsol=16 0.02s 2026-07-22T16:41:02.593
ATTEMPT 483 W0 START 4x2 seed=204150 2026-07-22T16:41:02.593
ATTEMPT 483 W0 SOLVE 4x2 2026-07-22T16:41:02.603
ATTEMPT 483 W0 DONE 4x2 seed=204150 nsol=16 0.01s 2026-07-22T16:41:02.613
ATTEMPT 484 W0 START 4x2 seed=204151 2026-07-22T16:41:02.614
ATTEMPT 484 W0 SOLVE 4x2 2026-07-22T16:41:02.625
ATTEMPT 484 W0 DONE 4x2 seed=204151 nsol=16 0.02s 2026-07-22T16:41:02.650
ATTEMPT 485 W0 START 4x2 seed=204152 2026-07-22T16:41:02.650
ATTEMPT 485 W0 SOLVE 4x2 2026-07-22T16:41:02.666
ATTEMPT 485 W0 DONE 4x2 seed=204152 nsol=16 0.01s 2026-07-22T16:41:02.678
ATTEMPT 486 W0 START 4x2 seed=204153 2026-07-22T16:41:02.679
ATTEMPT 486 W0 SOLVE 4x2 2026-07-22T16:41:02.685
ATTEMPT 486 W0 DONE 4x2 seed=204153 nsol=16 0.02s 2026-07-22T16:41:02.708
ATTEMPT 487 W0 START 4x2 seed=204154 2026-07-22T16:41:02.708
ATTEMPT 487 W0 SOLVE 4x2 2026-07-22T16:41:02.722
ATTEMPT 487 W0 DONE 4x2 seed=204154 nsol=16 0.02s 2026-07-22T16:41:02.738
ATTEMPT 488 W0 START 4x2 seed=204155 2026-07-22T16:41:02.738
ATTEMPT 488 W0 SOLVE 4x2 2026-07-22T16:41:02.748
ATTEMPT 488 W0 DONE 4x2 seed=204155 nsol=16 0.03s 2026-07-22T16:41:02.774
ATTEMPT 489 W0 START 4x2 seed=204156 2026-07-22T16:41:02.774
ATTEMPT 489 W0 SOLVE 4x2 2026-07-22T16:41:02.786
ATTEMPT 489 W0 DONE 4x2 seed=204156 nsol=16 0.02s 2026-07-22T16:41:02.802
ATTEMPT 490 W0 START 4x2 seed=204157 2026-07-22T16:41:02.802
ATTEMPT 490 W0 SOLVE 4x2 2026-07-22T16:41:02.808
ATTEMPT 490 W0 DONE 4x2 seed=204157 nsol=16 0.02s 2026-07-22T16:41:02.826
ATTEMPT 491 W0 START 4x2 seed=204158 2026-07-22T16:41:02.826
ATTEMPT 491 W0 SOLVE 4x2 2026-07-22T16:41:02.831
ATTEMPT 491 W0 DONE 4x2 seed=204158 nsol=16 0.07s 2026-07-22T16:41:02.906
ATTEMPT 492 W0 START 4x2 seed=204159 2026-07-22T16:41:02.906
ATTEMPT 492 W0 SOLVE 4x2 2026-07-22T16:41:02.922
ATTEMPT 492 W0 DONE 4x2 seed=204159 nsol=16 0.01s 2026-07-22T16:41:02.931
ATTEMPT 493 W0 START 4x2 seed=204160 2026-07-22T16:41:02.932
ATTEMPT 493 W0 SOLVE 4x2 2026-07-22T16:41:02.937
ATTEMPT 493 W0 DONE 4x2 seed=204160 nsol=16 0.03s 2026-07-22T16:41:02.963
ATTEMPT 494 W0 START 4x2 seed=204161 2026-07-22T16:41:02.963
ATTEMPT 494 W0 SOLVE 4x2 2026-07-22T16:41:02.969
ATTEMPT 494 W0 DONE 4x2 seed=204161 nsol=16 0.02s 2026-07-22T16:41:02.994
ATTEMPT 495 W0 START 4x2 seed=204162 2026-07-22T16:41:02.994
ATTEMPT 495 W0 SOLVE 4x2 2026-07-22T16:41:03.010
ATTEMPT 495 W0 DONE 4x2 seed=204162 nsol=16 0.02s 2026-07-22T16:41:03.034
ATTEMPT 496 W0 START 4x2 seed=204163 2026-07-22T16:41:03.034
ATTEMPT 496 W0 SOLVE 4x2 2026-07-22T16:41:03.041
ATTEMPT 496 W0 DONE 4x2 seed=204163 nsol=16 0.02s 2026-07-22T16:41:03.082
ATTEMPT 497 W0 START 4x2 seed=204164 2026-07-22T16:41:03.082
ATTEMPT 497 W0 SOLVE 4x2 2026-07-22T16:41:03.091
ATTEMPT 497 W0 DONE 4x2 seed=204164 nsol=16 0.02s 2026-07-22T16:41:03.114
ATTEMPT 498 W0 START 4x2 seed=204165 2026-07-22T16:41:03.114
ATTEMPT 498 W0 SOLVE 4x2 2026-07-22T16:41:03.130
ATTEMPT 498 W0 DONE 4x2 seed=204165 nsol=16 0.02s 2026-07-22T16:41:03.150
ATTEMPT 499 W0 START 4x2 seed=204166 2026-07-22T16:41:03.150
ATTEMPT 499 W0 SOLVE 4x2 2026-07-22T16:41:03.156
ATTEMPT 499 W0 DONE 4x2 seed=204166 nsol=16 0.01s 2026-07-22T16:41:03.170
ATTEMPT 500 W0 START 4x2 seed=204167 2026-07-22T16:41:03.170
ATTEMPT 500 W0 SOLVE 4x2 2026-07-22T16:41:03.184
ATTEMPT 500 W0 DONE 4x2 seed=204167 nsol=16 0.03s 2026-07-22T16:41:03.210
ATTEMPT 501 W0 START 4x2 seed=204168 2026-07-22T16:41:03.210
ATTEMPT 501 W0 SOLVE 4x2 2026-07-22T16:41:03.223
ATTEMPT 501 W0 DONE 4x2 seed=204168 nsol=16 0.02s 2026-07-22T16:41:03.244
ATTEMPT 502 W0 START 4x2 seed=204169 2026-07-22T16:41:03.244
ATTEMPT 502 W0 SOLVE 4x2 2026-07-22T16:41:03.250
ATTEMPT 502 W0 DONE 4x2 seed=204169 nsol=16 0.02s 2026-07-22T16:41:03.274
ATTEMPT 503 W0 START 4x2 seed=204170 2026-07-22T16:41:03.274
ATTEMPT 503 W0 SOLVE 4x2 2026-07-22T16:41:03.279
ATTEMPT 503 W0 DONE 4x2 seed=204170 nsol=16 0.01s 2026-07-22T16:41:03.289
ATTEMPT 504 W0 START 4x2 seed=204171 2026-07-22T16:41:03.290
ATTEMPT 504 W0 SOLVE 4x2 2026-07-22T16:41:03.300
ATTEMPT 504 W0 DONE 4x2 seed=204171 nsol=16 0.01s 2026-07-22T16:41:03.311
ATTEMPT 505 W0 START 4x2 seed=204172 2026-07-22T16:41:03.311
ATTEMPT 505 W0 SOLVE 4x2 2026-07-22T16:41:03.321
ATTEMPT 505 W0 DONE 4x2 seed=204172 nsol=16 0.01s 2026-07-22T16:41:03.334
ATTEMPT 506 W0 START 4x2 seed=204173 2026-07-22T16:41:03.334
ATTEMPT 506 W0 SOLVE 4x2 2026-07-22T16:41:03.345
ATTEMPT 506 W0 DONE 4x2 seed=204173 nsol=16 0.02s 2026-07-22T16:41:03.370
ATTEMPT 507 W0 START 4x2 seed=204174 2026-07-22T16:41:03.370
ATTEMPT 507 W0 SOLVE 4x2 2026-07-22T16:41:03.382
ATTEMPT 507 W0 DONE 4x2 seed=204174 nsol=16 0.02s 2026-07-22T16:41:03.402
ATTEMPT 508 W0 START 4x2 seed=204175 2026-07-22T16:41:03.402
ATTEMPT 508 W0 SOLVE 4x2 2026-07-22T16:41:03.408
ATTEMPT 508 W0 DONE 4x2 seed=204175 nsol=16 0.01s 2026-07-22T16:41:03.430
ATTEMPT 509 W0 START 4x2 seed=204176 2026-07-22T16:41:03.431
ATTEMPT 509 W0 SOLVE 4x2 2026-07-22T16:41:03.443
ATTEMPT 509 W0 DONE 4x2 seed=204176 nsol=16 0.03s 2026-07-22T16:41:03.482
ATTEMPT 510 W0 START 4x2 seed=204177 2026-07-22T16:41:03.482
ATTEMPT 510 W0 SOLVE 4x2 2026-07-22T16:41:03.498
ATTEMPT 510 W0 DONE 4x2 seed=204177 nsol=16 0.02s 2026-07-22T16:41:03.517
ATTEMPT 511 W0 START 4x2 seed=204178 2026-07-22T16:41:03.518
ATTEMPT 511 W0 SOLVE 4x2 2026-07-22T16:41:03.527
ATTEMPT 511 W0 DONE 4x2 seed=204178 nsol=16 0.01s 2026-07-22T16:41:03.537
ATTEMPT 512 W0 START 4x2 seed=204179 2026-07-22T16:41:03.537
ATTEMPT 512 W0 SOLVE 4x2 2026-07-22T16:41:03.547
ATTEMPT 512 W0 DONE 4x2 seed=204179 nsol=16 0.02s 2026-07-22T16:41:03.570
ATTEMPT 513 W0 START 4x2 seed=204180 2026-07-22T16:41:03.570
ATTEMPT 513 W0 SOLVE 4x2 2026-07-22T16:41:03.586
ATTEMPT 513 W0 DONE 4x2 seed=204180 nsol=16 0.02s 2026-07-22T16:41:03.606
ATTEMPT 514 W0 START 4x2 seed=204181 2026-07-22T16:41:03.606
ATTEMPT 514 W0 SOLVE 4x2 2026-07-22T16:41:03.613
ATTEMPT 514 W0 DONE 4x2 seed=204181 nsol=16 0.02s 2026-07-22T16:41:03.634
ATTEMPT 515 W0 START 4x2 seed=204182 2026-07-22T16:41:03.634
ATTEMPT 515 W0 SOLVE 4x2 2026-07-22T16:41:03.639
ATTEMPT 515 W0 DONE 4x2 seed=204182 nsol=16 0.02s 2026-07-22T16:41:03.658
ATTEMPT 516 W0 START 4x2 seed=204183 2026-07-22T16:41:03.658
ATTEMPT 516 W0 SOLVE 4x2 2026-07-22T16:41:03.663
ATTEMPT 516 W0 DONE 4x2 seed=204183 nsol=16 0.01s 2026-07-22T16:41:03.678
ATTEMPT 517 W0 START 4x2 seed=204184 2026-07-22T16:41:03.678
ATTEMPT 517 W0 SOLVE 4x2 2026-07-22T16:41:03.683
ATTEMPT 517 W0 DONE 4x2 seed=204184 nsol=16 0.01s 2026-07-22T16:41:03.698
ATTEMPT 518 W0 START 4x2 seed=204185 2026-07-22T16:41:03.698
ATTEMPT 518 W0 SOLVE 4x2 2026-07-22T16:41:03.703
ATTEMPT 518 W0 DONE 4x2 seed=204185 nsol=16 0.01s 2026-07-22T16:41:03.718
ATTEMPT 519 W0 START 4x2 seed=204186 2026-07-22T16:41:03.718
ATTEMPT 519 W0 SOLVE 4x2 2026-07-22T16:41:03.723
ATTEMPT 519 W0 DONE 4x2 seed=204186 nsol=16 0.02s 2026-07-22T16:41:03.746
ATTEMPT 520 W0 START 4x2 seed=204187 2026-07-22T16:41:03.746
ATTEMPT 520 W0 SOLVE 4x2 2026-07-22T16:41:03.754
ATTEMPT 520 W0 DONE 4x2 seed=204187 nsol=16 0.02s 2026-07-22T16:41:03.773
ATTEMPT 521 W0 START 4x2 seed=204188 2026-07-22T16:41:03.774
ATTEMPT 521 W0 SOLVE 4x2 2026-07-22T16:41:03.783
ATTEMPT 521 W0 DONE 4x2 seed=204188 nsol=16 0.02s 2026-07-22T16:41:03.802
ATTEMPT 522 W0 START 4x2 seed=204189 2026-07-22T16:41:03.802
ATTEMPT 522 W0 SOLVE 4x2 2026-07-22T16:41:03.809
ATTEMPT 522 W0 DONE 4x2 seed=204189 nsol=16 0.02s 2026-07-22T16:41:03.826
ATTEMPT 523 W0 START 4x2 seed=204190 2026-07-22T16:41:03.826
ATTEMPT 523 W0 SOLVE 4x2 2026-07-22T16:41:03.833
ATTEMPT 523 W0 DONE 4x2 seed=204190 nsol=16 0.01s 2026-07-22T16:41:03.845
ATTEMPT 524 W0 START 4x2 seed=204191 2026-07-22T16:41:03.846
ATTEMPT 524 W0 SOLVE 4x2 2026-07-22T16:41:03.856
ATTEMPT 524 W0 DONE 4x2 seed=204191 nsol=16 0.03s 2026-07-22T16:41:03.890
ATTEMPT 525 W0 START 4x2 seed=204192 2026-07-22T16:41:03.890
ATTEMPT 525 W0 SOLVE 4x2 2026-07-22T16:41:03.900
ATTEMPT 525 W0 DONE 4x2 seed=204192 nsol=16 0.09s 2026-07-22T16:41:04
ATTEMPT 526 W0 START 4x2 seed=204193 2026-07-22T16:41:04.016
ATTEMPT 526 W0 SOLVE 4x2 2026-07-22T16:41:04.031
ATTEMPT 526 W0 DONE 4x2 seed=204193 nsol=16 0.01s 2026-07-22T16:41:04.041
ATTEMPT 527 W0 START 4x2 seed=204194 2026-07-22T16:41:04.041
ATTEMPT 527 W0 SOLVE 4x2 2026-07-22T16:41:04.052
ATTEMPT 527 W0 DONE 4x2 seed=204194 nsol=16 0.01s 2026-07-22T16:41:04.064
ATTEMPT 528 W0 START 4x2 seed=204195 2026-07-22T16:41:04.064
ATTEMPT 528 W0 SOLVE 4x2 2026-07-22T16:41:04.076
ATTEMPT 528 W0 DONE 4x2 seed=204195 nsol=16 0.03s 2026-07-22T16:41:04.104
ATTEMPT 529 W0 START 4x2 seed=204196 2026-07-22T16:41:04.104
ATTEMPT 529 W0 SOLVE 4x2 2026-07-22T16:41:04.118
ATTEMPT 529 W0 DONE 4x2 seed=204196 nsol=16 0.02s 2026-07-22T16:41:04.139
ATTEMPT 530 W0 START 4x2 seed=204197 2026-07-22T16:41:04.139
ATTEMPT 530 W0 SOLVE 4x2 2026-07-22T16:41:04.148
ATTEMPT 530 W0 DONE 4x2 seed=204197 nsol=16 0.02s 2026-07-22T16:41:04.166
ATTEMPT 531 W0 START 4x2 seed=204198 2026-07-22T16:41:04.166
ATTEMPT 531 W0 SOLVE 4x2 2026-07-22T16:41:04.174
ATTEMPT 531 W0 DONE 4x2 seed=204198 nsol=16 0.02s 2026-07-22T16:41:04.190
ATTEMPT 532 W0 START 4x2 seed=204199 2026-07-22T16:41:04.190
ATTEMPT 532 W0 SOLVE 4x2 2026-07-22T16:41:04.195
ATTEMPT 532 W0 DONE 4x2 seed=204199 nsol=16 0.01s 2026-07-22T16:41:04.210
ATTEMPT 533 W0 START 4x2 seed=204200 2026-07-22T16:41:04.210
ATTEMPT 533 W0 SOLVE 4x2 2026-07-22T16:41:04.217
ATTEMPT 533 W0 DONE 4x2 seed=204200 nsol=16 0.01s 2026-07-22T16:41:04.224
ATTEMPT 534 W0 START 4x2 seed=204201 2026-07-22T16:41:04.224
ATTEMPT 534 W0 SOLVE 4x2 2026-07-22T16:41:04.230
ATTEMPT 534 W0 DONE 4x2 seed=204201 nsol=16 0.01s 2026-07-22T16:41:04.242
ATTEMPT 535 W0 START 4x2 seed=204202 2026-07-22T16:41:04.242
ATTEMPT 535 W0 SOLVE 4x2 2026-07-22T16:41:04.248
ATTEMPT 535 W0 DONE 4x2 seed=204202 nsol=16 0.01s 2026-07-22T16:41:04.261
ATTEMPT 536 W0 START 4x2 seed=204203 2026-07-22T16:41:04.262
ATTEMPT 536 W0 SOLVE 4x2 2026-07-22T16:41:04.269
ATTEMPT 536 W0 DONE 4x2 seed=204203 nsol=16 0.01s 2026-07-22T16:41:04.281
ATTEMPT 537 W0 START 4x2 seed=204204 2026-07-22T16:41:04.281
ATTEMPT 537 W0 SOLVE 4x2 2026-07-22T16:41:04.287
ATTEMPT 537 W0 DONE 4x2 seed=204204 nsol=16 0.01s 2026-07-22T16:41:04.295
ATTEMPT 538 W0 START 4x2 seed=204205 2026-07-22T16:41:04.296
ATTEMPT 538 W0 SOLVE 4x2 2026-07-22T16:41:04.304
ATTEMPT 538 W0 DONE 4x2 seed=204205 nsol=16 0.02s 2026-07-22T16:41:04.325
ATTEMPT 539 W0 START 4x2 seed=204206 2026-07-22T16:41:04.325
ATTEMPT 539 W0 SOLVE 4x2 2026-07-22T16:41:04.331
ATTEMPT 539 W0 DONE 4x2 seed=204206 nsol=16 0.00s 2026-07-22T16:41:04.336
ATTEMPT 540 W0 START 4x2 seed=204207 2026-07-22T16:41:04.337
ATTEMPT 540 W0 SOLVE 4x2 2026-07-22T16:41:04.343
ATTEMPT 540 W0 DONE 4x2 seed=204207 nsol=16 0.02s 2026-07-22T16:41:04.359
ATTEMPT 541 W0 START 4x2 seed=204208 2026-07-22T16:41:04.360
ATTEMPT 541 W0 SOLVE 4x2 2026-07-22T16:41:04.368
ATTEMPT 541 W0 DONE 4x2 seed=204208 nsol=16 0.01s 2026-07-22T16:41:04.382
ATTEMPT 542 W0 START 4x2 seed=204209 2026-07-22T16:41:04.382
ATTEMPT 542 W0 SOLVE 4x2 2026-07-22T16:41:04.387
ATTEMPT 542 W0 DONE 4x2 seed=204209 nsol=16 0.01s 2026-07-22T16:41:04.393
ATTEMPT 543 W0 START 4x2 seed=204210 2026-07-22T16:41:04.394
ATTEMPT 543 W0 SOLVE 4x2 2026-07-22T16:41:04.399
ATTEMPT 543 W0 DONE 4x2 seed=204210 nsol=16 0.01s 2026-07-22T16:41:04.407
ATTEMPT 544 W0 START 4x2 seed=204211 2026-07-22T16:41:04.408
ATTEMPT 544 W0 SOLVE 4x2 2026-07-22T16:41:04.413
ATTEMPT 544 W0 DONE 4x2 seed=204211 nsol=16 0.01s 2026-07-22T16:41:04.423
ATTEMPT 545 W0 START 4x2 seed=204212 2026-07-22T16:41:04.423
ATTEMPT 545 W0 SOLVE 4x2 2026-07-22T16:41:04.428
ATTEMPT 545 W0 DONE 4x2 seed=204212 nsol=16 0.01s 2026-07-22T16:41:04.440
ATTEMPT 546 W0 START 4x2 seed=204213 2026-07-22T16:41:04.440
ATTEMPT 546 W0 SOLVE 4x2 2026-07-22T16:41:04.446
ATTEMPT 546 W0 DONE 4x2 seed=204213 nsol=16 0.02s 2026-07-22T16:41:04.462
ATTEMPT 547 W0 START 4x2 seed=204214 2026-07-22T16:41:04.462
ATTEMPT 547 W0 SOLVE 4x2 2026-07-22T16:41:04.467
ATTEMPT 547 W0 DONE 4x2 seed=204214 nsol=16 0.01s 2026-07-22T16:41:04.478
ATTEMPT 548 W0 START 4x2 seed=204215 2026-07-22T16:41:04.478
ATTEMPT 548 W0 SOLVE 4x2 2026-07-22T16:41:04.486
ATTEMPT 548 W0 DONE 4x2 seed=204215 nsol=16 0.02s 2026-07-22T16:41:04.502
ATTEMPT 549 W0 START 4x2 seed=204216 2026-07-22T16:41:04.502
ATTEMPT 549 W0 SOLVE 4x2 2026-07-22T16:41:04.508
ATTEMPT 549 W0 DONE 4x2 seed=204216 nsol=16 0.02s 2026-07-22T16:41:04.523
ATTEMPT 550 W0 START 4x2 seed=204217 2026-07-22T16:41:04.523
ATTEMPT 550 W0 SOLVE 4x2 2026-07-22T16:41:04.529
ATTEMPT 550 W0 DONE 4x2 seed=204217 nsol=16 0.01s 2026-07-22T16:41:04.537
ATTEMPT 551 W0 START 4x2 seed=204218 2026-07-22T16:41:04.537
ATTEMPT 551 W0 SOLVE 4x2 2026-07-22T16:41:04.543
ATTEMPT 551 W0 DONE 4x2 seed=204218 nsol=16 0.01s 2026-07-22T16:41:04.549
ATTEMPT 552 W0 START 4x2 seed=204219 2026-07-22T16:41:04.549
ATTEMPT 552 W0 SOLVE 4x2 2026-07-22T16:41:04.555
ATTEMPT 552 W0 DONE 4x2 seed=204219 nsol=16 0.01s 2026-07-22T16:41:04.566
ATTEMPT 553 W0 START 4x2 seed=204220 2026-07-22T16:41:04.566
ATTEMPT 553 W0 SOLVE 4x2 2026-07-22T16:41:04.571
ATTEMPT 553 W0 DONE 4x2 seed=204220 nsol=16 0.21s 2026-07-22T16:41:04.780
ATTEMPT 554 W0 START 4x2 seed=204221 2026-07-22T16:41:04.784
ATTEMPT 554 W0 SOLVE 4x2 2026-07-22T16:41:04.796
ATTEMPT 554 W0 DONE 4x2 seed=204221 nsol=16 0.01s 2026-07-22T16:41:04.805
ATTEMPT 555 W0 START 4x2 seed=204222 2026-07-22T16:41:04.806
ATTEMPT 555 W0 SOLVE 4x2 2026-07-22T16:41:04.812
ATTEMPT 555 W0 DONE 4x2 seed=204222 nsol=16 0.01s 2026-07-22T16:41:04.822
ATTEMPT 556 W0 START 4x2 seed=204223 2026-07-22T16:41:04.822
ATTEMPT 556 W0 SOLVE 4x2 2026-07-22T16:41:04.831
ATTEMPT 556 W0 DONE 4x2 seed=204223 nsol=16 0.02s 2026-07-22T16:41:04.850
ATTEMPT 557 W0 START 4x2 seed=204224 2026-07-22T16:41:04.850
ATTEMPT 557 W0 SOLVE 4x2 2026-07-22T16:41:04.856
ATTEMPT 557 W0 DONE 4x2 seed=204224 nsol=16 0.00s 2026-07-22T16:41:04.866
ATTEMPT 558 W0 START 4x2 seed=204225 2026-07-22T16:41:04.866
ATTEMPT 558 W0 SOLVE 4x2 2026-07-22T16:41:04.875
ATTEMPT 558 W0 DONE 4x2 seed=204225 nsol=16 0.01s 2026-07-22T16:41:04.889
ATTEMPT 559 W0 START 4x2 seed=204226 2026-07-22T16:41:04.890
ATTEMPT 559 W0 SOLVE 4x2 2026-07-22T16:41:04.898
ATTEMPT 559 W0 DONE 4x2 seed=204226 nsol=16 0.02s 2026-07-22T16:41:04.914
ATTEMPT 560 W0 START 4x2 seed=204227 2026-07-22T16:41:04.914
ATTEMPT 560 W0 SOLVE 4x2 2026-07-22T16:41:04.925
ATTEMPT 560 W0 DONE 4x2 seed=204227 nsol=16 0.02s 2026-07-22T16:41:04.942
ATTEMPT 561 W0 START 4x2 seed=204228 2026-07-22T16:41:04.942
ATTEMPT 561 W0 SOLVE 4x2 2026-07-22T16:41:04.949
ATTEMPT 561 W0 DONE 4x2 seed=204228 nsol=16 0.01s 2026-07-22T16:41:04.963
ATTEMPT 562 W0 START 4x2 seed=204229 2026-07-22T16:41:04.964
ATTEMPT 562 W0 SOLVE 4x2 2026-07-22T16:41:04.981
ATTEMPT 562 W0 DONE 4x2 seed=204229 nsol=16 0.01s 2026-07-22T16:41:04.989
ATTEMPT 563 W0 START 4x2 seed=204230 2026-07-22T16:41:04.990
ATTEMPT 563 W0 SOLVE 4x2 2026-07-22T16:41:05.001
ATTEMPT 563 W0 DONE 4x2 seed=204230 nsol=16 0.01s 2026-07-22T16:41:05.014
ATTEMPT 564 W0 START 4x2 seed=204231 2026-07-22T16:41:05.014
ATTEMPT 564 W0 SOLVE 4x2 2026-07-22T16:41:05.030
ATTEMPT 564 W0 DONE 4x2 seed=204231 nsol=16 0.02s 2026-07-22T16:41:05.047
ATTEMPT 565 W0 START 4x2 seed=204232 2026-07-22T16:41:05.047
ATTEMPT 565 W0 SOLVE 4x2 2026-07-22T16:41:05.059
ATTEMPT 565 W0 DONE 4x2 seed=204232 nsol=16 0.01s 2026-07-22T16:41:05.070
ATTEMPT 566 W0 START 4x2 seed=204233 2026-07-22T16:41:05.070
ATTEMPT 566 W0 SOLVE 4x2 2026-07-22T16:41:05.084
ATTEMPT 566 W0 DONE 4x2 seed=204233 nsol=16 0.02s 2026-07-22T16:41:05.107
ATTEMPT 567 W0 START 4x2 seed=204234 2026-07-22T16:41:05.107
ATTEMPT 567 W0 SOLVE 4x2 2026-07-22T16:41:05.113
ATTEMPT 567 W0 DONE 4x2 seed=204234 nsol=16 0.02s 2026-07-22T16:41:05.134
ATTEMPT 568 W0 START 4x2 seed=204235 2026-07-22T16:41:05.134
ATTEMPT 568 W0 SOLVE 4x2 2026-07-22T16:41:05.140
ATTEMPT 568 W0 DONE 4x2 seed=204235 nsol=16 0.02s 2026-07-22T16:41:05.157
ATTEMPT 569 W0 START 4x2 seed=204236 2026-07-22T16:41:05.157
ATTEMPT 569 W0 SOLVE 4x2 2026-07-22T16:41:05.163
ATTEMPT 569 W0 DONE 4x2 seed=204236 nsol=16 0.01s 2026-07-22T16:41:05.174
ATTEMPT 570 W0 START 4x2 seed=204237 2026-07-22T16:41:05.174
ATTEMPT 570 W0 SOLVE 4x2 2026-07-22T16:41:05.184
ATTEMPT 570 W0 DONE 4x2 seed=204237 nsol=16 0.02s 2026-07-22T16:41:05.206
ATTEMPT 571 W0 START 4x2 seed=204238 2026-07-22T16:41:05.206
ATTEMPT 571 W0 SOLVE 4x2 2026-07-22T16:41:05.215
ATTEMPT 571 W0 DONE 4x2 seed=204238 nsol=16 0.01s 2026-07-22T16:41:05.230
ATTEMPT 572 W0 START 4x2 seed=204239 2026-07-22T16:41:05.230
ATTEMPT 572 W0 SOLVE 4x2 2026-07-22T16:41:05.239
ATTEMPT 572 W0 DONE 4x2 seed=204239 nsol=16 0.02s 2026-07-22T16:41:05.258
ATTEMPT 573 W0 START 4x2 seed=204240 2026-07-22T16:41:05.258
ATTEMPT 573 W0 SOLVE 4x2 2026-07-22T16:41:05.274
ATTEMPT 573 W0 DONE 4x2 seed=204240 nsol=16 0.02s 2026-07-22T16:41:05.298
ATTEMPT 574 W0 START 4x2 seed=204241 2026-07-22T16:41:05.298
ATTEMPT 574 W0 SOLVE 4x2 2026-07-22T16:41:05.310
ATTEMPT 574 W0 DONE 4x2 seed=204241 nsol=16 0.01s 2026-07-22T16:41:05.324
ATTEMPT 575 W0 START 4x2 seed=204242 2026-07-22T16:41:05.324
ATTEMPT 575 W0 SOLVE 4x2 2026-07-22T16:41:05.346
ATTEMPT 575 W0 DONE 4x2 seed=204242 nsol=16 0.01s 2026-07-22T16:41:05.357
ATTEMPT 576 W0 START 4x2 seed=204243 2026-07-22T16:41:05.357
ATTEMPT 576 W0 SOLVE 4x2 2026-07-22T16:41:05.366
ATTEMPT 576 W0 DONE 4x2 seed=204243 nsol=16 0.02s 2026-07-22T16:41:05.385
ATTEMPT 577 W0 START 4x2 seed=204244 2026-07-22T16:41:05.386
ATTEMPT 577 W0 SOLVE 4x2 2026-07-22T16:41:05.396
ATTEMPT 577 W0 DONE 4x2 seed=204244 nsol=16 0.02s 2026-07-22T16:41:05.418
ATTEMPT 578 W0 START 4x2 seed=204245 2026-07-22T16:41:05.418
ATTEMPT 578 W0 SOLVE 4x2 2026-07-22T16:41:05.430
ATTEMPT 578 W0 DONE 4x2 seed=204245 nsol=16 0.02s 2026-07-22T16:41:05.450
ATTEMPT 579 W0 START 4x2 seed=204246 2026-07-22T16:41:05.450
ATTEMPT 579 W0 SOLVE 4x2 2026-07-22T16:41:05.459
ATTEMPT 579 W0 DONE 4x2 seed=204246 nsol=16 0.01s 2026-07-22T16:41:05.471
ATTEMPT 580 W0 START 4x2 seed=204247 2026-07-22T16:41:05.471
ATTEMPT 580 W0 SOLVE 4x2 2026-07-22T16:41:05.476
ATTEMPT 580 W0 DONE 4x2 seed=204247 nsol=16 0.02s 2026-07-22T16:41:05.494
ATTEMPT 581 W0 START 4x2 seed=204248 2026-07-22T16:41:05.494
ATTEMPT 581 W0 SOLVE 4x2 2026-07-22T16:41:05.500
ATTEMPT 581 W0 DONE 4x2 seed=204248 nsol=16 0.01s 2026-07-22T16:41:05.512
ATTEMPT 582 W0 START 4x2 seed=204249 2026-07-22T16:41:05.512
ATTEMPT 582 W0 SOLVE 4x2 2026-07-22T16:41:05.518
ATTEMPT 582 W0 DONE 4x2 seed=204249 nsol=16 0.02s 2026-07-22T16:41:05.539
ATTEMPT 583 W0 START 4x2 seed=204250 2026-07-22T16:41:05.540
ATTEMPT 583 W0 SOLVE 4x2 2026-07-22T16:41:05.545
ATTEMPT 583 W0 DONE 4x2 seed=204250 nsol=16 0.02s 2026-07-22T16:41:05.564
ATTEMPT 584 W0 START 4x2 seed=204251 2026-07-22T16:41:05.564
ATTEMPT 584 W0 SOLVE 4x2 2026-07-22T16:41:05.571
ATTEMPT 584 W0 DONE 4x2 seed=204251 nsol=16 0.01s 2026-07-22T16:41:05.587
ATTEMPT 585 W0 START 4x2 seed=204252 2026-07-22T16:41:05.587
ATTEMPT 585 W0 SOLVE 4x2 2026-07-22T16:41:05.599
ATTEMPT 585 W0 DONE 4x2 seed=204252 nsol=16 0.02s 2026-07-22T16:41:05.616
ATTEMPT 586 W0 START 4x2 seed=204253 2026-07-22T16:41:05.617
ATTEMPT 586 W0 SOLVE 4x2 2026-07-22T16:41:05.622
ATTEMPT 586 W0 DONE 4x2 seed=204253 nsol=16 0.02s 2026-07-22T16:41:05.639
ATTEMPT 587 W0 START 4x2 seed=204254 2026-07-22T16:41:05.640
ATTEMPT 587 W0 SOLVE 4x2 2026-07-22T16:41:05.648
ATTEMPT 587 W0 DONE 4x2 seed=204254 nsol=16 0.01s 2026-07-22T16:41:05.655
ATTEMPT 588 W0 START 4x2 seed=204255 2026-07-22T16:41:05.656
ATTEMPT 588 W0 SOLVE 4x2 2026-07-22T16:41:05.664
ATTEMPT 588 W0 DONE 4x2 seed=204255 nsol=16 0.02s 2026-07-22T16:41:05.682
ATTEMPT 589 W0 START 4x2 seed=204256 2026-07-22T16:41:05.682
ATTEMPT 589 W0 SOLVE 4x2 2026-07-22T16:41:05.688
ATTEMPT 589 W0 DONE 4x2 seed=204256 nsol=16 0.01s 2026-07-22T16:41:05.693
ATTEMPT 590 W0 START 4x2 seed=204257 2026-07-22T16:41:05.693
ATTEMPT 590 W0 SOLVE 4x2 2026-07-22T16:41:05.701
ATTEMPT 590 W0 DONE 4x2 seed=204257 nsol=16 0.02s 2026-07-22T16:41:05.720
ATTEMPT 591 W0 START 4x2 seed=204258 2026-07-22T16:41:05.721
ATTEMPT 591 W0 SOLVE 4x2 2026-07-22T16:41:05.728
ATTEMPT 591 W0 DONE 4x2 seed=204258 nsol=16 0.01s 2026-07-22T16:41:05.734
ATTEMPT 592 W0 START 4x2 seed=204259 2026-07-22T16:41:05.734
ATTEMPT 592 W0 SOLVE 4x2 2026-07-22T16:41:05.740
ATTEMPT 592 W0 DONE 4x2 seed=204259 nsol=16 0.01s 2026-07-22T16:41:05.754
ATTEMPT 593 W0 START 4x2 seed=204260 2026-07-22T16:41:05.754
ATTEMPT 593 W0 SOLVE 4x2 2026-07-22T16:41:05.759
ATTEMPT 593 W0 DONE 4x2 seed=204260 nsol=16 0.02s 2026-07-22T16:41:05.777
ATTEMPT 594 W0 START 4x2 seed=204261 2026-07-22T16:41:05.777
ATTEMPT 594 W0 SOLVE 4x2 2026-07-22T16:41:05.783
ATTEMPT 594 W0 DONE 4x2 seed=204261 nsol=16 0.01s 2026-07-22T16:41:05.792
ATTEMPT 595 W0 START 4x2 seed=204262 2026-07-22T16:41:05.792
ATTEMPT 595 W0 SOLVE 4x2 2026-07-22T16:41:05.800
ATTEMPT 595 W0 DONE 4x2 seed=204262 nsol=16 0.02s 2026-07-22T16:41:05.822
ATTEMPT 596 W0 START 4x2 seed=204263 2026-07-22T16:41:05.822
ATTEMPT 596 W0 SOLVE 4x2 2026-07-22T16:41:05.828
ATTEMPT 596 W0 DONE 4x2 seed=204263 nsol=16 0.01s 2026-07-22T16:41:05.841
ATTEMPT 597 W0 START 4x2 seed=204264 2026-07-22T16:41:05.842
ATTEMPT 597 W0 SOLVE 4x2 2026-07-22T16:41:05.848
ATTEMPT 597 W0 DONE 4x2 seed=204264 nsol=16 0.01s 2026-07-22T16:41:05.856
ATTEMPT 598 W0 START 4x2 seed=204265 2026-07-22T16:41:05.856
ATTEMPT 598 W0 SOLVE 4x2 2026-07-22T16:41:05.861
ATTEMPT 598 W0 DONE 4x2 seed=204265 nsol=16 0.04s 2026-07-22T16:41:05.901
ATTEMPT 599 W0 START 4x2 seed=204266 2026-07-22T16:41:05.902
ATTEMPT 599 W0 SOLVE 4x2 2026-07-22T16:41:05.907
ATTEMPT 599 W0 DONE 4x2 seed=204266 nsol=16 0.01s 2026-07-22T16:41:05.922
ATTEMPT 600 W0 START 4x2 seed=204267 2026-07-22T16:41:05.922
ATTEMPT 600 W0 SOLVE 4x2 2026-07-22T16:41:05.938
ATTEMPT 600 W0 DONE 4x2 seed=204267 nsol=16 0.01s 2026-07-22T16:41:05.950
HUNT2 complete 2026-07-22T16:41:05.959
