HUNT2 start mode=seq hcthr=on nworkers=0 nthreads=14 ngcthreads=14 nsolves=600 seed_base=701912 shape=4x2 pid=2034307 julia=1.12.6 HC=2.20.0 2026-07-22T16:52:07.370
ATTEMPT 1 W0 START 4x2 seed=701913 2026-07-22T16:52:09.830
ATTEMPT 1 W0 SOLVE 4x2 2026-07-22T16:52:12.410
Computing mixed cells... 2    Time: 0:00:01[K
   mixed_volume: 4[K[A
[K[AComputing mixed cells... 9    Time: 0:00:01[K
   mixed_volume: 16[K
ATTEMPT 1 W0 DONE 4x2 seed=701913 nsol=16 133.94s 2026-07-22T16:54:26.709
ATTEMPT 2 W0 START 4x2 seed=701914 2026-07-22T16:54:27.290
ATTEMPT 2 W0 SOLVE 4x2 2026-07-22T16:54:27.296
ATTEMPT 2 W0 DONE 4x2 seed=701914 nsol=16 0.01s 2026-07-22T16:54:27.307
ATTEMPT 3 W0 START 4x2 seed=701915 2026-07-22T16:54:27.307
ATTEMPT 3 W0 SOLVE 4x2 2026-07-22T16:54:27.317
ATTEMPT 3 W0 DONE 4x2 seed=701915 nsol=16 0.01s 2026-07-22T16:54:27.332
ATTEMPT 4 W0 START 4x2 seed=701916 2026-07-22T16:54:27.332
ATTEMPT 4 W0 SOLVE 4x2 2026-07-22T16:54:27.338
ATTEMPT 4 W0 DONE 4x2 seed=701916 nsol=16 0.02s 2026-07-22T16:54:27.366
ATTEMPT 5 W0 START 4x2 seed=701917 2026-07-22T16:54:27.367
ATTEMPT 5 W0 SOLVE 4x2 2026-07-22T16:54:27.376
ATTEMPT 5 W0 DONE 4x2 seed=701917 nsol=16 0.01s 2026-07-22T16:54:27.386
ATTEMPT 6 W0 START 4x2 seed=701918 2026-07-22T16:54:27.386
ATTEMPT 6 W0 SOLVE 4x2 2026-07-22T16:54:27.397
ATTEMPT 6 W0 DONE 4x2 seed=701918 nsol=16 0.02s 2026-07-22T16:54:27.414
ATTEMPT 7 W0 START 4x2 seed=701919 2026-07-22T16:54:27.415
ATTEMPT 7 W0 SOLVE 4x2 2026-07-22T16:54:27.430
ATTEMPT 7 W0 DONE 4x2 seed=701919 nsol=16 0.01s 2026-07-22T16:54:27.442
ATTEMPT 8 W0 START 4x2 seed=701920 2026-07-22T16:54:27.442
ATTEMPT 8 W0 SOLVE 4x2 2026-07-22T16:54:27.452
ATTEMPT 8 W0 DONE 4x2 seed=701920 nsol=16 0.01s 2026-07-22T16:54:27.466
ATTEMPT 9 W0 START 4x2 seed=701921 2026-07-22T16:54:27.466
ATTEMPT 9 W0 SOLVE 4x2 2026-07-22T16:54:27.484
ATTEMPT 9 W0 DONE 4x2 seed=701921 nsol=16 0.01s 2026-07-22T16:54:27.496
ATTEMPT 10 W0 START 4x2 seed=701922 2026-07-22T16:54:27.496
ATTEMPT 10 W0 SOLVE 4x2 2026-07-22T16:54:27.501
ATTEMPT 10 W0 DONE 4x2 seed=701922 nsol=16 0.01s 2026-07-22T16:54:27.522
ATTEMPT 11 W0 START 4x2 seed=701923 2026-07-22T16:54:27.522
ATTEMPT 11 W0 SOLVE 4x2 2026-07-22T16:54:27.534
ATTEMPT 11 W0 DONE 4x2 seed=701923 nsol=16 0.01s 2026-07-22T16:54:27.542
ATTEMPT 12 W0 START 4x2 seed=701924 2026-07-22T16:54:27.543
ATTEMPT 12 W0 SOLVE 4x2 2026-07-22T16:54:27.549
ATTEMPT 12 W0 DONE 4x2 seed=701924 nsol=16 0.01s 2026-07-22T16:54:27.562
ATTEMPT 13 W0 START 4x2 seed=701925 2026-07-22T16:54:27.562
ATTEMPT 13 W0 SOLVE 4x2 2026-07-22T16:54:27.567
ATTEMPT 13 W0 DONE 4x2 seed=701925 nsol=16 0.01s 2026-07-22T16:54:27.582
ATTEMPT 14 W0 START 4x2 seed=701926 2026-07-22T16:54:27.582
ATTEMPT 14 W0 SOLVE 4x2 2026-07-22T16:54:27.592
ATTEMPT 14 W0 DONE 4x2 seed=701926 nsol=16 0.01s 2026-07-22T16:54:27.602
ATTEMPT 15 W0 START 4x2 seed=701927 2026-07-22T16:54:27.602
ATTEMPT 15 W0 SOLVE 4x2 2026-07-22T16:54:27.611
ATTEMPT 15 W0 DONE 4x2 seed=701927 nsol=16 0.01s 2026-07-22T16:54:27.621
ATTEMPT 16 W0 START 4x2 seed=701928 2026-07-22T16:54:27.621
ATTEMPT 16 W0 SOLVE 4x2 2026-07-22T16:54:27.633
ATTEMPT 16 W0 DONE 4x2 seed=701928 nsol=16 0.01s 2026-07-22T16:54:27.647
ATTEMPT 17 W0 START 4x2 seed=701929 2026-07-22T16:54:27.648
ATTEMPT 17 W0 SOLVE 4x2 2026-07-22T16:54:27.653
ATTEMPT 17 W0 DONE 4x2 seed=701929 nsol=16 0.01s 2026-07-22T16:54:27.666
ATTEMPT 18 W0 START 4x2 seed=701930 2026-07-22T16:54:27.666
ATTEMPT 18 W0 SOLVE 4x2 2026-07-22T16:54:27.677
ATTEMPT 18 W0 DONE 4x2 seed=701930 nsol=16 0.02s 2026-07-22T16:54:27.694
ATTEMPT 19 W0 START 4x2 seed=701931 2026-07-22T16:54:27.694
ATTEMPT 19 W0 SOLVE 4x2 2026-07-22T16:54:27.704
ATTEMPT 19 W0 DONE 4x2 seed=701931 nsol=16 0.01s 2026-07-22T16:54:27.714
ATTEMPT 20 W0 START 4x2 seed=701932 2026-07-22T16:54:27.715
ATTEMPT 20 W0 SOLVE 4x2 2026-07-22T16:54:27.722
ATTEMPT 20 W0 DONE 4x2 seed=701932 nsol=16 0.02s 2026-07-22T16:54:27.744
ATTEMPT 21 W0 START 4x2 seed=701933 2026-07-22T16:54:27.745
ATTEMPT 21 W0 SOLVE 4x2 2026-07-22T16:54:27.751
ATTEMPT 21 W0 DONE 4x2 seed=701933 nsol=16 0.01s 2026-07-22T16:54:27.759
ATTEMPT 22 W0 START 4x2 seed=701934 2026-07-22T16:54:27.759
ATTEMPT 22 W0 SOLVE 4x2 2026-07-22T16:54:27.766
ATTEMPT 22 W0 DONE 4x2 seed=701934 nsol=16 0.01s 2026-07-22T16:54:27.778
ATTEMPT 23 W0 START 4x2 seed=701935 2026-07-22T16:54:27.778
ATTEMPT 23 W0 SOLVE 4x2 2026-07-22T16:54:27.788
ATTEMPT 23 W0 DONE 4x2 seed=701935 nsol=16 0.01s 2026-07-22T16:54:27.799
ATTEMPT 24 W0 START 4x2 seed=701936 2026-07-22T16:54:27.799
ATTEMPT 24 W0 SOLVE 4x2 2026-07-22T16:54:27.808
ATTEMPT 24 W0 DONE 4x2 seed=701936 nsol=16 0.01s 2026-07-22T16:54:27.816
ATTEMPT 25 W0 START 4x2 seed=701937 2026-07-22T16:54:27.817
ATTEMPT 25 W0 SOLVE 4x2 2026-07-22T16:54:27.826
ATTEMPT 25 W0 DONE 4x2 seed=701937 nsol=16 0.01s 2026-07-22T16:54:27.838
ATTEMPT 26 W0 START 4x2 seed=701938 2026-07-22T16:54:27.838
ATTEMPT 26 W0 SOLVE 4x2 2026-07-22T16:54:27.849
ATTEMPT 26 W0 DONE 4x2 seed=701938 nsol=16 0.01s 2026-07-22T16:54:27.867
ATTEMPT 27 W0 START 4x2 seed=701939 2026-07-22T16:54:27.867
ATTEMPT 27 W0 SOLVE 4x2 2026-07-22T16:54:27.872
ATTEMPT 27 W0 DONE 4x2 seed=701939 nsol=16 0.02s 2026-07-22T16:54:27.888
ATTEMPT 28 W0 START 4x2 seed=701940 2026-07-22T16:54:27.888
ATTEMPT 28 W0 SOLVE 4x2 2026-07-22T16:54:27.898
ATTEMPT 28 W0 DONE 4x2 seed=701940 nsol=16 0.01s 2026-07-22T16:54:27.911
ATTEMPT 29 W0 START 4x2 seed=701941 2026-07-22T16:54:27.911
ATTEMPT 29 W0 SOLVE 4x2 2026-07-22T16:54:27.926
ATTEMPT 29 W0 DONE 4x2 seed=701941 nsol=16 0.01s 2026-07-22T16:54:27.938
ATTEMPT 30 W0 START 4x2 seed=701942 2026-07-22T16:54:27.939
ATTEMPT 30 W0 SOLVE 4x2 2026-07-22T16:54:27.949
ATTEMPT 30 W0 DONE 4x2 seed=701942 nsol=16 0.01s 2026-07-22T16:54:27.961
ATTEMPT 31 W0 START 4x2 seed=701943 2026-07-22T16:54:27.962
ATTEMPT 31 W0 SOLVE 4x2 2026-07-22T16:54:27.972
ATTEMPT 31 W0 DONE 4x2 seed=701943 nsol=16 0.02s 2026-07-22T16:54:27.990
ATTEMPT 32 W0 START 4x2 seed=701944 2026-07-22T16:54:27.990
ATTEMPT 32 W0 SOLVE 4x2 2026-07-22T16:54:28.001
ATTEMPT 32 W0 DONE 4x2 seed=701944 nsol=16 0.02s 2026-07-22T16:54:28.016
ATTEMPT 33 W0 START 4x2 seed=701945 2026-07-22T16:54:28.017
ATTEMPT 33 W0 SOLVE 4x2 2026-07-22T16:54:28.031
ATTEMPT 33 W0 DONE 4x2 seed=701945 nsol=16 0.01s 2026-07-22T16:54:28.038
ATTEMPT 34 W0 START 4x2 seed=701946 2026-07-22T16:54:28.038
ATTEMPT 34 W0 SOLVE 4x2 2026-07-22T16:54:28.045
ATTEMPT 34 W0 DONE 4x2 seed=701946 nsol=16 0.01s 2026-07-22T16:54:28.061
ATTEMPT 35 W0 START 4x2 seed=701947 2026-07-22T16:54:28.062
ATTEMPT 35 W0 SOLVE 4x2 2026-07-22T16:54:28.068
ATTEMPT 35 W0 DONE 4x2 seed=701947 nsol=16 0.02s 2026-07-22T16:54:28.090
ATTEMPT 36 W0 START 4x2 seed=701948 2026-07-22T16:54:28.090
ATTEMPT 36 W0 SOLVE 4x2 2026-07-22T16:54:28.101
ATTEMPT 36 W0 DONE 4x2 seed=701948 nsol=16 0.01s 2026-07-22T16:54:28.118
ATTEMPT 37 W0 START 4x2 seed=701949 2026-07-22T16:54:28.118
ATTEMPT 37 W0 SOLVE 4x2 2026-07-22T16:54:28.128
ATTEMPT 37 W0 DONE 4x2 seed=701949 nsol=16 0.09s 2026-07-22T16:54:28.222
ATTEMPT 38 W0 START 4x2 seed=701950 2026-07-22T16:54:28.222
ATTEMPT 38 W0 SOLVE 4x2 2026-07-22T16:54:28.229
ATTEMPT 38 W0 DONE 4x2 seed=701950 nsol=16 0.02s 2026-07-22T16:54:28.246
ATTEMPT 39 W0 START 4x2 seed=701951 2026-07-22T16:54:28.246
ATTEMPT 39 W0 SOLVE 4x2 2026-07-22T16:54:28.252
ATTEMPT 39 W0 DONE 4x2 seed=701951 nsol=16 0.01s 2026-07-22T16:54:28.265
ATTEMPT 40 W0 START 4x2 seed=701952 2026-07-22T16:54:28.266
ATTEMPT 40 W0 SOLVE 4x2 2026-07-22T16:54:28.273
ATTEMPT 40 W0 DONE 4x2 seed=701952 nsol=16 0.01s 2026-07-22T16:54:28.286
ATTEMPT 41 W0 START 4x2 seed=701953 2026-07-22T16:54:28.286
ATTEMPT 41 W0 SOLVE 4x2 2026-07-22T16:54:28.293
ATTEMPT 41 W0 DONE 4x2 seed=701953 nsol=16 0.02s 2026-07-22T16:54:28.310
ATTEMPT 42 W0 START 4x2 seed=701954 2026-07-22T16:54:28.310
ATTEMPT 42 W0 SOLVE 4x2 2026-07-22T16:54:28.316
ATTEMPT 42 W0 DONE 4x2 seed=701954 nsol=16 0.01s 2026-07-22T16:54:28.324
ATTEMPT 43 W0 START 4x2 seed=701955 2026-07-22T16:54:28.324
ATTEMPT 43 W0 SOLVE 4x2 2026-07-22T16:54:28.330
ATTEMPT 43 W0 DONE 4x2 seed=701955 nsol=16 0.01s 2026-07-22T16:54:28.335
ATTEMPT 44 W0 START 4x2 seed=701956 2026-07-22T16:54:28.336
ATTEMPT 44 W0 SOLVE 4x2 2026-07-22T16:54:28.344
ATTEMPT 44 W0 DONE 4x2 seed=701956 nsol=16 0.02s 2026-07-22T16:54:28.362
ATTEMPT 45 W0 START 4x2 seed=701957 2026-07-22T16:54:28.363
ATTEMPT 45 W0 SOLVE 4x2 2026-07-22T16:54:28.369
ATTEMPT 45 W0 DONE 4x2 seed=701957 nsol=16 0.01s 2026-07-22T16:54:28.376
ATTEMPT 46 W0 START 4x2 seed=701958 2026-07-22T16:54:28.376
ATTEMPT 46 W0 SOLVE 4x2 2026-07-22T16:54:28.381
ATTEMPT 46 W0 DONE 4x2 seed=701958 nsol=16 0.03s 2026-07-22T16:54:28.408
ATTEMPT 47 W0 START 4x2 seed=701959 2026-07-22T16:54:28.408
ATTEMPT 47 W0 SOLVE 4x2 2026-07-22T16:54:28.415
ATTEMPT 47 W0 DONE 4x2 seed=701959 nsol=16 0.01s 2026-07-22T16:54:28.428
ATTEMPT 48 W0 START 4x2 seed=701960 2026-07-22T16:54:28.428
ATTEMPT 48 W0 SOLVE 4x2 2026-07-22T16:54:28.436
ATTEMPT 48 W0 DONE 4x2 seed=701960 nsol=16 0.01s 2026-07-22T16:54:28.446
ATTEMPT 49 W0 START 4x2 seed=701961 2026-07-22T16:54:28.446
ATTEMPT 49 W0 SOLVE 4x2 2026-07-22T16:54:28.452
ATTEMPT 49 W0 DONE 4x2 seed=701961 nsol=16 0.01s 2026-07-22T16:54:28.466
ATTEMPT 50 W0 START 4x2 seed=701962 2026-07-22T16:54:28.466
ATTEMPT 50 W0 SOLVE 4x2 2026-07-22T16:54:28.472
ATTEMPT 50 W0 DONE 4x2 seed=701962 nsol=16 0.01s 2026-07-22T16:54:28.482
ATTEMPT 51 W0 START 4x2 seed=701963 2026-07-22T16:54:28.482
ATTEMPT 51 W0 SOLVE 4x2 2026-07-22T16:54:28.490
ATTEMPT 51 W0 DONE 4x2 seed=701963 nsol=16 0.02s 2026-07-22T16:54:28.506
ATTEMPT 52 W0 START 4x2 seed=701964 2026-07-22T16:54:28.506
ATTEMPT 52 W0 SOLVE 4x2 2026-07-22T16:54:28.512
ATTEMPT 52 W0 DONE 4x2 seed=701964 nsol=16 0.01s 2026-07-22T16:54:28.523
ATTEMPT 53 W0 START 4x2 seed=701965 2026-07-22T16:54:28.523
ATTEMPT 53 W0 SOLVE 4x2 2026-07-22T16:54:28.531
ATTEMPT 53 W0 DONE 4x2 seed=701965 nsol=16 0.01s 2026-07-22T16:54:28.542
ATTEMPT 54 W0 START 4x2 seed=701966 2026-07-22T16:54:28.542
ATTEMPT 54 W0 SOLVE 4x2 2026-07-22T16:54:28.547
ATTEMPT 54 W0 DONE 4x2 seed=701966 nsol=16 0.01s 2026-07-22T16:54:28.562
ATTEMPT 55 W0 START 4x2 seed=701967 2026-07-22T16:54:28.562
ATTEMPT 55 W0 SOLVE 4x2 2026-07-22T16:54:28.569
ATTEMPT 55 W0 DONE 4x2 seed=701967 nsol=16 0.02s 2026-07-22T16:54:28.586
ATTEMPT 56 W0 START 4x2 seed=701968 2026-07-22T16:54:28.586
ATTEMPT 56 W0 SOLVE 4x2 2026-07-22T16:54:28.593
ATTEMPT 56 W0 DONE 4x2 seed=701968 nsol=16 0.02s 2026-07-22T16:54:28.609
ATTEMPT 57 W0 START 4x2 seed=701969 2026-07-22T16:54:28.609
ATTEMPT 57 W0 SOLVE 4x2 2026-07-22T16:54:28.615
ATTEMPT 57 W0 DONE 4x2 seed=701969 nsol=16 0.01s 2026-07-22T16:54:28.626
ATTEMPT 58 W0 START 4x2 seed=701970 2026-07-22T16:54:28.626
ATTEMPT 58 W0 SOLVE 4x2 2026-07-22T16:54:28.632
ATTEMPT 58 W0 DONE 4x2 seed=701970 nsol=16 0.01s 2026-07-22T16:54:28.646
ATTEMPT 59 W0 START 4x2 seed=701971 2026-07-22T16:54:28.646
ATTEMPT 59 W0 SOLVE 4x2 2026-07-22T16:54:28.651
ATTEMPT 59 W0 DONE 4x2 seed=701971 nsol=16 0.02s 2026-07-22T16:54:28.669
ATTEMPT 60 W0 START 4x2 seed=701972 2026-07-22T16:54:28.670
ATTEMPT 60 W0 SOLVE 4x2 2026-07-22T16:54:28.676
ATTEMPT 60 W0 DONE 4x2 seed=701972 nsol=16 0.01s 2026-07-22T16:54:28.688
ATTEMPT 61 W0 START 4x2 seed=701973 2026-07-22T16:54:28.688
ATTEMPT 61 W0 SOLVE 4x2 2026-07-22T16:54:28.694
ATTEMPT 61 W0 DONE 4x2 seed=701973 nsol=16 0.03s 2026-07-22T16:54:28.720
ATTEMPT 62 W0 START 4x2 seed=701974 2026-07-22T16:54:28.720
ATTEMPT 62 W0 SOLVE 4x2 2026-07-22T16:54:28.729
ATTEMPT 62 W0 DONE 4x2 seed=701974 nsol=16 0.01s 2026-07-22T16:54:28.737
ATTEMPT 63 W0 START 4x2 seed=701975 2026-07-22T16:54:28.738
ATTEMPT 63 W0 SOLVE 4x2 2026-07-22T16:54:28.746
ATTEMPT 63 W0 DONE 4x2 seed=701975 nsol=16 0.02s 2026-07-22T16:54:28.766
ATTEMPT 64 W0 START 4x2 seed=701976 2026-07-22T16:54:28.767
ATTEMPT 64 W0 SOLVE 4x2 2026-07-22T16:54:28.775
ATTEMPT 64 W0 DONE 4x2 seed=701976 nsol=16 0.01s 2026-07-22T16:54:28.787
ATTEMPT 65 W0 START 4x2 seed=701977 2026-07-22T16:54:28.787
ATTEMPT 65 W0 SOLVE 4x2 2026-07-22T16:54:28.794
ATTEMPT 65 W0 DONE 4x2 seed=701977 nsol=16 0.01s 2026-07-22T16:54:28.806
ATTEMPT 66 W0 START 4x2 seed=701978 2026-07-22T16:54:28.806
ATTEMPT 66 W0 SOLVE 4x2 2026-07-22T16:54:28.811
ATTEMPT 66 W0 DONE 4x2 seed=701978 nsol=16 0.01s 2026-07-22T16:54:28.826
ATTEMPT 67 W0 START 4x2 seed=701979 2026-07-22T16:54:28.827
ATTEMPT 67 W0 SOLVE 4x2 2026-07-22T16:54:28.837
ATTEMPT 67 W0 DONE 4x2 seed=701979 nsol=16 0.02s 2026-07-22T16:54:28.854
ATTEMPT 68 W0 START 4x2 seed=701980 2026-07-22T16:54:28.854
ATTEMPT 68 W0 SOLVE 4x2 2026-07-22T16:54:28.862
ATTEMPT 68 W0 DONE 4x2 seed=701980 nsol=16 0.02s 2026-07-22T16:54:28.879
ATTEMPT 69 W0 START 4x2 seed=701981 2026-07-22T16:54:28.879
ATTEMPT 69 W0 SOLVE 4x2 2026-07-22T16:54:28.887
ATTEMPT 69 W0 DONE 4x2 seed=701981 nsol=16 0.02s 2026-07-22T16:54:28.906
ATTEMPT 70 W0 START 4x2 seed=701982 2026-07-22T16:54:28.906
ATTEMPT 70 W0 SOLVE 4x2 2026-07-22T16:54:28.912
ATTEMPT 70 W0 DONE 4x2 seed=701982 nsol=16 0.01s 2026-07-22T16:54:28.926
ATTEMPT 71 W0 START 4x2 seed=701983 2026-07-22T16:54:28.926
ATTEMPT 71 W0 SOLVE 4x2 2026-07-22T16:54:28.932
ATTEMPT 71 W0 DONE 4x2 seed=701983 nsol=16 0.01s 2026-07-22T16:54:28.946
ATTEMPT 72 W0 START 4x2 seed=701984 2026-07-22T16:54:28.947
ATTEMPT 72 W0 SOLVE 4x2 2026-07-22T16:54:28.955
ATTEMPT 72 W0 DONE 4x2 seed=701984 nsol=16 0.01s 2026-07-22T16:54:28.967
ATTEMPT 73 W0 START 4x2 seed=701985 2026-07-22T16:54:28.967
ATTEMPT 73 W0 SOLVE 4x2 2026-07-22T16:54:28.974
ATTEMPT 73 W0 DONE 4x2 seed=701985 nsol=16 0.04s 2026-07-22T16:54:29.014
ATTEMPT 74 W0 START 4x2 seed=701986 2026-07-22T16:54:29.014
ATTEMPT 74 W0 SOLVE 4x2 2026-07-22T16:54:29.028
ATTEMPT 74 W0 DONE 4x2 seed=701986 nsol=16 0.03s 2026-07-22T16:54:29.054
ATTEMPT 75 W0 START 4x2 seed=701987 2026-07-22T16:54:29.054
ATTEMPT 75 W0 SOLVE 4x2 2026-07-22T16:54:29.070
ATTEMPT 75 W0 DONE 4x2 seed=701987 nsol=16 0.01s 2026-07-22T16:54:29.091
ATTEMPT 76 W0 START 4x2 seed=701988 2026-07-22T16:54:29.091
ATTEMPT 76 W0 SOLVE 4x2 2026-07-22T16:54:29.101
ATTEMPT 76 W0 DONE 4x2 seed=701988 nsol=16 0.02s 2026-07-22T16:54:29.117
ATTEMPT 77 W0 START 4x2 seed=701989 2026-07-22T16:54:29.118
ATTEMPT 77 W0 SOLVE 4x2 2026-07-22T16:54:29.128
ATTEMPT 77 W0 DONE 4x2 seed=701989 nsol=16 0.02s 2026-07-22T16:54:29.145
ATTEMPT 78 W0 START 4x2 seed=701990 2026-07-22T16:54:29.145
ATTEMPT 78 W0 SOLVE 4x2 2026-07-22T16:54:29.156
ATTEMPT 78 W0 DONE 4x2 seed=701990 nsol=16 0.02s 2026-07-22T16:54:29.182
ATTEMPT 79 W0 START 4x2 seed=701991 2026-07-22T16:54:29.182
ATTEMPT 79 W0 SOLVE 4x2 2026-07-22T16:54:29.193
ATTEMPT 79 W0 DONE 4x2 seed=701991 nsol=16 0.01s 2026-07-22T16:54:29.210
ATTEMPT 80 W0 START 4x2 seed=701992 2026-07-22T16:54:29.211
ATTEMPT 80 W0 SOLVE 4x2 2026-07-22T16:54:29.222
ATTEMPT 80 W0 DONE 4x2 seed=701992 nsol=16 0.01s 2026-07-22T16:54:29.230
ATTEMPT 81 W0 START 4x2 seed=701993 2026-07-22T16:54:29.230
ATTEMPT 81 W0 SOLVE 4x2 2026-07-22T16:54:29.237
ATTEMPT 81 W0 DONE 4x2 seed=701993 nsol=16 0.02s 2026-07-22T16:54:29.258
ATTEMPT 82 W0 START 4x2 seed=701994 2026-07-22T16:54:29.258
ATTEMPT 82 W0 SOLVE 4x2 2026-07-22T16:54:29.263
ATTEMPT 82 W0 DONE 4x2 seed=701994 nsol=16 0.01s 2026-07-22T16:54:29.274
ATTEMPT 83 W0 START 4x2 seed=701995 2026-07-22T16:54:29.275
ATTEMPT 83 W0 SOLVE 4x2 2026-07-22T16:54:29.281
ATTEMPT 83 W0 DONE 4x2 seed=701995 nsol=16 0.02s 2026-07-22T16:54:29.303
ATTEMPT 84 W0 START 4x2 seed=701996 2026-07-22T16:54:29.303
ATTEMPT 84 W0 SOLVE 4x2 2026-07-22T16:54:29.313
ATTEMPT 84 W0 DONE 4x2 seed=701996 nsol=16 0.01s 2026-07-22T16:54:29.322
ATTEMPT 85 W0 START 4x2 seed=701997 2026-07-22T16:54:29.322
ATTEMPT 85 W0 SOLVE 4x2 2026-07-22T16:54:29.328
ATTEMPT 85 W0 DONE 4x2 seed=701997 nsol=16 0.01s 2026-07-22T16:54:29.337
ATTEMPT 86 W0 START 4x2 seed=701998 2026-07-22T16:54:29.338
ATTEMPT 86 W0 SOLVE 4x2 2026-07-22T16:54:29.344
ATTEMPT 86 W0 DONE 4x2 seed=701998 nsol=16 0.01s 2026-07-22T16:54:29.354
ATTEMPT 87 W0 START 4x2 seed=701999 2026-07-22T16:54:29.354
ATTEMPT 87 W0 SOLVE 4x2 2026-07-22T16:54:29.360
ATTEMPT 87 W0 DONE 4x2 seed=701999 nsol=16 0.01s 2026-07-22T16:54:29.370
ATTEMPT 88 W0 START 4x2 seed=702000 2026-07-22T16:54:29.370
ATTEMPT 88 W0 SOLVE 4x2 2026-07-22T16:54:29.376
ATTEMPT 88 W0 DONE 4x2 seed=702000 nsol=16 0.01s 2026-07-22T16:54:29.382
ATTEMPT 89 W0 START 4x2 seed=702001 2026-07-22T16:54:29.382
ATTEMPT 89 W0 SOLVE 4x2 2026-07-22T16:54:29.388
ATTEMPT 89 W0 DONE 4x2 seed=702001 nsol=16 0.01s 2026-07-22T16:54:29.400
ATTEMPT 90 W0 START 4x2 seed=702002 2026-07-22T16:54:29.400
ATTEMPT 90 W0 SOLVE 4x2 2026-07-22T16:54:29.409
ATTEMPT 90 W0 DONE 4x2 seed=702002 nsol=16 0.01s 2026-07-22T16:54:29.416
ATTEMPT 91 W0 START 4x2 seed=702003 2026-07-22T16:54:29.416
ATTEMPT 91 W0 SOLVE 4x2 2026-07-22T16:54:29.422
ATTEMPT 91 W0 DONE 4x2 seed=702003 nsol=16 0.01s 2026-07-22T16:54:29.430
ATTEMPT 92 W0 START 4x2 seed=702004 2026-07-22T16:54:29.431
ATTEMPT 92 W0 SOLVE 4x2 2026-07-22T16:54:29.440
ATTEMPT 92 W0 DONE 4x2 seed=702004 nsol=16 0.08s 2026-07-22T16:54:29.515
ATTEMPT 93 W0 START 4x2 seed=702005 2026-07-22T16:54:29.541
ATTEMPT 93 W0 SOLVE 4x2 2026-07-22T16:54:29.552
ATTEMPT 93 W0 DONE 4x2 seed=702005 nsol=16 0.01s 2026-07-22T16:54:29.569
ATTEMPT 94 W0 START 4x2 seed=702006 2026-07-22T16:54:29.569
ATTEMPT 94 W0 SOLVE 4x2 2026-07-22T16:54:29.580
ATTEMPT 94 W0 DONE 4x2 seed=702006 nsol=16 0.01s 2026-07-22T16:54:29.594
ATTEMPT 95 W0 START 4x2 seed=702007 2026-07-22T16:54:29.594
ATTEMPT 95 W0 SOLVE 4x2 2026-07-22T16:54:29.612
ATTEMPT 95 W0 DONE 4x2 seed=702007 nsol=16 0.01s 2026-07-22T16:54:29.627
ATTEMPT 96 W0 START 4x2 seed=702008 2026-07-22T16:54:29.627
ATTEMPT 96 W0 SOLVE 4x2 2026-07-22T16:54:29.636
ATTEMPT 96 W0 DONE 4x2 seed=702008 nsol=16 0.01s 2026-07-22T16:54:29.647
ATTEMPT 97 W0 START 4x2 seed=702009 2026-07-22T16:54:29.647
ATTEMPT 97 W0 SOLVE 4x2 2026-07-22T16:54:29.659
ATTEMPT 97 W0 DONE 4x2 seed=702009 nsol=16 0.01s 2026-07-22T16:54:29.666
ATTEMPT 98 W0 START 4x2 seed=702010 2026-07-22T16:54:29.666
ATTEMPT 98 W0 SOLVE 4x2 2026-07-22T16:54:29.676
ATTEMPT 98 W0 DONE 4x2 seed=702010 nsol=16 0.01s 2026-07-22T16:54:29.686
ATTEMPT 99 W0 START 4x2 seed=702011 2026-07-22T16:54:29.687
ATTEMPT 99 W0 SOLVE 4x2 2026-07-22T16:54:29.697
ATTEMPT 99 W0 DONE 4x2 seed=702011 nsol=16 0.01s 2026-07-22T16:54:29.706
ATTEMPT 100 W0 START 4x2 seed=702012 2026-07-22T16:54:29.706
ATTEMPT 100 W0 SOLVE 4x2 2026-07-22T16:54:29.723
ATTEMPT 100 W0 DONE 4x2 seed=702012 nsol=16 0.01s 2026-07-22T16:54:29.728
ATTEMPT 101 W0 START 4x2 seed=702013 2026-07-22T16:54:29.728
ATTEMPT 101 W0 SOLVE 4x2 2026-07-22T16:54:29.743
ATTEMPT 101 W0 DONE 4x2 seed=702013 nsol=16 0.01s 2026-07-22T16:54:29.751
ATTEMPT 102 W0 START 4x2 seed=702014 2026-07-22T16:54:29.754
ATTEMPT 102 W0 SOLVE 4x2 2026-07-22T16:54:29.764
ATTEMPT 102 W0 DONE 4x2 seed=702014 nsol=16 0.01s 2026-07-22T16:54:29.773
ATTEMPT 103 W0 START 4x2 seed=702015 2026-07-22T16:54:29.773
ATTEMPT 103 W0 SOLVE 4x2 2026-07-22T16:54:29.790
ATTEMPT 103 W0 DONE 4x2 seed=702015 nsol=16 0.01s 2026-07-22T16:54:29.798
ATTEMPT 104 W0 START 4x2 seed=702016 2026-07-22T16:54:29.798
ATTEMPT 104 W0 SOLVE 4x2 2026-07-22T16:54:29.808
ATTEMPT 104 W0 DONE 4x2 seed=702016 nsol=16 0.02s 2026-07-22T16:54:29.826
ATTEMPT 105 W0 START 4x2 seed=702017 2026-07-22T16:54:29.826
ATTEMPT 105 W0 SOLVE 4x2 2026-07-22T16:54:29.837
ATTEMPT 105 W0 DONE 4x2 seed=702017 nsol=16 0.02s 2026-07-22T16:54:29.863
ATTEMPT 106 W0 START 4x2 seed=702018 2026-07-22T16:54:29.863
ATTEMPT 106 W0 SOLVE 4x2 2026-07-22T16:54:29.869
ATTEMPT 106 W0 DONE 4x2 seed=702018 nsol=16 0.02s 2026-07-22T16:54:29.894
ATTEMPT 107 W0 START 4x2 seed=702019 2026-07-22T16:54:29.894
ATTEMPT 107 W0 SOLVE 4x2 2026-07-22T16:54:29.900
ATTEMPT 107 W0 DONE 4x2 seed=702019 nsol=16 0.01s 2026-07-22T16:54:29.905
ATTEMPT 108 W0 START 4x2 seed=702020 2026-07-22T16:54:29.906
ATTEMPT 108 W0 SOLVE 4x2 2026-07-22T16:54:29.914
ATTEMPT 108 W0 DONE 4x2 seed=702020 nsol=16 0.01s 2026-07-22T16:54:29.926
ATTEMPT 109 W0 START 4x2 seed=702021 2026-07-22T16:54:29.927
ATTEMPT 109 W0 SOLVE 4x2 2026-07-22T16:54:29.933
ATTEMPT 109 W0 DONE 4x2 seed=702021 nsol=16 0.00s 2026-07-22T16:54:29.938
ATTEMPT 110 W0 START 4x2 seed=702022 2026-07-22T16:54:29.938
ATTEMPT 110 W0 SOLVE 4x2 2026-07-22T16:54:29.945
ATTEMPT 110 W0 DONE 4x2 seed=702022 nsol=16 0.01s 2026-07-22T16:54:29.959
ATTEMPT 111 W0 START 4x2 seed=702023 2026-07-22T16:54:29.959
ATTEMPT 111 W0 SOLVE 4x2 2026-07-22T16:54:29.964
ATTEMPT 111 W0 DONE 4x2 seed=702023 nsol=16 0.01s 2026-07-22T16:54:29.976
ATTEMPT 112 W0 START 4x2 seed=702024 2026-07-22T16:54:29.977
ATTEMPT 112 W0 SOLVE 4x2 2026-07-22T16:54:29.983
ATTEMPT 112 W0 DONE 4x2 seed=702024 nsol=16 0.01s 2026-07-22T16:54:29.990
ATTEMPT 113 W0 START 4x2 seed=702025 2026-07-22T16:54:29.991
ATTEMPT 113 W0 SOLVE 4x2 2026-07-22T16:54:29.998
ATTEMPT 113 W0 DONE 4x2 seed=702025 nsol=16 0.00s 2026-07-22T16:54:30.002
ATTEMPT 114 W0 START 4x2 seed=702026 2026-07-22T16:54:30.002
ATTEMPT 114 W0 SOLVE 4x2 2026-07-22T16:54:30.008
ATTEMPT 114 W0 DONE 4x2 seed=702026 nsol=16 0.01s 2026-07-22T16:54:30.019
ATTEMPT 115 W0 START 4x2 seed=702027 2026-07-22T16:54:30.020
ATTEMPT 115 W0 SOLVE 4x2 2026-07-22T16:54:30.027
ATTEMPT 115 W0 DONE 4x2 seed=702027 nsol=16 0.01s 2026-07-22T16:54:30.033
ATTEMPT 116 W0 START 4x2 seed=702028 2026-07-22T16:54:30.034
ATTEMPT 116 W0 SOLVE 4x2 2026-07-22T16:54:30.041
ATTEMPT 116 W0 DONE 4x2 seed=702028 nsol=16 0.00s 2026-07-22T16:54:30.045
ATTEMPT 117 W0 START 4x2 seed=702029 2026-07-22T16:54:30.045
ATTEMPT 117 W0 SOLVE 4x2 2026-07-22T16:54:30.056
ATTEMPT 117 W0 DONE 4x2 seed=702029 nsol=16 0.00s 2026-07-22T16:54:30.065
ATTEMPT 118 W0 START 4x2 seed=702030 2026-07-22T16:54:30.065
ATTEMPT 118 W0 SOLVE 4x2 2026-07-22T16:54:30.075
ATTEMPT 118 W0 DONE 4x2 seed=702030 nsol=16 0.01s 2026-07-22T16:54:30.082
ATTEMPT 119 W0 START 4x2 seed=702031 2026-07-22T16:54:30.082
ATTEMPT 119 W0 SOLVE 4x2 2026-07-22T16:54:30.094
ATTEMPT 119 W0 DONE 4x2 seed=702031 nsol=16 0.01s 2026-07-22T16:54:30.111
ATTEMPT 120 W0 START 4x2 seed=702032 2026-07-22T16:54:30.111
ATTEMPT 120 W0 SOLVE 4x2 2026-07-22T16:54:30.122
ATTEMPT 120 W0 DONE 4x2 seed=702032 nsol=16 0.01s 2026-07-22T16:54:30.137
ATTEMPT 121 W0 START 4x2 seed=702033 2026-07-22T16:54:30.137
ATTEMPT 121 W0 SOLVE 4x2 2026-07-22T16:54:30.152
ATTEMPT 121 W0 DONE 4x2 seed=702033 nsol=16 0.01s 2026-07-22T16:54:30.160
ATTEMPT 122 W0 START 4x2 seed=702034 2026-07-22T16:54:30.160
ATTEMPT 122 W0 SOLVE 4x2 2026-07-22T16:54:30.166
ATTEMPT 122 W0 DONE 4x2 seed=702034 nsol=16 0.02s 2026-07-22T16:54:30.194
ATTEMPT 123 W0 START 4x2 seed=702035 2026-07-22T16:54:30.195
ATTEMPT 123 W0 SOLVE 4x2 2026-07-22T16:54:30.201
ATTEMPT 123 W0 DONE 4x2 seed=702035 nsol=16 0.01s 2026-07-22T16:54:30.214
ATTEMPT 124 W0 START 4x2 seed=702036 2026-07-22T16:54:30.214
ATTEMPT 124 W0 SOLVE 4x2 2026-07-22T16:54:30.228
ATTEMPT 124 W0 DONE 4x2 seed=702036 nsol=16 0.01s 2026-07-22T16:54:30.236
ATTEMPT 125 W0 START 4x2 seed=702037 2026-07-22T16:54:30.236
ATTEMPT 125 W0 SOLVE 4x2 2026-07-22T16:54:30.241
ATTEMPT 125 W0 DONE 4x2 seed=702037 nsol=16 0.02s 2026-07-22T16:54:30.262
ATTEMPT 126 W0 START 4x2 seed=702038 2026-07-22T16:54:30.262
ATTEMPT 126 W0 SOLVE 4x2 2026-07-22T16:54:30.268
ATTEMPT 126 W0 DONE 4x2 seed=702038 nsol=16 0.02s 2026-07-22T16:54:30.286
ATTEMPT 127 W0 START 4x2 seed=702039 2026-07-22T16:54:30.286
ATTEMPT 127 W0 SOLVE 4x2 2026-07-22T16:54:30.296
ATTEMPT 127 W0 DONE 4x2 seed=702039 nsol=16 0.02s 2026-07-22T16:54:30.314
ATTEMPT 128 W0 START 4x2 seed=702040 2026-07-22T16:54:30.314
ATTEMPT 128 W0 SOLVE 4x2 2026-07-22T16:54:30.324
ATTEMPT 128 W0 DONE 4x2 seed=702040 nsol=16 0.01s 2026-07-22T16:54:30.338
ATTEMPT 129 W0 START 4x2 seed=702041 2026-07-22T16:54:30.338
ATTEMPT 129 W0 SOLVE 4x2 2026-07-22T16:54:30.348
ATTEMPT 129 W0 DONE 4x2 seed=702041 nsol=16 0.00s 2026-07-22T16:54:30.358
ATTEMPT 130 W0 START 4x2 seed=702042 2026-07-22T16:54:30.358
ATTEMPT 130 W0 SOLVE 4x2 2026-07-22T16:54:30.367
ATTEMPT 130 W0 DONE 4x2 seed=702042 nsol=16 0.01s 2026-07-22T16:54:30.376
ATTEMPT 131 W0 START 4x2 seed=702043 2026-07-22T16:54:30.376
ATTEMPT 131 W0 SOLVE 4x2 2026-07-22T16:54:30.382
ATTEMPT 131 W0 DONE 4x2 seed=702043 nsol=16 0.02s 2026-07-22T16:54:30.402
ATTEMPT 132 W0 START 4x2 seed=702044 2026-07-22T16:54:30.402
ATTEMPT 132 W0 SOLVE 4x2 2026-07-22T16:54:30.409
ATTEMPT 132 W0 DONE 4x2 seed=702044 nsol=16 0.02s 2026-07-22T16:54:30.434
ATTEMPT 133 W0 START 4x2 seed=702045 2026-07-22T16:54:30.434
ATTEMPT 133 W0 SOLVE 4x2 2026-07-22T16:54:30.441
ATTEMPT 133 W0 DONE 4x2 seed=702045 nsol=16 0.01s 2026-07-22T16:54:30.458
ATTEMPT 134 W0 START 4x2 seed=702046 2026-07-22T16:54:30.458
ATTEMPT 134 W0 SOLVE 4x2 2026-07-22T16:54:30.464
ATTEMPT 134 W0 DONE 4x2 seed=702046 nsol=16 0.02s 2026-07-22T16:54:30.480
ATTEMPT 135 W0 START 4x2 seed=702047 2026-07-22T16:54:30.480
ATTEMPT 135 W0 SOLVE 4x2 2026-07-22T16:54:30.485
ATTEMPT 135 W0 DONE 4x2 seed=702047 nsol=16 0.02s 2026-07-22T16:54:30.503
ATTEMPT 136 W0 START 4x2 seed=702048 2026-07-22T16:54:30.503
ATTEMPT 136 W0 SOLVE 4x2 2026-07-22T16:54:30.515
ATTEMPT 136 W0 DONE 4x2 seed=702048 nsol=16 0.03s 2026-07-22T16:54:30.546
ATTEMPT 137 W0 START 4x2 seed=702049 2026-07-22T16:54:30.546
ATTEMPT 137 W0 SOLVE 4x2 2026-07-22T16:54:30.553
ATTEMPT 137 W0 DONE 4x2 seed=702049 nsol=16 0.02s 2026-07-22T16:54:30.570
ATTEMPT 138 W0 START 4x2 seed=702050 2026-07-22T16:54:30.570
ATTEMPT 138 W0 SOLVE 4x2 2026-07-22T16:54:30.577
ATTEMPT 138 W0 DONE 4x2 seed=702050 nsol=16 0.01s 2026-07-22T16:54:30.587
ATTEMPT 139 W0 START 4x2 seed=702051 2026-07-22T16:54:30.587
ATTEMPT 139 W0 SOLVE 4x2 2026-07-22T16:54:30.592
ATTEMPT 139 W0 DONE 4x2 seed=702051 nsol=16 0.02s 2026-07-22T16:54:30.614
ATTEMPT 140 W0 START 4x2 seed=702052 2026-07-22T16:54:30.614
ATTEMPT 140 W0 SOLVE 4x2 2026-07-22T16:54:30.621
ATTEMPT 140 W0 DONE 4x2 seed=702052 nsol=16 0.02s 2026-07-22T16:54:30.638
ATTEMPT 141 W0 START 4x2 seed=702053 2026-07-22T16:54:30.638
ATTEMPT 141 W0 SOLVE 4x2 2026-07-22T16:54:30.645
ATTEMPT 141 W0 DONE 4x2 seed=702053 nsol=16 0.02s 2026-07-22T16:54:30.662
ATTEMPT 142 W0 START 4x2 seed=702054 2026-07-22T16:54:30.662
ATTEMPT 142 W0 SOLVE 4x2 2026-07-22T16:54:30.669
ATTEMPT 142 W0 DONE 4x2 seed=702054 nsol=16 0.01s 2026-07-22T16:54:30.678
ATTEMPT 143 W0 START 4x2 seed=702055 2026-07-22T16:54:30.678
ATTEMPT 143 W0 SOLVE 4x2 2026-07-22T16:54:30.685
ATTEMPT 143 W0 DONE 4x2 seed=702055 nsol=16 0.02s 2026-07-22T16:54:30.703
ATTEMPT 144 W0 START 4x2 seed=702056 2026-07-22T16:54:30.704
ATTEMPT 144 W0 SOLVE 4x2 2026-07-22T16:54:30.709
ATTEMPT 144 W0 DONE 4x2 seed=702056 nsol=16 0.10s 2026-07-22T16:54:30.807
ATTEMPT 145 W0 START 4x2 seed=702057 2026-07-22T16:54:30.807
ATTEMPT 145 W0 SOLVE 4x2 2026-07-22T16:54:30.822
ATTEMPT 145 W0 DONE 4x2 seed=702057 nsol=16 0.01s 2026-07-22T16:54:30.830
ATTEMPT 146 W0 START 4x2 seed=702058 2026-07-22T16:54:30.830
ATTEMPT 146 W0 SOLVE 4x2 2026-07-22T16:54:30.846
ATTEMPT 146 W0 DONE 4x2 seed=702058 nsol=16 0.01s 2026-07-22T16:54:30.855
ATTEMPT 147 W0 START 4x2 seed=702059 2026-07-22T16:54:30.855
ATTEMPT 147 W0 SOLVE 4x2 2026-07-22T16:54:30.862
ATTEMPT 147 W0 DONE 4x2 seed=702059 nsol=16 0.02s 2026-07-22T16:54:30.890
ATTEMPT 148 W0 START 4x2 seed=702060 2026-07-22T16:54:30.890
ATTEMPT 148 W0 SOLVE 4x2 2026-07-22T16:54:30.897
ATTEMPT 148 W0 DONE 4x2 seed=702060 nsol=16 0.02s 2026-07-22T16:54:30.913
ATTEMPT 149 W0 START 4x2 seed=702061 2026-07-22T16:54:30.913
ATTEMPT 149 W0 SOLVE 4x2 2026-07-22T16:54:30.922
ATTEMPT 149 W0 DONE 4x2 seed=702061 nsol=16 0.04s 2026-07-22T16:54:30.962
ATTEMPT 150 W0 START 4x2 seed=702062 2026-07-22T16:54:30.962
ATTEMPT 150 W0 SOLVE 4x2 2026-07-22T16:54:30.969
ATTEMPT 150 W0 DONE 4x2 seed=702062 nsol=16 0.01s 2026-07-22T16:54:30.987
ATTEMPT 151 W0 START 4x2 seed=702063 2026-07-22T16:54:30.987
ATTEMPT 151 W0 SOLVE 4x2 2026-07-22T16:54:30.998
ATTEMPT 151 W0 DONE 4x2 seed=702063 nsol=16 0.02s 2026-07-22T16:54:31.026
ATTEMPT 152 W0 START 4x2 seed=702064 2026-07-22T16:54:31.026
ATTEMPT 152 W0 SOLVE 4x2 2026-07-22T16:54:31.031
ATTEMPT 152 W0 DONE 4x2 seed=702064 nsol=16 0.01s 2026-07-22T16:54:31.043
ATTEMPT 153 W0 START 4x2 seed=702065 2026-07-22T16:54:31.043
ATTEMPT 153 W0 SOLVE 4x2 2026-07-22T16:54:31.054
ATTEMPT 153 W0 DONE 4x2 seed=702065 nsol=16 0.02s 2026-07-22T16:54:31.077
ATTEMPT 154 W0 START 4x2 seed=702066 2026-07-22T16:54:31.077
ATTEMPT 154 W0 SOLVE 4x2 2026-07-22T16:54:31.087
ATTEMPT 154 W0 DONE 4x2 seed=702066 nsol=16 0.01s 2026-07-22T16:54:31.095
ATTEMPT 155 W0 START 4x2 seed=702067 2026-07-22T16:54:31.095
ATTEMPT 155 W0 SOLVE 4x2 2026-07-22T16:54:31.107
ATTEMPT 155 W0 DONE 4x2 seed=702067 nsol=16 0.03s 2026-07-22T16:54:31.139
ATTEMPT 156 W0 START 4x2 seed=702068 2026-07-22T16:54:31.139
ATTEMPT 156 W0 SOLVE 4x2 2026-07-22T16:54:31.148
ATTEMPT 156 W0 DONE 4x2 seed=702068 nsol=16 0.01s 2026-07-22T16:54:31.162
ATTEMPT 157 W0 START 4x2 seed=702069 2026-07-22T16:54:31.163
ATTEMPT 157 W0 SOLVE 4x2 2026-07-22T16:54:31.177
ATTEMPT 157 W0 DONE 4x2 seed=702069 nsol=16 0.02s 2026-07-22T16:54:31.201
ATTEMPT 158 W0 START 4x2 seed=702070 2026-07-22T16:54:31.203
ATTEMPT 158 W0 SOLVE 4x2 2026-07-22T16:54:31.216
ATTEMPT 158 W0 DONE 4x2 seed=702070 nsol=16 0.02s 2026-07-22T16:54:31.234
ATTEMPT 159 W0 START 4x2 seed=702071 2026-07-22T16:54:31.234
ATTEMPT 159 W0 SOLVE 4x2 2026-07-22T16:54:31.248
ATTEMPT 159 W0 DONE 4x2 seed=702071 nsol=16 0.02s 2026-07-22T16:54:31.270
ATTEMPT 160 W0 START 4x2 seed=702072 2026-07-22T16:54:31.271
ATTEMPT 160 W0 SOLVE 4x2 2026-07-22T16:54:31.276
ATTEMPT 160 W0 DONE 4x2 seed=702072 nsol=16 0.01s 2026-07-22T16:54:31.290
ATTEMPT 161 W0 START 4x2 seed=702073 2026-07-22T16:54:31.290
ATTEMPT 161 W0 SOLVE 4x2 2026-07-22T16:54:31.300
ATTEMPT 161 W0 DONE 4x2 seed=702073 nsol=16 0.02s 2026-07-22T16:54:31.326
ATTEMPT 162 W0 START 4x2 seed=702074 2026-07-22T16:54:31.326
ATTEMPT 162 W0 SOLVE 4x2 2026-07-22T16:54:31.336
ATTEMPT 162 W0 DONE 4x2 seed=702074 nsol=16 0.01s 2026-07-22T16:54:31.353
ATTEMPT 163 W0 START 4x2 seed=702075 2026-07-22T16:54:31.354
ATTEMPT 163 W0 SOLVE 4x2 2026-07-22T16:54:31.364
ATTEMPT 163 W0 DONE 4x2 seed=702075 nsol=16 0.02s 2026-07-22T16:54:31.386
ATTEMPT 164 W0 START 4x2 seed=702076 2026-07-22T16:54:31.386
ATTEMPT 164 W0 SOLVE 4x2 2026-07-22T16:54:31.396
ATTEMPT 164 W0 DONE 4x2 seed=702076 nsol=16 0.01s 2026-07-22T16:54:31.410
ATTEMPT 165 W0 START 4x2 seed=702077 2026-07-22T16:54:31.412
ATTEMPT 165 W0 SOLVE 4x2 2026-07-22T16:54:31.435
ATTEMPT 165 W0 DONE 4x2 seed=702077 nsol=16 0.01s 2026-07-22T16:54:31.443
ATTEMPT 166 W0 START 4x2 seed=702078 2026-07-22T16:54:31.443
ATTEMPT 166 W0 SOLVE 4x2 2026-07-22T16:54:31.453
ATTEMPT 166 W0 DONE 4x2 seed=702078 nsol=16 0.03s 2026-07-22T16:54:31.490
ATTEMPT 167 W0 START 4x2 seed=702079 2026-07-22T16:54:31.490
ATTEMPT 167 W0 SOLVE 4x2 2026-07-22T16:54:31.500
ATTEMPT 167 W0 DONE 4x2 seed=702079 nsol=16 0.03s 2026-07-22T16:54:31.530
ATTEMPT 168 W0 START 4x2 seed=702080 2026-07-22T16:54:31.530
ATTEMPT 168 W0 SOLVE 4x2 2026-07-22T16:54:31.554
ATTEMPT 168 W0 DONE 4x2 seed=702080 nsol=16 0.00s 2026-07-22T16:54:31.559
ATTEMPT 169 W0 START 4x2 seed=702081 2026-07-22T16:54:31.559
ATTEMPT 169 W0 SOLVE 4x2 2026-07-22T16:54:31.572
ATTEMPT 169 W0 DONE 4x2 seed=702081 nsol=16 0.02s 2026-07-22T16:54:31.598
ATTEMPT 170 W0 START 4x2 seed=702082 2026-07-22T16:54:31.599
ATTEMPT 170 W0 SOLVE 4x2 2026-07-22T16:54:31.613
ATTEMPT 170 W0 DONE 4x2 seed=702082 nsol=16 0.01s 2026-07-22T16:54:31.628
ATTEMPT 171 W0 START 4x2 seed=702083 2026-07-22T16:54:31.628
ATTEMPT 171 W0 SOLVE 4x2 2026-07-22T16:54:31.637
ATTEMPT 171 W0 DONE 4x2 seed=702083 nsol=16 0.03s 2026-07-22T16:54:31.678
ATTEMPT 172 W0 START 4x2 seed=702084 2026-07-22T16:54:31.678
ATTEMPT 172 W0 SOLVE 4x2 2026-07-22T16:54:31.685
ATTEMPT 172 W0 DONE 4x2 seed=702084 nsol=16 0.01s 2026-07-22T16:54:31.706
ATTEMPT 173 W0 START 4x2 seed=702085 2026-07-22T16:54:31.706
ATTEMPT 173 W0 SOLVE 4x2 2026-07-22T16:54:31.715
ATTEMPT 173 W0 DONE 4x2 seed=702085 nsol=16 0.02s 2026-07-22T16:54:31.738
ATTEMPT 174 W0 START 4x2 seed=702086 2026-07-22T16:54:31.738
ATTEMPT 174 W0 SOLVE 4x2 2026-07-22T16:54:31.747
ATTEMPT 174 W0 DONE 4x2 seed=702086 nsol=16 0.02s 2026-07-22T16:54:31.769
ATTEMPT 175 W0 START 4x2 seed=702087 2026-07-22T16:54:31.769
ATTEMPT 175 W0 SOLVE 4x2 2026-07-22T16:54:31.786
ATTEMPT 175 W0 DONE 4x2 seed=702087 nsol=16 0.02s 2026-07-22T16:54:31.803
ATTEMPT 176 W0 START 4x2 seed=702088 2026-07-22T16:54:31.803
ATTEMPT 176 W0 SOLVE 4x2 2026-07-22T16:54:31.826
ATTEMPT 176 W0 DONE 4x2 seed=702088 nsol=16 0.04s 2026-07-22T16:54:31.862
ATTEMPT 177 W0 START 4x2 seed=702089 2026-07-22T16:54:31.862
ATTEMPT 177 W0 SOLVE 4x2 2026-07-22T16:54:31.877
ATTEMPT 177 W0 DONE 4x2 seed=702089 nsol=16 0.02s 2026-07-22T16:54:31.905
ATTEMPT 178 W0 START 4x2 seed=702090 2026-07-22T16:54:31.905
ATTEMPT 178 W0 SOLVE 4x2 2026-07-22T16:54:31.927
ATTEMPT 178 W0 DONE 4x2 seed=702090 nsol=16 0.02s 2026-07-22T16:54:31.950
ATTEMPT 179 W0 START 4x2 seed=702091 2026-07-22T16:54:31.950
ATTEMPT 179 W0 SOLVE 4x2 2026-07-22T16:54:31.960
ATTEMPT 179 W0 DONE 4x2 seed=702091 nsol=16 0.01s 2026-07-22T16:54:31.974
ATTEMPT 180 W0 START 4x2 seed=702092 2026-07-22T16:54:31.975
ATTEMPT 180 W0 SOLVE 4x2 2026-07-22T16:54:31.985
ATTEMPT 180 W0 DONE 4x2 seed=702092 nsol=16 0.02s 2026-07-22T16:54:32.005
ATTEMPT 181 W0 START 4x2 seed=702093 2026-07-22T16:54:32.006
ATTEMPT 181 W0 SOLVE 4x2 2026-07-22T16:54:32.017
ATTEMPT 181 W0 DONE 4x2 seed=702093 nsol=16 0.02s 2026-07-22T16:54:32.046
ATTEMPT 182 W0 START 4x2 seed=702094 2026-07-22T16:54:32.046
ATTEMPT 182 W0 SOLVE 4x2 2026-07-22T16:54:32.052
ATTEMPT 182 W0 DONE 4x2 seed=702094 nsol=16 0.01s 2026-07-22T16:54:32.067
ATTEMPT 183 W0 START 4x2 seed=702095 2026-07-22T16:54:32.067
ATTEMPT 183 W0 SOLVE 4x2 2026-07-22T16:54:32.078
ATTEMPT 183 W0 DONE 4x2 seed=702095 nsol=16 0.03s 2026-07-22T16:54:32.110
ATTEMPT 184 W0 START 4x2 seed=702096 2026-07-22T16:54:32.110
ATTEMPT 184 W0 SOLVE 4x2 2026-07-22T16:54:32.115
ATTEMPT 184 W0 DONE 4x2 seed=702096 nsol=16 0.02s 2026-07-22T16:54:32.133
ATTEMPT 185 W0 START 4x2 seed=702097 2026-07-22T16:54:32.134
ATTEMPT 185 W0 SOLVE 4x2 2026-07-22T16:54:32.141
ATTEMPT 185 W0 DONE 4x2 seed=702097 nsol=16 0.03s 2026-07-22T16:54:32.166
ATTEMPT 186 W0 START 4x2 seed=702098 2026-07-22T16:54:32.166
ATTEMPT 186 W0 SOLVE 4x2 2026-07-22T16:54:32.173
ATTEMPT 186 W0 DONE 4x2 seed=702098 nsol=16 0.02s 2026-07-22T16:54:32.195
ATTEMPT 187 W0 START 4x2 seed=702099 2026-07-22T16:54:32.196
ATTEMPT 187 W0 SOLVE 4x2 2026-07-22T16:54:32.201
ATTEMPT 187 W0 DONE 4x2 seed=702099 nsol=16 0.01s 2026-07-22T16:54:32.208
ATTEMPT 188 W0 START 4x2 seed=702100 2026-07-22T16:54:32.208
ATTEMPT 188 W0 SOLVE 4x2 2026-07-22T16:54:32.214
ATTEMPT 188 W0 DONE 4x2 seed=702100 nsol=16 0.01s 2026-07-22T16:54:32.221
ATTEMPT 189 W0 START 4x2 seed=702101 2026-07-22T16:54:32.222
ATTEMPT 189 W0 SOLVE 4x2 2026-07-22T16:54:32.228
ATTEMPT 189 W0 DONE 4x2 seed=702101 nsol=16 0.02s 2026-07-22T16:54:32.250
ATTEMPT 190 W0 START 4x2 seed=702102 2026-07-22T16:54:32.251
ATTEMPT 190 W0 SOLVE 4x2 2026-07-22T16:54:32.257
ATTEMPT 190 W0 DONE 4x2 seed=702102 nsol=16 0.01s 2026-07-22T16:54:32.270
ATTEMPT 191 W0 START 4x2 seed=702103 2026-07-22T16:54:32.270
ATTEMPT 191 W0 SOLVE 4x2 2026-07-22T16:54:32.276
ATTEMPT 191 W0 DONE 4x2 seed=702103 nsol=16 0.01s 2026-07-22T16:54:32.283
ATTEMPT 192 W0 START 4x2 seed=702104 2026-07-22T16:54:32.284
ATTEMPT 192 W0 SOLVE 4x2 2026-07-22T16:54:32.291
ATTEMPT 192 W0 DONE 4x2 seed=702104 nsol=16 0.02s 2026-07-22T16:54:32.313
ATTEMPT 193 W0 START 4x2 seed=702105 2026-07-22T16:54:32.314
ATTEMPT 193 W0 SOLVE 4x2 2026-07-22T16:54:32.319
ATTEMPT 193 W0 DONE 4x2 seed=702105 nsol=16 0.01s 2026-07-22T16:54:32.327
ATTEMPT 194 W0 START 4x2 seed=702106 2026-07-22T16:54:32.327
ATTEMPT 194 W0 SOLVE 4x2 2026-07-22T16:54:32.333
ATTEMPT 194 W0 DONE 4x2 seed=702106 nsol=16 0.03s 2026-07-22T16:54:32.358
ATTEMPT 195 W0 START 4x2 seed=702107 2026-07-22T16:54:32.358
ATTEMPT 195 W0 SOLVE 4x2 2026-07-22T16:54:32.366
ATTEMPT 195 W0 DONE 4x2 seed=702107 nsol=16 0.02s 2026-07-22T16:54:32.383
ATTEMPT 196 W0 START 4x2 seed=702108 2026-07-22T16:54:32.384
ATTEMPT 196 W0 SOLVE 4x2 2026-07-22T16:54:32.390
ATTEMPT 196 W0 DONE 4x2 seed=702108 nsol=16 0.01s 2026-07-22T16:54:32.397
ATTEMPT 197 W0 START 4x2 seed=702109 2026-07-22T16:54:32.397
ATTEMPT 197 W0 SOLVE 4x2 2026-07-22T16:54:32.405
ATTEMPT 197 W0 DONE 4x2 seed=702109 nsol=16 0.01s 2026-07-22T16:54:32.414
ATTEMPT 198 W0 START 4x2 seed=702110 2026-07-22T16:54:32.414
ATTEMPT 198 W0 SOLVE 4x2 2026-07-22T16:54:32.430
ATTEMPT 198 W0 DONE 4x2 seed=702110 nsol=16 0.02s 2026-07-22T16:54:32.450
ATTEMPT 199 W0 START 4x2 seed=702111 2026-07-22T16:54:32.450
ATTEMPT 199 W0 SOLVE 4x2 2026-07-22T16:54:32.455
ATTEMPT 199 W0 DONE 4x2 seed=702111 nsol=16 0.10s 2026-07-22T16:54:32.559
ATTEMPT 200 W0 START 4x2 seed=702112 2026-07-22T16:54:32.559
ATTEMPT 200 W0 SOLVE 4x2 2026-07-22T16:54:32.569
ATTEMPT 200 W0 DONE 4x2 seed=702112 nsol=16 0.01s 2026-07-22T16:54:32.581
ATTEMPT 201 W0 START 4x2 seed=702113 2026-07-22T16:54:32.581
ATTEMPT 201 W0 SOLVE 4x2 2026-07-22T16:54:32.595
ATTEMPT 201 W0 DONE 4x2 seed=702113 nsol=16 0.01s 2026-07-22T16:54:32.605
ATTEMPT 202 W0 START 4x2 seed=702114 2026-07-22T16:54:32.605
ATTEMPT 202 W0 SOLVE 4x2 2026-07-22T16:54:32.611
ATTEMPT 202 W0 DONE 4x2 seed=702114 nsol=16 0.02s 2026-07-22T16:54:32.635
ATTEMPT 203 W0 START 4x2 seed=702115 2026-07-22T16:54:32.635
ATTEMPT 203 W0 SOLVE 4x2 2026-07-22T16:54:32.643
ATTEMPT 203 W0 DONE 4x2 seed=702115 nsol=16 0.02s 2026-07-22T16:54:32.662
ATTEMPT 204 W0 START 4x2 seed=702116 2026-07-22T16:54:32.662
ATTEMPT 204 W0 SOLVE 4x2 2026-07-22T16:54:32.673
ATTEMPT 204 W0 DONE 4x2 seed=702116 nsol=16 0.01s 2026-07-22T16:54:32.684
ATTEMPT 205 W0 START 4x2 seed=702117 2026-07-22T16:54:32.684
ATTEMPT 205 W0 SOLVE 4x2 2026-07-22T16:54:32.702
ATTEMPT 205 W0 DONE 4x2 seed=702117 nsol=16 0.02s 2026-07-22T16:54:32.721
ATTEMPT 206 W0 START 4x2 seed=702118 2026-07-22T16:54:32.721
ATTEMPT 206 W0 SOLVE 4x2 2026-07-22T16:54:32.747
ATTEMPT 206 W0 DONE 4x2 seed=702118 nsol=16 0.02s 2026-07-22T16:54:32.766
ATTEMPT 207 W0 START 4x2 seed=702119 2026-07-22T16:54:32.766
ATTEMPT 207 W0 SOLVE 4x2 2026-07-22T16:54:32.781
ATTEMPT 207 W0 DONE 4x2 seed=702119 nsol=16 0.02s 2026-07-22T16:54:32.803
ATTEMPT 208 W0 START 4x2 seed=702120 2026-07-22T16:54:32.803
ATTEMPT 208 W0 SOLVE 4x2 2026-07-22T16:54:32.813
ATTEMPT 208 W0 DONE 4x2 seed=702120 nsol=16 0.01s 2026-07-22T16:54:32.829
ATTEMPT 209 W0 START 4x2 seed=702121 2026-07-22T16:54:32.829
ATTEMPT 209 W0 SOLVE 4x2 2026-07-22T16:54:32.840
ATTEMPT 209 W0 DONE 4x2 seed=702121 nsol=16 0.01s 2026-07-22T16:54:32.854
ATTEMPT 210 W0 START 4x2 seed=702122 2026-07-22T16:54:32.854
ATTEMPT 210 W0 SOLVE 4x2 2026-07-22T16:54:32.866
ATTEMPT 210 W0 DONE 4x2 seed=702122 nsol=16 0.02s 2026-07-22T16:54:32.886
ATTEMPT 211 W0 START 4x2 seed=702123 2026-07-22T16:54:32.886
ATTEMPT 211 W0 SOLVE 4x2 2026-07-22T16:54:32.895
ATTEMPT 211 W0 DONE 4x2 seed=702123 nsol=16 0.00s 2026-07-22T16:54:32.905
ATTEMPT 212 W0 START 4x2 seed=702124 2026-07-22T16:54:32.905
ATTEMPT 212 W0 SOLVE 4x2 2026-07-22T16:54:32.918
ATTEMPT 212 W0 DONE 4x2 seed=702124 nsol=16 0.01s 2026-07-22T16:54:32.930
ATTEMPT 213 W0 START 4x2 seed=702125 2026-07-22T16:54:32.931
ATTEMPT 213 W0 SOLVE 4x2 2026-07-22T16:54:32.944
ATTEMPT 213 W0 DONE 4x2 seed=702125 nsol=16 0.01s 2026-07-22T16:54:32.957
ATTEMPT 214 W0 START 4x2 seed=702126 2026-07-22T16:54:32.957
ATTEMPT 214 W0 SOLVE 4x2 2026-07-22T16:54:32.967
ATTEMPT 214 W0 DONE 4x2 seed=702126 nsol=16 0.02s 2026-07-22T16:54:32.990
ATTEMPT 215 W0 START 4x2 seed=702127 2026-07-22T16:54:32.990
ATTEMPT 215 W0 SOLVE 4x2 2026-07-22T16:54:32.996
ATTEMPT 215 W0 DONE 4x2 seed=702127 nsol=16 0.01s 2026-07-22T16:54:33.010
ATTEMPT 216 W0 START 4x2 seed=702128 2026-07-22T16:54:33.010
ATTEMPT 216 W0 SOLVE 4x2 2026-07-22T16:54:33.015
ATTEMPT 216 W0 DONE 4x2 seed=702128 nsol=16 0.01s 2026-07-22T16:54:33.030
ATTEMPT 217 W0 START 4x2 seed=702129 2026-07-22T16:54:33.030
ATTEMPT 217 W0 SOLVE 4x2 2026-07-22T16:54:33.037
ATTEMPT 217 W0 DONE 4x2 seed=702129 nsol=16 0.01s 2026-07-22T16:54:33.051
ATTEMPT 218 W0 START 4x2 seed=702130 2026-07-22T16:54:33.052
ATTEMPT 218 W0 SOLVE 4x2 2026-07-22T16:54:33.058
ATTEMPT 218 W0 DONE 4x2 seed=702130 nsol=16 0.01s 2026-07-22T16:54:33.065
ATTEMPT 219 W0 START 4x2 seed=702131 2026-07-22T16:54:33.065
ATTEMPT 219 W0 SOLVE 4x2 2026-07-22T16:54:33.070
ATTEMPT 219 W0 DONE 4x2 seed=702131 nsol=16 0.02s 2026-07-22T16:54:33.086
ATTEMPT 220 W0 START 4x2 seed=702132 2026-07-22T16:54:33.086
ATTEMPT 220 W0 SOLVE 4x2 2026-07-22T16:54:33.091
ATTEMPT 220 W0 DONE 4x2 seed=702132 nsol=16 0.02s 2026-07-22T16:54:33.116
ATTEMPT 221 W0 START 4x2 seed=702133 2026-07-22T16:54:33.116
ATTEMPT 221 W0 SOLVE 4x2 2026-07-22T16:54:33.123
ATTEMPT 221 W0 DONE 4x2 seed=702133 nsol=16 0.01s 2026-07-22T16:54:33.130
ATTEMPT 222 W0 START 4x2 seed=702134 2026-07-22T16:54:33.130
ATTEMPT 222 W0 SOLVE 4x2 2026-07-22T16:54:33.137
ATTEMPT 222 W0 DONE 4x2 seed=702134 nsol=16 0.02s 2026-07-22T16:54:33.154
ATTEMPT 223 W0 START 4x2 seed=702135 2026-07-22T16:54:33.154
ATTEMPT 223 W0 SOLVE 4x2 2026-07-22T16:54:33.161
ATTEMPT 223 W0 DONE 4x2 seed=702135 nsol=16 0.01s 2026-07-22T16:54:33.174
ATTEMPT 224 W0 START 4x2 seed=702136 2026-07-22T16:54:33.174
ATTEMPT 224 W0 SOLVE 4x2 2026-07-22T16:54:33.179
ATTEMPT 224 W0 DONE 4x2 seed=702136 nsol=16 0.01s 2026-07-22T16:54:33.186
ATTEMPT 225 W0 START 4x2 seed=702137 2026-07-22T16:54:33.186
ATTEMPT 225 W0 SOLVE 4x2 2026-07-22T16:54:33.191
ATTEMPT 225 W0 DONE 4x2 seed=702137 nsol=16 0.01s 2026-07-22T16:54:33.202
ATTEMPT 226 W0 START 4x2 seed=702138 2026-07-22T16:54:33.202
ATTEMPT 226 W0 SOLVE 4x2 2026-07-22T16:54:33.208
ATTEMPT 226 W0 DONE 4x2 seed=702138 nsol=16 0.01s 2026-07-22T16:54:33.222
ATTEMPT 227 W0 START 4x2 seed=702139 2026-07-22T16:54:33.222
ATTEMPT 227 W0 SOLVE 4x2 2026-07-22T16:54:33.227
ATTEMPT 227 W0 DONE 4x2 seed=702139 nsol=16 0.01s 2026-07-22T16:54:33.242
ATTEMPT 228 W0 START 4x2 seed=702140 2026-07-22T16:54:33.242
ATTEMPT 228 W0 SOLVE 4x2 2026-07-22T16:54:33.248
ATTEMPT 228 W0 DONE 4x2 seed=702140 nsol=16 0.02s 2026-07-22T16:54:33.266
ATTEMPT 229 W0 START 4x2 seed=702141 2026-07-22T16:54:33.266
ATTEMPT 229 W0 SOLVE 4x2 2026-07-22T16:54:33.273
ATTEMPT 229 W0 DONE 4x2 seed=702141 nsol=16 0.01s 2026-07-22T16:54:33.286
ATTEMPT 230 W0 START 4x2 seed=702142 2026-07-22T16:54:33.286
ATTEMPT 230 W0 SOLVE 4x2 2026-07-22T16:54:33.291
ATTEMPT 230 W0 DONE 4x2 seed=702142 nsol=16 0.01s 2026-07-22T16:54:33.306
ATTEMPT 231 W0 START 4x2 seed=702143 2026-07-22T16:54:33.306
ATTEMPT 231 W0 SOLVE 4x2 2026-07-22T16:54:33.313
ATTEMPT 231 W0 DONE 4x2 seed=702143 nsol=16 0.02s 2026-07-22T16:54:33.329
ATTEMPT 232 W0 START 4x2 seed=702144 2026-07-22T16:54:33.329
ATTEMPT 232 W0 SOLVE 4x2 2026-07-22T16:54:33.336
ATTEMPT 232 W0 DONE 4x2 seed=702144 nsol=16 0.01s 2026-07-22T16:54:33.350
ATTEMPT 233 W0 START 4x2 seed=702145 2026-07-22T16:54:33.350
ATTEMPT 233 W0 SOLVE 4x2 2026-07-22T16:54:33.357
ATTEMPT 233 W0 DONE 4x2 seed=702145 nsol=16 0.01s 2026-07-22T16:54:33.370
ATTEMPT 234 W0 START 4x2 seed=702146 2026-07-22T16:54:33.370
ATTEMPT 234 W0 SOLVE 4x2 2026-07-22T16:54:33.377
ATTEMPT 234 W0 DONE 4x2 seed=702146 nsol=16 0.01s 2026-07-22T16:54:33.390
ATTEMPT 235 W0 START 4x2 seed=702147 2026-07-22T16:54:33.390
ATTEMPT 235 W0 SOLVE 4x2 2026-07-22T16:54:33.398
ATTEMPT 235 W0 DONE 4x2 seed=702147 nsol=16 0.03s 2026-07-22T16:54:33.426
ATTEMPT 236 W0 START 4x2 seed=702148 2026-07-22T16:54:33.426
ATTEMPT 236 W0 SOLVE 4x2 2026-07-22T16:54:33.431
ATTEMPT 236 W0 DONE 4x2 seed=702148 nsol=16 0.01s 2026-07-22T16:54:33.446
ATTEMPT 237 W0 START 4x2 seed=702149 2026-07-22T16:54:33.446
ATTEMPT 237 W0 SOLVE 4x2 2026-07-22T16:54:33.452
ATTEMPT 237 W0 DONE 4x2 seed=702149 nsol=16 0.01s 2026-07-22T16:54:33.466
ATTEMPT 238 W0 START 4x2 seed=702150 2026-07-22T16:54:33.466
ATTEMPT 238 W0 SOLVE 4x2 2026-07-22T16:54:33.472
ATTEMPT 238 W0 DONE 4x2 seed=702150 nsol=16 0.01s 2026-07-22T16:54:33.486
ATTEMPT 239 W0 START 4x2 seed=702151 2026-07-22T16:54:33.486
ATTEMPT 239 W0 SOLVE 4x2 2026-07-22T16:54:33.491
ATTEMPT 239 W0 DONE 4x2 seed=702151 nsol=16 0.01s 2026-07-22T16:54:33.498
ATTEMPT 240 W0 START 4x2 seed=702152 2026-07-22T16:54:33.498
ATTEMPT 240 W0 SOLVE 4x2 2026-07-22T16:54:33.504
ATTEMPT 240 W0 DONE 4x2 seed=702152 nsol=16 0.02s 2026-07-22T16:54:33.526
ATTEMPT 241 W0 START 4x2 seed=702153 2026-07-22T16:54:33.526
ATTEMPT 241 W0 SOLVE 4x2 2026-07-22T16:54:33.531
ATTEMPT 241 W0 DONE 4x2 seed=702153 nsol=16 0.01s 2026-07-22T16:54:33.538
ATTEMPT 242 W0 START 4x2 seed=702154 2026-07-22T16:54:33.538
ATTEMPT 242 W0 SOLVE 4x2 2026-07-22T16:54:33.545
ATTEMPT 242 W0 DONE 4x2 seed=702154 nsol=16 0.12s 2026-07-22T16:54:33.662
ATTEMPT 243 W0 START 4x2 seed=702155 2026-07-22T16:54:33.662
ATTEMPT 243 W0 SOLVE 4x2 2026-07-22T16:54:33.672
ATTEMPT 243 W0 DONE 4x2 seed=702155 nsol=16 0.02s 2026-07-22T16:54:33.702
ATTEMPT 244 W0 START 4x2 seed=702156 2026-07-22T16:54:33.702
ATTEMPT 244 W0 SOLVE 4x2 2026-07-22T16:54:33.709
ATTEMPT 244 W0 DONE 4x2 seed=702156 nsol=16 0.02s 2026-07-22T16:54:33.729
ATTEMPT 245 W0 START 4x2 seed=702157 2026-07-22T16:54:33.729
ATTEMPT 245 W0 SOLVE 4x2 2026-07-22T16:54:33.735
ATTEMPT 245 W0 DONE 4x2 seed=702157 nsol=16 0.02s 2026-07-22T16:54:33.750
ATTEMPT 246 W0 START 4x2 seed=702158 2026-07-22T16:54:33.750
ATTEMPT 246 W0 SOLVE 4x2 2026-07-22T16:54:33.756
ATTEMPT 246 W0 DONE 4x2 seed=702158 nsol=16 0.01s 2026-07-22T16:54:33.764
ATTEMPT 247 W0 START 4x2 seed=702159 2026-07-22T16:54:33.765
ATTEMPT 247 W0 SOLVE 4x2 2026-07-22T16:54:33.770
ATTEMPT 247 W0 DONE 4x2 seed=702159 nsol=16 0.01s 2026-07-22T16:54:33.776
ATTEMPT 248 W0 START 4x2 seed=702160 2026-07-22T16:54:33.776
ATTEMPT 248 W0 SOLVE 4x2 2026-07-22T16:54:33.781
ATTEMPT 248 W0 DONE 4x2 seed=702160 nsol=16 0.02s 2026-07-22T16:54:33.806
ATTEMPT 249 W0 START 4x2 seed=702161 2026-07-22T16:54:33.806
ATTEMPT 249 W0 SOLVE 4x2 2026-07-22T16:54:33.812
ATTEMPT 249 W0 DONE 4x2 seed=702161 nsol=16 0.02s 2026-07-22T16:54:33.830
ATTEMPT 250 W0 START 4x2 seed=702162 2026-07-22T16:54:33.830
ATTEMPT 250 W0 SOLVE 4x2 2026-07-22T16:54:33.835
ATTEMPT 250 W0 DONE 4x2 seed=702162 nsol=16 0.01s 2026-07-22T16:54:33.841
ATTEMPT 251 W0 START 4x2 seed=702163 2026-07-22T16:54:33.841
ATTEMPT 251 W0 SOLVE 4x2 2026-07-22T16:54:33.848
ATTEMPT 251 W0 DONE 4x2 seed=702163 nsol=16 0.02s 2026-07-22T16:54:33.866
ATTEMPT 252 W0 START 4x2 seed=702164 2026-07-22T16:54:33.866
ATTEMPT 252 W0 SOLVE 4x2 2026-07-22T16:54:33.871
ATTEMPT 252 W0 DONE 4x2 seed=702164 nsol=16 0.01s 2026-07-22T16:54:33.878
ATTEMPT 253 W0 START 4x2 seed=702165 2026-07-22T16:54:33.878
ATTEMPT 253 W0 SOLVE 4x2 2026-07-22T16:54:33.883
ATTEMPT 253 W0 DONE 4x2 seed=702165 nsol=16 0.01s 2026-07-22T16:54:33.897
ATTEMPT 254 W0 START 4x2 seed=702166 2026-07-22T16:54:33.898
ATTEMPT 254 W0 SOLVE 4x2 2026-07-22T16:54:33.903
ATTEMPT 254 W0 DONE 4x2 seed=702166 nsol=16 0.01s 2026-07-22T16:54:33.909
ATTEMPT 255 W0 START 4x2 seed=702167 2026-07-22T16:54:33.909
ATTEMPT 255 W0 SOLVE 4x2 2026-07-22T16:54:33.915
ATTEMPT 255 W0 DONE 4x2 seed=702167 nsol=16 0.01s 2026-07-22T16:54:33.924
ATTEMPT 256 W0 START 4x2 seed=702168 2026-07-22T16:54:33.924
ATTEMPT 256 W0 SOLVE 4x2 2026-07-22T16:54:33.929
ATTEMPT 256 W0 DONE 4x2 seed=702168 nsol=16 0.01s 2026-07-22T16:54:33.936
ATTEMPT 257 W0 START 4x2 seed=702169 2026-07-22T16:54:33.936
ATTEMPT 257 W0 SOLVE 4x2 2026-07-22T16:54:33.941
ATTEMPT 257 W0 DONE 4x2 seed=702169 nsol=16 0.01s 2026-07-22T16:54:33.953
ATTEMPT 258 W0 START 4x2 seed=702170 2026-07-22T16:54:33.953
ATTEMPT 258 W0 SOLVE 4x2 2026-07-22T16:54:33.959
ATTEMPT 258 W0 DONE 4x2 seed=702170 nsol=16 0.01s 2026-07-22T16:54:33.965
ATTEMPT 259 W0 START 4x2 seed=702171 2026-07-22T16:54:33.965
ATTEMPT 259 W0 SOLVE 4x2 2026-07-22T16:54:33.971
ATTEMPT 259 W0 DONE 4x2 seed=702171 nsol=16 0.01s 2026-07-22T16:54:33.984
ATTEMPT 260 W0 START 4x2 seed=702172 2026-07-22T16:54:33.984
ATTEMPT 260 W0 SOLVE 4x2 2026-07-22T16:54:34.006
ATTEMPT 260 W0 DONE 4x2 seed=702172 nsol=16 0.02s 2026-07-22T16:54:34.026
ATTEMPT 261 W0 START 4x2 seed=702173 2026-07-22T16:54:34.026
ATTEMPT 261 W0 SOLVE 4x2 2026-07-22T16:54:34.041
ATTEMPT 261 W0 DONE 4x2 seed=702173 nsol=16 0.01s 2026-07-22T16:54:34.057
ATTEMPT 262 W0 START 4x2 seed=702174 2026-07-22T16:54:34.057
ATTEMPT 262 W0 SOLVE 4x2 2026-07-22T16:54:34.062
ATTEMPT 262 W0 DONE 4x2 seed=702174 nsol=16 0.02s 2026-07-22T16:54:34.090
ATTEMPT 263 W0 START 4x2 seed=702175 2026-07-22T16:54:34.090
ATTEMPT 263 W0 SOLVE 4x2 2026-07-22T16:54:34.095
ATTEMPT 263 W0 DONE 4x2 seed=702175 nsol=16 0.01s 2026-07-22T16:54:34.110
ATTEMPT 264 W0 START 4x2 seed=702176 2026-07-22T16:54:34.110
ATTEMPT 264 W0 SOLVE 4x2 2026-07-22T16:54:34.119
ATTEMPT 264 W0 DONE 4x2 seed=702176 nsol=16 0.01s 2026-07-22T16:54:34.133
ATTEMPT 265 W0 START 4x2 seed=702177 2026-07-22T16:54:34.133
ATTEMPT 265 W0 SOLVE 4x2 2026-07-22T16:54:34.147
ATTEMPT 265 W0 DONE 4x2 seed=702177 nsol=16 0.02s 2026-07-22T16:54:34.170
ATTEMPT 266 W0 START 4x2 seed=702178 2026-07-22T16:54:34.170
ATTEMPT 266 W0 SOLVE 4x2 2026-07-22T16:54:34.176
ATTEMPT 266 W0 DONE 4x2 seed=702178 nsol=16 0.01s 2026-07-22T16:54:34.190
ATTEMPT 267 W0 START 4x2 seed=702179 2026-07-22T16:54:34.190
ATTEMPT 267 W0 SOLVE 4x2 2026-07-22T16:54:34.199
ATTEMPT 267 W0 DONE 4x2 seed=702179 nsol=16 0.01s 2026-07-22T16:54:34.214
ATTEMPT 268 W0 START 4x2 seed=702180 2026-07-22T16:54:34.214
ATTEMPT 268 W0 SOLVE 4x2 2026-07-22T16:54:34.229
ATTEMPT 268 W0 DONE 4x2 seed=702180 nsol=16 0.02s 2026-07-22T16:54:34.246
ATTEMPT 269 W0 START 4x2 seed=702181 2026-07-22T16:54:34.246
ATTEMPT 269 W0 SOLVE 4x2 2026-07-22T16:54:34.254
ATTEMPT 269 W0 DONE 4x2 seed=702181 nsol=16 0.01s 2026-07-22T16:54:34.261
ATTEMPT 270 W0 START 4x2 seed=702182 2026-07-22T16:54:34.261
ATTEMPT 270 W0 SOLVE 4x2 2026-07-22T16:54:34.266
ATTEMPT 270 W0 DONE 4x2 seed=702182 nsol=16 0.01s 2026-07-22T16:54:34.273
ATTEMPT 271 W0 START 4x2 seed=702183 2026-07-22T16:54:34.273
ATTEMPT 271 W0 SOLVE 4x2 2026-07-22T16:54:34.281
ATTEMPT 271 W0 DONE 4x2 seed=702183 nsol=16 0.03s 2026-07-22T16:54:34.306
ATTEMPT 272 W0 START 4x2 seed=702184 2026-07-22T16:54:34.307
ATTEMPT 272 W0 SOLVE 4x2 2026-07-22T16:54:34.313
ATTEMPT 272 W0 DONE 4x2 seed=702184 nsol=16 0.01s 2026-07-22T16:54:34.326
ATTEMPT 273 W0 START 4x2 seed=702185 2026-07-22T16:54:34.326
ATTEMPT 273 W0 SOLVE 4x2 2026-07-22T16:54:34.335
ATTEMPT 273 W0 DONE 4x2 seed=702185 nsol=16 0.01s 2026-07-22T16:54:34.341
ATTEMPT 274 W0 START 4x2 seed=702186 2026-07-22T16:54:34.341
ATTEMPT 274 W0 SOLVE 4x2 2026-07-22T16:54:34.355
ATTEMPT 274 W0 DONE 4x2 seed=702186 nsol=16 0.02s 2026-07-22T16:54:34.374
ATTEMPT 275 W0 START 4x2 seed=702187 2026-07-22T16:54:34.374
ATTEMPT 275 W0 SOLVE 4x2 2026-07-22T16:54:34.385
ATTEMPT 275 W0 DONE 4x2 seed=702187 nsol=16 0.03s 2026-07-22T16:54:34.414
ATTEMPT 276 W0 START 4x2 seed=702188 2026-07-22T16:54:34.414
ATTEMPT 276 W0 SOLVE 4x2 2026-07-22T16:54:34.419
ATTEMPT 276 W0 DONE 4x2 seed=702188 nsol=16 0.01s 2026-07-22T16:54:34.430
ATTEMPT 277 W0 START 4x2 seed=702189 2026-07-22T16:54:34.431
ATTEMPT 277 W0 SOLVE 4x2 2026-07-22T16:54:34.437
ATTEMPT 277 W0 DONE 4x2 seed=702189 nsol=16 0.01s 2026-07-22T16:54:34.450
ATTEMPT 278 W0 START 4x2 seed=702190 2026-07-22T16:54:34.450
ATTEMPT 278 W0 SOLVE 4x2 2026-07-22T16:54:34.457
ATTEMPT 278 W0 DONE 4x2 seed=702190 nsol=16 0.02s 2026-07-22T16:54:34.474
ATTEMPT 279 W0 START 4x2 seed=702191 2026-07-22T16:54:34.474
ATTEMPT 279 W0 SOLVE 4x2 2026-07-22T16:54:34.480
ATTEMPT 279 W0 DONE 4x2 seed=702191 nsol=16 0.02s 2026-07-22T16:54:34.498
ATTEMPT 280 W0 START 4x2 seed=702192 2026-07-22T16:54:34.498
ATTEMPT 280 W0 SOLVE 4x2 2026-07-22T16:54:34.503
ATTEMPT 280 W0 DONE 4x2 seed=702192 nsol=16 0.02s 2026-07-22T16:54:34.522
ATTEMPT 281 W0 START 4x2 seed=702193 2026-07-22T16:54:34.522
ATTEMPT 281 W0 SOLVE 4x2 2026-07-22T16:54:34.527
ATTEMPT 281 W0 DONE 4x2 seed=702193 nsol=16 0.03s 2026-07-22T16:54:34.553
ATTEMPT 282 W0 START 4x2 seed=702194 2026-07-22T16:54:34.554
ATTEMPT 282 W0 SOLVE 4x2 2026-07-22T16:54:34.561
ATTEMPT 282 W0 DONE 4x2 seed=702194 nsol=16 0.02s 2026-07-22T16:54:34.578
ATTEMPT 283 W0 START 4x2 seed=702195 2026-07-22T16:54:34.578
ATTEMPT 283 W0 SOLVE 4x2 2026-07-22T16:54:34.586
ATTEMPT 283 W0 DONE 4x2 seed=702195 nsol=16 0.05s 2026-07-22T16:54:34.636
ATTEMPT 284 W0 START 4x2 seed=702196 2026-07-22T16:54:34.636
ATTEMPT 284 W0 SOLVE 4x2 2026-07-22T16:54:34.641
ATTEMPT 284 W0 DONE 4x2 seed=702196 nsol=16 0.01s 2026-07-22T16:54:34.649
ATTEMPT 285 W0 START 4x2 seed=702197 2026-07-22T16:54:34.649
ATTEMPT 285 W0 SOLVE 4x2 2026-07-22T16:54:34.655
ATTEMPT 285 W0 DONE 4x2 seed=702197 nsol=16 0.02s 2026-07-22T16:54:34.673
ATTEMPT 286 W0 START 4x2 seed=702198 2026-07-22T16:54:34.673
ATTEMPT 286 W0 SOLVE 4x2 2026-07-22T16:54:34.679
ATTEMPT 286 W0 DONE 4x2 seed=702198 nsol=16 0.01s 2026-07-22T16:54:34.686
ATTEMPT 287 W0 START 4x2 seed=702199 2026-07-22T16:54:34.686
ATTEMPT 287 W0 SOLVE 4x2 2026-07-22T16:54:34.691
ATTEMPT 287 W0 DONE 4x2 seed=702199 nsol=16 0.02s 2026-07-22T16:54:34.710
ATTEMPT 288 W0 START 4x2 seed=702200 2026-07-22T16:54:34.710
ATTEMPT 288 W0 SOLVE 4x2 2026-07-22T16:54:34.716
ATTEMPT 288 W0 DONE 4x2 seed=702200 nsol=16 0.01s 2026-07-22T16:54:34.730
ATTEMPT 289 W0 START 4x2 seed=702201 2026-07-22T16:54:34.730
ATTEMPT 289 W0 SOLVE 4x2 2026-07-22T16:54:34.737
ATTEMPT 289 W0 DONE 4x2 seed=702201 nsol=16 0.02s 2026-07-22T16:54:34.754
ATTEMPT 290 W0 START 4x2 seed=702202 2026-07-22T16:54:34.754
ATTEMPT 290 W0 SOLVE 4x2 2026-07-22T16:54:34.762
ATTEMPT 290 W0 DONE 4x2 seed=702202 nsol=16 0.01s 2026-07-22T16:54:34.772
ATTEMPT 291 W0 START 4x2 seed=702203 2026-07-22T16:54:34.772
ATTEMPT 291 W0 SOLVE 4x2 2026-07-22T16:54:34.778
ATTEMPT 291 W0 DONE 4x2 seed=702203 nsol=16 0.02s 2026-07-22T16:54:34.794
ATTEMPT 292 W0 START 4x2 seed=702204 2026-07-22T16:54:34.794
ATTEMPT 292 W0 SOLVE 4x2 2026-07-22T16:54:34.801
ATTEMPT 292 W0 DONE 4x2 seed=702204 nsol=16 0.03s 2026-07-22T16:54:34.826
ATTEMPT 293 W0 START 4x2 seed=702205 2026-07-22T16:54:34.826
ATTEMPT 293 W0 SOLVE 4x2 2026-07-22T16:54:34.832
ATTEMPT 293 W0 DONE 4x2 seed=702205 nsol=16 0.01s 2026-07-22T16:54:34.846
ATTEMPT 294 W0 START 4x2 seed=702206 2026-07-22T16:54:34.846
ATTEMPT 294 W0 SOLVE 4x2 2026-07-22T16:54:34.851
ATTEMPT 294 W0 DONE 4x2 seed=702206 nsol=16 0.01s 2026-07-22T16:54:34.866
ATTEMPT 295 W0 START 4x2 seed=702207 2026-07-22T16:54:34.866
ATTEMPT 295 W0 SOLVE 4x2 2026-07-22T16:54:34.873
ATTEMPT 295 W0 DONE 4x2 seed=702207 nsol=16 0.02s 2026-07-22T16:54:34.890
ATTEMPT 296 W0 START 4x2 seed=702208 2026-07-22T16:54:34.890
ATTEMPT 296 W0 SOLVE 4x2 2026-07-22T16:54:34.895
ATTEMPT 296 W0 DONE 4x2 seed=702208 nsol=16 0.01s 2026-07-22T16:54:34.902
ATTEMPT 297 W0 START 4x2 seed=702209 2026-07-22T16:54:34.903
ATTEMPT 297 W0 SOLVE 4x2 2026-07-22T16:54:34.909
ATTEMPT 297 W0 DONE 4x2 seed=702209 nsol=16 0.01s 2026-07-22T16:54:34.922
ATTEMPT 298 W0 START 4x2 seed=702210 2026-07-22T16:54:34.922
ATTEMPT 298 W0 SOLVE 4x2 2026-07-22T16:54:34.929
ATTEMPT 298 W0 DONE 4x2 seed=702210 nsol=16 0.02s 2026-07-22T16:54:34.946
ATTEMPT 299 W0 START 4x2 seed=702211 2026-07-22T16:54:34.946
ATTEMPT 299 W0 SOLVE 4x2 2026-07-22T16:54:34.953
ATTEMPT 299 W0 DONE 4x2 seed=702211 nsol=16 0.01s 2026-07-22T16:54:34.960
ATTEMPT 300 W0 START 4x2 seed=702212 2026-07-22T16:54:34.960
ATTEMPT 300 W0 SOLVE 4x2 2026-07-22T16:54:34.967
ATTEMPT 300 W0 DONE 4x2 seed=702212 nsol=16 0.02s 2026-07-22T16:54:34.988
ATTEMPT 301 W0 START 4x2 seed=702213 2026-07-22T16:54:34.988
ATTEMPT 301 W0 SOLVE 4x2 2026-07-22T16:54:34.993
ATTEMPT 301 W0 DONE 4x2 seed=702213 nsol=16 0.02s 2026-07-22T16:54:35.010
ATTEMPT 302 W0 START 4x2 seed=702214 2026-07-22T16:54:35.010
ATTEMPT 302 W0 SOLVE 4x2 2026-07-22T16:54:35.020
ATTEMPT 302 W0 DONE 4x2 seed=702214 nsol=16 0.01s 2026-07-22T16:54:35.029
ATTEMPT 303 W0 START 4x2 seed=702215 2026-07-22T16:54:35.029
ATTEMPT 303 W0 SOLVE 4x2 2026-07-22T16:54:35.038
ATTEMPT 303 W0 DONE 4x2 seed=702215 nsol=16 0.01s 2026-07-22T16:54:35.049
ATTEMPT 304 W0 START 4x2 seed=702216 2026-07-22T16:54:35.049
ATTEMPT 304 W0 SOLVE 4x2 2026-07-22T16:54:35.059
ATTEMPT 304 W0 DONE 4x2 seed=702216 nsol=16 0.01s 2026-07-22T16:54:35.065
ATTEMPT 305 W0 START 4x2 seed=702217 2026-07-22T16:54:35.065
ATTEMPT 305 W0 SOLVE 4x2 2026-07-22T16:54:35.072
ATTEMPT 305 W0 DONE 4x2 seed=702217 nsol=16 0.03s 2026-07-22T16:54:35.101
ATTEMPT 306 W0 START 4x2 seed=702218 2026-07-22T16:54:35.101
ATTEMPT 306 W0 SOLVE 4x2 2026-07-22T16:54:35.107
ATTEMPT 306 W0 DONE 4x2 seed=702218 nsol=16 0.01s 2026-07-22T16:54:35.114
ATTEMPT 307 W0 START 4x2 seed=702219 2026-07-22T16:54:35.114
ATTEMPT 307 W0 SOLVE 4x2 2026-07-22T16:54:35.120
ATTEMPT 307 W0 DONE 4x2 seed=702219 nsol=16 0.02s 2026-07-22T16:54:35.138
ATTEMPT 308 W0 START 4x2 seed=702220 2026-07-22T16:54:35.138
ATTEMPT 308 W0 SOLVE 4x2 2026-07-22T16:54:35.145
ATTEMPT 308 W0 DONE 4x2 seed=702220 nsol=16 0.02s 2026-07-22T16:54:35.166
ATTEMPT 309 W0 START 4x2 seed=702221 2026-07-22T16:54:35.166
ATTEMPT 309 W0 SOLVE 4x2 2026-07-22T16:54:35.171
ATTEMPT 309 W0 DONE 4x2 seed=702221 nsol=16 0.01s 2026-07-22T16:54:35.185
ATTEMPT 310 W0 START 4x2 seed=702222 2026-07-22T16:54:35.185
ATTEMPT 310 W0 SOLVE 4x2 2026-07-22T16:54:35.191
ATTEMPT 310 W0 DONE 4x2 seed=702222 nsol=16 0.01s 2026-07-22T16:54:35.198
ATTEMPT 311 W0 START 4x2 seed=702223 2026-07-22T16:54:35.198
ATTEMPT 311 W0 SOLVE 4x2 2026-07-22T16:54:35.204
ATTEMPT 311 W0 DONE 4x2 seed=702223 nsol=16 0.02s 2026-07-22T16:54:35.226
ATTEMPT 312 W0 START 4x2 seed=702224 2026-07-22T16:54:35.226
ATTEMPT 312 W0 SOLVE 4x2 2026-07-22T16:54:35.233
ATTEMPT 312 W0 DONE 4x2 seed=702224 nsol=16 0.02s 2026-07-22T16:54:35.258
ATTEMPT 313 W0 START 4x2 seed=702225 2026-07-22T16:54:35.258
ATTEMPT 313 W0 SOLVE 4x2 2026-07-22T16:54:35.264
ATTEMPT 313 W0 DONE 4x2 seed=702225 nsol=16 0.01s 2026-07-22T16:54:35.278
ATTEMPT 314 W0 START 4x2 seed=702226 2026-07-22T16:54:35.278
ATTEMPT 314 W0 SOLVE 4x2 2026-07-22T16:54:35.283
ATTEMPT 314 W0 DONE 4x2 seed=702226 nsol=16 0.01s 2026-07-22T16:54:35.298
ATTEMPT 315 W0 START 4x2 seed=702227 2026-07-22T16:54:35.298
ATTEMPT 315 W0 SOLVE 4x2 2026-07-22T16:54:35.304
ATTEMPT 315 W0 DONE 4x2 seed=702227 nsol=16 0.02s 2026-07-22T16:54:35.322
ATTEMPT 316 W0 START 4x2 seed=702228 2026-07-22T16:54:35.322
ATTEMPT 316 W0 SOLVE 4x2 2026-07-22T16:54:35.330
ATTEMPT 316 W0 DONE 4x2 seed=702228 nsol=16 0.01s 2026-07-22T16:54:35.338
ATTEMPT 317 W0 START 4x2 seed=702229 2026-07-22T16:54:35.338
ATTEMPT 317 W0 SOLVE 4x2 2026-07-22T16:54:35.348
ATTEMPT 317 W0 DONE 4x2 seed=702229 nsol=16 0.01s 2026-07-22T16:54:35.362
ATTEMPT 318 W0 START 4x2 seed=702230 2026-07-22T16:54:35.362
ATTEMPT 318 W0 SOLVE 4x2 2026-07-22T16:54:35.367
ATTEMPT 318 W0 DONE 4x2 seed=702230 nsol=16 0.01s 2026-07-22T16:54:35.381
ATTEMPT 319 W0 START 4x2 seed=702231 2026-07-22T16:54:35.381
ATTEMPT 319 W0 SOLVE 4x2 2026-07-22T16:54:35.387
ATTEMPT 319 W0 DONE 4x2 seed=702231 nsol=16 0.02s 2026-07-22T16:54:35.413
ATTEMPT 320 W0 START 4x2 seed=702232 2026-07-22T16:54:35.413
ATTEMPT 320 W0 SOLVE 4x2 2026-07-22T16:54:35.419
ATTEMPT 320 W0 DONE 4x2 seed=702232 nsol=16 0.01s 2026-07-22T16:54:35.426
ATTEMPT 321 W0 START 4x2 seed=702233 2026-07-22T16:54:35.426
ATTEMPT 321 W0 SOLVE 4x2 2026-07-22T16:54:35.432
ATTEMPT 321 W0 DONE 4x2 seed=702233 nsol=16 0.02s 2026-07-22T16:54:35.454
ATTEMPT 322 W0 START 4x2 seed=702234 2026-07-22T16:54:35.454
ATTEMPT 322 W0 SOLVE 4x2 2026-07-22T16:54:35.460
ATTEMPT 322 W0 DONE 4x2 seed=702234 nsol=16 0.01s 2026-07-22T16:54:35.474
ATTEMPT 323 W0 START 4x2 seed=702235 2026-07-22T16:54:35.474
ATTEMPT 323 W0 SOLVE 4x2 2026-07-22T16:54:35.479
ATTEMPT 323 W0 DONE 4x2 seed=702235 nsol=16 0.01s 2026-07-22T16:54:35.487
ATTEMPT 324 W0 START 4x2 seed=702236 2026-07-22T16:54:35.487
ATTEMPT 324 W0 SOLVE 4x2 2026-07-22T16:54:35.492
ATTEMPT 324 W0 DONE 4x2 seed=702236 nsol=16 0.01s 2026-07-22T16:54:35.502
ATTEMPT 325 W0 START 4x2 seed=702237 2026-07-22T16:54:35.502
ATTEMPT 325 W0 SOLVE 4x2 2026-07-22T16:54:35.509
ATTEMPT 325 W0 DONE 4x2 seed=702237 nsol=16 0.09s 2026-07-22T16:54:35.597
ATTEMPT 326 W0 START 4x2 seed=702238 2026-07-22T16:54:35.598
ATTEMPT 326 W0 SOLVE 4x2 2026-07-22T16:54:35.611
ATTEMPT 326 W0 DONE 4x2 seed=702238 nsol=16 0.02s 2026-07-22T16:54:35.634
ATTEMPT 327 W0 START 4x2 seed=702239 2026-07-22T16:54:35.634
ATTEMPT 327 W0 SOLVE 4x2 2026-07-22T16:54:35.644
ATTEMPT 327 W0 DONE 4x2 seed=702239 nsol=16 0.01s 2026-07-22T16:54:35.658
ATTEMPT 328 W0 START 4x2 seed=702240 2026-07-22T16:54:35.658
ATTEMPT 328 W0 SOLVE 4x2 2026-07-22T16:54:35.663
ATTEMPT 328 W0 DONE 4x2 seed=702240 nsol=16 0.01s 2026-07-22T16:54:35.678
ATTEMPT 329 W0 START 4x2 seed=702241 2026-07-22T16:54:35.678
ATTEMPT 329 W0 SOLVE 4x2 2026-07-22T16:54:35.688
ATTEMPT 329 W0 DONE 4x2 seed=702241 nsol=16 0.02s 2026-07-22T16:54:35.712
ATTEMPT 330 W0 START 4x2 seed=702242 2026-07-22T16:54:35.712
ATTEMPT 330 W0 SOLVE 4x2 2026-07-22T16:54:35.727
ATTEMPT 330 W0 DONE 4x2 seed=702242 nsol=16 0.02s 2026-07-22T16:54:35.746
ATTEMPT 331 W0 START 4x2 seed=702243 2026-07-22T16:54:35.746
ATTEMPT 331 W0 SOLVE 4x2 2026-07-22T16:54:35.752
ATTEMPT 331 W0 DONE 4x2 seed=702243 nsol=16 0.02s 2026-07-22T16:54:35.768
ATTEMPT 332 W0 START 4x2 seed=702244 2026-07-22T16:54:35.768
ATTEMPT 332 W0 SOLVE 4x2 2026-07-22T16:54:35.773
ATTEMPT 332 W0 DONE 4x2 seed=702244 nsol=16 0.02s 2026-07-22T16:54:35.794
ATTEMPT 333 W0 START 4x2 seed=702245 2026-07-22T16:54:35.794
ATTEMPT 333 W0 SOLVE 4x2 2026-07-22T16:54:35.799
ATTEMPT 333 W0 DONE 4x2 seed=702245 nsol=16 0.01s 2026-07-22T16:54:35.806
ATTEMPT 334 W0 START 4x2 seed=702246 2026-07-22T16:54:35.806
ATTEMPT 334 W0 SOLVE 4x2 2026-07-22T16:54:35.813
ATTEMPT 334 W0 DONE 4x2 seed=702246 nsol=16 0.02s 2026-07-22T16:54:35.830
ATTEMPT 335 W0 START 4x2 seed=702247 2026-07-22T16:54:35.830
ATTEMPT 335 W0 SOLVE 4x2 2026-07-22T16:54:35.840
ATTEMPT 335 W0 DONE 4x2 seed=702247 nsol=16 0.02s 2026-07-22T16:54:35.858
ATTEMPT 336 W0 START 4x2 seed=702248 2026-07-22T16:54:35.858
ATTEMPT 336 W0 SOLVE 4x2 2026-07-22T16:54:35.867
ATTEMPT 336 W0 DONE 4x2 seed=702248 nsol=16 0.02s 2026-07-22T16:54:35.886
ATTEMPT 337 W0 START 4x2 seed=702249 2026-07-22T16:54:35.886
ATTEMPT 337 W0 SOLVE 4x2 2026-07-22T16:54:35.895
ATTEMPT 337 W0 DONE 4x2 seed=702249 nsol=16 0.01s 2026-07-22T16:54:35.903
ATTEMPT 338 W0 START 4x2 seed=702250 2026-07-22T16:54:35.903
ATTEMPT 338 W0 SOLVE 4x2 2026-07-22T16:54:35.909
ATTEMPT 338 W0 DONE 4x2 seed=702250 nsol=16 0.03s 2026-07-22T16:54:35.938
ATTEMPT 339 W0 START 4x2 seed=702251 2026-07-22T16:54:35.938
ATTEMPT 339 W0 SOLVE 4x2 2026-07-22T16:54:35.944
ATTEMPT 339 W0 DONE 4x2 seed=702251 nsol=16 0.01s 2026-07-22T16:54:35.955
ATTEMPT 340 W0 START 4x2 seed=702252 2026-07-22T16:54:35.955
ATTEMPT 340 W0 SOLVE 4x2 2026-07-22T16:54:35.960
ATTEMPT 340 W0 DONE 4x2 seed=702252 nsol=16 0.02s 2026-07-22T16:54:35.982
ATTEMPT 341 W0 START 4x2 seed=702253 2026-07-22T16:54:35.982
ATTEMPT 341 W0 SOLVE 4x2 2026-07-22T16:54:35.989
ATTEMPT 341 W0 DONE 4x2 seed=702253 nsol=16 0.02s 2026-07-22T16:54:36.006
ATTEMPT 342 W0 START 4x2 seed=702254 2026-07-22T16:54:36.007
ATTEMPT 342 W0 SOLVE 4x2 2026-07-22T16:54:36.015
ATTEMPT 342 W0 DONE 4x2 seed=702254 nsol=16 0.01s 2026-07-22T16:54:36.025
ATTEMPT 343 W0 START 4x2 seed=702255 2026-07-22T16:54:36.026
ATTEMPT 343 W0 SOLVE 4x2 2026-07-22T16:54:36.032
ATTEMPT 343 W0 DONE 4x2 seed=702255 nsol=16 0.01s 2026-07-22T16:54:36.046
ATTEMPT 344 W0 START 4x2 seed=702256 2026-07-22T16:54:36.046
ATTEMPT 344 W0 SOLVE 4x2 2026-07-22T16:54:36.051
ATTEMPT 344 W0 DONE 4x2 seed=702256 nsol=16 0.01s 2026-07-22T16:54:36.058
ATTEMPT 345 W0 START 4x2 seed=702257 2026-07-22T16:54:36.058
ATTEMPT 345 W0 SOLVE 4x2 2026-07-22T16:54:36.066
ATTEMPT 345 W0 DONE 4x2 seed=702257 nsol=16 0.02s 2026-07-22T16:54:36.086
ATTEMPT 346 W0 START 4x2 seed=702258 2026-07-22T16:54:36.086
ATTEMPT 346 W0 SOLVE 4x2 2026-07-22T16:54:36.093
ATTEMPT 346 W0 DONE 4x2 seed=702258 nsol=16 0.02s 2026-07-22T16:54:36.110
ATTEMPT 347 W0 START 4x2 seed=702259 2026-07-22T16:54:36.110
ATTEMPT 347 W0 SOLVE 4x2 2026-07-22T16:54:36.117
ATTEMPT 347 W0 DONE 4x2 seed=702259 nsol=16 0.01s 2026-07-22T16:54:36.125
ATTEMPT 348 W0 START 4x2 seed=702260 2026-07-22T16:54:36.126
ATTEMPT 348 W0 SOLVE 4x2 2026-07-22T16:54:36.132
ATTEMPT 348 W0 DONE 4x2 seed=702260 nsol=16 0.02s 2026-07-22T16:54:36.152
ATTEMPT 349 W0 START 4x2 seed=702261 2026-07-22T16:54:36.153
ATTEMPT 349 W0 SOLVE 4x2 2026-07-22T16:54:36.158
ATTEMPT 349 W0 DONE 4x2 seed=702261 nsol=16 0.01s 2026-07-22T16:54:36.164
ATTEMPT 350 W0 START 4x2 seed=702262 2026-07-22T16:54:36.164
ATTEMPT 350 W0 SOLVE 4x2 2026-07-22T16:54:36.170
ATTEMPT 350 W0 DONE 4x2 seed=702262 nsol=16 0.01s 2026-07-22T16:54:36.181
ATTEMPT 351 W0 START 4x2 seed=702263 2026-07-22T16:54:36.182
ATTEMPT 351 W0 SOLVE 4x2 2026-07-22T16:54:36.187
ATTEMPT 351 W0 DONE 4x2 seed=702263 nsol=16 0.01s 2026-07-22T16:54:36.202
ATTEMPT 352 W0 START 4x2 seed=702264 2026-07-22T16:54:36.202
ATTEMPT 352 W0 SOLVE 4x2 2026-07-22T16:54:36.208
ATTEMPT 352 W0 DONE 4x2 seed=702264 nsol=16 0.01s 2026-07-22T16:54:36.220
ATTEMPT 353 W0 START 4x2 seed=702265 2026-07-22T16:54:36.221
ATTEMPT 353 W0 SOLVE 4x2 2026-07-22T16:54:36.227
ATTEMPT 353 W0 DONE 4x2 seed=702265 nsol=16 0.01s 2026-07-22T16:54:36.234
ATTEMPT 354 W0 START 4x2 seed=702266 2026-07-22T16:54:36.234
ATTEMPT 354 W0 SOLVE 4x2 2026-07-22T16:54:36.239
ATTEMPT 354 W0 DONE 4x2 seed=702266 nsol=16 0.01s 2026-07-22T16:54:36.249
ATTEMPT 355 W0 START 4x2 seed=702267 2026-07-22T16:54:36.250
ATTEMPT 355 W0 SOLVE 4x2 2026-07-22T16:54:36.256
ATTEMPT 355 W0 DONE 4x2 seed=702267 nsol=16 0.02s 2026-07-22T16:54:36.274
ATTEMPT 356 W0 START 4x2 seed=702268 2026-07-22T16:54:36.274
ATTEMPT 356 W0 SOLVE 4x2 2026-07-22T16:54:36.281
ATTEMPT 356 W0 DONE 4x2 seed=702268 nsol=16 0.01s 2026-07-22T16:54:36.295
ATTEMPT 357 W0 START 4x2 seed=702269 2026-07-22T16:54:36.296
ATTEMPT 357 W0 SOLVE 4x2 2026-07-22T16:54:36.302
ATTEMPT 357 W0 DONE 4x2 seed=702269 nsol=16 0.00s 2026-07-22T16:54:36.307
ATTEMPT 358 W0 START 4x2 seed=702270 2026-07-22T16:54:36.307
ATTEMPT 358 W0 SOLVE 4x2 2026-07-22T16:54:36.313
ATTEMPT 358 W0 DONE 4x2 seed=702270 nsol=16 0.02s 2026-07-22T16:54:36.330
ATTEMPT 359 W0 START 4x2 seed=702271 2026-07-22T16:54:36.330
ATTEMPT 359 W0 SOLVE 4x2 2026-07-22T16:54:36.335
ATTEMPT 359 W0 DONE 4x2 seed=702271 nsol=16 0.01s 2026-07-22T16:54:36.342
ATTEMPT 360 W0 START 4x2 seed=702272 2026-07-22T16:54:36.342
ATTEMPT 360 W0 SOLVE 4x2 2026-07-22T16:54:36.348
ATTEMPT 360 W0 DONE 4x2 seed=702272 nsol=16 0.02s 2026-07-22T16:54:36.366
ATTEMPT 361 W0 START 4x2 seed=702273 2026-07-22T16:54:36.367
ATTEMPT 361 W0 SOLVE 4x2 2026-07-22T16:54:36.374
ATTEMPT 361 W0 DONE 4x2 seed=702273 nsol=16 0.01s 2026-07-22T16:54:36.380
ATTEMPT 362 W0 START 4x2 seed=702274 2026-07-22T16:54:36.380
ATTEMPT 362 W0 SOLVE 4x2 2026-07-22T16:54:36.386
ATTEMPT 362 W0 DONE 4x2 seed=702274 nsol=16 0.01s 2026-07-22T16:54:36.398
ATTEMPT 363 W0 START 4x2 seed=702275 2026-07-22T16:54:36.398
ATTEMPT 363 W0 SOLVE 4x2 2026-07-22T16:54:36.404
ATTEMPT 363 W0 DONE 4x2 seed=702275 nsol=16 0.02s 2026-07-22T16:54:36.422
ATTEMPT 364 W0 START 4x2 seed=702276 2026-07-22T16:54:36.422
ATTEMPT 364 W0 SOLVE 4x2 2026-07-22T16:54:36.428
ATTEMPT 364 W0 DONE 4x2 seed=702276 nsol=16 0.02s 2026-07-22T16:54:36.450
ATTEMPT 365 W0 START 4x2 seed=702277 2026-07-22T16:54:36.450
ATTEMPT 365 W0 SOLVE 4x2 2026-07-22T16:54:36.463
ATTEMPT 365 W0 DONE 4x2 seed=702277 nsol=16 3.46s 2026-07-22T16:54:39.920
ATTEMPT 366 W0 START 4x2 seed=702278 2026-07-22T16:54:39.927
ATTEMPT 366 W0 SOLVE 4x2 2026-07-22T16:54:39.935
ATTEMPT 366 W0 DONE 4x2 seed=702278 nsol=16 0.01s 2026-07-22T16:54:39.945
ATTEMPT 367 W0 START 4x2 seed=702279 2026-07-22T16:54:39.945
ATTEMPT 367 W0 SOLVE 4x2 2026-07-22T16:54:39.951
ATTEMPT 367 W0 DONE 4x2 seed=702279 nsol=16 0.02s 2026-07-22T16:54:39.972
ATTEMPT 368 W0 START 4x2 seed=702280 2026-07-22T16:54:39.972
ATTEMPT 368 W0 SOLVE 4x2 2026-07-22T16:54:39.981
ATTEMPT 368 W0 DONE 4x2 seed=702280 nsol=16 0.01s 2026-07-22T16:54:39.990
ATTEMPT 369 W0 START 4x2 seed=702281 2026-07-22T16:54:39.990
ATTEMPT 369 W0 SOLVE 4x2 2026-07-22T16:54:39.996
ATTEMPT 369 W0 DONE 4x2 seed=702281 nsol=16 0.02s 2026-07-22T16:54:40.020
ATTEMPT 370 W0 START 4x2 seed=702282 2026-07-22T16:54:40.020
ATTEMPT 370 W0 SOLVE 4x2 2026-07-22T16:54:40.036
ATTEMPT 370 W0 DONE 4x2 seed=702282 nsol=16 0.01s 2026-07-22T16:54:40.048
ATTEMPT 371 W0 START 4x2 seed=702283 2026-07-22T16:54:40.048
ATTEMPT 371 W0 SOLVE 4x2 2026-07-22T16:54:40.064
ATTEMPT 371 W0 DONE 4x2 seed=702283 nsol=16 0.01s 2026-07-22T16:54:40.076
ATTEMPT 372 W0 START 4x2 seed=702284 2026-07-22T16:54:40.076
ATTEMPT 372 W0 SOLVE 4x2 2026-07-22T16:54:40.086
ATTEMPT 372 W0 DONE 4x2 seed=702284 nsol=16 0.02s 2026-07-22T16:54:40.108
ATTEMPT 373 W0 START 4x2 seed=702285 2026-07-22T16:54:40.108
ATTEMPT 373 W0 SOLVE 4x2 2026-07-22T16:54:40.120
ATTEMPT 373 W0 DONE 4x2 seed=702285 nsol=16 0.02s 2026-07-22T16:54:40.144
ATTEMPT 374 W0 START 4x2 seed=702286 2026-07-22T16:54:40.144
ATTEMPT 374 W0 SOLVE 4x2 2026-07-22T16:54:40.155
ATTEMPT 374 W0 DONE 4x2 seed=702286 nsol=16 0.01s 2026-07-22T16:54:40.172
ATTEMPT 375 W0 START 4x2 seed=702287 2026-07-22T16:54:40.173
ATTEMPT 375 W0 SOLVE 4x2 2026-07-22T16:54:40.188
ATTEMPT 375 W0 DONE 4x2 seed=702287 nsol=16 0.01s 2026-07-22T16:54:40.198
ATTEMPT 376 W0 START 4x2 seed=702288 2026-07-22T16:54:40.199
ATTEMPT 376 W0 SOLVE 4x2 2026-07-22T16:54:40.210
ATTEMPT 376 W0 DONE 4x2 seed=702288 nsol=16 0.01s 2026-07-22T16:54:40.227
ATTEMPT 377 W0 START 4x2 seed=702289 2026-07-22T16:54:40.227
ATTEMPT 377 W0 SOLVE 4x2 2026-07-22T16:54:40.233
ATTEMPT 377 W0 DONE 4x2 seed=702289 nsol=16 0.01s 2026-07-22T16:54:40.248
ATTEMPT 378 W0 START 4x2 seed=702290 2026-07-22T16:54:40.248
ATTEMPT 378 W0 SOLVE 4x2 2026-07-22T16:54:40.254
ATTEMPT 378 W0 DONE 4x2 seed=702290 nsol=16 0.01s 2026-07-22T16:54:40.264
ATTEMPT 379 W0 START 4x2 seed=702291 2026-07-22T16:54:40.264
ATTEMPT 379 W0 SOLVE 4x2 2026-07-22T16:54:40.271
ATTEMPT 379 W0 DONE 4x2 seed=702291 nsol=16 0.02s 2026-07-22T16:54:40.288
ATTEMPT 380 W0 START 4x2 seed=702292 2026-07-22T16:54:40.288
ATTEMPT 380 W0 SOLVE 4x2 2026-07-22T16:54:40.295
ATTEMPT 380 W0 DONE 4x2 seed=702292 nsol=16 0.01s 2026-07-22T16:54:40.305
ATTEMPT 381 W0 START 4x2 seed=702293 2026-07-22T16:54:40.305
ATTEMPT 381 W0 SOLVE 4x2 2026-07-22T16:54:40.310
ATTEMPT 381 W0 DONE 4x2 seed=702293 nsol=16 0.02s 2026-07-22T16:54:40.328
ATTEMPT 382 W0 START 4x2 seed=702294 2026-07-22T16:54:40.328
ATTEMPT 382 W0 SOLVE 4x2 2026-07-22T16:54:40.333
ATTEMPT 382 W0 DONE 4x2 seed=702294 nsol=16 0.02s 2026-07-22T16:54:40.348
ATTEMPT 383 W0 START 4x2 seed=702295 2026-07-22T16:54:40.349
ATTEMPT 383 W0 SOLVE 4x2 2026-07-22T16:54:40.354
ATTEMPT 383 W0 DONE 4x2 seed=702295 nsol=16 0.02s 2026-07-22T16:54:40.372
ATTEMPT 384 W0 START 4x2 seed=702296 2026-07-22T16:54:40.372
ATTEMPT 384 W0 SOLVE 4x2 2026-07-22T16:54:40.377
ATTEMPT 384 W0 DONE 4x2 seed=702296 nsol=16 0.01s 2026-07-22T16:54:40.388
ATTEMPT 385 W0 START 4x2 seed=702297 2026-07-22T16:54:40.388
ATTEMPT 385 W0 SOLVE 4x2 2026-07-22T16:54:40.395
ATTEMPT 385 W0 DONE 4x2 seed=702297 nsol=16 0.02s 2026-07-22T16:54:40.412
ATTEMPT 386 W0 START 4x2 seed=702298 2026-07-22T16:54:40.412
ATTEMPT 386 W0 SOLVE 4x2 2026-07-22T16:54:40.419
ATTEMPT 386 W0 DONE 4x2 seed=702298 nsol=16 0.01s 2026-07-22T16:54:40.426
ATTEMPT 387 W0 START 4x2 seed=702299 2026-07-22T16:54:40.426
ATTEMPT 387 W0 SOLVE 4x2 2026-07-22T16:54:40.433
ATTEMPT 387 W0 DONE 4x2 seed=702299 nsol=16 0.02s 2026-07-22T16:54:40.452
ATTEMPT 388 W0 START 4x2 seed=702300 2026-07-22T16:54:40.452
ATTEMPT 388 W0 SOLVE 4x2 2026-07-22T16:54:40.463
ATTEMPT 388 W0 DONE 4x2 seed=702300 nsol=16 0.01s 2026-07-22T16:54:40.474
ATTEMPT 389 W0 START 4x2 seed=702301 2026-07-22T16:54:40.475
ATTEMPT 389 W0 SOLVE 4x2 2026-07-22T16:54:40.481
ATTEMPT 389 W0 DONE 4x2 seed=702301 nsol=16 0.02s 2026-07-22T16:54:40.501
ATTEMPT 390 W0 START 4x2 seed=702302 2026-07-22T16:54:40.501
ATTEMPT 390 W0 SOLVE 4x2 2026-07-22T16:54:40.508
ATTEMPT 390 W0 DONE 4x2 seed=702302 nsol=16 0.01s 2026-07-22T16:54:40.518
ATTEMPT 391 W0 START 4x2 seed=702303 2026-07-22T16:54:40.518
ATTEMPT 391 W0 SOLVE 4x2 2026-07-22T16:54:40.525
ATTEMPT 391 W0 DONE 4x2 seed=702303 nsol=16 0.01s 2026-07-22T16:54:40.536
ATTEMPT 392 W0 START 4x2 seed=702304 2026-07-22T16:54:40.537
ATTEMPT 392 W0 SOLVE 4x2 2026-07-22T16:54:40.542
ATTEMPT 392 W0 DONE 4x2 seed=702304 nsol=16 0.01s 2026-07-22T16:54:40.549
ATTEMPT 393 W0 START 4x2 seed=702305 2026-07-22T16:54:40.549
ATTEMPT 393 W0 SOLVE 4x2 2026-07-22T16:54:40.555
ATTEMPT 393 W0 DONE 4x2 seed=702305 nsol=16 0.01s 2026-07-22T16:54:40.569
ATTEMPT 394 W0 START 4x2 seed=702306 2026-07-22T16:54:40.570
ATTEMPT 394 W0 SOLVE 4x2 2026-07-22T16:54:40.575
ATTEMPT 394 W0 DONE 4x2 seed=702306 nsol=16 0.01s 2026-07-22T16:54:40.588
ATTEMPT 395 W0 START 4x2 seed=702307 2026-07-22T16:54:40.588
ATTEMPT 395 W0 SOLVE 4x2 2026-07-22T16:54:40.593
ATTEMPT 395 W0 DONE 4x2 seed=702307 nsol=16 0.01s 2026-07-22T16:54:40.608
ATTEMPT 396 W0 START 4x2 seed=702308 2026-07-22T16:54:40.608
ATTEMPT 396 W0 SOLVE 4x2 2026-07-22T16:54:40.615
ATTEMPT 396 W0 DONE 4x2 seed=702308 nsol=16 0.01s 2026-07-22T16:54:40.626
ATTEMPT 397 W0 START 4x2 seed=702309 2026-07-22T16:54:40.627
ATTEMPT 397 W0 SOLVE 4x2 2026-07-22T16:54:40.633
ATTEMPT 397 W0 DONE 4x2 seed=702309 nsol=16 0.01s 2026-07-22T16:54:40.638
ATTEMPT 398 W0 START 4x2 seed=702310 2026-07-22T16:54:40.639
ATTEMPT 398 W0 SOLVE 4x2 2026-07-22T16:54:40.644
ATTEMPT 398 W0 DONE 4x2 seed=702310 nsol=16 0.01s 2026-07-22T16:54:40.650
ATTEMPT 399 W0 START 4x2 seed=702311 2026-07-22T16:54:40.650
ATTEMPT 399 W0 SOLVE 4x2 2026-07-22T16:54:40.655
ATTEMPT 399 W0 DONE 4x2 seed=702311 nsol=16 0.01s 2026-07-22T16:54:40.662
ATTEMPT 400 W0 START 4x2 seed=702312 2026-07-22T16:54:40.662
ATTEMPT 400 W0 SOLVE 4x2 2026-07-22T16:54:40.668
ATTEMPT 400 W0 DONE 4x2 seed=702312 nsol=16 0.01s 2026-07-22T16:54:40.674
ATTEMPT 401 W0 START 4x2 seed=702313 2026-07-22T16:54:40.674
ATTEMPT 401 W0 SOLVE 4x2 2026-07-22T16:54:40.679
ATTEMPT 401 W0 DONE 4x2 seed=702313 nsol=16 0.01s 2026-07-22T16:54:40.690
ATTEMPT 402 W0 START 4x2 seed=702314 2026-07-22T16:54:40.690
ATTEMPT 402 W0 SOLVE 4x2 2026-07-22T16:54:40.696
ATTEMPT 402 W0 DONE 4x2 seed=702314 nsol=16 0.02s 2026-07-22T16:54:40.712
ATTEMPT 403 W0 START 4x2 seed=702315 2026-07-22T16:54:40.712
ATTEMPT 403 W0 SOLVE 4x2 2026-07-22T16:54:40.719
ATTEMPT 403 W0 DONE 4x2 seed=702315 nsol=16 0.02s 2026-07-22T16:54:40.736
ATTEMPT 404 W0 START 4x2 seed=702316 2026-07-22T16:54:40.736
ATTEMPT 404 W0 SOLVE 4x2 2026-07-22T16:54:40.749
ATTEMPT 404 W0 DONE 4x2 seed=702316 nsol=16 0.03s 2026-07-22T16:54:40.776
ATTEMPT 405 W0 START 4x2 seed=702317 2026-07-22T16:54:40.776
ATTEMPT 405 W0 SOLVE 4x2 2026-07-22T16:54:40.781
ATTEMPT 405 W0 DONE 4x2 seed=702317 nsol=16 0.02s 2026-07-22T16:54:40.804
ATTEMPT 406 W0 START 4x2 seed=702318 2026-07-22T16:54:40.804
ATTEMPT 406 W0 SOLVE 4x2 2026-07-22T16:54:40.812
ATTEMPT 406 W0 DONE 4x2 seed=702318 nsol=16 0.02s 2026-07-22T16:54:40.832
ATTEMPT 407 W0 START 4x2 seed=702319 2026-07-22T16:54:40.832
ATTEMPT 407 W0 SOLVE 4x2 2026-07-22T16:54:40.838
ATTEMPT 407 W0 DONE 4x2 seed=702319 nsol=16 0.40s 2026-07-22T16:54:41.235
ATTEMPT 408 W0 START 4x2 seed=702320 2026-07-22T16:54:41.238
ATTEMPT 408 W0 SOLVE 4x2 2026-07-22T16:54:41.244
ATTEMPT 408 W0 DONE 4x2 seed=702320 nsol=16 0.01s 2026-07-22T16:54:41.251
ATTEMPT 409 W0 START 4x2 seed=702321 2026-07-22T16:54:41.251
ATTEMPT 409 W0 SOLVE 4x2 2026-07-22T16:54:41.257
ATTEMPT 409 W0 DONE 4x2 seed=702321 nsol=16 0.01s 2026-07-22T16:54:41.272
ATTEMPT 410 W0 START 4x2 seed=702322 2026-07-22T16:54:41.273
ATTEMPT 410 W0 SOLVE 4x2 2026-07-22T16:54:41.278
ATTEMPT 410 W0 DONE 4x2 seed=702322 nsol=16 0.01s 2026-07-22T16:54:41.292
ATTEMPT 411 W0 START 4x2 seed=702323 2026-07-22T16:54:41.292
ATTEMPT 411 W0 SOLVE 4x2 2026-07-22T16:54:41.298
ATTEMPT 411 W0 DONE 4x2 seed=702323 nsol=16 0.01s 2026-07-22T16:54:41.312
ATTEMPT 412 W0 START 4x2 seed=702324 2026-07-22T16:54:41.312
ATTEMPT 412 W0 SOLVE 4x2 2026-07-22T16:54:41.319
ATTEMPT 412 W0 DONE 4x2 seed=702324 nsol=16 0.01s 2026-07-22T16:54:41.326
ATTEMPT 413 W0 START 4x2 seed=702325 2026-07-22T16:54:41.326
ATTEMPT 413 W0 SOLVE 4x2 2026-07-22T16:54:41.334
ATTEMPT 413 W0 DONE 4x2 seed=702325 nsol=16 0.02s 2026-07-22T16:54:41.352
ATTEMPT 414 W0 START 4x2 seed=702326 2026-07-22T16:54:41.352
ATTEMPT 414 W0 SOLVE 4x2 2026-07-22T16:54:41.358
ATTEMPT 414 W0 DONE 4x2 seed=702326 nsol=16 0.01s 2026-07-22T16:54:41.365
ATTEMPT 415 W0 START 4x2 seed=702327 2026-07-22T16:54:41.366
ATTEMPT 415 W0 SOLVE 4x2 2026-07-22T16:54:41.371
ATTEMPT 415 W0 DONE 4x2 seed=702327 nsol=16 0.02s 2026-07-22T16:54:41.393
ATTEMPT 416 W0 START 4x2 seed=702328 2026-07-22T16:54:41.393
ATTEMPT 416 W0 SOLVE 4x2 2026-07-22T16:54:41.401
ATTEMPT 416 W0 DONE 4x2 seed=702328 nsol=16 0.01s 2026-07-22T16:54:41.416
ATTEMPT 417 W0 START 4x2 seed=702329 2026-07-22T16:54:41.416
ATTEMPT 417 W0 SOLVE 4x2 2026-07-22T16:54:41.423
ATTEMPT 417 W0 DONE 4x2 seed=702329 nsol=16 0.01s 2026-07-22T16:54:41.432
ATTEMPT 418 W0 START 4x2 seed=702330 2026-07-22T16:54:41.432
ATTEMPT 418 W0 SOLVE 4x2 2026-07-22T16:54:41.442
ATTEMPT 418 W0 DONE 4x2 seed=702330 nsol=16 0.02s 2026-07-22T16:54:41.468
ATTEMPT 419 W0 START 4x2 seed=702331 2026-07-22T16:54:41.468
ATTEMPT 419 W0 SOLVE 4x2 2026-07-22T16:54:41.478
ATTEMPT 419 W0 DONE 4x2 seed=702331 nsol=16 0.02s 2026-07-22T16:54:41.495
ATTEMPT 420 W0 START 4x2 seed=702332 2026-07-22T16:54:41.497
ATTEMPT 420 W0 SOLVE 4x2 2026-07-22T16:54:41.503
ATTEMPT 420 W0 DONE 4x2 seed=702332 nsol=16 0.01s 2026-07-22T16:54:41.510
ATTEMPT 421 W0 START 4x2 seed=702333 2026-07-22T16:54:41.511
ATTEMPT 421 W0 SOLVE 4x2 2026-07-22T16:54:41.519
ATTEMPT 421 W0 DONE 4x2 seed=702333 nsol=16 0.01s 2026-07-22T16:54:41.527
ATTEMPT 422 W0 START 4x2 seed=702334 2026-07-22T16:54:41.528
ATTEMPT 422 W0 SOLVE 4x2 2026-07-22T16:54:41.536
ATTEMPT 422 W0 DONE 4x2 seed=702334 nsol=16 0.01s 2026-07-22T16:54:41.544
ATTEMPT 423 W0 START 4x2 seed=702335 2026-07-22T16:54:41.544
ATTEMPT 423 W0 SOLVE 4x2 2026-07-22T16:54:41.549
ATTEMPT 423 W0 DONE 4x2 seed=702335 nsol=16 0.02s 2026-07-22T16:54:41.568
ATTEMPT 424 W0 START 4x2 seed=702336 2026-07-22T16:54:41.569
ATTEMPT 424 W0 SOLVE 4x2 2026-07-22T16:54:41.576
ATTEMPT 424 W0 DONE 4x2 seed=702336 nsol=16 0.01s 2026-07-22T16:54:41.586
ATTEMPT 425 W0 START 4x2 seed=702337 2026-07-22T16:54:41.587
ATTEMPT 425 W0 SOLVE 4x2 2026-07-22T16:54:41.593
ATTEMPT 425 W0 DONE 4x2 seed=702337 nsol=16 0.01s 2026-07-22T16:54:41.599
ATTEMPT 426 W0 START 4x2 seed=702338 2026-07-22T16:54:41.599
ATTEMPT 426 W0 SOLVE 4x2 2026-07-22T16:54:41.607
ATTEMPT 426 W0 DONE 4x2 seed=702338 nsol=16 0.01s 2026-07-22T16:54:41.620
ATTEMPT 427 W0 START 4x2 seed=702339 2026-07-22T16:54:41.621
ATTEMPT 427 W0 SOLVE 4x2 2026-07-22T16:54:41.626
ATTEMPT 427 W0 DONE 4x2 seed=702339 nsol=16 0.01s 2026-07-22T16:54:41.633
ATTEMPT 428 W0 START 4x2 seed=702340 2026-07-22T16:54:41.633
ATTEMPT 428 W0 SOLVE 4x2 2026-07-22T16:54:41.641
ATTEMPT 428 W0 DONE 4x2 seed=702340 nsol=16 0.02s 2026-07-22T16:54:41.657
ATTEMPT 429 W0 START 4x2 seed=702341 2026-07-22T16:54:41.658
ATTEMPT 429 W0 SOLVE 4x2 2026-07-22T16:54:41.665
ATTEMPT 429 W0 DONE 4x2 seed=702341 nsol=16 0.01s 2026-07-22T16:54:41.676
ATTEMPT 430 W0 START 4x2 seed=702342 2026-07-22T16:54:41.676
ATTEMPT 430 W0 SOLVE 4x2 2026-07-22T16:54:41.682
ATTEMPT 430 W0 DONE 4x2 seed=702342 nsol=16 0.01s 2026-07-22T16:54:41.696
ATTEMPT 431 W0 START 4x2 seed=702343 2026-07-22T16:54:41.696
ATTEMPT 431 W0 SOLVE 4x2 2026-07-22T16:54:41.701
ATTEMPT 431 W0 DONE 4x2 seed=702343 nsol=16 0.01s 2026-07-22T16:54:41.706
ATTEMPT 432 W0 START 4x2 seed=702344 2026-07-22T16:54:41.707
ATTEMPT 432 W0 SOLVE 4x2 2026-07-22T16:54:41.712
ATTEMPT 432 W0 DONE 4x2 seed=702344 nsol=16 0.01s 2026-07-22T16:54:41.724
ATTEMPT 433 W0 START 4x2 seed=702345 2026-07-22T16:54:41.724
ATTEMPT 433 W0 SOLVE 4x2 2026-07-22T16:54:41.731
ATTEMPT 433 W0 DONE 4x2 seed=702345 nsol=16 0.02s 2026-07-22T16:54:41.748
ATTEMPT 434 W0 START 4x2 seed=702346 2026-07-22T16:54:41.748
ATTEMPT 434 W0 SOLVE 4x2 2026-07-22T16:54:41.755
ATTEMPT 434 W0 DONE 4x2 seed=702346 nsol=16 0.01s 2026-07-22T16:54:41.768
ATTEMPT 435 W0 START 4x2 seed=702347 2026-07-22T16:54:41.768
ATTEMPT 435 W0 SOLVE 4x2 2026-07-22T16:54:41.774
ATTEMPT 435 W0 DONE 4x2 seed=702347 nsol=16 0.02s 2026-07-22T16:54:41.796
ATTEMPT 436 W0 START 4x2 seed=702348 2026-07-22T16:54:41.796
ATTEMPT 436 W0 SOLVE 4x2 2026-07-22T16:54:41.802
ATTEMPT 436 W0 DONE 4x2 seed=702348 nsol=16 0.01s 2026-07-22T16:54:41.808
ATTEMPT 437 W0 START 4x2 seed=702349 2026-07-22T16:54:41.808
ATTEMPT 437 W0 SOLVE 4x2 2026-07-22T16:54:41.814
ATTEMPT 437 W0 DONE 4x2 seed=702349 nsol=16 0.02s 2026-07-22T16:54:41.832
ATTEMPT 438 W0 START 4x2 seed=702350 2026-07-22T16:54:41.833
ATTEMPT 438 W0 SOLVE 4x2 2026-07-22T16:54:41.840
ATTEMPT 438 W0 DONE 4x2 seed=702350 nsol=16 0.02s 2026-07-22T16:54:41.856
ATTEMPT 439 W0 START 4x2 seed=702351 2026-07-22T16:54:41.856
ATTEMPT 439 W0 SOLVE 4x2 2026-07-22T16:54:41.861
ATTEMPT 439 W0 DONE 4x2 seed=702351 nsol=16 0.01s 2026-07-22T16:54:41.868
ATTEMPT 440 W0 START 4x2 seed=702352 2026-07-22T16:54:41.868
ATTEMPT 440 W0 SOLVE 4x2 2026-07-22T16:54:41.874
ATTEMPT 440 W0 DONE 4x2 seed=702352 nsol=16 0.02s 2026-07-22T16:54:41.892
ATTEMPT 441 W0 START 4x2 seed=702353 2026-07-22T16:54:41.893
ATTEMPT 441 W0 SOLVE 4x2 2026-07-22T16:54:41.898
ATTEMPT 441 W0 DONE 4x2 seed=702353 nsol=16 0.01s 2026-07-22T16:54:41.904
ATTEMPT 442 W0 START 4x2 seed=702354 2026-07-22T16:54:41.904
ATTEMPT 442 W0 SOLVE 4x2 2026-07-22T16:54:41.910
ATTEMPT 442 W0 DONE 4x2 seed=702354 nsol=16 0.02s 2026-07-22T16:54:41.932
ATTEMPT 443 W0 START 4x2 seed=702355 2026-07-22T16:54:41.932
ATTEMPT 443 W0 SOLVE 4x2 2026-07-22T16:54:41.939
ATTEMPT 443 W0 DONE 4x2 seed=702355 nsol=16 0.02s 2026-07-22T16:54:41.956
ATTEMPT 444 W0 START 4x2 seed=702356 2026-07-22T16:54:41.956
ATTEMPT 444 W0 SOLVE 4x2 2026-07-22T16:54:41.962
ATTEMPT 444 W0 DONE 4x2 seed=702356 nsol=16 0.01s 2026-07-22T16:54:41.972
ATTEMPT 445 W0 START 4x2 seed=702357 2026-07-22T16:54:41.972
ATTEMPT 445 W0 SOLVE 4x2 2026-07-22T16:54:41.985
ATTEMPT 445 W0 DONE 4x2 seed=702357 nsol=16 0.01s 2026-07-22T16:54:41.990
ATTEMPT 446 W0 START 4x2 seed=702358 2026-07-22T16:54:41.991
ATTEMPT 446 W0 SOLVE 4x2 2026-07-22T16:54:42.006
ATTEMPT 446 W0 DONE 4x2 seed=702358 nsol=16 0.01s 2026-07-22T16:54:42.023
ATTEMPT 447 W0 START 4x2 seed=702359 2026-07-22T16:54:42.024
ATTEMPT 447 W0 SOLVE 4x2 2026-07-22T16:54:42.033
ATTEMPT 447 W0 DONE 4x2 seed=702359 nsol=16 0.01s 2026-07-22T16:54:42.047
ATTEMPT 448 W0 START 4x2 seed=702360 2026-07-22T16:54:42.047
ATTEMPT 448 W0 SOLVE 4x2 2026-07-22T16:54:42.055
ATTEMPT 448 W0 DONE 4x2 seed=702360 nsol=16 0.01s 2026-07-22T16:54:42.072
ATTEMPT 449 W0 START 4x2 seed=702361 2026-07-22T16:54:42.072
ATTEMPT 449 W0 SOLVE 4x2 2026-07-22T16:54:42.082
ATTEMPT 449 W0 DONE 4x2 seed=702361 nsol=16 0.01s 2026-07-22T16:54:42.093
ATTEMPT 450 W0 START 4x2 seed=702362 2026-07-22T16:54:42.093
ATTEMPT 450 W0 SOLVE 4x2 2026-07-22T16:54:42.102
ATTEMPT 450 W0 DONE 4x2 seed=702362 nsol=16 0.01s 2026-07-22T16:54:42.112
ATTEMPT 451 W0 START 4x2 seed=702363 2026-07-22T16:54:42.112
ATTEMPT 451 W0 SOLVE 4x2 2026-07-22T16:54:42.123
ATTEMPT 451 W0 DONE 4x2 seed=702363 nsol=16 0.03s 2026-07-22T16:54:42.148
ATTEMPT 452 W0 START 4x2 seed=702364 2026-07-22T16:54:42.148
ATTEMPT 452 W0 SOLVE 4x2 2026-07-22T16:54:42.155
ATTEMPT 452 W0 DONE 4x2 seed=702364 nsol=16 0.01s 2026-07-22T16:54:42.163
ATTEMPT 453 W0 START 4x2 seed=702365 2026-07-22T16:54:42.163
ATTEMPT 453 W0 SOLVE 4x2 2026-07-22T16:54:42.170
ATTEMPT 453 W0 DONE 4x2 seed=702365 nsol=16 0.02s 2026-07-22T16:54:42.187
ATTEMPT 454 W0 START 4x2 seed=702366 2026-07-22T16:54:42.188
ATTEMPT 454 W0 SOLVE 4x2 2026-07-22T16:54:42.195
ATTEMPT 454 W0 DONE 4x2 seed=702366 nsol=16 0.01s 2026-07-22T16:54:42.205
ATTEMPT 455 W0 START 4x2 seed=702367 2026-07-22T16:54:42.205
ATTEMPT 455 W0 SOLVE 4x2 2026-07-22T16:54:42.211
ATTEMPT 455 W0 DONE 4x2 seed=702367 nsol=16 0.01s 2026-07-22T16:54:42.219
ATTEMPT 456 W0 START 4x2 seed=702368 2026-07-22T16:54:42.219
ATTEMPT 456 W0 SOLVE 4x2 2026-07-22T16:54:42.225
ATTEMPT 456 W0 DONE 4x2 seed=702368 nsol=16 0.01s 2026-07-22T16:54:42.239
ATTEMPT 457 W0 START 4x2 seed=702369 2026-07-22T16:54:42.240
ATTEMPT 457 W0 SOLVE 4x2 2026-07-22T16:54:42.245
ATTEMPT 457 W0 DONE 4x2 seed=702369 nsol=16 0.01s 2026-07-22T16:54:42.252
ATTEMPT 458 W0 START 4x2 seed=702370 2026-07-22T16:54:42.253
ATTEMPT 458 W0 SOLVE 4x2 2026-07-22T16:54:42.259
ATTEMPT 458 W0 DONE 4x2 seed=702370 nsol=16 0.01s 2026-07-22T16:54:42.273
ATTEMPT 459 W0 START 4x2 seed=702371 2026-07-22T16:54:42.273
ATTEMPT 459 W0 SOLVE 4x2 2026-07-22T16:54:42.278
ATTEMPT 459 W0 DONE 4x2 seed=702371 nsol=16 0.00s 2026-07-22T16:54:42.283
ATTEMPT 460 W0 START 4x2 seed=702372 2026-07-22T16:54:42.283
ATTEMPT 460 W0 SOLVE 4x2 2026-07-22T16:54:42.288
ATTEMPT 460 W0 DONE 4x2 seed=702372 nsol=16 0.01s 2026-07-22T16:54:42.296
ATTEMPT 461 W0 START 4x2 seed=702373 2026-07-22T16:54:42.297
ATTEMPT 461 W0 SOLVE 4x2 2026-07-22T16:54:42.302
ATTEMPT 461 W0 DONE 4x2 seed=702373 nsol=16 0.01s 2026-07-22T16:54:42.316
ATTEMPT 462 W0 START 4x2 seed=702374 2026-07-22T16:54:42.316
ATTEMPT 462 W0 SOLVE 4x2 2026-07-22T16:54:42.323
ATTEMPT 462 W0 DONE 4x2 seed=702374 nsol=16 0.02s 2026-07-22T16:54:42.340
ATTEMPT 463 W0 START 4x2 seed=702375 2026-07-22T16:54:42.340
ATTEMPT 463 W0 SOLVE 4x2 2026-07-22T16:54:42.346
ATTEMPT 463 W0 DONE 4x2 seed=702375 nsol=16 0.01s 2026-07-22T16:54:42.354
ATTEMPT 464 W0 START 4x2 seed=702376 2026-07-22T16:54:42.354
ATTEMPT 464 W0 SOLVE 4x2 2026-07-22T16:54:42.360
ATTEMPT 464 W0 DONE 4x2 seed=702376 nsol=16 0.01s 2026-07-22T16:54:42.367
ATTEMPT 465 W0 START 4x2 seed=702377 2026-07-22T16:54:42.367
ATTEMPT 465 W0 SOLVE 4x2 2026-07-22T16:54:42.373
ATTEMPT 465 W0 DONE 4x2 seed=702377 nsol=16 0.02s 2026-07-22T16:54:42.388
ATTEMPT 466 W0 START 4x2 seed=702378 2026-07-22T16:54:42.388
ATTEMPT 466 W0 SOLVE 4x2 2026-07-22T16:54:42.395
ATTEMPT 466 W0 DONE 4x2 seed=702378 nsol=16 0.02s 2026-07-22T16:54:42.412
ATTEMPT 467 W0 START 4x2 seed=702379 2026-07-22T16:54:42.412
ATTEMPT 467 W0 SOLVE 4x2 2026-07-22T16:54:42.421
ATTEMPT 467 W0 DONE 4x2 seed=702379 nsol=16 0.02s 2026-07-22T16:54:42.443
ATTEMPT 468 W0 START 4x2 seed=702380 2026-07-22T16:54:42.443
ATTEMPT 468 W0 SOLVE 4x2 2026-07-22T16:54:42.450
ATTEMPT 468 W0 DONE 4x2 seed=702380 nsol=16 0.01s 2026-07-22T16:54:42.460
ATTEMPT 469 W0 START 4x2 seed=702381 2026-07-22T16:54:42.460
ATTEMPT 469 W0 SOLVE 4x2 2026-07-22T16:54:42.466
ATTEMPT 469 W0 DONE 4x2 seed=702381 nsol=16 0.01s 2026-07-22T16:54:42.480
ATTEMPT 470 W0 START 4x2 seed=702382 2026-07-22T16:54:42.480
ATTEMPT 470 W0 SOLVE 4x2 2026-07-22T16:54:42.485
ATTEMPT 470 W0 DONE 4x2 seed=702382 nsol=16 0.02s 2026-07-22T16:54:42.502
ATTEMPT 471 W0 START 4x2 seed=702383 2026-07-22T16:54:42.503
ATTEMPT 471 W0 SOLVE 4x2 2026-07-22T16:54:42.509
ATTEMPT 471 W0 DONE 4x2 seed=702383 nsol=16 0.01s 2026-07-22T16:54:42.517
ATTEMPT 472 W0 START 4x2 seed=702384 2026-07-22T16:54:42.517
ATTEMPT 472 W0 SOLVE 4x2 2026-07-22T16:54:42.525
ATTEMPT 472 W0 DONE 4x2 seed=702384 nsol=16 0.01s 2026-07-22T16:54:42.530
ATTEMPT 473 W0 START 4x2 seed=702385 2026-07-22T16:54:42.531
ATTEMPT 473 W0 SOLVE 4x2 2026-07-22T16:54:42.537
ATTEMPT 473 W0 DONE 4x2 seed=702385 nsol=16 0.01s 2026-07-22T16:54:42.552
ATTEMPT 474 W0 START 4x2 seed=702386 2026-07-22T16:54:42.552
ATTEMPT 474 W0 SOLVE 4x2 2026-07-22T16:54:42.557
ATTEMPT 474 W0 DONE 4x2 seed=702386 nsol=16 0.01s 2026-07-22T16:54:42.569
ATTEMPT 475 W0 START 4x2 seed=702387 2026-07-22T16:54:42.570
ATTEMPT 475 W0 SOLVE 4x2 2026-07-22T16:54:42.575
ATTEMPT 475 W0 DONE 4x2 seed=702387 nsol=16 0.02s 2026-07-22T16:54:42.592
ATTEMPT 476 W0 START 4x2 seed=702388 2026-07-22T16:54:42.592
ATTEMPT 476 W0 SOLVE 4x2 2026-07-22T16:54:42.597
ATTEMPT 476 W0 DONE 4x2 seed=702388 nsol=16 0.01s 2026-07-22T16:54:42.608
ATTEMPT 477 W0 START 4x2 seed=702389 2026-07-22T16:54:42.608
ATTEMPT 477 W0 SOLVE 4x2 2026-07-22T16:54:42.613
ATTEMPT 477 W0 DONE 4x2 seed=702389 nsol=16 0.02s 2026-07-22T16:54:42.632
ATTEMPT 478 W0 START 4x2 seed=702390 2026-07-22T16:54:42.633
ATTEMPT 478 W0 SOLVE 4x2 2026-07-22T16:54:42.638
ATTEMPT 478 W0 DONE 4x2 seed=702390 nsol=16 0.01s 2026-07-22T16:54:42.647
ATTEMPT 479 W0 START 4x2 seed=702391 2026-07-22T16:54:42.648
ATTEMPT 479 W0 SOLVE 4x2 2026-07-22T16:54:42.655
ATTEMPT 479 W0 DONE 4x2 seed=702391 nsol=16 0.01s 2026-07-22T16:54:42.669
ATTEMPT 480 W0 START 4x2 seed=702392 2026-07-22T16:54:42.669
ATTEMPT 480 W0 SOLVE 4x2 2026-07-22T16:54:42.677
ATTEMPT 480 W0 DONE 4x2 seed=702392 nsol=16 0.01s 2026-07-22T16:54:42.688
ATTEMPT 481 W0 START 4x2 seed=702393 2026-07-22T16:54:42.688
ATTEMPT 481 W0 SOLVE 4x2 2026-07-22T16:54:42.697
ATTEMPT 481 W0 DONE 4x2 seed=702393 nsol=16 0.01s 2026-07-22T16:54:42.712
ATTEMPT 482 W0 START 4x2 seed=702394 2026-07-22T16:54:42.712
ATTEMPT 482 W0 SOLVE 4x2 2026-07-22T16:54:42.725
ATTEMPT 482 W0 DONE 4x2 seed=702394 nsol=16 0.12s 2026-07-22T16:54:42.848
ATTEMPT 483 W0 START 4x2 seed=702395 2026-07-22T16:54:42.848
ATTEMPT 483 W0 SOLVE 4x2 2026-07-22T16:54:42.857
ATTEMPT 483 W0 DONE 4x2 seed=702395 nsol=16 0.01s 2026-07-22T16:54:42.867
ATTEMPT 484 W0 START 4x2 seed=702396 2026-07-22T16:54:42.867
ATTEMPT 484 W0 SOLVE 4x2 2026-07-22T16:54:42.880
ATTEMPT 484 W0 DONE 4x2 seed=702396 nsol=16 0.01s 2026-07-22T16:54:42.890
ATTEMPT 485 W0 START 4x2 seed=702397 2026-07-22T16:54:42.891
ATTEMPT 485 W0 SOLVE 4x2 2026-07-22T16:54:42.901
ATTEMPT 485 W0 DONE 4x2 seed=702397 nsol=16 0.02s 2026-07-22T16:54:42.920
ATTEMPT 486 W0 START 4x2 seed=702398 2026-07-22T16:54:42.920
ATTEMPT 486 W0 SOLVE 4x2 2026-07-22T16:54:42.927
ATTEMPT 486 W0 DONE 4x2 seed=702398 nsol=16 0.01s 2026-07-22T16:54:42.940
ATTEMPT 487 W0 START 4x2 seed=702399 2026-07-22T16:54:42.940
ATTEMPT 487 W0 SOLVE 4x2 2026-07-22T16:54:42.947
ATTEMPT 487 W0 DONE 4x2 seed=702399 nsol=16 0.02s 2026-07-22T16:54:42.967
ATTEMPT 488 W0 START 4x2 seed=702400 2026-07-22T16:54:42.967
ATTEMPT 488 W0 SOLVE 4x2 2026-07-22T16:54:42.974
ATTEMPT 488 W0 DONE 4x2 seed=702400 nsol=16 0.03s 2026-07-22T16:54:43.004
ATTEMPT 489 W0 START 4x2 seed=702401 2026-07-22T16:54:43.005
ATTEMPT 489 W0 SOLVE 4x2 2026-07-22T16:54:43.020
ATTEMPT 489 W0 DONE 4x2 seed=702401 nsol=16 0.02s 2026-07-22T16:54:43.044
ATTEMPT 490 W0 START 4x2 seed=702402 2026-07-22T16:54:43.044
ATTEMPT 490 W0 SOLVE 4x2 2026-07-22T16:54:43.054
ATTEMPT 490 W0 DONE 4x2 seed=702402 nsol=16 0.03s 2026-07-22T16:54:43.084
ATTEMPT 491 W0 START 4x2 seed=702403 2026-07-22T16:54:43.084
ATTEMPT 491 W0 SOLVE 4x2 2026-07-22T16:54:43.097
ATTEMPT 491 W0 DONE 4x2 seed=702403 nsol=16 0.01s 2026-07-22T16:54:43.109
ATTEMPT 492 W0 START 4x2 seed=702404 2026-07-22T16:54:43.109
ATTEMPT 492 W0 SOLVE 4x2 2026-07-22T16:54:43.114
ATTEMPT 492 W0 DONE 4x2 seed=702404 nsol=16 0.01s 2026-07-22T16:54:43.132
ATTEMPT 493 W0 START 4x2 seed=702405 2026-07-22T16:54:43.132
ATTEMPT 493 W0 SOLVE 4x2 2026-07-22T16:54:43.137
ATTEMPT 493 W0 DONE 4x2 seed=702405 nsol=16 0.01s 2026-07-22T16:54:43.154
ATTEMPT 494 W0 START 4x2 seed=702406 2026-07-22T16:54:43.154
ATTEMPT 494 W0 SOLVE 4x2 2026-07-22T16:54:43.159
ATTEMPT 494 W0 DONE 4x2 seed=702406 nsol=16 0.01s 2026-07-22T16:54:43.177
ATTEMPT 495 W0 START 4x2 seed=702407 2026-07-22T16:54:43.178
ATTEMPT 495 W0 SOLVE 4x2 2026-07-22T16:54:43.183
ATTEMPT 495 W0 DONE 4x2 seed=702407 nsol=16 0.02s 2026-07-22T16:54:43.202
ATTEMPT 496 W0 START 4x2 seed=702408 2026-07-22T16:54:43.202
ATTEMPT 496 W0 SOLVE 4x2 2026-07-22T16:54:43.207
ATTEMPT 496 W0 DONE 4x2 seed=702408 nsol=16 0.01s 2026-07-22T16:54:43.216
ATTEMPT 497 W0 START 4x2 seed=702409 2026-07-22T16:54:43.216
ATTEMPT 497 W0 SOLVE 4x2 2026-07-22T16:54:43.222
ATTEMPT 497 W0 DONE 4x2 seed=702409 nsol=16 0.02s 2026-07-22T16:54:43.240
ATTEMPT 498 W0 START 4x2 seed=702410 2026-07-22T16:54:43.240
ATTEMPT 498 W0 SOLVE 4x2 2026-07-22T16:54:43.245
ATTEMPT 498 W0 DONE 4x2 seed=702410 nsol=16 0.02s 2026-07-22T16:54:43.261
ATTEMPT 499 W0 START 4x2 seed=702411 2026-07-22T16:54:43.261
ATTEMPT 499 W0 SOLVE 4x2 2026-07-22T16:54:43.267
ATTEMPT 499 W0 DONE 4x2 seed=702411 nsol=16 0.01s 2026-07-22T16:54:43.273
ATTEMPT 500 W0 START 4x2 seed=702412 2026-07-22T16:54:43.273
ATTEMPT 500 W0 SOLVE 4x2 2026-07-22T16:54:43.280
ATTEMPT 500 W0 DONE 4x2 seed=702412 nsol=16 0.02s 2026-07-22T16:54:43.299
ATTEMPT 501 W0 START 4x2 seed=702413 2026-07-22T16:54:43.300
ATTEMPT 501 W0 SOLVE 4x2 2026-07-22T16:54:43.305
ATTEMPT 501 W0 DONE 4x2 seed=702413 nsol=16 0.01s 2026-07-22T16:54:43.318
ATTEMPT 502 W0 START 4x2 seed=702414 2026-07-22T16:54:43.319
ATTEMPT 502 W0 SOLVE 4x2 2026-07-22T16:54:43.324
ATTEMPT 502 W0 DONE 4x2 seed=702414 nsol=16 0.01s 2026-07-22T16:54:43.332
ATTEMPT 503 W0 START 4x2 seed=702415 2026-07-22T16:54:43.332
ATTEMPT 503 W0 SOLVE 4x2 2026-07-22T16:54:43.338
ATTEMPT 503 W0 DONE 4x2 seed=702415 nsol=16 0.01s 2026-07-22T16:54:43.348
ATTEMPT 504 W0 START 4x2 seed=702416 2026-07-22T16:54:43.348
ATTEMPT 504 W0 SOLVE 4x2 2026-07-22T16:54:43.354
ATTEMPT 504 W0 DONE 4x2 seed=702416 nsol=16 0.02s 2026-07-22T16:54:43.372
ATTEMPT 505 W0 START 4x2 seed=702417 2026-07-22T16:54:43.372
ATTEMPT 505 W0 SOLVE 4x2 2026-07-22T16:54:43.382
ATTEMPT 505 W0 DONE 4x2 seed=702417 nsol=16 0.01s 2026-07-22T16:54:43.395
ATTEMPT 506 W0 START 4x2 seed=702418 2026-07-22T16:54:43.395
ATTEMPT 506 W0 SOLVE 4x2 2026-07-22T16:54:43.401
ATTEMPT 506 W0 DONE 4x2 seed=702418 nsol=16 0.02s 2026-07-22T16:54:43.424
ATTEMPT 507 W0 START 4x2 seed=702419 2026-07-22T16:54:43.424
ATTEMPT 507 W0 SOLVE 4x2 2026-07-22T16:54:43.431
ATTEMPT 507 W0 DONE 4x2 seed=702419 nsol=16 0.01s 2026-07-22T16:54:43.440
ATTEMPT 508 W0 START 4x2 seed=702420 2026-07-22T16:54:43.440
ATTEMPT 508 W0 SOLVE 4x2 2026-07-22T16:54:43.446
ATTEMPT 508 W0 DONE 4x2 seed=702420 nsol=16 0.02s 2026-07-22T16:54:43.464
ATTEMPT 509 W0 START 4x2 seed=702421 2026-07-22T16:54:43.464
ATTEMPT 509 W0 SOLVE 4x2 2026-07-22T16:54:43.474
ATTEMPT 509 W0 DONE 4x2 seed=702421 nsol=16 0.02s 2026-07-22T16:54:43.489
ATTEMPT 510 W0 START 4x2 seed=702422 2026-07-22T16:54:43.489
ATTEMPT 510 W0 SOLVE 4x2 2026-07-22T16:54:43.495
ATTEMPT 510 W0 DONE 4x2 seed=702422 nsol=16 0.01s 2026-07-22T16:54:43.517
ATTEMPT 511 W0 START 4x2 seed=702423 2026-07-22T16:54:43.517
ATTEMPT 511 W0 SOLVE 4x2 2026-07-22T16:54:43.522
ATTEMPT 511 W0 DONE 4x2 seed=702423 nsol=16 0.02s 2026-07-22T16:54:43.542
ATTEMPT 512 W0 START 4x2 seed=702424 2026-07-22T16:54:43.543
ATTEMPT 512 W0 SOLVE 4x2 2026-07-22T16:54:43.549
ATTEMPT 512 W0 DONE 4x2 seed=702424 nsol=16 0.01s 2026-07-22T16:54:43.560
ATTEMPT 513 W0 START 4x2 seed=702425 2026-07-22T16:54:43.560
ATTEMPT 513 W0 SOLVE 4x2 2026-07-22T16:54:43.566
ATTEMPT 513 W0 DONE 4x2 seed=702425 nsol=16 0.01s 2026-07-22T16:54:43.575
ATTEMPT 514 W0 START 4x2 seed=702426 2026-07-22T16:54:43.575
ATTEMPT 514 W0 SOLVE 4x2 2026-07-22T16:54:43.581
ATTEMPT 514 W0 DONE 4x2 seed=702426 nsol=16 0.01s 2026-07-22T16:54:43.592
ATTEMPT 515 W0 START 4x2 seed=702427 2026-07-22T16:54:43.592
ATTEMPT 515 W0 SOLVE 4x2 2026-07-22T16:54:43.598
ATTEMPT 515 W0 DONE 4x2 seed=702427 nsol=16 0.02s 2026-07-22T16:54:43.615
ATTEMPT 516 W0 START 4x2 seed=702428 2026-07-22T16:54:43.615
ATTEMPT 516 W0 SOLVE 4x2 2026-07-22T16:54:43.621
ATTEMPT 516 W0 DONE 4x2 seed=702428 nsol=16 0.01s 2026-07-22T16:54:43.636
ATTEMPT 517 W0 START 4x2 seed=702429 2026-07-22T16:54:43.636
ATTEMPT 517 W0 SOLVE 4x2 2026-07-22T16:54:43.641
ATTEMPT 517 W0 DONE 4x2 seed=702429 nsol=16 0.02s 2026-07-22T16:54:43.660
ATTEMPT 518 W0 START 4x2 seed=702430 2026-07-22T16:54:43.660
ATTEMPT 518 W0 SOLVE 4x2 2026-07-22T16:54:43.667
ATTEMPT 518 W0 DONE 4x2 seed=702430 nsol=16 0.02s 2026-07-22T16:54:43.690
ATTEMPT 519 W0 START 4x2 seed=702431 2026-07-22T16:54:43.690
ATTEMPT 519 W0 SOLVE 4x2 2026-07-22T16:54:43.697
ATTEMPT 519 W0 DONE 4x2 seed=702431 nsol=16 0.02s 2026-07-22T16:54:43.718
ATTEMPT 520 W0 START 4x2 seed=702432 2026-07-22T16:54:43.719
ATTEMPT 520 W0 SOLVE 4x2 2026-07-22T16:54:43.727
ATTEMPT 520 W0 DONE 4x2 seed=702432 nsol=16 0.01s 2026-07-22T16:54:43.736
ATTEMPT 521 W0 START 4x2 seed=702433 2026-07-22T16:54:43.736
ATTEMPT 521 W0 SOLVE 4x2 2026-07-22T16:54:43.744
ATTEMPT 521 W0 DONE 4x2 seed=702433 nsol=16 0.02s 2026-07-22T16:54:43.760
ATTEMPT 522 W0 START 4x2 seed=702434 2026-07-22T16:54:43.760
ATTEMPT 522 W0 SOLVE 4x2 2026-07-22T16:54:43.765
ATTEMPT 522 W0 DONE 4x2 seed=702434 nsol=16 0.01s 2026-07-22T16:54:43.780
ATTEMPT 523 W0 START 4x2 seed=702435 2026-07-22T16:54:43.780
ATTEMPT 523 W0 SOLVE 4x2 2026-07-22T16:54:43.786
ATTEMPT 523 W0 DONE 4x2 seed=702435 nsol=16 0.01s 2026-07-22T16:54:43.798
ATTEMPT 524 W0 START 4x2 seed=702436 2026-07-22T16:54:43.799
ATTEMPT 524 W0 SOLVE 4x2 2026-07-22T16:54:43.804
ATTEMPT 524 W0 DONE 4x2 seed=702436 nsol=16 0.01s 2026-07-22T16:54:43.811
ATTEMPT 525 W0 START 4x2 seed=702437 2026-07-22T16:54:43.811
ATTEMPT 525 W0 SOLVE 4x2 2026-07-22T16:54:43.818
ATTEMPT 525 W0 DONE 4x2 seed=702437 nsol=16 0.02s 2026-07-22T16:54:43.840
ATTEMPT 526 W0 START 4x2 seed=702438 2026-07-22T16:54:43.840
ATTEMPT 526 W0 SOLVE 4x2 2026-07-22T16:54:43.845
ATTEMPT 526 W0 DONE 4x2 seed=702438 nsol=16 0.01s 2026-07-22T16:54:43.860
ATTEMPT 527 W0 START 4x2 seed=702439 2026-07-22T16:54:43.860
ATTEMPT 527 W0 SOLVE 4x2 2026-07-22T16:54:43.865
ATTEMPT 527 W0 DONE 4x2 seed=702439 nsol=16 0.01s 2026-07-22T16:54:43.880
ATTEMPT 528 W0 START 4x2 seed=702440 2026-07-22T16:54:43.880
ATTEMPT 528 W0 SOLVE 4x2 2026-07-22T16:54:43.885
ATTEMPT 528 W0 DONE 4x2 seed=702440 nsol=16 0.01s 2026-07-22T16:54:43.898
ATTEMPT 529 W0 START 4x2 seed=702441 2026-07-22T16:54:43.898
ATTEMPT 529 W0 SOLVE 4x2 2026-07-22T16:54:43.903
ATTEMPT 529 W0 DONE 4x2 seed=702441 nsol=16 0.01s 2026-07-22T16:54:43.910
ATTEMPT 530 W0 START 4x2 seed=702442 2026-07-22T16:54:43.910
ATTEMPT 530 W0 SOLVE 4x2 2026-07-22T16:54:43.915
ATTEMPT 530 W0 DONE 4x2 seed=702442 nsol=16 0.02s 2026-07-22T16:54:43.938
ATTEMPT 531 W0 START 4x2 seed=702443 2026-07-22T16:54:43.938
ATTEMPT 531 W0 SOLVE 4x2 2026-07-22T16:54:43.943
ATTEMPT 531 W0 DONE 4x2 seed=702443 nsol=16 0.00s 2026-07-22T16:54:43.948
ATTEMPT 532 W0 START 4x2 seed=702444 2026-07-22T16:54:43.948
ATTEMPT 532 W0 SOLVE 4x2 2026-07-22T16:54:43.958
ATTEMPT 532 W0 DONE 4x2 seed=702444 nsol=16 0.01s 2026-07-22T16:54:43.972
ATTEMPT 533 W0 START 4x2 seed=702445 2026-07-22T16:54:43.972
ATTEMPT 533 W0 SOLVE 4x2 2026-07-22T16:54:43.977
ATTEMPT 533 W0 DONE 4x2 seed=702445 nsol=16 0.01s 2026-07-22T16:54:43.985
ATTEMPT 534 W0 START 4x2 seed=702446 2026-07-22T16:54:43.985
ATTEMPT 534 W0 SOLVE 4x2 2026-07-22T16:54:43.990
ATTEMPT 534 W0 DONE 4x2 seed=702446 nsol=16 0.02s 2026-07-22T16:54:44.012
ATTEMPT 535 W0 START 4x2 seed=702447 2026-07-22T16:54:44.012
ATTEMPT 535 W0 SOLVE 4x2 2026-07-22T16:54:44.022
ATTEMPT 535 W0 DONE 4x2 seed=702447 nsol=16 0.01s 2026-07-22T16:54:44.036
ATTEMPT 536 W0 START 4x2 seed=702448 2026-07-22T16:54:44.036
ATTEMPT 536 W0 SOLVE 4x2 2026-07-22T16:54:44.043
ATTEMPT 536 W0 DONE 4x2 seed=702448 nsol=16 0.01s 2026-07-22T16:54:44.062
ATTEMPT 537 W0 START 4x2 seed=702449 2026-07-22T16:54:44.063
ATTEMPT 537 W0 SOLVE 4x2 2026-07-22T16:54:44.074
ATTEMPT 537 W0 DONE 4x2 seed=702449 nsol=16 0.01s 2026-07-22T16:54:44.087
ATTEMPT 538 W0 START 4x2 seed=702450 2026-07-22T16:54:44.087
ATTEMPT 538 W0 SOLVE 4x2 2026-07-22T16:54:44.099
ATTEMPT 538 W0 DONE 4x2 seed=702450 nsol=16 0.01s 2026-07-22T16:54:44.112
ATTEMPT 539 W0 START 4x2 seed=702451 2026-07-22T16:54:44.112
ATTEMPT 539 W0 SOLVE 4x2 2026-07-22T16:54:44.117
ATTEMPT 539 W0 DONE 4x2 seed=702451 nsol=16 0.02s 2026-07-22T16:54:44.134
ATTEMPT 540 W0 START 4x2 seed=702452 2026-07-22T16:54:44.134
ATTEMPT 540 W0 SOLVE 4x2 2026-07-22T16:54:44.139
ATTEMPT 540 W0 DONE 4x2 seed=702452 nsol=16 0.02s 2026-07-22T16:54:44.159
ATTEMPT 541 W0 START 4x2 seed=702453 2026-07-22T16:54:44.160
ATTEMPT 541 W0 SOLVE 4x2 2026-07-22T16:54:44.173
ATTEMPT 541 W0 DONE 4x2 seed=702453 nsol=16 0.01s 2026-07-22T16:54:44.188
ATTEMPT 542 W0 START 4x2 seed=702454 2026-07-22T16:54:44.188
ATTEMPT 542 W0 SOLVE 4x2 2026-07-22T16:54:44.198
ATTEMPT 542 W0 DONE 4x2 seed=702454 nsol=16 0.01s 2026-07-22T16:54:44.209
ATTEMPT 543 W0 START 4x2 seed=702455 2026-07-22T16:54:44.209
ATTEMPT 543 W0 SOLVE 4x2 2026-07-22T16:54:44.214
ATTEMPT 543 W0 DONE 4x2 seed=702455 nsol=16 0.01s 2026-07-22T16:54:44.223
ATTEMPT 544 W0 START 4x2 seed=702456 2026-07-22T16:54:44.223
ATTEMPT 544 W0 SOLVE 4x2 2026-07-22T16:54:44.232
ATTEMPT 544 W0 DONE 4x2 seed=702456 nsol=16 0.01s 2026-07-22T16:54:44.244
ATTEMPT 545 W0 START 4x2 seed=702457 2026-07-22T16:54:44.244
ATTEMPT 545 W0 SOLVE 4x2 2026-07-22T16:54:44.250
ATTEMPT 545 W0 DONE 4x2 seed=702457 nsol=16 0.02s 2026-07-22T16:54:44.272
ATTEMPT 546 W0 START 4x2 seed=702458 2026-07-22T16:54:44.272
ATTEMPT 546 W0 SOLVE 4x2 2026-07-22T16:54:44.279
ATTEMPT 546 W0 DONE 4x2 seed=702458 nsol=16 0.01s 2026-07-22T16:54:44.292
ATTEMPT 547 W0 START 4x2 seed=702459 2026-07-22T16:54:44.292
ATTEMPT 547 W0 SOLVE 4x2 2026-07-22T16:54:44.297
ATTEMPT 547 W0 DONE 4x2 seed=702459 nsol=16 0.06s 2026-07-22T16:54:44.357
ATTEMPT 548 W0 START 4x2 seed=702460 2026-07-22T16:54:44.380
ATTEMPT 548 W0 SOLVE 4x2 2026-07-22T16:54:44.391
ATTEMPT 548 W0 DONE 4x2 seed=702460 nsol=16 0.01s 2026-07-22T16:54:44.402
ATTEMPT 549 W0 START 4x2 seed=702461 2026-07-22T16:54:44.402
ATTEMPT 549 W0 SOLVE 4x2 2026-07-22T16:54:44.407
ATTEMPT 549 W0 DONE 4x2 seed=702461 nsol=16 0.01s 2026-07-22T16:54:44.419
ATTEMPT 550 W0 START 4x2 seed=702462 2026-07-22T16:54:44.419
ATTEMPT 550 W0 SOLVE 4x2 2026-07-22T16:54:44.426
ATTEMPT 550 W0 DONE 4x2 seed=702462 nsol=16 0.01s 2026-07-22T16:54:44.436
ATTEMPT 551 W0 START 4x2 seed=702463 2026-07-22T16:54:44.436
ATTEMPT 551 W0 SOLVE 4x2 2026-07-22T16:54:44.442
ATTEMPT 551 W0 DONE 4x2 seed=702463 nsol=16 0.01s 2026-07-22T16:54:44.452
ATTEMPT 552 W0 START 4x2 seed=702464 2026-07-22T16:54:44.452
ATTEMPT 552 W0 SOLVE 4x2 2026-07-22T16:54:44.457
ATTEMPT 552 W0 DONE 4x2 seed=702464 nsol=16 0.01s 2026-07-22T16:54:44.466
ATTEMPT 553 W0 START 4x2 seed=702465 2026-07-22T16:54:44.467
ATTEMPT 553 W0 SOLVE 4x2 2026-07-22T16:54:44.473
ATTEMPT 553 W0 DONE 4x2 seed=702465 nsol=16 0.00s 2026-07-22T16:54:44.477
ATTEMPT 554 W0 START 4x2 seed=702466 2026-07-22T16:54:44.477
ATTEMPT 554 W0 SOLVE 4x2 2026-07-22T16:54:44.483
ATTEMPT 554 W0 DONE 4x2 seed=702466 nsol=16 0.01s 2026-07-22T16:54:44.492
ATTEMPT 555 W0 START 4x2 seed=702467 2026-07-22T16:54:44.492
ATTEMPT 555 W0 SOLVE 4x2 2026-07-22T16:54:44.498
ATTEMPT 555 W0 DONE 4x2 seed=702467 nsol=16 0.01s 2026-07-22T16:54:44.506
ATTEMPT 556 W0 START 4x2 seed=702468 2026-07-22T16:54:44.507
ATTEMPT 556 W0 SOLVE 4x2 2026-07-22T16:54:44.512
ATTEMPT 556 W0 DONE 4x2 seed=702468 nsol=16 0.00s 2026-07-22T16:54:44.517
ATTEMPT 557 W0 START 4x2 seed=702469 2026-07-22T16:54:44.518
ATTEMPT 557 W0 SOLVE 4x2 2026-07-22T16:54:44.524
ATTEMPT 557 W0 DONE 4x2 seed=702469 nsol=16 0.00s 2026-07-22T16:54:44.528
ATTEMPT 558 W0 START 4x2 seed=702470 2026-07-22T16:54:44.528
ATTEMPT 558 W0 SOLVE 4x2 2026-07-22T16:54:44.533
ATTEMPT 558 W0 DONE 4x2 seed=702470 nsol=16 0.01s 2026-07-22T16:54:44.545
ATTEMPT 559 W0 START 4x2 seed=702471 2026-07-22T16:54:44.545
ATTEMPT 559 W0 SOLVE 4x2 2026-07-22T16:54:44.551
ATTEMPT 559 W0 DONE 4x2 seed=702471 nsol=16 0.01s 2026-07-22T16:54:44.558
ATTEMPT 560 W0 START 4x2 seed=702472 2026-07-22T16:54:44.558
ATTEMPT 560 W0 SOLVE 4x2 2026-07-22T16:54:44.565
ATTEMPT 560 W0 DONE 4x2 seed=702472 nsol=16 0.01s 2026-07-22T16:54:44.572
ATTEMPT 561 W0 START 4x2 seed=702473 2026-07-22T16:54:44.572
ATTEMPT 561 W0 SOLVE 4x2 2026-07-22T16:54:44.580
ATTEMPT 561 W0 DONE 4x2 seed=702473 nsol=16 0.01s 2026-07-22T16:54:44.591
ATTEMPT 562 W0 START 4x2 seed=702474 2026-07-22T16:54:44.592
ATTEMPT 562 W0 SOLVE 4x2 2026-07-22T16:54:44.599
ATTEMPT 562 W0 DONE 4x2 seed=702474 nsol=16 0.01s 2026-07-22T16:54:44.604
ATTEMPT 563 W0 START 4x2 seed=702475 2026-07-22T16:54:44.605
ATTEMPT 563 W0 SOLVE 4x2 2026-07-22T16:54:44.611
ATTEMPT 563 W0 DONE 4x2 seed=702475 nsol=16 0.01s 2026-07-22T16:54:44.620
ATTEMPT 564 W0 START 4x2 seed=702476 2026-07-22T16:54:44.620
ATTEMPT 564 W0 SOLVE 4x2 2026-07-22T16:54:44.626
ATTEMPT 564 W0 DONE 4x2 seed=702476 nsol=16 0.01s 2026-07-22T16:54:44.631
ATTEMPT 565 W0 START 4x2 seed=702477 2026-07-22T16:54:44.631
ATTEMPT 565 W0 SOLVE 4x2 2026-07-22T16:54:44.638
ATTEMPT 565 W0 DONE 4x2 seed=702477 nsol=16 0.01s 2026-07-22T16:54:44.644
ATTEMPT 566 W0 START 4x2 seed=702478 2026-07-22T16:54:44.645
ATTEMPT 566 W0 SOLVE 4x2 2026-07-22T16:54:44.651
ATTEMPT 566 W0 DONE 4x2 seed=702478 nsol=16 0.00s 2026-07-22T16:54:44.654
ATTEMPT 567 W0 START 4x2 seed=702479 2026-07-22T16:54:44.655
ATTEMPT 567 W0 SOLVE 4x2 2026-07-22T16:54:44.660
ATTEMPT 567 W0 DONE 4x2 seed=702479 nsol=16 0.01s 2026-07-22T16:54:44.667
ATTEMPT 568 W0 START 4x2 seed=702480 2026-07-22T16:54:44.667
ATTEMPT 568 W0 SOLVE 4x2 2026-07-22T16:54:44.673
ATTEMPT 568 W0 DONE 4x2 seed=702480 nsol=16 0.01s 2026-07-22T16:54:44.684
ATTEMPT 569 W0 START 4x2 seed=702481 2026-07-22T16:54:44.684
ATTEMPT 569 W0 SOLVE 4x2 2026-07-22T16:54:44.691
ATTEMPT 569 W0 DONE 4x2 seed=702481 nsol=16 0.01s 2026-07-22T16:54:44.698
ATTEMPT 570 W0 START 4x2 seed=702482 2026-07-22T16:54:44.699
ATTEMPT 570 W0 SOLVE 4x2 2026-07-22T16:54:44.705
ATTEMPT 570 W0 DONE 4x2 seed=702482 nsol=16 0.00s 2026-07-22T16:54:44.710
ATTEMPT 571 W0 START 4x2 seed=702483 2026-07-22T16:54:44.710
ATTEMPT 571 W0 SOLVE 4x2 2026-07-22T16:54:44.715
ATTEMPT 571 W0 DONE 4x2 seed=702483 nsol=16 0.01s 2026-07-22T16:54:44.722
ATTEMPT 572 W0 START 4x2 seed=702484 2026-07-22T16:54:44.722
ATTEMPT 572 W0 SOLVE 4x2 2026-07-22T16:54:44.729
ATTEMPT 572 W0 DONE 4x2 seed=702484 nsol=16 0.01s 2026-07-22T16:54:44.744
ATTEMPT 573 W0 START 4x2 seed=702485 2026-07-22T16:54:44.744
ATTEMPT 573 W0 SOLVE 4x2 2026-07-22T16:54:44.750
ATTEMPT 573 W0 DONE 4x2 seed=702485 nsol=16 0.01s 2026-07-22T16:54:44.760
ATTEMPT 574 W0 START 4x2 seed=702486 2026-07-22T16:54:44.760
ATTEMPT 574 W0 SOLVE 4x2 2026-07-22T16:54:44.765
ATTEMPT 574 W0 DONE 4x2 seed=702486 nsol=16 0.01s 2026-07-22T16:54:44.774
ATTEMPT 575 W0 START 4x2 seed=702487 2026-07-22T16:54:44.774
ATTEMPT 575 W0 SOLVE 4x2 2026-07-22T16:54:44.789
ATTEMPT 575 W0 DONE 4x2 seed=702487 nsol=16 0.01s 2026-07-22T16:54:44.798
ATTEMPT 576 W0 START 4x2 seed=702488 2026-07-22T16:54:44.798
ATTEMPT 576 W0 SOLVE 4x2 2026-07-22T16:54:44.808
ATTEMPT 576 W0 DONE 4x2 seed=702488 nsol=16 0.01s 2026-07-22T16:54:44.820
ATTEMPT 577 W0 START 4x2 seed=702489 2026-07-22T16:54:44.820
ATTEMPT 577 W0 SOLVE 4x2 2026-07-22T16:54:44.830
ATTEMPT 577 W0 DONE 4x2 seed=702489 nsol=16 0.01s 2026-07-22T16:54:44.844
ATTEMPT 578 W0 START 4x2 seed=702490 2026-07-22T16:54:44.844
ATTEMPT 578 W0 SOLVE 4x2 2026-07-22T16:54:44.854
ATTEMPT 578 W0 DONE 4x2 seed=702490 nsol=16 0.01s 2026-07-22T16:54:44.861
ATTEMPT 579 W0 START 4x2 seed=702491 2026-07-22T16:54:44.862
ATTEMPT 579 W0 SOLVE 4x2 2026-07-22T16:54:44.867
ATTEMPT 579 W0 DONE 4x2 seed=702491 nsol=16 0.01s 2026-07-22T16:54:44.880
ATTEMPT 580 W0 START 4x2 seed=702492 2026-07-22T16:54:44.880
ATTEMPT 580 W0 SOLVE 4x2 2026-07-22T16:54:44.891
ATTEMPT 580 W0 DONE 4x2 seed=702492 nsol=16 0.01s 2026-07-22T16:54:44.904
ATTEMPT 581 W0 START 4x2 seed=702493 2026-07-22T16:54:44.904
ATTEMPT 581 W0 SOLVE 4x2 2026-07-22T16:54:44.915
ATTEMPT 581 W0 DONE 4x2 seed=702493 nsol=16 0.02s 2026-07-22T16:54:44.939
ATTEMPT 582 W0 START 4x2 seed=702494 2026-07-22T16:54:44.939
ATTEMPT 582 W0 SOLVE 4x2 2026-07-22T16:54:44.947
ATTEMPT 582 W0 DONE 4x2 seed=702494 nsol=16 0.01s 2026-07-22T16:54:44.961
ATTEMPT 583 W0 START 4x2 seed=702495 2026-07-22T16:54:44.961
ATTEMPT 583 W0 SOLVE 4x2 2026-07-22T16:54:44.974
ATTEMPT 583 W0 DONE 4x2 seed=702495 nsol=16 0.01s 2026-07-22T16:54:44.985
ATTEMPT 584 W0 START 4x2 seed=702496 2026-07-22T16:54:44.985
ATTEMPT 584 W0 SOLVE 4x2 2026-07-22T16:54:44.995
ATTEMPT 584 W0 DONE 4x2 seed=702496 nsol=16 0.01s 2026-07-22T16:54:45.002
ATTEMPT 585 W0 START 4x2 seed=702497 2026-07-22T16:54:45.003
ATTEMPT 585 W0 SOLVE 4x2 2026-07-22T16:54:45.008
ATTEMPT 585 W0 DONE 4x2 seed=702497 nsol=16 0.01s 2026-07-22T16:54:45.017
ATTEMPT 586 W0 START 4x2 seed=702498 2026-07-22T16:54:45.017
ATTEMPT 586 W0 SOLVE 4x2 2026-07-22T16:54:45.032
ATTEMPT 586 W0 DONE 4x2 seed=702498 nsol=16 0.01s 2026-07-22T16:54:45.044
ATTEMPT 587 W0 START 4x2 seed=702499 2026-07-22T16:54:45.044
ATTEMPT 587 W0 SOLVE 4x2 2026-07-22T16:54:45.057
ATTEMPT 587 W0 DONE 4x2 seed=702499 nsol=16 0.01s 2026-07-22T16:54:45.070
ATTEMPT 588 W0 START 4x2 seed=702500 2026-07-22T16:54:45.070
ATTEMPT 588 W0 SOLVE 4x2 2026-07-22T16:54:45.075
ATTEMPT 588 W0 DONE 4x2 seed=702500 nsol=16 0.01s 2026-07-22T16:54:45.086
ATTEMPT 589 W0 START 4x2 seed=702501 2026-07-22T16:54:45.086
ATTEMPT 589 W0 SOLVE 4x2 2026-07-22T16:54:45.092
ATTEMPT 589 W0 DONE 4x2 seed=702501 nsol=16 0.00s 2026-07-22T16:54:45.097
ATTEMPT 590 W0 START 4x2 seed=702502 2026-07-22T16:54:45.097
ATTEMPT 590 W0 SOLVE 4x2 2026-07-22T16:54:45.102
ATTEMPT 590 W0 DONE 4x2 seed=702502 nsol=16 0.01s 2026-07-22T16:54:45.116
ATTEMPT 591 W0 START 4x2 seed=702503 2026-07-22T16:54:45.116
ATTEMPT 591 W0 SOLVE 4x2 2026-07-22T16:54:45.146
ATTEMPT 591 W0 DONE 4x2 seed=702503 nsol=16 0.00s 2026-07-22T16:54:45.155
ATTEMPT 592 W0 START 4x2 seed=702504 2026-07-22T16:54:45.155
ATTEMPT 592 W0 SOLVE 4x2 2026-07-22T16:54:45.174
ATTEMPT 592 W0 DONE 4x2 seed=702504 nsol=16 0.01s 2026-07-22T16:54:45.186
ATTEMPT 593 W0 START 4x2 seed=702505 2026-07-22T16:54:45.186
ATTEMPT 593 W0 SOLVE 4x2 2026-07-22T16:54:45.193
ATTEMPT 593 W0 DONE 4x2 seed=702505 nsol=16 0.01s 2026-07-22T16:54:45.208
ATTEMPT 594 W0 START 4x2 seed=702506 2026-07-22T16:54:45.208
ATTEMPT 594 W0 SOLVE 4x2 2026-07-22T16:54:45.215
ATTEMPT 594 W0 DONE 4x2 seed=702506 nsol=16 0.02s 2026-07-22T16:54:45.232
ATTEMPT 595 W0 START 4x2 seed=702507 2026-07-22T16:54:45.232
ATTEMPT 595 W0 SOLVE 4x2 2026-07-22T16:54:45.240
ATTEMPT 595 W0 DONE 4x2 seed=702507 nsol=16 0.02s 2026-07-22T16:54:45.256
ATTEMPT 596 W0 START 4x2 seed=702508 2026-07-22T16:54:45.256
ATTEMPT 596 W0 SOLVE 4x2 2026-07-22T16:54:45.263
ATTEMPT 596 W0 DONE 4x2 seed=702508 nsol=16 0.01s 2026-07-22T16:54:45.272
ATTEMPT 597 W0 START 4x2 seed=702509 2026-07-22T16:54:45.272
ATTEMPT 597 W0 SOLVE 4x2 2026-07-22T16:54:45.278
ATTEMPT 597 W0 DONE 4x2 seed=702509 nsol=16 0.02s 2026-07-22T16:54:45.297
ATTEMPT 598 W0 START 4x2 seed=702510 2026-07-22T16:54:45.297
ATTEMPT 598 W0 SOLVE 4x2 2026-07-22T16:54:45.304
ATTEMPT 598 W0 DONE 4x2 seed=702510 nsol=16 0.02s 2026-07-22T16:54:45.320
ATTEMPT 599 W0 START 4x2 seed=702511 2026-07-22T16:54:45.320
ATTEMPT 599 W0 SOLVE 4x2 2026-07-22T16:54:45.325
ATTEMPT 599 W0 DONE 4x2 seed=702511 nsol=16 0.03s 2026-07-22T16:54:45.356
ATTEMPT 600 W0 START 4x2 seed=702512 2026-07-22T16:54:45.356
ATTEMPT 600 W0 SOLVE 4x2 2026-07-22T16:54:45.361
ATTEMPT 600 W0 DONE 4x2 seed=702512 nsol=16 0.01s 2026-07-22T16:54:45.370
HUNT2 complete 2026-07-22T16:54:45.374
