HUNT2 start mode=seq hcthr=on nworkers=0 nthreads=14 ngcthreads=14 nsolves=600 seed_base=925801 shape=4x2 pid=2072893 julia=1.12.6 HC=2.20.0 2026-07-22T16:57:23.873
ATTEMPT 1 W0 START 4x2 seed=925802 2026-07-22T16:57:26.381
ATTEMPT 1 W0 SOLVE 4x2 2026-07-22T16:57:27.784
Computing mixed cells... 2    Time: 0:00:01[K
   mixed_volume: 4[K[A
[K[AComputing mixed cells... 8    Time: 0:00:01[K
   mixed_volume: 16[K
ATTEMPT 1 W0 DONE 4x2 seed=925802 nsol=16 53.71s 2026-07-22T16:58:21.746
ATTEMPT 2 W0 START 4x2 seed=925803 2026-07-22T16:58:22.390
ATTEMPT 2 W0 SOLVE 4x2 2026-07-22T16:58:22.403
ATTEMPT 2 W0 DONE 4x2 seed=925803 nsol=16 0.01s 2026-07-22T16:58:22.412
ATTEMPT 3 W0 START 4x2 seed=925804 2026-07-22T16:58:22.412
ATTEMPT 3 W0 SOLVE 4x2 2026-07-22T16:58:22.421
ATTEMPT 3 W0 DONE 4x2 seed=925804 nsol=16 0.02s 2026-07-22T16:58:22.442
ATTEMPT 4 W0 START 4x2 seed=925805 2026-07-22T16:58:22.442
ATTEMPT 4 W0 SOLVE 4x2 2026-07-22T16:58:22.447
ATTEMPT 4 W0 DONE 4x2 seed=925805 nsol=16 0.01s 2026-07-22T16:58:22.461
ATTEMPT 5 W0 START 4x2 seed=925806 2026-07-22T16:58:22.462
ATTEMPT 5 W0 SOLVE 4x2 2026-07-22T16:58:22.467
ATTEMPT 5 W0 DONE 4x2 seed=925806 nsol=16 0.02s 2026-07-22T16:58:22.489
ATTEMPT 6 W0 START 4x2 seed=925807 2026-07-22T16:58:22.490
ATTEMPT 6 W0 SOLVE 4x2 2026-07-22T16:58:22.495
ATTEMPT 6 W0 DONE 4x2 seed=925807 nsol=16 0.01s 2026-07-22T16:58:22.503
ATTEMPT 7 W0 START 4x2 seed=925808 2026-07-22T16:58:22.504
ATTEMPT 7 W0 SOLVE 4x2 2026-07-22T16:58:22.510
ATTEMPT 7 W0 DONE 4x2 seed=925808 nsol=16 0.01s 2026-07-22T16:58:22.517
ATTEMPT 8 W0 START 4x2 seed=925809 2026-07-22T16:58:22.517
ATTEMPT 8 W0 SOLVE 4x2 2026-07-22T16:58:22.524
ATTEMPT 8 W0 DONE 4x2 seed=925809 nsol=16 0.01s 2026-07-22T16:58:22.533
ATTEMPT 9 W0 START 4x2 seed=925810 2026-07-22T16:58:22.533
ATTEMPT 9 W0 SOLVE 4x2 2026-07-22T16:58:22.541
ATTEMPT 9 W0 DONE 4x2 seed=925810 nsol=16 0.02s 2026-07-22T16:58:22.561
ATTEMPT 10 W0 START 4x2 seed=925811 2026-07-22T16:58:22.562
ATTEMPT 10 W0 SOLVE 4x2 2026-07-22T16:58:22.567
ATTEMPT 10 W0 DONE 4x2 seed=925811 nsol=16 0.01s 2026-07-22T16:58:22.581
ATTEMPT 11 W0 START 4x2 seed=925812 2026-07-22T16:58:22.582
ATTEMPT 11 W0 SOLVE 4x2 2026-07-22T16:58:22.589
ATTEMPT 11 W0 DONE 4x2 seed=925812 nsol=16 0.01s 2026-07-22T16:58:22.601
ATTEMPT 12 W0 START 4x2 seed=925813 2026-07-22T16:58:22.601
ATTEMPT 12 W0 SOLVE 4x2 2026-07-22T16:58:22.607
ATTEMPT 12 W0 DONE 4x2 seed=925813 nsol=16 0.01s 2026-07-22T16:58:22.619
ATTEMPT 13 W0 START 4x2 seed=925814 2026-07-22T16:58:22.619
ATTEMPT 13 W0 SOLVE 4x2 2026-07-22T16:58:22.629
ATTEMPT 13 W0 DONE 4x2 seed=925814 nsol=16 0.00s 2026-07-22T16:58:22.637
ATTEMPT 14 W0 START 4x2 seed=925815 2026-07-22T16:58:22.637
ATTEMPT 14 W0 SOLVE 4x2 2026-07-22T16:58:22.648
ATTEMPT 14 W0 DONE 4x2 seed=925815 nsol=16 0.01s 2026-07-22T16:58:22.666
ATTEMPT 15 W0 START 4x2 seed=925816 2026-07-22T16:58:22.666
ATTEMPT 15 W0 SOLVE 4x2 2026-07-22T16:58:22.673
ATTEMPT 15 W0 DONE 4x2 seed=925816 nsol=16 0.01s 2026-07-22T16:58:22.690
ATTEMPT 16 W0 START 4x2 seed=925817 2026-07-22T16:58:22.690
ATTEMPT 16 W0 SOLVE 4x2 2026-07-22T16:58:22.700
ATTEMPT 16 W0 DONE 4x2 seed=925817 nsol=16 0.02s 2026-07-22T16:58:22.721
ATTEMPT 17 W0 START 4x2 seed=925818 2026-07-22T16:58:22.722
ATTEMPT 17 W0 SOLVE 4x2 2026-07-22T16:58:22.733
ATTEMPT 17 W0 DONE 4x2 seed=925818 nsol=16 0.01s 2026-07-22T16:58:22.745
ATTEMPT 18 W0 START 4x2 seed=925819 2026-07-22T16:58:22.746
ATTEMPT 18 W0 SOLVE 4x2 2026-07-22T16:58:22.761
ATTEMPT 18 W0 DONE 4x2 seed=925819 nsol=16 0.02s 2026-07-22T16:58:22.778
ATTEMPT 19 W0 START 4x2 seed=925820 2026-07-22T16:58:22.778
ATTEMPT 19 W0 SOLVE 4x2 2026-07-22T16:58:22.788
ATTEMPT 19 W0 DONE 4x2 seed=925820 nsol=16 0.02s 2026-07-22T16:58:22.806
ATTEMPT 20 W0 START 4x2 seed=925821 2026-07-22T16:58:22.806
ATTEMPT 20 W0 SOLVE 4x2 2026-07-22T16:58:22.818
ATTEMPT 20 W0 DONE 4x2 seed=925821 nsol=16 0.01s 2026-07-22T16:58:22.826
ATTEMPT 21 W0 START 4x2 seed=925822 2026-07-22T16:58:22.826
ATTEMPT 21 W0 SOLVE 4x2 2026-07-22T16:58:22.832
ATTEMPT 21 W0 DONE 4x2 seed=925822 nsol=16 0.02s 2026-07-22T16:58:22.861
ATTEMPT 22 W0 START 4x2 seed=925823 2026-07-22T16:58:22.861
ATTEMPT 22 W0 SOLVE 4x2 2026-07-22T16:58:22.868
ATTEMPT 22 W0 DONE 4x2 seed=925823 nsol=16 0.02s 2026-07-22T16:58:22.886
ATTEMPT 23 W0 START 4x2 seed=925824 2026-07-22T16:58:22.886
ATTEMPT 23 W0 SOLVE 4x2 2026-07-22T16:58:22.893
ATTEMPT 23 W0 DONE 4x2 seed=925824 nsol=16 0.02s 2026-07-22T16:58:22.909
ATTEMPT 24 W0 START 4x2 seed=925825 2026-07-22T16:58:22.910
ATTEMPT 24 W0 SOLVE 4x2 2026-07-22T16:58:22.915
ATTEMPT 24 W0 DONE 4x2 seed=925825 nsol=16 0.01s 2026-07-22T16:58:22.929
ATTEMPT 25 W0 START 4x2 seed=925826 2026-07-22T16:58:22.930
ATTEMPT 25 W0 SOLVE 4x2 2026-07-22T16:58:22.936
ATTEMPT 25 W0 DONE 4x2 seed=925826 nsol=16 0.02s 2026-07-22T16:58:22.953
ATTEMPT 26 W0 START 4x2 seed=925827 2026-07-22T16:58:22.954
ATTEMPT 26 W0 SOLVE 4x2 2026-07-22T16:58:22.962
ATTEMPT 26 W0 DONE 4x2 seed=925827 nsol=16 0.01s 2026-07-22T16:58:22.969
ATTEMPT 27 W0 START 4x2 seed=925828 2026-07-22T16:58:22.970
ATTEMPT 27 W0 SOLVE 4x2 2026-07-22T16:58:22.977
ATTEMPT 27 W0 DONE 4x2 seed=925828 nsol=16 0.02s 2026-07-22T16:58:22.997
ATTEMPT 28 W0 START 4x2 seed=925829 2026-07-22T16:58:22.997
ATTEMPT 28 W0 SOLVE 4x2 2026-07-22T16:58:23.003
ATTEMPT 28 W0 DONE 4x2 seed=925829 nsol=16 0.00s 2026-07-22T16:58:23.008
ATTEMPT 29 W0 START 4x2 seed=925830 2026-07-22T16:58:23.008
ATTEMPT 29 W0 SOLVE 4x2 2026-07-22T16:58:23.013
ATTEMPT 29 W0 DONE 4x2 seed=925830 nsol=16 0.01s 2026-07-22T16:58:23.026
ATTEMPT 30 W0 START 4x2 seed=925831 2026-07-22T16:58:23.027
ATTEMPT 30 W0 SOLVE 4x2 2026-07-22T16:58:23.035
ATTEMPT 30 W0 DONE 4x2 seed=925831 nsol=16 0.01s 2026-07-22T16:58:23.042
ATTEMPT 31 W0 START 4x2 seed=925832 2026-07-22T16:58:23.042
ATTEMPT 31 W0 SOLVE 4x2 2026-07-22T16:58:23.050
ATTEMPT 31 W0 DONE 4x2 seed=925832 nsol=16 0.02s 2026-07-22T16:58:23.069
ATTEMPT 32 W0 START 4x2 seed=925833 2026-07-22T16:58:23.070
ATTEMPT 32 W0 SOLVE 4x2 2026-07-22T16:58:23.076
ATTEMPT 32 W0 DONE 4x2 seed=925833 nsol=16 0.01s 2026-07-22T16:58:23.087
ATTEMPT 33 W0 START 4x2 seed=925834 2026-07-22T16:58:23.088
ATTEMPT 33 W0 SOLVE 4x2 2026-07-22T16:58:23.094
ATTEMPT 33 W0 DONE 4x2 seed=925834 nsol=16 0.01s 2026-07-22T16:58:23.108
ATTEMPT 34 W0 START 4x2 seed=925835 2026-07-22T16:58:23.108
ATTEMPT 34 W0 SOLVE 4x2 2026-07-22T16:58:23.113
ATTEMPT 34 W0 DONE 4x2 seed=925835 nsol=16 0.01s 2026-07-22T16:58:23.125
ATTEMPT 35 W0 START 4x2 seed=925836 2026-07-22T16:58:23.126
ATTEMPT 35 W0 SOLVE 4x2 2026-07-22T16:58:23.132
ATTEMPT 35 W0 DONE 4x2 seed=925836 nsol=16 0.09s 2026-07-22T16:58:23.217
ATTEMPT 36 W0 START 4x2 seed=925837 2026-07-22T16:58:23.217
ATTEMPT 36 W0 SOLVE 4x2 2026-07-22T16:58:23.233
ATTEMPT 36 W0 DONE 4x2 seed=925837 nsol=16 0.01s 2026-07-22T16:58:23.253
ATTEMPT 37 W0 START 4x2 seed=925838 2026-07-22T16:58:23.253
ATTEMPT 37 W0 SOLVE 4x2 2026-07-22T16:58:23.267
ATTEMPT 37 W0 DONE 4x2 seed=925838 nsol=16 0.02s 2026-07-22T16:58:23.289
ATTEMPT 38 W0 START 4x2 seed=925839 2026-07-22T16:58:23.289
ATTEMPT 38 W0 SOLVE 4x2 2026-07-22T16:58:23.295
ATTEMPT 38 W0 DONE 4x2 seed=925839 nsol=16 0.02s 2026-07-22T16:58:23.310
ATTEMPT 39 W0 START 4x2 seed=925840 2026-07-22T16:58:23.310
ATTEMPT 39 W0 SOLVE 4x2 2026-07-22T16:58:23.315
ATTEMPT 39 W0 DONE 4x2 seed=925840 nsol=16 0.02s 2026-07-22T16:58:23.332
ATTEMPT 40 W0 START 4x2 seed=925841 2026-07-22T16:58:23.333
ATTEMPT 40 W0 SOLVE 4x2 2026-07-22T16:58:23.347
ATTEMPT 40 W0 DONE 4x2 seed=925841 nsol=16 0.01s 2026-07-22T16:58:23.353
ATTEMPT 41 W0 START 4x2 seed=925842 2026-07-22T16:58:23.353
ATTEMPT 41 W0 SOLVE 4x2 2026-07-22T16:58:23.363
ATTEMPT 41 W0 DONE 4x2 seed=925842 nsol=16 0.02s 2026-07-22T16:58:23.381
ATTEMPT 42 W0 START 4x2 seed=925843 2026-07-22T16:58:23.381
ATTEMPT 42 W0 SOLVE 4x2 2026-07-22T16:58:23.387
ATTEMPT 42 W0 DONE 4x2 seed=925843 nsol=16 0.01s 2026-07-22T16:58:23.399
ATTEMPT 43 W0 START 4x2 seed=925844 2026-07-22T16:58:23.399
ATTEMPT 43 W0 SOLVE 4x2 2026-07-22T16:58:23.404
ATTEMPT 43 W0 DONE 4x2 seed=925844 nsol=16 0.02s 2026-07-22T16:58:23.420
ATTEMPT 44 W0 START 4x2 seed=925845 2026-07-22T16:58:23.420
ATTEMPT 44 W0 SOLVE 4x2 2026-07-22T16:58:23.426
ATTEMPT 44 W0 DONE 4x2 seed=925845 nsol=16 0.01s 2026-07-22T16:58:23.431
ATTEMPT 45 W0 START 4x2 seed=925846 2026-07-22T16:58:23.432
ATTEMPT 45 W0 SOLVE 4x2 2026-07-22T16:58:23.439
ATTEMPT 45 W0 DONE 4x2 seed=925846 nsol=16 0.01s 2026-07-22T16:58:23.452
ATTEMPT 46 W0 START 4x2 seed=925847 2026-07-22T16:58:23.453
ATTEMPT 46 W0 SOLVE 4x2 2026-07-22T16:58:23.458
ATTEMPT 46 W0 DONE 4x2 seed=925847 nsol=16 0.01s 2026-07-22T16:58:23.468
ATTEMPT 47 W0 START 4x2 seed=925848 2026-07-22T16:58:23.468
ATTEMPT 47 W0 SOLVE 4x2 2026-07-22T16:58:23.474
ATTEMPT 47 W0 DONE 4x2 seed=925848 nsol=16 0.01s 2026-07-22T16:58:23.480
ATTEMPT 48 W0 START 4x2 seed=925849 2026-07-22T16:58:23.480
ATTEMPT 48 W0 SOLVE 4x2 2026-07-22T16:58:23.485
ATTEMPT 48 W0 DONE 4x2 seed=925849 nsol=16 0.01s 2026-07-22T16:58:23.497
ATTEMPT 49 W0 START 4x2 seed=925850 2026-07-22T16:58:23.497
ATTEMPT 49 W0 SOLVE 4x2 2026-07-22T16:58:23.503
ATTEMPT 49 W0 DONE 4x2 seed=925850 nsol=16 0.02s 2026-07-22T16:58:23.520
ATTEMPT 50 W0 START 4x2 seed=925851 2026-07-22T16:58:23.521
ATTEMPT 50 W0 SOLVE 4x2 2026-07-22T16:58:23.526
ATTEMPT 50 W0 DONE 4x2 seed=925851 nsol=16 0.02s 2026-07-22T16:58:23.543
ATTEMPT 51 W0 START 4x2 seed=925852 2026-07-22T16:58:23.543
ATTEMPT 51 W0 SOLVE 4x2 2026-07-22T16:58:23.548
ATTEMPT 51 W0 DONE 4x2 seed=925852 nsol=16 0.01s 2026-07-22T16:58:23.554
ATTEMPT 52 W0 START 4x2 seed=925853 2026-07-22T16:58:23.554
ATTEMPT 52 W0 SOLVE 4x2 2026-07-22T16:58:23.560
ATTEMPT 52 W0 DONE 4x2 seed=925853 nsol=16 0.02s 2026-07-22T16:58:23.583
ATTEMPT 53 W0 START 4x2 seed=925854 2026-07-22T16:58:23.583
ATTEMPT 53 W0 SOLVE 4x2 2026-07-22T16:58:23.592
ATTEMPT 53 W0 DONE 4x2 seed=925854 nsol=16 0.01s 2026-07-22T16:58:23.606
ATTEMPT 54 W0 START 4x2 seed=925855 2026-07-22T16:58:23.606
ATTEMPT 54 W0 SOLVE 4x2 2026-07-22T16:58:23.616
ATTEMPT 54 W0 DONE 4x2 seed=925855 nsol=16 0.00s 2026-07-22T16:58:23.625
ATTEMPT 55 W0 START 4x2 seed=925856 2026-07-22T16:58:23.626
ATTEMPT 55 W0 SOLVE 4x2 2026-07-22T16:58:23.636
ATTEMPT 55 W0 DONE 4x2 seed=925856 nsol=16 0.02s 2026-07-22T16:58:23.657
ATTEMPT 56 W0 START 4x2 seed=925857 2026-07-22T16:58:23.657
ATTEMPT 56 W0 SOLVE 4x2 2026-07-22T16:58:23.667
ATTEMPT 56 W0 DONE 4x2 seed=925857 nsol=16 0.02s 2026-07-22T16:58:23.685
ATTEMPT 57 W0 START 4x2 seed=925858 2026-07-22T16:58:23.685
ATTEMPT 57 W0 SOLVE 4x2 2026-07-22T16:58:23.691
ATTEMPT 57 W0 DONE 4x2 seed=925858 nsol=16 0.01s 2026-07-22T16:58:23.699
ATTEMPT 58 W0 START 4x2 seed=925859 2026-07-22T16:58:23.699
ATTEMPT 58 W0 SOLVE 4x2 2026-07-22T16:58:23.705
ATTEMPT 58 W0 DONE 4x2 seed=925859 nsol=16 0.01s 2026-07-22T16:58:23.719
ATTEMPT 59 W0 START 4x2 seed=925860 2026-07-22T16:58:23.719
ATTEMPT 59 W0 SOLVE 4x2 2026-07-22T16:58:23.725
ATTEMPT 59 W0 DONE 4x2 seed=925860 nsol=16 0.02s 2026-07-22T16:58:23.749
ATTEMPT 60 W0 START 4x2 seed=925861 2026-07-22T16:58:23.749
ATTEMPT 60 W0 SOLVE 4x2 2026-07-22T16:58:23.755
ATTEMPT 60 W0 DONE 4x2 seed=925861 nsol=16 0.01s 2026-07-22T16:58:23.764
ATTEMPT 61 W0 START 4x2 seed=925862 2026-07-22T16:58:23.764
ATTEMPT 61 W0 SOLVE 4x2 2026-07-22T16:58:23.769
ATTEMPT 61 W0 DONE 4x2 seed=925862 nsol=16 0.02s 2026-07-22T16:58:23.790
ATTEMPT 62 W0 START 4x2 seed=925863 2026-07-22T16:58:23.790
ATTEMPT 62 W0 SOLVE 4x2 2026-07-22T16:58:23.795
ATTEMPT 62 W0 DONE 4x2 seed=925863 nsol=16 0.03s 2026-07-22T16:58:23.828
ATTEMPT 63 W0 START 4x2 seed=925864 2026-07-22T16:58:23.828
ATTEMPT 63 W0 SOLVE 4x2 2026-07-22T16:58:23.833
ATTEMPT 63 W0 DONE 4x2 seed=925864 nsol=16 0.01s 2026-07-22T16:58:23.840
ATTEMPT 64 W0 START 4x2 seed=925865 2026-07-22T16:58:23.840
ATTEMPT 64 W0 SOLVE 4x2 2026-07-22T16:58:23.846
ATTEMPT 64 W0 DONE 4x2 seed=925865 nsol=16 0.01s 2026-07-22T16:58:23.860
ATTEMPT 65 W0 START 4x2 seed=925866 2026-07-22T16:58:23.861
ATTEMPT 65 W0 SOLVE 4x2 2026-07-22T16:58:23.867
ATTEMPT 65 W0 DONE 4x2 seed=925866 nsol=16 0.02s 2026-07-22T16:58:23.889
ATTEMPT 66 W0 START 4x2 seed=925867 2026-07-22T16:58:23.890
ATTEMPT 66 W0 SOLVE 4x2 2026-07-22T16:58:23.895
ATTEMPT 66 W0 DONE 4x2 seed=925867 nsol=16 0.01s 2026-07-22T16:58:23.905
ATTEMPT 67 W0 START 4x2 seed=925868 2026-07-22T16:58:23.906
ATTEMPT 67 W0 SOLVE 4x2 2026-07-22T16:58:23.911
ATTEMPT 67 W0 DONE 4x2 seed=925868 nsol=16 0.01s 2026-07-22T16:58:23.925
ATTEMPT 68 W0 START 4x2 seed=925869 2026-07-22T16:58:23.926
ATTEMPT 68 W0 SOLVE 4x2 2026-07-22T16:58:23.932
ATTEMPT 68 W0 DONE 4x2 seed=925869 nsol=16 0.01s 2026-07-22T16:58:23.941
ATTEMPT 69 W0 START 4x2 seed=925870 2026-07-22T16:58:23.942
ATTEMPT 69 W0 SOLVE 4x2 2026-07-22T16:58:23.947
ATTEMPT 69 W0 DONE 4x2 seed=925870 nsol=16 0.02s 2026-07-22T16:58:23.969
ATTEMPT 70 W0 START 4x2 seed=925871 2026-07-22T16:58:23.970
ATTEMPT 70 W0 SOLVE 4x2 2026-07-22T16:58:23.976
ATTEMPT 70 W0 DONE 4x2 seed=925871 nsol=16 0.02s 2026-07-22T16:58:23.995
ATTEMPT 71 W0 START 4x2 seed=925872 2026-07-22T16:58:23.995
ATTEMPT 71 W0 SOLVE 4x2 2026-07-22T16:58:24
ATTEMPT 71 W0 DONE 4x2 seed=925872 nsol=16 0.02s 2026-07-22T16:58:24.018
ATTEMPT 72 W0 START 4x2 seed=925873 2026-07-22T16:58:24.018
ATTEMPT 72 W0 SOLVE 4x2 2026-07-22T16:58:24.024
ATTEMPT 72 W0 DONE 4x2 seed=925873 nsol=16 0.01s 2026-07-22T16:58:24.037
ATTEMPT 73 W0 START 4x2 seed=925874 2026-07-22T16:58:24.037
ATTEMPT 73 W0 SOLVE 4x2 2026-07-22T16:58:24.042
ATTEMPT 73 W0 DONE 4x2 seed=925874 nsol=16 0.01s 2026-07-22T16:58:24.050
ATTEMPT 74 W0 START 4x2 seed=925875 2026-07-22T16:58:24.050
ATTEMPT 74 W0 SOLVE 4x2 2026-07-22T16:58:24.055
ATTEMPT 74 W0 DONE 4x2 seed=925875 nsol=16 0.01s 2026-07-22T16:58:24.069
ATTEMPT 75 W0 START 4x2 seed=925876 2026-07-22T16:58:24.070
ATTEMPT 75 W0 SOLVE 4x2 2026-07-22T16:58:24.075
ATTEMPT 75 W0 DONE 4x2 seed=925876 nsol=16 0.01s 2026-07-22T16:58:24.087
ATTEMPT 76 W0 START 4x2 seed=925877 2026-07-22T16:58:24.087
ATTEMPT 76 W0 SOLVE 4x2 2026-07-22T16:58:24.092
ATTEMPT 76 W0 DONE 4x2 seed=925877 nsol=16 0.02s 2026-07-22T16:58:24.109
ATTEMPT 77 W0 START 4x2 seed=925878 2026-07-22T16:58:24.109
ATTEMPT 77 W0 SOLVE 4x2 2026-07-22T16:58:24.117
ATTEMPT 77 W0 DONE 4x2 seed=925878 nsol=16 0.01s 2026-07-22T16:58:24.129
ATTEMPT 78 W0 START 4x2 seed=925879 2026-07-22T16:58:24.129
ATTEMPT 78 W0 SOLVE 4x2 2026-07-22T16:58:24.134
ATTEMPT 78 W0 DONE 4x2 seed=925879 nsol=16 0.01s 2026-07-22T16:58:24.145
ATTEMPT 79 W0 START 4x2 seed=925880 2026-07-22T16:58:24.145
ATTEMPT 79 W0 SOLVE 4x2 2026-07-22T16:58:24.152
ATTEMPT 79 W0 DONE 4x2 seed=925880 nsol=16 0.01s 2026-07-22T16:58:24.161
ATTEMPT 80 W0 START 4x2 seed=925881 2026-07-22T16:58:24.161
ATTEMPT 80 W0 SOLVE 4x2 2026-07-22T16:58:24.168
ATTEMPT 80 W0 DONE 4x2 seed=925881 nsol=16 0.02s 2026-07-22T16:58:24.189
ATTEMPT 81 W0 START 4x2 seed=925882 2026-07-22T16:58:24.190
ATTEMPT 81 W0 SOLVE 4x2 2026-07-22T16:58:24.195
ATTEMPT 81 W0 DONE 4x2 seed=925882 nsol=16 0.02s 2026-07-22T16:58:24.215
ATTEMPT 82 W0 START 4x2 seed=925883 2026-07-22T16:58:24.215
ATTEMPT 82 W0 SOLVE 4x2 2026-07-22T16:58:24.222
ATTEMPT 82 W0 DONE 4x2 seed=925883 nsol=16 0.01s 2026-07-22T16:58:24.237
ATTEMPT 83 W0 START 4x2 seed=925884 2026-07-22T16:58:24.237
ATTEMPT 83 W0 SOLVE 4x2 2026-07-22T16:58:24.244
ATTEMPT 83 W0 DONE 4x2 seed=925884 nsol=16 0.02s 2026-07-22T16:58:24.261
ATTEMPT 84 W0 START 4x2 seed=925885 2026-07-22T16:58:24.262
ATTEMPT 84 W0 SOLVE 4x2 2026-07-22T16:58:24.268
ATTEMPT 84 W0 DONE 4x2 seed=925885 nsol=16 0.01s 2026-07-22T16:58:24.281
ATTEMPT 85 W0 START 4x2 seed=925886 2026-07-22T16:58:24.282
ATTEMPT 85 W0 SOLVE 4x2 2026-07-22T16:58:24.287
ATTEMPT 85 W0 DONE 4x2 seed=925886 nsol=16 0.01s 2026-07-22T16:58:24.301
ATTEMPT 86 W0 START 4x2 seed=925887 2026-07-22T16:58:24.302
ATTEMPT 86 W0 SOLVE 4x2 2026-07-22T16:58:24.307
ATTEMPT 86 W0 DONE 4x2 seed=925887 nsol=16 0.01s 2026-07-22T16:58:24.313
ATTEMPT 87 W0 START 4x2 seed=925888 2026-07-22T16:58:24.314
ATTEMPT 87 W0 SOLVE 4x2 2026-07-22T16:58:24.319
ATTEMPT 87 W0 DONE 4x2 seed=925888 nsol=16 0.01s 2026-07-22T16:58:24.333
ATTEMPT 88 W0 START 4x2 seed=925889 2026-07-22T16:58:24.334
ATTEMPT 88 W0 SOLVE 4x2 2026-07-22T16:58:24.340
ATTEMPT 88 W0 DONE 4x2 seed=925889 nsol=16 0.01s 2026-07-22T16:58:24.353
ATTEMPT 89 W0 START 4x2 seed=925890 2026-07-22T16:58:24.354
ATTEMPT 89 W0 SOLVE 4x2 2026-07-22T16:58:24.360
ATTEMPT 89 W0 DONE 4x2 seed=925890 nsol=16 0.02s 2026-07-22T16:58:24.377
ATTEMPT 90 W0 START 4x2 seed=925891 2026-07-22T16:58:24.377
ATTEMPT 90 W0 SOLVE 4x2 2026-07-22T16:58:24.383
ATTEMPT 90 W0 DONE 4x2 seed=925891 nsol=16 0.05s 2026-07-22T16:58:24.437
ATTEMPT 91 W0 START 4x2 seed=925892 2026-07-22T16:58:24.437
ATTEMPT 91 W0 SOLVE 4x2 2026-07-22T16:58:24.443
ATTEMPT 91 W0 DONE 4x2 seed=925892 nsol=16 0.02s 2026-07-22T16:58:24.461
ATTEMPT 92 W0 START 4x2 seed=925893 2026-07-22T16:58:24.462
ATTEMPT 92 W0 SOLVE 4x2 2026-07-22T16:58:24.467
ATTEMPT 92 W0 DONE 4x2 seed=925893 nsol=16 0.01s 2026-07-22T16:58:24.477
ATTEMPT 93 W0 START 4x2 seed=925894 2026-07-22T16:58:24.478
ATTEMPT 93 W0 SOLVE 4x2 2026-07-22T16:58:24.483
ATTEMPT 93 W0 DONE 4x2 seed=925894 nsol=16 0.01s 2026-07-22T16:58:24.496
ATTEMPT 94 W0 START 4x2 seed=925895 2026-07-22T16:58:24.497
ATTEMPT 94 W0 SOLVE 4x2 2026-07-22T16:58:24.504
ATTEMPT 94 W0 DONE 4x2 seed=925895 nsol=16 0.02s 2026-07-22T16:58:24.522
ATTEMPT 95 W0 START 4x2 seed=925896 2026-07-22T16:58:24.523
ATTEMPT 95 W0 SOLVE 4x2 2026-07-22T16:58:24.529
ATTEMPT 95 W0 DONE 4x2 seed=925896 nsol=16 0.01s 2026-07-22T16:58:24.537
ATTEMPT 96 W0 START 4x2 seed=925897 2026-07-22T16:58:24.538
ATTEMPT 96 W0 SOLVE 4x2 2026-07-22T16:58:24.543
ATTEMPT 96 W0 DONE 4x2 seed=925897 nsol=16 0.01s 2026-07-22T16:58:24.548
ATTEMPT 97 W0 START 4x2 seed=925898 2026-07-22T16:58:24.548
ATTEMPT 97 W0 SOLVE 4x2 2026-07-22T16:58:24.553
ATTEMPT 97 W0 DONE 4x2 seed=925898 nsol=16 0.01s 2026-07-22T16:58:24.564
ATTEMPT 98 W0 START 4x2 seed=925899 2026-07-22T16:58:24.565
ATTEMPT 98 W0 SOLVE 4x2 2026-07-22T16:58:24.570
ATTEMPT 98 W0 DONE 4x2 seed=925899 nsol=16 0.01s 2026-07-22T16:58:24.581
ATTEMPT 99 W0 START 4x2 seed=925900 2026-07-22T16:58:24.582
ATTEMPT 99 W0 SOLVE 4x2 2026-07-22T16:58:24.587
ATTEMPT 99 W0 DONE 4x2 seed=925900 nsol=16 0.01s 2026-07-22T16:58:24.601
ATTEMPT 100 W0 START 4x2 seed=925901 2026-07-22T16:58:24.602
ATTEMPT 100 W0 SOLVE 4x2 2026-07-22T16:58:24.607
ATTEMPT 100 W0 DONE 4x2 seed=925901 nsol=16 0.01s 2026-07-22T16:58:24.619
ATTEMPT 101 W0 START 4x2 seed=925902 2026-07-22T16:58:24.619
ATTEMPT 101 W0 SOLVE 4x2 2026-07-22T16:58:24.627
ATTEMPT 101 W0 DONE 4x2 seed=925902 nsol=16 0.02s 2026-07-22T16:58:24.645
ATTEMPT 102 W0 START 4x2 seed=925903 2026-07-22T16:58:24.646
ATTEMPT 102 W0 SOLVE 4x2 2026-07-22T16:58:24.651
ATTEMPT 102 W0 DONE 4x2 seed=925903 nsol=16 0.02s 2026-07-22T16:58:24.672
ATTEMPT 103 W0 START 4x2 seed=925904 2026-07-22T16:58:24.672
ATTEMPT 103 W0 SOLVE 4x2 2026-07-22T16:58:24.678
ATTEMPT 103 W0 DONE 4x2 seed=925904 nsol=16 0.01s 2026-07-22T16:58:24.686
ATTEMPT 104 W0 START 4x2 seed=925905 2026-07-22T16:58:24.686
ATTEMPT 104 W0 SOLVE 4x2 2026-07-22T16:58:24.691
ATTEMPT 104 W0 DONE 4x2 seed=925905 nsol=16 0.01s 2026-07-22T16:58:24.701
ATTEMPT 105 W0 START 4x2 seed=925906 2026-07-22T16:58:24.702
ATTEMPT 105 W0 SOLVE 4x2 2026-07-22T16:58:24.707
ATTEMPT 105 W0 DONE 4x2 seed=925906 nsol=16 0.01s 2026-07-22T16:58:24.717
ATTEMPT 106 W0 START 4x2 seed=925907 2026-07-22T16:58:24.718
ATTEMPT 106 W0 SOLVE 4x2 2026-07-22T16:58:24.723
ATTEMPT 106 W0 DONE 4x2 seed=925907 nsol=16 0.01s 2026-07-22T16:58:24.737
ATTEMPT 107 W0 START 4x2 seed=925908 2026-07-22T16:58:24.738
ATTEMPT 107 W0 SOLVE 4x2 2026-07-22T16:58:24.744
ATTEMPT 107 W0 DONE 4x2 seed=925908 nsol=16 0.02s 2026-07-22T16:58:24.761
ATTEMPT 108 W0 START 4x2 seed=925909 2026-07-22T16:58:24.762
ATTEMPT 108 W0 SOLVE 4x2 2026-07-22T16:58:24.769
ATTEMPT 108 W0 DONE 4x2 seed=925909 nsol=16 0.01s 2026-07-22T16:58:24.781
ATTEMPT 109 W0 START 4x2 seed=925910 2026-07-22T16:58:24.782
ATTEMPT 109 W0 SOLVE 4x2 2026-07-22T16:58:24.787
ATTEMPT 109 W0 DONE 4x2 seed=925910 nsol=16 0.01s 2026-07-22T16:58:24.797
ATTEMPT 110 W0 START 4x2 seed=925911 2026-07-22T16:58:24.798
ATTEMPT 110 W0 SOLVE 4x2 2026-07-22T16:58:24.803
ATTEMPT 110 W0 DONE 4x2 seed=925911 nsol=16 0.01s 2026-07-22T16:58:24.809
ATTEMPT 111 W0 START 4x2 seed=925912 2026-07-22T16:58:24.809
ATTEMPT 111 W0 SOLVE 4x2 2026-07-22T16:58:24.815
ATTEMPT 111 W0 DONE 4x2 seed=925912 nsol=16 0.02s 2026-07-22T16:58:24.833
ATTEMPT 112 W0 START 4x2 seed=925913 2026-07-22T16:58:24.833
ATTEMPT 112 W0 SOLVE 4x2 2026-07-22T16:58:24.838
ATTEMPT 112 W0 DONE 4x2 seed=925913 nsol=16 0.01s 2026-07-22T16:58:24.847
ATTEMPT 113 W0 START 4x2 seed=925914 2026-07-22T16:58:24.847
ATTEMPT 113 W0 SOLVE 4x2 2026-07-22T16:58:24.852
ATTEMPT 113 W0 DONE 4x2 seed=925914 nsol=16 0.02s 2026-07-22T16:58:24.870
ATTEMPT 114 W0 START 4x2 seed=925915 2026-07-22T16:58:24.870
ATTEMPT 114 W0 SOLVE 4x2 2026-07-22T16:58:24.875
ATTEMPT 114 W0 DONE 4x2 seed=925915 nsol=16 0.00s 2026-07-22T16:58:24.880
ATTEMPT 115 W0 START 4x2 seed=925916 2026-07-22T16:58:24.880
ATTEMPT 115 W0 SOLVE 4x2 2026-07-22T16:58:24.884
ATTEMPT 115 W0 DONE 4x2 seed=925916 nsol=16 0.01s 2026-07-22T16:58:24.891
ATTEMPT 116 W0 START 4x2 seed=925917 2026-07-22T16:58:24.891
ATTEMPT 116 W0 SOLVE 4x2 2026-07-22T16:58:24.896
ATTEMPT 116 W0 DONE 4x2 seed=925917 nsol=16 0.01s 2026-07-22T16:58:24.906
ATTEMPT 117 W0 START 4x2 seed=925918 2026-07-22T16:58:24.906
ATTEMPT 117 W0 SOLVE 4x2 2026-07-22T16:58:24.911
ATTEMPT 117 W0 DONE 4x2 seed=925918 nsol=16 0.01s 2026-07-22T16:58:24.921
ATTEMPT 118 W0 START 4x2 seed=925919 2026-07-22T16:58:24.921
ATTEMPT 118 W0 SOLVE 4x2 2026-07-22T16:58:24.929
ATTEMPT 118 W0 DONE 4x2 seed=925919 nsol=16 0.01s 2026-07-22T16:58:24.943
ATTEMPT 119 W0 START 4x2 seed=925920 2026-07-22T16:58:24.943
ATTEMPT 119 W0 SOLVE 4x2 2026-07-22T16:58:24.949
ATTEMPT 119 W0 DONE 4x2 seed=925920 nsol=16 0.01s 2026-07-22T16:58:24.955
ATTEMPT 120 W0 START 4x2 seed=925921 2026-07-22T16:58:24.955
ATTEMPT 120 W0 SOLVE 4x2 2026-07-22T16:58:24.961
ATTEMPT 120 W0 DONE 4x2 seed=925921 nsol=16 0.01s 2026-07-22T16:58:24.968
ATTEMPT 121 W0 START 4x2 seed=925922 2026-07-22T16:58:24.968
ATTEMPT 121 W0 SOLVE 4x2 2026-07-22T16:58:24.973
ATTEMPT 121 W0 DONE 4x2 seed=925922 nsol=16 0.01s 2026-07-22T16:58:24.986
ATTEMPT 122 W0 START 4x2 seed=925923 2026-07-22T16:58:24.986
ATTEMPT 122 W0 SOLVE 4x2 2026-07-22T16:58:24.992
ATTEMPT 122 W0 DONE 4x2 seed=925923 nsol=16 0.00s 2026-07-22T16:58:24.997
ATTEMPT 123 W0 START 4x2 seed=925924 2026-07-22T16:58:24.997
ATTEMPT 123 W0 SOLVE 4x2 2026-07-22T16:58:25.003
ATTEMPT 123 W0 DONE 4x2 seed=925924 nsol=16 0.02s 2026-07-22T16:58:25.021
ATTEMPT 124 W0 START 4x2 seed=925925 2026-07-22T16:58:25.022
ATTEMPT 124 W0 SOLVE 4x2 2026-07-22T16:58:25.028
ATTEMPT 124 W0 DONE 4x2 seed=925925 nsol=16 0.02s 2026-07-22T16:58:25.045
ATTEMPT 125 W0 START 4x2 seed=925926 2026-07-22T16:58:25.046
ATTEMPT 125 W0 SOLVE 4x2 2026-07-22T16:58:25.052
ATTEMPT 125 W0 DONE 4x2 seed=925926 nsol=16 0.01s 2026-07-22T16:58:25.065
ATTEMPT 126 W0 START 4x2 seed=925927 2026-07-22T16:58:25.066
ATTEMPT 126 W0 SOLVE 4x2 2026-07-22T16:58:25.071
ATTEMPT 126 W0 DONE 4x2 seed=925927 nsol=16 0.01s 2026-07-22T16:58:25.077
ATTEMPT 127 W0 START 4x2 seed=925928 2026-07-22T16:58:25.077
ATTEMPT 127 W0 SOLVE 4x2 2026-07-22T16:58:25.087
ATTEMPT 127 W0 DONE 4x2 seed=925928 nsol=16 0.01s 2026-07-22T16:58:25.093
ATTEMPT 128 W0 START 4x2 seed=925929 2026-07-22T16:58:25.094
ATTEMPT 128 W0 SOLVE 4x2 2026-07-22T16:58:25.099
ATTEMPT 128 W0 DONE 4x2 seed=925929 nsol=16 0.01s 2026-07-22T16:58:25.113
ATTEMPT 129 W0 START 4x2 seed=925930 2026-07-22T16:58:25.114
ATTEMPT 129 W0 SOLVE 4x2 2026-07-22T16:58:25.119
ATTEMPT 129 W0 DONE 4x2 seed=925930 nsol=16 0.02s 2026-07-22T16:58:25.137
ATTEMPT 130 W0 START 4x2 seed=925931 2026-07-22T16:58:25.138
ATTEMPT 130 W0 SOLVE 4x2 2026-07-22T16:58:25.143
ATTEMPT 130 W0 DONE 4x2 seed=925931 nsol=16 0.01s 2026-07-22T16:58:25.153
ATTEMPT 131 W0 START 4x2 seed=925932 2026-07-22T16:58:25.153
ATTEMPT 131 W0 SOLVE 4x2 2026-07-22T16:58:25.159
ATTEMPT 131 W0 DONE 4x2 seed=925932 nsol=16 0.01s 2026-07-22T16:58:25.165
ATTEMPT 132 W0 START 4x2 seed=925933 2026-07-22T16:58:25.165
ATTEMPT 132 W0 SOLVE 4x2 2026-07-22T16:58:25.171
ATTEMPT 132 W0 DONE 4x2 seed=925933 nsol=16 0.01s 2026-07-22T16:58:25.185
ATTEMPT 133 W0 START 4x2 seed=925934 2026-07-22T16:58:25.186
ATTEMPT 133 W0 SOLVE 4x2 2026-07-22T16:58:25.193
ATTEMPT 133 W0 DONE 4x2 seed=925934 nsol=16 0.03s 2026-07-22T16:58:25.221
ATTEMPT 134 W0 START 4x2 seed=925935 2026-07-22T16:58:25.221
ATTEMPT 134 W0 SOLVE 4x2 2026-07-22T16:58:25.229
ATTEMPT 134 W0 DONE 4x2 seed=925935 nsol=16 0.02s 2026-07-22T16:58:25.245
ATTEMPT 135 W0 START 4x2 seed=925936 2026-07-22T16:58:25.246
ATTEMPT 135 W0 SOLVE 4x2 2026-07-22T16:58:25.252
ATTEMPT 135 W0 DONE 4x2 seed=925936 nsol=16 0.01s 2026-07-22T16:58:25.261
ATTEMPT 136 W0 START 4x2 seed=925937 2026-07-22T16:58:25.261
ATTEMPT 136 W0 SOLVE 4x2 2026-07-22T16:58:25.267
ATTEMPT 136 W0 DONE 4x2 seed=925937 nsol=16 0.01s 2026-07-22T16:58:25.281
ATTEMPT 137 W0 START 4x2 seed=925938 2026-07-22T16:58:25.282
ATTEMPT 137 W0 SOLVE 4x2 2026-07-22T16:58:25.286
ATTEMPT 137 W0 DONE 4x2 seed=925938 nsol=16 0.01s 2026-07-22T16:58:25.301
ATTEMPT 138 W0 START 4x2 seed=925939 2026-07-22T16:58:25.302
ATTEMPT 138 W0 SOLVE 4x2 2026-07-22T16:58:25.307
ATTEMPT 138 W0 DONE 4x2 seed=925939 nsol=16 0.01s 2026-07-22T16:58:25.322
ATTEMPT 139 W0 START 4x2 seed=925940 2026-07-22T16:58:25.322
ATTEMPT 139 W0 SOLVE 4x2 2026-07-22T16:58:25.328
ATTEMPT 139 W0 DONE 4x2 seed=925940 nsol=16 0.02s 2026-07-22T16:58:25.345
ATTEMPT 140 W0 START 4x2 seed=925941 2026-07-22T16:58:25.346
ATTEMPT 140 W0 SOLVE 4x2 2026-07-22T16:58:25.352
ATTEMPT 140 W0 DONE 4x2 seed=925941 nsol=16 0.04s 2026-07-22T16:58:25.392
ATTEMPT 141 W0 START 4x2 seed=925942 2026-07-22T16:58:25.399
ATTEMPT 141 W0 SOLVE 4x2 2026-07-22T16:58:25.412
ATTEMPT 141 W0 DONE 4x2 seed=925942 nsol=16 0.02s 2026-07-22T16:58:25.431
ATTEMPT 142 W0 START 4x2 seed=925943 2026-07-22T16:58:25.432
ATTEMPT 142 W0 SOLVE 4x2 2026-07-22T16:58:25.444
ATTEMPT 142 W0 DONE 4x2 seed=925943 nsol=16 0.01s 2026-07-22T16:58:25.457
ATTEMPT 143 W0 START 4x2 seed=925944 2026-07-22T16:58:25.458
ATTEMPT 143 W0 SOLVE 4x2 2026-07-22T16:58:25.464
ATTEMPT 143 W0 DONE 4x2 seed=925944 nsol=16 0.01s 2026-07-22T16:58:25.477
ATTEMPT 144 W0 START 4x2 seed=925945 2026-07-22T16:58:25.478
ATTEMPT 144 W0 SOLVE 4x2 2026-07-22T16:58:25.483
ATTEMPT 144 W0 DONE 4x2 seed=925945 nsol=16 0.01s 2026-07-22T16:58:25.497
ATTEMPT 145 W0 START 4x2 seed=925946 2026-07-22T16:58:25.498
ATTEMPT 145 W0 SOLVE 4x2 2026-07-22T16:58:25.504
ATTEMPT 145 W0 DONE 4x2 seed=925946 nsol=16 0.02s 2026-07-22T16:58:25.526
ATTEMPT 146 W0 START 4x2 seed=925947 2026-07-22T16:58:25.526
ATTEMPT 146 W0 SOLVE 4x2 2026-07-22T16:58:25.535
ATTEMPT 146 W0 DONE 4x2 seed=925947 nsol=16 0.01s 2026-07-22T16:58:25.543
ATTEMPT 147 W0 START 4x2 seed=925948 2026-07-22T16:58:25.543
ATTEMPT 147 W0 SOLVE 4x2 2026-07-22T16:58:25.549
ATTEMPT 147 W0 DONE 4x2 seed=925948 nsol=16 0.02s 2026-07-22T16:58:25.570
ATTEMPT 148 W0 START 4x2 seed=925949 2026-07-22T16:58:25.571
ATTEMPT 148 W0 SOLVE 4x2 2026-07-22T16:58:25.576
ATTEMPT 148 W0 DONE 4x2 seed=925949 nsol=16 0.01s 2026-07-22T16:58:25.585
ATTEMPT 149 W0 START 4x2 seed=925950 2026-07-22T16:58:25.586
ATTEMPT 149 W0 SOLVE 4x2 2026-07-22T16:58:25.591
ATTEMPT 149 W0 DONE 4x2 seed=925950 nsol=16 0.01s 2026-07-22T16:58:25.596
ATTEMPT 150 W0 START 4x2 seed=925951 2026-07-22T16:58:25.596
ATTEMPT 150 W0 SOLVE 4x2 2026-07-22T16:58:25.602
ATTEMPT 150 W0 DONE 4x2 seed=925951 nsol=16 0.02s 2026-07-22T16:58:25.626
ATTEMPT 151 W0 START 4x2 seed=925952 2026-07-22T16:58:25.626
ATTEMPT 151 W0 SOLVE 4x2 2026-07-22T16:58:25.631
ATTEMPT 151 W0 DONE 4x2 seed=925952 nsol=16 0.01s 2026-07-22T16:58:25.646
ATTEMPT 152 W0 START 4x2 seed=925953 2026-07-22T16:58:25.647
ATTEMPT 152 W0 SOLVE 4x2 2026-07-22T16:58:25.652
ATTEMPT 152 W0 DONE 4x2 seed=925953 nsol=16 0.01s 2026-07-22T16:58:25.659
ATTEMPT 153 W0 START 4x2 seed=925954 2026-07-22T16:58:25.659
ATTEMPT 153 W0 SOLVE 4x2 2026-07-22T16:58:25.664
ATTEMPT 153 W0 DONE 4x2 seed=925954 nsol=16 0.02s 2026-07-22T16:58:25.681
ATTEMPT 154 W0 START 4x2 seed=925955 2026-07-22T16:58:25.682
ATTEMPT 154 W0 SOLVE 4x2 2026-07-22T16:58:25.688
ATTEMPT 154 W0 DONE 4x2 seed=925955 nsol=16 0.01s 2026-07-22T16:58:25.701
ATTEMPT 155 W0 START 4x2 seed=925956 2026-07-22T16:58:25.702
ATTEMPT 155 W0 SOLVE 4x2 2026-07-22T16:58:25.708
ATTEMPT 155 W0 DONE 4x2 seed=925956 nsol=16 0.01s 2026-07-22T16:58:25.716
ATTEMPT 156 W0 START 4x2 seed=925957 2026-07-22T16:58:25.716
ATTEMPT 156 W0 SOLVE 4x2 2026-07-22T16:58:25.723
ATTEMPT 156 W0 DONE 4x2 seed=925957 nsol=16 0.03s 2026-07-22T16:58:25.749
ATTEMPT 157 W0 START 4x2 seed=925958 2026-07-22T16:58:25.750
ATTEMPT 157 W0 SOLVE 4x2 2026-07-22T16:58:25.756
ATTEMPT 157 W0 DONE 4x2 seed=925958 nsol=16 0.02s 2026-07-22T16:58:25.773
ATTEMPT 158 W0 START 4x2 seed=925959 2026-07-22T16:58:25.774
ATTEMPT 158 W0 SOLVE 4x2 2026-07-22T16:58:25.779
ATTEMPT 158 W0 DONE 4x2 seed=925959 nsol=16 0.01s 2026-07-22T16:58:25.793
ATTEMPT 159 W0 START 4x2 seed=925960 2026-07-22T16:58:25.794
ATTEMPT 159 W0 SOLVE 4x2 2026-07-22T16:58:25.801
ATTEMPT 159 W0 DONE 4x2 seed=925960 nsol=16 0.01s 2026-07-22T16:58:25.814
ATTEMPT 160 W0 START 4x2 seed=925961 2026-07-22T16:58:25.815
ATTEMPT 160 W0 SOLVE 4x2 2026-07-22T16:58:25.821
ATTEMPT 160 W0 DONE 4x2 seed=925961 nsol=16 0.02s 2026-07-22T16:58:25.837
ATTEMPT 161 W0 START 4x2 seed=925962 2026-07-22T16:58:25.838
ATTEMPT 161 W0 SOLVE 4x2 2026-07-22T16:58:25.843
ATTEMPT 161 W0 DONE 4x2 seed=925962 nsol=16 0.01s 2026-07-22T16:58:25.849
ATTEMPT 162 W0 START 4x2 seed=925963 2026-07-22T16:58:25.849
ATTEMPT 162 W0 SOLVE 4x2 2026-07-22T16:58:25.856
ATTEMPT 162 W0 DONE 4x2 seed=925963 nsol=16 0.02s 2026-07-22T16:58:25.876
ATTEMPT 163 W0 START 4x2 seed=925964 2026-07-22T16:58:25.876
ATTEMPT 163 W0 SOLVE 4x2 2026-07-22T16:58:25.883
ATTEMPT 163 W0 DONE 4x2 seed=925964 nsol=16 0.01s 2026-07-22T16:58:25.889
ATTEMPT 164 W0 START 4x2 seed=925965 2026-07-22T16:58:25.889
ATTEMPT 164 W0 SOLVE 4x2 2026-07-22T16:58:25.895
ATTEMPT 164 W0 DONE 4x2 seed=925965 nsol=16 0.01s 2026-07-22T16:58:25.902
ATTEMPT 165 W0 START 4x2 seed=925966 2026-07-22T16:58:25.902
ATTEMPT 165 W0 SOLVE 4x2 2026-07-22T16:58:25.907
ATTEMPT 165 W0 DONE 4x2 seed=925966 nsol=16 0.01s 2026-07-22T16:58:25.914
ATTEMPT 166 W0 START 4x2 seed=925967 2026-07-22T16:58:25.915
ATTEMPT 166 W0 SOLVE 4x2 2026-07-22T16:58:25.920
ATTEMPT 166 W0 DONE 4x2 seed=925967 nsol=16 0.03s 2026-07-22T16:58:25.945
ATTEMPT 167 W0 START 4x2 seed=925968 2026-07-22T16:58:25.946
ATTEMPT 167 W0 SOLVE 4x2 2026-07-22T16:58:25.951
ATTEMPT 167 W0 DONE 4x2 seed=925968 nsol=16 0.01s 2026-07-22T16:58:25.963
ATTEMPT 168 W0 START 4x2 seed=925969 2026-07-22T16:58:25.964
ATTEMPT 168 W0 SOLVE 4x2 2026-07-22T16:58:25.970
ATTEMPT 168 W0 DONE 4x2 seed=925969 nsol=16 0.01s 2026-07-22T16:58:25.977
ATTEMPT 169 W0 START 4x2 seed=925970 2026-07-22T16:58:25.977
ATTEMPT 169 W0 SOLVE 4x2 2026-07-22T16:58:25.985
ATTEMPT 169 W0 DONE 4x2 seed=925970 nsol=16 0.02s 2026-07-22T16:58:26.001
ATTEMPT 170 W0 START 4x2 seed=925971 2026-07-22T16:58:26.002
ATTEMPT 170 W0 SOLVE 4x2 2026-07-22T16:58:26.007
ATTEMPT 170 W0 DONE 4x2 seed=925971 nsol=16 0.01s 2026-07-22T16:58:26.017
ATTEMPT 171 W0 START 4x2 seed=925972 2026-07-22T16:58:26.018
ATTEMPT 171 W0 SOLVE 4x2 2026-07-22T16:58:26.023
ATTEMPT 171 W0 DONE 4x2 seed=925972 nsol=16 0.01s 2026-07-22T16:58:26.029
ATTEMPT 172 W0 START 4x2 seed=925973 2026-07-22T16:58:26.029
ATTEMPT 172 W0 SOLVE 4x2 2026-07-22T16:58:26.036
ATTEMPT 172 W0 DONE 4x2 seed=925973 nsol=16 0.02s 2026-07-22T16:58:26.052
ATTEMPT 173 W0 START 4x2 seed=925974 2026-07-22T16:58:26.052
ATTEMPT 173 W0 SOLVE 4x2 2026-07-22T16:58:26.058
ATTEMPT 173 W0 DONE 4x2 seed=925974 nsol=16 0.01s 2026-07-22T16:58:26.066
ATTEMPT 174 W0 START 4x2 seed=925975 2026-07-22T16:58:26.066
ATTEMPT 174 W0 SOLVE 4x2 2026-07-22T16:58:26.071
ATTEMPT 174 W0 DONE 4x2 seed=925975 nsol=16 0.02s 2026-07-22T16:58:26.089
ATTEMPT 175 W0 START 4x2 seed=925976 2026-07-22T16:58:26.090
ATTEMPT 175 W0 SOLVE 4x2 2026-07-22T16:58:26.095
ATTEMPT 175 W0 DONE 4x2 seed=925976 nsol=16 0.02s 2026-07-22T16:58:26.117
ATTEMPT 176 W0 START 4x2 seed=925977 2026-07-22T16:58:26.118
ATTEMPT 176 W0 SOLVE 4x2 2026-07-22T16:58:26.123
ATTEMPT 176 W0 DONE 4x2 seed=925977 nsol=16 0.01s 2026-07-22T16:58:26.130
ATTEMPT 177 W0 START 4x2 seed=925978 2026-07-22T16:58:26.130
ATTEMPT 177 W0 SOLVE 4x2 2026-07-22T16:58:26.136
ATTEMPT 177 W0 DONE 4x2 seed=925978 nsol=16 0.01s 2026-07-22T16:58:26.145
ATTEMPT 178 W0 START 4x2 seed=925979 2026-07-22T16:58:26.145
ATTEMPT 178 W0 SOLVE 4x2 2026-07-22T16:58:26.151
ATTEMPT 178 W0 DONE 4x2 seed=925979 nsol=16 0.01s 2026-07-22T16:58:26.165
ATTEMPT 179 W0 START 4x2 seed=925980 2026-07-22T16:58:26.166
ATTEMPT 179 W0 SOLVE 4x2 2026-07-22T16:58:26.171
ATTEMPT 179 W0 DONE 4x2 seed=925980 nsol=16 0.02s 2026-07-22T16:58:26.189
ATTEMPT 180 W0 START 4x2 seed=925981 2026-07-22T16:58:26.190
ATTEMPT 180 W0 SOLVE 4x2 2026-07-22T16:58:26.195
ATTEMPT 180 W0 DONE 4x2 seed=925981 nsol=16 0.01s 2026-07-22T16:58:26.209
ATTEMPT 181 W0 START 4x2 seed=925982 2026-07-22T16:58:26.210
ATTEMPT 181 W0 SOLVE 4x2 2026-07-22T16:58:26.215
ATTEMPT 181 W0 DONE 4x2 seed=925982 nsol=16 0.01s 2026-07-22T16:58:26.225
ATTEMPT 182 W0 START 4x2 seed=925983 2026-07-22T16:58:26.226
ATTEMPT 182 W0 SOLVE 4x2 2026-07-22T16:58:26.231
ATTEMPT 182 W0 DONE 4x2 seed=925983 nsol=16 0.01s 2026-07-22T16:58:26.245
ATTEMPT 183 W0 START 4x2 seed=925984 2026-07-22T16:58:26.278
ATTEMPT 183 W0 SOLVE 4x2 2026-07-22T16:58:26.284
ATTEMPT 183 W0 DONE 4x2 seed=925984 nsol=16 0.01s 2026-07-22T16:58:26.292
ATTEMPT 184 W0 START 4x2 seed=925985 2026-07-22T16:58:26.293
ATTEMPT 184 W0 SOLVE 4x2 2026-07-22T16:58:26.299
ATTEMPT 184 W0 DONE 4x2 seed=925985 nsol=16 0.01s 2026-07-22T16:58:26.305
ATTEMPT 185 W0 START 4x2 seed=925986 2026-07-22T16:58:26.305
ATTEMPT 185 W0 SOLVE 4x2 2026-07-22T16:58:26.311
ATTEMPT 185 W0 DONE 4x2 seed=925986 nsol=16 0.01s 2026-07-22T16:58:26.325
ATTEMPT 186 W0 START 4x2 seed=925987 2026-07-22T16:58:26.326
ATTEMPT 186 W0 SOLVE 4x2 2026-07-22T16:58:26.331
ATTEMPT 186 W0 DONE 4x2 seed=925987 nsol=16 0.01s 2026-07-22T16:58:26.342
ATTEMPT 187 W0 START 4x2 seed=925988 2026-07-22T16:58:26.342
ATTEMPT 187 W0 SOLVE 4x2 2026-07-22T16:58:26.349
ATTEMPT 187 W0 DONE 4x2 seed=925988 nsol=16 0.02s 2026-07-22T16:58:26.365
ATTEMPT 188 W0 START 4x2 seed=925989 2026-07-22T16:58:26.366
ATTEMPT 188 W0 SOLVE 4x2 2026-07-22T16:58:26.371
ATTEMPT 188 W0 DONE 4x2 seed=925989 nsol=16 0.01s 2026-07-22T16:58:26.377
ATTEMPT 189 W0 START 4x2 seed=925990 2026-07-22T16:58:26.378
ATTEMPT 189 W0 SOLVE 4x2 2026-07-22T16:58:26.383
ATTEMPT 189 W0 DONE 4x2 seed=925990 nsol=16 0.01s 2026-07-22T16:58:26.397
ATTEMPT 190 W0 START 4x2 seed=925991 2026-07-22T16:58:26.398
ATTEMPT 190 W0 SOLVE 4x2 2026-07-22T16:58:26.403
ATTEMPT 190 W0 DONE 4x2 seed=925991 nsol=16 0.01s 2026-07-22T16:58:26.413
ATTEMPT 191 W0 START 4x2 seed=925992 2026-07-22T16:58:26.414
ATTEMPT 191 W0 SOLVE 4x2 2026-07-22T16:58:26.419
ATTEMPT 191 W0 DONE 4x2 seed=925992 nsol=16 0.01s 2026-07-22T16:58:26.429
ATTEMPT 192 W0 START 4x2 seed=925993 2026-07-22T16:58:26.429
ATTEMPT 192 W0 SOLVE 4x2 2026-07-22T16:58:26.434
ATTEMPT 192 W0 DONE 4x2 seed=925993 nsol=16 0.01s 2026-07-22T16:58:26.441
ATTEMPT 193 W0 START 4x2 seed=925994 2026-07-22T16:58:26.441
ATTEMPT 193 W0 SOLVE 4x2 2026-07-22T16:58:26.447
ATTEMPT 193 W0 DONE 4x2 seed=925994 nsol=16 0.01s 2026-07-22T16:58:26.459
ATTEMPT 194 W0 START 4x2 seed=925995 2026-07-22T16:58:26.459
ATTEMPT 194 W0 SOLVE 4x2 2026-07-22T16:58:26.465
ATTEMPT 194 W0 DONE 4x2 seed=925995 nsol=16 0.01s 2026-07-22T16:58:26.478
ATTEMPT 195 W0 START 4x2 seed=925996 2026-07-22T16:58:26.478
ATTEMPT 195 W0 SOLVE 4x2 2026-07-22T16:58:26.484
ATTEMPT 195 W0 DONE 4x2 seed=925996 nsol=16 0.01s 2026-07-22T16:58:26.492
ATTEMPT 196 W0 START 4x2 seed=925997 2026-07-22T16:58:26.492
ATTEMPT 196 W0 SOLVE 4x2 2026-07-22T16:58:26.498
ATTEMPT 196 W0 DONE 4x2 seed=925997 nsol=16 0.01s 2026-07-22T16:58:26.506
ATTEMPT 197 W0 START 4x2 seed=925998 2026-07-22T16:58:26.506
ATTEMPT 197 W0 SOLVE 4x2 2026-07-22T16:58:26.511
ATTEMPT 197 W0 DONE 4x2 seed=925998 nsol=16 0.02s 2026-07-22T16:58:26.533
ATTEMPT 198 W0 START 4x2 seed=925999 2026-07-22T16:58:26.534
ATTEMPT 198 W0 SOLVE 4x2 2026-07-22T16:58:26.539
ATTEMPT 198 W0 DONE 4x2 seed=925999 nsol=16 0.01s 2026-07-22T16:58:26.545
ATTEMPT 199 W0 START 4x2 seed=926000 2026-07-22T16:58:26.545
ATTEMPT 199 W0 SOLVE 4x2 2026-07-22T16:58:26.551
ATTEMPT 199 W0 DONE 4x2 seed=926000 nsol=16 0.01s 2026-07-22T16:58:26.565
ATTEMPT 200 W0 START 4x2 seed=926001 2026-07-22T16:58:26.566
ATTEMPT 200 W0 SOLVE 4x2 2026-07-22T16:58:26.572
ATTEMPT 200 W0 DONE 4x2 seed=926001 nsol=16 0.02s 2026-07-22T16:58:26.589
ATTEMPT 201 W0 START 4x2 seed=926002 2026-07-22T16:58:26.590
ATTEMPT 201 W0 SOLVE 4x2 2026-07-22T16:58:26.595
ATTEMPT 201 W0 DONE 4x2 seed=926002 nsol=16 0.01s 2026-07-22T16:58:26.606
ATTEMPT 202 W0 START 4x2 seed=926003 2026-07-22T16:58:26.606
ATTEMPT 202 W0 SOLVE 4x2 2026-07-22T16:58:26.611
ATTEMPT 202 W0 DONE 4x2 seed=926003 nsol=16 0.01s 2026-07-22T16:58:26.621
ATTEMPT 203 W0 START 4x2 seed=926004 2026-07-22T16:58:26.622
ATTEMPT 203 W0 SOLVE 4x2 2026-07-22T16:58:26.627
ATTEMPT 203 W0 DONE 4x2 seed=926004 nsol=16 0.03s 2026-07-22T16:58:26.653
ATTEMPT 204 W0 START 4x2 seed=926005 2026-07-22T16:58:26.653
ATTEMPT 204 W0 SOLVE 4x2 2026-07-22T16:58:26.660
ATTEMPT 204 W0 DONE 4x2 seed=926005 nsol=16 0.02s 2026-07-22T16:58:26.677
ATTEMPT 205 W0 START 4x2 seed=926006 2026-07-22T16:58:26.678
ATTEMPT 205 W0 SOLVE 4x2 2026-07-22T16:58:26.685
ATTEMPT 205 W0 DONE 4x2 seed=926006 nsol=16 0.02s 2026-07-22T16:58:26.701
ATTEMPT 206 W0 START 4x2 seed=926007 2026-07-22T16:58:26.702
ATTEMPT 206 W0 SOLVE 4x2 2026-07-22T16:58:26.707
ATTEMPT 206 W0 DONE 4x2 seed=926007 nsol=16 0.01s 2026-07-22T16:58:26.721
ATTEMPT 207 W0 START 4x2 seed=926008 2026-07-22T16:58:26.722
ATTEMPT 207 W0 SOLVE 4x2 2026-07-22T16:58:26.728
ATTEMPT 207 W0 DONE 4x2 seed=926008 nsol=16 0.01s 2026-07-22T16:58:26.737
ATTEMPT 208 W0 START 4x2 seed=926009 2026-07-22T16:58:26.737
ATTEMPT 208 W0 SOLVE 4x2 2026-07-22T16:58:26.743
ATTEMPT 208 W0 DONE 4x2 seed=926009 nsol=16 0.01s 2026-07-22T16:58:26.757
ATTEMPT 209 W0 START 4x2 seed=926010 2026-07-22T16:58:26.758
ATTEMPT 209 W0 SOLVE 4x2 2026-07-22T16:58:26.763
ATTEMPT 209 W0 DONE 4x2 seed=926010 nsol=16 0.01s 2026-07-22T16:58:26.777
ATTEMPT 210 W0 START 4x2 seed=926011 2026-07-22T16:58:26.778
ATTEMPT 210 W0 SOLVE 4x2 2026-07-22T16:58:26.784
ATTEMPT 210 W0 DONE 4x2 seed=926011 nsol=16 0.01s 2026-07-22T16:58:26.794
ATTEMPT 211 W0 START 4x2 seed=926012 2026-07-22T16:58:26.794
ATTEMPT 211 W0 SOLVE 4x2 2026-07-22T16:58:26.799
ATTEMPT 211 W0 DONE 4x2 seed=926012 nsol=16 0.01s 2026-07-22T16:58:26.810
ATTEMPT 212 W0 START 4x2 seed=926013 2026-07-22T16:58:26.810
ATTEMPT 212 W0 SOLVE 4x2 2026-07-22T16:58:26.815
ATTEMPT 212 W0 DONE 4x2 seed=926013 nsol=16 0.01s 2026-07-22T16:58:26.829
ATTEMPT 213 W0 START 4x2 seed=926014 2026-07-22T16:58:26.830
ATTEMPT 213 W0 SOLVE 4x2 2026-07-22T16:58:26.836
ATTEMPT 213 W0 DONE 4x2 seed=926014 nsol=16 0.02s 2026-07-22T16:58:26.853
ATTEMPT 214 W0 START 4x2 seed=926015 2026-07-22T16:58:26.854
ATTEMPT 214 W0 SOLVE 4x2 2026-07-22T16:58:26.861
ATTEMPT 214 W0 DONE 4x2 seed=926015 nsol=16 0.02s 2026-07-22T16:58:26.877
ATTEMPT 215 W0 START 4x2 seed=926016 2026-07-22T16:58:26.878
ATTEMPT 215 W0 SOLVE 4x2 2026-07-22T16:58:26.885
ATTEMPT 215 W0 DONE 4x2 seed=926016 nsol=16 0.01s 2026-07-22T16:58:26.897
ATTEMPT 216 W0 START 4x2 seed=926017 2026-07-22T16:58:26.897
ATTEMPT 216 W0 SOLVE 4x2 2026-07-22T16:58:26.905
ATTEMPT 216 W0 DONE 4x2 seed=926017 nsol=16 0.01s 2026-07-22T16:58:26.918
ATTEMPT 217 W0 START 4x2 seed=926018 2026-07-22T16:58:26.919
ATTEMPT 217 W0 SOLVE 4x2 2026-07-22T16:58:26.924
ATTEMPT 217 W0 DONE 4x2 seed=926018 nsol=16 0.01s 2026-07-22T16:58:26.933
ATTEMPT 218 W0 START 4x2 seed=926019 2026-07-22T16:58:26.934
ATTEMPT 218 W0 SOLVE 4x2 2026-07-22T16:58:26.939
ATTEMPT 218 W0 DONE 4x2 seed=926019 nsol=16 0.01s 2026-07-22T16:58:26.953
ATTEMPT 219 W0 START 4x2 seed=926020 2026-07-22T16:58:26.954
ATTEMPT 219 W0 SOLVE 4x2 2026-07-22T16:58:26.961
ATTEMPT 219 W0 DONE 4x2 seed=926020 nsol=16 0.05s 2026-07-22T16:58:27.009
ATTEMPT 220 W0 START 4x2 seed=926021 2026-07-22T16:58:27.010
ATTEMPT 220 W0 SOLVE 4x2 2026-07-22T16:58:27.017
ATTEMPT 220 W0 DONE 4x2 seed=926021 nsol=16 0.01s 2026-07-22T16:58:27.030
ATTEMPT 221 W0 START 4x2 seed=926022 2026-07-22T16:58:27.031
ATTEMPT 221 W0 SOLVE 4x2 2026-07-22T16:58:27.039
ATTEMPT 221 W0 DONE 4x2 seed=926022 nsol=16 0.01s 2026-07-22T16:58:27.045
ATTEMPT 222 W0 START 4x2 seed=926023 2026-07-22T16:58:27.045
ATTEMPT 222 W0 SOLVE 4x2 2026-07-22T16:58:27.051
ATTEMPT 222 W0 DONE 4x2 seed=926023 nsol=16 0.01s 2026-07-22T16:58:27.057
ATTEMPT 223 W0 START 4x2 seed=926024 2026-07-22T16:58:27.058
ATTEMPT 223 W0 SOLVE 4x2 2026-07-22T16:58:27.064
ATTEMPT 223 W0 DONE 4x2 seed=926024 nsol=16 0.03s 2026-07-22T16:58:27.089
ATTEMPT 224 W0 START 4x2 seed=926025 2026-07-22T16:58:27.090
ATTEMPT 224 W0 SOLVE 4x2 2026-07-22T16:58:27.095
ATTEMPT 224 W0 DONE 4x2 seed=926025 nsol=16 0.01s 2026-07-22T16:58:27.109
ATTEMPT 225 W0 START 4x2 seed=926026 2026-07-22T16:58:27.110
ATTEMPT 225 W0 SOLVE 4x2 2026-07-22T16:58:27.115
ATTEMPT 225 W0 DONE 4x2 seed=926026 nsol=16 0.01s 2026-07-22T16:58:27.123
ATTEMPT 226 W0 START 4x2 seed=926027 2026-07-22T16:58:27.123
ATTEMPT 226 W0 SOLVE 4x2 2026-07-22T16:58:27.128
ATTEMPT 226 W0 DONE 4x2 seed=926027 nsol=16 0.02s 2026-07-22T16:58:27.153
ATTEMPT 227 W0 START 4x2 seed=926028 2026-07-22T16:58:27.154
ATTEMPT 227 W0 SOLVE 4x2 2026-07-22T16:58:27.159
ATTEMPT 227 W0 DONE 4x2 seed=926028 nsol=16 0.01s 2026-07-22T16:58:27.165
ATTEMPT 228 W0 START 4x2 seed=926029 2026-07-22T16:58:27.165
ATTEMPT 228 W0 SOLVE 4x2 2026-07-22T16:58:27.172
ATTEMPT 228 W0 DONE 4x2 seed=926029 nsol=16 0.03s 2026-07-22T16:58:27.205
ATTEMPT 229 W0 START 4x2 seed=926030 2026-07-22T16:58:27.206
ATTEMPT 229 W0 SOLVE 4x2 2026-07-22T16:58:27.212
ATTEMPT 229 W0 DONE 4x2 seed=926030 nsol=16 0.01s 2026-07-22T16:58:27.222
ATTEMPT 230 W0 START 4x2 seed=926031 2026-07-22T16:58:27.222
ATTEMPT 230 W0 SOLVE 4x2 2026-07-22T16:58:27.227
ATTEMPT 230 W0 DONE 4x2 seed=926031 nsol=16 0.01s 2026-07-22T16:58:27.235
ATTEMPT 231 W0 START 4x2 seed=926032 2026-07-22T16:58:27.235
ATTEMPT 231 W0 SOLVE 4x2 2026-07-22T16:58:27.240
ATTEMPT 231 W0 DONE 4x2 seed=926032 nsol=16 0.02s 2026-07-22T16:58:27.257
ATTEMPT 232 W0 START 4x2 seed=926033 2026-07-22T16:58:27.258
ATTEMPT 232 W0 SOLVE 4x2 2026-07-22T16:58:27.263
ATTEMPT 232 W0 DONE 4x2 seed=926033 nsol=16 0.01s 2026-07-22T16:58:27.273
ATTEMPT 233 W0 START 4x2 seed=926034 2026-07-22T16:58:27.273
ATTEMPT 233 W0 SOLVE 4x2 2026-07-22T16:58:27.282
ATTEMPT 233 W0 DONE 4x2 seed=926034 nsol=16 0.01s 2026-07-22T16:58:27.294
ATTEMPT 234 W0 START 4x2 seed=926035 2026-07-22T16:58:27.294
ATTEMPT 234 W0 SOLVE 4x2 2026-07-22T16:58:27.305
ATTEMPT 234 W0 DONE 4x2 seed=926035 nsol=16 0.02s 2026-07-22T16:58:27.325
ATTEMPT 235 W0 START 4x2 seed=926036 2026-07-22T16:58:27.326
ATTEMPT 235 W0 SOLVE 4x2 2026-07-22T16:58:27.331
ATTEMPT 235 W0 DONE 4x2 seed=926036 nsol=16 0.02s 2026-07-22T16:58:27.348
ATTEMPT 236 W0 START 4x2 seed=926037 2026-07-22T16:58:27.349
ATTEMPT 236 W0 SOLVE 4x2 2026-07-22T16:58:27.356
ATTEMPT 236 W0 DONE 4x2 seed=926037 nsol=16 0.02s 2026-07-22T16:58:27.373
ATTEMPT 237 W0 START 4x2 seed=926038 2026-07-22T16:58:27.374
ATTEMPT 237 W0 SOLVE 4x2 2026-07-22T16:58:27.381
ATTEMPT 237 W0 DONE 4x2 seed=926038 nsol=16 0.02s 2026-07-22T16:58:27.397
ATTEMPT 238 W0 START 4x2 seed=926039 2026-07-22T16:58:27.398
ATTEMPT 238 W0 SOLVE 4x2 2026-07-22T16:58:27.404
ATTEMPT 238 W0 DONE 4x2 seed=926039 nsol=16 0.02s 2026-07-22T16:58:27.422
ATTEMPT 239 W0 START 4x2 seed=926040 2026-07-22T16:58:27.423
ATTEMPT 239 W0 SOLVE 4x2 2026-07-22T16:58:27.429
ATTEMPT 239 W0 DONE 4x2 seed=926040 nsol=16 0.01s 2026-07-22T16:58:27.437
ATTEMPT 240 W0 START 4x2 seed=926041 2026-07-22T16:58:27.437
ATTEMPT 240 W0 SOLVE 4x2 2026-07-22T16:58:27.443
ATTEMPT 240 W0 DONE 4x2 seed=926041 nsol=16 0.02s 2026-07-22T16:58:27.461
ATTEMPT 241 W0 START 4x2 seed=926042 2026-07-22T16:58:27.462
ATTEMPT 241 W0 SOLVE 4x2 2026-07-22T16:58:27.469
ATTEMPT 241 W0 DONE 4x2 seed=926042 nsol=16 0.01s 2026-07-22T16:58:27.482
ATTEMPT 242 W0 START 4x2 seed=926043 2026-07-22T16:58:27.482
ATTEMPT 242 W0 SOLVE 4x2 2026-07-22T16:58:27.488
ATTEMPT 242 W0 DONE 4x2 seed=926043 nsol=16 0.00s 2026-07-22T16:58:27.493
ATTEMPT 243 W0 START 4x2 seed=926044 2026-07-22T16:58:27.493
ATTEMPT 243 W0 SOLVE 4x2 2026-07-22T16:58:27.499
ATTEMPT 243 W0 DONE 4x2 seed=926044 nsol=16 0.01s 2026-07-22T16:58:27.505
ATTEMPT 244 W0 START 4x2 seed=926045 2026-07-22T16:58:27.505
ATTEMPT 244 W0 SOLVE 4x2 2026-07-22T16:58:27.511
ATTEMPT 244 W0 DONE 4x2 seed=926045 nsol=16 0.01s 2026-07-22T16:58:27.524
ATTEMPT 245 W0 START 4x2 seed=926046 2026-07-22T16:58:27.524
ATTEMPT 245 W0 SOLVE 4x2 2026-07-22T16:58:27.530
ATTEMPT 245 W0 DONE 4x2 seed=926046 nsol=16 0.02s 2026-07-22T16:58:27.548
ATTEMPT 246 W0 START 4x2 seed=926047 2026-07-22T16:58:27.549
ATTEMPT 246 W0 SOLVE 4x2 2026-07-22T16:58:27.557
ATTEMPT 246 W0 DONE 4x2 seed=926047 nsol=16 0.01s 2026-07-22T16:58:27.563
ATTEMPT 247 W0 START 4x2 seed=926048 2026-07-22T16:58:27.563
ATTEMPT 247 W0 SOLVE 4x2 2026-07-22T16:58:27.568
ATTEMPT 247 W0 DONE 4x2 seed=926048 nsol=16 0.01s 2026-07-22T16:58:27.582
ATTEMPT 248 W0 START 4x2 seed=926049 2026-07-22T16:58:27.582
ATTEMPT 248 W0 SOLVE 4x2 2026-07-22T16:58:27.590
ATTEMPT 248 W0 DONE 4x2 seed=926049 nsol=16 0.02s 2026-07-22T16:58:27.609
ATTEMPT 249 W0 START 4x2 seed=926050 2026-07-22T16:58:27.610
ATTEMPT 249 W0 SOLVE 4x2 2026-07-22T16:58:27.616
ATTEMPT 249 W0 DONE 4x2 seed=926050 nsol=16 0.02s 2026-07-22T16:58:27.637
ATTEMPT 250 W0 START 4x2 seed=926051 2026-07-22T16:58:27.638
ATTEMPT 250 W0 SOLVE 4x2 2026-07-22T16:58:27.643
ATTEMPT 250 W0 DONE 4x2 seed=926051 nsol=16 0.00s 2026-07-22T16:58:27.648
ATTEMPT 251 W0 START 4x2 seed=926052 2026-07-22T16:58:27.648
ATTEMPT 251 W0 SOLVE 4x2 2026-07-22T16:58:27.653
ATTEMPT 251 W0 DONE 4x2 seed=926052 nsol=16 0.02s 2026-07-22T16:58:27.674
ATTEMPT 252 W0 START 4x2 seed=926053 2026-07-22T16:58:27.674
ATTEMPT 252 W0 SOLVE 4x2 2026-07-22T16:58:27.680
ATTEMPT 252 W0 DONE 4x2 seed=926053 nsol=16 0.04s 2026-07-22T16:58:27.719
ATTEMPT 253 W0 START 4x2 seed=926054 2026-07-22T16:58:27.720
ATTEMPT 253 W0 SOLVE 4x2 2026-07-22T16:58:27.727
ATTEMPT 253 W0 DONE 4x2 seed=926054 nsol=16 0.01s 2026-07-22T16:58:27.732
ATTEMPT 254 W0 START 4x2 seed=926055 2026-07-22T16:58:27.732
ATTEMPT 254 W0 SOLVE 4x2 2026-07-22T16:58:27.738
ATTEMPT 254 W0 DONE 4x2 seed=926055 nsol=16 0.01s 2026-07-22T16:58:27.750
ATTEMPT 255 W0 START 4x2 seed=926056 2026-07-22T16:58:27.750
ATTEMPT 255 W0 SOLVE 4x2 2026-07-22T16:58:27.755
ATTEMPT 255 W0 DONE 4x2 seed=926056 nsol=16 0.01s 2026-07-22T16:58:27.765
ATTEMPT 256 W0 START 4x2 seed=926057 2026-07-22T16:58:27.765
ATTEMPT 256 W0 SOLVE 4x2 2026-07-22T16:58:27.771
ATTEMPT 256 W0 DONE 4x2 seed=926057 nsol=16 0.01s 2026-07-22T16:58:27.785
ATTEMPT 257 W0 START 4x2 seed=926058 2026-07-22T16:58:27.786
ATTEMPT 257 W0 SOLVE 4x2 2026-07-22T16:58:27.791
ATTEMPT 257 W0 DONE 4x2 seed=926058 nsol=16 0.02s 2026-07-22T16:58:27.809
ATTEMPT 258 W0 START 4x2 seed=926059 2026-07-22T16:58:27.810
ATTEMPT 258 W0 SOLVE 4x2 2026-07-22T16:58:27.815
ATTEMPT 258 W0 DONE 4x2 seed=926059 nsol=16 0.01s 2026-07-22T16:58:27.829
ATTEMPT 259 W0 START 4x2 seed=926060 2026-07-22T16:58:27.830
ATTEMPT 259 W0 SOLVE 4x2 2026-07-22T16:58:27.835
ATTEMPT 259 W0 DONE 4x2 seed=926060 nsol=16 0.01s 2026-07-22T16:58:27.845
ATTEMPT 260 W0 START 4x2 seed=926061 2026-07-22T16:58:27.846
ATTEMPT 260 W0 SOLVE 4x2 2026-07-22T16:58:27.851
ATTEMPT 260 W0 DONE 4x2 seed=926061 nsol=16 0.01s 2026-07-22T16:58:27.865
ATTEMPT 261 W0 START 4x2 seed=926062 2026-07-22T16:58:27.866
ATTEMPT 261 W0 SOLVE 4x2 2026-07-22T16:58:27.872
ATTEMPT 261 W0 DONE 4x2 seed=926062 nsol=16 0.02s 2026-07-22T16:58:27.889
ATTEMPT 262 W0 START 4x2 seed=926063 2026-07-22T16:58:27.890
ATTEMPT 262 W0 SOLVE 4x2 2026-07-22T16:58:27.896
ATTEMPT 262 W0 DONE 4x2 seed=926063 nsol=16 0.01s 2026-07-22T16:58:27.905
ATTEMPT 263 W0 START 4x2 seed=926064 2026-07-22T16:58:27.906
ATTEMPT 263 W0 SOLVE 4x2 2026-07-22T16:58:27.913
ATTEMPT 263 W0 DONE 4x2 seed=926064 nsol=16 0.02s 2026-07-22T16:58:27.929
ATTEMPT 264 W0 START 4x2 seed=926065 2026-07-22T16:58:27.930
ATTEMPT 264 W0 SOLVE 4x2 2026-07-22T16:58:27.936
ATTEMPT 264 W0 DONE 4x2 seed=926065 nsol=16 0.01s 2026-07-22T16:58:27.946
ATTEMPT 265 W0 START 4x2 seed=926066 2026-07-22T16:58:27.946
ATTEMPT 265 W0 SOLVE 4x2 2026-07-22T16:58:27.953
ATTEMPT 265 W0 DONE 4x2 seed=926066 nsol=16 0.01s 2026-07-22T16:58:27.960
ATTEMPT 266 W0 START 4x2 seed=926067 2026-07-22T16:58:27.960
ATTEMPT 266 W0 SOLVE 4x2 2026-07-22T16:58:27.965
ATTEMPT 266 W0 DONE 4x2 seed=926067 nsol=16 0.02s 2026-07-22T16:58:27.987
ATTEMPT 267 W0 START 4x2 seed=926068 2026-07-22T16:58:27.988
ATTEMPT 267 W0 SOLVE 4x2 2026-07-22T16:58:27.994
ATTEMPT 267 W0 DONE 4x2 seed=926068 nsol=16 0.01s 2026-07-22T16:58:28.002
ATTEMPT 268 W0 START 4x2 seed=926069 2026-07-22T16:58:28.002
ATTEMPT 268 W0 SOLVE 4x2 2026-07-22T16:58:28.008
ATTEMPT 268 W0 DONE 4x2 seed=926069 nsol=16 0.02s 2026-07-22T16:58:28.027
ATTEMPT 269 W0 START 4x2 seed=926070 2026-07-22T16:58:28.028
ATTEMPT 269 W0 SOLVE 4x2 2026-07-22T16:58:28.033
ATTEMPT 269 W0 DONE 4x2 seed=926070 nsol=16 0.01s 2026-07-22T16:58:28.039
ATTEMPT 270 W0 START 4x2 seed=926071 2026-07-22T16:58:28.039
ATTEMPT 270 W0 SOLVE 4x2 2026-07-22T16:58:28.045
ATTEMPT 270 W0 DONE 4x2 seed=926071 nsol=16 0.01s 2026-07-22T16:58:28.054
ATTEMPT 271 W0 START 4x2 seed=926072 2026-07-22T16:58:28.054
ATTEMPT 271 W0 SOLVE 4x2 2026-07-22T16:58:28.064
ATTEMPT 271 W0 DONE 4x2 seed=926072 nsol=16 0.01s 2026-07-22T16:58:28.078
ATTEMPT 272 W0 START 4x2 seed=926073 2026-07-22T16:58:28.079
ATTEMPT 272 W0 SOLVE 4x2 2026-07-22T16:58:28.085
ATTEMPT 272 W0 DONE 4x2 seed=926073 nsol=16 0.02s 2026-07-22T16:58:28.105
ATTEMPT 273 W0 START 4x2 seed=926074 2026-07-22T16:58:28.105
ATTEMPT 273 W0 SOLVE 4x2 2026-07-22T16:58:28.113
ATTEMPT 273 W0 DONE 4x2 seed=926074 nsol=16 0.02s 2026-07-22T16:58:28.133
ATTEMPT 274 W0 START 4x2 seed=926075 2026-07-22T16:58:28.134
ATTEMPT 274 W0 SOLVE 4x2 2026-07-22T16:58:28.141
ATTEMPT 274 W0 DONE 4x2 seed=926075 nsol=16 0.02s 2026-07-22T16:58:28.157
ATTEMPT 275 W0 START 4x2 seed=926076 2026-07-22T16:58:28.158
ATTEMPT 275 W0 SOLVE 4x2 2026-07-22T16:58:28.165
ATTEMPT 275 W0 DONE 4x2 seed=926076 nsol=16 0.02s 2026-07-22T16:58:28.181
ATTEMPT 276 W0 START 4x2 seed=926077 2026-07-22T16:58:28.182
ATTEMPT 276 W0 SOLVE 4x2 2026-07-22T16:58:28.189
ATTEMPT 276 W0 DONE 4x2 seed=926077 nsol=16 0.02s 2026-07-22T16:58:28.206
ATTEMPT 277 W0 START 4x2 seed=926078 2026-07-22T16:58:28.206
ATTEMPT 277 W0 SOLVE 4x2 2026-07-22T16:58:28.212
ATTEMPT 277 W0 DONE 4x2 seed=926078 nsol=16 0.01s 2026-07-22T16:58:28.225
ATTEMPT 278 W0 START 4x2 seed=926079 2026-07-22T16:58:28.226
ATTEMPT 278 W0 SOLVE 4x2 2026-07-22T16:58:28.231
ATTEMPT 278 W0 DONE 4x2 seed=926079 nsol=16 0.01s 2026-07-22T16:58:28.245
ATTEMPT 279 W0 START 4x2 seed=926080 2026-07-22T16:58:28.246
ATTEMPT 279 W0 SOLVE 4x2 2026-07-22T16:58:28.254
ATTEMPT 279 W0 DONE 4x2 seed=926080 nsol=16 0.02s 2026-07-22T16:58:28.270
ATTEMPT 280 W0 START 4x2 seed=926081 2026-07-22T16:58:28.271
ATTEMPT 280 W0 SOLVE 4x2 2026-07-22T16:58:28.278
ATTEMPT 280 W0 DONE 4x2 seed=926081 nsol=16 0.01s 2026-07-22T16:58:28.293
ATTEMPT 281 W0 START 4x2 seed=926082 2026-07-22T16:58:28.294
ATTEMPT 281 W0 SOLVE 4x2 2026-07-22T16:58:28.299
ATTEMPT 281 W0 DONE 4x2 seed=926082 nsol=16 0.01s 2026-07-22T16:58:28.313
ATTEMPT 282 W0 START 4x2 seed=926083 2026-07-22T16:58:28.314
ATTEMPT 282 W0 SOLVE 4x2 2026-07-22T16:58:28.320
ATTEMPT 282 W0 DONE 4x2 seed=926083 nsol=16 0.02s 2026-07-22T16:58:28.342
ATTEMPT 283 W0 START 4x2 seed=926084 2026-07-22T16:58:28.342
ATTEMPT 283 W0 SOLVE 4x2 2026-07-22T16:58:28.349
ATTEMPT 283 W0 DONE 4x2 seed=926084 nsol=16 0.01s 2026-07-22T16:58:28.356
ATTEMPT 284 W0 START 4x2 seed=926085 2026-07-22T16:58:28.356
ATTEMPT 284 W0 SOLVE 4x2 2026-07-22T16:58:28.365
ATTEMPT 284 W0 DONE 4x2 seed=926085 nsol=16 0.02s 2026-07-22T16:58:28.384
ATTEMPT 285 W0 START 4x2 seed=926086 2026-07-22T16:58:28.385
ATTEMPT 285 W0 SOLVE 4x2 2026-07-22T16:58:28.392
ATTEMPT 285 W0 DONE 4x2 seed=926086 nsol=16 0.01s 2026-07-22T16:58:28.402
ATTEMPT 286 W0 START 4x2 seed=926087 2026-07-22T16:58:28.402
ATTEMPT 286 W0 SOLVE 4x2 2026-07-22T16:58:28.407
ATTEMPT 286 W0 DONE 4x2 seed=926087 nsol=16 0.01s 2026-07-22T16:58:28.421
ATTEMPT 287 W0 START 4x2 seed=926088 2026-07-22T16:58:28.422
ATTEMPT 287 W0 SOLVE 4x2 2026-07-22T16:58:28.429
ATTEMPT 287 W0 DONE 4x2 seed=926088 nsol=16 0.02s 2026-07-22T16:58:28.445
ATTEMPT 288 W0 START 4x2 seed=926089 2026-07-22T16:58:28.446
ATTEMPT 288 W0 SOLVE 4x2 2026-07-22T16:58:28.451
ATTEMPT 288 W0 DONE 4x2 seed=926089 nsol=16 0.01s 2026-07-22T16:58:28.461
ATTEMPT 289 W0 START 4x2 seed=926090 2026-07-22T16:58:28.462
ATTEMPT 289 W0 SOLVE 4x2 2026-07-22T16:58:28.468
ATTEMPT 289 W0 DONE 4x2 seed=926090 nsol=16 0.01s 2026-07-22T16:58:28.476
ATTEMPT 290 W0 START 4x2 seed=926091 2026-07-22T16:58:28.477
ATTEMPT 290 W0 SOLVE 4x2 2026-07-22T16:58:28.483
ATTEMPT 290 W0 DONE 4x2 seed=926091 nsol=16 0.05s 2026-07-22T16:58:28.535
ATTEMPT 291 W0 START 4x2 seed=926092 2026-07-22T16:58:28.545
ATTEMPT 291 W0 SOLVE 4x2 2026-07-22T16:58:28.552
ATTEMPT 291 W0 DONE 4x2 seed=926092 nsol=16 0.01s 2026-07-22T16:58:28.565
ATTEMPT 292 W0 START 4x2 seed=926093 2026-07-22T16:58:28.566
ATTEMPT 292 W0 SOLVE 4x2 2026-07-22T16:58:28.571
ATTEMPT 292 W0 DONE 4x2 seed=926093 nsol=16 0.01s 2026-07-22T16:58:28.585
ATTEMPT 293 W0 START 4x2 seed=926094 2026-07-22T16:58:28.586
ATTEMPT 293 W0 SOLVE 4x2 2026-07-22T16:58:28.591
ATTEMPT 293 W0 DONE 4x2 seed=926094 nsol=16 0.02s 2026-07-22T16:58:28.609
ATTEMPT 294 W0 START 4x2 seed=926095 2026-07-22T16:58:28.610
ATTEMPT 294 W0 SOLVE 4x2 2026-07-22T16:58:28.615
ATTEMPT 294 W0 DONE 4x2 seed=926095 nsol=16 0.01s 2026-07-22T16:58:28.621
ATTEMPT 295 W0 START 4x2 seed=926096 2026-07-22T16:58:28.621
ATTEMPT 295 W0 SOLVE 4x2 2026-07-22T16:58:28.627
ATTEMPT 295 W0 DONE 4x2 seed=926096 nsol=16 0.01s 2026-07-22T16:58:28.641
ATTEMPT 296 W0 START 4x2 seed=926097 2026-07-22T16:58:28.642
ATTEMPT 296 W0 SOLVE 4x2 2026-07-22T16:58:28.647
ATTEMPT 296 W0 DONE 4x2 seed=926097 nsol=16 0.01s 2026-07-22T16:58:28.654
ATTEMPT 297 W0 START 4x2 seed=926098 2026-07-22T16:58:28.654
ATTEMPT 297 W0 SOLVE 4x2 2026-07-22T16:58:28.660
ATTEMPT 297 W0 DONE 4x2 seed=926098 nsol=16 0.01s 2026-07-22T16:58:28.673
ATTEMPT 298 W0 START 4x2 seed=926099 2026-07-22T16:58:28.674
ATTEMPT 298 W0 SOLVE 4x2 2026-07-22T16:58:28.679
ATTEMPT 298 W0 DONE 4x2 seed=926099 nsol=16 0.02s 2026-07-22T16:58:28.695
ATTEMPT 299 W0 START 4x2 seed=926100 2026-07-22T16:58:28.697
ATTEMPT 299 W0 SOLVE 4x2 2026-07-22T16:58:28.702
ATTEMPT 299 W0 DONE 4x2 seed=926100 nsol=16 0.01s 2026-07-22T16:58:28.708
ATTEMPT 300 W0 START 4x2 seed=926101 2026-07-22T16:58:28.708
ATTEMPT 300 W0 SOLVE 4x2 2026-07-22T16:58:28.713
ATTEMPT 300 W0 DONE 4x2 seed=926101 nsol=16 0.02s 2026-07-22T16:58:28.729
ATTEMPT 301 W0 START 4x2 seed=926102 2026-07-22T16:58:28.730
ATTEMPT 301 W0 SOLVE 4x2 2026-07-22T16:58:28.735
ATTEMPT 301 W0 DONE 4x2 seed=926102 nsol=16 0.02s 2026-07-22T16:58:28.758
ATTEMPT 302 W0 START 4x2 seed=926103 2026-07-22T16:58:28.758
ATTEMPT 302 W0 SOLVE 4x2 2026-07-22T16:58:28.764
ATTEMPT 302 W0 DONE 4x2 seed=926103 nsol=16 0.01s 2026-07-22T16:58:28.771
ATTEMPT 303 W0 START 4x2 seed=926104 2026-07-22T16:58:28.771
ATTEMPT 303 W0 SOLVE 4x2 2026-07-22T16:58:28.776
ATTEMPT 303 W0 DONE 4x2 seed=926104 nsol=16 0.01s 2026-07-22T16:58:28.782
ATTEMPT 304 W0 START 4x2 seed=926105 2026-07-22T16:58:28.782
ATTEMPT 304 W0 SOLVE 4x2 2026-07-22T16:58:28.787
ATTEMPT 304 W0 DONE 4x2 seed=926105 nsol=16 0.01s 2026-07-22T16:58:28.795
ATTEMPT 305 W0 START 4x2 seed=926106 2026-07-22T16:58:28.795
ATTEMPT 305 W0 SOLVE 4x2 2026-07-22T16:58:28.800
ATTEMPT 305 W0 DONE 4x2 seed=926106 nsol=16 0.01s 2026-07-22T16:58:28.813
ATTEMPT 306 W0 START 4x2 seed=926107 2026-07-22T16:58:28.814
ATTEMPT 306 W0 SOLVE 4x2 2026-07-22T16:58:28.825
ATTEMPT 306 W0 DONE 4x2 seed=926107 nsol=16 0.02s 2026-07-22T16:58:28.841
ATTEMPT 307 W0 START 4x2 seed=926108 2026-07-22T16:58:28.842
ATTEMPT 307 W0 SOLVE 4x2 2026-07-22T16:58:28.850
ATTEMPT 307 W0 DONE 4x2 seed=926108 nsol=16 0.02s 2026-07-22T16:58:28.869
ATTEMPT 308 W0 START 4x2 seed=926109 2026-07-22T16:58:28.870
ATTEMPT 308 W0 SOLVE 4x2 2026-07-22T16:58:28.877
ATTEMPT 308 W0 DONE 4x2 seed=926109 nsol=16 0.02s 2026-07-22T16:58:28.892
ATTEMPT 309 W0 START 4x2 seed=926110 2026-07-22T16:58:28.893
ATTEMPT 309 W0 SOLVE 4x2 2026-07-22T16:58:28.898
ATTEMPT 309 W0 DONE 4x2 seed=926110 nsol=16 0.02s 2026-07-22T16:58:28.917
ATTEMPT 310 W0 START 4x2 seed=926111 2026-07-22T16:58:28.918
ATTEMPT 310 W0 SOLVE 4x2 2026-07-22T16:58:28.923
ATTEMPT 310 W0 DONE 4x2 seed=926111 nsol=16 0.02s 2026-07-22T16:58:28.945
ATTEMPT 311 W0 START 4x2 seed=926112 2026-07-22T16:58:28.945
ATTEMPT 311 W0 SOLVE 4x2 2026-07-22T16:58:28.955
ATTEMPT 311 W0 DONE 4x2 seed=926112 nsol=16 0.01s 2026-07-22T16:58:28.964
ATTEMPT 312 W0 START 4x2 seed=926113 2026-07-22T16:58:28.964
ATTEMPT 312 W0 SOLVE 4x2 2026-07-22T16:58:28.974
ATTEMPT 312 W0 DONE 4x2 seed=926113 nsol=16 0.01s 2026-07-22T16:58:28.983
ATTEMPT 313 W0 START 4x2 seed=926114 2026-07-22T16:58:28.983
ATTEMPT 313 W0 SOLVE 4x2 2026-07-22T16:58:28.988
ATTEMPT 313 W0 DONE 4x2 seed=926114 nsol=16 0.02s 2026-07-22T16:58:29.013
ATTEMPT 314 W0 START 4x2 seed=926115 2026-07-22T16:58:29.014
ATTEMPT 314 W0 SOLVE 4x2 2026-07-22T16:58:29.023
ATTEMPT 314 W0 DONE 4x2 seed=926115 nsol=16 0.02s 2026-07-22T16:58:29.043
ATTEMPT 315 W0 START 4x2 seed=926116 2026-07-22T16:58:29.044
ATTEMPT 315 W0 SOLVE 4x2 2026-07-22T16:58:29.049
ATTEMPT 315 W0 DONE 4x2 seed=926116 nsol=16 0.01s 2026-07-22T16:58:29.056
ATTEMPT 316 W0 START 4x2 seed=926117 2026-07-22T16:58:29.056
ATTEMPT 316 W0 SOLVE 4x2 2026-07-22T16:58:29.062
ATTEMPT 316 W0 DONE 4x2 seed=926117 nsol=16 0.01s 2026-07-22T16:58:29.068
ATTEMPT 317 W0 START 4x2 seed=926118 2026-07-22T16:58:29.069
ATTEMPT 317 W0 SOLVE 4x2 2026-07-22T16:58:29.074
ATTEMPT 317 W0 DONE 4x2 seed=926118 nsol=16 0.01s 2026-07-22T16:58:29.083
ATTEMPT 318 W0 START 4x2 seed=926119 2026-07-22T16:58:29.084
ATTEMPT 318 W0 SOLVE 4x2 2026-07-22T16:58:29.089
ATTEMPT 318 W0 DONE 4x2 seed=926119 nsol=16 0.02s 2026-07-22T16:58:29.106
ATTEMPT 319 W0 START 4x2 seed=926120 2026-07-22T16:58:29.106
ATTEMPT 319 W0 SOLVE 4x2 2026-07-22T16:58:29.111
ATTEMPT 319 W0 DONE 4x2 seed=926120 nsol=16 0.01s 2026-07-22T16:58:29.125
ATTEMPT 320 W0 START 4x2 seed=926121 2026-07-22T16:58:29.126
ATTEMPT 320 W0 SOLVE 4x2 2026-07-22T16:58:29.132
ATTEMPT 320 W0 DONE 4x2 seed=926121 nsol=16 0.02s 2026-07-22T16:58:29.152
ATTEMPT 321 W0 START 4x2 seed=926122 2026-07-22T16:58:29.153
ATTEMPT 321 W0 SOLVE 4x2 2026-07-22T16:58:29.158
ATTEMPT 321 W0 DONE 4x2 seed=926122 nsol=16 0.01s 2026-07-22T16:58:29.164
ATTEMPT 322 W0 START 4x2 seed=926123 2026-07-22T16:58:29.164
ATTEMPT 322 W0 SOLVE 4x2 2026-07-22T16:58:29.170
ATTEMPT 322 W0 DONE 4x2 seed=926123 nsol=16 0.01s 2026-07-22T16:58:29.179
ATTEMPT 323 W0 START 4x2 seed=926124 2026-07-22T16:58:29.179
ATTEMPT 323 W0 SOLVE 4x2 2026-07-22T16:58:29.184
ATTEMPT 323 W0 DONE 4x2 seed=926124 nsol=16 0.01s 2026-07-22T16:58:29.195
ATTEMPT 324 W0 START 4x2 seed=926125 2026-07-22T16:58:29.196
ATTEMPT 324 W0 SOLVE 4x2 2026-07-22T16:58:29.201
ATTEMPT 324 W0 DONE 4x2 seed=926125 nsol=16 0.08s 2026-07-22T16:58:29.283
ATTEMPT 325 W0 START 4x2 seed=926126 2026-07-22T16:58:29.283
ATTEMPT 325 W0 SOLVE 4x2 2026-07-22T16:58:29.290
ATTEMPT 325 W0 DONE 4x2 seed=926126 nsol=16 0.00s 2026-07-22T16:58:29.295
ATTEMPT 326 W0 START 4x2 seed=926127 2026-07-22T16:58:29.295
ATTEMPT 326 W0 SOLVE 4x2 2026-07-22T16:58:29.301
ATTEMPT 326 W0 DONE 4x2 seed=926127 nsol=16 0.01s 2026-07-22T16:58:29.306
ATTEMPT 327 W0 START 4x2 seed=926128 2026-07-22T16:58:29.306
ATTEMPT 327 W0 SOLVE 4x2 2026-07-22T16:58:29.311
ATTEMPT 327 W0 DONE 4x2 seed=926128 nsol=16 0.01s 2026-07-22T16:58:29.317
ATTEMPT 328 W0 START 4x2 seed=926129 2026-07-22T16:58:29.317
ATTEMPT 328 W0 SOLVE 4x2 2026-07-22T16:58:29.327
ATTEMPT 328 W0 DONE 4x2 seed=926129 nsol=16 0.01s 2026-07-22T16:58:29.341
ATTEMPT 329 W0 START 4x2 seed=926130 2026-07-22T16:58:29.342
ATTEMPT 329 W0 SOLVE 4x2 2026-07-22T16:58:29.354
ATTEMPT 329 W0 DONE 4x2 seed=926130 nsol=16 0.01s 2026-07-22T16:58:29.361
ATTEMPT 330 W0 START 4x2 seed=926131 2026-07-22T16:58:29.361
ATTEMPT 330 W0 SOLVE 4x2 2026-07-22T16:58:29.367
ATTEMPT 330 W0 DONE 4x2 seed=926131 nsol=16 0.01s 2026-07-22T16:58:29.383
ATTEMPT 331 W0 START 4x2 seed=926132 2026-07-22T16:58:29.384
ATTEMPT 331 W0 SOLVE 4x2 2026-07-22T16:58:29.389
ATTEMPT 331 W0 DONE 4x2 seed=926132 nsol=16 0.01s 2026-07-22T16:58:29.401
ATTEMPT 332 W0 START 4x2 seed=926133 2026-07-22T16:58:29.402
ATTEMPT 332 W0 SOLVE 4x2 2026-07-22T16:58:29.407
ATTEMPT 332 W0 DONE 4x2 seed=926133 nsol=16 0.01s 2026-07-22T16:58:29.417
ATTEMPT 333 W0 START 4x2 seed=926134 2026-07-22T16:58:29.418
ATTEMPT 333 W0 SOLVE 4x2 2026-07-22T16:58:29.423
ATTEMPT 333 W0 DONE 4x2 seed=926134 nsol=16 0.01s 2026-07-22T16:58:29.428
ATTEMPT 334 W0 START 4x2 seed=926135 2026-07-22T16:58:29.429
ATTEMPT 334 W0 SOLVE 4x2 2026-07-22T16:58:29.437
ATTEMPT 334 W0 DONE 4x2 seed=926135 nsol=16 0.02s 2026-07-22T16:58:29.455
ATTEMPT 335 W0 START 4x2 seed=926136 2026-07-22T16:58:29.455
ATTEMPT 335 W0 SOLVE 4x2 2026-07-22T16:58:29.462
ATTEMPT 335 W0 DONE 4x2 seed=926136 nsol=16 0.01s 2026-07-22T16:58:29.469
ATTEMPT 336 W0 START 4x2 seed=926137 2026-07-22T16:58:29.470
ATTEMPT 336 W0 SOLVE 4x2 2026-07-22T16:58:29.477
ATTEMPT 336 W0 DONE 4x2 seed=926137 nsol=16 0.02s 2026-07-22T16:58:29.499
ATTEMPT 337 W0 START 4x2 seed=926138 2026-07-22T16:58:29.500
ATTEMPT 337 W0 SOLVE 4x2 2026-07-22T16:58:29.507
ATTEMPT 337 W0 DONE 4x2 seed=926138 nsol=16 0.01s 2026-07-22T16:58:29.515
ATTEMPT 338 W0 START 4x2 seed=926139 2026-07-22T16:58:29.516
ATTEMPT 338 W0 SOLVE 4x2 2026-07-22T16:58:29.523
ATTEMPT 338 W0 DONE 4x2 seed=926139 nsol=16 0.01s 2026-07-22T16:58:29.530
ATTEMPT 339 W0 START 4x2 seed=926140 2026-07-22T16:58:29.530
ATTEMPT 339 W0 SOLVE 4x2 2026-07-22T16:58:29.536
ATTEMPT 339 W0 DONE 4x2 seed=926140 nsol=16 0.01s 2026-07-22T16:58:29.545
ATTEMPT 340 W0 START 4x2 seed=926141 2026-07-22T16:58:29.546
ATTEMPT 340 W0 SOLVE 4x2 2026-07-22T16:58:29.552
ATTEMPT 340 W0 DONE 4x2 seed=926141 nsol=16 0.01s 2026-07-22T16:58:29.563
ATTEMPT 341 W0 START 4x2 seed=926142 2026-07-22T16:58:29.565
ATTEMPT 341 W0 SOLVE 4x2 2026-07-22T16:58:29.570
ATTEMPT 341 W0 DONE 4x2 seed=926142 nsol=16 0.01s 2026-07-22T16:58:29.581
ATTEMPT 342 W0 START 4x2 seed=926143 2026-07-22T16:58:29.581
ATTEMPT 342 W0 SOLVE 4x2 2026-07-22T16:58:29.595
ATTEMPT 342 W0 DONE 4x2 seed=926143 nsol=16 0.02s 2026-07-22T16:58:29.617
ATTEMPT 343 W0 START 4x2 seed=926144 2026-07-22T16:58:29.618
ATTEMPT 343 W0 SOLVE 4x2 2026-07-22T16:58:29.627
ATTEMPT 343 W0 DONE 4x2 seed=926144 nsol=16 0.01s 2026-07-22T16:58:29.635
ATTEMPT 344 W0 START 4x2 seed=926145 2026-07-22T16:58:29.635
ATTEMPT 344 W0 SOLVE 4x2 2026-07-22T16:58:29.640
ATTEMPT 344 W0 DONE 4x2 seed=926145 nsol=16 0.01s 2026-07-22T16:58:29.653
ATTEMPT 345 W0 START 4x2 seed=926146 2026-07-22T16:58:29.653
ATTEMPT 345 W0 SOLVE 4x2 2026-07-22T16:58:29.661
ATTEMPT 345 W0 DONE 4x2 seed=926146 nsol=16 0.02s 2026-07-22T16:58:29.682
ATTEMPT 346 W0 START 4x2 seed=926147 2026-07-22T16:58:29.682
ATTEMPT 346 W0 SOLVE 4x2 2026-07-22T16:58:29.688
ATTEMPT 346 W0 DONE 4x2 seed=926147 nsol=16 0.02s 2026-07-22T16:58:29.710
ATTEMPT 347 W0 START 4x2 seed=926148 2026-07-22T16:58:29.710
ATTEMPT 347 W0 SOLVE 4x2 2026-07-22T16:58:29.719
ATTEMPT 347 W0 DONE 4x2 seed=926148 nsol=16 0.01s 2026-07-22T16:58:29.729
ATTEMPT 348 W0 START 4x2 seed=926149 2026-07-22T16:58:29.729
ATTEMPT 348 W0 SOLVE 4x2 2026-07-22T16:58:29.739
ATTEMPT 348 W0 DONE 4x2 seed=926149 nsol=16 0.02s 2026-07-22T16:58:29.758
ATTEMPT 349 W0 START 4x2 seed=926150 2026-07-22T16:58:29.759
ATTEMPT 349 W0 SOLVE 4x2 2026-07-22T16:58:29.764
ATTEMPT 349 W0 DONE 4x2 seed=926150 nsol=16 0.02s 2026-07-22T16:58:29.781
ATTEMPT 350 W0 START 4x2 seed=926151 2026-07-22T16:58:29.782
ATTEMPT 350 W0 SOLVE 4x2 2026-07-22T16:58:29.787
ATTEMPT 350 W0 DONE 4x2 seed=926151 nsol=16 0.01s 2026-07-22T16:58:29.793
ATTEMPT 351 W0 START 4x2 seed=926152 2026-07-22T16:58:29.793
ATTEMPT 351 W0 SOLVE 4x2 2026-07-22T16:58:29.799
ATTEMPT 351 W0 DONE 4x2 seed=926152 nsol=16 0.01s 2026-07-22T16:58:29.809
ATTEMPT 352 W0 START 4x2 seed=926153 2026-07-22T16:58:29.810
ATTEMPT 352 W0 SOLVE 4x2 2026-07-22T16:58:29.818
ATTEMPT 352 W0 DONE 4x2 seed=926153 nsol=16 0.02s 2026-07-22T16:58:29.833
ATTEMPT 353 W0 START 4x2 seed=926154 2026-07-22T16:58:29.834
ATTEMPT 353 W0 SOLVE 4x2 2026-07-22T16:58:29.839
ATTEMPT 353 W0 DONE 4x2 seed=926154 nsol=16 0.02s 2026-07-22T16:58:29.856
ATTEMPT 354 W0 START 4x2 seed=926155 2026-07-22T16:58:29.856
ATTEMPT 354 W0 SOLVE 4x2 2026-07-22T16:58:29.861
ATTEMPT 354 W0 DONE 4x2 seed=926155 nsol=16 0.01s 2026-07-22T16:58:29.873
ATTEMPT 355 W0 START 4x2 seed=926156 2026-07-22T16:58:29.874
ATTEMPT 355 W0 SOLVE 4x2 2026-07-22T16:58:29.880
ATTEMPT 355 W0 DONE 4x2 seed=926156 nsol=16 0.01s 2026-07-22T16:58:29.893
ATTEMPT 356 W0 START 4x2 seed=926157 2026-07-22T16:58:29.894
ATTEMPT 356 W0 SOLVE 4x2 2026-07-22T16:58:29.901
ATTEMPT 356 W0 DONE 4x2 seed=926157 nsol=16 0.02s 2026-07-22T16:58:29.917
ATTEMPT 357 W0 START 4x2 seed=926158 2026-07-22T16:58:29.917
ATTEMPT 357 W0 SOLVE 4x2 2026-07-22T16:58:29.924
ATTEMPT 357 W0 DONE 4x2 seed=926158 nsol=16 0.19s 2026-07-22T16:58:30.113
ATTEMPT 358 W0 START 4x2 seed=926159 2026-07-22T16:58:30.115
ATTEMPT 358 W0 SOLVE 4x2 2026-07-22T16:58:30.121
ATTEMPT 358 W0 DONE 4x2 seed=926159 nsol=16 0.02s 2026-07-22T16:58:30.144
ATTEMPT 359 W0 START 4x2 seed=926160 2026-07-22T16:58:30.145
ATTEMPT 359 W0 SOLVE 4x2 2026-07-22T16:58:30.152
ATTEMPT 359 W0 DONE 4x2 seed=926160 nsol=16 0.01s 2026-07-22T16:58:30.165
ATTEMPT 360 W0 START 4x2 seed=926161 2026-07-22T16:58:30.166
ATTEMPT 360 W0 SOLVE 4x2 2026-07-22T16:58:30.172
ATTEMPT 360 W0 DONE 4x2 seed=926161 nsol=16 0.01s 2026-07-22T16:58:30.185
ATTEMPT 361 W0 START 4x2 seed=926162 2026-07-22T16:58:30.185
ATTEMPT 361 W0 SOLVE 4x2 2026-07-22T16:58:30.194
ATTEMPT 361 W0 DONE 4x2 seed=926162 nsol=16 0.02s 2026-07-22T16:58:30.218
ATTEMPT 362 W0 START 4x2 seed=926163 2026-07-22T16:58:30.219
ATTEMPT 362 W0 SOLVE 4x2 2026-07-22T16:58:30.226
ATTEMPT 362 W0 DONE 4x2 seed=926163 nsol=16 0.02s 2026-07-22T16:58:30.241
ATTEMPT 363 W0 START 4x2 seed=926164 2026-07-22T16:58:30.242
ATTEMPT 363 W0 SOLVE 4x2 2026-07-22T16:58:30.248
ATTEMPT 363 W0 DONE 4x2 seed=926164 nsol=16 0.01s 2026-07-22T16:58:30.259
ATTEMPT 364 W0 START 4x2 seed=926165 2026-07-22T16:58:30.259
ATTEMPT 364 W0 SOLVE 4x2 2026-07-22T16:58:30.266
ATTEMPT 364 W0 DONE 4x2 seed=926165 nsol=16 0.01s 2026-07-22T16:58:30.278
ATTEMPT 365 W0 START 4x2 seed=926166 2026-07-22T16:58:30.278
ATTEMPT 365 W0 SOLVE 4x2 2026-07-22T16:58:30.286
ATTEMPT 365 W0 DONE 4x2 seed=926166 nsol=16 0.02s 2026-07-22T16:58:30.301
ATTEMPT 366 W0 START 4x2 seed=926167 2026-07-22T16:58:30.302
ATTEMPT 366 W0 SOLVE 4x2 2026-07-22T16:58:30.308
ATTEMPT 366 W0 DONE 4x2 seed=926167 nsol=16 0.02s 2026-07-22T16:58:30.328
ATTEMPT 367 W0 START 4x2 seed=926168 2026-07-22T16:58:30.328
ATTEMPT 367 W0 SOLVE 4x2 2026-07-22T16:58:30.335
ATTEMPT 367 W0 DONE 4x2 seed=926168 nsol=16 0.01s 2026-07-22T16:58:30.342
ATTEMPT 368 W0 START 4x2 seed=926169 2026-07-22T16:58:30.343
ATTEMPT 368 W0 SOLVE 4x2 2026-07-22T16:58:30.348
ATTEMPT 368 W0 DONE 4x2 seed=926169 nsol=16 0.01s 2026-07-22T16:58:30.361
ATTEMPT 369 W0 START 4x2 seed=926170 2026-07-22T16:58:30.362
ATTEMPT 369 W0 SOLVE 4x2 2026-07-22T16:58:30.367
ATTEMPT 369 W0 DONE 4x2 seed=926170 nsol=16 0.02s 2026-07-22T16:58:30.384
ATTEMPT 370 W0 START 4x2 seed=926171 2026-07-22T16:58:30.385
ATTEMPT 370 W0 SOLVE 4x2 2026-07-22T16:58:30.390
ATTEMPT 370 W0 DONE 4x2 seed=926171 nsol=16 0.01s 2026-07-22T16:58:30.396
ATTEMPT 371 W0 START 4x2 seed=926172 2026-07-22T16:58:30.396
ATTEMPT 371 W0 SOLVE 4x2 2026-07-22T16:58:30.402
ATTEMPT 371 W0 DONE 4x2 seed=926172 nsol=16 0.01s 2026-07-22T16:58:30.409
ATTEMPT 372 W0 START 4x2 seed=926173 2026-07-22T16:58:30.410
ATTEMPT 372 W0 SOLVE 4x2 2026-07-22T16:58:30.416
ATTEMPT 372 W0 DONE 4x2 seed=926173 nsol=16 0.01s 2026-07-22T16:58:30.425
ATTEMPT 373 W0 START 4x2 seed=926174 2026-07-22T16:58:30.426
ATTEMPT 373 W0 SOLVE 4x2 2026-07-22T16:58:30.431
ATTEMPT 373 W0 DONE 4x2 seed=926174 nsol=16 0.01s 2026-07-22T16:58:30.445
ATTEMPT 374 W0 START 4x2 seed=926175 2026-07-22T16:58:30.446
ATTEMPT 374 W0 SOLVE 4x2 2026-07-22T16:58:30.451
ATTEMPT 374 W0 DONE 4x2 seed=926175 nsol=16 0.01s 2026-07-22T16:58:30.462
ATTEMPT 375 W0 START 4x2 seed=926176 2026-07-22T16:58:30.464
ATTEMPT 375 W0 SOLVE 4x2 2026-07-22T16:58:30.471
ATTEMPT 375 W0 DONE 4x2 seed=926176 nsol=16 0.01s 2026-07-22T16:58:30.481
ATTEMPT 376 W0 START 4x2 seed=926177 2026-07-22T16:58:30.481
ATTEMPT 376 W0 SOLVE 4x2 2026-07-22T16:58:30.488
ATTEMPT 376 W0 DONE 4x2 seed=926177 nsol=16 0.01s 2026-07-22T16:58:30.495
ATTEMPT 377 W0 START 4x2 seed=926178 2026-07-22T16:58:30.495
ATTEMPT 377 W0 SOLVE 4x2 2026-07-22T16:58:30.503
ATTEMPT 377 W0 DONE 4x2 seed=926178 nsol=16 0.02s 2026-07-22T16:58:30.523
ATTEMPT 378 W0 START 4x2 seed=926179 2026-07-22T16:58:30.523
ATTEMPT 378 W0 SOLVE 4x2 2026-07-22T16:58:30.531
ATTEMPT 378 W0 DONE 4x2 seed=926179 nsol=16 0.01s 2026-07-22T16:58:30.542
ATTEMPT 379 W0 START 4x2 seed=926180 2026-07-22T16:58:30.543
ATTEMPT 379 W0 SOLVE 4x2 2026-07-22T16:58:30.548
ATTEMPT 379 W0 DONE 4x2 seed=926180 nsol=16 0.01s 2026-07-22T16:58:30.557
ATTEMPT 380 W0 START 4x2 seed=926181 2026-07-22T16:58:30.558
ATTEMPT 380 W0 SOLVE 4x2 2026-07-22T16:58:30.565
ATTEMPT 380 W0 DONE 4x2 seed=926181 nsol=16 0.01s 2026-07-22T16:58:30.572
ATTEMPT 381 W0 START 4x2 seed=926182 2026-07-22T16:58:30.572
ATTEMPT 381 W0 SOLVE 4x2 2026-07-22T16:58:30.577
ATTEMPT 381 W0 DONE 4x2 seed=926182 nsol=16 0.01s 2026-07-22T16:58:30.585
ATTEMPT 382 W0 START 4x2 seed=926183 2026-07-22T16:58:30.585
ATTEMPT 382 W0 SOLVE 4x2 2026-07-22T16:58:30.591
ATTEMPT 382 W0 DONE 4x2 seed=926183 nsol=16 0.02s 2026-07-22T16:58:30.607
ATTEMPT 383 W0 START 4x2 seed=926184 2026-07-22T16:58:30.607
ATTEMPT 383 W0 SOLVE 4x2 2026-07-22T16:58:30.613
ATTEMPT 383 W0 DONE 4x2 seed=926184 nsol=16 0.01s 2026-07-22T16:58:30.620
ATTEMPT 384 W0 START 4x2 seed=926185 2026-07-22T16:58:30.620
ATTEMPT 384 W0 SOLVE 4x2 2026-07-22T16:58:30.627
ATTEMPT 384 W0 DONE 4x2 seed=926185 nsol=16 0.02s 2026-07-22T16:58:30.648
ATTEMPT 385 W0 START 4x2 seed=926186 2026-07-22T16:58:30.648
ATTEMPT 385 W0 SOLVE 4x2 2026-07-22T16:58:30.654
ATTEMPT 385 W0 DONE 4x2 seed=926186 nsol=16 0.01s 2026-07-22T16:58:30.666
ATTEMPT 386 W0 START 4x2 seed=926187 2026-07-22T16:58:30.667
ATTEMPT 386 W0 SOLVE 4x2 2026-07-22T16:58:30.673
ATTEMPT 386 W0 DONE 4x2 seed=926187 nsol=16 0.01s 2026-07-22T16:58:30.681
ATTEMPT 387 W0 START 4x2 seed=926188 2026-07-22T16:58:30.682
ATTEMPT 387 W0 SOLVE 4x2 2026-07-22T16:58:30.687
ATTEMPT 387 W0 DONE 4x2 seed=926188 nsol=16 0.01s 2026-07-22T16:58:30.693
ATTEMPT 388 W0 START 4x2 seed=926189 2026-07-22T16:58:30.693
ATTEMPT 388 W0 SOLVE 4x2 2026-07-22T16:58:30.701
ATTEMPT 388 W0 DONE 4x2 seed=926189 nsol=16 0.02s 2026-07-22T16:58:30.721
ATTEMPT 389 W0 START 4x2 seed=926190 2026-07-22T16:58:30.721
ATTEMPT 389 W0 SOLVE 4x2 2026-07-22T16:58:30.729
ATTEMPT 389 W0 DONE 4x2 seed=926190 nsol=16 0.01s 2026-07-22T16:58:30.736
ATTEMPT 390 W0 START 4x2 seed=926191 2026-07-22T16:58:30.736
ATTEMPT 390 W0 SOLVE 4x2 2026-07-22T16:58:30.741
ATTEMPT 390 W0 DONE 4x2 seed=926191 nsol=16 0.01s 2026-07-22T16:58:30.748
ATTEMPT 391 W0 START 4x2 seed=926192 2026-07-22T16:58:30.749
ATTEMPT 391 W0 SOLVE 4x2 2026-07-22T16:58:30.755
ATTEMPT 391 W0 DONE 4x2 seed=926192 nsol=16 0.01s 2026-07-22T16:58:30.765
ATTEMPT 392 W0 START 4x2 seed=926193 2026-07-22T16:58:30.766
ATTEMPT 392 W0 SOLVE 4x2 2026-07-22T16:58:30.771
ATTEMPT 392 W0 DONE 4x2 seed=926193 nsol=16 0.01s 2026-07-22T16:58:30.777
ATTEMPT 393 W0 START 4x2 seed=926194 2026-07-22T16:58:30.777
ATTEMPT 393 W0 SOLVE 4x2 2026-07-22T16:58:30.784
ATTEMPT 393 W0 DONE 4x2 seed=926194 nsol=16 0.02s 2026-07-22T16:58:30.800
ATTEMPT 394 W0 START 4x2 seed=926195 2026-07-22T16:58:30.801
ATTEMPT 394 W0 SOLVE 4x2 2026-07-22T16:58:30.806
ATTEMPT 394 W0 DONE 4x2 seed=926195 nsol=16 0.01s 2026-07-22T16:58:30.821
ATTEMPT 395 W0 START 4x2 seed=926196 2026-07-22T16:58:30.822
ATTEMPT 395 W0 SOLVE 4x2 2026-07-22T16:58:30.828
ATTEMPT 395 W0 DONE 4x2 seed=926196 nsol=16 0.01s 2026-07-22T16:58:30.842
ATTEMPT 396 W0 START 4x2 seed=926197 2026-07-22T16:58:30.842
ATTEMPT 396 W0 SOLVE 4x2 2026-07-22T16:58:30.848
ATTEMPT 396 W0 DONE 4x2 seed=926197 nsol=16 0.02s 2026-07-22T16:58:30.866
ATTEMPT 397 W0 START 4x2 seed=926198 2026-07-22T16:58:30.866
ATTEMPT 397 W0 SOLVE 4x2 2026-07-22T16:58:30.871
ATTEMPT 397 W0 DONE 4x2 seed=926198 nsol=16 0.02s 2026-07-22T16:58:30.891
ATTEMPT 398 W0 START 4x2 seed=926199 2026-07-22T16:58:30.891
ATTEMPT 398 W0 SOLVE 4x2 2026-07-22T16:58:30.907
ATTEMPT 398 W0 DONE 4x2 seed=926199 nsol=16 0.01s 2026-07-22T16:58:30.916
ATTEMPT 399 W0 START 4x2 seed=926200 2026-07-22T16:58:30.916
ATTEMPT 399 W0 SOLVE 4x2 2026-07-22T16:58:30.921
ATTEMPT 399 W0 DONE 4x2 seed=926200 nsol=16 0.01s 2026-07-22T16:58:30.936
ATTEMPT 400 W0 START 4x2 seed=926201 2026-07-22T16:58:30.936
ATTEMPT 400 W0 SOLVE 4x2 2026-07-22T16:58:30.942
ATTEMPT 400 W0 DONE 4x2 seed=926201 nsol=16 0.01s 2026-07-22T16:58:30.956
ATTEMPT 401 W0 START 4x2 seed=926202 2026-07-22T16:58:30.957
ATTEMPT 401 W0 SOLVE 4x2 2026-07-22T16:58:30.970
ATTEMPT 401 W0 DONE 4x2 seed=926202 nsol=16 0.01s 2026-07-22T16:58:30.978
ATTEMPT 402 W0 START 4x2 seed=926203 2026-07-22T16:58:30.978
ATTEMPT 402 W0 SOLVE 4x2 2026-07-22T16:58:30.985
ATTEMPT 402 W0 DONE 4x2 seed=926203 nsol=16 0.02s 2026-07-22T16:58:31.001
ATTEMPT 403 W0 START 4x2 seed=926204 2026-07-22T16:58:31.002
ATTEMPT 403 W0 SOLVE 4x2 2026-07-22T16:58:31.009
ATTEMPT 403 W0 DONE 4x2 seed=926204 nsol=16 0.01s 2026-07-22T16:58:31.022
ATTEMPT 404 W0 START 4x2 seed=926205 2026-07-22T16:58:31.022
ATTEMPT 404 W0 SOLVE 4x2 2026-07-22T16:58:31.028
ATTEMPT 404 W0 DONE 4x2 seed=926205 nsol=16 0.01s 2026-07-22T16:58:31.043
ATTEMPT 405 W0 START 4x2 seed=926206 2026-07-22T16:58:31.044
ATTEMPT 405 W0 SOLVE 4x2 2026-07-22T16:58:31.052
ATTEMPT 405 W0 DONE 4x2 seed=926206 nsol=16 0.03s 2026-07-22T16:58:31.078
ATTEMPT 406 W0 START 4x2 seed=926207 2026-07-22T16:58:31.078
ATTEMPT 406 W0 SOLVE 4x2 2026-07-22T16:58:31.087
ATTEMPT 406 W0 DONE 4x2 seed=926207 nsol=16 0.01s 2026-07-22T16:58:31.095
ATTEMPT 407 W0 START 4x2 seed=926208 2026-07-22T16:58:31.096
ATTEMPT 407 W0 SOLVE 4x2 2026-07-22T16:58:31.104
ATTEMPT 407 W0 DONE 4x2 seed=926208 nsol=16 0.02s 2026-07-22T16:58:31.123
ATTEMPT 408 W0 START 4x2 seed=926209 2026-07-22T16:58:31.123
ATTEMPT 408 W0 SOLVE 4x2 2026-07-22T16:58:31.132
ATTEMPT 408 W0 DONE 4x2 seed=926209 nsol=16 0.01s 2026-07-22T16:58:31.143
ATTEMPT 409 W0 START 4x2 seed=926210 2026-07-22T16:58:31.144
ATTEMPT 409 W0 SOLVE 4x2 2026-07-22T16:58:31.151
ATTEMPT 409 W0 DONE 4x2 seed=926210 nsol=16 0.01s 2026-07-22T16:58:31.164
ATTEMPT 410 W0 START 4x2 seed=926211 2026-07-22T16:58:31.164
ATTEMPT 410 W0 SOLVE 4x2 2026-07-22T16:58:31.169
ATTEMPT 410 W0 DONE 4x2 seed=926211 nsol=16 0.01s 2026-07-22T16:58:31.180
ATTEMPT 411 W0 START 4x2 seed=926212 2026-07-22T16:58:31.180
ATTEMPT 411 W0 SOLVE 4x2 2026-07-22T16:58:31.186
ATTEMPT 411 W0 DONE 4x2 seed=926212 nsol=16 0.01s 2026-07-22T16:58:31.194
ATTEMPT 412 W0 START 4x2 seed=926213 2026-07-22T16:58:31.194
ATTEMPT 412 W0 SOLVE 4x2 2026-07-22T16:58:31.200
ATTEMPT 412 W0 DONE 4x2 seed=926213 nsol=16 0.01s 2026-07-22T16:58:31.206
ATTEMPT 413 W0 START 4x2 seed=926214 2026-07-22T16:58:31.206
ATTEMPT 413 W0 SOLVE 4x2 2026-07-22T16:58:31.212
ATTEMPT 413 W0 DONE 4x2 seed=926214 nsol=16 0.02s 2026-07-22T16:58:31.233
ATTEMPT 414 W0 START 4x2 seed=926215 2026-07-22T16:58:31.234
ATTEMPT 414 W0 SOLVE 4x2 2026-07-22T16:58:31.241
ATTEMPT 414 W0 DONE 4x2 seed=926215 nsol=16 0.02s 2026-07-22T16:58:31.257
ATTEMPT 415 W0 START 4x2 seed=926216 2026-07-22T16:58:31.258
ATTEMPT 415 W0 SOLVE 4x2 2026-07-22T16:58:31.263
ATTEMPT 415 W0 DONE 4x2 seed=926216 nsol=16 0.01s 2026-07-22T16:58:31.269
ATTEMPT 416 W0 START 4x2 seed=926217 2026-07-22T16:58:31.269
ATTEMPT 416 W0 SOLVE 4x2 2026-07-22T16:58:31.275
ATTEMPT 416 W0 DONE 4x2 seed=926217 nsol=16 0.02s 2026-07-22T16:58:31.294
ATTEMPT 417 W0 START 4x2 seed=926218 2026-07-22T16:58:31.294
ATTEMPT 417 W0 SOLVE 4x2 2026-07-22T16:58:31.299
ATTEMPT 417 W0 DONE 4x2 seed=926218 nsol=16 0.01s 2026-07-22T16:58:31.313
ATTEMPT 418 W0 START 4x2 seed=926219 2026-07-22T16:58:31.314
ATTEMPT 418 W0 SOLVE 4x2 2026-07-22T16:58:31.320
ATTEMPT 418 W0 DONE 4x2 seed=926219 nsol=16 0.01s 2026-07-22T16:58:31.328
ATTEMPT 419 W0 START 4x2 seed=926220 2026-07-22T16:58:31.328
ATTEMPT 419 W0 SOLVE 4x2 2026-07-22T16:58:31.336
ATTEMPT 419 W0 DONE 4x2 seed=926220 nsol=16 0.03s 2026-07-22T16:58:31.361
ATTEMPT 420 W0 START 4x2 seed=926221 2026-07-22T16:58:31.361
ATTEMPT 420 W0 SOLVE 4x2 2026-07-22T16:58:31.368
ATTEMPT 420 W0 DONE 4x2 seed=926221 nsol=16 0.01s 2026-07-22T16:58:31.381
ATTEMPT 421 W0 START 4x2 seed=926222 2026-07-22T16:58:31.382
ATTEMPT 421 W0 SOLVE 4x2 2026-07-22T16:58:31.387
ATTEMPT 421 W0 DONE 4x2 seed=926222 nsol=16 0.01s 2026-07-22T16:58:31.397
ATTEMPT 422 W0 START 4x2 seed=926223 2026-07-22T16:58:31.397
ATTEMPT 422 W0 SOLVE 4x2 2026-07-22T16:58:31.404
ATTEMPT 422 W0 DONE 4x2 seed=926223 nsol=16 0.01s 2026-07-22T16:58:31.413
ATTEMPT 423 W0 START 4x2 seed=926224 2026-07-22T16:58:31.413
ATTEMPT 423 W0 SOLVE 4x2 2026-07-22T16:58:31.423
ATTEMPT 423 W0 DONE 4x2 seed=926224 nsol=16 0.01s 2026-07-22T16:58:31.434
ATTEMPT 424 W0 START 4x2 seed=926225 2026-07-22T16:58:31.434
ATTEMPT 424 W0 SOLVE 4x2 2026-07-22T16:58:31.444
ATTEMPT 424 W0 DONE 4x2 seed=926225 nsol=16 0.02s 2026-07-22T16:58:31.467
ATTEMPT 425 W0 START 4x2 seed=926226 2026-07-22T16:58:31.467
ATTEMPT 425 W0 SOLVE 4x2 2026-07-22T16:58:31.475
ATTEMPT 425 W0 DONE 4x2 seed=926226 nsol=16 0.01s 2026-07-22T16:58:31.483
ATTEMPT 426 W0 START 4x2 seed=926227 2026-07-22T16:58:31.483
ATTEMPT 426 W0 SOLVE 4x2 2026-07-22T16:58:31.507
ATTEMPT 426 W0 DONE 4x2 seed=926227 nsol=16 0.01s 2026-07-22T16:58:31.518
ATTEMPT 427 W0 START 4x2 seed=926228 2026-07-22T16:58:31.518
ATTEMPT 427 W0 SOLVE 4x2 2026-07-22T16:58:31.524
ATTEMPT 427 W0 DONE 4x2 seed=926228 nsol=16 0.03s 2026-07-22T16:58:31.550
ATTEMPT 428 W0 START 4x2 seed=926229 2026-07-22T16:58:31.550
ATTEMPT 428 W0 SOLVE 4x2 2026-07-22T16:58:31.564
ATTEMPT 428 W0 DONE 4x2 seed=926229 nsol=16 0.01s 2026-07-22T16:58:31.576
ATTEMPT 429 W0 START 4x2 seed=926230 2026-07-22T16:58:31.576
ATTEMPT 429 W0 SOLVE 4x2 2026-07-22T16:58:31.581
ATTEMPT 429 W0 DONE 4x2 seed=926230 nsol=16 0.02s 2026-07-22T16:58:31.601
ATTEMPT 430 W0 START 4x2 seed=926231 2026-07-22T16:58:31.601
ATTEMPT 430 W0 SOLVE 4x2 2026-07-22T16:58:31.613
ATTEMPT 430 W0 DONE 4x2 seed=926231 nsol=16 0.03s 2026-07-22T16:58:31.639
ATTEMPT 431 W0 START 4x2 seed=926232 2026-07-22T16:58:31.639
ATTEMPT 431 W0 SOLVE 4x2 2026-07-22T16:58:31.658
ATTEMPT 431 W0 DONE 4x2 seed=926232 nsol=16 0.02s 2026-07-22T16:58:31.678
ATTEMPT 432 W0 START 4x2 seed=926233 2026-07-22T16:58:31.678
ATTEMPT 432 W0 SOLVE 4x2 2026-07-22T16:58:31.684
ATTEMPT 432 W0 DONE 4x2 seed=926233 nsol=16 0.02s 2026-07-22T16:58:31.707
ATTEMPT 433 W0 START 4x2 seed=926234 2026-07-22T16:58:31.707
ATTEMPT 433 W0 SOLVE 4x2 2026-07-22T16:58:31.713
ATTEMPT 433 W0 DONE 4x2 seed=926234 nsol=16 0.01s 2026-07-22T16:58:31.724
ATTEMPT 434 W0 START 4x2 seed=926235 2026-07-22T16:58:31.724
ATTEMPT 434 W0 SOLVE 4x2 2026-07-22T16:58:31.736
ATTEMPT 434 W0 DONE 4x2 seed=926235 nsol=16 0.02s 2026-07-22T16:58:31.755
ATTEMPT 435 W0 START 4x2 seed=926236 2026-07-22T16:58:31.755
ATTEMPT 435 W0 SOLVE 4x2 2026-07-22T16:58:31.762
ATTEMPT 435 W0 DONE 4x2 seed=926236 nsol=16 0.01s 2026-07-22T16:58:31.774
ATTEMPT 436 W0 START 4x2 seed=926237 2026-07-22T16:58:31.774
ATTEMPT 436 W0 SOLVE 4x2 2026-07-22T16:58:31.783
ATTEMPT 436 W0 DONE 4x2 seed=926237 nsol=16 0.01s 2026-07-22T16:58:31.794
ATTEMPT 437 W0 START 4x2 seed=926238 2026-07-22T16:58:31.794
ATTEMPT 437 W0 SOLVE 4x2 2026-07-22T16:58:31.803
ATTEMPT 437 W0 DONE 4x2 seed=926238 nsol=16 0.01s 2026-07-22T16:58:31.814
ATTEMPT 438 W0 START 4x2 seed=926239 2026-07-22T16:58:31.814
ATTEMPT 438 W0 SOLVE 4x2 2026-07-22T16:58:31.823
ATTEMPT 438 W0 DONE 4x2 seed=926239 nsol=16 0.01s 2026-07-22T16:58:31.834
ATTEMPT 439 W0 START 4x2 seed=926240 2026-07-22T16:58:31.834
ATTEMPT 439 W0 SOLVE 4x2 2026-07-22T16:58:31.844
ATTEMPT 439 W0 DONE 4x2 seed=926240 nsol=16 0.01s 2026-07-22T16:58:31.861
ATTEMPT 440 W0 START 4x2 seed=926241 2026-07-22T16:58:31.862
ATTEMPT 440 W0 SOLVE 4x2 2026-07-22T16:58:31.869
ATTEMPT 440 W0 DONE 4x2 seed=926241 nsol=16 0.11s 2026-07-22T16:58:31.979
ATTEMPT 441 W0 START 4x2 seed=926242 2026-07-22T16:58:31.980
ATTEMPT 441 W0 SOLVE 4x2 2026-07-22T16:58:31.987
ATTEMPT 441 W0 DONE 4x2 seed=926242 nsol=16 0.02s 2026-07-22T16:58:32.009
ATTEMPT 442 W0 START 4x2 seed=926243 2026-07-22T16:58:32.010
ATTEMPT 442 W0 SOLVE 4x2 2026-07-22T16:58:32.015
ATTEMPT 442 W0 DONE 4x2 seed=926243 nsol=16 0.01s 2026-07-22T16:58:32.022
ATTEMPT 443 W0 START 4x2 seed=926244 2026-07-22T16:58:32.022
ATTEMPT 443 W0 SOLVE 4x2 2026-07-22T16:58:32.027
ATTEMPT 443 W0 DONE 4x2 seed=926244 nsol=16 0.01s 2026-07-22T16:58:32.040
ATTEMPT 444 W0 START 4x2 seed=926245 2026-07-22T16:58:32.041
ATTEMPT 444 W0 SOLVE 4x2 2026-07-22T16:58:32.046
ATTEMPT 444 W0 DONE 4x2 seed=926245 nsol=16 0.01s 2026-07-22T16:58:32.053
ATTEMPT 445 W0 START 4x2 seed=926246 2026-07-22T16:58:32.053
ATTEMPT 445 W0 SOLVE 4x2 2026-07-22T16:58:32.059
ATTEMPT 445 W0 DONE 4x2 seed=926246 nsol=16 0.02s 2026-07-22T16:58:32.076
ATTEMPT 446 W0 START 4x2 seed=926247 2026-07-22T16:58:32.077
ATTEMPT 446 W0 SOLVE 4x2 2026-07-22T16:58:32.082
ATTEMPT 446 W0 DONE 4x2 seed=926247 nsol=16 0.00s 2026-07-22T16:58:32.087
ATTEMPT 447 W0 START 4x2 seed=926248 2026-07-22T16:58:32.087
ATTEMPT 447 W0 SOLVE 4x2 2026-07-22T16:58:32.092
ATTEMPT 447 W0 DONE 4x2 seed=926248 nsol=16 0.01s 2026-07-22T16:58:32.098
ATTEMPT 448 W0 START 4x2 seed=926249 2026-07-22T16:58:32.098
ATTEMPT 448 W0 SOLVE 4x2 2026-07-22T16:58:32.104
ATTEMPT 448 W0 DONE 4x2 seed=926249 nsol=16 0.02s 2026-07-22T16:58:32.119
ATTEMPT 449 W0 START 4x2 seed=926250 2026-07-22T16:58:32.120
ATTEMPT 449 W0 SOLVE 4x2 2026-07-22T16:58:32.126
ATTEMPT 449 W0 DONE 4x2 seed=926250 nsol=16 0.01s 2026-07-22T16:58:32.133
ATTEMPT 450 W0 START 4x2 seed=926251 2026-07-22T16:58:32.133
ATTEMPT 450 W0 SOLVE 4x2 2026-07-22T16:58:32.141
ATTEMPT 450 W0 DONE 4x2 seed=926251 nsol=16 0.02s 2026-07-22T16:58:32.165
ATTEMPT 451 W0 START 4x2 seed=926252 2026-07-22T16:58:32.166
ATTEMPT 451 W0 SOLVE 4x2 2026-07-22T16:58:32.171
ATTEMPT 451 W0 DONE 4x2 seed=926252 nsol=16 0.01s 2026-07-22T16:58:32.185
ATTEMPT 452 W0 START 4x2 seed=926253 2026-07-22T16:58:32.186
ATTEMPT 452 W0 SOLVE 4x2 2026-07-22T16:58:32.192
ATTEMPT 452 W0 DONE 4x2 seed=926253 nsol=16 0.01s 2026-07-22T16:58:32.205
ATTEMPT 453 W0 START 4x2 seed=926254 2026-07-22T16:58:32.206
ATTEMPT 453 W0 SOLVE 4x2 2026-07-22T16:58:32.213
ATTEMPT 453 W0 DONE 4x2 seed=926254 nsol=16 0.02s 2026-07-22T16:58:32.229
ATTEMPT 454 W0 START 4x2 seed=926255 2026-07-22T16:58:32.230
ATTEMPT 454 W0 SOLVE 4x2 2026-07-22T16:58:32.236
ATTEMPT 454 W0 DONE 4x2 seed=926255 nsol=16 0.02s 2026-07-22T16:58:32.252
ATTEMPT 455 W0 START 4x2 seed=926256 2026-07-22T16:58:32.252
ATTEMPT 455 W0 SOLVE 4x2 2026-07-22T16:58:32.258
ATTEMPT 455 W0 DONE 4x2 seed=926256 nsol=16 0.01s 2026-07-22T16:58:32.265
ATTEMPT 456 W0 START 4x2 seed=926257 2026-07-22T16:58:32.266
ATTEMPT 456 W0 SOLVE 4x2 2026-07-22T16:58:32.272
ATTEMPT 456 W0 DONE 4x2 seed=926257 nsol=16 0.02s 2026-07-22T16:58:32.291
ATTEMPT 457 W0 START 4x2 seed=926258 2026-07-22T16:58:32.292
ATTEMPT 457 W0 SOLVE 4x2 2026-07-22T16:58:32.297
ATTEMPT 457 W0 DONE 4x2 seed=926258 nsol=16 0.01s 2026-07-22T16:58:32.303
ATTEMPT 458 W0 START 4x2 seed=926259 2026-07-22T16:58:32.303
ATTEMPT 458 W0 SOLVE 4x2 2026-07-22T16:58:32.308
ATTEMPT 458 W0 DONE 4x2 seed=926259 nsol=16 0.01s 2026-07-22T16:58:32.313
ATTEMPT 459 W0 START 4x2 seed=926260 2026-07-22T16:58:32.314
ATTEMPT 459 W0 SOLVE 4x2 2026-07-22T16:58:32.319
ATTEMPT 459 W0 DONE 4x2 seed=926260 nsol=16 0.01s 2026-07-22T16:58:32.325
ATTEMPT 460 W0 START 4x2 seed=926261 2026-07-22T16:58:32.325
ATTEMPT 460 W0 SOLVE 4x2 2026-07-22T16:58:32.331
ATTEMPT 460 W0 DONE 4x2 seed=926261 nsol=16 0.01s 2026-07-22T16:58:32.341
ATTEMPT 461 W0 START 4x2 seed=926262 2026-07-22T16:58:32.342
ATTEMPT 461 W0 SOLVE 4x2 2026-07-22T16:58:32.348
ATTEMPT 461 W0 DONE 4x2 seed=926262 nsol=16 0.01s 2026-07-22T16:58:32.361
ATTEMPT 462 W0 START 4x2 seed=926263 2026-07-22T16:58:32.362
ATTEMPT 462 W0 SOLVE 4x2 2026-07-22T16:58:32.367
ATTEMPT 462 W0 DONE 4x2 seed=926263 nsol=16 0.01s 2026-07-22T16:58:32.379
ATTEMPT 463 W0 START 4x2 seed=926264 2026-07-22T16:58:32.380
ATTEMPT 463 W0 SOLVE 4x2 2026-07-22T16:58:32.386
ATTEMPT 463 W0 DONE 4x2 seed=926264 nsol=16 0.01s 2026-07-22T16:58:32.394
ATTEMPT 464 W0 START 4x2 seed=926265 2026-07-22T16:58:32.394
ATTEMPT 464 W0 SOLVE 4x2 2026-07-22T16:58:32.399
ATTEMPT 464 W0 DONE 4x2 seed=926265 nsol=16 0.01s 2026-07-22T16:58:32.406
ATTEMPT 465 W0 START 4x2 seed=926266 2026-07-22T16:58:32.407
ATTEMPT 465 W0 SOLVE 4x2 2026-07-22T16:58:32.412
ATTEMPT 465 W0 DONE 4x2 seed=926266 nsol=16 0.00s 2026-07-22T16:58:32.417
ATTEMPT 466 W0 START 4x2 seed=926267 2026-07-22T16:58:32.417
ATTEMPT 466 W0 SOLVE 4x2 2026-07-22T16:58:32.424
ATTEMPT 466 W0 DONE 4x2 seed=926267 nsol=16 0.01s 2026-07-22T16:58:32.437
ATTEMPT 467 W0 START 4x2 seed=926268 2026-07-22T16:58:32.438
ATTEMPT 467 W0 SOLVE 4x2 2026-07-22T16:58:32.443
ATTEMPT 467 W0 DONE 4x2 seed=926268 nsol=16 0.01s 2026-07-22T16:58:32.450
ATTEMPT 468 W0 START 4x2 seed=926269 2026-07-22T16:58:32.450
ATTEMPT 468 W0 SOLVE 4x2 2026-07-22T16:58:32.456
ATTEMPT 468 W0 DONE 4x2 seed=926269 nsol=16 0.01s 2026-07-22T16:58:32.469
ATTEMPT 469 W0 START 4x2 seed=926270 2026-07-22T16:58:32.470
ATTEMPT 469 W0 SOLVE 4x2 2026-07-22T16:58:32.475
ATTEMPT 469 W0 DONE 4x2 seed=926270 nsol=16 0.02s 2026-07-22T16:58:32.491
ATTEMPT 470 W0 START 4x2 seed=926271 2026-07-22T16:58:32.492
ATTEMPT 470 W0 SOLVE 4x2 2026-07-22T16:58:32.499
ATTEMPT 470 W0 DONE 4x2 seed=926271 nsol=16 0.01s 2026-07-22T16:58:32.509
ATTEMPT 471 W0 START 4x2 seed=926272 2026-07-22T16:58:32.510
ATTEMPT 471 W0 SOLVE 4x2 2026-07-22T16:58:32.520
ATTEMPT 471 W0 DONE 4x2 seed=926272 nsol=16 0.01s 2026-07-22T16:58:32.533
ATTEMPT 472 W0 START 4x2 seed=926273 2026-07-22T16:58:32.534
ATTEMPT 472 W0 SOLVE 4x2 2026-07-22T16:58:32.540
ATTEMPT 472 W0 DONE 4x2 seed=926273 nsol=16 0.02s 2026-07-22T16:58:32.556
ATTEMPT 473 W0 START 4x2 seed=926274 2026-07-22T16:58:32.557
ATTEMPT 473 W0 SOLVE 4x2 2026-07-22T16:58:32.565
ATTEMPT 473 W0 DONE 4x2 seed=926274 nsol=16 0.01s 2026-07-22T16:58:32.575
ATTEMPT 474 W0 START 4x2 seed=926275 2026-07-22T16:58:32.575
ATTEMPT 474 W0 SOLVE 4x2 2026-07-22T16:58:32.583
ATTEMPT 474 W0 DONE 4x2 seed=926275 nsol=16 0.01s 2026-07-22T16:58:32.595
ATTEMPT 475 W0 START 4x2 seed=926276 2026-07-22T16:58:32.595
ATTEMPT 475 W0 SOLVE 4x2 2026-07-22T16:58:32.603
ATTEMPT 475 W0 DONE 4x2 seed=926276 nsol=16 0.01s 2026-07-22T16:58:32.615
ATTEMPT 476 W0 START 4x2 seed=926277 2026-07-22T16:58:32.616
ATTEMPT 476 W0 SOLVE 4x2 2026-07-22T16:58:32.623
ATTEMPT 476 W0 DONE 4x2 seed=926277 nsol=16 0.01s 2026-07-22T16:58:32.635
ATTEMPT 477 W0 START 4x2 seed=926278 2026-07-22T16:58:32.636
ATTEMPT 477 W0 SOLVE 4x2 2026-07-22T16:58:32.643
ATTEMPT 477 W0 DONE 4x2 seed=926278 nsol=16 0.01s 2026-07-22T16:58:32.656
ATTEMPT 478 W0 START 4x2 seed=926279 2026-07-22T16:58:32.656
ATTEMPT 478 W0 SOLVE 4x2 2026-07-22T16:58:32.662
ATTEMPT 478 W0 DONE 4x2 seed=926279 nsol=16 0.01s 2026-07-22T16:58:32.673
ATTEMPT 479 W0 START 4x2 seed=926280 2026-07-22T16:58:32.673
ATTEMPT 479 W0 SOLVE 4x2 2026-07-22T16:58:32.679
ATTEMPT 479 W0 DONE 4x2 seed=926280 nsol=16 0.01s 2026-07-22T16:58:32.686
ATTEMPT 480 W0 START 4x2 seed=926281 2026-07-22T16:58:32.686
ATTEMPT 480 W0 SOLVE 4x2 2026-07-22T16:58:32.692
ATTEMPT 480 W0 DONE 4x2 seed=926281 nsol=16 0.01s 2026-07-22T16:58:32.703
ATTEMPT 481 W0 START 4x2 seed=926282 2026-07-22T16:58:32.704
ATTEMPT 481 W0 SOLVE 4x2 2026-07-22T16:58:32.710
ATTEMPT 481 W0 DONE 4x2 seed=926282 nsol=16 0.01s 2026-07-22T16:58:32.716
ATTEMPT 482 W0 START 4x2 seed=926283 2026-07-22T16:58:32.717
ATTEMPT 482 W0 SOLVE 4x2 2026-07-22T16:58:32.724
ATTEMPT 482 W0 DONE 4x2 seed=926283 nsol=16 0.01s 2026-07-22T16:58:32.734
ATTEMPT 483 W0 START 4x2 seed=926284 2026-07-22T16:58:32.734
ATTEMPT 483 W0 SOLVE 4x2 2026-07-22T16:58:32.740
ATTEMPT 483 W0 DONE 4x2 seed=926284 nsol=16 0.01s 2026-07-22T16:58:32.746
ATTEMPT 484 W0 START 4x2 seed=926285 2026-07-22T16:58:32.746
ATTEMPT 484 W0 SOLVE 4x2 2026-07-22T16:58:32.752
ATTEMPT 484 W0 DONE 4x2 seed=926285 nsol=16 0.01s 2026-07-22T16:58:32.765
ATTEMPT 485 W0 START 4x2 seed=926286 2026-07-22T16:58:32.766
ATTEMPT 485 W0 SOLVE 4x2 2026-07-22T16:58:32.771
ATTEMPT 485 W0 DONE 4x2 seed=926286 nsol=16 0.01s 2026-07-22T16:58:32.785
ATTEMPT 486 W0 START 4x2 seed=926287 2026-07-22T16:58:32.785
ATTEMPT 486 W0 SOLVE 4x2 2026-07-22T16:58:32.791
ATTEMPT 486 W0 DONE 4x2 seed=926287 nsol=16 0.01s 2026-07-22T16:58:32.802
ATTEMPT 487 W0 START 4x2 seed=926288 2026-07-22T16:58:32.802
ATTEMPT 487 W0 SOLVE 4x2 2026-07-22T16:58:32.820
ATTEMPT 487 W0 DONE 4x2 seed=926288 nsol=16 0.02s 2026-07-22T16:58:32.857
ATTEMPT 488 W0 START 4x2 seed=926289 2026-07-22T16:58:32.857
ATTEMPT 488 W0 SOLVE 4x2 2026-07-22T16:58:32.866
ATTEMPT 488 W0 DONE 4x2 seed=926289 nsol=16 0.02s 2026-07-22T16:58:32.882
ATTEMPT 489 W0 START 4x2 seed=926290 2026-07-22T16:58:32.882
ATTEMPT 489 W0 SOLVE 4x2 2026-07-22T16:58:32.895
ATTEMPT 489 W0 DONE 4x2 seed=926290 nsol=16 0.02s 2026-07-22T16:58:32.913
ATTEMPT 490 W0 START 4x2 seed=926291 2026-07-22T16:58:32.913
ATTEMPT 490 W0 SOLVE 4x2 2026-07-22T16:58:32.925
ATTEMPT 490 W0 DONE 4x2 seed=926291 nsol=16 0.02s 2026-07-22T16:58:32.942
ATTEMPT 491 W0 START 4x2 seed=926292 2026-07-22T16:58:32.942
ATTEMPT 491 W0 SOLVE 4x2 2026-07-22T16:58:32.947
ATTEMPT 491 W0 DONE 4x2 seed=926292 nsol=16 0.00s 2026-07-22T16:58:32.952
ATTEMPT 492 W0 START 4x2 seed=926293 2026-07-22T16:58:32.952
ATTEMPT 492 W0 SOLVE 4x2 2026-07-22T16:58:32.957
ATTEMPT 492 W0 DONE 4x2 seed=926293 nsol=16 0.00s 2026-07-22T16:58:32.962
ATTEMPT 493 W0 START 4x2 seed=926294 2026-07-22T16:58:32.962
ATTEMPT 493 W0 SOLVE 4x2 2026-07-22T16:58:32.967
ATTEMPT 493 W0 DONE 4x2 seed=926294 nsol=16 0.00s 2026-07-22T16:58:32.970
ATTEMPT 494 W0 START 4x2 seed=926295 2026-07-22T16:58:32.970
ATTEMPT 494 W0 SOLVE 4x2 2026-07-22T16:58:32.975
ATTEMPT 494 W0 DONE 4x2 seed=926295 nsol=16 0.00s 2026-07-22T16:58:32.979
ATTEMPT 495 W0 START 4x2 seed=926296 2026-07-22T16:58:32.979
ATTEMPT 495 W0 SOLVE 4x2 2026-07-22T16:58:32.985
ATTEMPT 495 W0 DONE 4x2 seed=926296 nsol=16 0.00s 2026-07-22T16:58:32.988
ATTEMPT 496 W0 START 4x2 seed=926297 2026-07-22T16:58:32.989
ATTEMPT 496 W0 SOLVE 4x2 2026-07-22T16:58:32.993
ATTEMPT 496 W0 DONE 4x2 seed=926297 nsol=16 0.00s 2026-07-22T16:58:32.997
ATTEMPT 497 W0 START 4x2 seed=926298 2026-07-22T16:58:32.997
ATTEMPT 497 W0 SOLVE 4x2 2026-07-22T16:58:33.002
ATTEMPT 497 W0 DONE 4x2 seed=926298 nsol=16 0.00s 2026-07-22T16:58:33.005
ATTEMPT 498 W0 START 4x2 seed=926299 2026-07-22T16:58:33.005
ATTEMPT 498 W0 SOLVE 4x2 2026-07-22T16:58:33.010
ATTEMPT 498 W0 DONE 4x2 seed=926299 nsol=16 0.00s 2026-07-22T16:58:33.014
ATTEMPT 499 W0 START 4x2 seed=926300 2026-07-22T16:58:33.014
ATTEMPT 499 W0 SOLVE 4x2 2026-07-22T16:58:33.020
ATTEMPT 499 W0 DONE 4x2 seed=926300 nsol=16 0.00s 2026-07-22T16:58:33.024
ATTEMPT 500 W0 START 4x2 seed=926301 2026-07-22T16:58:33.024
ATTEMPT 500 W0 SOLVE 4x2 2026-07-22T16:58:33.029
ATTEMPT 500 W0 DONE 4x2 seed=926301 nsol=16 0.00s 2026-07-22T16:58:33.034
ATTEMPT 501 W0 START 4x2 seed=926302 2026-07-22T16:58:33.034
ATTEMPT 501 W0 SOLVE 4x2 2026-07-22T16:58:33.038
ATTEMPT 501 W0 DONE 4x2 seed=926302 nsol=16 0.00s 2026-07-22T16:58:33.041
ATTEMPT 502 W0 START 4x2 seed=926303 2026-07-22T16:58:33.041
ATTEMPT 502 W0 SOLVE 4x2 2026-07-22T16:58:33.078
ATTEMPT 502 W0 DONE 4x2 seed=926303 nsol=16 0.00s 2026-07-22T16:58:33.081
ATTEMPT 503 W0 START 4x2 seed=926304 2026-07-22T16:58:33.081
ATTEMPT 503 W0 SOLVE 4x2 2026-07-22T16:58:33.090
ATTEMPT 503 W0 DONE 4x2 seed=926304 nsol=16 0.01s 2026-07-22T16:58:33.097
ATTEMPT 504 W0 START 4x2 seed=926305 2026-07-22T16:58:33.097
ATTEMPT 504 W0 SOLVE 4x2 2026-07-22T16:58:33.104
ATTEMPT 504 W0 DONE 4x2 seed=926305 nsol=16 0.00s 2026-07-22T16:58:33.107
ATTEMPT 505 W0 START 4x2 seed=926306 2026-07-22T16:58:33.107
ATTEMPT 505 W0 SOLVE 4x2 2026-07-22T16:58:33.112
ATTEMPT 505 W0 DONE 4x2 seed=926306 nsol=12 0.00s 2026-07-22T16:58:33.115
ATTEMPT 506 W0 START 4x2 seed=926307 2026-07-22T16:58:33.115
ATTEMPT 506 W0 SOLVE 4x2 2026-07-22T16:58:33.121
ATTEMPT 506 W0 DONE 4x2 seed=926307 nsol=16 0.00s 2026-07-22T16:58:33.124
ATTEMPT 507 W0 START 4x2 seed=926308 2026-07-22T16:58:33.124
ATTEMPT 507 W0 SOLVE 4x2 2026-07-22T16:58:33.129
ATTEMPT 507 W0 DONE 4x2 seed=926308 nsol=16 0.00s 2026-07-22T16:58:33.132
ATTEMPT 508 W0 START 4x2 seed=926309 2026-07-22T16:58:33.133
ATTEMPT 508 W0 SOLVE 4x2 2026-07-22T16:58:33.137
ATTEMPT 508 W0 DONE 4x2 seed=926309 nsol=16 0.00s 2026-07-22T16:58:33.140
ATTEMPT 509 W0 START 4x2 seed=926310 2026-07-22T16:58:33.140
ATTEMPT 509 W0 SOLVE 4x2 2026-07-22T16:58:33.146
ATTEMPT 509 W0 DONE 4x2 seed=926310 nsol=16 0.00s 2026-07-22T16:58:33.149
ATTEMPT 510 W0 START 4x2 seed=926311 2026-07-22T16:58:33.149
ATTEMPT 510 W0 SOLVE 4x2 2026-07-22T16:58:33.154
ATTEMPT 510 W0 DONE 4x2 seed=926311 nsol=16 0.00s 2026-07-22T16:58:33.157
ATTEMPT 511 W0 START 4x2 seed=926312 2026-07-22T16:58:33.157
ATTEMPT 511 W0 SOLVE 4x2 2026-07-22T16:58:33.164
ATTEMPT 511 W0 DONE 4x2 seed=926312 nsol=16 0.00s 2026-07-22T16:58:33.168
ATTEMPT 512 W0 START 4x2 seed=926313 2026-07-22T16:58:33.169
ATTEMPT 512 W0 SOLVE 4x2 2026-07-22T16:58:33.174
ATTEMPT 512 W0 DONE 4x2 seed=926313 nsol=16 0.00s 2026-07-22T16:58:33.177
ATTEMPT 513 W0 START 4x2 seed=926314 2026-07-22T16:58:33.177
ATTEMPT 513 W0 SOLVE 4x2 2026-07-22T16:58:33.183
ATTEMPT 513 W0 DONE 4x2 seed=926314 nsol=16 0.00s 2026-07-22T16:58:33.186
ATTEMPT 514 W0 START 4x2 seed=926315 2026-07-22T16:58:33.186
ATTEMPT 514 W0 SOLVE 4x2 2026-07-22T16:58:33.192
ATTEMPT 514 W0 DONE 4x2 seed=926315 nsol=16 0.00s 2026-07-22T16:58:33.195
ATTEMPT 515 W0 START 4x2 seed=926316 2026-07-22T16:58:33.195
ATTEMPT 515 W0 SOLVE 4x2 2026-07-22T16:58:33.200
ATTEMPT 515 W0 DONE 4x2 seed=926316 nsol=16 0.00s 2026-07-22T16:58:33.203
ATTEMPT 516 W0 START 4x2 seed=926317 2026-07-22T16:58:33.203
ATTEMPT 516 W0 SOLVE 4x2 2026-07-22T16:58:33.208
ATTEMPT 516 W0 DONE 4x2 seed=926317 nsol=16 0.00s 2026-07-22T16:58:33.211
ATTEMPT 517 W0 START 4x2 seed=926318 2026-07-22T16:58:33.211
ATTEMPT 517 W0 SOLVE 4x2 2026-07-22T16:58:33.216
ATTEMPT 517 W0 DONE 4x2 seed=926318 nsol=16 0.00s 2026-07-22T16:58:33.220
ATTEMPT 518 W0 START 4x2 seed=926319 2026-07-22T16:58:33.220
ATTEMPT 518 W0 SOLVE 4x2 2026-07-22T16:58:33.226
ATTEMPT 518 W0 DONE 4x2 seed=926319 nsol=16 0.00s 2026-07-22T16:58:33.229
ATTEMPT 519 W0 START 4x2 seed=926320 2026-07-22T16:58:33.229
ATTEMPT 519 W0 SOLVE 4x2 2026-07-22T16:58:33.234
ATTEMPT 519 W0 DONE 4x2 seed=926320 nsol=16 0.00s 2026-07-22T16:58:33.237
ATTEMPT 520 W0 START 4x2 seed=926321 2026-07-22T16:58:33.237
ATTEMPT 520 W0 SOLVE 4x2 2026-07-22T16:58:33.242
ATTEMPT 520 W0 DONE 4x2 seed=926321 nsol=16 0.00s 2026-07-22T16:58:33.246
ATTEMPT 521 W0 START 4x2 seed=926322 2026-07-22T16:58:33.246
ATTEMPT 521 W0 SOLVE 4x2 2026-07-22T16:58:33.251
ATTEMPT 521 W0 DONE 4x2 seed=926322 nsol=16 0.00s 2026-07-22T16:58:33.254
ATTEMPT 522 W0 START 4x2 seed=926323 2026-07-22T16:58:33.254
ATTEMPT 522 W0 SOLVE 4x2 2026-07-22T16:58:33.260
ATTEMPT 522 W0 DONE 4x2 seed=926323 nsol=16 0.00s 2026-07-22T16:58:33.263
ATTEMPT 523 W0 START 4x2 seed=926324 2026-07-22T16:58:33.263
ATTEMPT 523 W0 SOLVE 4x2 2026-07-22T16:58:33.268
ATTEMPT 523 W0 DONE 4x2 seed=926324 nsol=16 0.00s 2026-07-22T16:58:33.271
ATTEMPT 524 W0 START 4x2 seed=926325 2026-07-22T16:58:33.271
ATTEMPT 524 W0 SOLVE 4x2 2026-07-22T16:58:33.276
ATTEMPT 524 W0 DONE 4x2 seed=926325 nsol=16 0.00s 2026-07-22T16:58:33.279
ATTEMPT 525 W0 START 4x2 seed=926326 2026-07-22T16:58:33.279
ATTEMPT 525 W0 SOLVE 4x2 2026-07-22T16:58:33.284
ATTEMPT 525 W0 DONE 4x2 seed=926326 nsol=16 0.00s 2026-07-22T16:58:33.289
ATTEMPT 526 W0 START 4x2 seed=926327 2026-07-22T16:58:33.289
ATTEMPT 526 W0 SOLVE 4x2 2026-07-22T16:58:33.294
ATTEMPT 526 W0 DONE 4x2 seed=926327 nsol=16 0.00s 2026-07-22T16:58:33.297
ATTEMPT 527 W0 START 4x2 seed=926328 2026-07-22T16:58:33.297
ATTEMPT 527 W0 SOLVE 4x2 2026-07-22T16:58:33.302
ATTEMPT 527 W0 DONE 4x2 seed=926328 nsol=16 0.00s 2026-07-22T16:58:33.307
ATTEMPT 528 W0 START 4x2 seed=926329 2026-07-22T16:58:33.307
ATTEMPT 528 W0 SOLVE 4x2 2026-07-22T16:58:33.312
ATTEMPT 528 W0 DONE 4x2 seed=926329 nsol=16 0.00s 2026-07-22T16:58:33.315
ATTEMPT 529 W0 START 4x2 seed=926330 2026-07-22T16:58:33.315
ATTEMPT 529 W0 SOLVE 4x2 2026-07-22T16:58:33.320
ATTEMPT 529 W0 DONE 4x2 seed=926330 nsol=16 0.00s 2026-07-22T16:58:33.324
ATTEMPT 530 W0 START 4x2 seed=926331 2026-07-22T16:58:33.324
ATTEMPT 530 W0 SOLVE 4x2 2026-07-22T16:58:33.329
ATTEMPT 530 W0 DONE 4x2 seed=926331 nsol=16 0.00s 2026-07-22T16:58:33.332
ATTEMPT 531 W0 START 4x2 seed=926332 2026-07-22T16:58:33.332
ATTEMPT 531 W0 SOLVE 4x2 2026-07-22T16:58:33.337
ATTEMPT 531 W0 DONE 4x2 seed=926332 nsol=16 0.00s 2026-07-22T16:58:33.340
ATTEMPT 532 W0 START 4x2 seed=926333 2026-07-22T16:58:33.340
ATTEMPT 532 W0 SOLVE 4x2 2026-07-22T16:58:33.347
ATTEMPT 532 W0 DONE 4x2 seed=926333 nsol=16 0.00s 2026-07-22T16:58:33.350
ATTEMPT 533 W0 START 4x2 seed=926334 2026-07-22T16:58:33.350
ATTEMPT 533 W0 SOLVE 4x2 2026-07-22T16:58:33.355
ATTEMPT 533 W0 DONE 4x2 seed=926334 nsol=16 0.00s 2026-07-22T16:58:33.359
ATTEMPT 534 W0 START 4x2 seed=926335 2026-07-22T16:58:33.359
ATTEMPT 534 W0 SOLVE 4x2 2026-07-22T16:58:33.364
ATTEMPT 534 W0 DONE 4x2 seed=926335 nsol=16 0.00s 2026-07-22T16:58:33.367
ATTEMPT 535 W0 START 4x2 seed=926336 2026-07-22T16:58:33.368
ATTEMPT 535 W0 SOLVE 4x2 2026-07-22T16:58:33.373
ATTEMPT 535 W0 DONE 4x2 seed=926336 nsol=16 0.00s 2026-07-22T16:58:33.377
ATTEMPT 536 W0 START 4x2 seed=926337 2026-07-22T16:58:33.377
ATTEMPT 536 W0 SOLVE 4x2 2026-07-22T16:58:33.383
ATTEMPT 536 W0 DONE 4x2 seed=926337 nsol=16 0.00s 2026-07-22T16:58:33.388
ATTEMPT 537 W0 START 4x2 seed=926338 2026-07-22T16:58:33.388
ATTEMPT 537 W0 SOLVE 4x2 2026-07-22T16:58:33.393
ATTEMPT 537 W0 DONE 4x2 seed=926338 nsol=16 0.00s 2026-07-22T16:58:33.397
ATTEMPT 538 W0 START 4x2 seed=926339 2026-07-22T16:58:33.397
ATTEMPT 538 W0 SOLVE 4x2 2026-07-22T16:58:33.402
ATTEMPT 538 W0 DONE 4x2 seed=926339 nsol=16 0.00s 2026-07-22T16:58:33.406
ATTEMPT 539 W0 START 4x2 seed=926340 2026-07-22T16:58:33.406
ATTEMPT 539 W0 SOLVE 4x2 2026-07-22T16:58:33.412
ATTEMPT 539 W0 DONE 4x2 seed=926340 nsol=16 0.00s 2026-07-22T16:58:33.416
ATTEMPT 540 W0 START 4x2 seed=926341 2026-07-22T16:58:33.416
ATTEMPT 540 W0 SOLVE 4x2 2026-07-22T16:58:33.422
ATTEMPT 540 W0 DONE 4x2 seed=926341 nsol=16 0.00s 2026-07-22T16:58:33.425
ATTEMPT 541 W0 START 4x2 seed=926342 2026-07-22T16:58:33.425
ATTEMPT 541 W0 SOLVE 4x2 2026-07-22T16:58:33.431
ATTEMPT 541 W0 DONE 4x2 seed=926342 nsol=16 0.00s 2026-07-22T16:58:33.434
ATTEMPT 542 W0 START 4x2 seed=926343 2026-07-22T16:58:33.434
ATTEMPT 542 W0 SOLVE 4x2 2026-07-22T16:58:33.439
ATTEMPT 542 W0 DONE 4x2 seed=926343 nsol=16 0.00s 2026-07-22T16:58:33.441
ATTEMPT 543 W0 START 4x2 seed=926344 2026-07-22T16:58:33.441
ATTEMPT 543 W0 SOLVE 4x2 2026-07-22T16:58:33.446
ATTEMPT 543 W0 DONE 4x2 seed=926344 nsol=16 0.00s 2026-07-22T16:58:33.450
ATTEMPT 544 W0 START 4x2 seed=926345 2026-07-22T16:58:33.451
ATTEMPT 544 W0 SOLVE 4x2 2026-07-22T16:58:33.456
ATTEMPT 544 W0 DONE 4x2 seed=926345 nsol=16 0.00s 2026-07-22T16:58:33.459
ATTEMPT 545 W0 START 4x2 seed=926346 2026-07-22T16:58:33.459
ATTEMPT 545 W0 SOLVE 4x2 2026-07-22T16:58:33.465
ATTEMPT 545 W0 DONE 4x2 seed=926346 nsol=16 0.00s 2026-07-22T16:58:33.468
ATTEMPT 546 W0 START 4x2 seed=926347 2026-07-22T16:58:33.468
ATTEMPT 546 W0 SOLVE 4x2 2026-07-22T16:58:33.473
ATTEMPT 546 W0 DONE 4x2 seed=926347 nsol=16 0.00s 2026-07-22T16:58:33.476
ATTEMPT 547 W0 START 4x2 seed=926348 2026-07-22T16:58:33.476
ATTEMPT 547 W0 SOLVE 4x2 2026-07-22T16:58:33.481
ATTEMPT 547 W0 DONE 4x2 seed=926348 nsol=16 0.00s 2026-07-22T16:58:33.485
ATTEMPT 548 W0 START 4x2 seed=926349 2026-07-22T16:58:33.485
ATTEMPT 548 W0 SOLVE 4x2 2026-07-22T16:58:33.491
ATTEMPT 548 W0 DONE 4x2 seed=926349 nsol=16 0.00s 2026-07-22T16:58:33.495
ATTEMPT 549 W0 START 4x2 seed=926350 2026-07-22T16:58:33.495
ATTEMPT 549 W0 SOLVE 4x2 2026-07-22T16:58:33.500
ATTEMPT 549 W0 DONE 4x2 seed=926350 nsol=16 0.00s 2026-07-22T16:58:33.503
ATTEMPT 550 W0 START 4x2 seed=926351 2026-07-22T16:58:33.504
ATTEMPT 550 W0 SOLVE 4x2 2026-07-22T16:58:33.510
ATTEMPT 550 W0 DONE 4x2 seed=926351 nsol=16 0.03s 2026-07-22T16:58:33.543
ATTEMPT 551 W0 START 4x2 seed=926352 2026-07-22T16:58:33.543
ATTEMPT 551 W0 SOLVE 4x2 2026-07-22T16:58:33.549
ATTEMPT 551 W0 DONE 4x2 seed=926352 nsol=16 0.00s 2026-07-22T16:58:33.553
ATTEMPT 552 W0 START 4x2 seed=926353 2026-07-22T16:58:33.553
ATTEMPT 552 W0 SOLVE 4x2 2026-07-22T16:58:33.558
ATTEMPT 552 W0 DONE 4x2 seed=926353 nsol=16 0.00s 2026-07-22T16:58:33.562
ATTEMPT 553 W0 START 4x2 seed=926354 2026-07-22T16:58:33.562
ATTEMPT 553 W0 SOLVE 4x2 2026-07-22T16:58:33.567
ATTEMPT 553 W0 DONE 4x2 seed=926354 nsol=16 0.00s 2026-07-22T16:58:33.571
ATTEMPT 554 W0 START 4x2 seed=926355 2026-07-22T16:58:33.571
ATTEMPT 554 W0 SOLVE 4x2 2026-07-22T16:58:33.577
ATTEMPT 554 W0 DONE 4x2 seed=926355 nsol=16 0.00s 2026-07-22T16:58:33.581
ATTEMPT 555 W0 START 4x2 seed=926356 2026-07-22T16:58:33.581
ATTEMPT 555 W0 SOLVE 4x2 2026-07-22T16:58:33.586
ATTEMPT 555 W0 DONE 4x2 seed=926356 nsol=16 0.00s 2026-07-22T16:58:33.590
ATTEMPT 556 W0 START 4x2 seed=926357 2026-07-22T16:58:33.590
ATTEMPT 556 W0 SOLVE 4x2 2026-07-22T16:58:33.595
ATTEMPT 556 W0 DONE 4x2 seed=926357 nsol=16 0.00s 2026-07-22T16:58:33.598
ATTEMPT 557 W0 START 4x2 seed=926358 2026-07-22T16:58:33.598
ATTEMPT 557 W0 SOLVE 4x2 2026-07-22T16:58:33.603
ATTEMPT 557 W0 DONE 4x2 seed=926358 nsol=16 0.00s 2026-07-22T16:58:33.608
ATTEMPT 558 W0 START 4x2 seed=926359 2026-07-22T16:58:33.608
ATTEMPT 558 W0 SOLVE 4x2 2026-07-22T16:58:33.613
ATTEMPT 558 W0 DONE 4x2 seed=926359 nsol=16 0.00s 2026-07-22T16:58:33.616
ATTEMPT 559 W0 START 4x2 seed=926360 2026-07-22T16:58:33.617
ATTEMPT 559 W0 SOLVE 4x2 2026-07-22T16:58:33.622
ATTEMPT 559 W0 DONE 4x2 seed=926360 nsol=16 0.00s 2026-07-22T16:58:33.625
ATTEMPT 560 W0 START 4x2 seed=926361 2026-07-22T16:58:33.625
ATTEMPT 560 W0 SOLVE 4x2 2026-07-22T16:58:33.630
ATTEMPT 560 W0 DONE 4x2 seed=926361 nsol=16 0.00s 2026-07-22T16:58:33.633
ATTEMPT 561 W0 START 4x2 seed=926362 2026-07-22T16:58:33.633
ATTEMPT 561 W0 SOLVE 4x2 2026-07-22T16:58:33.638
ATTEMPT 561 W0 DONE 4x2 seed=926362 nsol=16 0.00s 2026-07-22T16:58:33.641
ATTEMPT 562 W0 START 4x2 seed=926363 2026-07-22T16:58:33.641
ATTEMPT 562 W0 SOLVE 4x2 2026-07-22T16:58:33.646
ATTEMPT 562 W0 DONE 4x2 seed=926363 nsol=16 0.00s 2026-07-22T16:58:33.649
ATTEMPT 563 W0 START 4x2 seed=926364 2026-07-22T16:58:33.650
ATTEMPT 563 W0 SOLVE 4x2 2026-07-22T16:58:33.655
ATTEMPT 563 W0 DONE 4x2 seed=926364 nsol=16 0.00s 2026-07-22T16:58:33.658
ATTEMPT 564 W0 START 4x2 seed=926365 2026-07-22T16:58:33.658
ATTEMPT 564 W0 SOLVE 4x2 2026-07-22T16:58:33.664
ATTEMPT 564 W0 DONE 4x2 seed=926365 nsol=16 0.00s 2026-07-22T16:58:33.668
ATTEMPT 565 W0 START 4x2 seed=926366 2026-07-22T16:58:33.668
ATTEMPT 565 W0 SOLVE 4x2 2026-07-22T16:58:33.673
ATTEMPT 565 W0 DONE 4x2 seed=926366 nsol=16 0.00s 2026-07-22T16:58:33.676
ATTEMPT 566 W0 START 4x2 seed=926367 2026-07-22T16:58:33.676
ATTEMPT 566 W0 SOLVE 4x2 2026-07-22T16:58:33.681
ATTEMPT 566 W0 DONE 4x2 seed=926367 nsol=16 0.00s 2026-07-22T16:58:33.684
ATTEMPT 567 W0 START 4x2 seed=926368 2026-07-22T16:58:33.684
ATTEMPT 567 W0 SOLVE 4x2 2026-07-22T16:58:33.689
ATTEMPT 567 W0 DONE 4x2 seed=926368 nsol=16 0.00s 2026-07-22T16:58:33.692
ATTEMPT 568 W0 START 4x2 seed=926369 2026-07-22T16:58:33.692
ATTEMPT 568 W0 SOLVE 4x2 2026-07-22T16:58:33.698
ATTEMPT 568 W0 DONE 4x2 seed=926369 nsol=16 0.01s 2026-07-22T16:58:33.705
ATTEMPT 569 W0 START 4x2 seed=926370 2026-07-22T16:58:33.705
ATTEMPT 569 W0 SOLVE 4x2 2026-07-22T16:58:33.711
ATTEMPT 569 W0 DONE 4x2 seed=926370 nsol=16 0.00s 2026-07-22T16:58:33.714
ATTEMPT 570 W0 START 4x2 seed=926371 2026-07-22T16:58:33.714
ATTEMPT 570 W0 SOLVE 4x2 2026-07-22T16:58:33.719
ATTEMPT 570 W0 DONE 4x2 seed=926371 nsol=16 0.01s 2026-07-22T16:58:33.732
ATTEMPT 571 W0 START 4x2 seed=926372 2026-07-22T16:58:33.732
ATTEMPT 571 W0 SOLVE 4x2 2026-07-22T16:58:33.740
ATTEMPT 571 W0 DONE 4x2 seed=926372 nsol=16 0.00s 2026-07-22T16:58:33.743
ATTEMPT 572 W0 START 4x2 seed=926373 2026-07-22T16:58:33.743
ATTEMPT 572 W0 SOLVE 4x2 2026-07-22T16:58:33.748
ATTEMPT 572 W0 DONE 4x2 seed=926373 nsol=16 0.00s 2026-07-22T16:58:33.751
ATTEMPT 573 W0 START 4x2 seed=926374 2026-07-22T16:58:33.751
ATTEMPT 573 W0 SOLVE 4x2 2026-07-22T16:58:33.757
ATTEMPT 573 W0 DONE 4x2 seed=926374 nsol=16 0.00s 2026-07-22T16:58:33.760
ATTEMPT 574 W0 START 4x2 seed=926375 2026-07-22T16:58:33.760
ATTEMPT 574 W0 SOLVE 4x2 2026-07-22T16:58:33.765
ATTEMPT 574 W0 DONE 4x2 seed=926375 nsol=16 0.00s 2026-07-22T16:58:33.768
ATTEMPT 575 W0 START 4x2 seed=926376 2026-07-22T16:58:33.768
ATTEMPT 575 W0 SOLVE 4x2 2026-07-22T16:58:33.774
ATTEMPT 575 W0 DONE 4x2 seed=926376 nsol=16 0.00s 2026-07-22T16:58:33.777
ATTEMPT 576 W0 START 4x2 seed=926377 2026-07-22T16:58:33.777
ATTEMPT 576 W0 SOLVE 4x2 2026-07-22T16:58:33.783
ATTEMPT 576 W0 DONE 4x2 seed=926377 nsol=16 0.00s 2026-07-22T16:58:33.786
ATTEMPT 577 W0 START 4x2 seed=926378 2026-07-22T16:58:33.786
ATTEMPT 577 W0 SOLVE 4x2 2026-07-22T16:58:33.792
ATTEMPT 577 W0 DONE 4x2 seed=926378 nsol=16 0.00s 2026-07-22T16:58:33.797
ATTEMPT 578 W0 START 4x2 seed=926379 2026-07-22T16:58:33.797
ATTEMPT 578 W0 SOLVE 4x2 2026-07-22T16:58:33.802
ATTEMPT 578 W0 DONE 4x2 seed=926379 nsol=16 0.00s 2026-07-22T16:58:33.806
ATTEMPT 579 W0 START 4x2 seed=926380 2026-07-22T16:58:33.806
ATTEMPT 579 W0 SOLVE 4x2 2026-07-22T16:58:33.811
ATTEMPT 579 W0 DONE 4x2 seed=926380 nsol=16 0.00s 2026-07-22T16:58:33.814
ATTEMPT 580 W0 START 4x2 seed=926381 2026-07-22T16:58:33.815
ATTEMPT 580 W0 SOLVE 4x2 2026-07-22T16:58:33.820
ATTEMPT 580 W0 DONE 4x2 seed=926381 nsol=16 0.00s 2026-07-22T16:58:33.824
ATTEMPT 581 W0 START 4x2 seed=926382 2026-07-22T16:58:33.824
ATTEMPT 581 W0 SOLVE 4x2 2026-07-22T16:58:33.829
ATTEMPT 581 W0 DONE 4x2 seed=926382 nsol=16 0.00s 2026-07-22T16:58:33.832
ATTEMPT 582 W0 START 4x2 seed=926383 2026-07-22T16:58:33.832
ATTEMPT 582 W0 SOLVE 4x2 2026-07-22T16:58:33.838
ATTEMPT 582 W0 DONE 4x2 seed=926383 nsol=16 0.00s 2026-07-22T16:58:33.841
ATTEMPT 583 W0 START 4x2 seed=926384 2026-07-22T16:58:33.841
ATTEMPT 583 W0 SOLVE 4x2 2026-07-22T16:58:33.846
ATTEMPT 583 W0 DONE 4x2 seed=926384 nsol=16 0.00s 2026-07-22T16:58:33.849
ATTEMPT 584 W0 START 4x2 seed=926385 2026-07-22T16:58:33.849
ATTEMPT 584 W0 SOLVE 4x2 2026-07-22T16:58:33.854
ATTEMPT 584 W0 DONE 4x2 seed=926385 nsol=16 0.00s 2026-07-22T16:58:33.857
ATTEMPT 585 W0 START 4x2 seed=926386 2026-07-22T16:58:33.857
ATTEMPT 585 W0 SOLVE 4x2 2026-07-22T16:58:33.862
ATTEMPT 585 W0 DONE 4x2 seed=926386 nsol=16 0.00s 2026-07-22T16:58:33.864
ATTEMPT 586 W0 START 4x2 seed=926387 2026-07-22T16:58:33.864
ATTEMPT 586 W0 SOLVE 4x2 2026-07-22T16:58:33.869
ATTEMPT 586 W0 DONE 4x2 seed=926387 nsol=16 0.00s 2026-07-22T16:58:33.873
ATTEMPT 587 W0 START 4x2 seed=926388 2026-07-22T16:58:33.874
ATTEMPT 587 W0 SOLVE 4x2 2026-07-22T16:58:33.880
ATTEMPT 587 W0 DONE 4x2 seed=926388 nsol=16 0.00s 2026-07-22T16:58:33.883
ATTEMPT 588 W0 START 4x2 seed=926389 2026-07-22T16:58:33.883
ATTEMPT 588 W0 SOLVE 4x2 2026-07-22T16:58:33.888
ATTEMPT 588 W0 DONE 4x2 seed=926389 nsol=16 0.00s 2026-07-22T16:58:33.891
ATTEMPT 589 W0 START 4x2 seed=926390 2026-07-22T16:58:33.891
ATTEMPT 589 W0 SOLVE 4x2 2026-07-22T16:58:33.896
ATTEMPT 589 W0 DONE 4x2 seed=926390 nsol=16 0.00s 2026-07-22T16:58:33.899
ATTEMPT 590 W0 START 4x2 seed=926391 2026-07-22T16:58:33.899
ATTEMPT 590 W0 SOLVE 4x2 2026-07-22T16:58:33.905
ATTEMPT 590 W0 DONE 4x2 seed=926391 nsol=16 0.00s 2026-07-22T16:58:33.908
ATTEMPT 591 W0 START 4x2 seed=926392 2026-07-22T16:58:33.909
ATTEMPT 591 W0 SOLVE 4x2 2026-07-22T16:58:33.915
ATTEMPT 591 W0 DONE 4x2 seed=926392 nsol=16 0.03s 2026-07-22T16:58:33.949
ATTEMPT 592 W0 START 4x2 seed=926393 2026-07-22T16:58:33.949
ATTEMPT 592 W0 SOLVE 4x2 2026-07-22T16:58:33.955
ATTEMPT 592 W0 DONE 4x2 seed=926393 nsol=16 0.00s 2026-07-22T16:58:33.958
ATTEMPT 593 W0 START 4x2 seed=926394 2026-07-22T16:58:33.958
ATTEMPT 593 W0 SOLVE 4x2 2026-07-22T16:58:33.964
ATTEMPT 593 W0 DONE 4x2 seed=926394 nsol=16 0.00s 2026-07-22T16:58:33.967
ATTEMPT 594 W0 START 4x2 seed=926395 2026-07-22T16:58:33.967
ATTEMPT 594 W0 SOLVE 4x2 2026-07-22T16:58:33.972
ATTEMPT 594 W0 DONE 4x2 seed=926395 nsol=16 0.00s 2026-07-22T16:58:33.976
ATTEMPT 595 W0 START 4x2 seed=926396 2026-07-22T16:58:33.976
ATTEMPT 595 W0 SOLVE 4x2 2026-07-22T16:58:33.981
ATTEMPT 595 W0 DONE 4x2 seed=926396 nsol=16 0.00s 2026-07-22T16:58:33.985
ATTEMPT 596 W0 START 4x2 seed=926397 2026-07-22T16:58:33.985
ATTEMPT 596 W0 SOLVE 4x2 2026-07-22T16:58:33.990
ATTEMPT 596 W0 DONE 4x2 seed=926397 nsol=16 0.00s 2026-07-22T16:58:33.994
ATTEMPT 597 W0 START 4x2 seed=926398 2026-07-22T16:58:33.994
ATTEMPT 597 W0 SOLVE 4x2 2026-07-22T16:58:33.999
ATTEMPT 597 W0 DONE 4x2 seed=926398 nsol=16 0.00s 2026-07-22T16:58:34.003
ATTEMPT 598 W0 START 4x2 seed=926399 2026-07-22T16:58:34.003
ATTEMPT 598 W0 SOLVE 4x2 2026-07-22T16:58:34.009
ATTEMPT 598 W0 DONE 4x2 seed=926399 nsol=16 0.00s 2026-07-22T16:58:34.012
ATTEMPT 599 W0 START 4x2 seed=926400 2026-07-22T16:58:34.012
ATTEMPT 599 W0 SOLVE 4x2 2026-07-22T16:58:34.017
ATTEMPT 599 W0 DONE 4x2 seed=926400 nsol=16 0.00s 2026-07-22T16:58:34.021
ATTEMPT 600 W0 START 4x2 seed=926401 2026-07-22T16:58:34.021
ATTEMPT 600 W0 SOLVE 4x2 2026-07-22T16:58:34.026
ATTEMPT 600 W0 DONE 4x2 seed=926401 nsol=16 0.00s 2026-07-22T16:58:34.029
HUNT2 complete 2026-07-22T16:58:34.034
