HUNT2 start mode=seq hcthr=on nworkers=0 nthreads=14 ngcthreads=14 nsolves=600 seed_base=1919361 shape=4x2 pid=2233687 julia=1.12.6 HC=2.20.0 2026-07-22T17:20:34.716
ATTEMPT 1 W0 START 4x2 seed=1919362 2026-07-22T17:20:38.708
ATTEMPT 1 W0 SOLVE 4x2 2026-07-22T17:20:40.725
Computing mixed cells... 2    Time: 0:00:01[K
   mixed_volume: 4[K[A
[K[AComputing mixed cells... 12    Time: 0:00:01[K
   mixed_volume: 16[K
ATTEMPT 1 W0 DONE 4x2 seed=1919362 nsol=16 97.06s 2026-07-22T17:22:18.044
ATTEMPT 2 W0 START 4x2 seed=1919363 2026-07-22T17:22:18.406
ATTEMPT 2 W0 SOLVE 4x2 2026-07-22T17:22:18.414
ATTEMPT 2 W0 DONE 4x2 seed=1919363 nsol=16 0.02s 2026-07-22T17:22:18.431
ATTEMPT 3 W0 START 4x2 seed=1919364 2026-07-22T17:22:18.431
ATTEMPT 3 W0 SOLVE 4x2 2026-07-22T17:22:18.439
ATTEMPT 3 W0 DONE 4x2 seed=1919364 nsol=16 0.01s 2026-07-22T17:22:18.451
ATTEMPT 4 W0 START 4x2 seed=1919365 2026-07-22T17:22:18.452
ATTEMPT 4 W0 SOLVE 4x2 2026-07-22T17:22:18.461
ATTEMPT 4 W0 DONE 4x2 seed=1919365 nsol=16 0.01s 2026-07-22T17:22:18.470
ATTEMPT 5 W0 START 4x2 seed=1919366 2026-07-22T17:22:18.471
ATTEMPT 5 W0 SOLVE 4x2 2026-07-22T17:22:18.477
ATTEMPT 5 W0 DONE 4x2 seed=1919366 nsol=16 0.00s 2026-07-22T17:22:18.482
ATTEMPT 6 W0 START 4x2 seed=1919367 2026-07-22T17:22:18.482
ATTEMPT 6 W0 SOLVE 4x2 2026-07-22T17:22:18.488
ATTEMPT 6 W0 DONE 4x2 seed=1919367 nsol=16 0.01s 2026-07-22T17:22:18.493
ATTEMPT 7 W0 START 4x2 seed=1919368 2026-07-22T17:22:18.493
ATTEMPT 7 W0 SOLVE 4x2 2026-07-22T17:22:18.511
ATTEMPT 7 W0 DONE 4x2 seed=1919368 nsol=16 0.02s 2026-07-22T17:22:18.529
ATTEMPT 8 W0 START 4x2 seed=1919369 2026-07-22T17:22:18.529
ATTEMPT 8 W0 SOLVE 4x2 2026-07-22T17:22:18.539
ATTEMPT 8 W0 DONE 4x2 seed=1919369 nsol=16 0.01s 2026-07-22T17:22:18.547
ATTEMPT 9 W0 START 4x2 seed=1919370 2026-07-22T17:22:18.547
ATTEMPT 9 W0 SOLVE 4x2 2026-07-22T17:22:18.553
ATTEMPT 9 W0 DONE 4x2 seed=1919370 nsol=16 0.01s 2026-07-22T17:22:18.563
ATTEMPT 10 W0 START 4x2 seed=1919371 2026-07-22T17:22:18.563
ATTEMPT 10 W0 SOLVE 4x2 2026-07-22T17:22:18.572
ATTEMPT 10 W0 DONE 4x2 seed=1919371 nsol=16 0.01s 2026-07-22T17:22:18.585
ATTEMPT 11 W0 START 4x2 seed=1919372 2026-07-22T17:22:18.586
ATTEMPT 11 W0 SOLVE 4x2 2026-07-22T17:22:18.592
ATTEMPT 11 W0 DONE 4x2 seed=1919372 nsol=16 0.02s 2026-07-22T17:22:18.607
ATTEMPT 12 W0 START 4x2 seed=1919373 2026-07-22T17:22:18.607
ATTEMPT 12 W0 SOLVE 4x2 2026-07-22T17:22:18.613
ATTEMPT 12 W0 DONE 4x2 seed=1919373 nsol=16 0.01s 2026-07-22T17:22:18.627
ATTEMPT 13 W0 START 4x2 seed=1919374 2026-07-22T17:22:18.628
ATTEMPT 13 W0 SOLVE 4x2 2026-07-22T17:22:18.635
ATTEMPT 13 W0 DONE 4x2 seed=1919374 nsol=16 0.01s 2026-07-22T17:22:18.647
ATTEMPT 14 W0 START 4x2 seed=1919375 2026-07-22T17:22:18.647
ATTEMPT 14 W0 SOLVE 4x2 2026-07-22T17:22:18.653
ATTEMPT 14 W0 DONE 4x2 seed=1919375 nsol=16 0.01s 2026-07-22T17:22:18.663
ATTEMPT 15 W0 START 4x2 seed=1919376 2026-07-22T17:22:18.663
ATTEMPT 15 W0 SOLVE 4x2 2026-07-22T17:22:18.668
ATTEMPT 15 W0 DONE 4x2 seed=1919376 nsol=16 0.01s 2026-07-22T17:22:18.683
ATTEMPT 16 W0 START 4x2 seed=1919377 2026-07-22T17:22:18.683
ATTEMPT 16 W0 SOLVE 4x2 2026-07-22T17:22:18.689
ATTEMPT 16 W0 DONE 4x2 seed=1919377 nsol=16 0.01s 2026-07-22T17:22:18.696
ATTEMPT 17 W0 START 4x2 seed=1919378 2026-07-22T17:22:18.696
ATTEMPT 17 W0 SOLVE 4x2 2026-07-22T17:22:18.707
ATTEMPT 17 W0 DONE 4x2 seed=1919378 nsol=16 0.01s 2026-07-22T17:22:18.714
ATTEMPT 18 W0 START 4x2 seed=1919379 2026-07-22T17:22:18.714
ATTEMPT 18 W0 SOLVE 4x2 2026-07-22T17:22:18.720
ATTEMPT 18 W0 DONE 4x2 seed=1919379 nsol=16 0.00s 2026-07-22T17:22:18.725
ATTEMPT 19 W0 START 4x2 seed=1919380 2026-07-22T17:22:18.725
ATTEMPT 19 W0 SOLVE 4x2 2026-07-22T17:22:18.730
ATTEMPT 19 W0 DONE 4x2 seed=1919380 nsol=16 0.00s 2026-07-22T17:22:18.734
ATTEMPT 20 W0 START 4x2 seed=1919381 2026-07-22T17:22:18.734
ATTEMPT 20 W0 SOLVE 4x2 2026-07-22T17:22:18.741
ATTEMPT 20 W0 DONE 4x2 seed=1919381 nsol=16 0.01s 2026-07-22T17:22:18.747
ATTEMPT 21 W0 START 4x2 seed=1919382 2026-07-22T17:22:18.747
ATTEMPT 21 W0 SOLVE 4x2 2026-07-22T17:22:18.752
ATTEMPT 21 W0 DONE 4x2 seed=1919382 nsol=16 0.01s 2026-07-22T17:22:18.759
ATTEMPT 22 W0 START 4x2 seed=1919383 2026-07-22T17:22:18.760
ATTEMPT 22 W0 SOLVE 4x2 2026-07-22T17:22:18.766
ATTEMPT 22 W0 DONE 4x2 seed=1919383 nsol=16 0.02s 2026-07-22T17:22:18.783
ATTEMPT 23 W0 START 4x2 seed=1919384 2026-07-22T17:22:18.783
ATTEMPT 23 W0 SOLVE 4x2 2026-07-22T17:22:18.788
ATTEMPT 23 W0 DONE 4x2 seed=1919384 nsol=16 0.01s 2026-07-22T17:22:18.799
ATTEMPT 24 W0 START 4x2 seed=1919385 2026-07-22T17:22:18.799
ATTEMPT 24 W0 SOLVE 4x2 2026-07-22T17:22:18.805
ATTEMPT 24 W0 DONE 4x2 seed=1919385 nsol=16 0.01s 2026-07-22T17:22:18.811
ATTEMPT 25 W0 START 4x2 seed=1919386 2026-07-22T17:22:18.811
ATTEMPT 25 W0 SOLVE 4x2 2026-07-22T17:22:18.818
ATTEMPT 25 W0 DONE 4x2 seed=1919386 nsol=16 0.01s 2026-07-22T17:22:18.824
ATTEMPT 26 W0 START 4x2 seed=1919387 2026-07-22T17:22:18.825
ATTEMPT 26 W0 SOLVE 4x2 2026-07-22T17:22:18.830
ATTEMPT 26 W0 DONE 4x2 seed=1919387 nsol=16 0.01s 2026-07-22T17:22:18.843
ATTEMPT 27 W0 START 4x2 seed=1919388 2026-07-22T17:22:18.843
ATTEMPT 27 W0 SOLVE 4x2 2026-07-22T17:22:18.851
ATTEMPT 27 W0 DONE 4x2 seed=1919388 nsol=16 0.01s 2026-07-22T17:22:18.863
ATTEMPT 28 W0 START 4x2 seed=1919389 2026-07-22T17:22:18.863
ATTEMPT 28 W0 SOLVE 4x2 2026-07-22T17:22:18.871
ATTEMPT 28 W0 DONE 4x2 seed=1919389 nsol=16 0.02s 2026-07-22T17:22:18.887
ATTEMPT 29 W0 START 4x2 seed=1919390 2026-07-22T17:22:18.887
ATTEMPT 29 W0 SOLVE 4x2 2026-07-22T17:22:18.895
ATTEMPT 29 W0 DONE 4x2 seed=1919390 nsol=16 0.01s 2026-07-22T17:22:18.907
ATTEMPT 30 W0 START 4x2 seed=1919391 2026-07-22T17:22:18.907
ATTEMPT 30 W0 SOLVE 4x2 2026-07-22T17:22:18.913
ATTEMPT 30 W0 DONE 4x2 seed=1919391 nsol=16 0.01s 2026-07-22T17:22:18.920
ATTEMPT 31 W0 START 4x2 seed=1919392 2026-07-22T17:22:18.920
ATTEMPT 31 W0 SOLVE 4x2 2026-07-22T17:22:18.925
ATTEMPT 31 W0 DONE 4x2 seed=1919392 nsol=16 0.01s 2026-07-22T17:22:18.934
ATTEMPT 32 W0 START 4x2 seed=1919393 2026-07-22T17:22:18.934
ATTEMPT 32 W0 SOLVE 4x2 2026-07-22T17:22:18.940
ATTEMPT 32 W0 DONE 4x2 seed=1919393 nsol=16 0.01s 2026-07-22T17:22:18.948
ATTEMPT 33 W0 START 4x2 seed=1919394 2026-07-22T17:22:18.948
ATTEMPT 33 W0 SOLVE 4x2 2026-07-22T17:22:18.956
ATTEMPT 33 W0 DONE 4x2 seed=1919394 nsol=16 0.00s 2026-07-22T17:22:18.960
ATTEMPT 34 W0 START 4x2 seed=1919395 2026-07-22T17:22:18.960
ATTEMPT 34 W0 SOLVE 4x2 2026-07-22T17:22:18.965
ATTEMPT 34 W0 DONE 4x2 seed=1919395 nsol=16 0.00s 2026-07-22T17:22:18.970
ATTEMPT 35 W0 START 4x2 seed=1919396 2026-07-22T17:22:18.970
ATTEMPT 35 W0 SOLVE 4x2 2026-07-22T17:22:18.976
ATTEMPT 35 W0 DONE 4x2 seed=1919396 nsol=16 0.01s 2026-07-22T17:22:18.983
ATTEMPT 36 W0 START 4x2 seed=1919397 2026-07-22T17:22:18.983
ATTEMPT 36 W0 SOLVE 4x2 2026-07-22T17:22:18.990
ATTEMPT 36 W0 DONE 4x2 seed=1919397 nsol=16 0.02s 2026-07-22T17:22:19.006
ATTEMPT 37 W0 START 4x2 seed=1919398 2026-07-22T17:22:19.006
ATTEMPT 37 W0 SOLVE 4x2 2026-07-22T17:22:19.013
ATTEMPT 37 W0 DONE 4x2 seed=1919398 nsol=16 0.01s 2026-07-22T17:22:19.023
ATTEMPT 38 W0 START 4x2 seed=1919399 2026-07-22T17:22:19.023
ATTEMPT 38 W0 SOLVE 4x2 2026-07-22T17:22:19.031
ATTEMPT 38 W0 DONE 4x2 seed=1919399 nsol=16 0.01s 2026-07-22T17:22:19.040
ATTEMPT 39 W0 START 4x2 seed=1919400 2026-07-22T17:22:19.040
ATTEMPT 39 W0 SOLVE 4x2 2026-07-22T17:22:19.046
ATTEMPT 39 W0 DONE 4x2 seed=1919400 nsol=16 0.01s 2026-07-22T17:22:19.052
ATTEMPT 40 W0 START 4x2 seed=1919401 2026-07-22T17:22:19.052
ATTEMPT 40 W0 SOLVE 4x2 2026-07-22T17:22:19.058
ATTEMPT 40 W0 DONE 4x2 seed=1919401 nsol=16 0.01s 2026-07-22T17:22:19.067
ATTEMPT 41 W0 START 4x2 seed=1919402 2026-07-22T17:22:19.067
ATTEMPT 41 W0 SOLVE 4x2 2026-07-22T17:22:19.075
ATTEMPT 41 W0 DONE 4x2 seed=1919402 nsol=16 0.01s 2026-07-22T17:22:19.087
ATTEMPT 42 W0 START 4x2 seed=1919403 2026-07-22T17:22:19.087
ATTEMPT 42 W0 SOLVE 4x2 2026-07-22T17:22:19.094
ATTEMPT 42 W0 DONE 4x2 seed=1919403 nsol=16 0.01s 2026-07-22T17:22:19.104
ATTEMPT 43 W0 START 4x2 seed=1919404 2026-07-22T17:22:19.104
ATTEMPT 43 W0 SOLVE 4x2 2026-07-22T17:22:19.113
ATTEMPT 43 W0 DONE 4x2 seed=1919404 nsol=16 0.01s 2026-07-22T17:22:19.121
ATTEMPT 44 W0 START 4x2 seed=1919405 2026-07-22T17:22:19.121
ATTEMPT 44 W0 SOLVE 4x2 2026-07-22T17:22:19.127
ATTEMPT 44 W0 DONE 4x2 seed=1919405 nsol=16 0.01s 2026-07-22T17:22:19.133
ATTEMPT 45 W0 START 4x2 seed=1919406 2026-07-22T17:22:19.134
ATTEMPT 45 W0 SOLVE 4x2 2026-07-22T17:22:19.141
ATTEMPT 45 W0 DONE 4x2 seed=1919406 nsol=16 0.01s 2026-07-22T17:22:19.151
ATTEMPT 46 W0 START 4x2 seed=1919407 2026-07-22T17:22:19.151
ATTEMPT 46 W0 SOLVE 4x2 2026-07-22T17:22:19.160
ATTEMPT 46 W0 DONE 4x2 seed=1919407 nsol=16 0.01s 2026-07-22T17:22:19.166
ATTEMPT 47 W0 START 4x2 seed=1919408 2026-07-22T17:22:19.166
ATTEMPT 47 W0 SOLVE 4x2 2026-07-22T17:22:19.172
ATTEMPT 47 W0 DONE 4x2 seed=1919408 nsol=16 0.00s 2026-07-22T17:22:19.177
ATTEMPT 48 W0 START 4x2 seed=1919409 2026-07-22T17:22:19.177
ATTEMPT 48 W0 SOLVE 4x2 2026-07-22T17:22:19.186
ATTEMPT 48 W0 DONE 4x2 seed=1919409 nsol=16 0.01s 2026-07-22T17:22:19.191
ATTEMPT 49 W0 START 4x2 seed=1919410 2026-07-22T17:22:19.191
ATTEMPT 49 W0 SOLVE 4x2 2026-07-22T17:22:19.197
ATTEMPT 49 W0 DONE 4x2 seed=1919410 nsol=16 0.00s 2026-07-22T17:22:19.202
ATTEMPT 50 W0 START 4x2 seed=1919411 2026-07-22T17:22:19.202
ATTEMPT 50 W0 SOLVE 4x2 2026-07-22T17:22:19.210
ATTEMPT 50 W0 DONE 4x2 seed=1919411 nsol=16 0.01s 2026-07-22T17:22:19.215
ATTEMPT 51 W0 START 4x2 seed=1919412 2026-07-22T17:22:19.216
ATTEMPT 51 W0 SOLVE 4x2 2026-07-22T17:22:19.221
ATTEMPT 51 W0 DONE 4x2 seed=1919412 nsol=16 0.00s 2026-07-22T17:22:19.225
ATTEMPT 52 W0 START 4x2 seed=1919413 2026-07-22T17:22:19.225
ATTEMPT 52 W0 SOLVE 4x2 2026-07-22T17:22:19.231
ATTEMPT 52 W0 DONE 4x2 seed=1919413 nsol=16 0.01s 2026-07-22T17:22:19.237
ATTEMPT 53 W0 START 4x2 seed=1919414 2026-07-22T17:22:19.238
ATTEMPT 53 W0 SOLVE 4x2 2026-07-22T17:22:19.245
ATTEMPT 53 W0 DONE 4x2 seed=1919414 nsol=16 0.01s 2026-07-22T17:22:19.255
ATTEMPT 54 W0 START 4x2 seed=1919415 2026-07-22T17:22:19.255
ATTEMPT 54 W0 SOLVE 4x2 2026-07-22T17:22:19.266
ATTEMPT 54 W0 DONE 4x2 seed=1919415 nsol=16 0.01s 2026-07-22T17:22:19.279
ATTEMPT 55 W0 START 4x2 seed=1919416 2026-07-22T17:22:19.279
ATTEMPT 55 W0 SOLVE 4x2 2026-07-22T17:22:19.284
ATTEMPT 55 W0 DONE 4x2 seed=1919416 nsol=16 0.01s 2026-07-22T17:22:19.290
ATTEMPT 56 W0 START 4x2 seed=1919417 2026-07-22T17:22:19.291
ATTEMPT 56 W0 SOLVE 4x2 2026-07-22T17:22:19.298
ATTEMPT 56 W0 DONE 4x2 seed=1919417 nsol=16 0.01s 2026-07-22T17:22:19.309
ATTEMPT 57 W0 START 4x2 seed=1919418 2026-07-22T17:22:19.309
ATTEMPT 57 W0 SOLVE 4x2 2026-07-22T17:22:19.315
ATTEMPT 57 W0 DONE 4x2 seed=1919418 nsol=16 0.00s 2026-07-22T17:22:19.320
ATTEMPT 58 W0 START 4x2 seed=1919419 2026-07-22T17:22:19.320
ATTEMPT 58 W0 SOLVE 4x2 2026-07-22T17:22:19.326
ATTEMPT 58 W0 DONE 4x2 seed=1919419 nsol=16 0.01s 2026-07-22T17:22:19.331
ATTEMPT 59 W0 START 4x2 seed=1919420 2026-07-22T17:22:19.331
ATTEMPT 59 W0 SOLVE 4x2 2026-07-22T17:22:19.337
ATTEMPT 59 W0 DONE 4x2 seed=1919420 nsol=16 0.01s 2026-07-22T17:22:19.346
ATTEMPT 60 W0 START 4x2 seed=1919421 2026-07-22T17:22:19.346
ATTEMPT 60 W0 SOLVE 4x2 2026-07-22T17:22:19.352
ATTEMPT 60 W0 DONE 4x2 seed=1919421 nsol=16 0.00s 2026-07-22T17:22:19.357
ATTEMPT 61 W0 START 4x2 seed=1919422 2026-07-22T17:22:19.449
ATTEMPT 61 W0 SOLVE 4x2 2026-07-22T17:22:19.459
ATTEMPT 61 W0 DONE 4x2 seed=1919422 nsol=16 0.01s 2026-07-22T17:22:19.468
ATTEMPT 62 W0 START 4x2 seed=1919423 2026-07-22T17:22:19.468
ATTEMPT 62 W0 SOLVE 4x2 2026-07-22T17:22:19.475
ATTEMPT 62 W0 DONE 4x2 seed=1919423 nsol=16 0.01s 2026-07-22T17:22:19.483
ATTEMPT 63 W0 START 4x2 seed=1919424 2026-07-22T17:22:19.484
ATTEMPT 63 W0 SOLVE 4x2 2026-07-22T17:22:19.489
ATTEMPT 63 W0 DONE 4x2 seed=1919424 nsol=16 0.01s 2026-07-22T17:22:19.499
ATTEMPT 64 W0 START 4x2 seed=1919425 2026-07-22T17:22:19.500
ATTEMPT 64 W0 SOLVE 4x2 2026-07-22T17:22:19.506
ATTEMPT 64 W0 DONE 4x2 seed=1919425 nsol=16 0.01s 2026-07-22T17:22:19.514
ATTEMPT 65 W0 START 4x2 seed=1919426 2026-07-22T17:22:19.515
ATTEMPT 65 W0 SOLVE 4x2 2026-07-22T17:22:19.520
ATTEMPT 65 W0 DONE 4x2 seed=1919426 nsol=16 0.01s 2026-07-22T17:22:19.526
ATTEMPT 66 W0 START 4x2 seed=1919427 2026-07-22T17:22:19.526
ATTEMPT 66 W0 SOLVE 4x2 2026-07-22T17:22:19.532
ATTEMPT 66 W0 DONE 4x2 seed=1919427 nsol=16 0.00s 2026-07-22T17:22:19.536
ATTEMPT 67 W0 START 4x2 seed=1919428 2026-07-22T17:22:19.536
ATTEMPT 67 W0 SOLVE 4x2 2026-07-22T17:22:19.543
ATTEMPT 67 W0 DONE 4x2 seed=1919428 nsol=16 0.00s 2026-07-22T17:22:19.547
ATTEMPT 68 W0 START 4x2 seed=1919429 2026-07-22T17:22:19.548
ATTEMPT 68 W0 SOLVE 4x2 2026-07-22T17:22:19.553
ATTEMPT 68 W0 DONE 4x2 seed=1919429 nsol=16 0.01s 2026-07-22T17:22:19.565
ATTEMPT 69 W0 START 4x2 seed=1919430 2026-07-22T17:22:19.565
ATTEMPT 69 W0 SOLVE 4x2 2026-07-22T17:22:19.571
ATTEMPT 69 W0 DONE 4x2 seed=1919430 nsol=16 0.01s 2026-07-22T17:22:19.576
ATTEMPT 70 W0 START 4x2 seed=1919431 2026-07-22T17:22:19.576
ATTEMPT 70 W0 SOLVE 4x2 2026-07-22T17:22:19.582
ATTEMPT 70 W0 DONE 4x2 seed=1919431 nsol=16 0.02s 2026-07-22T17:22:19.599
ATTEMPT 71 W0 START 4x2 seed=1919432 2026-07-22T17:22:19.599
ATTEMPT 71 W0 SOLVE 4x2 2026-07-22T17:22:19.605
ATTEMPT 71 W0 DONE 4x2 seed=1919432 nsol=16 0.01s 2026-07-22T17:22:19.615
ATTEMPT 72 W0 START 4x2 seed=1919433 2026-07-22T17:22:19.615
ATTEMPT 72 W0 SOLVE 4x2 2026-07-22T17:22:19.650
ATTEMPT 72 W0 DONE 4x2 seed=1919433 nsol=16 0.01s 2026-07-22T17:22:19.660
ATTEMPT 73 W0 START 4x2 seed=1919434 2026-07-22T17:22:19.660
ATTEMPT 73 W0 SOLVE 4x2 2026-07-22T17:22:19.669
ATTEMPT 73 W0 DONE 4x2 seed=1919434 nsol=16 0.01s 2026-07-22T17:22:19.679
ATTEMPT 74 W0 START 4x2 seed=1919435 2026-07-22T17:22:19.679
ATTEMPT 74 W0 SOLVE 4x2 2026-07-22T17:22:19.688
ATTEMPT 74 W0 DONE 4x2 seed=1919435 nsol=16 0.02s 2026-07-22T17:22:19.703
ATTEMPT 75 W0 START 4x2 seed=1919436 2026-07-22T17:22:19.705
ATTEMPT 75 W0 SOLVE 4x2 2026-07-22T17:22:19.710
ATTEMPT 75 W0 DONE 4x2 seed=1919436 nsol=16 0.08s 2026-07-22T17:22:19.791
ATTEMPT 76 W0 START 4x2 seed=1919437 2026-07-22T17:22:19.791
ATTEMPT 76 W0 SOLVE 4x2 2026-07-22T17:22:19.797
ATTEMPT 76 W0 DONE 4x2 seed=1919437 nsol=16 0.01s 2026-07-22T17:22:19.809
ATTEMPT 77 W0 START 4x2 seed=1919438 2026-07-22T17:22:19.810
ATTEMPT 77 W0 SOLVE 4x2 2026-07-22T17:22:19.819
ATTEMPT 77 W0 DONE 4x2 seed=1919438 nsol=16 0.01s 2026-07-22T17:22:19.825
ATTEMPT 78 W0 START 4x2 seed=1919439 2026-07-22T17:22:19.825
ATTEMPT 78 W0 SOLVE 4x2 2026-07-22T17:22:19.831
ATTEMPT 78 W0 DONE 4x2 seed=1919439 nsol=16 0.01s 2026-07-22T17:22:19.840
ATTEMPT 79 W0 START 4x2 seed=1919440 2026-07-22T17:22:19.840
ATTEMPT 79 W0 SOLVE 4x2 2026-07-22T17:22:19.847
ATTEMPT 79 W0 DONE 4x2 seed=1919440 nsol=16 0.02s 2026-07-22T17:22:19.862
ATTEMPT 80 W0 START 4x2 seed=1919441 2026-07-22T17:22:19.862
ATTEMPT 80 W0 SOLVE 4x2 2026-07-22T17:22:19.870
ATTEMPT 80 W0 DONE 4x2 seed=1919441 nsol=16 0.01s 2026-07-22T17:22:19.878
ATTEMPT 81 W0 START 4x2 seed=1919442 2026-07-22T17:22:19.878
ATTEMPT 81 W0 SOLVE 4x2 2026-07-22T17:22:19.884
ATTEMPT 81 W0 DONE 4x2 seed=1919442 nsol=16 0.00s 2026-07-22T17:22:19.889
ATTEMPT 82 W0 START 4x2 seed=1919443 2026-07-22T17:22:19.889
ATTEMPT 82 W0 SOLVE 4x2 2026-07-22T17:22:19.897
ATTEMPT 82 W0 DONE 4x2 seed=1919443 nsol=16 0.00s 2026-07-22T17:22:19.902
ATTEMPT 83 W0 START 4x2 seed=1919444 2026-07-22T17:22:19.902
ATTEMPT 83 W0 SOLVE 4x2 2026-07-22T17:22:19.908
ATTEMPT 83 W0 DONE 4x2 seed=1919444 nsol=16 0.01s 2026-07-22T17:22:19.915
ATTEMPT 84 W0 START 4x2 seed=1919445 2026-07-22T17:22:19.915
ATTEMPT 84 W0 SOLVE 4x2 2026-07-22T17:22:19.921
ATTEMPT 84 W0 DONE 4x2 seed=1919445 nsol=16 0.01s 2026-07-22T17:22:19.927
ATTEMPT 85 W0 START 4x2 seed=1919446 2026-07-22T17:22:19.927
ATTEMPT 85 W0 SOLVE 4x2 2026-07-22T17:22:19.938
ATTEMPT 85 W0 DONE 4x2 seed=1919446 nsol=16 0.01s 2026-07-22T17:22:19.946
ATTEMPT 86 W0 START 4x2 seed=1919447 2026-07-22T17:22:19.946
ATTEMPT 86 W0 SOLVE 4x2 2026-07-22T17:22:19.953
ATTEMPT 86 W0 DONE 4x2 seed=1919447 nsol=16 0.01s 2026-07-22T17:22:19.958
ATTEMPT 87 W0 START 4x2 seed=1919448 2026-07-22T17:22:19.959
ATTEMPT 87 W0 SOLVE 4x2 2026-07-22T17:22:19.964
ATTEMPT 87 W0 DONE 4x2 seed=1919448 nsol=16 0.01s 2026-07-22T17:22:19.979
ATTEMPT 88 W0 START 4x2 seed=1919449 2026-07-22T17:22:19.979
ATTEMPT 88 W0 SOLVE 4x2 2026-07-22T17:22:19.986
ATTEMPT 88 W0 DONE 4x2 seed=1919449 nsol=16 0.01s 2026-07-22T17:22:19.991
ATTEMPT 89 W0 START 4x2 seed=1919450 2026-07-22T17:22:19.991
ATTEMPT 89 W0 SOLVE 4x2 2026-07-22T17:22:19.997
ATTEMPT 89 W0 DONE 4x2 seed=1919450 nsol=16 0.01s 2026-07-22T17:22:20.003
ATTEMPT 90 W0 START 4x2 seed=1919451 2026-07-22T17:22:20.003
ATTEMPT 90 W0 SOLVE 4x2 2026-07-22T17:22:20.009
ATTEMPT 90 W0 DONE 4x2 seed=1919451 nsol=16 0.01s 2026-07-22T17:22:20.019
ATTEMPT 91 W0 START 4x2 seed=1919452 2026-07-22T17:22:20.019
ATTEMPT 91 W0 SOLVE 4x2 2026-07-22T17:22:20.024
ATTEMPT 91 W0 DONE 4x2 seed=1919452 nsol=16 0.01s 2026-07-22T17:22:20.030
ATTEMPT 92 W0 START 4x2 seed=1919453 2026-07-22T17:22:20.030
ATTEMPT 92 W0 SOLVE 4x2 2026-07-22T17:22:20.036
ATTEMPT 92 W0 DONE 4x2 seed=1919453 nsol=16 0.01s 2026-07-22T17:22:20.045
ATTEMPT 93 W0 START 4x2 seed=1919454 2026-07-22T17:22:20.045
ATTEMPT 93 W0 SOLVE 4x2 2026-07-22T17:22:20.053
ATTEMPT 93 W0 DONE 4x2 seed=1919454 nsol=16 0.02s 2026-07-22T17:22:20.075
ATTEMPT 94 W0 START 4x2 seed=1919455 2026-07-22T17:22:20.075
ATTEMPT 94 W0 SOLVE 4x2 2026-07-22T17:22:20.082
ATTEMPT 94 W0 DONE 4x2 seed=1919455 nsol=16 0.01s 2026-07-22T17:22:20.090
ATTEMPT 95 W0 START 4x2 seed=1919456 2026-07-22T17:22:20.090
ATTEMPT 95 W0 SOLVE 4x2 2026-07-22T17:22:20.096
ATTEMPT 95 W0 DONE 4x2 seed=1919456 nsol=16 0.01s 2026-07-22T17:22:20.103
ATTEMPT 96 W0 START 4x2 seed=1919457 2026-07-22T17:22:20.104
ATTEMPT 96 W0 SOLVE 4x2 2026-07-22T17:22:20.109
ATTEMPT 96 W0 DONE 4x2 seed=1919457 nsol=16 0.01s 2026-07-22T17:22:20.120
ATTEMPT 97 W0 START 4x2 seed=1919458 2026-07-22T17:22:20.120
ATTEMPT 97 W0 SOLVE 4x2 2026-07-22T17:22:20.126
ATTEMPT 97 W0 DONE 4x2 seed=1919458 nsol=16 0.01s 2026-07-22T17:22:20.131
ATTEMPT 98 W0 START 4x2 seed=1919459 2026-07-22T17:22:20.131
ATTEMPT 98 W0 SOLVE 4x2 2026-07-22T17:22:20.137
ATTEMPT 98 W0 DONE 4x2 seed=1919459 nsol=16 0.00s 2026-07-22T17:22:20.141
ATTEMPT 99 W0 START 4x2 seed=1919460 2026-07-22T17:22:20.141
ATTEMPT 99 W0 SOLVE 4x2 2026-07-22T17:22:20.148
ATTEMPT 99 W0 DONE 4x2 seed=1919460 nsol=16 0.00s 2026-07-22T17:22:20.152
ATTEMPT 100 W0 START 4x2 seed=1919461 2026-07-22T17:22:20.152
ATTEMPT 100 W0 SOLVE 4x2 2026-07-22T17:22:20.159
ATTEMPT 100 W0 DONE 4x2 seed=1919461 nsol=16 0.00s 2026-07-22T17:22:20.163
ATTEMPT 101 W0 START 4x2 seed=1919462 2026-07-22T17:22:20.163
ATTEMPT 101 W0 SOLVE 4x2 2026-07-22T17:22:20.170
ATTEMPT 101 W0 DONE 4x2 seed=1919462 nsol=16 0.01s 2026-07-22T17:22:20.180
ATTEMPT 102 W0 START 4x2 seed=1919463 2026-07-22T17:22:20.180
ATTEMPT 102 W0 SOLVE 4x2 2026-07-22T17:22:20.187
ATTEMPT 102 W0 DONE 4x2 seed=1919463 nsol=16 0.02s 2026-07-22T17:22:20.202
ATTEMPT 103 W0 START 4x2 seed=1919464 2026-07-22T17:22:20.203
ATTEMPT 103 W0 SOLVE 4x2 2026-07-22T17:22:20.210
ATTEMPT 103 W0 DONE 4x2 seed=1919464 nsol=16 0.00s 2026-07-22T17:22:20.215
ATTEMPT 104 W0 START 4x2 seed=1919465 2026-07-22T17:22:20.215
ATTEMPT 104 W0 SOLVE 4x2 2026-07-22T17:22:20.220
ATTEMPT 104 W0 DONE 4x2 seed=1919465 nsol=16 0.00s 2026-07-22T17:22:20.225
ATTEMPT 105 W0 START 4x2 seed=1919466 2026-07-22T17:22:20.225
ATTEMPT 105 W0 SOLVE 4x2 2026-07-22T17:22:20.231
ATTEMPT 105 W0 DONE 4x2 seed=1919466 nsol=16 0.01s 2026-07-22T17:22:20.240
ATTEMPT 106 W0 START 4x2 seed=1919467 2026-07-22T17:22:20.240
ATTEMPT 106 W0 SOLVE 4x2 2026-07-22T17:22:20.246
ATTEMPT 106 W0 DONE 4x2 seed=1919467 nsol=16 0.01s 2026-07-22T17:22:20.256
ATTEMPT 107 W0 START 4x2 seed=1919468 2026-07-22T17:22:20.256
ATTEMPT 107 W0 SOLVE 4x2 2026-07-22T17:22:20.261
ATTEMPT 107 W0 DONE 4x2 seed=1919468 nsol=16 0.01s 2026-07-22T17:22:20.271
ATTEMPT 108 W0 START 4x2 seed=1919469 2026-07-22T17:22:20.271
ATTEMPT 108 W0 SOLVE 4x2 2026-07-22T17:22:20.277
ATTEMPT 108 W0 DONE 4x2 seed=1919469 nsol=16 0.00s 2026-07-22T17:22:20.282
ATTEMPT 109 W0 START 4x2 seed=1919470 2026-07-22T17:22:20.282
ATTEMPT 109 W0 SOLVE 4x2 2026-07-22T17:22:20.287
ATTEMPT 109 W0 DONE 4x2 seed=1919470 nsol=16 0.00s 2026-07-22T17:22:20.292
ATTEMPT 110 W0 START 4x2 seed=1919471 2026-07-22T17:22:20.292
ATTEMPT 110 W0 SOLVE 4x2 2026-07-22T17:22:20.298
ATTEMPT 110 W0 DONE 4x2 seed=1919471 nsol=16 0.00s 2026-07-22T17:22:20.302
ATTEMPT 111 W0 START 4x2 seed=1919472 2026-07-22T17:22:20.303
ATTEMPT 111 W0 SOLVE 4x2 2026-07-22T17:22:20.309
ATTEMPT 111 W0 DONE 4x2 seed=1919472 nsol=16 0.01s 2026-07-22T17:22:20.315
ATTEMPT 112 W0 START 4x2 seed=1919473 2026-07-22T17:22:20.316
ATTEMPT 112 W0 SOLVE 4x2 2026-07-22T17:22:20.323
ATTEMPT 112 W0 DONE 4x2 seed=1919473 nsol=16 0.01s 2026-07-22T17:22:20.331
ATTEMPT 113 W0 START 4x2 seed=1919474 2026-07-22T17:22:20.331
ATTEMPT 113 W0 SOLVE 4x2 2026-07-22T17:22:20.338
ATTEMPT 113 W0 DONE 4x2 seed=1919474 nsol=16 0.01s 2026-07-22T17:22:20.346
ATTEMPT 114 W0 START 4x2 seed=1919475 2026-07-22T17:22:20.346
ATTEMPT 114 W0 SOLVE 4x2 2026-07-22T17:22:20.352
ATTEMPT 114 W0 DONE 4x2 seed=1919475 nsol=16 0.01s 2026-07-22T17:22:20.359
ATTEMPT 115 W0 START 4x2 seed=1919476 2026-07-22T17:22:20.359
ATTEMPT 115 W0 SOLVE 4x2 2026-07-22T17:22:20.365
ATTEMPT 115 W0 DONE 4x2 seed=1919476 nsol=16 0.00s 2026-07-22T17:22:20.369
ATTEMPT 116 W0 START 4x2 seed=1919477 2026-07-22T17:22:20.369
ATTEMPT 116 W0 SOLVE 4x2 2026-07-22T17:22:20.375
ATTEMPT 116 W0 DONE 4x2 seed=1919477 nsol=16 0.02s 2026-07-22T17:22:20.391
ATTEMPT 117 W0 START 4x2 seed=1919478 2026-07-22T17:22:20.391
ATTEMPT 117 W0 SOLVE 4x2 2026-07-22T17:22:20.407
ATTEMPT 117 W0 DONE 4x2 seed=1919478 nsol=16 0.01s 2026-07-22T17:22:20.419
ATTEMPT 118 W0 START 4x2 seed=1919479 2026-07-22T17:22:20.419
ATTEMPT 118 W0 SOLVE 4x2 2026-07-22T17:22:20.435
ATTEMPT 118 W0 DONE 4x2 seed=1919479 nsol=16 0.01s 2026-07-22T17:22:20.445
ATTEMPT 119 W0 START 4x2 seed=1919480 2026-07-22T17:22:20.446
ATTEMPT 119 W0 SOLVE 4x2 2026-07-22T17:22:20.452
ATTEMPT 119 W0 DONE 4x2 seed=1919480 nsol=16 0.01s 2026-07-22T17:22:20.459
ATTEMPT 120 W0 START 4x2 seed=1919481 2026-07-22T17:22:20.460
ATTEMPT 120 W0 SOLVE 4x2 2026-07-22T17:22:20.468
ATTEMPT 120 W0 DONE 4x2 seed=1919481 nsol=16 0.01s 2026-07-22T17:22:20.475
ATTEMPT 121 W0 START 4x2 seed=1919482 2026-07-22T17:22:20.475
ATTEMPT 121 W0 SOLVE 4x2 2026-07-22T17:22:20.480
ATTEMPT 121 W0 DONE 4x2 seed=1919482 nsol=16 0.01s 2026-07-22T17:22:20.490
ATTEMPT 122 W0 START 4x2 seed=1919483 2026-07-22T17:22:20.490
ATTEMPT 122 W0 SOLVE 4x2 2026-07-22T17:22:20.500
ATTEMPT 122 W0 DONE 4x2 seed=1919483 nsol=16 0.01s 2026-07-22T17:22:20.509
ATTEMPT 123 W0 START 4x2 seed=1919484 2026-07-22T17:22:20.510
ATTEMPT 123 W0 SOLVE 4x2 2026-07-22T17:22:20.519
ATTEMPT 123 W0 DONE 4x2 seed=1919484 nsol=16 0.01s 2026-07-22T17:22:20.526
ATTEMPT 124 W0 START 4x2 seed=1919485 2026-07-22T17:22:20.526
ATTEMPT 124 W0 SOLVE 4x2 2026-07-22T17:22:20.532
ATTEMPT 124 W0 DONE 4x2 seed=1919485 nsol=16 0.01s 2026-07-22T17:22:20.538
ATTEMPT 125 W0 START 4x2 seed=1919486 2026-07-22T17:22:20.538
ATTEMPT 125 W0 SOLVE 4x2 2026-07-22T17:22:20.543
ATTEMPT 125 W0 DONE 4x2 seed=1919486 nsol=16 0.01s 2026-07-22T17:22:20.555
ATTEMPT 126 W0 START 4x2 seed=1919487 2026-07-22T17:22:20.555
ATTEMPT 126 W0 SOLVE 4x2 2026-07-22T17:22:20.561
ATTEMPT 126 W0 DONE 4x2 seed=1919487 nsol=16 0.01s 2026-07-22T17:22:20.568
ATTEMPT 127 W0 START 4x2 seed=1919488 2026-07-22T17:22:20.568
ATTEMPT 127 W0 SOLVE 4x2 2026-07-22T17:22:20.574
ATTEMPT 127 W0 DONE 4x2 seed=1919488 nsol=16 0.01s 2026-07-22T17:22:20.581
ATTEMPT 128 W0 START 4x2 seed=1919489 2026-07-22T17:22:20.581
ATTEMPT 128 W0 SOLVE 4x2 2026-07-22T17:22:20.596
ATTEMPT 128 W0 DONE 4x2 seed=1919489 nsol=16 0.00s 2026-07-22T17:22:20.600
ATTEMPT 129 W0 START 4x2 seed=1919490 2026-07-22T17:22:20.600
ATTEMPT 129 W0 SOLVE 4x2 2026-07-22T17:22:20.606
ATTEMPT 129 W0 DONE 4x2 seed=1919490 nsol=16 0.01s 2026-07-22T17:22:20.618
ATTEMPT 130 W0 START 4x2 seed=1919491 2026-07-22T17:22:20.618
ATTEMPT 130 W0 SOLVE 4x2 2026-07-22T17:22:20.624
ATTEMPT 130 W0 DONE 4x2 seed=1919491 nsol=16 0.01s 2026-07-22T17:22:20.635
ATTEMPT 131 W0 START 4x2 seed=1919492 2026-07-22T17:22:20.635
ATTEMPT 131 W0 SOLVE 4x2 2026-07-22T17:22:20.642
ATTEMPT 131 W0 DONE 4x2 seed=1919492 nsol=16 0.01s 2026-07-22T17:22:20.653
ATTEMPT 132 W0 START 4x2 seed=1919493 2026-07-22T17:22:20.653
ATTEMPT 132 W0 SOLVE 4x2 2026-07-22T17:22:20.660
ATTEMPT 132 W0 DONE 4x2 seed=1919493 nsol=16 0.02s 2026-07-22T17:22:20.679
ATTEMPT 133 W0 START 4x2 seed=1919494 2026-07-22T17:22:20.679
ATTEMPT 133 W0 SOLVE 4x2 2026-07-22T17:22:20.684
ATTEMPT 133 W0 DONE 4x2 seed=1919494 nsol=16 0.01s 2026-07-22T17:22:20.693
ATTEMPT 134 W0 START 4x2 seed=1919495 2026-07-22T17:22:20.693
ATTEMPT 134 W0 SOLVE 4x2 2026-07-22T17:22:20.698
ATTEMPT 134 W0 DONE 4x2 seed=1919495 nsol=16 0.01s 2026-07-22T17:22:20.707
ATTEMPT 135 W0 START 4x2 seed=1919496 2026-07-22T17:22:20.707
ATTEMPT 135 W0 SOLVE 4x2 2026-07-22T17:22:20.713
ATTEMPT 135 W0 DONE 4x2 seed=1919496 nsol=16 0.11s 2026-07-22T17:22:20.827
ATTEMPT 136 W0 START 4x2 seed=1919497 2026-07-22T17:22:20.827
ATTEMPT 136 W0 SOLVE 4x2 2026-07-22T17:22:20.835
ATTEMPT 136 W0 DONE 4x2 seed=1919497 nsol=16 0.00s 2026-07-22T17:22:20.839
ATTEMPT 137 W0 START 4x2 seed=1919498 2026-07-22T17:22:20.839
ATTEMPT 137 W0 SOLVE 4x2 2026-07-22T17:22:20.845
ATTEMPT 137 W0 DONE 4x2 seed=1919498 nsol=16 0.01s 2026-07-22T17:22:20.852
ATTEMPT 138 W0 START 4x2 seed=1919499 2026-07-22T17:22:20.852
ATTEMPT 138 W0 SOLVE 4x2 2026-07-22T17:22:20.861
ATTEMPT 138 W0 DONE 4x2 seed=1919499 nsol=16 0.01s 2026-07-22T17:22:20.871
ATTEMPT 139 W0 START 4x2 seed=1919500 2026-07-22T17:22:20.871
ATTEMPT 139 W0 SOLVE 4x2 2026-07-22T17:22:20.876
ATTEMPT 139 W0 DONE 4x2 seed=1919500 nsol=16 0.01s 2026-07-22T17:22:20.884
ATTEMPT 140 W0 START 4x2 seed=1919501 2026-07-22T17:22:20.884
ATTEMPT 140 W0 SOLVE 4x2 2026-07-22T17:22:20.890
ATTEMPT 140 W0 DONE 4x2 seed=1919501 nsol=16 0.01s 2026-07-22T17:22:20.895
ATTEMPT 141 W0 START 4x2 seed=1919502 2026-07-22T17:22:20.895
ATTEMPT 141 W0 SOLVE 4x2 2026-07-22T17:22:20.902
ATTEMPT 141 W0 DONE 4x2 seed=1919502 nsol=16 0.01s 2026-07-22T17:22:20.910
ATTEMPT 142 W0 START 4x2 seed=1919503 2026-07-22T17:22:20.910
ATTEMPT 142 W0 SOLVE 4x2 2026-07-22T17:22:20.915
ATTEMPT 142 W0 DONE 4x2 seed=1919503 nsol=16 0.00s 2026-07-22T17:22:20.920
ATTEMPT 143 W0 START 4x2 seed=1919504 2026-07-22T17:22:20.920
ATTEMPT 143 W0 SOLVE 4x2 2026-07-22T17:22:20.925
ATTEMPT 143 W0 DONE 4x2 seed=1919504 nsol=16 0.00s 2026-07-22T17:22:20.930
ATTEMPT 144 W0 START 4x2 seed=1919505 2026-07-22T17:22:20.930
ATTEMPT 144 W0 SOLVE 4x2 2026-07-22T17:22:20.935
ATTEMPT 144 W0 DONE 4x2 seed=1919505 nsol=16 0.02s 2026-07-22T17:22:20.951
ATTEMPT 145 W0 START 4x2 seed=1919506 2026-07-22T17:22:20.951
ATTEMPT 145 W0 SOLVE 4x2 2026-07-22T17:22:20.957
ATTEMPT 145 W0 DONE 4x2 seed=1919506 nsol=16 0.01s 2026-07-22T17:22:20.970
ATTEMPT 146 W0 START 4x2 seed=1919507 2026-07-22T17:22:20.970
ATTEMPT 146 W0 SOLVE 4x2 2026-07-22T17:22:20.976
ATTEMPT 146 W0 DONE 4x2 seed=1919507 nsol=16 0.01s 2026-07-22T17:22:20.982
ATTEMPT 147 W0 START 4x2 seed=1919508 2026-07-22T17:22:20.982
ATTEMPT 147 W0 SOLVE 4x2 2026-07-22T17:22:20.990
ATTEMPT 147 W0 DONE 4x2 seed=1919508 nsol=16 0.01s 2026-07-22T17:22:20.999
ATTEMPT 148 W0 START 4x2 seed=1919509 2026-07-22T17:22:20.999
ATTEMPT 148 W0 SOLVE 4x2 2026-07-22T17:22:21.004
ATTEMPT 148 W0 DONE 4x2 seed=1919509 nsol=16 0.01s 2026-07-22T17:22:21.009
ATTEMPT 149 W0 START 4x2 seed=1919510 2026-07-22T17:22:21.009
ATTEMPT 149 W0 SOLVE 4x2 2026-07-22T17:22:21.016
ATTEMPT 149 W0 DONE 4x2 seed=1919510 nsol=16 0.01s 2026-07-22T17:22:21.023
ATTEMPT 150 W0 START 4x2 seed=1919511 2026-07-22T17:22:21.023
ATTEMPT 150 W0 SOLVE 4x2 2026-07-22T17:22:21.030
ATTEMPT 150 W0 DONE 4x2 seed=1919511 nsol=16 0.00s 2026-07-22T17:22:21.035
ATTEMPT 151 W0 START 4x2 seed=1919512 2026-07-22T17:22:21.035
ATTEMPT 151 W0 SOLVE 4x2 2026-07-22T17:22:21.040
ATTEMPT 151 W0 DONE 4x2 seed=1919512 nsol=16 0.01s 2026-07-22T17:22:21.045
ATTEMPT 152 W0 START 4x2 seed=1919513 2026-07-22T17:22:21.045
ATTEMPT 152 W0 SOLVE 4x2 2026-07-22T17:22:21.050
ATTEMPT 152 W0 DONE 4x2 seed=1919513 nsol=16 0.01s 2026-07-22T17:22:21.056
ATTEMPT 153 W0 START 4x2 seed=1919514 2026-07-22T17:22:21.056
ATTEMPT 153 W0 SOLVE 4x2 2026-07-22T17:22:21.062
ATTEMPT 153 W0 DONE 4x2 seed=1919514 nsol=16 0.01s 2026-07-22T17:22:21.069
ATTEMPT 154 W0 START 4x2 seed=1919515 2026-07-22T17:22:21.070
ATTEMPT 154 W0 SOLVE 4x2 2026-07-22T17:22:21.077
ATTEMPT 154 W0 DONE 4x2 seed=1919515 nsol=16 0.01s 2026-07-22T17:22:21.082
ATTEMPT 155 W0 START 4x2 seed=1919516 2026-07-22T17:22:21.082
ATTEMPT 155 W0 SOLVE 4x2 2026-07-22T17:22:21.090
ATTEMPT 155 W0 DONE 4x2 seed=1919516 nsol=16 0.00s 2026-07-22T17:22:21.095
ATTEMPT 156 W0 START 4x2 seed=1919517 2026-07-22T17:22:21.095
ATTEMPT 156 W0 SOLVE 4x2 2026-07-22T17:22:21.101
ATTEMPT 156 W0 DONE 4x2 seed=1919517 nsol=16 0.01s 2026-07-22T17:22:21.107
ATTEMPT 157 W0 START 4x2 seed=1919518 2026-07-22T17:22:21.108
ATTEMPT 157 W0 SOLVE 4x2 2026-07-22T17:22:21.113
ATTEMPT 157 W0 DONE 4x2 seed=1919518 nsol=16 0.01s 2026-07-22T17:22:21.119
ATTEMPT 158 W0 START 4x2 seed=1919519 2026-07-22T17:22:21.120
ATTEMPT 158 W0 SOLVE 4x2 2026-07-22T17:22:21.126
ATTEMPT 158 W0 DONE 4x2 seed=1919519 nsol=16 0.01s 2026-07-22T17:22:21.135
ATTEMPT 159 W0 START 4x2 seed=1919520 2026-07-22T17:22:21.136
ATTEMPT 159 W0 SOLVE 4x2 2026-07-22T17:22:21.142
ATTEMPT 159 W0 DONE 4x2 seed=1919520 nsol=16 0.01s 2026-07-22T17:22:21.148
ATTEMPT 160 W0 START 4x2 seed=1919521 2026-07-22T17:22:21.148
ATTEMPT 160 W0 SOLVE 4x2 2026-07-22T17:22:21.154
ATTEMPT 160 W0 DONE 4x2 seed=1919521 nsol=16 0.00s 2026-07-22T17:22:21.158
ATTEMPT 161 W0 START 4x2 seed=1919522 2026-07-22T17:22:21.158
ATTEMPT 161 W0 SOLVE 4x2 2026-07-22T17:22:21.166
ATTEMPT 161 W0 DONE 4x2 seed=1919522 nsol=16 0.01s 2026-07-22T17:22:21.171
ATTEMPT 162 W0 START 4x2 seed=1919523 2026-07-22T17:22:21.172
ATTEMPT 162 W0 SOLVE 4x2 2026-07-22T17:22:21.177
ATTEMPT 162 W0 DONE 4x2 seed=1919523 nsol=16 0.00s 2026-07-22T17:22:21.182
ATTEMPT 163 W0 START 4x2 seed=1919524 2026-07-22T17:22:21.182
ATTEMPT 163 W0 SOLVE 4x2 2026-07-22T17:22:21.187
ATTEMPT 163 W0 DONE 4x2 seed=1919524 nsol=16 0.00s 2026-07-22T17:22:21.192
ATTEMPT 164 W0 START 4x2 seed=1919525 2026-07-22T17:22:21.192
ATTEMPT 164 W0 SOLVE 4x2 2026-07-22T17:22:21.199
ATTEMPT 164 W0 DONE 4x2 seed=1919525 nsol=16 0.01s 2026-07-22T17:22:21.208
ATTEMPT 165 W0 START 4x2 seed=1919526 2026-07-22T17:22:21.208
ATTEMPT 165 W0 SOLVE 4x2 2026-07-22T17:22:21.214
ATTEMPT 165 W0 DONE 4x2 seed=1919526 nsol=16 0.01s 2026-07-22T17:22:21.226
ATTEMPT 166 W0 START 4x2 seed=1919527 2026-07-22T17:22:21.226
ATTEMPT 166 W0 SOLVE 4x2 2026-07-22T17:22:21.233
ATTEMPT 166 W0 DONE 4x2 seed=1919527 nsol=16 0.01s 2026-07-22T17:22:21.239
ATTEMPT 167 W0 START 4x2 seed=1919528 2026-07-22T17:22:21.239
ATTEMPT 167 W0 SOLVE 4x2 2026-07-22T17:22:21.246
ATTEMPT 167 W0 DONE 4x2 seed=1919528 nsol=16 0.01s 2026-07-22T17:22:21.253
ATTEMPT 168 W0 START 4x2 seed=1919529 2026-07-22T17:22:21.254
ATTEMPT 168 W0 SOLVE 4x2 2026-07-22T17:22:21.262
ATTEMPT 168 W0 DONE 4x2 seed=1919529 nsol=16 0.00s 2026-07-22T17:22:21.266
ATTEMPT 169 W0 START 4x2 seed=1919530 2026-07-22T17:22:21.267
ATTEMPT 169 W0 SOLVE 4x2 2026-07-22T17:22:21.272
ATTEMPT 169 W0 DONE 4x2 seed=1919530 nsol=16 0.00s 2026-07-22T17:22:21.277
ATTEMPT 170 W0 START 4x2 seed=1919531 2026-07-22T17:22:21.277
ATTEMPT 170 W0 SOLVE 4x2 2026-07-22T17:22:21.282
ATTEMPT 170 W0 DONE 4x2 seed=1919531 nsol=16 0.01s 2026-07-22T17:22:21.291
ATTEMPT 171 W0 START 4x2 seed=1919532 2026-07-22T17:22:21.291
ATTEMPT 171 W0 SOLVE 4x2 2026-07-22T17:22:21.297
ATTEMPT 171 W0 DONE 4x2 seed=1919532 nsol=16 0.01s 2026-07-22T17:22:21.307
ATTEMPT 172 W0 START 4x2 seed=1919533 2026-07-22T17:22:21.307
ATTEMPT 172 W0 SOLVE 4x2 2026-07-22T17:22:21.312
ATTEMPT 172 W0 DONE 4x2 seed=1919533 nsol=16 0.01s 2026-07-22T17:22:21.320
ATTEMPT 173 W0 START 4x2 seed=1919534 2026-07-22T17:22:21.320
ATTEMPT 173 W0 SOLVE 4x2 2026-07-22T17:22:21.327
ATTEMPT 173 W0 DONE 4x2 seed=1919534 nsol=16 0.01s 2026-07-22T17:22:21.334
ATTEMPT 174 W0 START 4x2 seed=1919535 2026-07-22T17:22:21.334
ATTEMPT 174 W0 SOLVE 4x2 2026-07-22T17:22:21.340
ATTEMPT 174 W0 DONE 4x2 seed=1919535 nsol=16 0.01s 2026-07-22T17:22:21.352
ATTEMPT 175 W0 START 4x2 seed=1919536 2026-07-22T17:22:21.352
ATTEMPT 175 W0 SOLVE 4x2 2026-07-22T17:22:21.359
ATTEMPT 175 W0 DONE 4x2 seed=1919536 nsol=16 0.01s 2026-07-22T17:22:21.367
ATTEMPT 176 W0 START 4x2 seed=1919537 2026-07-22T17:22:21.367
ATTEMPT 176 W0 SOLVE 4x2 2026-07-22T17:22:21.373
ATTEMPT 176 W0 DONE 4x2 seed=1919537 nsol=16 0.01s 2026-07-22T17:22:21.387
ATTEMPT 177 W0 START 4x2 seed=1919538 2026-07-22T17:22:21.387
ATTEMPT 177 W0 SOLVE 4x2 2026-07-22T17:22:21.394
ATTEMPT 177 W0 DONE 4x2 seed=1919538 nsol=16 0.01s 2026-07-22T17:22:21.399
ATTEMPT 178 W0 START 4x2 seed=1919539 2026-07-22T17:22:21.399
ATTEMPT 178 W0 SOLVE 4x2 2026-07-22T17:22:21.405
ATTEMPT 178 W0 DONE 4x2 seed=1919539 nsol=16 0.01s 2026-07-22T17:22:21.415
ATTEMPT 179 W0 START 4x2 seed=1919540 2026-07-22T17:22:21.415
ATTEMPT 179 W0 SOLVE 4x2 2026-07-22T17:22:21.420
ATTEMPT 179 W0 DONE 4x2 seed=1919540 nsol=16 0.00s 2026-07-22T17:22:21.425
ATTEMPT 180 W0 START 4x2 seed=1919541 2026-07-22T17:22:21.425
ATTEMPT 180 W0 SOLVE 4x2 2026-07-22T17:22:21.432
ATTEMPT 180 W0 DONE 4x2 seed=1919541 nsol=16 0.01s 2026-07-22T17:22:21.439
ATTEMPT 181 W0 START 4x2 seed=1919542 2026-07-22T17:22:21.439
ATTEMPT 181 W0 SOLVE 4x2 2026-07-22T17:22:21.446
ATTEMPT 181 W0 DONE 4x2 seed=1919542 nsol=16 0.01s 2026-07-22T17:22:21.452
ATTEMPT 182 W0 START 4x2 seed=1919543 2026-07-22T17:22:21.452
ATTEMPT 182 W0 SOLVE 4x2 2026-07-22T17:22:21.458
ATTEMPT 182 W0 DONE 4x2 seed=1919543 nsol=16 0.00s 2026-07-22T17:22:21.463
ATTEMPT 183 W0 START 4x2 seed=1919544 2026-07-22T17:22:21.463
ATTEMPT 183 W0 SOLVE 4x2 2026-07-22T17:22:21.468
ATTEMPT 183 W0 DONE 4x2 seed=1919544 nsol=16 0.00s 2026-07-22T17:22:21.472
ATTEMPT 184 W0 START 4x2 seed=1919545 2026-07-22T17:22:21.472
ATTEMPT 184 W0 SOLVE 4x2 2026-07-22T17:22:21.477
ATTEMPT 184 W0 DONE 4x2 seed=1919545 nsol=16 0.01s 2026-07-22T17:22:21.483
ATTEMPT 185 W0 START 4x2 seed=1919546 2026-07-22T17:22:21.483
ATTEMPT 185 W0 SOLVE 4x2 2026-07-22T17:22:21.489
ATTEMPT 185 W0 DONE 4x2 seed=1919546 nsol=16 0.00s 2026-07-22T17:22:21.493
ATTEMPT 186 W0 START 4x2 seed=1919547 2026-07-22T17:22:21.493
ATTEMPT 186 W0 SOLVE 4x2 2026-07-22T17:22:21.499
ATTEMPT 186 W0 DONE 4x2 seed=1919547 nsol=16 0.01s 2026-07-22T17:22:21.504
ATTEMPT 187 W0 START 4x2 seed=1919548 2026-07-22T17:22:21.504
ATTEMPT 187 W0 SOLVE 4x2 2026-07-22T17:22:21.510
ATTEMPT 187 W0 DONE 4x2 seed=1919548 nsol=16 0.00s 2026-07-22T17:22:21.514
ATTEMPT 188 W0 START 4x2 seed=1919549 2026-07-22T17:22:21.514
ATTEMPT 188 W0 SOLVE 4x2 2026-07-22T17:22:21.519
ATTEMPT 188 W0 DONE 4x2 seed=1919549 nsol=16 0.01s 2026-07-22T17:22:21.524
ATTEMPT 189 W0 START 4x2 seed=1919550 2026-07-22T17:22:21.524
ATTEMPT 189 W0 SOLVE 4x2 2026-07-22T17:22:21.530
ATTEMPT 189 W0 DONE 4x2 seed=1919550 nsol=16 0.00s 2026-07-22T17:22:21.534
ATTEMPT 190 W0 START 4x2 seed=1919551 2026-07-22T17:22:21.534
ATTEMPT 190 W0 SOLVE 4x2 2026-07-22T17:22:21.539
ATTEMPT 190 W0 DONE 4x2 seed=1919551 nsol=16 0.01s 2026-07-22T17:22:21.545
ATTEMPT 191 W0 START 4x2 seed=1919552 2026-07-22T17:22:21.545
ATTEMPT 191 W0 SOLVE 4x2 2026-07-22T17:22:21.551
ATTEMPT 191 W0 DONE 4x2 seed=1919552 nsol=16 0.00s 2026-07-22T17:22:21.556
ATTEMPT 192 W0 START 4x2 seed=1919553 2026-07-22T17:22:21.556
ATTEMPT 192 W0 SOLVE 4x2 2026-07-22T17:22:21.561
ATTEMPT 192 W0 DONE 4x2 seed=1919553 nsol=16 0.00s 2026-07-22T17:22:21.565
ATTEMPT 193 W0 START 4x2 seed=1919554 2026-07-22T17:22:21.565
ATTEMPT 193 W0 SOLVE 4x2 2026-07-22T17:22:21.570
ATTEMPT 193 W0 DONE 4x2 seed=1919554 nsol=16 0.01s 2026-07-22T17:22:21.579
ATTEMPT 194 W0 START 4x2 seed=1919555 2026-07-22T17:22:21.579
ATTEMPT 194 W0 SOLVE 4x2 2026-07-22T17:22:21.586
ATTEMPT 194 W0 DONE 4x2 seed=1919555 nsol=16 0.01s 2026-07-22T17:22:21.592
ATTEMPT 195 W0 START 4x2 seed=1919556 2026-07-22T17:22:21.592
ATTEMPT 195 W0 SOLVE 4x2 2026-07-22T17:22:21.597
ATTEMPT 195 W0 DONE 4x2 seed=1919556 nsol=16 0.00s 2026-07-22T17:22:21.602
ATTEMPT 196 W0 START 4x2 seed=1919557 2026-07-22T17:22:21.602
ATTEMPT 196 W0 SOLVE 4x2 2026-07-22T17:22:21.607
ATTEMPT 196 W0 DONE 4x2 seed=1919557 nsol=16 0.00s 2026-07-22T17:22:21.612
ATTEMPT 197 W0 START 4x2 seed=1919558 2026-07-22T17:22:21.612
ATTEMPT 197 W0 SOLVE 4x2 2026-07-22T17:22:21.618
ATTEMPT 197 W0 DONE 4x2 seed=1919558 nsol=16 0.00s 2026-07-22T17:22:21.622
ATTEMPT 198 W0 START 4x2 seed=1919559 2026-07-22T17:22:21.622
ATTEMPT 198 W0 SOLVE 4x2 2026-07-22T17:22:21.628
ATTEMPT 198 W0 DONE 4x2 seed=1919559 nsol=16 0.00s 2026-07-22T17:22:21.632
ATTEMPT 199 W0 START 4x2 seed=1919560 2026-07-22T17:22:21.632
ATTEMPT 199 W0 SOLVE 4x2 2026-07-22T17:22:21.637
ATTEMPT 199 W0 DONE 4x2 seed=1919560 nsol=16 0.01s 2026-07-22T17:22:21.642
ATTEMPT 200 W0 START 4x2 seed=1919561 2026-07-22T17:22:21.642
ATTEMPT 200 W0 SOLVE 4x2 2026-07-22T17:22:21.648
ATTEMPT 200 W0 DONE 4x2 seed=1919561 nsol=16 0.01s 2026-07-22T17:22:21.654
ATTEMPT 201 W0 START 4x2 seed=1919562 2026-07-22T17:22:21.654
ATTEMPT 201 W0 SOLVE 4x2 2026-07-22T17:22:21.660
ATTEMPT 201 W0 DONE 4x2 seed=1919562 nsol=16 0.00s 2026-07-22T17:22:21.664
ATTEMPT 202 W0 START 4x2 seed=1919563 2026-07-22T17:22:21.664
ATTEMPT 202 W0 SOLVE 4x2 2026-07-22T17:22:21.672
ATTEMPT 202 W0 DONE 4x2 seed=1919563 nsol=16 0.01s 2026-07-22T17:22:21.683
ATTEMPT 203 W0 START 4x2 seed=1919564 2026-07-22T17:22:21.683
ATTEMPT 203 W0 SOLVE 4x2 2026-07-22T17:22:21.688
ATTEMPT 203 W0 DONE 4x2 seed=1919564 nsol=16 0.01s 2026-07-22T17:22:21.696
ATTEMPT 204 W0 START 4x2 seed=1919565 2026-07-22T17:22:21.696
ATTEMPT 204 W0 SOLVE 4x2 2026-07-22T17:22:21.702
ATTEMPT 204 W0 DONE 4x2 seed=1919565 nsol=16 0.01s 2026-07-22T17:22:21.715
ATTEMPT 205 W0 START 4x2 seed=1919566 2026-07-22T17:22:21.715
ATTEMPT 205 W0 SOLVE 4x2 2026-07-22T17:22:21.723
ATTEMPT 205 W0 DONE 4x2 seed=1919566 nsol=16 0.20s 2026-07-22T17:22:21.924
ATTEMPT 206 W0 START 4x2 seed=1919567 2026-07-22T17:22:21.926
ATTEMPT 206 W0 SOLVE 4x2 2026-07-22T17:22:21.931
ATTEMPT 206 W0 DONE 4x2 seed=1919567 nsol=16 0.00s 2026-07-22T17:22:21.936
ATTEMPT 207 W0 START 4x2 seed=1919568 2026-07-22T17:22:21.936
ATTEMPT 207 W0 SOLVE 4x2 2026-07-22T17:22:21.942
ATTEMPT 207 W0 DONE 4x2 seed=1919568 nsol=16 0.00s 2026-07-22T17:22:21.947
ATTEMPT 208 W0 START 4x2 seed=1919569 2026-07-22T17:22:21.947
ATTEMPT 208 W0 SOLVE 4x2 2026-07-22T17:22:21.952
ATTEMPT 208 W0 DONE 4x2 seed=1919569 nsol=16 0.00s 2026-07-22T17:22:21.956
ATTEMPT 209 W0 START 4x2 seed=1919570 2026-07-22T17:22:21.956
ATTEMPT 209 W0 SOLVE 4x2 2026-07-22T17:22:21.962
ATTEMPT 209 W0 DONE 4x2 seed=1919570 nsol=16 0.01s 2026-07-22T17:22:21.969
ATTEMPT 210 W0 START 4x2 seed=1919571 2026-07-22T17:22:21.970
ATTEMPT 210 W0 SOLVE 4x2 2026-07-22T17:22:21.977
ATTEMPT 210 W0 DONE 4x2 seed=1919571 nsol=16 0.01s 2026-07-22T17:22:21.984
ATTEMPT 211 W0 START 4x2 seed=1919572 2026-07-22T17:22:21.984
ATTEMPT 211 W0 SOLVE 4x2 2026-07-22T17:22:21.989
ATTEMPT 211 W0 DONE 4x2 seed=1919572 nsol=16 0.00s 2026-07-22T17:22:21.993
ATTEMPT 212 W0 START 4x2 seed=1919573 2026-07-22T17:22:21.993
ATTEMPT 212 W0 SOLVE 4x2 2026-07-22T17:22:21.999
ATTEMPT 212 W0 DONE 4x2 seed=1919573 nsol=16 0.00s 2026-07-22T17:22:22.003
ATTEMPT 213 W0 START 4x2 seed=1919574 2026-07-22T17:22:22.003
ATTEMPT 213 W0 SOLVE 4x2 2026-07-22T17:22:22.008
ATTEMPT 213 W0 DONE 4x2 seed=1919574 nsol=16 0.01s 2026-07-22T17:22:22.013
ATTEMPT 214 W0 START 4x2 seed=1919575 2026-07-22T17:22:22.013
ATTEMPT 214 W0 SOLVE 4x2 2026-07-22T17:22:22.019
ATTEMPT 214 W0 DONE 4x2 seed=1919575 nsol=16 0.00s 2026-07-22T17:22:22.023
ATTEMPT 215 W0 START 4x2 seed=1919576 2026-07-22T17:22:22.023
ATTEMPT 215 W0 SOLVE 4x2 2026-07-22T17:22:22.029
ATTEMPT 215 W0 DONE 4x2 seed=1919576 nsol=16 0.00s 2026-07-22T17:22:22.033
ATTEMPT 216 W0 START 4x2 seed=1919577 2026-07-22T17:22:22.033
ATTEMPT 216 W0 SOLVE 4x2 2026-07-22T17:22:22.038
ATTEMPT 216 W0 DONE 4x2 seed=1919577 nsol=16 0.00s 2026-07-22T17:22:22.043
ATTEMPT 217 W0 START 4x2 seed=1919578 2026-07-22T17:22:22.043
ATTEMPT 217 W0 SOLVE 4x2 2026-07-22T17:22:22.050
ATTEMPT 217 W0 DONE 4x2 seed=1919578 nsol=16 0.00s 2026-07-22T17:22:22.055
ATTEMPT 218 W0 START 4x2 seed=1919579 2026-07-22T17:22:22.055
ATTEMPT 218 W0 SOLVE 4x2 2026-07-22T17:22:22.061
ATTEMPT 218 W0 DONE 4x2 seed=1919579 nsol=16 0.00s 2026-07-22T17:22:22.065
ATTEMPT 219 W0 START 4x2 seed=1919580 2026-07-22T17:22:22.065
ATTEMPT 219 W0 SOLVE 4x2 2026-07-22T17:22:22.072
ATTEMPT 219 W0 DONE 4x2 seed=1919580 nsol=16 0.01s 2026-07-22T17:22:22.079
ATTEMPT 220 W0 START 4x2 seed=1919581 2026-07-22T17:22:22.079
ATTEMPT 220 W0 SOLVE 4x2 2026-07-22T17:22:22.084
ATTEMPT 220 W0 DONE 4x2 seed=1919581 nsol=16 0.00s 2026-07-22T17:22:22.088
ATTEMPT 221 W0 START 4x2 seed=1919582 2026-07-22T17:22:22.088
ATTEMPT 221 W0 SOLVE 4x2 2026-07-22T17:22:22.094
ATTEMPT 221 W0 DONE 4x2 seed=1919582 nsol=16 0.01s 2026-07-22T17:22:22.099
ATTEMPT 222 W0 START 4x2 seed=1919583 2026-07-22T17:22:22.099
ATTEMPT 222 W0 SOLVE 4x2 2026-07-22T17:22:22.104
ATTEMPT 222 W0 DONE 4x2 seed=1919583 nsol=16 0.01s 2026-07-22T17:22:22.113
ATTEMPT 223 W0 START 4x2 seed=1919584 2026-07-22T17:22:22.113
ATTEMPT 223 W0 SOLVE 4x2 2026-07-22T17:22:22.120
ATTEMPT 223 W0 DONE 4x2 seed=1919584 nsol=16 0.01s 2026-07-22T17:22:22.125
ATTEMPT 224 W0 START 4x2 seed=1919585 2026-07-22T17:22:22.125
ATTEMPT 224 W0 SOLVE 4x2 2026-07-22T17:22:22.132
ATTEMPT 224 W0 DONE 4x2 seed=1919585 nsol=16 0.01s 2026-07-22T17:22:22.137
ATTEMPT 225 W0 START 4x2 seed=1919586 2026-07-22T17:22:22.138
ATTEMPT 225 W0 SOLVE 4x2 2026-07-22T17:22:22.145
ATTEMPT 225 W0 DONE 4x2 seed=1919586 nsol=16 0.01s 2026-07-22T17:22:22.153
ATTEMPT 226 W0 START 4x2 seed=1919587 2026-07-22T17:22:22.153
ATTEMPT 226 W0 SOLVE 4x2 2026-07-22T17:22:22.159
ATTEMPT 226 W0 DONE 4x2 seed=1919587 nsol=16 0.00s 2026-07-22T17:22:22.163
ATTEMPT 227 W0 START 4x2 seed=1919588 2026-07-22T17:22:22.163
ATTEMPT 227 W0 SOLVE 4x2 2026-07-22T17:22:22.168
ATTEMPT 227 W0 DONE 4x2 seed=1919588 nsol=16 0.01s 2026-07-22T17:22:22.175
ATTEMPT 228 W0 START 4x2 seed=1919589 2026-07-22T17:22:22.175
ATTEMPT 228 W0 SOLVE 4x2 2026-07-22T17:22:22.181
ATTEMPT 228 W0 DONE 4x2 seed=1919589 nsol=16 0.00s 2026-07-22T17:22:22.184
ATTEMPT 229 W0 START 4x2 seed=1919590 2026-07-22T17:22:22.184
ATTEMPT 229 W0 SOLVE 4x2 2026-07-22T17:22:22.189
ATTEMPT 229 W0 DONE 4x2 seed=1919590 nsol=16 0.00s 2026-07-22T17:22:22.194
ATTEMPT 230 W0 START 4x2 seed=1919591 2026-07-22T17:22:22.194
ATTEMPT 230 W0 SOLVE 4x2 2026-07-22T17:22:22.199
ATTEMPT 230 W0 DONE 4x2 seed=1919591 nsol=16 0.00s 2026-07-22T17:22:22.204
ATTEMPT 231 W0 START 4x2 seed=1919592 2026-07-22T17:22:22.204
ATTEMPT 231 W0 SOLVE 4x2 2026-07-22T17:22:22.209
ATTEMPT 231 W0 DONE 4x2 seed=1919592 nsol=16 0.01s 2026-07-22T17:22:22.214
ATTEMPT 232 W0 START 4x2 seed=1919593 2026-07-22T17:22:22.214
ATTEMPT 232 W0 SOLVE 4x2 2026-07-22T17:22:22.220
ATTEMPT 232 W0 DONE 4x2 seed=1919593 nsol=16 0.00s 2026-07-22T17:22:22.224
ATTEMPT 233 W0 START 4x2 seed=1919594 2026-07-22T17:22:22.224
ATTEMPT 233 W0 SOLVE 4x2 2026-07-22T17:22:22.230
ATTEMPT 233 W0 DONE 4x2 seed=1919594 nsol=16 0.00s 2026-07-22T17:22:22.234
ATTEMPT 234 W0 START 4x2 seed=1919595 2026-07-22T17:22:22.234
ATTEMPT 234 W0 SOLVE 4x2 2026-07-22T17:22:22.240
ATTEMPT 234 W0 DONE 4x2 seed=1919595 nsol=16 0.00s 2026-07-22T17:22:22.244
ATTEMPT 235 W0 START 4x2 seed=1919596 2026-07-22T17:22:22.244
ATTEMPT 235 W0 SOLVE 4x2 2026-07-22T17:22:22.250
ATTEMPT 235 W0 DONE 4x2 seed=1919596 nsol=16 0.00s 2026-07-22T17:22:22.254
ATTEMPT 236 W0 START 4x2 seed=1919597 2026-07-22T17:22:22.254
ATTEMPT 236 W0 SOLVE 4x2 2026-07-22T17:22:22.259
ATTEMPT 236 W0 DONE 4x2 seed=1919597 nsol=16 0.00s 2026-07-22T17:22:22.262
ATTEMPT 237 W0 START 4x2 seed=1919598 2026-07-22T17:22:22.263
ATTEMPT 237 W0 SOLVE 4x2 2026-07-22T17:22:22.268
ATTEMPT 237 W0 DONE 4x2 seed=1919598 nsol=16 0.00s 2026-07-22T17:22:22.272
ATTEMPT 238 W0 START 4x2 seed=1919599 2026-07-22T17:22:22.272
ATTEMPT 238 W0 SOLVE 4x2 2026-07-22T17:22:22.277
ATTEMPT 238 W0 DONE 4x2 seed=1919599 nsol=16 0.00s 2026-07-22T17:22:22.281
ATTEMPT 239 W0 START 4x2 seed=1919600 2026-07-22T17:22:22.281
ATTEMPT 239 W0 SOLVE 4x2 2026-07-22T17:22:22.286
ATTEMPT 239 W0 DONE 4x2 seed=1919600 nsol=16 0.00s 2026-07-22T17:22:22.290
ATTEMPT 240 W0 START 4x2 seed=1919601 2026-07-22T17:22:22.290
ATTEMPT 240 W0 SOLVE 4x2 2026-07-22T17:22:22.296
ATTEMPT 240 W0 DONE 4x2 seed=1919601 nsol=16 0.00s 2026-07-22T17:22:22.300
ATTEMPT 241 W0 START 4x2 seed=1919602 2026-07-22T17:22:22.300
ATTEMPT 241 W0 SOLVE 4x2 2026-07-22T17:22:22.305
ATTEMPT 241 W0 DONE 4x2 seed=1919602 nsol=16 0.01s 2026-07-22T17:22:22.311
ATTEMPT 242 W0 START 4x2 seed=1919603 2026-07-22T17:22:22.311
ATTEMPT 242 W0 SOLVE 4x2 2026-07-22T17:22:22.317
ATTEMPT 242 W0 DONE 4x2 seed=1919603 nsol=16 0.00s 2026-07-22T17:22:22.321
ATTEMPT 243 W0 START 4x2 seed=1919604 2026-07-22T17:22:22.322
ATTEMPT 243 W0 SOLVE 4x2 2026-07-22T17:22:22.327
ATTEMPT 243 W0 DONE 4x2 seed=1919604 nsol=16 0.00s 2026-07-22T17:22:22.332
ATTEMPT 244 W0 START 4x2 seed=1919605 2026-07-22T17:22:22.332
ATTEMPT 244 W0 SOLVE 4x2 2026-07-22T17:22:22.337
ATTEMPT 244 W0 DONE 4x2 seed=1919605 nsol=16 0.00s 2026-07-22T17:22:22.342
ATTEMPT 245 W0 START 4x2 seed=1919606 2026-07-22T17:22:22.342
ATTEMPT 245 W0 SOLVE 4x2 2026-07-22T17:22:22.347
ATTEMPT 245 W0 DONE 4x2 seed=1919606 nsol=16 0.00s 2026-07-22T17:22:22.351
ATTEMPT 246 W0 START 4x2 seed=1919607 2026-07-22T17:22:22.351
ATTEMPT 246 W0 SOLVE 4x2 2026-07-22T17:22:22.359
ATTEMPT 246 W0 DONE 4x2 seed=1919607 nsol=16 0.00s 2026-07-22T17:22:22.363
ATTEMPT 247 W0 START 4x2 seed=1919608 2026-07-22T17:22:22.364
ATTEMPT 247 W0 SOLVE 4x2 2026-07-22T17:22:22.369
ATTEMPT 247 W0 DONE 4x2 seed=1919608 nsol=16 0.00s 2026-07-22T17:22:22.372
ATTEMPT 248 W0 START 4x2 seed=1919609 2026-07-22T17:22:22.372
ATTEMPT 248 W0 SOLVE 4x2 2026-07-22T17:22:22.378
ATTEMPT 248 W0 DONE 4x2 seed=1919609 nsol=16 0.00s 2026-07-22T17:22:22.382
ATTEMPT 249 W0 START 4x2 seed=1919610 2026-07-22T17:22:22.382
ATTEMPT 249 W0 SOLVE 4x2 2026-07-22T17:22:22.387
ATTEMPT 249 W0 DONE 4x2 seed=1919610 nsol=16 0.01s 2026-07-22T17:22:22.393
ATTEMPT 250 W0 START 4x2 seed=1919611 2026-07-22T17:22:22.393
ATTEMPT 250 W0 SOLVE 4x2 2026-07-22T17:22:22.398
ATTEMPT 250 W0 DONE 4x2 seed=1919611 nsol=16 0.00s 2026-07-22T17:22:22.402
ATTEMPT 251 W0 START 4x2 seed=1919612 2026-07-22T17:22:22.402
ATTEMPT 251 W0 SOLVE 4x2 2026-07-22T17:22:22.408
ATTEMPT 251 W0 DONE 4x2 seed=1919612 nsol=16 0.00s 2026-07-22T17:22:22.412
ATTEMPT 252 W0 START 4x2 seed=1919613 2026-07-22T17:22:22.412
ATTEMPT 252 W0 SOLVE 4x2 2026-07-22T17:22:22.418
ATTEMPT 252 W0 DONE 4x2 seed=1919613 nsol=16 0.00s 2026-07-22T17:22:22.423
ATTEMPT 253 W0 START 4x2 seed=1919614 2026-07-22T17:22:22.423
ATTEMPT 253 W0 SOLVE 4x2 2026-07-22T17:22:22.428
ATTEMPT 253 W0 DONE 4x2 seed=1919614 nsol=16 0.00s 2026-07-22T17:22:22.432
ATTEMPT 254 W0 START 4x2 seed=1919615 2026-07-22T17:22:22.432
ATTEMPT 254 W0 SOLVE 4x2 2026-07-22T17:22:22.438
ATTEMPT 254 W0 DONE 4x2 seed=1919615 nsol=16 0.00s 2026-07-22T17:22:22.442
ATTEMPT 255 W0 START 4x2 seed=1919616 2026-07-22T17:22:22.442
ATTEMPT 255 W0 SOLVE 4x2 2026-07-22T17:22:22.447
ATTEMPT 255 W0 DONE 4x2 seed=1919616 nsol=16 0.01s 2026-07-22T17:22:22.453
ATTEMPT 256 W0 START 4x2 seed=1919617 2026-07-22T17:22:22.453
ATTEMPT 256 W0 SOLVE 4x2 2026-07-22T17:22:22.458
ATTEMPT 256 W0 DONE 4x2 seed=1919617 nsol=16 0.00s 2026-07-22T17:22:22.462
ATTEMPT 257 W0 START 4x2 seed=1919618 2026-07-22T17:22:22.462
ATTEMPT 257 W0 SOLVE 4x2 2026-07-22T17:22:22.467
ATTEMPT 257 W0 DONE 4x2 seed=1919618 nsol=16 0.00s 2026-07-22T17:22:22.472
ATTEMPT 258 W0 START 4x2 seed=1919619 2026-07-22T17:22:22.472
ATTEMPT 258 W0 SOLVE 4x2 2026-07-22T17:22:22.477
ATTEMPT 258 W0 DONE 4x2 seed=1919619 nsol=16 0.00s 2026-07-22T17:22:22.481
ATTEMPT 259 W0 START 4x2 seed=1919620 2026-07-22T17:22:22.481
ATTEMPT 259 W0 SOLVE 4x2 2026-07-22T17:22:22.486
ATTEMPT 259 W0 DONE 4x2 seed=1919620 nsol=16 0.00s 2026-07-22T17:22:22.491
ATTEMPT 260 W0 START 4x2 seed=1919621 2026-07-22T17:22:22.491
ATTEMPT 260 W0 SOLVE 4x2 2026-07-22T17:22:22.496
ATTEMPT 260 W0 DONE 4x2 seed=1919621 nsol=16 0.00s 2026-07-22T17:22:22.500
ATTEMPT 261 W0 START 4x2 seed=1919622 2026-07-22T17:22:22.500
ATTEMPT 261 W0 SOLVE 4x2 2026-07-22T17:22:22.505
ATTEMPT 261 W0 DONE 4x2 seed=1919622 nsol=16 0.00s 2026-07-22T17:22:22.509
ATTEMPT 262 W0 START 4x2 seed=1919623 2026-07-22T17:22:22.509
ATTEMPT 262 W0 SOLVE 4x2 2026-07-22T17:22:22.514
ATTEMPT 262 W0 DONE 4x2 seed=1919623 nsol=16 0.00s 2026-07-22T17:22:22.518
ATTEMPT 263 W0 START 4x2 seed=1919624 2026-07-22T17:22:22.518
ATTEMPT 263 W0 SOLVE 4x2 2026-07-22T17:22:22.524
ATTEMPT 263 W0 DONE 4x2 seed=1919624 nsol=16 0.00s 2026-07-22T17:22:22.528
ATTEMPT 264 W0 START 4x2 seed=1919625 2026-07-22T17:22:22.528
ATTEMPT 264 W0 SOLVE 4x2 2026-07-22T17:22:22.533
ATTEMPT 264 W0 DONE 4x2 seed=1919625 nsol=16 0.00s 2026-07-22T17:22:22.538
ATTEMPT 265 W0 START 4x2 seed=1919626 2026-07-22T17:22:22.538
ATTEMPT 265 W0 SOLVE 4x2 2026-07-22T17:22:22.544
ATTEMPT 265 W0 DONE 4x2 seed=1919626 nsol=16 0.00s 2026-07-22T17:22:22.549
ATTEMPT 266 W0 START 4x2 seed=1919627 2026-07-22T17:22:22.549
ATTEMPT 266 W0 SOLVE 4x2 2026-07-22T17:22:22.555
ATTEMPT 266 W0 DONE 4x2 seed=1919627 nsol=16 0.00s 2026-07-22T17:22:22.559
ATTEMPT 267 W0 START 4x2 seed=1919628 2026-07-22T17:22:22.559
ATTEMPT 267 W0 SOLVE 4x2 2026-07-22T17:22:22.565
ATTEMPT 267 W0 DONE 4x2 seed=1919628 nsol=16 0.00s 2026-07-22T17:22:22.569
ATTEMPT 268 W0 START 4x2 seed=1919629 2026-07-22T17:22:22.569
ATTEMPT 268 W0 SOLVE 4x2 2026-07-22T17:22:22.574
ATTEMPT 268 W0 DONE 4x2 seed=1919629 nsol=16 0.00s 2026-07-22T17:22:22.578
ATTEMPT 269 W0 START 4x2 seed=1919630 2026-07-22T17:22:22.578
ATTEMPT 269 W0 SOLVE 4x2 2026-07-22T17:22:22.585
ATTEMPT 269 W0 DONE 4x2 seed=1919630 nsol=16 0.01s 2026-07-22T17:22:22.590
ATTEMPT 270 W0 START 4x2 seed=1919631 2026-07-22T17:22:22.590
ATTEMPT 270 W0 SOLVE 4x2 2026-07-22T17:22:22.596
ATTEMPT 270 W0 DONE 4x2 seed=1919631 nsol=16 0.00s 2026-07-22T17:22:22.600
ATTEMPT 271 W0 START 4x2 seed=1919632 2026-07-22T17:22:22.600
ATTEMPT 271 W0 SOLVE 4x2 2026-07-22T17:22:22.606
ATTEMPT 271 W0 DONE 4x2 seed=1919632 nsol=16 0.00s 2026-07-22T17:22:22.610
ATTEMPT 272 W0 START 4x2 seed=1919633 2026-07-22T17:22:22.610
ATTEMPT 272 W0 SOLVE 4x2 2026-07-22T17:22:22.616
ATTEMPT 272 W0 DONE 4x2 seed=1919633 nsol=16 0.00s 2026-07-22T17:22:22.621
ATTEMPT 273 W0 START 4x2 seed=1919634 2026-07-22T17:22:22.621
ATTEMPT 273 W0 SOLVE 4x2 2026-07-22T17:22:22.626
ATTEMPT 273 W0 DONE 4x2 seed=1919634 nsol=16 0.00s 2026-07-22T17:22:22.631
ATTEMPT 274 W0 START 4x2 seed=1919635 2026-07-22T17:22:22.631
ATTEMPT 274 W0 SOLVE 4x2 2026-07-22T17:22:22.637
ATTEMPT 274 W0 DONE 4x2 seed=1919635 nsol=16 0.00s 2026-07-22T17:22:22.642
ATTEMPT 275 W0 START 4x2 seed=1919636 2026-07-22T17:22:22.642
ATTEMPT 275 W0 SOLVE 4x2 2026-07-22T17:22:22.648
ATTEMPT 275 W0 DONE 4x2 seed=1919636 nsol=16 0.00s 2026-07-22T17:22:22.653
ATTEMPT 276 W0 START 4x2 seed=1919637 2026-07-22T17:22:22.653
ATTEMPT 276 W0 SOLVE 4x2 2026-07-22T17:22:22.659
ATTEMPT 276 W0 DONE 4x2 seed=1919637 nsol=16 0.00s 2026-07-22T17:22:22.663
ATTEMPT 277 W0 START 4x2 seed=1919638 2026-07-22T17:22:22.663
ATTEMPT 277 W0 SOLVE 4x2 2026-07-22T17:22:22.668
ATTEMPT 277 W0 DONE 4x2 seed=1919638 nsol=16 0.01s 2026-07-22T17:22:22.674
ATTEMPT 278 W0 START 4x2 seed=1919639 2026-07-22T17:22:22.674
ATTEMPT 278 W0 SOLVE 4x2 2026-07-22T17:22:22.679
ATTEMPT 278 W0 DONE 4x2 seed=1919639 nsol=16 0.00s 2026-07-22T17:22:22.683
ATTEMPT 279 W0 START 4x2 seed=1919640 2026-07-22T17:22:22.683
ATTEMPT 279 W0 SOLVE 4x2 2026-07-22T17:22:22.690
ATTEMPT 279 W0 DONE 4x2 seed=1919640 nsol=16 0.01s 2026-07-22T17:22:22.695
ATTEMPT 280 W0 START 4x2 seed=1919641 2026-07-22T17:22:22.695
ATTEMPT 280 W0 SOLVE 4x2 2026-07-22T17:22:22.701
ATTEMPT 280 W0 DONE 4x2 seed=1919641 nsol=16 0.01s 2026-07-22T17:22:22.708
ATTEMPT 281 W0 START 4x2 seed=1919642 2026-07-22T17:22:22.708
ATTEMPT 281 W0 SOLVE 4x2 2026-07-22T17:22:22.714
ATTEMPT 281 W0 DONE 4x2 seed=1919642 nsol=16 0.00s 2026-07-22T17:22:22.718
ATTEMPT 282 W0 START 4x2 seed=1919643 2026-07-22T17:22:22.718
ATTEMPT 282 W0 SOLVE 4x2 2026-07-22T17:22:22.724
ATTEMPT 282 W0 DONE 4x2 seed=1919643 nsol=16 0.00s 2026-07-22T17:22:22.729
ATTEMPT 283 W0 START 4x2 seed=1919644 2026-07-22T17:22:22.729
ATTEMPT 283 W0 SOLVE 4x2 2026-07-22T17:22:22.736
ATTEMPT 283 W0 DONE 4x2 seed=1919644 nsol=16 0.00s 2026-07-22T17:22:22.740
ATTEMPT 284 W0 START 4x2 seed=1919645 2026-07-22T17:22:22.740
ATTEMPT 284 W0 SOLVE 4x2 2026-07-22T17:22:22.746
ATTEMPT 284 W0 DONE 4x2 seed=1919645 nsol=16 0.00s 2026-07-22T17:22:22.751
ATTEMPT 285 W0 START 4x2 seed=1919646 2026-07-22T17:22:22.751
ATTEMPT 285 W0 SOLVE 4x2 2026-07-22T17:22:22.757
ATTEMPT 285 W0 DONE 4x2 seed=1919646 nsol=16 0.00s 2026-07-22T17:22:22.762
ATTEMPT 286 W0 START 4x2 seed=1919647 2026-07-22T17:22:22.762
ATTEMPT 286 W0 SOLVE 4x2 2026-07-22T17:22:22.768
ATTEMPT 286 W0 DONE 4x2 seed=1919647 nsol=16 0.05s 2026-07-22T17:22:22.820
ATTEMPT 287 W0 START 4x2 seed=1919648 2026-07-22T17:22:22.820
ATTEMPT 287 W0 SOLVE 4x2 2026-07-22T17:22:22.825
ATTEMPT 287 W0 DONE 4x2 seed=1919648 nsol=16 0.00s 2026-07-22T17:22:22.829
ATTEMPT 288 W0 START 4x2 seed=1919649 2026-07-22T17:22:22.829
ATTEMPT 288 W0 SOLVE 4x2 2026-07-22T17:22:22.835
ATTEMPT 288 W0 DONE 4x2 seed=1919649 nsol=16 0.00s 2026-07-22T17:22:22.839
ATTEMPT 289 W0 START 4x2 seed=1919650 2026-07-22T17:22:22.839
ATTEMPT 289 W0 SOLVE 4x2 2026-07-22T17:22:22.845
ATTEMPT 289 W0 DONE 4x2 seed=1919650 nsol=16 0.00s 2026-07-22T17:22:22.849
ATTEMPT 290 W0 START 4x2 seed=1919651 2026-07-22T17:22:22.849
ATTEMPT 290 W0 SOLVE 4x2 2026-07-22T17:22:22.854
ATTEMPT 290 W0 DONE 4x2 seed=1919651 nsol=16 0.00s 2026-07-22T17:22:22.858
ATTEMPT 291 W0 START 4x2 seed=1919652 2026-07-22T17:22:22.858
ATTEMPT 291 W0 SOLVE 4x2 2026-07-22T17:22:22.866
ATTEMPT 291 W0 DONE 4x2 seed=1919652 nsol=16 0.01s 2026-07-22T17:22:22.873
ATTEMPT 292 W0 START 4x2 seed=1919653 2026-07-22T17:22:22.873
ATTEMPT 292 W0 SOLVE 4x2 2026-07-22T17:22:22.880
ATTEMPT 292 W0 DONE 4x2 seed=1919653 nsol=16 0.00s 2026-07-22T17:22:22.884
ATTEMPT 293 W0 START 4x2 seed=1919654 2026-07-22T17:22:22.884
ATTEMPT 293 W0 SOLVE 4x2 2026-07-22T17:22:22.889
ATTEMPT 293 W0 DONE 4x2 seed=1919654 nsol=16 0.00s 2026-07-22T17:22:22.893
ATTEMPT 294 W0 START 4x2 seed=1919655 2026-07-22T17:22:22.893
ATTEMPT 294 W0 SOLVE 4x2 2026-07-22T17:22:22.899
ATTEMPT 294 W0 DONE 4x2 seed=1919655 nsol=16 0.00s 2026-07-22T17:22:22.903
ATTEMPT 295 W0 START 4x2 seed=1919656 2026-07-22T17:22:22.903
ATTEMPT 295 W0 SOLVE 4x2 2026-07-22T17:22:22.909
ATTEMPT 295 W0 DONE 4x2 seed=1919656 nsol=16 0.00s 2026-07-22T17:22:22.913
ATTEMPT 296 W0 START 4x2 seed=1919657 2026-07-22T17:22:22.913
ATTEMPT 296 W0 SOLVE 4x2 2026-07-22T17:22:22.918
ATTEMPT 296 W0 DONE 4x2 seed=1919657 nsol=16 0.00s 2026-07-22T17:22:22.922
ATTEMPT 297 W0 START 4x2 seed=1919658 2026-07-22T17:22:22.922
ATTEMPT 297 W0 SOLVE 4x2 2026-07-22T17:22:22.928
ATTEMPT 297 W0 DONE 4x2 seed=1919658 nsol=16 0.00s 2026-07-22T17:22:22.932
ATTEMPT 298 W0 START 4x2 seed=1919659 2026-07-22T17:22:22.932
ATTEMPT 298 W0 SOLVE 4x2 2026-07-22T17:22:22.937
ATTEMPT 298 W0 DONE 4x2 seed=1919659 nsol=16 0.01s 2026-07-22T17:22:22.942
ATTEMPT 299 W0 START 4x2 seed=1919660 2026-07-22T17:22:22.942
ATTEMPT 299 W0 SOLVE 4x2 2026-07-22T17:22:22.948
ATTEMPT 299 W0 DONE 4x2 seed=1919660 nsol=16 0.00s 2026-07-22T17:22:22.952
ATTEMPT 300 W0 START 4x2 seed=1919661 2026-07-22T17:22:22.952
ATTEMPT 300 W0 SOLVE 4x2 2026-07-22T17:22:22.957
ATTEMPT 300 W0 DONE 4x2 seed=1919661 nsol=16 0.01s 2026-07-22T17:22:22.963
ATTEMPT 301 W0 START 4x2 seed=1919662 2026-07-22T17:22:22.963
ATTEMPT 301 W0 SOLVE 4x2 2026-07-22T17:22:22.968
ATTEMPT 301 W0 DONE 4x2 seed=1919662 nsol=16 0.00s 2026-07-22T17:22:22.973
ATTEMPT 302 W0 START 4x2 seed=1919663 2026-07-22T17:22:22.973
ATTEMPT 302 W0 SOLVE 4x2 2026-07-22T17:22:22.978
ATTEMPT 302 W0 DONE 4x2 seed=1919663 nsol=16 0.00s 2026-07-22T17:22:22.983
ATTEMPT 303 W0 START 4x2 seed=1919664 2026-07-22T17:22:22.983
ATTEMPT 303 W0 SOLVE 4x2 2026-07-22T17:22:22.989
ATTEMPT 303 W0 DONE 4x2 seed=1919664 nsol=16 0.00s 2026-07-22T17:22:22.993
ATTEMPT 304 W0 START 4x2 seed=1919665 2026-07-22T17:22:22.993
ATTEMPT 304 W0 SOLVE 4x2 2026-07-22T17:22:22.999
ATTEMPT 304 W0 DONE 4x2 seed=1919665 nsol=16 0.00s 2026-07-22T17:22:23.003
ATTEMPT 305 W0 START 4x2 seed=1919666 2026-07-22T17:22:23.003
ATTEMPT 305 W0 SOLVE 4x2 2026-07-22T17:22:23.010
ATTEMPT 305 W0 DONE 4x2 seed=1919666 nsol=16 0.00s 2026-07-22T17:22:23.014
ATTEMPT 306 W0 START 4x2 seed=1919667 2026-07-22T17:22:23.014
ATTEMPT 306 W0 SOLVE 4x2 2026-07-22T17:22:23.021
ATTEMPT 306 W0 DONE 4x2 seed=1919667 nsol=16 0.00s 2026-07-22T17:22:23.025
ATTEMPT 307 W0 START 4x2 seed=1919668 2026-07-22T17:22:23.025
ATTEMPT 307 W0 SOLVE 4x2 2026-07-22T17:22:23.030
ATTEMPT 307 W0 DONE 4x2 seed=1919668 nsol=16 0.00s 2026-07-22T17:22:23.035
ATTEMPT 308 W0 START 4x2 seed=1919669 2026-07-22T17:22:23.035
ATTEMPT 308 W0 SOLVE 4x2 2026-07-22T17:22:23.040
ATTEMPT 308 W0 DONE 4x2 seed=1919669 nsol=16 0.00s 2026-07-22T17:22:23.044
ATTEMPT 309 W0 START 4x2 seed=1919670 2026-07-22T17:22:23.045
ATTEMPT 309 W0 SOLVE 4x2 2026-07-22T17:22:23.051
ATTEMPT 309 W0 DONE 4x2 seed=1919670 nsol=16 0.00s 2026-07-22T17:22:23.055
ATTEMPT 310 W0 START 4x2 seed=1919671 2026-07-22T17:22:23.055
ATTEMPT 310 W0 SOLVE 4x2 2026-07-22T17:22:23.060
ATTEMPT 310 W0 DONE 4x2 seed=1919671 nsol=16 0.01s 2026-07-22T17:22:23.067
ATTEMPT 311 W0 START 4x2 seed=1919672 2026-07-22T17:22:23.067
ATTEMPT 311 W0 SOLVE 4x2 2026-07-22T17:22:23.073
ATTEMPT 311 W0 DONE 4x2 seed=1919672 nsol=16 0.00s 2026-07-22T17:22:23.077
ATTEMPT 312 W0 START 4x2 seed=1919673 2026-07-22T17:22:23.077
ATTEMPT 312 W0 SOLVE 4x2 2026-07-22T17:22:23.082
ATTEMPT 312 W0 DONE 4x2 seed=1919673 nsol=16 0.00s 2026-07-22T17:22:23.086
ATTEMPT 313 W0 START 4x2 seed=1919674 2026-07-22T17:22:23.086
ATTEMPT 313 W0 SOLVE 4x2 2026-07-22T17:22:23.092
ATTEMPT 313 W0 DONE 4x2 seed=1919674 nsol=16 0.00s 2026-07-22T17:22:23.096
ATTEMPT 314 W0 START 4x2 seed=1919675 2026-07-22T17:22:23.097
ATTEMPT 314 W0 SOLVE 4x2 2026-07-22T17:22:23.102
ATTEMPT 314 W0 DONE 4x2 seed=1919675 nsol=16 0.01s 2026-07-22T17:22:23.109
ATTEMPT 315 W0 START 4x2 seed=1919676 2026-07-22T17:22:23.109
ATTEMPT 315 W0 SOLVE 4x2 2026-07-22T17:22:23.114
ATTEMPT 315 W0 DONE 4x2 seed=1919676 nsol=16 0.00s 2026-07-22T17:22:23.118
ATTEMPT 316 W0 START 4x2 seed=1919677 2026-07-22T17:22:23.118
ATTEMPT 316 W0 SOLVE 4x2 2026-07-22T17:22:23.123
ATTEMPT 316 W0 DONE 4x2 seed=1919677 nsol=16 0.00s 2026-07-22T17:22:23.127
ATTEMPT 317 W0 START 4x2 seed=1919678 2026-07-22T17:22:23.127
ATTEMPT 317 W0 SOLVE 4x2 2026-07-22T17:22:23.133
ATTEMPT 317 W0 DONE 4x2 seed=1919678 nsol=16 0.00s 2026-07-22T17:22:23.137
ATTEMPT 318 W0 START 4x2 seed=1919679 2026-07-22T17:22:23.137
ATTEMPT 318 W0 SOLVE 4x2 2026-07-22T17:22:23.143
ATTEMPT 318 W0 DONE 4x2 seed=1919679 nsol=16 0.01s 2026-07-22T17:22:23.149
ATTEMPT 319 W0 START 4x2 seed=1919680 2026-07-22T17:22:23.149
ATTEMPT 319 W0 SOLVE 4x2 2026-07-22T17:22:23.157
ATTEMPT 319 W0 DONE 4x2 seed=1919680 nsol=16 0.01s 2026-07-22T17:22:23.162
ATTEMPT 320 W0 START 4x2 seed=1919681 2026-07-22T17:22:23.162
ATTEMPT 320 W0 SOLVE 4x2 2026-07-22T17:22:23.169
ATTEMPT 320 W0 DONE 4x2 seed=1919681 nsol=16 0.01s 2026-07-22T17:22:23.175
ATTEMPT 321 W0 START 4x2 seed=1919682 2026-07-22T17:22:23.175
ATTEMPT 321 W0 SOLVE 4x2 2026-07-22T17:22:23.181
ATTEMPT 321 W0 DONE 4x2 seed=1919682 nsol=16 0.01s 2026-07-22T17:22:23.187
ATTEMPT 322 W0 START 4x2 seed=1919683 2026-07-22T17:22:23.187
ATTEMPT 322 W0 SOLVE 4x2 2026-07-22T17:22:23.194
ATTEMPT 322 W0 DONE 4x2 seed=1919683 nsol=16 0.01s 2026-07-22T17:22:23.203
ATTEMPT 323 W0 START 4x2 seed=1919684 2026-07-22T17:22:23.203
ATTEMPT 323 W0 SOLVE 4x2 2026-07-22T17:22:23.211
ATTEMPT 323 W0 DONE 4x2 seed=1919684 nsol=16 0.01s 2026-07-22T17:22:23.217
ATTEMPT 324 W0 START 4x2 seed=1919685 2026-07-22T17:22:23.217
ATTEMPT 324 W0 SOLVE 4x2 2026-07-22T17:22:23.224
ATTEMPT 324 W0 DONE 4x2 seed=1919685 nsol=16 0.01s 2026-07-22T17:22:23.231
ATTEMPT 325 W0 START 4x2 seed=1919686 2026-07-22T17:22:23.231
ATTEMPT 325 W0 SOLVE 4x2 2026-07-22T17:22:23.238
ATTEMPT 325 W0 DONE 4x2 seed=1919686 nsol=16 0.01s 2026-07-22T17:22:23.247
ATTEMPT 326 W0 START 4x2 seed=1919687 2026-07-22T17:22:23.247
ATTEMPT 326 W0 SOLVE 4x2 2026-07-22T17:22:23.252
ATTEMPT 326 W0 DONE 4x2 seed=1919687 nsol=16 0.01s 2026-07-22T17:22:23.259
ATTEMPT 327 W0 START 4x2 seed=1919688 2026-07-22T17:22:23.259
ATTEMPT 327 W0 SOLVE 4x2 2026-07-22T17:22:23.264
ATTEMPT 327 W0 DONE 4x2 seed=1919688 nsol=16 0.00s 2026-07-22T17:22:23.269
ATTEMPT 328 W0 START 4x2 seed=1919689 2026-07-22T17:22:23.269
ATTEMPT 328 W0 SOLVE 4x2 2026-07-22T17:22:23.275
ATTEMPT 328 W0 DONE 4x2 seed=1919689 nsol=16 0.00s 2026-07-22T17:22:23.279
ATTEMPT 329 W0 START 4x2 seed=1919690 2026-07-22T17:22:23.279
ATTEMPT 329 W0 SOLVE 4x2 2026-07-22T17:22:23.285
ATTEMPT 329 W0 DONE 4x2 seed=1919690 nsol=16 0.00s 2026-07-22T17:22:23.289
ATTEMPT 330 W0 START 4x2 seed=1919691 2026-07-22T17:22:23.289
ATTEMPT 330 W0 SOLVE 4x2 2026-07-22T17:22:23.295
ATTEMPT 330 W0 DONE 4x2 seed=1919691 nsol=16 0.00s 2026-07-22T17:22:23.298
ATTEMPT 331 W0 START 4x2 seed=1919692 2026-07-22T17:22:23.298
ATTEMPT 331 W0 SOLVE 4x2 2026-07-22T17:22:23.304
ATTEMPT 331 W0 DONE 4x2 seed=1919692 nsol=16 0.01s 2026-07-22T17:22:23.311
ATTEMPT 332 W0 START 4x2 seed=1919693 2026-07-22T17:22:23.311
ATTEMPT 332 W0 SOLVE 4x2 2026-07-22T17:22:23.316
ATTEMPT 332 W0 DONE 4x2 seed=1919693 nsol=16 0.01s 2026-07-22T17:22:23.323
ATTEMPT 333 W0 START 4x2 seed=1919694 2026-07-22T17:22:23.323
ATTEMPT 333 W0 SOLVE 4x2 2026-07-22T17:22:23.329
ATTEMPT 333 W0 DONE 4x2 seed=1919694 nsol=16 0.00s 2026-07-22T17:22:23.333
ATTEMPT 334 W0 START 4x2 seed=1919695 2026-07-22T17:22:23.333
ATTEMPT 334 W0 SOLVE 4x2 2026-07-22T17:22:23.339
ATTEMPT 334 W0 DONE 4x2 seed=1919695 nsol=16 0.00s 2026-07-22T17:22:23.343
ATTEMPT 335 W0 START 4x2 seed=1919696 2026-07-22T17:22:23.343
ATTEMPT 335 W0 SOLVE 4x2 2026-07-22T17:22:23.349
ATTEMPT 335 W0 DONE 4x2 seed=1919696 nsol=16 0.00s 2026-07-22T17:22:23.353
ATTEMPT 336 W0 START 4x2 seed=1919697 2026-07-22T17:22:23.353
ATTEMPT 336 W0 SOLVE 4x2 2026-07-22T17:22:23.358
ATTEMPT 336 W0 DONE 4x2 seed=1919697 nsol=16 0.00s 2026-07-22T17:22:23.361
ATTEMPT 337 W0 START 4x2 seed=1919698 2026-07-22T17:22:23.361
ATTEMPT 337 W0 SOLVE 4x2 2026-07-22T17:22:23.366
ATTEMPT 337 W0 DONE 4x2 seed=1919698 nsol=16 0.00s 2026-07-22T17:22:23.371
ATTEMPT 338 W0 START 4x2 seed=1919699 2026-07-22T17:22:23.371
ATTEMPT 338 W0 SOLVE 4x2 2026-07-22T17:22:23.377
ATTEMPT 338 W0 DONE 4x2 seed=1919699 nsol=16 0.00s 2026-07-22T17:22:23.382
ATTEMPT 339 W0 START 4x2 seed=1919700 2026-07-22T17:22:23.382
ATTEMPT 339 W0 SOLVE 4x2 2026-07-22T17:22:23.388
ATTEMPT 339 W0 DONE 4x2 seed=1919700 nsol=16 0.02s 2026-07-22T17:22:23.404
ATTEMPT 340 W0 START 4x2 seed=1919701 2026-07-22T17:22:23.404
ATTEMPT 340 W0 SOLVE 4x2 2026-07-22T17:22:23.409
ATTEMPT 340 W0 DONE 4x2 seed=1919701 nsol=16 0.01s 2026-07-22T17:22:23.418
ATTEMPT 341 W0 START 4x2 seed=1919702 2026-07-22T17:22:23.418
ATTEMPT 341 W0 SOLVE 4x2 2026-07-22T17:22:23.424
ATTEMPT 341 W0 DONE 4x2 seed=1919702 nsol=16 0.01s 2026-07-22T17:22:23.431
ATTEMPT 342 W0 START 4x2 seed=1919703 2026-07-22T17:22:23.431
ATTEMPT 342 W0 SOLVE 4x2 2026-07-22T17:22:23.437
ATTEMPT 342 W0 DONE 4x2 seed=1919703 nsol=16 0.00s 2026-07-22T17:22:23.441
ATTEMPT 343 W0 START 4x2 seed=1919704 2026-07-22T17:22:23.441
ATTEMPT 343 W0 SOLVE 4x2 2026-07-22T17:22:23.446
ATTEMPT 343 W0 DONE 4x2 seed=1919704 nsol=16 0.01s 2026-07-22T17:22:23.455
ATTEMPT 344 W0 START 4x2 seed=1919705 2026-07-22T17:22:23.455
ATTEMPT 344 W0 SOLVE 4x2 2026-07-22T17:22:23.460
ATTEMPT 344 W0 DONE 4x2 seed=1919705 nsol=16 0.01s 2026-07-22T17:22:23.468
ATTEMPT 345 W0 START 4x2 seed=1919706 2026-07-22T17:22:23.469
ATTEMPT 345 W0 SOLVE 4x2 2026-07-22T17:22:23.475
ATTEMPT 345 W0 DONE 4x2 seed=1919706 nsol=16 0.00s 2026-07-22T17:22:23.479
ATTEMPT 346 W0 START 4x2 seed=1919707 2026-07-22T17:22:23.479
ATTEMPT 346 W0 SOLVE 4x2 2026-07-22T17:22:23.484
ATTEMPT 346 W0 DONE 4x2 seed=1919707 nsol=16 0.01s 2026-07-22T17:22:23.493
ATTEMPT 347 W0 START 4x2 seed=1919708 2026-07-22T17:22:23.493
ATTEMPT 347 W0 SOLVE 4x2 2026-07-22T17:22:23.499
ATTEMPT 347 W0 DONE 4x2 seed=1919708 nsol=16 0.00s 2026-07-22T17:22:23.503
ATTEMPT 348 W0 START 4x2 seed=1919709 2026-07-22T17:22:23.503
ATTEMPT 348 W0 SOLVE 4x2 2026-07-22T17:22:23.509
ATTEMPT 348 W0 DONE 4x2 seed=1919709 nsol=16 0.00s 2026-07-22T17:22:23.513
ATTEMPT 349 W0 START 4x2 seed=1919710 2026-07-22T17:22:23.513
ATTEMPT 349 W0 SOLVE 4x2 2026-07-22T17:22:23.518
ATTEMPT 349 W0 DONE 4x2 seed=1919710 nsol=16 0.01s 2026-07-22T17:22:23.524
ATTEMPT 350 W0 START 4x2 seed=1919711 2026-07-22T17:22:23.524
ATTEMPT 350 W0 SOLVE 4x2 2026-07-22T17:22:23.529
ATTEMPT 350 W0 DONE 4x2 seed=1919711 nsol=16 0.01s 2026-07-22T17:22:23.537
ATTEMPT 351 W0 START 4x2 seed=1919712 2026-07-22T17:22:23.537
ATTEMPT 351 W0 SOLVE 4x2 2026-07-22T17:22:23.543
ATTEMPT 351 W0 DONE 4x2 seed=1919712 nsol=16 0.00s 2026-07-22T17:22:23.546
ATTEMPT 352 W0 START 4x2 seed=1919713 2026-07-22T17:22:23.546
ATTEMPT 352 W0 SOLVE 4x2 2026-07-22T17:22:23.553
ATTEMPT 352 W0 DONE 4x2 seed=1919713 nsol=16 0.01s 2026-07-22T17:22:23.563
ATTEMPT 353 W0 START 4x2 seed=1919714 2026-07-22T17:22:23.563
ATTEMPT 353 W0 SOLVE 4x2 2026-07-22T17:22:23.571
ATTEMPT 353 W0 DONE 4x2 seed=1919714 nsol=16 0.01s 2026-07-22T17:22:23.579
ATTEMPT 354 W0 START 4x2 seed=1919715 2026-07-22T17:22:23.579
ATTEMPT 354 W0 SOLVE 4x2 2026-07-22T17:22:23.584
ATTEMPT 354 W0 DONE 4x2 seed=1919715 nsol=16 0.00s 2026-07-22T17:22:23.588
ATTEMPT 355 W0 START 4x2 seed=1919716 2026-07-22T17:22:23.589
ATTEMPT 355 W0 SOLVE 4x2 2026-07-22T17:22:23.594
ATTEMPT 355 W0 DONE 4x2 seed=1919716 nsol=16 0.00s 2026-07-22T17:22:23.598
ATTEMPT 356 W0 START 4x2 seed=1919717 2026-07-22T17:22:23.598
ATTEMPT 356 W0 SOLVE 4x2 2026-07-22T17:22:23.603
ATTEMPT 356 W0 DONE 4x2 seed=1919717 nsol=16 0.05s 2026-07-22T17:22:23.655
ATTEMPT 357 W0 START 4x2 seed=1919718 2026-07-22T17:22:23.655
ATTEMPT 357 W0 SOLVE 4x2 2026-07-22T17:22:23.661
ATTEMPT 357 W0 DONE 4x2 seed=1919718 nsol=16 0.00s 2026-07-22T17:22:23.666
ATTEMPT 358 W0 START 4x2 seed=1919719 2026-07-22T17:22:23.666
ATTEMPT 358 W0 SOLVE 4x2 2026-07-22T17:22:23.671
ATTEMPT 358 W0 DONE 4x2 seed=1919719 nsol=16 0.01s 2026-07-22T17:22:23.684
ATTEMPT 359 W0 START 4x2 seed=1919720 2026-07-22T17:22:23.684
ATTEMPT 359 W0 SOLVE 4x2 2026-07-22T17:22:23.696
ATTEMPT 359 W0 DONE 4x2 seed=1919720 nsol=16 0.01s 2026-07-22T17:22:23.707
ATTEMPT 360 W0 START 4x2 seed=1919721 2026-07-22T17:22:23.707
ATTEMPT 360 W0 SOLVE 4x2 2026-07-22T17:22:23.717
ATTEMPT 360 W0 DONE 4x2 seed=1919721 nsol=16 0.01s 2026-07-22T17:22:23.728
ATTEMPT 361 W0 START 4x2 seed=1919722 2026-07-22T17:22:23.729
ATTEMPT 361 W0 SOLVE 4x2 2026-07-22T17:22:23.741
ATTEMPT 361 W0 DONE 4x2 seed=1919722 nsol=16 0.02s 2026-07-22T17:22:23.757
ATTEMPT 362 W0 START 4x2 seed=1919723 2026-07-22T17:22:23.757
ATTEMPT 362 W0 SOLVE 4x2 2026-07-22T17:22:23.766
ATTEMPT 362 W0 DONE 4x2 seed=1919723 nsol=16 0.01s 2026-07-22T17:22:23.780
ATTEMPT 363 W0 START 4x2 seed=1919724 2026-07-22T17:22:23.780
ATTEMPT 363 W0 SOLVE 4x2 2026-07-22T17:22:23.790
ATTEMPT 363 W0 DONE 4x2 seed=1919724 nsol=16 0.01s 2026-07-22T17:22:23.802
ATTEMPT 364 W0 START 4x2 seed=1919725 2026-07-22T17:22:23.802
ATTEMPT 364 W0 SOLVE 4x2 2026-07-22T17:22:23.815
ATTEMPT 364 W0 DONE 4x2 seed=1919725 nsol=16 0.02s 2026-07-22T17:22:23.833
ATTEMPT 365 W0 START 4x2 seed=1919726 2026-07-22T17:22:23.834
ATTEMPT 365 W0 SOLVE 4x2 2026-07-22T17:22:23.841
ATTEMPT 365 W0 DONE 4x2 seed=1919726 nsol=16 0.01s 2026-07-22T17:22:23.851
ATTEMPT 366 W0 START 4x2 seed=1919727 2026-07-22T17:22:23.852
ATTEMPT 366 W0 SOLVE 4x2 2026-07-22T17:22:23.858
ATTEMPT 366 W0 DONE 4x2 seed=1919727 nsol=16 0.02s 2026-07-22T17:22:23.875
ATTEMPT 367 W0 START 4x2 seed=1919728 2026-07-22T17:22:23.875
ATTEMPT 367 W0 SOLVE 4x2 2026-07-22T17:22:23.880
ATTEMPT 367 W0 DONE 4x2 seed=1919728 nsol=16 0.01s 2026-07-22T17:22:23.893
ATTEMPT 368 W0 START 4x2 seed=1919729 2026-07-22T17:22:23.894
ATTEMPT 368 W0 SOLVE 4x2 2026-07-22T17:22:23.900
ATTEMPT 368 W0 DONE 4x2 seed=1919729 nsol=16 0.01s 2026-07-22T17:22:23.915
ATTEMPT 369 W0 START 4x2 seed=1919730 2026-07-22T17:22:23.915
ATTEMPT 369 W0 SOLVE 4x2 2026-07-22T17:22:23.923
ATTEMPT 369 W0 DONE 4x2 seed=1919730 nsol=16 0.01s 2026-07-22T17:22:23.930
ATTEMPT 370 W0 START 4x2 seed=1919731 2026-07-22T17:22:23.930
ATTEMPT 370 W0 SOLVE 4x2 2026-07-22T17:22:23.938
ATTEMPT 370 W0 DONE 4x2 seed=1919731 nsol=16 0.01s 2026-07-22T17:22:23.945
ATTEMPT 371 W0 START 4x2 seed=1919732 2026-07-22T17:22:23.946
ATTEMPT 371 W0 SOLVE 4x2 2026-07-22T17:22:23.952
ATTEMPT 371 W0 DONE 4x2 seed=1919732 nsol=16 0.01s 2026-07-22T17:22:23.964
ATTEMPT 372 W0 START 4x2 seed=1919733 2026-07-22T17:22:23.964
ATTEMPT 372 W0 SOLVE 4x2 2026-07-22T17:22:23.969
ATTEMPT 372 W0 DONE 4x2 seed=1919733 nsol=16 0.00s 2026-07-22T17:22:23.974
ATTEMPT 373 W0 START 4x2 seed=1919734 2026-07-22T17:22:23.975
ATTEMPT 373 W0 SOLVE 4x2 2026-07-22T17:22:23.980
ATTEMPT 373 W0 DONE 4x2 seed=1919734 nsol=16 0.00s 2026-07-22T17:22:23.984
ATTEMPT 374 W0 START 4x2 seed=1919735 2026-07-22T17:22:23.984
ATTEMPT 374 W0 SOLVE 4x2 2026-07-22T17:22:23.990
ATTEMPT 374 W0 DONE 4x2 seed=1919735 nsol=16 0.00s 2026-07-22T17:22:23.995
ATTEMPT 375 W0 START 4x2 seed=1919736 2026-07-22T17:22:23.995
ATTEMPT 375 W0 SOLVE 4x2 2026-07-22T17:22:24.001
ATTEMPT 375 W0 DONE 4x2 seed=1919736 nsol=16 0.00s 2026-07-22T17:22:24.005
ATTEMPT 376 W0 START 4x2 seed=1919737 2026-07-22T17:22:24.005
ATTEMPT 376 W0 SOLVE 4x2 2026-07-22T17:22:24.010
ATTEMPT 376 W0 DONE 4x2 seed=1919737 nsol=16 0.00s 2026-07-22T17:22:24.015
ATTEMPT 377 W0 START 4x2 seed=1919738 2026-07-22T17:22:24.015
ATTEMPT 377 W0 SOLVE 4x2 2026-07-22T17:22:24.020
ATTEMPT 377 W0 DONE 4x2 seed=1919738 nsol=16 0.00s 2026-07-22T17:22:24.024
ATTEMPT 378 W0 START 4x2 seed=1919739 2026-07-22T17:22:24.024
ATTEMPT 378 W0 SOLVE 4x2 2026-07-22T17:22:24.030
ATTEMPT 378 W0 DONE 4x2 seed=1919739 nsol=16 0.00s 2026-07-22T17:22:24.034
ATTEMPT 379 W0 START 4x2 seed=1919740 2026-07-22T17:22:24.034
ATTEMPT 379 W0 SOLVE 4x2 2026-07-22T17:22:24.039
ATTEMPT 379 W0 DONE 4x2 seed=1919740 nsol=16 0.00s 2026-07-22T17:22:24.043
ATTEMPT 380 W0 START 4x2 seed=1919741 2026-07-22T17:22:24.043
ATTEMPT 380 W0 SOLVE 4x2 2026-07-22T17:22:24.049
ATTEMPT 380 W0 DONE 4x2 seed=1919741 nsol=16 0.00s 2026-07-22T17:22:24.054
ATTEMPT 381 W0 START 4x2 seed=1919742 2026-07-22T17:22:24.054
ATTEMPT 381 W0 SOLVE 4x2 2026-07-22T17:22:24.060
ATTEMPT 381 W0 DONE 4x2 seed=1919742 nsol=16 0.00s 2026-07-22T17:22:24.063
ATTEMPT 382 W0 START 4x2 seed=1919743 2026-07-22T17:22:24.064
ATTEMPT 382 W0 SOLVE 4x2 2026-07-22T17:22:24.071
ATTEMPT 382 W0 DONE 4x2 seed=1919743 nsol=16 0.01s 2026-07-22T17:22:24.076
ATTEMPT 383 W0 START 4x2 seed=1919744 2026-07-22T17:22:24.079
ATTEMPT 383 W0 SOLVE 4x2 2026-07-22T17:22:24.084
ATTEMPT 383 W0 DONE 4x2 seed=1919744 nsol=16 0.00s 2026-07-22T17:22:24.088
ATTEMPT 384 W0 START 4x2 seed=1919745 2026-07-22T17:22:24.088
ATTEMPT 384 W0 SOLVE 4x2 2026-07-22T17:22:24.094
ATTEMPT 384 W0 DONE 4x2 seed=1919745 nsol=16 0.00s 2026-07-22T17:22:24.098
ATTEMPT 385 W0 START 4x2 seed=1919746 2026-07-22T17:22:24.098
ATTEMPT 385 W0 SOLVE 4x2 2026-07-22T17:22:24.104
ATTEMPT 385 W0 DONE 4x2 seed=1919746 nsol=16 0.00s 2026-07-22T17:22:24.109
ATTEMPT 386 W0 START 4x2 seed=1919747 2026-07-22T17:22:24.109
ATTEMPT 386 W0 SOLVE 4x2 2026-07-22T17:22:24.115
ATTEMPT 386 W0 DONE 4x2 seed=1919747 nsol=16 0.01s 2026-07-22T17:22:24.123
ATTEMPT 387 W0 START 4x2 seed=1919748 2026-07-22T17:22:24.123
ATTEMPT 387 W0 SOLVE 4x2 2026-07-22T17:22:24.131
ATTEMPT 387 W0 DONE 4x2 seed=1919748 nsol=16 0.01s 2026-07-22T17:22:24.138
ATTEMPT 388 W0 START 4x2 seed=1919749 2026-07-22T17:22:24.138
ATTEMPT 388 W0 SOLVE 4x2 2026-07-22T17:22:24.145
ATTEMPT 388 W0 DONE 4x2 seed=1919749 nsol=16 0.01s 2026-07-22T17:22:24.151
ATTEMPT 389 W0 START 4x2 seed=1919750 2026-07-22T17:22:24.151
ATTEMPT 389 W0 SOLVE 4x2 2026-07-22T17:22:24.158
ATTEMPT 389 W0 DONE 4x2 seed=1919750 nsol=16 0.01s 2026-07-22T17:22:24.164
ATTEMPT 390 W0 START 4x2 seed=1919751 2026-07-22T17:22:24.165
ATTEMPT 390 W0 SOLVE 4x2 2026-07-22T17:22:24.170
ATTEMPT 390 W0 DONE 4x2 seed=1919751 nsol=16 0.01s 2026-07-22T17:22:24.176
ATTEMPT 391 W0 START 4x2 seed=1919752 2026-07-22T17:22:24.176
ATTEMPT 391 W0 SOLVE 4x2 2026-07-22T17:22:24.181
ATTEMPT 391 W0 DONE 4x2 seed=1919752 nsol=16 0.01s 2026-07-22T17:22:24.189
ATTEMPT 392 W0 START 4x2 seed=1919753 2026-07-22T17:22:24.189
ATTEMPT 392 W0 SOLVE 4x2 2026-07-22T17:22:24.198
ATTEMPT 392 W0 DONE 4x2 seed=1919753 nsol=16 0.01s 2026-07-22T17:22:24.205
ATTEMPT 393 W0 START 4x2 seed=1919754 2026-07-22T17:22:24.205
ATTEMPT 393 W0 SOLVE 4x2 2026-07-22T17:22:24.210
ATTEMPT 393 W0 DONE 4x2 seed=1919754 nsol=16 0.01s 2026-07-22T17:22:24.216
ATTEMPT 394 W0 START 4x2 seed=1919755 2026-07-22T17:22:24.216
ATTEMPT 394 W0 SOLVE 4x2 2026-07-22T17:22:24.222
ATTEMPT 394 W0 DONE 4x2 seed=1919755 nsol=16 0.00s 2026-07-22T17:22:24.227
ATTEMPT 395 W0 START 4x2 seed=1919756 2026-07-22T17:22:24.227
ATTEMPT 395 W0 SOLVE 4x2 2026-07-22T17:22:24.233
ATTEMPT 395 W0 DONE 4x2 seed=1919756 nsol=16 0.00s 2026-07-22T17:22:24.238
ATTEMPT 396 W0 START 4x2 seed=1919757 2026-07-22T17:22:24.238
ATTEMPT 396 W0 SOLVE 4x2 2026-07-22T17:22:24.243
ATTEMPT 396 W0 DONE 4x2 seed=1919757 nsol=16 0.00s 2026-07-22T17:22:24.246
ATTEMPT 397 W0 START 4x2 seed=1919758 2026-07-22T17:22:24.246
ATTEMPT 397 W0 SOLVE 4x2 2026-07-22T17:22:24.251
ATTEMPT 397 W0 DONE 4x2 seed=1919758 nsol=16 0.00s 2026-07-22T17:22:24.255
ATTEMPT 398 W0 START 4x2 seed=1919759 2026-07-22T17:22:24.255
ATTEMPT 398 W0 SOLVE 4x2 2026-07-22T17:22:24.261
ATTEMPT 398 W0 DONE 4x2 seed=1919759 nsol=16 0.01s 2026-07-22T17:22:24.270
ATTEMPT 399 W0 START 4x2 seed=1919760 2026-07-22T17:22:24.271
ATTEMPT 399 W0 SOLVE 4x2 2026-07-22T17:22:24.277
ATTEMPT 399 W0 DONE 4x2 seed=1919760 nsol=16 0.01s 2026-07-22T17:22:24.282
ATTEMPT 400 W0 START 4x2 seed=1919761 2026-07-22T17:22:24.282
ATTEMPT 400 W0 SOLVE 4x2 2026-07-22T17:22:24.288
ATTEMPT 400 W0 DONE 4x2 seed=1919761 nsol=16 0.01s 2026-07-22T17:22:24.295
ATTEMPT 401 W0 START 4x2 seed=1919762 2026-07-22T17:22:24.295
ATTEMPT 401 W0 SOLVE 4x2 2026-07-22T17:22:24.300
ATTEMPT 401 W0 DONE 4x2 seed=1919762 nsol=16 0.01s 2026-07-22T17:22:24.307
ATTEMPT 402 W0 START 4x2 seed=1919763 2026-07-22T17:22:24.307
ATTEMPT 402 W0 SOLVE 4x2 2026-07-22T17:22:24.312
ATTEMPT 402 W0 DONE 4x2 seed=1919763 nsol=16 0.01s 2026-07-22T17:22:24.318
ATTEMPT 403 W0 START 4x2 seed=1919764 2026-07-22T17:22:24.318
ATTEMPT 403 W0 SOLVE 4x2 2026-07-22T17:22:24.323
ATTEMPT 403 W0 DONE 4x2 seed=1919764 nsol=16 0.01s 2026-07-22T17:22:24.330
ATTEMPT 404 W0 START 4x2 seed=1919765 2026-07-22T17:22:24.330
ATTEMPT 404 W0 SOLVE 4x2 2026-07-22T17:22:24.336
ATTEMPT 404 W0 DONE 4x2 seed=1919765 nsol=16 0.01s 2026-07-22T17:22:24.348
ATTEMPT 405 W0 START 4x2 seed=1919766 2026-07-22T17:22:24.349
ATTEMPT 405 W0 SOLVE 4x2 2026-07-22T17:22:24.354
ATTEMPT 405 W0 DONE 4x2 seed=1919766 nsol=16 0.01s 2026-07-22T17:22:24.360
ATTEMPT 406 W0 START 4x2 seed=1919767 2026-07-22T17:22:24.360
ATTEMPT 406 W0 SOLVE 4x2 2026-07-22T17:22:24.366
ATTEMPT 406 W0 DONE 4x2 seed=1919767 nsol=16 0.00s 2026-07-22T17:22:24.371
ATTEMPT 407 W0 START 4x2 seed=1919768 2026-07-22T17:22:24.371
ATTEMPT 407 W0 SOLVE 4x2 2026-07-22T17:22:24.377
ATTEMPT 407 W0 DONE 4x2 seed=1919768 nsol=16 0.01s 2026-07-22T17:22:24.384
ATTEMPT 408 W0 START 4x2 seed=1919769 2026-07-22T17:22:24.385
ATTEMPT 408 W0 SOLVE 4x2 2026-07-22T17:22:24.391
ATTEMPT 408 W0 DONE 4x2 seed=1919769 nsol=16 0.00s 2026-07-22T17:22:24.395
ATTEMPT 409 W0 START 4x2 seed=1919770 2026-07-22T17:22:24.396
ATTEMPT 409 W0 SOLVE 4x2 2026-07-22T17:22:24.401
ATTEMPT 409 W0 DONE 4x2 seed=1919770 nsol=16 0.01s 2026-07-22T17:22:24.411
ATTEMPT 410 W0 START 4x2 seed=1919771 2026-07-22T17:22:24.411
ATTEMPT 410 W0 SOLVE 4x2 2026-07-22T17:22:24.416
ATTEMPT 410 W0 DONE 4x2 seed=1919771 nsol=16 0.00s 2026-07-22T17:22:24.420
ATTEMPT 411 W0 START 4x2 seed=1919772 2026-07-22T17:22:24.421
ATTEMPT 411 W0 SOLVE 4x2 2026-07-22T17:22:24.426
ATTEMPT 411 W0 DONE 4x2 seed=1919772 nsol=16 0.00s 2026-07-22T17:22:24.430
ATTEMPT 412 W0 START 4x2 seed=1919773 2026-07-22T17:22:24.430
ATTEMPT 412 W0 SOLVE 4x2 2026-07-22T17:22:24.437
ATTEMPT 412 W0 DONE 4x2 seed=1919773 nsol=16 0.01s 2026-07-22T17:22:24.446
ATTEMPT 413 W0 START 4x2 seed=1919774 2026-07-22T17:22:24.446
ATTEMPT 413 W0 SOLVE 4x2 2026-07-22T17:22:24.452
ATTEMPT 413 W0 DONE 4x2 seed=1919774 nsol=16 0.01s 2026-07-22T17:22:24.457
ATTEMPT 414 W0 START 4x2 seed=1919775 2026-07-22T17:22:24.458
ATTEMPT 414 W0 SOLVE 4x2 2026-07-22T17:22:24.463
ATTEMPT 414 W0 DONE 4x2 seed=1919775 nsol=16 0.02s 2026-07-22T17:22:24.479
ATTEMPT 415 W0 START 4x2 seed=1919776 2026-07-22T17:22:24.479
ATTEMPT 415 W0 SOLVE 4x2 2026-07-22T17:22:24.484
ATTEMPT 415 W0 DONE 4x2 seed=1919776 nsol=16 0.01s 2026-07-22T17:22:24.490
ATTEMPT 416 W0 START 4x2 seed=1919777 2026-07-22T17:22:24.490
ATTEMPT 416 W0 SOLVE 4x2 2026-07-22T17:22:24.496
ATTEMPT 416 W0 DONE 4x2 seed=1919777 nsol=16 0.05s 2026-07-22T17:22:24.543
ATTEMPT 417 W0 START 4x2 seed=1919778 2026-07-22T17:22:24.544
ATTEMPT 417 W0 SOLVE 4x2 2026-07-22T17:22:24.550
ATTEMPT 417 W0 DONE 4x2 seed=1919778 nsol=16 0.01s 2026-07-22T17:22:24.559
ATTEMPT 418 W0 START 4x2 seed=1919779 2026-07-22T17:22:24.559
ATTEMPT 418 W0 SOLVE 4x2 2026-07-22T17:22:24.566
ATTEMPT 418 W0 DONE 4x2 seed=1919779 nsol=16 0.01s 2026-07-22T17:22:24.575
ATTEMPT 419 W0 START 4x2 seed=1919780 2026-07-22T17:22:24.576
ATTEMPT 419 W0 SOLVE 4x2 2026-07-22T17:22:24.582
ATTEMPT 419 W0 DONE 4x2 seed=1919780 nsol=16 0.01s 2026-07-22T17:22:24.595
ATTEMPT 420 W0 START 4x2 seed=1919781 2026-07-22T17:22:24.595
ATTEMPT 420 W0 SOLVE 4x2 2026-07-22T17:22:24.601
ATTEMPT 420 W0 DONE 4x2 seed=1919781 nsol=16 0.01s 2026-07-22T17:22:24.611
ATTEMPT 421 W0 START 4x2 seed=1919782 2026-07-22T17:22:24.611
ATTEMPT 421 W0 SOLVE 4x2 2026-07-22T17:22:24.617
ATTEMPT 421 W0 DONE 4x2 seed=1919782 nsol=16 0.01s 2026-07-22T17:22:24.625
ATTEMPT 422 W0 START 4x2 seed=1919783 2026-07-22T17:22:24.626
ATTEMPT 422 W0 SOLVE 4x2 2026-07-22T17:22:24.631
ATTEMPT 422 W0 DONE 4x2 seed=1919783 nsol=16 0.01s 2026-07-22T17:22:24.638
ATTEMPT 423 W0 START 4x2 seed=1919784 2026-07-22T17:22:24.638
ATTEMPT 423 W0 SOLVE 4x2 2026-07-22T17:22:24.644
ATTEMPT 423 W0 DONE 4x2 seed=1919784 nsol=16 0.02s 2026-07-22T17:22:24.663
ATTEMPT 424 W0 START 4x2 seed=1919785 2026-07-22T17:22:24.663
ATTEMPT 424 W0 SOLVE 4x2 2026-07-22T17:22:24.671
ATTEMPT 424 W0 DONE 4x2 seed=1919785 nsol=16 0.02s 2026-07-22T17:22:24.691
ATTEMPT 425 W0 START 4x2 seed=1919786 2026-07-22T17:22:24.691
ATTEMPT 425 W0 SOLVE 4x2 2026-07-22T17:22:24.698
ATTEMPT 425 W0 DONE 4x2 seed=1919786 nsol=16 0.01s 2026-07-22T17:22:24.705
ATTEMPT 426 W0 START 4x2 seed=1919787 2026-07-22T17:22:24.705
ATTEMPT 426 W0 SOLVE 4x2 2026-07-22T17:22:24.711
ATTEMPT 426 W0 DONE 4x2 seed=1919787 nsol=16 0.01s 2026-07-22T17:22:24.717
ATTEMPT 427 W0 START 4x2 seed=1919788 2026-07-22T17:22:24.717
ATTEMPT 427 W0 SOLVE 4x2 2026-07-22T17:22:24.724
ATTEMPT 427 W0 DONE 4x2 seed=1919788 nsol=16 0.01s 2026-07-22T17:22:24.738
ATTEMPT 428 W0 START 4x2 seed=1919789 2026-07-22T17:22:24.738
ATTEMPT 428 W0 SOLVE 4x2 2026-07-22T17:22:24.744
ATTEMPT 428 W0 DONE 4x2 seed=1919789 nsol=16 0.01s 2026-07-22T17:22:24.753
ATTEMPT 429 W0 START 4x2 seed=1919790 2026-07-22T17:22:24.754
ATTEMPT 429 W0 SOLVE 4x2 2026-07-22T17:22:24.762
ATTEMPT 429 W0 DONE 4x2 seed=1919790 nsol=16 0.00s 2026-07-22T17:22:24.767
ATTEMPT 430 W0 START 4x2 seed=1919791 2026-07-22T17:22:24.767
ATTEMPT 430 W0 SOLVE 4x2 2026-07-22T17:22:24.773
ATTEMPT 430 W0 DONE 4x2 seed=1919791 nsol=16 0.02s 2026-07-22T17:22:24.791
ATTEMPT 431 W0 START 4x2 seed=1919792 2026-07-22T17:22:24.791
ATTEMPT 431 W0 SOLVE 4x2 2026-07-22T17:22:24.801
ATTEMPT 431 W0 DONE 4x2 seed=1919792 nsol=16 0.00s 2026-07-22T17:22:24.811
ATTEMPT 432 W0 START 4x2 seed=1919793 2026-07-22T17:22:24.811
ATTEMPT 432 W0 SOLVE 4x2 2026-07-22T17:22:24.822
ATTEMPT 432 W0 DONE 4x2 seed=1919793 nsol=16 0.02s 2026-07-22T17:22:24.847
ATTEMPT 433 W0 START 4x2 seed=1919794 2026-07-22T17:22:24.847
ATTEMPT 433 W0 SOLVE 4x2 2026-07-22T17:22:24.861
ATTEMPT 433 W0 DONE 4x2 seed=1919794 nsol=16 0.02s 2026-07-22T17:22:24.885
ATTEMPT 434 W0 START 4x2 seed=1919795 2026-07-22T17:22:24.886
ATTEMPT 434 W0 SOLVE 4x2 2026-07-22T17:22:24.900
ATTEMPT 434 W0 DONE 4x2 seed=1919795 nsol=16 0.02s 2026-07-22T17:22:24.920
ATTEMPT 435 W0 START 4x2 seed=1919796 2026-07-22T17:22:24.920
ATTEMPT 435 W0 SOLVE 4x2 2026-07-22T17:22:24.926
ATTEMPT 435 W0 DONE 4x2 seed=1919796 nsol=16 0.04s 2026-07-22T17:22:24.968
ATTEMPT 436 W0 START 4x2 seed=1919797 2026-07-22T17:22:24.968
ATTEMPT 436 W0 SOLVE 4x2 2026-07-22T17:22:24.974
ATTEMPT 436 W0 DONE 4x2 seed=1919797 nsol=16 0.02s 2026-07-22T17:22:24.995
ATTEMPT 437 W0 START 4x2 seed=1919798 2026-07-22T17:22:24.995
ATTEMPT 437 W0 SOLVE 4x2 2026-07-22T17:22:25.005
ATTEMPT 437 W0 DONE 4x2 seed=1919798 nsol=16 0.02s 2026-07-22T17:22:25.021
ATTEMPT 438 W0 START 4x2 seed=1919799 2026-07-22T17:22:25.021
ATTEMPT 438 W0 SOLVE 4x2 2026-07-22T17:22:25.032
ATTEMPT 438 W0 DONE 4x2 seed=1919799 nsol=16 0.01s 2026-07-22T17:22:25.047
ATTEMPT 439 W0 START 4x2 seed=1919800 2026-07-22T17:22:25.047
ATTEMPT 439 W0 SOLVE 4x2 2026-07-22T17:22:25.068
ATTEMPT 439 W0 DONE 4x2 seed=1919800 nsol=16 0.02s 2026-07-22T17:22:25.091
ATTEMPT 440 W0 START 4x2 seed=1919801 2026-07-22T17:22:25.091
ATTEMPT 440 W0 SOLVE 4x2 2026-07-22T17:22:25.104
ATTEMPT 440 W0 DONE 4x2 seed=1919801 nsol=16 0.02s 2026-07-22T17:22:25.123
ATTEMPT 441 W0 START 4x2 seed=1919802 2026-07-22T17:22:25.123
ATTEMPT 441 W0 SOLVE 4x2 2026-07-22T17:22:25.134
ATTEMPT 441 W0 DONE 4x2 seed=1919802 nsol=16 0.02s 2026-07-22T17:22:25.157
ATTEMPT 442 W0 START 4x2 seed=1919803 2026-07-22T17:22:25.158
ATTEMPT 442 W0 SOLVE 4x2 2026-07-22T17:22:25.169
ATTEMPT 442 W0 DONE 4x2 seed=1919803 nsol=16 0.02s 2026-07-22T17:22:25.192
ATTEMPT 443 W0 START 4x2 seed=1919804 2026-07-22T17:22:25.192
ATTEMPT 443 W0 SOLVE 4x2 2026-07-22T17:22:25.199
ATTEMPT 443 W0 DONE 4x2 seed=1919804 nsol=16 0.02s 2026-07-22T17:22:25.215
ATTEMPT 444 W0 START 4x2 seed=1919805 2026-07-22T17:22:25.215
ATTEMPT 444 W0 SOLVE 4x2 2026-07-22T17:22:25.221
ATTEMPT 444 W0 DONE 4x2 seed=1919805 nsol=16 0.01s 2026-07-22T17:22:25.234
ATTEMPT 445 W0 START 4x2 seed=1919806 2026-07-22T17:22:25.234
ATTEMPT 445 W0 SOLVE 4x2 2026-07-22T17:22:25.249
ATTEMPT 445 W0 DONE 4x2 seed=1919806 nsol=16 0.02s 2026-07-22T17:22:25.267
ATTEMPT 446 W0 START 4x2 seed=1919807 2026-07-22T17:22:25.267
ATTEMPT 446 W0 SOLVE 4x2 2026-07-22T17:22:25.277
ATTEMPT 446 W0 DONE 4x2 seed=1919807 nsol=16 0.01s 2026-07-22T17:22:25.287
ATTEMPT 447 W0 START 4x2 seed=1919808 2026-07-22T17:22:25.288
ATTEMPT 447 W0 SOLVE 4x2 2026-07-22T17:22:25.293
ATTEMPT 447 W0 DONE 4x2 seed=1919808 nsol=16 0.02s 2026-07-22T17:22:25.323
ATTEMPT 448 W0 START 4x2 seed=1919809 2026-07-22T17:22:25.323
ATTEMPT 448 W0 SOLVE 4x2 2026-07-22T17:22:25.329
ATTEMPT 448 W0 DONE 4x2 seed=1919809 nsol=16 0.02s 2026-07-22T17:22:25.351
ATTEMPT 449 W0 START 4x2 seed=1919810 2026-07-22T17:22:25.351
ATTEMPT 449 W0 SOLVE 4x2 2026-07-22T17:22:25.357
ATTEMPT 449 W0 DONE 4x2 seed=1919810 nsol=16 0.01s 2026-07-22T17:22:25.375
ATTEMPT 450 W0 START 4x2 seed=1919811 2026-07-22T17:22:25.375
ATTEMPT 450 W0 SOLVE 4x2 2026-07-22T17:22:25.381
ATTEMPT 450 W0 DONE 4x2 seed=1919811 nsol=16 0.02s 2026-07-22T17:22:25.409
ATTEMPT 451 W0 START 4x2 seed=1919812 2026-07-22T17:22:25.410
ATTEMPT 451 W0 SOLVE 4x2 2026-07-22T17:22:25.425
ATTEMPT 451 W0 DONE 4x2 seed=1919812 nsol=16 0.02s 2026-07-22T17:22:25.447
ATTEMPT 452 W0 START 4x2 seed=1919813 2026-07-22T17:22:25.447
ATTEMPT 452 W0 SOLVE 4x2 2026-07-22T17:22:25.463
ATTEMPT 452 W0 DONE 4x2 seed=1919813 nsol=16 0.02s 2026-07-22T17:22:25.487
ATTEMPT 453 W0 START 4x2 seed=1919814 2026-07-22T17:22:25.487
ATTEMPT 453 W0 SOLVE 4x2 2026-07-22T17:22:25.498
ATTEMPT 453 W0 DONE 4x2 seed=1919814 nsol=16 0.01s 2026-07-22T17:22:25.519
ATTEMPT 454 W0 START 4x2 seed=1919815 2026-07-22T17:22:25.519
ATTEMPT 454 W0 SOLVE 4x2 2026-07-22T17:22:25.533
ATTEMPT 454 W0 DONE 4x2 seed=1919815 nsol=16 0.04s 2026-07-22T17:22:25.575
ATTEMPT 455 W0 START 4x2 seed=1919816 2026-07-22T17:22:25.575
ATTEMPT 455 W0 SOLVE 4x2 2026-07-22T17:22:25.581
ATTEMPT 455 W0 DONE 4x2 seed=1919816 nsol=16 0.02s 2026-07-22T17:22:25.614
ATTEMPT 456 W0 START 4x2 seed=1919817 2026-07-22T17:22:25.614
ATTEMPT 456 W0 SOLVE 4x2 2026-07-22T17:22:25.630
ATTEMPT 456 W0 DONE 4x2 seed=1919817 nsol=16 0.02s 2026-07-22T17:22:25.654
ATTEMPT 457 W0 START 4x2 seed=1919818 2026-07-22T17:22:25.654
ATTEMPT 457 W0 SOLVE 4x2 2026-07-22T17:22:25.677
ATTEMPT 457 W0 DONE 4x2 seed=1919818 nsol=16 0.02s 2026-07-22T17:22:25.700
ATTEMPT 458 W0 START 4x2 seed=1919819 2026-07-22T17:22:25.700
ATTEMPT 458 W0 SOLVE 4x2 2026-07-22T17:22:25.717
ATTEMPT 458 W0 DONE 4x2 seed=1919819 nsol=16 0.02s 2026-07-22T17:22:25.739
ATTEMPT 459 W0 START 4x2 seed=1919820 2026-07-22T17:22:25.739
ATTEMPT 459 W0 SOLVE 4x2 2026-07-22T17:22:25.749
ATTEMPT 459 W0 DONE 4x2 seed=1919820 nsol=16 0.02s 2026-07-22T17:22:25.775
ATTEMPT 460 W0 START 4x2 seed=1919821 2026-07-22T17:22:25.775
ATTEMPT 460 W0 SOLVE 4x2 2026-07-22T17:22:25.782
ATTEMPT 460 W0 DONE 4x2 seed=1919821 nsol=16 0.02s 2026-07-22T17:22:25.807
ATTEMPT 461 W0 START 4x2 seed=1919822 2026-07-22T17:22:25.807
ATTEMPT 461 W0 SOLVE 4x2 2026-07-22T17:22:25.843
ATTEMPT 461 W0 DONE 4x2 seed=1919822 nsol=16 0.02s 2026-07-22T17:22:25.867
ATTEMPT 462 W0 START 4x2 seed=1919823 2026-07-22T17:22:25.867
ATTEMPT 462 W0 SOLVE 4x2 2026-07-22T17:22:25.886
ATTEMPT 462 W0 DONE 4x2 seed=1919823 nsol=16 0.03s 2026-07-22T17:22:25.917
ATTEMPT 463 W0 START 4x2 seed=1919824 2026-07-22T17:22:25.918
ATTEMPT 463 W0 SOLVE 4x2 2026-07-22T17:22:25.941
ATTEMPT 463 W0 DONE 4x2 seed=1919824 nsol=16 0.02s 2026-07-22T17:22:25.959
ATTEMPT 464 W0 START 4x2 seed=1919825 2026-07-22T17:22:25.959
ATTEMPT 464 W0 SOLVE 4x2 2026-07-22T17:22:25.979
ATTEMPT 464 W0 DONE 4x2 seed=1919825 nsol=16 0.02s 2026-07-22T17:22:26
ATTEMPT 465 W0 START 4x2 seed=1919826 2026-07-22T17:22:26
ATTEMPT 465 W0 SOLVE 4x2 2026-07-22T17:22:26.010
ATTEMPT 465 W0 DONE 4x2 seed=1919826 nsol=16 0.01s 2026-07-22T17:22:26.023
ATTEMPT 466 W0 START 4x2 seed=1919827 2026-07-22T17:22:26.024
ATTEMPT 466 W0 SOLVE 4x2 2026-07-22T17:22:26.040
ATTEMPT 466 W0 DONE 4x2 seed=1919827 nsol=16 0.02s 2026-07-22T17:22:26.071
ATTEMPT 467 W0 START 4x2 seed=1919828 2026-07-22T17:22:26.071
ATTEMPT 467 W0 SOLVE 4x2 2026-07-22T17:22:26.088
ATTEMPT 467 W0 DONE 4x2 seed=1919828 nsol=16 0.01s 2026-07-22T17:22:26.101
ATTEMPT 468 W0 START 4x2 seed=1919829 2026-07-22T17:22:26.101
ATTEMPT 468 W0 SOLVE 4x2 2026-07-22T17:22:26.113
ATTEMPT 468 W0 DONE 4x2 seed=1919829 nsol=16 0.01s 2026-07-22T17:22:26.123
ATTEMPT 469 W0 START 4x2 seed=1919830 2026-07-22T17:22:26.123
ATTEMPT 469 W0 SOLVE 4x2 2026-07-22T17:22:26.130
ATTEMPT 469 W0 DONE 4x2 seed=1919830 nsol=16 0.11s 2026-07-22T17:22:26.236
ATTEMPT 470 W0 START 4x2 seed=1919831 2026-07-22T17:22:26.236
ATTEMPT 470 W0 SOLVE 4x2 2026-07-22T17:22:26.246
ATTEMPT 470 W0 DONE 4x2 seed=1919831 nsol=16 0.02s 2026-07-22T17:22:26.271
ATTEMPT 471 W0 START 4x2 seed=1919832 2026-07-22T17:22:26.271
ATTEMPT 471 W0 SOLVE 4x2 2026-07-22T17:22:26.288
ATTEMPT 471 W0 DONE 4x2 seed=1919832 nsol=16 0.04s 2026-07-22T17:22:26.327
ATTEMPT 472 W0 START 4x2 seed=1919833 2026-07-22T17:22:26.327
ATTEMPT 472 W0 SOLVE 4x2 2026-07-22T17:22:26.333
ATTEMPT 472 W0 DONE 4x2 seed=1919833 nsol=16 0.01s 2026-07-22T17:22:26.345
ATTEMPT 473 W0 START 4x2 seed=1919834 2026-07-22T17:22:26.345
ATTEMPT 473 W0 SOLVE 4x2 2026-07-22T17:22:26.360
ATTEMPT 473 W0 DONE 4x2 seed=1919834 nsol=16 0.03s 2026-07-22T17:22:26.395
ATTEMPT 474 W0 START 4x2 seed=1919835 2026-07-22T17:22:26.395
ATTEMPT 474 W0 SOLVE 4x2 2026-07-22T17:22:26.405
ATTEMPT 474 W0 DONE 4x2 seed=1919835 nsol=16 0.02s 2026-07-22T17:22:26.422
ATTEMPT 475 W0 START 4x2 seed=1919836 2026-07-22T17:22:26.422
ATTEMPT 475 W0 SOLVE 4x2 2026-07-22T17:22:26.436
ATTEMPT 475 W0 DONE 4x2 seed=1919836 nsol=16 0.03s 2026-07-22T17:22:26.462
ATTEMPT 476 W0 START 4x2 seed=1919837 2026-07-22T17:22:26.462
ATTEMPT 476 W0 SOLVE 4x2 2026-07-22T17:22:26.472
ATTEMPT 476 W0 DONE 4x2 seed=1919837 nsol=16 0.03s 2026-07-22T17:22:26.499
ATTEMPT 477 W0 START 4x2 seed=1919838 2026-07-22T17:22:26.499
ATTEMPT 477 W0 SOLVE 4x2 2026-07-22T17:22:26.515
ATTEMPT 477 W0 DONE 4x2 seed=1919838 nsol=16 0.01s 2026-07-22T17:22:26.528
ATTEMPT 478 W0 START 4x2 seed=1919839 2026-07-22T17:22:26.528
ATTEMPT 478 W0 SOLVE 4x2 2026-07-22T17:22:26.538
ATTEMPT 478 W0 DONE 4x2 seed=1919839 nsol=16 0.02s 2026-07-22T17:22:26.567
ATTEMPT 479 W0 START 4x2 seed=1919840 2026-07-22T17:22:26.567
ATTEMPT 479 W0 SOLVE 4x2 2026-07-22T17:22:26.574
ATTEMPT 479 W0 DONE 4x2 seed=1919840 nsol=16 0.03s 2026-07-22T17:22:26.607
ATTEMPT 480 W0 START 4x2 seed=1919841 2026-07-22T17:22:26.607
ATTEMPT 480 W0 SOLVE 4x2 2026-07-22T17:22:26.617
ATTEMPT 480 W0 DONE 4x2 seed=1919841 nsol=16 0.02s 2026-07-22T17:22:26.638
ATTEMPT 481 W0 START 4x2 seed=1919842 2026-07-22T17:22:26.638
ATTEMPT 481 W0 SOLVE 4x2 2026-07-22T17:22:26.648
ATTEMPT 481 W0 DONE 4x2 seed=1919842 nsol=16 0.03s 2026-07-22T17:22:26.683
ATTEMPT 482 W0 START 4x2 seed=1919843 2026-07-22T17:22:26.683
ATTEMPT 482 W0 SOLVE 4x2 2026-07-22T17:22:26.689
ATTEMPT 482 W0 DONE 4x2 seed=1919843 nsol=16 0.01s 2026-07-22T17:22:26.704
ATTEMPT 483 W0 START 4x2 seed=1919844 2026-07-22T17:22:26.704
ATTEMPT 483 W0 SOLVE 4x2 2026-07-22T17:22:26.710
ATTEMPT 483 W0 DONE 4x2 seed=1919844 nsol=16 0.02s 2026-07-22T17:22:26.743
ATTEMPT 484 W0 START 4x2 seed=1919845 2026-07-22T17:22:26.743
ATTEMPT 484 W0 SOLVE 4x2 2026-07-22T17:22:26.759
ATTEMPT 484 W0 DONE 4x2 seed=1919845 nsol=16 0.03s 2026-07-22T17:22:26.787
ATTEMPT 485 W0 START 4x2 seed=1919846 2026-07-22T17:22:26.787
ATTEMPT 485 W0 SOLVE 4x2 2026-07-22T17:22:26.799
ATTEMPT 485 W0 DONE 4x2 seed=1919846 nsol=16 0.01s 2026-07-22T17:22:26.806
ATTEMPT 486 W0 START 4x2 seed=1919847 2026-07-22T17:22:26.806
ATTEMPT 486 W0 SOLVE 4x2 2026-07-22T17:22:26.816
ATTEMPT 486 W0 DONE 4x2 seed=1919847 nsol=16 0.01s 2026-07-22T17:22:26.823
ATTEMPT 487 W0 START 4x2 seed=1919848 2026-07-22T17:22:26.823
ATTEMPT 487 W0 SOLVE 4x2 2026-07-22T17:22:26.833
ATTEMPT 487 W0 DONE 4x2 seed=1919848 nsol=16 0.02s 2026-07-22T17:22:26.854
ATTEMPT 488 W0 START 4x2 seed=1919849 2026-07-22T17:22:26.854
ATTEMPT 488 W0 SOLVE 4x2 2026-07-22T17:22:26.862
ATTEMPT 488 W0 DONE 4x2 seed=1919849 nsol=16 0.01s 2026-07-22T17:22:26.871
ATTEMPT 489 W0 START 4x2 seed=1919850 2026-07-22T17:22:26.871
ATTEMPT 489 W0 SOLVE 4x2 2026-07-22T17:22:26.881
ATTEMPT 489 W0 DONE 4x2 seed=1919850 nsol=16 0.02s 2026-07-22T17:22:26.902
ATTEMPT 490 W0 START 4x2 seed=1919851 2026-07-22T17:22:26.902
ATTEMPT 490 W0 SOLVE 4x2 2026-07-22T17:22:26.917
ATTEMPT 490 W0 DONE 4x2 seed=1919851 nsol=16 0.02s 2026-07-22T17:22:26.947
ATTEMPT 491 W0 START 4x2 seed=1919852 2026-07-22T17:22:26.947
ATTEMPT 491 W0 SOLVE 4x2 2026-07-22T17:22:26.963
ATTEMPT 491 W0 DONE 4x2 seed=1919852 nsol=16 0.01s 2026-07-22T17:22:26.976
ATTEMPT 492 W0 START 4x2 seed=1919853 2026-07-22T17:22:26.976
ATTEMPT 492 W0 SOLVE 4x2 2026-07-22T17:22:26.992
ATTEMPT 492 W0 DONE 4x2 seed=1919853 nsol=16 0.02s 2026-07-22T17:22:27.007
ATTEMPT 493 W0 START 4x2 seed=1919854 2026-07-22T17:22:27.007
ATTEMPT 493 W0 SOLVE 4x2 2026-07-22T17:22:27.018
ATTEMPT 493 W0 DONE 4x2 seed=1919854 nsol=16 0.02s 2026-07-22T17:22:27.043
ATTEMPT 494 W0 START 4x2 seed=1919855 2026-07-22T17:22:27.043
ATTEMPT 494 W0 SOLVE 4x2 2026-07-22T17:22:27.055
ATTEMPT 494 W0 DONE 4x2 seed=1919855 nsol=16 0.02s 2026-07-22T17:22:27.075
ATTEMPT 495 W0 START 4x2 seed=1919856 2026-07-22T17:22:27.075
ATTEMPT 495 W0 SOLVE 4x2 2026-07-22T17:22:27.083
ATTEMPT 495 W0 DONE 4x2 seed=1919856 nsol=16 0.02s 2026-07-22T17:22:27.103
ATTEMPT 496 W0 START 4x2 seed=1919857 2026-07-22T17:22:27.103
ATTEMPT 496 W0 SOLVE 4x2 2026-07-22T17:22:27.118
ATTEMPT 496 W0 DONE 4x2 seed=1919857 nsol=16 0.04s 2026-07-22T17:22:27.159
ATTEMPT 497 W0 START 4x2 seed=1919858 2026-07-22T17:22:27.159
ATTEMPT 497 W0 SOLVE 4x2 2026-07-22T17:22:27.165
ATTEMPT 497 W0 DONE 4x2 seed=1919858 nsol=16 0.01s 2026-07-22T17:22:27.177
ATTEMPT 498 W0 START 4x2 seed=1919859 2026-07-22T17:22:27.177
ATTEMPT 498 W0 SOLVE 4x2 2026-07-22T17:22:27.183
ATTEMPT 498 W0 DONE 4x2 seed=1919859 nsol=16 0.02s 2026-07-22T17:22:27.208
ATTEMPT 499 W0 START 4x2 seed=1919860 2026-07-22T17:22:27.208
ATTEMPT 499 W0 SOLVE 4x2 2026-07-22T17:22:27.221
ATTEMPT 499 W0 DONE 4x2 seed=1919860 nsol=16 0.02s 2026-07-22T17:22:27.243
ATTEMPT 500 W0 START 4x2 seed=1919861 2026-07-22T17:22:27.243
ATTEMPT 500 W0 SOLVE 4x2 2026-07-22T17:22:27.266
ATTEMPT 500 W0 DONE 4x2 seed=1919861 nsol=16 0.02s 2026-07-22T17:22:27.291
ATTEMPT 501 W0 START 4x2 seed=1919862 2026-07-22T17:22:27.291
ATTEMPT 501 W0 SOLVE 4x2 2026-07-22T17:22:27.302
ATTEMPT 501 W0 DONE 4x2 seed=1919862 nsol=16 0.02s 2026-07-22T17:22:27.324
ATTEMPT 502 W0 START 4x2 seed=1919863 2026-07-22T17:22:27.324
ATTEMPT 502 W0 SOLVE 4x2 2026-07-22T17:22:27.348
ATTEMPT 502 W0 DONE 4x2 seed=1919863 nsol=16 0.01s 2026-07-22T17:22:27.359
ATTEMPT 503 W0 START 4x2 seed=1919864 2026-07-22T17:22:27.359
ATTEMPT 503 W0 SOLVE 4x2 2026-07-22T17:22:27.369
ATTEMPT 503 W0 DONE 4x2 seed=1919864 nsol=16 0.02s 2026-07-22T17:22:27.386
ATTEMPT 504 W0 START 4x2 seed=1919865 2026-07-22T17:22:27.386
ATTEMPT 504 W0 SOLVE 4x2 2026-07-22T17:22:27.397
ATTEMPT 504 W0 DONE 4x2 seed=1919865 nsol=16 0.02s 2026-07-22T17:22:27.419
ATTEMPT 505 W0 START 4x2 seed=1919866 2026-07-22T17:22:27.419
ATTEMPT 505 W0 SOLVE 4x2 2026-07-22T17:22:27.435
ATTEMPT 505 W0 DONE 4x2 seed=1919866 nsol=16 0.03s 2026-07-22T17:22:27.463
ATTEMPT 506 W0 START 4x2 seed=1919867 2026-07-22T17:22:27.463
ATTEMPT 506 W0 SOLVE 4x2 2026-07-22T17:22:27.470
ATTEMPT 506 W0 DONE 4x2 seed=1919867 nsol=16 0.03s 2026-07-22T17:22:27.503
ATTEMPT 507 W0 START 4x2 seed=1919868 2026-07-22T17:22:27.503
ATTEMPT 507 W0 SOLVE 4x2 2026-07-22T17:22:27.513
ATTEMPT 507 W0 DONE 4x2 seed=1919868 nsol=16 0.01s 2026-07-22T17:22:27.522
ATTEMPT 508 W0 START 4x2 seed=1919869 2026-07-22T17:22:27.522
ATTEMPT 508 W0 SOLVE 4x2 2026-07-22T17:22:27.541
ATTEMPT 508 W0 DONE 4x2 seed=1919869 nsol=16 0.01s 2026-07-22T17:22:27.555
ATTEMPT 509 W0 START 4x2 seed=1919870 2026-07-22T17:22:27.555
ATTEMPT 509 W0 SOLVE 4x2 2026-07-22T17:22:27.570
ATTEMPT 509 W0 DONE 4x2 seed=1919870 nsol=16 0.01s 2026-07-22T17:22:27.585
ATTEMPT 510 W0 START 4x2 seed=1919871 2026-07-22T17:22:27.585
ATTEMPT 510 W0 SOLVE 4x2 2026-07-22T17:22:27.608
ATTEMPT 510 W0 DONE 4x2 seed=1919871 nsol=16 0.02s 2026-07-22T17:22:27.625
ATTEMPT 511 W0 START 4x2 seed=1919872 2026-07-22T17:22:27.625
ATTEMPT 511 W0 SOLVE 4x2 2026-07-22T17:22:27.649
ATTEMPT 511 W0 DONE 4x2 seed=1919872 nsol=16 0.02s 2026-07-22T17:22:27.666
ATTEMPT 512 W0 START 4x2 seed=1919873 2026-07-22T17:22:27.666
ATTEMPT 512 W0 SOLVE 4x2 2026-07-22T17:22:27.689
ATTEMPT 512 W0 DONE 4x2 seed=1919873 nsol=16 0.01s 2026-07-22T17:22:27.708
ATTEMPT 513 W0 START 4x2 seed=1919874 2026-07-22T17:22:27.708
ATTEMPT 513 W0 SOLVE 4x2 2026-07-22T17:22:27.714
ATTEMPT 513 W0 DONE 4x2 seed=1919874 nsol=16 0.02s 2026-07-22T17:22:27.739
ATTEMPT 514 W0 START 4x2 seed=1919875 2026-07-22T17:22:27.740
ATTEMPT 514 W0 SOLVE 4x2 2026-07-22T17:22:27.755
ATTEMPT 514 W0 DONE 4x2 seed=1919875 nsol=16 0.02s 2026-07-22T17:22:27.771
ATTEMPT 515 W0 START 4x2 seed=1919876 2026-07-22T17:22:27.771
ATTEMPT 515 W0 SOLVE 4x2 2026-07-22T17:22:27.797
ATTEMPT 515 W0 DONE 4x2 seed=1919876 nsol=16 0.03s 2026-07-22T17:22:27.825
ATTEMPT 516 W0 START 4x2 seed=1919877 2026-07-22T17:22:27.825
ATTEMPT 516 W0 SOLVE 4x2 2026-07-22T17:22:27.830
ATTEMPT 516 W0 DONE 4x2 seed=1919877 nsol=16 0.02s 2026-07-22T17:22:27.851
ATTEMPT 517 W0 START 4x2 seed=1919878 2026-07-22T17:22:27.851
ATTEMPT 517 W0 SOLVE 4x2 2026-07-22T17:22:27.862
ATTEMPT 517 W0 DONE 4x2 seed=1919878 nsol=16 0.03s 2026-07-22T17:22:27.898
ATTEMPT 518 W0 START 4x2 seed=1919879 2026-07-22T17:22:27.899
ATTEMPT 518 W0 SOLVE 4x2 2026-07-22T17:22:27.909
ATTEMPT 518 W0 DONE 4x2 seed=1919879 nsol=16 0.01s 2026-07-22T17:22:27.927
ATTEMPT 519 W0 START 4x2 seed=1919880 2026-07-22T17:22:27.927
ATTEMPT 519 W0 SOLVE 4x2 2026-07-22T17:22:27.933
ATTEMPT 519 W0 DONE 4x2 seed=1919880 nsol=16 0.01s 2026-07-22T17:22:27.952
ATTEMPT 520 W0 START 4x2 seed=1919881 2026-07-22T17:22:27.953
ATTEMPT 520 W0 SOLVE 4x2 2026-07-22T17:22:27.958
ATTEMPT 520 W0 DONE 4x2 seed=1919881 nsol=16 0.01s 2026-07-22T17:22:27.978
ATTEMPT 521 W0 START 4x2 seed=1919882 2026-07-22T17:22:27.978
ATTEMPT 521 W0 SOLVE 4x2 2026-07-22T17:22:27.988
ATTEMPT 521 W0 DONE 4x2 seed=1919882 nsol=16 0.02s 2026-07-22T17:22:28.007
ATTEMPT 522 W0 START 4x2 seed=1919883 2026-07-22T17:22:28.007
ATTEMPT 522 W0 SOLVE 4x2 2026-07-22T17:22:28.018
ATTEMPT 522 W0 DONE 4x2 seed=1919883 nsol=16 0.03s 2026-07-22T17:22:28.051
ATTEMPT 523 W0 START 4x2 seed=1919884 2026-07-22T17:22:28.051
ATTEMPT 523 W0 SOLVE 4x2 2026-07-22T17:22:28.076
ATTEMPT 523 W0 DONE 4x2 seed=1919884 nsol=16 0.03s 2026-07-22T17:22:28.111
ATTEMPT 524 W0 START 4x2 seed=1919885 2026-07-22T17:22:28.111
ATTEMPT 524 W0 SOLVE 4x2 2026-07-22T17:22:28.143
ATTEMPT 524 W0 DONE 4x2 seed=1919885 nsol=16 0.03s 2026-07-22T17:22:28.171
ATTEMPT 525 W0 START 4x2 seed=1919886 2026-07-22T17:22:28.171
ATTEMPT 525 W0 SOLVE 4x2 2026-07-22T17:22:28.181
ATTEMPT 525 W0 DONE 4x2 seed=1919886 nsol=16 0.03s 2026-07-22T17:22:28.223
ATTEMPT 526 W0 START 4x2 seed=1919887 2026-07-22T17:22:28.223
ATTEMPT 526 W0 SOLVE 4x2 2026-07-22T17:22:28.232
ATTEMPT 526 W0 DONE 4x2 seed=1919887 nsol=16 0.01s 2026-07-22T17:22:28.250
ATTEMPT 527 W0 START 4x2 seed=1919888 2026-07-22T17:22:28.250
ATTEMPT 527 W0 SOLVE 4x2 2026-07-22T17:22:28.269
ATTEMPT 527 W0 DONE 4x2 seed=1919888 nsol=16 0.02s 2026-07-22T17:22:28.290
ATTEMPT 528 W0 START 4x2 seed=1919889 2026-07-22T17:22:28.290
ATTEMPT 528 W0 SOLVE 4x2 2026-07-22T17:22:28.305
ATTEMPT 528 W0 DONE 4x2 seed=1919889 nsol=16 0.03s 2026-07-22T17:22:28.335
ATTEMPT 529 W0 START 4x2 seed=1919890 2026-07-22T17:22:28.335
ATTEMPT 529 W0 SOLVE 4x2 2026-07-22T17:22:28.345
ATTEMPT 529 W0 DONE 4x2 seed=1919890 nsol=16 0.18s 2026-07-22T17:22:28.535
ATTEMPT 530 W0 START 4x2 seed=1919891 2026-07-22T17:22:28.535
ATTEMPT 530 W0 SOLVE 4x2 2026-07-22T17:22:28.572
ATTEMPT 530 W0 DONE 4x2 seed=1919891 nsol=16 0.03s 2026-07-22T17:22:28.607
ATTEMPT 531 W0 START 4x2 seed=1919892 2026-07-22T17:22:28.607
ATTEMPT 531 W0 SOLVE 4x2 2026-07-22T17:22:28.636
ATTEMPT 531 W0 DONE 4x2 seed=1919892 nsol=16 0.03s 2026-07-22T17:22:28.675
ATTEMPT 532 W0 START 4x2 seed=1919893 2026-07-22T17:22:28.675
ATTEMPT 532 W0 SOLVE 4x2 2026-07-22T17:22:28.692
ATTEMPT 532 W0 DONE 4x2 seed=1919893 nsol=16 0.03s 2026-07-22T17:22:28.727
ATTEMPT 533 W0 START 4x2 seed=1919894 2026-07-22T17:22:28.727
ATTEMPT 533 W0 SOLVE 4x2 2026-07-22T17:22:28.741
ATTEMPT 533 W0 DONE 4x2 seed=1919894 nsol=16 0.03s 2026-07-22T17:22:28.766
ATTEMPT 534 W0 START 4x2 seed=1919895 2026-07-22T17:22:28.766
ATTEMPT 534 W0 SOLVE 4x2 2026-07-22T17:22:28.778
ATTEMPT 534 W0 DONE 4x2 seed=1919895 nsol=16 0.02s 2026-07-22T17:22:28.803
ATTEMPT 535 W0 START 4x2 seed=1919896 2026-07-22T17:22:28.803
ATTEMPT 535 W0 SOLVE 4x2 2026-07-22T17:22:28.809
ATTEMPT 535 W0 DONE 4x2 seed=1919896 nsol=16 0.01s 2026-07-22T17:22:28.822
ATTEMPT 536 W0 START 4x2 seed=1919897 2026-07-22T17:22:28.822
ATTEMPT 536 W0 SOLVE 4x2 2026-07-22T17:22:28.837
ATTEMPT 536 W0 DONE 4x2 seed=1919897 nsol=16 0.03s 2026-07-22T17:22:28.871
ATTEMPT 537 W0 START 4x2 seed=1919898 2026-07-22T17:22:28.871
ATTEMPT 537 W0 SOLVE 4x2 2026-07-22T17:22:28.895
ATTEMPT 537 W0 DONE 4x2 seed=1919898 nsol=16 0.02s 2026-07-22T17:22:28.911
ATTEMPT 538 W0 START 4x2 seed=1919899 2026-07-22T17:22:28.911
ATTEMPT 538 W0 SOLVE 4x2 2026-07-22T17:22:28.925
ATTEMPT 538 W0 DONE 4x2 seed=1919899 nsol=16 0.02s 2026-07-22T17:22:28.944
ATTEMPT 539 W0 START 4x2 seed=1919900 2026-07-22T17:22:28.944
ATTEMPT 539 W0 SOLVE 4x2 2026-07-22T17:22:28.954
ATTEMPT 539 W0 DONE 4x2 seed=1919900 nsol=16 0.01s 2026-07-22T17:22:28.964
ATTEMPT 540 W0 START 4x2 seed=1919901 2026-07-22T17:22:28.964
ATTEMPT 540 W0 SOLVE 4x2 2026-07-22T17:22:28.974
ATTEMPT 540 W0 DONE 4x2 seed=1919901 nsol=16 0.01s 2026-07-22T17:22:28.983
ATTEMPT 541 W0 START 4x2 seed=1919902 2026-07-22T17:22:28.984
ATTEMPT 541 W0 SOLVE 4x2 2026-07-22T17:22:28.989
ATTEMPT 541 W0 DONE 4x2 seed=1919902 nsol=16 0.03s 2026-07-22T17:22:29.019
ATTEMPT 542 W0 START 4x2 seed=1919903 2026-07-22T17:22:29.019
ATTEMPT 542 W0 SOLVE 4x2 2026-07-22T17:22:29.025
ATTEMPT 542 W0 DONE 4x2 seed=1919903 nsol=16 0.02s 2026-07-22T17:22:29.043
ATTEMPT 543 W0 START 4x2 seed=1919904 2026-07-22T17:22:29.043
ATTEMPT 543 W0 SOLVE 4x2 2026-07-22T17:22:29.050
ATTEMPT 543 W0 DONE 4x2 seed=1919904 nsol=16 0.02s 2026-07-22T17:22:29.067
ATTEMPT 544 W0 START 4x2 seed=1919905 2026-07-22T17:22:29.067
ATTEMPT 544 W0 SOLVE 4x2 2026-07-22T17:22:29.073
ATTEMPT 544 W0 DONE 4x2 seed=1919905 nsol=16 0.01s 2026-07-22T17:22:29.084
ATTEMPT 545 W0 START 4x2 seed=1919906 2026-07-22T17:22:29.084
ATTEMPT 545 W0 SOLVE 4x2 2026-07-22T17:22:29.092
ATTEMPT 545 W0 DONE 4x2 seed=1919906 nsol=16 0.01s 2026-07-22T17:22:29.103
ATTEMPT 546 W0 START 4x2 seed=1919907 2026-07-22T17:22:29.104
ATTEMPT 546 W0 SOLVE 4x2 2026-07-22T17:22:29.109
ATTEMPT 546 W0 DONE 4x2 seed=1919907 nsol=16 0.01s 2026-07-22T17:22:29.123
ATTEMPT 547 W0 START 4x2 seed=1919908 2026-07-22T17:22:29.123
ATTEMPT 547 W0 SOLVE 4x2 2026-07-22T17:22:29.130
ATTEMPT 547 W0 DONE 4x2 seed=1919908 nsol=16 0.01s 2026-07-22T17:22:29.142
ATTEMPT 548 W0 START 4x2 seed=1919909 2026-07-22T17:22:29.142
ATTEMPT 548 W0 SOLVE 4x2 2026-07-22T17:22:29.156
ATTEMPT 548 W0 DONE 4x2 seed=1919909 nsol=16 0.02s 2026-07-22T17:22:29.179
ATTEMPT 549 W0 START 4x2 seed=1919910 2026-07-22T17:22:29.180
ATTEMPT 549 W0 SOLVE 4x2 2026-07-22T17:22:29.190
ATTEMPT 549 W0 DONE 4x2 seed=1919910 nsol=16 0.03s 2026-07-22T17:22:29.215
ATTEMPT 550 W0 START 4x2 seed=1919911 2026-07-22T17:22:29.215
ATTEMPT 550 W0 SOLVE 4x2 2026-07-22T17:22:29.233
ATTEMPT 550 W0 DONE 4x2 seed=1919911 nsol=16 0.01s 2026-07-22T17:22:29.247
ATTEMPT 551 W0 START 4x2 seed=1919912 2026-07-22T17:22:29.247
ATTEMPT 551 W0 SOLVE 4x2 2026-07-22T17:22:29.257
ATTEMPT 551 W0 DONE 4x2 seed=1919912 nsol=16 0.02s 2026-07-22T17:22:29.279
ATTEMPT 552 W0 START 4x2 seed=1919913 2026-07-22T17:22:29.279
ATTEMPT 552 W0 SOLVE 4x2 2026-07-22T17:22:29.291
ATTEMPT 552 W0 DONE 4x2 seed=1919913 nsol=16 0.02s 2026-07-22T17:22:29.307
ATTEMPT 553 W0 START 4x2 seed=1919914 2026-07-22T17:22:29.307
ATTEMPT 553 W0 SOLVE 4x2 2026-07-22T17:22:29.318
ATTEMPT 553 W0 DONE 4x2 seed=1919914 nsol=16 0.01s 2026-07-22T17:22:29.330
ATTEMPT 554 W0 START 4x2 seed=1919915 2026-07-22T17:22:29.330
ATTEMPT 554 W0 SOLVE 4x2 2026-07-22T17:22:29.336
ATTEMPT 554 W0 DONE 4x2 seed=1919915 nsol=16 0.01s 2026-07-22T17:22:29.351
ATTEMPT 555 W0 START 4x2 seed=1919916 2026-07-22T17:22:29.351
ATTEMPT 555 W0 SOLVE 4x2 2026-07-22T17:22:29.359
ATTEMPT 555 W0 DONE 4x2 seed=1919916 nsol=16 0.02s 2026-07-22T17:22:29.380
ATTEMPT 556 W0 START 4x2 seed=1919917 2026-07-22T17:22:29.380
ATTEMPT 556 W0 SOLVE 4x2 2026-07-22T17:22:29.386
ATTEMPT 556 W0 DONE 4x2 seed=1919917 nsol=16 0.02s 2026-07-22T17:22:29.403
ATTEMPT 557 W0 START 4x2 seed=1919918 2026-07-22T17:22:29.403
ATTEMPT 557 W0 SOLVE 4x2 2026-07-22T17:22:29.408
ATTEMPT 557 W0 DONE 4x2 seed=1919918 nsol=16 0.01s 2026-07-22T17:22:29.423
ATTEMPT 558 W0 START 4x2 seed=1919919 2026-07-22T17:22:29.423
ATTEMPT 558 W0 SOLVE 4x2 2026-07-22T17:22:29.428
ATTEMPT 558 W0 DONE 4x2 seed=1919919 nsol=16 0.01s 2026-07-22T17:22:29.439
ATTEMPT 559 W0 START 4x2 seed=1919920 2026-07-22T17:22:29.439
ATTEMPT 559 W0 SOLVE 4x2 2026-07-22T17:22:29.447
ATTEMPT 559 W0 DONE 4x2 seed=1919920 nsol=16 0.02s 2026-07-22T17:22:29.463
ATTEMPT 560 W0 START 4x2 seed=1919921 2026-07-22T17:22:29.463
ATTEMPT 560 W0 SOLVE 4x2 2026-07-22T17:22:29.468
ATTEMPT 560 W0 DONE 4x2 seed=1919921 nsol=16 0.01s 2026-07-22T17:22:29.481
ATTEMPT 561 W0 START 4x2 seed=1919922 2026-07-22T17:22:29.481
ATTEMPT 561 W0 SOLVE 4x2 2026-07-22T17:22:29.487
ATTEMPT 561 W0 DONE 4x2 seed=1919922 nsol=16 0.01s 2026-07-22T17:22:29.494
ATTEMPT 562 W0 START 4x2 seed=1919923 2026-07-22T17:22:29.494
ATTEMPT 562 W0 SOLVE 4x2 2026-07-22T17:22:29.501
ATTEMPT 562 W0 DONE 4x2 seed=1919923 nsol=16 0.02s 2026-07-22T17:22:29.519
ATTEMPT 563 W0 START 4x2 seed=1919924 2026-07-22T17:22:29.519
ATTEMPT 563 W0 SOLVE 4x2 2026-07-22T17:22:29.527
ATTEMPT 563 W0 DONE 4x2 seed=1919924 nsol=16 0.02s 2026-07-22T17:22:29.543
ATTEMPT 564 W0 START 4x2 seed=1919925 2026-07-22T17:22:29.543
ATTEMPT 564 W0 SOLVE 4x2 2026-07-22T17:22:29.549
ATTEMPT 564 W0 DONE 4x2 seed=1919925 nsol=16 0.02s 2026-07-22T17:22:29.567
ATTEMPT 565 W0 START 4x2 seed=1919926 2026-07-22T17:22:29.567
ATTEMPT 565 W0 SOLVE 4x2 2026-07-22T17:22:29.572
ATTEMPT 565 W0 DONE 4x2 seed=1919926 nsol=16 0.02s 2026-07-22T17:22:29.588
ATTEMPT 566 W0 START 4x2 seed=1919927 2026-07-22T17:22:29.589
ATTEMPT 566 W0 SOLVE 4x2 2026-07-22T17:22:29.595
ATTEMPT 566 W0 DONE 4x2 seed=1919927 nsol=16 0.02s 2026-07-22T17:22:29.611
ATTEMPT 567 W0 START 4x2 seed=1919928 2026-07-22T17:22:29.611
ATTEMPT 567 W0 SOLVE 4x2 2026-07-22T17:22:29.616
ATTEMPT 567 W0 DONE 4x2 seed=1919928 nsol=16 0.02s 2026-07-22T17:22:29.635
ATTEMPT 568 W0 START 4x2 seed=1919929 2026-07-22T17:22:29.635
ATTEMPT 568 W0 SOLVE 4x2 2026-07-22T17:22:29.641
ATTEMPT 568 W0 DONE 4x2 seed=1919929 nsol=16 0.01s 2026-07-22T17:22:29.655
ATTEMPT 569 W0 START 4x2 seed=1919930 2026-07-22T17:22:29.655
ATTEMPT 569 W0 SOLVE 4x2 2026-07-22T17:22:29.662
ATTEMPT 569 W0 DONE 4x2 seed=1919930 nsol=16 0.02s 2026-07-22T17:22:29.683
ATTEMPT 570 W0 START 4x2 seed=1919931 2026-07-22T17:22:29.683
ATTEMPT 570 W0 SOLVE 4x2 2026-07-22T17:22:29.692
ATTEMPT 570 W0 DONE 4x2 seed=1919931 nsol=16 0.03s 2026-07-22T17:22:29.723
ATTEMPT 571 W0 START 4x2 seed=1919932 2026-07-22T17:22:29.723
ATTEMPT 571 W0 SOLVE 4x2 2026-07-22T17:22:29.728
ATTEMPT 571 W0 DONE 4x2 seed=1919932 nsol=16 0.01s 2026-07-22T17:22:29.743
ATTEMPT 572 W0 START 4x2 seed=1919933 2026-07-22T17:22:29.743
ATTEMPT 572 W0 SOLVE 4x2 2026-07-22T17:22:29.748
ATTEMPT 572 W0 DONE 4x2 seed=1919933 nsol=16 0.02s 2026-07-22T17:22:29.764
ATTEMPT 573 W0 START 4x2 seed=1919934 2026-07-22T17:22:29.764
ATTEMPT 573 W0 SOLVE 4x2 2026-07-22T17:22:29.771
ATTEMPT 573 W0 DONE 4x2 seed=1919934 nsol=16 0.01s 2026-07-22T17:22:29.779
ATTEMPT 574 W0 START 4x2 seed=1919935 2026-07-22T17:22:29.779
ATTEMPT 574 W0 SOLVE 4x2 2026-07-22T17:22:29.790
ATTEMPT 574 W0 DONE 4x2 seed=1919935 nsol=16 0.02s 2026-07-22T17:22:29.811
ATTEMPT 575 W0 START 4x2 seed=1919936 2026-07-22T17:22:29.811
ATTEMPT 575 W0 SOLVE 4x2 2026-07-22T17:22:29.817
ATTEMPT 575 W0 DONE 4x2 seed=1919936 nsol=16 0.02s 2026-07-22T17:22:29.835
ATTEMPT 576 W0 START 4x2 seed=1919937 2026-07-22T17:22:29.835
ATTEMPT 576 W0 SOLVE 4x2 2026-07-22T17:22:29.847
ATTEMPT 576 W0 DONE 4x2 seed=1919937 nsol=16 0.01s 2026-07-22T17:22:29.861
ATTEMPT 577 W0 START 4x2 seed=1919938 2026-07-22T17:22:29.861
ATTEMPT 577 W0 SOLVE 4x2 2026-07-22T17:22:29.867
ATTEMPT 577 W0 DONE 4x2 seed=1919938 nsol=16 0.02s 2026-07-22T17:22:29.883
ATTEMPT 578 W0 START 4x2 seed=1919939 2026-07-22T17:22:29.883
ATTEMPT 578 W0 SOLVE 4x2 2026-07-22T17:22:29.889
ATTEMPT 578 W0 DONE 4x2 seed=1919939 nsol=16 0.01s 2026-07-22T17:22:29.903
ATTEMPT 579 W0 START 4x2 seed=1919940 2026-07-22T17:22:29.903
ATTEMPT 579 W0 SOLVE 4x2 2026-07-22T17:22:29.908
ATTEMPT 579 W0 DONE 4x2 seed=1919940 nsol=16 0.02s 2026-07-22T17:22:29.931
ATTEMPT 580 W0 START 4x2 seed=1919941 2026-07-22T17:22:29.931
ATTEMPT 580 W0 SOLVE 4x2 2026-07-22T17:22:29.938
ATTEMPT 580 W0 DONE 4x2 seed=1919941 nsol=16 0.02s 2026-07-22T17:22:29.955
ATTEMPT 581 W0 START 4x2 seed=1919942 2026-07-22T17:22:29.955
ATTEMPT 581 W0 SOLVE 4x2 2026-07-22T17:22:29.967
ATTEMPT 581 W0 DONE 4x2 seed=1919942 nsol=16 0.01s 2026-07-22T17:22:29.975
ATTEMPT 582 W0 START 4x2 seed=1919943 2026-07-22T17:22:29.975
ATTEMPT 582 W0 SOLVE 4x2 2026-07-22T17:22:29.988
ATTEMPT 582 W0 DONE 4x2 seed=1919943 nsol=16 0.02s 2026-07-22T17:22:30.004
ATTEMPT 583 W0 START 4x2 seed=1919944 2026-07-22T17:22:30.004
ATTEMPT 583 W0 SOLVE 4x2 2026-07-22T17:22:30.010
ATTEMPT 583 W0 DONE 4x2 seed=1919944 nsol=16 0.02s 2026-07-22T17:22:30.035
ATTEMPT 584 W0 START 4x2 seed=1919945 2026-07-22T17:22:30.035
ATTEMPT 584 W0 SOLVE 4x2 2026-07-22T17:22:30.052
ATTEMPT 584 W0 DONE 4x2 seed=1919945 nsol=16 0.01s 2026-07-22T17:22:30.063
ATTEMPT 585 W0 START 4x2 seed=1919946 2026-07-22T17:22:30.064
ATTEMPT 585 W0 SOLVE 4x2 2026-07-22T17:22:30.073
ATTEMPT 585 W0 DONE 4x2 seed=1919946 nsol=16 0.01s 2026-07-22T17:22:30.084
ATTEMPT 586 W0 START 4x2 seed=1919947 2026-07-22T17:22:30.084
ATTEMPT 586 W0 SOLVE 4x2 2026-07-22T17:22:30.090
ATTEMPT 586 W0 DONE 4x2 seed=1919947 nsol=16 0.03s 2026-07-22T17:22:30.117
ATTEMPT 587 W0 START 4x2 seed=1919948 2026-07-22T17:22:30.117
ATTEMPT 587 W0 SOLVE 4x2 2026-07-22T17:22:30.123
ATTEMPT 587 W0 DONE 4x2 seed=1919948 nsol=16 0.02s 2026-07-22T17:22:30.139
ATTEMPT 588 W0 START 4x2 seed=1919949 2026-07-22T17:22:30.139
ATTEMPT 588 W0 SOLVE 4x2 2026-07-22T17:22:30.145
ATTEMPT 588 W0 DONE 4x2 seed=1919949 nsol=16 0.01s 2026-07-22T17:22:30.159
ATTEMPT 589 W0 START 4x2 seed=1919950 2026-07-22T17:22:30.159
ATTEMPT 589 W0 SOLVE 4x2 2026-07-22T17:22:30.166
ATTEMPT 589 W0 DONE 4x2 seed=1919950 nsol=16 0.01s 2026-07-22T17:22:30.174
ATTEMPT 590 W0 START 4x2 seed=1919951 2026-07-22T17:22:30.174
ATTEMPT 590 W0 SOLVE 4x2 2026-07-22T17:22:30.181
ATTEMPT 590 W0 DONE 4x2 seed=1919951 nsol=16 0.02s 2026-07-22T17:22:30.203
ATTEMPT 591 W0 START 4x2 seed=1919952 2026-07-22T17:22:30.203
ATTEMPT 591 W0 SOLVE 4x2 2026-07-22T17:22:30.209
ATTEMPT 591 W0 DONE 4x2 seed=1919952 nsol=16 0.01s 2026-07-22T17:22:30.223
ATTEMPT 592 W0 START 4x2 seed=1919953 2026-07-22T17:22:30.223
ATTEMPT 592 W0 SOLVE 4x2 2026-07-22T17:22:30.228
ATTEMPT 592 W0 DONE 4x2 seed=1919953 nsol=16 0.01s 2026-07-22T17:22:30.243
ATTEMPT 593 W0 START 4x2 seed=1919954 2026-07-22T17:22:30.243
ATTEMPT 593 W0 SOLVE 4x2 2026-07-22T17:22:30.249
ATTEMPT 593 W0 DONE 4x2 seed=1919954 nsol=16 0.01s 2026-07-22T17:22:30.257
ATTEMPT 594 W0 START 4x2 seed=1919955 2026-07-22T17:22:30.258
ATTEMPT 594 W0 SOLVE 4x2 2026-07-22T17:22:30.265
ATTEMPT 594 W0 DONE 4x2 seed=1919955 nsol=16 0.01s 2026-07-22T17:22:30.276
ATTEMPT 595 W0 START 4x2 seed=1919956 2026-07-22T17:22:30.276
ATTEMPT 595 W0 SOLVE 4x2 2026-07-22T17:22:30.282
ATTEMPT 595 W0 DONE 4x2 seed=1919956 nsol=16 0.01s 2026-07-22T17:22:30.289
ATTEMPT 596 W0 START 4x2 seed=1919957 2026-07-22T17:22:30.289
ATTEMPT 596 W0 SOLVE 4x2 2026-07-22T17:22:30.297
ATTEMPT 596 W0 DONE 4x2 seed=1919957 nsol=16 0.02s 2026-07-22T17:22:30.315
ATTEMPT 597 W0 START 4x2 seed=1919958 2026-07-22T17:22:30.315
ATTEMPT 597 W0 SOLVE 4x2 2026-07-22T17:22:30.321
ATTEMPT 597 W0 DONE 4x2 seed=1919958 nsol=16 0.02s 2026-07-22T17:22:30.343
ATTEMPT 598 W0 START 4x2 seed=1919959 2026-07-22T17:22:30.343
ATTEMPT 598 W0 SOLVE 4x2 2026-07-22T17:22:30.349
ATTEMPT 598 W0 DONE 4x2 seed=1919959 nsol=16 0.01s 2026-07-22T17:22:30.359
ATTEMPT 599 W0 START 4x2 seed=1919960 2026-07-22T17:22:30.359
ATTEMPT 599 W0 SOLVE 4x2 2026-07-22T17:22:30.364
ATTEMPT 599 W0 DONE 4x2 seed=1919960 nsol=16 0.01s 2026-07-22T17:22:30.376
ATTEMPT 600 W0 START 4x2 seed=1919961 2026-07-22T17:22:30.376
ATTEMPT 600 W0 SOLVE 4x2 2026-07-22T17:22:30.387
ATTEMPT 600 W0 DONE 4x2 seed=1919961 nsol=16 0.01s 2026-07-22T17:22:30.395
HUNT2 complete 2026-07-22T17:22:30.404
