HUNT2 start mode=seq hcthr=on nworkers=0 nthreads=14 ngcthreads=14 nsolves=600 seed_base=1508045 shape=4x2 pid=2161199 julia=1.12.6 HC=2.20.0 2026-07-22T17:09:55.875
ATTEMPT 1 W0 START 4x2 seed=1508046 2026-07-22T17:10:02.287
ATTEMPT 1 W0 SOLVE 4x2 2026-07-22T17:10:04.282
Computing mixed cells... 2    Time: 0:00:01[K
   mixed_volume: 3[K[A
[K[AComputing mixed cells... 12    Time: 0:00:01[K
   mixed_volume: 16[K
ATTEMPT 1 W0 DONE 4x2 seed=1508046 nsol=16 86.26s 2026-07-22T17:11:30.845
ATTEMPT 2 W0 START 4x2 seed=1508047 2026-07-22T17:11:32.035
ATTEMPT 2 W0 SOLVE 4x2 2026-07-22T17:11:32.061
ATTEMPT 2 W0 DONE 4x2 seed=1508047 nsol=16 0.02s 2026-07-22T17:11:32.086
ATTEMPT 3 W0 START 4x2 seed=1508048 2026-07-22T17:11:32.086
ATTEMPT 3 W0 SOLVE 4x2 2026-07-22T17:11:32.102
ATTEMPT 3 W0 DONE 4x2 seed=1508048 nsol=16 0.02s 2026-07-22T17:11:32.139
ATTEMPT 4 W0 START 4x2 seed=1508049 2026-07-22T17:11:32.139
ATTEMPT 4 W0 SOLVE 4x2 2026-07-22T17:11:32.158
ATTEMPT 4 W0 DONE 4x2 seed=1508049 nsol=16 0.02s 2026-07-22T17:11:32.187
ATTEMPT 5 W0 START 4x2 seed=1508050 2026-07-22T17:11:32.187
ATTEMPT 5 W0 SOLVE 4x2 2026-07-22T17:11:32.198
ATTEMPT 5 W0 DONE 4x2 seed=1508050 nsol=16 0.02s 2026-07-22T17:11:32.231
ATTEMPT 6 W0 START 4x2 seed=1508051 2026-07-22T17:11:32.231
ATTEMPT 6 W0 SOLVE 4x2 2026-07-22T17:11:32.238
ATTEMPT 6 W0 DONE 4x2 seed=1508051 nsol=16 0.01s 2026-07-22T17:11:32.257
ATTEMPT 7 W0 START 4x2 seed=1508052 2026-07-22T17:11:32.257
ATTEMPT 7 W0 SOLVE 4x2 2026-07-22T17:11:32.274
ATTEMPT 7 W0 DONE 4x2 seed=1508052 nsol=16 0.03s 2026-07-22T17:11:32.311
ATTEMPT 8 W0 START 4x2 seed=1508053 2026-07-22T17:11:32.311
ATTEMPT 8 W0 SOLVE 4x2 2026-07-22T17:11:32.330
ATTEMPT 8 W0 DONE 4x2 seed=1508053 nsol=16 0.02s 2026-07-22T17:11:32.346
ATTEMPT 9 W0 START 4x2 seed=1508054 2026-07-22T17:11:32.347
ATTEMPT 9 W0 SOLVE 4x2 2026-07-22T17:11:32.365
ATTEMPT 9 W0 DONE 4x2 seed=1508054 nsol=16 0.02s 2026-07-22T17:11:32.390
ATTEMPT 10 W0 START 4x2 seed=1508055 2026-07-22T17:11:32.390
ATTEMPT 10 W0 SOLVE 4x2 2026-07-22T17:11:32.404
ATTEMPT 10 W0 DONE 4x2 seed=1508055 nsol=16 0.02s 2026-07-22T17:11:32.426
ATTEMPT 11 W0 START 4x2 seed=1508056 2026-07-22T17:11:32.427
ATTEMPT 11 W0 SOLVE 4x2 2026-07-22T17:11:32.440
ATTEMPT 11 W0 DONE 4x2 seed=1508056 nsol=16 0.02s 2026-07-22T17:11:32.467
ATTEMPT 12 W0 START 4x2 seed=1508057 2026-07-22T17:11:32.467
ATTEMPT 12 W0 SOLVE 4x2 2026-07-22T17:11:32.481
ATTEMPT 12 W0 DONE 4x2 seed=1508057 nsol=16 0.01s 2026-07-22T17:11:32.494
ATTEMPT 13 W0 START 4x2 seed=1508058 2026-07-22T17:11:32.494
ATTEMPT 13 W0 SOLVE 4x2 2026-07-22T17:11:32.508
ATTEMPT 13 W0 DONE 4x2 seed=1508058 nsol=16 0.03s 2026-07-22T17:11:32.534
ATTEMPT 14 W0 START 4x2 seed=1508059 2026-07-22T17:11:32.534
ATTEMPT 14 W0 SOLVE 4x2 2026-07-22T17:11:32.548
ATTEMPT 14 W0 DONE 4x2 seed=1508059 nsol=16 0.02s 2026-07-22T17:11:32.566
ATTEMPT 15 W0 START 4x2 seed=1508060 2026-07-22T17:11:32.566
ATTEMPT 15 W0 SOLVE 4x2 2026-07-22T17:11:32.576
ATTEMPT 15 W0 DONE 4x2 seed=1508060 nsol=16 0.02s 2026-07-22T17:11:32.599
ATTEMPT 16 W0 START 4x2 seed=1508061 2026-07-22T17:11:32.599
ATTEMPT 16 W0 SOLVE 4x2 2026-07-22T17:11:32.619
ATTEMPT 16 W0 DONE 4x2 seed=1508061 nsol=16 0.02s 2026-07-22T17:11:32.637
ATTEMPT 17 W0 START 4x2 seed=1508062 2026-07-22T17:11:32.638
ATTEMPT 17 W0 SOLVE 4x2 2026-07-22T17:11:32.652
ATTEMPT 17 W0 DONE 4x2 seed=1508062 nsol=16 0.01s 2026-07-22T17:11:32.670
ATTEMPT 18 W0 START 4x2 seed=1508063 2026-07-22T17:11:32.670
ATTEMPT 18 W0 SOLVE 4x2 2026-07-22T17:11:32.680
ATTEMPT 18 W0 DONE 4x2 seed=1508063 nsol=16 0.02s 2026-07-22T17:11:32.700
ATTEMPT 19 W0 START 4x2 seed=1508064 2026-07-22T17:11:32.700
ATTEMPT 19 W0 SOLVE 4x2 2026-07-22T17:11:32.713
ATTEMPT 19 W0 DONE 4x2 seed=1508064 nsol=16 0.02s 2026-07-22T17:11:32.730
ATTEMPT 20 W0 START 4x2 seed=1508065 2026-07-22T17:11:32.730
ATTEMPT 20 W0 SOLVE 4x2 2026-07-22T17:11:32.740
ATTEMPT 20 W0 DONE 4x2 seed=1508065 nsol=16 0.02s 2026-07-22T17:11:32.760
ATTEMPT 21 W0 START 4x2 seed=1508066 2026-07-22T17:11:32.761
ATTEMPT 21 W0 SOLVE 4x2 2026-07-22T17:11:32.766
ATTEMPT 21 W0 DONE 4x2 seed=1508066 nsol=16 0.02s 2026-07-22T17:11:32.796
ATTEMPT 22 W0 START 4x2 seed=1508067 2026-07-22T17:11:32.802
ATTEMPT 22 W0 SOLVE 4x2 2026-07-22T17:11:32.807
ATTEMPT 22 W0 DONE 4x2 seed=1508067 nsol=16 0.01s 2026-07-22T17:11:32.822
ATTEMPT 23 W0 START 4x2 seed=1508068 2026-07-22T17:11:32.822
ATTEMPT 23 W0 SOLVE 4x2 2026-07-22T17:11:32.840
ATTEMPT 23 W0 DONE 4x2 seed=1508068 nsol=16 0.02s 2026-07-22T17:11:32.855
ATTEMPT 24 W0 START 4x2 seed=1508069 2026-07-22T17:11:32.855
ATTEMPT 24 W0 SOLVE 4x2 2026-07-22T17:11:32.868
ATTEMPT 24 W0 DONE 4x2 seed=1508069 nsol=16 0.01s 2026-07-22T17:11:32.879
ATTEMPT 25 W0 START 4x2 seed=1508070 2026-07-22T17:11:32.879
ATTEMPT 25 W0 SOLVE 4x2 2026-07-22T17:11:32.894
ATTEMPT 25 W0 DONE 4x2 seed=1508070 nsol=16 0.02s 2026-07-22T17:11:32.909
ATTEMPT 26 W0 START 4x2 seed=1508071 2026-07-22T17:11:32.910
ATTEMPT 26 W0 SOLVE 4x2 2026-07-22T17:11:32.920
ATTEMPT 26 W0 DONE 4x2 seed=1508071 nsol=16 0.03s 2026-07-22T17:11:32.950
ATTEMPT 27 W0 START 4x2 seed=1508072 2026-07-22T17:11:32.950
ATTEMPT 27 W0 SOLVE 4x2 2026-07-22T17:11:32.956
ATTEMPT 27 W0 DONE 4x2 seed=1508072 nsol=16 0.03s 2026-07-22T17:11:32.982
ATTEMPT 28 W0 START 4x2 seed=1508073 2026-07-22T17:11:32.982
ATTEMPT 28 W0 SOLVE 4x2 2026-07-22T17:11:32.988
ATTEMPT 28 W0 DONE 4x2 seed=1508073 nsol=16 0.01s 2026-07-22T17:11:33.003
ATTEMPT 29 W0 START 4x2 seed=1508074 2026-07-22T17:11:33.003
ATTEMPT 29 W0 SOLVE 4x2 2026-07-22T17:11:33.008
ATTEMPT 29 W0 DONE 4x2 seed=1508074 nsol=16 0.01s 2026-07-22T17:11:33.015
ATTEMPT 30 W0 START 4x2 seed=1508075 2026-07-22T17:11:33.015
ATTEMPT 30 W0 SOLVE 4x2 2026-07-22T17:11:33.023
ATTEMPT 30 W0 DONE 4x2 seed=1508075 nsol=16 0.01s 2026-07-22T17:11:33.038
ATTEMPT 31 W0 START 4x2 seed=1508076 2026-07-22T17:11:33.039
ATTEMPT 31 W0 SOLVE 4x2 2026-07-22T17:11:33.044
ATTEMPT 31 W0 DONE 4x2 seed=1508076 nsol=16 0.01s 2026-07-22T17:11:33.054
ATTEMPT 32 W0 START 4x2 seed=1508077 2026-07-22T17:11:33.055
ATTEMPT 32 W0 SOLVE 4x2 2026-07-22T17:11:33.060
ATTEMPT 32 W0 DONE 4x2 seed=1508077 nsol=16 0.01s 2026-07-22T17:11:33.072
ATTEMPT 33 W0 START 4x2 seed=1508078 2026-07-22T17:11:33.072
ATTEMPT 33 W0 SOLVE 4x2 2026-07-22T17:11:33.077
ATTEMPT 33 W0 DONE 4x2 seed=1508078 nsol=16 0.01s 2026-07-22T17:11:33.091
ATTEMPT 34 W0 START 4x2 seed=1508079 2026-07-22T17:11:33.091
ATTEMPT 34 W0 SOLVE 4x2 2026-07-22T17:11:33.097
ATTEMPT 34 W0 DONE 4x2 seed=1508079 nsol=16 0.01s 2026-07-22T17:11:33.105
ATTEMPT 35 W0 START 4x2 seed=1508080 2026-07-22T17:11:33.105
ATTEMPT 35 W0 SOLVE 4x2 2026-07-22T17:11:33.110
ATTEMPT 35 W0 DONE 4x2 seed=1508080 nsol=16 0.02s 2026-07-22T17:11:33.129
ATTEMPT 36 W0 START 4x2 seed=1508081 2026-07-22T17:11:33.129
ATTEMPT 36 W0 SOLVE 4x2 2026-07-22T17:11:33.136
ATTEMPT 36 W0 DONE 4x2 seed=1508081 nsol=16 0.01s 2026-07-22T17:11:33.142
ATTEMPT 37 W0 START 4x2 seed=1508082 2026-07-22T17:11:33.142
ATTEMPT 37 W0 SOLVE 4x2 2026-07-22T17:11:33.148
ATTEMPT 37 W0 DONE 4x2 seed=1508082 nsol=16 0.01s 2026-07-22T17:11:33.160
ATTEMPT 38 W0 START 4x2 seed=1508083 2026-07-22T17:11:33.160
ATTEMPT 38 W0 SOLVE 4x2 2026-07-22T17:11:33.165
ATTEMPT 38 W0 DONE 4x2 seed=1508083 nsol=16 0.02s 2026-07-22T17:11:33.184
ATTEMPT 39 W0 START 4x2 seed=1508084 2026-07-22T17:11:33.184
ATTEMPT 39 W0 SOLVE 4x2 2026-07-22T17:11:33.192
ATTEMPT 39 W0 DONE 4x2 seed=1508084 nsol=16 0.01s 2026-07-22T17:11:33.207
ATTEMPT 40 W0 START 4x2 seed=1508085 2026-07-22T17:11:33.207
ATTEMPT 40 W0 SOLVE 4x2 2026-07-22T17:11:33.212
ATTEMPT 40 W0 DONE 4x2 seed=1508085 nsol=16 0.01s 2026-07-22T17:11:33.223
ATTEMPT 41 W0 START 4x2 seed=1508086 2026-07-22T17:11:33.223
ATTEMPT 41 W0 SOLVE 4x2 2026-07-22T17:11:33.228
ATTEMPT 41 W0 DONE 4x2 seed=1508086 nsol=16 0.01s 2026-07-22T17:11:33.238
ATTEMPT 42 W0 START 4x2 seed=1508087 2026-07-22T17:11:33.238
ATTEMPT 42 W0 SOLVE 4x2 2026-07-22T17:11:33.243
ATTEMPT 42 W0 DONE 4x2 seed=1508087 nsol=16 0.01s 2026-07-22T17:11:33.250
ATTEMPT 43 W0 START 4x2 seed=1508088 2026-07-22T17:11:33.250
ATTEMPT 43 W0 SOLVE 4x2 2026-07-22T17:11:33.256
ATTEMPT 43 W0 DONE 4x2 seed=1508088 nsol=16 0.01s 2026-07-22T17:11:33.271
ATTEMPT 44 W0 START 4x2 seed=1508089 2026-07-22T17:11:33.271
ATTEMPT 44 W0 SOLVE 4x2 2026-07-22T17:11:33.278
ATTEMPT 44 W0 DONE 4x2 seed=1508089 nsol=16 0.14s 2026-07-22T17:11:33.422
ATTEMPT 45 W0 START 4x2 seed=1508090 2026-07-22T17:11:33.422
ATTEMPT 45 W0 SOLVE 4x2 2026-07-22T17:11:33.439
ATTEMPT 45 W0 DONE 4x2 seed=1508090 nsol=16 0.01s 2026-07-22T17:11:33.454
ATTEMPT 46 W0 START 4x2 seed=1508091 2026-07-22T17:11:33.454
ATTEMPT 46 W0 SOLVE 4x2 2026-07-22T17:11:33.467
ATTEMPT 46 W0 DONE 4x2 seed=1508091 nsol=16 0.02s 2026-07-22T17:11:33.482
ATTEMPT 47 W0 START 4x2 seed=1508092 2026-07-22T17:11:33.483
ATTEMPT 47 W0 SOLVE 4x2 2026-07-22T17:11:33.493
ATTEMPT 47 W0 DONE 4x2 seed=1508092 nsol=16 0.02s 2026-07-22T17:11:33.514
ATTEMPT 48 W0 START 4x2 seed=1508093 2026-07-22T17:11:33.515
ATTEMPT 48 W0 SOLVE 4x2 2026-07-22T17:11:33.524
ATTEMPT 48 W0 DONE 4x2 seed=1508093 nsol=16 0.03s 2026-07-22T17:11:33.550
ATTEMPT 49 W0 START 4x2 seed=1508094 2026-07-22T17:11:33.551
ATTEMPT 49 W0 SOLVE 4x2 2026-07-22T17:11:33.566
ATTEMPT 49 W0 DONE 4x2 seed=1508094 nsol=16 0.01s 2026-07-22T17:11:33.577
ATTEMPT 50 W0 START 4x2 seed=1508095 2026-07-22T17:11:33.577
ATTEMPT 50 W0 SOLVE 4x2 2026-07-22T17:11:33.582
ATTEMPT 50 W0 DONE 4x2 seed=1508095 nsol=16 0.05s 2026-07-22T17:11:33.630
ATTEMPT 51 W0 START 4x2 seed=1508096 2026-07-22T17:11:33.631
ATTEMPT 51 W0 SOLVE 4x2 2026-07-22T17:11:33.638
ATTEMPT 51 W0 DONE 4x2 seed=1508096 nsol=16 0.03s 2026-07-22T17:11:33.671
ATTEMPT 52 W0 START 4x2 seed=1508097 2026-07-22T17:11:33.671
ATTEMPT 52 W0 SOLVE 4x2 2026-07-22T17:11:33.684
ATTEMPT 52 W0 DONE 4x2 seed=1508097 nsol=16 0.01s 2026-07-22T17:11:33.692
ATTEMPT 53 W0 START 4x2 seed=1508098 2026-07-22T17:11:33.692
ATTEMPT 53 W0 SOLVE 4x2 2026-07-22T17:11:33.697
ATTEMPT 53 W0 DONE 4x2 seed=1508098 nsol=16 0.01s 2026-07-22T17:11:33.709
ATTEMPT 54 W0 START 4x2 seed=1508099 2026-07-22T17:11:33.710
ATTEMPT 54 W0 SOLVE 4x2 2026-07-22T17:11:33.719
ATTEMPT 54 W0 DONE 4x2 seed=1508099 nsol=16 0.01s 2026-07-22T17:11:33.730
ATTEMPT 55 W0 START 4x2 seed=1508100 2026-07-22T17:11:33.731
ATTEMPT 55 W0 SOLVE 4x2 2026-07-22T17:11:33.744
ATTEMPT 55 W0 DONE 4x2 seed=1508100 nsol=16 0.01s 2026-07-22T17:11:33.761
ATTEMPT 56 W0 START 4x2 seed=1508101 2026-07-22T17:11:33.761
ATTEMPT 56 W0 SOLVE 4x2 2026-07-22T17:11:33.766
ATTEMPT 56 W0 DONE 4x2 seed=1508101 nsol=16 0.01s 2026-07-22T17:11:33.785
ATTEMPT 57 W0 START 4x2 seed=1508102 2026-07-22T17:11:33.786
ATTEMPT 57 W0 SOLVE 4x2 2026-07-22T17:11:33.816
ATTEMPT 57 W0 DONE 4x2 seed=1508102 nsol=16 0.01s 2026-07-22T17:11:33.825
ATTEMPT 58 W0 START 4x2 seed=1508103 2026-07-22T17:11:33.825
ATTEMPT 58 W0 SOLVE 4x2 2026-07-22T17:11:33.848
ATTEMPT 58 W0 DONE 4x2 seed=1508103 nsol=16 0.01s 2026-07-22T17:11:33.863
ATTEMPT 59 W0 START 4x2 seed=1508104 2026-07-22T17:11:33.863
ATTEMPT 59 W0 SOLVE 4x2 2026-07-22T17:11:33.887
ATTEMPT 59 W0 DONE 4x2 seed=1508104 nsol=16 0.02s 2026-07-22T17:11:33.903
ATTEMPT 60 W0 START 4x2 seed=1508105 2026-07-22T17:11:33.903
ATTEMPT 60 W0 SOLVE 4x2 2026-07-22T17:11:33.914
ATTEMPT 60 W0 DONE 4x2 seed=1508105 nsol=16 0.02s 2026-07-22T17:11:33.942
ATTEMPT 61 W0 START 4x2 seed=1508106 2026-07-22T17:11:33.943
ATTEMPT 61 W0 SOLVE 4x2 2026-07-22T17:11:33.956
ATTEMPT 61 W0 DONE 4x2 seed=1508106 nsol=16 0.01s 2026-07-22T17:11:33.974
ATTEMPT 62 W0 START 4x2 seed=1508107 2026-07-22T17:11:33.974
ATTEMPT 62 W0 SOLVE 4x2 2026-07-22T17:11:33.980
ATTEMPT 62 W0 DONE 4x2 seed=1508107 nsol=16 0.03s 2026-07-22T17:11:34.006
ATTEMPT 63 W0 START 4x2 seed=1508108 2026-07-22T17:11:34.007
ATTEMPT 63 W0 SOLVE 4x2 2026-07-22T17:11:34.013
ATTEMPT 63 W0 DONE 4x2 seed=1508108 nsol=16 0.02s 2026-07-22T17:11:34.030
ATTEMPT 64 W0 START 4x2 seed=1508109 2026-07-22T17:11:34.031
ATTEMPT 64 W0 SOLVE 4x2 2026-07-22T17:11:34.038
ATTEMPT 64 W0 DONE 4x2 seed=1508109 nsol=16 0.01s 2026-07-22T17:11:34.047
ATTEMPT 65 W0 START 4x2 seed=1508110 2026-07-22T17:11:34.047
ATTEMPT 65 W0 SOLVE 4x2 2026-07-22T17:11:34.059
ATTEMPT 65 W0 DONE 4x2 seed=1508110 nsol=16 0.01s 2026-07-22T17:11:34.069
ATTEMPT 66 W0 START 4x2 seed=1508111 2026-07-22T17:11:34.070
ATTEMPT 66 W0 SOLVE 4x2 2026-07-22T17:11:34.079
ATTEMPT 66 W0 DONE 4x2 seed=1508111 nsol=16 0.02s 2026-07-22T17:11:34.095
ATTEMPT 67 W0 START 4x2 seed=1508112 2026-07-22T17:11:34.096
ATTEMPT 67 W0 SOLVE 4x2 2026-07-22T17:11:34.106
ATTEMPT 67 W0 DONE 4x2 seed=1508112 nsol=16 0.01s 2026-07-22T17:11:34.124
ATTEMPT 68 W0 START 4x2 seed=1508113 2026-07-22T17:11:34.124
ATTEMPT 68 W0 SOLVE 4x2 2026-07-22T17:11:34.137
ATTEMPT 68 W0 DONE 4x2 seed=1508113 nsol=16 0.00s 2026-07-22T17:11:34.147
ATTEMPT 69 W0 START 4x2 seed=1508114 2026-07-22T17:11:34.147
ATTEMPT 69 W0 SOLVE 4x2 2026-07-22T17:11:34.157
ATTEMPT 69 W0 DONE 4x2 seed=1508114 nsol=16 0.01s 2026-07-22T17:11:34.169
ATTEMPT 70 W0 START 4x2 seed=1508115 2026-07-22T17:11:34.170
ATTEMPT 70 W0 SOLVE 4x2 2026-07-22T17:11:34.184
ATTEMPT 70 W0 DONE 4x2 seed=1508115 nsol=16 0.01s 2026-07-22T17:11:34.199
ATTEMPT 71 W0 START 4x2 seed=1508116 2026-07-22T17:11:34.199
ATTEMPT 71 W0 SOLVE 4x2 2026-07-22T17:11:34.212
ATTEMPT 71 W0 DONE 4x2 seed=1508116 nsol=16 0.01s 2026-07-22T17:11:34.225
ATTEMPT 72 W0 START 4x2 seed=1508117 2026-07-22T17:11:34.225
ATTEMPT 72 W0 SOLVE 4x2 2026-07-22T17:11:34.240
ATTEMPT 72 W0 DONE 4x2 seed=1508117 nsol=16 0.02s 2026-07-22T17:11:34.263
ATTEMPT 73 W0 START 4x2 seed=1508118 2026-07-22T17:11:34.263
ATTEMPT 73 W0 SOLVE 4x2 2026-07-22T17:11:34.273
ATTEMPT 73 W0 DONE 4x2 seed=1508118 nsol=16 0.02s 2026-07-22T17:11:34.298
ATTEMPT 74 W0 START 4x2 seed=1508119 2026-07-22T17:11:34.299
ATTEMPT 74 W0 SOLVE 4x2 2026-07-22T17:11:34.304
ATTEMPT 74 W0 DONE 4x2 seed=1508119 nsol=16 0.01s 2026-07-22T17:11:34.312
ATTEMPT 75 W0 START 4x2 seed=1508120 2026-07-22T17:11:34.313
ATTEMPT 75 W0 SOLVE 4x2 2026-07-22T17:11:34.318
ATTEMPT 75 W0 DONE 4x2 seed=1508120 nsol=16 0.01s 2026-07-22T17:11:34.324
ATTEMPT 76 W0 START 4x2 seed=1508121 2026-07-22T17:11:34.324
ATTEMPT 76 W0 SOLVE 4x2 2026-07-22T17:11:34.330
ATTEMPT 76 W0 DONE 4x2 seed=1508121 nsol=16 0.02s 2026-07-22T17:11:34.350
ATTEMPT 77 W0 START 4x2 seed=1508122 2026-07-22T17:11:34.351
ATTEMPT 77 W0 SOLVE 4x2 2026-07-22T17:11:34.357
ATTEMPT 77 W0 DONE 4x2 seed=1508122 nsol=16 0.01s 2026-07-22T17:11:34.367
ATTEMPT 78 W0 START 4x2 seed=1508123 2026-07-22T17:11:34.367
ATTEMPT 78 W0 SOLVE 4x2 2026-07-22T17:11:34.373
ATTEMPT 78 W0 DONE 4x2 seed=1508123 nsol=16 0.03s 2026-07-22T17:11:34.402
ATTEMPT 79 W0 START 4x2 seed=1508124 2026-07-22T17:11:34.403
ATTEMPT 79 W0 SOLVE 4x2 2026-07-22T17:11:34.408
ATTEMPT 79 W0 DONE 4x2 seed=1508124 nsol=16 0.02s 2026-07-22T17:11:34.431
ATTEMPT 80 W0 START 4x2 seed=1508125 2026-07-22T17:11:34.432
ATTEMPT 80 W0 SOLVE 4x2 2026-07-22T17:11:34.437
ATTEMPT 80 W0 DONE 4x2 seed=1508125 nsol=16 0.01s 2026-07-22T17:11:34.446
ATTEMPT 81 W0 START 4x2 seed=1508126 2026-07-22T17:11:34.446
ATTEMPT 81 W0 SOLVE 4x2 2026-07-22T17:11:34.453
ATTEMPT 81 W0 DONE 4x2 seed=1508126 nsol=16 0.01s 2026-07-22T17:11:34.466
ATTEMPT 82 W0 START 4x2 seed=1508127 2026-07-22T17:11:34.467
ATTEMPT 82 W0 SOLVE 4x2 2026-07-22T17:11:34.472
ATTEMPT 82 W0 DONE 4x2 seed=1508127 nsol=16 0.02s 2026-07-22T17:11:34.490
ATTEMPT 83 W0 START 4x2 seed=1508128 2026-07-22T17:11:34.491
ATTEMPT 83 W0 SOLVE 4x2 2026-07-22T17:11:34.497
ATTEMPT 83 W0 DONE 4x2 seed=1508128 nsol=16 0.02s 2026-07-22T17:11:34.518
ATTEMPT 84 W0 START 4x2 seed=1508129 2026-07-22T17:11:34.519
ATTEMPT 84 W0 SOLVE 4x2 2026-07-22T17:11:34.525
ATTEMPT 84 W0 DONE 4x2 seed=1508129 nsol=16 0.03s 2026-07-22T17:11:34.559
ATTEMPT 85 W0 START 4x2 seed=1508130 2026-07-22T17:11:34.559
ATTEMPT 85 W0 SOLVE 4x2 2026-07-22T17:11:34.569
ATTEMPT 85 W0 DONE 4x2 seed=1508130 nsol=16 0.03s 2026-07-22T17:11:34.603
ATTEMPT 86 W0 START 4x2 seed=1508131 2026-07-22T17:11:34.603
ATTEMPT 86 W0 SOLVE 4x2 2026-07-22T17:11:34.614
ATTEMPT 86 W0 DONE 4x2 seed=1508131 nsol=16 0.02s 2026-07-22T17:11:34.634
ATTEMPT 87 W0 START 4x2 seed=1508132 2026-07-22T17:11:34.635
ATTEMPT 87 W0 SOLVE 4x2 2026-07-22T17:11:34.640
ATTEMPT 87 W0 DONE 4x2 seed=1508132 nsol=16 0.02s 2026-07-22T17:11:34.659
ATTEMPT 88 W0 START 4x2 seed=1508133 2026-07-22T17:11:34.659
ATTEMPT 88 W0 SOLVE 4x2 2026-07-22T17:11:34.672
ATTEMPT 88 W0 DONE 4x2 seed=1508133 nsol=16 0.02s 2026-07-22T17:11:34.699
ATTEMPT 89 W0 START 4x2 seed=1508134 2026-07-22T17:11:34.699
ATTEMPT 89 W0 SOLVE 4x2 2026-07-22T17:11:34.712
ATTEMPT 89 W0 DONE 4x2 seed=1508134 nsol=16 0.03s 2026-07-22T17:11:34.742
ATTEMPT 90 W0 START 4x2 seed=1508135 2026-07-22T17:11:34.742
ATTEMPT 90 W0 SOLVE 4x2 2026-07-22T17:11:34.757
ATTEMPT 90 W0 DONE 4x2 seed=1508135 nsol=16 0.02s 2026-07-22T17:11:34.774
ATTEMPT 91 W0 START 4x2 seed=1508136 2026-07-22T17:11:34.775
ATTEMPT 91 W0 SOLVE 4x2 2026-07-22T17:11:34.792
ATTEMPT 91 W0 DONE 4x2 seed=1508136 nsol=16 0.02s 2026-07-22T17:11:34.811
ATTEMPT 92 W0 START 4x2 seed=1508137 2026-07-22T17:11:34.811
ATTEMPT 92 W0 SOLVE 4x2 2026-07-22T17:11:34.820
ATTEMPT 92 W0 DONE 4x2 seed=1508137 nsol=16 0.02s 2026-07-22T17:11:34.838
ATTEMPT 93 W0 START 4x2 seed=1508138 2026-07-22T17:11:34.838
ATTEMPT 93 W0 SOLVE 4x2 2026-07-22T17:11:34.846
ATTEMPT 93 W0 DONE 4x2 seed=1508138 nsol=16 0.01s 2026-07-22T17:11:34.874
ATTEMPT 94 W0 START 4x2 seed=1508139 2026-07-22T17:11:34.874
ATTEMPT 94 W0 SOLVE 4x2 2026-07-22T17:11:34.892
ATTEMPT 94 W0 DONE 4x2 seed=1508139 nsol=16 0.01s 2026-07-22T17:11:34.913
ATTEMPT 95 W0 START 4x2 seed=1508140 2026-07-22T17:11:34.913
ATTEMPT 95 W0 SOLVE 4x2 2026-07-22T17:11:34.927
ATTEMPT 95 W0 DONE 4x2 seed=1508140 nsol=16 0.02s 2026-07-22T17:11:34.950
ATTEMPT 96 W0 START 4x2 seed=1508141 2026-07-22T17:11:34.950
ATTEMPT 96 W0 SOLVE 4x2 2026-07-22T17:11:34.968
ATTEMPT 96 W0 DONE 4x2 seed=1508141 nsol=16 0.03s 2026-07-22T17:11:35.001
ATTEMPT 97 W0 START 4x2 seed=1508142 2026-07-22T17:11:35.001
ATTEMPT 97 W0 SOLVE 4x2 2026-07-22T17:11:35.023
ATTEMPT 97 W0 DONE 4x2 seed=1508142 nsol=16 0.01s 2026-07-22T17:11:35.038
ATTEMPT 98 W0 START 4x2 seed=1508143 2026-07-22T17:11:35.038
ATTEMPT 98 W0 SOLVE 4x2 2026-07-22T17:11:35.051
ATTEMPT 98 W0 DONE 4x2 seed=1508143 nsol=16 0.03s 2026-07-22T17:11:35.079
ATTEMPT 99 W0 START 4x2 seed=1508144 2026-07-22T17:11:35.079
ATTEMPT 99 W0 SOLVE 4x2 2026-07-22T17:11:35.088
ATTEMPT 99 W0 DONE 4x2 seed=1508144 nsol=16 0.15s 2026-07-22T17:11:35.242
ATTEMPT 100 W0 START 4x2 seed=1508145 2026-07-22T17:11:35.243
ATTEMPT 100 W0 SOLVE 4x2 2026-07-22T17:11:35.257
ATTEMPT 100 W0 DONE 4x2 seed=1508145 nsol=16 0.03s 2026-07-22T17:11:35.291
ATTEMPT 101 W0 START 4x2 seed=1508146 2026-07-22T17:11:35.291
ATTEMPT 101 W0 SOLVE 4x2 2026-07-22T17:11:35.302
ATTEMPT 101 W0 DONE 4x2 seed=1508146 nsol=16 0.01s 2026-07-22T17:11:35.325
ATTEMPT 102 W0 START 4x2 seed=1508147 2026-07-22T17:11:35.325
ATTEMPT 102 W0 SOLVE 4x2 2026-07-22T17:11:35.344
ATTEMPT 102 W0 DONE 4x2 seed=1508147 nsol=16 0.03s 2026-07-22T17:11:35.370
ATTEMPT 103 W0 START 4x2 seed=1508148 2026-07-22T17:11:35.370
ATTEMPT 103 W0 SOLVE 4x2 2026-07-22T17:11:35.381
ATTEMPT 103 W0 DONE 4x2 seed=1508148 nsol=16 0.01s 2026-07-22T17:11:35.393
ATTEMPT 104 W0 START 4x2 seed=1508149 2026-07-22T17:11:35.393
ATTEMPT 104 W0 SOLVE 4x2 2026-07-22T17:11:35.398
ATTEMPT 104 W0 DONE 4x2 seed=1508149 nsol=16 0.04s 2026-07-22T17:11:35.438
ATTEMPT 105 W0 START 4x2 seed=1508150 2026-07-22T17:11:35.439
ATTEMPT 105 W0 SOLVE 4x2 2026-07-22T17:11:35.453
ATTEMPT 105 W0 DONE 4x2 seed=1508150 nsol=16 0.02s 2026-07-22T17:11:35.472
ATTEMPT 106 W0 START 4x2 seed=1508151 2026-07-22T17:11:35.472
ATTEMPT 106 W0 SOLVE 4x2 2026-07-22T17:11:35.481
ATTEMPT 106 W0 DONE 4x2 seed=1508151 nsol=16 0.03s 2026-07-22T17:11:35.508
ATTEMPT 107 W0 START 4x2 seed=1508152 2026-07-22T17:11:35.508
ATTEMPT 107 W0 SOLVE 4x2 2026-07-22T17:11:35.531
ATTEMPT 107 W0 DONE 4x2 seed=1508152 nsol=16 0.01s 2026-07-22T17:11:35.543
ATTEMPT 108 W0 START 4x2 seed=1508153 2026-07-22T17:11:35.543
ATTEMPT 108 W0 SOLVE 4x2 2026-07-22T17:11:35.549
ATTEMPT 108 W0 DONE 4x2 seed=1508153 nsol=16 0.02s 2026-07-22T17:11:35.575
ATTEMPT 109 W0 START 4x2 seed=1508154 2026-07-22T17:11:35.575
ATTEMPT 109 W0 SOLVE 4x2 2026-07-22T17:11:35.585
ATTEMPT 109 W0 DONE 4x2 seed=1508154 nsol=16 0.02s 2026-07-22T17:11:35.606
ATTEMPT 110 W0 START 4x2 seed=1508155 2026-07-22T17:11:35.606
ATTEMPT 110 W0 SOLVE 4x2 2026-07-22T17:11:35.616
ATTEMPT 110 W0 DONE 4x2 seed=1508155 nsol=16 0.01s 2026-07-22T17:11:35.628
ATTEMPT 111 W0 START 4x2 seed=1508156 2026-07-22T17:11:35.630
ATTEMPT 111 W0 SOLVE 4x2 2026-07-22T17:11:35.639
ATTEMPT 111 W0 DONE 4x2 seed=1508156 nsol=16 0.02s 2026-07-22T17:11:35.654
ATTEMPT 112 W0 START 4x2 seed=1508157 2026-07-22T17:11:35.655
ATTEMPT 112 W0 SOLVE 4x2 2026-07-22T17:11:35.660
ATTEMPT 112 W0 DONE 4x2 seed=1508157 nsol=16 0.01s 2026-07-22T17:11:35.674
ATTEMPT 113 W0 START 4x2 seed=1508158 2026-07-22T17:11:35.675
ATTEMPT 113 W0 SOLVE 4x2 2026-07-22T17:11:35.680
ATTEMPT 113 W0 DONE 4x2 seed=1508158 nsol=16 0.03s 2026-07-22T17:11:35.708
ATTEMPT 114 W0 START 4x2 seed=1508159 2026-07-22T17:11:35.708
ATTEMPT 114 W0 SOLVE 4x2 2026-07-22T17:11:35.719
ATTEMPT 114 W0 DONE 4x2 seed=1508159 nsol=16 0.02s 2026-07-22T17:11:35.742
ATTEMPT 115 W0 START 4x2 seed=1508160 2026-07-22T17:11:35.743
ATTEMPT 115 W0 SOLVE 4x2 2026-07-22T17:11:35.753
ATTEMPT 115 W0 DONE 4x2 seed=1508160 nsol=16 0.01s 2026-07-22T17:11:35.771
ATTEMPT 116 W0 START 4x2 seed=1508161 2026-07-22T17:11:35.771
ATTEMPT 116 W0 SOLVE 4x2 2026-07-22T17:11:35.781
ATTEMPT 116 W0 DONE 4x2 seed=1508161 nsol=16 0.02s 2026-07-22T17:11:35.799
ATTEMPT 117 W0 START 4x2 seed=1508162 2026-07-22T17:11:35.799
ATTEMPT 117 W0 SOLVE 4x2 2026-07-22T17:11:35.813
ATTEMPT 117 W0 DONE 4x2 seed=1508162 nsol=16 0.01s 2026-07-22T17:11:35.825
ATTEMPT 118 W0 START 4x2 seed=1508163 2026-07-22T17:11:35.826
ATTEMPT 118 W0 SOLVE 4x2 2026-07-22T17:11:35.835
ATTEMPT 118 W0 DONE 4x2 seed=1508163 nsol=16 0.01s 2026-07-22T17:11:35.846
ATTEMPT 119 W0 START 4x2 seed=1508164 2026-07-22T17:11:35.846
ATTEMPT 119 W0 SOLVE 4x2 2026-07-22T17:11:35.857
ATTEMPT 119 W0 DONE 4x2 seed=1508164 nsol=16 0.02s 2026-07-22T17:11:35.879
ATTEMPT 120 W0 START 4x2 seed=1508165 2026-07-22T17:11:35.879
ATTEMPT 120 W0 SOLVE 4x2 2026-07-22T17:11:35.886
ATTEMPT 120 W0 DONE 4x2 seed=1508165 nsol=16 0.01s 2026-07-22T17:11:35.893
ATTEMPT 121 W0 START 4x2 seed=1508166 2026-07-22T17:11:35.894
ATTEMPT 121 W0 SOLVE 4x2 2026-07-22T17:11:35.900
ATTEMPT 121 W0 DONE 4x2 seed=1508166 nsol=16 0.03s 2026-07-22T17:11:35.926
ATTEMPT 122 W0 START 4x2 seed=1508167 2026-07-22T17:11:35.927
ATTEMPT 122 W0 SOLVE 4x2 2026-07-22T17:11:35.932
ATTEMPT 122 W0 DONE 4x2 seed=1508167 nsol=16 0.01s 2026-07-22T17:11:35.946
ATTEMPT 123 W0 START 4x2 seed=1508168 2026-07-22T17:11:35.947
ATTEMPT 123 W0 SOLVE 4x2 2026-07-22T17:11:35.952
ATTEMPT 123 W0 DONE 4x2 seed=1508168 nsol=16 0.02s 2026-07-22T17:11:35.967
ATTEMPT 124 W0 START 4x2 seed=1508169 2026-07-22T17:11:35.968
ATTEMPT 124 W0 SOLVE 4x2 2026-07-22T17:11:35.973
ATTEMPT 124 W0 DONE 4x2 seed=1508169 nsol=16 0.02s 2026-07-22T17:11:35.990
ATTEMPT 125 W0 START 4x2 seed=1508170 2026-07-22T17:11:35.990
ATTEMPT 125 W0 SOLVE 4x2 2026-07-22T17:11:36
ATTEMPT 125 W0 DONE 4x2 seed=1508170 nsol=16 0.02s 2026-07-22T17:11:36.019
ATTEMPT 126 W0 START 4x2 seed=1508171 2026-07-22T17:11:36.019
ATTEMPT 126 W0 SOLVE 4x2 2026-07-22T17:11:36.024
ATTEMPT 126 W0 DONE 4x2 seed=1508171 nsol=16 0.01s 2026-07-22T17:11:36.035
ATTEMPT 127 W0 START 4x2 seed=1508172 2026-07-22T17:11:36.035
ATTEMPT 127 W0 SOLVE 4x2 2026-07-22T17:11:36.045
ATTEMPT 127 W0 DONE 4x2 seed=1508172 nsol=16 0.01s 2026-07-22T17:11:36.059
ATTEMPT 128 W0 START 4x2 seed=1508173 2026-07-22T17:11:36.059
ATTEMPT 128 W0 SOLVE 4x2 2026-07-22T17:11:36.064
ATTEMPT 128 W0 DONE 4x2 seed=1508173 nsol=16 0.02s 2026-07-22T17:11:36.086
ATTEMPT 129 W0 START 4x2 seed=1508174 2026-07-22T17:11:36.087
ATTEMPT 129 W0 SOLVE 4x2 2026-07-22T17:11:36.092
ATTEMPT 129 W0 DONE 4x2 seed=1508174 nsol=16 0.01s 2026-07-22T17:11:36.106
ATTEMPT 130 W0 START 4x2 seed=1508175 2026-07-22T17:11:36.107
ATTEMPT 130 W0 SOLVE 4x2 2026-07-22T17:11:36.114
ATTEMPT 130 W0 DONE 4x2 seed=1508175 nsol=16 0.02s 2026-07-22T17:11:36.130
ATTEMPT 131 W0 START 4x2 seed=1508176 2026-07-22T17:11:36.131
ATTEMPT 131 W0 SOLVE 4x2 2026-07-22T17:11:36.136
ATTEMPT 131 W0 DONE 4x2 seed=1508176 nsol=16 0.02s 2026-07-22T17:11:36.154
ATTEMPT 132 W0 START 4x2 seed=1508177 2026-07-22T17:11:36.155
ATTEMPT 132 W0 SOLVE 4x2 2026-07-22T17:11:36.162
ATTEMPT 132 W0 DONE 4x2 seed=1508177 nsol=16 0.02s 2026-07-22T17:11:36.182
ATTEMPT 133 W0 START 4x2 seed=1508178 2026-07-22T17:11:36.183
ATTEMPT 133 W0 SOLVE 4x2 2026-07-22T17:11:36.188
ATTEMPT 133 W0 DONE 4x2 seed=1508178 nsol=16 0.00s 2026-07-22T17:11:36.199
ATTEMPT 134 W0 START 4x2 seed=1508179 2026-07-22T17:11:36.199
ATTEMPT 134 W0 SOLVE 4x2 2026-07-22T17:11:36.209
ATTEMPT 134 W0 DONE 4x2 seed=1508179 nsol=16 0.01s 2026-07-22T17:11:36.217
ATTEMPT 135 W0 START 4x2 seed=1508180 2026-07-22T17:11:36.217
ATTEMPT 135 W0 SOLVE 4x2 2026-07-22T17:11:36.226
ATTEMPT 135 W0 DONE 4x2 seed=1508180 nsol=16 0.01s 2026-07-22T17:11:36.238
ATTEMPT 136 W0 START 4x2 seed=1508181 2026-07-22T17:11:36.238
ATTEMPT 136 W0 SOLVE 4x2 2026-07-22T17:11:36.248
ATTEMPT 136 W0 DONE 4x2 seed=1508181 nsol=16 0.01s 2026-07-22T17:11:36.262
ATTEMPT 137 W0 START 4x2 seed=1508182 2026-07-22T17:11:36.263
ATTEMPT 137 W0 SOLVE 4x2 2026-07-22T17:11:36.272
ATTEMPT 137 W0 DONE 4x2 seed=1508182 nsol=16 0.02s 2026-07-22T17:11:36.294
ATTEMPT 138 W0 START 4x2 seed=1508183 2026-07-22T17:11:36.298
ATTEMPT 138 W0 SOLVE 4x2 2026-07-22T17:11:36.309
ATTEMPT 138 W0 DONE 4x2 seed=1508183 nsol=16 0.01s 2026-07-22T17:11:36.318
ATTEMPT 139 W0 START 4x2 seed=1508184 2026-07-22T17:11:36.318
ATTEMPT 139 W0 SOLVE 4x2 2026-07-22T17:11:36.327
ATTEMPT 139 W0 DONE 4x2 seed=1508184 nsol=16 0.02s 2026-07-22T17:11:36.342
ATTEMPT 140 W0 START 4x2 seed=1508185 2026-07-22T17:11:36.343
ATTEMPT 140 W0 SOLVE 4x2 2026-07-22T17:11:36.349
ATTEMPT 140 W0 DONE 4x2 seed=1508185 nsol=16 0.02s 2026-07-22T17:11:36.371
ATTEMPT 141 W0 START 4x2 seed=1508186 2026-07-22T17:11:36.371
ATTEMPT 141 W0 SOLVE 4x2 2026-07-22T17:11:36.381
ATTEMPT 141 W0 DONE 4x2 seed=1508186 nsol=16 0.02s 2026-07-22T17:11:36.397
ATTEMPT 142 W0 START 4x2 seed=1508187 2026-07-22T17:11:36.397
ATTEMPT 142 W0 SOLVE 4x2 2026-07-22T17:11:36.419
ATTEMPT 142 W0 DONE 4x2 seed=1508187 nsol=16 0.02s 2026-07-22T17:11:36.441
ATTEMPT 143 W0 START 4x2 seed=1508188 2026-07-22T17:11:36.442
ATTEMPT 143 W0 SOLVE 4x2 2026-07-22T17:11:36.459
ATTEMPT 143 W0 DONE 4x2 seed=1508188 nsol=16 0.01s 2026-07-22T17:11:36.473
ATTEMPT 144 W0 START 4x2 seed=1508189 2026-07-22T17:11:36.474
ATTEMPT 144 W0 SOLVE 4x2 2026-07-22T17:11:36.496
ATTEMPT 144 W0 DONE 4x2 seed=1508189 nsol=16 0.01s 2026-07-22T17:11:36.509
ATTEMPT 145 W0 START 4x2 seed=1508190 2026-07-22T17:11:36.510
ATTEMPT 145 W0 SOLVE 4x2 2026-07-22T17:11:36.525
ATTEMPT 145 W0 DONE 4x2 seed=1508190 nsol=16 0.03s 2026-07-22T17:11:36.562
ATTEMPT 146 W0 START 4x2 seed=1508191 2026-07-22T17:11:36.563
ATTEMPT 146 W0 SOLVE 4x2 2026-07-22T17:11:36.576
ATTEMPT 146 W0 DONE 4x2 seed=1508191 nsol=16 0.02s 2026-07-22T17:11:36.595
ATTEMPT 147 W0 START 4x2 seed=1508192 2026-07-22T17:11:36.595
ATTEMPT 147 W0 SOLVE 4x2 2026-07-22T17:11:36.608
ATTEMPT 147 W0 DONE 4x2 seed=1508192 nsol=16 0.03s 2026-07-22T17:11:36.639
ATTEMPT 148 W0 START 4x2 seed=1508193 2026-07-22T17:11:36.639
ATTEMPT 148 W0 SOLVE 4x2 2026-07-22T17:11:36.648
ATTEMPT 148 W0 DONE 4x2 seed=1508193 nsol=16 0.02s 2026-07-22T17:11:36.674
ATTEMPT 149 W0 START 4x2 seed=1508194 2026-07-22T17:11:36.675
ATTEMPT 149 W0 SOLVE 4x2 2026-07-22T17:11:36.686
ATTEMPT 149 W0 DONE 4x2 seed=1508194 nsol=16 0.03s 2026-07-22T17:11:36.718
ATTEMPT 150 W0 START 4x2 seed=1508195 2026-07-22T17:11:36.719
ATTEMPT 150 W0 SOLVE 4x2 2026-07-22T17:11:36.730
ATTEMPT 150 W0 DONE 4x2 seed=1508195 nsol=16 0.02s 2026-07-22T17:11:36.750
ATTEMPT 151 W0 START 4x2 seed=1508196 2026-07-22T17:11:36.751
ATTEMPT 151 W0 SOLVE 4x2 2026-07-22T17:11:36.761
ATTEMPT 151 W0 DONE 4x2 seed=1508196 nsol=16 0.02s 2026-07-22T17:11:36.778
ATTEMPT 152 W0 START 4x2 seed=1508197 2026-07-22T17:11:36.779
ATTEMPT 152 W0 SOLVE 4x2 2026-07-22T17:11:36.785
ATTEMPT 152 W0 DONE 4x2 seed=1508197 nsol=16 0.02s 2026-07-22T17:11:36.802
ATTEMPT 153 W0 START 4x2 seed=1508198 2026-07-22T17:11:36.803
ATTEMPT 153 W0 SOLVE 4x2 2026-07-22T17:11:36.808
ATTEMPT 153 W0 DONE 4x2 seed=1508198 nsol=16 0.01s 2026-07-22T17:11:36.822
ATTEMPT 154 W0 START 4x2 seed=1508199 2026-07-22T17:11:36.823
ATTEMPT 154 W0 SOLVE 4x2 2026-07-22T17:11:36.828
ATTEMPT 154 W0 DONE 4x2 seed=1508199 nsol=16 0.02s 2026-07-22T17:11:36.850
ATTEMPT 155 W0 START 4x2 seed=1508200 2026-07-22T17:11:36.851
ATTEMPT 155 W0 SOLVE 4x2 2026-07-22T17:11:36.860
ATTEMPT 155 W0 DONE 4x2 seed=1508200 nsol=16 0.01s 2026-07-22T17:11:36.875
ATTEMPT 156 W0 START 4x2 seed=1508201 2026-07-22T17:11:36.875
ATTEMPT 156 W0 SOLVE 4x2 2026-07-22T17:11:36.880
ATTEMPT 156 W0 DONE 4x2 seed=1508201 nsol=16 0.01s 2026-07-22T17:11:36.894
ATTEMPT 157 W0 START 4x2 seed=1508202 2026-07-22T17:11:36.895
ATTEMPT 157 W0 SOLVE 4x2 2026-07-22T17:11:36.900
ATTEMPT 157 W0 DONE 4x2 seed=1508202 nsol=16 0.02s 2026-07-22T17:11:36.918
ATTEMPT 158 W0 START 4x2 seed=1508203 2026-07-22T17:11:36.919
ATTEMPT 158 W0 SOLVE 4x2 2026-07-22T17:11:36.926
ATTEMPT 158 W0 DONE 4x2 seed=1508203 nsol=16 0.01s 2026-07-22T17:11:36.939
ATTEMPT 159 W0 START 4x2 seed=1508204 2026-07-22T17:11:36.940
ATTEMPT 159 W0 SOLVE 4x2 2026-07-22T17:11:36.948
ATTEMPT 159 W0 DONE 4x2 seed=1508204 nsol=16 0.02s 2026-07-22T17:11:36.968
ATTEMPT 160 W0 START 4x2 seed=1508205 2026-07-22T17:11:36.968
ATTEMPT 160 W0 SOLVE 4x2 2026-07-22T17:11:36.975
ATTEMPT 160 W0 DONE 4x2 seed=1508205 nsol=16 0.08s 2026-07-22T17:11:37.054
ATTEMPT 161 W0 START 4x2 seed=1508206 2026-07-22T17:11:37.055
ATTEMPT 161 W0 SOLVE 4x2 2026-07-22T17:11:37.074
ATTEMPT 161 W0 DONE 4x2 seed=1508206 nsol=16 0.02s 2026-07-22T17:11:37.102
ATTEMPT 162 W0 START 4x2 seed=1508207 2026-07-22T17:11:37.103
ATTEMPT 162 W0 SOLVE 4x2 2026-07-22T17:11:37.112
ATTEMPT 162 W0 DONE 4x2 seed=1508207 nsol=16 0.02s 2026-07-22T17:11:37.130
ATTEMPT 163 W0 START 4x2 seed=1508208 2026-07-22T17:11:37.130
ATTEMPT 163 W0 SOLVE 4x2 2026-07-22T17:11:37.141
ATTEMPT 163 W0 DONE 4x2 seed=1508208 nsol=16 0.01s 2026-07-22T17:11:37.158
ATTEMPT 164 W0 START 4x2 seed=1508209 2026-07-22T17:11:37.159
ATTEMPT 164 W0 SOLVE 4x2 2026-07-22T17:11:37.169
ATTEMPT 164 W0 DONE 4x2 seed=1508209 nsol=16 0.01s 2026-07-22T17:11:37.182
ATTEMPT 165 W0 START 4x2 seed=1508210 2026-07-22T17:11:37.183
ATTEMPT 165 W0 SOLVE 4x2 2026-07-22T17:11:37.188
ATTEMPT 165 W0 DONE 4x2 seed=1508210 nsol=16 0.00s 2026-07-22T17:11:37.199
ATTEMPT 166 W0 START 4x2 seed=1508211 2026-07-22T17:11:37.199
ATTEMPT 166 W0 SOLVE 4x2 2026-07-22T17:11:37.204
ATTEMPT 166 W0 DONE 4x2 seed=1508211 nsol=16 0.02s 2026-07-22T17:11:37.223
ATTEMPT 167 W0 START 4x2 seed=1508212 2026-07-22T17:11:37.223
ATTEMPT 167 W0 SOLVE 4x2 2026-07-22T17:11:37.229
ATTEMPT 167 W0 DONE 4x2 seed=1508212 nsol=16 0.01s 2026-07-22T17:11:37.234
ATTEMPT 168 W0 START 4x2 seed=1508213 2026-07-22T17:11:37.234
ATTEMPT 168 W0 SOLVE 4x2 2026-07-22T17:11:37.241
ATTEMPT 168 W0 DONE 4x2 seed=1508213 nsol=16 0.02s 2026-07-22T17:11:37.262
ATTEMPT 169 W0 START 4x2 seed=1508214 2026-07-22T17:11:37.263
ATTEMPT 169 W0 SOLVE 4x2 2026-07-22T17:11:37.268
ATTEMPT 169 W0 DONE 4x2 seed=1508214 nsol=16 0.01s 2026-07-22T17:11:37.274
ATTEMPT 170 W0 START 4x2 seed=1508215 2026-07-22T17:11:37.274
ATTEMPT 170 W0 SOLVE 4x2 2026-07-22T17:11:37.281
ATTEMPT 170 W0 DONE 4x2 seed=1508215 nsol=16 0.02s 2026-07-22T17:11:37.302
ATTEMPT 171 W0 START 4x2 seed=1508216 2026-07-22T17:11:37.303
ATTEMPT 171 W0 SOLVE 4x2 2026-07-22T17:11:37.308
ATTEMPT 171 W0 DONE 4x2 seed=1508216 nsol=16 0.01s 2026-07-22T17:11:37.322
ATTEMPT 172 W0 START 4x2 seed=1508217 2026-07-22T17:11:37.323
ATTEMPT 172 W0 SOLVE 4x2 2026-07-22T17:11:37.329
ATTEMPT 172 W0 DONE 4x2 seed=1508217 nsol=16 0.01s 2026-07-22T17:11:37.341
ATTEMPT 173 W0 START 4x2 seed=1508218 2026-07-22T17:11:37.342
ATTEMPT 173 W0 SOLVE 4x2 2026-07-22T17:11:37.349
ATTEMPT 173 W0 DONE 4x2 seed=1508218 nsol=16 0.02s 2026-07-22T17:11:37.366
ATTEMPT 174 W0 START 4x2 seed=1508219 2026-07-22T17:11:37.367
ATTEMPT 174 W0 SOLVE 4x2 2026-07-22T17:11:37.371
ATTEMPT 174 W0 DONE 4x2 seed=1508219 nsol=16 0.01s 2026-07-22T17:11:37.386
ATTEMPT 175 W0 START 4x2 seed=1508220 2026-07-22T17:11:37.387
ATTEMPT 175 W0 SOLVE 4x2 2026-07-22T17:11:37.392
ATTEMPT 175 W0 DONE 4x2 seed=1508220 nsol=16 0.02s 2026-07-22T17:11:37.409
ATTEMPT 176 W0 START 4x2 seed=1508221 2026-07-22T17:11:37.409
ATTEMPT 176 W0 SOLVE 4x2 2026-07-22T17:11:37.415
ATTEMPT 176 W0 DONE 4x2 seed=1508221 nsol=16 0.01s 2026-07-22T17:11:37.421
ATTEMPT 177 W0 START 4x2 seed=1508222 2026-07-22T17:11:37.421
ATTEMPT 177 W0 SOLVE 4x2 2026-07-22T17:11:37.427
ATTEMPT 177 W0 DONE 4x2 seed=1508222 nsol=16 0.01s 2026-07-22T17:11:37.442
ATTEMPT 178 W0 START 4x2 seed=1508223 2026-07-22T17:11:37.443
ATTEMPT 178 W0 SOLVE 4x2 2026-07-22T17:11:37.449
ATTEMPT 178 W0 DONE 4x2 seed=1508223 nsol=16 0.02s 2026-07-22T17:11:37.465
ATTEMPT 179 W0 START 4x2 seed=1508224 2026-07-22T17:11:37.465
ATTEMPT 179 W0 SOLVE 4x2 2026-07-22T17:11:37.470
ATTEMPT 179 W0 DONE 4x2 seed=1508224 nsol=16 0.02s 2026-07-22T17:11:37.485
ATTEMPT 180 W0 START 4x2 seed=1508225 2026-07-22T17:11:37.486
ATTEMPT 180 W0 SOLVE 4x2 2026-07-22T17:11:37.491
ATTEMPT 180 W0 DONE 4x2 seed=1508225 nsol=16 0.01s 2026-07-22T17:11:37.497
ATTEMPT 181 W0 START 4x2 seed=1508226 2026-07-22T17:11:37.497
ATTEMPT 181 W0 SOLVE 4x2 2026-07-22T17:11:37.502
ATTEMPT 181 W0 DONE 4x2 seed=1508226 nsol=16 0.01s 2026-07-22T17:11:37.514
ATTEMPT 182 W0 START 4x2 seed=1508227 2026-07-22T17:11:37.514
ATTEMPT 182 W0 SOLVE 4x2 2026-07-22T17:11:37.520
ATTEMPT 182 W0 DONE 4x2 seed=1508227 nsol=16 0.01s 2026-07-22T17:11:37.526
ATTEMPT 183 W0 START 4x2 seed=1508228 2026-07-22T17:11:37.526
ATTEMPT 183 W0 SOLVE 4x2 2026-07-22T17:11:37.531
ATTEMPT 183 W0 DONE 4x2 seed=1508228 nsol=16 0.01s 2026-07-22T17:11:37.546
ATTEMPT 184 W0 START 4x2 seed=1508229 2026-07-22T17:11:37.547
ATTEMPT 184 W0 SOLVE 4x2 2026-07-22T17:11:37.551
ATTEMPT 184 W0 DONE 4x2 seed=1508229 nsol=16 0.01s 2026-07-22T17:11:37.562
ATTEMPT 185 W0 START 4x2 seed=1508230 2026-07-22T17:11:37.562
ATTEMPT 185 W0 SOLVE 4x2 2026-07-22T17:11:37.567
ATTEMPT 185 W0 DONE 4x2 seed=1508230 nsol=16 0.01s 2026-07-22T17:11:37.574
ATTEMPT 186 W0 START 4x2 seed=1508231 2026-07-22T17:11:37.574
ATTEMPT 186 W0 SOLVE 4x2 2026-07-22T17:11:37.579
ATTEMPT 186 W0 DONE 4x2 seed=1508231 nsol=16 0.01s 2026-07-22T17:11:37.586
ATTEMPT 187 W0 START 4x2 seed=1508232 2026-07-22T17:11:37.586
ATTEMPT 187 W0 SOLVE 4x2 2026-07-22T17:11:37.592
ATTEMPT 187 W0 DONE 4x2 seed=1508232 nsol=16 0.02s 2026-07-22T17:11:37.614
ATTEMPT 188 W0 START 4x2 seed=1508233 2026-07-22T17:11:37.615
ATTEMPT 188 W0 SOLVE 4x2 2026-07-22T17:11:37.620
ATTEMPT 188 W0 DONE 4x2 seed=1508233 nsol=16 0.02s 2026-07-22T17:11:37.638
ATTEMPT 189 W0 START 4x2 seed=1508234 2026-07-22T17:11:37.639
ATTEMPT 189 W0 SOLVE 4x2 2026-07-22T17:11:37.644
ATTEMPT 189 W0 DONE 4x2 seed=1508234 nsol=16 0.01s 2026-07-22T17:11:37.654
ATTEMPT 190 W0 START 4x2 seed=1508235 2026-07-22T17:11:37.655
ATTEMPT 190 W0 SOLVE 4x2 2026-07-22T17:11:37.661
ATTEMPT 190 W0 DONE 4x2 seed=1508235 nsol=16 0.01s 2026-07-22T17:11:37.672
ATTEMPT 191 W0 START 4x2 seed=1508236 2026-07-22T17:11:37.673
ATTEMPT 191 W0 SOLVE 4x2 2026-07-22T17:11:37.678
ATTEMPT 191 W0 DONE 4x2 seed=1508236 nsol=16 0.01s 2026-07-22T17:11:37.690
ATTEMPT 192 W0 START 4x2 seed=1508237 2026-07-22T17:11:37.691
ATTEMPT 192 W0 SOLVE 4x2 2026-07-22T17:11:37.696
ATTEMPT 192 W0 DONE 4x2 seed=1508237 nsol=16 0.01s 2026-07-22T17:11:37.710
ATTEMPT 193 W0 START 4x2 seed=1508238 2026-07-22T17:11:37.711
ATTEMPT 193 W0 SOLVE 4x2 2026-07-22T17:11:37.718
ATTEMPT 193 W0 DONE 4x2 seed=1508238 nsol=16 0.01s 2026-07-22T17:11:37.725
ATTEMPT 194 W0 START 4x2 seed=1508239 2026-07-22T17:11:37.725
ATTEMPT 194 W0 SOLVE 4x2 2026-07-22T17:11:37.731
ATTEMPT 194 W0 DONE 4x2 seed=1508239 nsol=16 0.01s 2026-07-22T17:11:37.743
ATTEMPT 195 W0 START 4x2 seed=1508240 2026-07-22T17:11:37.743
ATTEMPT 195 W0 SOLVE 4x2 2026-07-22T17:11:37.749
ATTEMPT 195 W0 DONE 4x2 seed=1508240 nsol=16 0.02s 2026-07-22T17:11:37.765
ATTEMPT 196 W0 START 4x2 seed=1508241 2026-07-22T17:11:37.765
ATTEMPT 196 W0 SOLVE 4x2 2026-07-22T17:11:37.771
ATTEMPT 196 W0 DONE 4x2 seed=1508241 nsol=16 0.01s 2026-07-22T17:11:37.777
ATTEMPT 197 W0 START 4x2 seed=1508242 2026-07-22T17:11:37.777
ATTEMPT 197 W0 SOLVE 4x2 2026-07-22T17:11:37.782
ATTEMPT 197 W0 DONE 4x2 seed=1508242 nsol=16 0.02s 2026-07-22T17:11:37.798
ATTEMPT 198 W0 START 4x2 seed=1508243 2026-07-22T17:11:37.798
ATTEMPT 198 W0 SOLVE 4x2 2026-07-22T17:11:37.805
ATTEMPT 198 W0 DONE 4x2 seed=1508243 nsol=16 0.02s 2026-07-22T17:11:37.822
ATTEMPT 199 W0 START 4x2 seed=1508244 2026-07-22T17:11:37.822
ATTEMPT 199 W0 SOLVE 4x2 2026-07-22T17:11:37.827
ATTEMPT 199 W0 DONE 4x2 seed=1508244 nsol=16 0.01s 2026-07-22T17:11:37.838
ATTEMPT 200 W0 START 4x2 seed=1508245 2026-07-22T17:11:37.838
ATTEMPT 200 W0 SOLVE 4x2 2026-07-22T17:11:37.846
ATTEMPT 200 W0 DONE 4x2 seed=1508245 nsol=16 0.01s 2026-07-22T17:11:37.866
ATTEMPT 201 W0 START 4x2 seed=1508246 2026-07-22T17:11:37.867
ATTEMPT 201 W0 SOLVE 4x2 2026-07-22T17:11:37.872
ATTEMPT 201 W0 DONE 4x2 seed=1508246 nsol=16 0.02s 2026-07-22T17:11:37.890
ATTEMPT 202 W0 START 4x2 seed=1508247 2026-07-22T17:11:37.891
ATTEMPT 202 W0 SOLVE 4x2 2026-07-22T17:11:37.901
ATTEMPT 202 W0 DONE 4x2 seed=1508247 nsol=16 0.01s 2026-07-22T17:11:37.913
ATTEMPT 203 W0 START 4x2 seed=1508248 2026-07-22T17:11:37.913
ATTEMPT 203 W0 SOLVE 4x2 2026-07-22T17:11:37.923
ATTEMPT 203 W0 DONE 4x2 seed=1508248 nsol=16 0.01s 2026-07-22T17:11:37.934
ATTEMPT 204 W0 START 4x2 seed=1508249 2026-07-22T17:11:37.935
ATTEMPT 204 W0 SOLVE 4x2 2026-07-22T17:11:37.940
ATTEMPT 204 W0 DONE 4x2 seed=1508249 nsol=16 0.01s 2026-07-22T17:11:37.952
ATTEMPT 205 W0 START 4x2 seed=1508250 2026-07-22T17:11:37.952
ATTEMPT 205 W0 SOLVE 4x2 2026-07-22T17:11:37.979
ATTEMPT 205 W0 DONE 4x2 seed=1508250 nsol=16 0.02s 2026-07-22T17:11:38
ATTEMPT 206 W0 START 4x2 seed=1508251 2026-07-22T17:11:38
ATTEMPT 206 W0 SOLVE 4x2 2026-07-22T17:11:38.027
ATTEMPT 206 W0 DONE 4x2 seed=1508251 nsol=16 0.01s 2026-07-22T17:11:38.042
ATTEMPT 207 W0 START 4x2 seed=1508252 2026-07-22T17:11:38.042
ATTEMPT 207 W0 SOLVE 4x2 2026-07-22T17:11:38.060
ATTEMPT 207 W0 DONE 4x2 seed=1508252 nsol=16 0.02s 2026-07-22T17:11:38.087
ATTEMPT 208 W0 START 4x2 seed=1508253 2026-07-22T17:11:38.087
ATTEMPT 208 W0 SOLVE 4x2 2026-07-22T17:11:38.104
ATTEMPT 208 W0 DONE 4x2 seed=1508253 nsol=16 0.01s 2026-07-22T17:11:38.121
ATTEMPT 209 W0 START 4x2 seed=1508254 2026-07-22T17:11:38.121
ATTEMPT 209 W0 SOLVE 4x2 2026-07-22T17:11:38.126
ATTEMPT 209 W0 DONE 4x2 seed=1508254 nsol=16 0.01s 2026-07-22T17:11:38.145
ATTEMPT 210 W0 START 4x2 seed=1508255 2026-07-22T17:11:38.145
ATTEMPT 210 W0 SOLVE 4x2 2026-07-22T17:11:38.160
ATTEMPT 210 W0 DONE 4x2 seed=1508255 nsol=16 0.13s 2026-07-22T17:11:38.299
ATTEMPT 211 W0 START 4x2 seed=1508256 2026-07-22T17:11:38.299
ATTEMPT 211 W0 SOLVE 4x2 2026-07-22T17:11:38.328
ATTEMPT 211 W0 DONE 4x2 seed=1508256 nsol=16 0.02s 2026-07-22T17:11:38.353
ATTEMPT 212 W0 START 4x2 seed=1508257 2026-07-22T17:11:38.354
ATTEMPT 212 W0 SOLVE 4x2 2026-07-22T17:11:38.368
ATTEMPT 212 W0 DONE 4x2 seed=1508257 nsol=16 0.02s 2026-07-22T17:11:38.398
ATTEMPT 213 W0 START 4x2 seed=1508258 2026-07-22T17:11:38.399
ATTEMPT 213 W0 SOLVE 4x2 2026-07-22T17:11:38.406
ATTEMPT 213 W0 DONE 4x2 seed=1508258 nsol=16 0.01s 2026-07-22T17:11:38.431
ATTEMPT 214 W0 START 4x2 seed=1508259 2026-07-22T17:11:38.431
ATTEMPT 214 W0 SOLVE 4x2 2026-07-22T17:11:38.439
ATTEMPT 214 W0 DONE 4x2 seed=1508259 nsol=16 0.01s 2026-07-22T17:11:38.455
ATTEMPT 215 W0 START 4x2 seed=1508260 2026-07-22T17:11:38.455
ATTEMPT 215 W0 SOLVE 4x2 2026-07-22T17:11:38.470
ATTEMPT 215 W0 DONE 4x2 seed=1508260 nsol=16 0.01s 2026-07-22T17:11:38.478
ATTEMPT 216 W0 START 4x2 seed=1508261 2026-07-22T17:11:38.478
ATTEMPT 216 W0 SOLVE 4x2 2026-07-22T17:11:38.488
ATTEMPT 216 W0 DONE 4x2 seed=1508261 nsol=16 0.02s 2026-07-22T17:11:38.511
ATTEMPT 217 W0 START 4x2 seed=1508262 2026-07-22T17:11:38.511
ATTEMPT 217 W0 SOLVE 4x2 2026-07-22T17:11:38.519
ATTEMPT 217 W0 DONE 4x2 seed=1508262 nsol=16 0.01s 2026-07-22T17:11:38.534
ATTEMPT 218 W0 START 4x2 seed=1508263 2026-07-22T17:11:38.534
ATTEMPT 218 W0 SOLVE 4x2 2026-07-22T17:11:38.540
ATTEMPT 218 W0 DONE 4x2 seed=1508263 nsol=16 0.01s 2026-07-22T17:11:38.547
ATTEMPT 219 W0 START 4x2 seed=1508264 2026-07-22T17:11:38.547
ATTEMPT 219 W0 SOLVE 4x2 2026-07-22T17:11:38.553
ATTEMPT 219 W0 DONE 4x2 seed=1508264 nsol=16 0.02s 2026-07-22T17:11:38.571
ATTEMPT 220 W0 START 4x2 seed=1508265 2026-07-22T17:11:38.571
ATTEMPT 220 W0 SOLVE 4x2 2026-07-22T17:11:38.577
ATTEMPT 220 W0 DONE 4x2 seed=1508265 nsol=16 0.01s 2026-07-22T17:11:38.590
ATTEMPT 221 W0 START 4x2 seed=1508266 2026-07-22T17:11:38.591
ATTEMPT 221 W0 SOLVE 4x2 2026-07-22T17:11:38.598
ATTEMPT 221 W0 DONE 4x2 seed=1508266 nsol=16 0.02s 2026-07-22T17:11:38.614
ATTEMPT 222 W0 START 4x2 seed=1508267 2026-07-22T17:11:38.615
ATTEMPT 222 W0 SOLVE 4x2 2026-07-22T17:11:38.620
ATTEMPT 222 W0 DONE 4x2 seed=1508267 nsol=16 0.02s 2026-07-22T17:11:38.643
ATTEMPT 223 W0 START 4x2 seed=1508268 2026-07-22T17:11:38.643
ATTEMPT 223 W0 SOLVE 4x2 2026-07-22T17:11:38.650
ATTEMPT 223 W0 DONE 4x2 seed=1508268 nsol=16 0.02s 2026-07-22T17:11:38.670
ATTEMPT 224 W0 START 4x2 seed=1508269 2026-07-22T17:11:38.670
ATTEMPT 224 W0 SOLVE 4x2 2026-07-22T17:11:38.681
ATTEMPT 224 W0 DONE 4x2 seed=1508269 nsol=16 0.01s 2026-07-22T17:11:38.701
ATTEMPT 225 W0 START 4x2 seed=1508270 2026-07-22T17:11:38.701
ATTEMPT 225 W0 SOLVE 4x2 2026-07-22T17:11:38.706
ATTEMPT 225 W0 DONE 4x2 seed=1508270 nsol=16 0.02s 2026-07-22T17:11:38.726
ATTEMPT 226 W0 START 4x2 seed=1508271 2026-07-22T17:11:38.727
ATTEMPT 226 W0 SOLVE 4x2 2026-07-22T17:11:38.736
ATTEMPT 226 W0 DONE 4x2 seed=1508271 nsol=16 0.02s 2026-07-22T17:11:38.755
ATTEMPT 227 W0 START 4x2 seed=1508272 2026-07-22T17:11:38.755
ATTEMPT 227 W0 SOLVE 4x2 2026-07-22T17:11:38.760
ATTEMPT 227 W0 DONE 4x2 seed=1508272 nsol=16 0.01s 2026-07-22T17:11:38.773
ATTEMPT 228 W0 START 4x2 seed=1508273 2026-07-22T17:11:38.774
ATTEMPT 228 W0 SOLVE 4x2 2026-07-22T17:11:38.785
ATTEMPT 228 W0 DONE 4x2 seed=1508273 nsol=16 0.03s 2026-07-22T17:11:38.816
ATTEMPT 229 W0 START 4x2 seed=1508274 2026-07-22T17:11:38.817
ATTEMPT 229 W0 SOLVE 4x2 2026-07-22T17:11:38.824
ATTEMPT 229 W0 DONE 4x2 seed=1508274 nsol=16 0.01s 2026-07-22T17:11:38.838
ATTEMPT 230 W0 START 4x2 seed=1508275 2026-07-22T17:11:38.839
ATTEMPT 230 W0 SOLVE 4x2 2026-07-22T17:11:38.846
ATTEMPT 230 W0 DONE 4x2 seed=1508275 nsol=16 0.02s 2026-07-22T17:11:38.862
ATTEMPT 231 W0 START 4x2 seed=1508276 2026-07-22T17:11:38.863
ATTEMPT 231 W0 SOLVE 4x2 2026-07-22T17:11:38.870
ATTEMPT 231 W0 DONE 4x2 seed=1508276 nsol=16 0.02s 2026-07-22T17:11:38.886
ATTEMPT 232 W0 START 4x2 seed=1508277 2026-07-22T17:11:38.887
ATTEMPT 232 W0 SOLVE 4x2 2026-07-22T17:11:38.896
ATTEMPT 232 W0 DONE 4x2 seed=1508277 nsol=16 0.00s 2026-07-22T17:11:38.907
ATTEMPT 233 W0 START 4x2 seed=1508278 2026-07-22T17:11:38.907
ATTEMPT 233 W0 SOLVE 4x2 2026-07-22T17:11:38.919
ATTEMPT 233 W0 DONE 4x2 seed=1508278 nsol=16 0.01s 2026-07-22T17:11:38.929
ATTEMPT 234 W0 START 4x2 seed=1508279 2026-07-22T17:11:38.929
ATTEMPT 234 W0 SOLVE 4x2 2026-07-22T17:11:38.941
ATTEMPT 234 W0 DONE 4x2 seed=1508279 nsol=16 0.02s 2026-07-22T17:11:38.964
ATTEMPT 235 W0 START 4x2 seed=1508280 2026-07-22T17:11:38.964
ATTEMPT 235 W0 SOLVE 4x2 2026-07-22T17:11:38.980
ATTEMPT 235 W0 DONE 4x2 seed=1508280 nsol=16 0.02s 2026-07-22T17:11:38.996
ATTEMPT 236 W0 START 4x2 seed=1508281 2026-07-22T17:11:38.996
ATTEMPT 236 W0 SOLVE 4x2 2026-07-22T17:11:39.003
ATTEMPT 236 W0 DONE 4x2 seed=1508281 nsol=16 0.01s 2026-07-22T17:11:39.017
ATTEMPT 237 W0 START 4x2 seed=1508282 2026-07-22T17:11:39.017
ATTEMPT 237 W0 SOLVE 4x2 2026-07-22T17:11:39.025
ATTEMPT 237 W0 DONE 4x2 seed=1508282 nsol=16 0.02s 2026-07-22T17:11:39.043
ATTEMPT 238 W0 START 4x2 seed=1508283 2026-07-22T17:11:39.044
ATTEMPT 238 W0 SOLVE 4x2 2026-07-22T17:11:39.049
ATTEMPT 238 W0 DONE 4x2 seed=1508283 nsol=16 0.01s 2026-07-22T17:11:39.060
ATTEMPT 239 W0 START 4x2 seed=1508284 2026-07-22T17:11:39.060
ATTEMPT 239 W0 SOLVE 4x2 2026-07-22T17:11:39.066
ATTEMPT 239 W0 DONE 4x2 seed=1508284 nsol=16 0.01s 2026-07-22T17:11:39.073
ATTEMPT 240 W0 START 4x2 seed=1508285 2026-07-22T17:11:39.073
ATTEMPT 240 W0 SOLVE 4x2 2026-07-22T17:11:39.082
ATTEMPT 240 W0 DONE 4x2 seed=1508285 nsol=16 0.01s 2026-07-22T17:11:39.097
ATTEMPT 241 W0 START 4x2 seed=1508286 2026-07-22T17:11:39.097
ATTEMPT 241 W0 SOLVE 4x2 2026-07-22T17:11:39.103
ATTEMPT 241 W0 DONE 4x2 seed=1508286 nsol=16 0.01s 2026-07-22T17:11:39.114
ATTEMPT 242 W0 START 4x2 seed=1508287 2026-07-22T17:11:39.115
ATTEMPT 242 W0 SOLVE 4x2 2026-07-22T17:11:39.123
ATTEMPT 242 W0 DONE 4x2 seed=1508287 nsol=16 0.02s 2026-07-22T17:11:39.138
ATTEMPT 243 W0 START 4x2 seed=1508288 2026-07-22T17:11:39.138
ATTEMPT 243 W0 SOLVE 4x2 2026-07-22T17:11:39.144
ATTEMPT 243 W0 DONE 4x2 seed=1508288 nsol=16 0.01s 2026-07-22T17:11:39.158
ATTEMPT 244 W0 START 4x2 seed=1508289 2026-07-22T17:11:39.159
ATTEMPT 244 W0 SOLVE 4x2 2026-07-22T17:11:39.164
ATTEMPT 244 W0 DONE 4x2 seed=1508289 nsol=16 0.01s 2026-07-22T17:11:39.179
ATTEMPT 245 W0 START 4x2 seed=1508290 2026-07-22T17:11:39.179
ATTEMPT 245 W0 SOLVE 4x2 2026-07-22T17:11:39.185
ATTEMPT 245 W0 DONE 4x2 seed=1508290 nsol=16 0.01s 2026-07-22T17:11:39.195
ATTEMPT 246 W0 START 4x2 seed=1508291 2026-07-22T17:11:39.196
ATTEMPT 246 W0 SOLVE 4x2 2026-07-22T17:11:39.202
ATTEMPT 246 W0 DONE 4x2 seed=1508291 nsol=16 0.01s 2026-07-22T17:11:39.211
ATTEMPT 247 W0 START 4x2 seed=1508292 2026-07-22T17:11:39.211
ATTEMPT 247 W0 SOLVE 4x2 2026-07-22T17:11:39.216
ATTEMPT 247 W0 DONE 4x2 seed=1508292 nsol=16 0.01s 2026-07-22T17:11:39.230
ATTEMPT 248 W0 START 4x2 seed=1508293 2026-07-22T17:11:39.231
ATTEMPT 248 W0 SOLVE 4x2 2026-07-22T17:11:39.236
ATTEMPT 248 W0 DONE 4x2 seed=1508293 nsol=16 0.01s 2026-07-22T17:11:39.242
ATTEMPT 249 W0 START 4x2 seed=1508294 2026-07-22T17:11:39.242
ATTEMPT 249 W0 SOLVE 4x2 2026-07-22T17:11:39.248
ATTEMPT 249 W0 DONE 4x2 seed=1508294 nsol=16 0.01s 2026-07-22T17:11:39.263
ATTEMPT 250 W0 START 4x2 seed=1508295 2026-07-22T17:11:39.263
ATTEMPT 250 W0 SOLVE 4x2 2026-07-22T17:11:39.271
ATTEMPT 250 W0 DONE 4x2 seed=1508295 nsol=16 0.01s 2026-07-22T17:11:39.282
ATTEMPT 251 W0 START 4x2 seed=1508296 2026-07-22T17:11:39.283
ATTEMPT 251 W0 SOLVE 4x2 2026-07-22T17:11:39.288
ATTEMPT 251 W0 DONE 4x2 seed=1508296 nsol=16 0.01s 2026-07-22T17:11:39.300
ATTEMPT 252 W0 START 4x2 seed=1508297 2026-07-22T17:11:39.300
ATTEMPT 252 W0 SOLVE 4x2 2026-07-22T17:11:39.306
ATTEMPT 252 W0 DONE 4x2 seed=1508297 nsol=16 0.01s 2026-07-22T17:11:39.313
ATTEMPT 253 W0 START 4x2 seed=1508298 2026-07-22T17:11:39.313
ATTEMPT 253 W0 SOLVE 4x2 2026-07-22T17:11:39.318
ATTEMPT 253 W0 DONE 4x2 seed=1508298 nsol=16 0.02s 2026-07-22T17:11:39.335
ATTEMPT 254 W0 START 4x2 seed=1508299 2026-07-22T17:11:39.335
ATTEMPT 254 W0 SOLVE 4x2 2026-07-22T17:11:39.342
ATTEMPT 254 W0 DONE 4x2 seed=1508299 nsol=16 0.01s 2026-07-22T17:11:39.357
ATTEMPT 255 W0 START 4x2 seed=1508300 2026-07-22T17:11:39.358
ATTEMPT 255 W0 SOLVE 4x2 2026-07-22T17:11:39.364
ATTEMPT 255 W0 DONE 4x2 seed=1508300 nsol=16 0.00s 2026-07-22T17:11:39.368
ATTEMPT 256 W0 START 4x2 seed=1508301 2026-07-22T17:11:39.368
ATTEMPT 256 W0 SOLVE 4x2 2026-07-22T17:11:39.374
ATTEMPT 256 W0 DONE 4x2 seed=1508301 nsol=16 0.05s 2026-07-22T17:11:39.421
ATTEMPT 257 W0 START 4x2 seed=1508302 2026-07-22T17:11:39.429
ATTEMPT 257 W0 SOLVE 4x2 2026-07-22T17:11:39.436
ATTEMPT 257 W0 DONE 4x2 seed=1508302 nsol=16 0.01s 2026-07-22T17:11:39.443
ATTEMPT 258 W0 START 4x2 seed=1508303 2026-07-22T17:11:39.443
ATTEMPT 258 W0 SOLVE 4x2 2026-07-22T17:11:39.449
ATTEMPT 258 W0 DONE 4x2 seed=1508303 nsol=16 0.02s 2026-07-22T17:11:39.467
ATTEMPT 259 W0 START 4x2 seed=1508304 2026-07-22T17:11:39.468
ATTEMPT 259 W0 SOLVE 4x2 2026-07-22T17:11:39.473
ATTEMPT 259 W0 DONE 4x2 seed=1508304 nsol=16 0.01s 2026-07-22T17:11:39.484
ATTEMPT 260 W0 START 4x2 seed=1508305 2026-07-22T17:11:39.484
ATTEMPT 260 W0 SOLVE 4x2 2026-07-22T17:11:39.500
ATTEMPT 260 W0 DONE 4x2 seed=1508305 nsol=16 0.02s 2026-07-22T17:11:39.518
ATTEMPT 261 W0 START 4x2 seed=1508306 2026-07-22T17:11:39.518
ATTEMPT 261 W0 SOLVE 4x2 2026-07-22T17:11:39.538
ATTEMPT 261 W0 DONE 4x2 seed=1508306 nsol=16 0.02s 2026-07-22T17:11:39.554
ATTEMPT 262 W0 START 4x2 seed=1508307 2026-07-22T17:11:39.555
ATTEMPT 262 W0 SOLVE 4x2 2026-07-22T17:11:39.560
ATTEMPT 262 W0 DONE 4x2 seed=1508307 nsol=16 0.03s 2026-07-22T17:11:39.586
ATTEMPT 263 W0 START 4x2 seed=1508308 2026-07-22T17:11:39.586
ATTEMPT 263 W0 SOLVE 4x2 2026-07-22T17:11:39.591
ATTEMPT 263 W0 DONE 4x2 seed=1508308 nsol=16 0.01s 2026-07-22T17:11:39.599
ATTEMPT 264 W0 START 4x2 seed=1508309 2026-07-22T17:11:39.599
ATTEMPT 264 W0 SOLVE 4x2 2026-07-22T17:11:39.607
ATTEMPT 264 W0 DONE 4x2 seed=1508309 nsol=16 0.03s 2026-07-22T17:11:39.633
ATTEMPT 265 W0 START 4x2 seed=1508310 2026-07-22T17:11:39.634
ATTEMPT 265 W0 SOLVE 4x2 2026-07-22T17:11:39.640
ATTEMPT 265 W0 DONE 4x2 seed=1508310 nsol=16 0.01s 2026-07-22T17:11:39.646
ATTEMPT 266 W0 START 4x2 seed=1508311 2026-07-22T17:11:39.646
ATTEMPT 266 W0 SOLVE 4x2 2026-07-22T17:11:39.651
ATTEMPT 266 W0 DONE 4x2 seed=1508311 nsol=16 0.01s 2026-07-22T17:11:39.663
ATTEMPT 267 W0 START 4x2 seed=1508312 2026-07-22T17:11:39.663
ATTEMPT 267 W0 SOLVE 4x2 2026-07-22T17:11:39.671
ATTEMPT 267 W0 DONE 4x2 seed=1508312 nsol=16 0.01s 2026-07-22T17:11:39.677
ATTEMPT 268 W0 START 4x2 seed=1508313 2026-07-22T17:11:39.677
ATTEMPT 268 W0 SOLVE 4x2 2026-07-22T17:11:39.684
ATTEMPT 268 W0 DONE 4x2 seed=1508313 nsol=16 0.02s 2026-07-22T17:11:39.700
ATTEMPT 269 W0 START 4x2 seed=1508314 2026-07-22T17:11:39.701
ATTEMPT 269 W0 SOLVE 4x2 2026-07-22T17:11:39.707
ATTEMPT 269 W0 DONE 4x2 seed=1508314 nsol=16 0.01s 2026-07-22T17:11:39.715
ATTEMPT 270 W0 START 4x2 seed=1508315 2026-07-22T17:11:39.715
ATTEMPT 270 W0 SOLVE 4x2 2026-07-22T17:11:39.723
ATTEMPT 270 W0 DONE 4x2 seed=1508315 nsol=16 0.02s 2026-07-22T17:11:39.743
ATTEMPT 271 W0 START 4x2 seed=1508316 2026-07-22T17:11:39.743
ATTEMPT 271 W0 SOLVE 4x2 2026-07-22T17:11:39.756
ATTEMPT 271 W0 DONE 4x2 seed=1508316 nsol=16 0.01s 2026-07-22T17:11:39.776
ATTEMPT 272 W0 START 4x2 seed=1508317 2026-07-22T17:11:39.776
ATTEMPT 272 W0 SOLVE 4x2 2026-07-22T17:11:39.788
ATTEMPT 272 W0 DONE 4x2 seed=1508317 nsol=16 0.01s 2026-07-22T17:11:39.799
ATTEMPT 273 W0 START 4x2 seed=1508318 2026-07-22T17:11:39.799
ATTEMPT 273 W0 SOLVE 4x2 2026-07-22T17:11:39.804
ATTEMPT 273 W0 DONE 4x2 seed=1508318 nsol=16 0.01s 2026-07-22T17:11:39.814
ATTEMPT 274 W0 START 4x2 seed=1508319 2026-07-22T17:11:39.815
ATTEMPT 274 W0 SOLVE 4x2 2026-07-22T17:11:39.823
ATTEMPT 274 W0 DONE 4x2 seed=1508319 nsol=16 0.01s 2026-07-22T17:11:39.831
ATTEMPT 275 W0 START 4x2 seed=1508320 2026-07-22T17:11:39.831
ATTEMPT 275 W0 SOLVE 4x2 2026-07-22T17:11:39.837
ATTEMPT 275 W0 DONE 4x2 seed=1508320 nsol=16 0.01s 2026-07-22T17:11:39.849
ATTEMPT 276 W0 START 4x2 seed=1508321 2026-07-22T17:11:39.850
ATTEMPT 276 W0 SOLVE 4x2 2026-07-22T17:11:39.857
ATTEMPT 276 W0 DONE 4x2 seed=1508321 nsol=16 0.01s 2026-07-22T17:11:39.866
ATTEMPT 277 W0 START 4x2 seed=1508322 2026-07-22T17:11:39.867
ATTEMPT 277 W0 SOLVE 4x2 2026-07-22T17:11:39.872
ATTEMPT 277 W0 DONE 4x2 seed=1508322 nsol=16 0.01s 2026-07-22T17:11:39.878
ATTEMPT 278 W0 START 4x2 seed=1508323 2026-07-22T17:11:39.879
ATTEMPT 278 W0 SOLVE 4x2 2026-07-22T17:11:39.887
ATTEMPT 278 W0 DONE 4x2 seed=1508323 nsol=16 0.01s 2026-07-22T17:11:39.892
ATTEMPT 279 W0 START 4x2 seed=1508324 2026-07-22T17:11:39.892
ATTEMPT 279 W0 SOLVE 4x2 2026-07-22T17:11:39.907
ATTEMPT 279 W0 DONE 4x2 seed=1508324 nsol=16 0.00s 2026-07-22T17:11:39.911
ATTEMPT 280 W0 START 4x2 seed=1508325 2026-07-22T17:11:39.912
ATTEMPT 280 W0 SOLVE 4x2 2026-07-22T17:11:39.921
ATTEMPT 280 W0 DONE 4x2 seed=1508325 nsol=16 0.01s 2026-07-22T17:11:39.930
ATTEMPT 281 W0 START 4x2 seed=1508326 2026-07-22T17:11:39.930
ATTEMPT 281 W0 SOLVE 4x2 2026-07-22T17:11:39.948
ATTEMPT 281 W0 DONE 4x2 seed=1508326 nsol=16 0.01s 2026-07-22T17:11:39.956
ATTEMPT 282 W0 START 4x2 seed=1508327 2026-07-22T17:11:39.956
ATTEMPT 282 W0 SOLVE 4x2 2026-07-22T17:11:39.966
ATTEMPT 282 W0 DONE 4x2 seed=1508327 nsol=16 0.01s 2026-07-22T17:11:39.973
ATTEMPT 283 W0 START 4x2 seed=1508328 2026-07-22T17:11:39.973
ATTEMPT 283 W0 SOLVE 4x2 2026-07-22T17:11:39.988
ATTEMPT 283 W0 DONE 4x2 seed=1508328 nsol=16 0.01s 2026-07-22T17:11:39.999
ATTEMPT 284 W0 START 4x2 seed=1508329 2026-07-22T17:11:39.999
ATTEMPT 284 W0 SOLVE 4x2 2026-07-22T17:11:40.009
ATTEMPT 284 W0 DONE 4x2 seed=1508329 nsol=16 0.01s 2026-07-22T17:11:40.023
ATTEMPT 285 W0 START 4x2 seed=1508330 2026-07-22T17:11:40.023
ATTEMPT 285 W0 SOLVE 4x2 2026-07-22T17:11:40.035
ATTEMPT 285 W0 DONE 4x2 seed=1508330 nsol=16 0.02s 2026-07-22T17:11:40.058
ATTEMPT 286 W0 START 4x2 seed=1508331 2026-07-22T17:11:40.058
ATTEMPT 286 W0 SOLVE 4x2 2026-07-22T17:11:40.068
ATTEMPT 286 W0 DONE 4x2 seed=1508331 nsol=16 0.01s 2026-07-22T17:11:40.076
ATTEMPT 287 W0 START 4x2 seed=1508332 2026-07-22T17:11:40.076
ATTEMPT 287 W0 SOLVE 4x2 2026-07-22T17:11:40.081
ATTEMPT 287 W0 DONE 4x2 seed=1508332 nsol=16 0.01s 2026-07-22T17:11:40.094
ATTEMPT 288 W0 START 4x2 seed=1508333 2026-07-22T17:11:40.094
ATTEMPT 288 W0 SOLVE 4x2 2026-07-22T17:11:40.109
ATTEMPT 288 W0 DONE 4x2 seed=1508333 nsol=16 0.01s 2026-07-22T17:11:40.121
ATTEMPT 289 W0 START 4x2 seed=1508334 2026-07-22T17:11:40.121
ATTEMPT 289 W0 SOLVE 4x2 2026-07-22T17:11:40.137
ATTEMPT 289 W0 DONE 4x2 seed=1508334 nsol=16 0.01s 2026-07-22T17:11:40.149
ATTEMPT 290 W0 START 4x2 seed=1508335 2026-07-22T17:11:40.149
ATTEMPT 290 W0 SOLVE 4x2 2026-07-22T17:11:40.165
ATTEMPT 290 W0 DONE 4x2 seed=1508335 nsol=16 0.02s 2026-07-22T17:11:40.184
ATTEMPT 291 W0 START 4x2 seed=1508336 2026-07-22T17:11:40.185
ATTEMPT 291 W0 SOLVE 4x2 2026-07-22T17:11:40.192
ATTEMPT 291 W0 DONE 4x2 seed=1508336 nsol=16 0.01s 2026-07-22T17:11:40.206
ATTEMPT 292 W0 START 4x2 seed=1508337 2026-07-22T17:11:40.207
ATTEMPT 292 W0 SOLVE 4x2 2026-07-22T17:11:40.213
ATTEMPT 292 W0 DONE 4x2 seed=1508337 nsol=16 0.01s 2026-07-22T17:11:40.227
ATTEMPT 293 W0 START 4x2 seed=1508338 2026-07-22T17:11:40.227
ATTEMPT 293 W0 SOLVE 4x2 2026-07-22T17:11:40.232
ATTEMPT 293 W0 DONE 4x2 seed=1508338 nsol=16 0.01s 2026-07-22T17:11:40.247
ATTEMPT 294 W0 START 4x2 seed=1508339 2026-07-22T17:11:40.248
ATTEMPT 294 W0 SOLVE 4x2 2026-07-22T17:11:40.255
ATTEMPT 294 W0 DONE 4x2 seed=1508339 nsol=16 0.05s 2026-07-22T17:11:40.306
ATTEMPT 295 W0 START 4x2 seed=1508340 2026-07-22T17:11:40.307
ATTEMPT 295 W0 SOLVE 4x2 2026-07-22T17:11:40.312
ATTEMPT 295 W0 DONE 4x2 seed=1508340 nsol=16 0.01s 2026-07-22T17:11:40.326
ATTEMPT 296 W0 START 4x2 seed=1508341 2026-07-22T17:11:40.327
ATTEMPT 296 W0 SOLVE 4x2 2026-07-22T17:11:40.333
ATTEMPT 296 W0 DONE 4x2 seed=1508341 nsol=16 0.01s 2026-07-22T17:11:40.342
ATTEMPT 297 W0 START 4x2 seed=1508342 2026-07-22T17:11:40.342
ATTEMPT 297 W0 SOLVE 4x2 2026-07-22T17:11:40.350
ATTEMPT 297 W0 DONE 4x2 seed=1508342 nsol=16 0.02s 2026-07-22T17:11:40.366
ATTEMPT 298 W0 START 4x2 seed=1508343 2026-07-22T17:11:40.367
ATTEMPT 298 W0 SOLVE 4x2 2026-07-22T17:11:40.373
ATTEMPT 298 W0 DONE 4x2 seed=1508343 nsol=16 0.03s 2026-07-22T17:11:40.400
ATTEMPT 299 W0 START 4x2 seed=1508344 2026-07-22T17:11:40.401
ATTEMPT 299 W0 SOLVE 4x2 2026-07-22T17:11:40.406
ATTEMPT 299 W0 DONE 4x2 seed=1508344 nsol=16 0.02s 2026-07-22T17:11:40.426
ATTEMPT 300 W0 START 4x2 seed=1508345 2026-07-22T17:11:40.427
ATTEMPT 300 W0 SOLVE 4x2 2026-07-22T17:11:40.433
ATTEMPT 300 W0 DONE 4x2 seed=1508345 nsol=16 0.01s 2026-07-22T17:11:40.447
ATTEMPT 301 W0 START 4x2 seed=1508346 2026-07-22T17:11:40.448
ATTEMPT 301 W0 SOLVE 4x2 2026-07-22T17:11:40.455
ATTEMPT 301 W0 DONE 4x2 seed=1508346 nsol=16 0.01s 2026-07-22T17:11:40.462
ATTEMPT 302 W0 START 4x2 seed=1508347 2026-07-22T17:11:40.462
ATTEMPT 302 W0 SOLVE 4x2 2026-07-22T17:11:40.470
ATTEMPT 302 W0 DONE 4x2 seed=1508347 nsol=16 0.01s 2026-07-22T17:11:40.478
ATTEMPT 303 W0 START 4x2 seed=1508348 2026-07-22T17:11:40.478
ATTEMPT 303 W0 SOLVE 4x2 2026-07-22T17:11:40.485
ATTEMPT 303 W0 DONE 4x2 seed=1508348 nsol=16 0.02s 2026-07-22T17:11:40.506
ATTEMPT 304 W0 START 4x2 seed=1508349 2026-07-22T17:11:40.507
ATTEMPT 304 W0 SOLVE 4x2 2026-07-22T17:11:40.514
ATTEMPT 304 W0 DONE 4x2 seed=1508349 nsol=16 0.02s 2026-07-22T17:11:40.530
ATTEMPT 305 W0 START 4x2 seed=1508350 2026-07-22T17:11:40.531
ATTEMPT 305 W0 SOLVE 4x2 2026-07-22T17:11:40.538
ATTEMPT 305 W0 DONE 4x2 seed=1508350 nsol=16 0.01s 2026-07-22T17:11:40.550
ATTEMPT 306 W0 START 4x2 seed=1508351 2026-07-22T17:11:40.550
ATTEMPT 306 W0 SOLVE 4x2 2026-07-22T17:11:40.560
ATTEMPT 306 W0 DONE 4x2 seed=1508351 nsol=16 0.02s 2026-07-22T17:11:40.578
ATTEMPT 307 W0 START 4x2 seed=1508352 2026-07-22T17:11:40.579
ATTEMPT 307 W0 SOLVE 4x2 2026-07-22T17:11:40.584
ATTEMPT 307 W0 DONE 4x2 seed=1508352 nsol=16 0.02s 2026-07-22T17:11:40.606
ATTEMPT 308 W0 START 4x2 seed=1508353 2026-07-22T17:11:40.607
ATTEMPT 308 W0 SOLVE 4x2 2026-07-22T17:11:40.612
ATTEMPT 308 W0 DONE 4x2 seed=1508353 nsol=16 0.01s 2026-07-22T17:11:40.626
ATTEMPT 309 W0 START 4x2 seed=1508354 2026-07-22T17:11:40.627
ATTEMPT 309 W0 SOLVE 4x2 2026-07-22T17:11:40.634
ATTEMPT 309 W0 DONE 4x2 seed=1508354 nsol=16 0.01s 2026-07-22T17:11:40.648
ATTEMPT 310 W0 START 4x2 seed=1508355 2026-07-22T17:11:40.650
ATTEMPT 310 W0 SOLVE 4x2 2026-07-22T17:11:40.656
ATTEMPT 310 W0 DONE 4x2 seed=1508355 nsol=16 0.01s 2026-07-22T17:11:40.662
ATTEMPT 311 W0 START 4x2 seed=1508356 2026-07-22T17:11:40.662
ATTEMPT 311 W0 SOLVE 4x2 2026-07-22T17:11:40.671
ATTEMPT 311 W0 DONE 4x2 seed=1508356 nsol=16 0.02s 2026-07-22T17:11:40.686
ATTEMPT 312 W0 START 4x2 seed=1508357 2026-07-22T17:11:40.687
ATTEMPT 312 W0 SOLVE 4x2 2026-07-22T17:11:40.693
ATTEMPT 312 W0 DONE 4x2 seed=1508357 nsol=16 0.01s 2026-07-22T17:11:40.706
ATTEMPT 313 W0 START 4x2 seed=1508358 2026-07-22T17:11:40.707
ATTEMPT 313 W0 SOLVE 4x2 2026-07-22T17:11:40.712
ATTEMPT 313 W0 DONE 4x2 seed=1508358 nsol=16 0.01s 2026-07-22T17:11:40.726
ATTEMPT 314 W0 START 4x2 seed=1508359 2026-07-22T17:11:40.727
ATTEMPT 314 W0 SOLVE 4x2 2026-07-22T17:11:40.732
ATTEMPT 314 W0 DONE 4x2 seed=1508359 nsol=16 0.02s 2026-07-22T17:11:40.755
ATTEMPT 315 W0 START 4x2 seed=1508360 2026-07-22T17:11:40.755
ATTEMPT 315 W0 SOLVE 4x2 2026-07-22T17:11:40.761
ATTEMPT 315 W0 DONE 4x2 seed=1508360 nsol=16 0.02s 2026-07-22T17:11:40.780
ATTEMPT 316 W0 START 4x2 seed=1508361 2026-07-22T17:11:40.781
ATTEMPT 316 W0 SOLVE 4x2 2026-07-22T17:11:40.789
ATTEMPT 316 W0 DONE 4x2 seed=1508361 nsol=16 0.01s 2026-07-22T17:11:40.804
ATTEMPT 317 W0 START 4x2 seed=1508362 2026-07-22T17:11:40.805
ATTEMPT 317 W0 SOLVE 4x2 2026-07-22T17:11:40.813
ATTEMPT 317 W0 DONE 4x2 seed=1508362 nsol=16 0.02s 2026-07-22T17:11:40.830
ATTEMPT 318 W0 START 4x2 seed=1508363 2026-07-22T17:11:40.831
ATTEMPT 318 W0 SOLVE 4x2 2026-07-22T17:11:40.839
ATTEMPT 318 W0 DONE 4x2 seed=1508363 nsol=16 0.02s 2026-07-22T17:11:40.854
ATTEMPT 319 W0 START 4x2 seed=1508364 2026-07-22T17:11:40.855
ATTEMPT 319 W0 SOLVE 4x2 2026-07-22T17:11:40.860
ATTEMPT 319 W0 DONE 4x2 seed=1508364 nsol=16 0.01s 2026-07-22T17:11:40.870
ATTEMPT 320 W0 START 4x2 seed=1508365 2026-07-22T17:11:40.870
ATTEMPT 320 W0 SOLVE 4x2 2026-07-22T17:11:40.878
ATTEMPT 320 W0 DONE 4x2 seed=1508365 nsol=16 0.01s 2026-07-22T17:11:40.885
ATTEMPT 321 W0 START 4x2 seed=1508366 2026-07-22T17:11:40.885
ATTEMPT 321 W0 SOLVE 4x2 2026-07-22T17:11:40.890
ATTEMPT 321 W0 DONE 4x2 seed=1508366 nsol=16 0.01s 2026-07-22T17:11:40.898
ATTEMPT 322 W0 START 4x2 seed=1508367 2026-07-22T17:11:40.898
ATTEMPT 322 W0 SOLVE 4x2 2026-07-22T17:11:40.904
ATTEMPT 322 W0 DONE 4x2 seed=1508367 nsol=16 0.03s 2026-07-22T17:11:40.930
ATTEMPT 323 W0 START 4x2 seed=1508368 2026-07-22T17:11:40.931
ATTEMPT 323 W0 SOLVE 4x2 2026-07-22T17:11:40.936
ATTEMPT 323 W0 DONE 4x2 seed=1508368 nsol=16 0.01s 2026-07-22T17:11:40.951
ATTEMPT 324 W0 START 4x2 seed=1508369 2026-07-22T17:11:40.951
ATTEMPT 324 W0 SOLVE 4x2 2026-07-22T17:11:40.961
ATTEMPT 324 W0 DONE 4x2 seed=1508369 nsol=16 0.01s 2026-07-22T17:11:40.971
ATTEMPT 325 W0 START 4x2 seed=1508370 2026-07-22T17:11:40.971
ATTEMPT 325 W0 SOLVE 4x2 2026-07-22T17:11:40.981
ATTEMPT 325 W0 DONE 4x2 seed=1508370 nsol=16 0.05s 2026-07-22T17:11:41.034
ATTEMPT 326 W0 START 4x2 seed=1508371 2026-07-22T17:11:41.034
ATTEMPT 326 W0 SOLVE 4x2 2026-07-22T17:11:41.048
ATTEMPT 326 W0 DONE 4x2 seed=1508371 nsol=16 0.01s 2026-07-22T17:11:41.067
ATTEMPT 327 W0 START 4x2 seed=1508372 2026-07-22T17:11:41.067
ATTEMPT 327 W0 SOLVE 4x2 2026-07-22T17:11:41.087
ATTEMPT 327 W0 DONE 4x2 seed=1508372 nsol=16 0.07s 2026-07-22T17:11:41.153
ATTEMPT 328 W0 START 4x2 seed=1508373 2026-07-22T17:11:41.154
ATTEMPT 328 W0 SOLVE 4x2 2026-07-22T17:11:41.160
ATTEMPT 328 W0 DONE 4x2 seed=1508373 nsol=16 0.02s 2026-07-22T17:11:41.182
ATTEMPT 329 W0 START 4x2 seed=1508374 2026-07-22T17:11:41.183
ATTEMPT 329 W0 SOLVE 4x2 2026-07-22T17:11:41.191
ATTEMPT 329 W0 DONE 4x2 seed=1508374 nsol=16 0.01s 2026-07-22T17:11:41.203
ATTEMPT 330 W0 START 4x2 seed=1508375 2026-07-22T17:11:41.203
ATTEMPT 330 W0 SOLVE 4x2 2026-07-22T17:11:41.209
ATTEMPT 330 W0 DONE 4x2 seed=1508375 nsol=16 0.01s 2026-07-22T17:11:41.221
ATTEMPT 331 W0 START 4x2 seed=1508376 2026-07-22T17:11:41.222
ATTEMPT 331 W0 SOLVE 4x2 2026-07-22T17:11:41.230
ATTEMPT 331 W0 DONE 4x2 seed=1508376 nsol=16 0.01s 2026-07-22T17:11:41.237
ATTEMPT 332 W0 START 4x2 seed=1508377 2026-07-22T17:11:41.237
ATTEMPT 332 W0 SOLVE 4x2 2026-07-22T17:11:41.245
ATTEMPT 332 W0 DONE 4x2 seed=1508377 nsol=16 0.02s 2026-07-22T17:11:41.266
ATTEMPT 333 W0 START 4x2 seed=1508378 2026-07-22T17:11:41.267
ATTEMPT 333 W0 SOLVE 4x2 2026-07-22T17:11:41.273
ATTEMPT 333 W0 DONE 4x2 seed=1508378 nsol=16 0.01s 2026-07-22T17:11:41.283
ATTEMPT 334 W0 START 4x2 seed=1508379 2026-07-22T17:11:41.283
ATTEMPT 334 W0 SOLVE 4x2 2026-07-22T17:11:41.289
ATTEMPT 334 W0 DONE 4x2 seed=1508379 nsol=16 0.01s 2026-07-22T17:11:41.300
ATTEMPT 335 W0 START 4x2 seed=1508380 2026-07-22T17:11:41.301
ATTEMPT 335 W0 SOLVE 4x2 2026-07-22T17:11:41.308
ATTEMPT 335 W0 DONE 4x2 seed=1508380 nsol=16 0.01s 2026-07-22T17:11:41.320
ATTEMPT 336 W0 START 4x2 seed=1508381 2026-07-22T17:11:41.320
ATTEMPT 336 W0 SOLVE 4x2 2026-07-22T17:11:41.327
ATTEMPT 336 W0 DONE 4x2 seed=1508381 nsol=16 0.01s 2026-07-22T17:11:41.342
ATTEMPT 337 W0 START 4x2 seed=1508382 2026-07-22T17:11:41.342
ATTEMPT 337 W0 SOLVE 4x2 2026-07-22T17:11:41.348
ATTEMPT 337 W0 DONE 4x2 seed=1508382 nsol=16 0.01s 2026-07-22T17:11:41.362
ATTEMPT 338 W0 START 4x2 seed=1508383 2026-07-22T17:11:41.363
ATTEMPT 338 W0 SOLVE 4x2 2026-07-22T17:11:41.369
ATTEMPT 338 W0 DONE 4x2 seed=1508383 nsol=16 0.01s 2026-07-22T17:11:41.376
ATTEMPT 339 W0 START 4x2 seed=1508384 2026-07-22T17:11:41.376
ATTEMPT 339 W0 SOLVE 4x2 2026-07-22T17:11:41.383
ATTEMPT 339 W0 DONE 4x2 seed=1508384 nsol=16 0.01s 2026-07-22T17:11:41.396
ATTEMPT 340 W0 START 4x2 seed=1508385 2026-07-22T17:11:41.397
ATTEMPT 340 W0 SOLVE 4x2 2026-07-22T17:11:41.403
ATTEMPT 340 W0 DONE 4x2 seed=1508385 nsol=16 0.01s 2026-07-22T17:11:41.411
ATTEMPT 341 W0 START 4x2 seed=1508386 2026-07-22T17:11:41.411
ATTEMPT 341 W0 SOLVE 4x2 2026-07-22T17:11:41.418
ATTEMPT 341 W0 DONE 4x2 seed=1508386 nsol=16 0.01s 2026-07-22T17:11:41.425
ATTEMPT 342 W0 START 4x2 seed=1508387 2026-07-22T17:11:41.425
ATTEMPT 342 W0 SOLVE 4x2 2026-07-22T17:11:41.435
ATTEMPT 342 W0 DONE 4x2 seed=1508387 nsol=16 0.02s 2026-07-22T17:11:41.450
ATTEMPT 343 W0 START 4x2 seed=1508388 2026-07-22T17:11:41.451
ATTEMPT 343 W0 SOLVE 4x2 2026-07-22T17:11:41.458
ATTEMPT 343 W0 DONE 4x2 seed=1508388 nsol=16 0.01s 2026-07-22T17:11:41.466
ATTEMPT 344 W0 START 4x2 seed=1508389 2026-07-22T17:11:41.466
ATTEMPT 344 W0 SOLVE 4x2 2026-07-22T17:11:41.474
ATTEMPT 344 W0 DONE 4x2 seed=1508389 nsol=16 0.01s 2026-07-22T17:11:41.486
ATTEMPT 345 W0 START 4x2 seed=1508390 2026-07-22T17:11:41.487
ATTEMPT 345 W0 SOLVE 4x2 2026-07-22T17:11:41.493
ATTEMPT 345 W0 DONE 4x2 seed=1508390 nsol=16 0.02s 2026-07-22T17:11:41.510
ATTEMPT 346 W0 START 4x2 seed=1508391 2026-07-22T17:11:41.511
ATTEMPT 346 W0 SOLVE 4x2 2026-07-22T17:11:41.516
ATTEMPT 346 W0 DONE 4x2 seed=1508391 nsol=16 0.01s 2026-07-22T17:11:41.526
ATTEMPT 347 W0 START 4x2 seed=1508392 2026-07-22T17:11:41.527
ATTEMPT 347 W0 SOLVE 4x2 2026-07-22T17:11:41.532
ATTEMPT 347 W0 DONE 4x2 seed=1508392 nsol=16 0.01s 2026-07-22T17:11:41.546
ATTEMPT 348 W0 START 4x2 seed=1508393 2026-07-22T17:11:41.547
ATTEMPT 348 W0 SOLVE 4x2 2026-07-22T17:11:41.555
ATTEMPT 348 W0 DONE 4x2 seed=1508393 nsol=16 0.01s 2026-07-22T17:11:41.565
ATTEMPT 349 W0 START 4x2 seed=1508394 2026-07-22T17:11:41.566
ATTEMPT 349 W0 SOLVE 4x2 2026-07-22T17:11:41.573
ATTEMPT 349 W0 DONE 4x2 seed=1508394 nsol=16 0.01s 2026-07-22T17:11:41.580
ATTEMPT 350 W0 START 4x2 seed=1508395 2026-07-22T17:11:41.581
ATTEMPT 350 W0 SOLVE 4x2 2026-07-22T17:11:41.589
ATTEMPT 350 W0 DONE 4x2 seed=1508395 nsol=16 0.01s 2026-07-22T17:11:41.597
ATTEMPT 351 W0 START 4x2 seed=1508396 2026-07-22T17:11:41.597
ATTEMPT 351 W0 SOLVE 4x2 2026-07-22T17:11:41.602
ATTEMPT 351 W0 DONE 4x2 seed=1508396 nsol=16 0.02s 2026-07-22T17:11:41.618
ATTEMPT 352 W0 START 4x2 seed=1508397 2026-07-22T17:11:41.619
ATTEMPT 352 W0 SOLVE 4x2 2026-07-22T17:11:41.627
ATTEMPT 352 W0 DONE 4x2 seed=1508397 nsol=16 0.02s 2026-07-22T17:11:41.646
ATTEMPT 353 W0 START 4x2 seed=1508398 2026-07-22T17:11:41.646
ATTEMPT 353 W0 SOLVE 4x2 2026-07-22T17:11:41.652
ATTEMPT 353 W0 DONE 4x2 seed=1508398 nsol=16 0.02s 2026-07-22T17:11:41.670
ATTEMPT 354 W0 START 4x2 seed=1508399 2026-07-22T17:11:41.671
ATTEMPT 354 W0 SOLVE 4x2 2026-07-22T17:11:41.676
ATTEMPT 354 W0 DONE 4x2 seed=1508399 nsol=16 0.01s 2026-07-22T17:11:41.690
ATTEMPT 355 W0 START 4x2 seed=1508400 2026-07-22T17:11:41.691
ATTEMPT 355 W0 SOLVE 4x2 2026-07-22T17:11:41.696
ATTEMPT 355 W0 DONE 4x2 seed=1508400 nsol=16 0.01s 2026-07-22T17:11:41.707
ATTEMPT 356 W0 START 4x2 seed=1508401 2026-07-22T17:11:41.708
ATTEMPT 356 W0 SOLVE 4x2 2026-07-22T17:11:41.713
ATTEMPT 356 W0 DONE 4x2 seed=1508401 nsol=16 0.01s 2026-07-22T17:11:41.721
ATTEMPT 357 W0 START 4x2 seed=1508402 2026-07-22T17:11:41.721
ATTEMPT 357 W0 SOLVE 4x2 2026-07-22T17:11:41.727
ATTEMPT 357 W0 DONE 4x2 seed=1508402 nsol=16 0.02s 2026-07-22T17:11:41.742
ATTEMPT 358 W0 START 4x2 seed=1508403 2026-07-22T17:11:41.743
ATTEMPT 358 W0 SOLVE 4x2 2026-07-22T17:11:41.750
ATTEMPT 358 W0 DONE 4x2 seed=1508403 nsol=16 0.01s 2026-07-22T17:11:41.764
ATTEMPT 359 W0 START 4x2 seed=1508404 2026-07-22T17:11:41.764
ATTEMPT 359 W0 SOLVE 4x2 2026-07-22T17:11:41.773
ATTEMPT 359 W0 DONE 4x2 seed=1508404 nsol=16 0.02s 2026-07-22T17:11:41.791
ATTEMPT 360 W0 START 4x2 seed=1508405 2026-07-22T17:11:41.791
ATTEMPT 360 W0 SOLVE 4x2 2026-07-22T17:11:41.799
ATTEMPT 360 W0 DONE 4x2 seed=1508405 nsol=16 0.02s 2026-07-22T17:11:41.815
ATTEMPT 361 W0 START 4x2 seed=1508406 2026-07-22T17:11:41.815
ATTEMPT 361 W0 SOLVE 4x2 2026-07-22T17:11:41.832
ATTEMPT 361 W0 DONE 4x2 seed=1508406 nsol=16 0.02s 2026-07-22T17:11:41.849
ATTEMPT 362 W0 START 4x2 seed=1508407 2026-07-22T17:11:41.849
ATTEMPT 362 W0 SOLVE 4x2 2026-07-22T17:11:41.856
ATTEMPT 362 W0 DONE 4x2 seed=1508407 nsol=16 0.05s 2026-07-22T17:11:41.911
ATTEMPT 363 W0 START 4x2 seed=1508408 2026-07-22T17:11:41.920
ATTEMPT 363 W0 SOLVE 4x2 2026-07-22T17:11:41.928
ATTEMPT 363 W0 DONE 4x2 seed=1508408 nsol=16 0.01s 2026-07-22T17:11:41.943
ATTEMPT 364 W0 START 4x2 seed=1508409 2026-07-22T17:11:41.943
ATTEMPT 364 W0 SOLVE 4x2 2026-07-22T17:11:41.950
ATTEMPT 364 W0 DONE 4x2 seed=1508409 nsol=16 0.01s 2026-07-22T17:11:41.956
ATTEMPT 365 W0 START 4x2 seed=1508410 2026-07-22T17:11:41.956
ATTEMPT 365 W0 SOLVE 4x2 2026-07-22T17:11:41.964
ATTEMPT 365 W0 DONE 4x2 seed=1508410 nsol=16 0.01s 2026-07-22T17:11:41.978
ATTEMPT 366 W0 START 4x2 seed=1508411 2026-07-22T17:11:41.979
ATTEMPT 366 W0 SOLVE 4x2 2026-07-22T17:11:41.988
ATTEMPT 366 W0 DONE 4x2 seed=1508411 nsol=16 0.02s 2026-07-22T17:11:42.006
ATTEMPT 367 W0 START 4x2 seed=1508412 2026-07-22T17:11:42.007
ATTEMPT 367 W0 SOLVE 4x2 2026-07-22T17:11:42.014
ATTEMPT 367 W0 DONE 4x2 seed=1508412 nsol=16 0.01s 2026-07-22T17:11:42.022
ATTEMPT 368 W0 START 4x2 seed=1508413 2026-07-22T17:11:42.022
ATTEMPT 368 W0 SOLVE 4x2 2026-07-22T17:11:42.029
ATTEMPT 368 W0 DONE 4x2 seed=1508413 nsol=16 0.02s 2026-07-22T17:11:42.047
ATTEMPT 369 W0 START 4x2 seed=1508414 2026-07-22T17:11:42.048
ATTEMPT 369 W0 SOLVE 4x2 2026-07-22T17:11:42.053
ATTEMPT 369 W0 DONE 4x2 seed=1508414 nsol=16 0.00s 2026-07-22T17:11:42.058
ATTEMPT 370 W0 START 4x2 seed=1508415 2026-07-22T17:11:42.058
ATTEMPT 370 W0 SOLVE 4x2 2026-07-22T17:11:42.063
ATTEMPT 370 W0 DONE 4x2 seed=1508415 nsol=16 0.01s 2026-07-22T17:11:42.075
ATTEMPT 371 W0 START 4x2 seed=1508416 2026-07-22T17:11:42.075
ATTEMPT 371 W0 SOLVE 4x2 2026-07-22T17:11:42.080
ATTEMPT 371 W0 DONE 4x2 seed=1508416 nsol=16 0.01s 2026-07-22T17:11:42.087
ATTEMPT 372 W0 START 4x2 seed=1508417 2026-07-22T17:11:42.087
ATTEMPT 372 W0 SOLVE 4x2 2026-07-22T17:11:42.093
ATTEMPT 372 W0 DONE 4x2 seed=1508417 nsol=16 0.01s 2026-07-22T17:11:42.105
ATTEMPT 373 W0 START 4x2 seed=1508418 2026-07-22T17:11:42.105
ATTEMPT 373 W0 SOLVE 4x2 2026-07-22T17:11:42.111
ATTEMPT 373 W0 DONE 4x2 seed=1508418 nsol=16 0.01s 2026-07-22T17:11:42.119
ATTEMPT 374 W0 START 4x2 seed=1508419 2026-07-22T17:11:42.120
ATTEMPT 374 W0 SOLVE 4x2 2026-07-22T17:11:42.125
ATTEMPT 374 W0 DONE 4x2 seed=1508419 nsol=16 0.01s 2026-07-22T17:11:42.134
ATTEMPT 375 W0 START 4x2 seed=1508420 2026-07-22T17:11:42.134
ATTEMPT 375 W0 SOLVE 4x2 2026-07-22T17:11:42.140
ATTEMPT 375 W0 DONE 4x2 seed=1508420 nsol=16 0.00s 2026-07-22T17:11:42.145
ATTEMPT 376 W0 START 4x2 seed=1508421 2026-07-22T17:11:42.145
ATTEMPT 376 W0 SOLVE 4x2 2026-07-22T17:11:42.151
ATTEMPT 376 W0 DONE 4x2 seed=1508421 nsol=16 0.02s 2026-07-22T17:11:42.171
ATTEMPT 377 W0 START 4x2 seed=1508422 2026-07-22T17:11:42.171
ATTEMPT 377 W0 SOLVE 4x2 2026-07-22T17:11:42.176
ATTEMPT 377 W0 DONE 4x2 seed=1508422 nsol=16 0.01s 2026-07-22T17:11:42.186
ATTEMPT 378 W0 START 4x2 seed=1508423 2026-07-22T17:11:42.187
ATTEMPT 378 W0 SOLVE 4x2 2026-07-22T17:11:42.192
ATTEMPT 378 W0 DONE 4x2 seed=1508423 nsol=16 0.01s 2026-07-22T17:11:42.206
ATTEMPT 379 W0 START 4x2 seed=1508424 2026-07-22T17:11:42.207
ATTEMPT 379 W0 SOLVE 4x2 2026-07-22T17:11:42.213
ATTEMPT 379 W0 DONE 4x2 seed=1508424 nsol=16 0.01s 2026-07-22T17:11:42.226
ATTEMPT 380 W0 START 4x2 seed=1508425 2026-07-22T17:11:42.227
ATTEMPT 380 W0 SOLVE 4x2 2026-07-22T17:11:42.232
ATTEMPT 380 W0 DONE 4x2 seed=1508425 nsol=16 0.01s 2026-07-22T17:11:42.242
ATTEMPT 381 W0 START 4x2 seed=1508426 2026-07-22T17:11:42.243
ATTEMPT 381 W0 SOLVE 4x2 2026-07-22T17:11:42.248
ATTEMPT 381 W0 DONE 4x2 seed=1508426 nsol=16 0.01s 2026-07-22T17:11:42.254
ATTEMPT 382 W0 START 4x2 seed=1508427 2026-07-22T17:11:42.254
ATTEMPT 382 W0 SOLVE 4x2 2026-07-22T17:11:42.260
ATTEMPT 382 W0 DONE 4x2 seed=1508427 nsol=16 0.02s 2026-07-22T17:11:42.282
ATTEMPT 383 W0 START 4x2 seed=1508428 2026-07-22T17:11:42.283
ATTEMPT 383 W0 SOLVE 4x2 2026-07-22T17:11:42.288
ATTEMPT 383 W0 DONE 4x2 seed=1508428 nsol=16 0.02s 2026-07-22T17:11:42.306
ATTEMPT 384 W0 START 4x2 seed=1508429 2026-07-22T17:11:42.307
ATTEMPT 384 W0 SOLVE 4x2 2026-07-22T17:11:42.312
ATTEMPT 384 W0 DONE 4x2 seed=1508429 nsol=16 0.01s 2026-07-22T17:11:42.326
ATTEMPT 385 W0 START 4x2 seed=1508430 2026-07-22T17:11:42.327
ATTEMPT 385 W0 SOLVE 4x2 2026-07-22T17:11:42.332
ATTEMPT 385 W0 DONE 4x2 seed=1508430 nsol=16 0.02s 2026-07-22T17:11:42.347
ATTEMPT 386 W0 START 4x2 seed=1508431 2026-07-22T17:11:42.348
ATTEMPT 386 W0 SOLVE 4x2 2026-07-22T17:11:42.355
ATTEMPT 386 W0 DONE 4x2 seed=1508431 nsol=16 0.01s 2026-07-22T17:11:42.363
ATTEMPT 387 W0 START 4x2 seed=1508432 2026-07-22T17:11:42.364
ATTEMPT 387 W0 SOLVE 4x2 2026-07-22T17:11:42.369
ATTEMPT 387 W0 DONE 4x2 seed=1508432 nsol=16 0.01s 2026-07-22T17:11:42.375
ATTEMPT 388 W0 START 4x2 seed=1508433 2026-07-22T17:11:42.375
ATTEMPT 388 W0 SOLVE 4x2 2026-07-22T17:11:42.381
ATTEMPT 388 W0 DONE 4x2 seed=1508433 nsol=16 0.01s 2026-07-22T17:11:42.390
ATTEMPT 389 W0 START 4x2 seed=1508434 2026-07-22T17:11:42.391
ATTEMPT 389 W0 SOLVE 4x2 2026-07-22T17:11:42.397
ATTEMPT 389 W0 DONE 4x2 seed=1508434 nsol=16 0.01s 2026-07-22T17:11:42.406
ATTEMPT 390 W0 START 4x2 seed=1508435 2026-07-22T17:11:42.407
ATTEMPT 390 W0 SOLVE 4x2 2026-07-22T17:11:42.412
ATTEMPT 390 W0 DONE 4x2 seed=1508435 nsol=16 0.00s 2026-07-22T17:11:42.417
ATTEMPT 391 W0 START 4x2 seed=1508436 2026-07-22T17:11:42.417
ATTEMPT 391 W0 SOLVE 4x2 2026-07-22T17:11:42.422
ATTEMPT 391 W0 DONE 4x2 seed=1508436 nsol=16 0.01s 2026-07-22T17:11:42.430
ATTEMPT 392 W0 START 4x2 seed=1508437 2026-07-22T17:11:42.431
ATTEMPT 392 W0 SOLVE 4x2 2026-07-22T17:11:42.436
ATTEMPT 392 W0 DONE 4x2 seed=1508437 nsol=16 0.01s 2026-07-22T17:11:42.441
ATTEMPT 393 W0 START 4x2 seed=1508438 2026-07-22T17:11:42.442
ATTEMPT 393 W0 SOLVE 4x2 2026-07-22T17:11:42.447
ATTEMPT 393 W0 DONE 4x2 seed=1508438 nsol=16 0.00s 2026-07-22T17:11:42.451
ATTEMPT 394 W0 START 4x2 seed=1508439 2026-07-22T17:11:42.452
ATTEMPT 394 W0 SOLVE 4x2 2026-07-22T17:11:42.457
ATTEMPT 394 W0 DONE 4x2 seed=1508439 nsol=16 0.00s 2026-07-22T17:11:42.461
ATTEMPT 395 W0 START 4x2 seed=1508440 2026-07-22T17:11:42.462
ATTEMPT 395 W0 SOLVE 4x2 2026-07-22T17:11:42.468
ATTEMPT 395 W0 DONE 4x2 seed=1508440 nsol=16 0.01s 2026-07-22T17:11:42.477
ATTEMPT 396 W0 START 4x2 seed=1508441 2026-07-22T17:11:42.478
ATTEMPT 396 W0 SOLVE 4x2 2026-07-22T17:11:42.484
ATTEMPT 396 W0 DONE 4x2 seed=1508441 nsol=16 0.01s 2026-07-22T17:11:42.494
ATTEMPT 397 W0 START 4x2 seed=1508442 2026-07-22T17:11:42.494
ATTEMPT 397 W0 SOLVE 4x2 2026-07-22T17:11:42.501
ATTEMPT 397 W0 DONE 4x2 seed=1508442 nsol=16 0.01s 2026-07-22T17:11:42.513
ATTEMPT 398 W0 START 4x2 seed=1508443 2026-07-22T17:11:42.513
ATTEMPT 398 W0 SOLVE 4x2 2026-07-22T17:11:42.521
ATTEMPT 398 W0 DONE 4x2 seed=1508443 nsol=16 0.01s 2026-07-22T17:11:42.534
ATTEMPT 399 W0 START 4x2 seed=1508444 2026-07-22T17:11:42.535
ATTEMPT 399 W0 SOLVE 4x2 2026-07-22T17:11:42.543
ATTEMPT 399 W0 DONE 4x2 seed=1508444 nsol=16 0.01s 2026-07-22T17:11:42.551
ATTEMPT 400 W0 START 4x2 seed=1508445 2026-07-22T17:11:42.551
ATTEMPT 400 W0 SOLVE 4x2 2026-07-22T17:11:42.557
ATTEMPT 400 W0 DONE 4x2 seed=1508445 nsol=16 0.01s 2026-07-22T17:11:42.570
ATTEMPT 401 W0 START 4x2 seed=1508446 2026-07-22T17:11:42.571
ATTEMPT 401 W0 SOLVE 4x2 2026-07-22T17:11:42.577
ATTEMPT 401 W0 DONE 4x2 seed=1508446 nsol=16 0.01s 2026-07-22T17:11:42.587
ATTEMPT 402 W0 START 4x2 seed=1508447 2026-07-22T17:11:42.588
ATTEMPT 402 W0 SOLVE 4x2 2026-07-22T17:11:42.593
ATTEMPT 402 W0 DONE 4x2 seed=1508447 nsol=16 0.01s 2026-07-22T17:11:42.599
ATTEMPT 403 W0 START 4x2 seed=1508448 2026-07-22T17:11:42.600
ATTEMPT 403 W0 SOLVE 4x2 2026-07-22T17:11:42.608
ATTEMPT 403 W0 DONE 4x2 seed=1508448 nsol=16 0.01s 2026-07-22T17:11:42.618
ATTEMPT 404 W0 START 4x2 seed=1508449 2026-07-22T17:11:42.618
ATTEMPT 404 W0 SOLVE 4x2 2026-07-22T17:11:42.628
ATTEMPT 404 W0 DONE 4x2 seed=1508449 nsol=16 0.01s 2026-07-22T17:11:42.638
ATTEMPT 405 W0 START 4x2 seed=1508450 2026-07-22T17:11:42.638
ATTEMPT 405 W0 SOLVE 4x2 2026-07-22T17:11:42.648
ATTEMPT 405 W0 DONE 4x2 seed=1508450 nsol=16 0.05s 2026-07-22T17:11:42.694
ATTEMPT 406 W0 START 4x2 seed=1508451 2026-07-22T17:11:42.695
ATTEMPT 406 W0 SOLVE 4x2 2026-07-22T17:11:42.702
ATTEMPT 406 W0 DONE 4x2 seed=1508451 nsol=16 0.01s 2026-07-22T17:11:42.711
ATTEMPT 407 W0 START 4x2 seed=1508452 2026-07-22T17:11:42.711
ATTEMPT 407 W0 SOLVE 4x2 2026-07-22T17:11:42.717
ATTEMPT 407 W0 DONE 4x2 seed=1508452 nsol=16 0.01s 2026-07-22T17:11:42.723
ATTEMPT 408 W0 START 4x2 seed=1508453 2026-07-22T17:11:42.724
ATTEMPT 408 W0 SOLVE 4x2 2026-07-22T17:11:42.729
ATTEMPT 408 W0 DONE 4x2 seed=1508453 nsol=16 0.01s 2026-07-22T17:11:42.738
ATTEMPT 409 W0 START 4x2 seed=1508454 2026-07-22T17:11:42.739
ATTEMPT 409 W0 SOLVE 4x2 2026-07-22T17:11:42.744
ATTEMPT 409 W0 DONE 4x2 seed=1508454 nsol=16 0.01s 2026-07-22T17:11:42.755
ATTEMPT 410 W0 START 4x2 seed=1508455 2026-07-22T17:11:42.756
ATTEMPT 410 W0 SOLVE 4x2 2026-07-22T17:11:42.762
ATTEMPT 410 W0 DONE 4x2 seed=1508455 nsol=16 0.01s 2026-07-22T17:11:42.770
ATTEMPT 411 W0 START 4x2 seed=1508456 2026-07-22T17:11:42.771
ATTEMPT 411 W0 SOLVE 4x2 2026-07-22T17:11:42.776
ATTEMPT 411 W0 DONE 4x2 seed=1508456 nsol=16 0.01s 2026-07-22T17:11:42.781
ATTEMPT 412 W0 START 4x2 seed=1508457 2026-07-22T17:11:42.781
ATTEMPT 412 W0 SOLVE 4x2 2026-07-22T17:11:42.787
ATTEMPT 412 W0 DONE 4x2 seed=1508457 nsol=16 0.01s 2026-07-22T17:11:42.794
ATTEMPT 413 W0 START 4x2 seed=1508458 2026-07-22T17:11:42.794
ATTEMPT 413 W0 SOLVE 4x2 2026-07-22T17:11:42.802
ATTEMPT 413 W0 DONE 4x2 seed=1508458 nsol=16 0.02s 2026-07-22T17:11:42.818
ATTEMPT 414 W0 START 4x2 seed=1508459 2026-07-22T17:11:42.819
ATTEMPT 414 W0 SOLVE 4x2 2026-07-22T17:11:42.825
ATTEMPT 414 W0 DONE 4x2 seed=1508459 nsol=16 0.01s 2026-07-22T17:11:42.838
ATTEMPT 415 W0 START 4x2 seed=1508460 2026-07-22T17:11:42.839
ATTEMPT 415 W0 SOLVE 4x2 2026-07-22T17:11:42.844
ATTEMPT 415 W0 DONE 4x2 seed=1508460 nsol=16 0.01s 2026-07-22T17:11:42.859
ATTEMPT 416 W0 START 4x2 seed=1508461 2026-07-22T17:11:42.860
ATTEMPT 416 W0 SOLVE 4x2 2026-07-22T17:11:42.866
ATTEMPT 416 W0 DONE 4x2 seed=1508461 nsol=16 0.01s 2026-07-22T17:11:42.872
ATTEMPT 417 W0 START 4x2 seed=1508462 2026-07-22T17:11:42.872
ATTEMPT 417 W0 SOLVE 4x2 2026-07-22T17:11:42.877
ATTEMPT 417 W0 DONE 4x2 seed=1508462 nsol=16 0.01s 2026-07-22T17:11:42.884
ATTEMPT 418 W0 START 4x2 seed=1508463 2026-07-22T17:11:42.884
ATTEMPT 418 W0 SOLVE 4x2 2026-07-22T17:11:42.893
ATTEMPT 418 W0 DONE 4x2 seed=1508463 nsol=16 0.02s 2026-07-22T17:11:42.910
ATTEMPT 419 W0 START 4x2 seed=1508464 2026-07-22T17:11:42.911
ATTEMPT 419 W0 SOLVE 4x2 2026-07-22T17:11:42.916
ATTEMPT 419 W0 DONE 4x2 seed=1508464 nsol=16 0.01s 2026-07-22T17:11:42.923
ATTEMPT 420 W0 START 4x2 seed=1508465 2026-07-22T17:11:42.923
ATTEMPT 420 W0 SOLVE 4x2 2026-07-22T17:11:42.929
ATTEMPT 420 W0 DONE 4x2 seed=1508465 nsol=16 0.02s 2026-07-22T17:11:42.946
ATTEMPT 421 W0 START 4x2 seed=1508466 2026-07-22T17:11:42.947
ATTEMPT 421 W0 SOLVE 4x2 2026-07-22T17:11:42.955
ATTEMPT 421 W0 DONE 4x2 seed=1508466 nsol=16 0.01s 2026-07-22T17:11:42.966
ATTEMPT 422 W0 START 4x2 seed=1508467 2026-07-22T17:11:42.967
ATTEMPT 422 W0 SOLVE 4x2 2026-07-22T17:11:42.974
ATTEMPT 422 W0 DONE 4x2 seed=1508467 nsol=16 0.01s 2026-07-22T17:11:42.980
ATTEMPT 423 W0 START 4x2 seed=1508468 2026-07-22T17:11:42.980
ATTEMPT 423 W0 SOLVE 4x2 2026-07-22T17:11:42.986
ATTEMPT 423 W0 DONE 4x2 seed=1508468 nsol=16 0.01s 2026-07-22T17:11:42.994
ATTEMPT 424 W0 START 4x2 seed=1508469 2026-07-22T17:11:42.994
ATTEMPT 424 W0 SOLVE 4x2 2026-07-22T17:11:43
ATTEMPT 424 W0 DONE 4x2 seed=1508469 nsol=16 0.02s 2026-07-22T17:11:43.020
ATTEMPT 425 W0 START 4x2 seed=1508470 2026-07-22T17:11:43.020
ATTEMPT 425 W0 SOLVE 4x2 2026-07-22T17:11:43.026
ATTEMPT 425 W0 DONE 4x2 seed=1508470 nsol=16 0.01s 2026-07-22T17:11:43.031
ATTEMPT 426 W0 START 4x2 seed=1508471 2026-07-22T17:11:43.031
ATTEMPT 426 W0 SOLVE 4x2 2026-07-22T17:11:43.038
ATTEMPT 426 W0 DONE 4x2 seed=1508471 nsol=16 0.03s 2026-07-22T17:11:43.070
ATTEMPT 427 W0 START 4x2 seed=1508472 2026-07-22T17:11:43.071
ATTEMPT 427 W0 SOLVE 4x2 2026-07-22T17:11:43.078
ATTEMPT 427 W0 DONE 4x2 seed=1508472 nsol=16 0.01s 2026-07-22T17:11:43.088
ATTEMPT 428 W0 START 4x2 seed=1508473 2026-07-22T17:11:43.088
ATTEMPT 428 W0 SOLVE 4x2 2026-07-22T17:11:43.093
ATTEMPT 428 W0 DONE 4x2 seed=1508473 nsol=16 0.01s 2026-07-22T17:11:43.105
ATTEMPT 429 W0 START 4x2 seed=1508474 2026-07-22T17:11:43.105
ATTEMPT 429 W0 SOLVE 4x2 2026-07-22T17:11:43.110
ATTEMPT 429 W0 DONE 4x2 seed=1508474 nsol=16 0.01s 2026-07-22T17:11:43.117
ATTEMPT 430 W0 START 4x2 seed=1508475 2026-07-22T17:11:43.117
ATTEMPT 430 W0 SOLVE 4x2 2026-07-22T17:11:43.123
ATTEMPT 430 W0 DONE 4x2 seed=1508475 nsol=16 0.01s 2026-07-22T17:11:43.129
ATTEMPT 431 W0 START 4x2 seed=1508476 2026-07-22T17:11:43.129
ATTEMPT 431 W0 SOLVE 4x2 2026-07-22T17:11:43.134
ATTEMPT 431 W0 DONE 4x2 seed=1508476 nsol=16 0.01s 2026-07-22T17:11:43.140
ATTEMPT 432 W0 START 4x2 seed=1508477 2026-07-22T17:11:43.140
ATTEMPT 432 W0 SOLVE 4x2 2026-07-22T17:11:43.146
ATTEMPT 432 W0 DONE 4x2 seed=1508477 nsol=16 0.01s 2026-07-22T17:11:43.152
ATTEMPT 433 W0 START 4x2 seed=1508478 2026-07-22T17:11:43.153
ATTEMPT 433 W0 SOLVE 4x2 2026-07-22T17:11:43.159
ATTEMPT 433 W0 DONE 4x2 seed=1508478 nsol=16 0.01s 2026-07-22T17:11:43.165
ATTEMPT 434 W0 START 4x2 seed=1508479 2026-07-22T17:11:43.165
ATTEMPT 434 W0 SOLVE 4x2 2026-07-22T17:11:43.171
ATTEMPT 434 W0 DONE 4x2 seed=1508479 nsol=16 0.01s 2026-07-22T17:11:43.185
ATTEMPT 435 W0 START 4x2 seed=1508480 2026-07-22T17:11:43.185
ATTEMPT 435 W0 SOLVE 4x2 2026-07-22T17:11:43.191
ATTEMPT 435 W0 DONE 4x2 seed=1508480 nsol=16 0.02s 2026-07-22T17:11:43.206
ATTEMPT 436 W0 START 4x2 seed=1508481 2026-07-22T17:11:43.207
ATTEMPT 436 W0 SOLVE 4x2 2026-07-22T17:11:43.212
ATTEMPT 436 W0 DONE 4x2 seed=1508481 nsol=16 0.01s 2026-07-22T17:11:43.226
ATTEMPT 437 W0 START 4x2 seed=1508482 2026-07-22T17:11:43.227
ATTEMPT 437 W0 SOLVE 4x2 2026-07-22T17:11:43.232
ATTEMPT 437 W0 DONE 4x2 seed=1508482 nsol=16 0.02s 2026-07-22T17:11:43.248
ATTEMPT 438 W0 START 4x2 seed=1508483 2026-07-22T17:11:43.248
ATTEMPT 438 W0 SOLVE 4x2 2026-07-22T17:11:43.256
ATTEMPT 438 W0 DONE 4x2 seed=1508483 nsol=16 0.01s 2026-07-22T17:11:43.270
ATTEMPT 439 W0 START 4x2 seed=1508484 2026-07-22T17:11:43.271
ATTEMPT 439 W0 SOLVE 4x2 2026-07-22T17:11:43.276
ATTEMPT 439 W0 DONE 4x2 seed=1508484 nsol=16 0.01s 2026-07-22T17:11:43.286
ATTEMPT 440 W0 START 4x2 seed=1508485 2026-07-22T17:11:43.287
ATTEMPT 440 W0 SOLVE 4x2 2026-07-22T17:11:43.292
ATTEMPT 440 W0 DONE 4x2 seed=1508485 nsol=16 0.01s 2026-07-22T17:11:43.306
ATTEMPT 441 W0 START 4x2 seed=1508486 2026-07-22T17:11:43.307
ATTEMPT 441 W0 SOLVE 4x2 2026-07-22T17:11:43.317
ATTEMPT 441 W0 DONE 4x2 seed=1508486 nsol=16 0.06s 2026-07-22T17:11:43.373
ATTEMPT 442 W0 START 4x2 seed=1508487 2026-07-22T17:11:43.388
ATTEMPT 442 W0 SOLVE 4x2 2026-07-22T17:11:43.404
ATTEMPT 442 W0 DONE 4x2 seed=1508487 nsol=16 0.01s 2026-07-22T17:11:43.413
ATTEMPT 443 W0 START 4x2 seed=1508488 2026-07-22T17:11:43.413
ATTEMPT 443 W0 SOLVE 4x2 2026-07-22T17:11:43.418
ATTEMPT 443 W0 DONE 4x2 seed=1508488 nsol=16 0.01s 2026-07-22T17:11:43.429
ATTEMPT 444 W0 START 4x2 seed=1508489 2026-07-22T17:11:43.429
ATTEMPT 444 W0 SOLVE 4x2 2026-07-22T17:11:43.434
ATTEMPT 444 W0 DONE 4x2 seed=1508489 nsol=16 0.02s 2026-07-22T17:11:43.458
ATTEMPT 445 W0 START 4x2 seed=1508490 2026-07-22T17:11:43.458
ATTEMPT 445 W0 SOLVE 4x2 2026-07-22T17:11:43.464
ATTEMPT 445 W0 DONE 4x2 seed=1508490 nsol=16 0.01s 2026-07-22T17:11:43.474
ATTEMPT 446 W0 START 4x2 seed=1508491 2026-07-22T17:11:43.474
ATTEMPT 446 W0 SOLVE 4x2 2026-07-22T17:11:43.484
ATTEMPT 446 W0 DONE 4x2 seed=1508491 nsol=16 0.03s 2026-07-22T17:11:43.511
ATTEMPT 447 W0 START 4x2 seed=1508492 2026-07-22T17:11:43.511
ATTEMPT 447 W0 SOLVE 4x2 2026-07-22T17:11:43.518
ATTEMPT 447 W0 DONE 4x2 seed=1508492 nsol=16 0.01s 2026-07-22T17:11:43.525
ATTEMPT 448 W0 START 4x2 seed=1508493 2026-07-22T17:11:43.525
ATTEMPT 448 W0 SOLVE 4x2 2026-07-22T17:11:43.533
ATTEMPT 448 W0 DONE 4x2 seed=1508493 nsol=16 0.01s 2026-07-22T17:11:43.539
ATTEMPT 449 W0 START 4x2 seed=1508494 2026-07-22T17:11:43.539
ATTEMPT 449 W0 SOLVE 4x2 2026-07-22T17:11:43.545
ATTEMPT 449 W0 DONE 4x2 seed=1508494 nsol=16 0.01s 2026-07-22T17:11:43.558
ATTEMPT 450 W0 START 4x2 seed=1508495 2026-07-22T17:11:43.558
ATTEMPT 450 W0 SOLVE 4x2 2026-07-22T17:11:43.566
ATTEMPT 450 W0 DONE 4x2 seed=1508495 nsol=16 0.01s 2026-07-22T17:11:43.573
ATTEMPT 451 W0 START 4x2 seed=1508496 2026-07-22T17:11:43.573
ATTEMPT 451 W0 SOLVE 4x2 2026-07-22T17:11:43.580
ATTEMPT 451 W0 DONE 4x2 seed=1508496 nsol=16 0.02s 2026-07-22T17:11:43.595
ATTEMPT 452 W0 START 4x2 seed=1508497 2026-07-22T17:11:43.595
ATTEMPT 452 W0 SOLVE 4x2 2026-07-22T17:11:43.601
ATTEMPT 452 W0 DONE 4x2 seed=1508497 nsol=16 0.01s 2026-07-22T17:11:43.617
ATTEMPT 453 W0 START 4x2 seed=1508498 2026-07-22T17:11:43.617
ATTEMPT 453 W0 SOLVE 4x2 2026-07-22T17:11:43.623
ATTEMPT 453 W0 DONE 4x2 seed=1508498 nsol=16 0.01s 2026-07-22T17:11:43.628
ATTEMPT 454 W0 START 4x2 seed=1508499 2026-07-22T17:11:43.628
ATTEMPT 454 W0 SOLVE 4x2 2026-07-22T17:11:43.633
ATTEMPT 454 W0 DONE 4x2 seed=1508499 nsol=16 0.01s 2026-07-22T17:11:43.646
ATTEMPT 455 W0 START 4x2 seed=1508500 2026-07-22T17:11:43.647
ATTEMPT 455 W0 SOLVE 4x2 2026-07-22T17:11:43.654
ATTEMPT 455 W0 DONE 4x2 seed=1508500 nsol=16 0.01s 2026-07-22T17:11:43.663
ATTEMPT 456 W0 START 4x2 seed=1508501 2026-07-22T17:11:43.663
ATTEMPT 456 W0 SOLVE 4x2 2026-07-22T17:11:43.669
ATTEMPT 456 W0 DONE 4x2 seed=1508501 nsol=16 0.01s 2026-07-22T17:11:43.683
ATTEMPT 457 W0 START 4x2 seed=1508502 2026-07-22T17:11:43.683
ATTEMPT 457 W0 SOLVE 4x2 2026-07-22T17:11:43.689
ATTEMPT 457 W0 DONE 4x2 seed=1508502 nsol=16 0.01s 2026-07-22T17:11:43.698
ATTEMPT 458 W0 START 4x2 seed=1508503 2026-07-22T17:11:43.699
ATTEMPT 458 W0 SOLVE 4x2 2026-07-22T17:11:43.704
ATTEMPT 458 W0 DONE 4x2 seed=1508503 nsol=16 0.01s 2026-07-22T17:11:43.709
ATTEMPT 459 W0 START 4x2 seed=1508504 2026-07-22T17:11:43.710
ATTEMPT 459 W0 SOLVE 4x2 2026-07-22T17:11:43.717
ATTEMPT 459 W0 DONE 4x2 seed=1508504 nsol=16 0.02s 2026-07-22T17:11:43.733
ATTEMPT 460 W0 START 4x2 seed=1508505 2026-07-22T17:11:43.733
ATTEMPT 460 W0 SOLVE 4x2 2026-07-22T17:11:43.739
ATTEMPT 460 W0 DONE 4x2 seed=1508505 nsol=16 0.02s 2026-07-22T17:11:43.759
ATTEMPT 461 W0 START 4x2 seed=1508506 2026-07-22T17:11:43.759
ATTEMPT 461 W0 SOLVE 4x2 2026-07-22T17:11:43.765
ATTEMPT 461 W0 DONE 4x2 seed=1508506 nsol=16 0.01s 2026-07-22T17:11:43.777
ATTEMPT 462 W0 START 4x2 seed=1508507 2026-07-22T17:11:43.777
ATTEMPT 462 W0 SOLVE 4x2 2026-07-22T17:11:43.785
ATTEMPT 462 W0 DONE 4x2 seed=1508507 nsol=16 0.01s 2026-07-22T17:11:43.797
ATTEMPT 463 W0 START 4x2 seed=1508508 2026-07-22T17:11:43.798
ATTEMPT 463 W0 SOLVE 4x2 2026-07-22T17:11:43.804
ATTEMPT 463 W0 DONE 4x2 seed=1508508 nsol=16 0.01s 2026-07-22T17:11:43.809
ATTEMPT 464 W0 START 4x2 seed=1508509 2026-07-22T17:11:43.810
ATTEMPT 464 W0 SOLVE 4x2 2026-07-22T17:11:43.817
ATTEMPT 464 W0 DONE 4x2 seed=1508509 nsol=16 0.01s 2026-07-22T17:11:43.825
ATTEMPT 465 W0 START 4x2 seed=1508510 2026-07-22T17:11:43.826
ATTEMPT 465 W0 SOLVE 4x2 2026-07-22T17:11:43.832
ATTEMPT 465 W0 DONE 4x2 seed=1508510 nsol=16 0.01s 2026-07-22T17:11:43.842
ATTEMPT 466 W0 START 4x2 seed=1508511 2026-07-22T17:11:43.843
ATTEMPT 466 W0 SOLVE 4x2 2026-07-22T17:11:43.849
ATTEMPT 466 W0 DONE 4x2 seed=1508511 nsol=16 0.01s 2026-07-22T17:11:43.856
ATTEMPT 467 W0 START 4x2 seed=1508512 2026-07-22T17:11:43.857
ATTEMPT 467 W0 SOLVE 4x2 2026-07-22T17:11:43.863
ATTEMPT 467 W0 DONE 4x2 seed=1508512 nsol=16 0.01s 2026-07-22T17:11:43.869
ATTEMPT 468 W0 START 4x2 seed=1508513 2026-07-22T17:11:43.869
ATTEMPT 468 W0 SOLVE 4x2 2026-07-22T17:11:43.874
ATTEMPT 468 W0 DONE 4x2 seed=1508513 nsol=16 0.02s 2026-07-22T17:11:43.890
ATTEMPT 469 W0 START 4x2 seed=1508514 2026-07-22T17:11:43.891
ATTEMPT 469 W0 SOLVE 4x2 2026-07-22T17:11:43.898
ATTEMPT 469 W0 DONE 4x2 seed=1508514 nsol=16 0.01s 2026-07-22T17:11:43.904
ATTEMPT 470 W0 START 4x2 seed=1508515 2026-07-22T17:11:43.904
ATTEMPT 470 W0 SOLVE 4x2 2026-07-22T17:11:43.909
ATTEMPT 470 W0 DONE 4x2 seed=1508515 nsol=16 0.01s 2026-07-22T17:11:43.923
ATTEMPT 471 W0 START 4x2 seed=1508516 2026-07-22T17:11:43.923
ATTEMPT 471 W0 SOLVE 4x2 2026-07-22T17:11:43.931
ATTEMPT 471 W0 DONE 4x2 seed=1508516 nsol=16 0.01s 2026-07-22T17:11:43.943
ATTEMPT 472 W0 START 4x2 seed=1508517 2026-07-22T17:11:43.943
ATTEMPT 472 W0 SOLVE 4x2 2026-07-22T17:11:43.950
ATTEMPT 472 W0 DONE 4x2 seed=1508517 nsol=16 0.02s 2026-07-22T17:11:43.967
ATTEMPT 473 W0 START 4x2 seed=1508518 2026-07-22T17:11:43.967
ATTEMPT 473 W0 SOLVE 4x2 2026-07-22T17:11:43.973
ATTEMPT 473 W0 DONE 4x2 seed=1508518 nsol=16 0.01s 2026-07-22T17:11:43.986
ATTEMPT 474 W0 START 4x2 seed=1508519 2026-07-22T17:11:43.987
ATTEMPT 474 W0 SOLVE 4x2 2026-07-22T17:11:43.994
ATTEMPT 474 W0 DONE 4x2 seed=1508519 nsol=16 0.01s 2026-07-22T17:11:44.007
ATTEMPT 475 W0 START 4x2 seed=1508520 2026-07-22T17:11:44.007
ATTEMPT 475 W0 SOLVE 4x2 2026-07-22T17:11:44.016
ATTEMPT 475 W0 DONE 4x2 seed=1508520 nsol=16 0.01s 2026-07-22T17:11:44.023
ATTEMPT 476 W0 START 4x2 seed=1508521 2026-07-22T17:11:44.024
ATTEMPT 476 W0 SOLVE 4x2 2026-07-22T17:11:44.030
ATTEMPT 476 W0 DONE 4x2 seed=1508521 nsol=16 0.01s 2026-07-22T17:11:44.037
ATTEMPT 477 W0 START 4x2 seed=1508522 2026-07-22T17:11:44.037
ATTEMPT 477 W0 SOLVE 4x2 2026-07-22T17:11:44.045
ATTEMPT 477 W0 DONE 4x2 seed=1508522 nsol=16 0.01s 2026-07-22T17:11:44.058
ATTEMPT 478 W0 START 4x2 seed=1508523 2026-07-22T17:11:44.062
ATTEMPT 478 W0 SOLVE 4x2 2026-07-22T17:11:44.073
ATTEMPT 478 W0 DONE 4x2 seed=1508523 nsol=16 0.01s 2026-07-22T17:11:44.082
ATTEMPT 479 W0 START 4x2 seed=1508524 2026-07-22T17:11:44.083
ATTEMPT 479 W0 SOLVE 4x2 2026-07-22T17:11:44.092
ATTEMPT 479 W0 DONE 4x2 seed=1508524 nsol=16 0.01s 2026-07-22T17:11:44.103
ATTEMPT 480 W0 START 4x2 seed=1508525 2026-07-22T17:11:44.103
ATTEMPT 480 W0 SOLVE 4x2 2026-07-22T17:11:44.109
ATTEMPT 480 W0 DONE 4x2 seed=1508525 nsol=16 0.01s 2026-07-22T17:11:44.117
ATTEMPT 481 W0 START 4x2 seed=1508526 2026-07-22T17:11:44.117
ATTEMPT 481 W0 SOLVE 4x2 2026-07-22T17:11:44.124
ATTEMPT 481 W0 DONE 4x2 seed=1508526 nsol=16 0.14s 2026-07-22T17:11:44.265
ATTEMPT 482 W0 START 4x2 seed=1508527 2026-07-22T17:11:44.265
ATTEMPT 482 W0 SOLVE 4x2 2026-07-22T17:11:44.270
ATTEMPT 482 W0 DONE 4x2 seed=1508527 nsol=16 0.02s 2026-07-22T17:11:44.292
ATTEMPT 483 W0 START 4x2 seed=1508528 2026-07-22T17:11:44.293
ATTEMPT 483 W0 SOLVE 4x2 2026-07-22T17:11:44.298
ATTEMPT 483 W0 DONE 4x2 seed=1508528 nsol=16 0.01s 2026-07-22T17:11:44.307
ATTEMPT 484 W0 START 4x2 seed=1508529 2026-07-22T17:11:44.307
ATTEMPT 484 W0 SOLVE 4x2 2026-07-22T17:11:44.313
ATTEMPT 484 W0 DONE 4x2 seed=1508529 nsol=16 0.01s 2026-07-22T17:11:44.326
ATTEMPT 485 W0 START 4x2 seed=1508530 2026-07-22T17:11:44.326
ATTEMPT 485 W0 SOLVE 4x2 2026-07-22T17:11:44.332
ATTEMPT 485 W0 DONE 4x2 seed=1508530 nsol=16 0.01s 2026-07-22T17:11:44.343
ATTEMPT 486 W0 START 4x2 seed=1508531 2026-07-22T17:11:44.343
ATTEMPT 486 W0 SOLVE 4x2 2026-07-22T17:11:44.350
ATTEMPT 486 W0 DONE 4x2 seed=1508531 nsol=16 0.00s 2026-07-22T17:11:44.353
ATTEMPT 487 W0 START 4x2 seed=1508532 2026-07-22T17:11:44.353
ATTEMPT 487 W0 SOLVE 4x2 2026-07-22T17:11:44.360
ATTEMPT 487 W0 DONE 4x2 seed=1508532 nsol=16 0.02s 2026-07-22T17:11:44.379
ATTEMPT 488 W0 START 4x2 seed=1508533 2026-07-22T17:11:44.380
ATTEMPT 488 W0 SOLVE 4x2 2026-07-22T17:11:44.386
ATTEMPT 488 W0 DONE 4x2 seed=1508533 nsol=16 0.01s 2026-07-22T17:11:44.394
ATTEMPT 489 W0 START 4x2 seed=1508534 2026-07-22T17:11:44.395
ATTEMPT 489 W0 SOLVE 4x2 2026-07-22T17:11:44.402
ATTEMPT 489 W0 DONE 4x2 seed=1508534 nsol=16 0.01s 2026-07-22T17:11:44.415
ATTEMPT 490 W0 START 4x2 seed=1508535 2026-07-22T17:11:44.415
ATTEMPT 490 W0 SOLVE 4x2 2026-07-22T17:11:44.421
ATTEMPT 490 W0 DONE 4x2 seed=1508535 nsol=16 0.01s 2026-07-22T17:11:44.429
ATTEMPT 491 W0 START 4x2 seed=1508536 2026-07-22T17:11:44.429
ATTEMPT 491 W0 SOLVE 4x2 2026-07-22T17:11:44.434
ATTEMPT 491 W0 DONE 4x2 seed=1508536 nsol=16 0.02s 2026-07-22T17:11:44.451
ATTEMPT 492 W0 START 4x2 seed=1508537 2026-07-22T17:11:44.451
ATTEMPT 492 W0 SOLVE 4x2 2026-07-22T17:11:44.458
ATTEMPT 492 W0 DONE 4x2 seed=1508537 nsol=16 0.02s 2026-07-22T17:11:44.474
ATTEMPT 493 W0 START 4x2 seed=1508538 2026-07-22T17:11:44.475
ATTEMPT 493 W0 SOLVE 4x2 2026-07-22T17:11:44.481
ATTEMPT 493 W0 DONE 4x2 seed=1508538 nsol=16 0.01s 2026-07-22T17:11:44.490
ATTEMPT 494 W0 START 4x2 seed=1508539 2026-07-22T17:11:44.491
ATTEMPT 494 W0 SOLVE 4x2 2026-07-22T17:11:44.496
ATTEMPT 494 W0 DONE 4x2 seed=1508539 nsol=16 0.01s 2026-07-22T17:11:44.501
ATTEMPT 495 W0 START 4x2 seed=1508540 2026-07-22T17:11:44.502
ATTEMPT 495 W0 SOLVE 4x2 2026-07-22T17:11:44.508
ATTEMPT 495 W0 DONE 4x2 seed=1508540 nsol=16 0.01s 2026-07-22T17:11:44.514
ATTEMPT 496 W0 START 4x2 seed=1508541 2026-07-22T17:11:44.514
ATTEMPT 496 W0 SOLVE 4x2 2026-07-22T17:11:44.521
ATTEMPT 496 W0 DONE 4x2 seed=1508541 nsol=16 0.01s 2026-07-22T17:11:44.536
ATTEMPT 497 W0 START 4x2 seed=1508542 2026-07-22T17:11:44.536
ATTEMPT 497 W0 SOLVE 4x2 2026-07-22T17:11:44.543
ATTEMPT 497 W0 DONE 4x2 seed=1508542 nsol=16 0.01s 2026-07-22T17:11:44.551
ATTEMPT 498 W0 START 4x2 seed=1508543 2026-07-22T17:11:44.551
ATTEMPT 498 W0 SOLVE 4x2 2026-07-22T17:11:44.558
ATTEMPT 498 W0 DONE 4x2 seed=1508543 nsol=16 0.01s 2026-07-22T17:11:44.573
ATTEMPT 499 W0 START 4x2 seed=1508544 2026-07-22T17:11:44.573
ATTEMPT 499 W0 SOLVE 4x2 2026-07-22T17:11:44.582
ATTEMPT 499 W0 DONE 4x2 seed=1508544 nsol=16 0.01s 2026-07-22T17:11:44.596
ATTEMPT 500 W0 START 4x2 seed=1508545 2026-07-22T17:11:44.597
ATTEMPT 500 W0 SOLVE 4x2 2026-07-22T17:11:44.604
ATTEMPT 500 W0 DONE 4x2 seed=1508545 nsol=16 0.01s 2026-07-22T17:11:44.613
ATTEMPT 501 W0 START 4x2 seed=1508546 2026-07-22T17:11:44.613
ATTEMPT 501 W0 SOLVE 4x2 2026-07-22T17:11:44.622
ATTEMPT 501 W0 DONE 4x2 seed=1508546 nsol=16 0.01s 2026-07-22T17:11:44.637
ATTEMPT 502 W0 START 4x2 seed=1508547 2026-07-22T17:11:44.638
ATTEMPT 502 W0 SOLVE 4x2 2026-07-22T17:11:44.644
ATTEMPT 502 W0 DONE 4x2 seed=1508547 nsol=16 0.01s 2026-07-22T17:11:44.654
ATTEMPT 503 W0 START 4x2 seed=1508548 2026-07-22T17:11:44.655
ATTEMPT 503 W0 SOLVE 4x2 2026-07-22T17:11:44.660
ATTEMPT 503 W0 DONE 4x2 seed=1508548 nsol=16 0.01s 2026-07-22T17:11:44.666
ATTEMPT 504 W0 START 4x2 seed=1508549 2026-07-22T17:11:44.667
ATTEMPT 504 W0 SOLVE 4x2 2026-07-22T17:11:44.672
ATTEMPT 504 W0 DONE 4x2 seed=1508549 nsol=16 0.00s 2026-07-22T17:11:44.676
ATTEMPT 505 W0 START 4x2 seed=1508550 2026-07-22T17:11:44.676
ATTEMPT 505 W0 SOLVE 4x2 2026-07-22T17:11:44.689
ATTEMPT 505 W0 DONE 4x2 seed=1508550 nsol=16 0.01s 2026-07-22T17:11:44.697
ATTEMPT 506 W0 START 4x2 seed=1508551 2026-07-22T17:11:44.697
ATTEMPT 506 W0 SOLVE 4x2 2026-07-22T17:11:44.702
ATTEMPT 506 W0 DONE 4x2 seed=1508551 nsol=16 0.02s 2026-07-22T17:11:44.731
ATTEMPT 507 W0 START 4x2 seed=1508552 2026-07-22T17:11:44.731
ATTEMPT 507 W0 SOLVE 4x2 2026-07-22T17:11:44.740
ATTEMPT 507 W0 DONE 4x2 seed=1508552 nsol=16 0.01s 2026-07-22T17:11:44.749
ATTEMPT 508 W0 START 4x2 seed=1508553 2026-07-22T17:11:44.750
ATTEMPT 508 W0 SOLVE 4x2 2026-07-22T17:11:44.758
ATTEMPT 508 W0 DONE 4x2 seed=1508553 nsol=16 0.02s 2026-07-22T17:11:44.775
ATTEMPT 509 W0 START 4x2 seed=1508554 2026-07-22T17:11:44.775
ATTEMPT 509 W0 SOLVE 4x2 2026-07-22T17:11:44.782
ATTEMPT 509 W0 DONE 4x2 seed=1508554 nsol=16 0.01s 2026-07-22T17:11:44.790
ATTEMPT 510 W0 START 4x2 seed=1508555 2026-07-22T17:11:44.791
ATTEMPT 510 W0 SOLVE 4x2 2026-07-22T17:11:44.798
ATTEMPT 510 W0 DONE 4x2 seed=1508555 nsol=16 0.01s 2026-07-22T17:11:44.806
ATTEMPT 511 W0 START 4x2 seed=1508556 2026-07-22T17:11:44.806
ATTEMPT 511 W0 SOLVE 4x2 2026-07-22T17:11:44.814
ATTEMPT 511 W0 DONE 4x2 seed=1508556 nsol=16 0.02s 2026-07-22T17:11:44.830
ATTEMPT 512 W0 START 4x2 seed=1508557 2026-07-22T17:11:44.831
ATTEMPT 512 W0 SOLVE 4x2 2026-07-22T17:11:44.837
ATTEMPT 512 W0 DONE 4x2 seed=1508557 nsol=16 0.03s 2026-07-22T17:11:44.867
ATTEMPT 513 W0 START 4x2 seed=1508558 2026-07-22T17:11:44.867
ATTEMPT 513 W0 SOLVE 4x2 2026-07-22T17:11:44.873
ATTEMPT 513 W0 DONE 4x2 seed=1508558 nsol=16 0.01s 2026-07-22T17:11:44.886
ATTEMPT 514 W0 START 4x2 seed=1508559 2026-07-22T17:11:44.886
ATTEMPT 514 W0 SOLVE 4x2 2026-07-22T17:11:44.894
ATTEMPT 514 W0 DONE 4x2 seed=1508559 nsol=16 0.02s 2026-07-22T17:11:44.910
ATTEMPT 515 W0 START 4x2 seed=1508560 2026-07-22T17:11:44.911
ATTEMPT 515 W0 SOLVE 4x2 2026-07-22T17:11:44.916
ATTEMPT 515 W0 DONE 4x2 seed=1508560 nsol=16 0.22s 2026-07-22T17:11:45.140
ATTEMPT 516 W0 START 4x2 seed=1508561 2026-07-22T17:11:45.140
ATTEMPT 516 W0 SOLVE 4x2 2026-07-22T17:11:45.151
ATTEMPT 516 W0 DONE 4x2 seed=1508561 nsol=16 0.02s 2026-07-22T17:11:45.167
ATTEMPT 517 W0 START 4x2 seed=1508562 2026-07-22T17:11:45.167
ATTEMPT 517 W0 SOLVE 4x2 2026-07-22T17:11:45.178
ATTEMPT 517 W0 DONE 4x2 seed=1508562 nsol=16 0.01s 2026-07-22T17:11:45.186
ATTEMPT 518 W0 START 4x2 seed=1508563 2026-07-22T17:11:45.187
ATTEMPT 518 W0 SOLVE 4x2 2026-07-22T17:11:45.199
ATTEMPT 518 W0 DONE 4x2 seed=1508563 nsol=16 0.02s 2026-07-22T17:11:45.223
ATTEMPT 519 W0 START 4x2 seed=1508564 2026-07-22T17:11:45.223
ATTEMPT 519 W0 SOLVE 4x2 2026-07-22T17:11:45.229
ATTEMPT 519 W0 DONE 4x2 seed=1508564 nsol=16 0.01s 2026-07-22T17:11:45.242
ATTEMPT 520 W0 START 4x2 seed=1508565 2026-07-22T17:11:45.243
ATTEMPT 520 W0 SOLVE 4x2 2026-07-22T17:11:45.249
ATTEMPT 520 W0 DONE 4x2 seed=1508565 nsol=16 0.03s 2026-07-22T17:11:45.275
ATTEMPT 521 W0 START 4x2 seed=1508566 2026-07-22T17:11:45.275
ATTEMPT 521 W0 SOLVE 4x2 2026-07-22T17:11:45.284
ATTEMPT 521 W0 DONE 4x2 seed=1508566 nsol=16 0.01s 2026-07-22T17:11:45.299
ATTEMPT 522 W0 START 4x2 seed=1508567 2026-07-22T17:11:45.299
ATTEMPT 522 W0 SOLVE 4x2 2026-07-22T17:11:45.309
ATTEMPT 522 W0 DONE 4x2 seed=1508567 nsol=16 0.01s 2026-07-22T17:11:45.320
ATTEMPT 523 W0 START 4x2 seed=1508568 2026-07-22T17:11:45.320
ATTEMPT 523 W0 SOLVE 4x2 2026-07-22T17:11:45.328
ATTEMPT 523 W0 DONE 4x2 seed=1508568 nsol=16 0.01s 2026-07-22T17:11:45.342
ATTEMPT 524 W0 START 4x2 seed=1508569 2026-07-22T17:11:45.343
ATTEMPT 524 W0 SOLVE 4x2 2026-07-22T17:11:45.348
ATTEMPT 524 W0 DONE 4x2 seed=1508569 nsol=16 0.01s 2026-07-22T17:11:45.362
ATTEMPT 525 W0 START 4x2 seed=1508570 2026-07-22T17:11:45.362
ATTEMPT 525 W0 SOLVE 4x2 2026-07-22T17:11:45.369
ATTEMPT 525 W0 DONE 4x2 seed=1508570 nsol=16 0.01s 2026-07-22T17:11:45.383
ATTEMPT 526 W0 START 4x2 seed=1508571 2026-07-22T17:11:45.383
ATTEMPT 526 W0 SOLVE 4x2 2026-07-22T17:11:45.390
ATTEMPT 526 W0 DONE 4x2 seed=1508571 nsol=16 0.01s 2026-07-22T17:11:45.398
ATTEMPT 527 W0 START 4x2 seed=1508572 2026-07-22T17:11:45.398
ATTEMPT 527 W0 SOLVE 4x2 2026-07-22T17:11:45.405
ATTEMPT 527 W0 DONE 4x2 seed=1508572 nsol=16 0.02s 2026-07-22T17:11:45.423
ATTEMPT 528 W0 START 4x2 seed=1508573 2026-07-22T17:11:45.423
ATTEMPT 528 W0 SOLVE 4x2 2026-07-22T17:11:45.430
ATTEMPT 528 W0 DONE 4x2 seed=1508573 nsol=16 0.02s 2026-07-22T17:11:45.446
ATTEMPT 529 W0 START 4x2 seed=1508574 2026-07-22T17:11:45.447
ATTEMPT 529 W0 SOLVE 4x2 2026-07-22T17:11:45.452
ATTEMPT 529 W0 DONE 4x2 seed=1508574 nsol=16 0.02s 2026-07-22T17:11:45.470
ATTEMPT 530 W0 START 4x2 seed=1508575 2026-07-22T17:11:45.470
ATTEMPT 530 W0 SOLVE 4x2 2026-07-22T17:11:45.485
ATTEMPT 530 W0 DONE 4x2 seed=1508575 nsol=16 0.03s 2026-07-22T17:11:45.514
ATTEMPT 531 W0 START 4x2 seed=1508576 2026-07-22T17:11:45.515
ATTEMPT 531 W0 SOLVE 4x2 2026-07-22T17:11:45.525
ATTEMPT 531 W0 DONE 4x2 seed=1508576 nsol=16 0.02s 2026-07-22T17:11:45.546
ATTEMPT 532 W0 START 4x2 seed=1508577 2026-07-22T17:11:45.547
ATTEMPT 532 W0 SOLVE 4x2 2026-07-22T17:11:45.558
ATTEMPT 532 W0 DONE 4x2 seed=1508577 nsol=16 0.01s 2026-07-22T17:11:45.570
ATTEMPT 533 W0 START 4x2 seed=1508578 2026-07-22T17:11:45.570
ATTEMPT 533 W0 SOLVE 4x2 2026-07-22T17:11:45.579
ATTEMPT 533 W0 DONE 4x2 seed=1508578 nsol=16 0.02s 2026-07-22T17:11:45.599
ATTEMPT 534 W0 START 4x2 seed=1508579 2026-07-22T17:11:45.599
ATTEMPT 534 W0 SOLVE 4x2 2026-07-22T17:11:45.606
ATTEMPT 534 W0 DONE 4x2 seed=1508579 nsol=16 0.02s 2026-07-22T17:11:45.623
ATTEMPT 535 W0 START 4x2 seed=1508580 2026-07-22T17:11:45.623
ATTEMPT 535 W0 SOLVE 4x2 2026-07-22T17:11:45.635
ATTEMPT 535 W0 DONE 4x2 seed=1508580 nsol=16 0.01s 2026-07-22T17:11:45.647
ATTEMPT 536 W0 START 4x2 seed=1508581 2026-07-22T17:11:45.648
ATTEMPT 536 W0 SOLVE 4x2 2026-07-22T17:11:45.659
ATTEMPT 536 W0 DONE 4x2 seed=1508581 nsol=16 0.02s 2026-07-22T17:11:45.684
ATTEMPT 537 W0 START 4x2 seed=1508582 2026-07-22T17:11:45.684
ATTEMPT 537 W0 SOLVE 4x2 2026-07-22T17:11:45.692
ATTEMPT 537 W0 DONE 4x2 seed=1508582 nsol=16 0.01s 2026-07-22T17:11:45.705
ATTEMPT 538 W0 START 4x2 seed=1508583 2026-07-22T17:11:45.705
ATTEMPT 538 W0 SOLVE 4x2 2026-07-22T17:11:45.712
ATTEMPT 538 W0 DONE 4x2 seed=1508583 nsol=16 0.01s 2026-07-22T17:11:45.723
ATTEMPT 539 W0 START 4x2 seed=1508584 2026-07-22T17:11:45.724
ATTEMPT 539 W0 SOLVE 4x2 2026-07-22T17:11:45.734
ATTEMPT 539 W0 DONE 4x2 seed=1508584 nsol=16 0.02s 2026-07-22T17:11:45.755
ATTEMPT 540 W0 START 4x2 seed=1508585 2026-07-22T17:11:45.755
ATTEMPT 540 W0 SOLVE 4x2 2026-07-22T17:11:45.764
ATTEMPT 540 W0 DONE 4x2 seed=1508585 nsol=16 0.02s 2026-07-22T17:11:45.782
ATTEMPT 541 W0 START 4x2 seed=1508586 2026-07-22T17:11:45.782
ATTEMPT 541 W0 SOLVE 4x2 2026-07-22T17:11:45.801
ATTEMPT 541 W0 DONE 4x2 seed=1508586 nsol=16 0.02s 2026-07-22T17:11:45.830
ATTEMPT 542 W0 START 4x2 seed=1508587 2026-07-22T17:11:45.830
ATTEMPT 542 W0 SOLVE 4x2 2026-07-22T17:11:45.842
ATTEMPT 542 W0 DONE 4x2 seed=1508587 nsol=16 0.01s 2026-07-22T17:11:45.851
ATTEMPT 543 W0 START 4x2 seed=1508588 2026-07-22T17:11:45.851
ATTEMPT 543 W0 SOLVE 4x2 2026-07-22T17:11:45.867
ATTEMPT 543 W0 DONE 4x2 seed=1508588 nsol=16 0.01s 2026-07-22T17:11:45.877
ATTEMPT 544 W0 START 4x2 seed=1508589 2026-07-22T17:11:45.878
ATTEMPT 544 W0 SOLVE 4x2 2026-07-22T17:11:45.889
ATTEMPT 544 W0 DONE 4x2 seed=1508589 nsol=16 0.01s 2026-07-22T17:11:45.897
ATTEMPT 545 W0 START 4x2 seed=1508590 2026-07-22T17:11:45.897
ATTEMPT 545 W0 SOLVE 4x2 2026-07-22T17:11:45.905
ATTEMPT 545 W0 DONE 4x2 seed=1508590 nsol=16 0.02s 2026-07-22T17:11:45.926
ATTEMPT 546 W0 START 4x2 seed=1508591 2026-07-22T17:11:45.926
ATTEMPT 546 W0 SOLVE 4x2 2026-07-22T17:11:45.937
ATTEMPT 546 W0 DONE 4x2 seed=1508591 nsol=16 0.01s 2026-07-22T17:11:45.949
ATTEMPT 547 W0 START 4x2 seed=1508592 2026-07-22T17:11:45.949
ATTEMPT 547 W0 SOLVE 4x2 2026-07-22T17:11:45.965
ATTEMPT 547 W0 DONE 4x2 seed=1508592 nsol=16 0.03s 2026-07-22T17:11:45.991
ATTEMPT 548 W0 START 4x2 seed=1508593 2026-07-22T17:11:45.991
ATTEMPT 548 W0 SOLVE 4x2 2026-07-22T17:11:46.004
ATTEMPT 548 W0 DONE 4x2 seed=1508593 nsol=16 0.02s 2026-07-22T17:11:46.026
ATTEMPT 549 W0 START 4x2 seed=1508594 2026-07-22T17:11:46.026
ATTEMPT 549 W0 SOLVE 4x2 2026-07-22T17:11:46.032
ATTEMPT 549 W0 DONE 4x2 seed=1508594 nsol=16 0.01s 2026-07-22T17:11:46.046
ATTEMPT 550 W0 START 4x2 seed=1508595 2026-07-22T17:11:46.047
ATTEMPT 550 W0 SOLVE 4x2 2026-07-22T17:11:46.056
ATTEMPT 550 W0 DONE 4x2 seed=1508595 nsol=16 0.01s 2026-07-22T17:11:46.070
ATTEMPT 551 W0 START 4x2 seed=1508596 2026-07-22T17:11:46.071
ATTEMPT 551 W0 SOLVE 4x2 2026-07-22T17:11:46.087
ATTEMPT 551 W0 DONE 4x2 seed=1508596 nsol=16 0.01s 2026-07-22T17:11:46.097
ATTEMPT 552 W0 START 4x2 seed=1508597 2026-07-22T17:11:46.098
ATTEMPT 552 W0 SOLVE 4x2 2026-07-22T17:11:46.111
ATTEMPT 552 W0 DONE 4x2 seed=1508597 nsol=16 0.01s 2026-07-22T17:11:46.125
ATTEMPT 553 W0 START 4x2 seed=1508598 2026-07-22T17:11:46.125
ATTEMPT 553 W0 SOLVE 4x2 2026-07-22T17:11:46.132
ATTEMPT 553 W0 DONE 4x2 seed=1508598 nsol=16 0.01s 2026-07-22T17:11:46.146
ATTEMPT 554 W0 START 4x2 seed=1508599 2026-07-22T17:11:46.147
ATTEMPT 554 W0 SOLVE 4x2 2026-07-22T17:11:46.152
ATTEMPT 554 W0 DONE 4x2 seed=1508599 nsol=16 0.01s 2026-07-22T17:11:46.166
ATTEMPT 555 W0 START 4x2 seed=1508600 2026-07-22T17:11:46.167
ATTEMPT 555 W0 SOLVE 4x2 2026-07-22T17:11:46.175
ATTEMPT 555 W0 DONE 4x2 seed=1508600 nsol=16 0.02s 2026-07-22T17:11:46.194
ATTEMPT 556 W0 START 4x2 seed=1508601 2026-07-22T17:11:46.194
ATTEMPT 556 W0 SOLVE 4x2 2026-07-22T17:11:46.205
ATTEMPT 556 W0 DONE 4x2 seed=1508601 nsol=16 0.01s 2026-07-22T17:11:46.214
ATTEMPT 557 W0 START 4x2 seed=1508602 2026-07-22T17:11:46.214
ATTEMPT 557 W0 SOLVE 4x2 2026-07-22T17:11:46.222
ATTEMPT 557 W0 DONE 4x2 seed=1508602 nsol=16 0.02s 2026-07-22T17:11:46.246
ATTEMPT 558 W0 START 4x2 seed=1508603 2026-07-22T17:11:46.247
ATTEMPT 558 W0 SOLVE 4x2 2026-07-22T17:11:46.254
ATTEMPT 558 W0 DONE 4x2 seed=1508603 nsol=16 0.01s 2026-07-22T17:11:46.261
ATTEMPT 559 W0 START 4x2 seed=1508604 2026-07-22T17:11:46.261
ATTEMPT 559 W0 SOLVE 4x2 2026-07-22T17:11:46.268
ATTEMPT 559 W0 DONE 4x2 seed=1508604 nsol=16 0.01s 2026-07-22T17:11:46.282
ATTEMPT 560 W0 START 4x2 seed=1508605 2026-07-22T17:11:46.283
ATTEMPT 560 W0 SOLVE 4x2 2026-07-22T17:11:46.288
ATTEMPT 560 W0 DONE 4x2 seed=1508605 nsol=16 0.03s 2026-07-22T17:11:46.314
ATTEMPT 561 W0 START 4x2 seed=1508606 2026-07-22T17:11:46.315
ATTEMPT 561 W0 SOLVE 4x2 2026-07-22T17:11:46.320
ATTEMPT 561 W0 DONE 4x2 seed=1508606 nsol=16 0.02s 2026-07-22T17:11:46.335
ATTEMPT 562 W0 START 4x2 seed=1508607 2026-07-22T17:11:46.335
ATTEMPT 562 W0 SOLVE 4x2 2026-07-22T17:11:46.341
ATTEMPT 562 W0 DONE 4x2 seed=1508607 nsol=16 0.01s 2026-07-22T17:11:46.354
ATTEMPT 563 W0 START 4x2 seed=1508608 2026-07-22T17:11:46.355
ATTEMPT 563 W0 SOLVE 4x2 2026-07-22T17:11:46.360
ATTEMPT 563 W0 DONE 4x2 seed=1508608 nsol=16 0.01s 2026-07-22T17:11:46.370
ATTEMPT 564 W0 START 4x2 seed=1508609 2026-07-22T17:11:46.371
ATTEMPT 564 W0 SOLVE 4x2 2026-07-22T17:11:46.376
ATTEMPT 564 W0 DONE 4x2 seed=1508609 nsol=16 0.01s 2026-07-22T17:11:46.386
ATTEMPT 565 W0 START 4x2 seed=1508610 2026-07-22T17:11:46.387
ATTEMPT 565 W0 SOLVE 4x2 2026-07-22T17:11:46.392
ATTEMPT 565 W0 DONE 4x2 seed=1508610 nsol=16 0.01s 2026-07-22T17:11:46.406
ATTEMPT 566 W0 START 4x2 seed=1508611 2026-07-22T17:11:46.407
ATTEMPT 566 W0 SOLVE 4x2 2026-07-22T17:11:46.412
ATTEMPT 566 W0 DONE 4x2 seed=1508611 nsol=16 0.01s 2026-07-22T17:11:46.426
ATTEMPT 567 W0 START 4x2 seed=1508612 2026-07-22T17:11:46.427
ATTEMPT 567 W0 SOLVE 4x2 2026-07-22T17:11:46.432
ATTEMPT 567 W0 DONE 4x2 seed=1508612 nsol=16 0.01s 2026-07-22T17:11:46.442
ATTEMPT 568 W0 START 4x2 seed=1508613 2026-07-22T17:11:46.443
ATTEMPT 568 W0 SOLVE 4x2 2026-07-22T17:11:46.450
ATTEMPT 568 W0 DONE 4x2 seed=1508613 nsol=16 0.01s 2026-07-22T17:11:46.457
ATTEMPT 569 W0 START 4x2 seed=1508614 2026-07-22T17:11:46.457
ATTEMPT 569 W0 SOLVE 4x2 2026-07-22T17:11:46.465
ATTEMPT 569 W0 DONE 4x2 seed=1508614 nsol=16 0.01s 2026-07-22T17:11:46.478
ATTEMPT 570 W0 START 4x2 seed=1508615 2026-07-22T17:11:46.479
ATTEMPT 570 W0 SOLVE 4x2 2026-07-22T17:11:46.484
ATTEMPT 570 W0 DONE 4x2 seed=1508615 nsol=16 0.01s 2026-07-22T17:11:46.497
ATTEMPT 571 W0 START 4x2 seed=1508616 2026-07-22T17:11:46.498
ATTEMPT 571 W0 SOLVE 4x2 2026-07-22T17:11:46.504
ATTEMPT 571 W0 DONE 4x2 seed=1508616 nsol=16 0.01s 2026-07-22T17:11:46.518
ATTEMPT 572 W0 START 4x2 seed=1508617 2026-07-22T17:11:46.519
ATTEMPT 572 W0 SOLVE 4x2 2026-07-22T17:11:46.524
ATTEMPT 572 W0 DONE 4x2 seed=1508617 nsol=16 0.01s 2026-07-22T17:11:46.538
ATTEMPT 573 W0 START 4x2 seed=1508618 2026-07-22T17:11:46.539
ATTEMPT 573 W0 SOLVE 4x2 2026-07-22T17:11:46.544
ATTEMPT 573 W0 DONE 4x2 seed=1508618 nsol=16 0.02s 2026-07-22T17:11:46.563
ATTEMPT 574 W0 START 4x2 seed=1508619 2026-07-22T17:11:46.563
ATTEMPT 574 W0 SOLVE 4x2 2026-07-22T17:11:46.570
ATTEMPT 574 W0 DONE 4x2 seed=1508619 nsol=16 0.01s 2026-07-22T17:11:46.577
ATTEMPT 575 W0 START 4x2 seed=1508620 2026-07-22T17:11:46.577
ATTEMPT 575 W0 SOLVE 4x2 2026-07-22T17:11:46.583
ATTEMPT 575 W0 DONE 4x2 seed=1508620 nsol=16 0.01s 2026-07-22T17:11:46.592
ATTEMPT 576 W0 START 4x2 seed=1508621 2026-07-22T17:11:46.592
ATTEMPT 576 W0 SOLVE 4x2 2026-07-22T17:11:46.600
ATTEMPT 576 W0 DONE 4x2 seed=1508621 nsol=16 0.02s 2026-07-22T17:11:46.622
ATTEMPT 577 W0 START 4x2 seed=1508622 2026-07-22T17:11:46.623
ATTEMPT 577 W0 SOLVE 4x2 2026-07-22T17:11:46.628
ATTEMPT 577 W0 DONE 4x2 seed=1508622 nsol=16 0.01s 2026-07-22T17:11:46.642
ATTEMPT 578 W0 START 4x2 seed=1508623 2026-07-22T17:11:46.643
ATTEMPT 578 W0 SOLVE 4x2 2026-07-22T17:11:46.649
ATTEMPT 578 W0 DONE 4x2 seed=1508623 nsol=16 0.02s 2026-07-22T17:11:46.667
ATTEMPT 579 W0 START 4x2 seed=1508624 2026-07-22T17:11:46.667
ATTEMPT 579 W0 SOLVE 4x2 2026-07-22T17:11:46.675
ATTEMPT 579 W0 DONE 4x2 seed=1508624 nsol=16 0.02s 2026-07-22T17:11:46.694
ATTEMPT 580 W0 START 4x2 seed=1508625 2026-07-22T17:11:46.695
ATTEMPT 580 W0 SOLVE 4x2 2026-07-22T17:11:46.701
ATTEMPT 580 W0 DONE 4x2 seed=1508625 nsol=16 0.01s 2026-07-22T17:11:46.709
ATTEMPT 581 W0 START 4x2 seed=1508626 2026-07-22T17:11:46.709
ATTEMPT 581 W0 SOLVE 4x2 2026-07-22T17:11:46.715
ATTEMPT 581 W0 DONE 4x2 seed=1508626 nsol=16 0.02s 2026-07-22T17:11:46.737
ATTEMPT 582 W0 START 4x2 seed=1508627 2026-07-22T17:11:46.738
ATTEMPT 582 W0 SOLVE 4x2 2026-07-22T17:11:46.751
ATTEMPT 582 W0 DONE 4x2 seed=1508627 nsol=16 0.02s 2026-07-22T17:11:46.766
ATTEMPT 583 W0 START 4x2 seed=1508628 2026-07-22T17:11:46.767
ATTEMPT 583 W0 SOLVE 4x2 2026-07-22T17:11:46.772
ATTEMPT 583 W0 DONE 4x2 seed=1508628 nsol=16 0.01s 2026-07-22T17:11:46.778
ATTEMPT 584 W0 START 4x2 seed=1508629 2026-07-22T17:11:46.779
ATTEMPT 584 W0 SOLVE 4x2 2026-07-22T17:11:46.786
ATTEMPT 584 W0 DONE 4x2 seed=1508629 nsol=16 0.02s 2026-07-22T17:11:46.802
ATTEMPT 585 W0 START 4x2 seed=1508630 2026-07-22T17:11:46.803
ATTEMPT 585 W0 SOLVE 4x2 2026-07-22T17:11:46.810
ATTEMPT 585 W0 DONE 4x2 seed=1508630 nsol=16 0.03s 2026-07-22T17:11:46.838
ATTEMPT 586 W0 START 4x2 seed=1508631 2026-07-22T17:11:46.839
ATTEMPT 586 W0 SOLVE 4x2 2026-07-22T17:11:46.844
ATTEMPT 586 W0 DONE 4x2 seed=1508631 nsol=16 0.01s 2026-07-22T17:11:46.853
ATTEMPT 587 W0 START 4x2 seed=1508632 2026-07-22T17:11:46.853
ATTEMPT 587 W0 SOLVE 4x2 2026-07-22T17:11:46.859
ATTEMPT 587 W0 DONE 4x2 seed=1508632 nsol=16 0.01s 2026-07-22T17:11:46.870
ATTEMPT 588 W0 START 4x2 seed=1508633 2026-07-22T17:11:46.871
ATTEMPT 588 W0 SOLVE 4x2 2026-07-22T17:11:46.876
ATTEMPT 588 W0 DONE 4x2 seed=1508633 nsol=16 0.01s 2026-07-22T17:11:46.887
ATTEMPT 589 W0 START 4x2 seed=1508634 2026-07-22T17:11:46.887
ATTEMPT 589 W0 SOLVE 4x2 2026-07-22T17:11:46.893
ATTEMPT 589 W0 DONE 4x2 seed=1508634 nsol=16 0.09s 2026-07-22T17:11:46.982
ATTEMPT 590 W0 START 4x2 seed=1508635 2026-07-22T17:11:46.983
ATTEMPT 590 W0 SOLVE 4x2 2026-07-22T17:11:46.993
ATTEMPT 590 W0 DONE 4x2 seed=1508635 nsol=16 0.02s 2026-07-22T17:11:47.011
ATTEMPT 591 W0 START 4x2 seed=1508636 2026-07-22T17:11:47.011
ATTEMPT 591 W0 SOLVE 4x2 2026-07-22T17:11:47.022
ATTEMPT 591 W0 DONE 4x2 seed=1508636 nsol=16 0.01s 2026-07-22T17:11:47.034
ATTEMPT 592 W0 START 4x2 seed=1508637 2026-07-22T17:11:47.034
ATTEMPT 592 W0 SOLVE 4x2 2026-07-22T17:11:47.048
ATTEMPT 592 W0 DONE 4x2 seed=1508637 nsol=16 0.01s 2026-07-22T17:11:47.059
ATTEMPT 593 W0 START 4x2 seed=1508638 2026-07-22T17:11:47.059
ATTEMPT 593 W0 SOLVE 4x2 2026-07-22T17:11:47.068
ATTEMPT 593 W0 DONE 4x2 seed=1508638 nsol=16 0.01s 2026-07-22T17:11:47.082
ATTEMPT 594 W0 START 4x2 seed=1508639 2026-07-22T17:11:47.083
ATTEMPT 594 W0 SOLVE 4x2 2026-07-22T17:11:47.092
ATTEMPT 594 W0 DONE 4x2 seed=1508639 nsol=16 0.01s 2026-07-22T17:11:47.106
ATTEMPT 595 W0 START 4x2 seed=1508640 2026-07-22T17:11:47.106
ATTEMPT 595 W0 SOLVE 4x2 2026-07-22T17:11:47.116
ATTEMPT 595 W0 DONE 4x2 seed=1508640 nsol=16 0.00s 2026-07-22T17:11:47.127
ATTEMPT 596 W0 START 4x2 seed=1508641 2026-07-22T17:11:47.127
ATTEMPT 596 W0 SOLVE 4x2 2026-07-22T17:11:47.151
ATTEMPT 596 W0 DONE 4x2 seed=1508641 nsol=16 0.01s 2026-07-22T17:11:47.157
ATTEMPT 597 W0 START 4x2 seed=1508642 2026-07-22T17:11:47.157
ATTEMPT 597 W0 SOLVE 4x2 2026-07-22T17:11:47.188
ATTEMPT 597 W0 DONE 4x2 seed=1508642 nsol=16 0.02s 2026-07-22T17:11:47.210
ATTEMPT 598 W0 START 4x2 seed=1508643 2026-07-22T17:11:47.210
ATTEMPT 598 W0 SOLVE 4x2 2026-07-22T17:11:47.223
ATTEMPT 598 W0 DONE 4x2 seed=1508643 nsol=16 0.02s 2026-07-22T17:11:47.242
ATTEMPT 599 W0 START 4x2 seed=1508644 2026-07-22T17:11:47.243
ATTEMPT 599 W0 SOLVE 4x2 2026-07-22T17:11:47.258
ATTEMPT 599 W0 DONE 4x2 seed=1508644 nsol=16 0.02s 2026-07-22T17:11:47.285
ATTEMPT 600 W0 START 4x2 seed=1508645 2026-07-22T17:11:47.285
ATTEMPT 600 W0 SOLVE 4x2 2026-07-22T17:11:47.290
ATTEMPT 600 W0 DONE 4x2 seed=1508645 nsol=16 0.02s 2026-07-22T17:11:47.330
HUNT2 complete 2026-07-22T17:11:47.344
