i,err,source_type,primary_method,interpolator,rescue,sp_idx,cand_idx,agg_strategy,mp_combo,In(t),Npop(t),S(t),Tr(t),a,b,d,g,nu
1,0.00026777409791759133,"single_point","algebraic","aaad_gpr","none",63,475,"none",-1,0.6740055678279184,0.20800000008982886,0.7249969195367603,0.10898004029157411,0.47296726484577295,0.7339970690863704,0.37801782039220533,0.775003829813424,0.6200751495632439
2,0.00011541537234514862,"single_point","algebraic","aaad","none",80,542,"none",-1,0.6739934274387687,0.20799999923451953,0.7250035519490796,0.10903730995392538,0.4730366770778481,0.7340013196562588,0.37798584934514623,0.774997025283925,0.6199617128381952
3,0.0015206537122767136,"single_point","algebraic","aaad_gpr","none",48,473,"none",-1,0.6740015649118694,0.20800000008982886,0.7249816921425356,0.10902991054150783,0.4728585987631612,0.7340021460603808,0.37804141455449564,0.7749846386611202,0.6196558747411772
4,2.133696461626924e-5,"single_point","algebraic","aaad_gpr","none",80,477,"none",-1,0.6740296529143819,0.20800000008982886,0.7249843131709777,0.1089187131785128,0.47287670474368176,0.7339850761394533,0.3780865485023752,0.7750021597905636,0.6200267668996566
5,0.00220019288612528,"single_point","algebraic","aaad_gpr","none",25,466,"none",-1,0.6740006624912802,0.20800000008982886,0.7249434073928637,0.10901105520799234,0.4723395991712125,0.734026171587137,0.3780382166531344,0.7749873306410692,0.6196525936917512
6,0.003450386954790957,"single_point","algebraic","aaad_gpr","none",36,471,"none",-1,0.6739978318834996,0.20800000008982886,0.7250888785309326,0.1089753889567234,0.4740594472409918,0.7339634613075977,0.3779275570809453,0.7750206880021424,0.6205352022325608
7,0.00011893898616115967,"single_point","algebraic","aaad_gpr","none",101,479,"none",-1,0.6738956654648895,0.20800000008982886,0.7250121615999403,0.10930831495293458,0.4730549091528746,0.7340391288240566,0.37788388389157507,0.7750023359109462,0.620019977073095
8,0.0023482888619522292,"single_point","algebraic","s3_adapt_rq","none",63,241,"none",-1,0.6739362294814143,0.20800000008982886,0.7251794822953674,0.10901902356540916,0.47466194345255025,0.7340102635391439,0.3774724191794648,0.7750084671021009,0.6201476247285256
9,0.001800022060474535,"single_point","algebraic","s3_adapt_se","none",80,172,"none",-1,0.6735260284425914,0.20800000008982886,0.725218691362118,0.10993988758611375,0.4745277624439719,0.7342790324881553,0.37661131595952235,0.7750092184525388,0.6201133246303202
10,0.0019107111846459097,"single_point","algebraic","s3_adapt_rq","none",80,242,"none",-1,0.6734738775978292,0.20800000008982886,0.7253075714441956,0.1100858421319057,0.4753142114231101,0.7343031991663522,0.3762673048039951,0.7749953814833013,0.6199394132400669
11,0.008670463451629999,"single_point","algebraic","s3_adapt_se","none",48,168,"none",-1,0.6741684162524311,0.20800000008982886,0.7244247362424906,0.10889291247305419,0.4674206775198649,0.7340324903077942,0.3794373234116108,0.7749725641492944,0.6193587324455191
12,0.006392996368979865,"single_point","algebraic","s3_adapt_se","none",63,170,"none",-1,0.6736404737610273,0.20800000008982886,0.725658300519843,0.10942263206637165,0.4788825723596724,0.7341400427154685,0.37572590788851096,0.7750031818087149,0.6200777441370272
13,0.004508538481944007,"single_point","algebraic","agp_robust","none",36,16,"none",-1,0.6739239516689923,0.20800000008982886,0.7247438010122134,0.10895624727304896,0.46709344654753904,0.7342405020042762,0.37730201146676323,0.7751063064712989,0.6229557530024027
14,0.0028524872068345585,"single_point","algebraic","agp_robust","none",80,21,"none",-1,0.6732523325027594,0.20800000008982886,0.7253356101364249,0.11044107782668955,0.4753101136042885,0.7344464683926624,0.37582199395145727,0.7750181215488277,0.620210512552336
15,0.0001504790220931259,"single_point","algebraic","s3_adapt_se","none",101,174,"none",-1,0.6736129772821157,0.20800000008982886,0.7250164781674527,0.11045858305967275,0.47303225648611996,0.7340998714569181,0.37779065543526474,0.7749961497123999,0.6199592878215574
16,0.003120597941691652,"single_point","algebraic","agp_robust_rq","none",80,100,"none",-1,0.6732510130001456,0.20800000008982886,0.7254118452562008,0.11046545438532451,0.4760138695782944,0.7344423398078578,0.3755871664538748,0.7750072395867231,0.6200944997734411
17,0.006808188507084801,"single_point","algebraic","agp_robust_rq","none",63,98,"none",-1,0.6736704128775979,0.20800000008982886,0.7257170815418597,0.1093720840704508,0.47959974684909445,0.7340902040272393,0.37573211818515556,0.7749972379939695,0.6199639595262074
18,0.0002934983908870703,"single_point","algebraic","s3_adapt_rq","none",101,244,"none",-1,0.6735209226715119,0.20800000008982886,0.7250543265086462,0.11052253042885518,0.47326203315614185,0.7341732375116486,0.3774843739665908,0.7750024097467517,0.6200218960527031
19,0.00014407645324372834,"single_point","algebraic","aaad","none",101,544,"none",-1,0.6744514855617534,0.2080000004267851,0.724951547569304,0.1074657351797046,0.47275660216879295,0.7338505462651543,0.3784416899570043,0.7750017722676745,0.620015438483626
20,0.009120108321657378,"single_point","algebraic","s3_adapt_rq","none",48,239,"none",-1,0.6741162801176381,0.20800000008982886,0.7243602130081662,0.10893466667897739,0.4661354936374611,0.7341352464064432,0.3791642026751696,0.7749865236231601,0.6197087370165075
21,8.182832020811972e-5,"single_point","algebraic","s3_adapt_rq","none",124,246,"none",-1,0.6744513888357505,0.20800000008982886,0.7249799451623374,0.1072870402989381,0.4729623899761197,0.7338952609403336,0.37821434140306925,0.7749980329174062,0.6199881171761594
22,469.2097461671282,"synthesized_aggregate","algebraic","","none",-1,-1,"median",-1,0.673999198672837,0.20800000008982886,0.7241406495734022,0.10900146068372579,0.46510414519661164,0.7337997543856359,0.3810059690174129,0.7750084671021009,0.6201476247285256
23,0.0034857803246786325,"single_point","algebraic","s2_aaa_mle","none",63,603,"none",-1,0.6745365896336543,0.20800000015791023,0.7241406495734022,0.10803999516389287,0.46510414519661164,0.7337997543856359,0.3810059690174129,0.7750683794164843,0.6212391974785909
24,0.011040910271615443,"single_point","algebraic","s2_aaa_mle","none",48,601,"none",-1,0.6741544005850089,0.20800000131576224,0.7242049149844831,0.1088820489898451,0.464418443150198,0.7341614034016953,0.3794571806952662,0.7749889723053699,0.6197361232852086
25,0.010503744137153671,"single_point","algebraic","agp_robust_rq","none",25,92,"none",-1,0.6740242601509863,0.20800000008982886,0.7254628251074744,0.1090023954130741,0.4824885111585267,0.7337977255403323,0.37828908143659823,0.7749744778231454,0.6191311490648752
26,0.013352141098034804,"single_point","algebraic","aaad","none",48,539,"none",-1,0.6741925206275595,0.20800000159703463,0.7240075409858057,0.1088563209079504,0.46226727570937776,0.7342011222675374,0.3798183547408074,0.7749897678531087,0.6197885248447031
27,6.614198286066317e-5,"single_point","algebraic","aaad","none",152,548,"none",-1,0.6734134704219683,0.20800000051113468,0.7250151919867306,0.11163455770117134,0.4729971141137801,0.7340718929307589,0.37790526570581473,0.7750022061418539,0.6200090630397689
28,0.019343282218747423,"single_point","algebraic","agp_robust","none",48,18,"none",-1,0.6743133722037068,0.20800000008982886,0.723817848340103,0.1088302601765883,0.46133977821589145,0.7341084447777659,0.38078142973727186,0.7749320798984207,0.618397381289563
29,0.013393588403167097,"single_point","algebraic","agp_robust","none",63,19,"none",-1,0.6733164809985994,0.20800000008982886,0.7263123051523492,0.1097683249622358,0.48477896799584164,0.7342490884171285,0.3735696357323023,0.7750136249368703,0.620300840228359
30,0.015325581866630172,"single_point","algebraic","agp_robust_rq","none",48,95,"none",-1,0.6742577585098082,0.20800000008982886,0.7238187480871311,0.10879622933061268,0.4606358475948171,0.7341962564451133,0.3803901627097522,0.7749879600138558,0.6197073602644116
31,0.019560132520092643,"single_point","algebraic","agp_robust_rq","none",36,93,"none",-1,0.673915695570485,0.20800000008982886,0.7261971033879165,0.10903411158293316,0.48713394662893195,0.7335481791802196,0.37672537286792684,0.7750218691436886,0.6206169322060229
32,0.021894461258846788,"single_point","algebraic","aaad_gpr","none",16,462,"none",-1,0.6740000985043588,0.20800000008982886,0.7238945373506642,0.10899636994199516,0.45658472939477923,0.7345013993243356,0.37830648497667707,0.7750043667935131,0.6200424247068147
33,0.026071373499533437,"single_point","algebraic","s3_adapt_rq","none",36,237,"none",-1,0.6739168376994809,0.20800000008982886,0.726567219970746,0.10902725942096712,0.4923274263962013,0.7333710537165865,0.37661252190684535,0.7750215559155754,0.620562159090319
34,0.004305121733794386,"single_point","algebraic","s2_aaa_mle","none",101,607,"none",-1,0.6731264133467798,0.20799999993226687,0.7250708170601452,0.11399818126616859,0.473712848400744,0.7341222443427314,0.3775896745570586,0.7748542952367621,0.6187033318554341
35,0.00027539189976523,"single_point","algebraic","s3_adapt_se","none",124,176,"none",-1,0.6752774947984344,0.20800000008982886,0.7249549354210569,0.10395114982609406,0.47296968086579566,0.7337490886902382,0.37845029913080264,0.7749898109971268,0.6199397701455466
36,0.0006511707089307492,"single_point","algebraic","agp_robust","none",101,23,"none",-1,0.6726619219834202,0.20800000008982886,0.7250527279611426,0.11414070525245158,0.4730878139387015,0.7343388041175312,0.3773026349016712,0.7749819593448721,0.6198293042113167
37,0.025282528130336854,"single_point","algebraic","s3_adapt_se","none",36,166,"none",-1,0.673990839713491,0.20800000008982886,0.723322994611108,0.10896284906465939,0.44958482834035196,0.7348232770221682,0.378515963407574,0.7750506024013292,0.6213789352093263
38,0.000127217455024715,"single_point","algebraic","s3_adapt_rq","none",152,248,"none",-1,0.6726892496527511,0.20800000008982886,0.7250365665836894,0.11475554285906107,0.47300904216456047,0.7341836344090348,0.37773511321798536,0.7750016373677383,0.6200063310555108
39,0.00013228542714843503,"single_point","algebraic","aaad_gpr","none",124,481,"none",-1,0.6754708869773183,0.20800000008982886,0.7249464797498161,0.10286651646225763,0.472917100234876,0.7337337461559874,0.3784853204332182,0.7750017875523643,0.6200094362857399
40,0.0008291916859298412,"single_point","algebraic","agp_robust_rq","none",101,102,"none",-1,0.6721307418859127,0.20800000008982886,0.7251909940011534,0.1151771682879167,0.47389313853032167,0.7346382290518337,0.3761655579914561,0.7750035889742448,0.6200289088968682
41,0.00015060221901935604,"single_point","algebraic","aaad","none",124,546,"none",-1,0.6723766000703802,0.20800000094195303,0.7250630856249262,0.11569487875500725,0.47311530930478035,0.7343082971923357,0.3774147825761827,0.7749984668550346,0.6199908638759936
42,0.0036284868173137646,"single_point","algebraic","s2_aaa_mle","none",124,609,"none",-1,0.6706487168662424,0.2080000030071519,0.7251332171507688,0.11904393187184895,0.47279939771438056,0.7348998104409342,0.37628538131440215,0.7751751482374337,0.6210295455200745
43,0.05955115731535758,"single_point","algebraic","aaad","none",16,530,"none",-1,0.6740009791763988,0.20800000031586507,0.7217312097534263,0.10898526002276461,0.42435630641016003,0.7354832490931663,0.3789240551496441,0.775040458853409,0.6216044022433587
44,0.061809006879901277,"single_point","algebraic","aaad","none",63,540,"none",-1,0.6700752815747345,0.20800000115885905,0.7318271582525764,0.11386885337135791,0.5336107825320947,0.7355707800755338,0.35432101771541635,0.7750053187528959,0.6200877071403267
45,0.09590093794173735,"single_point","algebraic","agp_robust_rq","none",16,88,"none",-1,0.6739900978715456,0.20800000008982886,0.7207346064977732,0.1089990744444279,0.4028329565023679,0.735749503147753,0.3788283517506943,0.7750172183317795,0.6208028177374985
46,0.0005389950636358887,"single_point","algebraic","s3_adapt_se","none",152,178,"none",-1,0.6688978762699739,0.20800000008982886,0.7251345050770528,0.13281820248411783,0.47306387522653776,0.7345744854536198,0.3772568093034727,0.7749866415654242,0.6199485501348067
47,0.14388163907737614,"single_point","algebraic","s3_adapt_rq","none",25,232,"none",-1,0.6739985433862195,0.20800000008982886,0.7329488017601071,0.10901524578925623,0.5877497575291879,0.7303404140234324,0.37567362124805054,0.7749736148303862,0.619160885076497
48,0.20343844663589114,"single_point","algebraic","aaad_gpr","none",8,459,"none",-1,0.6740000628257341,0.20800000008982886,0.7150806442516431,0.10900075698101654,0.32296882687282114,0.7384493318903524,0.38077402439223007,0.7750238860262826,0.6218006702938913
49,0.0008544512667781369,"single_point","algebraic","aaad_gpr","none",152,483,"none",-1,0.6825024626433217,0.20800000008982886,0.7247794942201571,0.06951804480603904,0.47294628922461723,0.7330662940527062,0.37919185066246136,0.7750035367057031,0.620013629537044
50,0.20379634651528242,"single_point","algebraic","agp_robust","none",25,13,"none",-1,0.674008744090522,0.20800000008982886,0.7369320926535177,0.10905424542478025,0.6464419713214276,0.7285288283125825,0.374722938335578,0.7748799765315163,0.6159477992403295
51,0.0009372696879032917,"single_point","algebraic","agp_robust","none",124,25,"none",-1,0.6646769781687641,0.20800000008982886,0.7252835994160537,0.14947146354456126,0.47323711503580634,0.7354686955116745,0.3756640708071763,0.774978425070005,0.6198764671561807
52,0.0009823571279425343,"single_point","algebraic","agp_robust_rq","none",124,104,"none",-1,0.6640859271049453,0.20800000008982886,0.7253712661800734,0.14989957832804718,0.4735885693131302,0.7358860876791763,0.3745041739555878,0.7750013735867147,0.6200062175551936
53,0.0010277194072334116,"single_point","algebraic","s3_adapt_rq","none",185,250,"none",-1,0.683720342889704,0.20800000008982886,0.7247680728333281,0.06191202253633825,0.4729969104344023,0.7331709539093857,0.37887436901888294,0.7749987432165448,0.6199969427935755
54,0.3165002263072523,"single_point","algebraic","s3_adapt_se","none",25,165,"none",-1,0.6739675428244755,0.20800000008982886,0.7437183356392503,0.10905255960064728,0.7388319498377064,0.7254477387634131,0.3720888334896404,0.7749279608657234,0.6176714076031771
55,0.35239681240343323,"single_point","algebraic","aaad","none",36,537,"none",-1,0.6732478506063313,0.2079999990475398,0.74829745197784,0.10942197490192304,0.7729078166850517,0.7241308181530073,0.3628546093616983,0.775029831717384,0.620761004861439
56,1.3863950427271722e7,"synthesized_aggregate","algebraic","","none",-1,-1,"median",-1,0.673999198672837,0.20800000008982886,0.8963062122703956,0.10900146068372579,0.46981608432846267,0.6032775472353815,0.1252397756425666,0.7750002717699268,0.6200006432485861
57,3.903676815508487,"multipoint","algebraic","s3_adapt_rq","none",16,285,"none",3,0.6683694085674411,0.20800000008982886,1.2313952772504086,0.11050142411958573,0.469482571708043,0.45365451607010115,0.11183678348640536,0.7749987858384247,0.6200005694941653
58,0.0017213405246501597,"single_point","algebraic","agp_robust_rq","none",152,106,"none",-1,0.6904809136717432,0.20800000008982886,0.7246031209125089,0.029964263874754146,0.47299630015882205,0.7325249934207387,0.37957636063095734,0.7750028951251228,0.6200108379523908
59,0.18746005193766102,"single_point","algebraic","s2_aaa_mle","none",80,605,"none",-1,0.6333838507378508,0.20799999904455826,0.7551640416770179,0.1927509079068166,0.6950809021680125,0.7587797584688908,0.2279540095356602,0.7749983456632512,0.619987187638927
60,1.3515261090991824,"multipoint","algebraic","s3_adapt_rq","none",25,289,"none",4,0.6574436353910896,0.20800000008982886,0.9013061437851275,0.11656530190562948,0.469751642102046,0.6393671140339232,0.0758857678021669,0.774999812913349,0.6200006225259445
61,0.5529222080854024,"multipoint","algebraic","s3_adapt_rq","none",36,294,"none",5,0.6424006259668574,0.20800000008982886,0.7984553078855618,0.13177317957787932,0.46988052655487933,0.7398011815017996,0.06392743500424268,0.775000615590752,0.6200006639712274
62,1.2107519291354562e8,"synthesized_aggregate","algebraic","","none",-1,-1,"median",-1,0.673999198672837,0.20800000008982886,0.7242439625477041,0.10900146068372579,0.4729969104344023,0.0921667512392064,0.3340954018179887,0.7749987432165448,0.6199969427935755
63,1.4260396977255052e8,"synthesized_aggregate","algebraic","","none",-1,-1,"median",-1,0.673999198672837,0.20800000008982886,0.6417057825568561,0.10900146068372578,0.469991757179172,0.08830458475950873,0.34959374514366925,0.7750000014472178,0.6199998145428225
64,0.3913769118981998,"single_point","algebraic","chebyshev_bic","none",80,316,"none",-1,0.6703755592650531,0.20800000010366654,0.7801678681045984,0.048573699710951344,0.9133438751174917,0.7360697812452138,0.20456608959283418,0.7753793497787945,0.6269225907244149
65,0.7030518693806878,"multipoint","algebraic","s3_adapt_rq","none",36,291,"none",5,0.6359463421215036,0.20800000008982886,0.8183134707433327,0.1365378567921338,0.46683353781624515,0.737954190516258,0.0005212524879909801,0.775000615590752,0.6200006639712274
66,1.879830887409649,"multipoint","algebraic","s3_adapt_rq","none",25,287,"none",4,0.6531893529193395,0.20800000008982886,0.9703536458192781,0.11853289903394748,0.4655012181636461,0.6061327741764866,0.0004138863294355786,0.774999812913349,0.6200006225259445
67,0.7531152644461366,"single_point","algebraic","s3_adapt_rq","none",16,228,"none",-1,0.6743955237204264,0.20800000008982886,0.69261812341774,0.10875937689878998,-0.014185081714898075,0.749102691534775,0.3872808730694023,0.7750213035240574,0.6209146901048632
68,0.0031767039473268033,"single_point","algebraic","s3_adapt_se","none",185,180,"none",-1,0.7035849840756934,0.20800000008982886,0.7243063298190694,-0.03617198843694223,0.47299950037982746,0.7317210569451582,0.3802612635482381,0.7749967855812199,0.619993060024117
69,0.0037158319212541326,"single_point","algebraic","aaad_gpr","none",185,485,"none",-1,0.707425918812603,0.20800000008982886,0.7242439625477041,-0.059853764761842225,0.4729991436991174,0.7318819804062832,0.3798375228996672,0.7750008105627073,0.6200025183344767
70,8.714481054407923,"multipoint","algebraic","s3_adapt_rq","none",16,283,"none",3,0.6659879245363615,0.20800000008982886,1.8580132729818752,0.11113873947271023,0.4582106055422135,0.3067571697971499,0.00019514019653110316,0.7749987858384247,0.6200005694941652
71,10.21475891667389,"multipoint","algebraic","s3_adapt_rq","none",8,279,"none",2,0.6734145186422495,0.20800000008982886,2.0497051282856935,0.10906521061197968,0.46914036958401845,0.2643636029182213,0.20023952984773752,0.7750044449788169,0.6200008616970779
72,2.5549656364871532e8,"synthesized_aggregate","algebraic","","none",-1,-1,"median",-1,0.673999198672837,0.20800000008982886,-0.6872602949271631,0.10900146068372579,0.28829795571293676,-0.7869025981515905,-0.020454971164085824,0.7744765993033764,0.6195111948671829
73,1.0e15,"multipoint","algebraic","s3_adapt_rq","none",8,281,"none",2,0.9832281165275629,0.20800000008982886,-0.8526913972696215,0.03830744823604941,0.4660945153909965,-0.667134114796679,-0.09460441099508955,0.7750044449788169,0.6200008616970779
74,2.2523264842084427,"single_point","algebraic","aaad","none",25,534,"none",-1,0.7054654639001382,0.20800000015282485,0.6496882318317152,0.07514252784604936,-0.6501739529666802,0.7722592040184254,0.4059467587256491,0.7745859720235571,0.6064977944701503
75,2.218700430733969,"single_point","algebraic","agp_robust","none",16,9,"none",-1,0.6928383253145601,0.20800000008982886,0.651059658690188,0.09786336163034565,-0.663550293767154,0.770164366253419,0.40036555443551125,0.7750727964513643,0.6234702213553774
76,2.7430047817193026,"single_point","algebraic","s3_adapt_se","none",16,161,"none",-1,0.6978936268127847,0.20800000008982886,0.6395370143710292,0.0948894261076667,-0.8381379302260584,0.7766189603121099,0.4047471490786341,0.7750787343896319,0.623250099508524
77,16.13952762808797,"multipoint","algebraic","s3_adapt_rq","none",1,275,"none",1,0.6739993429130323,0.20800000008982886,2.8181705298199327,0.10900053952678382,0.46903342960974925,0.18993653883668316,0.2831834448723762,0.774992113567483,0.6200002249794742
78,1.0e15,"multipoint","algebraic","s3_adapt_rq","none",1,274,"none",1,0.6739993429130323,0.20800000008982886,-0.3496206763541728,0.10900053952678382,0.4759118877206393,-1.5596692940231314,-0.0007159682536402471,0.774992113567483,0.6200002249794742
79,1.0e15,"multipoint","algebraic","s3_adapt_rq","none",8,278,"none",2,0.9836006682188689,0.20800000008982886,-1.6183888608626438,0.038227585312715105,0.48608240837623706,-0.3454092137040266,-0.00019252637540607148,0.7750044449788169,0.6200008616970779
80,3.659199263539426,"single_point","algebraic","s2_aaa_mle","none",25,596,"none",-1,0.7276356472063101,0.2080000002433793,0.6214751830798535,0.05115547323453344,-1.0918181341801998,0.7884249404891044,0.41871000134875525,0.7749857491726136,0.6194989237421761
81,1.0e15,"multipoint","algebraic","s3_adapt_rq","none",1,277,"none",1,0.6739993429130323,0.20800000008982886,-0.29751884387095134,0.10900053952678382,0.36095388265317824,-1.8269761781210452,-0.040915517251153874,0.774992113567483,0.6200002249794742
82,1.0e15,"multipoint","algebraic","s3_adapt_rq","none",1,276,"none",1,0.6739993429130323,0.20800000008982886,-0.27313068693731496,0.10900053952678382,-0.5675686073469466,-1.8966803333719204,-0.03976658604638058,0.774992113567483,0.6200002249794742
83,0.1916098067180848,"single_point","algebraic","chebyshev_bic","none",101,318,"none",-1,0.9195369861279402,0.2080000000982995,0.6899114047936707,-0.4199471977336244,0.28829795571293676,0.6406293081160254,0.7423239127264847,0.7743245233267319,0.6133690181506483
84,1.0e15,"multipoint","algebraic","s3_adapt_rq","none",16,282,"none",3,1.5215263366434257,0.20800000008982886,-3.1072456680214016,-0.3263385977413349,0.4680648652541347,-0.1965254543508096,-0.2955875043748504,0.7749987858384247,0.6200005694941652
85,0.012924172702239603,"single_point","algebraic","s3_adapt_rq","none",223,253,"none",-1,0.561498654483801,0.20800000008982886,0.7274535713527108,0.6934005406609404,0.47300184913068216,0.7407660069191602,0.37240521210891886,0.775000692507353,0.6200009778044213
86,2.0123201507214064,"single_point","algebraic","agp_robust_rq","none",8,81,"none",-1,0.6740029125771918,0.20800000008982886,0.9166286437016461,0.10899953292103362,3.214545130539077,0.6622611238267648,0.33425743045211403,0.7749871129415519,0.618945665101903
87,1.1069473850361779e9,"synthesized_aggregate","algebraic","","none",-1,-1,"trim25_mean",-1,0.673999198672837,0.20800000008982886,1.9472173101824477,0.10900146068372578,-2.3646952448127574,0.2374248500836927,0.17414813418357286,0.7749998747758166,0.6200016224709056
88,0.016294819170199388,"single_point","algebraic","agp_robust","none",152,27,"none",-1,0.5182559696578154,0.20800000008982886,0.7288968173039343,0.8585210370009234,0.473997491922475,0.7528880561449246,0.3541755920557647,0.7749814669890142,0.6199307404360659
89,1.2081160872781418e10,"synthesized_aggregate","algebraic","","none",-1,-1,"median",-1,0.673999198672837,0.20800000008982886,5.8764976638727955,0.10900146068372578,0.4724859460762735,0.09279793421387073,-0.0042953206598883185,0.7750012693844197,0.6200004526048993
90,1.2233154840769575e10,"synthesized_aggregate","algebraic","","none",-1,-1,"median",-1,0.673999198672837,0.20800000008982886,5.878121301115303,0.10900146068372578,0.46988052655487933,0.09235246253106917,0.06392743500424268,0.7750002717699268,0.6200005694941653
91,1.2670281252818098e10,"synthesized_aggregate","algebraic","","none",-1,-1,"median",-1,0.673999198672837,0.20800000008982886,5.9287625800715835,0.10900146068372579,0.47296867676867776,0.09025163798486369,0.29200961490179606,0.7749967855812199,0.619998420894419
92,2.334128809680871e10,"synthesized_aggregate","algebraic","","none",-1,-1,"median",-1,0.673999198672837,0.20800000008982886,7.907831671216967,0.10900146068372579,0.47300230343364746,0.06897871233822929,-0.008013699185488514,0.7749991088134854,0.6199997728221477
93,0.025015818208033336,"single_point","algebraic","aaad","none",185,550,"none",-1,0.9094329295037745,0.2080000007031681,0.7194043117520603,-1.0349847312599187,0.47294596538896666,0.7182911711450015,0.39302361178135625,0.7750000627375799,0.6200001525273106
94,2.6937658574561028e10,"synthesized_aggregate","algebraic","","none",-1,-1,"median",-1,0.673999198672837,0.20800000008982886,8.33475058431564,0.10900146068372579,0.47295730893473387,0.0641954740642161,0.29281205359589074,0.7750004530299676,0.620000710496567
95,0.025296676591043923,"single_point","algebraic","agp_robust_rq","none",185,108,"none",-1,0.45208073961863926,0.20800000008982886,0.7298776719832775,1.2556962542394885,0.4730552696109049,0.7504851167440321,0.3629101396455677,0.774999096985551,0.6199978576750916
96,0.02698514857020996,"single_point","algebraic","s3_adapt_se","none",223,183,"none",-1,0.4441536178613942,0.20800000008982886,0.7298843866056599,1.3252385315634159,0.47299512650460446,0.7474258360820039,0.367348069341058,0.7750028181208498,0.6200043216613004
97,1.0e15,"multipoint","algebraic","s3_adapt_rq","none",36,293,"none",5,0.21085817496740134,0.20800000008982886,5.598313711523645,1.3443562721666955,0.47295809600467836,0.15887220042173175,-0.9781626813709332,0.775000615590752,0.6200006639712274
98,5.311812530529937,"multipoint","algebraic","s2_aaa_mle","none",1,633,"none",1,0.6739999739169973,0.2080000002058161,0.045733110352929394,0.10899998476930328,0.47312736735265926,10.26766059247885,2.488762290089053,0.7749893444312733,0.6200137962313448
99,2.8359301072136223,"single_point","algebraic","s3_adapt_rq","none",8,227,"none",-1,0.6740024981348474,0.20800000008982886,1.216212226501884,0.10899858208852678,6.931488251320506,0.5827094098326397,0.28812910757104593,0.7749926347156719,0.6192689664509646
100,1.0e15,"multipoint","algebraic","s3_adapt_rq","none",25,286,"none",4,2.4634490114542444,0.20800000008982886,-8.964429648623693,-1.4205594482633597,0.46838708268867,-0.08111168191986147,-0.7005643696721486,0.774999812913349,0.6200006225259445
101,1.0e15,"single_point","algebraic","chebyshev_bic","none",63,315,"none",-1,0.4041992139164313,0.20800000010922376,0.8861424631350839,1.6611893487660738,1.3704641987207524,0.797236156881721,-0.20759804458242453,0.7760470511650058,0.6344658228898918
102,1.0e15,"multipoint","algebraic","s2_aaa_mle","none",25,651,"none",4,2.4636689063760766,0.2080000002433793,0.11788147654991246,-1.4207238761362244,0.47308990405490264,-5.039924466055475,-5.083397948626004,0.7750018322574999,0.6200144410257284
103,26.135251809267707,"single_point","algebraic","chebyshev_aicc","none",48,393,"none",-1,1.7013332009342355,0.20800000011509617,0.4511166259064824,-1.5344099956629378,-2.9483095369855317,0.6551356927932028,1.9191800054149826,0.7695451293584553,0.5020683749707336
104,2.527205345494435e8,"synthesized_aggregate","algebraic","","none",-1,-1,"trim25_mean",-1,0.673999198672837,0.20800000008982886,-0.1356596645696358,0.10900146068372579,-6.72214388595444,-2.5751233412133145,-0.0473662640051672,0.7750048920180532,0.6204565691410432
105,36874.9584422201,"single_point","algebraic","aaad_gpr","algebraic_resolve_t0",223,487,"none",-1,0.673999198672837,0.20800000008982886,3.740101309236459,0.10900146068372579,-7.102972301223485,0.08821702411593765,0.3704275288428888,0.7750000014472179,0.6199998145428227
106,3.837959312330814e10,"synthesized_aggregate","algebraic","","none",-1,-1,"median",-1,0.673999198672837,0.20800000008982886,12.36857537809563,0.10900146068372578,0.47290704166425235,0.04332508357480041,0.268782248660997,0.7750021597905637,0.6200051304903514
107,5.052571472317358,"multipoint","algebraic","s2_aaa_mle","none",8,637,"none",2,0.6917541943687489,0.20800000021409715,0.07757651976115824,0.10615156621484075,0.46762875124905634,3.9613979124208862,6.457576148723006,0.7768222164906526,0.6201084344484682
108,55388.77624652255,"single_point","algebraic","agp_robust_rq","algebraic_resolve_t0",223,110,"none",-1,0.673999198672837,0.20800000008982886,3.651993332275613,0.10900146068372578,-7.382365827817749,0.08830458475950873,0.36970470029812247,0.7750004530299676,0.620000710496567
109,61984.801550670716,"single_point","algebraic","s3_adapt_rq","algebraic_resolve_t0",223,252,"none",-1,0.673999198672837,0.20800000008982886,3.627554160824137,0.10900146068372578,-7.459180158534697,0.0883349674664822,0.3694435024885506,0.775000692507353,0.6200009778044214
110,62739.69544068242,"single_point","algebraic","s3_adapt_se","algebraic_resolve_t0",223,182,"none",-1,0.673999198672837,0.20800000008982886,3.6249271750987195,0.10900146068372578,-7.4674376522732,0.08833829316855209,0.3694163242088787,0.7750028181208498,0.6200043216613004
111,87973.66998784294,"single_point","algebraic","agp_robust","algebraic_resolve_t0",223,32,"none",-1,0.673999198672837,0.20800000008982886,3.5510696509531985,0.10900146068372578,-7.69714975482452,0.08845230859819683,0.3684054309460028,0.7750089698063882,0.6200140818050983
112,7.934131896172655e9,"synthesized_aggregate","algebraic","","none",-1,-1,"median",-1,0.673999198672837,0.20800000008982886,4.605625051968089,0.10900146068372579,-8.001115778991426,0.06813396838598831,-0.026334041304618076,0.7749857491726136,0.6199671857277657
113,36984.97838577698,"single_point","algebraic","s2_aaa_mle","none",36,599,"none",-1,1.9680168273877159,0.20800000022487816,0.236595978870762,-1.5896749604440814,-8.001115778991426,0.9472225044637539,2.0438426868633246,0.7749699737854991,0.6192248606372212
114,59605.28942464978,"multipoint","algebraic","aaad","none",36,586,"none",5,1.2606479959737777,0.2079999990475398,0.2991056506385387,-1.1130797250738007,-8.262901470140012,1.4481462138771846,0.03222719965304433,0.7750015451225375,0.620002526114491
115,2.5271076269179904e8,"synthesized_aggregate","algebraic","","none",-1,-1,"trim25_mean",-1,0.673999198672837,0.20800000008982886,-0.029733327793499315,0.10900146068372578,-5.076031070968243,-13.294391705705431,-0.07694688633651758,0.7749737680911657,0.6199827670940193
116,1.0e15,"multipoint","algebraic","s2_aaa_mle","none",25,648,"none",4,2.4636835452307486,0.2080000002433793,-0.13587296868398346,-1.4207342918138939,0.4730899041555321,-13.554120363842689,-1.892911391897527,0.7750018322574999,0.6200144410257284
117,1.0e15,"multipoint","algebraic","s2_aaa_mle","none",16,642,"none",3,1.521765565768437,0.20800000022613208,-0.09211500210935095,-0.3264130227220997,0.4731561050781589,-13.635701986124916,-1.8816120761538373,0.7749797652836123,0.620013301623196
118,3.267711679815528e10,"synthesized_aggregate","algebraic","","none",-1,-1,"median",-1,0.673999198672837,0.20800000008982886,15.135132112318358,0.10900146068372579,0.4692583786797932,0.03603437366220701,-0.008452192839430906,0.7749991088134854,0.6199997728221477
119,189426.8427877528,"multipoint","algebraic","aaad","none",25,582,"none",4,1.1485810450100724,0.20800000015282485,0.2918981294706468,-0.40052709723609176,-8.984692321040761,1.1806989219066086,0.041740889561786544,0.7750073014380451,0.6200028233352919
120,1.0e15,"multipoint","algebraic","s2_aaa_mle","none",8,640,"none",2,0.9833517483774262,0.20800000021409715,-0.06024103582971771,0.037299312191642404,0.4676287514642032,-14.241954013890838,-1.801699566402579,0.7768222164906526,0.6201084344484682
121,1.0e15,"multipoint","algebraic","s2_aaa_mle","none",1,636,"none",1,0.6739999739169973,0.2080000002058161,-0.0403539080918927,0.10899998476930328,0.4731273676533082,-15.169876004349156,-1.6917563335207018,0.7749893444312733,0.6200137962313448
122,2.5665168730908157e6,"multipoint","algebraic","aaad","none",16,578,"none",3,1.0133821544446056,0.20800000031586507,0.3614273323259183,-0.08280871580226244,-10.459739245599879,0.7496103589833135,0.07114056600054655,0.7750009988838146,0.6200024979100761
123,2.5684916731627983e8,"synthesized_aggregate","algebraic","","none",-1,-1,"median",-1,0.673999198672837,0.20800000008982886,-0.0335271956112452,0.10900146068372578,0.44719016793632005,-16.2798815182461,-0.03905096160352402,0.7744765993033764,0.6195111948671829
124,4.384167231479549e6,"multipoint","algebraic","s2_aaa_mle","none",36,658,"none",5,1.4762508961720544,0.20800000022487816,0.21145646870752086,-1.5509412319277784,-10.71768639005756,1.9965522459603227,0.02058953724520224,0.7749994156366005,0.6200143162463189
125,4.405100780983516e6,"multipoint","algebraic","aaad","none",36,585,"none",5,1.4637072782792706,0.2079999990475398,0.21231260154098378,-1.5420342535351848,-10.720494185275479,2.007748137328338,0.000912417874837919,0.7750015451225375,0.620002526114491
126,2.5271098029338902e8,"synthesized_aggregate","algebraic","","none",-1,-1,"mean",-1,0.673999198672837,0.20800000008982886,-17.16440961234582,0.10900146068372578,-4.913570082591179,-0.02295414868902195,0.14803219981582963,0.7749997495279187,0.620000891056059
127,2.718420722850004e7,"multipoint","algebraic","s2_aaa_mle","none",25,652,"none",4,1.3633127118729085,0.2080000002433793,0.17146756549591632,-0.6026038310565215,-11.83096499274199,1.6289328346841014,0.027603165764192604,0.7750018322574999,0.6200144410257284
128,6.0760595900372e7,"multipoint","algebraic","s2_aaa_mle","none",36,655,"none",5,1.5578942883089621,0.20800000022487816,0.1736566451919362,-1.7915983813207472,-12.164438286222232,2.580759332674254,0.001386449072452221,0.7749994156366004,0.6200143162463189
129,7.196726727298972e7,"multipoint","algebraic","aaad","none",25,581,"none",4,1.4036625960780627,0.20800000015282485,0.15342525983233843,-0.6413722543276447,-12.371528479296723,1.7567385060981984,0.0007492169444828898,0.7750073014380451,0.6200028233352919
130,5.85966997653921,"single_point","algebraic","agp_robust","none",1,2,"none",-1,0.673999198672837,0.20800000008982886,-0.03010063555576324,0.10900146068372578,-0.8936430450540159,-19.507127555604335,-2.089544294988632,0.7752562941228208,0.6616673206916726
131,5.831458314286405,"single_point","algebraic","aaad_gpr","none",1,456,"none",-1,0.6740000131893517,0.20800000008982886,-0.02977241314077376,0.10900176872219162,-1.0548399795695202,-19.549908999211027,-2.090940116402125,0.7746478838514733,0.5690906546246745
132,1.629291350046093e8,"synthesized_aggregate","algebraic","","none",-1,-1,"trim25_mean",-1,2.9717084141558483,0.2080000000956684,0.4835319285187858,-2.932709731596995,-11.894144099268868,-2.6366256766368434,-0.35117648802483814,0.77501946163458,0.6210097344634646
133,3.595699862751575e8,"single_point","algebraic","aaad","algebraic_resolve_t0",223,552,"none",-1,0.673999198672837,0.20800000008982886,1.9210556678417605,0.10900146068372579,-13.033548696821871,0.0892859746655348,0.36168375462269065,0.7750012693844197,0.6200022387873462
134,4.408182466218136,"single_point","algebraic","s3_adapt_se","none",1,153,"none",-1,0.6739984687184488,0.20800000008982886,-0.024204266874687026,0.10899644917086385,-4.005405922347862,-20.23907286502592,-2.120402842520097,0.7755321825051648,0.6917201119405633
135,12.29995315307961,"single_point","algebraic","agp_robust_rq","none",1,77,"none",-1,0.6739996420074832,0.20800000008982886,-0.022935220206778836,0.10899968097910459,-4.681637904334704,-20.431918980509987,-2.127646548231132,0.775080243402947,0.6320017475141312
136,253.8898150970328,"single_point","algebraic","s3_adapt_rq","none",1,223,"none",-1,0.6739993429130323,0.20800000008982886,-0.019931484904585742,0.1090005395267838,-6.293648869499794,-20.979406138910104,-2.14991303449746,0.7750053202180974,0.6224501047346294
137,1.2233811749008753e9,"multipoint","algebraic","s2_aaa_mle","none",25,649,"none",4,1.5379723907397918,0.2080000002433793,0.10416057657861981,-0.7628493889207413,-13.924755657513748,2.28057584269574,0.0011079783302202306,0.7750018322574999,0.6200144410257284
138,1.1128965268051534e9,"multipoint","algebraic","s2_aaa_mle","none",16,646,"none",3,1.1628263013408457,0.20800000022613208,0.16272140103492533,-0.15914761525441978,-13.943595628346284,1.0996668477983214,0.04560544379009509,0.7749797652836123,0.620013301623196
139,1.0e15,"multipoint","algebraic","agp_robust_rq","none",1,133,"none",1,0.6739996420074832,0.20800000008982886,-0.02478306056279616,0.1089996809791046,-14.143165558274001,-5.857689551966216,-0.0010585753794439717,0.7750155483091126,0.6200004820904714
140,3.0125423532080526e9,"multipoint","algebraic","aaad","none",1,570,"none",1,0.6739999901127761,0.2080000004189964,2.3101945672064432,0.10899973836448099,-14.182654767122937,0.05851112096159734,1.0165177818924818,0.7750002867871588,0.6200024611417756
141,1.0e15,"multipoint","algebraic","s3_adapt_se","none",1,201,"none",1,0.6739984687184488,0.20800000008982886,-0.022232479227129842,0.10899644917086385,-14.432362081490655,-6.175156966471133,-0.0010923511765227492,0.7751455661226709,0.6199988260368794
142,7.2189405719974e9,"single_point","algebraic","chebyshev_bic","none",25,307,"none",-1,1.7943065952356427,0.2080000001259936,0.05890927979850762,-0.9137728949644497,-14.88413291360184,2.5116091111877314,1.4373139861428361,0.7733290008761781,0.5153967998746836
143,1.7143402284039974e10,"multipoint","algebraic","aaad","none",25,579,"none",4,2.3905390941391205,0.20800000015282485,-7.728439648000313,-1.36845948767534,-14.917265313612775,-0.03750017187024135,-1.60814143159683,0.7750073014380451,0.6200028233352919
144,1.0e15,"multipoint","algebraic","aaad","none",16,575,"none",3,1.4932426949004776,0.20800000031586507,-1.9642204875006561,-0.3135079373647738,-15.285207067763936,-0.08216590381353997,-0.7386134519709883,0.7750009988838147,0.6200024979100761
145,1.0e15,"multipoint","algebraic","agp_robust_rq","none",1,132,"none",1,0.6739996420074832,0.20800000008982886,-0.01468407547946632,0.1089996809791046,-15.340889601042436,-7.660873644343822,-0.015271304970216705,0.7750155483091123,0.6200004820904714
146,1.840588130201718e10,"multipoint","algebraic","aaad","none",16,577,"none",3,1.2356010160410777,0.20800000031586507,0.0976794464444386,-0.19531421130903723,-15.499498112864602,1.4193065903542255,0.0005611246809757358,0.7750009988838146,0.6200024979100761
147,1.0e15,"multipoint","algebraic","s3_adapt_se","none",1,202,"none",1,0.6739984687184488,0.20800000008982886,-0.013375808676571765,0.10899644917086383,-15.536873854973688,-8.01101766198102,-0.014893773087114679,0.775145566122671,0.6199988260368794
148,1.0e15,"multipoint","algebraic","aaad_gpr","none",1,510,"none",1,0.6740000131893517,0.20800000008982886,-0.012211122936848078,0.10900176872219162,-15.710643578313677,-8.373017198943986,-0.0012871547826152736,0.7749223204560948,0.6199990785804037
149,1.6098196319641128e8,"synthesized_aggregate","algebraic","","none",-1,-1,"median",-1,3.027378825644597,0.20800000008982886,0.09940916021686114,-2.9496149764393955,-15.890563358592782,-0.13970353407099909,-0.2932927518290771,0.775029831717384,0.620761004861439
150,1.0e15,"multipoint","algebraic","s3_adapt_rq","none",8,280,"none",2,0.9746942835520427,0.20800000008982886,-0.05788921805109463,0.04013957830904755,-15.940787993800193,-1.9045731871241012,-0.0396417034747639,0.7750044449788169,0.6200008616970779
151,1.979232495615894e8,"synthesized_aggregate","algebraic","","none",-1,-1,"trim25_mean",-1,2.014619039407647,0.20800000010835917,0.13455584690306613,-1.05590539015917,-16.161220976682262,-8.801929354111518,-0.732837872863306,0.7749585878182147,0.6186125596327359
152,6.121510571489348e10,"single_point","algebraic","chebyshev_bic","algebraic_resolve_t0",223,329,"none",-1,0.673999198672837,0.20800000008982886,1.0629795041098784,0.10900146068372578,-16.171855459338,0.08189936072638482,0.4385030004785918,0.7735504266585161,0.6172759033022144
153,2.5725872101580632e8,"synthesized_aggregate","algebraic","","none",-1,-1,"trim25_mean",-1,0.9395064121777283,0.20800000010039638,0.02048282278046846,0.0442527464233967,-15.185439313460007,-25.186370308238654,4.321939338165813,0.7897846217860091,1.3960754979970693
154,1.0e15,"multipoint","algebraic","aaad_gpr","none",1,509,"none",1,0.6740000131893517,0.20800000008982886,-0.007500408065640481,0.10900176872219164,-16.508919489970086,-10.726661578948828,-0.012769850119610755,0.7749223204560948,0.6199990785804037
155,1.2198468073023605e11,"single_point","algebraic","s2_aaa_mle","algebraic_resolve_t0",320,624,"none",-1,0.673999198672837,0.20800000008982886,1.1173169278924682,0.10900146068372578,-16.56592015812899,0.06813396838598831,0.5446956312045147,0.7743753799900109,0.6195051069023995
156,2.5271097512427455e8,"synthesized_aggregate","algebraic","","none",-1,-1,"median",-1,0.673999198672837,0.20800000008982886,-0.1209823906942753,0.10900146068372578,-16.58555939534247,-0.647583043336625,-0.00447086168687268,0.7750004765766533,0.6200008616970779
157,1.540122910258791e11,"multipoint","algebraic","s2_aaa_mle","none",16,645,"none",3,1.293920662758611,0.20800000022613208,0.05588333269274601,-0.22354934056061973,-16.66219930071486,1.928387405611487,0.000849264061297446,0.7749797652836123,0.620013301623196
158,2.0815051018228082e11,"single_point","algebraic","s3_adapt_se","none",1,150,"none",-1,0.6739984687184488,0.20800000008982886,0.02230746063289663,0.10899644917086383,-17.188464405547826,2.3045881526438974,3.1488240561918928,0.7755321825051649,0.6917201119405665
159,1.1507125624223194e8,"single_point","algebraic","s2_aaa_mle","none",1,590,"none",-1,0.6739999739169973,0.2080000002058161,-0.007381249745831247,0.10899998476930328,-13.311398397014738,-26.88379939544139,-2.3781677313332246,0.7749768422487611,0.6176945837915632
160,1.0e15,"single_point","algebraic","s3_adapt_se","none",25,163,"none",-1,2.3900700311232588,0.20800000008982886,-0.012968721510629996,-1.3678314781345586,-17.587708256289336,-22.30475705089394,-2.2810600897991553,0.7749279608657234,0.6176714076031771
161,1.0e15,"single_point","algebraic","agp_robust","none",25,12,"none",-1,2.3900477858933216,0.20800000008982886,-0.012953177710425989,-1.3676479562567905,-17.589058802071882,-22.324337308320235,-2.2813038301834623,0.7748799765315163,0.6159477992403295
162,1.0e15,"single_point","algebraic","s3_adapt_rq","none",25,233,"none",-1,2.39009139895567,0.20800000008982886,-0.01295289580777205,-1.3680113113015664,-17.58963041496182,-22.323489251815005,-2.281356013576086,0.7749736148303862,0.619160885076497
163,1.0e15,"single_point","algebraic","aaad_gpr","none",25,467,"none",-1,2.3900980801386433,0.20800000008982886,-0.012946478269857719,-1.3680640900455654,-17.59076720538555,-22.327816553716865,-2.281518338258496,0.7749873306410692,0.6196525936917512
164,1.0e15,"single_point","algebraic","agp_robust_rq","none",25,91,"none",-1,2.390091884711189,0.20800000008982886,-0.012940711171077977,-1.368016044772314,-17.590987028680807,-22.337645031009835,-2.281572699162108,0.7749744778231454,0.6191311490648752
165,1.0e15,"single_point","algebraic","aaad","none",25,532,"none",-1,2.3899136425933887,0.20800000015282485,-0.012836361988134995,-1.3664789270289537,-17.60383147851116,-22.43079051028689,-2.283602041254944,0.7745859720235571,0.6064977944701503
166,4.4898110906978064e11,"single_point","algebraic","agp_robust_rq","none",1,79,"none",-1,0.6739996420074832,0.20800000008982886,0.016727044015569112,0.10899968097910459,-17.60910579421866,2.3924514138963517,3.9752570976286106,0.775080243402947,0.6320017475141312
167,1.0e15,"single_point","algebraic","s2_aaa_mle","none",25,595,"none",-1,2.390097342948454,0.2080000002433793,-0.012776717283942767,-1.3680601661618663,-17.61100832462553,-22.504906522435473,-2.2845956345932135,0.7749857491726136,0.6194989237421761
168,2.4936509093154502e8,"synthesized_aggregate","algebraic","","none",-1,-1,"trim25_mean",-1,0.9590351212086095,0.20800000010291247,0.1070822910470223,0.041476167461317104,-17.7267515599426,-5.809582734553977,0.5944468712205014,0.7827444478425412,0.9745115339761083
169,1.0e15,"single_point","algebraic","chebyshev_bic","none",25,309,"none",-1,2.3913203031776957,0.2080000001259936,-0.012804696458446438,-1.3658485014385076,-18.1029790581384,-19.6480138486402,-2.385438958323856,0.7733290008761781,0.5153967998746836
170,2.5271096599570373e8,"synthesized_aggregate","algebraic","","none",-1,-1,"median",-1,0.6739993429130323,0.20800000008982886,-0.00039647166002917955,0.10900053952678382,-18.127830901879992,-0.7245810217787839,-0.0023042392430342386,0.7750002867871588,0.6200004820904715
171,1.1596102375973735e12,"single_point","algebraic","s3_adapt_rq","none",1,221,"none",-1,0.6739993429130323,0.20800000008982886,0.010936939261786615,0.10900053952678382,-18.127830901879992,2.3924156379760584,5.877068178314193,0.7750053202180974,0.6224501047346297
172,1.0e15,"multipoint","algebraic","agp_robust_rq","none",8,137,"none",2,0.9746940187617319,0.20800000008982886,-0.009402182722532605,0.040139872240089566,-18.38274006254757,-4.52919999525949,-0.0008995497320782616,0.7750041245306988,0.6199998922360428
173,1.0e15,"multipoint","algebraic","s3_adapt_se","none",8,205,"none",2,0.9746934922648817,0.20800000008982886,-0.008230330995478069,0.04014047466716991,-18.481807553840458,-4.844063077690807,-0.0009393595406536358,0.7749997910894101,0.6199912990575858
174,1.0e15,"single_point","algebraic","s2_aaa_mle","none",36,600,"none",-1,4.0867408239014775,0.20800000022487816,-0.03777765843703974,-4.30955499243471,-16.18903402514847,-12.77032678840713,-2.103888056794426,0.7749699737854991,0.6192248606372212
175,1.2640075290535755e8,"synthesized_aggregate","algebraic","","none",-1,-1,"median",-1,4.086689954211813,0.20800000008982886,0.01975255790000295,-4.3096738316866565,-15.887451894089178,-0.13829155811018318,-0.004429332023310974,0.7750008450947083,0.6200087246789854
176,5.870212596234785,"multipoint","algebraic","aaad_gpr","none",36,525,"none",5,4.086770453615147,0.20800000008982886,0.0038098060775577976,-4.309920851890998,-18.56774039583139,-9.74381013706241,-0.013402574817732273,0.7750008450947085,0.6200031331116518
177,1.0e15,"single_point","algebraic","aaad_gpr","none",36,470,"none",-1,4.086800649772364,0.20800000008982886,-0.04964280300324014,-4.310166965560056,-15.890951026095967,-10.017415105118934,-2.071117869379023,0.7750206880021424,0.6205352022325608
178,1.0e15,"single_point","algebraic","s3_adapt_rq","none",36,236,"none",-1,4.086801601567927,0.20800000008982886,-0.04966937056655722,-4.310175790959852,-15.890512560038239,-10.01229298045957,-2.0710684911309265,0.7750215559155752,0.6205621590903145
179,1.0e15,"single_point","algebraic","agp_robust_rq","none",36,94,"none",-1,4.086801881190391,0.20800000008982886,-0.049669546269731614,-4.310179820198284,-15.890614157147326,-10.012111492690629,-2.071080029738312,0.7750218691436886,0.6206169322060229
180,1.0e15,"single_point","algebraic","aaad","none",36,536,"none",-1,4.086811110838962,0.2079999990475398,-0.049898385546020385,-4.3102766197468485,-15.884391228140116,-9.972815610940154,-2.070417991774276,0.775029831717384,0.620761004861439
181,1.0e15,"single_point","algebraic","s3_adapt_se","none",36,167,"none",-1,4.086835554549926,0.20800000008982886,-0.04964247296854829,-4.31052527841255,-15.891528414431294,-10.017021828889677,-2.071171326960295,0.7750506024013292,0.6213789352093263
182,1.0e15,"single_point","algebraic","agp_robust","none",36,15,"none",-1,4.086899292172707,0.20800000008982886,-0.04966273326790406,-4.311191322234843,-15.891196145633149,-10.013423479774886,-2.071118470047041,0.7751063064712989,0.6229557530024027
183,2.836432088742947e10,"multipoint","algebraic","aaad","none",36,583,"none",5,4.088994077639832,0.2079999990475398,-15.9201611344063,-4.312220527222495,-14.865237260780674,-0.03101062713712905,-1.9428757318361358,0.7750015451225375,0.620002526114491
184,2.52789993330286e8,"synthesized_aggregate","algebraic","","none",-1,-1,"trim25_mean",-1,0.6739756093275457,0.20800000010725422,-0.09113336751544848,0.10906422160491999,-18.78596595593829,0.28448465125420525,-0.04289476398698169,0.7683072357343721,0.6217463398520856
185,1.0e15,"multipoint","algebraic","agp_robust_rq","none",8,136,"none",2,0.9746939867099166,0.20800000008982886,-0.004587280383135009,0.04013987913125826,-18.84760484098478,-6.529223961451481,-0.01673385635144275,0.7750041245306988,0.6199998922360428
186,1.0e15,"multipoint","algebraic","s3_adapt_se","none",8,206,"none",2,0.9746934651109639,0.20800000008982886,-0.004151200681229439,0.0401404805052554,-18.90023682033793,-6.865216678553884,-0.016246147885245896,0.7749997910894103,0.6199912990575858
187,1.0e15,"multipoint","algebraic","aaad_gpr","none",8,514,"none",2,0.9746938922516757,0.20800000008982886,-0.003968771742941423,0.040147748638230375,-18.92823904740876,-6.967275345046155,-0.0011615352523472776,0.7749948748280261,0.6200028248436578
188,2.0131427158451688e8,"synthesized_aggregate","algebraic","","none",-1,-1,"trim25_mean",-1,1.9115143314147982,0.20800000010495698,0.12595140475636188,-0.960022200418103,-18.969360071987275,-14.66865347559771,-1.3134927243956558,0.7747499138767928,0.6069816971348345
189,1.8379082280143657e8,"synthesized_aggregate","algebraic","","none",-1,-1,"median",-1,2.390087767947937,0.20800000008982886,0.009474805920164003,-1.3678308298712296,-19.105344543231247,-5.039924466055475,-0.2538172421703076,0.7749982625942213,0.61997461606763
190,5.809974226921876,"multipoint","algebraic","aaad_gpr","none",36,526,"none",5,4.08676993745726,0.20800000008982886,0.007508405963857301,-4.309920319747547,-19.111801598376868,-6.901111996715998,-0.0011551543104247265,0.7750008450947082,0.6200031331116518
191,5.7834944778418365,"multipoint","algebraic","s3_adapt_se","none",36,218,"none",5,4.086768230393944,0.20800000008982886,0.007860479035367534,-4.309895158735857,-19.156483114434234,-6.793950292049526,-0.016344591203814433,0.7749988502624284,0.6199912504787238
192,1.0e15,"multipoint","algebraic","aaad_gpr","none",8,513,"none",2,0.974693880211396,0.20800000008982886,-0.002160051119704674,0.040147751226865556,-19.19162060715339,-9.486295861363192,-0.013588655272349866,0.7749948748280262,0.6200028248436578
193,2.4001480191906846e8,"synthesized_aggregate","algebraic","","none",-1,-1,"median",-1,0.975068501208586,0.20800000008982886,-3.841626083515059e-5,0.04005927028539241,-19.19162060715339,-0.49112684283906766,-0.004299022804430402,0.7750198390541795,0.6200028248436578
194,1.0e15,"single_point","algebraic","chebyshev_bic","none",36,310,"none",-1,4.095685057658475,0.20800000012048636,-0.061677064626903824,-4.423633609602108,-15.25882282727252,-8.435446745550218,-2.000014684759078,0.7848939730508616,0.8917969368892141
195,5.767698809473185,"multipoint","algebraic","agp_robust_rq","none",36,148,"none",5,4.086767341138266,0.20800000008982886,0.00880791139573019,-4.309894785543715,-19.26993606099404,-6.419922594948338,-0.016901135136279666,0.7749988471738916,0.6199996197454384
196,9.912905669918365e9,"synthesized_aggregate","algebraic","","none",-1,-1,"median",-1,0.673999198672837,0.20800000008982886,31.0624396295465,0.10900146068372578,0.4729920270635102,0.01748108242250561,0.06217497642194629,0.775000021757032,0.6200000665247175
197,2.231305096275824e8,"synthesized_aggregate","algebraic","","none",-1,-1,"trim25_mean",-1,1.3795864865087015,0.20800000011763553,0.11706486877464742,-0.2506424471067833,-17.52601908650334,-30.293851504390542,-0.813681466521135,0.7744703176389647,0.6163289156076818
198,1.0e15,"multipoint","algebraic","s2_aaa_mle","none",36,657,"none",5,4.271494456098462,0.20800000022487816,0.13908556797165947,-4.498982640296967,0.47309715395246593,-7.989837546369075,-3.208162132916177,0.7749994156366005,0.6200143162463189
199,1.0e15,"multipoint","algebraic","s2_aaa_mle","none",36,654,"none",5,4.2715404704139015,0.20800000022487816,-0.1763753480013901,-4.499029406163343,0.47309715402620417,-14.228784454718792,-1.8033631418599914,0.7749994156366005,0.6200143162463189
200,1.0e15,"multipoint","algebraic","s3_adapt_rq","none",36,290,"none",5,4.27223060888378,0.20800000008982886,-17.593333455557893,-4.4997433180283295,0.46845827474885726,-0.05280596014485742,-1.0701636273641026,0.775000615590752,0.6200006639712274
201,5.888974888701783,"multipoint","algebraic","agp_robust","none",25,71,"none",4,2.3901047668307567,0.20800000008982886,0.00037886629859682874,-1.3681455543675536,-19.53685409961921,-29.383575190533556,-0.008510641537089707,0.7750056047217683,0.61997461606763
202,1.0e15,"multipoint","algebraic","agp_robust","none",8,63,"none",2,0.9746944152916166,0.20800000008982886,-0.00022820210614146958,0.0401297162201875,-19.695846933328273,-29.140069814497895,-0.008533674772929822,0.7750198390541795,0.6199753510446245
203,2.4001370032939455e8,"synthesized_aggregate","algebraic","","none",-1,-1,"median",-1,0.9750690162439828,0.20800000008982886,-2.309329649200046e-6,0.04006014945336371,-19.91664902303402,0.31814654484754246,0.09677942336998463,0.775021862540231,0.6200418927465463
204,2.1869040360568714e8,"synthesized_aggregate","algebraic","","none",-1,-1,"median",-1,1.4926684865795674,0.20800000008982886,6.473014679275116e-5,-0.30986645968191423,-19.96341754379353,-11.23202790806267,-1.7017914028961196,0.7750172183317795,0.6208028177374985
205,2.1863622040238106e8,"synthesized_aggregate","algebraic","","none",-1,-1,"median",-1,1.4931822814948579,0.20800000008982886,0.004285444462849117,-0.31344285098700553,-19.994976857432103,-4.195372733343522,-0.18886919292441992,0.7749987858384247,0.620013301623196
206,1.0e15,"multipoint","algebraic","agp_robust","none",1,59,"none",1,0.673999198672837,0.20800000008982886,-0.0008774025913796336,0.10900146068372578,-18.449013396208194,-31.161311137456142,-0.008352183451241073,0.7750315451065343,0.6199759554761446
207,5.837599484778617,"multipoint","algebraic","agp_robust","none",16,68,"none",3,1.49319809037344,0.20800000008982886,0.00018181577744353603,-0.3134609680213809,-20.098246390812236,-30.67106034467592,-0.0022481929728916284,0.7749866643803544,0.6199736381000793
208,5.822158707716952,"multipoint","algebraic","agp_robust","none",16,67,"none",3,1.4931980897317445,0.20800000008982886,0.000211180212823114,-0.31346096772928506,-20.114112016983874,-28.517319222529313,-0.008594163885783119,0.7749866643803544,0.6199736381000793
209,2.5275560926696002e8,"synthesized_aggregate","algebraic","","none",-1,-1,"median",-1,0.6739993429130323,0.20800000008982886,-0.00039041859318899306,0.10900026214804354,-20.117657953159217,1.956488920525293,0.23244314397605598,0.7750053202180974,0.6224501047346305
210,1.0e15,"multipoint","algebraic","agp_robust","none",8,64,"none",2,0.9746944150895692,0.20800000008982886,-0.00019785014678739185,0.04012971626363376,-19.712634345875045,-31.24636995591111,-0.002261462706816502,0.7750198390541796,0.6199753510446246
211,5.704549685712041,"multipoint","algebraic","s3_adapt_se","none",36,217,"none",5,4.086766804871547,0.20800000008982886,0.01807526126347293,-4.309893689068497,-20.155551672891935,-4.4474126912593945,-0.0008884227213108531,0.7749988502624282,0.6199912504787238
212,5.899051200958171,"multipoint","algebraic","agp_robust","none",25,72,"none",4,2.3901047697437194,0.20800000008982886,0.0003268178014243029,-1.3681455564608027,-19.507945290422562,-31.560539322923432,-0.0022685926696837918,0.7750056047217683,0.6199746160676302
213,5.6817831265724505,"multipoint","algebraic","agp_robust_rq","none",36,149,"none",5,4.086765579685339,0.20800000008982886,0.021429854536532976,-4.309892969542304,-20.416347760629208,-4.084348091680176,-0.0008396319180649125,0.7749988471738914,0.6199996197454383
214,5.698558680730017,"multipoint","algebraic","aaad_gpr","none",25,521,"none",4,2.390102152297167,0.20800000008982886,0.004049581823839827,-1.3681067567672036,-20.457618424127205,-9.010618886434237,-0.013958664231894258,0.7749982625942214,0.6200029997671486
215,1.8374003572659612e8,"synthesized_aggregate","algebraic","","none",-1,-1,"median",-1,2.3900477858933216,0.20800000008982886,0.009474805920164003,-1.3664782857991091,-20.5816124446651,-9.213208866297704,-1.6858803345791609,0.7749736148303862,0.6191311490648752
216,5.592790750165914,"multipoint","algebraic","aaad_gpr","none",16,517,"none",3,1.4932001493180114,0.20800000008982886,0.0021473552191840876,-0.31349259423239323,-20.595003610776285,-8.96241816879408,-0.013998222636463574,0.7750034021695003,0.6200032651433278
217,6.054408595473847e12,"single_point","algebraic","aaad_gpr","none",8,458,"none",-1,0.9647685047056583,0.20800000008982886,0.005222872332772395,0.042546339849026976,-18.837873682076964,1.4706686995602634,17.277633156248353,0.7750238860262826,0.6218006702938913
218,5.5400545695169665,"multipoint","algebraic","aaad_gpr","none",16,518,"none",3,1.4932001028479265,0.20800000008982886,0.004273855969383175,-0.313492573079102,-20.881627126754413,-6.321941101886332,-0.001097250841844388,0.7750034021695003,0.6200032651433278
219,5.469220123031576,"multipoint","algebraic","s3_adapt_se","none",16,210,"none",3,1.4931999314262108,0.20800000008982886,0.004285444462849117,-0.3134827887485185,-20.885230712045633,-6.357624963817792,-0.016993243010899727,0.774998458034663,0.6199912302263515
220,5.446566880524758,"multipoint","algebraic","agp_robust_rq","none",16,140,"none",3,1.4931993372788999,0.20800000008982886,0.004764547341014765,-0.3134820073345215,-20.938952111137784,-6.029967631830278,-0.017545215860697225,0.7749974312247597,0.6199995466344381
221,5.651295717220545,"multipoint","algebraic","aaad_gpr","none",25,522,"none",4,2.3901019172503637,0.20800000008982886,0.00824938102511935,-1.368106587866373,-21.02337641691988,-6.2797068255454755,-0.0010928778992739222,0.7749982625942214,0.6200029997671486
222,5.599034922557868,"multipoint","algebraic","s3_adapt_se","none",25,214,"none",4,2.390102101824767,0.20800000008982886,0.008241666130914569,-1.368117619100984,-21.024049604061254,-6.325617672302872,-0.01704419613675006,0.7750003375625546,0.6199913272742972
223,6.042022781667284,"multipoint","algebraic","agp_robust","none",36,75,"none",5,4.0867648985602605,0.20800000008982886,0.00033739079949844316,-4.309847915941847,-17.620583005429584,-32.65986451428059,-0.0082305128285678,0.7749951080000412,0.6199740740788129
224,5.580989110561147,"multipoint","algebraic","agp_robust_rq","none",25,144,"none",4,2.39010309775723,0.20800000008982886,0.009201384235194659,-1.3681226130708193,-21.13156085627023,-5.9888265897508814,-0.017617857892190822,0.7750015767211647,0.6199997606826563
225,5.396896237468939,"multipoint","algebraic","s3_adapt_se","none",16,209,"none",3,1.4931998128639696,0.20800000008982886,0.009710929274525933,-0.31348273477906147,-21.38296751298533,-4.195372733343522,-0.0008545665280824463,0.774998458034663,0.6199912302263513
226,1.0e15,"multipoint","algebraic","agp_robust","none",1,60,"none",1,0.673999198672837,0.20800000008982886,-0.00077202414350605,0.10900146068372578,-18.51147569434877,-33.18622558177993,-0.0023042392430342386,0.7750315451065343,0.6199759554761446
227,5.365431209263465,"multipoint","algebraic","agp_robust_rq","none",16,141,"none",3,1.4931991935067053,0.20800000008982886,0.011343658609089813,-0.3134819418895873,-21.50270614758399,-3.88064296700219,-0.0008108834010085089,0.7749974312247597,0.6199995466344381
228,1.0e15,"single_point","algebraic","s2_aaa_mle","none",16,594,"none",-1,1.4926684865795674,0.20800000022613208,-0.004044447619592183,-0.30986645968191423,-18.542267890334028,-33.698481396506665,-2.4702638894413327,0.7720389649249997,0.5006295786895928
229,5.536895464270212,"multipoint","algebraic","s3_adapt_se","none",25,213,"none",4,2.390101464322739,0.20800000008982886,0.019632507798785736,-1.3681171610015652,-22.049982525076214,-4.069997378924183,-0.0008372647292970866,0.7750003375625546,0.6199913272742972
230,2.407377448050575e14,"single_point","algebraic","chebyshev_bic","none",25,308,"none",-1,2.3913190556434336,0.2080000001259936,0.009474805920164003,-1.3658476087779663,-22.076802551046125,-27.212567651034217,-1.8274923475583926,0.7733290008761781,0.5153967998746836
231,2.0548260389906012e14,"single_point","algebraic","s2_aaa_mle","algebraic_resolve_t0",16,641,"none",-1,0.673999198672837,0.20800000008982886,-4.1035172511337,0.10900146068372579,-22.110711539482665,0.013887528935530611,4.314442721931965,0.7749797652836123,0.620013301623196
232,6.303592594194348e12,"single_point","algebraic","agp_robust_rq","none",8,83,"none",-1,0.9655059394162966,0.20800000008982886,0.005040517117862778,0.042372351509192496,-18.859035776099784,1.4070987244863782,18.56617725778678,0.7749871129415519,0.618945665101903
233,5.512085070260019,"multipoint","algebraic","agp_robust_rq","none",25,145,"none",4,2.390102313242809,0.20800000008982886,0.023219027718443436,-1.3681220493295723,-22.305643114068275,-3.74264733388487,-0.0007909069454909912,0.7750015767211647,0.6199997606826563
234,1.290292142828188e16,"single_point","algebraic","s2_aaa_mle","algebraic_resolve_t0",25,647,"none",-1,0.673999198672837,0.20800000008982886,11.556193792764661,0.10900146068372578,-22.410722287681583,-0.010907809376230818,-5.512550454313189,0.7750018322574999,0.6200144410257284
235,6.042488010480157,"multipoint","algebraic","agp_robust","none",36,76,"none",5,4.086764904486553,0.20800000008982886,0.00029492505196771764,-4.3098479220515875,-17.594476738380777,-34.83871919075326,-0.0023384794275459653,0.7749951080000412,0.6199740740788129
236,7.033732215725447e15,"single_point","algebraic","s2_aaa_mle","algebraic_resolve_t0",36,653,"none",-1,0.673999198672837,0.20800000008982886,5.95857533986341,0.10900146068372579,-22.49676884548898,-0.01789985364820033,-3.3625871340690328,0.7749994156366005,0.6200143162463189
237,1.0e15,"multipoint","algebraic","s2_aaa_mle","none",1,634,"none",1,0.6739999739169973,0.2080000002058161,2.250580956223998,0.10899998476930328,-22.838601343176478,-0.04515795871489676,-1.3380435679306815,0.7749893444312733,0.6200137962313448
238,4.517805214686146,"multipoint","algebraic","s3_adapt_rq","none",16,284,"none",3,1.4931987133756806,0.20800000008982886,0.04976813033318061,-0.31348381124584046,-23.317774201872123,-1.9047388774749203,-0.03963909279018466,0.7749987858384247,0.6200005694941653
239,1.3182261414807667e8,"synthesized_aggregate","algebraic","","none",-1,-1,"trim25_mean",-1,3.863613598733731,0.2080000002721814,0.19934779264216465,-5.438387279088849,-7.797027184487648,-0.6884989891770964,-0.8047540264969406,0.7741996954299538,0.6026617977161601
240,6.528142676355305e12,"single_point","algebraic","s3_adapt_rq","none",8,225,"none",-1,0.9660927328483282,0.20800000008982886,0.0048975415958768115,0.04222963353411431,-18.877516986188144,1.3531008963657019,19.70404550145272,0.7749926347156719,0.6192689664509646
241,22140.89738008881,"multipoint","algebraic","s2_aaa_mle","none",8,638,"none",2,0.9747869171405192,0.20800000021409715,1.0305440217991355,0.039142344283399806,-23.73457885098638,-0.11248338159954177,-0.5422857346464086,0.7768222164906526,0.6201084344484682
242,5.162744817371211,"multipoint","algebraic","s3_adapt_rq","none",36,292,"none",5,4.0867563201925865,0.20800000008982886,0.10286814255990359,-4.309902235141843,-24.25172622646779,-1.9047528032039829,-0.03963887339107729,0.775000615590752,0.6200006639712276
243,7.322211258324088e17,"single_point","algebraic","s2_aaa_mle","algebraic_resolve_t0",8,639,"none",-1,0.673999198672837,0.20800000008982886,-0.1264546158104653,0.10900146068372578,-25.406191281404716,1.2884348255957379,0.0004911417795431471,0.7768222164906526,0.6201084344484682
244,4.894709021196965,"multipoint","algebraic","s3_adapt_rq","none",25,288,"none",4,2.390097468284757,0.20800000008982886,0.09370062982885471,-1.3681109085529952,-25.55587456714332,-1.904770576879928,-0.039638593372357464,0.774999812913349,0.6200006225259446
245,1.2215000275460604e8,"synthesized_aggregate","algebraic","","none",-1,-1,"median",-1,4.22600101559015,0.20800000008982886,0.1256206557387488,-5.969138860620239,-8.900705397663037,-0.7160558097912681,-0.793944020167808,0.7749846386611202,0.6196558747411772
246,4.652631075246155,"multipoint","algebraic","s2_aaa_mle","none",16,644,"none",3,1.5217615595186307,0.20800000022613208,0.08777208239580576,-0.3264112104579478,0.4731561049313861,-1.2173851417566306,-21.031484489851756,0.7749797652836123,0.620013301623196
247,2.5706175966394845e8,"synthesized_aggregate","algebraic","","none",-1,-1,"median",-1,0.673999198672837,0.20800000008982886,-40.63635407439997,0.10900146068372579,0.47291035896356504,-0.013421461791106728,-0.006035345823434891,0.7749940045989048,0.6199964874732329
248,1.0e15,"single_point","algebraic","chebyshev_bic","algebraic_resolve_t0",25,306,"none",-1,0.673999198672837,0.20800000008982886,0.01599529068999019,0.10900146068372579,-26.551537065808677,-13.652980930810907,-1.6858803345791609,0.7733290008761781,0.5153967998746836
249,1.0e15,"single_point","algebraic","s3_adapt_se","none",25,164,"none",-1,2.390066405105118,0.20800000008982886,0.051821626932323,-1.3678288728903067,-26.71042037730102,-9.21102846353854,-1.510325209723187,0.7749279608657234,0.6176714076031771
250,1.0e15,"single_point","algebraic","s3_adapt_rq","none",25,235,"none",-1,2.390087767947937,0.20800000008982886,0.05192602774759421,-1.3680087022447265,-26.72286395971963,-9.209233492411528,-1.5105546597049149,0.7749736148303862,0.619160885076497
251,1.0e15,"single_point","algebraic","agp_robust","none",25,14,"none",-1,2.3900441530703986,0.20800000008982886,0.0519593641216172,-1.3676453463715288,-26.724172306648793,-9.202254888377054,-1.5101829898406876,0.7748799765315163,0.6159477992403295
252,1.0e15,"single_point","algebraic","aaad_gpr","none",25,469,"none",-1,2.390094448409572,0.20800000008982886,0.051945152623856225,-1.3680614803994602,-26.72673814867264,-9.213208866297704,-1.5108943424587342,0.7749873306410692,0.6196525936917512
253,1.0e15,"single_point","algebraic","agp_robust_rq","none",25,89,"none",-1,2.390088249465193,0.20800000008982886,0.052013928509787824,-1.368013432668871,-26.732697544684946,-9.206292027756156,-1.5106484986855075,0.7749744778231454,0.6191311490648752
254,1.0e15,"single_point","algebraic","aaad","none",25,533,"none",-1,2.3899099781732644,0.20800000015282485,0.05264444509461238,-1.366476295915357,-26.80769676256945,-9.202416332069456,-1.51256452317259,0.7745859720235571,0.6064977944701503
255,1.0e15,"single_point","algebraic","s2_aaa_mle","none",25,598,"none",-1,2.3900936615806616,0.2080000002433793,0.05300187795151439,-1.368057520860627,-26.85160174779433,-9.199220043554446,-1.5135751609742283,0.7749857491726136,0.6194989237421761
256,3.526485218012261e13,"single_point","algebraic","s3_adapt_se","none",25,162,"none",-1,2.3900691288604223,0.20800000008982886,0.0031530649857619596,-1.3678308298712296,-20.589849414138886,-43.24189021044394,-1.8889780721208844,0.7749279608657234,0.6176714076031771
257,3.531873535224246e13,"single_point","algebraic","s3_adapt_rq","none",25,234,"none",-1,2.390090497849998,0.20800000008982886,0.003148070450556331,-1.3680106638132081,-20.588863850955445,-43.297615003459526,-1.889358559460739,0.7749736148303862,0.619160885076497
258,3.5355495559671164e13,"single_point","algebraic","aaad_gpr","none",25,468,"none",-1,2.390097179358203,0.20800000008982886,0.00314863158645164,-1.3680634427732217,-20.589133298678743,-43.30200165556753,-1.8894463595932627,0.7749873306410692,0.6196525936917512
259,3.52757744014945e13,"single_point","algebraic","agp_robust","none",25,11,"none",-1,2.390046884927716,0.20800000008982886,0.0031455794773728755,-1.3676473089870351,-20.587881290176824,-43.3109091613182,-1.8893721620234027,0.7748799765315163,0.6159477992403295
260,3.534723681098791e13,"single_point","algebraic","agp_robust_rq","none",25,90,"none",-1,2.390090984526652,0.20800000008982886,0.0031437928577883753,-1.3680153979454839,-20.587870307542637,-43.34206646162706,-1.8896447832345542,0.7749744778231454,0.6191311490648752
261,2.83325497351679,"multipoint","algebraic","aaad","none",16,576,"none",3,1.4931943481377727,0.20800000031586507,0.24813101366879164,-0.3134859299697667,-27.948479487912543,-0.9082957979131817,-0.07440662687708402,0.7750009988838146,0.6200024979100761
262,3.55339462990054e13,"single_point","algebraic","aaad","none",25,535,"none",-1,2.3899127495357515,0.20800000015282485,0.0031219886019379626,-1.3664782857991091,-20.5816124446651,-43.59955316820279,-1.8915478355684479,0.7745859720235571,0.6064977944701503
263,3.573501303154395e13,"single_point","algebraic","s2_aaa_mle","none",25,597,"none",-1,2.3900964543549033,0.2080000002433793,0.003100642644375062,-1.3680595276499727,-20.577630128286476,-43.829967563567116,-1.893095428065912,0.7749857491726136,0.6194989237421761
264,2.5284710784923396e8,"synthesized_aggregate","algebraic","","none",-1,-1,"trim25_mean",-1,0.6739993617434792,0.2080000001064442,-0.13527144805683178,0.10900030403884661,-28.256659747881134,8.31803940599706,0.03511294962797242,0.7702365093318615,0.6254395758884777
265,4.948169036966119e13,"single_point","algebraic","agp_robust","none",1,1,"none",-1,0.673999198672837,0.20800000008982886,-0.0004080604940043095,0.10900146068372578,-20.13851013988884,45.66673881537193,0.21516063402714872,0.7752562941228208,0.6616673206916726
266,4.88526832649552e13,"single_point","algebraic","aaad","none",1,527,"none",-1,0.6739999901127761,0.2080000004189964,-0.00039647166002917955,0.10899973836448097,-20.130558245515427,46.473524795582584,0.24972565392496326,0.7750135274237111,0.6224586658187211
267,4.831396704755255e13,"single_point","algebraic","s3_adapt_se","none",1,152,"none",-1,0.6739984687184488,0.20800000008982886,-0.0003886944345708884,0.10899644917086383,-20.127213612405757,46.70372095611951,0.3359721950763234,0.7755321825051649,0.6917201119405665
268,4.8637494449927414e13,"single_point","algebraic","aaad_gpr","none",1,457,"none",-1,0.6740000131893517,0.20800000008982886,-0.00039214275180709775,0.10900176872219162,-20.126446452018694,46.722992917984314,0.268782248660997,0.7746478838514733,0.5690906546246746
269,6.417540865408918e13,"single_point","algebraic","chebyshev_bic","none",8,299,"none",-1,0.9778908871700613,0.20800000013562114,-0.00019048021825882102,0.02494724444112373,-20.258946305678244,-45.529802912401514,-11.003386872520494,0.8286522597309401,3.5035168564348673
270,4.8004565773768625e13,"single_point","algebraic","agp_robust_rq","none",1,80,"none",-1,0.6739996420074832,0.20800000008982886,-0.0003818260700929449,0.10899968097910459,-20.121719841344767,47.18316448979248,0.37839343479302967,0.775080243402947,0.6320017475141312
271,4.729578660489334e13,"single_point","algebraic","s3_adapt_rq","none",1,222,"none",-1,0.6739993429130323,0.20800000008982886,-0.0003701011726481936,0.10900053952678382,-20.113596064973667,47.86688661549339,0.4522422042053396,0.7750053202180974,0.6224501047346289
272,1.0e15,"single_point","algebraic","s3_adapt_rq","none",1,220,"none",-1,0.6739993429130323,0.20800000008982886,0.056619552893454085,0.10900053952678382,-30.211664694994038,-5.635670123051372,-1.1863029689974012,0.7750053202180975,0.6224501047346314
273,2.3933411122054677e6,"single_point","algebraic","agp_robust_rq","none",1,78,"none",-1,0.6739996420074832,0.20800000008982886,0.07774831345043223,0.10899968097910459,-30.414713513608795,-4.126294855854798,-0.9951780799838749,0.775080243402947,0.6320017475141312
274,1.834475364936301e8,"synthesized_aggregate","algebraic","","none",-1,-1,"trim25_mean",-1,2.4530167543639436,0.20800000009664166,1.0235683291701412,-2.2073462156516017,-30.454426196895838,-3.543884073806395,-0.7901778491846185,0.7761386010242366,0.6520187956146353
275,1.0e15,"single_point","algebraic","agp_robust_rq","none",16,87,"none",-1,1.493203032757782,0.20800000008982886,-0.0018803225545486833,-0.31350622466106737,-19.212268277620492,-47.27662160041316,-2.6721985101762455,0.7750172183317795,0.6208028177374985
276,1.0e15,"single_point","algebraic","aaad_gpr","none",16,463,"none",-1,1.4932004103512266,0.20800000008982886,-0.0018776235560885551,-0.31349381164129053,-19.21279368965403,-47.33148292807359,-2.6725366587226493,0.7750043667935134,0.6200424247068171
277,1.0e15,"single_point","algebraic","aaad","none",16,528,"none",-1,1.4932068915685996,0.20800000031586507,-0.0018772424784529156,-0.3135365807359938,-19.21299967807519,-47.33800065214489,-2.6725934073682582,0.775040458853409,0.6216044022433587
278,1.0e15,"single_point","algebraic","s3_adapt_rq","none",16,229,"none",-1,1.49320388213185,0.20800000008982886,-0.0018753073504636667,-0.3135118091036303,-19.213803788397062,-47.35129627719878,-2.6729683460949074,0.7750213035240574,0.6209146901048632
279,1.0e15,"single_point","algebraic","agp_robust","none",16,8,"none",-1,1.4932135894040288,0.20800000008982886,-0.0018717160235601047,-0.3135661199775253,-19.21539361165014,-47.383350936626016,-2.67360835645298,0.7750727964513643,0.6234702213553776
280,1.0e15,"single_point","algebraic","s3_adapt_se","none",16,159,"none",-1,1.4932144693846594,0.20800000008982886,-0.0018668619189771533,-0.31358083532969333,-19.21668629335072,-47.46866497686487,-2.6743012439908584,0.7750787343896319,0.623250099508524
281,4.272844314230636,"multipoint","algebraic","aaad","none",36,584,"none",5,4.086717925996521,0.2079999990475398,0.3855826398826482,-4.309874082680658,-30.96483837185566,-1.0062430472712247,-0.06795474059811224,0.7750015451225374,0.620002526114491
282,280074.7365549725,"single_point","algebraic","s3_adapt_se","none",1,151,"none",-1,0.6739984687184488,0.20800000008982886,0.10147119329343354,0.10899644917086385,-30.970339079158826,-3.2924422689127217,-0.8690407946859082,0.7755321825051648,0.6917201119405632
283,1.0e15,"single_point","algebraic","agp_robust_rq","none",16,85,"none",-1,1.4932017821489285,0.20800000008982886,0.05534825029149146,-0.3135056553652627,-31.23569833049104,-11.199100212113247,-1.688975469386457,0.7750172183317795,0.6208028177374985
284,1.0e15,"single_point","algebraic","aaad_gpr","none",16,465,"none",-1,1.4931991588248485,0.20800000008982886,0.055393036624378326,-0.3134932419427499,-31.24146866707197,-11.194217413754016,-1.6887466777211284,0.7750043667935134,0.6200424247068171
285,1.0e15,"single_point","algebraic","aaad","none",16,529,"none",-1,1.4932056399118705,0.20800000031586507,0.05539913343613017,-0.31353601094051176,-31.244174809724754,-11.196471614494751,-1.6888864971971407,0.775040458853409,0.6216044022433588
286,1.0e15,"single_point","algebraic","s3_adapt_rq","none",16,231,"none",-1,1.493202629158746,0.20800000008982886,0.05546142233164562,-0.3135112387278174,-31.264133722300542,-11.208478040637583,-1.689618740080729,0.7750213035240574,0.6209146901048633
287,1.0e15,"single_point","algebraic","agp_robust","none",16,10,"none",-1,1.4932123343707304,0.20800000008982886,0.05555891595074392,-0.3135655486078064,-31.29756239983294,-11.230574295338947,-1.6909717488065874,0.7750727964513643,0.6234702213553774
288,1.0e15,"single_point","algebraic","s3_adapt_se","none",16,160,"none",-1,1.4932132122510635,0.20800000008982886,0.05565984627652577,-0.31358026300118963,-31.31868900372073,-11.23202790806267,-1.6911441485208245,0.7750787343896319,0.623250099508524
289,3.890926120987344,"multipoint","algebraic","aaad","none",25,580,"none",4,2.390087387088699,0.20800000015282485,0.34191637400500874,-1.3681349041189865,-31.615491124054714,-1.0249414033925808,-0.06686278053066397,0.7750073014380451,0.6200028233352919
290,2.5274868032111618e8,"synthesized_aggregate","algebraic","","none",-1,-1,"trim25_mean",-1,0.6735871129289281,0.20800000009281266,-9.995047291222413,0.10949712334658704,-31.847550753019625,0.418149399325816,2.7851860320777133,0.7750963580635375,0.621409411495541
291,1.066160331256981,"single_point","algebraic","agp_robust_rq","none",537,121,"none",-1,14.329556964378083,0.20800000008982886,-0.0026458323965767284,-7.339118398420777,0.16465387426991882,-0.23136480211875066,-0.22994044239251626,0.7750055203316205,0.6200010945580631
292,7.598070640105553e12,"single_point","algebraic","s3_adapt_se","none",8,157,"none",-1,0.9686315365026843,0.20800000008982886,0.004279892432763258,0.0416399703472565,-18.95721714640263,1.079756073900805,27.182063817277825,0.7748990180590307,0.6137462584483419
293,7.595239779983687e12,"single_point","algebraic","agp_robust","none",8,6,"none",-1,0.9686491127640523,0.20800000008982886,0.004275100280663924,0.04161700363711366,-18.95720885423417,1.078289465010351,27.267670997460396,0.7749527006788508,0.6158146983740691
294,5.67844748929916e13,"single_point","algebraic","aaad_gpr","none",8,460,"none",-1,0.9750716088200992,0.20800000008982886,-3.848595574275531e-5,0.04005675356384993,-20.013601741557572,16.954620643862178,27.59482325542225,0.7750238860262826,0.6218006702938913
295,4.212182207281855e13,"single_point","algebraic","s2_aaa_mle","none",1,588,"none",-1,0.6739999739169973,0.2080000002058161,-0.0002909437054112163,0.10899998476930328,-20.052963496271133,53.67576073214512,0.9707968192708356,0.7749768422487612,0.6176945837915644
296,2.3301044277454026,"multipoint","algebraic","s2_aaa_mle","none",16,643,"none",3,1.4931822814948579,0.20800000022613208,0.6255520614656668,-0.31344285098700553,-33.808058868698396,-0.6280319718765709,-0.10400248074437188,0.7749797652836123,0.620013301623196
297,5.679498485562629e13,"single_point","algebraic","s3_adapt_rq","none",8,224,"none",-1,0.9750695312793797,0.20800000008982886,-3.8498519983346437e-5,0.04005927028539241,-20.013576206294946,16.822454309054336,27.87168753548855,0.7749926347156719,0.6192689664509647
298,5.681019062044728e13,"single_point","algebraic","s3_adapt_se","none",8,154,"none",-1,0.9750656562141581,0.20800000008982886,-3.864641990785085e-5,0.04008295778188709,-20.013384336109947,16.790677287573008,27.892326091413263,0.7748990180590307,0.613746258448342
299,5.6791372647424516e13,"single_point","algebraic","agp_robust_rq","none",8,84,"none",-1,0.975068501208586,0.20800000008982886,-3.841626083515059e-5,0.040061028621335,-20.01352369136675,16.751747801683486,28.042932312811818,0.7749871129415519,0.618945665101903
300,5.680844238856243e13,"single_point","algebraic","agp_robust","none",8,3,"none",-1,0.9750674088126007,0.20800000008982886,-3.8538120125033506e-5,0.04006365656526466,-20.013540242862092,16.636464687560164,28.248454864777017,0.7749527006788508,0.6158146983740691
301,0.18514385284911022,"single_point","algebraic","s3_adapt_rq","none",267,255,"none",-1,2.4944341470585947,0.20800000008982886,0.6796877855341433,-8.388295481405553,0.47299826010073887,0.6666255979539504,0.43082744480035995,0.775000021757032,0.620000202949962
302,3.3887205038996946,"multipoint","algebraic","s2_aaa_mle","none",36,656,"none",5,4.086661982427104,0.20800000022487816,0.7689151278353127,-4.309792670938603,-36.86981574392757,-0.729031232528526,-0.09073303772640605,0.7749994156366004,0.6200143162463189
303,2.9506860810999576,"multipoint","algebraic","s2_aaa_mle","none",25,650,"none",4,2.3900652003693037,0.2080000002433793,0.6936002570383852,-1.3680955351571307,-37.31860745991525,-0.7424492025080961,-0.08924135349015422,0.7750018322574999,0.6200144410257284
304,1.0e15,"single_point","algebraic","s2_aaa_mle","none",1,587,"none",-1,0.6739999739169973,0.2080000002058161,0.05360722516059103,0.10899998476930328,-39.28501379837451,-11.34669161896284,-1.6599825937360424,0.7749768422487612,0.6176945837915666
305,2.194671744611855e8,"synthesized_aggregate","algebraic","","none",-1,-1,"trim25_mean",-1,1.3500121769720466,0.20800000011056394,0.06723776438825946,-0.2306346152475996,-20.58967595796874,-69.74212039889004,-1.6258114375618435,0.7713517044129797,0.49680247521212173
306,1.0e15,"single_point","algebraic","chebyshev_bic","none",48,313,"none",-1,6.750668830246062,0.20800000011509617,-0.19987531442898399,-10.403867725577541,-14.853101258340539,-2.87500450171017,-1.9659294548901116,0.7695451293584553,0.5020683749707336
307,0.22579920487262806,"single_point","algebraic","agp_robust","none",185,29,"none",-1,3.4280768820844085,0.20800000008982886,0.6436893658193524,-10.551091843025658,0.4724346746850985,0.6004223202942764,0.5356299859612743,0.7749759094787011,0.6199368146460668
308,1.0e15,"single_point","algebraic","agp_robust","none",48,17,"none",-1,6.76299648954469,0.20800000008982886,-0.2662840695548369,-10.559791018145987,-15.17344211157047,-2.089548729847518,-1.9983086911434136,0.7749320798984207,0.618397381289563
309,1.0e15,"single_point","algebraic","s3_adapt_se","none",48,169,"none",-1,6.7630991505951465,0.20800000008982886,-0.26639873339719267,-10.561017647275271,-15.174049460438685,-2.0886058467005633,-1.9983557979809938,0.7749725641492944,0.6193587324455191
310,1.0e15,"single_point","algebraic","aaad_gpr","none",48,472,"none",-1,6.763129959400793,0.20800000008982886,-0.2665611899935507,-10.561385651631689,-15.175216243175333,-2.0872473123757387,-1.9984663944626666,0.7749846386611202,0.6196558747411772
311,1.0e15,"single_point","algebraic","s3_adapt_rq","none",48,238,"none",-1,6.763135134776818,0.20800000008982886,-0.26646556958550155,-10.561445657373175,-15.174860905713517,-2.0880502305065494,-1.9984299046933913,0.7749865236231601,0.6197087370165075
312,1.0e15,"single_point","algebraic","agp_robust_rq","none",48,96,"none",-1,6.763139117415677,0.20800000008982886,-0.26632632878522056,-10.561484262214819,-15.173943308907418,-2.0892163663856156,-1.998339406126348,0.7749879600138558,0.6197073602644116
313,1.0e15,"single_point","algebraic","s2_aaa_mle","none",48,602,"none",-1,6.763140937224391,0.20800000131576224,-0.2664222376799816,-10.561513253288688,-15.17452170434178,-2.0883827330575615,-1.9983979647718637,0.77498897230537,0.6197361232852087
314,1.0e15,"single_point","algebraic","aaad","none",48,538,"none",-1,6.763142954811998,0.20800000159703463,-0.26639142195314836,-10.561544393011665,-15.174399245224315,-2.0886457461462844,-1.9983856696786988,0.7749897678531087,0.6197885248447031
315,1.0105011427815396,"single_point","algebraic","agp_robust","none",537,48,"none",-1,14.796590512618412,0.20800000008982886,-0.00244470771209319,-11.10900183298932,0.18712465564809988,-0.2445016351663935,-0.21915559855137814,0.7749848970245561,0.6199973730547113
316,1.0e15,"single_point","algebraic","chebyshev_bic","none",16,302,"none",-1,1.4879596843316196,0.20800000013091785,0.15003553241632553,-0.27882893598900327,-48.43353535756676,-10.460717720022487,-1.7017914028961196,0.7507171018595502,-0.22097556862764026
317,0.25078448761206096,"single_point","algebraic","s3_adapt_se","none",267,185,"none",-1,3.229530940246537,0.20800000008982886,0.6592734304976036,-11.454987717246453,0.47300591437424727,0.6478715723988514,0.44555647228904693,0.7749983496395523,0.6199985436590761
318,0.2647004591437282,"single_point","algebraic","agp_robust_rq","none",223,109,"none",-1,3.6585033258954645,0.20800000008982886,0.6417057825568561,-12.26127406597774,0.47293514751598675,0.6160658342650437,0.4920665652131306,0.7750004530299677,0.6200007104965672
319,5.638702432102116e12,"single_point","algebraic","s2_aaa_mle","none",1,589,"none",-1,0.6739999739169973,0.2080000002058161,0.003130545554930149,0.10899998476930328,-18.988422114563487,1.0425072590928266,43.92734740173928,0.7749768422487612,0.6176945837915666
320,1.0e15,"multipoint","algebraic","aaad","none",1,569,"none",1,0.6739999901127761,0.2080000004189964,-4.998593022525602,0.10899973836448099,56.17046631383579,-0.41402262448303206,-0.00012103787862411903,0.7750002867871588,0.6200024611417756
321,4.275186675915214,"multipoint","algebraic","agp_robust_rq","none",1,131,"none",1,0.6739996420074832,0.20800000008982886,4.918047526590026,0.10899968097910459,56.88423301745241,0.4211443855330488,0.13330943850115456,0.7750155483091126,0.6200004820904715
322,4.036453448295386,"multipoint","algebraic","agp_robust_rq","none",8,135,"none",2,0.26662652229171835,0.20800000008982886,5.627740306586631,0.22343045134924033,58.418922522288426,0.3729416356608714,0.15169901689376566,0.7750041245306988,0.6199998922360428
323,2.971774644398554,"single_point","algebraic","agp_robust","none",8,4,"none",-1,0.26650806111162834,0.20800000008982886,9.703877230946677,0.223732305785454,58.80290198302184,0.21883426220838642,0.0990945447183828,0.7749527006788508,0.6158146983740691
324,3.6930611284166757,"multipoint","algebraic","agp_robust_rq","none",16,139,"none",3,0.05098547195806971,0.20800000008982886,6.652113532118648,0.6066858351113856,60.304995405572825,0.31713392765431614,0.17996584846159427,0.7749974312247597,0.6199995466344381
325,4.349801414555131,"multipoint","algebraic","s3_adapt_se","none",1,200,"none",1,0.6739984687184488,0.20800000008982886,5.1098135106182205,0.10899644917086383,61.27846475582528,0.42875071049020175,0.13074580963783083,0.775145566122671,0.6199988260368794
326,4.084647206340998e42,"single_point","algebraic","chebyshev_bic","algebraic_resolve_t0",320,334,"none",-1,0.673999198672837,0.20800000008982886,-12.982010113532663,0.10900146068372578,-61.19283289309342,0.08576169630288669,0.4012625260431091,0.7780211851432794,0.6222824195795577
327,3.2642147673876005,"multipoint","algebraic","agp_robust_rq","none",25,143,"none",4,-0.10785571877386985,0.20800000008982886,7.891069246259803,1.4172503094239552,62.176258083181274,0.26517779461295177,0.21696851088190727,0.7750015767211647,0.6199997606826563
328,2.936214468566047,"single_point","algebraic","s3_adapt_se","none",8,156,"none",-1,0.24789885270993525,0.20800000008982886,10.655695724630139,0.23022144851063553,62.57921446571195,0.20896314917651776,0.09446430202158644,0.7748990180590307,0.6137462584483419
329,4.095461596489319,"multipoint","algebraic","s3_adapt_se","none",8,204,"none",2,0.24296272594268908,0.20800000008982886,5.932850191837404,0.23161780965619455,63.13817599426157,0.37505617405989494,0.1507480563794927,0.7749997910894102,0.6199912990575858
330,0.33708318031620155,"single_point","algebraic","agp_robust_rq","none",267,111,"none",-1,-1.4579245146694308,0.20800000008982886,0.7518106003383339,14.639714833602515,0.473016562001887,0.8772882213491934,0.29281205359589074,0.7749966687777514,0.6199958649400922
331,2.8067409490802913,"multipoint","algebraic","agp_robust_rq","none",36,147,"none",5,-0.38020173292720083,0.20800000008982886,9.14993433406555,3.2824338894179226,63.81845061246554,0.22214164610731138,0.26071841732879875,0.7749988471738916,0.6199996197454385
332,3.726962674277596,"multipoint","algebraic","s3_adapt_se","none",16,208,"none",3,0.03111278061085646,0.20800000008982886,7.122165209387445,0.6340083530343626,65.37609806547215,0.3145600903610718,0.1814567098193816,0.774998458034663,0.6199912302263513
333,3.2591994953228287,"multipoint","algebraic","s3_adapt_se","none",25,212,"none",4,-0.12460747370703855,0.20800000008982886,8.582477541405988,1.4770047934544241,67.57248444091162,0.2591585627261128,0.22214688636314087,0.7750003375625546,0.6199913272742972
334,6.817269306965822e10,"single_point","algebraic","chebyshev_bic","none",16,303,"none",-1,1.459626745872294,0.20800000013091785,0.018790448340907817,-0.26295542305156083,-16.185121200479784,0.34642081547275555,54.234988830492775,0.7507171018595502,-0.22097556862764023
335,2.7627642151756615,"multipoint","algebraic","s3_adapt_se","none",36,216,"none",5,-0.41060749577634337,0.20800000008982886,10.073357732717866,3.41889327785639,69.45612906206003,0.21448869172977708,0.2702546164855979,0.7749988502624282,0.6199912504787238
336,2.7361079811116344e45,"single_point","algebraic","s2_aaa_mle","algebraic_resolve_t0",63,604,"none",-1,0.673999198672837,0.20800000008982886,-22.498542290047872,0.10900146068372579,-69.41927003205716,0.04313138005341954,6.328292172299285,0.7750683794164842,0.6212391974785878
337,3.306829081032859e45,"single_point","algebraic","s3_adapt_rq","algebraic_resolve_t0",63,240,"none",-1,0.673999198672837,0.20800000008982886,-22.503150188637676,0.10900146068372578,-69.55867202402843,0.043313788764841654,6.292684897410632,0.7750084671021009,0.6201476247285256
338,3.357332232893462e45,"single_point","algebraic","aaad_gpr","algebraic_resolve_t0",63,474,"none",-1,0.673999198672837,0.20800000008982886,-22.50401583541812,0.10900146068372579,-69.56899062249327,0.04332508357480041,6.290661478709938,0.775003829813424,0.6200751495632447
339,3.446036405447563e45,"single_point","algebraic","agp_robust_rq","algebraic_resolve_t0",63,97,"none",-1,0.673999198672837,0.20800000008982886,-22.50374059205619,0.10900146068372579,-69.58997835115571,0.043356933518416595,6.2840595535930905,0.7749972379939692,0.6199639595262049
340,3.604253286048184e45,"single_point","algebraic","s3_adapt_se","algebraic_resolve_t0",63,171,"none",-1,0.673999198672837,0.20800000008982886,-22.504981828928173,0.10900146068372578,-69.62267331955874,0.043399037813175466,6.275922381716648,0.7750031818087149,0.6200777441370272
341,3.7227991036524214e45,"single_point","algebraic","agp_robust","algebraic_resolve_t0",63,20,"none",-1,0.673999198672837,0.20800000008982886,-22.50501594767551,0.10900146068372579,-69.64818086319345,0.04343648517943424,6.268177829039771,0.7750136249368703,0.620300840228359
342,8.564366086570764e45,"single_point","algebraic","aaad","algebraic_resolve_t0",63,541,"none",-1,0.673999198672837,0.20800000008982886,-22.524973051159485,0.10900146068372578,-70.26813111044571,0.04425479411266615,6.110666985804182,0.7750053187528958,0.620087707140325
343,1.0e15,"single_point","algebraic","chebyshev_bic","none",124,320,"none",-1,0.05763495369935475,0.20800000009415553,0.6855421646739599,17.224593756890776,0.5735362322029014,1.1751165448562735,-0.22857523691689902,0.7758883696421506,0.6253335772927238
344,1.0e15,"single_point","algebraic","s3_adapt_se","none",8,155,"none",-1,1.1750133343665023,0.20800000008982886,-0.25277293768015774,-0.0015622203640660362,76.08937700439222,-16.862702820508503,-1.9801053665655866,0.7748990180590307,0.613746258448342
345,1.0e15,"single_point","algebraic","agp_robust","none",8,5,"none",-1,1.175016734698466,0.20800000008982886,-0.2536755073928534,-0.0015852477656863935,76.4314589906084,-16.862482760423163,-1.9800804252800295,0.7749527006788508,0.6158146983740691
346,6.220059480218163e37,"single_point","algebraic","chebyshev_bic","algebraic_resolve_t0",1,297,"none",-1,0.673999198672837,0.20800000008982886,-3.189738623939224e-5,0.10900146068372579,-18.943405699770036,97.5722429566675,61.35225355720553,0.418659501715253,-46.438850207983116
347,1.0e15,"single_point","algebraic","s3_adapt_rq","none",8,226,"none",-1,1.1750197999434386,0.20800000008982886,-0.2588193632183737,-0.0015928285968124529,78.33898441134717,-16.852628806020572,-1.9797182758780958,0.7749926347156719,0.6192689664509646
348,1.0e15,"single_point","algebraic","aaad_gpr","none",8,461,"none",-1,1.1750224608025153,0.20800000008982886,-0.2600887634816347,-0.0015977673553593354,78.80945432836882,-16.850392142254126,-1.9796525210843117,0.7750238860262825,0.6218006702938869
349,1.0e15,"single_point","algebraic","agp_robust_rq","none",8,82,"none",-1,1.1750195462110742,0.20800000008982886,-0.26119739696952887,-0.001590868094882477,79.21891259959142,-16.847635523830537,-1.9795132092645162,0.7749871129415519,0.618945665101903
350,1.0e15,"multipoint","algebraic","agp_robust_rq","none",36,146,"none",5,10.4152234136262,0.20800000008982886,-27.39392415039568,-9.855510771185376,81.23517009814103,-0.12564149399893884,-0.4851226232772628,0.7749988471738914,0.6199996197454385
351,4.584885024990037,"multipoint","algebraic","aaad_gpr","none",1,508,"none",1,0.6740000131893517,0.20800000008982886,6.030231670449217,0.10900176872219162,81.52314793308193,0.45463410931045684,0.12304398155718833,0.7749223204560948,0.6199990785804037
352,4.290101332265911,"multipoint","algebraic","aaad_gpr","none",8,512,"none",2,0.15793715868082922,0.20800000008982886,7.298438350706231,0.26396388535860205,84.50093359011858,0.38317352012056,0.14765720866054527,0.7749948748280261,0.6200028248436579
353,1.0e15,"multipoint","algebraic","agp_robust_rq","none",25,142,"none",4,4.538571321535202,0.20800000008982886,-18.010335166438118,-2.7508700477866475,84.95299433812586,-0.1811642703368996,-0.3390794808315968,0.7750015767211645,0.6199997606826563
354,1.2064674694691554e52,"single_point","algebraic","aaad","algebraic_resolve_t0",267,554,"none",-1,0.673999198672837,0.20800000008982886,-20.76251437616428,0.10900146068372578,-85.19260714010977,0.08446639121847813,0.4020213350137728,0.7749993762629177,0.6199992735304587
355,3.8339169783098637,"multipoint","algebraic","aaad_gpr","none",16,516,"none",3,-0.024745709817854178,0.20800000008982886,9.209545265469298,0.7297882645555934,87.9576052604115,0.30643239533719946,0.18685889948019752,0.7750034021695003,0.6200032651433278
356,1.0e15,"multipoint","algebraic","s3_adapt_se","none",36,219,"none",5,10.415654943099586,0.20800000008982886,-28.601802936974288,-9.85584518426499,88.46848563146182,-0.12841131637004805,-0.4746991899400605,0.7749988502624282,0.6199912504787238
357,3.2899771839232135e51,"single_point","algebraic","chebyshev_bic","algebraic_resolve_t0",185,325,"none",-1,0.673999198672837,0.20800000008982886,-20.388307244529972,0.10900146068372578,-89.69744426093081,0.09235246253106917,0.3252420901909881,0.7763049228873827,0.6234513949966217
358,3.23702207842621,"multipoint","algebraic","aaad_gpr","none",25,520,"none",4,-0.17086118066147796,0.20800000008982886,11.635626183817125,1.6742064663298177,91.16143383012599,0.24061307747304672,0.24038834676473037,0.7749982625942214,0.6200029997671486
359,1.0e15,"multipoint","algebraic","s3_adapt_se","none",25,215,"none",4,4.5386727563174025,0.20800000008982886,-18.983542027312645,-2.750922979085712,92.60144953180685,-0.1840847360350433,-0.3337339348876091,0.7750003375625545,0.6199913272742972
360,2.607412787826584,"multipoint","algebraic","aaad_gpr","none",36,524,"none",5,-0.5152282818401044,0.20800000008982886,14.159824545662266,3.870048772867563,93.71621398741685,0.1914177479756964,0.30442755250713965,0.7750008450947085,0.6200031331116518
361,1.0e15,"multipoint","algebraic","agp_robust_rq","none",16,138,"none",3,2.2291443998899,0.20800000008982886,-11.144310490454144,-0.626413226431594,94.04848442273288,-0.2982785376377864,-0.20930279959929615,0.7749974312247597,0.6199995466344382
362,1.0e15,"single_point","algebraic","s2_aaa_mle","none",152,611,"none",-1,0.015592942757086607,0.20799999997945146,0.6351178396376298,22.923249164093335,0.5095657251989125,1.435095509165622,-0.11242668722313223,0.7749775144540951,0.6199167486823427
363,2.9745066882220595e62,"single_point","algebraic","s2_aaa_mle","algebraic_resolve_t0",267,622,"none",-1,0.673999198672837,0.20800000008982886,-24.943330785794743,0.10900146068372579,-98.53678902584015,0.08458417602798801,0.40109034783000297,0.7749936272171942,0.6199918814573054
364,5.5657819031206515,"single_point","algebraic","chebyshev_bic","none",36,311,"none",-1,4.093383790756352,0.20800000012048636,16.397670706534118,-4.421206859593952,-101.58727491372335,-0.13970353407099909,0.017261567645412368,0.7848939730508616,0.8917969368892141
365,1.0e15,"multipoint","algebraic","s3_adapt_se","none",16,211,"none",3,2.2291701617198405,0.20800000008982886,-11.907272199995246,-0.6264244662182404,102.59818146686726,-0.2999987898996925,-0.2080874262349309,0.774998458034663,0.6199912302263514
366,2.312324825550216e7,"synthesized_aggregate","algebraic","","none",-1,-1,"trim25_mean",-1,8.987707221497933,0.208000000096089,0.9806157717388932,-24.22489453907526,-1.6412730270787161,-12.638169228781852,0.14727623338060786,0.7746150543388606,0.6192770729477395
367,2.3299793048410993e7,"synthesized_aggregate","algebraic","","none",-1,-1,"trim25_mean",-1,12.874982056380825,0.2080000000922827,0.010505081291514982,-24.401870953857202,0.27781392996506654,-3.0461798400866487,0.19100544107844117,0.7751979172592063,0.6203232630054895
368,1.0e15,"single_point","algebraic","aaad","none",537,563,"none",-1,11.326488427389865,0.2080000005343148,-0.9191018909983767,17.616274204329137,-106.45485142107762,-0.22567180516356686,-0.2349781861830303,0.7750021692870219,0.6200004526048992
369,1.0e15,"multipoint","algebraic","agp_robust_rq","none",8,134,"none",2,1.1750799938949263,0.20800000008982886,-7.653806057948595,-0.0016085103111952658,114.52239735755518,-0.49321268151876513,-0.12992494056640894,0.7750041245306988,0.6199998922360428
370,1.0e15,"multipoint","algebraic","aaad_gpr","none",36,523,"none",5,10.417271626304744,0.20800000008982886,-33.13499930184059,-9.857142907834561,115.38490115878078,-0.1368795821493673,-0.4465023055778295,0.7750008450947083,0.6200031331116517
371,1.0e15,"single_point","algebraic","chebyshev_bic","none",453,343,"none",-1,16.50111218988286,0.2080000001177348,-0.0010755440660456565,-26.902961487126436,0.23416550324241872,-16.034483710031683,-0.0378376245173365,0.7718829572393446,0.6188036393026838
372,1.0e15,"multipoint","algebraic","aaad_gpr","none",25,519,"none",4,4.5390446680546965,0.20800000008982886,-22.486158032248493,-2.75112785915707,120.1119471969136,-0.19253564632143305,-0.3199027794409878,0.7749982625942213,0.6200029997671486
373,0.7346554714065332,"single_point","algebraic","agp_robust","none",223,31,"none",-1,-0.9281858591918047,0.20800000008982886,0.647621120646144,28.183798850797526,0.4734755683845858,1.4374573059732823,0.07979783933611524,0.7750089698063882,0.6200140818050983
374,2.5215886650113008e85,"single_point","algebraic","chebyshev_bic","algebraic_resolve_t0",63,314,"none",-1,0.673999198672837,0.20800000008982886,-31.02744037039029,0.10900146068372578,-121.79933035118779,0.07831265479059474,2.362085300036181,0.7760470511650056,0.6344658228898898
375,1.0e15,"multipoint","algebraic","s3_adapt_se","none",8,207,"none",2,1.1750843954631656,0.20800000008982886,-8.280182653386706,-0.0016086718206303223,124.89779350121619,-0.49112684283906766,-0.13040064261648546,0.77499979108941,0.6199912990575858
376,1.0e15,"multipoint","algebraic","aaad_gpr","none",16,515,"none",3,2.2292524066403185,0.20800000008982886,-14.420412147245194,-0.6264691182737235,130.94844727345588,-0.3047734144772572,-0.20522295780199062,0.7750034021695003,0.6200032651433278
377,1.3941370151990287,"single_point","algebraic","agp_robust_rq","none",635,126,"none",-1,17.560216194308428,0.20800000008982886,-0.0005849750681968521,-30.861620901150758,0.33238556751280496,-0.6206679735901791,-0.09913883611644447,0.7750133852099063,0.6200013468469308
378,8.952238379170111e12,"single_point","algebraic","s2_aaa_mle","none",16,593,"none",-1,1.4926683966876688,0.20800000022613208,7.052796144137936e-5,-0.3098664189787505,-20.031735327861934,-212.06401518356438,-2.4796579346570553,0.7720389649249997,0.5006295786895928
379,1.0e15,"single_point","algebraic","s2_aaa_mle","none",453,626,"none",-1,12.601764390050167,0.20800000012504508,-2.293119964100096,2.114581034053658,-142.03889717212806,-0.0454019852281838,-1.017541534508729,0.7750221613910189,0.6200081438397053
380,1.0e15,"single_point","algebraic","agp_robust","none",635,53,"none",-1,10.003822487056505,0.20800000008982886,-0.015372419572963621,34.35702685050264,-3.2433828173187584,-0.6666546564131234,-0.09339466607837493,0.7750151308057576,0.6200012976597316
381,1.0e15,"single_point","algebraic","aaad","none",635,564,"none",-1,10.002378174594291,0.2079999955156839,-0.10156739588842521,34.3759516002303,-24.09276061270972,-0.671402075705401,-0.09283455411617643,0.7749761785804012,0.6199975984276211
382,4.915670410374033e12,"single_point","algebraic","agp_robust_rq","none",16,86,"none",-1,1.4932029902527728,0.20800000008982886,6.473014679275116e-5,-0.3135062053121727,-20.035117847068687,-234.32545124751974,-2.52587454488261,0.7750172183317795,0.6208028177374985
383,4.903152980054836e12,"single_point","algebraic","agp_robust","none",16,7,"none",-1,1.493213547085314,0.20800000008982886,6.479800021117369e-5,-0.3135661007114041,-20.03542047702634,-234.32924174841725,-2.5260317060135384,0.7750727964513643,0.6234702213553752
384,4.875094710864975e12,"single_point","algebraic","s3_adapt_rq","none",16,230,"none",-1,1.4932038397378005,0.20800000008982886,6.466659530892322e-5,-0.3135117898051028,-20.03511042987611,-234.55149697537664,-2.526218089612878,0.7750213035240577,0.6209146901048741
385,4.850802813585988e12,"single_point","algebraic","aaad_gpr","none",16,464,"none",-1,1.4932003679088517,0.20800000008982886,6.456628008860136e-5,-0.3134937923213876,-20.03492968241615,-234.72299277433586,-2.5263749324087903,0.7750043667935134,0.6200424247068171
386,4.841439662036836e12,"single_point","algebraic","aaad","none",16,531,"none",-1,1.4932068491345571,0.20800000031586507,6.455770113693439e-5,-0.313536561418628,-20.035026894035198,-234.74969196425693,-2.526420735461259,0.775040458853409,0.6216044022433588
387,4.826573568444282e12,"single_point","algebraic","s3_adapt_se","none",16,158,"none",-1,1.4932144271755525,0.20800000008982886,6.463492576423119e-5,-0.3135808161133104,-20.035324458896643,-234.7694932818109,-2.5266138456205183,0.7750787343896319,0.623250099508524
388,1.0e15,"multipoint","algebraic","aaad_gpr","none",8,511,"none",2,1.1750987262264019,0.20800000008982886,-10.001502494593133,-0.001603958347736369,153.49589292223268,-0.48699955442542675,-0.13158220208994884,0.7749948748280262,0.6200028248436579
389,1.0e15,"single_point","algebraic","chebyshev_bic","none",8,298,"none",-1,0.9778886902125505,0.20800000013562114,0.3287633153741331,0.02494775811734711,-153.49602916719007,-18.4830831848029,-2.0517404242827393,0.8286522597309401,3.503516856434868
390,1.0e15,"multipoint","algebraic","agp_robust_rq","none",1,130,"none",1,0.6739996420074832,0.20800000008982886,-6.614592157902275,0.10899968097910459,158.89840993265412,-0.7421992228930814,-0.08914033652649012,0.7750155483091126,0.6200004820904715
391,1.0e15,"single_point","algebraic","chebyshev_bic","none",16,305,"none",-1,1.487962955808207,0.20800000013091785,-0.00019640066157499433,-0.27883036814467405,-19.760260124833124,-266.3042282992468,-3.0789925855106826,0.7507171018595502,-0.22097556862764026
392,1.0e15,"multipoint","algebraic","s3_adapt_se","none",1,203,"none",1,0.6739984687184488,0.20800000008982886,-7.211472615558404,0.10899644917086383,172.93719141322515,-0.7344007622543605,-0.08997080829470902,0.775145566122671,0.6199988260368793
393,17.358087962528153,"multipoint","algebraic","chebyshev_aicc","none",1,436,"none",1,0.6729789862726762,0.20800000013999517,4.06045865539448,0.11174044882833983,-173.07091364111955,-1.0566856261351933,-0.30693715840513375,0.6791371528492681,0.624497248984926
394,35.69251347607577,"multipoint","algebraic","chebyshev_aicc","none",8,441,"none",2,0.9753174055294194,0.20800000013562114,4.170135741042003,0.03740445508435862,-173.35362701997107,-1.071013336711722,-0.3029308662437727,0.7821669553253904,0.6299411665033194
395,204.05362693287034,"multipoint","algebraic","chebyshev_aicc","none",16,446,"none",3,1.4915819143578326,0.20800000013091785,5.9820925354264425,-0.3071492129306923,-173.82563647432855,-0.7990793333372865,-0.4034780755013641,0.7716620852077528,0.6293861072380637
396,1595.2240536498784,"single_point","algebraic","chebyshev_bic","algebraic_resolve_t0",25,369,"none",-1,0.673999198672837,0.20800000008982886,6.8025776356169345,0.10900146068372579,-174.132959206416,-0.6430958179655266,-0.4995254210113691,0.7768901351305775,0.6296623484020559
397,10904.305617970962,"single_point","algebraic","chebyshev_bic","algebraic_resolve_t0",36,373,"none",-1,0.673999198672837,0.20800000008982886,8.314158256150463,0.10900146068372578,-174.33923554977608,-0.5305960489307344,-0.6038470713035665,0.7751053206975287,0.6295680418778693
398,1.3471348214369606e128,"single_point","algebraic","chebyshev_bic","algebraic_resolve_t0",36,374,"none",-1,0.673999198672837,0.20800000008982886,-23.14002162813683,0.10900146068372579,-175.6713040591387,0.16438285074104175,1.9172462072074237,0.7751053206975286,0.6295680418778694
399,1.2500737672532663e131,"single_point","algebraic","chebyshev_bic","algebraic_resolve_t0",25,371,"none",-1,0.673999198672837,0.20800000008982886,-12.822703113279676,0.10900146068372579,-175.96865497719716,0.3137480567351049,1.0009035815147465,0.7768901351305775,0.6296623484020559
400,0.9942717111589879,"single_point","algebraic","s3_adapt_se","none",320,187,"none",-1,-4.189451828538608,0.20800000008982886,0.7449264443203464,40.80739998779387,0.47299508162482906,1.0253712001162096,0.26098576236381094,0.7750002717699268,0.6199997857856236
401,2.5113906624559805e128,"single_point","algebraic","chebyshev_bic","algebraic_resolve_t0",16,365,"none",-1,0.673999198672837,0.20800000008982886,-7.267633005714302,0.10900146068372578,-176.46102719635246,0.5711308864091547,0.5464216682900643,0.7716620852077528,0.6293861072380637
402,3.257752871960279e142,"single_point","algebraic","chebyshev_bic","algebraic_resolve_t0",8,361,"none",-1,0.673999198672837,0.20800000008982886,-4.365237392253353,0.10900146068372579,-177.2914025149533,0.9694969289477464,0.3187667312177861,0.7821669553253902,0.6299411665033194
403,0.8438153432894542,"single_point","algebraic","aaad_gpr","none",223,486,"none",-1,14.130977356342349,0.20800000008982886,0.2633870512357994,-40.95372596569341,0.472843435872323,0.3870048352100474,0.9052257503580868,0.7750000014472178,0.6199998145428225
404,5.013987145431515e145,"single_point","algebraic","chebyshev_bic","algebraic_resolve_t0",1,359,"none",-1,0.673999198672837,0.20800000008982886,-2.675152767659186,0.10900146068372579,-178.29654193223905,1.6083896884066888,0.1890992117835755,0.679137152849268,0.624497248984926
405,1.0e15,"multipoint","algebraic","aaad_gpr","none",1,507,"none",1,0.6740000131893517,0.20800000008982886,-8.267642582805307,0.10900176872219162,198.14945742263183,-0.7245810217787839,-0.09116310035966745,0.7749223204560948,0.6199990785804037
406,5.755044467848274,"single_point","algebraic","chebyshev_bic","none",223,328,"none",-1,18.066844701042484,0.208000000092394,0.02318599202116933,-48.206464607518534,0.12423227590857384,-0.7869025981515905,-0.06826535501723623,0.7735504266585163,0.6172759033022145
407,2.022833153891153e9,"synthesized_aggregate","algebraic","","none",-1,-1,"median",-1,-7.7989256142709955,0.20800000008982886,20.822211347579206,48.82192633887673,107.23275434199616,0.36735119563245433,0.4068233486673114,0.7749961497123999,0.6199592878215574
408,3.0518971442537624e7,"synthesized_aggregate","algebraic","","none",-1,-1,"trim25_mean",-1,19.128524602305607,0.20800000010059813,-5.749635861916855e-5,-48.82232068361063,0.46579964762308995,-121.78558837662473,-0.13695985982843936,0.7743402785283976,0.6197474127048815
409,3.0806598256818097e7,"synthesized_aggregate","algebraic","","none",-1,-1,"median",-1,22.277856546160212,0.20800000008982886,-2.3183922664263426e-9,-49.079048538682144,0.472945076429502,-2.1168380615129947,-0.00433858791443974,0.7750575346450678,0.6200054170697743
410,3.029208574191153e7,"synthesized_aggregate","algebraic","","none",-1,-1,"trim25_mean",-1,17.621468625865692,0.20800000009456607,0.044419596310875165,-49.13794546344511,0.4586912698800294,-15.19068129053549,0.11638588485132344,0.7759566130154477,0.6207228337824978
411,1.0e15,"single_point","algebraic","chebyshev_bic","none",537,347,"none",-1,19.30473717518392,0.20800000010809705,-5.1528216573777255e-5,-49.497042715426694,0.33378914057314885,-208.09333438895237,-0.018944785513232733,0.7884066160366981,0.622330524107386
412,3.4189277741787456e7,"synthesized_aggregate","algebraic","","none",-1,-1,"trim25_mean",-1,18.47584669387183,0.20800000009720962,-3.278280909053658e-5,-50.61187125245954,0.5589855290699975,-136.62438231299475,0.13115670967364254,0.7748072399653096,0.6198199868494761
413,2.0317693345563254e9,"synthesized_aggregate","algebraic","","none",-1,-1,"trim25_mean",-1,-8.58620420686476,0.20800000009224898,22.718372245903275,51.38995634290062,119.78744917916882,0.4007143419840808,0.4011809757194077,0.7748804922208767,0.6188454648069116
414,2.946625313941612e7,"synthesized_aggregate","algebraic","","none",-1,-1,"trim25_mean",-1,20.210072806649084,0.20800000009678812,-0.00024870645685614267,-53.46500804530071,0.43928957952218173,-284.01180044111163,-0.026932808655200435,0.7787431026253002,0.6206578714554816
415,1.5097018525202994,"single_point","algebraic","s3_adapt_rq","none",320,257,"none",-1,-2.908043640128822,0.20800000008982886,0.5950379057568211,56.20518631212268,0.4730020178932509,1.5930324648810363,0.12577478955498395,0.7749993747168915,0.619999426221362
416,1.0e15,"single_point","algebraic","agp_robust_rq","none",750,129,"none",-1,8.303240888624599,0.20800000008982886,-0.23577997488756855,56.29126896668387,-135.7734562923812,-2.1168380615129947,-0.03645622653477362,0.76813926168159,0.6196454324760967
417,1.0e15,"single_point","algebraic","chebyshev_bic","none",381,339,"none",-1,20.623870941691308,0.2080000001132012,-0.00040188657104894344,-57.929172822754616,0.3990167148142612,-16.52527932646046,-0.05804975571292513,0.7744765993033764,0.6195111948671829
418,1.2456204800619377,"single_point","algebraic","agp_robust_rq","none",453,120,"none",-1,21.121728855687618,0.20800000008982886,-0.0007025679874601349,-60.66648893082953,0.42883374781225775,-0.06657541397623389,-0.7102864636104307,0.7749975403493975,0.6199992622299211
419,1.0082126281205923e208,"single_point","algebraic","s2_aaa_mle","algebraic_resolve_t0",1,635,"none",-1,0.673999198672837,0.20800000008982886,-52.386016538134236,0.10900146068372578,-263.716665817302,0.1276151307679572,3.990167948384035e-5,0.7749893444312733,0.6200137962313448
420,1.0e15,"single_point","algebraic","chebyshev_bic","none",635,351,"none",-1,7.684078018547683,0.20800000006441194,-0.12815797984933588,62.18205551831988,-48.470392844011016,-7.575065499712222,-0.020454971164085824,0.7225896083833264,0.6146627380703142
421,1.0e15,"single_point","algebraic","s3_adapt_se","none",750,198,"none",-1,8.484071240990632,0.20800000008982886,-0.48170828083001327,54.06190466841942,-272.63032593827865,-1.7568540777478392,-0.04230923435850183,0.7716990702776764,0.619820868932151
422,1.3035480787040532,"single_point","algebraic","agp_robust","none",381,42,"none",-1,20.60500708361583,0.20800000008982886,-0.05548233115873573,-63.05678393724368,0.20386504251487678,0.03603437366220701,1.1315995138857378,0.7750096911264944,0.6200051945025429
423,1.3686708000724164,"single_point","algebraic","aaad_gpr","none",267,488,"none",-1,21.33657624161565,0.20800000008982886,-0.1061348699484471,-66.0759940559353,0.13838570920402593,0.07290529634809552,0.4985909559228017,0.7749929688353413,0.6199914420647609
424,1.0e15,"single_point","algebraic","chebyshev_bic","none",152,323,"none",-1,21.851605618098265,0.2080000000912827,0.0014872370567721345,-66.42955256373355,0.4488909849881279,-0.6979337153841095,-1.4384710824377251,0.7739468755059002,0.6159026117858623
425,38.16523133262459,"single_point","algebraic","s2_aaa_mle","none",185,613,"none",-1,21.82626649992071,0.2080000002149117,2.2201165781449925e-5,-66.70181724682298,0.43480907011546815,-111.09980801451599,-0.19778286710218831,0.7749035777319125,0.6197462931400228
426,3.0724459457504988e7,"synthesized_aggregate","algebraic","","none",-1,-1,"median",-1,21.71272621563749,0.20800000008982886,4.71108767489523e-6,-66.95383591964368,0.47087666351613877,0.07893985233563812,0.34695120071294683,0.7749993762629177,0.6199992735304589
427,1.0e15,"single_point","algebraic","s2_aaa_mle","none",185,616,"none",-1,21.904869851048492,0.2080000002149117,-2.9626802326030128e-5,-67.02721301407234,0.44212574297890084,-128.1054714323803,-0.21931740890485696,0.7749035777319125,0.6197462931400228
428,1.3944605155638559,"single_point","algebraic","s3_adapt_se","none",381,189,"none",-1,20.81985923664662,0.20800000008982886,0.06683668530230111,-67.08380183982531,0.47300836673978536,0.6817617601258797,0.12470476173014927,0.7750018191207604,0.6200012333770515
429,1.0e15,"single_point","algebraic","aaad_gpr","none",750,505,"none",-1,8.688743637560963,0.20800000008982886,-0.5067280798251994,51.5411683213293,-291.7478599708686,-2.078636342960189,-0.03697578788709607,0.7756701259321177,0.620037690673672
430,1.0e15,"single_point","algebraic","chebyshev_bic","none",320,337,"none",-1,21.9230060700675,0.20800000010483,-2.6708037873276512e-5,-67.25783896039646,0.44548935088451275,-46.322081301771384,-0.08304937940805929,0.7780211851432794,0.6222824195795577
431,68.91324254002393,"single_point","algebraic","s2_aaa_mle","none",185,614,"none",-1,21.971691465433643,0.2080000002149117,9.893025162679933e-6,-67.3035794648423,0.44832514387845124,-148.94486156689217,-0.23897567245247214,0.7749035777319125,0.6197462931400228
432,1.4033397913500276,"single_point","algebraic","agp_robust_rq","none",320,114,"none",-1,21.96423716479918,0.20800000008982886,-0.023591667846985496,-67.7680456406069,0.39093809974946475,0.0641954740642161,0.5848287815354802,0.7749951400394998,0.6199962037910443
433,10.02479562687801,"single_point","algebraic","chebyshev_aicc","none",453,423,"none",-1,22.26072240650392,0.2080000001177348,8.308285660731029e-5,-67.77307817508732,0.4822274473471338,-116.95346127732773,-0.024671504239896096,0.7718829572393445,0.6188036393026839
434,13.141387291348838,"single_point","algebraic","chebyshev_bic","none",267,333,"none",-1,22.088876189659324,0.20800000009719039,5.728911302761654e-6,-67.83167778335206,0.4589028705194679,-93.53451566464983,-0.08413213029599804,0.7755997356931679,0.6209766048666467
435,1.4078524948819149,"single_point","algebraic","agp_robust_rq","none",381,116,"none",-1,22.072428846788643,0.20800000008982886,-0.005679282167371403,-67.99807714688653,0.44353058262465683,0.030894699605446618,1.33380575228919,0.7749955983858492,0.6199976546106751
436,1.4085570713095301,"single_point","algebraic","s3_adapt_se","none",320,186,"none",-1,22.05615061008512,0.20800000008982886,-0.013475053584123696,-68.021889653901,0.4228411241849812,0.05849057592499016,0.6547457171208392,0.7750002717699268,0.6199997857856236
437,1.4089968638477357,"single_point","algebraic","s3_adapt_rq","none",320,256,"none",-1,22.063623742477024,0.20800000008982886,-0.01287761133717924,-68.04314227281387,0.42489543584286676,0.05819360199998946,0.658489807758028,0.7749993747168915,0.619999426221362
438,17.875531797343672,"single_point","algebraic","s2_aaa_mle","none",223,620,"none",-1,22.187824369503456,0.2080000001243459,7.259610047294617e-6,-68.25643303363991,0.46658937139135914,-57.63979196538072,-0.1278037162706166,0.7749808575415386,0.6199671857277657
439,1.0e15,"single_point","algebraic","s3_adapt_rq","none",635,270,"none",-1,22.22197990611497,0.20800000008982886,-5.984226941430533e-6,-68.25837220988143,0.4715090544111816,-0.8413970905459078,-0.07812307025512477,0.774997869384188,0.6199998352573679
440,1.0e15,"single_point","algebraic","chebyshev_bic","none",223,326,"none",-1,22.243949020196034,0.208000000092394,-8.447286571925613e-5,-68.26003202655268,0.47509239083766697,-23.691922405503004,-0.1626532011226836,0.7735504266585161,0.6172759033022144
441,10.60653452890629,"single_point","algebraic","chebyshev_bic","none",381,338,"none",-1,22.24400899299849,0.2080000001132012,0.00011115975905941509,-68.34074273259853,0.4735458763597102,-54.96567820025715,-0.040264298689711556,0.7744765993033764,0.6195111948671828
442,3.0809862078245636e7,"synthesized_aggregate","algebraic","","none",-1,-1,"median",-1,22.244008992998726,0.20800000008982886,1.7646410563517889e-239,-68.3407427326005,0.47300836673978536,-3.688688593613446,-0.04026429868971155,0.7749962981209625,0.6199980605902109
443,1.0e15,"single_point","algebraic","s2_aaa_mle","none",223,618,"none",-1,22.211593438988135,0.2080000001243459,-9.94537181096004e-6,-68.36777450521014,0.4683955565861682,-64.34240446542857,-0.1491556871586598,0.7749808575415387,0.6199671857277659
444,27.31848771421865,"single_point","algebraic","s2_aaa_mle","none",223,619,"none",-1,22.232620205413642,0.2080000001243459,3.4172762621739445e-6,-68.46624355157392,0.469991757179172,-72.38025686341355,-0.1696810649126243,0.7749808575415386,0.6199671857277657
445,1.4181003438082183,"single_point","algebraic","s3_adapt_rq","none",381,258,"none",-1,22.245912603048826,0.20800000008982886,-3.854773102439822e-5,-68.49520016435406,0.47155952805420925,-0.008351623919830435,-5.255284515513686,0.7750009772335954,0.6200004893641922
446,1.418269538002618,"single_point","algebraic","s3_adapt_se","none",453,192,"none",-1,22.249830922010116,0.20800000008982883,-1.627598713198942e-5,-68.50364655077139,0.4719507403342187,-0.11886875937855862,-0.42474204989189546,0.7749955777253101,0.619998420894419
447,1.4186745674769032,"single_point","algebraic","s3_adapt_rq","none",453,263,"none",-1,22.252310295186717,0.20800000008982883,-1.5398870821254605e-5,-68.52164804972254,0.47203236748785965,-0.057085822352463275,-0.8255091053733042,0.7749991088134854,0.6199997728221477
448,1.4210599075554127,"single_point","algebraic","s3_adapt_se","none",381,188,"none",-1,22.26650307881383,0.20800000008982886,-1.4262889877165294e-5,-68.62666524145179,0.47246868583547336,-0.03680119056128975,-1.2064696088765638,0.7750018191207604,0.6200012333770515
449,26.34670232405722,"single_point","algebraic","aaad_gpr","none",267,489,"none",-1,22.275949288810025,0.20800000008982886,2.1392387814686567e-6,-68.68567373872004,0.47290704166425235,-4.318965531468825,-0.21583304677500956,0.7749929688353413,0.6199914420647609
450,1.0e15,"single_point","algebraic","chebyshev_bic","none",267,331,"none",-1,22.251946455455307,0.20800000009719039,-0.00010891545487776167,-68.6886642285378,0.46925837867979336,-26.10694221374536,-0.09311712517361521,0.7755997356931679,0.6209766048666467
451,9.338347167927429,"single_point","algebraic","s3_adapt_se","none",635,197,"none",-1,22.2777864887777,0.20800000008982886,7.207985174107903e-8,-68.69115737470537,0.47305039300827434,-45.29477030616141,-0.0072184446309822865,0.7749780607187989,0.6199974373185575
452,3.0805828488547195e7,"synthesized_aggregate","algebraic","","none",-1,-1,"median",-1,22.248100045237706,0.20800000008982886,9.053305812461475e-8,-68.69223968199978,0.4728951946569536,0.05819360199998946,-0.05072720663711978,0.7750195379905755,0.6200158230193082
453,10.821036983686799,"single_point","algebraic","aaad_gpr","none",320,493,"none",-1,22.276979122922903,0.20800000008982886,9.053305812461475e-8,-68.69223968199978,0.472947902382739,-35.82648895518725,-0.05015470680444393,0.7749936038062976,0.619995066905607
454,1.0e15,"single_point","algebraic","aaad_gpr","none",320,490,"none",-1,22.27757551122299,0.20800000008982886,-2.7026106969070693e-7,-68.6957112513929,0.47297933107577006,-26.51442727817099,-0.06530075818594824,0.7749936038062976,0.619995066905607
455,1.0e15,"single_point","algebraic","s3_adapt_rq","none",635,268,"none",-1,22.277700195630114,0.20800000008982886,-2.317525197226148e-8,-68.69600556832674,0.47298833276295094,-23.91966976992209,-0.016096102930681856,0.774997869384188,0.6199998352573679
456,1.0e15,"single_point","algebraic","s3_adapt_se","none",453,190,"none",-1,22.277842396304735,0.20800000008982883,-1.337381448837121e-7,-68.69715130919819,0.47299318224059134,-4.519172432206733,-0.05253632907260427,0.7749955777253101,0.619998420894419
457,11.174539099471989,"single_point","algebraic","agp_robust","none",320,38,"none",-1,22.276871053594895,0.20800000008982886,9.69820997761011e-8,-68.69724671121581,0.4728643724846912,-55.1043835721594,-0.054350722826213706,0.7750195379905755,0.6200158230193082
458,3.08080335360654e7,"synthesized_aggregate","algebraic","","none",-1,-1,"median",-1,22.278199338298414,0.20800000008982886,-6.326532933590056e-10,-68.69755060758332,0.4729585401168219,-141.96373073082606,-0.008819446873068017,0.774997869384188,0.6199998352573679
459,3.0809901928173725e7,"synthesized_aggregate","algebraic","","none",-1,-1,"median",-1,22.278045432739468,0.20800000008982886,-8.535472430595419e-11,-68.69784186487655,0.4730080824468692,-16.034483710031694,-0.026303036446266942,0.7749955777253101,0.619998420894419
460,10.730221816261,"single_point","algebraic","aaad_gpr","none",381,497,"none",-1,22.277906330487422,0.20800000008982886,2.8973709450971196e-8,-68.69808105033691,0.47298996287870504,-356.32692724649684,-0.040239788857803174,0.7749962981209625,0.6199980605902109
461,10.230460842727599,"single_point","algebraic","agp_robust","none",453,45,"none",-1,22.278443899929943,0.20800000008982886,3.4640466785421785e-9,-68.69894438644724,0.4730434337276375,-127.49769727184025,-0.030022672277689545,0.7749862200851677,0.6199956018917545
462,1.0e15,"single_point","algebraic","s3_adapt_se","none",635,196,"none",-1,22.278797467402836,0.20800000008982886,-3.3487848021293978e-9,-68.69909564683991,0.4730771984025564,-178.64803735169758,-0.005321301536719449,0.7749780607187989,0.6199974373185575
463,1.0e15,"single_point","algebraic","agp_robust_rq","none",453,117,"none",-1,22.278248469174205,0.20800000008982886,-9.061753512309966e-9,-68.70044097953853,0.47300220583065566,-163.478068285414,-0.02933664167610853,0.7749975403493975,0.6199992622299211
464,1.0e15,"single_point","algebraic","agp_robust","none",320,36,"none",-1,22.277455928873035,0.20800000008982886,-1.493544884659368e-7,-68.70065139633816,0.4728951946569536,-57.95275231522166,-0.06681885596343061,0.7750195379905755,0.6200158230193082
465,12.655867462384226,"single_point","algebraic","aaad_gpr","none",320,491,"none",-1,22.278445642982494,0.20800000008982886,2.058844444769539e-7,-68.70077623758974,0.47302518446073555,-18.791992210029004,-0.08882993238619082,0.7749936038062976,0.619995066905607
466,9.517909671261094,"single_point","algebraic","s3_adapt_se","none",453,191,"none",-1,22.278369689375484,0.20800000008982883,2.560014836950849e-8,-68.70079337524076,0.47301279273189006,-21.256968537128955,-0.023576818915637173,0.7749955777253101,0.619998420894419
467,9.381861339663091,"single_point","algebraic","s3_adapt_rq","none",635,271,"none",-1,22.27831428217411,0.20800000008982886,1.3536164113012548e-8,-68.70082755577765,0.473004615078324,-54.92425705917467,-0.008044870339000225,0.774997869384188,0.6199998352573679
468,1.0e15,"single_point","algebraic","s3_adapt_rq","none",453,262,"none",-1,22.27830308212301,0.20800000008982883,-9.054932141689619e-9,-68.70120594058793,0.4729996205797029,-13.170303868339762,-0.04364551133677968,0.7749991088134854,0.6199997728221477
469,1.0e15,"single_point","algebraic","s3_adapt_se","none",453,193,"none",-1,22.278465075426915,0.20800000008982883,-1.7987809057590353e-9,-68.70145221426806,0.4730163401525933,-65.81931662182713,-0.017976218627585177,0.7749955777253101,0.619998420894419
470,9.571789976217563,"single_point","algebraic","s3_adapt_rq","none",453,260,"none",-1,22.278375220330897,0.20800000008982883,9.621846947813e-9,-68.7017042077498,0.47300230343364746,-21.70042123517623,-0.025936712998971385,0.7749991088134854,0.6199997728221477
471,9.364954380106996,"single_point","algebraic","s3_adapt_rq","none",537,266,"none",-1,22.278319077840912,0.20800000008982886,2.3175152104392995e-9,-68.70171725317878,0.47299572136406937,-50.578872361759345,-0.008759739418402347,0.7750006682853549,0.6200000665247175
472,1.0e15,"single_point","algebraic","s3_adapt_rq","none",453,261,"none",-1,22.2784131598814,0.20800000008982883,-2.776243363607239e-9,-68.70196626058716,0.47300371441180494,-32.547232317244195,-0.016338570825936115,0.7749991088134854,0.6199997728221477
473,3.0808975050227497e7,"synthesized_aggregate","algebraic","","none",-1,-1,"median",-1,22.278222606776072,0.20800000008982886,-6.526530542248388e-10,-68.70234046945258,0.4729841740496842,-50.578872361759345,-0.015426580157716445,0.7750055203316205,0.6200010945580631
474,1.0e15,"single_point","algebraic","s3_adapt_rq","none",537,265,"none",-1,22.27840327241706,0.20800000008982886,-1.3307974463958804e-8,-68.70234046945258,0.4729983618689034,-26.0393211300566,-0.01460442209491702,0.7750006682853549,0.6200000665247175
475,1.0e15,"single_point","algebraic","s3_adapt_rq","none",635,269,"none",-1,22.27852344179212,0.20800000008982886,-2.3733078852561306e-9,-68.70246993282382,0.4730101607682541,-105.27942410995455,-0.004852684533991806,0.774997869384188,0.6199998352573679
476,8.210588497890182,"single_point","algebraic","s3_adapt_rq","none",381,259,"none",-1,22.278424532295055,0.20800000008982886,1.51552087101078e-8,-68.7024829099922,0.4729988164647872,-3.688688593613446,-0.12951116470515003,0.7750009772335954,0.6200004893641922
477,9.573924977103502,"single_point","algebraic","s3_adapt_se","none",537,195,"none",-1,22.278222606776072,0.20800000008982886,1.1204154661411777e-9,-68.703206875896,0.47296767267155987,-137.39973053269782,-0.010669025980819872,0.7750089602589099,0.6200017974224988
478,12.717263710339727,"single_point","algebraic","agp_robust","none",320,37,"none",-1,22.27803145034538,0.20800000008982886,5.801743745612009e-8,-68.70400160963474,0.47292552327017645,-61.03969152569943,-0.07961411929951134,0.7750195379905755,0.6200158230193082
479,1.0e15,"single_point","algebraic","agp_robust","none",381,39,"none",-1,22.278348500832774,0.20800000008982886,-2.22703760110579e-9,-68.70402474650312,0.47296938060740373,-442.7309701662361,-0.04018217244189106,0.7750096911264944,0.6200051945025429
480,9.14198710313016,"single_point","algebraic","s3_adapt_rq","none",537,264,"none",-1,22.278650629044478,0.20800000008982886,2.2908580934293572e-8,-68.70417142405479,0.4730061194237056,-11.012425758893382,-0.029939823469840296,0.7750006682853549,0.6200000665247175
481,1.0e15,"single_point","algebraic","s3_adapt_se","none",537,194,"none",-1,22.27849994572376,0.20800000008982886,-4.3171079683531506e-8,-68.70525978826986,0.4729763705602448,-24.68394818132865,-0.012781665210131583,0.7750089602589099,0.6200017974224988
482,9.311738278649493,"single_point","algebraic","s3_adapt_rq","none",750,273,"none",-1,22.277856546160212,0.20800000008982886,1.8375553093660905e-8,-68.73082217451602,0.47264454382899235,-123.78836088249075,-0.0014248367110913703,0.775114748113551,0.6200065570668725
483,26.490597382656706,"single_point","algebraic","chebyshev_bic","none",223,327,"none",-1,22.355818090918262,0.208000000092394,1.3200730356157608e-6,-68.78224263594713,0.4835550880444031,-175.20560080166382,-0.1653072559251088,0.7735504266585161,0.6172759033022145
484,1.0e15,"single_point","algebraic","s3_adapt_rq","none",750,272,"none",-1,22.291251033813854,0.20800000008982886,-1.1021027723295292e-6,-68.84141514970027,0.472945076429502,-16.25127911774948,-0.0026920351676150496,0.775114748113551,0.6200065570668725
485,1.4266559567043393,"single_point","algebraic","s3_adapt_rq","none",537,267,"none",-1,22.301490107735685,0.20800000008982886,6.02284970042387e-6,-68.87321370793228,0.47372203720268086,-0.30089088849802825,-0.18571255361173672,0.7750006682853549,0.6200000665247175
486,12.026791246676122,"single_point","algebraic","chebyshev_bic","none",320,335,"none",-1,22.248100045237706,0.20800000010483,0.00011789773035113244,-69.16235974390175,0.4627704336562695,-33.81333149843391,-0.06856144072877693,0.7780211851432794,0.6222824195795577
487,1.4443335188748234,"single_point","algebraic","aaad_gpr","none",537,500,"none",-1,22.154028324063113,0.20800000008982886,-0.0251836553733212,-69.5430426959043,0.3881550966127202,0.05497340439606004,0.8096108250351427,0.7750273298969247,0.6200051304903514
488,9.861170972148193,"single_point","algebraic","chebyshev_aicc","none",537,427,"none",-1,21.954394225002133,0.20800000010809705,0.0001038652357281079,-69.77048432257766,0.42365298533650975,-225.04832579924826,-0.015591654428521617,0.788406616036698,0.6223305241073859
489,1.4553521417251334,"single_point","algebraic","aaad_gpr","none",320,492,"none",-1,22.832533719692393,0.20800000008982886,0.04745492858295561,-70.27872097925452,0.6305147938192696,0.0675826723316046,0.5516690282762067,0.7749936038062976,0.619995066905607
490,1.0e15,"single_point","algebraic","aaad_gpr","none",537,501,"none",-1,22.544296273549715,0.20800000008982886,-0.00013781746798749894,-70.67536025320176,0.48120795811095923,-2.56294795409929,-0.005555279886495916,0.7750273298969247,0.6200051304903514
491,1.481914234759831,"single_point","algebraic","agp_robust","none",453,46,"none",-1,22.654920022768074,0.20800000008982886,0.0002212529758225458,-71.29456625738617,0.4869277525738333,-0.06287729724442047,-0.7492150156941314,0.7749862200851677,0.6199956018917545
492,1.0e15,"single_point","algebraic","chebyshev_bic","none",381,341,"none",-1,22.725986293705617,0.2080000001132012,-8.787792660112153e-6,-71.40383443458325,0.49467189668080436,-154.7433018249015,-0.0354692164402268,0.7744765993033765,0.6195111948671829
493,1.0e15,"single_point","algebraic","chebyshev_bic","none",320,336,"none",-1,22.68457262783897,0.20800000010483,-0.00013339101584113245,-71.70873018339712,0.4855789882012912,-25.189002672949265,-0.05072720663711975,0.7780211851432793,0.6222824195795575
494,2.9872863475710234e13,"single_point","algebraic","chebyshev_bic","none",8,301,"none",-1,0.97789088564885,0.20800000013562114,3.729266068075305e-5,0.02494724479681225,-19.962278157599982,-486.89910405425513,-4.6598552288223765,0.8286522597309401,3.503516856434868
495,1.5121625947391684,"single_point","algebraic","agp_robust","none",320,35,"none",-1,23.810738380178172,0.20800000008982886,0.13645148595341616,-73.03150254472722,0.9149999327092251,0.06905450317698712,0.5360018237407416,0.7750195379905755,0.6200158230193082
496,18.524689143241144,"single_point","algebraic","chebyshev_aicc","none",267,412,"none",-1,23.16617985545723,0.20800000009719039,0.0007802396553605034,-73.46384833696372,0.5259461269921764,-4.770568517187665,-0.14713593061902736,0.7755997356931679,0.6209766048666467
497,1.0e15,"single_point","algebraic","chebyshev_bic","none",185,324,"none",-1,-0.0003061046251319529,0.208000000090506,0.35531404695217406,75.15686673243104,0.4327889885380764,9.204311536880411,-0.21457209106853373,0.7763049228873827,0.6234513949966217
498,1.0e15,"single_point","algebraic","aaad","none",223,553,"none",-1,-0.0003155932144201733,0.20800000059121496,0.3510669554482353,76.17147983866408,0.4724859460762735,4.9113922306707565,-0.1143769019497128,0.7750012693844197,0.6200022387873462
499,6.125678836505268,"single_point","algebraic","chebyshev_bic","none",635,352,"none",-1,15.588106844826939,0.20800000006441194,0.00010913831219306048,-3.6534754518430854,0.41788892057185145,-521.6920893702587,-0.007269964458102559,0.7225896083833264,0.6146627380703144
500,2.0279276616230266e9,"synthesized_aggregate","algebraic","","none",-1,-1,"trim25_mean",-1,-11.615438672874292,0.20800000021279705,11.92608196198576,79.47365699130626,69.41501790099032,0.41368001655969966,0.3589003108611135,0.7751504271126043,0.6208996468359188
501,1.0e15,"single_point","algebraic","chebyshev_bic","none",453,345,"none",-1,23.09588811619319,0.2080000001177348,-2.8249611243358347e-6,-73.49406244737608,0.5127432001496843,-539.5981679055394,-0.02319519530497865,0.7718829572393446,0.6188036393026838
502,1.8674379613473076,"single_point","algebraic","s3_adapt_se","none",267,184,"none",-1,23.730448439319826,0.20800000008982886,-0.23527099044115732,-80.68931181359818,-0.20775363072495914,0.07892362686294613,0.44491831541994264,0.7749983496395523,0.6199985436590761
503,1.8800800534360396,"single_point","algebraic","s3_adapt_rq","none",267,254,"none",-1,23.779815352950767,0.20800000008982886,-0.2367755787472346,-80.97467711435465,-0.21159834758875715,0.07895607780833011,0.4446620953517444,0.775000021757032,0.620000202949962
504,1.9008644584110257,"single_point","algebraic","agp_robust_rq","none",267,112,"none",-1,23.8616309317032,0.20800000008982886,-0.23929693159067586,-81.44082618114935,-0.21782278564967208,0.07902881368155026,0.44404911563700245,0.7749966687777513,0.6199958649400921
505,2.0295114632314107e9,"synthesized_aggregate","algebraic","","none",-1,-1,"median",-1,-11.832307075635441,0.20800000008982886,11.920675998817638,85.56899872805161,69.41876318409382,0.41326598364018197,0.3536294909716651,0.7750013735867147,0.6200062175551934
506,6.34188751726934,"single_point","algebraic","chebyshev_bic","algebraic_resolve_t0",750,354,"none",-1,0.673999198672837,0.20800000008982886,0.0012546586876213811,0.10900146068372579,19.51722346812278,587.6849722635625,-0.01349898348779902,-3.2405700085127265,0.41738666573736016
507,1.0e15,"single_point","algebraic","agp_robust","none",750,55,"none",-1,5.69893932096734,0.20800000008982886,-0.22069347913624754,88.46817086869477,-134.97171953031935,-3.412265352478026,-0.02551622854196981,0.7054128516025995,0.6163812566431017
508,3.783590451609943,"multipoint","algebraic","agp_robust","none",1,57,"none",1,0.673999198672837,0.20800000008982886,16.624589082608296,0.10900146068372579,-383.0083132104803,-0.602726027979098,-0.10797162953461305,0.775031545106534,0.6199759554761446
509,1.0e15,"single_point","algebraic","chebyshev_bic","none",537,349,"none",-1,24.628884071138785,0.20800000010809705,-5.2570142861916165e-5,-89.74236186205187,0.5039696175220629,-242.4789835544916,-0.012728054534693197,0.7884066160366981,0.622330524107386
510,1.0e15,"single_point","algebraic","agp_robust","none",537,50,"none",-1,22.27811164804996,0.20800000008982886,-4.968765549177632e-9,-68.6959172463879,0.47303664650626254,-626.0455862965131,-0.01688147413157687,0.7749848970245561,0.6199973730547113
511,2.034161162622103e9,"synthesized_aggregate","algebraic","","none",-1,-1,"median",-1,-9.457933708695432,0.20800000008982886,74.19658501072614,39.04067789754252,410.4177633976446,0.4160694341144565,0.499294898141142,0.7750072395867231,0.6200944997734413
512,2.0313661354478784e9,"synthesized_aggregate","algebraic","","none",-1,-1,"trim25_mean",-1,-9.458685477670718,0.20799999996961857,74.41007234256654,39.04407936909724,411.7269752221929,0.4162549776767662,0.48824468359273787,0.7750587800149463,0.6210452278653273
513,1.0e15,"single_point","algebraic","agp_robust","none",267,33,"none",-1,-0.0003970608500348459,0.20800000008982886,0.2555950108096263,96.49625024717898,0.47285586055244383,8.359573244757222,-0.08611313104568794,0.7749940045989048,0.6199937859125698
514,5.5242762795616525,"single_point","algebraic","chebyshev_bic","none",101,319,"none",-1,-16.2699819704287,0.2080000000982995,40.91923170115726,97.52867550946554,213.991615545462,0.09356998294642045,0.3937282838205992,0.7743245233267319,0.6133690181506483
515,1.0e15,"single_point","algebraic","aaad","none",267,555,"none",-1,-0.00037951298310752554,0.2079999996945786,0.27233563224022944,92.80214143725574,0.47249494835248423,657.5190013045127,-0.10018339911644261,0.7749993762629178,0.6199992735304591
516,3.7027708402452837,"multipoint","algebraic","agp_robust","none",8,61,"none",2,0.9745289232344481,0.20800000008982886,24.86249495677356,0.04016529886518269,-423.67034759019305,-0.45678917960508325,-0.13978679253913562,0.7750198390541796,0.6199753510446245
517,5.897237045232193,"single_point","algebraic","s2_aaa_mle","none",101,608,"none",-1,-18.477162944386695,0.20799999993226687,46.199689669602265,104.70420965693337,249.02988177809675,0.09407308314888402,0.42007205135472087,0.7748542952367621,0.6187033318554341
518,5.894844270869134,"single_point","algebraic","agp_robust","none",101,24,"none",-1,-18.471623486894693,0.20800000008982886,46.22873700018807,104.7137239280521,249.12492325940545,0.09406300273593278,0.41991841351402365,0.7749819593448721,0.6198293042113167
519,5.895348190754969,"single_point","algebraic","s3_adapt_se","none",101,175,"none",-1,-18.476260019626537,0.20800000008982886,46.23677525347244,104.73075113813107,249.18086215040296,0.0940640601720758,0.4199608833862399,0.7749961497123999,0.6199592878215573
520,5.895354879338843,"single_point","algebraic","aaad","none",101,545,"none",-1,-18.4770131680787,0.2080000004267851,46.23715251144956,104.73413154197495,249.18389032118188,0.09406408318315158,0.4199649122723545,0.7750017722676744,0.6200154384836258
521,5.89556179654585,"single_point","algebraic","aaad_gpr","none",101,478,"none",-1,-18.47823546445979,0.20800000008982886,46.24104455275117,104.73815029815763,249.20870030651858,0.09406432288161536,0.41997873662965823,0.7750023359109462,0.620019977073095
522,5.89571229385695,"single_point","algebraic","s3_adapt_rq","none",101,245,"none",-1,-18.47904859400253,0.20800000008982886,46.244611632705976,104.74086769033833,249.2302123611135,0.09406435739848898,0.41998816360683316,0.7750024097467517,0.6200218960527031
523,5.895988525922102,"single_point","algebraic","agp_robust_rq","none",101,101,"none",-1,-18.480403484840277,0.20800000008982886,46.25296103209814,104.74570808626304,249.27850558400428,0.09406423362442375,0.4200036538591866,0.7750035889742448,0.6200289088968682
524,1.0e15,"single_point","algebraic","s2_aaa_mle","none",267,621,"none",-1,-0.0003797051336494701,0.2079999997818589,0.2721256152590393,92.84753401013631,0.4724952139637763,705.5167353896557,-0.10070301555232433,0.7749936272171943,0.6199918814573057
525,1.0e15,"single_point","algebraic","agp_robust_rq","none",381,115,"none",-1,-0.0004399919367669752,0.20800000008982886,0.20968433043205897,106.87114266258284,0.47301077269716224,156.8491552761422,-0.04138839175237908,0.7749955983858492,0.6199976546106751
526,1.0e15,"single_point","algebraic","agp_robust_rq","none",320,113,"none",-1,-0.000442160835064022,0.20800000008982886,0.20754869598192918,107.3656427775924,0.47299568927767355,13.08594435270522,-0.059350188091010385,0.7749951400394998,0.6199962037910443
527,12.238602074294562,"multipoint","algebraic","agp_robust","none",16,65,"none",3,1.4923488333671417,0.20800000008982886,38.87383377290618,-0.3130743563720015,-465.8268865317699,-0.3325150377596356,-0.18886919292441992,0.7749866643803544,0.6199736381000793
528,1.0e15,"multipoint","algebraic","agp_robust","none",25,69,"none",4,2.3867697706152455,0.20800000008982886,59.631395835385966,-1.365748513970287,-501.18618623067647,-0.2444751396998676,-0.2538172421703076,0.7750056047217683,0.61997461606763
529,2.4597058238532004,"single_point","algebraic","aaad_gpr","none",381,496,"none",-1,38.126087643356406,0.20800000008982886,0.3406358736948749,-117.9744340184448,2.1544722778530834,0.037579981530406904,1.0813731311418662,0.7749962981209625,0.6199980605902109
530,4.551557532792042,"single_point","algebraic","agp_robust","none",267,34,"none",-1,30.82557162841649,0.20800000008982886,-0.4541255224694162,-120.5682669106178,-0.7185487592621435,0.08174110869317577,0.4222037908240853,0.7749940045989048,0.6199937859125698
531,1.0e15,"multipoint","algebraic","agp_robust","none",36,73,"none",5,4.075028971063655,0.20800000008982886,84.2168177578117,-4.297742970800015,-524.7152313277404,-0.19249579411987103,-0.3200445859211246,0.7749951080000413,0.619974074078813
532,2.0541326933330595e7,"synthesized_aggregate","algebraic","","none",-1,-1,"median",-1,-19.595205199514258,0.20800000008982886,2.9343688939658312,121.2867189716738,21.439757127526207,0.09371216291786923,0.3230299585094712,0.7749866415654242,0.6199485501348067
533,3.2691485968643945e8,"synthesized_aggregate","algebraic","","none",-1,-1,"trim25_mean",-1,-19.988712185822084,0.20800000009024422,5.37221675478334,125.28796861443278,40.82717705706879,0.3219931340008043,0.2996626731965028,0.7748427481641642,0.6193892690123927
534,6.495448719354886e13,"single_point","algebraic","s2_aaa_mle","none",8,591,"none",-1,1.6353260560111553,0.20800000021409715,-4.287630424122255e-5,-7.105815417051815,-54.616805665527195,74.80986878918381,0.3044384841502312,12.30454898158948,715.006343114076
535,2.5204069060836624e7,"synthesized_aggregate","algebraic","","none",-1,-1,"trim25_mean",-1,20.187608504897995,0.2080000000805863,-0.0007208281887593521,-50.22939065994231,0.325720481402963,-873.0654147339759,-0.02051037939550919,0.7630932046309744,0.6187873693094648
536,1.0e15,"single_point","algebraic","chebyshev_bic","none",635,353,"none",-1,23.55842380819266,0.20800000006441194,-7.490578134111651e-5,-63.448714338431344,0.6618308367472922,-889.9944015094289,-0.008819446873068017,0.7225896083833264,0.6146627380703142
537,1.0e15,"single_point","algebraic","s2_aaa_mle","none",537,628,"none",-1,11.922994790436572,0.20800000012350545,-4.7784230607093665,10.736799078303578,-622.1243251327202,-0.7107399228464273,-0.09357514447459266,0.7864855045696456,0.6221459016068489
538,1.0e15,"single_point","algebraic","aaad","none",320,557,"none",-1,-0.0004114043243874676,0.20800000065172577,0.23983974551392115,100.30437888623867,0.442897909348922,981.8261420376062,-0.06554802079172328,0.7850205735291165,0.6279531263405592
539,7.923367040856121,"single_point","algebraic","agp_robust","none",124,26,"none",-1,-23.72224910497024,0.20800000008982886,23.126564951390378,153.9134036992124,138.32480708702312,0.09279699039265908,0.34562847169491945,0.774978425070005,0.6198764671561807
540,7.922920353573419,"single_point","algebraic","s3_adapt_se","none",124,177,"none",-1,-23.723161981680896,0.20800000008982886,23.115980731455203,153.91513498908787,138.26399013598473,0.09279822112437651,0.3456213110128784,0.7749898109971268,0.6199397701455466
541,7.9227494811918655,"single_point","algebraic","aaad_gpr","none",124,480,"none",-1,-23.722699641064562,0.20800000008982886,23.117191646335396,153.91681852222072,138.26866120210275,0.09279773514883351,0.3456125444798476,0.7750017875523643,0.6200094362857399
542,7.922869578160146,"single_point","algebraic","s3_adapt_rq","none",124,247,"none",-1,-23.722967773875137,0.20800000008982886,23.1178918876231,153.91714622603533,138.27367721815352,0.09279781852705006,0.3456169690189671,0.774998032917406,0.6199881171761595
543,7.923538143837407,"single_point","algebraic","aaad","none",124,547,"none",-1,-23.72560656198208,0.20800000094195303,23.123019893827262,153.92840721823086,138.3079825083781,0.09279793421387073,0.3456395875428497,0.7749984668550345,0.6199908638759942
544,7.925448172161897,"single_point","algebraic","agp_robust_rq","none",124,103,"none",-1,-23.73247159663998,0.20800000008982886,23.140532953052798,153.95966492865583,138.42119924436574,0.09279778632561776,0.3457007198971109,0.7750013735867147,0.6200062175551931
545,7.922937988207641,"single_point","algebraic","s2_aaa_mle","none",124,610,"none",-1,-23.728494278472017,0.2080000030071519,23.148232875411466,153.99003788826465,138.43698768895518,0.09279275949270824,0.3455854742601596,0.7751751482374338,0.621029545520075
546,8.451357581148736,"single_point","algebraic","chebyshev_bic","none",124,321,"none",-1,-25.483759191519553,0.20800000009415553,30.00177090061101,162.27343726076768,181.42145689258982,0.09250076509503476,0.3615582620462193,0.7758883696421506,0.6253335772927237
547,3.7233574330457833,"single_point","algebraic","aaad_gpr","none",453,499,"none",-1,36.60145117757493,0.20800000008982886,0.00662364377361509,-162.25818322809107,0.8843354751431853,-0.04434809685561021,-1.0404861206702962,0.7750042709276895,0.6200013808705263
548,1.0e15,"multipoint","algebraic","aaad","none",8,571,"none",2,1.6350255419436113,0.20800000038322283,-0.036250152602987404,-7.120044119347228,-707.7458424927618,-16.846838162716466,-0.010391163879748514,237.46761942477175,12.841356509147436
549,103897.83861692938,"multipoint","algebraic","aaad","none",8,574,"none",2,1.2501570374485416,0.20800000038322283,0.13240476693094488,-6.14137845445619,-716.4515321565883,3.171431769997663,0.0023304727783326385,237.46761942477175,12.841356509147436
550,1.0e15,"single_point","algebraic","agp_robust","algebraic_resolve_t0",36,74,"none",-1,0.673999198672837,0.20800000008982886,-165.43393092253572,0.10900146068372578,-725.0200784784131,0.11291166095844796,0.5221881631458857,0.7749951080000413,0.619974074078813
551,1.0e15,"single_point","algebraic","agp_robust","none",453,44,"none",-1,22.278389721946542,0.20800000008982886,-1.705150655525529e-10,-68.69857017958823,0.4730414188337258,-1127.7893228367295,-0.025840497592574906,0.7749862200851677,0.6199956018917545
552,4.712113895742818e15,"single_point","algebraic","aaad","algebraic_resolve_t0",8,572,"none",-1,0.673999198672837,0.20800000008982886,0.02850034558558265,0.10900146068372578,-730.0505857505916,-0.5086439200362424,-0.12639736803297294,237.46761942477175,12.841356509147436
553,1.0e15,"multipoint","algebraic","aaad","none",8,573,"none",2,3.252528348873415,0.20800000038322283,-2.5380283609715764,-10.69106987955163,-766.423211609908,0.40327662388668156,0.0001326112799579208,237.46761942477175,12.841356509147436
554,1.0e15,"single_point","algebraic","agp_robust","algebraic_resolve_t0",25,70,"none",-1,0.673999198672837,0.20800000008982886,-118.41450075437756,0.10900146068372579,-783.9039179041473,0.17290409096459763,0.3379581414146407,0.7750056047217683,0.61997461606763
555,4.832653901972697,"single_point","algebraic","agp_robust","none",80,22,"none",-1,-19.549251268128714,0.20800000008982886,147.61300215334768,77.88860488717823,819.9221829201717,0.09793634484811346,0.6205032477799087,0.7750181215488277,0.6202105125523356
556,4.833087823381302,"single_point","algebraic","s3_adapt_se","none",80,173,"none",-1,-19.55272989170783,0.20800000008982886,147.61977776739803,77.89508641151795,820.003412368586,0.09793808538840237,0.6205629579414383,0.7750092184525389,0.620113324630321
557,4.833671913910277,"single_point","algebraic","aaad","none",80,543,"none",-1,-19.557088619115422,0.20799999923451953,147.6327521796392,77.90296348816105,820.1329662197666,0.09794046412279735,0.6206399138993627,0.774997025283925,0.619961712838195
558,4.83366283872912,"single_point","algebraic","aaad_gpr","none",80,476,"none",-1,-19.557452209621875,0.20800000008982886,147.64837422101482,77.90463496198507,820.2167200348744,0.09794009420978857,0.6206389321614277,0.7750021597905637,0.620026766899657
559,4.833845840204064,"single_point","algebraic","s3_adapt_rq","none",80,243,"none",-1,-19.558221990437005,0.20800000008982886,147.6644509991948,77.90542519868885,820.3181655851399,0.09794038159235233,0.6206579062721312,0.7749953814833014,0.6199394132400669
560,4.833542768738422,"single_point","algebraic","agp_robust_rq","none",80,99,"none",-1,-19.556479246004603,0.20800000008982886,147.67894355567006,77.90349571301981,820.3653405846907,0.09793862031813938,0.6206183335830533,0.7750072395867231,0.6200944997734416
561,4.856801334583614,"single_point","algebraic","s2_aaa_mle","none",80,606,"none",-1,-19.75801168318588,0.20799999904455826,150.66693842358174,78.36526131384117,838.7959307880184,0.09797532615677615,0.6234900901089763,0.7749983456632512,0.619987187638927
562,1.0e15,"single_point","algebraic","s2_aaa_mle","none",320,623,"none",-1,-0.00041081516452476396,0.2080000002012025,0.2391145096409539,100.14309153504531,0.47483270418464923,1312.5008015667609,-0.06551390117511385,0.7743753799900109,0.6195051069023995
563,10.897438939536398,"single_point","algebraic","agp_robust","none",381,40,"none",-1,22.27830830621284,0.20800000008982886,5.466015315628756e-10,-68.70376852175112,0.4729676025191922,-1340.9617556878427,-0.04329352806592902,0.7750096911264944,0.6200051945025429
564,1.0e15,"single_point","algebraic","agp_robust","algebraic_resolve_t0",16,66,"none",-1,0.673999198672837,0.20800000008982886,-87.72619555156338,0.10900146068372578,-907.2521711195382,0.2732506050369494,0.21060413065496777,0.7749866643803544,0.6199736381000792
565,1.0e15,"single_point","algebraic","aaad","none",453,561,"none",-1,12.666760910908007,0.20800000056994847,-14.821998039561679,1.6205034435559151,-920.683960538838,-0.04541536737349193,-1.0172563869293962,0.7749169198318441,0.6199730480901212
566,1.0e15,"single_point","algebraic","agp_robust_rq","none",537,122,"none",-1,22.2783071328695,0.20800000008982886,-6.526530542248388e-10,-68.7029001429873,0.472980904918775,-1449.455523862819,-0.016628056757941278,0.7750055203316205,0.6200010945580631
567,9.48877486541008,"single_point","algebraic","chebyshev_bic","none",152,322,"none",-1,-39.2060033417856,0.2080000000912827,5.139840970627728,219.65018877925428,42.3699485298535,0.09445736987702792,0.2771629403470058,0.7739468755059002,0.6159026117858623
568,9.617542329267364,"single_point","algebraic","aaad_gpr","none",635,504,"none",-1,22.281789546268012,0.20800000008982886,2.562777336478712e-8,-68.74446967509971,0.4729220426725018,-1555.2530944592859,-0.009147102541616613,0.7750560209265279,0.6200057821046078
569,1.0e15,"single_point","algebraic","chebyshev_bic","none",16,304,"none",-1,1.4879629514298585,0.20800000013091785,4.660683711060475e-6,-0.2788303662279919,-19.96341754379353,-1594.521445056969,-2.9937842492273505,0.7507171018595502,-0.22097556862764023
570,12.31580930723701,"single_point","algebraic","chebyshev_bic","none",635,350,"none",-1,31.019133170047162,0.20800000006441194,1.2028209448642169e-5,-116.08596405343602,0.8243430511390207,-1632.7805043978037,-0.009657787642248832,0.7225896083833264,0.6146627380703144
571,12.485503546380722,"single_point","algebraic","aaad_gpr","none",152,482,"none",-1,-41.17879206436894,0.20800000008982886,11.984752711570977,258.0921369362396,96.66976046748809,0.09296695595871053,0.3230088683820276,0.7750035367057031,0.6200136295370435
572,12.486644692909866,"single_point","algebraic","s3_adapt_se","none",152,179,"none",-1,-41.17747661301584,0.20800000008982886,11.991598490986213,258.0945216748978,96.72089554989941,0.0929662442328244,0.3230334674397812,0.7749866415654242,0.6199485501348067
573,12.486206663934926,"single_point","algebraic","aaad","none",152,549,"none",-1,-41.177722671148295,0.20800000051113468,11.989712288120971,258.0973006885275,96.70592316602348,0.09296648508965548,0.32302152840795106,0.7750022061418539,0.6200090630397685
574,12.486391521808908,"single_point","algebraic","s3_adapt_rq","none",152,249,"none",-1,-41.177787289577104,0.20800000008982886,11.990628139567024,258.09907618874,96.71283110310031,0.09296638318998073,0.32302497802907676,0.7750016373677383,0.6200063310555111
575,12.486411843782612,"single_point","algebraic","agp_robust_rq","none",152,105,"none",-1,-41.18238896037456,0.20800000008982886,11.986077459744422,258.1076867423263,96.68259561473502,0.0929667848196232,0.3230264495791612,0.7750028951251228,0.6200108379523908
576,12.500111059272536,"single_point","algebraic","agp_robust","none",152,28,"none",-1,-41.15879131027952,0.20800000008982886,12.086259065318687,258.20457786953085,97.41097708349126,0.09295750791634973,0.3232709052351412,0.7749814669890142,0.6199307404360659
577,12.76147538460663,"single_point","algebraic","s2_aaa_mle","none",152,612,"none",-1,-40.66001891899189,0.20799999997945146,14.45366058597032,260.07542736336467,114.46481015201975,0.09277747478320297,0.32791925392398363,0.7749775144540951,0.6199167486823429
578,1.0e15,"single_point","algebraic","chebyshev_bic","none",8,300,"none",-1,0.977890885913338,0.20800000013562114,-2.309329649199505e-6,0.02494724473496142,-19.87101988846805,-1782.682439223427,-4.194186774248105,0.8286522597309401,3.503516856434868
579,1.0e15,"single_point","algebraic","agp_robust","algebraic_resolve_t0",8,62,"none",-1,0.673999198672837,0.20800000008982886,-74.96011757192633,0.10900146068372579,-1172.8051160439945,0.4174588274866985,0.1347698323494679,0.7750198390541795,0.6199753510446245
580,2.4041072685945517e8,"synthesized_aggregate","algebraic","","none",-1,-1,"trim25_mean",-1,-12.475647532861412,0.20800000011493572,141.76692511489262,112.78959609968561,1218.1843646274017,-7.073090597268803,0.2359486401960402,0.7750703263650541,0.6201865782185295
581,9.816181093595963,"single_point","algebraic","agp_robust_rq","none",537,124,"none",-1,22.278371619561483,0.20800000008982886,5.57887806796084e-10,-68.70337748283072,0.47298292735302616,-2283.569970050395,-0.015426580157716445,0.7750055203316205,0.6200010945580631
582,9.812240331758677,"single_point","algebraic","agp_robust","none",537,47,"none",-1,22.278381424241132,0.20800000008982886,7.351556564953414e-10,-68.69791411526484,0.47304510727359955,-2721.3602362553524,-0.015281896508190312,0.7749848970245561,0.6199973730547113
583,1.0e15,"single_point","algebraic","agp_robust_rq","none",635,127,"none",-1,22.278385917243277,0.20800000008982886,-5.594713173819934e-10,-68.70577848783476,0.47295977129891,-2768.6727910742043,-0.008170602956287795,0.7750133852099063,0.6200013468469308
584,1.0e15,"multipoint","algebraic","agp_robust","none",1,58,"none",1,0.673999198672837,0.20800000008982886,-82.6131672246165,0.10900146068372578,-1816.0529601811063,0.591649117049442,0.09242834512072333,0.7750315451065343,0.6199759554761446
585,2.7586209736644e8,"synthesized_aggregate","algebraic","","none",-1,-1,"mean",-1,0.673999198672837,0.20800000008982886,0.001636067972561209,0.10900146068372579,-198.01162378556435,-2825.441331051848,0.741280382939513,1.2955436070900666,3.3554019961097015
586,5.4718615701147595,"single_point","algebraic","chebyshev_aicc","none",80,397,"none",-1,-25.165938451894927,0.20800000010366654,348.5488126016227,90.58763771219758,2028.1825105297485,0.09815379208945975,0.6916094642121353,0.7753793497787946,0.6269225907244153
587,1.0e15,"single_point","algebraic","aaad_gpr","none",381,494,"none",-1,22.278365755628716,0.20800000008982886,-1.1327408073659424e-9,-68.70100965366203,0.4730102866311478,-3397.4265314244544,-0.04319260776528139,0.7749962981209625,0.6199980605902109
588,1.0e15,"single_point","algebraic","agp_robust","none",635,54,"none",-1,22.27905179852944,0.20800000008982886,-3.312801597961219e-9,-68.71153237790392,0.4729722514994818,-3410.741512054949,-0.008013699185488514,0.7750151308057576,0.6200012976597316
589,1.0e15,"single_point","algebraic","agp_robust_rq","none",537,123,"none",-1,22.27841137144218,0.20800000008982886,-1.2021076167055682e-10,-68.70367173187726,0.4729841740496842,-3554.824733064849,-0.014679190843887184,0.7750055203316205,0.6200010945580631
590,1.0e15,"single_point","algebraic","agp_robust","none",381,41,"none",-1,22.278295643938844,0.20800000008982886,-4.008192550744332e-11,-68.70368780475748,0.47296704237734816,-3736.2900045363554,-0.044277116002895,0.7750096911264944,0.6200051945025429
591,1.0e15,"single_point","algebraic","s2_aaa_mle","algebraic_resolve_t0",381,625,"none",-1,0.673999198672837,0.20800000008982886,-2056.862164903759,0.10900146068372579,-2800.394856501652,0.03435576480244666,1.1911161502880765,0.7767588385965105,0.6208982294973568
592,9.604045685744403,"single_point","algebraic","agp_robust","none",635,51,"none",-1,22.278244012564368,0.20800000008982886,3.0559892779705765e-9,-68.7051892948116,0.47295083393958215,-4957.039943963804,-0.00861615232477222,0.7750151308057576,0.6200012976597316
593,10.168192742633924,"single_point","algebraic","agp_robust","none",453,43,"none",-1,22.278384255163427,0.20800000008982886,5.165531386560722e-12,-68.69853242055493,0.4730412155224948,-5502.468017116649,-0.025415863371974542,0.7749862200851677,0.6199956018917545
594,242780.21896301297,"single_point","algebraic","aaad","none",320,556,"none",-1,94.81276873858462,0.20800000065172577,-0.9158498119177683,-821.0529828036149,-7.4406009613074495,0.06897871233822929,0.536170818860967,0.7850205735291166,0.6279531263405593
595,1.0e15,"single_point","algebraic","s2_aaa_mle","algebraic_resolve_t0",185,615,"none",-1,0.673999198672837,0.20800000008982886,-1055.5576153073291,0.10900146068372579,-3649.7916336776107,0.09213391800644828,0.334456842263425,0.7749035777319125,0.6197462931400228
596,21.216334648763752,"single_point","algebraic","agp_robust","none",185,30,"none",-1,-54.416906557351496,0.20800000008982886,471.21268545630136,404.9983042653999,4062.0943438104177,0.09216610137308899,0.33409183084343147,0.7749759094787012,0.6199368146460666
597,21.21020344403399,"single_point","algebraic","agp_robust_rq","none",185,107,"none",-1,-54.368430775761766,0.20800000008982886,511.82052874131887,404.8342664441522,4408.477733716398,0.0921667512392064,0.33407323487192964,0.774999096985551,0.6199978576750916
598,1.0e15,"single_point","algebraic","agp_robust","none",635,52,"none",-1,22.277676988775227,0.20800000008982886,-7.09114794370472e-10,-68.70073675482173,0.47293579945810854,-7226.885741601155,-0.009034006641317238,0.7750151308057576,0.6200012976597316
599,21.206369988071458,"single_point","algebraic","s3_adapt_se","none",185,181,"none",-1,-54.32563898491254,0.20800000008982886,567.9858700599386,404.68862021914583,4887.829203512364,0.09216498280117529,0.3340954018179887,0.7749967855812199,0.619993060024117
600,21.205977849787406,"single_point","algebraic","s3_adapt_rq","none",185,251,"none",-1,-54.32292741594962,0.20800000008982886,570.5078721897826,404.6792653615285,4909.335918973598,0.0921651208316379,0.33409309480596777,0.7749987432165448,0.6199969427935755
601,58.435615557258316,"single_point","algebraic","s2_aaa_mle","none",223,617,"none",-1,-297.1881869633295,0.2080000001243459,1.4366192806629656,1153.366653695143,136.65509327121597,0.09079292869994797,0.34959374514366925,0.7749808575415387,0.6199671857277659
602,62.574853913480624,"single_point","algebraic","chebyshev_bic","none",537,348,"none",-1,-203.01568051327487,0.20800000010809705,0.015435122137252727,1200.6267271879083,1166.4854004323013,0.2994401381090128,0.12039357815185177,0.788406616036698,0.622330524107386
603,21.20277479026774,"single_point","algebraic","aaad_gpr","none",185,484,"none",-1,-54.289654563875814,0.20800000008982886,621.6741391046637,404.5663482710742,5345.989955572542,0.0921640526883471,0.3341048307314564,0.7750008105627073,0.6200025183344767
604,1.0e15,"single_point","algebraic","s2_aaa_mle","none",8,592,"none",-1,1.6350251706250547,0.20800000021409715,-1.2725961113242115e-6,-7.105012728944501,-54.50192433101108,-8940.112158516502,-4.852558337524577,12.30454898158948,715.006343114076
605,21.19925654838634,"single_point","algebraic","aaad","none",185,551,"none",-1,-54.254466513184134,0.2080000007031681,685.0114458578392,404.4442825548377,5886.5113390687575,0.09216306656882493,0.33411603154231545,0.7750000627375799,0.6200001525273109
606,1.0e15,"single_point","algebraic","agp_robust","none",537,49,"none",-1,22.278438284670244,0.20800000008982886,-3.8478393804042576e-11,-68.69833499249111,0.47304689052637516,-9433.365195612223,-0.014941536731776285,0.7749848970245561,0.6199973730547113
607,5.665964152617664,"single_point","algebraic","aaad_gpr","algebraic_resolve_t0",453,498,"none",-1,0.673999198672837,0.20800000008982886,4.8223433288771394e-5,0.10900146068372578,0.4729867259875034,11324.911981319905,-0.02651869467101402,0.7750042709276895,0.6200013808705263
608,10.201600340322948,"single_point","algebraic","agp_robust_rq","none",453,119,"none",-1,22.27840566059849,0.20800000008982886,1.3878449325272435e-11,-68.7015267171683,0.47300805184541317,-13790.9787970382,-0.026247900092499624,0.7749975403493975,0.6199992622299211
609,1.3478145964433113e7,"synthesized_aggregate","algebraic","","none",-1,-1,"trim25_mean",-1,14.507710891769447,0.20800000011452502,-0.03501648431983831,-27.22737943138901,-20.656566546837897,-14684.725200984958,-0.014182294114392481,0.762864978396175,0.6193692202148546
610,5.9663397934390785,"multipoint","algebraic","chebyshev_bic","none",16,367,"none",3,1.4917125041263946,0.20800000013091785,4.1087924141280247e-10,-0.3072084174115578,-19.995250770334565,-17418.293594309092,-0.004475077781018959,0.7716620852077527,0.6293861072380635
611,10.918608737557562,"single_point","algebraic","aaad_gpr","none",381,495,"none",-1,22.278408990466723,0.20800000008982886,3.134201847431597e-11,-68.70128525321044,0.4730121992058438,-17437.671097636612,-0.043471288226319904,0.7749962981209625,0.6199980605902109
612,1.0e15,"multipoint","algebraic","chebyshev_bic","none",1,357,"none",1,0.6729789862726762,0.20800000013999517,-7.974610649715e-9,0.11174044882833982,-19.488448322287557,-18474.36515011137,-0.0044711864430996805,0.6791371528492681,0.624497248984926
613,1.0e15,"multipoint","algebraic","chebyshev_bic","none",8,363,"none",2,0.9753451834162238,0.20800000013562114,-5.66053114567837e-10,0.03739842801954323,-19.75912919080466,-18662.579142092,-0.004470536930645678,0.7821669553253903,0.6299411665033194
614,1.0e15,"single_point","algebraic","aaad","algebraic_resolve_t0",381,559,"none",-1,0.673999198672837,0.20800000008982886,2.892515047926998e-5,0.10900146068372579,0.4863072869458667,18898.282349319044,-0.04090045580454674,0.7705651600378373,0.6177215510364555
615,1.0e15,"single_point","algebraic","aaad_gpr","none",635,502,"none",-1,22.278154664032463,0.20800000008982886,-7.058352693360178e-10,-68.71592577896776,0.4728256734598689,-19458.520730143857,-0.008452192839430906,0.7750560209265279,0.6200057821046078
616,6.017094858272882,"multipoint","algebraic","chebyshev_bic","none",25,368,"none",4,2.3929573652671734,0.2080000001259936,7.385049318760366e-10,-1.3799921514815066,-19.105972759982237,-22376.112540547947,-0.0044598639568530305,0.7768901351305774,0.6296623484020558
617,1.0e15,"single_point","algebraic","agp_robust_rq","none",750,128,"none",-1,22.292503269296386,0.20800000008982886,-1.7265743017856167e-8,-66.82124010083457,0.4938984689796421,-30890.51107647218,-0.004043980284401959,0.7681392616815906,0.6196454324760968
618,1.0e15,"single_point","algebraic","agp_robust","none",750,56,"none",-1,22.357499540912798,0.20800000008982886,-9.284947837393064e-8,-49.079048538682144,0.6835315616224767,-34832.53334626001,-0.004056992461381267,0.705412851602599,0.6163812566431017
619,130.08103465491163,"single_point","algebraic","chebyshev_bic","none",267,332,"none",-1,-2600.019586642645,0.20800000009719039,4.711087674773757e-6,5322.232434340497,13.553452740565342,0.06539287233764325,0.5959056020679191,0.7755997356931678,0.6209766048666466
620,5.671288353412469,"single_point","algebraic","s3_adapt_se","algebraic_resolve_t0",750,199,"none",-1,0.673999198672837,0.20800000008982886,1.4116858092103473e-5,0.10900146068372579,0.4824937456165508,38629.87602765332,-0.0043764797691935205,0.7716990702776765,0.619820868932151
621,5.00211241503492e25,"single_point","algebraic","chebyshev_bic","algebraic_resolve_t0",750,355,"none",-1,0.673999198672837,0.20800000008982886,-9.255248525015961e-6,0.10900146068372578,-21.749061238537802,42440.546047834185,-0.004129216807059918,-3.2405700085127265,0.4173866657373601
622,5.670143604801622,"single_point","algebraic","s2_aaa_mle","algebraic_resolve_t0",635,630,"none",-1,0.673999198672837,0.20800000008982886,1.2557120962452291e-5,0.10900146068372578,0.47283150978960115,43440.8586207202,-0.008594100583204445,0.7750509124884517,0.6200048953775539
623,1.0e15,"single_point","algebraic","aaad","none",635,565,"none",-1,-0.00047848807644571413,0.2079999955156839,0.17314622136348454,115.50403622812135,0.4730703294095001,44493.53736508698,-0.008626755574119066,0.7749761785804012,0.619997598427621
624,2.5769472853665012e8,"synthesized_aggregate","algebraic","","none",-1,-1,"mean",-1,0.673999198672837,0.20800000008982886,-2.9909604647178943e-6,0.10900146068372579,-37.43301662338272,45091.137142984524,-0.25651268879874445,5.154873271964543,0.8476793804023879
625,6.156338078701871,"multipoint","algebraic","chebyshev_bic","none",36,372,"none",5,4.084451332026086,0.20800000012048636,1.3745946557864112e-10,-4.305024907934297,-17.20874183610253,-49812.24006314722,-0.004429332023310974,0.7751053206975286,0.6295680418778693
626,1.0e15,"single_point","algebraic","aaad","none",453,560,"none",-1,-0.00044783710109701805,0.20800000056994847,0.20200688441425194,108.65568828054599,0.47324663158185964,56304.73537281272,-0.026272031587915804,0.7749169198318441,0.6199730480901212
627,1.0e15,"single_point","algebraic","s2_aaa_mle","none",453,627,"none",-1,-0.00044126924680560546,0.20800000012504508,0.20842612423308393,107.16247284309877,0.47293438658208925,58439.68650118429,-0.026334041304618076,0.7750221613910189,0.6200081438397052
628,1.0e15,"single_point","algebraic","aaad","none",537,562,"none",-1,-0.0004638380046036619,0.2080000005343148,0.18670076563910934,112.25740761055224,0.4729966565337715,76058.04806793734,-0.015623603528289207,0.775002169287022,0.6200004526048993
629,1530.3236797044501,"single_point","algebraic","aaad_gpr","none",635,503,"none",-1,2961.412148177772,0.20800000008982886,0.011971514863314926,-13425.422019543475,3.361214376555911,-0.7308135725818979,-0.08656310142739186,0.7750560209265279,0.6200057821046078
630,5.956758847031951,"single_point","algebraic","chebyshev_bic","none",1,296,"none",-1,0.6729789862726762,0.20800000013999517,-441.79994105909503,0.11174044882833982,-63118.3298404458,3.7199435744648275,0.7646786133156647,0.41865950171525307,-46.438850207983116
631,1.0e15,"single_point","algebraic","agp_robust_rq","none",453,118,"none",-1,22.278407306269038,0.20800000008982886,-1.943830593554686e-13,-68.70153808397896,0.4730081130483253,-110675.39284103083,-0.026215419662386826,0.7749975403493975,0.6199992622299211
632,1.0e15,"single_point","algebraic","agp_robust_rq","none",635,125,"none",-1,22.2782930478577,0.20800000008982886,-1.378330025135075e-12,-68.70504923721657,0.47295730893473387,-157734.52316879627,-0.008507694711579769,0.7750133852099063,0.6200013468469308
633,1.0e15,"single_point","algebraic","aaad_gpr","none",750,506,"none",-1,22.285954959994342,0.20800000008982886,-2.3183922664263426e-9,-68.95887583095227,0.47115940704233616,-164242.65068403547,-0.0041914448081144485,0.7756701259321178,0.620037690673672
634,9.484152905234739,"single_point","algebraic","aaad","none",750,568,"none",-1,22.288346104773897,0.20800000058176207,1.3573992553517405e-9,-68.80041961189653,0.47305093741581616,-276787.54886377155,-0.00433858791443974,0.7750575346450685,0.6200054170697744
635,8.527015180426527e13,"multipoint","algebraic","chebyshev_bic","none",16,366,"none",3,1.4917125040877706,0.20800000013091785,2.9389993054470517e-12,-0.3072084173971646,-19.994976857432103,356471.19003565016,-0.00429370448857694,0.7716620852077527,0.6293861072380635
636,2.325718376158606e13,"multipoint","algebraic","chebyshev_bic","none",1,358,"none",1,0.6729789862726762,0.20800000013999517,-1.7922589386935726e-11,0.11174044882833982,-19.49408490500922,389689.40849301877,-0.004298144898530737,0.679137152849268,0.624497248984926
637,3.345185797725301e13,"multipoint","algebraic","chebyshev_aicc","none",8,440,"none",2,0.9753451834261578,0.20800000013562114,-1.764612594209442e-12,0.03739842801751206,-19.75953298740426,396776.0781675999,-0.004299022804430401,0.7821669553253904,0.6299411665033194
638,2.3697526920077926e13,"multipoint","algebraic","chebyshev_aicc","none",25,451,"none",4,2.3929573648896088,0.2080000001259936,2.0347785466991497e-11,-1.3799921513202105,-19.105344543231244,530321.4277958395,-0.004312256362562732,0.7768901351305775,0.6296623484020559
639,5.664411653892546,"single_point","algebraic","s2_aaa_mle","algebraic_resolve_t0",750,632,"none",-1,0.673999198672837,0.20800000008982886,8.325078634507479e-7,0.10900146068372578,0.41897497776813425,655060.5083758115,-0.004283618545190144,0.7930403039543801,0.6209458365327345
640,1.0e15,"single_point","algebraic","aaad","none",750,567,"none",-1,22.28383665256211,0.20800000058176207,-1.357001565913596e-10,-68.76319003395886,0.4729497655195193,-1.494972399296527e6,-0.0042953206598883185,0.7750575346450685,0.6200054170697744
641,1.0412789322674694e12,"multipoint","algebraic","chebyshev_bic","none",36,375,"none",5,4.084451330922558,0.20800000012048636,5.6401829625484805e-11,-4.305024907597825,-17.208486244236077,2.1061650695385104e6,-0.0043562236328949285,0.7751053206975286,0.6295680418778693
642,15212.212785394211,"single_point","algebraic","chebyshev_aicc","none",453,424,"none",-1,-274326.69307491125,0.2080000001177348,-7.8742e-319,543262.8631761081,15.962591193670207,0.2685904475611773,0.10208489440061279,0.7718829572393445,0.6188036393026838
643,25254.665722511538,"single_point","algebraic","chebyshev_aicc","none",381,420,"none",-1,-303562.63220568455,0.2080000001132012,1.7646410563517889e-239,602823.6975639316,33.51639040998802,0.09338466604130699,0.37940598382211305,0.7744765993033764,0.6195111948671829
644,839820.2131405985,"single_point","algebraic","aaad","none",381,558,"none",-1,-7.464550410222216e6,0.2080000005582681,8.084462891771614e-190,1.4758665775680142e7,1770.2859291478087,0.03311511332399866,1.2390685826437011,0.7705651600378373,0.6177215510364555
645,2.642288360330275e6,"single_point","algebraic","s2_aaa_mle","none",635,629,"none",-1,91.87548526189259,0.20799999529774948,484107.76904822467,-2.144895089643674e7,69.00394695763734,-0.6712350486496803,-0.09285305697204269,0.7750509124884517,0.6200048953775539
646,1.6551280050277459e6,"single_point","algebraic","s2_aaa_mle","none",750,631,"none",-1,96.56316242780993,0.20800000001163285,421731.3014967703,-2.2298738364210732e7,946.9850814928888,-1.8948710252084837,-0.03980604236922074,0.7930403039543807,0.6209458365327345
647,1.6913028576560165e6,"single_point","algebraic","aaad","none",750,566,"none",-1,100.03486375612863,0.20800000041087935,451042.2649393261,-2.3232490072028194e7,404.59085087851946,-1.9944010935637075,-0.03820695578579442,0.7750575346450678,0.6200054170697743
