case_id	source_method_key	source_method_label	target_method_key	target_method_label	seed_primary_role	seed_roles	source_seed_benchmark_rmse	source_seed_max_rel_err	source_seed_fit_objective	target_cold_oracle_rmse	target_cold_selected_rmse	transfer_best_rmse	transfer_selected_rmse	transfer_best_fit_objective	transfer_selected_fit_objective	distance_to_target_oracle	distance_to_target_selected	same_target_oracle	same_target_selected	same_target_any	benchmark_improved_vs_seed	fit_improved_vs_seed	status	reason	transfer_runtime_seconds
seir_3_1em4	scalar_log	Scalar log-space	residual_lso_lm_bounded_log	Bounded LeastSquaresOptim LM log-space	fit_rank_1	fit_rank_1	0.08109306384385494	0.25865879052803314	5.988078646444696	0.278964921186605	0.278964921186605	0.08109306382897684	0.08109306382897684	5.9880786464445155	5.9880786464445155	0.38738723910986433	0.38738723910986433	false	false	false	true	true	ok		0.020029019
seir_3_1em4	scalar_log	Scalar log-space	residual_lso_lm_bounded_log	Bounded LeastSquaresOptim LM log-space	fit_rank_2	fit_rank_2	0.05026623840797537	0.15530497100753082	5.988078649894569	0.278964921186605	0.278964921186605	0.05026623848332059	0.05026623848332059	5.988078649894291	5.988078649894291	0.3824949739189679	0.3824949739189679	false	false	false	false	true	ok		0.018621956
seir_3_1em4	scalar_log	Scalar log-space	residual_lso_lm_bounded_log	Bounded LeastSquaresOptim LM log-space	fit_rank_3	fit_rank_3	0.047427965634238615	0.1413755522818126	5.988078650888077	0.278964921186605	0.278964921186605	0.04742796136272662	0.04742796136272662	5.988078650886774	5.988078650886774	0.3839863622801919	0.3839863622801919	false	false	false	true	true	ok		0.021099834
seir_3_1em4	scalar_log	Scalar log-space	residual_lso_lm_bounded_log	Bounded LeastSquaresOptim LM log-space	fit_rank_4	fit_rank_4	0.010413993845791496	0.029797232166008544	5.988078659516295	0.278964921186605	0.278964921186605	0.010413994062766638	0.010413994062766638	5.98807865951625	5.98807865951625	0.393192342533279	0.393192342533279	false	false	false	false	true	ok		0.014626808
seir_3_1em4	scalar_log	Scalar log-space	residual_lso_lm_bounded_log	Bounded LeastSquaresOptim LM log-space	fit_rank_5	fit_rank_5	0.21892521942946128	0.7618314298599919	5.9880791284532	0.278964921186605	0.278964921186605	0.16232122962216558	0.16232122962216558	5.988078773906204	5.988078773906204	0.47227204937534173	0.47227204937534173	false	false	false	true	true	ok		0.658708424
seir_3_1em4	scalar_log	Scalar log-space	residual_lso_lm_bounded_log	Bounded LeastSquaresOptim LM log-space	fit_rank_6	fit_rank_6	0.2571349005343608	0.9044847894490909	5.98807958358593	0.278964921186605	0.278964921186605	0.18944240134884638	0.18944240134884638	5.988078906510944	5.988078906510944	0.49641232970391785	0.49641232970391785	false	false	false	true	true	ok		0.54957846
seir_3_1em4	scalar_log	Scalar log-space	residual_lso_lm_bounded_log	Bounded LeastSquaresOptim LM log-space	fit_rank_7	fit_rank_7	0.33276932160132267	1.1800156452656572	5.988081271275059	0.278964921186605	0.278964921186605	0.24220218712420216	0.24220218712420216	5.988079387246374	5.988079387246374	0.5377517194546824	0.5377517194546824	false	false	false	true	true	ok		0.588322185
seir_3_1em4	scalar_log	Scalar log-space	residual_lso_lm_bounded_log	Bounded LeastSquaresOptim LM log-space	fit_rank_8	fit_rank_8	0.3434615078982618	1.2177756784752263	5.988081636199465	0.278964921186605	0.278964921186605	0.24952593128517647	0.24952593128517647	5.988079483496145	5.988079483496145	0.5429416421851878	0.5429416421851878	false	false	false	true	true	ok		0.543963204
seir_3_1em4	scalar_log	Scalar log-space	residual_lso_lm_bounded_log	Bounded LeastSquaresOptim LM log-space	fit_rank_9	fit_rank_9	0.37402968706976397	1.323526202049965	5.988082784570448	0.278964921186605	0.278964921186605	0.2692697967158568	0.2692697967158568	5.9880797865488	5.9880797865488	0.5563130730956269	0.5563130730956269	false	false	false	true	true	ok		0.564553297
seir_3_1em4	scalar_log	Scalar log-space	residual_lso_lm_bounded_log	Bounded LeastSquaresOptim LM log-space	fit_rank_10	fit_rank_10	0.3338718098607316	1.7519047955873934	5.988091914747244	0.278964921186605	0.278964921186605	0.22664853793495834	0.22664853793495834	5.988081649650227	5.988081649650227	0.1047728567284779	0.1047728567284779	false	false	false	true	true	ok		0.581437322
seir_3_1em4	scalar_log	Scalar log-space	residual_lso_lm_bounded_log	Bounded LeastSquaresOptim LM log-space	fit_rank_11	fit_rank_11	0.5235287773808166	1.864849698594534	5.988093884329105	0.278964921186605	0.278964921186605	0.3540903892003065	0.3540903892003065	5.988082020179829	5.988082020179829	0.6045305173660636	0.6045305173660636	false	false	false	true	true	ok		0.546115511
seir_3_1em4	scalar_log	Scalar log-space	residual_lso_lm_bounded_log	Bounded LeastSquaresOptim LM log-space	fit_rank_12	fit_rank_12	0.5063374356418517	3.114339826640468	5.988122052501369	0.278964921186605	0.278964921186605	0.2743952165039016	0.2743952165039016	5.9880853500451945	5.9880853500451945	0.008422874984644188	0.008422874984644188	false	false	false	true	true	ok		0.565627064
seir_3_1em4	scalar_log	Scalar log-space	residual_lso_lm_bounded_log	Bounded LeastSquaresOptim LM log-space	fit_rank_13	fit_rank_13,fit_rank_14	0.5090074207004662	3.1347285552324573	5.988122719653297	0.278964921186605	0.278964921186605	0.27495620777303165	0.27495620777303165	5.988085402785774	5.988085402785774	0.007381067300473472	0.007381067300473472	false	false	false	true	true	ok		0.588924313
seir_3_1em4	scalar_log	Scalar log-space	residual_lso_lm_bounded_log	Bounded LeastSquaresOptim LM log-space	fit_rank_15	fit_rank_15	0.7084035484522787	3.1801617582412045	5.988124137241536	0.278964921186605	0.278964921186605	0.4264518137440119	0.4264518137440119	5.988085599927552	5.988085599927552	0.6357913719885891	0.6357913719885891	false	false	false	true	true	ok		0.548165686
seir_3_1em4	scalar_log	Scalar log-space	residual_lso_lm_bounded_log	Bounded LeastSquaresOptim LM log-space	fit_rank_16	fit_rank_16	0.512132401732471	3.1585817974427766	5.988124329867598	0.278964921186605	0.278964921186605	0.27558382354141264	0.27558382354141264	5.988085462034774	5.988085462034774	0.006218118871462387	0.006218118871462387	false	false	false	true	true	ok		0.573414587
seir_3_1em4	scalar_log	Scalar log-space	residual_lso_lm_bounded_log	Bounded LeastSquaresOptim LM log-space	fit_rank_17	fit_rank_17	0.7113385754800534	3.202111371336849	5.988124805540865	0.278964921186605	0.278964921186605	0.4273055338473712	0.4273055338473712	5.988085653900808	5.988085653900808	0.6361144766593881	0.6361144766593881	false	false	false	true	true	ok		0.597076729
seir_3_1em4	scalar_log	Scalar log-space	residual_lso_lm_bounded_log	Bounded LeastSquaresOptim LM log-space	fit_rank_18	fit_rank_18	0.5199135862532585	3.217895052934735	5.988126327783832	0.278964921186605	0.278964921186605	0.2770984077133493	0.2770984077133493	5.988085606078914	5.988085606078914	0.003422892343201834	0.003422892343201834	false	false	false	true	true	ok		0.574002738
seir_3_1em4	scalar_log	Scalar log-space	residual_lso_lm_bounded_log	Bounded LeastSquaresOptim LM log-space	fit_rank_19	fit_rank_19	0.7211200935475507	3.276536408640457	5.988126713677331	0.278964921186605	0.278964921186605	0.4300214134285116	0.4300214134285116	5.988085827616608	5.988085827616608	0.6371358254566878	0.6371358254566878	false	false	false	true	true	ok		0.573269358
seir_3_1em4	scalar_log	Scalar log-space	residual_lso_lm_bounded_log	Bounded LeastSquaresOptim LM log-space	fit_rank_20	fit_rank_20	0.5252800033307928	3.2587288763356015	5.988127024759425	0.278964921186605	0.278964921186605	0.2781083171084636	0.2781083171084636	5.988085702958616	5.988085702958616	0.0015678872201401114	0.0015678872201401114	false	false	false	true	true	ok		0.596881964
seir_3_1em4	scalar_log	Scalar log-space	residual_fastlm_bounded_log	Bounded FastLevenbergMarquardt log-space	fit_rank_1	fit_rank_1	0.08109306384385494	0.25865879052803314	5.988078646444696	0.038864151232310386	0.050546223087905094	0.07538925195939016	0.07538925195939016	5.988078646162069	5.988078646162069	0.051160126649496394	0.034617822435984914	false	false	false	true	true	ok		0.452005357
seir_3_1em4	scalar_log	Scalar log-space	residual_fastlm_bounded_log	Bounded FastLevenbergMarquardt log-space	fit_rank_2	fit_rank_2	0.05026623840797537	0.15530497100753082	5.988078649894569	0.038864151232310386	0.050546223087905094	0.05026623840797537	0.065635076641264	5.988078649894569	5.988078646851065	0.0161764891684276	0.00039527026866681566	false	true	true	false	true	ok		0.576487954
seir_3_1em4	scalar_log	Scalar log-space	residual_fastlm_bounded_log	Bounded FastLevenbergMarquardt log-space	fit_rank_3	fit_rank_3	0.047427965634238615	0.1413755522818126	5.988078650888077	0.038864151232310386	0.050546223087905094	0.047427965634238615	0.06002954605186038	5.988078650888077	5.988078647420572	0.12406046518046225	0.14034358809320938	false	false	false	false	true	ok		0.565616371
seir_3_1em4	scalar_log	Scalar log-space	residual_fastlm_bounded_log	Bounded FastLevenbergMarquardt log-space	fit_rank_4	fit_rank_4	0.010413993845791496	0.029797232166008544	5.988078659516295	0.038864151232310386	0.050546223087905094	0.010414089541319305	0.010414089541319305	5.988078659516239	5.988078659516239	0.0710097943177025	0.08747850748636506	false	false	false	false	true	ok		0.015008749
seir_3_1em4	scalar_log	Scalar log-space	residual_fastlm_bounded_log	Bounded FastLevenbergMarquardt log-space	fit_rank_5	fit_rank_5	0.21892521942946128	0.7618314298599919	5.9880791284532	0.038864151232310386	0.050546223087905094	0.1631237459825048	0.1631237459825048	5.988078777553768	5.988078777553768	0.16278417278179033	0.14660800949725453	false	false	false	true	true	ok		0.542080232
seir_3_1em4	scalar_log	Scalar log-space	residual_fastlm_bounded_log	Bounded FastLevenbergMarquardt log-space	fit_rank_6	fit_rank_6	0.2571349005343608	0.9044847894490909	5.98807958358593	0.038864151232310386	0.050546223087905094	0.1887865779999982	0.1887865779999982	5.988078903293108	5.988078903293108	0.1916873241851313	0.1756737115892495	false	false	false	true	true	ok		0.562973324
seir_3_1em4	scalar_log	Scalar log-space	residual_fastlm_bounded_log	Bounded FastLevenbergMarquardt log-space	fit_rank_7	fit_rank_7	0.33276932160132267	1.1800156452656572	5.988081271275059	0.038864151232310386	0.050546223087905094	0.24393619933352195	0.24393619933352195	5.988079408084509	5.988079408084509	0.24776535794076882	0.2321468720475101	false	false	false	true	true	ok		0.536113481
seir_3_1em4	scalar_log	Scalar log-space	residual_fastlm_bounded_log	Bounded FastLevenbergMarquardt log-space	fit_rank_8	fit_rank_8	0.3434615078982618	1.2177756784752263	5.988081636199465	0.038864151232310386	0.050546223087905094	0.2503673062947408	0.2503673062947408	5.988079495791689	5.988079495791689	0.25377974744772647	0.23820989761422273	false	false	false	true	true	ok		0.556710413
seir_3_1em4	scalar_log	Scalar log-space	residual_fastlm_bounded_log	Bounded FastLevenbergMarquardt log-space	fit_rank_9	fit_rank_9	0.37402968706976397	1.323526202049965	5.988082784570448	0.038864151232310386	0.050546223087905094	0.26961898813122026	0.26961898813122026	5.988079787450551	5.988079787450551	0.2711509308555486	0.25572837217339955	false	false	false	true	true	ok		0.527038665
seir_3_1em4	scalar_log	Scalar log-space	residual_fastlm_bounded_log	Bounded FastLevenbergMarquardt log-space	fit_rank_10	fit_rank_10	0.3338718098607316	1.7519047955873934	5.988091914747244	0.038864151232310386	0.050546223087905094	0.23160198196096796	0.23160198196096796	5.988081941381447	5.988081941381447	0.31700523367660755	0.33183366506751705	false	false	false	true	true	ok		0.564379393
seir_3_1em4	scalar_log	Scalar log-space	residual_fastlm_bounded_log	Bounded FastLevenbergMarquardt log-space	fit_rank_11	fit_rank_11	0.5235287773808166	1.864849698594534	5.988093884329105	0.038864151232310386	0.050546223087905094	0.3576855180656336	0.3576855180656336	5.9880821450759925	5.9880821450759925	0.33930984286131294	0.324563183869934	false	false	false	true	true	ok		0.524019855
seir_3_1em4	scalar_log	Scalar log-space	residual_fastlm_bounded_log	Bounded FastLevenbergMarquardt log-space	fit_rank_12	fit_rank_12	0.5063374356418517	3.114339826640468	5.988122052501369	0.038864151232310386	0.050546223087905094	0.2828912544127778	0.2828912544127778	5.988086136071276	5.988086136071276	0.3926093916561179	0.38844870817081883	false	false	false	true	true	ok		0.528290843
seir_3_1em4	scalar_log	Scalar log-space	residual_fastlm_bounded_log	Bounded FastLevenbergMarquardt log-space	fit_rank_13	fit_rank_13,fit_rank_14	0.5090074207004662	3.1347285552324573	5.988122719653297	0.038864151232310386	0.050546223087905094	0.2830968026889397	0.2830968026889397	5.988086156866918	5.988086156866918	0.39292225675589904	0.38876277576301216	false	false	false	true	true	ok		0.550185091
seir_3_1em4	scalar_log	Scalar log-space	residual_fastlm_bounded_log	Bounded FastLevenbergMarquardt log-space	fit_rank_15	fit_rank_15	0.7084035484522787	3.1801617582412045	5.988124137241536	0.038864151232310386	0.050546223087905094	0.43781510504291765	0.43781510504291765	5.988086299873832	5.988086299873832	0.39520822577093684	0.39105756020146865	false	false	false	true	true	ok		0.508514841
seir_3_1em4	scalar_log	Scalar log-space	residual_fastlm_bounded_log	Bounded FastLevenbergMarquardt log-space	fit_rank_16	fit_rank_16	0.512132401732471	3.1585817974427766	5.988124329867598	0.038864151232310386	0.050546223087905094	0.27472368622434573	0.27472368622434573	5.988085416602998	5.988085416602998	0.37990259077895033	0.3756938857410751	false	false	false	true	true	ok		0.54132551
seir_3_1em4	scalar_log	Scalar log-space	residual_fastlm_bounded_log	Bounded FastLevenbergMarquardt log-space	fit_rank_17	fit_rank_17	0.7113385754800534	3.202111371336849	5.988124805540865	0.038864151232310386	0.050546223087905094	0.4380002556865016	0.4380002556865016	5.9880863125519035	5.9880863125519035	0.39539689190059124	0.39124695619313055	false	false	false	true	true	ok		0.546085594
seir_3_1em4	scalar_log	Scalar log-space	residual_fastlm_bounded_log	Bounded FastLevenbergMarquardt log-space	fit_rank_18	fit_rank_18	0.5199135862532585	3.217895052934735	5.988126327783832	0.038864151232310386	0.050546223087905094	0.2760606204844997	0.2760606204844997	5.988085551867819	5.988085551867819	0.38201941760974234	0.3778186018071546	false	false	false	true	true	ok		0.528502481
seir_3_1em4	scalar_log	Scalar log-space	residual_fastlm_bounded_log	Bounded FastLevenbergMarquardt log-space	fit_rank_19	fit_rank_19	0.7211200935475507	3.276536408640457	5.988126713677331	0.038864151232310386	0.050546223087905094	0.44107102032906365	0.44107102032906365	5.988086525517601	5.988086525517601	0.3985184872206999	0.39438067854844594	false	false	false	true	true	ok		0.568390043
seir_3_1em4	scalar_log	Scalar log-space	residual_fastlm_bounded_log	Bounded FastLevenbergMarquardt log-space	fit_rank_20	fit_rank_20	0.5252800033307928	3.2587288763356015	5.988127024759425	0.038864151232310386	0.050546223087905094	0.2865428216897672	0.2865428216897672	5.988086510707129	5.988086510707129	0.39811797366474216	0.3939786036621195	false	false	false	true	true	ok		0.503883885
seir_3_1em4	residual_lso_lm_bounded_log	Bounded LeastSquaresOptim LM log-space	scalar_log	Scalar log-space	fit_rank_1	fit_rank_1	0.278964921186605	1.2952807765282912	5.988085785652451	0.010413993845791496	0.08109306384385494	0.23141621310559435	0.23141621310559435	5.988081916048757	5.988081916048757	0.31018904417807025	0.36896803151480234	false	false	false	true	true	ok		1.576780064
seir_3_1em4	residual_lso_lm_bounded_log	Bounded LeastSquaresOptim LM log-space	scalar_log	Scalar log-space	fit_rank_2	fit_rank_2	0.2796647784333618	1.3011514532730668	5.9880858535683235	0.010413993845791496	0.08109306384385494	0.23184661145057844	0.23184661145057844	5.988081943416277	5.988081943416277	0.31102656554283115	0.3691778279430723	false	false	false	true	true	ok		1.504213626
seir_3_1em4	residual_lso_lm_bounded_log	Bounded LeastSquaresOptim LM log-space	scalar_log	Scalar log-space	fit_rank_3	fit_rank_3	0.2819907154325036	1.320658111537183	5.988086081561698	0.010413993845791496	0.08109306384385494	0.23327756924029652	0.23327756924029652	5.98808203529111	5.98808203529111	0.31380032240083877	0.36986862666920395	false	false	false	true	true	ok		2.471721632
seir_3_1em4	residual_lso_lm_bounded_log	Bounded LeastSquaresOptim LM log-space	scalar_log	Scalar log-space	fit_rank_4	fit_rank_4	0.28362862877374423	1.3343900863302165	5.988086244207237	0.010413993845791496	0.08109306384385494	0.23427816410101915	0.23427816410101915	5.988082100403394	5.988082100403394	0.3157299168425854	0.37034561383063497	false	false	false	true	true	ok		1.486719304
seir_3_1em4	residual_lso_lm_bounded_log	Bounded LeastSquaresOptim LM log-space	scalar_log	Scalar log-space	fit_rank_5	fit_rank_5	0.43985665494089426	1.538317574759857	5.98808648278836	0.010413993845791496	0.08109306384385494	0.3612523961250888	0.3612523961250888	5.988082260751342	5.988082260751342	0.40294182565023334	0.293096412730162	false	false	false	true	true	ok		1.464232463
seir_3_1em4	residual_lso_lm_bounded_log	Bounded LeastSquaresOptim LM log-space	scalar_log	Scalar log-space	fit_rank_6	fit_rank_6,fit_rank_7	0.28722241125335546	1.3645038712016389	5.988086607095763	0.010413993845791496	0.08109306384385494	0.23644853197711116	0.23644853197711116	5.9880822442621024	5.9880822442621024	0.31988691629213944	0.37136339656468387	false	false	false	true	true	ok		1.489805324
seir_3_1em4	residual_lso_lm_bounded_log	Bounded LeastSquaresOptim LM log-space	scalar_log	Scalar log-space	fit_rank_8	fit_rank_8,fit_rank_9	0.3016904888474811	1.4854342762524073	5.988088150406152	0.010413993845791496	0.08109306384385494	0.2439147154709545	0.2439147154709545	5.988082789766658	5.988082789766658	0.33388052705654	0.374697769530046	false	false	false	true	true	ok		1.473686558
seir_3_1em4	residual_lso_lm_bounded_log	Bounded LeastSquaresOptim LM log-space	scalar_log	Scalar log-space	fit_rank_10	fit_rank_10	0.30565346976135727	1.5184526675163772	5.9880885957554115	0.010413993845791496	0.08109306384385494	0.24737206103939474	0.24737206103939474	5.9880830181694495	5.9880830181694495	0.34020398208605235	0.376153868549148	false	false	false	true	true	ok		1.498776195
seir_3_1em4	residual_lso_lm_bounded_log	Bounded LeastSquaresOptim LM log-space	scalar_log	Scalar log-space	fit_rank_11	fit_rank_11	0.308977509395591	1.5461070821540275	5.9880889766771705	0.010413993845791496	0.08109306384385494	0.24937746123330218	0.24937746123330218	5.988083169189109	5.988083169189109	0.34382258841872076	0.37697638313643134	false	false	false	true	true	ok		1.481545442
seir_3_1em4	residual_lso_lm_bounded_log	Bounded LeastSquaresOptim LM log-space	scalar_log	Scalar log-space	fit_rank_12	fit_rank_12	0.316063833833297	1.6049305836444199	5.988089810967653	0.010413993845791496	0.08109306384385494	0.2532725871799779	0.2532725871799779	5.988083470678488	5.988083470678488	0.35075054947453543	0.37852745743855243	false	false	false	true	true	ok		1.489515455
seir_3_1em4	residual_lso_lm_bounded_log	Bounded LeastSquaresOptim LM log-space	scalar_log	Scalar log-space	fit_rank_13	fit_rank_13	0.32062017340714155	1.642653490694685	5.98809036321125	0.010413993845791496	0.08109306384385494	0.25476864336437643	0.25476864336437643	5.988083623544505	5.988083623544505	0.35337306112852207	0.37910970957172996	false	false	false	true	true	ok		1.522377651
seir_3_1em4	residual_lso_lm_bounded_log	Bounded LeastSquaresOptim LM log-space	scalar_log	Scalar log-space	fit_rank_14	fit_rank_14	0.34970063630945014	1.8814506156485165	5.988094172006219	0.010413993845791496	0.08109306384385494	0.2700339330027402	0.2700339330027402	5.988084885136951	5.988084885136951	0.37907023082113933	0.3845542261331087	false	false	false	true	true	ok		2.154602707
seir_3_1em4	residual_lso_lm_bounded_log	Bounded LeastSquaresOptim LM log-space	scalar_log	Scalar log-space	fit_rank_15	fit_rank_15	0.3594179180546648	1.9604664256891864	5.98809555158976	0.010413993845791496	0.08109306384385494	0.2750213185926405	0.2750213185926405	5.988085341649913	5.988085341649913	0.3870380481031123	0.386165159030615	false	false	false	true	true	ok		1.873386089
seir_3_1em4	residual_lso_lm_bounded_log	Bounded LeastSquaresOptim LM log-space	scalar_log	Scalar log-space	fit_rank_16	fit_rank_16	0.5442770529222302	2.0016382762524163	5.988096298356721	0.010413993845791496	0.08109306384385494	0.43094356919462895	0.43094356919462895	5.988085813553285	5.988085813553285	0.44250622430687414	0.3691112888909509	false	false	false	true	true	ok		1.477942033
seir_3_1em4	residual_lso_lm_bounded_log	Bounded LeastSquaresOptim LM log-space	scalar_log	Scalar log-space	fit_rank_17	fit_rank_17,fit_rank_18,fit_rank_20	0.36551275868296956	2.0098282920865067	5.988096443602576	0.010413993845791496	0.08109306384385494	0.2780479230469826	0.2780479230469826	5.9880856265664955	5.9880856265664955	0.39177351313762393	0.38710620707271615	false	false	false	true	true	ok		1.498131585
seir_3_1em4	residual_lso_lm_bounded_log	Bounded LeastSquaresOptim LM log-space	scalar_log	Scalar log-space	fit_rank_19	fit_rank_19	0.5461472319305123	2.014129835923849	5.988096526875637	0.010413993845791496	0.08109306384385494	0.4321775706230965	0.4321775706230965	5.9880858930067715	5.9880858930067715	0.44312841225607275	0.3704022990289204	false	false	false	true	true	ok		1.466184368
seir_3_1em4	residual_lso_lm_bounded_log	Bounded LeastSquaresOptim LM log-space	residual_fastlm_bounded_log	Bounded FastLevenbergMarquardt log-space	fit_rank_1	fit_rank_1	0.278964921186605	1.2952807765282912	5.988085785652451	0.038864151232310386	0.050546223087905094	0.20397640142376072	0.20397640142376072	5.988080461613873	5.988080461613873	0.30079128339254935	0.31578885293679637	false	false	false	true	true	ok		0.593588526
seir_3_1em4	residual_lso_lm_bounded_log	Bounded LeastSquaresOptim LM log-space	residual_fastlm_bounded_log	Bounded FastLevenbergMarquardt log-space	fit_rank_2	fit_rank_2	0.2796647784333618	1.3011514532730668	5.9880858535683235	0.038864151232310386	0.050546223087905094	0.20416291158451425	0.20416291158451425	5.988080470163393	5.988080470163393	0.3009166116248916	0.31591290669142313	false	false	false	true	true	ok		0.624299054
seir_3_1em4	residual_lso_lm_bounded_log	Bounded LeastSquaresOptim LM log-space	residual_fastlm_bounded_log	Bounded FastLevenbergMarquardt log-space	fit_rank_3	fit_rank_3	0.2819907154325036	1.320658111537183	5.988086081561698	0.038864151232310386	0.050546223087905094	0.20521838652955304	0.20521838652955304	5.9880805191328	5.9880805191328	0.30162152680658083	0.31661064395449834	false	false	false	true	true	ok		0.556534769
seir_3_1em4	residual_lso_lm_bounded_log	Bounded LeastSquaresOptim LM log-space	residual_fastlm_bounded_log	Bounded FastLevenbergMarquardt log-space	fit_rank_4	fit_rank_4	0.28362862877374423	1.3343900863302165	5.988086244207237	0.038864151232310386	0.050546223087905094	0.20602397897505764	0.20602397897505764	5.988080557191204	5.988080557191204	0.3021546263404908	0.3171383043400828	false	false	false	true	true	ok		0.510459177
seir_3_1em4	residual_lso_lm_bounded_log	Bounded LeastSquaresOptim LM log-space	residual_fastlm_bounded_log	Bounded FastLevenbergMarquardt log-space	fit_rank_5	fit_rank_5	0.43985665494089426	1.538317574759857	5.98808648278836	0.038864151232310386	0.050546223087905094	0.31482477168347667	0.31482477168347667	5.988080765641844	5.988080765641844	0.3083589776950773	0.2932860211021121	false	false	false	true	true	ok		0.534564374
seir_3_1em4	residual_lso_lm_bounded_log	Bounded LeastSquaresOptim LM log-space	residual_fastlm_bounded_log	Bounded FastLevenbergMarquardt log-space	fit_rank_6	fit_rank_6,fit_rank_7	0.28722241125335546	1.3645038712016389	5.988086607095763	0.038864151232310386	0.050546223087905094	0.20803636901329267	0.20803636901329267	5.988080654928732	5.988080654928732	0.3034678351889054	0.3184380751112412	false	false	false	true	true	ok		0.554324718
seir_3_1em4	residual_lso_lm_bounded_log	Bounded LeastSquaresOptim LM log-space	residual_fastlm_bounded_log	Bounded FastLevenbergMarquardt log-space	fit_rank_8	fit_rank_8,fit_rank_9	0.3016904888474811	1.4854342762524073	5.988088150406152	0.038864151232310386	0.050546223087905094	0.21332277395897076	0.21332277395897076	5.988080895526298	5.988080895526298	0.30679351440021213	0.32172947085676	false	false	false	true	true	ok		0.52475279
seir_3_1em4	residual_lso_lm_bounded_log	Bounded LeastSquaresOptim LM log-space	residual_fastlm_bounded_log	Bounded FastLevenbergMarquardt log-space	fit_rank_10	fit_rank_10	0.30565346976135727	1.5184526675163772	5.9880885957554115	0.038864151232310386	0.050546223087905094	0.2147704658409696	0.2147704658409696	5.98808097100797	5.98808097100797	0.3076738197498699	0.322600640976171	false	false	false	true	true	ok		0.543560841
seir_3_1em4	residual_lso_lm_bounded_log	Bounded LeastSquaresOptim LM log-space	residual_fastlm_bounded_log	Bounded FastLevenbergMarquardt log-space	fit_rank_11	fit_rank_11	0.308977509395591	1.5461070821540275	5.9880889766771705	0.038864151232310386	0.050546223087905094	0.21563504242786724	0.21563504242786724	5.988081016912399	5.988081016912399	0.3081934047686077	0.32311482221524024	false	false	false	true	true	ok		0.544274357
seir_3_1em4	residual_lso_lm_bounded_log	Bounded LeastSquaresOptim LM log-space	residual_fastlm_bounded_log	Bounded FastLevenbergMarquardt log-space	fit_rank_12	fit_rank_12	0.316063833833297	1.6049305836444199	5.988089810967653	0.038864151232310386	0.050546223087905094	0.22407047878092998	0.22407047878092998	5.988081499578217	5.988081499578217	0.3130289904452946	0.3278996944375496	false	false	false	true	true	ok		0.50451189
seir_3_1em4	residual_lso_lm_bounded_log	Bounded LeastSquaresOptim LM log-space	residual_fastlm_bounded_log	Bounded FastLevenbergMarquardt log-space	fit_rank_13	fit_rank_13	0.32062017340714155	1.642653490694685	5.98809036321125	0.038864151232310386	0.050546223087905094	0.22638990665599684	0.22638990665599684	5.988081643952181	5.988081643952181	0.31428677415099593	0.3291441620473871	false	false	false	true	true	ok		0.512190322
seir_3_1em4	residual_lso_lm_bounded_log	Bounded LeastSquaresOptim LM log-space	residual_fastlm_bounded_log	Bounded FastLevenbergMarquardt log-space	fit_rank_14	fit_rank_14	0.34970063630945014	1.8814506156485165	5.988094172006219	0.038864151232310386	0.050546223087905094	0.23553703186781444	0.23553703186781444	5.988082202935971	5.988082202935971	0.31896332430850133	0.33377074915377647	false	false	false	true	true	ok		0.541728416
seir_3_1em4	residual_lso_lm_bounded_log	Bounded LeastSquaresOptim LM log-space	residual_fastlm_bounded_log	Bounded FastLevenbergMarquardt log-space	fit_rank_15	fit_rank_15	0.3594179180546648	1.9604664256891864	5.98809555158976	0.038864151232310386	0.050546223087905094	0.23875277951805843	0.23875277951805843	5.988082426515046	5.988082426515046	0.3205056220909394	0.33529641301094015	false	false	false	true	true	ok		0.496697954
seir_3_1em4	residual_lso_lm_bounded_log	Bounded LeastSquaresOptim LM log-space	residual_fastlm_bounded_log	Bounded FastLevenbergMarquardt log-space	fit_rank_16	fit_rank_16	0.5442770529222302	2.0016382762524163	5.988096298356721	0.038864151232310386	0.050546223087905094	0.36634004948350735	0.36634004948350735	5.9880824959317565	5.9880824959317565	0.3450828138529966	0.3304005867971652	false	false	false	true	true	ok		0.529916461
seir_3_1em4	residual_lso_lm_bounded_log	Bounded LeastSquaresOptim LM log-space	residual_fastlm_bounded_log	Bounded FastLevenbergMarquardt log-space	fit_rank_17	fit_rank_17,fit_rank_18,fit_rank_20	0.36551275868296956	2.0098282920865067	5.988096443602576	0.038864151232310386	0.050546223087905094	0.24045370052797016	0.24045370052797016	5.988082548491233	5.988082548491233	0.32130102939743405	0.3360832114039345	false	false	false	true	true	ok		0.538232107
seir_3_1em4	residual_lso_lm_bounded_log	Bounded LeastSquaresOptim LM log-space	residual_fastlm_bounded_log	Bounded FastLevenbergMarquardt log-space	fit_rank_19	fit_rank_19	0.5461472319305123	2.014129835923849	5.988096526875637	0.038864151232310386	0.050546223087905094	0.36722767116311816	0.36722767116311816	5.988082533481084	5.988082533481084	0.3456661961060712	0.3309905426545628	false	false	false	true	true	ok		0.49530898
seir_3_1em4	residual_fastlm_bounded_log	Bounded FastLevenbergMarquardt log-space	scalar_log	Scalar log-space	fit_rank_1	fit_rank_1	0.050546223087905094	0.15621864756927537	5.988078649855779	0.010413993845791496	0.08109306384385494	0.050546223087905094	0.05938978411124559	5.988078649855779	5.988078647863945	0.08747837017997996	0.04242043150623444	false	false	false	false	true	ok		1.609396491
seir_3_1em4	residual_fastlm_bounded_log	Bounded FastLevenbergMarquardt log-space	scalar_log	Scalar log-space	fit_rank_2	fit_rank_2	0.049200164701537215	0.15183045055839123	5.9880786501773535	0.010413993845791496	0.08109306384385494	0.049200164701537215	0.057973079299191155	5.9880786501773535	5.98807864814243	0.08559134755769653	0.044318115239333586	false	false	false	false	true	ok		1.473413013
seir_3_1em4	residual_fastlm_bounded_log	Bounded FastLevenbergMarquardt log-space	scalar_log	Scalar log-space	fit_rank_3	fit_rank_3	0.039961535320012426	0.12202555700742863	5.988078652581634	0.010413993845791496	0.08109306384385494	0.039961535320012426	0.050220484794592596	5.988078652581634	5.988078649908953	0.0725651150836726	0.05739241897484239	false	false	false	false	true	ok		1.514797511
seir_3_1em4	residual_fastlm_bounded_log	Bounded FastLevenbergMarquardt log-space	scalar_log	Scalar log-space	fit_rank_4	fit_rank_4	0.038864151232310386	0.11852242673704183	5.988078652903638	0.010413993845791496	0.08109306384385494	0.038864151232310386	0.05156998345387101	5.988078652903638	5.9880786496248355	0.07100965665017084	0.05895064405406034	false	false	false	false	true	ok		1.659870858
seir_3_1em4	residual_fastlm_bounded_log	Bounded FastLevenbergMarquardt log-space	scalar_log	Scalar log-space	fit_rank_5	fit_rank_5	0.10478208602330774	0.34137183417191047	5.988078655563637	0.010413993845791496	0.08109306384385494	0.09199626985852331	0.09199626985852331	5.988078648813141	5.988078648813141	0.14392009565272768	0.014776780670349756	false	false	false	true	true	ok		1.841947896
seir_3_1em4	residual_fastlm_bounded_log	Bounded FastLevenbergMarquardt log-space	scalar_log	Scalar log-space	fit_rank_6	fit_rank_6	0.15847866542539707	0.5362874536942032	5.988078759608815	0.010413993845791496	0.08109306384385494	0.13129886416468256	0.13129886416468256	5.9880786884560875	5.9880786884560875	0.1937788047302513	0.06601584145248007	false	false	false	true	true	ok		1.974599149
seir_3_1em4	residual_fastlm_bounded_log	Bounded FastLevenbergMarquardt log-space	scalar_log	Scalar log-space	fit_rank_7	fit_rank_7	0.15236573623926453	0.5875653106154236	5.988079018416442	0.010413993845791496	0.08109306384385494	0.129693082638025	0.129693082638025	5.988078783408842	5.988078783408842	0.1636691234655528	0.2870083113271958	false	false	false	true	true	ok		1.632343697
seir_3_1em4	residual_fastlm_bounded_log	Bounded FastLevenbergMarquardt log-space	scalar_log	Scalar log-space	fit_rank_8	fit_rank_8	0.20289594216098936	0.7018055016423312	5.9880790325188755	0.010413993845791496	0.08109306384385494	0.17110880550557958	0.17110880550557958	5.988078808406638	5.988078808406638	0.24004785407580775	0.11417638495730464	false	false	false	true	true	ok		1.477874759
seir_3_1em4	residual_fastlm_bounded_log	Bounded FastLevenbergMarquardt log-space	scalar_log	Scalar log-space	fit_rank_9	fit_rank_9	0.1828016455316307	0.6942716080668324	5.988079671763432	0.010413993845791496	0.08109306384385494	0.16049714189943526	0.16049714189943526	5.988079142412399	5.988079142412399	0.19441840044644715	0.3189564314704103	false	false	false	true	true	ok		1.496382019
seir_3_1em4	residual_fastlm_bounded_log	Bounded FastLevenbergMarquardt log-space	scalar_log	Scalar log-space	fit_rank_10	fit_rank_10	0.1864317068762554	0.7051694686185976	5.988079790009886	0.010413993845791496	0.08109306384385494	0.1640559021960109	0.1640559021960109	5.988079208325282	5.988079208325282	0.19731903275909762	0.3222670994051318	false	false	false	true	true	ok		1.504332081
seir_3_1em4	residual_fastlm_bounded_log	Bounded FastLevenbergMarquardt log-space	scalar_log	Scalar log-space	fit_rank_11	fit_rank_11	0.1904122656937769	0.7166556166800666	5.988079927708855	0.010413993845791496	0.08109306384385494	0.16721335323730369	0.16721335323730369	5.988079276596971	5.988079276596971	0.199818801046868	0.3251335991800254	false	false	false	true	true	ok		1.4831181
seir_3_1em4	residual_fastlm_bounded_log	Bounded FastLevenbergMarquardt log-space	scalar_log	Scalar log-space	fit_rank_12	fit_rank_12	0.21665111242636026	0.7806847714250194	5.988081070625809	0.010413993845791496	0.08109306384385494	0.18750975332124323	0.18750975332124323	5.9880798141117815	5.9880798141117815	0.21424638216625091	0.34192373953193167	false	false	false	true	true	ok		1.507995632
seir_3_1em4	residual_fastlm_bounded_log	Bounded FastLevenbergMarquardt log-space	scalar_log	Scalar log-space	fit_rank_13	fit_rank_13	0.2512864304876172	1.0632896455527134	5.988083394115984	0.010413993845791496	0.08109306384385494	0.20853938725661308	0.20853938725661308	5.988080652631107	5.988080652631107	0.26370513388437034	0.3563611259276052	false	false	false	true	true	ok		1.547295793
seir_3_1em4	residual_fastlm_bounded_log	Bounded FastLevenbergMarquardt log-space	scalar_log	Scalar log-space	fit_rank_14	fit_rank_14	0.3881449519521013	1.3711626155878036	5.988083486558877	0.010413993845791496	0.08109306384385494	0.3224931249293043	0.3224931249293043	5.988080965898883	5.988080965898883	0.3767973674915753	0.2600605620758099	false	false	false	true	true	ok		1.476322263
seir_3_1em4	residual_fastlm_bounded_log	Bounded FastLevenbergMarquardt log-space	scalar_log	Scalar log-space	fit_rank_15	fit_rank_15	0.4005435117280108	1.4123277285308657	5.988084083592395	0.010413993845791496	0.08109306384385494	0.3320915328859872	0.3320915328859872	5.9880812466900695	5.9880812466900695	0.3835715656683728	0.2674285115377375	false	false	false	true	true	ok		2.409271254
seir_3_1em4	residual_fastlm_bounded_log	Bounded FastLevenbergMarquardt log-space	scalar_log	Scalar log-space	fit_rank_16	fit_rank_16	0.47850186694001684	1.654834125468736	5.988089447935233	0.010413993845791496	0.08109306384385494	0.3875481146575202	0.3875481146575202	5.988083420584254	5.988083420584254	0.4189332801592377	0.3224255938943126	false	false	false	true	true	ok		1.514369799
seir_3_1em4	residual_fastlm_bounded_log	Bounded FastLevenbergMarquardt log-space	scalar_log	Scalar log-space	fit_rank_17	fit_rank_17,fit_rank_18	0.48761340537345826	1.681183142443786	5.9880903980921465	0.010413993845791496	0.08109306384385494	0.3909739420156486	0.3909739420156486	5.988083565200334	5.988083565200334	0.4209183572937372	0.32619530679458353	false	false	false	true	true	ok		1.482570514
seir_3_1em4	residual_fastlm_bounded_log	Bounded FastLevenbergMarquardt log-space	scalar_log	Scalar log-space	fit_rank_19	fit_rank_19	0.5018264837129393	1.7260238795529155	5.98809164594195	0.010413993845791496	0.08109306384385494	0.40355216125888915	0.40355216125888915	5.988084207744834	5.988084207744834	0.42802079076508626	0.339915428481146	false	false	false	true	true	ok		1.47007336
seir_3_1em4	residual_fastlm_bounded_log	Bounded FastLevenbergMarquardt log-space	scalar_log	Scalar log-space	fit_rank_20	fit_rank_20	0.3310817584349461	1.728957178877233	5.988091723832715	0.010413993845791496	0.08109306384385494	0.25638788969132714	0.25638788969132714	5.988083778536948	5.988083778536948	0.356193153563279	0.3797275994890228	false	false	false	true	true	ok		1.520568048
seir_3_1em4	residual_fastlm_bounded_log	Bounded FastLevenbergMarquardt log-space	residual_lso_lm_bounded_log	Bounded LeastSquaresOptim LM log-space	fit_rank_1	fit_rank_1	0.050546223087905094	0.15621864756927537	5.988078649855779	0.278964921186605	0.278964921186605	0.05054626700632316	0.05054626700632316	5.988078649825225	5.988078649825225	0.3823844546226531	0.3823844546226531	false	false	false	false	true	ok		0.031190242
seir_3_1em4	residual_fastlm_bounded_log	Bounded FastLevenbergMarquardt log-space	residual_lso_lm_bounded_log	Bounded LeastSquaresOptim LM log-space	fit_rank_2	fit_rank_2	0.049200164701537215	0.15183045055839123	5.9880786501773535	0.278964921186605	0.278964921186605	0.04920019839726516	0.04920019839726516	5.988078650160112	5.988078650160112	0.3829119073345243	0.3829119073345243	false	false	false	false	true	ok		0.041584916
seir_3_1em4	residual_fastlm_bounded_log	Bounded FastLevenbergMarquardt log-space	residual_lso_lm_bounded_log	Bounded LeastSquaresOptim LM log-space	fit_rank_3	fit_rank_3	0.039961535320012426	0.12202555700742863	5.988078652581634	0.278964921186605	0.278964921186605	0.03996153526545096	0.03996153526545096	5.988078652581627	5.988078652581627	0.3862136388490414	0.3862136388490414	false	false	false	true	true	ok		0.05091608
seir_3_1em4	residual_fastlm_bounded_log	Bounded FastLevenbergMarquardt log-space	residual_lso_lm_bounded_log	Bounded LeastSquaresOptim LM log-space	fit_rank_4	fit_rank_4	0.038864151232310386	0.11852242673704183	5.988078652903638	0.278964921186605	0.278964921186605	0.038864196063125134	0.038864196063125134	5.988078652874686	5.988078652874686	0.386568165718409	0.386568165718409	false	false	false	false	true	ok		0.031941902
seir_3_1em4	residual_fastlm_bounded_log	Bounded FastLevenbergMarquardt log-space	residual_lso_lm_bounded_log	Bounded LeastSquaresOptim LM log-space	fit_rank_5	fit_rank_5	0.10478208602330774	0.34137183417191047	5.988078655563637	0.278964921186605	0.278964921186605	0.1047821035206257	0.1047821035206257	5.988078655479466	5.988078655479466	0.41409641341514075	0.41409641341514075	false	false	false	false	true	ok		0.034233785
seir_3_1em4	residual_fastlm_bounded_log	Bounded FastLevenbergMarquardt log-space	residual_lso_lm_bounded_log	Bounded LeastSquaresOptim LM log-space	fit_rank_6	fit_rank_6	0.15847866542539707	0.5362874536942032	5.988078759608815	0.278964921186605	0.278964921186605	0.11949644627326349	0.11949644627326349	5.988078670253268	5.988078670253268	0.42988523658273425	0.42988523658273425	false	false	false	true	true	ok		0.653695879
seir_3_1em4	residual_fastlm_bounded_log	Bounded FastLevenbergMarquardt log-space	residual_lso_lm_bounded_log	Bounded LeastSquaresOptim LM log-space	fit_rank_7	fit_rank_7	0.15236573623926453	0.5875653106154236	5.988079018416442	0.278964921186605	0.278964921186605	0.12225423938527626	0.12225423938527626	5.9880787404341635	5.9880787404341635	0.31461908713226194	0.31461908713226194	false	false	false	true	true	ok		0.588405103
seir_3_1em4	residual_fastlm_bounded_log	Bounded FastLevenbergMarquardt log-space	residual_lso_lm_bounded_log	Bounded LeastSquaresOptim LM log-space	fit_rank_8	fit_rank_8	0.20289594216098936	0.7018055016423312	5.9880790325188755	0.278964921186605	0.278964921186605	0.15145055822514553	0.15145055822514553	5.988078737051776	5.988078737051776	0.4620138535231427	0.4620138535231427	false	false	false	true	true	ok		0.556318743
seir_3_1em4	residual_fastlm_bounded_log	Bounded FastLevenbergMarquardt log-space	residual_lso_lm_bounded_log	Bounded LeastSquaresOptim LM log-space	fit_rank_9	fit_rank_9	0.1828016455316307	0.6942716080668324	5.988079671763432	0.278964921186605	0.278964921186605	0.14519613462080916	0.14519613462080916	5.9880789246145305	5.9880789246145305	0.27704203832265434	0.27704203832265434	false	false	false	true	true	ok		0.567195675
seir_3_1em4	residual_fastlm_bounded_log	Bounded FastLevenbergMarquardt log-space	residual_lso_lm_bounded_log	Bounded LeastSquaresOptim LM log-space	fit_rank_10	fit_rank_10	0.1864317068762554	0.7051694686185976	5.988079790009886	0.278964921186605	0.278964921186605	0.14802479703351754	0.14802479703351754	5.988078958606437	5.988078958606437	0.27188851685804066	0.27188851685804066	false	false	false	true	true	ok		0.573612749
seir_3_1em4	residual_fastlm_bounded_log	Bounded FastLevenbergMarquardt log-space	residual_lso_lm_bounded_log	Bounded LeastSquaresOptim LM log-space	fit_rank_11	fit_rank_11	0.1904122656937769	0.7166556166800666	5.988079927708855	0.278964921186605	0.278964921186605	0.1510713758081174	0.1510713758081174	5.988078998605489	5.988078998605489	0.26622011565136794	0.26622011565136794	false	false	false	true	true	ok		0.566851931
seir_3_1em4	residual_fastlm_bounded_log	Bounded FastLevenbergMarquardt log-space	residual_lso_lm_bounded_log	Bounded LeastSquaresOptim LM log-space	fit_rank_12	fit_rank_12	0.21665111242636026	0.7806847714250194	5.988081070625809	0.278964921186605	0.278964921186605	0.16877349182374082	0.16877349182374082	5.988079311483394	5.988079311483394	0.23112720314384194	0.23112720314384194	false	false	false	true	true	ok		0.570530609
seir_3_1em4	residual_fastlm_bounded_log	Bounded FastLevenbergMarquardt log-space	residual_lso_lm_bounded_log	Bounded LeastSquaresOptim LM log-space	fit_rank_13	fit_rank_13	0.2512864304876172	1.0632896455527134	5.988083394115984	0.278964921186605	0.278964921186605	0.1897198534122478	0.1897198534122478	5.988079899537971	5.988079899537971	0.18615573671410493	0.18615573671410493	false	false	false	true	true	ok		0.567585799
seir_3_1em4	residual_fastlm_bounded_log	Bounded FastLevenbergMarquardt log-space	residual_lso_lm_bounded_log	Bounded LeastSquaresOptim LM log-space	fit_rank_14	fit_rank_14	0.3881449519521013	1.3711626155878036	5.988083486558877	0.278964921186605	0.278964921186605	0.27783314514329116	0.27783314514329116	5.988079939454185	5.988079939454185	0.5618408384564453	0.5618408384564453	false	false	false	true	true	ok		0.564549622
seir_3_1em4	residual_fastlm_bounded_log	Bounded FastLevenbergMarquardt log-space	residual_lso_lm_bounded_log	Bounded LeastSquaresOptim LM log-space	fit_rank_15	fit_rank_15	0.4005435117280108	1.4123277285308657	5.988084083592395	0.278964921186605	0.278964921186605	0.2851151892853742	0.2851151892853742	5.988080080537931	5.988080080537931	0.5664166287628881	0.5664166287628881	false	false	false	true	true	ok		0.561569663
seir_3_1em4	residual_fastlm_bounded_log	Bounded FastLevenbergMarquardt log-space	residual_lso_lm_bounded_log	Bounded LeastSquaresOptim LM log-space	fit_rank_16	fit_rank_16	0.47850186694001684	1.654834125468736	5.988089447935233	0.278964921186605	0.278964921186605	0.33109992108792724	0.33109992108792724	5.9880812393080065	5.9880812393080065	0.5928206365030502	0.5928206365030502	false	false	false	true	true	ok		0.559367847
seir_3_1em4	residual_fastlm_bounded_log	Bounded FastLevenbergMarquardt log-space	residual_lso_lm_bounded_log	Bounded LeastSquaresOptim LM log-space	fit_rank_17	fit_rank_17,fit_rank_18	0.48761340537345826	1.681183142443786	5.9880903980921465	0.278964921186605	0.278964921186605	0.33609309913622354	0.33609309913622354	5.988081396374697	5.988081396374697	0.5954438864428556	0.5954438864428556	false	false	false	true	true	ok		0.561722201
seir_3_1em4	residual_fastlm_bounded_log	Bounded FastLevenbergMarquardt log-space	residual_lso_lm_bounded_log	Bounded LeastSquaresOptim LM log-space	fit_rank_19	fit_rank_19	0.5018264837129393	1.7260238795529155	5.98809164594195	0.278964921186605	0.278964921186605	0.34350720137457924	0.34350720137457924	5.988081642174746	5.988081642174746	0.5992561636951462	0.5992561636951462	false	false	false	true	true	ok		0.561191284
seir_3_1em4	residual_fastlm_bounded_log	Bounded FastLevenbergMarquardt log-space	residual_lso_lm_bounded_log	Bounded LeastSquaresOptim LM log-space	fit_rank_20	fit_rank_20	0.3310817584349461	1.728957178877233	5.988091723832715	0.278964921186605	0.278964921186605	0.225511154998399	0.225511154998399	5.988081581173466	5.988081581173466	0.10723123813517053	0.10723123813517053	false	false	false	true	true	ok		0.523837187
daisy_mamil4_1_1em4	scalar_log	Scalar log-space	residual_lso_lm_bounded_log	Bounded LeastSquaresOptim LM log-space	fit_rank_1	fit_rank_1	0.4573293689767788	1.8350856258622998	1.1082892710096626e-5	0.006261953676021721	0.299205533025795	0.4546913372417956	0.4546913372417956	1.10626313236102e-5	1.10626313236102e-5	0.818609916298597	0.8644828761196727	false	false	false	true	true	ok		0.863198594
daisy_mamil4_1_1em4	scalar_log	Scalar log-space	residual_lso_lm_bounded_log	Bounded LeastSquaresOptim LM log-space	fit_rank_2	fit_rank_2,fit_rank_3,fit_rank_4	0.504561108228933	12.4001575276555	1.1082935838818987e-5	0.006261953676021721	0.299205533025795	0.5027737117897865	0.5027737117897865	1.1066235640081538e-5	1.1066235640081538e-5	0.8629037720170273	0.9410757968836543	false	false	false	true	true	ok		0.849743962
daisy_mamil4_1_1em4	scalar_log	Scalar log-space	residual_lso_lm_bounded_log	Bounded LeastSquaresOptim LM log-space	fit_rank_5	fit_rank_5	0.5059191479428832	12.453974281779109	1.1089254008220754e-5	0.006261953676021721	0.299205533025795	0.5027452178026134	0.5027452178026134	1.1065980190688257e-5	1.1065980190688257e-5	0.8628952047701758	0.9410355488790314	false	false	false	true	true	ok		0.899865739
daisy_mamil4_1_1em4	scalar_log	Scalar log-space	residual_lso_lm_bounded_log	Bounded LeastSquaresOptim LM log-space	fit_rank_6	fit_rank_6	0.5258672683217449	2.2353664701678047	1.7518792796331517e-5	0.006261953676021721	0.299205533025795	0.4551755322703571	0.4551755322703571	1.1066196267327367e-5	1.1066196267327367e-5	0.8190920126578146	0.8646012295928079	false	false	false	true	true	ok		0.850936608
daisy_mamil4_1_1em4	scalar_log	Scalar log-space	residual_lso_lm_bounded_log	Bounded LeastSquaresOptim LM log-space	fit_rank_7	fit_rank_7	0.5259237348423889	2.238400601689489	1.9079234151984675e-5	0.006261953676021721	0.299205533025795	0.45522392482951685	0.45522392482951685	1.1066552789395562e-5	1.1066552789395562e-5	0.8191401508399332	0.8646130466923883	false	false	false	true	true	ok		0.846505063
daisy_mamil4_1_1em4	scalar_log	Scalar log-space	residual_lso_lm_bounded_log	Bounded LeastSquaresOptim LM log-space	fit_rank_8	fit_rank_8	0.4105367762870181	3.5108880095691357	2.6963213493049363e-5	0.006261953676021721	0.299205533025795	0.4105367762870181	0.4578143537506594	2.6963213493049363e-5	9.977074906706607e-6	0.8213365174206699	0.4682405303838801	false	false	false	false	true	ok		0.871363809
daisy_mamil4_1_1em4	scalar_log	Scalar log-space	residual_lso_lm_bounded_log	Bounded LeastSquaresOptim LM log-space	fit_rank_9	fit_rank_9	0.5807774186065497	15.309281612526865	2.7564164158507733e-5	0.006261953676021721	0.299205533025795	0.5028700619220421	0.5028700619220421	1.1067099573588406e-5	1.1067099573588406e-5	0.8629327334808382	0.9412118568941417	false	false	false	true	true	ok		0.849862876
daisy_mamil4_1_1em4	scalar_log	Scalar log-space	residual_lso_lm_bounded_log	Bounded LeastSquaresOptim LM log-space	fit_rank_10	fit_rank_10	0.1827911400661779	0.9999910604387847	2.7937236811886256e-5	0.006261953676021721	0.299205533025795	0.1827911400661779	0.22378807726231406	2.7937236811886256e-5	9.977076346611937e-6	0.534714338731964	0.9436953704092195	false	false	false	false	true	ok		0.880198324
daisy_mamil4_1_1em4	scalar_log	Scalar log-space	residual_lso_lm_bounded_log	Bounded LeastSquaresOptim LM log-space	fit_rank_11	fit_rank_11	0.43286878452405375	9.38659630455872	3.2557546887091514e-5	0.006261953676021721	0.299205533025795	0.43286878452405375	0.5003508767374968	3.2557546887091514e-5	1.1044604405142288e-5	0.8272322735670968	0.9436818730427597	false	false	false	false	true	ok		0.865540429
daisy_mamil4_1_1em4	scalar_log	Scalar log-space	residual_lso_lm_bounded_log	Bounded LeastSquaresOptim LM log-space	fit_rank_12	fit_rank_12	0.27691824336568993	0.9999748286158651	0.00011850029405293998	0.006261953676021721	0.299205533025795	0.27691824336568993	0.4152639343018554	0.00011850029405293998	1.079273688275612e-5	0.8213255998553637	0.7570861732995685	false	false	false	false	true	ok		0.855584254
daisy_mamil4_1_1em4	scalar_log	Scalar log-space	residual_lso_lm_bounded_log	Bounded LeastSquaresOptim LM log-space	fit_rank_13	fit_rank_13	0.26257891387503185	0.999977023010772	0.00016179637552252973	0.006261953676021721	0.299205533025795	0.26257891387503185	0.39163420827575113	0.00016179637552252973	1.0651336384999581e-5	0.8213274387582957	0.6990052005211916	false	false	false	false	true	ok		0.877141508
daisy_mamil4_1_1em4	scalar_log	Scalar log-space	residual_lso_lm_bounded_log	Bounded LeastSquaresOptim LM log-space	fit_rank_14	fit_rank_14	0.34300711171859555	4.219371311664627	0.00019827348346391138	0.006261953676021721	0.299205533025795	0.34300711171859555	0.45183331353249284	0.00019827348346391138	1.0659835383718944e-5	0.6698882920776915	0.943683907924453	false	false	false	false	true	ok		0.846357724
daisy_mamil4_1_1em4	scalar_log	Scalar log-space	residual_lso_lm_bounded_log	Bounded LeastSquaresOptim LM log-space	fit_rank_15	fit_rank_15	0.34693749297443893	4.206630648497955	0.0005841902105903061	0.006261953676021721	0.299205533025795	0.33143498432627755	0.33143498432627755	0.0005259934818401292	0.0005259934818401292	0.5983445561195752	0.9436898486249149	false	false	false	true	true	ok		0.858614327
daisy_mamil4_1_1em4	scalar_log	Scalar log-space	residual_lso_lm_bounded_log	Bounded LeastSquaresOptim LM log-space	fit_rank_16	fit_rank_16	0.2986357186514155	0.9999998766160397	0.0006033508051099197	0.006261953676021721	0.299205533025795	0.2986357186514155	0.32003853915466307	0.0006033508051099197	0.0005274845817376065	0.6738993564165227	0.6786909190466428	false	false	false	false	true	ok		0.835331693
daisy_mamil4_1_1em4	scalar_log	Scalar log-space	residual_lso_lm_bounded_log	Bounded LeastSquaresOptim LM log-space	fit_rank_17	fit_rank_17	0.3700984545853354	3.9984917009106375	0.0006039806511306441	0.006261953676021721	0.299205533025795	0.3020856338030406	0.3020856338030406	1.001338874147632e-5	1.001338874147632e-5	0.6212541973380007	0.28988214956320507	false	false	false	true	true	ok		0.857934424
daisy_mamil4_1_1em4	scalar_log	Scalar log-space	residual_lso_lm_bounded_log	Bounded LeastSquaresOptim LM log-space	fit_rank_18	fit_rank_18	0.34054342000576576	0.9999920860502083	0.0006898167799398278	0.006261953676021721	0.299205533025795	0.31917999233851435	0.31917999233851435	0.0005255974978099264	0.0005255974978099264	0.8213366934752688	0.48872408019316804	false	false	false	true	true	ok		0.824958119
daisy_mamil4_1_1em4	scalar_log	Scalar log-space	residual_lso_lm_bounded_log	Bounded LeastSquaresOptim LM log-space	fit_rank_19	fit_rank_19	0.36887334513626785	4.141757469439279	0.0006906165661637803	0.006261953676021721	0.299205533025795	0.3275132557291707	0.3275132557291707	0.0005242732881102358	0.0005242732881102358	0.5959398666077296	0.9436900547392963	false	false	false	true	true	ok		0.84369686
daisy_mamil4_1_1em4	scalar_log	Scalar log-space	residual_lso_lm_bounded_log	Bounded LeastSquaresOptim LM log-space	fit_rank_20	fit_rank_20	0.34020427619247223	0.9999973938756966	0.0007074141444440127	0.006261953676021721	0.299205533025795	0.31835479948698464	0.31835479948698464	0.000522236105126952	0.000522236105126952	0.8209677693518577	0.46787178231506776	false	false	false	true	true	ok		0.762303828
daisy_mamil4_1_1em4	scalar_log	Scalar log-space	residual_lso_lm_bounded_log	Bounded LeastSquaresOptim LM log-space	fit_rank_21	fit_rank_21	0.36323642865520167	3.6143784934399705	0.0007779998862642588	0.006261953676021721	0.299205533025795	0.31788428194812146	0.31788428194812146	0.0005170183472195796	0.0005170183472195796	0.5949876263114616	0.9429135957862496	false	false	false	true	true	ok		0.781908962
daisy_mamil4_1_1em4	scalar_log	Scalar log-space	residual_lso_lm_bounded_log	Bounded LeastSquaresOptim LM log-space	fit_rank_22	fit_rank_22	2.750270265251278	13.58551344861718	0.0010675121257528284	0.006261953676021721	0.299205533025795	0.45593423185256354	0.45593423185256354	1.1071789886830332e-5	1.1071789886830332e-5	0.8198457848068001	0.8647862550664328	false	false	false	true	true	ok		0.851986463
daisy_mamil4_1_1em4	scalar_log	Scalar log-space	residual_lso_lm_bounded_log	Bounded LeastSquaresOptim LM log-space	fit_rank_23	fit_rank_23	2.3526534037135693	72.9346051572033	0.0011564006932461444	0.006261953676021721	0.299205533025795	0.5039824271419229	0.5039824271419229	1.1077120771300993e-5	1.1077120771300993e-5	0.8632661292626432	0.9427799065181959	false	false	false	true	true	ok		0.827220035
daisy_mamil4_1_1em4	scalar_log	Scalar log-space	residual_lso_lm_bounded_log	Bounded LeastSquaresOptim LM log-space	fit_rank_24	fit_rank_24	0.347155676923861	0.9999272909016018	0.0013446935962816626	0.006261953676021721	0.299205533025795	0.319691733723518	0.319691733723518	1.0315349902657667e-5	1.0315349902657667e-5	0.6475335096812951	0.821605795141483	false	false	false	true	true	ok		0.853255885
daisy_mamil4_1_1em4	scalar_log	Scalar log-space	residual_lso_lm_bounded_log	Bounded LeastSquaresOptim LM log-space	fit_rank_25	fit_rank_25	1.8438455831511165	56.627128200129015	0.0013550878815524812	0.006261953676021721	0.299205533025795	0.5040300794260811	0.5040300794260811	1.107755059723492e-5	1.107755059723492e-5	0.8632803185342591	0.9428478492873347	false	false	false	true	true	ok		0.759533773
daisy_mamil4_1_1em4	scalar_log	Scalar log-space	residual_lso_lm_bounded_log	Bounded LeastSquaresOptim LM log-space	fit_rank_26	fit_rank_26	0.34789060419733125	0.9997769094425314	0.0013562137669850727	0.006261953676021721	0.299205533025795	0.3169871795388	0.3169871795388	1.0305441829391082e-5	1.0305441829391082e-5	0.6432682992298782	0.8205184290256807	false	false	false	true	true	ok		0.861815202
daisy_mamil4_1_1em4	scalar_log	Scalar log-space	residual_lso_lm_bounded_log	Bounded LeastSquaresOptim LM log-space	fit_rank_27	fit_rank_27	0.3965531285078171	3.7526406943585715	0.0013565513755766372	0.006261953676021721	0.299205533025795	0.3956315396715227	0.3956315396715227	1.0328061725468686e-5	1.0328061725468686e-5	0.8207863192201483	0.655189306731154	false	false	false	true	true	ok		0.842727692
daisy_mamil4_1_1em4	scalar_log	Scalar log-space	residual_lso_lm_bounded_log	Bounded LeastSquaresOptim LM log-space	fit_rank_28	fit_rank_28	0.3480062872500338	0.9999718313264236	0.0013654527725323502	0.006261953676021721	0.299205533025795	0.3448084871708865	0.3448084871708865	1.0416633453127937e-5	1.0416633453127937e-5	0.6854794922002831	0.8312475895576544	false	false	false	true	true	ok		0.809935821
daisy_mamil4_1_1em4	scalar_log	Scalar log-space	residual_lso_lm_bounded_log	Bounded LeastSquaresOptim LM log-space	fit_rank_29	fit_rank_29	0.39724906595952336	3.779908858458703	0.0013663456968402985	0.006261953676021721	0.299205533025795	0.39724906595952336	0.40792377508032757	0.0013663456968402985	1.0390588821554815e-5	0.8213228728948131	0.9434275058809546	false	false	false	false	true	ok		0.837209142
daisy_mamil4_1_1em4	scalar_log	Scalar log-space	residual_lso_lm_bounded_log	Bounded LeastSquaresOptim LM log-space	fit_rank_30	fit_rank_30	0.3976554728287606	3.8067148176766072	0.00136696654848467	0.006261953676021721	0.299205533025795	0.3976554728287606	0.409972012561048	0.00136696654848467	1.0401542058366906e-5	0.8212870997713235	0.9431077999584404	false	false	false	false	true	ok		0.841845289
daisy_mamil4_1_1em4	scalar_log	Scalar log-space	residual_lso_lm_bounded_log	Bounded LeastSquaresOptim LM log-space	fit_rank_31	fit_rank_31	0.34742047543030735	0.9998405940719114	0.0013697960160855402	0.006261953676021721	0.299205533025795	0.33550867304040993	0.33550867304040993	1.0377163346903663e-5	1.0377163346903663e-5	0.6717790904429177	0.8277734268444679	false	false	false	true	true	ok		0.853735273
daisy_mamil4_1_1em4	scalar_log	Scalar log-space	residual_lso_lm_bounded_log	Bounded LeastSquaresOptim LM log-space	fit_rank_32	fit_rank_32	0.3469435774055693	0.9999346336040961	0.0013714418870977955	0.006261953676021721	0.299205533025795	0.3469435774055693	0.3480034676205016	0.0013714418870977955	1.0430736418968573e-5	0.8210055476610875	0.9436658027478426	false	false	false	false	true	ok		0.844108237
daisy_mamil4_1_1em4	scalar_log	Scalar log-space	residual_lso_lm_bounded_log	Bounded LeastSquaresOptim LM log-space	fit_rank_33	fit_rank_33	0.3985842887652238	3.8589447318093066	0.0013736461300502534	0.006261953676021721	0.299205533025795	0.3985842887652238	0.4086437517170368	0.0013736461300502534	1.039442192283805e-5	0.8211743700921016	0.9434865625442482	false	false	false	false	true	ok		0.859520555
daisy_mamil4_1_1em4	scalar_log	Scalar log-space	residual_lso_lm_bounded_log	Bounded LeastSquaresOptim LM log-space	fit_rank_34	fit_rank_34	2.087563710541689	10.279432589155602	0.0014424077979241891	0.006261953676021721	0.299205533025795	0.45650340227609976	0.45650340227609976	1.1075998606668351e-5	1.1075998606668351e-5	0.8204102131531446	0.8649247142272278	false	false	false	true	true	ok		0.775578917
daisy_mamil4_1_1em4	scalar_log	Scalar log-space	residual_lso_lm_bounded_log	Bounded LeastSquaresOptim LM log-space	fit_rank_35	fit_rank_35	1.6239095484438082	49.24660977145109	0.0022949952647654775	0.006261953676021721	0.299205533025795	0.5040345793971921	0.5040345793971921	1.1077629706887438e-5	1.1077629706887438e-5	0.8632816544125685	0.94285428244553	false	false	false	true	true	ok		0.806538383
daisy_mamil4_1_1em4	scalar_log	Scalar log-space	residual_lso_lm_bounded_log	Bounded LeastSquaresOptim LM log-space	fit_rank_36	fit_rank_36	0.7846878417913079	21.078312003041074	0.0023513488614270743	0.006261953676021721	0.299205533025795	0.5040362316134392	0.5040362316134392	1.1077649796818733e-5	1.1077649796818733e-5	0.86328214588349	0.9428566394266101	false	false	false	true	true	ok		0.84063572
daisy_mamil4_1_1em4	scalar_log	Scalar log-space	residual_lso_lm_bounded_log	Bounded LeastSquaresOptim LM log-space	fit_rank_37	fit_rank_37,fit_rank_38,fit_rank_39,fit_rank_40,fit_rank_43,fit_rank_45,fit_rank_46,fit_rank_49,fit_rank_53,fit_rank_54,fit_rank_55,fit_rank_60,fit_rank_61,fit_rank_62,fit_rank_65,fit_rank_67,fit_rank_68,fit_rank_69,fit_rank_73,fit_rank_75	0.4065136937572993	4.217317431323955	0.0024299282461176085	0.006261953676021721	0.299205533025795	0.4053023026641439	0.4053023026641439	0.0024271615337547207	0.0024271615337547207	0.8213366934752688	0.9436900547392963	false	false	false	true	true	ok		0.849674891
daisy_mamil4_1_1em4	scalar_log	Scalar log-space	residual_lso_lm_bounded_log	Bounded LeastSquaresOptim LM log-space	fit_rank_41	fit_rank_41,fit_rank_42,fit_rank_44,fit_rank_47,fit_rank_48,fit_rank_50,fit_rank_51,fit_rank_52,fit_rank_56,fit_rank_57,fit_rank_58,fit_rank_59,fit_rank_63,fit_rank_64,fit_rank_66,fit_rank_70,fit_rank_71,fit_rank_72,fit_rank_74	0.36400081325327577	0.999999999983849	0.002429980830262261	0.006261953676021721	0.299205533025795	0.3637675573324807	0.3637675573324807	0.002428059237995075	0.002428059237995075	0.8213366934752688	0.9436900547392963	false	false	false	true	true	ok		0.852206135
daisy_mamil4_1_1em4	scalar_log	Scalar log-space	residual_lso_lm_bounded_log	Bounded LeastSquaresOptim LM log-space	fit_rank_76	fit_rank_76	0.3638594243899184	0.9999999890591403	0.0024339304807162268	0.006261953676021721	0.299205533025795	0.3638594243899184	0.3639984760789892	0.0024339304807162268	0.0024301426063182965	0.8213460538489714	0.9426272005299676	false	false	false	false	true	ok		0.629494733
daisy_mamil4_1_1em4	scalar_log	Scalar log-space	residual_lso_lm_bounded_log	Bounded LeastSquaresOptim LM log-space	fit_rank_77	fit_rank_77	0.4061077791533711	4.218419555455874	0.0024384452054480397	0.006261953676021721	0.299205533025795	0.40597971670882316	0.40597971670882316	0.002428797336034475	0.002428797336034475	0.8213366934752688	0.9436900547392963	false	false	false	true	true	ok		0.842213754
daisy_mamil4_1_1em4	scalar_log	Scalar log-space	residual_lso_lm_bounded_log	Bounded LeastSquaresOptim LM log-space	fit_rank_78	fit_rank_78	0.3063586638484455	0.9999970185920656	0.007185878381303458	0.006261953676021721	0.299205533025795	0.3063586638484455	0.31518405515461595	0.007185878381303458	0.0005336699847280941	0.6738974472565079	0.9436968731672505	false	false	false	false	true	ok		0.754217034
daisy_mamil4_1_1em4	scalar_log	Scalar log-space	residual_lso_lm_bounded_log	Bounded LeastSquaresOptim LM log-space	fit_rank_79	fit_rank_79	0.32122898667248767	4.175833821654412	0.012443292529292514	0.006261953676021721	0.299205533025795	0.32122898667248767	0.694794453400094	0.012443292529292514	0.0002215419101539508	0.5346878505130498	0.9436688821903053	false	false	false	false	true	ok		0.843609212
daisy_mamil4_1_1em4	scalar_log	Scalar log-space	residual_lso_lm_bounded_log	Bounded LeastSquaresOptim LM log-space	fit_rank_80	fit_rank_80	19.19064129879128	82.39222575618165	0.0139671799684529	0.006261953676021721	0.299205533025795	0.8715499865311969	0.8715499865311969	0.00019944475407348184	0.00019944475407348184	0.8136358538799211	0.5512057158750409	false	false	false	true	true	ok		0.886202744
daisy_mamil4_1_1em4	scalar_log	Scalar log-space	residual_lso_lm_bounded_log	Bounded LeastSquaresOptim LM log-space	fit_rank_81	fit_rank_81	0.3798554564476609	0.9999776079077407	0.015014581835920674	0.006261953676021721	0.299205533025795	0.36111644072501176	0.36111644072501176	0.0023635088717474865	0.0023635088717474865	0.8213366934752688	0.9436900547392963	false	false	false	true	true	ok		0.634586978
daisy_mamil4_1_1em4	scalar_log	Scalar log-space	residual_lso_lm_bounded_log	Bounded LeastSquaresOptim LM log-space	fit_rank_82	fit_rank_82	116.51735046732227	1000.7764846845937	0.04140801119326608	0.006261953676021721	0.299205533025795	0.2884243038697313	0.2884243038697313	0.0004942141982788901	0.0004942141982788901	0.5772644896819275	0.9436900547392963	false	false	false	true	true	ok		0.84640399
daisy_mamil4_1_1em4	scalar_log	Scalar log-space	residual_lso_lm_bounded_log	Bounded LeastSquaresOptim LM log-space	fit_rank_83	fit_rank_83	227.09198446347344	1949.724650102522	0.04490857250928452	0.006261953676021721	0.299205533025795	0.31508906299609324	0.31508906299609324	0.0004958299033126928	0.0004958299033126928	0.8213366934752688	0.46824070643847887	false	false	false	true	true	ok		0.779521688
daisy_mamil4_1_1em4	scalar_log	Scalar log-space	residual_lso_lm_bounded_log	Bounded LeastSquaresOptim LM log-space	fit_rank_84	fit_rank_84	279.05365807464693	2395.5062938966416	0.047722548559078294	0.006261953676021721	0.299205533025795	0.2869505687974219	0.2869505687974219	9.968456230855371e-6	9.968456230855371e-6	0.5531657552458296	0.07935848311670941	false	false	false	true	true	ok		0.867196783
daisy_mamil4_1_1em4	scalar_log	Scalar log-space	residual_lso_lm_bounded_log	Bounded LeastSquaresOptim LM log-space	fit_rank_85	fit_rank_85	267.5605167349393	2296.699447167406	0.04998942247175769	0.006261953676021721	0.299205533025795	0.2904125939575257	0.2904125939575257	9.989530840667922e-6	9.989530840667922e-6	0.5823939320411164	0.21469714996884573	false	false	false	true	true	ok		0.789186609
daisy_mamil4_1_1em4	scalar_log	Scalar log-space	residual_fastlm_bounded_log	Bounded FastLevenbergMarquardt log-space	fit_rank_1	fit_rank_1	0.4573293689767788	1.8350856258622998	1.1082892710096626e-5	0.0676660041347933	0.0676660041347933	0.4560863298547449	0.4560863298547449	1.1072927434046637e-5	1.1072927434046637e-5	0.6810506181030189	0.6810506181030189	false	false	false	true	true	ok		0.699966069
daisy_mamil4_1_1em4	scalar_log	Scalar log-space	residual_fastlm_bounded_log	Bounded FastLevenbergMarquardt log-space	fit_rank_2	fit_rank_2,fit_rank_3,fit_rank_4	0.504561108228933	12.4001575276555	1.1082935838818987e-5	0.0676660041347933	0.0676660041347933	0.5035563728982677	0.5035563728982677	1.1073295522485213e-5	1.1073295522485213e-5	0.882922146650677	0.882922146650677	false	false	false	true	true	ok		0.740733476
daisy_mamil4_1_1em4	scalar_log	Scalar log-space	residual_fastlm_bounded_log	Bounded FastLevenbergMarquardt log-space	fit_rank_5	fit_rank_5	0.5059191479428832	12.453974281779109	1.1089254008220754e-5	0.0676660041347933	0.0676660041347933	0.503082485760318	0.503082485760318	1.1069204543012028e-5	1.1069204543012028e-5	0.8827992706569158	0.8827992706569158	false	false	false	true	true	ok		0.792146743
daisy_mamil4_1_1em4	scalar_log	Scalar log-space	residual_fastlm_bounded_log	Bounded FastLevenbergMarquardt log-space	fit_rank_6	fit_rank_6	0.5258672683217449	2.2353664701678047	1.7518792796331517e-5	0.0676660041347933	0.0676660041347933	0.5190025964760635	0.5190025964760635	1.5548937319068726e-5	1.5548937319068726e-5	0.6823908506295447	0.6823908506295447	false	false	false	true	true	ok		0.529406177
daisy_mamil4_1_1em4	scalar_log	Scalar log-space	residual_fastlm_bounded_log	Bounded FastLevenbergMarquardt log-space	fit_rank_7	fit_rank_7	0.5259237348423889	2.238400601689489	1.9079234151984675e-5	0.0676660041347933	0.0676660041347933	0.5195722125748136	0.5195722125748136	1.624878380290998e-5	1.624878380290998e-5	0.6823908506295447	0.6823908506295447	false	false	false	true	true	ok		0.590507498
daisy_mamil4_1_1em4	scalar_log	Scalar log-space	residual_fastlm_bounded_log	Bounded FastLevenbergMarquardt log-space	fit_rank_8	fit_rank_8	0.4105367762870181	3.5108880095691357	2.6963213493049363e-5	0.0676660041347933	0.0676660041347933	0.41053413675787703	0.41053413675787703	2.5484713528776417e-5	2.5484713528776417e-5	0.6823908506295447	0.6823908506295447	false	false	false	true	true	ok		0.49244139
daisy_mamil4_1_1em4	scalar_log	Scalar log-space	residual_fastlm_bounded_log	Bounded FastLevenbergMarquardt log-space	fit_rank_9	fit_rank_9	0.5807774186065497	15.309281612526865	2.7564164158507733e-5	0.0676660041347933	0.0676660041347933	0.5720576353159434	0.5720576353159434	2.2550825444952285e-5	2.2550825444952285e-5	0.9011982304875219	0.9011982304875219	false	false	false	true	true	ok		0.551718313
daisy_mamil4_1_1em4	scalar_log	Scalar log-space	residual_fastlm_bounded_log	Bounded FastLevenbergMarquardt log-space	fit_rank_10	fit_rank_10	0.1827911400661779	0.9999910604387847	2.7937236811886256e-5	0.0676660041347933	0.0676660041347933	0.1827911400661779	0.18279292633090655	2.7937236811886256e-5	2.7553154867369876e-5	0.6577936456667072	0.6577936456667072	false	false	false	false	true	ok		0.570064659
daisy_mamil4_1_1em4	scalar_log	Scalar log-space	residual_fastlm_bounded_log	Bounded FastLevenbergMarquardt log-space	fit_rank_11	fit_rank_11	0.43286878452405375	9.38659630455872	3.2557546887091514e-5	0.0676660041347933	0.0676660041347933	0.43286878452405375	0.49175273426414734	3.2557546887091514e-5	1.0969370951479586e-5	0.8517931758832564	0.8517931758832564	false	false	false	false	true	ok		0.593894095
daisy_mamil4_1_1em4	scalar_log	Scalar log-space	residual_fastlm_bounded_log	Bounded FastLevenbergMarquardt log-space	fit_rank_12	fit_rank_12	0.27691824336568993	0.9999748286158651	0.00011850029405293998	0.0676660041347933	0.0676660041347933	0.27691824336568993	0.42093017128308235	0.00011850029405293998	1.082781971020737e-5	0.6823797570096396	0.6823797570096396	false	false	false	false	true	ok		0.626915491
daisy_mamil4_1_1em4	scalar_log	Scalar log-space	residual_fastlm_bounded_log	Bounded FastLevenbergMarquardt log-space	fit_rank_13	fit_rank_13	0.26257891387503185	0.999977023010772	0.00016179637552252973	0.0676660041347933	0.0676660041347933	0.26257891387503185	0.4028709908500318	0.00016179637552252973	1.071486819271282e-5	0.6823815959125716	0.6823815959125716	false	false	false	false	true	ok		0.651347321
daisy_mamil4_1_1em4	scalar_log	Scalar log-space	residual_fastlm_bounded_log	Bounded FastLevenbergMarquardt log-space	fit_rank_14	fit_rank_14	0.34300711171859555	4.219371311664627	0.00019827348346391138	0.0676660041347933	0.0676660041347933	0.34300711171859555	0.44990506562331156	0.00019827348346391138	1.0645526732435838e-5	0.7527064191066197	0.7527064191066197	false	false	false	false	true	ok		0.653932637
daisy_mamil4_1_1em4	scalar_log	Scalar log-space	residual_fastlm_bounded_log	Bounded FastLevenbergMarquardt log-space	fit_rank_15	fit_rank_15	0.34693749297443893	4.206630648497955	0.0005841902105903061	0.0676660041347933	0.0676660041347933	0.3269500201413865	0.3269500201413865	0.0005301500594426209	0.0005301500594426209	0.6793559933206803	0.6793559933206803	false	false	false	true	true	ok		0.715122511
daisy_mamil4_1_1em4	scalar_log	Scalar log-space	residual_fastlm_bounded_log	Bounded FastLevenbergMarquardt log-space	fit_rank_16	fit_rank_16	0.2986357186514155	0.9999998766160397	0.0006033508051099197	0.0676660041347933	0.0676660041347933	0.2986357186514155	0.3091471889017422	0.0006033508051099197	0.0005346756309531536	0.7567174834454509	0.7567174834454509	false	false	false	false	true	ok		0.718758853
daisy_mamil4_1_1em4	scalar_log	Scalar log-space	residual_fastlm_bounded_log	Bounded FastLevenbergMarquardt log-space	fit_rank_17	fit_rank_17	0.3700984545853354	3.9984917009106375	0.0006039806511306441	0.0676660041347933	0.0676660041347933	0.36919360751873764	0.36919360751873764	0.0005794873712541539	0.0005794873712541539	0.7114976716560243	0.7114976716560243	false	false	false	true	true	ok		0.578423699
daisy_mamil4_1_1em4	scalar_log	Scalar log-space	residual_fastlm_bounded_log	Bounded FastLevenbergMarquardt log-space	fit_rank_18	fit_rank_18	0.34054342000576576	0.9999920860502083	0.0006898167799398278	0.0676660041347933	0.0676660041347933	0.3150779966769726	0.3150779966769726	0.0005360072013228269	0.0005360072013228269	0.7244755106167772	0.7244755106167772	false	false	false	true	true	ok		0.519440191
daisy_mamil4_1_1em4	scalar_log	Scalar log-space	residual_fastlm_bounded_log	Bounded FastLevenbergMarquardt log-space	fit_rank_19	fit_rank_19	0.36887334513626785	4.141757469439279	0.0006906165661637803	0.0676660041347933	0.0676660041347933	0.3314198207296154	0.3314198207296154	0.000529624821284651	0.000529624821284651	0.6825821752901431	0.6825821752901431	false	false	false	true	true	ok		0.631234907
daisy_mamil4_1_1em4	scalar_log	Scalar log-space	residual_fastlm_bounded_log	Bounded FastLevenbergMarquardt log-space	fit_rank_20	fit_rank_20	0.34020427619247223	0.9999973938756966	0.0007074141444440127	0.0676660041347933	0.0676660041347933	0.31211005220241517	0.31211005220241517	0.0005314131421528103	0.0005314131421528103	0.7231361981959528	0.7231361981959528	false	false	false	true	true	ok		0.529629979
daisy_mamil4_1_1em4	scalar_log	Scalar log-space	residual_fastlm_bounded_log	Bounded FastLevenbergMarquardt log-space	fit_rank_21	fit_rank_21	0.36323642865520167	3.6143784934399705	0.0007779998862642588	0.0676660041347933	0.0676660041347933	0.36318246081815647	0.36318246081815647	0.0007721333380746518	0.0007721333380746518	0.7191716411340896	0.7191716411340896	false	false	false	true	true	ok		0.507857257
daisy_mamil4_1_1em4	scalar_log	Scalar log-space	residual_fastlm_bounded_log	Bounded FastLevenbergMarquardt log-space	fit_rank_22	fit_rank_22	2.750270265251278	13.58551344861718	0.0010675121257528284	0.0676660041347933	0.0676660041347933	1.0818947013885682	1.0818947013885682	0.0002423806446314013	0.0002423806446314013	0.6896551410779341	0.6896551410779341	false	false	false	true	true	ok		0.579891534
daisy_mamil4_1_1em4	scalar_log	Scalar log-space	residual_fastlm_bounded_log	Bounded FastLevenbergMarquardt log-space	fit_rank_23	fit_rank_23	2.3526534037135693	72.9346051572033	0.0011564006932461444	0.0676660041347933	0.0676660041347933	1.0844818184602576	1.0844818184602576	0.000314895982506529	0.000314895982506529	0.9515557723847063	0.9515557723847063	false	false	false	true	true	ok		0.542644256
daisy_mamil4_1_1em4	scalar_log	Scalar log-space	residual_fastlm_bounded_log	Bounded FastLevenbergMarquardt log-space	fit_rank_24	fit_rank_24	0.347155676923861	0.9999272909016018	0.0013446935962816626	0.0676660041347933	0.0676660041347933	0.34348486216662805	0.34348486216662805	1.2153412826521647e-5	1.2153412826521647e-5	0.5817744490503001	0.5817744490503001	false	false	false	true	true	ok		0.609335022
daisy_mamil4_1_1em4	scalar_log	Scalar log-space	residual_fastlm_bounded_log	Bounded FastLevenbergMarquardt log-space	fit_rank_25	fit_rank_25	1.8438455831511165	56.627128200129015	0.0013550878815524812	0.0676660041347933	0.0676660041347933	0.8854612289774263	0.8854612289774263	0.00023796591797423393	0.00023796591797423393	0.9400695688718473	0.9400695688718473	false	false	false	true	true	ok		0.514446363
daisy_mamil4_1_1em4	scalar_log	Scalar log-space	residual_fastlm_bounded_log	Bounded FastLevenbergMarquardt log-space	fit_rank_26	fit_rank_26	0.34789060419733125	0.9997769094425314	0.0013562137669850727	0.0676660041347933	0.0676660041347933	0.34789060419733125	0.3637422679801723	0.0013562137669850727	1.050163422746776e-5	0.6806513880636758	0.6806513880636758	false	false	false	false	true	ok		0.626869161
daisy_mamil4_1_1em4	scalar_log	Scalar log-space	residual_fastlm_bounded_log	Bounded FastLevenbergMarquardt log-space	fit_rank_27	fit_rank_27	0.3965531285078171	3.7526406943585715	0.0013565513755766372	0.0676660041347933	0.0676660041347933	0.3388249784680067	0.3388249784680067	0.00024752226754748674	0.00024752226754748674	0.7423810464564884	0.7423810464564884	false	false	false	true	true	ok		0.509913805
daisy_mamil4_1_1em4	scalar_log	Scalar log-space	residual_fastlm_bounded_log	Bounded FastLevenbergMarquardt log-space	fit_rank_28	fit_rank_28	0.3480062872500338	0.9999718313264236	0.0013654527725323502	0.0676660041347933	0.0676660041347933	0.24629055708698833	0.24629055708698833	8.656761606218941e-5	8.656761606218941e-5	0.6080072544731755	0.6080072544731755	false	false	false	true	true	ok		0.55773651
daisy_mamil4_1_1em4	scalar_log	Scalar log-space	residual_fastlm_bounded_log	Bounded FastLevenbergMarquardt log-space	fit_rank_29	fit_rank_29	0.39724906595952336	3.779908858458703	0.0013663456968402985	0.0676660041347933	0.0676660041347933	0.345841195841663	0.345841195841663	0.00010453107855656232	0.00010453107855656232	0.7408287821741333	0.7408287821741333	false	false	false	true	true	ok		0.575634041
daisy_mamil4_1_1em4	scalar_log	Scalar log-space	residual_fastlm_bounded_log	Bounded FastLevenbergMarquardt log-space	fit_rank_30	fit_rank_30	0.3976554728287606	3.8067148176766072	0.00136696654848467	0.0676660041347933	0.0676660041347933	0.3976554728287606	0.41701377935901207	0.00136696654848467	1.5707672873835274e-5	0.7545271041740714	0.7545271041740714	false	false	false	false	true	ok		0.621921288
daisy_mamil4_1_1em4	scalar_log	Scalar log-space	residual_fastlm_bounded_log	Bounded FastLevenbergMarquardt log-space	fit_rank_31	fit_rank_31	0.34742047543030735	0.9998405940719114	0.0013697960160855402	0.0676660041347933	0.0676660041347933	0.34742047543030735	0.3614742328676949	0.0013697960160855402	2.4970525528969476e-5	0.6822531565896045	0.6822531565896045	false	false	false	false	true	ok		0.526926493
daisy_mamil4_1_1em4	scalar_log	Scalar log-space	residual_fastlm_bounded_log	Bounded FastLevenbergMarquardt log-space	fit_rank_32	fit_rank_32	0.3469435774055693	0.9999346336040961	0.0013714418870977955	0.0676660041347933	0.0676660041347933	0.3469435774055693	0.3684422967136652	0.0013714418870977955	1.8721248958150467e-5	0.6820597048153634	0.6820597048153634	false	false	false	false	true	ok		0.615941091
daisy_mamil4_1_1em4	scalar_log	Scalar log-space	residual_fastlm_bounded_log	Bounded FastLevenbergMarquardt log-space	fit_rank_33	fit_rank_33	0.3985842887652238	3.8589447318093066	0.0013736461300502534	0.0676660041347933	0.0676660041347933	0.3985842887652238	0.43988460768369947	0.0013736461300502534	1.0577458301647923e-5	0.754135829806007	0.754135829806007	false	false	false	false	true	ok		0.633746187
daisy_mamil4_1_1em4	scalar_log	Scalar log-space	residual_fastlm_bounded_log	Bounded FastLevenbergMarquardt log-space	fit_rank_34	fit_rank_34	2.087563710541689	10.279432589155602	0.0014424077979241891	0.0676660041347933	0.0676660041347933	1.0256301207497425	1.0256301207497425	0.00029042795561312943	0.00029042795561312943	0.6823908506295447	0.6823908506295447	false	false	false	true	true	ok		0.573756325
daisy_mamil4_1_1em4	scalar_log	Scalar log-space	residual_fastlm_bounded_log	Bounded FastLevenbergMarquardt log-space	fit_rank_35	fit_rank_35	1.6239095484438082	49.24660977145109	0.0022949952647654775	0.0676660041347933	0.0676660041347933	0.881144091843187	0.881144091843187	0.0003069664917477952	0.0003069664917477952	0.9396822911059819	0.9396822911059819	false	false	false	true	true	ok		0.518776928
daisy_mamil4_1_1em4	scalar_log	Scalar log-space	residual_fastlm_bounded_log	Bounded FastLevenbergMarquardt log-space	fit_rank_36	fit_rank_36	0.7846878417913079	21.078312003041074	0.0023513488614270743	0.0676660041347933	0.0676660041347933	0.7846878417913079	0.8586274045445063	0.0023513488614270743	0.00026234372105499973	0.9274292594147143	0.9274292594147143	false	false	false	false	true	ok		0.555830316
daisy_mamil4_1_1em4	scalar_log	Scalar log-space	residual_fastlm_bounded_log	Bounded FastLevenbergMarquardt log-space	fit_rank_37	fit_rank_37,fit_rank_38,fit_rank_39,fit_rank_40,fit_rank_43,fit_rank_45,fit_rank_46,fit_rank_49,fit_rank_53,fit_rank_54,fit_rank_55,fit_rank_60,fit_rank_61,fit_rank_62,fit_rank_65,fit_rank_67,fit_rank_68,fit_rank_69,fit_rank_73,fit_rank_75	0.4065136937572993	4.217317431323955	0.0024299282461176085	0.0676660041347933	0.0676660041347933	0.40651019134304794	0.4065136937572993	0.002430056156994888	0.0024299282461176085	0.7492679879586213	0.7492679879586213	false	false	false	true	false	ok		0.53429636
daisy_mamil4_1_1em4	scalar_log	Scalar log-space	residual_fastlm_bounded_log	Bounded FastLevenbergMarquardt log-space	fit_rank_41	fit_rank_41,fit_rank_42,fit_rank_44,fit_rank_47,fit_rank_48,fit_rank_50,fit_rank_51,fit_rank_52,fit_rank_56,fit_rank_57,fit_rank_58,fit_rank_59,fit_rank_63,fit_rank_64,fit_rank_66,fit_rank_70,fit_rank_71,fit_rank_72,fit_rank_74	0.36400081325327577	0.999999999983849	0.002429980830262261	0.0676660041347933	0.0676660041347933	0.363995738870521	0.36400081325327577	0.002430122023655196	0.002429980830262261	0.7567075658659363	0.7567075658659363	false	false	false	true	false	ok		0.472227805
daisy_mamil4_1_1em4	scalar_log	Scalar log-space	residual_fastlm_bounded_log	Bounded FastLevenbergMarquardt log-space	fit_rank_76	fit_rank_76	0.3638594243899184	0.9999999890591403	0.0024339304807162268	0.0676660041347933	0.0676660041347933	0.36385856536247385	0.3638594243899184	0.00243396134995226	0.0024339304807162268	0.7567075658659363	0.7567075658659363	false	false	false	true	false	ok		0.590387276
daisy_mamil4_1_1em4	scalar_log	Scalar log-space	residual_fastlm_bounded_log	Bounded FastLevenbergMarquardt log-space	fit_rank_77	fit_rank_77	0.4061077791533711	4.218419555455874	0.0024384452054480397	0.0676660041347933	0.0676660041347933	0.4061077791533711	0.4061077791533711	0.0024384452054480397	0.0024384452054480397	0.7489514565906078	0.7489514565906078	false	false	false	false	false	ok		0.628868206
daisy_mamil4_1_1em4	scalar_log	Scalar log-space	residual_fastlm_bounded_log	Bounded FastLevenbergMarquardt log-space	fit_rank_78	fit_rank_78	0.3063586638484455	0.9999970185920656	0.007185878381303458	0.0676660041347933	0.0676660041347933	0.3062709283341718	0.3062709283341718	0.006963964205341302	0.006963964205341302	0.7567075658659363	0.7567075658659363	false	false	false	true	true	ok		0.574313776
daisy_mamil4_1_1em4	scalar_log	Scalar log-space	residual_fastlm_bounded_log	Bounded FastLevenbergMarquardt log-space	fit_rank_79	fit_rank_79	0.32122898667248767	4.175833821654412	0.012443292529292514	0.0676660041347933	0.0676660041347933	0.32122898667248767	0.3716503122894757	0.012443292529292514	0.0005652063276227559	0.657767157447793	0.657767157447793	false	false	false	false	true	ok		0.515980763
daisy_mamil4_1_1em4	scalar_log	Scalar log-space	residual_fastlm_bounded_log	Bounded FastLevenbergMarquardt log-space	fit_rank_80	fit_rank_80	19.19064129879128	82.39222575618165	0.0139671799684529	0.0676660041347933	0.0676660041347933	0.8189805264784241	0.8189805264784241	0.0002399056820053097	0.0002399056820053097	0.6566441079554547	0.6566441079554547	false	false	false	true	true	ok		0.766179158
daisy_mamil4_1_1em4	scalar_log	Scalar log-space	residual_fastlm_bounded_log	Bounded FastLevenbergMarquardt log-space	fit_rank_81	fit_rank_81	0.3798554564476609	0.9999776079077407	0.015014581835920674	0.0676660041347933	0.0676660041347933	0.3614590329280453	0.3614590329280453	0.0023337694267236576	0.0023337694267236576	0.7567075658659363	0.7567075658659363	false	false	false	true	true	ok		0.581986541
daisy_mamil4_1_1em4	scalar_log	Scalar log-space	residual_fastlm_bounded_log	Bounded FastLevenbergMarquardt log-space	fit_rank_82	fit_rank_82	116.51735046732227	1000.7764846845937	0.04140801119326608	0.0676660041347933	0.0676660041347933	0.35984781620836714	0.35984781620836714	0.0009554160057659009	0.0009554160057659009	0.7545583839413682	0.7545583839413682	false	false	false	true	true	ok		0.711114735
daisy_mamil4_1_1em4	scalar_log	Scalar log-space	residual_fastlm_bounded_log	Bounded FastLevenbergMarquardt log-space	fit_rank_83	fit_rank_83	227.09198446347344	1949.724650102522	0.04490857250928452	0.0676660041347933	0.0676660041347933	0.34156608042165926	0.34156608042165926	0.0009521547152825182	0.0009521547152825182	0.7060504302639773	0.7060504302639773	false	false	false	true	true	ok		0.628690854
daisy_mamil4_1_1em4	scalar_log	Scalar log-space	residual_fastlm_bounded_log	Bounded FastLevenbergMarquardt log-space	fit_rank_84	fit_rank_84	279.05365807464693	2395.5062938966416	0.047722548559078294	0.0676660041347933	0.0676660041347933	0.2931034589092428	0.2931034589092428	0.00041223286271855524	0.00041223286271855524	0.7005176715558024	0.7005176715558024	false	false	false	true	true	ok		0.583089799
daisy_mamil4_1_1em4	scalar_log	Scalar log-space	residual_fastlm_bounded_log	Bounded FastLevenbergMarquardt log-space	fit_rank_85	fit_rank_85	267.5605167349393	2296.699447167406	0.04998942247175769	0.0676660041347933	0.0676660041347933	0.2844962087009653	0.2844962087009653	9.974388799519043e-6	9.974388799519043e-6	0.6487482016225956	0.6487482016225956	false	false	false	true	true	ok		0.610097715
daisy_mamil4_1_1em4	residual_lso_lm_bounded_log	Bounded LeastSquaresOptim LM log-space	scalar_log	Scalar log-space	fit_rank_1	fit_rank_1	0.299205533025795	3.8142204903197556	9.966535010458478e-6	0.1827911400661779	0.4573293689767788	0.299205533025795	0.299205533025795	9.966535010458474e-6	9.966535010458474e-6	0.9436953704092195	0.8651221797612276	false	false	false	false	true	ok		0.054115909
daisy_mamil4_1_1em4	residual_lso_lm_bounded_log	Bounded LeastSquaresOptim LM log-space	scalar_log	Scalar log-space	fit_rank_2	fit_rank_2	0.006261953676021721	0.020456150881757167	9.966555231156932e-6	0.1827911400661779	0.4573293689767788	0.006261953676021721	0.01172006339130954	9.966555231156932e-6	9.966535010459896e-6	0.534714338731964	0.8213409732074195	false	false	false	false	true	ok		1.854177272
daisy_mamil4_1_1em4	residual_lso_lm_bounded_log	Bounded LeastSquaresOptim LM log-space	scalar_log	Scalar log-space	fit_rank_3	fit_rank_3	0.3346443110551206	7.026492016917676	1.0093544806582875e-5	0.1827911400661779	0.4573293689767788	0.3035965146344514	0.3035965146344514	1.0016276180486863e-5	1.0016276180486863e-5	0.6096421200331684	0.9216207662986851	false	false	false	true	true	ok		4.80176374
daisy_mamil4_1_1em4	residual_lso_lm_bounded_log	Bounded LeastSquaresOptim LM log-space	scalar_log	Scalar log-space	fit_rank_4	fit_rank_4	0.2701130382711866	0.8470499697771179	1.0162945084317882e-5	0.1827911400661779	0.4573293689767788	0.21128732274940326	0.21128732274940326	1.0051481951368506e-5	1.0051481951368506e-5	0.861564621315216	0.37035066812731054	false	false	false	true	true	ok		3.999810743
daisy_mamil4_1_1em4	residual_lso_lm_bounded_log	Bounded LeastSquaresOptim LM log-space	scalar_log	Scalar log-space	fit_rank_5	fit_rank_5	0.3892179754245786	8.775936616732361	1.0297578212456627e-5	0.1827911400661779	0.4573293689767788	0.34613520392556973	0.34613520392556973	1.0127203869507721e-5	1.0127203869507721e-5	0.7584509898619548	0.9469212767728109	false	false	false	true	true	ok		3.872633094
daisy_mamil4_1_1em4	residual_lso_lm_bounded_log	Bounded LeastSquaresOptim LM log-space	scalar_log	Scalar log-space	fit_rank_6	fit_rank_6	0.34368144964507286	1.218866519932775	1.041172685397441e-5	0.1827911400661779	0.4573293689767788	0.28565741824315327	0.28565741824315327	1.0202096390621886e-5	1.0202096390621886e-5	0.8970198843263586	0.23010045575371108	false	false	false	true	true	ok		3.914792163
daisy_mamil4_1_1em4	residual_lso_lm_bounded_log	Bounded LeastSquaresOptim LM log-space	scalar_log	Scalar log-space	fit_rank_7	fit_rank_7	0.361671451575537	1.3146572096736104	1.0494208244108267e-5	0.1827911400661779	0.4573293689767788	0.3059746014348585	0.3059746014348585	1.0264324103156079e-5	1.0264324103156079e-5	0.8972356526746789	0.19591115143364873	false	false	false	true	true	ok		4.7504877
daisy_mamil4_1_1em4	residual_lso_lm_bounded_log	Bounded LeastSquaresOptim LM log-space	scalar_log	Scalar log-space	fit_rank_8	fit_rank_8	0.36720053488739846	1.3443346741957545	1.0521346808684643e-5	0.1827911400661779	0.4573293689767788	0.3123775252954953	0.3123775252954953	1.0286253149288708e-5	1.0286253149288708e-5	0.8964990840130962	0.1855377370736707	false	false	false	true	true	ok		3.881910775
daisy_mamil4_1_1em4	residual_lso_lm_bounded_log	Bounded LeastSquaresOptim LM log-space	scalar_log	Scalar log-space	fit_rank_9	fit_rank_9	0.3868079431129451	1.4502598584830375	1.062407641260604e-5	0.1827911400661779	0.4573293689767788	0.33324965900126685	0.33324965900126685	1.0364851164204485e-5	1.0364851164204485e-5	0.891504381487666	0.15297904421956296	false	false	false	true	true	ok		4.022366048
daisy_mamil4_1_1em4	residual_lso_lm_bounded_log	Bounded LeastSquaresOptim LM log-space	scalar_log	Scalar log-space	fit_rank_10	fit_rank_10	0.4516190751539884	10.734302787465223	1.0664269090816957e-5	0.1827911400661779	0.4573293689767788	0.41026161423150503	0.41026161423150503	1.040335135281138e-5	1.040335135281138e-5	0.8008133732058726	0.9920230306952555	false	false	false	true	true	ok		3.897961923
daisy_mamil4_1_1em4	residual_lso_lm_bounded_log	Bounded LeastSquaresOptim LM log-space	scalar_log	Scalar log-space	fit_rank_11	fit_rank_11	0.45372855863557143	10.802817572622795	1.0673120112497755e-5	0.1827911400661779	0.4573293689767788	0.41612225425927624	0.41612225425927624	1.0432103998476158e-5	1.0432103998476158e-5	0.8039257070513267	0.9921606786097099	false	false	false	true	true	ok		4.721162265
daisy_mamil4_1_1em4	residual_lso_lm_bounded_log	Bounded LeastSquaresOptim LM log-space	scalar_log	Scalar log-space	fit_rank_12	fit_rank_12	0.4550622731252868	10.841357485378204	1.0687308234857762e-5	0.1827911400661779	0.4573293689767788	0.4141431401191675	0.4141431401191675	1.0425198062578758e-5	1.0425198062578758e-5	0.8028858696945286	0.9921147408996929	false	false	false	true	true	ok		4.055912747
daisy_mamil4_1_1em4	residual_lso_lm_bounded_log	Bounded LeastSquaresOptim LM log-space	scalar_log	Scalar log-space	fit_rank_13	fit_rank_13	0.4855981559575727	11.80482067935603	1.0917713385239842e-5	0.1827911400661779	0.4573293689767788	0.465703539452246	0.465703539452246	1.0757864012900619e-5	1.0757864012900619e-5	0.8268260862815162	0.993159632320859	false	false	false	true	true	ok		3.834767436
daisy_mamil4_1_1em4	residual_lso_lm_bounded_log	Bounded LeastSquaresOptim LM log-space	scalar_log	Scalar log-space	fit_rank_14	fit_rank_14	0.49112060862287776	11.978428111216578	1.0964206139524221e-5	0.1827911400661779	0.4573293689767788	0.4755549804526994	0.4755549804526994	1.0834411347808236e-5	1.0834411347808236e-5	0.8307555385448347	0.9933286287541886	false	false	false	true	true	ok		3.842451712
daisy_mamil4_1_1em4	residual_lso_lm_bounded_log	Bounded LeastSquaresOptim LM log-space	scalar_log	Scalar log-space	fit_rank_15	fit_rank_15	0.44755873897042825	1.7817701882743326	1.1010740913389118e-5	0.1827911400661779	0.4573293689767788	0.4341999123879551	0.4341999123879551	1.0916065650705365e-5	1.0916065650705365e-5	0.9568051471390978	0.023830037871947613	false	false	false	true	true	ok		4.743069798
daisy_mamil4_1_1em4	residual_lso_lm_bounded_log	Bounded LeastSquaresOptim LM log-space	scalar_log	Scalar log-space	fit_rank_16	fit_rank_16	0.501933064421116	12.318233014375496	1.1058708810796227e-5	0.1827911400661779	0.4573293689767788	0.49680660568773705	0.49680660568773705	1.1013190065361488e-5	1.1013190065361488e-5	0.8386508409783889	0.9936660889632045	false	false	false	true	true	ok		3.828700185
daisy_mamil4_1_1em4	residual_lso_lm_bounded_log	Bounded LeastSquaresOptim LM log-space	scalar_log	Scalar log-space	fit_rank_17	fit_rank_17	0.4559310199335419	1.827515247981583	1.1071766151446126e-5	0.1827911400661779	0.4573293689767788	0.4515908197044988	0.4515908197044988	1.104041972683932e-5	1.104041972683932e-5	0.9894199479808516	0.005736844310765507	false	false	false	true	true	ok		3.863533733
daisy_mamil4_1_1em4	residual_lso_lm_bounded_log	Bounded LeastSquaresOptim LM log-space	scalar_log	Scalar log-space	fit_rank_18	fit_rank_18,fit_rank_19	0.4572767939842465	1.8348004987853828	1.1082506768249943e-5	0.1827911400661779	0.4573293689767788	0.45637527848294956	0.45637527848294956	1.107572333306207e-5	1.107572333306207e-5	0.998241584241711	0.0009444865180603783	false	true	true	true	true	ok		3.838291112
daisy_mamil4_1_1em4	residual_lso_lm_bounded_log	Bounded LeastSquaresOptim LM log-space	scalar_log	Scalar log-space	fit_rank_20	fit_rank_20	0.3520777308307065	3.3375078251936845	1.65954937139102e-5	0.1827911400661779	0.4573293689767788	0.3520777308307065	0.36844983136854087	1.65954937139102e-5	9.971483283126054e-6	0.9999915721782114	0.8511844659152327	false	false	false	false	true	ok		5.032541136
daisy_mamil4_1_1em4	residual_lso_lm_bounded_log	Bounded LeastSquaresOptim LM log-space	scalar_log	Scalar log-space	fit_rank_21	fit_rank_21	0.10223720924855481	0.5816641516562354	2.081797020645312e-5	0.1827911400661779	0.4573293689767788	0.10223720924855481	0.11651146416915129	2.081797020645312e-5	9.971748298424333e-6	0.21920330020205578	0.9157863402751203	false	false	false	false	true	ok		4.181254473
daisy_mamil4_1_1em4	residual_lso_lm_bounded_log	Bounded LeastSquaresOptim LM log-space	scalar_log	Scalar log-space	fit_rank_22	fit_rank_22	0.33856984396883905	1.1510825793231283	4.4938394304605625e-5	0.1827911400661779	0.4573293689767788	0.3222863827550527	0.3222863827550527	1.0322335649739172e-5	1.0322335649739172e-5	0.8945963680817592	0.1697731584299227	false	false	false	true	true	ok		4.493241782
daisy_mamil4_1_1em4	residual_lso_lm_bounded_log	Bounded LeastSquaresOptim LM log-space	scalar_log	Scalar log-space	fit_rank_23	fit_rank_23	0.34384765984277615	1.1905349881074523	4.673335338340343e-5	0.1827911400661779	0.4573293689767788	0.22407071758553682	0.22407071758553682	9.977087812241822e-6	9.977087812241822e-6	0.10652004018774985	0.999991444892286	false	false	false	true	true	ok		3.083431393
daisy_mamil4_1_1em4	residual_lso_lm_bounded_log	Bounded LeastSquaresOptim LM log-space	scalar_log	Scalar log-space	fit_rank_24	fit_rank_24	0.48329662616076535	3.094755325466105	5.179279207430692e-5	0.1827911400661779	0.4573293689767788	0.36551310556609845	0.36551310556609845	9.971261831930569e-6	9.971261831930569e-6	0.9999925481194508	0.8324267322756134	false	false	false	true	true	ok		4.757263546
daisy_mamil4_1_1em4	residual_lso_lm_bounded_log	Bounded LeastSquaresOptim LM log-space	scalar_log	Scalar log-space	fit_rank_25	fit_rank_25	0.5630495882055843	3.040981716158487	5.592441249457051e-5	0.1827911400661779	0.4573293689767788	0.4135342461725596	0.4135342461725596	9.974617455294264e-6	9.974617455294264e-6	0.9999934106478697	0.8185023638382346	false	false	false	true	true	ok		4.6369232
daisy_mamil4_1_1em4	residual_lso_lm_bounded_log	Bounded LeastSquaresOptim LM log-space	scalar_log	Scalar log-space	fit_rank_26	fit_rank_26	0.6887219967544473	3.9122535352015295	9.939646602337086e-5	0.1827911400661779	0.4573293689767788	0.46735085680561483	0.46735085680561483	1.035628281549426e-5	1.035628281549426e-5	0.9999941798083614	0.8030723142346111	false	false	false	true	true	ok		3.96687714
daisy_mamil4_1_1em4	residual_lso_lm_bounded_log	Bounded LeastSquaresOptim LM log-space	scalar_log	Scalar log-space	fit_rank_27	fit_rank_27	0.4709989835772526	1.7282416419862578	0.0001136517543584119	0.1827911400661779	0.4573293689767788	0.25652132833007096	0.25652132833007096	1.4652595086729464e-5	1.4652595086729464e-5	0.15997606494244343	0.9999923273961729	false	false	false	true	true	ok		4.253292247
daisy_mamil4_1_1em4	residual_lso_lm_bounded_log	Bounded LeastSquaresOptim LM log-space	scalar_log	Scalar log-space	fit_rank_28	fit_rank_28	0.7681154895160202	4.492410439426346	0.00013892001262036607	0.1827911400661779	0.4573293689767788	0.5740229963136365	0.5740229963136365	4.27700668336784e-5	4.27700668336784e-5	0.9999955560690731	0.7510720004419557	false	false	false	true	true	ok		3.850320674
daisy_mamil4_1_1em4	residual_lso_lm_bounded_log	Bounded LeastSquaresOptim LM log-space	scalar_log	Scalar log-space	fit_rank_29	fit_rank_29	0.5403237791326188	2.006103309772579	0.00014614435073774263	0.1827911400661779	0.4573293689767788	0.38256266498743563	0.38256266498743563	6.505390530652796e-5	6.505390530652796e-5	0.29330577465033003	0.9999942106357337	false	false	false	true	true	ok		4.648142283
daisy_mamil4_1_1em4	residual_lso_lm_bounded_log	Bounded LeastSquaresOptim LM log-space	scalar_log	Scalar log-space	fit_rank_30	fit_rank_30	0.8445182637865772	5.030792165609082	0.00017628818026213907	0.1827911400661779	0.4573293689767788	0.7147849419365601	0.7147849419365601	0.0001115025734366982	0.0001115025734366982	0.9999964993914515	0.6952652363290739	false	false	false	true	true	ok		3.935662101
daisy_mamil4_1_1em4	residual_lso_lm_bounded_log	Bounded LeastSquaresOptim LM log-space	scalar_log	Scalar log-space	fit_rank_31	fit_rank_31	0.6009674180665346	2.376386638539759	0.00017696640854502466	0.1827911400661779	0.4573293689767788	0.47744405540605006	0.47744405540605006	0.00011458913297093179	0.00011458913297093179	0.36247399849432405	0.9999950424122479	false	false	false	true	true	ok		3.828878531
daisy_mamil4_1_1em4	residual_lso_lm_bounded_log	Bounded LeastSquaresOptim LM log-space	scalar_log	Scalar log-space	fit_rank_32	fit_rank_32	0.9225694904024297	5.561922792557188	0.00021274797708257305	0.1827911400661779	0.4573293689767788	0.8671792272872374	0.8671792272872374	0.00018707659177932243	0.00018707659177932243	0.9999971104181316	0.6429480831482802	false	false	false	true	true	ok		3.620757367
daisy_mamil4_1_1em4	residual_lso_lm_bounded_log	Bounded LeastSquaresOptim LM log-space	scalar_log	Scalar log-space	fit_rank_33	fit_rank_33	0.9676856532906257	5.858606024432264	0.00023300171636781293	0.1827911400661779	0.4573293689767788	0.9488270410408675	0.9488270410408675	0.00022489284434112745	0.00022489284434112745	0.9999974250998827	0.6316353759356748	false	false	false	true	true	ok		4.717937935
daisy_mamil4_1_1em4	residual_lso_lm_bounded_log	Bounded LeastSquaresOptim LM log-space	scalar_log	Scalar log-space	fit_rank_34	fit_rank_34	0.7253369085357628	4.060679096201151	0.00023517962622953147	0.1827911400661779	0.4573293689767788	0.7116960436737979	0.7116960436737979	0.00022919128637846853	0.00022919128637846853	0.4961016335592261	0.9999962535018792	false	false	false	true	true	ok		3.803799185
daisy_mamil4_1_1em4	residual_lso_lm_bounded_log	Bounded LeastSquaresOptim LM log-space	scalar_log	Scalar log-space	fit_rank_35	fit_rank_35	0.3146597851811867	2.3309646339154972	0.0004131366137237972	0.1827911400661779	0.4573293689767788	0.3146597851811867	0.40459129420935547	0.0004131366137237972	9.974042107104963e-6	0.8998511789470961	0.9241360621310485	false	false	false	false	true	ok		4.25523742
daisy_mamil4_1_1em4	residual_lso_lm_bounded_log	Bounded LeastSquaresOptim LM log-space	scalar_log	Scalar log-space	fit_rank_36	fit_rank_36	0.3242297850073437	2.0046525111223037	0.00043938025255690455	0.1827911400661779	0.4573293689767788	0.3242297850073437	0.47350011424507615	0.00043938025255690455	1.0999050878693857e-5	0.9999814782754757	0.9289571343982123	false	false	false	false	true	ok		4.08983092
daisy_mamil4_1_1em4	residual_lso_lm_bounded_log	Bounded LeastSquaresOptim LM log-space	scalar_log	Scalar log-space	fit_rank_37	fit_rank_37	0.2586227367336007	1.4582607084734631	0.00045438080747496644	0.1827911400661779	0.4573293689767788	0.2586227367336007	0.3069373565855132	0.00045438080747496644	3.073180350487163e-5	0.3705592064754367	0.875449945770773	false	false	false	false	true	ok		4.274094852
daisy_mamil4_1_1em4	residual_lso_lm_bounded_log	Bounded LeastSquaresOptim LM log-space	scalar_log	Scalar log-space	fit_rank_38	fit_rank_38	0.31479242304251126	0.9999880668257757	0.0004977859599926777	0.1827911400661779	0.4573293689767788	0.31479242304251126	0.31746060598430503	0.0004977859599926777	0.00047397569247212057	0.9999814782754757	0.9476731373142463	false	false	false	false	true	ok		3.34313735
daisy_mamil4_1_1em4	residual_lso_lm_bounded_log	Bounded LeastSquaresOptim LM log-space	scalar_log	Scalar log-space	fit_rank_39	fit_rank_39	0.315182800270602	0.9999880668257757	0.0005123694967615155	0.1827911400661779	0.4573293689767788	0.3145389624861733	0.3145389624861733	0.000501285328330369	0.000501285328330369	0.9999902653934236	0.9485069835169737	false	false	false	true	true	ok		3.239279299
daisy_mamil4_1_1em4	residual_lso_lm_bounded_log	Bounded LeastSquaresOptim LM log-space	scalar_log	Scalar log-space	fit_rank_40	fit_rank_40	0.31533686426813484	0.9999880668257757	0.000513444272576839	0.1827911400661779	0.4573293689767788	0.3145151477538458	0.3145151477538458	0.0005024739473174455	0.0005024739473174455	0.9999944550593319	0.9488163144242179	false	false	false	true	true	ok		3.286490694
daisy_mamil4_1_1em4	residual_lso_lm_bounded_log	Bounded LeastSquaresOptim LM log-space	scalar_log	Scalar log-space	fit_rank_41	fit_rank_41	0.3113157263163227	3.4696966953712516	0.0005139620654743631	0.1827911400661779	0.4573293689767788	0.29777359326882646	0.29777359326882646	0.0005033206153490159	0.0005033206153490159	0.43333250146081725	0.9081358116599544	false	false	false	true	true	ok		4.07698936
daisy_mamil4_1_1em4	residual_lso_lm_bounded_log	Bounded LeastSquaresOptim LM log-space	scalar_log	Scalar log-space	fit_rank_42	fit_rank_42	0.3180572155671401	3.7188845169954514	0.0005185542786340797	0.1827911400661779	0.4573293689767788	0.3079023777003108	0.3079023777003108	0.0005115235676651738	0.0005115235676651738	0.44215031906965346	0.913089745038382	false	false	false	true	true	ok		3.286447647
daisy_mamil4_1_1em4	residual_lso_lm_bounded_log	Bounded LeastSquaresOptim LM log-space	scalar_log	Scalar log-space	fit_rank_43	fit_rank_43,fit_rank_44	0.3182216792557455	0.9999880668257757	0.000524218991191079	0.1827911400661779	0.4573293689767788	0.31699432044427595	0.31699432044427595	0.0005208132599583456	0.0005208132599583456	0.9999982610944863	0.9544879095845828	false	false	false	true	true	ok		3.217908585
daisy_mamil4_1_1em4	residual_lso_lm_bounded_log	Bounded LeastSquaresOptim LM log-space	scalar_log	Scalar log-space	fit_rank_45	fit_rank_45	0.31941918066671926	0.9905606341434501	0.000530129088913797	0.1827911400661779	0.4573293689767788	0.318567406578133	0.318567406578133	0.0005252176102648004	0.0005252176102648004	0.9996750422347175	0.9558404239766332	false	false	false	true	true	ok		3.96922642
daisy_mamil4_1_1em4	residual_lso_lm_bounded_log	Bounded LeastSquaresOptim LM log-space	scalar_log	Scalar log-space	fit_rank_46	fit_rank_46	0.31940690996270743	0.9935173685791902	0.000530259852805336	0.1827911400661779	0.4573293689767788	0.318986359158081	0.318986359158081	0.0005260890417789134	0.0005260890417789134	0.9999132750717449	0.956102087237012	false	false	false	true	true	ok		4.046841828
daisy_mamil4_1_1em4	residual_lso_lm_bounded_log	Bounded LeastSquaresOptim LM log-space	scalar_log	Scalar log-space	fit_rank_47	fit_rank_47	0.31901586855274305	0.9950939895392277	0.0005309432529222397	0.1827911400661779	0.4573293689767788	0.31901586855274305	0.31907157381515183	0.0005309432529222397	0.0005262638761913594	0.9789473245172605	0.963064556007154	false	false	false	false	true	ok		4.71400378
daisy_mamil4_1_1em4	residual_lso_lm_bounded_log	Bounded LeastSquaresOptim LM log-space	scalar_log	Scalar log-space	fit_rank_48	fit_rank_48	0.3188149780269719	0.9961622386142726	0.0005312687415949467	0.1827911400661779	0.4573293689767788	0.3188149780269719	0.31910220789723476	0.0005312687415949467	0.0005263272738420064	0.9761114942993844	0.9634075063351006	false	false	false	false	true	ok		3.998971623
daisy_mamil4_1_1em4	residual_lso_lm_bounded_log	Bounded LeastSquaresOptim LM log-space	scalar_log	Scalar log-space	fit_rank_49	fit_rank_49	0.33654847416831457	4.200234344806142	0.0005320905134950539	0.1827911400661779	0.4573293689767788	0.33059598622492065	0.33059598622492065	0.0005262179463729035	0.0005262179463729035	0.5354844761803844	0.9215641721681507	false	false	false	true	true	ok		4.145826526
daisy_mamil4_1_1em4	residual_lso_lm_bounded_log	Bounded LeastSquaresOptim LM log-space	scalar_log	Scalar log-space	fit_rank_50	fit_rank_50	0.33680579366487284	4.2015859448220825	0.0005329536206660501	0.1827911400661779	0.4573293689767788	0.3308922055301194	0.3308922055301194	0.0005263771790313238	0.0005263771790313238	0.5367151355906072	0.9216544166076811	false	false	false	true	true	ok		4.832957541
daisy_mamil4_1_1em4	residual_lso_lm_bounded_log	Bounded LeastSquaresOptim LM log-space	scalar_log	Scalar log-space	fit_rank_51	fit_rank_51	0.3181878937201711	0.9985321483014099	0.0005330315277444251	0.1827911400661779	0.4573293689767788	0.3181878937201711	0.3191985653559411	0.0005330315277444251	0.0005265241046209094	0.967813582497626	0.9643013946678224	false	false	false	false	true	ok		4.175175509
daisy_mamil4_1_1em4	residual_lso_lm_bounded_log	Bounded LeastSquaresOptim LM log-space	scalar_log	Scalar log-space	fit_rank_52	fit_rank_52	0.3177450256353026	0.998954423044668	0.0005330500343195006	0.1827911400661779	0.4573293689767788	0.3177450256353026	0.3192216733490871	0.0005330500343195006	0.0005265771136008761	0.9625692613786404	0.9647542502231066	false	false	false	false	true	ok		4.172920099
daisy_mamil4_1_1em4	residual_lso_lm_bounded_log	Bounded LeastSquaresOptim LM log-space	scalar_log	Scalar log-space	fit_rank_53	fit_rank_53	0.3139314330845453	0.9578066820360407	0.0005335492166480642	0.1827911400661779	0.4573293689767788	0.3139314330845453	0.31678949454246036	0.0005335492166480642	0.0005231022850593608	0.9365867375260415	0.9645370643671809	false	false	false	false	true	ok		3.935351805
daisy_mamil4_1_1em4	residual_lso_lm_bounded_log	Bounded LeastSquaresOptim LM log-space	scalar_log	Scalar log-space	fit_rank_54	fit_rank_54	0.3374408202034681	4.204189048773111	0.0005336460451124695	0.1827911400661779	0.4573293689767788	0.3311771589484356	0.3311771589484356	0.0005265286018416666	0.0005265286018416666	0.5378898875032264	0.9217408760954604	false	false	false	true	true	ok		4.996635833
daisy_mamil4_1_1em4	residual_lso_lm_bounded_log	Bounded LeastSquaresOptim LM log-space	scalar_log	Scalar log-space	fit_rank_55	fit_rank_55	0.3373066938720385	4.199302660679899	0.0005342012027303642	0.1827911400661779	0.4573293689767788	0.33068432000635	0.33068432000635	0.0005262791133078063	0.0005262791133078063	0.5358630092630017	0.9215929395246116	false	false	false	true	true	ok		4.114078387
daisy_mamil4_1_1em4	residual_lso_lm_bounded_log	Bounded LeastSquaresOptim LM log-space	scalar_log	Scalar log-space	fit_rank_56	fit_rank_56,fit_rank_57,fit_rank_58	0.3376177928732774	4.204737793525836	0.0005343175979995759	0.1827911400661779	0.4573293689767788	0.33128166823685984	0.33128166823685984	0.0005265859444380485	0.0005265859444380485	0.5383268291314601	0.9217741350584086	false	false	false	true	true	ok		4.179022803
daisy_mamil4_1_1em4	residual_lso_lm_bounded_log	Bounded LeastSquaresOptim LM log-space	scalar_log	Scalar log-space	fit_rank_59	fit_rank_59	0.3175362516914981	0.9996118560887077	0.0005345138967879881	0.1827911400661779	0.4573293689767788	0.3175362516914981	0.31926195878068203	0.0005345138967879881	0.0005266655390165002	0.9565386701810203	0.96595948211266	false	false	false	false	true	ok		4.17825858
daisy_mamil4_1_1em4	residual_lso_lm_bounded_log	Bounded LeastSquaresOptim LM log-space	scalar_log	Scalar log-space	fit_rank_60	fit_rank_60	0.33775231085469537	4.20339501637901	0.0005348575403403045	0.1827911400661779	0.4573293689767788	0.3311360943764482	0.3311360943764482	0.0005265190302891796	0.0005265190302891796	0.5377323917078076	0.9217311727061794	false	false	false	true	true	ok		5.047046933
daisy_mamil4_1_1em4	residual_lso_lm_bounded_log	Bounded LeastSquaresOptim LM log-space	scalar_log	Scalar log-space	fit_rank_61	fit_rank_61	0.3169128241207955	0.9956491566445709	0.0005350737445015895	0.1827911400661779	0.4573293689767788	0.3169128241207955	0.31910575544961767	0.0005350737445015895	0.0005264699077109788	0.9504084570439864	0.9662771875945404	false	false	false	false	true	ok		4.180379348
daisy_mamil4_1_1em4	residual_lso_lm_bounded_log	Bounded LeastSquaresOptim LM log-space	scalar_log	Scalar log-space	fit_rank_62	fit_rank_62	0.3377380145028903	4.205176597119453	0.0005351227048248075	0.1827911400661779	0.4573293689767788	0.3313122479715795	0.3313122479715795	0.0005266023365162038	0.0005266023365162038	0.5384533500935526	0.9217834924320423	false	false	false	true	true	ok		4.165975154
daisy_mamil4_1_1em4	residual_lso_lm_bounded_log	Bounded LeastSquaresOptim LM log-space	scalar_log	Scalar log-space	fit_rank_63	fit_rank_63,fit_rank_64,fit_rank_70	0.3380682655589462	4.205654735720835	0.0005352238704413871	0.1827911400661779	0.4573293689767788	0.3314036091036409	0.3314036091036409	0.000526653102144428	0.000526653102144428	0.5388327969911539	0.9218116351167429	false	false	false	true	true	ok		4.855796222
daisy_mamil4_1_1em4	residual_lso_lm_bounded_log	Bounded LeastSquaresOptim LM log-space	scalar_log	Scalar log-space	fit_rank_65	fit_rank_65,fit_rank_66	0.33792958237679954	4.205280094406425	0.0005353215314073794	0.1827911400661779	0.4573293689767788	0.3313565822074466	0.3313565822074466	0.0005266257442548298	0.0005266257442548298	0.5386359542551604	0.9217971451445461	false	false	false	true	true	ok		4.258884775
daisy_mamil4_1_1em4	residual_lso_lm_bounded_log	Bounded LeastSquaresOptim LM log-space	scalar_log	Scalar log-space	fit_rank_67	fit_rank_67	0.3165753190424595	0.9896291658832748	0.0005354702374889207	0.1827911400661779	0.4573293689767788	0.3165753190424595	0.31892172219497605	0.0005354702374889207	0.0005260672117301555	0.9484825073808145	0.9661178403280364	false	false	false	false	true	ok		4.294521038
daisy_mamil4_1_1em4	residual_lso_lm_bounded_log	Bounded LeastSquaresOptim LM log-space	scalar_log	Scalar log-space	fit_rank_68	fit_rank_68,fit_rank_72	0.3382626109243625	4.205921490779012	0.0005358999357748962	0.1827911400661779	0.4573293689767788	0.3314323805172964	0.3314323805172964	0.0005266670630541613	0.0005266670630541613	0.5389507835113867	0.921820212905634	false	false	false	true	true	ok		4.203272389
daisy_mamil4_1_1em4	residual_lso_lm_bounded_log	Bounded LeastSquaresOptim LM log-space	scalar_log	Scalar log-space	fit_rank_69	fit_rank_69	0.33846456460703617	4.204633000678297	0.0005360367932733538	0.1827911400661779	0.4573293689767788	0.3312389575881082	0.3312389575881082	0.0005265804925061906	0.0005265804925061906	0.5381615851716443	0.921762750751432	false	false	false	true	true	ok		4.848563709
daisy_mamil4_1_1em4	residual_lso_lm_bounded_log	Bounded LeastSquaresOptim LM log-space	scalar_log	Scalar log-space	fit_rank_71	fit_rank_71	0.3164690750368479	0.9874515164456242	0.0005366902839598813	0.1827911400661779	0.4573293689767788	0.3164690750368479	0.3188672147368577	0.0005366902839598813	0.0005261209606618323	0.9429975669767376	0.9673826374830873	false	false	false	false	true	ok		4.123333961
daisy_mamil4_1_1em4	residual_lso_lm_bounded_log	Bounded LeastSquaresOptim LM log-space	scalar_log	Scalar log-space	fit_rank_73	fit_rank_73	0.31662085618743574	0.9972146229141495	0.0005369771516148681	0.1827911400661779	0.4573293689767788	0.31662085618743574	0.31916909342474337	0.0005369771516148681	0.0005265363126877656	0.941892795187307	0.9678873798736751	false	false	false	false	true	ok		4.267489018
daisy_mamil4_1_1em4	residual_lso_lm_bounded_log	Bounded LeastSquaresOptim LM log-space	scalar_log	Scalar log-space	fit_rank_74	fit_rank_74	0.33883049375357754	4.205212879144347	0.0005371290705298948	0.1827911400661779	0.4573293689767788	0.3313463985717317	0.3313463985717317	0.0005266324544007425	0.0005266324544007425	0.5386027373550105	0.9217951129316618	false	false	false	true	true	ok		4.502408432
daisy_mamil4_1_1em4	residual_lso_lm_bounded_log	Bounded LeastSquaresOptim LM log-space	scalar_log	Scalar log-space	fit_rank_75	fit_rank_75	0.3391821684036748	4.206361901135054	0.0005375709545787186	0.1827911400661779	0.4573293689767788	0.33145472361152606	0.33145472361152606	0.0005266796641868397	0.0005266796641868397	0.5390424530045836	0.9218268565384203	false	false	false	true	true	ok		4.776792168
daisy_mamil4_1_1em4	residual_lso_lm_bounded_log	Bounded LeastSquaresOptim LM log-space	scalar_log	Scalar log-space	fit_rank_76	fit_rank_76	0.3165765602232349	0.9882787922782285	0.0005377383933883207	0.1827911400661779	0.4573293689767788	0.3165765602232349	0.31889293218710457	0.0005377383933883207	0.000526099159301589	0.9448483645298523	0.9671174837957595	false	false	false	false	true	ok		4.201840517
daisy_mamil4_1_1em4	residual_lso_lm_bounded_log	Bounded LeastSquaresOptim LM log-space	scalar_log	Scalar log-space	fit_rank_77	fit_rank_77	0.31687220829080404	0.9997827727323049	0.0005380030914670452	0.1827911400661779	0.4573293689767788	0.31687220829080404	0.31927245656908915	0.0005380030914670452	0.0005266963002240929	0.9437649890950905	0.9679090904441585	false	false	false	false	true	ok		4.208106509
daisy_mamil4_1_1em4	residual_lso_lm_bounded_log	Bounded LeastSquaresOptim LM log-space	scalar_log	Scalar log-space	fit_rank_78	fit_rank_78	0.31621772335704285	0.9937371240506354	0.0005380221367356856	0.1827911400661779	0.4573293689767788	0.31621772335704285	0.31905771531363986	0.0005380221367356856	0.0005264240046834161	0.937704232853587	0.9681489418690585	false	false	false	false	true	ok		5.037904413
daisy_mamil4_1_1em4	residual_lso_lm_bounded_log	Bounded LeastSquaresOptim LM log-space	scalar_log	Scalar log-space	fit_rank_79	fit_rank_79,fit_rank_83	0.3164332585452439	0.9993320287400664	0.0005383413264591025	0.1827911400661779	0.4573293689767788	0.3164332585452439	0.31925149453400314	0.0005383413264591025	0.0005266861894223521	0.9367398368198447	0.9687910205905248	false	false	false	false	true	ok		4.248258925
daisy_mamil4_1_1em4	residual_lso_lm_bounded_log	Bounded LeastSquaresOptim LM log-space	scalar_log	Scalar log-space	fit_rank_80	fit_rank_80	0.31641840967279194	0.9887247531202212	0.0005385300877951822	0.1827911400661779	0.4573293689767788	0.31641840967279194	0.3188898906651263	0.0005385300877951822	0.0005261856940804582	0.9410625795583903	0.9677651337471195	false	false	false	false	true	ok		4.129680292
daisy_mamil4_1_1em4	residual_lso_lm_bounded_log	Bounded LeastSquaresOptim LM log-space	scalar_log	Scalar log-space	fit_rank_81	fit_rank_81	0.3395742645266929	4.2061381940306095	0.0005389675219809908	0.1827911400661779	0.4573293689767788	0.33140530538811247	0.33140530538811247	0.0005266522125762029	0.0005266522125762029	0.5388384054391181	0.9218119270694765	false	false	false	true	true	ok		4.674793693
daisy_mamil4_1_1em4	residual_lso_lm_bounded_log	Bounded LeastSquaresOptim LM log-space	scalar_log	Scalar log-space	fit_rank_82	fit_rank_82	0.31636478782766175	0.9890062193214848	0.0005390152153882564	0.1827911400661779	0.4573293689767788	0.31636478782766175	0.318912616502139	0.0005390152153882564	0.0005262586474974408	0.9346217522847307	0.9693009637366731	false	false	false	false	true	ok		4.483485869
daisy_mamil4_1_1em4	residual_lso_lm_bounded_log	Bounded LeastSquaresOptim LM log-space	scalar_log	Scalar log-space	fit_rank_84	fit_rank_84	0.3164055626270836	0.9840931762032212	0.0005395877160444124	0.1827911400661779	0.4573293689767788	0.3164055626270836	0.31878636399052435	0.0005395877160444124	0.000526048956243679	0.938648718774248	0.9684160248121403	false	false	false	false	true	ok		4.098811145
daisy_mamil4_1_1em4	residual_lso_lm_bounded_log	Bounded LeastSquaresOptim LM log-space	scalar_log	Scalar log-space	fit_rank_85	fit_rank_85	0.31655404271831783	0.9936530845161005	0.0005395981362510435	0.1827911400661779	0.4573293689767788	0.31655404271831783	0.3190483850173187	0.0005395981362510435	0.0005264634049855588	0.9342768183075459	0.9697291829587147	false	false	false	false	true	ok		4.107270506
daisy_mamil4_1_1em4	residual_lso_lm_bounded_log	Bounded LeastSquaresOptim LM log-space	scalar_log	Scalar log-space	fit_rank_86	fit_rank_86	0.33989980100714445	4.206563370129523	0.0005397660475670628	0.1827911400661779	0.4573293689767788	0.3314635952983046	0.3314635952983046	0.0005266850523057931	0.0005266850523057931	0.5390805897844838	0.9218299778876233	false	false	false	true	true	ok		5.037452814
daisy_mamil4_1_1em4	residual_lso_lm_bounded_log	Bounded LeastSquaresOptim LM log-space	scalar_log	Scalar log-space	fit_rank_87	fit_rank_87	0.34067472330462834	4.20692361807772	0.0005398544641053331	0.1827911400661779	0.4573293689767788	0.3314790096213715	0.3314790096213715	0.0005266932322191373	0.0005266932322191373	0.5391445198979715	0.9218346432197608	false	false	false	true	true	ok		4.224186772
daisy_mamil4_1_1em4	residual_lso_lm_bounded_log	Bounded LeastSquaresOptim LM log-space	scalar_log	Scalar log-space	fit_rank_88	fit_rank_88	0.3162820490099522	0.9971607990629094	0.0005402570450775805	0.1827911400661779	0.4573293689767788	0.3162820490099522	0.3191629802128381	0.0005402570450775805	0.0005266101081318063	0.9300177890601148	0.9701896068150158	false	false	false	false	true	ok		4.16816548
daisy_mamil4_1_1em4	residual_lso_lm_bounded_log	Bounded LeastSquaresOptim LM log-space	scalar_log	Scalar log-space	fit_rank_89	fit_rank_89	0.34013616159357346	4.2058338861584765	0.0005402608872065083	0.1827911400661779	0.4573293689767788	0.33140223830918936	0.33140223830918936	0.0005266848695237691	0.0005266848695237691	0.5388446444096924	0.921817747920153	false	false	false	true	true	ok		4.306011582
daisy_mamil4_1_1em4	residual_lso_lm_bounded_log	Bounded LeastSquaresOptim LM log-space	scalar_log	Scalar log-space	fit_rank_90	fit_rank_90,fit_rank_93	0.3405714240419652	4.2069048611772635	0.000540506392732667	0.1827911400661779	0.4573293689767788	0.3314875198190694	0.3314875198190694	0.0005267017894935448	0.0005267017894935448	0.539182527130546	0.9218376547229824	false	false	false	true	true	ok		4.940027546
daisy_mamil4_1_1em4	residual_lso_lm_bounded_log	Bounded LeastSquaresOptim LM log-space	scalar_log	Scalar log-space	fit_rank_91	fit_rank_91	0.3398893907123596	4.206404047707298	0.0005408220307262468	0.1827911400661779	0.4573293689767788	0.33144368400317925	0.33144368400317925	0.0005266762442210273	0.0005266762442210273	0.5389987479405016	0.9218244524354356	false	false	false	true	true	ok		4.266354413
daisy_mamil4_1_1em4	residual_lso_lm_bounded_log	Bounded LeastSquaresOptim LM log-space	scalar_log	Scalar log-space	fit_rank_92	fit_rank_92	0.33962689099887117	4.206377075713764	0.0005416903884198793	0.1827911400661779	0.4573293689767788	0.3314595754771684	0.3314595754771684	0.0005266889507163273	0.0005266889507163273	0.5390683792210811	0.9218295563699233	false	false	false	true	true	ok		4.230541533
daisy_mamil4_1_1em4	residual_lso_lm_bounded_log	Bounded LeastSquaresOptim LM log-space	scalar_log	Scalar log-space	fit_rank_94	fit_rank_94,fit_rank_98	0.34164326597749567	4.207259768249327	0.0005423335256923055	0.1827911400661779	0.4573293689767788	0.3314952006479148	0.3314952006479148	0.0005267112726178029	0.0005267112726178029	0.5392161754394404	0.9218415779253643	false	false	false	true	true	ok		4.892870476
daisy_mamil4_1_1em4	residual_lso_lm_bounded_log	Bounded LeastSquaresOptim LM log-space	scalar_log	Scalar log-space	fit_rank_95	fit_rank_95	0.34123368379458596	4.206900619049733	0.0005424093412870339	0.1827911400661779	0.4573293689767788	0.3314746832682558	0.3314746832682558	0.0005267185565269952	0.0005267185565269952	0.5391483810965197	0.9218372111321458	false	false	false	true	true	ok		4.174605107
daisy_mamil4_1_1em4	residual_lso_lm_bounded_log	Bounded LeastSquaresOptim LM log-space	scalar_log	Scalar log-space	fit_rank_96	fit_rank_96	0.31693073142607164	0.9997785408662629	0.0005426266134124379	0.1827911400661779	0.4573293689767788	0.31693073142607164	0.3192674784725444	0.0005426266134124379	0.0005267092860173849	0.93765239915826	0.9695898986105598	false	false	false	false	true	ok		4.276000399
daisy_mamil4_1_1em4	residual_lso_lm_bounded_log	Bounded LeastSquaresOptim LM log-space	scalar_log	Scalar log-space	fit_rank_97	fit_rank_97	0.3161132555131186	0.9905176007719074	0.0005426571281575447	0.1827911400661779	0.4573293689767788	0.3161132555131186	0.31893999884217067	0.0005426571281575447	0.0005262636939605237	0.9222438035248035	0.9718065527510086	false	false	false	false	true	ok		4.297690832
daisy_mamil4_1_1em4	residual_lso_lm_bounded_log	Bounded LeastSquaresOptim LM log-space	scalar_log	Scalar log-space	fit_rank_99	fit_rank_99	0.3165587176902612	0.996239239990165	0.0005433641454664407	0.1827911400661779	0.4573293689767788	0.3165587176902612	0.3191324535752955	0.0005433641454664407	0.0005265715650261127	0.9241953429368165	0.9721634543708257	false	false	false	false	true	ok		4.907386099
daisy_mamil4_1_1em4	residual_lso_lm_bounded_log	Bounded LeastSquaresOptim LM log-space	scalar_log	Scalar log-space	fit_rank_100	fit_rank_100	0.3169647131292853	0.9980111175264657	0.0005440581079675542	0.1827911400661779	0.4573293689767788	0.3169647131292853	0.31917234543788786	0.0005440581079675542	0.0005266766931404355	0.9258652679570054	0.9725502458025498	false	false	false	false	true	ok		4.151240393
daisy_mamil4_1_1em4	residual_lso_lm_bounded_log	Bounded LeastSquaresOptim LM log-space	scalar_log	Scalar log-space	fit_rank_101	fit_rank_101	0.34237290676654347	4.2073402183827975	0.0005446620167083994	0.1827911400661779	0.4573293689767788	0.3314810783594248	0.3314810783594248	0.0005267089806902834	0.0005267089806902834	0.539164803541547	0.9218371726668287	false	false	false	true	true	ok		4.321445407
daisy_mamil4_1_1em4	residual_lso_lm_bounded_log	Bounded LeastSquaresOptim LM log-space	scalar_log	Scalar log-space	fit_rank_102	fit_rank_102	0.31637829446816246	0.9913994468609226	0.0005454333026442659	0.1827911400661779	0.4573293689767788	0.31637829446816246	0.3189547109538176	0.0005454333026442659	0.0005263983431150553	0.9271755868267502	0.9711286967857449	false	false	false	false	true	ok		4.142822163
daisy_mamil4_1_1em4	residual_lso_lm_bounded_log	Bounded LeastSquaresOptim LM log-space	scalar_log	Scalar log-space	fit_rank_103	fit_rank_103	0.3173013326297427	0.9979155547573668	0.0005464395040530633	0.1827911400661779	0.4573293689767788	0.3173013326297427	0.31914774128954876	0.0005464395040530633	0.0005267034942545232	0.9211636990073243	0.974309508756619	false	false	false	false	true	ok		4.743442148
daisy_mamil4_1_1em4	residual_lso_lm_bounded_log	Bounded LeastSquaresOptim LM log-space	scalar_log	Scalar log-space	fit_rank_104	fit_rank_104	0.3179231665687292	0.9982541253265708	0.0005487871391139031	0.1827911400661779	0.4573293689767788	0.3179231665687292	0.31916361530740006	0.0005487871391139031	0.0005267064301245198	0.9207611625152058	0.9755799996254639	false	false	false	false	true	ok		4.196332269
daisy_mamil4_1_1em4	residual_lso_lm_bounded_log	Bounded LeastSquaresOptim LM log-space	scalar_log	Scalar log-space	fit_rank_105	fit_rank_105	0.33402690724570233	4.12524945626065	0.0005493752972063349	0.1827911400661779	0.4573293689767788	0.32676616631746663	0.32676616631746663	0.0005256217102702543	0.0005256217102702543	0.5204255851780263	0.9205950749071089	false	false	false	true	true	ok		3.943307293
daisy_mamil4_1_1em4	residual_lso_lm_bounded_log	Bounded LeastSquaresOptim LM log-space	scalar_log	Scalar log-space	fit_rank_106	fit_rank_106	0.31857962498804177	0.9973072094160863	0.0005543134183737618	0.1827911400661779	0.4573293689767788	0.31857962498804177	0.31912893382396296	0.0005543134183737618	0.0005266828513657196	0.9226595245063324	0.9763467454308893	false	false	false	false	true	ok		4.318929884
daisy_mamil4_1_1em4	residual_lso_lm_bounded_log	Bounded LeastSquaresOptim LM log-space	scalar_log	Scalar log-space	fit_rank_107	fit_rank_107	0.3453186741336433	4.208349746000729	0.0005547489804295144	0.1827911400661779	0.4573293689767788	0.3314880414398227	0.3314880414398227	0.0005267287476632849	0.0005267287476632849	0.5391979605105077	0.9218423110523348	false	false	false	true	true	ok		4.615878184
daisy_mamil4_1_1em4	residual_lso_lm_bounded_log	Bounded LeastSquaresOptim LM log-space	scalar_log	Scalar log-space	fit_rank_108	fit_rank_108	0.34823500580167016	4.206171957080231	0.0005589429909173965	0.1827911400661779	0.4573293689767788	0.3312295887496589	0.3312295887496589	0.0005266433229414054	0.0005266433229414054	0.5381554236506635	0.9217755852205501	false	false	false	true	true	ok		4.151573906
daisy_mamil4_1_1em4	residual_lso_lm_bounded_log	Bounded LeastSquaresOptim LM log-space	scalar_log	Scalar log-space	fit_rank_109	fit_rank_109	0.319865301420335	0.9999048569116995	0.0005635783109518837	0.1827911400661779	0.4573293689767788	0.31922809256091184	0.31922809256091184	0.0005267519392463595	0.0005267519392463595	0.9994648412771849	0.9563185276893701	false	false	false	true	true	ok		4.201485028
daisy_mamil4_1_1em4	residual_lso_lm_bounded_log	Bounded LeastSquaresOptim LM log-space	scalar_log	Scalar log-space	fit_rank_110	fit_rank_110	0.3505587664000944	4.210006247589275	0.0005659728014566489	0.1827911400661779	0.4573293689767788	0.33149390681577084	0.33149390681577084	0.0005267445706110481	0.0005267445706110481	0.5392294292022447	0.9218475348511699	false	false	false	true	true	ok		4.798453523
daisy_mamil4_1_1em4	residual_lso_lm_bounded_log	Bounded LeastSquaresOptim LM log-space	scalar_log	Scalar log-space	fit_rank_111	fit_rank_111	0.3527751125672152	4.210697670871727	0.0005740572576996006	0.1827911400661779	0.4573293689767788	0.3314871482350262	0.3314871482350262	0.0005267110517422661	0.0005267110517422661	0.5391892993239729	0.9218388877926524	false	false	false	true	true	ok		4.222600166
daisy_mamil4_1_1em4	residual_lso_lm_bounded_log	Bounded LeastSquaresOptim LM log-space	scalar_log	Scalar log-space	fit_rank_112	fit_rank_112	0.3310772439395944	0.9983560322805064	0.0006082348024366253	0.1827911400661779	0.4573293689767788	0.3192101197759682	0.3192101197759682	0.0005265874482311736	0.0005265874482311736	0.9998602811700799	0.95625641231695	false	false	false	true	true	ok		4.116551167
daisy_mamil4_1_1em4	residual_lso_lm_bounded_log	Bounded LeastSquaresOptim LM log-space	scalar_log	Scalar log-space	fit_rank_113	fit_rank_113	0.33578072041225593	0.9926901152990736	0.0006398040469736306	0.1827911400661779	0.4573293689767788	0.3184663828413785	0.3184663828413785	0.0005252536309718172	0.0005252536309718172	0.9988481513376639	0.9558752371481655	false	false	false	true	true	ok		3.990163601
daisy_mamil4_1_1em4	residual_lso_lm_bounded_log	Bounded LeastSquaresOptim LM log-space	scalar_log	Scalar log-space	fit_rank_114	fit_rank_114	0.3590011099417482	1.2454406969864398	0.00064421458191595	0.1827911400661779	0.4573293689767788	0.315057445142192	0.315057445142192	0.000511754488618554	0.000511754488618554	0.9999938605246578	0.9517379425566064	false	false	false	true	true	ok		3.976675252
daisy_mamil4_1_1em4	residual_lso_lm_bounded_log	Bounded LeastSquaresOptim LM log-space	scalar_log	Scalar log-space	fit_rank_115	fit_rank_115	0.3420225893549362	1.6103693448761907	0.0009095626726555938	0.1827911400661779	0.4573293689767788	0.32215648370754374	0.32215648370754374	0.0005769814880772174	0.0005769814880772174	0.6312581726023485	0.9346177261289824	false	false	false	true	true	ok		3.48885741
daisy_mamil4_1_1em4	residual_lso_lm_bounded_log	Bounded LeastSquaresOptim LM log-space	scalar_log	Scalar log-space	fit_rank_116	fit_rank_116	0.3840619478523739	3.9617396267084524	0.0009844992240617785	0.1827911400661779	0.4573293689767788	0.3840619478523739	0.45167805232052805	0.0009844992240617785	1.0658269980503742e-5	0.8746665021409655	0.9890297868894978	false	false	false	false	true	ok		3.842862998
daisy_mamil4_1_1em4	residual_lso_lm_bounded_log	Bounded LeastSquaresOptim LM log-space	scalar_log	Scalar log-space	fit_rank_117	fit_rank_117	0.3138892964248676	0.9607295027039453	0.0011368138913509973	0.1827911400661779	0.4573293689767788	0.3138892964248676	0.3615941090014063	0.0011368138913509973	1.0490667624479854e-5	0.9408495916714067	0.766024630653618	false	false	false	false	true	ok		4.369313153
daisy_mamil4_1_1em4	residual_lso_lm_bounded_log	Bounded LeastSquaresOptim LM log-space	scalar_log	Scalar log-space	fit_rank_118	fit_rank_118	0.3657997447856011	1.6108742556598115	0.0021655638320934086	0.1827911400661779	0.4573293689767788	0.3544651889313265	0.3544651889313265	0.0015761981881355514	0.0015761981881355514	0.9988427190479775	0.9587813939767237	false	false	false	true	true	ok		3.728107015
daisy_mamil4_1_1em4	residual_lso_lm_bounded_log	Bounded LeastSquaresOptim LM log-space	scalar_log	Scalar log-space	fit_rank_119	fit_rank_119	0.36384611105802805	0.9999880668257757	0.002428721719194519	0.1827911400661779	0.4573293689767788	0.3635050671897419	0.3635050671897419	0.002425020928648796	0.002425020928648796	0.9999999871769304	0.9999999999997482	false	false	false	true	true	ok		2.303331233
daisy_mamil4_1_1em4	residual_lso_lm_bounded_log	Bounded LeastSquaresOptim LM log-space	scalar_log	Scalar log-space	fit_rank_120	fit_rank_120,fit_rank_121,fit_rank_131	0.4065405227947906	4.218737930434689	0.0024301273313018347	0.1827911400661779	0.4573293689767788	0.4065343401999167	0.4065343401999167	0.0024299789855298367	0.0024299789855298367	0.9999992358195494	0.9921671422674246	false	false	false	true	true	ok		0.621401805
daisy_mamil4_1_1em4	residual_lso_lm_bounded_log	Bounded LeastSquaresOptim LM log-space	scalar_log	Scalar log-space	fit_rank_122	fit_rank_122,fit_rank_123	0.3639984592118417	0.9999880668257757	0.0024301409546323184	0.1827911400661779	0.4573293689767788	0.3639984592118417	0.3640022805156701	0.0024301409546323184	0.0024300049544191474	0.9999814782754757	0.9999865600525539	false	false	false	false	true	ok		0.545027796
daisy_mamil4_1_1em4	residual_lso_lm_bounded_log	Bounded LeastSquaresOptim LM log-space	scalar_log	Scalar log-space	fit_rank_124	fit_rank_124,fit_rank_125	2.8299944432162842	13.970059880239523	0.0024323159097509334	0.1827911400661779	0.4573293689767788	0.4573016294266772	0.4573016294266772	1.1082685876070162e-5	1.1082685876070162e-5	0.999938542141152	2.7461943768990425e-5	false	true	true	true	true	ok		3.847343428
daisy_mamil4_1_1em4	residual_lso_lm_bounded_log	Bounded LeastSquaresOptim LM log-space	scalar_log	Scalar log-space	fit_rank_126	fit_rank_126,fit_rank_129,fit_rank_130	3.0105605238332482	93.33962264150945	0.002433012538724588	0.1827911400661779	0.4573293689767788	0.5304094475371511	0.5304094475371511	1.2900813246957527e-5	1.2900813246957527e-5	0.851695098483322	0.9942175663095143	false	false	false	true	true	ok		2.755979711
daisy_mamil4_1_1em4	residual_lso_lm_bounded_log	Bounded LeastSquaresOptim LM log-space	scalar_log	Scalar log-space	fit_rank_127	fit_rank_127,fit_rank_128	3.0105549923326995	93.33962264150945	0.0024330244835240314	0.1827911400661779	0.4573293689767788	0.504559909218557	0.504559909218557	1.1082935873706958e-5	1.1082935873706958e-5	0.8413514132245743	0.9937816270650703	false	false	false	true	true	ok		3.255255263
daisy_mamil4_1_1em4	residual_lso_lm_bounded_log	Bounded LeastSquaresOptim LM log-space	scalar_log	Scalar log-space	fit_rank_132	fit_rank_132	4.1370710520270215	18.08396946564886	0.1170328835529005	0.1827911400661779	0.4573293689767788	0.16881593647934312	0.16881593647934312	4.7755913194485877e-5	4.7755913194485877e-5	0.5078797932622682	0.9999917480832986	false	false	false	true	true	ok		5.081963771
daisy_mamil4_1_1em4	residual_lso_lm_bounded_log	Bounded LeastSquaresOptim LM log-space	residual_fastlm_bounded_log	Bounded FastLevenbergMarquardt log-space	fit_rank_1	fit_rank_1	0.299205533025795	3.8142204903197556	9.966535010458478e-6	0.0676660041347933	0.0676660041347933	0.299205533025795	0.299205533025795	9.966535010458478e-6	9.966535010458478e-6	0.6197631958330314	0.6197631958330314	false	false	false	false	false	ok		0.036881017
daisy_mamil4_1_1em4	residual_lso_lm_bounded_log	Bounded LeastSquaresOptim LM log-space	residual_fastlm_bounded_log	Bounded FastLevenbergMarquardt log-space	fit_rank_2	fit_rank_2	0.006261953676021721	0.020456150881757167	9.966555231156932e-6	0.0676660041347933	0.0676660041347933	0.006261953676021721	0.011720080413020023	9.966555231156932e-6	9.966535010458493e-6	0.10320965696561392	0.10320965696561392	false	false	false	false	true	ok		0.413128489
daisy_mamil4_1_1em4	residual_lso_lm_bounded_log	Bounded LeastSquaresOptim LM log-space	residual_fastlm_bounded_log	Bounded FastLevenbergMarquardt log-space	fit_rank_3	fit_rank_3	0.3346443110551206	7.026492016917676	1.0093544806582875e-5	0.0676660041347933	0.0676660041347933	0.2882598129764917	0.2882598129764917	9.984952715417585e-6	9.984952715417585e-6	0.6616119550894671	0.6616119550894671	false	false	false	true	true	ok		0.868688603
daisy_mamil4_1_1em4	residual_lso_lm_bounded_log	Bounded LeastSquaresOptim LM log-space	residual_fastlm_bounded_log	Bounded FastLevenbergMarquardt log-space	fit_rank_4	fit_rank_4	0.2701130382711866	0.8470499697771179	1.0162945084317882e-5	0.0676660041347933	0.0676660041347933	0.15600385357671898	0.15600385357671898	9.998929272940886e-6	9.998929272940886e-6	0.1676720195445966	0.1676720195445966	false	false	false	true	true	ok		0.866562039
daisy_mamil4_1_1em4	residual_lso_lm_bounded_log	Bounded LeastSquaresOptim LM log-space	residual_fastlm_bounded_log	Bounded FastLevenbergMarquardt log-space	fit_rank_5	fit_rank_5	0.3892179754245786	8.775936616732361	1.0297578212456627e-5	0.0676660041347933	0.0676660041347933	0.3167652118135558	0.3167652118135558	1.0046331635553971e-5	1.0046331635553971e-5	0.6972783104085396	0.6972783104085396	false	false	false	true	true	ok		0.854959787
daisy_mamil4_1_1em4	residual_lso_lm_bounded_log	Bounded LeastSquaresOptim LM log-space	residual_fastlm_bounded_log	Bounded FastLevenbergMarquardt log-space	fit_rank_6	fit_rank_6	0.34368144964507286	1.218866519932775	1.041172685397441e-5	0.0676660041347933	0.0676660041347933	0.23456694944762327	0.23456694944762327	1.0087680798200638e-5	1.0087680798200638e-5	0.3559960608241196	0.3559960608241196	false	false	false	true	true	ok		0.860925638
daisy_mamil4_1_1em4	residual_lso_lm_bounded_log	Bounded LeastSquaresOptim LM log-space	residual_fastlm_bounded_log	Bounded FastLevenbergMarquardt log-space	fit_rank_7	fit_rank_7	0.361671451575537	1.3146572096736104	1.0494208244108267e-5	0.0676660041347933	0.0676660041347933	0.25477927995591126	0.25477927995591126	1.0127729386666455e-5	1.0127729386666455e-5	0.39683112523195757	0.39683112523195757	false	false	false	true	true	ok		0.862037918
daisy_mamil4_1_1em4	residual_lso_lm_bounded_log	Bounded LeastSquaresOptim LM log-space	residual_fastlm_bounded_log	Bounded FastLevenbergMarquardt log-space	fit_rank_8	fit_rank_8	0.36720053488739846	1.3443346741957545	1.0521346808684643e-5	0.0676660041347933	0.0676660041347933	0.2616031860609997	0.2616031860609997	1.0143414565098138e-5	1.0143414565098138e-5	0.40946439172649834	0.40946439172649834	false	false	false	true	true	ok		0.869396747
daisy_mamil4_1_1em4	residual_lso_lm_bounded_log	Bounded LeastSquaresOptim LM log-space	residual_fastlm_bounded_log	Bounded FastLevenbergMarquardt log-space	fit_rank_9	fit_rank_9	0.3868079431129451	1.4502598584830375	1.062407641260604e-5	0.0676660041347933	0.0676660041347933	0.29270278190989113	0.29270278190989113	1.022475687549932e-5	1.022475687549932e-5	0.46446797309717236	0.46446797309717236	false	false	false	true	true	ok		0.85232233
daisy_mamil4_1_1em4	residual_lso_lm_bounded_log	Bounded LeastSquaresOptim LM log-space	residual_fastlm_bounded_log	Bounded FastLevenbergMarquardt log-space	fit_rank_10	fit_rank_10	0.4516190751539884	10.734302787465223	1.0664269090816957e-5	0.0676660041347933	0.0676660041347933	0.3675387623239746	0.3675387623239746	1.0204438662347155e-5	1.0204438662347155e-5	0.8324432741277813	0.8324432741277813	false	false	false	true	true	ok		0.881085708
daisy_mamil4_1_1em4	residual_lso_lm_bounded_log	Bounded LeastSquaresOptim LM log-space	residual_fastlm_bounded_log	Bounded FastLevenbergMarquardt log-space	fit_rank_11	fit_rank_11	0.45372855863557143	10.802817572622795	1.0673120112497755e-5	0.0676660041347933	0.0676660041347933	0.3823205925765476	0.3823205925765476	1.0267728155849154e-5	1.0267728155849154e-5	0.8399833167873978	0.8399833167873978	false	false	false	true	true	ok		0.838060347
daisy_mamil4_1_1em4	residual_lso_lm_bounded_log	Bounded LeastSquaresOptim LM log-space	residual_fastlm_bounded_log	Bounded FastLevenbergMarquardt log-space	fit_rank_12	fit_rank_12	0.4550622731252868	10.841357485378204	1.0687308234857762e-5	0.0676660041347933	0.0676660041347933	0.38535000707113	0.38535000707113	1.0281894973759072e-5	1.0281894973759072e-5	0.8414404623983457	0.8414404623983457	false	false	false	true	true	ok		0.844176721
daisy_mamil4_1_1em4	residual_lso_lm_bounded_log	Bounded LeastSquaresOptim LM log-space	residual_fastlm_bounded_log	Bounded FastLevenbergMarquardt log-space	fit_rank_13	fit_rank_13	0.4855981559575727	11.80482067935603	1.0917713385239842e-5	0.0676660041347933	0.0676660041347933	0.44246396927466236	0.44246396927466236	1.0594824002477373e-5	1.0594824002477373e-5	0.8646128566743295	0.8646128566743295	false	false	false	true	true	ok		0.840208184
daisy_mamil4_1_1em4	residual_lso_lm_bounded_log	Bounded LeastSquaresOptim LM log-space	residual_fastlm_bounded_log	Bounded FastLevenbergMarquardt log-space	fit_rank_14	fit_rank_14	0.49112060862287776	11.978428111216578	1.0964206139524221e-5	0.0676660041347933	0.0676660041347933	0.45622793229026476	0.45622793229026476	1.0692840289194858e-5	1.0692840289194858e-5	0.869219905772435	0.869219905772435	false	false	false	true	true	ok		0.851745835
daisy_mamil4_1_1em4	residual_lso_lm_bounded_log	Bounded LeastSquaresOptim LM log-space	residual_fastlm_bounded_log	Bounded FastLevenbergMarquardt log-space	fit_rank_15	fit_rank_15	0.44755873897042825	1.7817701882743326	1.1010740913389118e-5	0.0676660041347933	0.0676660041347933	0.4164361106776611	0.4164361106776611	1.0802160638143686e-5	1.0802160638143686e-5	0.6389085213050267	0.6389085213050267	false	false	false	true	true	ok		0.845738282
daisy_mamil4_1_1em4	residual_lso_lm_bounded_log	Bounded LeastSquaresOptim LM log-space	residual_fastlm_bounded_log	Bounded FastLevenbergMarquardt log-space	fit_rank_16	fit_rank_16	0.501933064421116	12.318233014375496	1.1058708810796227e-5	0.0676660041347933	0.0676660041347933	0.4890939243750434	0.4890939243750434	1.0946264557781938e-5	1.0946264557781938e-5	0.8790509810824029	0.8790509810824029	false	false	false	true	true	ok		0.849442592
daisy_mamil4_1_1em4	residual_lso_lm_bounded_log	Bounded LeastSquaresOptim LM log-space	residual_fastlm_bounded_log	Bounded FastLevenbergMarquardt log-space	fit_rank_17	fit_rank_17	0.4559310199335419	1.827515247981583	1.1071766151446126e-5	0.0676660041347933	0.0676660041347933	0.445137989974009	0.445137989974009	1.099289378302727e-5	1.099289378302727e-5	0.6699852358651754	0.6699852358651754	false	false	false	true	true	ok		0.842638266
daisy_mamil4_1_1em4	residual_lso_lm_bounded_log	Bounded LeastSquaresOptim LM log-space	residual_fastlm_bounded_log	Bounded FastLevenbergMarquardt log-space	fit_rank_18	fit_rank_18,fit_rank_19	0.4572767939842465	1.8348004987853828	1.1082506768249943e-5	0.0676660041347933	0.0676660041347933	0.454618946643292	0.454618946643292	1.1061952127670927e-5	1.1061952127670927e-5	0.6795919064412391	0.6795919064412391	false	false	false	true	true	ok		0.762065114
daisy_mamil4_1_1em4	residual_lso_lm_bounded_log	Bounded LeastSquaresOptim LM log-space	residual_fastlm_bounded_log	Bounded FastLevenbergMarquardt log-space	fit_rank_20	fit_rank_20	0.3520777308307065	3.3375078251936845	1.65954937139102e-5	0.0676660041347933	0.0676660041347933	0.3184221762280685	0.3184221762280685	9.967492692114528e-6	9.967492692114528e-6	0.6056466215131251	0.6056466215131251	false	false	false	true	true	ok		0.773472358
daisy_mamil4_1_1em4	residual_lso_lm_bounded_log	Bounded LeastSquaresOptim LM log-space	residual_fastlm_bounded_log	Bounded FastLevenbergMarquardt log-space	fit_rank_21	fit_rank_21	0.10223720924855481	0.5816641516562354	2.081797020645312e-5	0.0676660041347933	0.0676660041347933	0.02018994468486207	0.02018994468486207	9.967095163218564e-6	9.967095163218564e-6	0.15808026901396746	0.15808026901396746	false	false	false	true	true	ok		0.744451237
daisy_mamil4_1_1em4	residual_lso_lm_bounded_log	Bounded LeastSquaresOptim LM log-space	residual_fastlm_bounded_log	Bounded FastLevenbergMarquardt log-space	fit_rank_22	fit_rank_22	0.33856984396883905	1.1510825793231283	4.4938394304605625e-5	0.0676660041347933	0.0676660041347933	0.18703290915552184	0.18703290915552184	1.0023843547854747e-5	1.0023843547854747e-5	0.2376701012399054	0.2376701012399054	false	false	false	true	true	ok		0.943205792
daisy_mamil4_1_1em4	residual_lso_lm_bounded_log	Bounded LeastSquaresOptim LM log-space	residual_fastlm_bounded_log	Bounded FastLevenbergMarquardt log-space	fit_rank_23	fit_rank_23	0.34384765984277615	1.1905349881074523	4.673335338340343e-5	0.0676660041347933	0.0676660041347933	0.34274348869002097	0.34274348869002097	4.349575073984069e-5	4.349575073984069e-5	0.657788329996784	0.657788329996784	false	false	false	true	true	ok		0.488797512
daisy_mamil4_1_1em4	residual_lso_lm_bounded_log	Bounded LeastSquaresOptim LM log-space	residual_fastlm_bounded_log	Bounded FastLevenbergMarquardt log-space	fit_rank_24	fit_rank_24	0.48329662616076535	3.094755325466105	5.179279207430692e-5	0.0676660041347933	0.0676660041347933	0.4135700980889624	0.4135700980889624	9.97461738759208e-6	9.97461738759208e-6	0.5714522809583619	0.5714522809583619	false	false	false	true	true	ok		0.764383341
daisy_mamil4_1_1em4	residual_lso_lm_bounded_log	Bounded LeastSquaresOptim LM log-space	residual_fastlm_bounded_log	Bounded FastLevenbergMarquardt log-space	fit_rank_25	fit_rank_25	0.5630495882055843	3.040981716158487	5.592441249457051e-5	0.0676660041347933	0.0676660041347933	0.43701208743589187	0.43701208743589187	9.975984066072936e-6	9.975984066072936e-6	0.6305560079927126	0.6305560079927126	false	false	false	true	true	ok		0.767452153
daisy_mamil4_1_1em4	residual_lso_lm_bounded_log	Bounded LeastSquaresOptim LM log-space	residual_fastlm_bounded_log	Bounded FastLevenbergMarquardt log-space	fit_rank_26	fit_rank_26	0.6887219967544473	3.9122535352015295	9.939646602337086e-5	0.0676660041347933	0.0676660041347933	0.6885654632239773	0.6885654632239773	9.547957872864079e-5	9.547957872864079e-5	0.6823908506295447	0.6823908506295447	false	false	false	true	true	ok		0.51958143
daisy_mamil4_1_1em4	residual_lso_lm_bounded_log	Bounded LeastSquaresOptim LM log-space	residual_fastlm_bounded_log	Bounded FastLevenbergMarquardt log-space	fit_rank_27	fit_rank_27	0.4709989835772526	1.7282416419862578	0.0001136517543584119	0.0676660041347933	0.0676660041347933	0.2522247210492378	0.2522247210492378	1.3623711327220393e-5	1.3623711327220393e-5	0.6577439875243392	0.6577439875243392	false	false	false	true	true	ok		0.787334285
daisy_mamil4_1_1em4	residual_lso_lm_bounded_log	Bounded LeastSquaresOptim LM log-space	residual_fastlm_bounded_log	Bounded FastLevenbergMarquardt log-space	fit_rank_28	fit_rank_28	0.7681154895160202	4.492410439426346	0.00013892001262036607	0.0676660041347933	0.0676660041347933	0.7680799037129795	0.7680799037129795	0.00013641015159953268	0.00013641015159953268	0.6823908506295447	0.6823908506295447	false	false	false	true	true	ok		0.494654842
daisy_mamil4_1_1em4	residual_lso_lm_bounded_log	Bounded LeastSquaresOptim LM log-space	residual_fastlm_bounded_log	Bounded FastLevenbergMarquardt log-space	fit_rank_29	fit_rank_29	0.5403237791326188	2.006103309772579	0.00014614435073774263	0.0676660041347933	0.0676660041347933	0.5402979935850459	0.5402979935850459	0.0001447775475130135	0.0001447775475130135	0.657788329996784	0.657788329996784	false	false	false	true	true	ok		0.516647483
daisy_mamil4_1_1em4	residual_lso_lm_bounded_log	Bounded LeastSquaresOptim LM log-space	residual_fastlm_bounded_log	Bounded FastLevenbergMarquardt log-space	fit_rank_30	fit_rank_30	0.8445182637865772	5.030792165609082	0.00017628818026213907	0.0676660041347933	0.0676660041347933	0.8445110001625786	0.8445110001625786	0.00017496017456159412	0.00017496017456159412	0.6823908506295447	0.6823908506295447	false	false	false	true	true	ok		0.565820087
daisy_mamil4_1_1em4	residual_lso_lm_bounded_log	Bounded LeastSquaresOptim LM log-space	residual_fastlm_bounded_log	Bounded FastLevenbergMarquardt log-space	fit_rank_31	fit_rank_31	0.6009674180665346	2.376386638539759	0.00017696640854502466	0.0676660041347933	0.0676660041347933	0.6009604050267184	0.6009604050267184	0.00017610945137423324	0.00017610945137423324	0.657788329996784	0.657788329996784	false	false	false	true	true	ok		0.493472362
daisy_mamil4_1_1em4	residual_lso_lm_bounded_log	Bounded LeastSquaresOptim LM log-space	residual_fastlm_bounded_log	Bounded FastLevenbergMarquardt log-space	fit_rank_32	fit_rank_32	0.9225694904024297	5.561922792557188	0.00021274797708257305	0.0676660041347933	0.0676660041347933	0.9225675277342927	0.9225675277342927	0.00021244313930342257	0.00021244313930342257	0.6823908506295447	0.6823908506295447	false	false	false	true	true	ok		0.517599017
daisy_mamil4_1_1em4	residual_lso_lm_bounded_log	Bounded LeastSquaresOptim LM log-space	residual_fastlm_bounded_log	Bounded FastLevenbergMarquardt log-space	fit_rank_33	fit_rank_33	0.9676856532906257	5.858606024432264	0.00023300171636781293	0.0676660041347933	0.0676660041347933	0.9676858589095452	0.9676858589095452	0.0002329200396100905	0.0002329200396100905	0.6905722235124978	0.6905722235124978	false	false	false	false	true	ok		0.518037581
daisy_mamil4_1_1em4	residual_lso_lm_bounded_log	Bounded LeastSquaresOptim LM log-space	residual_fastlm_bounded_log	Bounded FastLevenbergMarquardt log-space	fit_rank_34	fit_rank_34	0.7253369085357628	4.060679096201151	0.00023517962622953147	0.0676660041347933	0.0676660041347933	0.7253375198258228	0.7253375198258228	0.0002351110512362909	0.0002351110512362909	0.657788329996784	0.657788329996784	false	false	false	false	true	ok		0.556854724
daisy_mamil4_1_1em4	residual_lso_lm_bounded_log	Bounded LeastSquaresOptim LM log-space	residual_fastlm_bounded_log	Bounded FastLevenbergMarquardt log-space	fit_rank_35	fit_rank_35	0.3146597851811867	2.3309646339154972	0.0004131366137237972	0.0676660041347933	0.0676660041347933	0.3007712193490938	0.3007712193490938	9.966546845882381e-6	9.966546845882381e-6	0.6183454563377004	0.6183454563377004	false	false	false	true	true	ok		0.724337906
daisy_mamil4_1_1em4	residual_lso_lm_bounded_log	Bounded LeastSquaresOptim LM log-space	residual_fastlm_bounded_log	Bounded FastLevenbergMarquardt log-space	fit_rank_36	fit_rank_36	0.3242297850073437	2.0046525111223037	0.00043938025255690455	0.0676660041347933	0.0676660041347933	0.3242297850073437	0.3253760302333451	0.00043938025255690455	0.0004253795429511352	0.6869681561277283	0.6869681561277283	false	false	false	false	true	ok		0.582570232
daisy_mamil4_1_1em4	residual_lso_lm_bounded_log	Bounded LeastSquaresOptim LM log-space	residual_fastlm_bounded_log	Bounded FastLevenbergMarquardt log-space	fit_rank_37	fit_rank_37	0.2586227367336007	1.4582607084734631	0.00045438080747496644	0.0676660041347933	0.0676660041347933	0.258589777511241	0.258589777511241	0.0004520081486325297	0.0004520081486325297	0.657788329996784	0.657788329996784	false	false	false	true	true	ok		0.493360205
daisy_mamil4_1_1em4	residual_lso_lm_bounded_log	Bounded LeastSquaresOptim LM log-space	residual_fastlm_bounded_log	Bounded FastLevenbergMarquardt log-space	fit_rank_38	fit_rank_38	0.31479242304251126	0.9999880668257757	0.0004977859599926777	0.0676660041347933	0.0676660041347933	0.31479228393869596	0.31479228393869596	0.0004971490726226168	0.0004971490726226168	0.7058355168314016	0.7058355168314016	false	false	false	true	true	ok		0.495501902
daisy_mamil4_1_1em4	residual_lso_lm_bounded_log	Bounded LeastSquaresOptim LM log-space	residual_fastlm_bounded_log	Bounded FastLevenbergMarquardt log-space	fit_rank_39	fit_rank_39	0.315182800270602	0.9999880668257757	0.0005123694967615155	0.0676660041347933	0.0676660041347933	0.3151826392190901	0.3151826392190901	0.0005122344776682255	0.0005122344776682255	0.7102698000049222	0.7102698000049222	false	false	false	true	true	ok		0.497192376
daisy_mamil4_1_1em4	residual_lso_lm_bounded_log	Bounded LeastSquaresOptim LM log-space	residual_fastlm_bounded_log	Bounded FastLevenbergMarquardt log-space	fit_rank_40	fit_rank_40	0.31533686426813484	0.9999880668257757	0.000513444272576839	0.0676660041347933	0.0676660041347933	0.3153366876292084	0.3153366876292084	0.0005133185612435796	0.0005133185612435796	0.7105878587879777	0.7105878587879777	false	false	false	true	true	ok		0.533041976
daisy_mamil4_1_1em4	residual_lso_lm_bounded_log	Bounded LeastSquaresOptim LM log-space	residual_fastlm_bounded_log	Bounded FastLevenbergMarquardt log-space	fit_rank_41	fit_rank_41	0.3113157263163227	3.4696966953712516	0.0005139620654743631	0.0676660041347933	0.0676660041347933	0.31131495713471924	0.31131495713471924	0.0005138277574539092	0.0005138277574539092	0.6723711397715914	0.6723711397715914	false	false	false	true	true	ok		0.479365815
daisy_mamil4_1_1em4	residual_lso_lm_bounded_log	Bounded LeastSquaresOptim LM log-space	residual_fastlm_bounded_log	Bounded FastLevenbergMarquardt log-space	fit_rank_42	fit_rank_42	0.3180572155671401	3.7188845169954514	0.0005185542786340797	0.0676660041347933	0.0676660041347933	0.318056933142375	0.318056933142375	0.0005184711643131639	0.0005184711643131639	0.6751118715412322	0.6751118715412322	false	false	false	true	true	ok		0.49297518
daisy_mamil4_1_1em4	residual_lso_lm_bounded_log	Bounded LeastSquaresOptim LM log-space	residual_fastlm_bounded_log	Bounded FastLevenbergMarquardt log-space	fit_rank_43	fit_rank_43,fit_rank_44	0.3182216792557455	0.9999880668257757	0.000524218991191079	0.0676660041347933	0.0676660041347933	0.31822163788810953	0.31822163788810953	0.0005241866243950133	0.0005241866243950133	0.7137444542678358	0.7137444542678358	false	false	false	true	true	ok		0.498903639
daisy_mamil4_1_1em4	residual_lso_lm_bounded_log	Bounded LeastSquaresOptim LM log-space	residual_fastlm_bounded_log	Bounded FastLevenbergMarquardt log-space	fit_rank_45	fit_rank_45	0.31941918066671926	0.9905606341434501	0.000530129088913797	0.0676660041347933	0.0676660041347933	0.31804187176196463	0.31804187176196463	0.0005238217822386972	0.0005238217822386972	0.7136513617800306	0.7136513617800306	false	false	false	true	true	ok		0.780410468
daisy_mamil4_1_1em4	residual_lso_lm_bounded_log	Bounded LeastSquaresOptim LM log-space	residual_fastlm_bounded_log	Bounded FastLevenbergMarquardt log-space	fit_rank_46	fit_rank_46	0.31940690996270743	0.9935173685791902	0.000530259852805336	0.0676660041347933	0.0676660041347933	0.31833038867414915	0.31833038867414915	0.0005245316440030353	0.0005245316440030353	0.7138819808899576	0.7138819808899576	false	false	false	true	true	ok		0.875920665
daisy_mamil4_1_1em4	residual_lso_lm_bounded_log	Bounded LeastSquaresOptim LM log-space	residual_fastlm_bounded_log	Bounded FastLevenbergMarquardt log-space	fit_rank_47	fit_rank_47	0.31901586855274305	0.9950939895392277	0.0005309432529222397	0.0676660041347933	0.0676660041347933	0.31833402707336445	0.31833402707336445	0.0005246024195607337	0.0005246024195607337	0.7139108140032315	0.7139108140032315	false	false	false	true	true	ok		0.75755517
daisy_mamil4_1_1em4	residual_lso_lm_bounded_log	Bounded LeastSquaresOptim LM log-space	residual_fastlm_bounded_log	Bounded FastLevenbergMarquardt log-space	fit_rank_48	fit_rank_48	0.3188149780269719	0.9961622386142726	0.0005312687415949467	0.0676660041347933	0.0676660041347933	0.31832843016806917	0.31832843016806917	0.0005246302544458239	0.0005246302544458239	0.7139239313155391	0.7139239313155391	false	false	false	true	true	ok		0.792266402
daisy_mamil4_1_1em4	residual_lso_lm_bounded_log	Bounded LeastSquaresOptim LM log-space	residual_fastlm_bounded_log	Bounded FastLevenbergMarquardt log-space	fit_rank_49	fit_rank_49	0.33654847416831457	4.200234344806142	0.0005320905134950539	0.0676660041347933	0.0676660041347933	0.32681700026702915	0.32681700026702915	0.0005240131425905661	0.0005240131425905661	0.678269075522654	0.678269075522654	false	false	false	true	true	ok		0.846343547
daisy_mamil4_1_1em4	residual_lso_lm_bounded_log	Bounded LeastSquaresOptim LM log-space	residual_fastlm_bounded_log	Bounded FastLevenbergMarquardt log-space	fit_rank_50	fit_rank_50	0.33680579366487284	4.2015859448220825	0.0005329536206660501	0.0676660041347933	0.0676660041347933	0.32691233615108206	0.32691233615108206	0.0005240884529840555	0.0005240884529840555	0.6783057246631173	0.6783057246631173	false	false	false	true	true	ok		0.877551969
daisy_mamil4_1_1em4	residual_lso_lm_bounded_log	Bounded LeastSquaresOptim LM log-space	residual_fastlm_bounded_log	Bounded FastLevenbergMarquardt log-space	fit_rank_51	fit_rank_51	0.3181878937201711	0.9985321483014099	0.0005330315277444251	0.0676660041347933	0.0676660041347933	0.31816439890563947	0.31816439890563947	0.0005243280939301291	0.0005243280939301291	0.7138388547484142	0.7138388547484142	false	false	false	true	true	ok		0.788848219
daisy_mamil4_1_1em4	residual_lso_lm_bounded_log	Bounded LeastSquaresOptim LM log-space	residual_fastlm_bounded_log	Bounded FastLevenbergMarquardt log-space	fit_rank_52	fit_rank_52	0.3177450256353026	0.998954423044668	0.0005330500343195006	0.0676660041347933	0.0676660041347933	0.3177450256353026	0.31828746996768303	0.0005330500343195006	0.0005248187390091676	0.7227439979278696	0.7227439979278696	false	false	false	false	true	ok		0.789031608
daisy_mamil4_1_1em4	residual_lso_lm_bounded_log	Bounded LeastSquaresOptim LM log-space	residual_fastlm_bounded_log	Bounded FastLevenbergMarquardt log-space	fit_rank_53	fit_rank_53	0.3139314330845453	0.9578066820360407	0.0005335492166480642	0.0676660041347933	0.0676660041347933	0.3139314330845453	0.3166088373627233	0.0005335492166480642	0.0005201910052066292	0.7225308722816938	0.7225308722816938	false	false	false	false	true	ok		0.830039772
daisy_mamil4_1_1em4	residual_lso_lm_bounded_log	Bounded LeastSquaresOptim LM log-space	residual_fastlm_bounded_log	Bounded FastLevenbergMarquardt log-space	fit_rank_54	fit_rank_54	0.3374408202034681	4.204189048773111	0.0005336460451124695	0.0676660041347933	0.0676660041347933	0.3271076663177605	0.3271076663177605	0.0005242319643558298	0.0005242319643558298	0.678378500933737	0.678378500933737	false	false	false	true	true	ok		0.887197575
daisy_mamil4_1_1em4	residual_lso_lm_bounded_log	Bounded LeastSquaresOptim LM log-space	residual_fastlm_bounded_log	Bounded FastLevenbergMarquardt log-space	fit_rank_55	fit_rank_55	0.3373066938720385	4.199302660679899	0.0005342012027303642	0.0676660041347933	0.0676660041347933	0.32652505624934836	0.32652505624934836	0.0005239391206931277	0.0005239391206931277	0.6781815430549119	0.6781815430549119	false	false	false	true	true	ok		0.784323805
daisy_mamil4_1_1em4	residual_lso_lm_bounded_log	Bounded LeastSquaresOptim LM log-space	residual_fastlm_bounded_log	Bounded FastLevenbergMarquardt log-space	fit_rank_56	fit_rank_56,fit_rank_57,fit_rank_58	0.3376177928732774	4.204737793525836	0.0005343175979995759	0.0676660041347933	0.0676660041347933	0.3270715588004927	0.3270715588004927	0.0005242320605535287	0.0005242320605535287	0.6783710581199806	0.6783710581199806	false	false	false	true	true	ok		0.830558339
daisy_mamil4_1_1em4	residual_lso_lm_bounded_log	Bounded LeastSquaresOptim LM log-space	residual_fastlm_bounded_log	Bounded FastLevenbergMarquardt log-space	fit_rank_59	fit_rank_59	0.3175362516914981	0.9996118560887077	0.0005345138967879881	0.0676660041347933	0.0676660041347933	0.3175362516914981	0.3182197994267806	0.0005345138967879881	0.0005248142460501489	0.7239258427386934	0.7239258427386934	false	false	false	false	true	ok		0.796142865
daisy_mamil4_1_1em4	residual_lso_lm_bounded_log	Bounded LeastSquaresOptim LM log-space	residual_fastlm_bounded_log	Bounded FastLevenbergMarquardt log-space	fit_rank_60	fit_rank_60	0.33775231085469537	4.20339501637901	0.0005348575403403045	0.0676660041347933	0.0676660041347933	0.32684140947526324	0.32684140947526324	0.0005241091954219793	0.0005241091954219793	0.6782954613056563	0.6782954613056563	false	false	false	true	true	ok		0.844847984
daisy_mamil4_1_1em4	residual_lso_lm_bounded_log	Bounded LeastSquaresOptim LM log-space	residual_fastlm_bounded_log	Bounded FastLevenbergMarquardt log-space	fit_rank_61	fit_rank_61	0.3169128241207955	0.9956491566445709	0.0005350737445015895	0.0676660041347933	0.0676660041347933	0.3169128241207955	0.31792477222890314	0.0005350737445015895	0.0005240729806028551	0.7242371419663288	0.7242371419663288	false	false	false	false	true	ok		0.846355463
daisy_mamil4_1_1em4	residual_lso_lm_bounded_log	Bounded LeastSquaresOptim LM log-space	residual_fastlm_bounded_log	Bounded FastLevenbergMarquardt log-space	fit_rank_62	fit_rank_62	0.3377380145028903	4.205176597119453	0.0005351227048248075	0.0676660041347933	0.0676660041347933	0.32708324168050446	0.32708324168050446	0.0005242519524171361	0.0005242519524171361	0.6783779818154386	0.6783779818154386	false	false	false	true	true	ok		0.768754606
daisy_mamil4_1_1em4	residual_lso_lm_bounded_log	Bounded LeastSquaresOptim LM log-space	residual_fastlm_bounded_log	Bounded FastLevenbergMarquardt log-space	fit_rank_63	fit_rank_63,fit_rank_64,fit_rank_70	0.3380682655589462	4.205654735720835	0.0005352238704413871	0.0676660041347933	0.0676660041347933	0.32782214907407353	0.32782214907407353	0.0005247322310320001	0.0005247322310320001	0.6786466858095603	0.6786466858095603	false	false	false	true	true	ok		0.820989695
daisy_mamil4_1_1em4	residual_lso_lm_bounded_log	Bounded LeastSquaresOptim LM log-space	residual_fastlm_bounded_log	Bounded FastLevenbergMarquardt log-space	fit_rank_65	fit_rank_65,fit_rank_66	0.33792958237679954	4.205280094406425	0.0005353215314073794	0.0676660041347933	0.0676660041347933	0.3278086677182734	0.3278086677182734	0.000524736400698657	0.000524736400698657	0.6786452732885859	0.6786452732885859	false	false	false	true	true	ok		0.827076414
daisy_mamil4_1_1em4	residual_lso_lm_bounded_log	Bounded LeastSquaresOptim LM log-space	residual_fastlm_bounded_log	Bounded FastLevenbergMarquardt log-space	fit_rank_67	fit_rank_67	0.3165753190424595	0.9896291658832748	0.0005354702374889207	0.0676660041347933	0.0676660041347933	0.3165753190424595	0.31780048166866426	0.0005354702374889207	0.0005237907686654721	0.7240810203742329	0.7240810203742329	false	false	false	false	true	ok		0.771134795
daisy_mamil4_1_1em4	residual_lso_lm_bounded_log	Bounded LeastSquaresOptim LM log-space	residual_fastlm_bounded_log	Bounded FastLevenbergMarquardt log-space	fit_rank_68	fit_rank_68,fit_rank_72	0.3382626109243625	4.205921490779012	0.0005358999357748962	0.0676660041347933	0.0676660041347933	0.3278524502315783	0.3278524502315783	0.0005247819299428197	0.0005247819299428197	0.6786660727375867	0.6786660727375867	false	false	false	true	true	ok		0.793556873
daisy_mamil4_1_1em4	residual_lso_lm_bounded_log	Bounded LeastSquaresOptim LM log-space	residual_fastlm_bounded_log	Bounded FastLevenbergMarquardt log-space	fit_rank_69	fit_rank_69	0.33846456460703617	4.204633000678297	0.0005360367932733538	0.0676660041347933	0.0676660041347933	0.326866566989716	0.326866566989716	0.0005241561725400166	0.0005241561725400166	0.6783109852575737	0.6783109852575737	false	false	false	true	true	ok		0.849759527
daisy_mamil4_1_1em4	residual_lso_lm_bounded_log	Bounded LeastSquaresOptim LM log-space	residual_fastlm_bounded_log	Bounded FastLevenbergMarquardt log-space	fit_rank_71	fit_rank_71	0.3164690750368479	0.9874515164456242	0.0005366902839598813	0.0676660041347933	0.0676660041347933	0.3164690750368479	0.3176881679902093	0.0005366902839598813	0.000523614550433562	0.725319517890538	0.725319517890538	false	false	false	false	true	ok		0.846072869
daisy_mamil4_1_1em4	residual_lso_lm_bounded_log	Bounded LeastSquaresOptim LM log-space	residual_fastlm_bounded_log	Bounded FastLevenbergMarquardt log-space	fit_rank_73	fit_rank_73	0.31662085618743574	0.9972146229141495	0.0005369771516148681	0.0676660041347933	0.0676660041347933	0.31662085618743574	0.31786188337644694	0.0005369771516148681	0.0005241889145958718	0.725813320457938	0.725813320457938	false	false	false	false	true	ok		0.765720966
daisy_mamil4_1_1em4	residual_lso_lm_bounded_log	Bounded LeastSquaresOptim LM log-space	residual_fastlm_bounded_log	Bounded FastLevenbergMarquardt log-space	fit_rank_74	fit_rank_74	0.33883049375357754	4.205212879144347	0.0005371290705298948	0.0676660041347933	0.0676660041347933	0.32685599170963414	0.32685599170963414	0.000524194897564114	0.000524194897564114	0.6783171910549932	0.6783171910549932	false	false	false	true	true	ok		0.826369828
daisy_mamil4_1_1em4	residual_lso_lm_bounded_log	Bounded LeastSquaresOptim LM log-space	residual_fastlm_bounded_log	Bounded FastLevenbergMarquardt log-space	fit_rank_75	fit_rank_75	0.3391821684036748	4.206361901135054	0.0005375709545787186	0.0676660041347933	0.0676660041347933	0.3277309380299383	0.3277309380299383	0.000524728438117777	0.000524728438117777	0.6786277469981272	0.6786277469981272	false	false	false	true	true	ok		0.820173737
daisy_mamil4_1_1em4	residual_lso_lm_bounded_log	Bounded LeastSquaresOptim LM log-space	residual_fastlm_bounded_log	Bounded FastLevenbergMarquardt log-space	fit_rank_76	fit_rank_76	0.3165765602232349	0.9882787922782285	0.0005377383933883207	0.0676660041347933	0.0676660041347933	0.3165765602232349	0.3177256844551727	0.0005377383933883207	0.0005236740600227377	0.7250600096361154	0.7250600096361154	false	false	false	false	true	ok		0.781193293
daisy_mamil4_1_1em4	residual_lso_lm_bounded_log	Bounded LeastSquaresOptim LM log-space	residual_fastlm_bounded_log	Bounded FastLevenbergMarquardt log-space	fit_rank_77	fit_rank_77	0.31687220829080404	0.9997827727323049	0.0005380030914670452	0.0676660041347933	0.0676660041347933	0.31687220829080404	0.3181558903084328	0.0005380030914670452	0.0005252720369972837	0.7258345547898357	0.7258345547898357	false	false	false	false	true	ok		0.788021249
daisy_mamil4_1_1em4	residual_lso_lm_bounded_log	Bounded LeastSquaresOptim LM log-space	residual_fastlm_bounded_log	Bounded FastLevenbergMarquardt log-space	fit_rank_78	fit_rank_78	0.31621772335704285	0.9937371240506354	0.0005380221367356856	0.0676660041347933	0.0676660041347933	0.31621772335704285	0.31774472020765493	0.0005380221367356856	0.0005240093516251358	0.726069113707039	0.726069113707039	false	false	false	false	true	ok		0.878769682
daisy_mamil4_1_1em4	residual_lso_lm_bounded_log	Bounded LeastSquaresOptim LM log-space	residual_fastlm_bounded_log	Bounded FastLevenbergMarquardt log-space	fit_rank_79	fit_rank_79,fit_rank_83	0.3164332585452439	0.9993320287400664	0.0005383413264591025	0.0676660041347933	0.0676660041347933	0.3164332585452439	0.3179424240752769	0.0005383413264591025	0.0005247920734689966	0.7266967431876997	0.7266967431876997	false	false	false	false	true	ok		0.74717398
daisy_mamil4_1_1em4	residual_lso_lm_bounded_log	Bounded LeastSquaresOptim LM log-space	residual_fastlm_bounded_log	Bounded FastLevenbergMarquardt log-space	fit_rank_80	fit_rank_80	0.31641840967279194	0.9887247531202212	0.0005385300877951822	0.0676660041347933	0.0676660041347933	0.31641840967279194	0.31768096342993596	0.0005385300877951822	0.0005236584375725611	0.7256937471501018	0.7256937471501018	false	false	false	false	true	ok		0.817644669
daisy_mamil4_1_1em4	residual_lso_lm_bounded_log	Bounded LeastSquaresOptim LM log-space	residual_fastlm_bounded_log	Bounded FastLevenbergMarquardt log-space	fit_rank_81	fit_rank_81	0.3395742645266929	4.2061381940306095	0.0005389675219809908	0.0676660041347933	0.0676660041347933	0.327597439235245	0.327597439235245	0.000524684362217868	0.000524684362217868	0.678589278000412	0.678589278000412	false	false	false	true	true	ok		0.827752624
daisy_mamil4_1_1em4	residual_lso_lm_bounded_log	Bounded LeastSquaresOptim LM log-space	residual_fastlm_bounded_log	Bounded FastLevenbergMarquardt log-space	fit_rank_82	fit_rank_82	0.31636478782766175	0.9890062193214848	0.0005390152153882564	0.0676660041347933	0.0676660041347933	0.31636478782766175	0.3175800324346875	0.0005390152153882564	0.0005235704368094952	0.7271949190531013	0.7271949190531013	false	false	false	false	true	ok		0.767637868
daisy_mamil4_1_1em4	residual_lso_lm_bounded_log	Bounded LeastSquaresOptim LM log-space	residual_fastlm_bounded_log	Bounded FastLevenbergMarquardt log-space	fit_rank_84	fit_rank_84	0.3164055626270836	0.9840931762032212	0.0005395877160444124	0.0676660041347933	0.0676660041347933	0.3164055626270836	0.3172739980797932	0.0005395877160444124	0.0005223324497801238	0.7263302359926249	0.7263302359926249	false	false	false	false	true	ok		0.864778104
daisy_mamil4_1_1em4	residual_lso_lm_bounded_log	Bounded LeastSquaresOptim LM log-space	residual_fastlm_bounded_log	Bounded FastLevenbergMarquardt log-space	fit_rank_85	fit_rank_85	0.31655404271831783	0.9936530845161005	0.0005395981362510435	0.0676660041347933	0.0676660041347933	0.31655404271831783	0.3176469873094813	0.0005395981362510435	0.0005238238649250646	0.7276130575787475	0.7276130575787475	false	false	false	false	true	ok		0.816556141
daisy_mamil4_1_1em4	residual_lso_lm_bounded_log	Bounded LeastSquaresOptim LM log-space	residual_fastlm_bounded_log	Bounded FastLevenbergMarquardt log-space	fit_rank_86	fit_rank_86	0.33989980100714445	4.206563370129523	0.0005397660475670628	0.0676660041347933	0.0676660041347933	0.3276875901211315	0.3276875901211315	0.0005247608946679658	0.0005247608946679658	0.6786274225155564	0.6786274225155564	false	false	false	true	true	ok		0.873217248
daisy_mamil4_1_1em4	residual_lso_lm_bounded_log	Bounded LeastSquaresOptim LM log-space	residual_fastlm_bounded_log	Bounded FastLevenbergMarquardt log-space	fit_rank_87	fit_rank_87	0.34067472330462834	4.20692361807772	0.0005398544641053331	0.0676660041347933	0.0676660041347933	0.3276571940712115	0.3276571940712115	0.0005247226605998558	0.0005247226605998558	0.6786116076990991	0.6786116076990991	false	false	false	true	true	ok		0.740242842
daisy_mamil4_1_1em4	residual_lso_lm_bounded_log	Bounded LeastSquaresOptim LM log-space	residual_fastlm_bounded_log	Bounded FastLevenbergMarquardt log-space	fit_rank_88	fit_rank_88	0.3162820490099522	0.9971607990629094	0.0005402570450775805	0.0676660041347933	0.0676660041347933	0.3162820490099522	0.31776513164275	0.0005402570450775805	0.0005244980827550051	0.7280624398274524	0.7280624398274524	false	false	false	false	true	ok		0.813625096
daisy_mamil4_1_1em4	residual_lso_lm_bounded_log	Bounded LeastSquaresOptim LM log-space	residual_fastlm_bounded_log	Bounded FastLevenbergMarquardt log-space	fit_rank_89	fit_rank_89	0.34013616159357346	4.2058338861584765	0.0005402608872065083	0.0676660041347933	0.0676660041347933	0.3268179975566145	0.3268179975566145	0.0005242809718479016	0.0005242809718479016	0.6783276571485346	0.6783276571485346	false	false	false	true	true	ok		0.787187206
daisy_mamil4_1_1em4	residual_lso_lm_bounded_log	Bounded LeastSquaresOptim LM log-space	residual_fastlm_bounded_log	Bounded FastLevenbergMarquardt log-space	fit_rank_90	fit_rank_90,fit_rank_93	0.3405714240419652	4.2069048611772635	0.000540506392732667	0.0676660041347933	0.0676660041347933	0.32764881518269445	0.32764881518269445	0.0005248070391282579	0.0005248070391282579	0.67863086834329	0.67863086834329	false	false	false	true	true	ok		0.793083981
daisy_mamil4_1_1em4	residual_lso_lm_bounded_log	Bounded LeastSquaresOptim LM log-space	residual_fastlm_bounded_log	Bounded FastLevenbergMarquardt log-space	fit_rank_91	fit_rank_91	0.3398893907123596	4.206404047707298	0.0005408220307262468	0.0676660041347933	0.0676660041347933	0.3275965318877412	0.3275965318877412	0.0005247211742631973	0.0005247211742631973	0.6785981959333279	0.6785981959333279	false	false	false	true	true	ok		0.821930088
daisy_mamil4_1_1em4	residual_lso_lm_bounded_log	Bounded LeastSquaresOptim LM log-space	residual_fastlm_bounded_log	Bounded FastLevenbergMarquardt log-space	fit_rank_92	fit_rank_92	0.33962689099887117	4.206377075713764	0.0005416903884198793	0.0676660041347933	0.0676660041347933	0.32761613284461233	0.32761613284461233	0.0005247380259379999	0.0005247380259379999	0.6786064345451742	0.6786064345451742	false	false	false	true	true	ok		0.749481253
daisy_mamil4_1_1em4	residual_lso_lm_bounded_log	Bounded LeastSquaresOptim LM log-space	residual_fastlm_bounded_log	Bounded FastLevenbergMarquardt log-space	fit_rank_94	fit_rank_94,fit_rank_98	0.34164326597749567	4.207259768249327	0.0005423335256923055	0.0676660041347933	0.0676660041347933	0.3281728678353471	0.3281728678353471	0.0005251757276811821	0.0005251757276811821	0.6788445458518719	0.6788445458518719	false	false	false	true	true	ok		0.786225671
daisy_mamil4_1_1em4	residual_lso_lm_bounded_log	Bounded LeastSquaresOptim LM log-space	residual_fastlm_bounded_log	Bounded FastLevenbergMarquardt log-space	fit_rank_95	fit_rank_95	0.34123368379458596	4.206900619049733	0.0005424093412870339	0.0676660041347933	0.0676660041347933	0.32809121118948154	0.32809121118948154	0.0005252164047906611	0.0005252164047906611	0.678836796274168	0.678836796274168	false	false	false	true	true	ok		0.806919317
daisy_mamil4_1_1em4	residual_lso_lm_bounded_log	Bounded LeastSquaresOptim LM log-space	residual_fastlm_bounded_log	Bounded FastLevenbergMarquardt log-space	fit_rank_96	fit_rank_96	0.31693073142607164	0.9997785408662629	0.0005426266134124379	0.0676660041347933	0.0676660041347933	0.31693073142607164	0.31795499013430284	0.0005426266134124379	0.0005248188010068984	0.7274770720711556	0.7274770720711556	false	false	false	false	true	ok		0.83228513
daisy_mamil4_1_1em4	residual_lso_lm_bounded_log	Bounded LeastSquaresOptim LM log-space	residual_fastlm_bounded_log	Bounded FastLevenbergMarquardt log-space	fit_rank_97	fit_rank_97	0.3161132555131186	0.9905176007719074	0.0005426571281575447	0.0676660041347933	0.0676660041347933	0.3161132555131186	0.31719977107559627	0.0005426571281575447	0.0005226635606541478	0.7296389464812708	0.7296389464812708	false	false	false	false	true	ok		0.862358928
daisy_mamil4_1_1em4	residual_lso_lm_bounded_log	Bounded LeastSquaresOptim LM log-space	residual_fastlm_bounded_log	Bounded FastLevenbergMarquardt log-space	fit_rank_99	fit_rank_99	0.3165587176902612	0.996239239990165	0.0005433641454664407	0.0676660041347933	0.0676660041347933	0.3165587176902612	0.31756001214742857	0.0005433641454664407	0.000524056572751886	0.7299865738370384	0.7299865738370384	false	false	false	false	true	ok		0.767664072
daisy_mamil4_1_1em4	residual_lso_lm_bounded_log	Bounded LeastSquaresOptim LM log-space	residual_fastlm_bounded_log	Bounded FastLevenbergMarquardt log-space	fit_rank_100	fit_rank_100	0.3169647131292853	0.9980111175264657	0.0005440581079675542	0.0676660041347933	0.0676660041347933	0.3169647131292853	0.3176117500936272	0.0005440581079675542	0.0005241916943599386	0.730363172264153	0.730363172264153	false	false	false	false	true	ok		0.821731507
daisy_mamil4_1_1em4	residual_lso_lm_bounded_log	Bounded LeastSquaresOptim LM log-space	residual_fastlm_bounded_log	Bounded FastLevenbergMarquardt log-space	fit_rank_101	fit_rank_101	0.34237290676654347	4.2073402183827975	0.0005446620167083994	0.0676660041347933	0.0676660041347933	0.32735803110431044	0.32735803110431044	0.0005247407040748503	0.0005247407040748503	0.6785511331967502	0.6785511331967502	false	false	false	true	true	ok		0.832424271
daisy_mamil4_1_1em4	residual_lso_lm_bounded_log	Bounded LeastSquaresOptim LM log-space	residual_fastlm_bounded_log	Bounded FastLevenbergMarquardt log-space	fit_rank_102	fit_rank_102	0.31637829446816246	0.9913994468609226	0.0005454333026442659	0.0676660041347933	0.0676660041347933	0.31637829446816246	0.3172656385812769	0.0005454333026442659	0.000522698834900912	0.7289783583381635	0.7289783583381635	false	false	false	false	true	ok		0.803486368
daisy_mamil4_1_1em4	residual_lso_lm_bounded_log	Bounded LeastSquaresOptim LM log-space	residual_fastlm_bounded_log	Bounded FastLevenbergMarquardt log-space	fit_rank_103	fit_rank_103	0.3173013326297427	0.9979155547573668	0.0005464395040530633	0.0676660041347933	0.0676660041347933	0.3173013326297427	0.3176100304767476	0.0005464395040530633	0.0005246214899716345	0.7320742119552304	0.7320742119552304	false	false	false	false	true	ok		0.794218582
daisy_mamil4_1_1em4	residual_lso_lm_bounded_log	Bounded LeastSquaresOptim LM log-space	residual_fastlm_bounded_log	Bounded FastLevenbergMarquardt log-space	fit_rank_104	fit_rank_104	0.3179231665687292	0.9982541253265708	0.0005487871391139031	0.0676660041347933	0.0676660041347933	0.31758488206746566	0.31758488206746566	0.0005245944303010065	0.0005245944303010065	0.7140777246812208	0.7140777246812208	false	false	false	true	true	ok		0.871965505
daisy_mamil4_1_1em4	residual_lso_lm_bounded_log	Bounded LeastSquaresOptim LM log-space	residual_fastlm_bounded_log	Bounded FastLevenbergMarquardt log-space	fit_rank_105	fit_rank_105	0.33402690724570233	4.12524945626065	0.0005493752972063349	0.0676660041347933	0.0676660041347933	0.32108810834450124	0.32108810834450124	0.0005217801800482962	0.0005217801800482962	0.6764599095847105	0.6764599095847105	false	false	false	true	true	ok		0.753360155
daisy_mamil4_1_1em4	residual_lso_lm_bounded_log	Bounded LeastSquaresOptim LM log-space	residual_fastlm_bounded_log	Bounded FastLevenbergMarquardt log-space	fit_rank_106	fit_rank_106	0.31857962498804177	0.9973072094160863	0.0005543134183737618	0.0676660041347933	0.0676660041347933	0.3174260458855317	0.3174260458855317	0.0005236993565339477	0.0005236993565339477	0.7137425180851145	0.7137425180851145	false	false	false	true	true	ok		0.845783091
daisy_mamil4_1_1em4	residual_lso_lm_bounded_log	Bounded LeastSquaresOptim LM log-space	residual_fastlm_bounded_log	Bounded FastLevenbergMarquardt log-space	fit_rank_107	fit_rank_107	0.3453186741336433	4.208349746000729	0.0005547489804295144	0.0676660041347933	0.0676660041347933	0.3273925030043517	0.3273925030043517	0.0005247449759734739	0.0005247449759734739	0.6785607762786582	0.6785607762786582	false	false	false	true	true	ok		0.821490274
daisy_mamil4_1_1em4	residual_lso_lm_bounded_log	Bounded LeastSquaresOptim LM log-space	residual_fastlm_bounded_log	Bounded FastLevenbergMarquardt log-space	fit_rank_108	fit_rank_108	0.34823500580167016	4.206171957080231	0.0005589429909173965	0.0676660041347933	0.0676660041347933	0.32656278220769475	0.32656278220769475	0.0005243190686587569	0.0005243190686587569	0.6782704938660649	0.6782704938660649	false	false	false	true	true	ok		0.774481281
daisy_mamil4_1_1em4	residual_lso_lm_bounded_log	Bounded LeastSquaresOptim LM log-space	residual_fastlm_bounded_log	Bounded FastLevenbergMarquardt log-space	fit_rank_109	fit_rank_109	0.319865301420335	0.9999048569116995	0.0005635783109518837	0.0676660041347933	0.0676660041347933	0.31762223885117785	0.31762223885117785	0.0005248858901507184	0.0005248858901507184	0.7141958119343279	0.7141958119343279	false	false	false	true	true	ok		0.832548251
daisy_mamil4_1_1em4	residual_lso_lm_bounded_log	Bounded LeastSquaresOptim LM log-space	residual_fastlm_bounded_log	Bounded FastLevenbergMarquardt log-space	fit_rank_110	fit_rank_110	0.3505587664000944	4.210006247589275	0.0005659728014566489	0.0676660041347933	0.0676660041347933	0.3269636922983014	0.3269636922983014	0.0005245535348520577	0.0005245535348520577	0.6784197686089032	0.6784197686089032	false	false	false	true	true	ok		0.726660828
daisy_mamil4_1_1em4	residual_lso_lm_bounded_log	Bounded LeastSquaresOptim LM log-space	residual_fastlm_bounded_log	Bounded FastLevenbergMarquardt log-space	fit_rank_111	fit_rank_111	0.3527751125672152	4.210697670871727	0.0005740572576996006	0.0676660041347933	0.0676660041347933	0.3282709643290898	0.3282709643290898	0.0005254991278379367	0.0005254991278379367	0.6789591163851298	0.6789591163851298	false	false	false	true	true	ok		0.74475213
daisy_mamil4_1_1em4	residual_lso_lm_bounded_log	Bounded LeastSquaresOptim LM log-space	residual_fastlm_bounded_log	Bounded FastLevenbergMarquardt log-space	fit_rank_112	fit_rank_112	0.3310772439395944	0.9983560322805064	0.0006082348024366253	0.0676660041347933	0.0676660041347933	0.3177260424165382	0.3177260424165382	0.0005245409272169833	0.0005245409272169833	0.7140243594569402	0.7140243594569402	false	false	false	true	true	ok		0.789813902
daisy_mamil4_1_1em4	residual_lso_lm_bounded_log	Bounded LeastSquaresOptim LM log-space	residual_fastlm_bounded_log	Bounded FastLevenbergMarquardt log-space	fit_rank_113	fit_rank_113	0.33578072041225593	0.9926901152990736	0.0006398040469736306	0.0676660041347933	0.0676660041347933	0.3174476180998257	0.3174476180998257	0.0005247541488717638	0.0005247541488717638	0.7142113456175014	0.7142113456175014	false	false	false	true	true	ok		0.693976659
daisy_mamil4_1_1em4	residual_lso_lm_bounded_log	Bounded LeastSquaresOptim LM log-space	residual_fastlm_bounded_log	Bounded FastLevenbergMarquardt log-space	fit_rank_114	fit_rank_114	0.3590011099417482	1.2454406969864398	0.00064421458191595	0.0676660041347933	0.0676660041347933	0.35899630696774226	0.35899630696774226	0.000643712046672008	0.000643712046672008	0.6823908506295447	0.6823908506295447	false	false	false	true	true	ok		0.504322206
daisy_mamil4_1_1em4	residual_lso_lm_bounded_log	Bounded LeastSquaresOptim LM log-space	residual_fastlm_bounded_log	Bounded FastLevenbergMarquardt log-space	fit_rank_115	fit_rank_115	0.3420225893549362	1.6103693448761907	0.0009095626726555938	0.0676660041347933	0.0676660041347933	0.22325481154645754	0.22325481154645754	0.00039769790332677544	0.00039769790332677544	0.5829356136636032	0.5829356136636032	false	false	false	true	true	ok		0.677416005
daisy_mamil4_1_1em4	residual_lso_lm_bounded_log	Bounded LeastSquaresOptim LM log-space	residual_fastlm_bounded_log	Bounded FastLevenbergMarquardt log-space	fit_rank_116	fit_rank_116	0.3840619478523739	3.9617396267084524	0.0009844992240617785	0.0676660041347933	0.0676660041347933	0.3840619478523739	0.4127965995253425	0.0009844992240617785	1.0418750401493985e-5	0.7462723740460693	0.7462723740460693	false	false	false	false	true	ok		0.797719877
daisy_mamil4_1_1em4	residual_lso_lm_bounded_log	Bounded LeastSquaresOptim LM log-space	residual_fastlm_bounded_log	Bounded FastLevenbergMarquardt log-space	fit_rank_117	fit_rank_117	0.3138892964248676	0.9607295027039453	0.0011368138913509973	0.0676660041347933	0.0676660041347933	0.3138892964248676	0.3486147863250462	0.0011368138913509973	1.0431655944872548e-5	0.6494921738954509	0.6494921738954509	false	false	false	false	true	ok		0.732038106
daisy_mamil4_1_1em4	residual_lso_lm_bounded_log	Bounded LeastSquaresOptim LM log-space	residual_fastlm_bounded_log	Bounded FastLevenbergMarquardt log-space	fit_rank_118	fit_rank_118	0.3657997447856011	1.6108742556598115	0.0021655638320934086	0.0676660041347933	0.0676660041347933	0.36574932019020223	0.36574932019020223	0.0021641989488874608	0.0021641989488874608	0.7413182289290271	0.7413182289290271	false	false	false	true	true	ok		0.535661311
daisy_mamil4_1_1em4	residual_lso_lm_bounded_log	Bounded LeastSquaresOptim LM log-space	residual_fastlm_bounded_log	Bounded FastLevenbergMarquardt log-space	fit_rank_119	fit_rank_119	0.36384611105802805	0.9999880668257757	0.002428721719194519	0.0676660041347933	0.0676660041347933	0.36384607838949046	0.36384607838949046	0.0024286883500037656	0.0024286883500037656	0.7567075658659363	0.7567075658659363	false	false	false	true	true	ok		0.532495908
daisy_mamil4_1_1em4	residual_lso_lm_bounded_log	Bounded LeastSquaresOptim LM log-space	residual_fastlm_bounded_log	Bounded FastLevenbergMarquardt log-space	fit_rank_120	fit_rank_120,fit_rank_121,fit_rank_131	0.4065405227947906	4.218737930434689	0.0024301273313018347	0.0676660041347933	0.0676660041347933	0.406540511301409	0.406540511301409	0.0024301273055947884	0.0024301273055947884	0.7492691910143423	0.7492691910143423	false	false	false	true	true	ok		0.592279596
daisy_mamil4_1_1em4	residual_lso_lm_bounded_log	Bounded LeastSquaresOptim LM log-space	residual_fastlm_bounded_log	Bounded FastLevenbergMarquardt log-space	fit_rank_122	fit_rank_122,fit_rank_123	0.3639984592118417	0.9999880668257757	0.0024301409546323184	0.0676660041347933	0.0676660041347933	0.36399891269014867	0.36399891269014867	0.002430140914881074	0.002430140914881074	0.7567075658659363	0.7567075658659363	false	false	false	false	true	ok		0.536683432
daisy_mamil4_1_1em4	residual_lso_lm_bounded_log	Bounded LeastSquaresOptim LM log-space	residual_fastlm_bounded_log	Bounded FastLevenbergMarquardt log-space	fit_rank_124	fit_rank_124,fit_rank_125	2.8299944432162842	13.970059880239523	0.0024323159097509334	0.0676660041347933	0.0676660041347933	1.1041293519915882	1.1041293519915882	0.0005057698663298642	0.0005057698663298642	0.6961556489649253	0.6961556489649253	false	false	false	true	true	ok		0.498219309
daisy_mamil4_1_1em4	residual_lso_lm_bounded_log	Bounded LeastSquaresOptim LM log-space	residual_fastlm_bounded_log	Bounded FastLevenbergMarquardt log-space	fit_rank_126	fit_rank_126,fit_rank_129,fit_rank_130	3.0105605238332482	93.33962264150945	0.002433012538724588	0.0676660041347933	0.0676660041347933	0.9783789139725783	0.9783789139725783	0.0005073977710589603	0.0005073977710589603	0.9459139743136764	0.9459139743136764	false	false	false	true	true	ok		0.577337284
daisy_mamil4_1_1em4	residual_lso_lm_bounded_log	Bounded LeastSquaresOptim LM log-space	residual_fastlm_bounded_log	Bounded FastLevenbergMarquardt log-space	fit_rank_127	fit_rank_127,fit_rank_128	3.0105549923326995	93.33962264150945	0.0024330244835240314	0.0676660041347933	0.0676660041347933	0.928804471589047	0.928804471589047	0.00038870283423456575	0.00038870283423456575	0.9429165650982693	0.9429165650982693	false	false	false	true	true	ok		0.591247916
daisy_mamil4_1_1em4	residual_lso_lm_bounded_log	Bounded LeastSquaresOptim LM log-space	residual_fastlm_bounded_log	Bounded FastLevenbergMarquardt log-space	fit_rank_132	fit_rank_132	4.1370710520270215	18.08396946564886	0.1170328835529005	0.0676660041347933	0.0676660041347933	0.43671863340942285	0.43671863340942285	0.00010729089595654333	0.00010729089595654333	0.5674823167888036	0.5674823167888036	false	false	false	true	true	ok		0.622825965
daisy_mamil4_1_1em4	residual_fastlm_bounded_log	Bounded FastLevenbergMarquardt log-space	scalar_log	Scalar log-space	fit_rank_1	fit_rank_1	0.0676660041347933	0.25534032442134347	9.969644611738672e-6	0.1827911400661779	0.4573293689767788	0.026344176165839797	0.026344176165839797	9.966687982196561e-6	9.966687982196561e-6	0.5766099736889195	0.7757320987410423	false	false	false	true	true	ok		4.759794205
daisy_mamil4_1_1em4	residual_fastlm_bounded_log	Bounded FastLevenbergMarquardt log-space	scalar_log	Scalar log-space	fit_rank_2	fit_rank_2	0.14340570796372784	0.49613036650798875	9.99150562224336e-6	0.1827911400661779	0.4573293689767788	0.0890652550022685	0.0890652550022685	9.972757154456073e-6	9.972757154456073e-6	0.696772208684571	0.6342735273884372	false	false	false	true	true	ok		4.080408023
daisy_mamil4_1_1em4	residual_fastlm_bounded_log	Bounded FastLevenbergMarquardt log-space	scalar_log	Scalar log-space	fit_rank_3	fit_rank_3	0.2146514584061185	0.6495502375552863	1.0056671771516793e-5	0.1827911400661779	0.4573293689767788	0.15750460752786133	0.15750460752786133	9.999682972526902e-6	9.999682972526902e-6	0.8032557650303113	0.4832262234491769	false	false	false	true	true	ok		4.019433627
daisy_mamil4_1_1em4	residual_fastlm_bounded_log	Bounded FastLevenbergMarquardt log-space	scalar_log	Scalar log-space	fit_rank_4	fit_rank_4	0.21700490710026152	0.6532365008805124	1.0060123590195175e-5	0.1827911400661779	0.4573293689767788	0.14935177471560596	0.14935177471560596	9.994616569269922e-6	9.994616569269922e-6	0.7922087517943945	0.5008403616115427	false	false	false	true	true	ok		4.702305986
daisy_mamil4_1_1em4	residual_fastlm_bounded_log	Bounded FastLevenbergMarquardt log-space	scalar_log	Scalar log-space	fit_rank_5	fit_rank_5	0.263244647377138	0.8146492236141768	1.0147201122359652e-5	0.1827911400661779	0.4573293689767788	0.1899560961224354	0.1899560961224354	1.0026435165472631e-5	1.0026435165472631e-5	0.8415492152471186	0.41425330185401743	false	false	false	true	true	ok		4.824963817
daisy_mamil4_1_1em4	residual_fastlm_bounded_log	Bounded FastLevenbergMarquardt log-space	scalar_log	Scalar log-space	fit_rank_6	fit_rank_6	0.36011324930263533	7.855070658438815	1.0201707104088642e-5	0.1827911400661779	0.4573293689767788	0.32368110982477083	0.32368110982477083	1.0062727644951508e-5	1.0062727644951508e-5	0.6889655694908641	0.9353253185032736	false	false	false	true	true	ok		3.873621264
daisy_mamil4_1_1em4	residual_fastlm_bounded_log	Bounded FastLevenbergMarquardt log-space	scalar_log	Scalar log-space	fit_rank_7	fit_rank_7	0.32353328771120926	1.1134074160437901	1.043650827198755e-5	0.1827911400661779	0.4573293689767788	0.2571059468307976	0.2571059468307976	1.0130760328746062e-5	1.0130760328746062e-5	0.8899641742798924	0.28128614048462675	false	false	false	true	true	ok		4.105377216
daisy_mamil4_1_1em4	residual_fastlm_bounded_log	Bounded FastLevenbergMarquardt log-space	scalar_log	Scalar log-space	fit_rank_8	fit_rank_8	0.3733795558712747	1.3776010578885995	1.0553288434389683e-5	0.1827911400661779	0.4573293689767788	0.31211650286838105	0.31211650286838105	1.0287229616434983e-5	1.0287229616434983e-5	0.8965410679584578	0.18596018072000167	false	false	false	true	true	ok		4.719455425
daisy_mamil4_1_1em4	residual_fastlm_bounded_log	Bounded FastLevenbergMarquardt log-space	scalar_log	Scalar log-space	fit_rank_9	fit_rank_9	0.4341831107784425	10.188908942016042	1.0588286708292491e-5	0.1827911400661779	0.4573293689767788	0.3921897328468207	0.3921897328468207	1.0310232881415508e-5	1.0310232881415508e-5	0.7905526538916113	0.9915659812836878	false	false	false	true	true	ok		3.82062278
daisy_mamil4_1_1em4	residual_fastlm_bounded_log	Bounded FastLevenbergMarquardt log-space	scalar_log	Scalar log-space	fit_rank_10	fit_rank_10,fit_rank_11,fit_rank_12	0.38435452850584734	1.436956313781152	1.0616989744690647e-5	0.1827911400661779	0.4573293689767788	0.3153251272722847	0.3153251272722847	1.0296481732328244e-5	1.0296481732328244e-5	0.8960327062706585	0.18082671177040716	false	false	false	true	true	ok		4.335378383
daisy_mamil4_1_1em4	residual_fastlm_bounded_log	Bounded FastLevenbergMarquardt log-space	scalar_log	Scalar log-space	fit_rank_13	fit_rank_13	0.3870260345089417	1.4514407162006928	1.0626015943861504e-5	0.1827911400661779	0.4573293689767788	0.3290584529817342	0.3290584529817342	1.0348020279009078e-5	1.0348020279009078e-5	0.8928384892971084	0.1594235503785136	false	false	false	true	true	ok		4.375672939
daisy_mamil4_1_1em4	residual_fastlm_bounded_log	Bounded FastLevenbergMarquardt log-space	scalar_log	Scalar log-space	fit_rank_14	fit_rank_14	0.4482479884267641	10.630645954356801	1.0640817842366126e-5	0.1827911400661779	0.4573293689767788	0.3912236641906216	0.3912236641906216	1.0304086507224288e-5	1.0304086507224288e-5	0.7899653345343561	0.9915396677996683	false	false	false	true	true	ok		4.714895181
daisy_mamil4_1_1em4	residual_fastlm_bounded_log	Bounded FastLevenbergMarquardt log-space	scalar_log	Scalar log-space	fit_rank_15	fit_rank_15	0.3918394623968739	1.4775717248095215	1.0659653382093725e-5	0.1827911400661779	0.4573293689767788	0.3398040561103557	0.3398040561103557	1.0391973786999498e-5	1.0391973786999498e-5	0.8891602653205243	0.14320520279557988	false	false	false	true	true	ok		3.962149611
daisy_mamil4_1_1em4	residual_fastlm_bounded_log	Bounded FastLevenbergMarquardt log-space	scalar_log	Scalar log-space	fit_rank_16	fit_rank_16	0.4516896106540002	10.738775140938497	1.066239950364554e-5	0.1827911400661779	0.4573293689767788	0.4089867436700975	0.4089867436700975	1.0393033833442475e-5	1.0393033833442475e-5	0.8001228135919769	0.9919924276625043	false	false	false	true	true	ok		3.978826608
daisy_mamil4_1_1em4	residual_fastlm_bounded_log	Bounded FastLevenbergMarquardt log-space	scalar_log	Scalar log-space	fit_rank_17	fit_rank_17,fit_rank_18,fit_rank_19	0.39335025968368514	1.4857849040223021	1.066996927898598e-5	0.1827911400661779	0.4573293689767788	0.3470429907969213	0.3470429907969213	1.0425486430221338e-5	1.0425486430221338e-5	0.8862082446598207	0.1327443835984584	false	false	false	true	true	ok		4.442289175
daisy_mamil4_1_1em4	residual_fastlm_bounded_log	Bounded FastLevenbergMarquardt log-space	scalar_log	Scalar log-space	fit_rank_20	fit_rank_20,fit_rank_21	0.3958441191609147	1.4993443676650913	1.0683618509001308e-5	0.1827911400661779	0.4573293689767788	0.34959955409988785	0.34959955409988785	1.0436581166292331e-5	1.0436581166292331e-5	0.885049570727942	0.12907407934044238	false	false	false	true	true	ok		3.891148179
daisy_mamil4_1_1em4	residual_fastlm_bounded_log	Bounded FastLevenbergMarquardt log-space	scalar_log	Scalar log-space	fit_rank_22	fit_rank_22	0.39960868908652625	1.5198305753293255	1.0698103726737055e-5	0.1827911400661779	0.4573293689767788	0.3500552152489455	0.3500552152489455	1.0438795513781004e-5	1.0438795513781004e-5	0.8848378078720591	0.12842340377263858	false	false	false	true	true	ok		3.939458996
daisy_mamil4_1_1em4	residual_fastlm_bounded_log	Bounded FastLevenbergMarquardt log-space	scalar_log	Scalar log-space	fit_rank_23	fit_rank_23,fit_rank_24	0.45906585294074775	10.970589592316953	1.0717502823137122e-5	0.1827911400661779	0.4573293689767788	0.4134654655859804	0.4134654655859804	1.0421357391992175e-5	1.0421357391992175e-5	0.8025273617650696	0.9920988910187718	false	false	false	true	true	ok		4.218151745
daisy_mamil4_1_1em4	residual_fastlm_bounded_log	Bounded FastLevenbergMarquardt log-space	scalar_log	Scalar log-space	fit_rank_25	fit_rank_25	0.40582976232685547	1.553725947744245	1.0735066418182541e-5	0.1827911400661779	0.4573293689767788	0.3543722195665372	0.3543722195665372	1.0456436214121971e-5	1.0456436214121971e-5	0.8827482502801622	0.1223032398512145	false	false	false	true	true	ok		4.723090174
daisy_mamil4_1_1em4	residual_fastlm_bounded_log	Bounded FastLevenbergMarquardt log-space	scalar_log	Scalar log-space	fit_rank_26	fit_rank_26	0.46166824407977886	11.052386511036135	1.0738893893402018e-5	0.1827911400661779	0.4573293689767788	0.42344567052792825	0.42344567052792825	1.0474935247544287e-5	1.0474935247544287e-5	0.8076723950125488	0.992325778188471	false	false	false	true	true	ok		3.928984096
daisy_mamil4_1_1em4	residual_fastlm_bounded_log	Bounded FastLevenbergMarquardt log-space	scalar_log	Scalar log-space	fit_rank_27	fit_rank_27,fit_rank_36	0.46391902936450075	11.123135743586303	1.0756795891211077e-5	0.1827911400661779	0.4573293689767788	0.42705641075029505	0.42705641075029505	1.0495769756878349e-5	1.0495769756878349e-5	0.8094723237348914	0.9924048594664235	false	false	false	true	true	ok		3.932340854
daisy_mamil4_1_1em4	residual_fastlm_bounded_log	Bounded FastLevenbergMarquardt log-space	scalar_log	Scalar log-space	fit_rank_28	fit_rank_28	0.4008484218713797	1.5265921263645603	1.0759067729241469e-5	0.1827911400661779	0.4573293689767788	0.3523743597128122	0.3523743597128122	1.0447286585715223e-5	1.0447286585715223e-5	0.8836822208957033	0.12503295350990373	false	false	false	true	true	ok		3.942421549
daisy_mamil4_1_1em4	residual_fastlm_bounded_log	Bounded FastLevenbergMarquardt log-space	scalar_log	Scalar log-space	fit_rank_29	fit_rank_29,fit_rank_31	0.46607592404706893	11.19092982396499	1.0763908929951653e-5	0.1827911400661779	0.4573293689767788	0.42917271748202585	0.42917271748202585	1.050835203700501e-5	1.050835203700501e-5	0.8105187416995886	0.9924507652604779	false	false	false	true	true	ok		4.755120707
daisy_mamil4_1_1em4	residual_fastlm_bounded_log	Bounded FastLevenbergMarquardt log-space	scalar_log	Scalar log-space	fit_rank_30	fit_rank_30	0.46540323857282634	11.169767876022084	1.0766963382081525e-5	0.1827911400661779	0.4573293689767788	0.4276369637698127	0.4276369637698127	1.0499019482348842e-5	1.0499019482348842e-5	0.8097659731139474	0.9924177468517288	false	false	false	true	true	ok		3.956532464
daisy_mamil4_1_1em4	residual_fastlm_bounded_log	Bounded FastLevenbergMarquardt log-space	scalar_log	Scalar log-space	fit_rank_32	fit_rank_32	0.467769593182846	11.244147562010467	1.078628791200735e-5	0.1827911400661779	0.4573293689767788	0.41835652292979636	0.41835652292979636	1.0448569385236824e-5	1.0448569385236824e-5	0.8050801649326951	0.992211620479335	false	false	false	true	true	ok		4.469053178
daisy_mamil4_1_1em4	residual_fastlm_bounded_log	Bounded FastLevenbergMarquardt log-space	scalar_log	Scalar log-space	fit_rank_33	fit_rank_33,fit_rank_34	0.46896833739482713	11.281840263153658	1.078631331473851e-5	0.1827911400661779	0.4573293689767788	0.4201638884709349	0.4201638884709349	1.0454971366295657e-5	1.0454971366295657e-5	0.8060156428432045	0.9922528537284425	false	false	false	true	true	ok		4.773825586
daisy_mamil4_1_1em4	residual_fastlm_bounded_log	Bounded FastLevenbergMarquardt log-space	scalar_log	Scalar log-space	fit_rank_35	fit_rank_35	0.47071230445935563	11.336616050602158	1.081014287345099e-5	0.1827911400661779	0.4573293689767788	0.4340650886884816	0.4340650886884816	1.0538685573540928e-5	1.0538685573540928e-5	0.8128777402744942	0.9925540665983621	false	false	false	true	true	ok		4.437572337
daisy_mamil4_1_1em4	residual_fastlm_bounded_log	Bounded FastLevenbergMarquardt log-space	scalar_log	Scalar log-space	fit_rank_37	fit_rank_37,fit_rank_38,fit_rank_39,fit_rank_40	0.47511972353164456	11.47514058103906	1.0834040950832814e-5	0.1827911400661779	0.4573293689767788	0.4313222892884032	0.4313222892884032	1.0521636662851118e-5	1.0521636662851118e-5	0.8115620984220292	0.9924964860610815	false	false	false	true	true	ok		4.471372915
daisy_mamil4_1_1em4	residual_fastlm_bounded_log	Bounded FastLevenbergMarquardt log-space	scalar_log	Scalar log-space	fit_rank_41	fit_rank_41,fit_rank_42	0.4759879758872834	11.502476902850777	1.0839000976387828e-5	0.1827911400661779	0.4573293689767788	0.44352600718861157	0.44352600718861157	1.0600100384421479e-5	1.0600100384421479e-5	0.817277640147386	0.9927460515380714	false	false	false	true	true	ok		3.987127112
daisy_mamil4_1_1em4	residual_fastlm_bounded_log	Bounded FastLevenbergMarquardt log-space	scalar_log	Scalar log-space	fit_rank_43	fit_rank_43	0.4791675460231201	11.602407377843967	1.0865065727407681e-5	0.1827911400661779	0.4573293689767788	0.44122007485819387	0.44122007485819387	1.0584808178003397e-5	1.0584808178003397e-5	0.8162221197498196	0.9927000764703835	false	false	false	true	true	ok		5.185567258
daisy_mamil4_1_1em4	residual_fastlm_bounded_log	Bounded FastLevenbergMarquardt log-space	scalar_log	Scalar log-space	fit_rank_44	fit_rank_44	0.4800714193305855	11.630805185507768	1.087235397102473e-5	0.1827911400661779	0.4573293689767788	0.44019174515091386	0.44019174515091386	1.0582220351400785e-5	1.0582220351400785e-5	0.8157489422746167	0.9926794497216836	false	false	false	true	true	ok		4.46321459
daisy_mamil4_1_1em4	residual_fastlm_bounded_log	Bounded FastLevenbergMarquardt log-space	scalar_log	Scalar log-space	fit_rank_45	fit_rank_45	0.4297975851157271	1.6846696294489778	1.0886326347215804e-5	0.1827911400661779	0.4573293689767788	0.3839536620019157	0.3839536620019157	1.0605511544923372e-5	1.0605511544923372e-5	0.8647028127389702	0.08264946231472982	false	false	false	true	true	ok		4.46749763
daisy_mamil4_1_1em4	residual_fastlm_bounded_log	Bounded FastLevenbergMarquardt log-space	scalar_log	Scalar log-space	fit_rank_46	fit_rank_46	0.4320412782474261	1.696575812616731	1.091123399299347e-5	0.1827911400661779	0.4573293689767788	0.4017021388890816	0.4017021388890816	1.0707256368178415e-5	1.0707256368178415e-5	0.8936603912408576	0.06063125311329453	false	false	false	true	true	ok		4.572180309
daisy_mamil4_1_1em4	residual_fastlm_bounded_log	Bounded FastLevenbergMarquardt log-space	scalar_log	Scalar log-space	fit_rank_47	fit_rank_47	0.4908779180121758	11.970880726696402	1.0961735163476074e-5	0.1827911400661779	0.4573293689767788	0.4774928614573775	0.4774928614573775	1.0850379968966638e-5	1.0850379968966638e-5	0.8315040369789052	0.9933607409172145	false	false	false	true	true	ok		3.827099677
daisy_mamil4_1_1em4	residual_fastlm_bounded_log	Bounded FastLevenbergMarquardt log-space	scalar_log	Scalar log-space	fit_rank_48	fit_rank_48	0.4946223878829578	12.088594809153665	1.0995376389856393e-5	0.1827911400661779	0.4573293689767788	0.4800752014965746	0.4800752014965746	1.0870846231504584e-5	1.0870846231504584e-5	0.8324994310040894	0.9934034063832154	false	false	false	true	true	ok		3.931561412
daisy_mamil4_1_1em4	residual_fastlm_bounded_log	Bounded FastLevenbergMarquardt log-space	scalar_log	Scalar log-space	fit_rank_49	fit_rank_49	0.44757062305439116	1.7818372489049148	1.1010677375805064e-5	0.1827911400661779	0.4573293689767788	0.4264841505674084	0.4264841505674084	1.0864101292334544e-5	1.0864101292334544e-5	0.9421382700864569	0.03216463231242096	false	false	false	true	true	ok		4.41596144
daisy_mamil4_1_1em4	residual_fastlm_bounded_log	Bounded FastLevenbergMarquardt log-space	scalar_log	Scalar log-space	fit_rank_50	fit_rank_50,fit_rank_51	0.5053845807898569	12.43305256742588	1.1110788067569537e-5	0.1827911400661779	0.4573293689767788	0.5040531136335346	0.5040531136335346	1.1078385662004324e-5	1.1078385662004324e-5	0.8411773956736674	0.9937734914013687	false	false	false	true	true	ok		4.369669293
daisy_mamil4_1_1em4	residual_fastlm_bounded_log	Bounded FastLevenbergMarquardt log-space	scalar_log	Scalar log-space	fit_rank_52	fit_rank_52	0.5514241593391052	14.232140397130326	1.8202629432658402e-5	0.1827911400661779	0.4573293689767788	0.5041929652398566	0.5041929652398566	1.10796992662952e-5	1.10796992662952e-5	0.8412253527059644	0.9937755272894209	false	false	false	true	true	ok		3.7874653
daisy_mamil4_1_1em4	residual_fastlm_bounded_log	Bounded FastLevenbergMarquardt log-space	scalar_log	Scalar log-space	fit_rank_53	fit_rank_53	0.5620126455175285	14.652242521174852	2.3809554724362414e-5	0.1827911400661779	0.4573293689767788	0.4983211815862995	0.4983211815862995	1.1026626242597014e-5	1.1026626242597014e-5	0.8391855949312363	0.9936888447092654	false	false	false	true	true	ok		3.840393599
daisy_mamil4_1_1em4	residual_fastlm_bounded_log	Bounded FastLevenbergMarquardt log-space	scalar_log	Scalar log-space	fit_rank_54	fit_rank_54	0.537263137206929	13.64837441536709	2.4585307682574876e-5	0.1827911400661779	0.4573293689767788	0.5042037695735434	0.5042037695735434	1.1079731895101792e-5	1.1079731895101792e-5	0.8412289987692982	0.9937756820691589	false	false	false	true	true	ok		3.776974714
daisy_mamil4_1_1em4	residual_fastlm_bounded_log	Bounded FastLevenbergMarquardt log-space	scalar_log	Scalar log-space	fit_rank_55	fit_rank_55	0.5217219734509452	2.2196346320490727	2.9993309502755953e-5	0.1827911400661779	0.4573293689767788	0.45603217061375706	0.45603217061375706	1.1073134182499863e-5	1.1073134182499863e-5	0.997608440013407	0.0012870324736064603	false	false	false	true	true	ok		4.59238185
daisy_mamil4_1_1em4	residual_fastlm_bounded_log	Bounded FastLevenbergMarquardt log-space	scalar_log	Scalar log-space	fit_rank_56	fit_rank_56	0.5776044794357106	2.5203546576331566	3.5716473713888e-5	0.1827911400661779	0.4573293689767788	0.4568748186921412	0.4568748186921412	1.1079473295768276e-5	1.1079473295768276e-5	0.9991570146958568	0.0004496007012722994	false	true	true	true	true	ok		3.777907238
daisy_mamil4_1_1em4	residual_fastlm_bounded_log	Bounded FastLevenbergMarquardt log-space	scalar_log	Scalar log-space	fit_rank_57	fit_rank_57	0.5765056318354097	3.0425770320204566	4.370625962934899e-5	0.1827911400661779	0.4573293689767788	0.45808514345803314	0.45808514345803314	9.97708765122002e-6	9.97708765122002e-6	0.999993994999774	0.8083970212894792	false	false	false	true	true	ok		2.790951512
daisy_mamil4_1_1em4	residual_fastlm_bounded_log	Bounded FastLevenbergMarquardt log-space	scalar_log	Scalar log-space	fit_rank_58	fit_rank_58	0.590702758970069	2.586662724366703	4.948254663817752e-5	0.1827911400661779	0.4573293689767788	0.38092524076222267	0.38092524076222267	1.0589104152826283e-5	1.0589104152826283e-5	0.8668372689516676	0.0865337659466502	false	false	false	true	true	ok		3.820769209
daisy_mamil4_1_1em4	residual_fastlm_bounded_log	Bounded FastLevenbergMarquardt log-space	scalar_log	Scalar log-space	fit_rank_59	fit_rank_59	0.4791846016509822	1.9734217636633298	5.4796769586078656e-5	0.1827911400661779	0.4573293689767788	0.3123586524061197	0.3123586524061197	1.0286664073124221e-5	1.0286664073124221e-5	0.8964891116270778	0.18549268343287126	false	false	false	true	true	ok		4.134914199
daisy_mamil4_1_1em4	residual_fastlm_bounded_log	Bounded FastLevenbergMarquardt log-space	scalar_log	Scalar log-space	fit_rank_60	fit_rank_60	0.14158651742742173	0.5982817857803985	6.095177501523282e-5	0.1827911400661779	0.4573293689767788	0.10874258189694233	0.10874258189694233	9.971322143176646e-6	9.971322143176646e-6	0.276867866940513	0.999989409498693	false	false	false	true	true	ok		4.561251803
daisy_mamil4_1_1em4	residual_fastlm_bounded_log	Bounded FastLevenbergMarquardt log-space	scalar_log	Scalar log-space	fit_rank_61	fit_rank_61	0.6471795467888133	2.915025131039389	6.651076451469858e-5	0.1827911400661779	0.4573293689767788	0.45693616652101915	0.45693616652101915	1.1079950319042826e-5	1.1079950319042826e-5	0.9992692743435619	0.0003889438269720547	false	true	true	true	true	ok		3.831975644
daisy_mamil4_1_1em4	residual_fastlm_bounded_log	Bounded FastLevenbergMarquardt log-space	scalar_log	Scalar log-space	fit_rank_62	fit_rank_62	0.43377229054902855	1.574845519528509	9.191949657098999e-5	0.1827911400661779	0.4573293689767788	0.23423118586112096	0.23423118586112096	1.0509477428907986e-5	1.0509477428907986e-5	0.1245165540110569	0.9999917513647089	false	false	false	true	true	ok		3.81332601
daisy_mamil4_1_1em4	residual_fastlm_bounded_log	Bounded FastLevenbergMarquardt log-space	scalar_log	Scalar log-space	fit_rank_63	fit_rank_63	0.7882148200867533	22.646770251761282	0.00013582596915713064	0.1827911400661779	0.4573293689767788	0.5029977934645248	0.5029977934645248	1.1068777695320956e-5	1.1068777695320956e-5	0.8408143891769155	0.9937580776220728	false	false	false	true	true	ok		4.628507115
daisy_mamil4_1_1em4	residual_fastlm_bounded_log	Bounded FastLevenbergMarquardt log-space	scalar_log	Scalar log-space	fit_rank_64	fit_rank_64	0.44810152211713716	10.562463776455902	0.00016428136691316926	0.1827911400661779	0.4573293689767788	0.41359016436077817	0.41359016436077817	1.0417954253389357e-5	1.0417954253389357e-5	0.8025929885978813	0.9921017928785175	false	false	false	true	true	ok		3.858200107
daisy_mamil4_1_1em4	residual_fastlm_bounded_log	Bounded FastLevenbergMarquardt log-space	scalar_log	Scalar log-space	fit_rank_65	fit_rank_65	0.8147078962330485	3.8036817499293876	0.00018203169914998517	0.1827911400661779	0.4573293689767788	0.4573269198664412	0.4573269198664412	1.1082865536939721e-5	1.1082865536939721e-5	0.9999828226065279	3.553912804551699e-6	false	true	true	true	true	ok		1.160627722
daisy_mamil4_1_1em4	residual_fastlm_bounded_log	Bounded FastLevenbergMarquardt log-space	scalar_log	Scalar log-space	fit_rank_66	fit_rank_66	0.8660895618955342	5.253750219215947	0.00021338202226195278	0.1827911400661779	0.4573293689767788	0.8051065253583393	0.8051065253583393	0.00017459477025455618	0.00017459477025455618	0.9999969252712346	0.6542879121452222	false	false	false	true	true	ok		4.406368704
daisy_mamil4_1_1em4	residual_fastlm_bounded_log	Bounded FastLevenbergMarquardt log-space	scalar_log	Scalar log-space	fit_rank_67	fit_rank_67	0.8712079369582855	5.316001191221146	0.00022505059038787874	0.1827911400661779	0.4573293689767788	0.8621369525494645	0.8621369525494645	0.00019245791832362173	0.00019245791832362173	0.9999971054430324	0.6405596817314747	false	false	false	true	true	ok		4.538016595
daisy_mamil4_1_1em4	residual_fastlm_bounded_log	Bounded FastLevenbergMarquardt log-space	scalar_log	Scalar log-space	fit_rank_68	fit_rank_68	0.6504754136044741	3.5492459517113932	0.00022826907553126865	0.1827911400661779	0.4573293689767788	0.6384061586247808	0.6384061586247808	0.00019870077583130703	0.00019870077583130703	0.44855725400032187	0.9999959666520033	false	false	false	true	true	ok		5.468646607
daisy_mamil4_1_1em4	residual_fastlm_bounded_log	Bounded FastLevenbergMarquardt log-space	scalar_log	Scalar log-space	fit_rank_69	fit_rank_69	0.8852358825715206	5.406301792778894	0.00023074308030283876	0.1827911400661779	0.4573293689767788	0.8852358825715206	0.8864533499900717	0.00023074308030283876	0.0002023254817941502	0.9999972091390541	0.6184060662386263	false	false	false	false	true	ok		4.757921222
daisy_mamil4_1_1em4	residual_fastlm_bounded_log	Bounded FastLevenbergMarquardt log-space	scalar_log	Scalar log-space	fit_rank_70	fit_rank_70	0.6441984826486897	3.5984965388446493	0.00023168800334765892	0.1827911400661779	0.4573293689767788	0.6329358997044334	0.6329358997044334	0.00020432159047290742	0.00020432159047290742	0.4471845140730836	0.9999959527761806	false	false	false	true	true	ok		4.730740254
daisy_mamil4_1_1em4	residual_fastlm_bounded_log	Bounded FastLevenbergMarquardt log-space	scalar_log	Scalar log-space	fit_rank_71	fit_rank_71	0.9284185763918695	27.350538330935606	0.0002336552513261684	0.1827911400661779	0.4573293689767788	0.5038423550177561	0.5038423550177561	1.1076402409165926e-5	1.1076402409165926e-5	0.8411050677686084	0.9937704207200961	false	false	false	true	true	ok		4.330782124
daisy_mamil4_1_1em4	residual_fastlm_bounded_log	Bounded FastLevenbergMarquardt log-space	scalar_log	Scalar log-space	fit_rank_72	fit_rank_72	0.878920811643482	5.376526864207766	0.00023368250849104943	0.1827911400661779	0.4573293689767788	0.8740073746258292	0.8740073746258292	0.00020455523453888734	0.00020455523453888734	0.9999971513307077	0.6333632022829108	false	false	false	true	true	ok		4.961740967
daisy_mamil4_1_1em4	residual_fastlm_bounded_log	Bounded FastLevenbergMarquardt log-space	scalar_log	Scalar log-space	fit_rank_73	fit_rank_73	0.7339661009164904	4.169670534744112	0.00023792553438963876	0.1827911400661779	0.4573293689767788	0.7310336792461883	0.7310336792461883	0.00023753433467229578	0.00023753433467229578	0.5334335478854876	0.9999963203064369	false	false	false	true	true	ok		2.201436093
daisy_mamil4_1_1em4	residual_fastlm_bounded_log	Bounded FastLevenbergMarquardt log-space	scalar_log	Scalar log-space	fit_rank_74	fit_rank_74	0.6555239346058683	3.8077641838956664	0.00023818306004794277	0.1827911400661779	0.4573293689767788	0.6555239346058683	0.6646163706297741	0.00023818306004794277	0.00021617759795694477	0.4921290778529249	0.999996061242123	false	false	false	false	true	ok		4.883560728
daisy_mamil4_1_1em4	residual_fastlm_bounded_log	Bounded FastLevenbergMarquardt log-space	scalar_log	Scalar log-space	fit_rank_75	fit_rank_75	0.6863888352836421	3.9607363015799635	0.00023839781380693233	0.1827911400661779	0.4573293689767788	0.6863888352836421	0.6926207690028588	0.00023839781380693233	0.0002242820144611854	0.5103327598573563	0.9999961741483228	false	false	false	false	true	ok		4.888482786
daisy_mamil4_1_1em4	residual_fastlm_bounded_log	Bounded FastLevenbergMarquardt log-space	scalar_log	Scalar log-space	fit_rank_76	fit_rank_76	0.9151191871653112	5.584894962163164	0.00023933538464057538	0.1827911400661779	0.4573293689767788	0.9151191871653112	0.9233312739639739	0.00023933538464057538	0.0002190823128504234	0.9999972848316852	0.6247847527086356	false	false	false	false	true	ok		5.188546513
daisy_mamil4_1_1em4	residual_fastlm_bounded_log	Bounded FastLevenbergMarquardt log-space	scalar_log	Scalar log-space	fit_rank_77	fit_rank_77	0.8864634488249982	5.434726179344057	0.00024002526178554346	0.1827911400661779	0.4573293689767788	0.8864634488249982	0.9115075756754145	0.00024002526178554346	0.0002172069953210609	0.9999972214672244	0.6177020565745263	false	false	false	false	true	ok		5.127638653
daisy_mamil4_1_1em4	residual_fastlm_bounded_log	Bounded FastLevenbergMarquardt log-space	scalar_log	Scalar log-space	fit_rank_78	fit_rank_78	0.6380782165117278	3.7661690746600547	0.0002407145667852774	0.1827911400661779	0.4573293689767788	0.6380782165117278	0.6559308229014649	0.0002407145667852774	0.0002149228073600667	0.4871792598538871	0.9999959922383841	false	false	false	false	true	ok		4.812604283
daisy_mamil4_1_1em4	residual_fastlm_bounded_log	Bounded FastLevenbergMarquardt log-space	scalar_log	Scalar log-space	fit_rank_79	fit_rank_79	0.8943351275367775	5.481081978268377	0.0002413669144346656	0.1827911400661779	0.4573293689767788	0.8943351275367775	0.9262063987300392	0.0002413669144346656	0.00022150031508319396	0.9999972413405926	0.6199167888162788	false	false	false	false	true	ok		4.917848945
daisy_mamil4_1_1em4	residual_fastlm_bounded_log	Bounded FastLevenbergMarquardt log-space	scalar_log	Scalar log-space	fit_rank_80	fit_rank_80	0.9414857809155165	5.741441911214355	0.00024271090764083268	0.1827911400661779	0.4573293689767788	0.9414857809155165	0.9717905136433856	0.00024271090764083268	0.0002354605151271215	0.9999973478821064	0.6318941745797989	false	false	false	false	true	ok		5.330318255
daisy_mamil4_1_1em4	residual_fastlm_bounded_log	Bounded FastLevenbergMarquardt log-space	scalar_log	Scalar log-space	fit_rank_81	fit_rank_81	0.8371767108889	5.169172435443182	0.0002468645146134731	0.1827911400661779	0.4573293689767788	0.8371767108889	0.8993896563319961	0.0002468645146134731	0.00021406818339078225	0.9999971018646813	0.6135817729198549	false	false	false	false	true	ok		4.767709604
daisy_mamil4_1_1em4	residual_fastlm_bounded_log	Bounded FastLevenbergMarquardt log-space	scalar_log	Scalar log-space	fit_rank_82	fit_rank_82	0.6347516114608872	3.964167234847414	0.0002491515638161938	0.1827911400661779	0.4573293689767788	0.6347516114608872	0.6886056777862272	0.0002491515638161938	0.0002255191364341941	0.5107410409161829	0.9999959728823903	false	false	false	false	true	ok		5.052853854
daisy_mamil4_1_1em4	residual_fastlm_bounded_log	Bounded FastLevenbergMarquardt log-space	scalar_log	Scalar log-space	fit_rank_83	fit_rank_83	0.6178451068456221	3.8901356701602636	0.0002521631730439812	0.1827911400661779	0.4573293689767788	0.6178451068456221	0.672852690668455	0.0002521631730439812	0.00022033681847637948	0.501931284718412	0.9999958967035051	false	false	false	false	true	ok		5.092037653
daisy_mamil4_1_1em4	residual_fastlm_bounded_log	Bounded FastLevenbergMarquardt log-space	scalar_log	Scalar log-space	fit_rank_84	fit_rank_84	0.6347169450506778	4.072779867581882	0.0002564812720578522	0.1827911400661779	0.4573293689767788	0.6347169450506778	0.7073829722396745	0.0002564812720578522	0.00023168762361107592	0.5236659442115845	0.9999959681401872	false	false	false	false	true	ok		5.707514847
daisy_mamil4_1_1em4	residual_fastlm_bounded_log	Bounded FastLevenbergMarquardt log-space	scalar_log	Scalar log-space	fit_rank_85	fit_rank_85	0.8197577931756705	5.087165159486526	0.00025850922035965893	0.1827911400661779	0.4573293689767788	0.8197577931756705	0.932221059159318	0.00025850922035965893	0.0002268028879605524	0.9999970628205898	0.6077615522640869	false	false	false	false	true	ok		5.023483829
daisy_mamil4_1_1em4	residual_fastlm_bounded_log	Bounded FastLevenbergMarquardt log-space	scalar_log	Scalar log-space	fit_rank_86	fit_rank_86	0.8071902244086008	5.017758990743928	0.0002630079788723459	0.1827911400661779	0.4573293689767788	0.8071902244086008	0.9382273021297795	0.0002630079788723459	0.00022910044246196774	0.9999970289445128	0.606357036589102	false	false	false	false	true	ok		4.961762237
daisy_mamil4_1_1em4	residual_fastlm_bounded_log	Bounded FastLevenbergMarquardt log-space	scalar_log	Scalar log-space	fit_rank_87	fit_rank_87	0.8101571831448909	5.035891481722388	0.0002640289293669121	0.1827911400661779	0.4573293689767788	0.8101571831448909	0.9446374681793849	0.0002640289293669121	0.00022892614705744666	0.9999970378698815	0.6057327923723046	false	false	false	false	true	ok		5.330269489
daisy_mamil4_1_1em4	residual_fastlm_bounded_log	Bounded FastLevenbergMarquardt log-space	scalar_log	Scalar log-space	fit_rank_88	fit_rank_88	0.8048365496905282	5.00576678831519	0.0002652360912905611	0.1827911400661779	0.4573293689767788	0.8048365496905282	0.9467690456382156	0.0002652360912905611	0.00022988488535589043	0.9999970230119738	0.6165562932801022	false	false	false	false	true	ok		5.983815413
daisy_mamil4_1_1em4	residual_fastlm_bounded_log	Bounded FastLevenbergMarquardt log-space	scalar_log	Scalar log-space	fit_rank_89	fit_rank_89	0.7957016941439363	4.951884183283337	0.00026748267833338294	0.1827911400661779	0.4573293689767788	0.7957016941439363	0.9416117600075377	0.00026748267833338294	0.00022993882950763614	0.9999969960612428	0.6514634156209713	false	false	false	false	true	ok		5.12962548
daisy_mamil4_1_1em4	residual_fastlm_bounded_log	Bounded FastLevenbergMarquardt log-space	scalar_log	Scalar log-space	fit_rank_90	fit_rank_90	0.5944349844298031	4.164713304732198	0.00027251579297465575	0.1827911400661779	0.4573293689767788	0.5944349844298031	0.7273649273136352	0.00027251579297465575	0.00023796330194227522	0.8069301311689976	0.9999957168807991	false	false	false	false	true	ok		5.438702849
daisy_mamil4_1_1em4	residual_fastlm_bounded_log	Bounded FastLevenbergMarquardt log-space	scalar_log	Scalar log-space	fit_rank_91	fit_rank_91	0.5835971232435697	4.136722571960616	0.0002766566382234626	0.1827911400661779	0.4573293689767788	0.5835971232435697	0.7198555068865806	0.0002766566382234626	0.00023674231033806942	0.906841977421016	0.9999956254375371	false	false	false	false	true	ok		5.911296905
daisy_mamil4_1_1em4	residual_fastlm_bounded_log	Bounded FastLevenbergMarquardt log-space	scalar_log	Scalar log-space	fit_rank_92	fit_rank_92	0.7620227587811923	4.745123285253547	0.00027718598172319096	0.1827911400661779	0.4573293689767788	0.7620227587811923	0.9486647691583043	0.00027718598172319096	0.00023208236578258336	0.9999968879528389	0.8215302884789871	false	false	false	false	true	ok		5.234058244
daisy_mamil4_1_1em4	residual_fastlm_bounded_log	Bounded FastLevenbergMarquardt log-space	scalar_log	Scalar log-space	fit_rank_93	fit_rank_93	0.7451963408485952	4.631310897070504	0.0002856015320743658	0.1827911400661779	0.4573293689767788	0.7451963408485952	0.9538176747030263	0.0002856015320743658	0.00023439575168977505	0.9999968250564789	0.9295093211211615	false	false	false	false	true	ok		5.26711576
daisy_mamil4_1_1em4	residual_fastlm_bounded_log	Bounded FastLevenbergMarquardt log-space	scalar_log	Scalar log-space	fit_rank_94	fit_rank_94	0.5761006008796112	4.170084657272691	0.00029245200981227015	0.1827911400661779	0.4573293689767788	0.5761006008796112	0.7209973616408567	0.00029245200981227015	0.00023958303080986028	0.9999919466444798	0.999995440523382	false	false	false	false	true	ok		5.27740554
daisy_mamil4_1_1em4	residual_fastlm_bounded_log	Bounded FastLevenbergMarquardt log-space	scalar_log	Scalar log-space	fit_rank_95	fit_rank_95	0.5758611931672519	4.1637577007857764	0.0002958656929780014	0.1827911400661779	0.4573293689767788	0.5758611931672519	0.7216522460931039	0.0002958656929780014	0.00023918555633291644	0.9999923146785907	0.9999953981804929	false	false	false	false	true	ok		6.015438741
daisy_mamil4_1_1em4	residual_fastlm_bounded_log	Bounded FastLevenbergMarquardt log-space	scalar_log	Scalar log-space	fit_rank_96	fit_rank_96	0.5611064186929653	3.6333849501122306	0.0002975728300851837	0.1827911400661779	0.4573293689767788	0.5611064186929653	0.6235242453391582	0.0002975728300851837	0.00021518811427953633	0.9999934761189669	0.9999951250221327	false	false	false	false	true	ok		4.641440789
daisy_mamil4_1_1em4	residual_fastlm_bounded_log	Bounded FastLevenbergMarquardt log-space	scalar_log	Scalar log-space	fit_rank_97	fit_rank_97	1.0384742231858721	4.968348398034943	0.0003111561222435198	0.1827911400661779	0.4573293689767788	0.4570140647451826	0.4570140647451826	1.1080540103891724e-5	1.1080540103891724e-5	0.9994118103558376	0.0003119376419554239	false	true	true	true	true	ok		3.77909069
daisy_mamil4_1_1em4	residual_fastlm_bounded_log	Bounded FastLevenbergMarquardt log-space	scalar_log	Scalar log-space	fit_rank_98	fit_rank_98	0.6063876947951654	4.119519904918759	0.00033451526766749024	0.1827911400661779	0.4573293689767788	0.6063876947951654	0.7009707394549608	0.00033451526766749024	0.00023979674916399003	0.9999943753188472	0.999995135939125	false	false	false	false	true	ok		5.53130482
daisy_mamil4_1_1em4	residual_fastlm_bounded_log	Bounded FastLevenbergMarquardt log-space	scalar_log	Scalar log-space	fit_rank_99	fit_rank_99	0.7096290312199378	4.533819001056625	0.00035186005273056125	0.1827911400661779	0.4573293689767788	0.7096290312199378	0.9398215670133593	0.00035186005273056125	0.00024354245803457557	0.9999963644036063	0.9999938507876273	false	false	false	false	true	ok		5.023320991
daisy_mamil4_1_1em4	residual_fastlm_bounded_log	Bounded FastLevenbergMarquardt log-space	scalar_log	Scalar log-space	fit_rank_100	fit_rank_100	1.3170541894736847	6.372341789248555	0.00035601405934977193	0.1827911400661779	0.4573293689767788	0.45701284247568674	0.45701284247568674	1.1080507496933402e-5	1.1080507496933402e-5	0.9994088062289835	0.000313560531500949	false	true	true	true	true	ok		3.84517301
daisy_mamil4_1_1em4	residual_fastlm_bounded_log	Bounded FastLevenbergMarquardt log-space	scalar_log	Scalar log-space	fit_rank_101	fit_rank_101	0.7129522296385106	4.167177295044903	0.0003962009027181053	0.1827911400661779	0.4573293689767788	0.6923525167798255	0.6923525167798255	0.0002445865004935505	0.0002445865004935505	0.5349181148690804	0.9999961950283669	false	false	false	true	true	ok		5.506819595
daisy_mamil4_1_1em4	residual_fastlm_bounded_log	Bounded FastLevenbergMarquardt log-space	scalar_log	Scalar log-space	fit_rank_102	fit_rank_102	0.7185082928854203	4.041071025938309	0.0003975111686569592	0.1827911400661779	0.4573293689767788	0.6736915653496881	0.6736915653496881	0.00023971434186047334	0.00023971434186047334	0.5094611187759991	0.9999961272233248	false	false	false	true	true	ok		4.887645984
daisy_mamil4_1_1em4	residual_fastlm_bounded_log	Bounded FastLevenbergMarquardt log-space	scalar_log	Scalar log-space	fit_rank_103	fit_rank_103	0.30893549071698373	2.242181794850065	0.0004367222488444966	0.1827911400661779	0.4573293689767788	0.30893549071698373	0.38886556400642913	0.0004367222488444966	9.972980911373776e-6	0.8646615280228167	0.93200929250414	false	false	false	false	true	ok		4.125739673
daisy_mamil4_1_1em4	residual_fastlm_bounded_log	Bounded FastLevenbergMarquardt log-space	scalar_log	Scalar log-space	fit_rank_104	fit_rank_104	1.0192954176365607	30.301160739462166	0.0004424742230959006	0.1827911400661779	0.4573293689767788	0.5045516741611652	0.5045516741611652	1.108289583364675e-5	1.108289583364675e-5	0.841348231311646	0.9937807961517431	false	false	false	true	true	ok		1.229549996
daisy_mamil4_1_1em4	residual_fastlm_bounded_log	Bounded FastLevenbergMarquardt log-space	scalar_log	Scalar log-space	fit_rank_105	fit_rank_105	0.8516537345566746	5.803714306215708	0.0004608468779799752	0.1827911400661779	0.4573293689767788	0.8516537345566746	0.8851100720356171	0.0004608468779799752	0.00024328194533639231	0.9999958308367534	0.9999961632758517	false	false	false	false	true	ok		5.381276421
daisy_mamil4_1_1em4	residual_fastlm_bounded_log	Bounded FastLevenbergMarquardt log-space	scalar_log	Scalar log-space	fit_rank_106	fit_rank_106,fit_rank_107	0.8434691842151675	5.699158094562405	0.0005121448415383348	0.1827911400661779	0.4573293689767788	0.8434691842151675	0.9181829899168028	0.0005121448415383348	0.0002429729240885329	0.9999959024424927	0.9999960766643701	false	false	false	false	true	ok		5.134576361
daisy_mamil4_1_1em4	residual_fastlm_bounded_log	Bounded FastLevenbergMarquardt log-space	scalar_log	Scalar log-space	fit_rank_108	fit_rank_108	1.0250138313932644	6.769892060167238	0.0005468323064317522	0.1827911400661779	0.4573293689767788	0.8723699502703652	0.8723699502703652	0.00024747058901996205	0.00024747058901996205	0.9999971924642086	0.6144807424222405	false	false	false	true	true	ok		4.684692001
daisy_mamil4_1_1em4	residual_fastlm_bounded_log	Bounded FastLevenbergMarquardt log-space	scalar_log	Scalar log-space	fit_rank_109	fit_rank_109	1.3466787703435947	6.55584963949607	0.000649424344859943	0.1827911400661779	0.4573293689767788	0.4570382597951322	0.4570382597951322	1.1080745322310423e-5	1.1080745322310423e-5	0.9994550417727671	0.00028858370399079	false	true	true	true	true	ok		3.839066311
daisy_mamil4_1_1em4	residual_fastlm_bounded_log	Bounded FastLevenbergMarquardt log-space	scalar_log	Scalar log-space	fit_rank_110	fit_rank_110	0.8724345156808669	4.059369846406987	0.0007486062624124951	0.1827911400661779	0.4573293689767788	0.6962921022314572	0.6962921022314572	0.00023511555130580856	0.00023511555130580856	0.5069114652154285	0.999996206045526	false	false	false	true	true	ok		5.650694597
daisy_mamil4_1_1em4	residual_fastlm_bounded_log	Bounded FastLevenbergMarquardt log-space	scalar_log	Scalar log-space	fit_rank_111	fit_rank_111	1.0933675303432824	32.743352602965906	0.0008370163720547402	0.1827911400661779	0.4573293689767788	0.502179005905825	0.502179005905825	1.1061587159377235e-5	1.1061587159377235e-5	0.8405319558362293	0.9937460810545451	false	false	false	true	true	ok		3.895741303
daisy_mamil4_1_1em4	residual_fastlm_bounded_log	Bounded FastLevenbergMarquardt log-space	scalar_log	Scalar log-space	fit_rank_112	fit_rank_112	1.4500532049145947	44.00147078369023	0.0013479297603441781	0.1827911400661779	0.4573293689767788	0.5044393969472132	0.5044393969472132	1.1081871091464915e-5	1.1081871091464915e-5	0.8413097454903055	0.9937791097128433	false	false	false	true	true	ok		3.784755823
daisy_mamil4_1_1em4	residual_fastlm_bounded_log	Bounded FastLevenbergMarquardt log-space	scalar_log	Scalar log-space	fit_rank_113	fit_rank_113	1.3905957768666122	42.309587416224915	0.001350096547435453	0.1827911400661779	0.4573293689767788	0.5025392037773977	0.5025392037773977	1.1064556445202937e-5	1.1064556445202937e-5	0.8406564056522998	0.9937513675895387	false	false	false	true	true	ok		3.941165437
daisy_mamil4_1_1em4	residual_fastlm_bounded_log	Bounded FastLevenbergMarquardt log-space	scalar_log	Scalar log-space	fit_rank_114	fit_rank_114	1.833977429831739	9.010504349682295	0.00146806479611834	0.1827911400661779	0.4573293689767788	0.4572357506883635	0.4572357506883635	1.108219238225524e-5	1.108219238225524e-5	0.999817919903761	9.259400505701713e-5	false	true	true	true	true	ok		4.52061823
daisy_mamil4_1_1em4	residual_fastlm_bounded_log	Bounded FastLevenbergMarquardt log-space	scalar_log	Scalar log-space	fit_rank_115	fit_rank_115	1.870983898889665	9.196556589664581	0.0015714506121132475	0.1827911400661779	0.4573293689767788	0.4573358762780997	0.4573358762780997	1.1082927909405618e-5	1.1082927909405618e-5	0.999997905809093	6.462324710349444e-6	false	true	true	true	true	ok		2.193779386
daisy_mamil4_1_1em4	residual_fastlm_bounded_log	Bounded FastLevenbergMarquardt log-space	scalar_log	Scalar log-space	fit_rank_116	fit_rank_116	0.31890976672281074	0.9999809160305344	0.0016108889876807978	0.1827911400661779	0.4573293689767788	0.17221782825295742	0.17221782825295742	5.503591195800456e-5	5.503591195800456e-5	0.06371226936133118	0.9504452465370918	false	false	false	true	true	ok		3.49260824
daisy_mamil4_1_1em4	residual_fastlm_bounded_log	Bounded FastLevenbergMarquardt log-space	scalar_log	Scalar log-space	fit_rank_117	fit_rank_117	1.2703818439590666	37.997732457661655	0.001653167636526328	0.1827911400661779	0.4573293689767788	0.504553801812648	0.504553801812648	1.1082918533928571e-5	1.1082918533928571e-5	0.8413489256127921	0.9937812780450261	false	false	false	true	true	ok		1.974818497
daisy_mamil4_1_1em4	residual_fastlm_bounded_log	Bounded FastLevenbergMarquardt log-space	scalar_log	Scalar log-space	fit_rank_118	fit_rank_118	2.5202460333549825	12.428118889878235	0.01107910207079127	0.1827911400661779	0.4573293689767788	0.21646224176509743	0.21646224176509743	9.97676014397539e-6	9.97676014397539e-6	0.10024213687246986	0.9999913356237486	false	false	false	true	true	ok		4.376266355
daisy_mamil4_1_1em4	residual_fastlm_bounded_log	Bounded FastLevenbergMarquardt log-space	scalar_log	Scalar log-space	fit_rank_119	fit_rank_119	3.0998171263442167	20.122223364700908	0.011427713370703776	0.1827911400661779	0.4573293689767788	0.8487091907089128	0.8487091907089128	0.00025495899083879183	0.00025495899083879183	0.9999971373243653	0.6087212158692655	false	false	false	true	true	ok		5.241266684
daisy_mamil4_1_1em4	residual_fastlm_bounded_log	Bounded FastLevenbergMarquardt log-space	scalar_log	Scalar log-space	fit_rank_120	fit_rank_120	3.522935383654276	92.47666926150032	0.01690712557275454	0.1827911400661779	0.4573293689767788	0.299040255879105	0.299040255879105	1.0006512876718214e-5	1.0006512876718214e-5	0.5889727878339549	0.9176228207197831	false	false	false	true	true	ok		4.179573883
daisy_mamil4_1_1em4	residual_fastlm_bounded_log	Bounded FastLevenbergMarquardt log-space	scalar_log	Scalar log-space	fit_rank_121	fit_rank_121	4.270488262822251	91.06655701278152	0.017798402898582737	0.1827911400661779	0.4573293689767788	0.30057175925759416	0.30057175925759416	9.966543665043173e-6	9.966543665043173e-6	0.9534618286278941	0.8639832705494077	false	false	false	true	true	ok		4.248937357
daisy_mamil4_1_1em4	residual_fastlm_bounded_log	Bounded FastLevenbergMarquardt log-space	scalar_log	Scalar log-space	fit_rank_122	fit_rank_122	3.500317884826729	18.08396946564886	0.02547729331329797	0.1827911400661779	0.4573293689767788	0.09999268246492703	0.09999268246492703	9.97508428421834e-6	9.97508428421834e-6	0.7157512376484889	0.6098144821352948	false	false	false	true	true	ok		4.978442441
daisy_mamil4_1_1em4	residual_fastlm_bounded_log	Bounded FastLevenbergMarquardt log-space	scalar_log	Scalar log-space	fit_rank_123	fit_rank_123	3.427256036809291	13.970059880239523	0.027157209888397232	0.1827911400661779	0.4573293689767788	0.3840608928222161	0.3840608928222161	1.0606732381765327e-5	1.0606732381765327e-5	0.8646261710313579	0.08251388942191645	false	false	false	true	true	ok		4.15160048
daisy_mamil4_1_1em4	residual_fastlm_bounded_log	Bounded FastLevenbergMarquardt log-space	scalar_log	Scalar log-space	fit_rank_124	fit_rank_124	3.828859921298422	27.703848510599688	0.027996682348390645	0.1827911400661779	0.4573293689767788	0.8293126890902135	0.8293126890902135	0.00023822217679750574	0.00023822217679750574	0.9999970729985251	0.6191491524333986	false	false	false	true	true	ok		4.594104737
daisy_mamil4_1_1em4	residual_fastlm_bounded_log	Bounded FastLevenbergMarquardt log-space	scalar_log	Scalar log-space	fit_rank_125	fit_rank_125	3.4385633884179936	13.970059880239523	0.028643788095419766	0.1827911400661779	0.4573293689767788	0.39539484710470235	0.39539484710470235	1.0669887549997082e-5	1.0669887549997082e-5	0.8809290585578641	0.06835048174655312	false	false	false	true	true	ok		3.971808747
daisy_mamil4_1_1em4	residual_fastlm_bounded_log	Bounded FastLevenbergMarquardt log-space	scalar_log	Scalar log-space	fit_rank_126	fit_rank_126	3.370380845310491	93.33962264150945	0.0379732158108533	0.1827911400661779	0.4573293689767788	0.4074708544967339	0.4074708544967339	1.0385636786060218e-5	1.0385636786060218e-5	0.7992868923457843	0.9919553525744966	false	false	false	true	true	ok		4.577388291
daisy_mamil4_1_1em4	residual_fastlm_bounded_log	Bounded FastLevenbergMarquardt log-space	scalar_log	Scalar log-space	fit_rank_127	fit_rank_127	4.140815254724153	18.08396946564886	0.07027669292135517	0.1827911400661779	0.4573293689767788	0.6325675709497117	0.6325675709497117	0.00024967687258525064	0.00024967687258525064	0.5137232740732671	0.9999959604833133	false	false	false	true	true	ok		4.80219888
daisy_mamil4_1_1em4	residual_fastlm_bounded_log	Bounded FastLevenbergMarquardt log-space	scalar_log	Scalar log-space	fit_rank_128	fit_rank_128	4.364709307793981	26.636961864677133	0.08357367835308067	0.1827911400661779	0.4573293689767788	0.2148055102607646	0.2148055102607646	1.0456143074269493e-5	1.0456143074269493e-5	0.08837358620645638	0.9999911256043474	false	false	false	true	true	ok		3.551118979
daisy_mamil4_1_1em4	residual_fastlm_bounded_log	Bounded FastLevenbergMarquardt log-space	scalar_log	Scalar log-space	fit_rank_129	fit_rank_129	4.78972143518377	93.33962264150945	0.08595950249310955	0.1827911400661779	0.4573293689767788	0.4547345042476715	0.4547345042476715	1.0035156263985643e-5	1.0035156263985643e-5	0.9999983470876233	0.8103791493847513	false	false	false	true	true	ok		3.665009293
daisy_mamil4_1_1em4	residual_fastlm_bounded_log	Bounded FastLevenbergMarquardt log-space	scalar_log	Scalar log-space	fit_rank_130	fit_rank_130	3.434311250336981	18.08396946564886	0.12686068100644748	0.1827911400661779	0.4573293689767788	0.0997599357532375	0.0997599357532375	1.921659136649134e-5	1.921659136649134e-5	0.4361893132713193	0.999990037052195	false	false	false	true	true	ok		4.841253296
daisy_mamil4_1_1em4	residual_fastlm_bounded_log	Bounded FastLevenbergMarquardt log-space	scalar_log	Scalar log-space	fit_rank_131	fit_rank_131	4.834722508157254	22.630924203699394	0.2410220583917223	0.1827911400661779	0.4573293689767788	0.5302760076248934	0.5302760076248934	0.0002140741242074627	0.0002140741242074627	0.4852466839952935	0.9999954824185956	false	false	false	true	true	ok		4.900988715
daisy_mamil4_1_1em4	residual_fastlm_bounded_log	Bounded FastLevenbergMarquardt log-space	scalar_log	Scalar log-space	fit_rank_132	fit_rank_132	4.111944521606352	29.758232633342846	0.26406431504954525	0.1827911400661779	0.4573293689767788	0.7812504624593086	0.7812504624593086	0.000264165576343497	0.000264165576343497	0.9999969498945	0.666775344933636	false	false	false	true	true	ok		4.610978317
daisy_mamil4_1_1em4	residual_fastlm_bounded_log	Bounded FastLevenbergMarquardt log-space	residual_lso_lm_bounded_log	Bounded LeastSquaresOptim LM log-space	fit_rank_1	fit_rank_1	0.0676660041347933	0.25534032442134347	9.969644611738672e-6	0.006261953676021721	0.299205533025795	0.012600109767234755	0.012600109767234755	9.966535606898533e-6	9.966535606898533e-6	0.012395298408472649	0.5445155272511953	false	false	false	true	true	ok		0.887361887
daisy_mamil4_1_1em4	residual_fastlm_bounded_log	Bounded FastLevenbergMarquardt log-space	residual_lso_lm_bounded_log	Bounded LeastSquaresOptim LM log-space	fit_rank_2	fit_rank_2	0.14340570796372784	0.49613036650798875	9.99150562224336e-6	0.006261953676021721	0.299205533025795	0.049927910016730026	0.049927910016730026	9.96775328926303e-6	9.96775328926303e-6	0.07689128336442945	0.5934589829255607	false	false	false	true	true	ok		0.889624152
daisy_mamil4_1_1em4	residual_fastlm_bounded_log	Bounded FastLevenbergMarquardt log-space	residual_lso_lm_bounded_log	Bounded LeastSquaresOptim LM log-space	fit_rank_3	fit_rank_3	0.2146514584061185	0.6495502375552863	1.0056671771516793e-5	0.006261953676021721	0.299205533025795	0.11071017408792286	0.11071017408792286	9.978226383643424e-6	9.978226383643424e-6	0.16729122375551725	0.6928529222393126	false	false	false	true	true	ok		0.893608787
daisy_mamil4_1_1em4	residual_fastlm_bounded_log	Bounded FastLevenbergMarquardt log-space	residual_lso_lm_bounded_log	Bounded LeastSquaresOptim LM log-space	fit_rank_4	fit_rank_4	0.21700490710026152	0.6532365008805124	1.0060123590195175e-5	0.006261953676021721	0.299205533025795	0.11288898654490383	0.11288898654490383	9.978907546643388e-6	9.978907546643388e-6	0.17132359254206223	0.6969280997382247	false	false	false	true	true	ok		0.923374081
daisy_mamil4_1_1em4	residual_fastlm_bounded_log	Bounded FastLevenbergMarquardt log-space	residual_lso_lm_bounded_log	Bounded LeastSquaresOptim LM log-space	fit_rank_5	fit_rank_5	0.263244647377138	0.8146492236141768	1.0147201122359652e-5	0.006261953676021721	0.299205533025795	0.1543809061318789	0.1543809061318789	9.998089563743618e-6	9.998089563743618e-6	0.2527399996270003	0.7405927481384117	false	false	false	true	true	ok		0.874971736
daisy_mamil4_1_1em4	residual_fastlm_bounded_log	Bounded FastLevenbergMarquardt log-space	residual_lso_lm_bounded_log	Bounded LeastSquaresOptim LM log-space	fit_rank_6	fit_rank_6	0.36011324930263533	7.855070658438815	1.0201707104088642e-5	0.006261953676021721	0.299205533025795	0.2986006735604739	0.2986006735604739	1.0006168782790975e-5	1.0006168782790975e-5	0.6051695961821798	0.27031665260858634	false	false	false	true	true	ok		0.893322288
daisy_mamil4_1_1em4	residual_fastlm_bounded_log	Bounded FastLevenbergMarquardt log-space	residual_lso_lm_bounded_log	Bounded LeastSquaresOptim LM log-space	fit_rank_7	fit_rank_7	0.32353328771120926	1.1134074160437901	1.043650827198755e-5	0.006261953676021721	0.299205533025795	0.21090481156232863	0.21090481156232863	1.0051964915163271e-5	1.0051964915163271e-5	0.37757857767327324	0.7709227629660734	false	false	false	true	true	ok		0.948511303
daisy_mamil4_1_1em4	residual_fastlm_bounded_log	Bounded FastLevenbergMarquardt log-space	residual_lso_lm_bounded_log	Bounded LeastSquaresOptim LM log-space	fit_rank_8	fit_rank_8	0.3733795558712747	1.3776010578885995	1.0553288434389683e-5	0.006261953676021721	0.299205533025795	0.26685016934228684	0.26685016934228684	1.0154974432418775e-5	1.0154974432418775e-5	0.5144214934184314	0.7986641664749591	false	false	false	true	true	ok		0.871340557
daisy_mamil4_1_1em4	residual_fastlm_bounded_log	Bounded FastLevenbergMarquardt log-space	residual_lso_lm_bounded_log	Bounded LeastSquaresOptim LM log-space	fit_rank_9	fit_rank_9	0.4341831107784425	10.188908942016042	1.0588286708292491e-5	0.006261953676021721	0.299205533025795	0.35217827190048273	0.35217827190048273	1.0148915686632833e-5	1.0148915686632833e-5	0.7950228303114687	0.5022818164042452	false	false	false	true	true	ok		0.877170817
daisy_mamil4_1_1em4	residual_fastlm_bounded_log	Bounded FastLevenbergMarquardt log-space	residual_lso_lm_bounded_log	Bounded LeastSquaresOptim LM log-space	fit_rank_10	fit_rank_10,fit_rank_11,fit_rank_12	0.38435452850584734	1.436956313781152	1.0616989744690647e-5	0.006261953676021721	0.299205533025795	0.28136429355886233	0.28136429355886233	1.019229291444613e-5	1.019229291444613e-5	0.5514270508185413	0.8053137688270252	false	false	false	true	true	ok		0.896778266
daisy_mamil4_1_1em4	residual_fastlm_bounded_log	Bounded FastLevenbergMarquardt log-space	residual_lso_lm_bounded_log	Bounded LeastSquaresOptim LM log-space	fit_rank_13	fit_rank_13	0.3870260345089417	1.4514407162006928	1.0626015943861504e-5	0.006261953676021721	0.299205533025795	0.2850101786575734	0.2850101786575734	1.0202437564002455e-5	1.0202437564002455e-5	0.5607884577597806	0.8069439171972238	false	false	false	true	true	ok		0.942790339
daisy_mamil4_1_1em4	residual_fastlm_bounded_log	Bounded FastLevenbergMarquardt log-space	residual_lso_lm_bounded_log	Bounded LeastSquaresOptim LM log-space	fit_rank_14	fit_rank_14	0.4482479884267641	10.630645954356801	1.0640817842366126e-5	0.006261953676021721	0.299205533025795	0.36858132344678185	0.36858132344678185	1.020914961676652e-5	1.020914961676652e-5	0.8056516074997752	0.5616286674838293	false	false	false	true	true	ok		0.876613447
daisy_mamil4_1_1em4	residual_fastlm_bounded_log	Bounded FastLevenbergMarquardt log-space	residual_lso_lm_bounded_log	Bounded LeastSquaresOptim LM log-space	fit_rank_15	fit_rank_15	0.3918394623968739	1.4775717248095215	1.0659653382093725e-5	0.006261953676021721	0.299205533025795	0.29175433175179133	0.29175433175179133	1.022204391763986e-5	1.022204391763986e-5	0.5781628882803947	0.809915675368425	false	false	false	true	true	ok		0.87649041
daisy_mamil4_1_1em4	residual_fastlm_bounded_log	Bounded FastLevenbergMarquardt log-space	residual_lso_lm_bounded_log	Bounded LeastSquaresOptim LM log-space	fit_rank_16	fit_rank_16	0.4516896106540002	10.738775140938497	1.066239950364554e-5	0.006261953676021721	0.299205533025795	0.3729731351097998	0.3729731351097998	1.0226761190522352e-5	1.0226761190522352e-5	0.8082917795716364	0.5771371072287302	false	false	false	true	true	ok		0.90019702
daisy_mamil4_1_1em4	residual_fastlm_bounded_log	Bounded FastLevenbergMarquardt log-space	residual_lso_lm_bounded_log	Bounded LeastSquaresOptim LM log-space	fit_rank_17	fit_rank_17,fit_rank_18,fit_rank_19	0.39335025968368514	1.4857849040223021	1.066996927898598e-5	0.006261953676021721	0.299205533025795	0.293915673390022	0.293915673390022	1.022856150727648e-5	1.022856150727648e-5	0.5837451873538563	0.8108559224131952	false	false	false	true	true	ok		0.947056458
daisy_mamil4_1_1em4	residual_fastlm_bounded_log	Bounded FastLevenbergMarquardt log-space	residual_lso_lm_bounded_log	Bounded LeastSquaresOptim LM log-space	fit_rank_20	fit_rank_20,fit_rank_21	0.3958441191609147	1.4993443676650913	1.0683618509001308e-5	0.006261953676021721	0.299205533025795	0.29754189711865114	0.29754189711865114	1.0239755247476947e-5	1.0239755247476947e-5	0.5931246743457054	0.8124200840695575	false	false	false	true	true	ok		0.871148697
daisy_mamil4_1_1em4	residual_fastlm_bounded_log	Bounded FastLevenbergMarquardt log-space	residual_lso_lm_bounded_log	Bounded LeastSquaresOptim LM log-space	fit_rank_22	fit_rank_22	0.39960868908652625	1.5198305753293255	1.0698103726737055e-5	0.006261953676021721	0.299205533025795	0.3031220698596694	0.3031220698596694	1.0257621052521984e-5	1.0257621052521984e-5	0.6075877817499573	0.8147941585010512	false	false	false	true	true	ok		0.878378194
daisy_mamil4_1_1em4	residual_fastlm_bounded_log	Bounded FastLevenbergMarquardt log-space	residual_lso_lm_bounded_log	Bounded LeastSquaresOptim LM log-space	fit_rank_23	fit_rank_23,fit_rank_24	0.45906585294074775	10.970589592316953	1.0717502823137122e-5	0.006261953676021721	0.299205533025795	0.38303735977402664	0.38303735977402664	1.0269566980367569e-5	1.0269566980367569e-5	0.8140605370115458	0.6121803161483917	false	false	false	true	true	ok		0.897968268
daisy_mamil4_1_1em4	residual_fastlm_bounded_log	Bounded FastLevenbergMarquardt log-space	residual_lso_lm_bounded_log	Bounded LeastSquaresOptim LM log-space	fit_rank_25	fit_rank_25	0.40582976232685547	1.553725947744245	1.0735066418182541e-5	0.006261953676021721	0.299205533025795	0.31266554769938304	0.31266554769938304	1.0290005579935634e-5	1.0290005579935634e-5	0.6323883580970241	0.8187610767346043	false	false	false	true	true	ok		0.948157426
daisy_mamil4_1_1em4	residual_fastlm_bounded_log	Bounded FastLevenbergMarquardt log-space	residual_lso_lm_bounded_log	Bounded LeastSquaresOptim LM log-space	fit_rank_26	fit_rank_26	0.46166824407977886	11.052386511036135	1.0738893893402018e-5	0.006261953676021721	0.299205533025795	0.38686943388161804	0.38686943388161804	1.0286777902144548e-5	1.0286777902144548e-5	0.816161867477894	0.6253594423998822	false	false	false	true	true	ok		0.87071164
daisy_mamil4_1_1em4	residual_fastlm_bounded_log	Bounded FastLevenbergMarquardt log-space	residual_lso_lm_bounded_log	Bounded LeastSquaresOptim LM log-space	fit_rank_27	fit_rank_27,fit_rank_36	0.46391902936450075	11.123135743586303	1.0756795891211077e-5	0.006261953676021721	0.299205533025795	0.3924292874958394	0.3924292874958394	1.0312659139457356e-5	1.0312659139457356e-5	0.8191243127892107	0.6443346321308474	false	false	false	true	true	ok		0.870410815
daisy_mamil4_1_1em4	residual_fastlm_bounded_log	Bounded FastLevenbergMarquardt log-space	residual_lso_lm_bounded_log	Bounded LeastSquaresOptim LM log-space	fit_rank_28	fit_rank_28	0.4008484218713797	1.5265921263645603	1.0759067729241469e-5	0.006261953676021721	0.299205533025795	0.30501074956582885	0.30501074956582885	1.0263845616251373e-5	1.0263845616251373e-5	0.612490078146436	0.8155886009527871	false	false	false	true	true	ok		0.891643653
daisy_mamil4_1_1em4	residual_fastlm_bounded_log	Bounded FastLevenbergMarquardt log-space	residual_lso_lm_bounded_log	Bounded LeastSquaresOptim LM log-space	fit_rank_29	fit_rank_29,fit_rank_31	0.46607592404706893	11.19092982396499	1.0763908929951653e-5	0.006261953676021721	0.299205533025795	0.3957546896398747	0.3957546896398747	1.0328659631093254e-5	1.0328659631093254e-5	0.8208496102311902	0.6556057046285775	false	false	false	true	true	ok		0.889233725
daisy_mamil4_1_1em4	residual_fastlm_bounded_log	Bounded FastLevenbergMarquardt log-space	residual_lso_lm_bounded_log	Bounded LeastSquaresOptim LM log-space	fit_rank_30	fit_rank_30	0.46540323857282634	11.169767876022084	1.0766963382081525e-5	0.006261953676021721	0.299205533025795	0.39453530747415383	0.39453530747415383	1.0322746921812932e-5	1.0322746921812932e-5	0.8202209016789009	0.6514793295627018	false	false	false	true	true	ok		0.94094055
daisy_mamil4_1_1em4	residual_fastlm_bounded_log	Bounded FastLevenbergMarquardt log-space	residual_lso_lm_bounded_log	Bounded LeastSquaresOptim LM log-space	fit_rank_32	fit_rank_32	0.467769593182846	11.244147562010467	1.078628791200735e-5	0.006261953676021721	0.299205533025795	0.398909127993453	0.398909127993453	1.0344201182248169e-5	1.0344201182248169e-5	0.8224553566256687	0.6662457934602397	false	false	false	true	true	ok		0.878971553
daisy_mamil4_1_1em4	residual_fastlm_bounded_log	Bounded FastLevenbergMarquardt log-space	residual_lso_lm_bounded_log	Bounded LeastSquaresOptim LM log-space	fit_rank_33	fit_rank_33,fit_rank_34	0.46896833739482713	11.281840263153658	1.078631331473851e-5	0.006261953676021721	0.299205533025795	0.4011579180915581	0.4011579180915581	1.035549832951722e-5	1.035549832951722e-5	0.8235822953033889	0.6738014312491469	false	false	false	true	true	ok		0.872987524
daisy_mamil4_1_1em4	residual_fastlm_bounded_log	Bounded FastLevenbergMarquardt log-space	residual_lso_lm_bounded_log	Bounded LeastSquaresOptim LM log-space	fit_rank_35	fit_rank_35	0.47071230445935563	11.336616050602158	1.081014287345099e-5	0.006261953676021721	0.299205533025795	0.4044751075622723	0.4044751075622723	1.0372495534824583e-5	1.0372495534824583e-5	0.8252183852264892	0.6849030327556376	false	false	false	true	true	ok		0.885191793
daisy_mamil4_1_1em4	residual_fastlm_bounded_log	Bounded FastLevenbergMarquardt log-space	residual_lso_lm_bounded_log	Bounded LeastSquaresOptim LM log-space	fit_rank_37	fit_rank_37,fit_rank_38,fit_rank_39,fit_rank_40	0.47511972353164456	11.47514058103906	1.0834040950832814e-5	0.006261953676021721	0.299205533025795	0.4131240586790096	0.4131240586790096	1.0418696287364464e-5	1.0418696287364464e-5	0.8293435759460234	0.7136139348161543	false	false	false	true	true	ok		0.941756542
daisy_mamil4_1_1em4	residual_fastlm_bounded_log	Bounded FastLevenbergMarquardt log-space	residual_lso_lm_bounded_log	Bounded LeastSquaresOptim LM log-space	fit_rank_41	fit_rank_41,fit_rank_42	0.4759879758872834	11.502476902850777	1.0839000976387828e-5	0.006261953676021721	0.299205533025795	0.4129495659046441	0.4129495659046441	1.0417737063187136e-5	1.0417737063187136e-5	0.8292622860771836	0.7130379297317349	false	false	false	true	true	ok		0.94519112
daisy_mamil4_1_1em4	residual_fastlm_bounded_log	Bounded FastLevenbergMarquardt log-space	residual_lso_lm_bounded_log	Bounded LeastSquaresOptim LM log-space	fit_rank_43	fit_rank_43	0.4791675460231201	11.602407377843967	1.0865065727407681e-5	0.006261953676021721	0.299205533025795	0.4204612044790219	0.4204612044790219	1.0460051011471289e-5	1.0460051011471289e-5	0.8326929274043393	0.7377181722699258	false	false	false	true	true	ok		0.875429527
daisy_mamil4_1_1em4	residual_fastlm_bounded_log	Bounded FastLevenbergMarquardt log-space	residual_lso_lm_bounded_log	Bounded LeastSquaresOptim LM log-space	fit_rank_44	fit_rank_44	0.4800714193305855	11.630805185507768	1.087235397102473e-5	0.006261953676021721	0.299205533025795	0.4226293739722249	0.4226293739722249	1.0472655449214143e-5	1.0472655449214143e-5	0.8336576817307123	0.7447987251302473	false	false	false	true	true	ok		0.879161264
daisy_mamil4_1_1em4	residual_fastlm_bounded_log	Bounded FastLevenbergMarquardt log-space	residual_lso_lm_bounded_log	Bounded LeastSquaresOptim LM log-space	fit_rank_45	fit_rank_45	0.4297975851157271	1.6846696294489778	1.0886326347215804e-5	0.006261953676021721	0.299205533025795	0.3625297863216435	0.3625297863216435	1.0498365041207084e-5	1.0498365041207084e-5	0.7104629571757686	0.8375603614221369	false	false	false	true	true	ok		0.887724645
daisy_mamil4_1_1em4	residual_fastlm_bounded_log	Bounded FastLevenbergMarquardt log-space	residual_lso_lm_bounded_log	Bounded LeastSquaresOptim LM log-space	fit_rank_46	fit_rank_46	0.4320412782474261	1.696575812616731	1.091123399299347e-5	0.006261953676021721	0.299205533025795	0.3700475779288076	0.3700475779288076	1.0535639254403211e-5	1.0535639254403211e-5	0.7206239631087735	0.8401188914375335	false	false	false	true	true	ok		0.894093823
daisy_mamil4_1_1em4	residual_fastlm_bounded_log	Bounded FastLevenbergMarquardt log-space	residual_lso_lm_bounded_log	Bounded LeastSquaresOptim LM log-space	fit_rank_47	fit_rank_47	0.4908779180121758	11.970880726696402	1.0961735163476074e-5	0.006261953676021721	0.299205533025795	0.44967858977133834	0.44967858977133834	1.064490290157843e-5	1.064490290157843e-5	0.8448252181785947	0.8316092319684297	false	false	false	true	true	ok		0.94079998
daisy_mamil4_1_1em4	residual_fastlm_bounded_log	Bounded FastLevenbergMarquardt log-space	residual_lso_lm_bounded_log	Bounded LeastSquaresOptim LM log-space	fit_rank_48	fit_rank_48	0.4946223878829578	12.088594809153665	1.0995376389856393e-5	0.006261953676021721	0.299205533025795	0.46227711672919425	0.46227711672919425	1.0734784696342625e-5	1.0734784696342625e-5	0.8495331509315232	0.87112916882862	false	false	false	true	true	ok		0.876408657
daisy_mamil4_1_1em4	residual_fastlm_bounded_log	Bounded FastLevenbergMarquardt log-space	residual_lso_lm_bounded_log	Bounded LeastSquaresOptim LM log-space	fit_rank_49	fit_rank_49	0.44757062305439116	1.7818372489049148	1.1010677375805064e-5	0.006261953676021721	0.299205533025795	0.41200191428570127	0.41200191428570127	1.0772301258113038e-5	1.0772301258113038e-5	0.772774385533497	0.8531599546091468	false	false	false	true	true	ok		1.163135692
daisy_mamil4_1_1em4	residual_fastlm_bounded_log	Bounded FastLevenbergMarquardt log-space	residual_lso_lm_bounded_log	Bounded LeastSquaresOptim LM log-space	fit_rank_50	fit_rank_50,fit_rank_51	0.5053845807898569	12.43305256742588	1.1110788067569537e-5	0.006261953676021721	0.299205533025795	0.5024182942696328	0.5024182942696328	1.1063050872164258e-5	1.1063050872164258e-5	0.8627968317792778	0.9405734252522476	false	false	false	true	true	ok		1.128942538
daisy_mamil4_1_1em4	residual_fastlm_bounded_log	Bounded FastLevenbergMarquardt log-space	residual_lso_lm_bounded_log	Bounded LeastSquaresOptim LM log-space	fit_rank_52	fit_rank_52	0.5514241593391052	14.232140397130326	1.8202629432658402e-5	0.006261953676021721	0.299205533025795	0.5030200081562116	0.5030200081562116	1.1068444532725923e-5	1.1068444532725923e-5	0.8629777806472974	0.9414234933469293	false	false	false	true	true	ok		0.865637703
daisy_mamil4_1_1em4	residual_fastlm_bounded_log	Bounded FastLevenbergMarquardt log-space	residual_lso_lm_bounded_log	Bounded LeastSquaresOptim LM log-space	fit_rank_53	fit_rank_53	0.5620126455175285	14.652242521174852	2.3809554724362414e-5	0.006261953676021721	0.299205533025795	0.49850340960922485	0.49850340960922485	1.102824901742087e-5	1.102824901742087e-5	0.8616076408362857	0.9349907285206634	false	false	false	true	true	ok		0.902294392
daisy_mamil4_1_1em4	residual_fastlm_bounded_log	Bounded FastLevenbergMarquardt log-space	residual_lso_lm_bounded_log	Bounded LeastSquaresOptim LM log-space	fit_rank_54	fit_rank_54	0.537263137206929	13.64837441536709	2.4585307682574876e-5	0.006261953676021721	0.299205533025795	0.5030430451021605	0.5030430451021605	1.1068651208210176e-5	1.1068651208210176e-5	0.8629846988127065	0.9414559963061719	false	false	false	true	true	ok		0.833160482
daisy_mamil4_1_1em4	residual_fastlm_bounded_log	Bounded FastLevenbergMarquardt log-space	residual_lso_lm_bounded_log	Bounded LeastSquaresOptim LM log-space	fit_rank_55	fit_rank_55	0.5217219734509452	2.2196346320490727	2.9993309502755953e-5	0.006261953676021721	0.299205533025795	0.45458126853863245	0.45458126853863245	1.1061821540080246e-5	1.1061821540080246e-5	0.8185002116331673	0.8644559420149668	false	false	false	true	true	ok		0.848534914
daisy_mamil4_1_1em4	residual_fastlm_bounded_log	Bounded FastLevenbergMarquardt log-space	residual_lso_lm_bounded_log	Bounded LeastSquaresOptim LM log-space	fit_rank_56	fit_rank_56	0.5776044794357106	2.5203546576331566	3.5716473713888e-5	0.006261953676021721	0.299205533025795	0.45538058251476976	0.45538058251476976	1.1067707198182132e-5	1.1067707198182132e-5	0.8192959292322378	0.8646512868071685	false	false	false	true	true	ok		0.841384994
daisy_mamil4_1_1em4	residual_fastlm_bounded_log	Bounded FastLevenbergMarquardt log-space	residual_lso_lm_bounded_log	Bounded LeastSquaresOptim LM log-space	fit_rank_57	fit_rank_57	0.5765056318354097	3.0425770320204566	4.370625962934899e-5	0.006261953676021721	0.299205533025795	0.4579935811587192	0.4579935811587192	9.977083409422855e-6	9.977083409422855e-6	0.821095931390802	0.4679999443540121	false	false	false	true	true	ok		0.873387463
daisy_mamil4_1_1em4	residual_fastlm_bounded_log	Bounded FastLevenbergMarquardt log-space	residual_lso_lm_bounded_log	Bounded LeastSquaresOptim LM log-space	fit_rank_58	fit_rank_58	0.590702758970069	2.586662724366703	4.948254663817752e-5	0.006261953676021721	0.299205533025795	0.32357662540541376	0.32357662540541376	1.0329917541094346e-5	1.0329917541094346e-5	0.653599118238825	0.8231509713847966	false	false	false	true	true	ok		0.895349009
daisy_mamil4_1_1em4	residual_fastlm_bounded_log	Bounded FastLevenbergMarquardt log-space	residual_lso_lm_bounded_log	Bounded LeastSquaresOptim LM log-space	fit_rank_59	fit_rank_59	0.4791846016509822	1.9734217636633298	5.4796769586078656e-5	0.006261953676021721	0.299205533025795	0.25036788424640255	0.25036788424640255	1.0118255286145573e-5	1.0118255286145573e-5	0.4730241167950926	0.7908171856313869	false	false	false	true	true	ok		0.8921882
daisy_mamil4_1_1em4	residual_fastlm_bounded_log	Bounded FastLevenbergMarquardt log-space	residual_lso_lm_bounded_log	Bounded LeastSquaresOptim LM log-space	fit_rank_60	fit_rank_60	0.14158651742742173	0.5982817857803985	6.095177501523282e-5	0.006261953676021721	0.299205533025795	0.0865576688955766	0.0865576688955766	9.970133886749836e-6	9.970133886749836e-6	0.20613303127686494	0.4834715154146658	false	false	false	true	true	ok		0.93675898
daisy_mamil4_1_1em4	residual_fastlm_bounded_log	Bounded FastLevenbergMarquardt log-space	residual_lso_lm_bounded_log	Bounded LeastSquaresOptim LM log-space	fit_rank_61	fit_rank_61	0.6471795467888133	2.915025131039389	6.651076451469858e-5	0.006261953676021721	0.299205533025795	0.4557853731266225	0.4557853731266225	1.1070691790007577e-5	1.1070691790007577e-5	0.8196980513730983	0.8647499935518801	false	false	false	true	true	ok		0.839253508
daisy_mamil4_1_1em4	residual_fastlm_bounded_log	Bounded FastLevenbergMarquardt log-space	residual_lso_lm_bounded_log	Bounded LeastSquaresOptim LM log-space	fit_rank_62	fit_rank_62	0.43377229054902855	1.574845519528509	9.191949657098999e-5	0.006261953676021721	0.299205533025795	0.22404523778040975	0.22404523778040975	9.9770868827997e-6	9.9770868827997e-6	0.534633878659335	0.9436149103365905	false	false	false	true	true	ok		0.877138605
daisy_mamil4_1_1em4	residual_fastlm_bounded_log	Bounded FastLevenbergMarquardt log-space	residual_lso_lm_bounded_log	Bounded LeastSquaresOptim LM log-space	fit_rank_63	fit_rank_63	0.7882148200867533	22.646770251761282	0.00013582596915713064	0.006261953676021721	0.299205533025795	0.5029795389512918	0.5029795389512918	1.1068081485028313e-5	1.1068081485028313e-5	0.8629656257402512	0.9413663875654078	false	false	false	true	true	ok		0.866050917
daisy_mamil4_1_1em4	residual_fastlm_bounded_log	Bounded FastLevenbergMarquardt log-space	residual_lso_lm_bounded_log	Bounded LeastSquaresOptim LM log-space	fit_rank_64	fit_rank_64	0.44810152211713716	10.562463776455902	0.00016428136691316926	0.006261953676021721	0.299205533025795	0.371062941513867	0.371062941513867	1.0219022390614441e-5	1.0219022390614441e-5	0.807153125929537	0.570409120563038	false	false	false	true	true	ok		0.876398191
daisy_mamil4_1_1em4	residual_fastlm_bounded_log	Bounded FastLevenbergMarquardt log-space	residual_lso_lm_bounded_log	Bounded LeastSquaresOptim LM log-space	fit_rank_65	fit_rank_65	0.8147078962330485	3.8036817499293876	0.00018203169914998517	0.006261953676021721	0.299205533025795	0.45529845863926877	0.45529845863926877	1.1067101977999583e-5	1.1067101977999583e-5	0.819214276949534	0.8646312431481451	false	false	false	true	true	ok		0.84825346
daisy_mamil4_1_1em4	residual_fastlm_bounded_log	Bounded FastLevenbergMarquardt log-space	residual_lso_lm_bounded_log	Bounded LeastSquaresOptim LM log-space	fit_rank_66	fit_rank_66	0.8660895618955342	5.253750219215947	0.00021338202226195278	0.006261953676021721	0.299205533025795	0.8133541145734414	0.8133541145734414	0.00016062851881761035	0.00016062851881761035	0.8213366934752688	0.5269559642896066	false	false	false	true	true	ok		0.92754177
daisy_mamil4_1_1em4	residual_fastlm_bounded_log	Bounded FastLevenbergMarquardt log-space	residual_lso_lm_bounded_log	Bounded LeastSquaresOptim LM log-space	fit_rank_67	fit_rank_67	0.8712079369582855	5.316001191221146	0.00022505059038787874	0.006261953676021721	0.299205533025795	0.8597686750313182	0.8597686750313182	0.0001831958686302085	0.0001831958686302085	0.8213366934752688	0.546192667794261	false	false	false	true	true	ok		0.916815155
daisy_mamil4_1_1em4	residual_fastlm_bounded_log	Bounded FastLevenbergMarquardt log-space	residual_lso_lm_bounded_log	Bounded LeastSquaresOptim LM log-space	fit_rank_68	fit_rank_68	0.6504754136044741	3.5492459517113932	0.00022826907553126865	0.006261953676021721	0.299205533025795	0.6333023452677939	0.6333023452677939	0.00019278055097498914	0.00019278055097498914	0.5485951894917089	0.9436900547392963	false	false	false	true	true	ok		0.958403649
daisy_mamil4_1_1em4	residual_fastlm_bounded_log	Bounded FastLevenbergMarquardt log-space	residual_lso_lm_bounded_log	Bounded LeastSquaresOptim LM log-space	fit_rank_69	fit_rank_69	0.8852358825715206	5.406301792778894	0.00023074308030283876	0.006261953676021721	0.299205533025795	0.8852358825715206	0.8859223539272622	0.00023074308030283876	0.00019566852144044434	0.7251947192508676	0.561131203429234	false	false	false	false	true	ok		0.893710384
daisy_mamil4_1_1em4	residual_fastlm_bounded_log	Bounded FastLevenbergMarquardt log-space	residual_lso_lm_bounded_log	Bounded LeastSquaresOptim LM log-space	fit_rank_70	fit_rank_70	0.6441984826486897	3.5984965388446493	0.00023168800334765892	0.006261953676021721	0.299205533025795	0.6441984826486897	0.645916325141923	0.00023168800334765892	0.0001988379240019356	0.5552660581664947	0.719657208034438	false	false	false	false	true	ok		0.948745084
daisy_mamil4_1_1em4	residual_fastlm_bounded_log	Bounded FastLevenbergMarquardt log-space	residual_lso_lm_bounded_log	Bounded LeastSquaresOptim LM log-space	fit_rank_71	fit_rank_71	0.9284185763918695	27.350538330935606	0.0002336552513261684	0.006261953676021721	0.299205533025795	0.5029812887539356	0.5029812887539356	1.1068097183798526e-5	1.1068097183798526e-5	0.8629661513380888	0.941368856888063	false	false	false	true	true	ok		0.849250418
daisy_mamil4_1_1em4	residual_fastlm_bounded_log	Bounded FastLevenbergMarquardt log-space	residual_lso_lm_bounded_log	Bounded LeastSquaresOptim LM log-space	fit_rank_72	fit_rank_72	0.878920811643482	5.376526864207766	0.00023368250849104943	0.006261953676021721	0.299205533025795	0.878920811643482	0.8889363612180091	0.00023368250849104943	0.00019709172399717004	0.7240885510213905	0.5595332435192201	false	false	false	false	true	ok		0.943584699
daisy_mamil4_1_1em4	residual_fastlm_bounded_log	Bounded FastLevenbergMarquardt log-space	residual_lso_lm_bounded_log	Bounded LeastSquaresOptim LM log-space	fit_rank_73	fit_rank_73	0.7339661009164904	4.169670534744112	0.00023792553438963876	0.006261953676021721	0.299205533025795	0.7192796812710864	0.7192796812710864	0.00023230936835271648	0.00023230936835271648	0.5785046603061528	0.9436900547392963	false	false	false	true	true	ok		0.957554604
daisy_mamil4_1_1em4	residual_fastlm_bounded_log	Bounded FastLevenbergMarquardt log-space	residual_lso_lm_bounded_log	Bounded LeastSquaresOptim LM log-space	fit_rank_74	fit_rank_74	0.6555239346058683	3.8077641838956664	0.00023818306004794277	0.006261953676021721	0.299205533025795	0.6555239346058683	0.6714060002862395	0.00023818306004794277	0.00021083101784628267	0.5591204454500037	0.7223412172108709	false	false	false	false	true	ok		0.909411032
daisy_mamil4_1_1em4	residual_fastlm_bounded_log	Bounded FastLevenbergMarquardt log-space	residual_lso_lm_bounded_log	Bounded LeastSquaresOptim LM log-space	fit_rank_75	fit_rank_75	0.6863888352836421	3.9607363015799635	0.00023839781380693233	0.006261953676021721	0.299205533025795	0.6863888352836421	0.6897500502909434	0.00023839781380693233	0.0002192343235030056	0.5690352004390402	0.7292228536119713	false	false	false	false	true	ok		0.907500937
daisy_mamil4_1_1em4	residual_fastlm_bounded_log	Bounded FastLevenbergMarquardt log-space	residual_lso_lm_bounded_log	Bounded LeastSquaresOptim LM log-space	fit_rank_76	fit_rank_76	0.9151191871653112	5.584894962163164	0.00023933538464057538	0.006261953676021721	0.299205533025795	0.9151191871653112	0.9235376914739779	0.00023933538464057538	0.00021319133601283702	0.731647852751613	0.5704777784564792	false	false	false	false	true	ok		0.920963203
daisy_mamil4_1_1em4	residual_fastlm_bounded_log	Bounded FastLevenbergMarquardt log-space	residual_lso_lm_bounded_log	Bounded LeastSquaresOptim LM log-space	fit_rank_77	fit_rank_77	0.8864634488249982	5.434726179344057	0.00024002526178554346	0.006261953676021721	0.299205533025795	0.8864634488249982	0.9205443534881163	0.00024002526178554346	0.0002118170755496175	0.7262424698200916	0.5626459023484008	false	false	false	false	true	ok		0.964603627
daisy_mamil4_1_1em4	residual_fastlm_bounded_log	Bounded FastLevenbergMarquardt log-space	residual_lso_lm_bounded_log	Bounded LeastSquaresOptim LM log-space	fit_rank_78	fit_rank_78	0.6380782165117278	3.7661690746600547	0.0002407145667852774	0.006261953676021721	0.299205533025795	0.6380782165117278	0.6677109642297728	0.0002407145667852774	0.0002091144013801331	0.5531223985776901	0.7181623379478868	false	false	false	false	true	ok		0.903352796
daisy_mamil4_1_1em4	residual_fastlm_bounded_log	Bounded FastLevenbergMarquardt log-space	residual_lso_lm_bounded_log	Bounded LeastSquaresOptim LM log-space	fit_rank_79	fit_rank_79	0.8943351275367775	5.481081978268377	0.0002413669144346656	0.006261953676021721	0.299205533025795	0.8943351275367775	0.930887832480637	0.0002413669144346656	0.000216549880675361	0.7279341560855689	0.5650938388124648	false	false	false	false	true	ok		0.895721509
daisy_mamil4_1_1em4	residual_fastlm_bounded_log	Bounded FastLevenbergMarquardt log-space	residual_lso_lm_bounded_log	Bounded LeastSquaresOptim LM log-space	fit_rank_80	fit_rank_80	0.9414857809155165	5.741441911214355	0.00024271090764083268	0.006261953676021721	0.299205533025795	0.9414857809155165	0.9662829861126018	0.00024271090764083268	0.00023237904395458504	0.737060151339792	0.5783491522076677	false	false	false	false	true	ok		0.925309291
daisy_mamil4_1_1em4	residual_fastlm_bounded_log	Bounded FastLevenbergMarquardt log-space	residual_lso_lm_bounded_log	Bounded LeastSquaresOptim LM log-space	fit_rank_81	fit_rank_81	0.8371767108889	5.169172435443182	0.0002468645146134731	0.006261953676021721	0.299205533025795	0.8371767108889	0.9164904632720859	0.0002468645146134731	0.00020995005021030706	0.7161310522152091	0.5480738607919616	false	false	false	false	true	ok		0.974428284
daisy_mamil4_1_1em4	residual_fastlm_bounded_log	Bounded FastLevenbergMarquardt log-space	residual_lso_lm_bounded_log	Bounded LeastSquaresOptim LM log-space	fit_rank_82	fit_rank_82	0.6347516114608872	3.964167234847414	0.0002491515638161938	0.006261953676021721	0.299205533025795	0.6347516114608872	0.6980481423218626	0.0002491515638161938	0.00022296739102761016	0.5514481870171896	0.716993774706365	false	false	false	false	true	ok		0.895699822
daisy_mamil4_1_1em4	residual_fastlm_bounded_log	Bounded FastLevenbergMarquardt log-space	residual_lso_lm_bounded_log	Bounded LeastSquaresOptim LM log-space	fit_rank_83	fit_rank_83	0.6178451068456221	3.8901356701602636	0.0002521631730439812	0.006261953676021721	0.299205533025795	0.6178451068456221	0.6896027557486313	0.0002521631730439812	0.00021916763686614444	0.5448939448694758	0.7124100876266923	false	false	false	false	true	ok		0.905887077
daisy_mamil4_1_1em4	residual_fastlm_bounded_log	Bounded FastLevenbergMarquardt log-space	residual_lso_lm_bounded_log	Bounded LeastSquaresOptim LM log-space	fit_rank_84	fit_rank_84	0.6347169450506778	4.072779867581882	0.0002564812720578522	0.006261953676021721	0.299205533025795	0.6347169450506778	0.7102559814962784	0.0002564812720578522	0.00022837705145876513	0.5510385568610867	0.7167077200249211	false	false	false	false	true	ok		0.905973157
daisy_mamil4_1_1em4	residual_fastlm_bounded_log	Bounded FastLevenbergMarquardt log-space	residual_lso_lm_bounded_log	Bounded LeastSquaresOptim LM log-space	fit_rank_85	fit_rank_85	0.8197577931756705	5.087165159486526	0.00025850922035965893	0.006261953676021721	0.299205533025795	0.8197577931756705	0.9464683683508276	0.00025850922035965893	0.00022359075744264183	0.71285579061643	0.5433754999485939	false	false	false	false	true	ok		0.920342236
daisy_mamil4_1_1em4	residual_fastlm_bounded_log	Bounded FastLevenbergMarquardt log-space	residual_lso_lm_bounded_log	Bounded LeastSquaresOptim LM log-space	fit_rank_86	fit_rank_86	0.8071902244086008	5.017758990743928	0.0002630079788723459	0.006261953676021721	0.299205533025795	0.8071902244086008	0.9483307582340245	0.0002630079788723459	0.0002244250120789155	0.7100241665400264	0.5393220763337155	false	false	false	false	true	ok		0.981388401
daisy_mamil4_1_1em4	residual_fastlm_bounded_log	Bounded FastLevenbergMarquardt log-space	residual_lso_lm_bounded_log	Bounded LeastSquaresOptim LM log-space	fit_rank_87	fit_rank_87	0.8101571831448909	5.035891481722388	0.0002640289293669121	0.006261953676021721	0.299205533025795	0.8101571831448909	0.9522461481293804	0.0002640289293669121	0.00022617338038551874	0.7107693089930271	0.5403879692355774	false	false	false	false	true	ok		0.906167194
daisy_mamil4_1_1em4	residual_fastlm_bounded_log	Bounded FastLevenbergMarquardt log-space	residual_lso_lm_bounded_log	Bounded LeastSquaresOptim LM log-space	fit_rank_88	fit_rank_88	0.8048365496905282	5.00576678831519	0.0002652360912905611	0.006261953676021721	0.299205533025795	0.8048365496905282	0.9565849041876495	0.0002652360912905611	0.00022810216383677907	0.7095292421796144	0.5386144113805964	false	false	false	false	true	ok		0.890836417
daisy_mamil4_1_1em4	residual_fastlm_bounded_log	Bounded FastLevenbergMarquardt log-space	residual_lso_lm_bounded_log	Bounded LeastSquaresOptim LM log-space	fit_rank_89	fit_rank_89	0.7957016941439363	4.951884183283337	0.00026748267833338294	0.006261953676021721	0.299205533025795	0.7957016941439363	0.9517959655828057	0.00026748267833338294	0.00022597274941053922	0.7072844692100212	0.5354077590708451	false	false	false	false	true	ok		0.915904486
daisy_mamil4_1_1em4	residual_fastlm_bounded_log	Bounded FastLevenbergMarquardt log-space	residual_lso_lm_bounded_log	Bounded LeastSquaresOptim LM log-space	fit_rank_90	fit_rank_90	0.5944349844298031	4.164713304732198	0.00027251579297465575	0.006261953676021721	0.299205533025795	0.5944349844298031	0.7233765973094896	0.00027251579297465575	0.00023408172236865244	0.5296399222121734	0.7016866064767271	false	false	false	false	true	ok		0.919559891
daisy_mamil4_1_1em4	residual_fastlm_bounded_log	Bounded FastLevenbergMarquardt log-space	residual_lso_lm_bounded_log	Bounded LeastSquaresOptim LM log-space	fit_rank_91	fit_rank_91	0.5835971232435697	4.136722571960616	0.0002766566382234626	0.006261953676021721	0.299205533025795	0.5835971232435697	0.7191468132749776	0.0002766566382234626	0.00023225303829206448	0.521997922507637	0.6962848619284431	false	false	false	false	true	ok		0.920602742
daisy_mamil4_1_1em4	residual_fastlm_bounded_log	Bounded FastLevenbergMarquardt log-space	residual_lso_lm_bounded_log	Bounded LeastSquaresOptim LM log-space	fit_rank_92	fit_rank_92	0.7620227587811923	4.745123285253547	0.00027718598172319096	0.006261953676021721	0.299205533025795	0.7620227587811923	0.9555265858375399	0.00027718598172319096	0.00022763260990687467	0.6983388753278252	0.5226780318941051	false	false	false	false	true	ok		0.96718962
daisy_mamil4_1_1em4	residual_fastlm_bounded_log	Bounded FastLevenbergMarquardt log-space	residual_lso_lm_bounded_log	Bounded LeastSquaresOptim LM log-space	fit_rank_93	fit_rank_93	0.7451963408485952	4.631310897070504	0.0002856015320743658	0.006261953676021721	0.299205533025795	0.7451963408485952	0.9595057503404125	0.0002856015320743658	0.00022939563762408848	0.6931774238257777	0.5153686650106006	false	false	false	false	true	ok		0.906464347
daisy_mamil4_1_1em4	residual_fastlm_bounded_log	Bounded FastLevenbergMarquardt log-space	residual_lso_lm_bounded_log	Bounded LeastSquaresOptim LM log-space	fit_rank_94	fit_rank_94	0.5761006008796112	4.170084657272691	0.00029245200981227015	0.006261953676021721	0.299205533025795	0.5761006008796112	0.7243119407602957	0.00029245200981227015	0.00023450878908446124	0.5067754620990493	0.6854657181450389	false	false	false	false	true	ok		0.926872389
daisy_mamil4_1_1em4	residual_fastlm_bounded_log	Bounded FastLevenbergMarquardt log-space	residual_lso_lm_bounded_log	Bounded LeastSquaresOptim LM log-space	fit_rank_95	fit_rank_95	0.5758611931672519	4.1637577007857764	0.0002958656929780014	0.006261953676021721	0.299205533025795	0.5758611931672519	0.7224729229588421	0.0002958656929780014	0.00023369534864697557	0.503332468547754	0.6830076688996881	false	false	false	false	true	ok		0.93685219
daisy_mamil4_1_1em4	residual_fastlm_bounded_log	Bounded FastLevenbergMarquardt log-space	residual_lso_lm_bounded_log	Bounded LeastSquaresOptim LM log-space	fit_rank_96	fit_rank_96	0.5611064186929653	3.6333849501122306	0.0002975728300851837	0.006261953676021721	0.299205533025795	0.5611064186929653	0.670865509558277	0.0002975728300851837	0.00021057908373332902	0.4814940264478045	0.6673212424332624	false	false	false	false	true	ok		0.918747673
daisy_mamil4_1_1em4	residual_fastlm_bounded_log	Bounded FastLevenbergMarquardt log-space	residual_lso_lm_bounded_log	Bounded LeastSquaresOptim LM log-space	fit_rank_97	fit_rank_97	1.0384742231858721	4.968348398034943	0.0003111561222435198	0.006261953676021721	0.299205533025795	0.4556358128521457	0.4556358128521457	1.1069588788491013e-5	1.1069588788491013e-5	0.8195495438220382	0.8647135410272386	false	false	false	true	true	ok		0.844713559
daisy_mamil4_1_1em4	residual_fastlm_bounded_log	Bounded FastLevenbergMarquardt log-space	residual_lso_lm_bounded_log	Bounded LeastSquaresOptim LM log-space	fit_rank_98	fit_rank_98	0.6063876947951654	4.119519904918759	0.00033451526766749024	0.006261953676021721	0.299205533025795	0.6063876947951654	0.7168088190687575	0.00033451526766749024	0.00023124037928580498	0.5139687528301881	0.6679425513343267	false	false	false	false	true	ok		0.970420743
daisy_mamil4_1_1em4	residual_fastlm_bounded_log	Bounded FastLevenbergMarquardt log-space	residual_lso_lm_bounded_log	Bounded LeastSquaresOptim LM log-space	fit_rank_99	fit_rank_99	0.7096290312199378	4.533819001056625	0.00035186005273056125	0.006261953676021721	0.299205533025795	0.7096290312199378	0.9707412389457536	0.00035186005273056125	0.0002344419485085677	0.6563104386264297	0.5978493769133979	false	false	false	false	true	ok		0.909557895
daisy_mamil4_1_1em4	residual_fastlm_bounded_log	Bounded FastLevenbergMarquardt log-space	residual_lso_lm_bounded_log	Bounded LeastSquaresOptim LM log-space	fit_rank_100	fit_rank_100	1.3170541894736847	6.372341789248555	0.00035601405934977193	0.006261953676021721	0.299205533025795	0.4556775869315808	0.4556775869315808	1.1069896827761516e-5	1.1069896827761516e-5	0.8195910318314874	0.8647237247062407	false	false	false	true	true	ok		0.855386306
daisy_mamil4_1_1em4	residual_fastlm_bounded_log	Bounded FastLevenbergMarquardt log-space	residual_lso_lm_bounded_log	Bounded LeastSquaresOptim LM log-space	fit_rank_101	fit_rank_101	0.7129522296385106	4.167177295044903	0.0003962009027181053	0.006261953676021721	0.299205533025795	0.7129522296385106	0.7224335473326411	0.0003962009027181053	0.00023369450843020972	0.6258385378650502	0.670443775491577	false	false	false	false	true	ok		0.915032934
daisy_mamil4_1_1em4	residual_fastlm_bounded_log	Bounded FastLevenbergMarquardt log-space	residual_lso_lm_bounded_log	Bounded LeastSquaresOptim LM log-space	fit_rank_102	fit_rank_102	0.7185082928854203	4.041071025938309	0.0003975111686569592	0.006261953676021721	0.299205533025795	0.7102919163170504	0.7102919163170504	0.00022839680483704273	0.00022839680483704273	0.5756794230076684	0.9436900547392963	false	false	false	true	true	ok		0.914934115
daisy_mamil4_1_1em4	residual_fastlm_bounded_log	Bounded FastLevenbergMarquardt log-space	residual_lso_lm_bounded_log	Bounded LeastSquaresOptim LM log-space	fit_rank_103	fit_rank_103	0.30893549071698373	2.242181794850065	0.0004367222488444966	0.006261953676021721	0.299205533025795	0.2982424913839265	0.2982424913839265	9.966540290804115e-6	9.966540290804115e-6	0.5378552742339323	0.004837815476919138	false	false	false	true	true	ok		0.899270323
daisy_mamil4_1_1em4	residual_fastlm_bounded_log	Bounded FastLevenbergMarquardt log-space	residual_lso_lm_bounded_log	Bounded LeastSquaresOptim LM log-space	fit_rank_104	fit_rank_104	1.0192954176365607	30.301160739462166	0.0004424742230959006	0.006261953676021721	0.299205533025795	0.5031549719149784	0.5031549719149784	1.1069655536746996e-5	1.1069655536746996e-5	0.8630183012652194	0.9416138697398664	false	false	false	true	true	ok		0.841292668
daisy_mamil4_1_1em4	residual_fastlm_bounded_log	Bounded FastLevenbergMarquardt log-space	residual_lso_lm_bounded_log	Bounded LeastSquaresOptim LM log-space	fit_rank_105	fit_rank_105	0.8516537345566746	5.803714306215708	0.0004608468779799752	0.006261953676021721	0.299205533025795	0.8516537345566746	0.9556351332216888	0.0004608468779799752	0.00022769044191374319	0.6170943759335041	0.7285577843516052	false	false	false	false	true	ok		0.925592143
daisy_mamil4_1_1em4	residual_fastlm_bounded_log	Bounded FastLevenbergMarquardt log-space	residual_lso_lm_bounded_log	Bounded LeastSquaresOptim LM log-space	fit_rank_106	fit_rank_106,fit_rank_107	0.8434691842151675	5.699158094562405	0.0005121448415383348	0.006261953676021721	0.299205533025795	0.8434691842151675	0.963989765564134	0.0005121448415383348	0.00023140547216675788	0.6209166003996617	0.7232779721264728	false	false	false	false	true	ok		0.926699169
daisy_mamil4_1_1em4	residual_fastlm_bounded_log	Bounded FastLevenbergMarquardt log-space	residual_lso_lm_bounded_log	Bounded LeastSquaresOptim LM log-space	fit_rank_108	fit_rank_108	1.0250138313932644	6.769892060167238	0.0005468323064317522	0.006261953676021721	0.299205533025795	0.9610893088002725	0.9610893088002725	0.00023117808937540767	0.00023117808937540767	0.8213215166533948	0.5819779788663983	false	false	false	true	true	ok		0.891312684
daisy_mamil4_1_1em4	residual_fastlm_bounded_log	Bounded FastLevenbergMarquardt log-space	residual_lso_lm_bounded_log	Bounded LeastSquaresOptim LM log-space	fit_rank_109	fit_rank_109	1.3466787703435947	6.55584963949607	0.000649424344859943	0.006261953676021721	0.299205533025795	0.4555627273514013	0.4555627273514013	1.1069049891582341e-5	1.1069049891582341e-5	0.8194769442763431	0.8646957204648266	false	false	false	true	true	ok		0.854737211
daisy_mamil4_1_1em4	residual_fastlm_bounded_log	Bounded FastLevenbergMarquardt log-space	residual_lso_lm_bounded_log	Bounded LeastSquaresOptim LM log-space	fit_rank_110	fit_rank_110	0.8724345156808669	4.059369846406987	0.0007486062624124951	0.006261953676021721	0.299205533025795	0.7128227049368197	0.7128227049368197	0.0002295016244929462	0.0002295016244929462	0.5764820491123124	0.9436900547392963	false	false	false	true	true	ok		0.91729986
daisy_mamil4_1_1em4	residual_fastlm_bounded_log	Bounded FastLevenbergMarquardt log-space	residual_lso_lm_bounded_log	Bounded LeastSquaresOptim LM log-space	fit_rank_111	fit_rank_111	1.0933675303432824	32.743352602965906	0.0008370163720547402	0.006261953676021721	0.299205533025795	0.5031343151702524	0.5031343151702524	1.1069470162408614e-5	1.1069470162408614e-5	0.8630121009847741	0.9415847388563282	false	false	false	true	true	ok		0.848996081
daisy_mamil4_1_1em4	residual_fastlm_bounded_log	Bounded FastLevenbergMarquardt log-space	residual_lso_lm_bounded_log	Bounded LeastSquaresOptim LM log-space	fit_rank_112	fit_rank_112	1.4500532049145947	44.00147078369023	0.0013479297603441781	0.006261953676021721	0.299205533025795	0.5036288404342391	0.5036288404342391	1.1073910746986869e-5	1.1073910746986869e-5	0.8631603809542387	0.9422814546837098	false	false	false	true	true	ok		0.831212549
daisy_mamil4_1_1em4	residual_fastlm_bounded_log	Bounded FastLevenbergMarquardt log-space	residual_lso_lm_bounded_log	Bounded LeastSquaresOptim LM log-space	fit_rank_113	fit_rank_113	1.3905957768666122	42.309587416224915	0.001350096547435453	0.006261953676021721	0.299205533025795	0.5032127886577253	0.5032127886577253	1.1070174431228477e-5	1.1070174431228477e-5	0.8630356524033066	0.9416953915613149	false	false	false	true	true	ok		0.856407129
daisy_mamil4_1_1em4	residual_fastlm_bounded_log	Bounded FastLevenbergMarquardt log-space	residual_lso_lm_bounded_log	Bounded LeastSquaresOptim LM log-space	fit_rank_114	fit_rank_114	1.833977429831739	9.010504349682295	0.00146806479611834	0.006261953676021721	0.299205533025795	0.45619528215550975	0.45619528215550975	1.1073716577087444e-5	1.1073716577087444e-5	0.8201046828273477	0.8648497977757824	false	false	false	true	true	ok		0.85377018
daisy_mamil4_1_1em4	residual_fastlm_bounded_log	Bounded FastLevenbergMarquardt log-space	residual_lso_lm_bounded_log	Bounded LeastSquaresOptim LM log-space	fit_rank_115	fit_rank_115	1.870983898889665	9.196556589664581	0.0015714506121132475	0.006261953676021721	0.299205533025795	0.4561059509276381	0.4561059509276381	1.1073057080351466e-5	1.1073057080351466e-5	0.8200161115760531	0.8648280604698241	false	false	false	true	true	ok		0.856467894
daisy_mamil4_1_1em4	residual_fastlm_bounded_log	Bounded FastLevenbergMarquardt log-space	residual_lso_lm_bounded_log	Bounded LeastSquaresOptim LM log-space	fit_rank_116	fit_rank_116	0.31890976672281074	0.9999809160305344	0.0016108889876807978	0.006261953676021721	0.299205533025795	0.31890976672281074	0.3628549218534825	0.0016108889876807978	1.0499949707262287e-5	0.8202631950438538	0.9436900547392963	false	false	false	false	true	ok		0.770934704
daisy_mamil4_1_1em4	residual_fastlm_bounded_log	Bounded FastLevenbergMarquardt log-space	residual_lso_lm_bounded_log	Bounded LeastSquaresOptim LM log-space	fit_rank_117	fit_rank_117	1.2703818439590666	37.997732457661655	0.001653167636526328	0.006261953676021721	0.299205533025795	0.5036272267153958	0.5036272267153958	1.10738962165047e-5	1.10738962165047e-5	0.8631598976199186	0.9422791835230927	false	false	false	true	true	ok		0.854120597
daisy_mamil4_1_1em4	residual_fastlm_bounded_log	Bounded FastLevenbergMarquardt log-space	residual_lso_lm_bounded_log	Bounded LeastSquaresOptim LM log-space	fit_rank_118	fit_rank_118	2.5202460333549825	12.428118889878235	0.01107910207079127	0.006261953676021721	0.299205533025795	0.07438106270133102	0.07438106270133102	9.96948140653092e-6	9.96948140653092e-6	0.1780722167510262	0.45824125033276153	false	false	false	true	true	ok		0.86181874
daisy_mamil4_1_1em4	residual_fastlm_bounded_log	Bounded FastLevenbergMarquardt log-space	residual_lso_lm_bounded_log	Bounded LeastSquaresOptim LM log-space	fit_rank_119	fit_rank_119	3.0998171263442167	20.122223364700908	0.011427713370703776	0.006261953676021721	0.299205533025795	0.9495717890567341	0.9495717890567341	0.00022951547781863396	0.00022951547781863396	0.8212654716948854	0.578280474451754	false	false	false	true	true	ok		0.913562256
daisy_mamil4_1_1em4	residual_fastlm_bounded_log	Bounded FastLevenbergMarquardt log-space	residual_lso_lm_bounded_log	Bounded LeastSquaresOptim LM log-space	fit_rank_120	fit_rank_120	3.522935383654276	92.47666926150032	0.01690712557275454	0.006261953676021721	0.299205533025795	0.29920552918099846	0.29920552918099846	9.966535010459342e-6	9.966535010459342e-6	0.5369450723763394	1.9066941137069193e-8	false	true	true	true	true	ok		0.843074741
daisy_mamil4_1_1em4	residual_fastlm_bounded_log	Bounded FastLevenbergMarquardt log-space	residual_lso_lm_bounded_log	Bounded LeastSquaresOptim LM log-space	fit_rank_121	fit_rank_121	4.270488262822251	91.06655701278152	0.017798402898582737	0.006261953676021721	0.299205533025795	0.45809118658950276	0.45809118658950276	9.977087973834599e-6	9.977087973834599e-6	0.8213340564066633	0.46823806936987344	false	false	false	true	true	ok		0.890106904
daisy_mamil4_1_1em4	residual_fastlm_bounded_log	Bounded FastLevenbergMarquardt log-space	residual_lso_lm_bounded_log	Bounded LeastSquaresOptim LM log-space	fit_rank_122	fit_rank_122	3.500317884826729	18.08396946564886	0.02547729331329797	0.006261953676021721	0.299205533025795	0.07417014497644586	0.07417014497644586	9.970278265118619e-6	9.970278265118619e-6	0.11219757559897776	0.6299341106963654	false	false	false	true	true	ok		0.890273035
daisy_mamil4_1_1em4	residual_fastlm_bounded_log	Bounded FastLevenbergMarquardt log-space	residual_lso_lm_bounded_log	Bounded LeastSquaresOptim LM log-space	fit_rank_123	fit_rank_123	3.427256036809291	13.970059880239523	0.027157209888397232	0.006261953676021721	0.299205533025795	0.2873057358326366	0.2873057358326366	1.0208987753984885e-5	1.0208987753984885e-5	0.5666943243471907	0.8079618378571934	false	false	false	true	true	ok		0.890325653
daisy_mamil4_1_1em4	residual_fastlm_bounded_log	Bounded FastLevenbergMarquardt log-space	residual_lso_lm_bounded_log	Bounded LeastSquaresOptim LM log-space	fit_rank_124	fit_rank_124	3.828859921298422	27.703848510599688	0.027996682348390645	0.006261953676021721	0.299205533025795	0.929465086480818	0.929465086480818	0.00022230737336186542	0.00022230737336186542	0.8211797917433503	0.5716622119439791	false	false	false	true	true	ok		0.908526141
daisy_mamil4_1_1em4	residual_fastlm_bounded_log	Bounded FastLevenbergMarquardt log-space	residual_lso_lm_bounded_log	Bounded LeastSquaresOptim LM log-space	fit_rank_125	fit_rank_125	3.4385633884179936	13.970059880239523	0.028643788095419766	0.006261953676021721	0.299205533025795	0.2885597550731225	0.2885597550731225	1.0212619581241574e-5	1.0212619581241574e-5	0.5699241695892954	0.808515125962685	false	false	false	true	true	ok		0.92999217
daisy_mamil4_1_1em4	residual_fastlm_bounded_log	Bounded FastLevenbergMarquardt log-space	residual_lso_lm_bounded_log	Bounded LeastSquaresOptim LM log-space	fit_rank_126	fit_rank_126	3.370380845310491	93.33962264150945	0.0379732158108533	0.006261953676021721	0.299205533025795	0.35417591642024154	0.35417591642024154	7.223328576348568e-5	7.223328576348568e-5	0.7508239143353552	0.3977279272985653	false	false	false	true	true	ok		0.753620433
daisy_mamil4_1_1em4	residual_fastlm_bounded_log	Bounded FastLevenbergMarquardt log-space	residual_lso_lm_bounded_log	Bounded LeastSquaresOptim LM log-space	fit_rank_127	fit_rank_127	4.140815254724153	18.08396946564886	0.07027669292135517	0.006261953676021721	0.299205533025795	0.6965055132636457	0.6965055132636457	0.00022227736899534567	0.00022227736899534567	0.5712125587899466	0.9436900547392963	false	false	false	true	true	ok		0.945002667
daisy_mamil4_1_1em4	residual_fastlm_bounded_log	Bounded FastLevenbergMarquardt log-space	residual_lso_lm_bounded_log	Bounded LeastSquaresOptim LM log-space	fit_rank_128	fit_rank_128	4.364709307793981	26.636961864677133	0.08357367835308067	0.006261953676021721	0.299205533025795	3.0875963962802153	3.0875963962802153	0.03510759843029966	0.03510759843029966	0.8737294757743317	0.9729791878243483	false	false	false	true	true	ok		0.634336972
daisy_mamil4_1_1em4	residual_fastlm_bounded_log	Bounded FastLevenbergMarquardt log-space	residual_lso_lm_bounded_log	Bounded LeastSquaresOptim LM log-space	fit_rank_129	fit_rank_129	4.78972143518377	93.33962264150945	0.08595950249310955	0.006261953676021721	0.299205533025795	3.6303962409243216	3.6303962409243216	0.051023997080149444	0.051023997080149444	0.9793946324126406	0.9028939204319282	false	false	false	true	true	ok		0.670202658
daisy_mamil4_1_1em4	residual_fastlm_bounded_log	Bounded FastLevenbergMarquardt log-space	residual_lso_lm_bounded_log	Bounded LeastSquaresOptim LM log-space	fit_rank_130	fit_rank_130	3.434311250336981	18.08396946564886	0.12686068100644748	0.006261953676021721	0.299205533025795	0.3464399890548786	0.3464399890548786	4.8201473136844775e-5	4.8201473136844775e-5	0.5347090230620408	0.9436900547392963	false	false	false	true	true	ok		0.818854225
daisy_mamil4_1_1em4	residual_fastlm_bounded_log	Bounded FastLevenbergMarquardt log-space	residual_lso_lm_bounded_log	Bounded LeastSquaresOptim LM log-space	fit_rank_131	fit_rank_131	4.834722508157254	22.630924203699394	0.2410220583917223	0.006261953676021721	0.299205533025795	0.2733432535712988	0.2733432535712988	0.0004768359492623948	0.0004768359492623948	0.564889037430904	0.9436900547392963	false	false	false	true	true	ok		0.864760417
daisy_mamil4_1_1em4	residual_fastlm_bounded_log	Bounded FastLevenbergMarquardt log-space	residual_lso_lm_bounded_log	Bounded LeastSquaresOptim LM log-space	fit_rank_132	fit_rank_132	4.111944521606352	29.758232633342846	0.26406431504954525	0.006261953676021721	0.299205533025795	0.9014488052939066	0.9014488052939066	0.0002100936906886861	0.0002100936906886861	0.8211155025597091	0.5619595901871492	false	false	false	true	true	ok		0.876986125
crauste_7_1em4	scalar_log	Scalar log-space	residual_lso_lm_bounded_log	Bounded LeastSquaresOptim LM log-space	fit_rank_1	fit_rank_1	3.366720751708107	45.476248928330726	1.825591808296078e7	0.3565602453218376	2.445712379564965	2.385639189306685	3.366720751708107	1.927954222035162e7	1.825591808296078e7	0.9999955913440272	0.9999978430230807	false	false	false	true	false	ok		6.46639757
crauste_7_1em4	scalar_log	Scalar log-space	residual_lso_lm_bounded_log	Bounded LeastSquaresOptim LM log-space	fit_rank_2	fit_rank_2	8.80044092447488	149.4072247997326	2.2660834856316134e7	0.3565602453218376	2.445712379564965	0.9931808851217301	0.9931808851217301	91663.08588999452	91663.08588999452	0.9999939648095215	0.9999922263185986	false	false	false	true	true	ok		7.655852637
crauste_7_1em4	scalar_log	Scalar log-space	residual_lso_lm_bounded_log	Bounded LeastSquaresOptim LM log-space	fit_rank_3	fit_rank_3	7.0182442850322495	113.55023694037945	2.794370788146929e7	0.3565602453218376	2.445712379564965	0.5115188029696093	0.5115188029696093	42186.038479687246	42186.038479687246	0.9999830340370723	0.9999871941174563	false	false	false	true	true	ok		8.216705501
crauste_7_1em4	scalar_log	Scalar log-space	residual_lso_lm_bounded_log	Bounded LeastSquaresOptim LM log-space	fit_rank_4	fit_rank_4	5.7606415337819925	96.45022366635577	6.3667096841782264e7	0.3565602453218376	2.445712379564965	2.5157349034359027	2.5157349034359027	70140.69202260821	70140.69202260821	0.9999979757678239	0.9999920656707052	false	false	false	true	true	ok		6.301580569
crauste_7_1em4	scalar_log	Scalar log-space	residual_lso_lm_bounded_log	Bounded LeastSquaresOptim LM log-space	fit_rank_5	fit_rank_5	4.119679754456751	46.60959957185519	1.3024504356011282e8	0.3565602453218376	2.445712379564965	3.5410676896105397	3.5410676896105397	2.7365084696643434e7	2.7365084696643434e7	0.9999979652087339	0.9999922263185986	false	false	false	true	true	ok		6.528065402
crauste_7_1em4	scalar_log	Scalar log-space	residual_lso_lm_bounded_log	Bounded LeastSquaresOptim LM log-space	fit_rank_6	fit_rank_6	16.365352554198335	229.93755906947567	5.235738113440154e8	0.3565602453218376	2.445712379564965	3.03793896168424	16.365352554198335	6.885375416510456e8	5.235738113440154e8	0.9999970877274269	0.9636782120444191	false	false	false	true	false	ok		8.870943114
crauste_7_1em4	scalar_log	Scalar log-space	residual_lso_lm_bounded_log	Bounded LeastSquaresOptim LM log-space	fit_rank_7	fit_rank_7	13.07257150282719	186.7329702153917	7.999772314578501e8	0.3565602453218376	2.445712379564965	3.5256284919864127	13.07257150282719	1.5238453483691738e9	7.999772314578501e8	0.9999979757678239	0.9767559953280193	false	false	false	true	false	ok		9.935876528
crauste_7_1em4	scalar_log	Scalar log-space	residual_lso_lm_bounded_log	Bounded LeastSquaresOptim LM log-space	fit_rank_8	fit_rank_8	4.150581548356025	43.00889967769239	5.283575498771576e9	0.3565602453218376	2.445712379564965	1.2785877728410606	1.2785877728410606	36831.634117466354	36831.634117466354	0.9999958934729919	0.9999919048712825	false	false	false	true	true	ok		10.820672871
crauste_7_1em4	scalar_log	Scalar log-space	residual_lso_lm_bounded_log	Bounded LeastSquaresOptim LM log-space	fit_rank_9	fit_rank_9	3.9421136961024605	42.040467192694905	1.455980106916833e10	0.3565602453218376	2.445712379564965	0.35693678683715396	0.35693678683715396	15993.714265098033	15993.714265098033	0.8362547700615086	0.9999978737484159	false	false	false	true	true	ok		10.983428596
crauste_7_1em4	scalar_log	Scalar log-space	residual_lso_lm_bounded_log	Bounded LeastSquaresOptim LM log-space	fit_rank_10	fit_rank_10	1639.097487955268	9082.752511279983	2.087618061507795e10	0.3565602453218376	2.445712379564965	3.319032006314703	3.319032006314703	2.113292389848167e9	2.113292389848167e9	0.999997772564277	0.9762367356450309	false	false	false	true	true	ok		10.188215151
crauste_7_1em4	scalar_log	Scalar log-space	residual_lso_lm_bounded_log	Bounded LeastSquaresOptim LM log-space	fit_rank_11	fit_rank_11	4.8675415518137255	43.24778761061947	2.0876180615078053e10	0.3565602453218376	2.445712379564965	3.319032006314703	3.319032006314703	2.113292389848167e9	2.113292389848167e9	0.999997772564277	0.9762367356450309	false	false	false	true	true	ok		10.080882276
crauste_7_1em4	scalar_log	Scalar log-space	residual_lso_lm_bounded_log	Bounded LeastSquaresOptim LM log-space	fit_rank_12	fit_rank_12	4.886598297966797	43.24778761061947	2.1101509443404613e10	0.3565602453218376	2.445712379564965	3.3233692285183007	3.3233692285183007	2.282608045453904e9	2.282608045453904e9	0.9999977076645619	0.9807296235147404	false	false	false	true	true	ok		9.889725957
crauste_7_1em4	scalar_log	Scalar log-space	residual_lso_lm_bounded_log	Bounded LeastSquaresOptim LM log-space	fit_rank_13	fit_rank_13	1639.0978370223047	9082.752511279983	2.110150944340463e10	0.3565602453218376	2.445712379564965	3.3233692285183007	3.3233692285183007	2.282608045453904e9	2.282608045453904e9	0.9999977076645619	0.9807296235147404	false	false	false	true	true	ok		9.979057842
crauste_7_1em4	scalar_log	Scalar log-space	residual_lso_lm_bounded_log	Bounded LeastSquaresOptim LM log-space	fit_rank_14	fit_rank_14	3.7356098968483913	42.226966218470864	3.2349561583037598e10	0.3565602453218376	2.445712379564965	0.6817744188947273	0.6817744188947273	597586.3444205245	597586.3444205245	0.9999783298772937	0.9999976020174575	false	false	false	true	true	ok		10.542793966
crauste_7_1em4	scalar_log	Scalar log-space	residual_lso_lm_bounded_log	Bounded LeastSquaresOptim LM log-space	fit_rank_15	fit_rank_15	4.540373754675907	41.55456205594802	4.162040781290517e10	0.3565602453218376	2.445712379564965	3.9921175624918446	3.9921175624918446	1.5031936523695831e10	1.5031936523695831e10	0.9999979757678239	0.9999880497809817	false	false	false	true	true	ok		4.614429911
crauste_7_1em4	scalar_log	Scalar log-space	residual_lso_lm_bounded_log	Bounded LeastSquaresOptim LM log-space	fit_rank_16	fit_rank_16	4.590532736811136	35.05877760471478	4.580133747313714e10	0.3565602453218376	2.445712379564965	2.344752915491729	2.344752915491729	4.5913158030582964e7	4.5913158030582964e7	0.9999957722597682	0.9999979848235502	false	false	false	true	true	ok		6.260037094
crauste_7_1em4	scalar_log	Scalar log-space	residual_lso_lm_bounded_log	Bounded LeastSquaresOptim LM log-space	fit_rank_17	fit_rank_17	187.5198425730863	1539.1180606474663	5.278739942759699e10	0.3565602453218376	2.445712379564965	0.3565602453218376	0.3565602453218376	266293.65920579806	266293.65920579806	0.0	0.9999979757678239	true	false	true	true	true	ok		8.459893803
crauste_7_1em4	scalar_log	Scalar log-space	residual_lso_lm_bounded_log	Bounded LeastSquaresOptim LM log-space	fit_rank_18	fit_rank_18	15897.162271047666	152758.6497640388	5.893892111368358e10	0.3565602453218376	2.445712379564965	4.8744797035082925	4.8744797035082925	5.6792917881838974e10	5.6792917881838974e10	0.9999969264806714	0.9999978430230807	false	false	false	true	true	ok		2.288675383
crauste_7_1em4	scalar_log	Scalar log-space	residual_lso_lm_bounded_log	Bounded LeastSquaresOptim LM log-space	fit_rank_19	fit_rank_19	5096.305838943803	48154.05728735925	6.0345270529230095e10	0.3565602453218376	2.445712379564965	4.801469081903663	4.801469081903663	5.95245070804556e10	5.95245070804556e10	0.9999978250372962	0.9999978430230807	false	false	false	true	true	ok		2.261667549
crauste_7_1em4	scalar_log	Scalar log-space	residual_lso_lm_bounded_log	Bounded LeastSquaresOptim LM log-space	fit_rank_20	fit_rank_20	5638.283530430554	54003.5800846528	6.0365023321263405e10	0.3565602453218376	2.445712379564965	4.2843127091824025	4.2843127091824025	5.6000986221352974e10	5.6000986221352974e10	0.999997091143888	0.9999978430230807	false	false	false	true	true	ok		2.705797334
crauste_7_1em4	scalar_log	Scalar log-space	residual_fastlm_bounded_log	Bounded FastLevenbergMarquardt log-space	fit_rank_1	fit_rank_1	3.366720751708107	45.476248928330726	1.825591808296078e7	2.22382879566379	2.385488832727355	2.3853062530696576	3.366720751708107	1.9810684089489736e7	1.825591808296078e7	0.9999864829425262	0.9732650314029409	false	false	false	true	false	ok		3.357201574
crauste_7_1em4	scalar_log	Scalar log-space	residual_fastlm_bounded_log	Bounded FastLevenbergMarquardt log-space	fit_rank_2	fit_rank_2	8.80044092447488	149.4072247997326	2.2660834856316134e7	2.22382879566379	2.385488832727355	2.198846220968277	2.198846220968277	1.6765465009124621e6	1.6765465009124621e6	0.9999820918480913	0.9999980000020001	false	false	false	true	true	ok		3.760070856
crauste_7_1em4	scalar_log	Scalar log-space	residual_fastlm_bounded_log	Bounded FastLevenbergMarquardt log-space	fit_rank_3	fit_rank_3	7.0182442850322495	113.55023694037945	2.794370788146929e7	2.22382879566379	2.385488832727355	2.5945956489049378	2.5945956489049378	1.842798516301622e7	1.842798516301622e7	0.9999889494700896	0.9999980000020001	false	false	false	true	true	ok		3.923739361
crauste_7_1em4	scalar_log	Scalar log-space	residual_fastlm_bounded_log	Bounded FastLevenbergMarquardt log-space	fit_rank_4	fit_rank_4	5.7606415337819925	96.45022366635577	6.3667096841782264e7	2.22382879566379	2.385488832727355	2.5087623008542104	2.5087623008542104	73084.48385008155	73084.48385008155	0.9999873604984992	0.9999979998532049	false	false	false	true	true	ok		5.590910064
crauste_7_1em4	scalar_log	Scalar log-space	residual_fastlm_bounded_log	Bounded FastLevenbergMarquardt log-space	fit_rank_5	fit_rank_5	4.119679754456751	46.60959957185519	1.3024504356011282e8	2.22382879566379	2.385488832727355	3.5190053909746237	3.5190053909746237	1.5955673611398052e7	1.5955673611398052e7	0.9999930717654608	0.9999980000020001	false	false	false	true	true	ok		4.218442717
crauste_7_1em4	scalar_log	Scalar log-space	residual_fastlm_bounded_log	Bounded FastLevenbergMarquardt log-space	fit_rank_6	fit_rank_6	16.365352554198335	229.93755906947567	5.235738113440154e8	2.22382879566379	2.385488832727355	0.3502686057906098	0.3502686057906098	1011.9652044551747	1011.9652044551747	0.9992301510755877	0.9999977190174102	false	false	false	true	true	ok		6.729009449
crauste_7_1em4	scalar_log	Scalar log-space	residual_fastlm_bounded_log	Bounded FastLevenbergMarquardt log-space	fit_rank_7	fit_rank_7	13.07257150282719	186.7329702153917	7.999772314578501e8	2.22382879566379	2.385488832727355	1.5224893055099287	1.5224893055099287	211663.80495039973	211663.80495039973	0.9999905410824353	0.9999980000020001	false	false	false	true	true	ok		6.934701025
crauste_7_1em4	scalar_log	Scalar log-space	residual_fastlm_bounded_log	Bounded FastLevenbergMarquardt log-space	fit_rank_8	fit_rank_8	4.150581548356025	43.00889967769239	5.283575498771576e9	2.22382879566379	2.385488832727355	3.413763304732709	3.413763304732709	7.324244620882377e7	7.324244620882377e7	0.9999584066420226	0.9999977667991462	false	false	false	true	true	ok		4.962361934
crauste_7_1em4	scalar_log	Scalar log-space	residual_fastlm_bounded_log	Bounded FastLevenbergMarquardt log-space	fit_rank_9	fit_rank_9	3.9421136961024605	42.040467192694905	1.455980106916833e10	2.22382879566379	2.385488832727355	3.408399584783107	3.408399584783107	1.225760757628416e9	1.225760757628416e9	0.9999980000020001	0.9999936803210705	false	false	false	true	true	ok		6.24697027
crauste_7_1em4	scalar_log	Scalar log-space	residual_fastlm_bounded_log	Bounded FastLevenbergMarquardt log-space	fit_rank_10	fit_rank_10	1639.097487955268	9082.752511279983	2.087618061507795e10	2.22382879566379	2.385488832727355	3.031258332134075	3.031258332134075	2.723455617784239e9	2.723455617784239e9	0.9999980000020001	0.9999980000020001	false	false	false	true	true	ok		6.72352031
crauste_7_1em4	scalar_log	Scalar log-space	residual_fastlm_bounded_log	Bounded FastLevenbergMarquardt log-space	fit_rank_11	fit_rank_11	4.8675415518137255	43.24778761061947	2.0876180615078053e10	2.22382879566379	2.385488832727355	3.031258332134075	3.031258332134075	2.723455617784239e9	2.723455617784239e9	0.9999980000020001	0.9999980000020001	false	false	false	true	true	ok		6.793908765
crauste_7_1em4	scalar_log	Scalar log-space	residual_fastlm_bounded_log	Bounded FastLevenbergMarquardt log-space	fit_rank_12	fit_rank_12	4.886598297966797	43.24778761061947	2.1101509443404613e10	2.22382879566379	2.385488832727355	3.815519294983761	3.815519294983761	2.829056024465309e9	2.829056024465309e9	0.9999980000020001	0.9999929185802369	false	false	false	true	true	ok		6.20826268
crauste_7_1em4	scalar_log	Scalar log-space	residual_fastlm_bounded_log	Bounded FastLevenbergMarquardt log-space	fit_rank_13	fit_rank_13	1639.0978370223047	9082.752511279983	2.110150944340463e10	2.22382879566379	2.385488832727355	3.815519294983761	3.815519294983761	2.829056024465309e9	2.829056024465309e9	0.9999980000020001	0.9999929185802369	false	false	false	true	true	ok		6.181911616
crauste_7_1em4	scalar_log	Scalar log-space	residual_fastlm_bounded_log	Bounded FastLevenbergMarquardt log-space	fit_rank_14	fit_rank_14	3.7356098968483913	42.226966218470864	3.2349561583037598e10	2.22382879566379	2.385488832727355	0.8026922767842238	0.8026922767842238	300229.46783015726	300229.46783015726	0.9999889084415345	0.9999935536389313	false	false	false	true	true	ok		4.751156673
crauste_7_1em4	scalar_log	Scalar log-space	residual_fastlm_bounded_log	Bounded FastLevenbergMarquardt log-space	fit_rank_15	fit_rank_15	4.540373754675907	41.55456205594802	4.162040781290517e10	2.22382879566379	2.385488832727355	3.695769467805645	3.695769467805645	2.697422547959973e9	2.697422547959973e9	0.9999980000020001	0.9999980000020001	false	false	false	true	true	ok		6.93103235
crauste_7_1em4	scalar_log	Scalar log-space	residual_fastlm_bounded_log	Bounded FastLevenbergMarquardt log-space	fit_rank_16	fit_rank_16	4.590532736811136	35.05877760471478	4.580133747313714e10	2.22382879566379	2.385488832727355	2.4682613196939465	2.4682613196939465	8.545075018391795e8	8.545075018391795e8	0.9999980000020001	0.9999927254380795	false	false	false	true	true	ok		5.303807325
crauste_7_1em4	scalar_log	Scalar log-space	residual_fastlm_bounded_log	Bounded FastLevenbergMarquardt log-space	fit_rank_17	fit_rank_17	187.5198425730863	1539.1180606474663	5.278739942759699e10	2.22382879566379	2.385488832727355	3.3849726858874285	3.3849726858874285	1.096967734366025e9	1.096967734366025e9	0.9999979137060506	0.9999980000020001	false	false	false	true	true	ok		4.921050767
crauste_7_1em4	scalar_log	Scalar log-space	residual_fastlm_bounded_log	Bounded FastLevenbergMarquardt log-space	fit_rank_18	fit_rank_18	15897.162271047666	152758.6497640388	5.893892111368358e10	2.22382879566379	2.385488832727355	6.005818706236515	6.005818706236515	3.3682554289531685e10	3.3682554289531685e10	0.9999977469140037	0.9999979696044373	false	false	false	true	true	ok		5.33690175
crauste_7_1em4	scalar_log	Scalar log-space	residual_fastlm_bounded_log	Bounded FastLevenbergMarquardt log-space	fit_rank_19	fit_rank_19	5096.305838943803	48154.05728735925	6.0345270529230095e10	2.22382879566379	2.385488832727355	2.791666929423629	2.791666929423629	7.659595350764674e9	7.659595350764674e9	0.9999965065117075	0.9999979696044373	false	false	false	true	true	ok		4.316556459
crauste_7_1em4	scalar_log	Scalar log-space	residual_fastlm_bounded_log	Bounded FastLevenbergMarquardt log-space	fit_rank_20	fit_rank_20	5638.283530430554	54003.5800846528	6.0365023321263405e10	2.22382879566379	2.385488832727355	6.117516291559359	6.117516291559359	5.9091316008817505e10	5.9091316008817505e10	0.9999973701126499	0.9999979696044373	false	false	false	true	true	ok		1.183348962
crauste_7_1em4	residual_lso_lm_bounded_log	Bounded LeastSquaresOptim LM log-space	scalar_log	Scalar log-space	fit_rank_1	fit_rank_1	2.445712379564965	43.24778761061947	128485.08431354992	3.366720751708107	3.366720751708107	2.445712379564965	6.755168326842606	128485.08431354992	5627.4369906401225	0.9999984683062646	0.9999984683062646	false	false	false	false	true	ok		150.407685587
crauste_7_1em4	residual_lso_lm_bounded_log	Bounded LeastSquaresOptim LM log-space	scalar_log	Scalar log-space	fit_rank_2	fit_rank_2	0.3565602453218376	0.9999862652718196	266293.65920579806	3.366720751708107	3.366720751708107	0.31348767407431316	0.31348767407431316	24437.73624308714	24437.73624308714	0.9999966242539668	0.9999966242539668	false	false	false	true	true	ok		136.982793098
crauste_7_1em4	residual_lso_lm_bounded_log	Bounded LeastSquaresOptim LM log-space	scalar_log	Scalar log-space	fit_rank_3	fit_rank_3	1.7074689827099852	12.896773498588944	3.3440408831817333e7	3.366720751708107	3.366720751708107	1.6826781497547991	1.6826781497547991	3.1211887293822303e7	3.1211887293822303e7	0.9999985793101801	0.9999985793101801	false	false	false	true	true	ok		161.674500551
crauste_7_1em4	residual_lso_lm_bounded_log	Bounded LeastSquaresOptim LM log-space	scalar_log	Scalar log-space	fit_rank_4	fit_rank_4	2.947248900869907	32.68542566966378	3.629083537257264e7	3.366720751708107	3.366720751708107	2.7113506006464076	2.7113506006464076	20778.902470181543	20778.902470181543	0.9999985814495067	0.9999985814495067	false	false	false	true	true	ok		130.836542712
crauste_7_1em4	residual_lso_lm_bounded_log	Bounded LeastSquaresOptim LM log-space	scalar_log	Scalar log-space	fit_rank_5	fit_rank_5	3.319032006314703	39.21116541281771	2.113292389848167e9	3.366720751708107	3.366720751708107	3.319032006314703	15.58633644992869	2.113292389848167e9	670669.6778017192	0.9999985797788051	0.9999985797788051	false	false	false	false	true	ok		126.265987446
crauste_7_1em4	residual_lso_lm_bounded_log	Bounded LeastSquaresOptim LM log-space	scalar_log	Scalar log-space	fit_rank_6	fit_rank_6	3.3233692285183007	38.072721166543246	2.282608045453904e9	3.366720751708107	3.366720751708107	3.3233692285183007	15.268076324228497	2.282608045453904e9	504074.60369543446	0.9999872026272749	0.9999872026272749	false	false	false	false	true	ok		134.636766223
crauste_7_1em4	residual_lso_lm_bounded_log	Bounded LeastSquaresOptim LM log-space	scalar_log	Scalar log-space	fit_rank_7	fit_rank_7	3.1104339998828547	36.037037037037045	4.1877553223889933e9	3.366720751708107	3.366720751708107	3.1104339998828547	14.18768252378902	4.1877553223889933e9	517375.6769457762	0.9991958820752828	0.9991958820752828	false	false	false	false	true	ok		157.163236663
crauste_7_1em4	residual_lso_lm_bounded_log	Bounded LeastSquaresOptim LM log-space	scalar_log	Scalar log-space	fit_rank_8	fit_rank_8	3.111432184957325	36.037037037037045	4.1990654507348404e9	3.366720751708107	3.366720751708107	3.111432184957325	15.090288868777465	4.1990654507348404e9	565970.8240276669	0.9991623616813062	0.9991623616813062	false	false	false	false	true	ok		152.651810606
crauste_7_1em4	residual_lso_lm_bounded_log	Bounded LeastSquaresOptim LM log-space	scalar_log	Scalar log-space	fit_rank_9	fit_rank_9	3.1720258258770397	12.440860215053766	1.2005088332285643e10	3.366720751708107	3.366720751708107	3.1720258258770397	8.21609874107561	1.2005088332285643e10	9.769892377970353e7	0.9999985797788051	0.9999985797788051	false	false	false	false	true	ok		129.248659636
crauste_7_1em4	residual_lso_lm_bounded_log	Bounded LeastSquaresOptim LM log-space	scalar_log	Scalar log-space	fit_rank_10	fit_rank_10	1639.097487955268	9082.752511279983	2.087618061507795e10	3.366720751708107	3.366720751708107	15.627751290320104	15.627751290320104	553770.7905746502	553770.7905746502	0.9999985801617374	0.9999985801617374	false	false	false	true	true	ok		158.647735547
crauste_7_1em4	residual_lso_lm_bounded_log	Bounded LeastSquaresOptim LM log-space	scalar_log	Scalar log-space	fit_rank_11	fit_rank_11	2.170291236365602	19.45349285361613	2.1034419361096207e10	3.366720751708107	3.366720751708107	2.170291236365602	27.858421421281324	2.1034419361096207e10	1.5664042567306867e8	0.99999722148081	0.99999722148081	false	false	false	false	true	ok		114.627473791
crauste_7_1em4	residual_lso_lm_bounded_log	Bounded LeastSquaresOptim LM log-space	scalar_log	Scalar log-space	fit_rank_12	fit_rank_12	1639.0978370223047	9082.752511279983	2.110150944340463e10	3.366720751708107	3.366720751708107	16.101323008890322	16.101323008890322	641487.5122966898	641487.5122966898	0.9999316724803544	0.9999316724803544	false	false	false	true	true	ok		154.788962
crauste_7_1em4	residual_lso_lm_bounded_log	Bounded LeastSquaresOptim LM log-space	scalar_log	Scalar log-space	fit_rank_13	fit_rank_13	2.922619848536493	20.574127149126806	3.301750705019543e10	3.366720751708107	3.366720751708107	0.9400101758565867	0.9400101758565867	1.522949291461844e8	1.522949291461844e8	0.9999985797747646	0.9999985797747646	false	false	false	true	true	ok		128.747604689
crauste_7_1em4	residual_lso_lm_bounded_log	Bounded LeastSquaresOptim LM log-space	scalar_log	Scalar log-space	fit_rank_14	fit_rank_14	187.5198425730863	1539.1180606474663	5.278739942759699e10	3.366720751708107	3.366720751708107	2.87229262562077	2.87229262562077	1.2671153110204417e7	1.2671153110204417e7	0.5509538024429896	0.5509538024429896	false	false	false	true	true	ok		128.279072688
crauste_7_1em4	residual_lso_lm_bounded_log	Bounded LeastSquaresOptim LM log-space	scalar_log	Scalar log-space	fit_rank_15	fit_rank_15	4.2843127091824025	36.80880391882802	5.6000986221352974e10	3.366720751708107	3.366720751708107	4.2843127091824025	4.2843127091824025	5.6000986221352974e10	5.6000986221352974e10	0.9999975556524452	0.9999975556524452	false	false	false	false	false	ok		8.397304884
crauste_7_1em4	residual_lso_lm_bounded_log	Bounded LeastSquaresOptim LM log-space	scalar_log	Scalar log-space	fit_rank_16	fit_rank_16	4.8744797035082925	38.674578324021134	5.6792917881838974e10	3.366720751708107	3.366720751708107	4.874479862387269	4.874479862387269	5.679289109755473e10	5.679289109755473e10	0.9999980006348433	0.9999980006348433	false	false	false	false	true	ok		10.131283328
crauste_7_1em4	residual_lso_lm_bounded_log	Bounded LeastSquaresOptim LM log-space	scalar_log	Scalar log-space	fit_rank_17	fit_rank_17	15897.162271047666	152758.6497640388	5.893892111368358e10	3.366720751708107	3.366720751708107	2.7397385298650887	2.7397385298650887	2.4157679765782747e7	2.4157679765782747e7	0.9999977866488042	0.9999977866488042	false	false	false	true	true	ok		139.211699151
crauste_7_1em4	residual_lso_lm_bounded_log	Bounded LeastSquaresOptim LM log-space	scalar_log	Scalar log-space	fit_rank_18	fit_rank_18	4.801469081903663	40.181298647999704	5.95245070804556e10	3.366720751708107	3.366720751708107	4.801469081903663	4.803388006690976	5.95245070804556e10	5.947802954084042e10	0.9999972555826828	0.9999972555826828	false	false	false	false	true	ok		18.229419835
crauste_7_1em4	residual_lso_lm_bounded_log	Bounded LeastSquaresOptim LM log-space	scalar_log	Scalar log-space	fit_rank_19	fit_rank_19	5096.305838943803	48154.05728735925	6.0345270529230095e10	3.366720751708107	3.366720751708107	2.8826798744806874	2.8826798744806874	2.4290383413051024e7	2.4290383413051024e7	0.9999973841913542	0.9999973841913542	false	false	false	true	true	ok		136.850479968
crauste_7_1em4	residual_lso_lm_bounded_log	Bounded LeastSquaresOptim LM log-space	scalar_log	Scalar log-space	fit_rank_20	fit_rank_20	5638.283530430554	54003.5800846528	6.0365023321263405e10	3.366720751708107	3.366720751708107	3.861033312437033	3.861033312437033	3.8627150110250466e7	3.8627150110250466e7	0.999994011919552	0.999994011919552	false	false	false	true	true	ok		122.264536644
crauste_7_1em4	residual_lso_lm_bounded_log	Bounded LeastSquaresOptim LM log-space	residual_fastlm_bounded_log	Bounded FastLevenbergMarquardt log-space	fit_rank_1	fit_rank_1	2.445712379564965	43.24778761061947	128485.08431354992	2.22382879566379	2.385488832727355	2.4454356214689272	2.4454356214689272	128272.64533505568	128272.64533505568	0.9999864011600867	0.9999980000020001	false	false	false	true	true	ok		4.111713725
crauste_7_1em4	residual_lso_lm_bounded_log	Bounded LeastSquaresOptim LM log-space	residual_fastlm_bounded_log	Bounded FastLevenbergMarquardt log-space	fit_rank_2	fit_rank_2	0.3565602453218376	0.9999862652718196	266293.65920579806	2.22382879566379	2.385488832727355	0.3565602453218376	1.0145285241424968	266293.65920579806	69295.93874402977	0.9999902966162465	0.9999955913440272	false	false	false	false	true	ok		4.748848356
crauste_7_1em4	residual_lso_lm_bounded_log	Bounded LeastSquaresOptim LM log-space	residual_fastlm_bounded_log	Bounded FastLevenbergMarquardt log-space	fit_rank_3	fit_rank_3	1.7074689827099852	12.896773498588944	3.3440408831817333e7	2.22382879566379	2.385488832727355	1.693153351299139	1.693153351299139	2.582236696650883e7	2.582236696650883e7	0.9971053713156242	0.9999815811641629	false	false	false	true	true	ok		5.538140723
crauste_7_1em4	residual_lso_lm_bounded_log	Bounded LeastSquaresOptim LM log-space	residual_fastlm_bounded_log	Bounded FastLevenbergMarquardt log-space	fit_rank_4	fit_rank_4	2.947248900869907	32.68542566966378	3.629083537257264e7	2.22382879566379	2.385488832727355	2.947248900869907	3.9348945425091433	3.629083537257264e7	3.0758564911419217e7	0.9971093474376993	0.9999979992913302	false	false	false	false	true	ok		4.457891416
crauste_7_1em4	residual_lso_lm_bounded_log	Bounded LeastSquaresOptim LM log-space	residual_fastlm_bounded_log	Bounded FastLevenbergMarquardt log-space	fit_rank_5	fit_rank_5	3.319032006314703	39.21116541281771	2.113292389848167e9	2.22382879566379	2.385488832727355	3.319032006314703	4.004403097989204	2.113292389848167e9	2.1071507931150393e9	0.9999980000020001	0.9999980000020001	false	false	false	false	true	ok		7.320475012
crauste_7_1em4	residual_lso_lm_bounded_log	Bounded LeastSquaresOptim LM log-space	residual_fastlm_bounded_log	Bounded FastLevenbergMarquardt log-space	fit_rank_6	fit_rank_6	3.3233692285183007	38.072721166543246	2.282608045453904e9	2.22382879566379	2.385488832727355	3.3233692285183007	4.001132286279526	2.282608045453904e9	2.270647033044258e9	0.9999980000020001	0.9999977349399731	false	false	false	false	true	ok		7.130281075
crauste_7_1em4	residual_lso_lm_bounded_log	Bounded LeastSquaresOptim LM log-space	residual_fastlm_bounded_log	Bounded FastLevenbergMarquardt log-space	fit_rank_7	fit_rank_7	3.1104339998828547	36.037037037037045	4.1877553223889933e9	2.22382879566379	2.385488832727355	3.1104339998828547	3.8106004612064637	4.1877553223889933e9	4.161479642743514e9	0.9999980000020001	0.999996441180188	false	false	false	false	true	ok		9.188362013
crauste_7_1em4	residual_lso_lm_bounded_log	Bounded LeastSquaresOptim LM log-space	residual_fastlm_bounded_log	Bounded FastLevenbergMarquardt log-space	fit_rank_8	fit_rank_8	3.111432184957325	36.037037037037045	4.1990654507348404e9	2.22382879566379	2.385488832727355	3.111432184957325	3.813397852768918	4.1990654507348404e9	4.1726418568540173e9	0.9999980000020001	0.9999964197383283	false	false	false	false	true	ok		8.794299193
crauste_7_1em4	residual_lso_lm_bounded_log	Bounded LeastSquaresOptim LM log-space	residual_fastlm_bounded_log	Bounded FastLevenbergMarquardt log-space	fit_rank_9	fit_rank_9	3.1720258258770397	12.440860215053766	1.2005088332285643e10	2.22382879566379	2.385488832727355	3.1720258258770397	3.373487707539793	1.2005088332285643e10	8.028975508433948e8	0.9999897838102042	0.9999980000020001	false	false	false	false	true	ok		5.341808958
crauste_7_1em4	residual_lso_lm_bounded_log	Bounded LeastSquaresOptim LM log-space	residual_fastlm_bounded_log	Bounded FastLevenbergMarquardt log-space	fit_rank_10	fit_rank_10	1639.097487955268	9082.752511279983	2.087618061507795e10	2.22382879566379	2.385488832727355	3.031258332134075	3.031258332134075	2.723455617784239e9	2.723455617784239e9	0.9999980000020001	0.9999980000020001	false	false	false	true	true	ok		7.520707637
crauste_7_1em4	residual_lso_lm_bounded_log	Bounded LeastSquaresOptim LM log-space	residual_fastlm_bounded_log	Bounded FastLevenbergMarquardt log-space	fit_rank_11	fit_rank_11	2.170291236365602	19.45349285361613	2.1034419361096207e10	2.22382879566379	2.385488832727355	2.170291236365602	3.600201406337044	2.1034419361096207e10	7.68201740178611e9	0.9999772053865146	0.9999867518465045	false	false	false	false	true	ok		7.302425241
crauste_7_1em4	residual_lso_lm_bounded_log	Bounded LeastSquaresOptim LM log-space	residual_fastlm_bounded_log	Bounded FastLevenbergMarquardt log-space	fit_rank_12	fit_rank_12	1639.0978370223047	9082.752511279983	2.110150944340463e10	2.22382879566379	2.385488832727355	3.815519294983761	3.815519294983761	2.829056024465309e9	2.829056024465309e9	0.9999980000020001	0.9999929185802369	false	false	false	true	true	ok		6.09349132
crauste_7_1em4	residual_lso_lm_bounded_log	Bounded LeastSquaresOptim LM log-space	residual_fastlm_bounded_log	Bounded FastLevenbergMarquardt log-space	fit_rank_13	fit_rank_13	2.922619848536493	20.574127149126806	3.301750705019543e10	2.22382879566379	2.385488832727355	2.922619848536493	3.7927421291042456	3.301750705019543e10	3.2442087713080635e10	0.9999915495157147	0.9999980000020001	false	false	false	false	true	ok		3.901064912
crauste_7_1em4	residual_lso_lm_bounded_log	Bounded LeastSquaresOptim LM log-space	residual_fastlm_bounded_log	Bounded FastLevenbergMarquardt log-space	fit_rank_14	fit_rank_14	187.5198425730863	1539.1180606474663	5.278739942759699e10	2.22382879566379	2.385488832727355	3.3849726858874285	3.3849726858874285	1.096967734366025e9	1.096967734366025e9	0.9999979137060506	0.9999980000020001	false	false	false	true	true	ok		4.728631828
crauste_7_1em4	residual_lso_lm_bounded_log	Bounded LeastSquaresOptim LM log-space	residual_fastlm_bounded_log	Bounded FastLevenbergMarquardt log-space	fit_rank_15	fit_rank_15	4.2843127091824025	36.80880391882802	5.6000986221352974e10	2.22382879566379	2.385488832727355	3.424621021828942	3.424621021828942	4.082184564725324e10	4.082184564725324e10	0.9999965065117075	0.9999979696044373	false	false	false	true	true	ok		4.277115048
crauste_7_1em4	residual_lso_lm_bounded_log	Bounded LeastSquaresOptim LM log-space	residual_fastlm_bounded_log	Bounded FastLevenbergMarquardt log-space	fit_rank_16	fit_rank_16	4.8744797035082925	38.674578324021134	5.6792917881838974e10	2.22382879566379	2.385488832727355	4.500661275720769	4.500661275720769	4.7170281284330864e10	4.7170281284330864e10	0.9999965958313843	0.999900877430973	false	false	false	true	true	ok		1.255077126
crauste_7_1em4	residual_lso_lm_bounded_log	Bounded LeastSquaresOptim LM log-space	residual_fastlm_bounded_log	Bounded FastLevenbergMarquardt log-space	fit_rank_17	fit_rank_17	15897.162271047666	152758.6497640388	5.893892111368358e10	2.22382879566379	2.385488832727355	6.005818706236515	6.005818706236515	3.3682554289531685e10	3.3682554289531685e10	0.9999977469140037	0.9999979696044373	false	false	false	true	true	ok		5.27566678
crauste_7_1em4	residual_lso_lm_bounded_log	Bounded LeastSquaresOptim LM log-space	residual_fastlm_bounded_log	Bounded FastLevenbergMarquardt log-space	fit_rank_18	fit_rank_18	4.801469081903663	40.181298647999704	5.95245070804556e10	2.22382879566379	2.385488832727355	4.277608202404926	4.277608202404926	4.738523389151312e10	4.738523389151312e10	0.9999980000020001	0.9999950899534731	false	false	false	true	true	ok		2.108985637
crauste_7_1em4	residual_lso_lm_bounded_log	Bounded LeastSquaresOptim LM log-space	residual_fastlm_bounded_log	Bounded FastLevenbergMarquardt log-space	fit_rank_19	fit_rank_19	5096.305838943803	48154.05728735925	6.0345270529230095e10	2.22382879566379	2.385488832727355	2.791666929423629	2.791666929423629	7.659595350764674e9	7.659595350764674e9	0.9999965065117075	0.9999979696044373	false	false	false	true	true	ok		4.327832113
crauste_7_1em4	residual_lso_lm_bounded_log	Bounded LeastSquaresOptim LM log-space	residual_fastlm_bounded_log	Bounded FastLevenbergMarquardt log-space	fit_rank_20	fit_rank_20	5638.283530430554	54003.5800846528	6.0365023321263405e10	2.22382879566379	2.385488832727355	6.117516291559359	6.117516291559359	5.9091316008817505e10	5.9091316008817505e10	0.9999973701126499	0.9999979696044373	false	false	false	true	true	ok		1.153603752
crauste_7_1em4	residual_fastlm_bounded_log	Bounded FastLevenbergMarquardt log-space	scalar_log	Scalar log-space	fit_rank_1	fit_rank_1	2.385488832727355	32.00330033003299	1.4082900354750842e8	3.366720751708107	3.366720751708107	2.385488832727355	5.552429010307742	1.4082900354750842e8	1.1400078522302492e8	0.9728669717879241	0.9728669717879241	false	false	false	false	true	ok		138.903998539
crauste_7_1em4	residual_fastlm_bounded_log	Bounded FastLevenbergMarquardt log-space	scalar_log	Scalar log-space	fit_rank_2	fit_rank_2	3.3849726858874285	43.24778761061947	1.096967734366025e9	3.366720751708107	3.366720751708107	3.3849726858874285	17.17378043055811	1.096967734366025e9	1.034852369384322e6	0.9999985797788051	0.9999985797788051	false	false	false	false	true	ok		146.25033008
crauste_7_1em4	residual_fastlm_bounded_log	Bounded FastLevenbergMarquardt log-space	scalar_log	Scalar log-space	fit_rank_3	fit_rank_3	3.031258332134075	36.037037037037045	2.723455617784239e9	3.366720751708107	3.366720751708107	3.031258332134075	8.092521878276848	2.723455617784239e9	75181.275324726	0.9999985797788051	0.9999985797788051	false	false	false	false	true	ok		155.20699261
crauste_7_1em4	residual_fastlm_bounded_log	Bounded FastLevenbergMarquardt log-space	scalar_log	Scalar log-space	fit_rank_4	fit_rank_4	3.815519294983761	36.037037037037045	2.829056024465309e9	3.366720751708107	3.366720751708107	3.815519294983761	13.2326049855513	2.829056024465309e9	388299.4540040981	0.9999979999210108	0.9999979999210108	false	false	false	false	true	ok		144.578823991
crauste_7_1em4	residual_fastlm_bounded_log	Bounded FastLevenbergMarquardt log-space	scalar_log	Scalar log-space	fit_rank_5	fit_rank_5	2.791666929423629	19.99805304079364	7.659595350764674e9	3.366720751708107	3.366720751708107	2.791666929423629	5.075951541812956	7.659595350764674e9	5.3052484591175124e7	0.9999980094262354	0.9999980094262354	false	false	false	false	true	ok		211.845795112
crauste_7_1em4	residual_fastlm_bounded_log	Bounded FastLevenbergMarquardt log-space	scalar_log	Scalar log-space	fit_rank_6	fit_rank_6	2.873714758571995	31.5529443267669	1.225132673290773e10	3.366720751708107	3.366720751708107	2.873714758571995	12.146724498131643	1.225132673290773e10	154703.54485692698	0.9999985797788051	0.9999985797788051	false	false	false	false	true	ok		137.892532263
crauste_7_1em4	residual_fastlm_bounded_log	Bounded FastLevenbergMarquardt log-space	scalar_log	Scalar log-space	fit_rank_7	fit_rank_7	1639.097487955268	9082.752511279983	2.087618061507795e10	3.366720751708107	3.366720751708107	15.627751290320104	15.627751290320104	553770.7905746502	553770.7905746502	0.9999985801617374	0.9999985801617374	false	false	false	true	true	ok		158.637868479
crauste_7_1em4	residual_fastlm_bounded_log	Bounded FastLevenbergMarquardt log-space	scalar_log	Scalar log-space	fit_rank_8	fit_rank_8	1639.0978370223047	9082.752511279983	2.110150944340463e10	3.366720751708107	3.366720751708107	16.101323008890322	16.101323008890322	641487.5122966898	641487.5122966898	0.9999316724803544	0.9999316724803544	false	false	false	true	true	ok		154.450196028
crauste_7_1em4	residual_fastlm_bounded_log	Bounded FastLevenbergMarquardt log-space	scalar_log	Scalar log-space	fit_rank_9	fit_rank_9	4.7052273338301545	32.00330033003301	2.26633433044551e10	3.366720751708107	3.366720751708107	4.7052273338301545	17.089717111306708	2.26633433044551e10	857537.9417308832	0.9999979999210108	0.9999979999210108	false	false	false	false	true	ok		135.086585695
crauste_7_1em4	residual_fastlm_bounded_log	Bounded FastLevenbergMarquardt log-space	scalar_log	Scalar log-space	fit_rank_10	fit_rank_10	4.23002166835479	28.80474105425418	2.5077046230912716e10	3.366720751708107	3.366720751708107	4.23002166835479	17.101955831222053	2.5077046230912716e10	878541.7757885654	0.9999979999210108	0.9999979999210108	false	false	false	false	true	ok		133.692004539
crauste_7_1em4	residual_fastlm_bounded_log	Bounded FastLevenbergMarquardt log-space	scalar_log	Scalar log-space	fit_rank_11	fit_rank_11	6.005818706236515	32.00330033003301	3.3682554289531685e10	3.366720751708107	3.366720751708107	6.005818706236515	8.415759612599135	3.3682554289531685e10	3.16984086818155e7	0.9999980094262354	0.9999980094262354	false	false	false	false	true	ok		306.610285337
crauste_7_1em4	residual_fastlm_bounded_log	Bounded FastLevenbergMarquardt log-space	scalar_log	Scalar log-space	fit_rank_12	fit_rank_12	2.4641513282721617	32.00330033003301	3.854941077892434e10	3.366720751708107	3.366720751708107	2.4641513282721617	6.858655517174316	3.854941077892434e10	9.595695249175438e7	0.9999872732571677	0.9999872732571677	false	false	false	false	true	ok		114.928039679
crauste_7_1em4	residual_fastlm_bounded_log	Bounded FastLevenbergMarquardt log-space	scalar_log	Scalar log-space	fit_rank_13	fit_rank_13	2.22382879566379	23.89926045617372	4.229825756599654e10	3.366720751708107	3.366720751708107	0.777675639906514	0.777675639906514	2.5618646801622647e8	2.5618646801622647e8	0.9978405662327186	0.9978405662327186	false	false	false	true	true	ok		100.087996052
crauste_7_1em4	residual_fastlm_bounded_log	Bounded FastLevenbergMarquardt log-space	scalar_log	Scalar log-space	fit_rank_14	fit_rank_14	3.6376934857483465	21.9358794244672	4.592052836024501e10	3.366720751708107	3.366720751708107	3.6376934857483465	21.06344942192294	4.592052836024501e10	894246.3162379505	0.9999980094262354	0.9999980094262354	false	false	false	false	true	ok		146.069873482
crauste_7_1em4	residual_fastlm_bounded_log	Bounded FastLevenbergMarquardt log-space	scalar_log	Scalar log-space	fit_rank_15	fit_rank_15	3.820056026510225	17.963288308500825	4.693047077981544e10	3.366720751708107	3.366720751708107	1.07780782077073	1.07780782077073	369965.5353127824	369965.5353127824	0.9999985797361203	0.9999985797361203	false	false	false	true	true	ok		165.292751652
crauste_7_1em4	residual_fastlm_bounded_log	Bounded FastLevenbergMarquardt log-space	scalar_log	Scalar log-space	fit_rank_16	fit_rank_16	187.5198425730863	1539.1180606474663	5.278739942759699e10	3.366720751708107	3.366720751708107	2.87229262562077	2.87229262562077	1.2671153110204417e7	1.2671153110204417e7	0.5509538024429896	0.5509538024429896	false	false	false	true	true	ok		128.035110258
crauste_7_1em4	residual_fastlm_bounded_log	Bounded FastLevenbergMarquardt log-space	scalar_log	Scalar log-space	fit_rank_17	fit_rank_17	15897.162271047666	152758.6497640388	5.893892111368358e10	3.366720751708107	3.366720751708107	2.7397385298650887	2.7397385298650887	2.4157679765782747e7	2.4157679765782747e7	0.9999977866488042	0.9999977866488042	false	false	false	true	true	ok		138.660956422
crauste_7_1em4	residual_fastlm_bounded_log	Bounded FastLevenbergMarquardt log-space	scalar_log	Scalar log-space	fit_rank_18	fit_rank_18	6.117516291559359	32.00330033003301	5.9091316008817505e10	3.366720751708107	3.366720751708107	6.117516291559359	7.3130740709888915	5.9091316008817505e10	1.8057742403394938e8	0.9999983193768995	0.9999983193768995	false	false	false	false	true	ok		79.006367218
crauste_7_1em4	residual_fastlm_bounded_log	Bounded FastLevenbergMarquardt log-space	scalar_log	Scalar log-space	fit_rank_19	fit_rank_19	5096.305838943803	48154.05728735925	6.0345270529230095e10	3.366720751708107	3.366720751708107	2.8826798744806874	2.8826798744806874	2.4290383413051024e7	2.4290383413051024e7	0.9999973841913542	0.9999973841913542	false	false	false	true	true	ok		136.921318485
crauste_7_1em4	residual_fastlm_bounded_log	Bounded FastLevenbergMarquardt log-space	scalar_log	Scalar log-space	fit_rank_20	fit_rank_20	5638.283530430554	54003.5800846528	6.0365023321263405e10	3.366720751708107	3.366720751708107	3.861033312437033	3.861033312437033	3.8627150110250466e7	3.8627150110250466e7	0.999994011919552	0.999994011919552	false	false	false	true	true	ok		121.728125277
crauste_7_1em4	residual_fastlm_bounded_log	Bounded FastLevenbergMarquardt log-space	residual_lso_lm_bounded_log	Bounded LeastSquaresOptim LM log-space	fit_rank_1	fit_rank_1	2.385488832727355	32.00330033003299	1.4082900354750842e8	0.3565602453218376	2.445712379564965	2.385488832727355	3.268588531045117	1.4082900354750842e8	2.7411759130036596e7	0.9999955913440272	0.9999979998532049	false	false	false	false	true	ok		6.039849248
crauste_7_1em4	residual_fastlm_bounded_log	Bounded FastLevenbergMarquardt log-space	residual_lso_lm_bounded_log	Bounded LeastSquaresOptim LM log-space	fit_rank_2	fit_rank_2	3.3849726858874285	43.24778761061947	1.096967734366025e9	0.3565602453218376	2.445712379564965	3.3849726858874285	3.629958380776467	1.096967734366025e9	2.4731977045686296e8	0.9999979757678239	0.9688042659103665	false	false	false	false	true	ok		7.207286106
crauste_7_1em4	residual_fastlm_bounded_log	Bounded FastLevenbergMarquardt log-space	residual_lso_lm_bounded_log	Bounded LeastSquaresOptim LM log-space	fit_rank_3	fit_rank_3	3.031258332134075	36.037037037037045	2.723455617784239e9	0.3565602453218376	2.445712379564965	3.0247097830655143	3.0247097830655143	2.585235787471468e9	2.585235787471468e9	0.9999959601910854	0.987346196002779	false	false	false	true	true	ok		10.301287384
crauste_7_1em4	residual_fastlm_bounded_log	Bounded FastLevenbergMarquardt log-space	residual_lso_lm_bounded_log	Bounded LeastSquaresOptim LM log-space	fit_rank_4	fit_rank_4	3.815519294983761	36.037037037037045	2.829056024465309e9	0.3565602453218376	2.445712379564965	2.912042619264127	2.912042619264127	2.1033515780159807e9	2.1033515780159807e9	0.9999967434692617	0.9752626069163923	false	false	false	true	true	ok		10.005641862
crauste_7_1em4	residual_fastlm_bounded_log	Bounded FastLevenbergMarquardt log-space	residual_lso_lm_bounded_log	Bounded LeastSquaresOptim LM log-space	fit_rank_5	fit_rank_5	2.791666929423629	19.99805304079364	7.659595350764674e9	0.3565602453218376	2.445712379564965	2.535785430945856	2.535785430945856	1.0071941485848054e8	1.0071941485848054e8	0.9999955913440272	0.999997927476969	false	false	false	true	true	ok		6.449415602
crauste_7_1em4	residual_fastlm_bounded_log	Bounded FastLevenbergMarquardt log-space	residual_lso_lm_bounded_log	Bounded LeastSquaresOptim LM log-space	fit_rank_6	fit_rank_6	2.873714758571995	31.5529443267669	1.225132673290773e10	0.3565602453218376	2.445712379564965	2.6535661120286522	2.6535661120286522	1.6236081150217028e9	1.6236081150217028e9	0.9999979757678239	0.9999913333560587	false	false	false	true	true	ok		7.783215881
crauste_7_1em4	residual_fastlm_bounded_log	Bounded FastLevenbergMarquardt log-space	residual_lso_lm_bounded_log	Bounded LeastSquaresOptim LM log-space	fit_rank_7	fit_rank_7	1639.097487955268	9082.752511279983	2.087618061507795e10	0.3565602453218376	2.445712379564965	3.319032006314703	3.319032006314703	2.113292389848167e9	2.113292389848167e9	0.999997772564277	0.9762367356450309	false	false	false	true	true	ok		10.11356423
crauste_7_1em4	residual_fastlm_bounded_log	Bounded FastLevenbergMarquardt log-space	residual_lso_lm_bounded_log	Bounded LeastSquaresOptim LM log-space	fit_rank_8	fit_rank_8	1639.0978370223047	9082.752511279983	2.110150944340463e10	0.3565602453218376	2.445712379564965	3.3233692285183007	3.3233692285183007	2.282608045453904e9	2.282608045453904e9	0.9999977076645619	0.9807296235147404	false	false	false	true	true	ok		9.84685339
crauste_7_1em4	residual_fastlm_bounded_log	Bounded FastLevenbergMarquardt log-space	residual_lso_lm_bounded_log	Bounded LeastSquaresOptim LM log-space	fit_rank_9	fit_rank_9	4.7052273338301545	32.00330033003301	2.26633433044551e10	0.3565602453218376	2.445712379564965	4.093630584197753	4.093630584197753	1.1619400523905329e10	1.1619400523905329e10	0.999997956274535	0.9999880497809817	false	false	false	true	true	ok		11.852355113
crauste_7_1em4	residual_fastlm_bounded_log	Bounded FastLevenbergMarquardt log-space	residual_lso_lm_bounded_log	Bounded LeastSquaresOptim LM log-space	fit_rank_10	fit_rank_10	4.23002166835479	28.80474105425418	2.5077046230912716e10	0.3565602453218376	2.445712379564965	4.092082503416718	4.092082503416718	1.149164987270122e10	1.149164987270122e10	0.999997956274535	0.9999899453823599	false	false	false	true	true	ok		11.004737143
crauste_7_1em4	residual_fastlm_bounded_log	Bounded FastLevenbergMarquardt log-space	residual_lso_lm_bounded_log	Bounded LeastSquaresOptim LM log-space	fit_rank_11	fit_rank_11	6.005818706236515	32.00330033003301	3.3682554289531685e10	0.3565602453218376	2.445712379564965	4.257113684558877	4.257113684558877	4.7162909142066896e7	4.7162909142066896e7	0.9999945215590925	0.9999979997666834	false	false	false	true	true	ok		13.648124094
crauste_7_1em4	residual_fastlm_bounded_log	Bounded FastLevenbergMarquardt log-space	residual_lso_lm_bounded_log	Bounded LeastSquaresOptim LM log-space	fit_rank_12	fit_rank_12	2.4641513282721617	32.00330033003301	3.854941077892434e10	0.3565602453218376	2.445712379564965	2.4590752579284043	2.4590752579284043	4.8383591427759635e8	4.8383591427759635e8	0.9999955913440272	0.9999980000020001	false	false	false	true	true	ok		6.060539081
crauste_7_1em4	residual_fastlm_bounded_log	Bounded FastLevenbergMarquardt log-space	residual_lso_lm_bounded_log	Bounded LeastSquaresOptim LM log-space	fit_rank_13	fit_rank_13	2.22382879566379	23.89926045617372	4.229825756599654e10	0.3565602453218376	2.445712379564965	2.173622081271073	2.173622081271073	4.209684019961822e10	4.209684019961822e10	0.999986364974528	0.9999864212977053	false	false	false	true	true	ok		2.279036177
crauste_7_1em4	residual_fastlm_bounded_log	Bounded FastLevenbergMarquardt log-space	residual_lso_lm_bounded_log	Bounded LeastSquaresOptim LM log-space	fit_rank_14	fit_rank_14	3.6376934857483465	21.9358794244672	4.592052836024501e10	0.3565602453218376	2.445712379564965	3.3312788313410624	3.3312788313410624	1.4230173543517847e9	1.4230173543517847e9	0.999997956274535	0.9999880497809817	false	false	false	true	true	ok		8.009134352
crauste_7_1em4	residual_fastlm_bounded_log	Bounded FastLevenbergMarquardt log-space	residual_lso_lm_bounded_log	Bounded LeastSquaresOptim LM log-space	fit_rank_15	fit_rank_15	3.820056026510225	17.963288308500825	4.693047077981544e10	0.3565602453218376	2.445712379564965	3.0496088967820496	3.0496088967820496	4.367411495902644e10	4.367411495902644e10	0.9999939681221146	0.9999980000020001	false	false	false	true	true	ok		2.41578786
crauste_7_1em4	residual_fastlm_bounded_log	Bounded FastLevenbergMarquardt log-space	residual_lso_lm_bounded_log	Bounded LeastSquaresOptim LM log-space	fit_rank_16	fit_rank_16	187.5198425730863	1539.1180606474663	5.278739942759699e10	0.3565602453218376	2.445712379564965	0.3565602453218376	0.3565602453218376	266293.65920579806	266293.65920579806	0.0	0.9999979757678239	true	false	true	true	true	ok		8.310551771
crauste_7_1em4	residual_fastlm_bounded_log	Bounded FastLevenbergMarquardt log-space	residual_lso_lm_bounded_log	Bounded LeastSquaresOptim LM log-space	fit_rank_17	fit_rank_17	15897.162271047666	152758.6497640388	5.893892111368358e10	0.3565602453218376	2.445712379564965	4.8744797035082925	4.8744797035082925	5.6792917881838974e10	5.6792917881838974e10	0.9999969264806714	0.9999978430230807	false	false	false	true	true	ok		2.280709188
crauste_7_1em4	residual_fastlm_bounded_log	Bounded FastLevenbergMarquardt log-space	residual_lso_lm_bounded_log	Bounded LeastSquaresOptim LM log-space	fit_rank_18	fit_rank_18	6.117516291559359	32.00330033003301	5.9091316008817505e10	0.3565602453218376	2.445712379564965	6.1174608346434125	6.1174608346434125	5.9090939427183365e10	5.9090939427183365e10	0.9999979998897596	0.9999980000020001	false	false	false	true	true	ok		1.151430757
crauste_7_1em4	residual_fastlm_bounded_log	Bounded FastLevenbergMarquardt log-space	residual_lso_lm_bounded_log	Bounded LeastSquaresOptim LM log-space	fit_rank_19	fit_rank_19	5096.305838943803	48154.05728735925	6.0345270529230095e10	0.3565602453218376	2.445712379564965	4.801469081903663	4.801469081903663	5.95245070804556e10	5.95245070804556e10	0.9999978250372962	0.9999978430230807	false	false	false	true	true	ok		1.830511674
crauste_7_1em4	residual_fastlm_bounded_log	Bounded FastLevenbergMarquardt log-space	residual_lso_lm_bounded_log	Bounded LeastSquaresOptim LM log-space	fit_rank_20	fit_rank_20	5638.283530430554	54003.5800846528	6.0365023321263405e10	0.3565602453218376	2.445712379564965	4.2843127091824025	4.2843127091824025	5.6000986221352974e10	5.6000986221352974e10	0.999997091143888	0.9999978430230807	false	false	false	true	true	ok		2.372372017
