idx,src,interp,polished,sp,mp_times,mp_idx,g,a,b,Vm,R,rel,err
1,single_point,aaad,false,1,,,0.8342234953571179,-3.630333718156163,-20.07465210238949,0.42008899614491235,0.4684165332046105,23.632076778342153,0.0005971121857597015
2,single_point,aaad,false,1,,,1.0564087251654926,60.289519639667745,191.27012542905214,0.42008899614491235,0.6401548361108519,214.63711998765743,0.06112301503286366
3,single_point,aaad,false,26,,,0.8043649656165996,-4.788955094052527,-27.9896482343575,0.4200890010774769,0.43810683477510903,32.55540950885851,0.0005935790480987154
4,single_point,aaad,false,26,,,1.0507530973697137,55.727329884547835,177.82418531202055,0.4200889937184882,0.6366837068425644,199.4782247035181,0.04813478664329573
5,single_point,aaad,false,58,,,0.7686755187209854,-5.935146008731411,-38.213451548845086,0.4200893234255401,0.39882357107073585,44.081681565778,0.0005809321135446265
6,single_point,aaad,false,58,,,1.0373022672429155,48.04245205026227,155.39423493901668,0.42008879429167056,0.6282614802742706,174.19079474522738,0.03218188563818932
7,single_point,aaad,false,101,,,0.7255931510109276,-6.962493819041218,-52.818700153832,0.42009505999068675,0.3465945937101594,60.547576272640356,0.0005520034603169072
8,single_point,aaad,false,101,,,1.006640185909384,36.531611573568654,121.99096088131465,0.4200848991427304,0.6080842056187944,136.53208667566477,0.01702436199771971
9,single_point,aaad,false,156,,,0.6798920849028427,-7.558787134382367,-74.54935095558606,0.4201529980134706,0.286236068715374,85.04661889017595,0.0005032533911341518
10,single_point,aaad,false,156,,,0.9482101722054948,22.780903535630728,81.45279556786426,0.4200496346842038,0.5653379647781709,90.82953277098564,0.00677149756969638
11,single_point,aaad,false,230,,,0.6365812744993433,-7.562008312207438,-115.42123683405234,0.4207235303493236,0.2390102517818971,131.12540793016046,0.00044029882108067236
12,single_point,aaad,false,230,,,0.8568850060144001,9.666711548722647,39.67221208886635,0.4198363129762206,0.48412074569492464,43.72628194911652,0.0016960454579028467
13,single_point,aaad,false,326,,,0.605686187451044,-7.701423711409432,-248.11179802365115,0.437412158506924,0.7995140662942567,280.7201781551873,0.00039291281992287697
14,single_point,aaad,false,326,,,0.7622040183121211,1.7237381079049636,9.489577665347953,0.41896144151671677,0.3703253591324328,9.6985092055783,0.00019206605355785017
15,single_point,aaad,false,453,,,0.5913679428893542,-2.037481246874392,239.31082705493907,0.4119876930268385,0.001972977135214695,268.7980011893338,0.18148909648703096
16,single_point,aaad,false,453,,,0.6983464156700736,-1.0022805446351444,-0.6556835520398216,0.4165817264557996,0.25485331752113427,2.180542455400641,9.463679022917262e-5
17,single_point,aaad,false,619,,,0.6248718837879599,-2.038327812565457,28.677713776850254,0.40970229066076674,0.0540001271517171,31.331131653720693,6.768318735395929e-5
18,single_point,aaad,false,619,,,0.7744489222745184,-0.2563222225947465,-13.176332007976322,0.4288008182737815,0.4655825712318792,15.85494025701953,0.00012569087552224959
19,single_point,aaad,false,837,,,0.6428825470345185,-1.69278194604313,20.56282534982129,0.40910620785796453,0.09276813050478004,22.182441206111935,6.409019694901899e-5
20,single_point,aaad,false,837,,,-0.607429877361999,-6.2386487451103845,45.659951184248946,-0.25589819508042566,8.83528312625539,50.47683335315552,0.0034920552924646428
21,single_point,aaad,false,1124,,,0.7008142348717457,-0.9351459981340529,16.703765972839044,0.38817188201978786,0.15501095169889206,17.831754197112787,0.0002684343296135738
22,single_point,aaad,false,1124,,,-0.10658996715221923,-1.2245944388911862,12.244616896589296,-0.834955270328078,83.20325186145696,204.9486432214281,0.007039624005569752
23,single_point,aaad,false,1501,,,1.3046778739817293,3.0895178656586286,26.408059265739148,0.0837574872793266,0.21197290153814352,28.772332881329366,0.006432119284079188
24,multipoint,aaad,false,1,[1| 1501],1,-0.07956098075705326,-5.8814038621016005,-3.085404573095882,0.42008899614491235,9.846791853546764,23.373247162244464,1.0e15
25,multipoint,aaad,false,1,[1| 1501],1,3.2593208688724347,14.850373533608938,66.25040127163365,0.42008899614491235,1.0759721291825195,73.6904185700492,0.030513536602583165
26,multipoint,aaad,false,26,[26| 1501],2,-0.0841934485563399,-5.71934307136116,-2.8018325783535665,0.42007075473087857,9.401386907947177,22.270759673136578,1.0e15
27,multipoint,aaad,false,26,[26| 1501],2,28.345405794562108,165.82638254988424,577.662681473735,0.4204718815170247,1.2628719256152023,650.2544323266461,0.04490721656013989
28,multipoint,aaad,false,58,[58| 1501],3,-0.8915031550247545,-10.141352154474728,-18.390910644837792,0.4196819395920026,2.0721740337747243,21.73383387242141,1.0e15
29,multipoint,aaad,false,58,[58| 1501],3,-0.10569176578488763,-5.590024928685727,-2.7252469664262278,0.4198581707228268,7.84209703165691,18.411131266477497,1.0e15
30,multipoint,aaad,false,101,[101| 1501],4,0.14137105494639224,-3.883923248434807,2.7476886443392825,0.41909744058215054,-3.7381417843173548,10.252826198805332,0.007453640138821817
31,multipoint,aaad,false,101,[101| 1501],4,-0.012356950014471388,-4.719603399860027,-0.2081293327810964,0.4188933054612882,59.2203132589541,145.5849338092923,0.017271263008753354
32,multipoint,aaad,false,156,[156| 1501],5,0.49172062269795813,-1.7958951926182949,9.849245982314448,0.41815057731680333,-0.1762428769910405,10.103997725269952,0.001452375391640725
33,multipoint,aaad,false,156,[156| 1501],5,-0.0573385245736041,-4.506272210996422,-0.16181343843639112,0.41510476185347983,14.789220215045976,35.60698073031182,0.01445926383743129
34,multipoint,aaad,false,230,[230| 1501],6,0.6168703846080678,-1.0449403873436334,12.396135481384526,0.41656662113929177,0.10254477139139388,12.97535003538278,0.00038925460633558787
35,multipoint,aaad,false,230,[230| 1501],6,-0.06315189768837114,-3.906589234256682,0.9827641889307486,0.40267163653761173,15.626792636847904,37.68017979417798,0.0062425406715556925
36,multipoint,aaad,false,326,[326| 1501],7,0.6618810916793126,-0.7746678429322202,13.31251070522351,0.4147072406204657,0.1691501146457565,14.008467536892343,0.00010918379848751428
37,multipoint,aaad,false,326,[326| 1501],7,-0.06531473878143358,-3.12812784098678,2.5138354911144787,0.36637128525744866,19.636385700280965,47.60491509970535,0.002325746605057665
38,multipoint,aaad,false,1,[1| 1124],8,0.30138719146887594,-6.715886813649503,25.82194272702778,0.42008899614491235,-0.9752037556324047,28.111547606570213,0.026899615389993546
39,multipoint,aaad,false,1,[1| 1124],8,1.0929108798712506,2.6757361136203124,11.89841968771669,0.42008899614491235,0.6616909902701407,12.414227381867743,0.0013436414098578118
40,multipoint,aaad,false,26,[26| 1124],9,0.32183315474725555,-6.199411524640855,24.91214180741217,0.4200749848310409,-0.836794820670989,27.08584194747708,0.01944022329045875
41,multipoint,aaad,false,26,[26| 1124],9,1.1121307951992767,2.8417334436960315,11.684969463323373,0.4200923580633528,0.6728210811261823,12.173584513329619,0.0013352548686882825
42,multipoint,aaad,false,58,[58| 1124],10,0.3523137107031416,-5.531640270925063,23.761078004098266,0.4199366333413238,-0.6708983634693841,25.788137546897705,0.012434922375642
43,multipoint,aaad,false,58,[58| 1124],10,1.1524167321288656,3.187750074006026,11.241428196465119,0.4201458024394867,0.6964189222573476,11.673537989250415,0.0013262271952495998
44,multipoint,aaad,false,453,[453| 1501],11,-0.06637120614923388,-2.2148291701726825,4.32255720781833,0.266131938482377,29.694952446302942,72.50235754035381,0.001010117748169419
45,multipoint,aaad,false,453,[453| 1501],11,0.6768977549550568,-0.6844817309138186,13.618268811432833,0.4129944347597346,0.18510484014826273,14.353177915933294,5.604053457868412e-5
46,multipoint,aaad,false,101,[101| 1124],12,0.40198121347719756,-4.621929818513486,22.243813780292403,0.41937228200580207,-0.46211094667369707,24.07758036109628,0.006363866397275781
47,multipoint,aaad,false,101,[101| 1124],12,1.2606034066707807,4.105926751031884,10.072488678954612,0.4206044404986239,0.7566516702221683,10.355680585067205,0.0013206718146799611
48,multipoint,aaad,false,156,[156| 1124],13,0.47763220996472516,-3.4918248739747315,20.446056305498903,0.417988912453139,-0.22561474271611456,22.050796285793577,0.002404598568890521
49,multipoint,aaad,false,156,[156| 1124],13,1.662293543084533,7.423440396659961,5.9163228661979375,0.4244854196797103,0.9267165481605945,7.743746050247304,0.0013203850873858489
50,multipoint,aaad,false,230,[230| 1124],14,0.5698108871648846,-2.3440275665450474,18.71594126681145,0.4157191327075866,-0.014204403558587996,20.100272003169614,0.0005847517015612255
51,multipoint,aaad,false,619,[619| 1501],15,-0.06693651249944423,-1.275134029090741,6.187942108668801,0.005729968150732499,54.50873307843366,133.92260662978626,0.0022142552935509956
52,multipoint,aaad,false,619,[619| 1501],15,0.6915544321470181,-0.5964503613805006,13.916711555661179,0.4087844696136053,0.19406709316321868,14.689640987216661,7.09761349433176e-5
53,multipoint,aaad,false,1,[1| 837],16,0.45567549792930806,-13.830423992529779,174.4843370080082,0.42008899614491235,-0.20992629486034298,195.7128940338311,7.613563936788103
54,multipoint,aaad,false,1,[1| 837],16,0.8102815496101101,0.4990361851878808,-3.5477827691078434,0.42008899614491235,0.4442893037856905,4.999755094822822,0.00010537054858740942
55,multipoint,aaad,false,26,[26| 837],17,0.4646056372719176,-11.569901517573058,145.10257936994736,0.42006522896256493,-0.18720299091227033,162.58802634717853,1.6026377938030545
56,multipoint,aaad,false,26,[26| 837],17,0.807836874425667,0.47388766298866913,-3.2855934144606045,0.42008798034992,0.44159362254481427,4.704163939639915,0.000110050483962005
57,multipoint,aaad,false,326,[326| 1124],18,0.6272332321556704,-1.7032381443158098,17.78727141940284,0.4133198058100623,0.08620229495737934,19.053293595719094,9.719852215775874e-5
58,multipoint,aaad,false,326,[326| 1124],18,-0.9908778832289382,-11.846602068698077,28.060492667216938,0.30481637182822097,3.0065534756336048,30.635279218959344,1.0e15
59,multipoint,aaad,false,58,[58| 837],19,0.47633347544155313,-9.491880872951766,118.18998590379657,0.419878894812623,-0.1675567176121029,132.24688376978193,0.39024552615827784
60,multipoint,aaad,false,58,[58| 837],19,0.8044300615256078,0.43864104762940614,-2.9175873862898047,0.4200767413982013,0.4373544904700116,4.289275520056149,0.00011616206895420986
61,multipoint,aaad,false,101,[101| 837],20,0.4929191656625711,-7.511550800066209,92.6917785946639,0.4192597123708429,-0.14577012348490173,103.50031408643055,0.09866150266821211
62,multipoint,aaad,false,101,[101| 837],20,0.8000075264438145,0.39252839887074015,-2.4351773895317095,0.42002896138380674,0.43108655017673847,3.745408556405535,0.00012304438511523142
63,single_point,aaad_gpr,false,1,,,0.8243937378479355,-37.81213870542007,-78.02610253389088,0.4199935274882399,0.541566589332279,88.96629372479242,0.003371700929458164
64,single_point,aaad_gpr,false,1,,,0.8243937378479351,-37.812138705420075,-78.02610253389093,0.4199935274882399,0.5415665893322787,88.96629372479248,0.0033717009294581615
65,single_point,aaad_gpr,false,26,,,0.8191170146361704,-29.44700237821983,-53.07125959830769,0.4210517690302846,0.4758731306386671,60.8323107083514,0.0035716389000773146
66,single_point,aaad_gpr,false,26,,,0.8191170146361703,-29.44700237821982,-53.07125959830769,0.4210517690302846,0.47587313063866715,60.8323107083514,0.0035716389000773124
67,single_point,aaad_gpr,false,58,,,0.8115943952380804,-17.446742433445664,-21.739298201841436,0.4206164095566628,0.41207415106747064,25.50879165934773,0.003636566597548209
68,single_point,aaad_gpr,false,58,,,0.8115943952380805,-17.446742433445632,-21.739298201841354,0.42061640955666274,0.41207415106747036,25.508791659347636,0.0036365665975482083
69,single_point,aaad_gpr,false,101,,,0.8003960923446318,-5.699032627875362,0.8008198801632215,0.4193915515264683,0.3845506294447543,7.712641493374986,0.0021290437652569777
70,single_point,aaad_gpr,false,101,,,0.8003960923446318,-5.699032627875362,0.8008198801632299,0.41939155152646823,0.3845506294447543,7.712641493374986,0.0021290437652569795
71,single_point,aaad_gpr,false,156,,,0.7800520761566453,-0.5279688557614772,-2.7099531988799788,0.41966236752480984,0.3963629556874119,4.0551896266967065,0.0002670996126521123
72,single_point,aaad_gpr,false,156,,,0.7800520761566453,-0.5279688557614758,-2.7099531988799765,0.41966236752480973,0.3963629556874121,4.055189626696704,0.0002670996126521123
73,single_point,aaad_gpr,false,230,,,0.812457733316953,3.8655116348162966,15.266748968827777,0.4200681245890068,0.4418164664140316,16.21166738312038,0.000407148963535806
74,single_point,aaad_gpr,false,230,,,0.6699825240747594,-7.212511630357029,-78.16124631155209,0.4204801229156373,0.2762482900311039,89.1186542407577,0.00047578045588040675
75,single_point,aaad_gpr,false,326,,,0.7741712144860878,0.7590175470650697,0.9896281674969427,0.41978215141933756,0.39566084390585615,0.11570255636633901,3.2705393770242436e-6
76,single_point,aaad_gpr,false,326,,,0.6238276166226996,-9.129736269720198,-188.2143981750537,0.4283369978633686,0.4456284507675364,213.1921061725521,0.000431656990675603
77,single_point,aaad_gpr,false,453,,,0.7781556135762785,0.7090523573057883,-0.2102617245766194,0.4202578407610814,0.40520592841912967,1.2370481675046443,1.6705096819087402e-5
78,single_point,aaad_gpr,false,453,,,0.6037943956354513,2.0528390579010467,332.28526715889564,0.41143442319842777,0.025684402348511978,373.61698665038966,1.374253520468552
79,single_point,aaad_gpr,false,619,,,0.7745807418256566,0.8623691113538392,2.4078039700976017,0.4189594414110726,0.39002414791232093,1.7145478806060899,1.1941585465906776e-5
80,single_point,aaad_gpr,false,619,,,0.7745807418256566,0.8623691113538392,2.4078039700976017,0.4189594414110726,0.39002414791232093,1.7145478806060899,1.1941585465906776e-5
81,single_point,aaad_gpr,false,837,,,0.747321019609992,0.44629995242894716,3.4576189436666493,0.42063451447012584,0.3489383454180675,2.8981047842916,1.843525787193664e-5
82,single_point,aaad_gpr,false,837,,,-0.2250366808376805,-3.540041577886859,18.35531172439829,-0.031735359989583586,17.416788311730723,42.11086215774931,0.0024081433133990478
83,single_point,aaad_gpr,false,1124,,,0.028826469393247133,0.34871796880154493,-3.545109796165649,-0.5247539249404879,-253.20448579085385,627.7437767100342,0.005199134818335659
84,single_point,aaad_gpr,false,1124,,,0.8182249581155552,1.3343654415984065,-1.2210998194270766,0.4202345494042175,0.46228115868405795,2.3766627051038065,8.542576701244358e-6
85,single_point,aaad_gpr,false,1501,,,-1.1835298384320365,-12.140216621314169,-14.254491889712844,0.8016978927056251,0.5059179177954061,17.07045308874052,0.003564977125406384
86,single_point,aaad_gpr,false,1501,,,-0.02916737963290251,-13.440291036168812,-7.393327232587581,0.799166133718206,2.5475063582256543,16.830731491364915,0.003539723844182878
87,multipoint,aaad_gpr,false,1,[1| 1501],1,-0.7754326484963919,-8.737046782360103,-21.173613951344333,0.4199935274882399,2.171310504110109,24.8710416587873,1.0e15
88,multipoint,aaad_gpr,false,1,[1| 1501],1,0.4307304713030201,14.813659221740961,-74.26396387310739,0.4199935274882399,-0.3110034855388926,84.72487471601734,0.0006443511965669232
89,multipoint,aaad_gpr,false,26,[26| 1501],2,-0.8390731830412602,-9.221291386088387,-20.207012098409663,0.4199666176096824,2.107842586443223,23.781298870811344,1.0e15
90,multipoint,aaad_gpr,false,26,[26| 1501],2,0.4360310637752039,14.723578527019916,-74.02897994641847,0.41999986581588167,-0.28977475584501206,84.45995484376378,0.0006654344734003605
91,multipoint,aaad_gpr,false,58,[58| 1501],3,-0.9465086209422569,-10.086279081601916,-18.460310151509038,0.4196099400914981,2.031480005673641,21.81207457892789,1.0e15
92,multipoint,aaad_gpr,false,58,[58| 1501],3,0.4401407665913009,14.657189329115027,-73.85514343365352,0.4200434265459721,-0.270010028827578,84.26397230400623,0.0006810292582537038
93,multipoint,aaad_gpr,false,101,[101| 1501],4,-1.155578182123994,-11.890134145102408,-14.769503463404497,0.41733204824093073,1.9440522218291412,17.651074930557495,1.0e15
94,multipoint,aaad_gpr,false,101,[101| 1501],4,0.4408962377362142,14.645302574923889,-73.82395537836283,0.42005391614144016,-0.2661011941467555,84.22881102408435,0.0006838153236192081
95,multipoint,aaad_gpr,false,156,[156| 1501],5,-1.6079532472466458,-16.097739825255005,-6.046851172989442,0.40583060779550084,1.8661947753264234,19.96082429358658,1.0e15
96,multipoint,aaad_gpr,false,156,[156| 1501],5,0.43444904480228747,14.749928901832208,-74.09781874193801,0.41904276533236573,-0.3309613392051691,84.53756340691997,0.0006636498648284909
97,multipoint,aaad_gpr,false,230,[230| 1501],6,-3.064269077291052,-30.598419867720974,24.344666688540034,0.32773420201326475,1.8277250713746793,37.04054165809302,1.0e15
98,multipoint,aaad_gpr,false,230,[230| 1501],6,0.41488565488790463,15.115531058007159,-75.04525004244616,0.41013852452538246,-0.7035585825941969,85.6056933962189,0.0006097479084930885
99,multipoint,aaad_gpr,false,326,[326| 1501],7,-26.430839738986442,-272.93347741421326,535.3739838264601,-1.0422211781570327,1.8763240057022874,602.5783357682752,1.0e15
100,multipoint,aaad_gpr,false,326,[326| 1501],7,0.37672142058192637,16.09203692887207,-77.53044029867414,0.3458128711269406,-2.9640573806663735,88.4074862442775,0.0005977712884156102
101,multipoint,aaad_gpr,false,1,[1| 1124],8,0.26059863662583405,-6.549823381477133,16.801026092975764,0.4199935274882399,-1.3528606876101719,17.941404839882484,0.01694899794693836
102,multipoint,aaad_gpr,false,1,[1| 1124],8,0.7373915593677995,0.5466762664880945,0.4196715769200778,0.4199935274882399,0.352671214610696,0.5268640620968683,9.20315986488229e-5
103,multipoint,aaad_gpr,false,26,[26| 1124],9,0.270960445185564,-6.178671698479345,15.851577654097142,0.41998418265227594,-1.2560467017111923,16.871000737426314,0.013401007252598397
104,multipoint,aaad_gpr,false,26,[26| 1124],9,0.7478609939042856,0.6501356732538073,0.20322455466902414,0.41999543694091157,0.36604292273730266,0.770885507701213,8.471113028916075e-5
105,multipoint,aaad_gpr,false,58,[58| 1124],10,0.28891999897953363,-5.622449639760887,14.444158397074599,0.41987657670110823,-1.1147981405565215,15.284282296589176,0.00935755067264932
106,multipoint,aaad_gpr,false,58,[58| 1124],10,0.7560038449670908,0.7302782389471588,0.035768049985609805,0.420007370962755,0.37673612934968215,0.9596752536802595,7.790079840860734e-5
107,multipoint,aaad_gpr,false,453,[453| 1501],11,0.31702572885191066,18.763851194217843,-84.18618312212469,-0.4441730864805223,-37.110761890617525,95.91114218954306,0.003669303103956735
108,multipoint,aaad_gpr,false,101,[101| 1124],12,0.32543724295457965,-4.719313197334592,12.20572001646156,0.41935614802437066,-0.883148693002657,12.76067645598823,0.005182659288848057
109,multipoint,aaad_gpr,false,101,[101| 1124],12,0.758269424689597,0.752527293776319,-0.010689331356461025,0.42001503375286153,0.3797935147236836,1.0120511063770699,7.56986390389388e-5
110,multipoint,aaad_gpr,false,156,[156| 1124],13,0.41490053462711307,-3.1463921907845265,8.47170013658232,0.41794000870978226,-0.4628458529813261,8.550958440340835,0.0018993550553104894
111,multipoint,aaad_gpr,false,156,[156| 1124],13,0.7434719327540708,0.606821256057141,0.29380484505298815,0.4198384600993834,0.35769744132757925,0.6687656763776909,9.654627272459179e-5
112,multipoint,aaad_gpr,false,230,[230| 1124],14,0.7361111780455518,0.6005520673674813,0.26414236021327103,0.4293012913394539,0.406285494087555,0.7022070347088263,9.812115629893151e-5
113,multipoint,aaad_gpr,false,230,[230| 1124],14,0.7361111780455524,0.600552067367488,0.26414236021325876,0.42930129133945427,0.40628549408755554,0.7022070347088402,9.812115629893188e-5
114,multipoint,aaad_gpr,false,619,[619| 1501],15,5.93804801236837,64.22231189439181,-176.06303738503962,1.4651528439922057,1.996331212246986,199.49271407558018,0.003023446510810796
115,multipoint,aaad_gpr,false,1,[1| 837],16,0.7621770759047432,0.6325562346453738,2.0136990911939856,0.4199935274882399,0.38298528663593373,1.270235728516331,3.080419935544911e-5
116,multipoint,aaad_gpr,false,1,[1| 837],16,0.44215581023315664,-10.096315695594653,98.29059002876667,0.4199935274882399,-0.26976634831172136,109.81239011134912,0.30704560106064666
117,multipoint,aaad_gpr,false,26,[26| 837],17,0.7690658164225805,0.7170267809455946,1.3625551405556915,0.4199957301505587,0.39142201591914544,0.5361388281349396,1.2684520108802044e-5
118,multipoint,aaad_gpr,false,26,[26| 837],17,0.44970999609445467,-9.086462678192852,88.67657083597895,0.4199811631406522,-0.2468736668131116,98.97358606085564,0.17109177387252897
119,multipoint,aaad_gpr,false,326,[326| 1124],18,-0.8600892644799514,-11.74817556713708,23.89464050416537,0.3145690387093488,3.1797990275691417,25.938715337277756,1.0e15
120,multipoint,aaad_gpr,false,326,[326| 1124],18,0.8140774641140064,1.2945109331329752,-1.1384483695611893,0.42184839351084374,0.4639763118414761,2.2834818146123896,1.54485114932329e-5
121,multipoint,aaad_gpr,false,58,[58| 837],19,0.7748398657538759,0.7869659123902355,0.8251483339873812,0.42001100567620653,0.399055559094259,0.07306724100090045,2.832518164753956e-6
122,multipoint,aaad_gpr,false,58,[58| 837],19,0.4606876092412179,-7.897207598926637,77.40551362793627,0.4198629803424857,-0.2214906880349918,86.26664445088645,0.08468160300774737
123,multipoint,aaad_gpr,false,101,[101| 837],20,0.778255547645364,0.8279829917357115,0.5106950335660803,0.4200399389389141,0.40397967246090094,0.4242446070280944,5.600015149957493e-6
124,multipoint,aaad_gpr,false,101,[101| 837],20,0.4781411353456888,-6.462523256595067,63.91140416892017,0.41938698184422984,-0.18862760511797041,71.05344325695623,0.033828751021790816
125,single_point,s2_aaa_mle,false,1,,,0.7040464322817007,-32.62223315171877,-68.33995958557614,0.4198991802810034,0.4390290431016162,78.04617766130343,0.0034566711020008536
126,single_point,s2_aaa_mle,false,1,,,0.7040464322817008,-32.62223315171876,-68.33995958557611,0.4198991802810034,0.43902904310161645,78.04617766130339,0.0034566711020008584
127,single_point,s2_aaa_mle,false,26,,,0.7156908736180275,-30.566259778002994,-58.130292343710785,0.4214460233227592,0.3763018356214727,66.53584255209785,0.0036118467129131904
128,single_point,s2_aaa_mle,false,26,,,0.7156908736180274,-30.566259778002987,-58.13029234371075,0.42144602332275916,0.3763018356214728,66.5358425520978,0.0036118467129131917
129,single_point,s2_aaa_mle,false,58,,,0.726826130542246,-25.73300707436021,-40.586406534217495,0.42117001016414873,0.29942972334778817,46.756940850301575,0.003883162865580822
130,single_point,s2_aaa_mle,false,58,,,0.726826130542246,-25.733007074360216,-40.586406534217474,0.4211700101641488,0.2994297233477883,46.75694085030155,0.003883162865580827
131,single_point,s2_aaa_mle,false,101,,,0.7358600422403119,-17.542453771148057,-19.08204877833413,0.41857524170238086,0.23758202038815238,22.513020043217733,0.0038084601477872643
132,single_point,s2_aaa_mle,false,101,,,0.735860042240312,-17.542453771148047,-19.082048778334116,0.41857524170238086,0.23758202038815307,22.51302004321772,0.0038084601477872643
133,single_point,s2_aaa_mle,false,156,,,0.7390325870438651,-9.283163418828284,-9.424399117228749,0.41569638495556266,0.23515279597528685,11.934232531010936,0.002102592044754143
134,single_point,s2_aaa_mle,false,156,,,0.7390325870438651,-9.28316341882829,-9.424399117228763,0.4156963849555626,0.23515279597528668,11.934232531010942,0.0021025920447541443
135,single_point,s2_aaa_mle,false,230,,,0.7330400424800958,-4.492358225269054,-26.13674230905633,0.417986991699488,0.3174821300762859,30.466451306715143,0.0005150756400495556
136,single_point,s2_aaa_mle,false,230,,,0.7330400424800958,-4.492358225269057,-26.136742309056324,0.417986991699488,0.3174821300762862,30.466451306715133,0.0005150756400495579
137,single_point,s2_aaa_mle,false,326,,,0.806531310174291,1.7860847118966707,3.288639303526632,0.4206788449138296,0.4443758909633335,2.7075978619240497,7.07153492113947e-5
138,single_point,s2_aaa_mle,false,326,,,0.6289734810035681,-9.932145153525761,-192.1865031843822,0.4313144818454927,0.5337793955866046,217.67024034315918,0.0004453306177462609
139,single_point,s2_aaa_mle,false,453,,,0.7905688764078148,1.2883125451353343,2.6517904726836115,0.4198241691057121,0.41788488366325904,1.9896172183580738,3.5640669062099164e-5
140,single_point,s2_aaa_mle,false,453,,,0.6077367247983829,1.956519515655432,277.8122503947178,0.41088676509033406,0.030243136796936753,312.2043409185094,0.42614509107696946
141,single_point,s2_aaa_mle,false,619,,,0.7512531367965505,0.7273826731242886,1.0355824540712488,0.433420881621585,0.39908095563228557,0.16751122217728165,0.0001259417603510828
142,single_point,s2_aaa_mle,false,619,,,0.7512531367965508,0.7273826731242902,1.035582454071284,0.43342088162158515,0.3990809556322857,0.1675112221773212,0.00012594176035108623
143,single_point,s2_aaa_mle,false,837,,,0.7719843947422733,0.7619590055373517,0.6713773947130058,0.42195740169170387,0.3999207966064457,0.24309200145095172,1.808963835254966e-5
144,single_point,s2_aaa_mle,false,837,,,-0.18754888958532756,-3.21462967006068,15.634969585981443,-0.026652038778380256,20.585697617567163,49.95469707318605,0.0023908072827532275
145,single_point,s2_aaa_mle,false,1124,,,0.7512782176911827,0.5159089188438822,2.030441775861635,0.4239940504660104,0.3683958098606482,1.2891113594832413,4.442944714311728e-5
146,single_point,s2_aaa_mle,false,1124,,,0.004444298041458996,-0.28716148441773376,-0.5107119294691124,-0.4125776837930073,-1428.9949378522087,3538.1161828024965,0.004621621860255643
147,single_point,s2_aaa_mle,false,1501,,,0.9429116806777454,1.9997740796783907,1.6875502875580177,0.2820771497328828,0.40801334641966985,1.355446501387975,0.0018094691422710879
148,single_point,s2_aaa_mle,false,1501,,,0.016391867491724568,1.4707518011996275,-2.5253037761947965,-4.7227971488105265,-2202.5098092269513,5452.756953532057,0.027182371046559524
149,multipoint,s2_aaa_mle,false,1,[1| 1501],1,0.6922929944485045,0.1696497409511087,1.443623571100465,0.4198991802810034,0.28572229945495103,0.8001769835675987,0.00017067128617269197
150,multipoint,s2_aaa_mle,false,1,[1| 1501],1,0.041239817995263786,-5.95049455428254,1.5350869493786299,0.4198991802810034,-15.485856444894077,39.331327833896225,0.022470310524660888
151,multipoint,s2_aaa_mle,false,26,[26| 1501],2,0.7153539035667926,0.338404560183868,1.465880647633503,0.4199022142266107,0.3184517202332071,0.6526275621572749,0.00011822550459380283
152,multipoint,s2_aaa_mle,false,26,[26| 1501],2,0.04355775133945663,-5.7851079439492805,1.4585268134049856,0.4198889546398419,-14.621008359359315,37.190614750889395,0.01928525366205418
153,multipoint,s2_aaa_mle,false,58,[58| 1501],3,0.7432912116956542,0.5427210666001578,1.4929093200101764,0.41993081653981407,0.35666401913500523,0.6830995716011008,5.405257819972516e-5
154,multipoint,s2_aaa_mle,false,58,[58| 1501],3,0.04822816229085004,-5.5289775571382895,1.3452013227424418,0.41976125697462796,-13.200355551658822,33.67414740509609,0.015247425281462895
155,multipoint,s2_aaa_mle,false,101,[101| 1501],4,0.7829375293779088,0.8324667574764085,1.5313741607991131,0.4200553759349757,0.4080720530210003,0.7264646683191806,3.869528347378456e-5
156,multipoint,s2_aaa_mle,false,101,[101| 1501],4,0.061386461780534606,-5.084445039468501,1.1730218119445484,0.41904952360826275,-10.374138372139807,26.678560327078728,0.010261828412762769
157,multipoint,s2_aaa_mle,false,156,[156| 1501],5,0.963766764807239,2.1517853109848706,1.7079979341203,0.4212154015026753,0.5952667859635529,1.5344938880858312,0.00040133506739655443
158,multipoint,s2_aaa_mle,false,156,[156| 1501],5,0.15907178799562383,-3.866126543471283,1.0000099387109451,0.41675288194389243,-3.4224158739617976,9.471326420697517,0.004161439555812483
159,multipoint,s2_aaa_mle,false,230,[230| 1501],6,-0.029878065726234405,-4.458074003177986,0.3978453532777985,0.40399903036358253,31.105470079488114,75.99373782051514,0.0050320720850588795
160,multipoint,s2_aaa_mle,false,230,[230| 1501],6,0.7391211526903971,0.5122317701431129,1.4888706504171811,0.4194391427220832,0.34607257173997513,0.6785463928040374,7.924630384608976e-5
161,multipoint,s2_aaa_mle,false,326,[326| 1501],7,0.7720292513086198,0.7527682004995885,1.5207792738746604,0.41932156109293456,0.38945125178927564,0.714520038190147,4.823859773925361e-6
162,multipoint,s2_aaa_mle,false,326,[326| 1501],7,0.0027806054106543194,-3.2069093157522905,-0.10798961769052184,0.3699653464668293,-417.1420145123624,1033.529738891986,0.0015386735816505033
163,multipoint,s2_aaa_mle,false,1,[1| 1124],8,0.717381018341209,0.17410793409771844,2.7495201616111604,0.4198991802810034,0.32065981510974845,2.0997972509708687,4.304077689562206e-5
164,multipoint,s2_aaa_mle,false,1,[1| 1124],8,0.2857774942181366,-6.194726416653664,17.41647705200518,0.4198991802810034,-1.1353773496574453,18.635261614436505,0.013655542146088296
165,multipoint,s2_aaa_mle,false,26,[26| 1124],9,0.7355885420034184,0.35844389219278444,2.3612494579459216,0.4199025163240977,0.345081620490402,1.6620625230506443,2.5076367940620644e-5
166,multipoint,s2_aaa_mle,false,26,[26| 1124],9,0.29542045769081793,-5.8997080306541525,16.67144318322822,0.41989242218177947,-1.059061841241075,17.79531362257973,0.011252057438973192
167,multipoint,s2_aaa_mle,false,58,[58| 1124],10,0.7563844608153983,0.5668979196226845,1.9234856579957138,0.4199334705784705,0.3729121674900864,1.1685294904123043,1.4062344668141811e-5
168,multipoint,s2_aaa_mle,false,58,[58| 1124],10,0.31221805010227016,-5.4393340391085445,15.519918956070192,0.4198112869903332,-0.9445705168134246,16.497090142130993,0.008291544838752963
169,multipoint,s2_aaa_mle,false,453,[453| 1501],11,0.7756334218250469,0.7791029233000947,1.5242789589742431,0.41921801120157653,0.39357709857090417,0.7184655681784027,6.684726079385093e-6
170,multipoint,s2_aaa_mle,false,453,[453| 1501],11,0.010586057632326788,-1.9747765733601514,-0.7242611206837026,0.2745752253333892,-171.63010704142664,425.8269976272936,0.0008182330160907996
171,multipoint,s2_aaa_mle,false,101,[101| 1124],12,0.346081876878449,-4.660567868612748,13.6065594477403,0.4193965301228205,-0.7544385483746461,14.339976829470462,0.004925843234485149
172,multipoint,s2_aaa_mle,false,101,[101| 1124],12,0.7809550062798922,0.8105992931044633,1.4133382988963186,0.42005304430521945,0.4057582003058532,0.593391543287845,3.342805676578385e-5
173,multipoint,s2_aaa_mle,false,156,[156| 1124],13,0.42357482625730386,-3.3028559065300462,10.387799561777259,0.4181632522464444,-0.4213134895972058,10.711160723536931,0.0020029776286416747
174,multipoint,s2_aaa_mle,false,156,[156| 1124],13,0.8127045885245777,1.1218210886419668,0.7642039023534501,0.4204036027927496,0.44782429767579884,0.3213440384475464,6.957700638893871e-5
175,multipoint,s2_aaa_mle,false,230,[230| 1124],14,0.6574751476434065,-0.44668448792333537,4.066061898909445,0.41787226759355245,0.19829665866283203,3.5840607653995997,0.00022475018510439136
176,multipoint,s2_aaa_mle,false,230,[230| 1124],14,1.0064063669151821,2.9562210737516024,-3.020296113919877,0.4245497676896044,0.6628288306956763,4.405068899571451,0.0002412358491971534
177,multipoint,s2_aaa_mle,false,619,[619| 1501],15,0.7701593242639027,0.7391044377342674,1.5189639275523352,0.4202321597937059,0.3895239552918309,0.7124734245234895,5.4733315715854235e-6
178,multipoint,s2_aaa_mle,false,619,[619| 1501],15,0.013526094869672505,-0.8822982955949455,-1.289988985867787,0.05785217199037971,-241.4322375138905,598.6045483017091,0.001930236097804754
179,multipoint,s2_aaa_mle,false,1,[1| 837],16,0.4486923999427238,-9.110359542621055,88.11939926018889,0.4198991802810034,-0.2566594616074692,98.34543321329073,0.17322069322522257
180,multipoint,s2_aaa_mle,false,1,[1| 837],16,0.7351335516516504,0.2993705674468461,4.238737483890012,0.4198991802810034,0.343941241980423,3.778734480146575,6.966700560339971e-5
181,multipoint,s2_aaa_mle,false,26,[26| 837],17,0.4547440202742026,-8.41521416962266,81.55357152620489,0.41989067679355,-0.2383307882440163,90.94314715468421,0.11421341669370001
182,multipoint,s2_aaa_mle,false,26,[26| 837],17,0.7458797533371175,0.4380268719606736,3.1621402643668395,0.41990266214678107,0.3580698759255974,2.5649833871103036,3.9829256488627925e-5
183,multipoint,s2_aaa_mle,false,326,[326| 1124],18,0.7677462307762936,0.6799198920000014,1.686681784753368,0.4191118539969243,0.381795542708472,0.9015578182112378,5.592377125708969e-6
184,multipoint,s2_aaa_mle,false,326,[326| 1124],18,-1.0547332803932858,-13.439918149566918,28.71484383232227,0.2995792479834496,2.9367510482435506,31.372991919190834,1.0e15
185,multipoint,s2_aaa_mle,false,58,[58| 837],19,0.4638060054032551,-7.527847685118292,73.2048289379749,0.41980325160261406,-0.21674587717599586,81.53081052759289,0.0662767166698125
186,multipoint,s2_aaa_mle,false,58,[58| 837],19,0.7574380584194008,0.5835777644422395,2.038795772599425,0.419933653113936,0.37419305555664145,1.298529619616037,1.5930270279412124e-5
187,multipoint,s2_aaa_mle,false,101,[101| 837],20,0.4787216917710542,-6.359502228322924,62.28541799877096,0.419418907543794,-0.18780837627561722,69.2203134146234,0.03067839704352638
188,multipoint,s2_aaa_mle,false,101,[101| 837],20,0.7691076522880885,0.7270811498325978,0.937944846234181,0.4200385811750107,0.3916616121564483,0.14360288594511453,6.205495663845325e-6
189,single_point,agp_robust,false,1,,,0.8243939806665933,-37.811207680434315,-78.02381422743194,0.4199935279482903,0.5415645480058987,88.96371389789395,0.003371696760021002
190,single_point,agp_robust,false,1,,,0.8243939806665933,-37.8112076804343,-78.02381422743193,0.4199935279482903,0.5415645480058986,88.96371389789394,0.0033716967600209997
191,single_point,agp_robust,false,26,,,0.8191174257050631,-29.446222415948032,-53.069435030897196,0.4210517416764702,0.47587261585413176,60.83025369886944,0.0035716324207173103
192,single_point,agp_robust,false,26,,,0.8191174257050631,-29.446222415948046,-53.0694350308972,0.42105174167647014,0.47587261585413154,60.83025369886945,0.003571632420717311
193,single_point,agp_robust,false,58,,,0.8115948069176645,-17.44622906980517,-21.73822411816796,0.42061639328034206,0.4120751290902679,25.507580742015737,0.0036365416164957634
194,single_point,agp_robust,false,58,,,0.8115948069176644,-17.446229069805177,-21.738224118167974,0.42061639328034195,0.4120751290902676,25.507580742015755,0.003636541616495765
195,single_point,agp_robust,false,101,,,0.8003963164254804,-5.6988235026955545,0.8011593969204054,0.41939156503733604,0.3845518417486388,7.71239517396414,0.0021290017683116692
196,single_point,agp_robust,false,101,,,0.8003963164254803,-5.698823502695562,0.801159396920387,0.41939156503733604,0.38455184174863866,7.712395173964149,0.0021290017683116705
197,single_point,agp_robust,false,156,,,0.7800520391727338,-0.5279354550342964,-2.7099304613370037,0.41966238190308114,0.39636329139856585,4.055163992488167,0.0002670920487424541
198,single_point,agp_robust,false,156,,,0.7800520391727338,-0.527935455034299,-2.709930461337008,0.419662381903081,0.39636329139856535,4.055163992488171,0.0002670920487424522
199,single_point,agp_robust,false,230,,,0.8124573496128783,3.8654810783727194,15.266623837850977,0.4200681227913969,0.4418160311098023,16.21152631099321,0.00040714449097126437
200,single_point,agp_robust,false,230,,,0.669982610439678,-7.212502567939415,-78.16108394089298,0.4204801191962042,0.27624831034110237,89.11847118477225,0.0004757803444321495
201,single_point,agp_robust,false,326,,,0.7741711024138676,0.7590084074608417,0.989576943472692,0.4197821526277165,0.39566072351388787,0.11564480662084776,3.2712206885670316e-6
202,single_point,agp_robust,false,326,,,0.6238276572008797,-9.129732395061364,-188.21413868322512,0.4283369652502823,0.4456273498806492,213.19181362257623,0.0004316570341364501
203,single_point,agp_robust,false,453,,,0.603794402566823,2.052846770426295,332.2856382993534,0.4114344227044126,0.025684419010864396,373.6174050725518,1.3742647639795058
204,single_point,agp_robust,false,453,,,0.7781557823704944,0.7090557181324665,-0.2102673676794317,0.42025785167233454,0.4052062453140389,1.2370545295145792,1.6704969986566726e-5
205,single_point,agp_robust,false,619,,,0.7745805561358879,0.8623684741261395,2.4077884483199514,0.4189595832477552,0.3900243057411135,1.7145303814204638,1.1941056849438646e-5
206,single_point,agp_robust,false,619,,,0.7745805561358879,0.8623684741261395,2.4077884483199514,0.4189595832477552,0.3900243057411135,1.7145303814204638,1.1941056849438646e-5
207,single_point,agp_robust,false,837,,,0.7473207279709916,0.44629612862184875,3.4576501990817925,0.4206345051499294,0.3489377660029526,2.898140021512731,1.843531116876212e-5
208,single_point,agp_robust,false,837,,,-0.22503715986897863,-3.5400459870363936,18.35534538844373,-0.03173541055586179,17.416754090491725,42.11077745171219,0.0024081434638602607
209,single_point,agp_robust,false,1124,,,0.8182239103055136,1.3343555158005989,-1.2210817202756212,0.4202349618446772,0.4622804630378509,2.3766423001979944,8.541352398257227e-6
210,single_point,agp_robust,false,1124,,,0.028826332730917222,0.3487089821256904,-3.5450882479508667,-0.5247484874467365,-253.2043298160166,627.7433906337044,0.005199104596721139
211,single_point,agp_robust,false,1501,,,-1.1835254853017425,-12.140191585705425,-14.254437974583563,0.8016978559798161,0.5059183562077031,17.07039230505475,0.003564976697068934
212,single_point,agp_robust,false,1501,,,-0.02916736717641798,-13.44026218349381,-7.393298332699809,0.7991661026415796,2.54750852354657,16.830697507059845,0.0035397234762883497
213,multipoint,agp_robust,false,1,[1| 1501],1,0.4307308176076718,14.813533909345399,-74.26341741382156,0.4199935279482903,-0.3110021251108874,84.72425864015959,0.0006443531519128377
214,multipoint,agp_robust,false,1,[1| 1501],1,-0.7754283453507446,-8.7370284813755,-21.173525177188377,0.4199935279482903,2.1713153812469286,24.87094157518419,1.0e15
215,multipoint,agp_robust,false,26,[26| 1501],2,0.43603136089052247,14.72345576504053,-74.02844024536874,0.41999986617055,-0.2897736394270147,84.45934638711245,0.0006654362046715283
216,multipoint,agp_robust,false,26,[26| 1501],2,-0.8390688592489896,-9.221271648678032,-20.20692942029017,0.41996661810366936,2.1078467855380216,23.78120565985363,1.0e15
217,multipoint,agp_robust,false,58,[58| 1501],3,0.4401410006380498,14.657068824328418,-73.85460971224047,0.4200434257686912,-0.2700092852459646,84.26337058877168,0.0006810307216502215
218,multipoint,agp_robust,false,58,[58| 1501],3,-0.9465042031664038,-10.086256741386595,-18.460238242649982,0.41960994115211564,2.0314834267914916,21.811993509188255,1.0e15
219,multipoint,agp_robust,false,101,[101| 1501],4,0.44089638792812846,14.645183603230512,-73.82342569221116,0.42005391144570825,-0.266101001777091,84.2282138581862,0.0006838164878935165
220,multipoint,agp_robust,false,101,[101| 1501],4,-1.1555735864400247,-11.890107292960922,-14.769451794051804,0.4173320542511118,1.944054696061021,17.651016678750626,1.0e15
221,multipoint,agp_robust,false,156,[156| 1501],5,0.4344490874511822,14.749809917595995,-74.09728887338146,0.419042755357637,-0.3309617046763321,84.53696603537932,0.0006636507324704471
222,multipoint,agp_robust,false,156,[156| 1501],5,-1.6079486904031923,-16.097708029577245,-6.046834529556531,0.4058306365003486,1.866196134839977,19.960786842847167,1.0e15
223,multipoint,agp_robust,false,230,[230| 1501],6,0.41488555048840925,15.115409389716847,-75.04471240089292,0.41013855330723403,-0.703557764952154,85.60508726143509,0.0006097484480944718
224,multipoint,agp_robust,false,230,[230| 1501],6,-3.064269404777019,-30.598421604800432,24.344670085070202,0.32773419305550233,1.827725038547442,37.04054370412301,1.0e15
225,multipoint,agp_robust,false,326,[326| 1501],7,0.3767211451425259,16.091907706706742,-77.52988019345746,0.3458135632045897,-2.9640311672959196,88.40685478405575,0.0005977701068514169
226,multipoint,agp_robust,false,326,[326| 1501],7,-26.431875179840574,-272.9439578033561,535.3946942802337,-1.0422210685175681,1.8763222399438373,602.6016846451339,1.0e15
227,multipoint,agp_robust,false,1,[1| 1124],8,0.26059849258118756,-6.549828714854171,16.80103898085428,0.4199935279482903,-1.3528620180730715,17.94141936962151,0.016949052143473503
228,multipoint,agp_robust,false,1,[1| 1124],8,0.7373921347879979,0.5466821048962439,0.41965703494388124,0.4199935279482903,0.3526719874544316,0.526880456658533,9.203117729187091e-5
229,multipoint,agp_robust,false,26,[26| 1124],9,0.2709603557316886,-6.178674572720063,15.851584086765914,0.419984183062825,-1.2560474450470378,16.87100798958953,0.013401030630560511
230,multipoint,agp_robust,false,26,[26| 1124],9,0.7478613104515512,0.6501389325111812,0.20321540085951975,0.41999543736439077,0.36604334861398025,0.7708958276668323,8.471093535255685e-5
231,multipoint,agp_robust,false,58,[58| 1124],10,0.28891995792533287,-5.6224506416414215,14.444159902899933,0.4198765767095984,-1.1147984525876677,15.284283994250206,0.009357556246688166
232,multipoint,agp_robust,false,58,[58| 1124],10,0.756003937370196,0.7302792848462082,0.03576350929042955,0.4200073710215234,0.37673625485684453,0.9596803728405529,7.79008087705917e-5
233,multipoint,agp_robust,false,453,[453| 1501],11,0.3170253486051201,18.7637006305905,-84.18555857364402,-0.4441549682658692,-37.109875794672114,95.91043807626157,0.003669235291126602
234,multipoint,agp_robust,false,101,[101| 1124],12,0.3254372419829208,-4.719313042499301,12.205718429912164,0.4193561474092578,-0.8831487243019253,12.760674667319236,0.005182658526314449
235,multipoint,agp_robust,false,101,[101| 1124],12,0.7582693489392617,0.7525266881688446,-0.010690428050230124,0.4200150330300056,0.3797934090697084,1.0120523427849268,7.569882760184466e-5
236,multipoint,agp_robust,false,156,[156| 1124],13,0.4149005645406857,-3.146391580926422,8.47169718229649,0.41794000814787513,-0.4628457446334978,8.550955109691644,0.0018993542607880786
237,multipoint,agp_robust,false,156,[156| 1124],13,0.7434717625788483,0.6068197135298962,0.29380574072864857,0.41983845837404316,0.3576971892561151,0.6687646665967886,9.654659894655803e-5
238,multipoint,agp_robust,false,230,[230| 1124],14,0.7361110508616557,0.6005510358727071,0.26414213278610327,0.42930130170984315,0.4062853869689029,0.7022072911092408,9.812122309652138e-5
239,multipoint,agp_robust,false,230,[230| 1124],14,0.7361110508616557,0.6005510358727065,0.26414213278611054,0.429301301709843,0.40628538696890226,0.7022072911092327,9.812122309651888e-5
240,multipoint,agp_robust,false,619,[619| 1501],15,5.937974070553852,64.22143033783433,-176.06063039736006,1.465021719916,1.9963276750323258,199.49000044798203,0.0030232854760757666
241,multipoint,agp_robust,false,1,[1| 837],16,0.4421557335158687,-10.096328454282148,98.29071786576242,0.4199935279482903,-0.26976654266784905,109.81253423423045,0.307047825852266
242,multipoint,agp_robust,false,1,[1| 837],16,0.7621774411852794,0.6325606390021821,2.01366649765264,0.4199935279482903,0.382985762824398,1.2701989826974522,3.080342540124329e-5
243,multipoint,agp_robust,false,26,[26| 837],17,0.44970995670409847,-9.08646875037746,88.67663425121395,0.41998116353728915,-0.2468737468456397,98.9736575549199,0.17109238172040042
244,multipoint,agp_robust,false,26,[26| 837],17,0.7690660269635589,0.7170292415112083,1.3625375884449848,0.41999573057250583,0.3914222962346469,0.536119039960524,1.2684177783786466e-5
245,multipoint,agp_robust,false,326,[326| 1124],18,-0.8600894196906673,-11.748177051953583,23.894643874399286,0.3145690292719093,3.1797987707865176,25.938719136865032,1.0e15
246,multipoint,agp_robust,false,326,[326| 1124],18,0.8140774978801933,1.2945113940788262,-1.1384517983280542,0.42184839658956663,0.46397637962301,2.2834856801894636,1.5448509912994426e-5
247,multipoint,agp_robust,false,58,[58| 837],19,0.7748399484952202,0.786966806701122,0.8251428249405365,0.4200110057329295,0.39905566770657896,0.0730661876311873,2.8324973591054893e-6
248,multipoint,agp_robust,false,58,[58| 837],19,0.4606876008593202,-7.897209418281179,77.40553600157165,0.4198629803134123,-0.2214907013307055,86.26666967482711,0.08468170395341842
249,multipoint,agp_robust,false,101,[101| 837],20,0.778255547475032,0.8279828879871155,0.5106971640985968,0.42003993830760716,0.4039796608664258,0.4242422050748627,5.599970736962703e-6
250,multipoint,agp_robust,false,101,[101| 837],20,0.4781411478866214,-6.462523119921341,63.911407432491245,0.41938698126158047,-0.18862758162306967,71.05344693629227,0.03382875104031142
251,single_point,agp_robust_rq,false,1,,,0.8251706633381769,4.549070157919572,28.50985068307017,0.4200000881077252,0.459987002281933,31.141883520935927,0.0006324752707625622
252,single_point,agp_robust_rq,false,1,,,0.8251706633381771,4.549070157919598,28.509850683070255,0.4200000881077252,0.4599870022819328,31.141883520936023,0.0006324752707625536
253,single_point,agp_robust_rq,false,26,,,0.8225712263967098,3.3742124663857718,24.431628661387325,0.4201121841633728,0.45252158365811657,26.544113485216826,0.000761176746485807
254,single_point,agp_robust_rq,false,26,,,0.8225712263967097,3.374212466385755,24.4316286613873,0.42011218416337276,0.4525215836581159,26.544113485216798,0.0007611767464858055
255,single_point,agp_robust_rq,false,58,,,0.8149996972194089,2.3108213275889464,19.678974745640513,0.42009406897857793,0.4374701936065717,21.185991821466192,0.0006877878958610947
256,single_point,agp_robust_rq,false,58,,,0.8149996972194089,2.3108213275889584,19.678974745640538,0.42009406897857793,0.437470193606572,21.18599182146622,0.0006877878958610967
257,single_point,agp_robust_rq,false,101,,,0.7988009916269079,0.990287690387226,11.603537037669776,0.4198207665641551,0.41285815945640264,12.081777945512712,0.00047291726375795493
258,single_point,agp_robust_rq,false,101,,,0.7988009916269078,0.9902876903872165,11.603537037669762,0.4198207665641552,0.4128581594564023,12.081777945512696,0.00047291726375795433
259,single_point,agp_robust_rq,false,156,,,0.771518845121756,-0.8526748727912101,-3.031239862132116,0.4195001400329637,0.3822197045286867,4.417406834421777,0.0003095636323193428
260,single_point,agp_robust_rq,false,156,,,0.771518845121756,-0.852674872791213,-3.031239862132123,0.41950014003296393,0.3822197045286868,4.417406834421785,0.0003095636323193422
261,single_point,agp_robust_rq,false,230,,,0.6903489417759496,-6.203126727543802,-58.15510669376869,0.42027930443295536,0.2992207829119124,66.56381814404587,0.0004688286609836884
262,single_point,agp_robust_rq,false,230,,,0.7789940270691295,0.6264184367029467,-0.58065683634081,0.42005638885907065,0.4050571927936856,1.6546300296965164,3.0713358907695016e-5
263,single_point,agp_robust_rq,false,326,,,0.6251833007686244,-9.401165225949686,-190.67007663649048,0.42942219390802466,0.47794358366989864,215.96062754959468,0.00043582331757937654
264,single_point,agp_robust_rq,false,326,,,0.7846004256144102,1.117663551103125,1.9890361741196116,0.4200744620502661,0.4116286910380762,1.2424308614651767,2.5312032472227463e-5
265,single_point,agp_robust_rq,false,453,,,0.7771160438139164,0.8701866587983588,1.5329111606361085,0.4196883140397313,0.3988339678464502,0.7281974753507424,6.888256691176407e-6
266,single_point,agp_robust_rq,false,453,,,0.6047831198387805,1.567922417855035,289.81205614551794,0.4112544412728296,0.026259385886055638,325.73287051354896,0.551529631259116
267,single_point,agp_robust_rq,false,619,,,0.821080262499209,1.2280986285660151,-5.424588711587645,0.4264822194722655,0.5035798363920926,7.115658073943229,4.243632002607491e-5
268,single_point,agp_robust_rq,false,619,,,0.7197320607499981,0.17503907973037405,11.720221324634164,0.4133058760755176,0.26353513131328565,12.213327310748774,5.691808937183449e-5
269,single_point,agp_robust_rq,false,837,,,0.8035638537144525,1.1417553067333412,-1.4016722943289688,0.4210064499817227,0.44998890217749815,2.5802393397169885,7.593898002673769e-6
270,single_point,agp_robust_rq,false,837,,,-0.14753236791069163,-2.7373610981905854,12.805571278726681,-0.0400747911962546,26.55492752222233,64.7300186193622,0.0024757421731825984
271,single_point,agp_robust_rq,false,1124,,,0.03796786716319425,1.15724212103012,-5.258416503665106,-1.2322427625051238,-330.2921803460343,818.5549018466195,0.00903433361073448
272,single_point,agp_robust_rq,false,1124,,,0.9138312149058752,2.2060413885633325,-2.535878780284718,0.3785692166621747,0.5126898133177205,3.858938872925274,0.0004714727396064684
273,single_point,agp_robust_rq,false,1501,,,-1.0120431791319056,-10.890559873773588,-14.782195584484409,0.8067189783109034,0.47482859853567966,17.665383973488623,0.0036186308808359674
274,single_point,agp_robust_rq,false,1501,,,-0.04127810825482241,-12.00159746681849,-9.00225269014196,0.8035056775138246,1.7674030871610564,15.136157204733204,0.0035868319145271462
275,multipoint,agp_robust_rq,false,1,[1| 1501],1,-0.6918067631761569,-8.375532005716716,-19.533716415198203,0.4200000881077252,2.27742148131237,23.022228202027286,1.0e15
276,multipoint,agp_robust_rq,false,1,[1| 1501],1,0.4393913775609876,12.460655549192417,-63.935076037193454,0.4200000881077252,-0.2778836917194029,73.08013081983478,0.0006907418877340882
277,multipoint,agp_robust_rq,false,26,[26| 1501],2,-0.7572906127441568,-8.846446326520054,-18.662318041691584,0.4199728135764475,2.195838904967844,22.039817408896937,1.0e15
278,multipoint,agp_robust_rq,false,26,[26| 1501],2,0.4428433507251753,12.422458521967371,-63.835392013969134,0.4200034927167997,-0.26472831075490305,72.96774747910837,0.0007039665483622831
279,multipoint,agp_robust_rq,false,58,[58| 1501],3,-0.8648277541219244,-9.675353413221861,-17.1028999569819,0.4196224627550914,2.1009496986181873,20.28173614090406,1.0e15
280,multipoint,agp_robust_rq,false,58,[58| 1501],3,0.4450073964781739,12.399316992112809,-63.77475827710424,0.42002164343626625,-0.25505573727492314,72.89938926392811,0.0007118250807384825
281,multipoint,agp_robust_rq,false,101,[101| 1501],4,-1.071843439948228,-11.403762546638907,-13.794274096599288,0.41743198591435543,1.9929058930121113,16.55160552040506,1.0e15
282,multipoint,agp_robust_rq,false,101,[101| 1501],4,0.44377316644911224,12.41244050672874,-63.809166726082005,0.41995576154815806,-0.26294445772335784,72.93818120189627,0.0007078436989203437
283,multipoint,agp_robust_rq,false,156,[156| 1501],5,-1.5272419413092204,-15.53416892618085,-5.757502916631906,0.4063599130793446,1.8914328967315122,19.297018758752476,1.0e15
284,multipoint,agp_robust_rq,false,156,[156| 1501],5,0.4352662471990674,12.508434427043875,-64.05912811993267,0.41888510824806036,-0.33672077617535257,73.21998660646298,0.0006824457454530983
285,multipoint,agp_robust_rq,false,230,[230| 1501],6,-3.110554513099918,-30.96859289479992,24.666032653317732,0.3263605711209646,1.8232217304021126,37.47655229069484,1.0e15
286,multipoint,agp_robust_rq,false,230,[230| 1501],6,0.41272678849566125,12.814797731902441,-64.8416189754761,0.41073926153687684,-0.6879850985134719,74.10216344473066,0.0006224925010119638
287,multipoint,agp_robust_rq,false,326,[326| 1501],7,-329.69772798635296,-3343.9416502379845,6598.937455810246,-1.0395472536630066,1.8338323129132768,7438.613817147967,1.0e15
288,multipoint,agp_robust_rq,false,326,[326| 1501],7,0.3705081198450218,13.652425574970348,-66.91680172556926,0.35711724054513955,-2.555646607574962,76.44171558688755,0.0005807904439801977
289,multipoint,agp_robust_rq,false,1,[1| 1124],8,0.25936738573802326,-6.697421043536412,17.485300391399992,0.4200000881077252,-1.3625693994209505,18.712852752423892,0.018632899601532298
290,multipoint,agp_robust_rq,false,1,[1| 1124],8,0.760973541702004,0.7417562253783643,0.4691902950915076,0.4200000881077252,0.38252273575170415,0.4710368713737231,5.1933798292688164e-5
291,multipoint,agp_robust_rq,false,26,[26| 1124],9,0.2719134932221721,-6.241716417551211,16.32728871001268,0.4199887987173469,-1.2453464206030833,17.40731534386999,0.014017574298525019
292,multipoint,agp_robust_rq,false,26,[26| 1124],9,0.7628422654956734,0.7601244783558412,0.43118407688784477,0.4200004392137207,0.3847906914150719,0.5138849189539518,5.0836360885373206e-5
293,multipoint,agp_robust_rq,false,58,[58| 1124],10,0.29199245982636973,-5.623777433833014,14.776520969318323,0.419870591617481,-1.0896052015875988,15.658986436661017,0.009419714332438786
294,multipoint,agp_robust_rq,false,58,[58| 1124],10,0.7644247040296954,0.7756675840815991,0.399030666362628,0.42000275256156944,0.38680654111297347,0.5501345362315355,4.9584335257002774e-5
295,multipoint,agp_robust_rq,false,453,[453| 1501],11,0.30862801950111346,15.928998776314245,-72.38194596102893,-0.17006780505281435,-24.092212020210475,82.60309578470003,0.0026211492259129603
296,multipoint,agp_robust_rq,false,101,[101| 1124],12,0.33033367584301665,-4.690720396119702,12.485973157237245,0.41934249160462217,-0.8516982555717019,13.076632646265214,0.00511016802925403
297,multipoint,agp_robust_rq,false,101,[101| 1124],12,0.7644437471422328,0.7758545682847103,0.3986438996561441,0.4200016811918098,0.38681227409327856,0.5505705753594767,4.963077297434103e-5
298,multipoint,agp_robust_rq,false,156,[156| 1124],13,0.41947076119617127,-3.1388302348146344,8.837618896422974,0.41796787339215025,-0.4429049427231134,8.963493682551267,0.0018844848614153733
299,multipoint,agp_robust_rq,false,156,[156| 1124],13,0.7571991009289756,0.7046120658089837,0.5460747158919748,0.4199160822698199,0.37627453444633097,0.38435770474410963,5.959521221818481e-5
300,multipoint,agp_robust_rq,false,230,[230| 1124],14,0.7637006906046508,0.8049598665876299,0.3148594358682128,0.42537954249015786,0.4185407914658538,0.6450288208926575,5.9150262794422306e-5
301,multipoint,agp_robust_rq,false,230,[230| 1124],14,0.7637006906046497,0.8049598665876215,0.3148594358682269,0.42537954249015814,0.4185407914658535,0.6450288208926417,5.9150262794424664e-5
302,multipoint,agp_robust_rq,false,619,[619| 1501],15,4.660594606387643,49.005453224119684,-134.4071470858874,0.8825408064627268,1.9208499735284796,152.53004181047058,0.0017643157451380893
303,multipoint,agp_robust_rq,false,1,[1| 837],16,0.4396658198598762,-10.37683279382319,100.76793383922495,0.4200000881077252,-0.27690821425856676,112.60533691006195,0.3601109224223126
304,multipoint,agp_robust_rq,false,1,[1| 837],16,0.7736569160437619,0.7889652317432184,1.27015116970653,0.4200000881077252,0.39731577012793917,0.43196298726779025,8.245621844041322e-6
305,multipoint,agp_robust_rq,false,26,[26| 837],17,0.44848676969972984,-9.167028537593849,89.32022244900058,0.41998548538625946,-0.25003788637744156,99.69923613190595,0.1799997422813016
306,multipoint,agp_robust_rq,false,26,[26| 837],17,0.7751932405440565,0.807548698256686,1.1284590516298671,0.42000060796681293,0.39915723979031925,0.2722199003718908,4.62522341437396e-6
307,multipoint,agp_robust_rq,false,326,[326| 1124],18,0.8008441761911003,1.1307276134027908,-0.3337446698533046,0.42106809204013546,0.44133127848394693,1.3762623109958338,9.735644566751325e-6
308,multipoint,agp_robust_rq,false,326,[326| 1124],18,-0.879441907415568,-11.908486733766098,24.396009979640155,0.313026086644778,3.151433167430921,26.503957136009195,1.0e15
309,multipoint,agp_robust_rq,false,58,[58| 837],19,0.46051569997103536,-7.865525708533655,77.06672963699117,0.41985660309487555,-0.222136523003179,85.88470083088069,0.08373846475124198
310,multipoint,agp_robust_rq,false,58,[58| 837],19,0.776840730702084,0.8274177880932474,0.9770835323054147,0.4200051285098438,0.4013184065707399,0.1015597883939286,2.485972230449679e-6
311,multipoint,agp_robust_rq,false,101,[101| 837],20,0.4785905613761229,-6.401570368895291,63.39456319742744,0.41937217716700476,-0.18779924497255795,70.47075895989565,0.032807605579329616
312,multipoint,agp_robust_rq,false,101,[101| 837],20,0.7783742988018243,0.8458586706945745,0.8366987509525379,0.4200188971905547,0.4035363100101634,0.056709412680340625,2.927952476939227e-6
313,single_point,agp_robust_se_plus_rq,false,1,,,0.8295014948990078,-41.159779994334805,-86.39041565472117,0.41999225980531507,0.5515624841807275,98.39618450363153,0.0033643868410768293
314,single_point,agp_robust_se_plus_rq,false,1,,,0.8295014948990076,-41.1597799943348,-86.39041565472118,0.41999225980531507,0.5515624841807274,98.39618450363155,0.0033643868410768267
315,single_point,agp_robust_se_plus_rq,false,26,,,0.8204810273270106,-31.286399274032036,-57.43641756801121,0.4211012380647012,0.47877302489190865,65.75357110260565,0.003576821792415463
316,single_point,agp_robust_se_plus_rq,false,26,,,0.8204810273270106,-31.286399274032064,-57.436417568011244,0.4211012380647011,0.478773024891909,65.75357110260569,0.003576821792415467
317,single_point,agp_robust_se_plus_rq,false,58,,,0.8112988103512028,-18.040795405077876,-23.003632128283193,0.4206305700575908,0.4110492409325128,26.934196311480488,0.0036617764828901
318,single_point,agp_robust_se_plus_rq,false,58,,,0.8112988103512028,-18.04079540507786,-23.003632128283176,0.4206305700575908,0.4110492409325127,26.93419631148047,0.003661776482890096
319,single_point,agp_robust_se_plus_rq,false,101,,,0.79979774433611,-5.732908631129377,0.7380040323192025,0.41938900469155455,0.3836999437090576,7.752542557278419,0.002133434010419418
320,single_point,agp_robust_se_plus_rq,false,101,,,0.79979774433611,-5.732908631129379,0.7380040323191945,0.41938900469155455,0.38369994370905786,7.752542557278421,0.0021334340104194184
321,single_point,agp_robust_se_plus_rq,false,156,,,0.7794585402120422,-0.5723015504936866,-2.7440162233742416,0.41964256857666893,0.3951462309133817,4.093592134582009,0.00027497867844068096
322,single_point,agp_robust_se_plus_rq,false,156,,,0.7794585402120422,-0.5723015504936925,-2.744016223374244,0.41964256857666893,0.39514623091338164,4.0935921345820105,0.00027497867844068123
323,single_point,agp_robust_se_plus_rq,false,230,,,0.671190181597127,-7.160160719699308,-76.84027873408921,0.42046653102129816,0.27756037165538616,87.62940105308817,0.00047592549893635445
324,single_point,agp_robust_se_plus_rq,false,230,,,0.8103089601818754,3.647108893062211,14.284543618808636,0.42006841582166554,0.43955441021527314,15.104333279378393,0.00037273081830520473
325,single_point,agp_robust_se_plus_rq,false,326,,,0.6240918174628065,-9.148710253783946,-187.7504152892427,0.428338836749305,0.44546213704311977,212.6690138548396,0.0004322392201244696
326,single_point,agp_robust_se_plus_rq,false,326,,,0.774791186283077,0.7644080132062355,0.9371890117451984,0.41980750455111204,0.39673919998067525,0.09963720470408063,3.615708968113419e-6
327,single_point,agp_robust_se_plus_rq,false,453,,,0.7791770262594127,0.7515920613212403,-0.039406401142302455,0.420267054992082,0.40659885803220047,1.044426607826722,1.31386063630442e-5
328,single_point,agp_robust_se_plus_rq,false,453,,,0.6039375382461807,2.035022268524385,329.0307109164439,0.41141424052528885,0.025839399580634605,369.9478138855061,1.2820950494226202
329,single_point,agp_robust_se_plus_rq,false,619,,,0.7704214483987846,0.8229847396499855,2.2406453356825566,0.42085680273255227,0.38943264500900143,1.5260939522914956,1.6083495616865126e-5
330,single_point,agp_robust_se_plus_rq,false,619,,,0.7704214483987847,0.822984739649986,2.240645335682565,0.42085680273255266,0.38943264500900154,1.5260939522915051,1.6083495616868948e-5
331,single_point,agp_robust_se_plus_rq,false,837,,,0.746861584620907,0.44048859136799295,3.742893441318134,0.42006179701163526,0.34582134917441043,3.2197220307983474,1.4839542630698233e-5
332,single_point,agp_robust_se_plus_rq,false,837,,,-0.22637116630816287,-3.5325804476150937,18.49253978215157,-0.03506041280160977,17.402671000701737,42.075918318568654,0.0024264858614495123
333,single_point,agp_robust_se_plus_rq,false,1124,,,0.018946103259469004,-0.12880529648766326,-2.1757608144528957,-0.30598330882829244,-302.76517029435996,750.4187383523761,0.003978814002073281
334,single_point,agp_robust_se_plus_rq,false,1124,,,0.7637452912639301,0.7884303124547365,0.04202823153096537,0.43787498180017553,0.41671814422577175,0.9526175518252927,0.000183944469651686
335,single_point,agp_robust_se_plus_rq,false,1501,,,-0.021775337341119354,-12.565715867167315,-4.843720855969051,0.7947747647289736,3.5337039282788067,15.800607617393775,0.0034907067916024512
336,single_point,agp_robust_se_plus_rq,false,1501,,,-1.0283831981049314,-11.37936425157335,-10.851015275856236,0.7964063616324032,0.5530063807811335,14.403255891134688,0.0035070975518226443
337,multipoint,agp_robust_se_plus_rq,false,1,[1| 1501],1,0.44779654594985346,9.342414870471039,-49.96406599125731,0.41999225980531507,-0.2503290847624901,57.32927394730249,0.0007422901358291029
338,multipoint,agp_robust_se_plus_rq,false,1,[1| 1501],1,-0.5828516169406632,-7.967564243089328,-16.59166373817468,0.41999225980531507,2.4643147317477756,19.705370618009788,1.0e15
339,multipoint,agp_robust_se_plus_rq,false,26,[26| 1501],2,0.452037712592217,9.322978465987095,-49.90795138396131,0.41999541173381816,-0.23503214664256833,57.26601057943778,0.0007569802095774045
340,multipoint,agp_robust_se_plus_rq,false,26,[26| 1501],2,-0.6386023422058598,-8.333982555943058,-16.002420910248016,0.4199688864947405,2.365647445583046,19.041060778182658,1.0e15
341,multipoint,agp_robust_se_plus_rq,false,58,[58| 1501],3,0.4539622357096318,9.31465404971681,-49.88354484569925,0.42000627426628007,-0.2272582823776489,57.23849475276127,0.0007632453447428735
342,multipoint,agp_robust_se_plus_rq,false,58,[58| 1501],3,-0.7353641263210452,-9.025268504926895,-14.86168428288959,0.4196577805892131,2.242633049172689,17.754999191532796,1.0e15
343,multipoint,agp_robust_se_plus_rq,false,101,[101| 1501],4,0.4505872966214347,9.329454798637922,-49.926777701806266,0.4198899062073271,-0.24505645358924688,57.287235289522286,0.0007535042074152342
344,multipoint,agp_robust_se_plus_rq,false,101,[101| 1501],4,-0.931792857010896,-10.57223510489059,-12.239500392891626,0.41765507437419097,2.0930483049705204,14.79876030765685,1.0e15
345,multipoint,agp_robust_se_plus_rq,false,156,[156| 1501],5,0.4374247644918456,9.396592991643399,-50.115474659621846,0.4186978965668167,-0.33812295611038284,57.49997143136623,0.0007186343652268373
346,multipoint,agp_robust_se_plus_rq,false,156,[156| 1501],5,-1.3925602431853896,-14.57745313243934,-5.285383559606935,0.4072198621445663,1.9399741930472556,18.1701450323196,1.0e15
347,multipoint,agp_robust_se_plus_rq,false,230,[230| 1501],6,0.4076682023194448,9.61221662245972,-50.67827655572938,0.411153819286014,-0.6916689082343433,58.13447187793617,0.0006460900073165238
348,multipoint,agp_robust_se_plus_rq,false,230,[230| 1501],6,-3.2659683853603325,-32.22421103244304,25.895211357132702,0.3212707716561109,1.809909847266425,38.95549002643467,1.0e15
349,multipoint,agp_robust_se_plus_rq,false,326,[326| 1501],7,0.3579774391110925,10.243556683089878,-52.19686694633254,0.369217336999487,-2.1935734539124567,59.84652417850343,0.0005691039166915975
350,multipoint,agp_robust_se_plus_rq,false,1,[1| 1124],8,0.2626366052850783,-6.552365841277202,17.00010656832012,0.41999225980531507,-1.3326404114521515,18.165847314904305,0.016928173114785748
351,multipoint,agp_robust_se_plus_rq,false,1,[1| 1124],8,0.7385757999667288,0.5400194980187473,0.5636806820117828,0.41999225980531507,0.3540769212993297,0.36450881396642304,8.255564449111184e-5
352,multipoint,agp_robust_se_plus_rq,false,26,[26| 1124],9,0.2729736882729231,-6.184133117725021,16.055363453171946,0.4199830200457669,-1.2374967454044943,17.10074797426375,0.013409004075691193
353,multipoint,agp_robust_se_plus_rq,false,26,[26| 1124],9,0.7496339669933968,0.6494938413498444,0.33357296000912784,0.41999427195861044,0.36814567933671166,0.6239312739468683,7.482144391181905e-5
354,multipoint,agp_robust_se_plus_rq,false,58,[58| 1124],10,0.2909801179773675,-5.628544898112499,14.645258187049079,0.4198760860975549,-1.0978767987783185,15.511001338274045,0.009365905870206755
355,multipoint,agp_robust_se_plus_rq,false,58,[58| 1124],10,0.758284060220095,0.734758827227474,0.15458911678095752,0.4200069838634489,0.37944766081997994,0.8257168920169587,6.766289724302395e-5
356,multipoint,agp_robust_se_plus_rq,false,453,[453| 1501],11,0.29226413988873146,12.016208247512449,-56.20582576693022,0.055655887536530294,-14.326817592301618,64.36620717804985,0.0017205644331215548
357,multipoint,agp_robust_se_plus_rq,false,101,[101| 1124],12,0.32756479156512247,-4.725285547063181,12.399222005115211,0.4193583114672968,-0.8689245352473901,12.978829769013766,0.00518270960730647
358,multipoint,agp_robust_se_plus_rq,false,101,[101| 1124],12,0.7613126950209727,0.7645384828679587,0.09212490009246055,0.42001869731792696,0.38353303356712865,0.8961387823083872,6.468450796983731e-5
359,multipoint,agp_robust_se_plus_rq,false,156,[156| 1124],13,0.41638206128905286,-3.1605208170792407,8.670014851180655,0.4179489135524613,-0.45628471531716763,8.77453759997819,0.0019016549573142721
360,multipoint,agp_robust_se_plus_rq,false,156,[156| 1124],13,0.7489789433262847,0.643024198430827,0.3471620818848603,0.41987048477760286,0.3652986692349708,0.6086109561613751,8.174780042526496e-5
361,multipoint,agp_robust_se_plus_rq,false,230,[230| 1124],14,0.7427641413297927,0.6387919662756246,0.31926762795623037,0.4279420221425541,0.4065666482852724,0.6400590440177787,8.349648203700724e-5
362,multipoint,agp_robust_se_plus_rq,false,230,[230| 1124],14,0.7427641413297927,0.6387919662756243,0.31926762795622676,0.42794202214255433,0.406566648285272,0.6400590440177827,8.349648203700324e-5
363,multipoint,agp_robust_se_plus_rq,false,619,[619| 1501],15,3.320089072198987,32.95442150964362,-90.4222848426332,0.7534321713792774,1.7797948852943,102.94169655313777,0.0014165094311252944
364,multipoint,agp_robust_se_plus_rq,false,1,[1| 837],16,0.7627706195318091,0.6403733206698177,2.192470822337337,0.41999225980531507,0.3836008755577187,1.471782212330707,3.5783374972605815e-5
365,multipoint,agp_robust_se_plus_rq,false,1,[1| 837],16,0.44251649713964136,-10.086428313825536,98.44308707770415,0.41999225980531507,-0.2686466985555239,109.98431463100806,0.30745695090200753
366,multipoint,agp_robust_se_plus_rq,false,26,[26| 837],17,0.7699647869329354,0.7286518539320103,1.51183925122166,0.41999455156032445,0.39239451221373584,0.7044410949511387,1.6570375205767964e-5
367,multipoint,agp_robust_se_plus_rq,false,26,[26| 837],17,0.4500289777513755,-9.085949036502713,88.91910946667652,0.4199799861920325,-0.2459073221823181,99.24702307404343,0.17220541913492068
368,multipoint,agp_robust_se_plus_rq,false,326,[326| 1124],18,0.8090368996459468,1.2291749764181068,-0.8794840553851511,0.4215762968006417,0.4556293521266752,1.9915265562403055,1.3548822482090643e-5
369,multipoint,agp_robust_se_plus_rq,false,326,[326| 1124],18,-0.8962436208393436,-12.071159235894655,24.776972718716138,0.311946981682886,3.125947499968107,26.93345289595957,1.0e15
370,multipoint,agp_robust_se_plus_rq,false,58,[58| 837],19,0.46099502950318494,-7.900530989503034,77.68512153804372,0.4198621408795889,-0.22056718553185878,86.58187321087229,0.08542699011389332
371,multipoint,agp_robust_se_plus_rq,false,58,[58| 837],19,0.7759484704358631,0.8011468660571681,0.9547525681659357,0.42001037074380454,0.40028568917315765,0.07638395509124653,4.457526672772574e-6
372,multipoint,agp_robust_se_plus_rq,false,101,[101| 837],20,0.47844840353213475,-6.467263922027731,64.2048948990659,0.41938668036365,-0.1877286415476428,71.38432344877779,0.03418293145053478
373,multipoint,agp_robust_se_plus_rq,false,101,[101| 837],20,0.7795784680049418,0.8447312090595396,0.6206261721255211,0.42004133526913917,0.405507496842416,0.30030871237258056,2.8758644464599294e-6
374,single_point,agp_robust_se_times_rq,false,1,,,0.8251763863861657,4.5228623626839815,28.442118332502236,0.42000008678499606,0.4600328389775541,31.065522359078056,0.0006409787155371268
375,single_point,agp_robust_se_times_rq,false,1,,,0.8251763863861656,4.522862362683967,28.4421183325022,0.42000008678499606,0.46003283897755387,31.065522359078017,0.0006409787155371311
376,single_point,agp_robust_se_times_rq,false,26,,,0.8225737451634066,3.3568828033529288,24.39012210875266,0.4201125897825003,0.4525330579167159,26.497319175594882,0.000766860981685521
377,single_point,agp_robust_se_times_rq,false,26,,,0.8225737451634065,3.3568828033529154,24.39012210875264,0.4201125897825003,0.4525330579167157,26.497319175594857,0.0007668609816855229
378,single_point,agp_robust_se_times_rq,false,58,,,0.8150009637300826,2.301736358835202,19.659823577058745,0.420094274845219,0.43746093474190023,21.1644008760527,0.0006906510737437964
379,single_point,agp_robust_se_times_rq,false,58,,,0.8150009637300826,2.3017363588352064,19.659823577058763,0.42009427484521905,0.4374609347419002,21.16440087605272,0.0006906510737437959
380,single_point,agp_robust_se_times_rq,false,101,,,0.7988036551783705,0.9877033549329417,11.59937055246231,0.4198206029815597,0.41284960123032877,12.077080667939468,0.0004736710654179122
381,single_point,agp_robust_se_times_rq,false,101,,,0.7988036551783704,0.9877033549329256,11.599370552462295,0.4198206029815597,0.41284960123032827,12.077080667939452,0.00047367106541791224
382,single_point,agp_robust_se_times_rq,false,156,,,0.7715237624369813,-0.852166793016888,-3.030832501904675,0.4195003760601276,0.3822316968818765,4.416947578246533,0.00030946717907399674
383,single_point,agp_robust_se_times_rq,false,156,,,0.7715237624369813,-0.852166793016889,-3.0308325019046722,0.4195003760601276,0.38223169688187664,4.41694757824653,0.00030946717907399723
384,single_point,agp_robust_se_times_rq,false,230,,,0.7790148616414299,0.6284274020393085,-0.5696509463290547,0.42005637317551087,0.4050805123699333,1.6422220364476376,3.0487788482493965e-5
385,single_point,agp_robust_se_times_rq,false,230,,,0.6903332726489416,-6.203946700644707,-58.16826081388925,0.4202793972604973,0.299201681928922,66.57864804271618,0.0004688409344413972
386,single_point,agp_robust_se_times_rq,false,326,,,0.7845921493964771,1.1172940664590656,1.9876646424615672,0.42007429145287184,0.41161696019627747,1.2408846025496811,2.5278607022784632e-5
387,single_point,agp_robust_se_times_rq,false,326,,,0.6251831180212966,-9.400942697274457,-190.66470984127992,0.4294209676045798,0.47790503867640427,215.9545770476662,0.0004358214953826997
388,single_point,agp_robust_se_times_rq,false,453,,,0.777120917179396,0.8701784595181513,1.5317224844642081,0.4196889244859768,0.3988457024875368,0.7268573669269539,6.877783535060538e-6
389,single_point,agp_robust_se_times_rq,false,453,,,0.6047826037619924,1.5683206431000272,289.84179967535556,0.4112545492287897,0.026259312133180314,325.7664032416635,0.5518818550367357
390,single_point,agp_robust_se_times_rq,false,619,,,0.8210087176338494,1.2274766553259613,-5.414881205517248,0.42647050825535887,0.5034137633045059,7.104713873187427,4.23646907198849e-5
391,single_point,agp_robust_se_times_rq,false,619,,,0.7197874749620994,0.17574089207757426,11.707998008549598,0.41331086367793723,0.26366661369771227,12.19954679656099,5.68561953050098e-5
392,single_point,agp_robust_se_times_rq,false,837,,,0.8035068193991113,1.1410880672393409,-1.3964244141181485,0.4210035312467021,0.4498820905325955,2.574322902049773,7.577772167034189e-6
393,single_point,agp_robust_se_times_rq,false,837,,,-0.14760191493334854,-2.738052290036115,12.810899772208286,-0.040071655444698345,26.54254686860978,64.69937343715291,0.0024757076851752652
394,single_point,agp_robust_se_times_rq,false,1124,,,0.03794090943305777,1.1553301158668936,-5.253348714682455,-1.230318801658321,-330.1374977036047,818.1720240188234,0.00902426607763438
395,single_point,agp_robust_se_times_rq,false,1124,,,0.9136023743194488,2.2038756967219078,-2.531450078794289,0.37865187280589063,0.5125522133452975,3.8539459738379804,0.0004704829493938991
396,single_point,agp_robust_se_times_rq,false,1501,,,-1.0120494395634452,-10.891411717178082,-14.773381286232317,0.8066986311131361,0.47498582716880355,17.655446771400584,0.003618408087264315
397,single_point,agp_robust_se_times_rq,false,1501,,,-0.04123592402619859,-12.002561500494968,-8.993177317956434,0.8034880393138293,1.7694182569314558,15.137292697873933,0.003586636573545117
398,multipoint,agp_robust_se_times_rq,false,1,[1| 1501],1,-0.6915355919337577,-8.374422849070084,-19.52710208422898,0.42000008678499606,2.2778110333437223,23.014771233629062,1.0e15
399,multipoint,agp_robust_se_times_rq,false,1,[1| 1501],1,0.43941831509834056,12.451607292146845,-63.89474425859093,0.42000008678499606,-0.27778843228963757,73.03466094542382,0.0006909010236975632
400,multipoint,agp_robust_se_times_rq,false,26,[26| 1501],2,-0.7570090339410106,-8.84516238767264,-18.656339716037408,0.4199728178977121,2.196177190787801,22.033077470166187,1.0e15
401,multipoint,agp_robust_se_times_rq,false,26,[26| 1501],2,0.4428679787476686,12.413508542551911,-63.79531287958227,0.42000348646011465,-0.26464405348796954,72.92256243470379,0.0007041141871604085
402,multipoint,agp_robust_se_times_rq,false,58,[58| 1501],3,-0.8645347061445077,-9.673835222917216,-17.09789100609073,0.41962253447903286,2.101222371926193,20.27608907112822,1.0e15
403,multipoint,agp_robust_se_times_rq,false,58,[58| 1501],3,0.44502824048862494,12.390451151472822,-63.73489689324457,0.42002158610773344,-0.254991202866899,72.85444971053502,0.0007119572851206002
404,multipoint,agp_robust_se_times_rq,false,101,[101| 1501],4,-1.0715443006646403,-11.401952732225112,-13.790883543489139,0.41743242686347143,1.9930925196961462,16.54778302535416,1.0e15
405,multipoint,agp_robust_se_times_rq,false,101,[101| 1501],4,0.4437875306820335,12.403619402304734,-63.769423984244156,0.41995549765453216,-0.26291463009625365,72.89337540501032,0.0007079554044559541
406,multipoint,agp_robust_se_times_rq,false,156,[156| 1501],5,-1.5269928611856582,-15.5323601037389,-5.756565077232023,0.4063615081960119,1.891514894306178,19.29488822584087,1.0e15
407,multipoint,agp_robust_se_times_rq,false,156,[156| 1501],5,0.4352704250362883,12.499565562073595,-64.01926354155029,0.4188845124591774,-0.33673635510525307,73.17504345157867,0.000682533009073994
408,multipoint,agp_robust_se_times_rq,false,230,[230| 1501],6,-3.111091064763228,-30.972959614568705,24.670131349256046,0.3263435094159047,1.8231728826075695,37.48169565909153,1.0e15
409,multipoint,agp_robust_se_times_rq,false,230,[230| 1501],6,0.412715613041466,12.805694860676967,-64.80111838366204,0.4107408716598412,-0.6879634092842996,74.05650325102823,0.0006225492778211341
410,multipoint,agp_robust_se_times_rq,false,326,[326| 1501],7,-350.1217968656179,-3550.758972198688,7007.287941461079,-1.0395328734950218,1.83360738358476,7898.986405254881,1.0e15
411,multipoint,agp_robust_se_times_rq,false,326,[326| 1501],7,0.37047949704212446,13.642729164135455,-66.87457975862448,0.35715784997470745,-2.5542770835417477,76.39411472223729,0.0005807380786561389
412,multipoint,agp_robust_se_times_rq,false,1,[1| 1124],8,0.2593721639626315,-6.697396877703327,17.48558691051466,0.42000008678499606,-1.3625215435786646,18.713175772846288,0.018632421310989456
413,multipoint,agp_robust_se_times_rq,false,1,[1| 1124],8,0.7609687856622538,0.7416833953114256,0.4694125412416786,0.42000008678499606,0.382516782930313,0.4707863120161459,5.192638857345733e-5
414,multipoint,agp_robust_se_times_rq,false,26,[26| 1124],9,0.2719174938819576,-6.241724884713183,16.32764270599958,0.4199887982725136,-1.2453096726026682,17.407714437429064,0.014017487330054337
415,multipoint,agp_robust_se_times_rq,false,26,[26| 1124],9,0.7628417010655899,0.760092956554216,0.43132011542805426,0.42000043867173,0.3847898394543754,0.5137315496865228,5.082644648094048e-5
416,multipoint,agp_robust_se_times_rq,false,58,[58| 1124],10,0.29199576306172687,-5.6238068763654745,14.776905488259754,0.4198705959574493,-1.0895780102301693,15.659419941668267,0.00941977888257143
417,multipoint,agp_robust_se_times_rq,false,58,[58| 1124],10,0.76442752268935,0.7756693580087785,0.39909722100489975,0.4200027571030883,0.3868099956005952,0.5500595028129653,4.95717722382021e-5
418,multipoint,agp_robust_se_times_rq,false,453,[453| 1501],11,0.30858973497655157,15.917720382617746,-72.33497045664465,-0.1692034396238506,-24.052689341340923,82.55013580230514,0.0026177714599125794
419,multipoint,agp_robust_se_times_rq,false,101,[101| 1124],12,0.33033639514690294,-4.690756730054701,12.486339374223228,0.419342500938901,-0.8516799584628987,13.0770455177263,0.005110218974521488
420,multipoint,agp_robust_se_times_rq,false,101,[101| 1124],12,0.7644486088702196,0.7758764037328594,0.39866895021950916,0.4200016951908197,0.3868184782599519,0.5505423334616583,4.961609762563813e-5
421,multipoint,agp_robust_se_times_rq,false,156,[156| 1124],13,0.41947233002974,-3.1388688175164345,8.837928306789463,0.4179678707875052,-0.44289835153086193,8.963842510472901,0.0018844937743243688
422,multipoint,agp_robust_se_times_rq,false,156,[156| 1124],13,0.7572049152883313,0.704643090533337,0.5460834423746201,0.4199161056009035,0.37628223579628245,0.3843478665449604,5.9578867747008625e-5
423,multipoint,agp_robust_se_times_rq,false,230,[230| 1124],14,0.7637010093054805,0.8049312685189576,0.31499155753419056,0.42537842715985086,0.41853383830476154,0.6448798674924571,5.913731981845814e-5
424,multipoint,agp_robust_se_times_rq,false,230,[230| 1124],14,0.7637010093054805,0.8049312685189584,0.314991557534191,0.42537842715985075,0.41853383830476143,0.6448798674924565,5.913731981845767e-5
425,multipoint,agp_robust_se_times_rq,false,619,[619| 1501],15,4.655903276306038,48.9494533287069,-134.25363199541206,0.8821226146860013,1.9204980809923695,152.35696955514325,0.0017624387757506016
426,multipoint,agp_robust_se_times_rq,false,1,[1| 837],16,0.7736549216492242,0.78892887261697,1.2706766666285274,0.42000008678499606,0.3973131740336037,0.43255543024636683,8.261969094038973e-6
427,multipoint,agp_robust_se_times_rq,false,1,[1| 837],16,0.4396674991842358,-10.376782135773146,100.76830372511606,0.42000008678499606,-0.27690278997106554,112.60575391783095,0.3601066700181478
428,multipoint,agp_robust_se_times_rq,false,26,[26| 837],17,0.775193712880534,0.8075422578368547,1.128755337000789,0.42000060743635137,0.39915759819127483,0.27255393122975086,4.633694269267056e-6
429,multipoint,agp_robust_se_times_rq,false,26,[26| 837],17,0.44848794506134276,-9.167052498792504,89.32123338461409,0.4199854849242327,-0.2500341582928961,99.70037585638566,0.1800047177489639
430,multipoint,agp_robust_se_times_rq,false,326,[326| 1124],18,0.8008381831084193,1.130645274555882,-0.3335185369551898,0.4210678481025323,0.44132171677972765,1.376007369735276,9.733513227622308e-6
431,multipoint,agp_robust_se_times_rq,false,326,[326| 1124],18,-0.879528585209047,-11.909269558467933,24.398100088891482,0.31301993982299364,3.151303374864957,26.506313516224896,1.0e15
432,multipoint,agp_robust_se_times_rq,false,58,[58| 837],19,0.4605164743094514,-7.865584660235979,77.06799725334093,0.4198566061844304,-0.2221339121279037,85.88612993612281,0.08374241440877064
433,multipoint,agp_robust_se_times_rq,false,58,[58| 837],19,0.776843076981747,0.827433953334673,0.9772065894279779,0.4200051329277244,0.4013212077263422,0.10169852246671689,2.48550355905707e-6
434,multipoint,agp_robust_se_times_rq,false,101,[101| 837],20,0.4785911243416654,-6.401629245193968,63.395745509034874,0.4193721803214435,-0.18779737937254223,70.47209189293672,0.03280926602851036
435,multipoint,agp_robust_se_times_rq,false,101,[101| 837],20,0.7783775455877862,0.8458856221394377,0.8367388611167953,0.42001890901870864,0.4035403880695485,0.05666419265299291,2.922747660299875e-6
436,single_point,s3_se,false,1,,,0.7040464322816813,-32.62223315172364,-68.33995958559443,0.41989918028100337,0.4390290431015988,78.04617766132405,0.003456671102000592
437,single_point,s3_se,false,1,,,0.7040464322816814,-32.622233151723655,-68.33995958559447,0.41989918028100337,0.43902904310159907,78.0461776613241,0.003456671102000593
438,single_point,s3_se,false,26,,,0.7156908735943119,-30.566259771315956,-58.13029232669078,0.42144602332265146,0.3763018355885413,66.53584253290956,0.0036118467129713366
439,single_point,s3_se,false,26,,,0.7156908735943118,-30.566259771315956,-58.1302923266908,0.4214460233226514,0.37630183558854136,66.53584253290958,0.0036118467129713366
440,single_point,s3_se,false,58,,,0.7268261305417165,-25.733007074133,-40.58640653372835,0.4211700101641437,0.29942972334737883,46.756940849750116,0.00388316286557617
441,single_point,s3_se,false,58,,,0.7268261305417165,-25.73300707413301,-40.58640653372833,0.4211700101641436,0.2994297233473782,46.75694084975009,0.0038831628655761723
442,single_point,s3_se,false,101,,,0.735860042241022,-17.542453772452035,-19.082048780467414,0.4185752417022731,0.2375820203815759,22.51302004562279,0.0038084601479301612
443,single_point,s3_se,false,101,,,0.7358600422410221,-17.54245377245203,-19.0820487804674,0.4185752417022731,0.23758202038157614,22.513020045622774,0.00380846014793016
444,single_point,s3_se,false,156,,,0.7390325870113311,-9.283163440109194,-9.424399134281016,0.4156963849454669,0.2351527956517041,11.93423255607679,0.0021025920493455293
445,single_point,s3_se,false,156,,,0.7390325870113311,-9.283163440109194,-9.424399134281014,0.4156963849454668,0.2351527956517039,11.93423255607679,0.002102592049345525
446,single_point,s3_se,false,230,,,0.7330400424798942,-4.492358225283235,-26.136742309030012,0.41798699169945186,0.31748213007542736,30.46645130668547,0.0005150756400515685
447,single_point,s3_se,false,230,,,0.7330400424798942,-4.492358225283236,-26.136742309030016,0.41798699169945164,0.317482130075427,30.466451306685475,0.000515075640051567
448,single_point,s3_se,false,326,,,0.8065313101740973,1.7860847118865013,3.28863930348631,0.42067884491382745,0.4443758909630947,2.707597861878591,7.071534921041806e-5
449,single_point,s3_se,false,326,,,0.6289734810035756,-9.932145153519082,-192.18650318419526,0.43131448184545645,0.5337793955854069,217.67024034294843,0.00044533061774622626
450,single_point,s3_se,false,453,,,0.7905688763945045,1.2883125448622141,2.6517904733193953,0.41982416910467807,0.41788488363794357,1.9896172190748538,3.564066905213275e-5
451,single_point,s3_se,false,453,,,0.6077367247987562,1.956519515247574,277.81225037022256,0.4108867650902259,0.030243136796785884,312.20434089089355,0.42614509084980023
452,single_point,s3_se,false,619,,,0.7512531367942699,0.7273826731073891,1.0355824539299185,0.4334208816229353,0.3990809556329658,0.1675112220179465,0.0001259417603631151
453,single_point,s3_se,false,619,,,0.7512531367942699,0.7273826731073855,1.0355824539299243,0.4334208816229344,0.39908095563296564,0.167511222017953,0.00012594176036310434
454,single_point,s3_se,false,837,,,0.7719843947422902,0.7619590055375909,0.6713773947134636,0.4219574016917,0.39992079660645863,0.24309200145043566,1.808963835251255e-5
455,single_point,s3_se,false,837,,,-0.1875488895853053,-3.214629670060281,15.634969585980146,-0.02665203877840427,20.585697617570293,49.95469707319379,0.0023908072827533667
456,single_point,s3_se,false,1124,,,0.004444298041473262,-0.28716148441736755,-0.5107119294707754,-0.41257768379314574,-1428.994937847836,3538.1161827916726,0.004621621860256433
457,single_point,s3_se,false,1124,,,0.751278217691221,0.5159089188443302,2.030441775859831,0.42399405046599914,0.36839580986069376,1.2891113594812076,4.442944714298847e-5
458,single_point,s3_se,false,1501,,,0.016391867491730473,1.4707518012000675,-2.5253037761958366,-4.722797148812585,-2202.509809226929,5452.756953532003,0.027182371046568794
459,single_point,s3_se,false,1501,,,0.9429116806778359,1.9997740796791976,1.6875502875570374,0.2820771497328882,0.408013346419723,1.3554465013889254,0.001809469142270852
460,multipoint,s3_se,false,1,[1| 1501],1,0.6922929944484498,0.16964974095082574,1.4436235710995895,0.41989918028100337,0.28572229945486793,0.800176983567932,0.00017067128617287541
461,multipoint,s3_se,false,1,[1| 1501],1,0.04123981799526513,-5.950494554282479,1.5350869493785935,0.41989918028100337,-15.485856444893603,39.33132783389505,0.022470310524659018
462,multipoint,s3_se,false,26,[26| 1501],2,0.715353903566871,0.3384045601845613,1.4658806476327328,0.41990221422661067,0.318451720233318,0.6526275621564068,0.00011822550459367061
463,multipoint,s3_se,false,26,[26| 1501],2,0.043557751339452964,-5.785107943949523,1.458526813405066,0.4198889546398418,-14.621008359360577,37.190614750892514,0.019285253662057893
464,multipoint,s3_se,false,58,[58| 1501],3,0.7432912116955585,0.54272106659958,1.49290932000921,0.419930816539814,0.35666401913487805,0.6830995716000113,5.405257820000007e-5
465,multipoint,s3_se,false,58,[58| 1501],3,0.048228162290851036,-5.5289775571382025,1.3452013227423412,0.419761256974628,-13.200355551658621,33.674147405095596,0.015247425281461321
466,multipoint,s3_se,false,101,[101| 1501],4,0.7829375293780318,0.8324667574774339,1.5313741607983207,0.4200553759349763,0.4080720530211575,0.726464668318287,3.8695283474006755e-5
467,multipoint,s3_se,false,101,[101| 1501],4,0.061386461780520395,-5.08444503946878,1.1730218119445168,0.4190495236082632,-10.374138372142355,26.678560327085034,0.010261828412765003
468,multipoint,s3_se,false,156,[156| 1501],5,0.9637667647924908,2.151785310877534,1.7079979341047442,0.4212154015025752,0.595266785951096,1.5344938879594043,0.00040133506737106213
469,multipoint,s3_se,false,156,[156| 1501],5,0.15907178799768665,-3.8661265434530994,1.0000099387110406,0.4167528819438834,-3.4224158739011945,9.471326420547511,0.004161439555765289
470,multipoint,s3_se,false,230,[230| 1501],6,-0.02987806572622945,-4.458074003178034,0.3978453532776777,0.40399903036358464,31.105470079492356,75.99373782052562,0.005032072085059025
471,multipoint,s3_se,false,230,[230| 1501],6,0.7391211526903502,0.5122317701428948,1.4888706504162674,0.41943914272208416,0.34607257173992106,0.6785463928030072,7.92463038462249e-5
472,multipoint,s3_se,false,326,[326| 1501],7,0.0027806054106616334,-3.206909315752287,-0.10798961769080187,0.36996534646683255,-417.1420145112516,1033.5297388892366,0.0015386735816505484
473,multipoint,s3_se,false,326,[326| 1501],7,0.7720292513086062,0.7527682004996153,1.5207792738737467,0.4193215610929358,0.38945125178927,0.7145200381891169,4.823859773948018e-6
474,multipoint,s3_se,false,1,[1| 1124],8,0.2857774942181421,-6.194726416653477,17.416477052004286,0.41989918028100337,-1.1353773496574096,18.635261614435496,0.013655542146086079
475,multipoint,s3_se,false,1,[1| 1124],8,0.7173810183411696,0.17410793409737904,2.7495201616110236,0.41989918028100337,0.32065981510969127,2.099797250970714,4.3040776895685365e-5
476,multipoint,s3_se,false,26,[26| 1124],9,0.2954204576907956,-5.899708030654788,16.671443183229375,0.4198924221817794,-1.0590618412412403,17.79531362258103,0.011252057438977333
477,multipoint,s3_se,false,26,[26| 1124],9,0.7355885420034742,0.3584438921934124,2.361249457943745,0.41990251632409764,0.3450816204904785,1.6620625230481907,2.50763679405772e-5
478,multipoint,s3_se,false,58,[58| 1124],10,0.31221805010227976,-5.439334039108272,15.519918956069048,0.41981128699033315,-0.9445705168133696,16.497090142129704,0.008291544838751089
479,multipoint,s3_se,false,58,[58| 1124],10,0.7563844608153383,0.5668979196221544,1.923485657995959,0.41993347057847036,0.3729121674900068,1.1685294904125805,1.4062344668101631e-5
480,multipoint,s3_se,false,453,[453| 1501],11,0.7756334218250281,0.7791029233000845,1.5242789589733206,0.4192180112015823,0.3935770985709043,0.7184655681773625,6.684726079332177e-6
481,multipoint,s3_se,false,453,[453| 1501],11,0.010586057632333137,-1.974776573360173,-0.7242611206841116,0.27457522533340717,-171.63010704131233,425.82699762701066,0.0008182330160907297
482,multipoint,s3_se,false,101,[101| 1124],12,0.7809550062799592,0.8105992931051907,1.41333829889391,0.42005304430522,0.40575820030594545,0.5933915432851297,3.3428056765813186e-5
483,multipoint,s3_se,false,101,[101| 1124],12,0.3460818768784153,-4.660567868613411,13.60655944774139,0.41939653012282085,-0.7544385483748215,14.33997682947169,0.0049258432344871225
484,multipoint,s3_se,false,156,[156| 1124],13,0.8127045885218945,1.1218210886158948,0.7642039024068129,0.4204036027927135,0.44782429767231596,0.3213440384168373,6.957700638585791e-5
485,multipoint,s3_se,false,156,[156| 1124],13,0.42357482625842596,-3.302855906513003,10.387799561737204,0.41816325224643125,-0.4213134895930278,10.711160723491773,0.002002977628618935
486,multipoint,s3_se,false,230,[230| 1124],14,1.0064063669152286,2.956221073752115,-3.020296113921962,0.4245497676896068,0.6628288306957332,4.405068899573802,0.00024123584919715662
487,multipoint,s3_se,false,230,[230| 1124],14,0.6574751476432964,-0.44668448792444143,4.066061898911002,0.41787226759355217,0.1982966586626329,3.584060765401355,0.00022475018510467997
488,multipoint,s3_se,false,619,[619| 1501],15,0.7701593242639211,0.7391044377345295,1.5189639275514544,0.4202321597937053,0.3895239552918589,0.7124734245224964,5.473331571578128e-6
489,multipoint,s3_se,false,619,[619| 1501],15,0.013526094869678833,-0.882298295594786,-1.2899889858684144,0.05785217199036798,-241.43223751378366,598.6045483014447,0.0019302360978048158
490,multipoint,s3_se,false,1,[1| 837],16,0.7351335516516427,0.2993705674467731,4.238737483892835,0.41989918028100337,0.34394124198040926,3.7787344801497573,6.966700560346315e-5
491,multipoint,s3_se,false,1,[1| 837],16,0.44869239994273,-9.110359542620415,88.11939926018398,0.41989918028100337,-0.2566594616074544,98.3454332132852,0.17322069322516817
492,multipoint,s3_se,false,26,[26| 837],17,0.7458797533371639,0.4380268719612937,3.1621402643643024,0.41990266214678096,0.35806987592566003,2.5649833871074437,3.9829256488566417e-5
493,multipoint,s3_se,false,26,[26| 837],17,0.45474402027419464,-8.415214169623638,81.55357152621525,0.41989067679355,-0.2383307882440354,90.94314715469588,0.11421341669377086
494,multipoint,s3_se,false,326,[326| 1124],18,-1.0547332803934644,-13.439918149568623,28.71484383232586,0.2995792479834389,2.9367510482433445,31.37299191919488,1.0e15
495,multipoint,s3_se,false,326,[326| 1124],18,0.767746230776267,0.6799198919998047,1.6866817847529012,0.4191118539969251,0.381795542708443,0.9015578182107116,5.5923771257251576e-6
496,multipoint,s3_se,false,58,[58| 837],19,0.46380600540326283,-7.5278476851177265,73.20482893797092,0.419803251602614,-0.2167458771759788,81.5308105275884,0.06627671666979242
497,multipoint,s3_se,false,58,[58| 837],19,0.7574380584193868,0.5835777644420982,2.038795772602785,0.41993365311393593,0.37419305555661786,1.2985296196198255,1.5930270279464318e-5
498,multipoint,s3_se,false,101,[101| 837],20,0.4787216917710448,-6.359502228323689,62.28541799877959,0.41941890754379446,-0.18780837627563227,69.22031341463314,0.0306783970435446
499,multipoint,s3_se,false,101,[101| 837],20,0.7691076522881405,0.727081149833262,0.9379448462313823,0.4200385811750112,0.39166161215652584,0.14360288594433213,6.205495663845241e-6
500,single_point,s3_rq,false,1,,,0.7040464322818352,-32.62223315175618,-68.33995958567809,0.41989918028100337,0.4390290431018328,78.04617766141837,0.003456671102000366
501,single_point,s3_rq,false,1,,,0.7040464322818352,-32.62223315175616,-68.33995958567806,0.41989918028100337,0.4390290431018326,78.04617766141833,0.003456671102000366
502,single_point,s3_rq,false,26,,,0.7156908735951366,-30.566259771330103,-58.13029232675857,0.42144602332264397,0.37630183558920627,66.53584253298598,0.0036118467129667444
503,single_point,s3_rq,false,26,,,0.7156908735951365,-30.56625977133013,-58.130292326758635,0.42144602332264397,0.3763018355892062,66.53584253298607,0.0036118467129667444
504,single_point,s3_rq,false,58,,,0.7268261305413969,-25.73300707391023,-40.58640653324325,0.42117001016413774,0.2994297233472515,46.75694084920321,0.003883162865571807
505,single_point,s3_rq,false,58,,,0.7268261305413968,-25.733007073910244,-40.58640653324335,0.4211700101641378,0.299429723347251,46.756940849203325,0.003883162865571798
506,single_point,s3_rq,false,101,,,0.7358600422411992,-17.542453773380608,-19.082048781988174,0.41857524170219745,0.23758202037639958,22.51302004733729,0.0038084601480318555
507,single_point,s3_rq,false,101,,,0.7358600422411989,-17.54245377338062,-19.082048781988206,0.41857524170219756,0.23758202037639908,22.513020047337324,0.0038084601480318486
508,single_point,s3_rq,false,156,,,0.7390325870960326,-9.283163378922916,-9.424399085351267,0.4156963849743304,0.23515279656711147,11.934232484008147,0.0021025920361209412
509,single_point,s3_rq,false,156,,,0.7390325870960326,-9.283163378922916,-9.424399085351268,0.4156963849743305,0.2351527965671115,11.934232484008147,0.002102592036120941
510,single_point,s3_rq,false,230,,,0.7330400424799626,-4.492358225300962,-26.136742309015407,0.417986991699419,0.3174821300750011,30.466451306669004,0.00051507564005414
511,single_point,s3_rq,false,230,,,0.7330400424799627,-4.492358225300957,-26.13674230901544,0.4179869916994192,0.31748213007500153,30.46645130666904,0.000515075640054139
512,single_point,s3_rq,false,326,,,0.8065313101742179,1.7860847118930716,3.288639303512699,0.42067884491382873,0.4443758909632429,2.7075978619083414,7.071534921106033e-5
513,single_point,s3_rq,false,326,,,0.6289734810035674,-9.93214515352289,-192.18650318431682,0.43131448184548016,0.5337793955861785,217.67024034308548,0.0004453306177462391
514,single_point,s3_rq,false,453,,,0.7905688763943721,1.288312544860274,2.6517904733299185,0.4198241691046692,0.41788488363769566,1.9896172190867174,3.564066905214166e-5
515,single_point,s3_rq,false,453,,,0.6077367247987504,1.9565195152406385,277.8122503699191,0.41088676509022676,0.030243136796770508,312.2043408905514,0.4261450908442483
516,single_point,s3_rq,false,619,,,0.7512531367936295,0.7273826730957104,1.0355824539293512,0.4334208816229815,0.3990809556320781,0.1675112220173069,0.00012594176036360194
517,single_point,s3_rq,false,619,,,0.7512531367936294,0.727382673095705,1.0355824539293588,0.4334208816229822,0.3990809556320779,0.1675112220173154,0.00012594176036361055
518,single_point,s3_rq,false,837,,,0.7719843947422406,0.7619590055369821,0.6713773947193912,0.4219574016916959,0.39992079660635105,0.24309200144375293,1.8089638352499115e-5
519,single_point,s3_rq,false,837,,,-0.1875488895853771,-3.214629670060875,15.634969585985539,-0.02665203877842235,20.58569761756326,49.95469707317638,0.0023908072827534483
520,single_point,s3_rq,false,1124,,,0.7512782176911531,0.5159089188435803,2.030441775861573,0.4239940504660241,0.368395809860628,1.2891113594831713,4.442944714326117e-5
521,single_point,s3_rq,false,1124,,,0.0044442980414567635,-0.287161484418042,-0.5107119294688339,-0.4125776837928972,-1428.9949378527447,3538.116182803823,0.004621621860255046
522,single_point,s3_rq,false,1501,,,0.9429116806778047,1.9997740796788315,1.6875502875581363,0.2820771497327371,0.4080133464196365,1.3554465013884942,0.0018094691422737485
523,single_point,s3_rq,false,1501,,,0.016391867491724697,1.4707518012000076,-2.5253037761949666,-4.722797148812972,-2202.509809227895,5452.756953534393,0.027182371046570963
524,multipoint,s3_rq,false,1,[1| 1501],1,0.6922929944484991,0.1696497409510795,1.4436235711004834,0.41989918028100337,0.2857222994549408,0.800176983567633,0.00017067128617271344
525,multipoint,s3_rq,false,1,[1| 1501],1,0.041239817995261385,-5.950494554282523,1.5350869493785226,0.41989918028100337,-15.485856444895091,39.33132783389874,0.022470310524661013
526,multipoint,s3_rq,false,26,[26| 1501],2,0.7153539035669743,0.33840456018520704,1.4658806476337052,0.41990221422661067,0.31845172023345875,0.652627562157503,0.00011822550459339609
527,multipoint,s3_rq,false,26,[26| 1501],2,0.043557751339447975,-5.78510794394966,1.4585268134050606,0.41988895463984177,-14.621008359362383,37.190614750896984,0.019285253662061307
528,multipoint,s3_rq,false,58,[58| 1501],3,0.7432912116956325,0.5427210666000077,1.4929093200101868,0.41993081653981396,0.3566640191349742,0.6830995716011126,5.405257819978325e-5
529,multipoint,s3_rq,false,58,[58| 1501],3,0.0482281622908477,-5.5289775571382505,1.3452013227423303,0.4197612569746281,-13.200355551659584,33.674147405097976,0.015247425281462675
530,multipoint,s3_rq,false,101,[101| 1501],4,0.7829375293781041,0.8324667574778459,1.5313741607993392,0.420055375934977,0.4080720530212473,0.7264646683194353,3.869528347423075e-5
531,multipoint,s3_rq,false,101,[101| 1501],4,0.061386461780520055,-5.08444503946877,1.173021811944548,0.41904952360826386,-10.37413837214236,26.678560327085048,0.010261828412765243
532,multipoint,s3_rq,false,156,[156| 1501],5,0.9637667647957537,2.151785310901173,1.7079979341090978,0.4212154015025967,0.5952667859538426,1.5344938879872476,0.00040133506737673966
533,multipoint,s3_rq,false,156,[156| 1501],5,0.15907178799729213,-3.8661265434566046,1.0000099387111943,0.416752881943885,-3.422415873912789,9.47132642057621,0.004161439555774522
534,multipoint,s3_rq,false,230,[230| 1501],6,-0.02987806572622843,-4.458074003177915,0.3978453532777259,0.4039990303635844,31.10547007949395,75.99373782052957,0.005032072085058658
535,multipoint,s3_rq,false,230,[230| 1501],6,0.7391211526904078,0.5122317701432031,1.488870650417222,0.41943914272208377,0.3460725717399928,0.6785463928040834,7.924630384605942e-5
536,multipoint,s3_rq,false,326,[326| 1501],7,0.7720292513086063,0.7527682004995011,1.5207792738746817,0.41932156109293495,0.3894512517892597,0.714520038190171,4.823859773937524e-6
537,multipoint,s3_rq,false,326,[326| 1501],7,0.0027806054106553433,-3.206909315752293,-0.10798961769055979,0.3699653464668309,-417.142014512204,1033.529738891594,0.0015386735816505356
538,multipoint,s3_rq,false,1,[1| 1124],8,0.2857774942181412,-6.194726416653747,17.416477052005657,0.41989918028100337,-1.1353773496574122,18.63526161443704,0.013655542146088264
539,multipoint,s3_rq,false,1,[1| 1124],8,0.717381018341201,0.17410793409762634,2.7495201616107052,0.41989918028100337,0.320659815109735,2.0997972509703553,4.304077689563609e-5
540,multipoint,s3_rq,false,26,[26| 1124],9,0.2954204576907864,-5.899708030655288,16.671443183231307,0.41989242218177936,-1.059061841241312,17.79531362258321,0.011252057438980946
541,multipoint,s3_rq,false,26,[26| 1124],9,0.7355885420035397,0.3584438921939977,2.361249457942692,0.4199025163240976,0.34508162049056307,1.6620625230470034,2.507636794051066e-5
542,multipoint,s3_rq,false,58,[58| 1124],10,0.31221805010227693,-5.439334039108537,15.519918956070365,0.41981128699033315,-0.9445705168133838,16.49709014213119,0.008291544838752505
543,multipoint,s3_rq,false,58,[58| 1124],10,0.7563844608153781,0.5668979196224784,1.9234856579954471,0.4199334705784704,0.3729121674900586,1.1685294904120036,1.4062344668124762e-5
544,multipoint,s3_rq,false,453,[453| 1501],11,0.010586057632326607,-1.9747765733603067,-0.7242611206836449,0.2745752253334141,-171.6301070414146,425.8269976272638,0.0008182330160907132
545,multipoint,s3_rq,false,453,[453| 1501],11,0.775633421825,0.7791029232997609,1.5242789589742336,0.4192180112015833,0.3935770985708651,0.7184655681783919,6.684726079313131e-6
546,multipoint,s3_rq,false,101,[101| 1124],12,0.7809550062799848,0.810599293105372,1.41333829889368,0.42005304430522067,0.405758200305981,0.5933915432848703,3.342805676587212e-5
547,multipoint,s3_rq,false,101,[101| 1124],12,0.34608187687841513,-4.660567868613581,13.606559447742375,0.4193965301228214,-0.7544385483748123,14.339976829472802,0.004925843234487538
548,multipoint,s3_rq,false,156,[156| 1124],13,0.8127045885224532,1.12182108862127,0.7642039023957431,0.4204036027927206,0.44782429767303517,0.32134403842316855,6.957700638649627e-5
549,multipoint,s3_rq,false,156,[156| 1124],13,0.4235748262582002,-3.3028559065165473,10.387799561745863,0.41816325224643364,-0.42131348959387604,10.711160723501536,0.002002977628623613
550,multipoint,s3_rq,false,230,[230| 1124],14,1.0064063669150283,2.956221073750194,-3.020296113918053,0.4245497676896015,0.6628288306955428,4.405068899569394,0.00024123584919703397
551,multipoint,s3_rq,false,230,[230| 1124],14,0.6574751476434237,-0.4466844879231717,4.0660618989085355,0.41787226759355306,0.1982966586628683,3.5840607653985743,0.00022475018510432804
552,multipoint,s3_rq,false,619,[619| 1501],15,0.013526094869673206,-0.8822982955946467,-1.2899889858679485,0.05785217199029653,-241.4322375139199,598.6045483017818,0.0019302360978052141
553,multipoint,s3_rq,false,619,[619| 1501],15,0.7701593242639563,0.739104437734671,1.5189639275524218,0.42023215979369294,0.3895239552918644,0.7124734245235872,5.473331571484626e-6
554,multipoint,s3_rq,false,1,[1| 837],16,0.735133551651664,0.29937056744703483,4.238737483892099,0.41989918028100337,0.34394124198043796,3.778734480148928,6.9667005603452e-5
555,multipoint,s3_rq,false,1,[1| 837],16,0.44869239994272797,-9.110359542621005,88.1193992601913,0.41989918028100337,-0.25665946160745867,98.34543321329346,0.17322069322523287
556,multipoint,s3_rq,false,26,[26| 837],17,0.745879753337204,0.4380268719617891,3.162140264361766,0.419902662146781,0.35806987592571066,2.564983387104584,3.982925648850147e-5
557,multipoint,s3_rq,false,26,[26| 837],17,0.4547440202741902,-8.415214169624416,81.5535715262244,0.41989067679354997,-0.23833078824404974,90.9431471547062,0.11421341669383102
558,multipoint,s3_rq,false,326,[326| 1124],18,0.76774623077628,0.6799198919998619,1.6866817847529356,0.41911185399692474,0.38179554270845684,0.9015578182107504,5.592377125716566e-6
559,multipoint,s3_rq,false,326,[326| 1124],18,-1.0547332803935812,-13.439918149569612,28.71484383232904,0.29957924798342883,2.936751048243234,31.372991919198466,1.0e15
560,multipoint,s3_rq,false,58,[58| 837],19,0.46380600540326083,-7.527847685118191,73.20482893797674,0.4198032516026139,-0.21674587717598248,81.53081052759498,0.06627671666981334
561,multipoint,s3_rq,false,58,[58| 837],19,0.7574380584194115,0.5835777644423921,2.0387957726018153,0.4199336531139359,0.3741930555566505,1.298529619618732,1.5930270279449715e-5
562,multipoint,s3_rq,false,101,[101| 837],20,0.47872169177104335,-6.35950222832401,62.28541799878419,0.41941890754379496,-0.18780837627563007,69.22031341463831,0.03067839704355197
563,multipoint,s3_rq,false,101,[101| 837],20,0.7691076522881569,0.727081149833452,0.9379448462312144,0.42003858117501175,0.3916616121565506,0.1436028859441084,6.205495663826428e-6
564,single_point,s3_se_plus_rq,false,1,,,0.7040464322817532,-32.62223315174179,-68.33995958564023,0.4198991802810035,0.4390290431017248,78.04617766137568,0.0034566711020005674
565,single_point,s3_se_plus_rq,false,1,,,0.7040464322817532,-32.622233151741774,-68.33995958564022,0.4198991802810035,0.43902904310172475,78.04617766137567,0.003456671102000566
566,single_point,s3_se_plus_rq,false,26,,,0.7156908735916453,-30.56625976957569,-58.13029232247781,0.42144602332258385,0.37630183558239677,66.53584252815988,0.0036118467129608025
567,single_point,s3_se_plus_rq,false,26,,,0.7156908735916454,-30.566259769575687,-58.13029232247775,0.42144602332258385,0.37630183558239716,66.5358425281598,0.003611846712960807
568,single_point,s3_se_plus_rq,false,58,,,0.7268261305415264,-25.733007073993868,-40.58640653342166,0.4211700101641407,0.2994297233473287,46.75694084940435,0.0038831628655738126
569,single_point,s3_se_plus_rq,false,58,,,0.7268261305415266,-25.733007073993846,-40.58640653342157,0.42117001016414074,0.2994297233473295,46.756940849404245,0.003883162865573817
570,single_point,s3_se_plus_rq,false,101,,,0.7358600422412004,-17.542453773399174,-19.082048782018358,0.4185752417021961,0.23758202037629397,22.513020047371317,0.0038084601480339207
571,single_point,s3_se_plus_rq,false,101,,,0.7358600422412003,-17.54245377339919,-19.082048782018386,0.4185752417021962,0.23758202037629386,22.51302004737135,0.00380846014803392
572,single_point,s3_se_plus_rq,false,156,,,0.7390325870910771,-9.28316339481352,-9.424399098121679,0.41569638496694183,0.235152796356545,11.934232502724996,0.0021025920395770664
573,single_point,s3_se_plus_rq,false,156,,,0.7390325870910771,-9.283163394813526,-9.424399098121699,0.41569638496694183,0.23515279635654487,11.934232502725001,0.0021025920395770677
574,single_point,s3_se_plus_rq,false,230,,,0.7330400424798933,-4.492358225301049,-26.13674230901241,0.41798699169941617,0.3174821300748605,30.466451306665626,0.0005150756400541296
575,single_point,s3_se_plus_rq,false,230,,,0.7330400424798933,-4.492358225301058,-26.136742309012405,0.4179869916994162,0.31748213007485965,30.46645130666562,0.0005150756400541286
576,single_point,s3_se_plus_rq,false,326,,,0.6289734810035842,-9.93214515351753,-192.1865031841201,0.43131448184543864,0.5337793955848515,217.6702403428637,0.0004453306177462337
577,single_point,s3_se_plus_rq,false,326,,,0.806531310173997,1.7860847118812506,3.2886393034671304,0.42067884491382557,0.44437589096296204,2.707597861856968,7.071534920990171e-5
578,single_point,s3_se_plus_rq,false,453,,,0.7905688763943886,1.288312544856403,2.6517904732971975,0.41982416910467457,0.4178848836377791,1.989617219049828,3.56406690515782e-5
579,single_point,s3_se_plus_rq,false,453,,,0.6077367247987521,1.9565195152518342,277.81225037050496,0.41088676509022637,0.030243136796784417,312.20434089121187,0.42614509085374463
580,single_point,s3_se_plus_rq,false,619,,,0.7512531367939409,0.7273826731001743,1.035582453933205,0.43342088162291525,0.3990809556323654,0.16751122202165164,0.00012594176036298405
581,single_point,s3_se_plus_rq,false,619,,,0.7512531367939407,0.7273826731001751,1.0355824539331864,0.43342088162291587,0.3990809556323661,0.16751122202163063,0.00012594176036299
582,single_point,s3_se_plus_rq,false,837,,,-0.18754888958533775,-3.214629670060485,15.634969585982661,-0.026652038778417625,20.58569761756729,49.95469707318636,0.0023908072827534318
583,single_point,s3_se_plus_rq,false,837,,,0.7719843947422672,0.7619590055373119,0.671377394716791,0.42195740169169765,0.3999207966064044,0.2430920014466843,1.8089638352505535e-5
584,single_point,s3_se_plus_rq,false,1124,,,0.75127821769121,0.5159089188442239,2.030441775860001,0.4239940504660004,0.3683958098606862,1.289111359481399,4.442944714299369e-5
585,single_point,s3_se_plus_rq,false,1124,,,0.004444298041471406,-0.2871614844174751,-0.5107119294705533,-0.41257768379308163,-1428.9949378483354,3538.116182792909,0.004621621860256068
586,single_point,s3_se_plus_rq,false,1501,,,0.9429116806778227,1.9997740796790149,1.6875502875576047,0.2820771497327243,0.4080133464196468,1.3554465013887103,0.0018094691422739764
587,single_point,s3_se_plus_rq,false,1501,,,0.016391867491727472,1.4707518012000482,-2.525303776195395,-4.722797148813111,-2202.50980922755,5452.756953533539,0.027182371046571504
588,multipoint,s3_se_plus_rq,false,1,[1| 1501],1,0.6922929944484758,0.16964974095095112,1.4436235711000502,0.4198991802810035,0.28572229945490685,0.8001769835677843,0.000170671286172786
589,multipoint,s3_se_plus_rq,false,1,[1| 1501],1,0.04123981799526338,-5.950494554282498,1.5350869493785628,0.4198991802810035,-15.485856444894281,39.33132783389674,0.022470310524659975
590,multipoint,s3_se_plus_rq,false,26,[26| 1501],2,0.7153539035668288,0.33840456018418424,1.4658806476331414,0.4199022142266108,0.31845172023325613,0.6526275621568675,0.00011822550459374845
591,multipoint,s3_se_plus_rq,false,26,[26| 1501],2,0.043557751339453735,-5.785107943949385,1.4585268134049763,0.4198889546398419,-14.621008359360369,37.190614750892,0.019285253662056037
592,multipoint,s3_se_plus_rq,false,58,[58| 1501],3,0.743291211695648,0.5427210666001651,1.4929093200097625,0.41993081653981407,0.35666401913499757,0.6830995716006342,5.4052578199765326e-5
593,multipoint,s3_se_plus_rq,false,58,[58| 1501],3,0.04822816229084761,-5.528977557138315,1.34520132274238,0.41976125697462796,-13.200355551659547,33.674147405097884,0.015247425281463202
594,multipoint,s3_se_plus_rq,false,101,[101| 1501],4,0.7829375293780952,0.8324667574778252,1.5313741607988702,0.4200553759349769,0.4080720530212376,0.7264646683189067,3.869528347418856e-5
595,multipoint,s3_se_plus_rq,false,101,[101| 1501],4,0.06138646178051926,-5.084445039468804,1.1730218119445492,0.4190495236082639,-10.374138372142506,26.678560327085407,0.01026182841276538
596,multipoint,s3_se_plus_rq,false,156,[156| 1501],5,0.9637667647885074,2.151785310848413,1.7079979341014293,0.4212154015025455,0.5952667859477077,1.5344938879251038,0.00040133506736416867
597,multipoint,s3_se_plus_rq,false,156,[156| 1501],5,0.1590717879983227,-3.8661265434475416,1.0000099387112846,0.41675288194387844,-3.4224158738825943,9.47132642050147,0.004161439555751136
598,multipoint,s3_se_plus_rq,false,230,[230| 1501],6,-0.029878065726227566,-4.458074003177944,0.39784535327769965,0.40399903036358514,31.10547007949464,75.99373782053128,0.005032072085058709
599,multipoint,s3_se_plus_rq,false,230,[230| 1501],6,0.7391211526904022,0.5122317701432041,1.4888706504167804,0.41943914272208416,0.3460725717399893,0.6785463928035855,7.924630384608148e-5
600,multipoint,s3_se_plus_rq,false,326,[326| 1501],7,0.0027806054106580135,-3.2069093157523136,-0.10798961769066115,0.36996534646683266,-417.1420145117965,1033.5297388905853,0.0015386735816505575
601,multipoint,s3_se_plus_rq,false,326,[326| 1501],7,0.7720292513085979,0.7527682004994835,1.5207792738742194,0.41932156109293556,0.3894512517892554,0.7145200381896498,4.823859773947555e-6
602,multipoint,s3_se_plus_rq,false,1,[1| 1124],8,0.28577749421813814,-6.194726416653577,17.416477052004545,0.4198991802810035,-1.1353773496574382,18.635261614435787,0.013655542146087088
603,multipoint,s3_se_plus_rq,false,1,[1| 1124],8,0.7173810183411821,0.17410793409751044,2.7495201616107066,0.4198991802810035,0.3206598151097095,2.0997972509703566,4.304077689567303e-5
604,multipoint,s3_se_plus_rq,false,26,[26| 1124],9,0.2954204576908064,-5.899708030654449,16.67144318322854,0.4198924221817795,-1.0590618412411672,17.79531362258009,0.011252057438975038
605,multipoint,s3_se_plus_rq,false,26,[26| 1124],9,0.7355885420034369,0.3584438921930384,2.3612494579444774,0.41990251632409775,0.345081620490426,1.6620625230490162,2.5076367940616392e-5
606,multipoint,s3_se_plus_rq,false,58,[58| 1124],10,0.3122180501022651,-5.439334039108625,15.51991895606993,0.41981128699033327,-0.9445705168134597,16.4970901421307,0.008291544838753108
607,multipoint,s3_se_plus_rq,false,58,[58| 1124],10,0.7563844608153866,0.566897919622638,1.9234856579948942,0.4199334705784705,0.372912167490073,1.16852949041138,1.4062344668111624e-5
608,multipoint,s3_se_plus_rq,false,453,[453| 1501],11,0.010586057632330009,-1.9747765733601614,-0.7242611206839104,0.2745752253333993,-171.63010704136832,425.8269976271493,0.0008182330160907521
609,multipoint,s3_se_plus_rq,false,453,[453| 1501],11,0.7756334218250369,0.779102923300076,1.5242789589738126,0.4192180112015799,0.393577098570904,0.7184655681779172,6.684726079357108e-6
610,multipoint,s3_se_plus_rq,false,101,[101| 1124],12,0.3460818768784077,-4.66056786861355,13.606559447741711,0.4193965301228214,-0.7544385483748557,14.339976829472052,0.004925843234487586
611,multipoint,s3_se_plus_rq,false,101,[101| 1124],12,0.7809550062799795,0.8105992931053922,1.4133382988934358,0.42005304430522067,0.4057582003059752,0.593391543284595,3.342805676584143e-5
612,multipoint,s3_se_plus_rq,false,156,[156| 1124],13,0.42357482625876414,-3.302855906507863,10.387799561725297,0.4181632522464251,-0.42131348959180404,10.711160723478349,0.002002977628612326
613,multipoint,s3_se_plus_rq,false,156,[156| 1124],13,0.8127045885211323,1.1218210886084714,0.7642039024222119,0.420403602792701,0.44782429767130333,0.32134403840809356,6.957700638491915e-5
614,multipoint,s3_se_plus_rq,false,230,[230| 1124],14,0.6574751476434175,-0.44668448792315235,4.0660618989082025,0.41787226759355345,0.19829665866286164,3.584060765398199,0.00022475018510436225
615,multipoint,s3_se_plus_rq,false,230,[230| 1124],14,1.0064063669150376,2.9562210737503443,-3.0202961139184055,0.42454976768960206,0.6628288306955549,4.405068899569792,0.00024123584919702803
616,multipoint,s3_se_plus_rq,false,619,[619| 1501],15,0.013526094869676169,-0.8822982955945666,-1.289988985868249,0.05785217199028846,-241.4322375138716,598.6045483016624,0.0019302360978052555
617,multipoint,s3_se_plus_rq,false,619,[619| 1501],15,0.7701593242639698,0.7391044377348123,1.5189639275519826,0.42023215979369277,0.3895239552918824,0.712473424523092,5.473331571485189e-6
618,multipoint,s3_se_plus_rq,false,1,[1| 837],16,0.44869239994272925,-9.110359542620591,88.11939926018744,0.4198991802810035,-0.2566594616074543,98.3454332132891,0.1732206932251977
619,multipoint,s3_se_plus_rq,false,1,[1| 837],16,0.7351335516516561,0.29937056744694157,4.2387374838927485,0.4198991802810035,0.34394124198042797,3.77873448014966,6.966700560346844e-5
620,multipoint,s3_se_plus_rq,false,26,[26| 837],17,0.4547440202742019,-8.415214169622937,81.55357152621052,0.41989067679355013,-0.2383307882440178,90.94314715469055,0.11421341669373442
621,multipoint,s3_se_plus_rq,false,26,[26| 837],17,0.7458797533371502,0.43802687196111356,3.162140264366914,0.41990266214678107,0.3580698759256383,2.564983387110388,3.982925648862398e-5
622,multipoint,s3_se_plus_rq,false,326,[326| 1124],18,0.7677462307762695,0.67991989199983,1.686681784752794,0.4191118539969253,0.38179554270844807,0.9015578182105907,5.592377125721615e-6
623,multipoint,s3_se_plus_rq,false,326,[326| 1124],18,-1.0547332803934595,-13.439918149568545,28.71484383232573,0.29957924798344004,2.9367510482433463,31.372991919194735,1.0e15
624,multipoint,s3_se_plus_rq,false,58,[58| 837],19,0.7574380584194191,0.5835777644424963,2.0387957726009307,0.41993365311393605,0.37419305555666377,1.2985296196177347,1.5930270279442414e-5
625,multipoint,s3_se_plus_rq,false,58,[58| 837],19,0.46380600540325784,-7.5278476851182505,73.20482893797754,0.41980325160261406,-0.21674587717598665,81.53081052759588,0.06627671666981885
626,multipoint,s3_se_plus_rq,false,101,[101| 837],20,0.7691076522881581,0.7270811498334735,0.9379448462309662,0.4200385811750118,0.3916616121565528,0.14360288594408302,6.205495663829509e-6
627,multipoint,s3_se_plus_rq,false,101,[101| 837],20,0.47872169177104257,-6.359502228323918,62.285417998783196,0.4194189075437949,-0.1878083762756319,69.2203134146372,0.030678397043551093
628,single_point,s3_se_times_rq,false,1,,,0.7040464322818062,-32.622233151733354,-68.33995958562046,0.4198991802810034,0.43902904310171553,78.0461776613534,0.003456671102000199
629,single_point,s3_se_times_rq,false,1,,,0.7040464322818063,-32.62223315173336,-68.33995958562056,0.4198991802810034,0.4390290431017155,78.04617766135351,0.003456671102000192
630,single_point,s3_se_times_rq,false,26,,,0.7156908735721113,-30.566259763189496,-58.13029230644817,0.42144602332244346,0.3763018355529862,66.53584251008813,0.0036118467129911086
631,single_point,s3_se_times_rq,false,26,,,0.7156908735721111,-30.566259763189496,-58.13029230644819,0.4214460233224435,0.376301835552986,66.53584251008814,0.003611846712991103
632,single_point,s3_se_times_rq,false,58,,,0.7268261305414278,-25.733007073993218,-40.58640653342077,0.42117001016414135,0.29942972334720336,46.75694084940335,0.0038831628655739306
633,single_point,s3_se_times_rq,false,58,,,0.7268261305414276,-25.733007073993235,-40.58640653342082,0.42117001016414135,0.29942972334720325,46.756940849403406,0.0038831628655739284
634,single_point,s3_se_times_rq,false,101,,,0.7358600422416285,-17.542453772609125,-19.08204878072562,0.41857524170225757,0.2375820203815496,22.51302004591389,0.0038084601479469425
635,single_point,s3_se_times_rq,false,101,,,0.7358600422416285,-17.542453772609125,-19.08204878072561,0.41857524170225757,0.23758202038154982,22.51302004591388,0.0038084601479469434
636,single_point,s3_se_times_rq,false,156,,,0.7390325870275624,-9.283163430161835,-9.424399126343019,0.41569638495016725,0.23515279580438744,11.93423254436023,0.002102592047197903
637,single_point,s3_se_times_rq,false,156,,,0.7390325870275624,-9.283163430161842,-9.424399126343026,0.4156963849501672,0.23515279580438747,11.934232544360238,0.0021025920471979018
638,single_point,s3_se_times_rq,false,230,,,0.733040042480042,-4.49235822528028,-26.13674230903989,0.41798699169946346,0.31748213007581505,30.466451306696605,0.0005150756400511869
639,single_point,s3_se_times_rq,false,230,,,0.733040042480042,-4.492358225280278,-26.13674230903988,0.41798699169946335,0.3174821300758148,30.466451306696598,0.0005150756400511853
640,single_point,s3_se_times_rq,false,326,,,0.8065313101741879,1.7860847118912593,3.288639303505886,0.42067884491382784,0.44437589096320135,2.707597861900661,7.071534921087166e-5
641,single_point,s3_se_times_rq,false,326,,,0.6289734810035743,-9.932145153522937,-192.18650318429235,0.43131448184547394,0.5337793955859971,217.67024034305788,0.0004453306177462505
642,single_point,s3_se_times_rq,false,453,,,0.6077367247988616,1.9565195150467942,277.81225035899195,0.4108867650901832,0.030243136796617533,312.2043408782322,0.4261450907505134
643,single_point,s3_se_times_rq,false,453,,,0.7905688763872726,1.288312544701775,2.6517904735545224,0.4198241691041536,0.417884883624494,1.989617219339935,3.5640669045084705e-5
644,single_point,s3_se_times_rq,false,619,,,0.751253136792445,0.7273826730916806,1.0355824538257743,0.4334208816239267,0.39908095563321877,0.16751122190053472,0.000125941760371969
645,single_point,s3_se_times_rq,false,619,,,0.751253136792445,0.7273826730916816,1.0355824538257739,0.43342088162392706,0.3990809556332189,0.16751122190053422,0.00012594176037197268
646,single_point,s3_se_times_rq,false,837,,,0.7719843947422445,0.7619590055370712,0.6713773947182282,0.4219574016916999,0.39992079660637214,0.24309200144506402,1.8089638352531617e-5
647,single_point,s3_se_times_rq,false,837,,,-0.18754888958536697,-3.214629670060844,15.63496958598458,-0.02665203877840093,20.585697617563664,49.954697073177385,0.002390807282753331
648,single_point,s3_se_times_rq,false,1124,,,0.004444298041467556,-0.28716148441747774,-0.5107119294701131,-0.41257768379311366,-1428.9949378496196,3538.116182796088,0.004621621860256249
649,single_point,s3_se_times_rq,false,1124,,,0.7512782176912098,0.5159089188441891,2.030441775860593,0.4239940504660041,0.36839580986067894,1.2891113594820662,4.442944714304916e-5
650,single_point,s3_se_times_rq,false,1501,,,0.0163918674917272,1.4707518011998149,-2.525303776195261,-4.72279714881144,-2202.509809226942,5452.756953532034,0.02718237104656361
651,single_point,s3_se_times_rq,false,1501,,,0.9429116806777844,1.999774079678729,1.68755028755757,0.28207714973287146,0.40801334641968734,1.3554465013883736,0.0018094691422712473
652,multipoint,s3_se_times_rq,false,1,[1| 1501],1,0.6922929944484963,0.16964974095109112,1.4436235711000909,0.4198991802810034,0.28572229945493743,0.8001769835676195,0.00017067128617273214
653,multipoint,s3_se_times_rq,false,1,[1| 1501],1,0.04123981799526478,-5.950494554282547,1.5350869493786639,0.4198991802810034,-15.485856444893704,39.3313278338953,0.022470310524660683
654,multipoint,s3_se_times_rq,false,26,[26| 1501],2,0.7153539035666454,0.3384045601828353,1.4658806476329833,0.41990221422661067,0.31845172023300555,0.6526275621566892,0.00011822550459414833
655,multipoint,s3_se_times_rq,false,26,[26| 1501],2,0.04355775133946177,-5.785107943949008,1.4585268134048803,0.41988895463984177,-14.621008359357473,37.19061475088483,0.01928525366204889
656,multipoint,s3_se_times_rq,false,58,[58| 1501],3,0.7432912116956131,0.5427210665999035,1.4929093200097463,0.419930816539814,0.3566640191349514,0.6830995716006159,5.405257819983896e-5
657,multipoint,s3_se_times_rq,false,58,[58| 1501],3,0.048228162290851466,-5.5289775571382505,1.3452013227424293,0.4197612569746281,-13.200355551658427,33.67414740509511,0.015247425281462142
658,multipoint,s3_se_times_rq,false,101,[101| 1501],4,0.7829375293780766,0.8324667574776817,1.531374160798866,0.42005537593497677,0.4080720530212141,0.7264646683189019,3.869528347414952e-5
659,multipoint,s3_se_times_rq,false,101,[101| 1501],4,0.06138646178052373,-5.084445039468769,1.1730218119446134,0.4190495236082672,-10.374138372141696,26.678560327083403,0.010261828412765062
660,multipoint,s3_se_times_rq,false,156,[156| 1501],5,0.9637667647897571,2.1517853108575156,1.7079979341026565,0.42121540150255493,0.5952667859487707,1.5344938879358252,0.0004013350673663481
661,multipoint,s3_se_times_rq,false,156,[156| 1501],5,0.15907178799814248,-3.86612654344915,1.0000099387113155,0.41675288194388005,-3.4224158738878443,9.471326420514465,0.004161439555755211
662,multipoint,s3_se_times_rq,false,230,[230| 1501],6,0.7391211526903758,0.5122317701430043,1.488870650416772,0.4194391427220833,0.3460725717399489,0.678546392803576,7.924630384615084e-5
663,multipoint,s3_se_times_rq,false,230,[230| 1501],6,-0.02987806572623387,-4.458074003178023,0.39784535327776793,0.40399903036358364,31.105470079488388,75.9937378205158,0.005032072085059008
664,multipoint,s3_se_times_rq,false,326,[326| 1501],7,0.7720292513086178,0.7527682004996217,1.5207792738742545,0.41932156109293506,0.38945125178927714,0.7145200381896893,4.823859773930285e-6
665,multipoint,s3_se_times_rq,false,326,[326| 1501],7,0.0027806054106571934,-3.206909315752287,-0.10798961769063237,0.3699653464668302,-417.1420145119271,1033.5297388909084,0.0015386735816505113
666,multipoint,s3_se_times_rq,false,1,[1| 1124],8,0.28577749421813564,-6.194726416653676,17.416477052005003,0.4198991802810034,-1.135377349657457,18.635261614436306,0.013655542146088183
667,multipoint,s3_se_times_rq,false,1,[1| 1124],8,0.7173810183412024,0.17410793409768602,2.749520161610835,0.4198991802810034,0.3206598151097375,2.0997972509705014,4.304077689564185e-5
668,multipoint,s3_se_times_rq,false,26,[26| 1124],9,0.295420457690842,-5.8997080306534295,16.671443183226188,0.4198924221817794,-1.059061841240889,17.79531362257744,0.01125205743896753
669,multipoint,s3_se_times_rq,false,26,[26| 1124],9,0.7355885420033155,0.3584438921917829,2.3612494579476335,0.4199025163240977,0.3450816204902679,1.6620625230525743,2.5076367940719666e-5
670,multipoint,s3_se_times_rq,false,58,[58| 1124],10,0.312218050102274,-5.439334039108418,15.51991895606967,0.41981128699033315,-0.9445705168134017,16.497090142130407,0.008291544838752146
671,multipoint,s3_se_times_rq,false,58,[58| 1124],10,0.7563844608153717,0.5668979196224551,1.923485657995791,0.41993347057847047,0.3729121674900524,1.1685294904123913,1.4062344668126017e-5
672,multipoint,s3_se_times_rq,false,453,[453| 1501],11,0.7756334218249797,0.7791029232996499,1.5242789589737715,0.41921801120158597,0.3935770985708517,0.7184655681778709,6.684726079276916e-6
673,multipoint,s3_se_times_rq,false,453,[453| 1501],11,0.010586057632328574,-1.974776573360393,-0.7242611206837554,0.2745752253334246,-171.63010704137525,425.8269976271664,0.0008182330160906839
674,multipoint,s3_se_times_rq,false,101,[101| 1124],12,0.34608187687841374,-4.660567868613456,13.606559447741763,0.4193965301228213,-0.7544385483748225,14.33997682947211,0.004925843234487353
675,multipoint,s3_se_times_rq,false,101,[101| 1124],12,0.78095500627998,0.8105992931053656,1.4133382988940233,0.4200530443052205,0.4057582003059743,0.5933915432852573,3.342805676586448e-5
676,multipoint,s3_se_times_rq,false,156,[156| 1124],13,0.4235748262586643,-3.302855906509409,10.387799561729206,0.4181632522464271,-0.4213134895921609,10.711160723482758,0.0020029776286143186
677,multipoint,s3_se_times_rq,false,156,[156| 1124],13,0.8127045885213797,1.1218210886108486,0.7642039024178073,0.4204036027927049,0.4478242976716305,0.3213440384108936,6.957700638524921e-5
678,multipoint,s3_se_times_rq,false,230,[230| 1124],14,0.6574751476433615,-0.4466844879237781,4.066061898910015,0.41787226759355217,0.19829665866274948,3.5840607654002428,0.00022475018510451493
679,multipoint,s3_se_times_rq,false,230,[230| 1124],14,1.0064063669152021,2.95622107375183,-3.0202961139208178,0.42454976768960534,0.6628288306956999,4.405068899572512,0.00024123584919714833
680,multipoint,s3_se_times_rq,false,619,[619| 1501],15,0.7701593242639535,0.7391044377346859,1.5189639275519817,0.4202321597936975,0.3895239552918737,0.712473424523091,5.473331571522319e-6
681,multipoint,s3_se_times_rq,false,619,[619| 1501],15,0.013526094869675636,-0.8822982955946672,-1.2899889858681683,0.0578521719903152,-241.4322375138679,598.6045483016532,0.0019302360978051055
682,multipoint,s3_se_times_rq,false,1,[1| 837],16,0.7351335516516599,0.29937056744702545,4.238737483891618,0.4198991802810034,0.34394124198043374,3.7787344801483855,6.966700560342581e-5
683,multipoint,s3_se_times_rq,false,1,[1| 837],16,0.44869239994272536,-9.110359542620856,88.119399260188,0.4198991802810034,-0.25665946160746633,98.34543321328974,0.17322069322521375
684,multipoint,s3_se_times_rq,false,26,[26| 837],17,0.7458797533370752,0.43802687196019263,3.1621402643736007,0.41990266214678096,0.3580698759255425,2.5649833871179264,3.982925648880326e-5
685,multipoint,s3_se_times_rq,false,26,[26| 837],17,0.4547440202742144,-8.415214169621402,81.55357152619433,0.41989067679355,-0.23833078824397874,90.9431471546723,0.11421341669361948
686,multipoint,s3_se_times_rq,false,326,[326| 1124],18,-1.0547332803933396,-13.439918149567443,28.71484383232336,0.29957924798344615,2.9367510482434893,31.372991919192064,1.0e15
687,multipoint,s3_se_times_rq,false,326,[326| 1124],18,0.7677462307762899,0.6799198920000028,1.6866817847529603,0.4191118539969247,0.3817955427084709,0.9015578182107782,5.592377125712833e-6
688,multipoint,s3_se_times_rq,false,58,[58| 837],19,0.46380600540325884,-7.527847685118016,73.20482893797359,0.419803251602614,-0.21674587717598626,81.53081052759141,0.06627671666980463
689,multipoint,s3_se_times_rq,false,58,[58| 837],19,0.7574380584194024,0.5835777644423217,2.038795772601821,0.41993365311393593,0.3741930555566411,1.2985296196187386,1.593027027945067e-5
690,multipoint,s3_se_times_rq,false,101,[101| 837],20,0.4787216917710425,-6.35950222832378,62.28541799878071,0.4194189075437948,-0.18780837627563365,69.22031341463439,0.03067839704354713
691,multipoint,s3_se_times_rq,false,101,[101| 837],20,0.7691076522881478,0.7270811498333839,0.9379448462312459,0.42003858117501164,0.39166161215653866,0.14360288594418855,6.20549566384432e-6
692,multipoint,fhd,false,58,[58| 837],19,-1607.2232179472774,16616.827991258797,20703.506566129065,-0.9982347085933956,1.3121909423855362,23340.0446066844,1.0e15
693,multipoint,fhd,false,101,[101| 837],20,-1607.1433754406087,16357.496278389734,18120.180643696043,0.5540697191600344,1.3089315510929296,20427.61402896961,1.0e15
694,single_point,aaad,false,1501,,,-0.06831332597157996,12.371190991977116,33.33465973780465,0.42008899614491235,11.256479191247667,36.58135257926116,0.009459737334917551
695,single_point,aaad,false,230,,,13.635246876416147,101.09398052216349,-107.49337209802322,0.42008899614491235,1.2350109407925334,122.18756719055605,0.0012809712694123684
696,single_point,aaad_gpr,false,453,,,6.353685272846762,68.51657053234537,-185.11358235392228,0.42008899614491235,1.177757419451646,209.6962597000251,0.001922103790568355
697,single_point,aaad_gpr,false,619,,,0.241299124738746,27.391627612111556,-105.3020182423466,0.42008899614491235,-1.5380296523482904,119.71704424165344,0.0015214280867429846
698,single_point,agp_robust,false,453,,,6.353598153233594,68.51554715746796,-185.11085147942828,0.42008899614491235,1.1777559493855037,209.69318092381994,0.0019220985774355212
699,single_point,agp_robust,false,619,,,0.2412988232766498,27.39138758689392,-105.30113406965214,0.42008899614491235,-1.5380331792076596,119.71604742914559,0.0015214309336208285
700,single_point,agp_robust_rq,false,453,,,4.881561949992162,51.22565719798584,-138.8059636325822,0.42008899614491235,1.1454259034783894,157.48924874022796,0.0018118758925196109
701,single_point,agp_robust_rq,false,619,,,0.23469753272164395,22.92406515449764,-88.78973484576093,0.42008899614491235,-1.6174351897311925,101.1011666806775,0.0015838950815144483
702,single_point,agp_robust_se_plus_rq,false,326,,,14.795672459006349,144.3751047366245,-288.51397188035725,0.42008899614491235,1.238929135009636,326.26941587413444,0.0016954350933587146
703,single_point,agp_robust_se_plus_rq,false,453,,,3.380879503986084,33.53723649679811,-91.45581543442731,0.42008899614491235,1.0834865477749864,104.1068945145742,0.0016216455497406303
704,single_point,agp_robust_se_plus_rq,false,619,,,0.2218202670917566,17.086294920149406,-67.2663403192294,0.42008899614491235,-1.7859275775979584,76.8357838999204,0.0017115361884527292
705,single_point,agp_robust_se_times_rq,false,453,,,4.87619830506796,51.16260969375623,-138.6371722914957,0.42008899614491235,1.1452724113055346,157.29895410540664,0.0018113742974627714
706,single_point,agp_robust_se_times_rq,false,619,,,0.23466674912231586,22.906487248737506,-88.72465826796574,0.42008899614491235,-1.6178159272675547,101.02779962566599,0.0015841913424814468
707,single_point,fhd,false,156,,,1216.2730784612188,26874.572650991875,28809.252503121686,0.42008899614491235,1.2844086876922474,32478.42785019356,0.0014238170070498884
708,single_point,fhd,false,230,,,1214.9093041823953,27093.524653664877,18464.034642398914,0.42008899614491235,1.2844080590060554,31911.27874401046,0.0020001978740777234
